ISO-10303-21;
HEADER;
/* Generated by software containing ST-Developer
 * from STEP Tools, Inc. (www.steptools.com) 
 */

FILE_DESCRIPTION(
/* description */ (''),
/* implementation_level */ '2;1');

FILE_NAME(
/* name */ 
'C:/Users/anton/Documents/Kerbal Space Program/Kerbal_Control_Panel/KC
P2/CAD/ForManufacture/casing/Panel_TopPlate_v96_Folded.step',
/* time_stamp */ '2020-11-17T20:07:53-08:00',
/* author */ (''),
/* organization */ (''),
/* preprocessor_version */ 'ST-DEVELOPER v18.1',
/* originating_system */ 'Autodesk Translation Framework v9.3.0.1241',
/* authorisation */ '');

FILE_SCHEMA (('AUTOMOTIVE_DESIGN { 1 0 10303 214 3 1 1 }'));
ENDSEC;

DATA;
#10=MECHANICAL_DESIGN_GEOMETRIC_PRESENTATION_REPRESENTATION('',(#389,#390,
#391,#392,#393,#394,#395,#396,#397,#398,#399,#400,#401,#402,#403,#404,#405,
#406,#407,#408,#409,#410,#411,#412,#413,#414,#415,#416,#417,#418,#419,#420,
#421,#422,#423,#424,#425,#426,#427,#428,#429,#430,#431,#432,#433,#434,#435,
#436,#437,#438,#439,#440,#441,#442,#443,#444,#445,#446,#447,#448,#449,#450,
#451,#452,#453,#454,#455,#456,#457,#458,#459,#460,#461,#462,#463,#464,#465,
#466,#467,#468,#469,#470,#471,#472,#473,#474,#475,#476,#477,#478,#479,#480,
#481,#482,#483),#12980);
#11=CONTEXT_DEPENDENT_OVER_RIDING_STYLED_ITEM('',(#13005),#12991,#483,(#15));
#12=MAPPED_ITEM('',#13,#7999);
#13=REPRESENTATION_MAP(#7999,#12990);
#14=ITEM_DEFINED_TRANSFORMATION($,$,#7434,#7998);
#15=(
REPRESENTATION_RELATIONSHIP($,$,#12991,#12990)
REPRESENTATION_RELATIONSHIP_WITH_TRANSFORMATION(#14)
SHAPE_REPRESENTATION_RELATIONSHIP()
);
#16=CONTEXT_DEPENDENT_SHAPE_REPRESENTATION(#15,#12989);
#17=NEXT_ASSEMBLY_USAGE_OCCURRENCE('Labels:1','Labels:1','Labels:1',#12993,
#12994,'Labels:1');
#18=CONICAL_SURFACE('',#7709,3.23225,0.715584993317675);
#19=CONICAL_SURFACE('',#7714,3.23225,0.715584993317675);
#20=CONICAL_SURFACE('',#7719,3.23225,0.715584993317675);
#21=CONICAL_SURFACE('',#7724,3.23225,0.715584993317675);
#22=CONICAL_SURFACE('',#7729,3.23225,0.715584993317675);
#23=CONICAL_SURFACE('',#7734,3.23225,0.715584993317675);
#24=CONICAL_SURFACE('',#7739,3.23225,0.715584993317675);
#25=CONICAL_SURFACE('',#7744,3.23225,0.715584993317675);
#26=CONICAL_SURFACE('',#7749,3.23225,0.715584993317675);
#27=CONICAL_SURFACE('',#7754,3.23225,0.715584993317675);
#28=CONICAL_SURFACE('',#7914,2.425,0.785398163397448);
#29=CONICAL_SURFACE('',#7919,2.425,0.785398163397448);
#30=CONICAL_SURFACE('',#7924,2.425,0.785398163397448);
#31=CONICAL_SURFACE('',#7929,2.425,0.785398163397448);
#32=CONICAL_SURFACE('',#7934,2.425,0.785398163397448);
#33=CONICAL_SURFACE('',#7939,2.425,0.785398163397448);
#34=CONICAL_SURFACE('',#7944,2.425,0.785398163397448);
#35=CONICAL_SURFACE('',#7949,2.425,0.785398163397448);
#36=CONICAL_SURFACE('',#7954,2.425,0.785398163397448);
#37=CONICAL_SURFACE('',#7959,2.425,0.785398163397448);
#38=CONICAL_SURFACE('',#7964,2.425,0.785398163397448);
#39=CONICAL_SURFACE('',#7969,2.425,0.785398163397448);
#40=CONICAL_SURFACE('',#7974,2.425,0.785398163397448);
#41=CONICAL_SURFACE('',#7979,2.425,0.785398163397448);
#42=CONICAL_SURFACE('',#7984,2.425,0.785398163397448);
#43=CONICAL_SURFACE('',#7989,2.425,0.785398163397448);
#44=CIRCLE('',#7550,1.);
#45=CIRCLE('',#7551,1.);
#46=CIRCLE('',#7554,1.);
#47=CIRCLE('',#7555,1.);
#48=CIRCLE('',#7558,1.);
#49=CIRCLE('',#7559,1.);
#50=CIRCLE('',#7562,1.);
#51=CIRCLE('',#7563,1.);
#52=CIRCLE('',#7566,1.);
#53=CIRCLE('',#7567,1.);
#54=CIRCLE('',#7570,1.);
#55=CIRCLE('',#7571,1.);
#56=CIRCLE('',#7574,1.);
#57=CIRCLE('',#7575,1.);
#58=CIRCLE('',#7578,1.);
#59=CIRCLE('',#7579,1.);
#60=CIRCLE('',#7582,1.);
#61=CIRCLE('',#7583,1.);
#62=CIRCLE('',#7586,1.);
#63=CIRCLE('',#7587,1.);
#64=CIRCLE('',#7590,1.);
#65=CIRCLE('',#7591,1.);
#66=CIRCLE('',#7594,1.);
#67=CIRCLE('',#7595,1.);
#68=CIRCLE('',#7598,4.5);
#69=CIRCLE('',#7599,4.5);
#70=CIRCLE('',#7602,4.5);
#71=CIRCLE('',#7603,4.5);
#72=CIRCLE('',#7606,4.5);
#73=CIRCLE('',#7607,4.5);
#74=CIRCLE('',#7610,4.5);
#75=CIRCLE('',#7611,4.5);
#76=CIRCLE('',#7614,4.5);
#77=CIRCLE('',#7615,4.5);
#78=CIRCLE('',#7618,4.5);
#79=CIRCLE('',#7619,4.5);
#80=CIRCLE('',#7622,4.5);
#81=CIRCLE('',#7623,4.5);
#82=CIRCLE('',#7626,4.5);
#83=CIRCLE('',#7627,4.5);
#84=CIRCLE('',#7630,4.5);
#85=CIRCLE('',#7631,4.5);
#86=CIRCLE('',#7634,4.5);
#87=CIRCLE('',#7635,4.5);
#88=CIRCLE('',#7638,4.5);
#89=CIRCLE('',#7639,4.5);
#90=CIRCLE('',#7642,4.5);
#91=CIRCLE('',#7643,4.5);
#92=CIRCLE('',#7646,4.5);
#93=CIRCLE('',#7647,4.5);
#94=CIRCLE('',#7650,4.5);
#95=CIRCLE('',#7651,4.5);
#96=CIRCLE('',#7654,4.5);
#97=CIRCLE('',#7655,4.5);
#98=CIRCLE('',#7658,4.5);
#99=CIRCLE('',#7659,4.5);
#100=CIRCLE('',#7662,4.5);
#101=CIRCLE('',#7663,4.5);
#102=CIRCLE('',#7666,4.5);
#103=CIRCLE('',#7667,4.5);
#104=CIRCLE('',#7670,4.5);
#105=CIRCLE('',#7671,4.5);
#106=CIRCLE('',#7674,4.5);
#107=CIRCLE('',#7675,4.5);
#108=CIRCLE('',#7678,4.5);
#109=CIRCLE('',#7679,4.5);
#110=CIRCLE('',#7682,4.5);
#111=CIRCLE('',#7683,4.5);
#112=CIRCLE('',#7686,4.5);
#113=CIRCLE('',#7687,4.5);
#114=CIRCLE('',#7690,4.5);
#115=CIRCLE('',#7691,4.5);
#116=CIRCLE('',#7694,4.5);
#117=CIRCLE('',#7695,4.5);
#118=CIRCLE('',#7698,4.5);
#119=CIRCLE('',#7699,4.5);
#120=CIRCLE('',#7702,4.5);
#121=CIRCLE('',#7703,4.5);
#122=CIRCLE('',#7706,4.5);
#123=CIRCLE('',#7707,4.5);
#124=CIRCLE('',#7710,4.21650000000001);
#125=CIRCLE('',#7711,2.248);
#126=CIRCLE('',#7713,2.248);
#127=CIRCLE('',#7715,4.2165);
#128=CIRCLE('',#7716,2.248);
#129=CIRCLE('',#7718,2.248);
#130=CIRCLE('',#7720,4.2165);
#131=CIRCLE('',#7721,2.248);
#132=CIRCLE('',#7723,2.248);
#133=CIRCLE('',#7725,4.2165);
#134=CIRCLE('',#7726,2.248);
#135=CIRCLE('',#7728,2.248);
#136=CIRCLE('',#7730,4.21650000000001);
#137=CIRCLE('',#7731,2.248);
#138=CIRCLE('',#7733,2.248);
#139=CIRCLE('',#7735,4.21649999999883);
#140=CIRCLE('',#7736,2.248);
#141=CIRCLE('',#7738,2.248);
#142=CIRCLE('',#7740,4.21649999999883);
#143=CIRCLE('',#7741,2.248);
#144=CIRCLE('',#7743,2.248);
#145=CIRCLE('',#7745,4.21649999999885);
#146=CIRCLE('',#7746,2.248);
#147=CIRCLE('',#7748,2.248);
#148=CIRCLE('',#7750,4.21649999999884);
#149=CIRCLE('',#7751,2.248);
#150=CIRCLE('',#7753,2.248);
#151=CIRCLE('',#7755,4.21649999999885);
#152=CIRCLE('',#7756,2.248);
#153=CIRCLE('',#7758,2.248);
#154=CIRCLE('',#7760,2.);
#155=CIRCLE('',#7761,2.);
#156=CIRCLE('',#7764,2.);
#157=CIRCLE('',#7765,2.);
#158=CIRCLE('',#7768,2.);
#159=CIRCLE('',#7769,2.);
#160=CIRCLE('',#7772,2.);
#161=CIRCLE('',#7773,2.);
#162=CIRCLE('',#7776,2.);
#163=CIRCLE('',#7777,2.);
#164=CIRCLE('',#7780,2.);
#165=CIRCLE('',#7781,2.);
#166=CIRCLE('',#7784,2.);
#167=CIRCLE('',#7785,2.);
#168=CIRCLE('',#7788,2.);
#169=CIRCLE('',#7789,2.);
#170=CIRCLE('',#7792,6.00000000000001);
#171=CIRCLE('',#7793,6.00000000000001);
#172=CIRCLE('',#7795,6.00000000000001);
#173=CIRCLE('',#7796,6.00000000000001);
#174=CIRCLE('',#7798,4.12500000000001);
#175=CIRCLE('',#7799,4.12500000000001);
#176=CIRCLE('',#7801,1.25);
#177=CIRCLE('',#7802,1.25);
#178=CIRCLE('',#7805,6.99999999999999);
#179=CIRCLE('',#7806,6.99999999999999);
#180=CIRCLE('',#7809,7.);
#181=CIRCLE('',#7810,7.);
#182=CIRCLE('',#7813,6.99999999999992);
#183=CIRCLE('',#7814,6.99999999999992);
#184=CIRCLE('',#7817,6.99999999999992);
#185=CIRCLE('',#7818,6.99999999999992);
#186=CIRCLE('',#7820,1.25);
#187=CIRCLE('',#7821,1.25);
#188=CIRCLE('',#7823,4.12500000000001);
#189=CIRCLE('',#7824,4.12500000000001);
#190=CIRCLE('',#7826,6.00000000000001);
#191=CIRCLE('',#7827,6.00000000000001);
#192=CIRCLE('',#7829,6.00000000000001);
#193=CIRCLE('',#7830,6.00000000000001);
#194=CIRCLE('',#7832,4.12500000000001);
#195=CIRCLE('',#7833,4.12500000000001);
#196=CIRCLE('',#7835,1.25);
#197=CIRCLE('',#7836,1.25);
#198=CIRCLE('',#7838,20.5);
#199=CIRCLE('',#7839,20.5);
#200=CIRCLE('',#7841,1.25);
#201=CIRCLE('',#7842,1.25);
#202=CIRCLE('',#7844,6.00000000000001);
#203=CIRCLE('',#7845,6.00000000000001);
#204=CIRCLE('',#7847,8.00000000000001);
#205=CIRCLE('',#7848,8.00000000000001);
#206=CIRCLE('',#7850,7.99999999999997);
#207=CIRCLE('',#7851,7.99999999999997);
#208=CIRCLE('',#7853,8.00000000000001);
#209=CIRCLE('',#7854,8.00000000000001);
#210=CIRCLE('',#7856,8.00000000000001);
#211=CIRCLE('',#7857,8.00000000000001);
#212=CIRCLE('',#7859,6.);
#213=CIRCLE('',#7860,6.);
#214=CIRCLE('',#7863,6.);
#215=CIRCLE('',#7865,6.);
#216=CIRCLE('',#7868,5.99999999999996);
#217=CIRCLE('',#7869,6.0000000000001);
#218=CIRCLE('',#7873,2.99999999999995);
#219=CIRCLE('',#7875,3.00000000000011);
#220=CIRCLE('',#7881,6.00000000000003);
#221=CIRCLE('',#7882,6.00000000000005);
#222=CIRCLE('',#7885,3.00000000000002);
#223=CIRCLE('',#7887,3.00000000000004);
#224=CIRCLE('',#7892,5.99999999999996);
#225=CIRCLE('',#7893,5.99999999999998);
#226=CIRCLE('',#7896,3.00000000000001);
#227=CIRCLE('',#7898,2.99999999999997);
#228=CIRCLE('',#7905,5.99999999999999);
#229=CIRCLE('',#7906,5.99999999999999);
#230=CIRCLE('',#7909,2.99999999999999);
#231=CIRCLE('',#7911,2.99999999999999);
#232=CIRCLE('',#7915,3.15);
#233=CIRCLE('',#7916,1.7);
#234=CIRCLE('',#7918,1.7);
#235=CIRCLE('',#7920,3.15);
#236=CIRCLE('',#7921,1.7);
#237=CIRCLE('',#7923,1.7);
#238=CIRCLE('',#7925,3.15);
#239=CIRCLE('',#7926,1.7);
#240=CIRCLE('',#7928,1.7);
#241=CIRCLE('',#7930,3.15);
#242=CIRCLE('',#7931,1.7);
#243=CIRCLE('',#7933,1.7);
#244=CIRCLE('',#7935,3.15);
#245=CIRCLE('',#7936,1.7);
#246=CIRCLE('',#7938,1.7);
#247=CIRCLE('',#7940,3.15);
#248=CIRCLE('',#7941,1.7);
#249=CIRCLE('',#7943,1.7);
#250=CIRCLE('',#7945,3.15);
#251=CIRCLE('',#7946,1.7);
#252=CIRCLE('',#7948,1.7);
#253=CIRCLE('',#7950,3.15);
#254=CIRCLE('',#7951,1.7);
#255=CIRCLE('',#7953,1.7);
#256=CIRCLE('',#7955,3.15);
#257=CIRCLE('',#7956,1.7);
#258=CIRCLE('',#7958,1.7);
#259=CIRCLE('',#7960,3.15);
#260=CIRCLE('',#7961,1.7);
#261=CIRCLE('',#7963,1.7);
#262=CIRCLE('',#7965,3.15);
#263=CIRCLE('',#7966,1.7);
#264=CIRCLE('',#7968,1.7);
#265=CIRCLE('',#7970,3.15);
#266=CIRCLE('',#7971,1.7);
#267=CIRCLE('',#7973,1.7);
#268=CIRCLE('',#7975,3.15);
#269=CIRCLE('',#7976,1.7);
#270=CIRCLE('',#7978,1.7);
#271=CIRCLE('',#7980,3.15);
#272=CIRCLE('',#7981,1.7);
#273=CIRCLE('',#7983,1.7);
#274=CIRCLE('',#7985,3.15);
#275=CIRCLE('',#7986,1.7);
#276=CIRCLE('',#7988,1.7);
#277=CIRCLE('',#7990,3.15);
#278=CIRCLE('',#7991,1.7);
#279=CIRCLE('',#7993,1.7);
#280=CYLINDRICAL_SURFACE('',#7549,1.);
#281=CYLINDRICAL_SURFACE('',#7553,1.);
#282=CYLINDRICAL_SURFACE('',#7557,1.);
#283=CYLINDRICAL_SURFACE('',#7561,1.);
#284=CYLINDRICAL_SURFACE('',#7565,1.);
#285=CYLINDRICAL_SURFACE('',#7569,1.);
#286=CYLINDRICAL_SURFACE('',#7573,1.);
#287=CYLINDRICAL_SURFACE('',#7577,1.);
#288=CYLINDRICAL_SURFACE('',#7581,1.);
#289=CYLINDRICAL_SURFACE('',#7585,1.);
#290=CYLINDRICAL_SURFACE('',#7589,1.);
#291=CYLINDRICAL_SURFACE('',#7593,1.);
#292=CYLINDRICAL_SURFACE('',#7597,4.5);
#293=CYLINDRICAL_SURFACE('',#7601,4.5);
#294=CYLINDRICAL_SURFACE('',#7605,4.5);
#295=CYLINDRICAL_SURFACE('',#7609,4.5);
#296=CYLINDRICAL_SURFACE('',#7613,4.5);
#297=CYLINDRICAL_SURFACE('',#7617,4.5);
#298=CYLINDRICAL_SURFACE('',#7621,4.5);
#299=CYLINDRICAL_SURFACE('',#7625,4.5);
#300=CYLINDRICAL_SURFACE('',#7629,4.5);
#301=CYLINDRICAL_SURFACE('',#7633,4.5);
#302=CYLINDRICAL_SURFACE('',#7637,4.5);
#303=CYLINDRICAL_SURFACE('',#7641,4.5);
#304=CYLINDRICAL_SURFACE('',#7645,4.5);
#305=CYLINDRICAL_SURFACE('',#7649,4.5);
#306=CYLINDRICAL_SURFACE('',#7653,4.5);
#307=CYLINDRICAL_SURFACE('',#7657,4.5);
#308=CYLINDRICAL_SURFACE('',#7661,4.5);
#309=CYLINDRICAL_SURFACE('',#7665,4.5);
#310=CYLINDRICAL_SURFACE('',#7669,4.5);
#311=CYLINDRICAL_SURFACE('',#7673,4.5);
#312=CYLINDRICAL_SURFACE('',#7677,4.5);
#313=CYLINDRICAL_SURFACE('',#7681,4.5);
#314=CYLINDRICAL_SURFACE('',#7685,4.5);
#315=CYLINDRICAL_SURFACE('',#7689,4.5);
#316=CYLINDRICAL_SURFACE('',#7693,4.5);
#317=CYLINDRICAL_SURFACE('',#7697,4.5);
#318=CYLINDRICAL_SURFACE('',#7701,4.5);
#319=CYLINDRICAL_SURFACE('',#7705,4.5);
#320=CYLINDRICAL_SURFACE('',#7712,2.248);
#321=CYLINDRICAL_SURFACE('',#7717,2.248);
#322=CYLINDRICAL_SURFACE('',#7722,2.248);
#323=CYLINDRICAL_SURFACE('',#7727,2.248);
#324=CYLINDRICAL_SURFACE('',#7732,2.248);
#325=CYLINDRICAL_SURFACE('',#7737,2.248);
#326=CYLINDRICAL_SURFACE('',#7742,2.248);
#327=CYLINDRICAL_SURFACE('',#7747,2.248);
#328=CYLINDRICAL_SURFACE('',#7752,2.248);
#329=CYLINDRICAL_SURFACE('',#7757,2.248);
#330=CYLINDRICAL_SURFACE('',#7759,2.);
#331=CYLINDRICAL_SURFACE('',#7763,2.);
#332=CYLINDRICAL_SURFACE('',#7767,2.);
#333=CYLINDRICAL_SURFACE('',#7771,2.);
#334=CYLINDRICAL_SURFACE('',#7775,2.);
#335=CYLINDRICAL_SURFACE('',#7779,2.);
#336=CYLINDRICAL_SURFACE('',#7783,2.);
#337=CYLINDRICAL_SURFACE('',#7787,2.);
#338=CYLINDRICAL_SURFACE('',#7791,6.00000000000001);
#339=CYLINDRICAL_SURFACE('',#7794,6.00000000000001);
#340=CYLINDRICAL_SURFACE('',#7797,4.12500000000001);
#341=CYLINDRICAL_SURFACE('',#7800,1.25);
#342=CYLINDRICAL_SURFACE('',#7804,6.99999999999999);
#343=CYLINDRICAL_SURFACE('',#7808,7.);
#344=CYLINDRICAL_SURFACE('',#7812,6.99999999999992);
#345=CYLINDRICAL_SURFACE('',#7816,6.99999999999992);
#346=CYLINDRICAL_SURFACE('',#7819,1.25);
#347=CYLINDRICAL_SURFACE('',#7822,4.12500000000001);
#348=CYLINDRICAL_SURFACE('',#7825,6.00000000000001);
#349=CYLINDRICAL_SURFACE('',#7828,6.00000000000001);
#350=CYLINDRICAL_SURFACE('',#7831,4.12500000000001);
#351=CYLINDRICAL_SURFACE('',#7834,1.25);
#352=CYLINDRICAL_SURFACE('',#7837,20.5);
#353=CYLINDRICAL_SURFACE('',#7840,1.25);
#354=CYLINDRICAL_SURFACE('',#7843,6.00000000000001);
#355=CYLINDRICAL_SURFACE('',#7846,8.00000000000001);
#356=CYLINDRICAL_SURFACE('',#7849,7.99999999999997);
#357=CYLINDRICAL_SURFACE('',#7852,8.00000000000001);
#358=CYLINDRICAL_SURFACE('',#7855,8.00000000000001);
#359=CYLINDRICAL_SURFACE('',#7858,6.);
#360=CYLINDRICAL_SURFACE('',#7864,6.);
#361=CYLINDRICAL_SURFACE('',#7867,5.99999999999996);
#362=CYLINDRICAL_SURFACE('',#7878,3.00000000000006);
#363=CYLINDRICAL_SURFACE('',#7880,6.00000000000005);
#364=CYLINDRICAL_SURFACE('',#7888,3.00000000000003);
#365=CYLINDRICAL_SURFACE('',#7891,5.99999999999993);
#366=CYLINDRICAL_SURFACE('',#7900,2.99999999999998);
#367=CYLINDRICAL_SURFACE('',#7904,5.99999999999999);
#368=CYLINDRICAL_SURFACE('',#7912,2.99999999999999);
#369=CYLINDRICAL_SURFACE('',#7917,1.7);
#370=CYLINDRICAL_SURFACE('',#7922,1.7);
#371=CYLINDRICAL_SURFACE('',#7927,1.7);
#372=CYLINDRICAL_SURFACE('',#7932,1.7);
#373=CYLINDRICAL_SURFACE('',#7937,1.7);
#374=CYLINDRICAL_SURFACE('',#7942,1.7);
#375=CYLINDRICAL_SURFACE('',#7947,1.7);
#376=CYLINDRICAL_SURFACE('',#7952,1.7);
#377=CYLINDRICAL_SURFACE('',#7957,1.7);
#378=CYLINDRICAL_SURFACE('',#7962,1.7);
#379=CYLINDRICAL_SURFACE('',#7967,1.7);
#380=CYLINDRICAL_SURFACE('',#7972,1.7);
#381=CYLINDRICAL_SURFACE('',#7977,1.7);
#382=CYLINDRICAL_SURFACE('',#7982,1.7);
#383=CYLINDRICAL_SURFACE('',#7987,1.7);
#384=CYLINDRICAL_SURFACE('',#7992,1.7);
#385=SHAPE_REPRESENTATION_RELATIONSHIP('SRR','None',#12991,#387);
#386=SHAPE_REPRESENTATION_RELATIONSHIP('SRR','None',#12990,#388);
#387=ADVANCED_BREP_SHAPE_REPRESENTATION('',(#484,#485,#486,#487,#488,#489,
#490,#491,#492,#493,#494,#495),#12979);
#388=ADVANCED_BREP_SHAPE_REPRESENTATION('',(#496),#12978);
#389=STYLED_ITEM('',(#13005),#484);
#390=STYLED_ITEM('',(#13005),#485);
#391=STYLED_ITEM('',(#13005),#486);
#392=STYLED_ITEM('',(#13005),#487);
#393=STYLED_ITEM('',(#13005),#488);
#394=STYLED_ITEM('',(#13005),#489);
#395=STYLED_ITEM('',(#13005),#490);
#396=STYLED_ITEM('',(#13005),#491);
#397=STYLED_ITEM('',(#13005),#492);
#398=STYLED_ITEM('',(#13005),#493);
#399=STYLED_ITEM('',(#13005),#494);
#400=STYLED_ITEM('',(#13005),#495);
#401=STYLED_ITEM('',(#13007),#7275);
#402=STYLED_ITEM('',(#13007),#7277);
#403=STYLED_ITEM('',(#13007),#7279);
#404=STYLED_ITEM('',(#13007),#7281);
#405=STYLED_ITEM('',(#13007),#7283);
#406=STYLED_ITEM('',(#13007),#7285);
#407=STYLED_ITEM('',(#13007),#7287);
#408=STYLED_ITEM('',(#13007),#7289);
#409=STYLED_ITEM('',(#13007),#7291);
#410=STYLED_ITEM('',(#13007),#7293);
#411=STYLED_ITEM('',(#13007),#7295);
#412=STYLED_ITEM('',(#13007),#7296);
#413=STYLED_ITEM('',(#13007),#7297);
#414=STYLED_ITEM('',(#13007),#7298);
#415=STYLED_ITEM('',(#13007),#7299);
#416=STYLED_ITEM('',(#13007),#7300);
#417=STYLED_ITEM('',(#13007),#7301);
#418=STYLED_ITEM('',(#13007),#7302);
#419=STYLED_ITEM('',(#13007),#7303);
#420=STYLED_ITEM('',(#13007),#7304);
#421=STYLED_ITEM('',(#13007),#7305);
#422=STYLED_ITEM('',(#13007),#7306);
#423=STYLED_ITEM('',(#13007),#7307);
#424=STYLED_ITEM('',(#13007),#7308);
#425=STYLED_ITEM('',(#13007),#7309);
#426=STYLED_ITEM('',(#13007),#7310);
#427=STYLED_ITEM('',(#13007),#7315);
#428=STYLED_ITEM('',(#13007),#7316);
#429=STYLED_ITEM('',(#13007),#7317);
#430=STYLED_ITEM('',(#13007),#7318);
#431=STYLED_ITEM('',(#13007),#7319);
#432=STYLED_ITEM('',(#13007),#7320);
#433=STYLED_ITEM('',(#13007),#7321);
#434=STYLED_ITEM('',(#13007),#7322);
#435=STYLED_ITEM('',(#13007),#7336);
#436=STYLED_ITEM('',(#13007),#7337);
#437=STYLED_ITEM('',(#13007),#7339);
#438=STYLED_ITEM('',(#13007),#7340);
#439=STYLED_ITEM('',(#13007),#7341);
#440=STYLED_ITEM('',(#13007),#7342);
#441=STYLED_ITEM('',(#13007),#7344);
#442=STYLED_ITEM('',(#13007),#7345);
#443=STYLED_ITEM('',(#13007),#7346);
#444=STYLED_ITEM('',(#13007),#7347);
#445=STYLED_ITEM('',(#13007),#7349);
#446=STYLED_ITEM('',(#13007),#7350);
#447=STYLED_ITEM('',(#13007),#7351);
#448=STYLED_ITEM('',(#13007),#7352);
#449=STYLED_ITEM('',(#13007),#7353);
#450=STYLED_ITEM('',(#13007),#7355);
#451=STYLED_ITEM('',(#13007),#7357);
#452=STYLED_ITEM('',(#13007),#7358);
#453=STYLED_ITEM('',(#13007),#7359);
#454=STYLED_ITEM('',(#13007),#7360);
#455=STYLED_ITEM('',(#13007),#7361);
#456=STYLED_ITEM('',(#13007),#7363);
#457=STYLED_ITEM('',(#13007),#7364);
#458=STYLED_ITEM('',(#13007),#7365);
#459=STYLED_ITEM('',(#13007),#7367);
#460=STYLED_ITEM('',(#13007),#7368);
#461=STYLED_ITEM('',(#13007),#7369);
#462=STYLED_ITEM('',(#13007),#7370);
#463=STYLED_ITEM('',(#13007),#7372);
#464=STYLED_ITEM('',(#13007),#7374);
#465=STYLED_ITEM('',(#13007),#7376);
#466=STYLED_ITEM('',(#13007),#7378);
#467=STYLED_ITEM('',(#13007),#7380);
#468=STYLED_ITEM('',(#13007),#7382);
#469=STYLED_ITEM('',(#13007),#7384);
#470=STYLED_ITEM('',(#13007),#7386);
#471=STYLED_ITEM('',(#13007),#7388);
#472=STYLED_ITEM('',(#13007),#7390);
#473=STYLED_ITEM('',(#13007),#7392);
#474=STYLED_ITEM('',(#13007),#7394);
#475=STYLED_ITEM('',(#13007),#7396);
#476=STYLED_ITEM('',(#13007),#7398);
#477=STYLED_ITEM('',(#13007),#7400);
#478=STYLED_ITEM('',(#13007),#7402);
#479=STYLED_ITEM('',(#13007),#7404);
#480=STYLED_ITEM('',(#13007),#7405);
#481=STYLED_ITEM('',(#13007),#7406);
#482=STYLED_ITEM('',(#13006),#496);
#483=STYLED_ITEM('',(#13008),#12);
#484=MANIFOLD_SOLID_BREP('Body1',#7408);
#485=MANIFOLD_SOLID_BREP('Body2',#7409);
#486=MANIFOLD_SOLID_BREP('Body3',#7410);
#487=MANIFOLD_SOLID_BREP('Body4',#7411);
#488=MANIFOLD_SOLID_BREP('Body5',#7412);
#489=MANIFOLD_SOLID_BREP('Body6',#7413);
#490=MANIFOLD_SOLID_BREP('Body7',#7414);
#491=MANIFOLD_SOLID_BREP('Body8',#7415);
#492=MANIFOLD_SOLID_BREP('Body9',#7416);
#493=MANIFOLD_SOLID_BREP('Body10',#7417);
#494=MANIFOLD_SOLID_BREP('Body11',#7418);
#495=MANIFOLD_SOLID_BREP('Body12',#7419);
#496=MANIFOLD_SOLID_BREP('Top Plate',#7420);
#497=FACE_BOUND('',#1222,.T.);
#498=FACE_BOUND('',#1224,.T.);
#499=FACE_BOUND('',#1245,.T.);
#500=FACE_BOUND('',#1247,.T.);
#501=FACE_BOUND('',#1270,.T.);
#502=FACE_BOUND('',#1272,.T.);
#503=FACE_BOUND('',#1385,.T.);
#504=FACE_BOUND('',#1387,.T.);
#505=FACE_BOUND('',#1532,.T.);
#506=FACE_BOUND('',#1533,.T.);
#507=FACE_BOUND('',#1534,.T.);
#508=FACE_BOUND('',#1535,.T.);
#509=FACE_BOUND('',#1536,.T.);
#510=FACE_BOUND('',#1542,.T.);
#511=FACE_BOUND('',#1543,.T.);
#512=FACE_BOUND('',#1544,.T.);
#513=FACE_BOUND('',#1545,.T.);
#514=FACE_BOUND('',#1546,.T.);
#515=FACE_BOUND('',#1553,.T.);
#516=FACE_BOUND('',#1554,.T.);
#517=FACE_BOUND('',#1555,.T.);
#518=FACE_BOUND('',#1556,.T.);
#519=FACE_BOUND('',#1557,.T.);
#520=FACE_BOUND('',#1564,.T.);
#521=FACE_BOUND('',#1565,.T.);
#522=FACE_BOUND('',#1566,.T.);
#523=FACE_BOUND('',#1567,.T.);
#524=FACE_BOUND('',#1568,.T.);
#525=FACE_BOUND('',#1570,.T.);
#526=FACE_BOUND('',#1571,.T.);
#527=FACE_BOUND('',#1572,.T.);
#528=FACE_BOUND('',#1573,.T.);
#529=FACE_BOUND('',#1581,.T.);
#530=FACE_BOUND('',#1582,.T.);
#531=FACE_BOUND('',#1583,.T.);
#532=FACE_BOUND('',#1584,.T.);
#533=FACE_BOUND('',#1587,.T.);
#534=FACE_BOUND('',#1588,.T.);
#535=FACE_BOUND('',#1589,.T.);
#536=FACE_BOUND('',#1590,.T.);
#537=FACE_BOUND('',#1591,.T.);
#538=FACE_BOUND('',#1592,.T.);
#539=FACE_BOUND('',#1593,.T.);
#540=FACE_BOUND('',#1594,.T.);
#541=FACE_BOUND('',#1595,.T.);
#542=FACE_BOUND('',#1596,.T.);
#543=FACE_BOUND('',#1597,.T.);
#544=FACE_BOUND('',#1598,.T.);
#545=FACE_BOUND('',#1599,.T.);
#546=FACE_BOUND('',#1600,.T.);
#547=FACE_BOUND('',#1601,.T.);
#548=FACE_BOUND('',#1602,.T.);
#549=FACE_BOUND('',#1603,.T.);
#550=FACE_BOUND('',#1604,.T.);
#551=FACE_BOUND('',#1605,.T.);
#552=FACE_BOUND('',#1612,.T.);
#553=FACE_BOUND('',#1613,.T.);
#554=FACE_BOUND('',#1614,.T.);
#555=FACE_BOUND('',#1615,.T.);
#556=FACE_BOUND('',#1616,.T.);
#557=FACE_BOUND('',#1617,.T.);
#558=FACE_BOUND('',#1618,.T.);
#559=FACE_BOUND('',#1619,.T.);
#560=FACE_BOUND('',#1620,.T.);
#561=FACE_BOUND('',#1621,.T.);
#562=FACE_BOUND('',#1622,.T.);
#563=FACE_BOUND('',#1623,.T.);
#564=FACE_BOUND('',#1624,.T.);
#565=FACE_BOUND('',#1625,.T.);
#566=FACE_BOUND('',#1626,.T.);
#567=FACE_BOUND('',#1627,.T.);
#568=FACE_BOUND('',#1628,.T.);
#569=FACE_BOUND('',#1629,.T.);
#570=FACE_BOUND('',#1630,.T.);
#571=FACE_BOUND('',#1666,.T.);
#572=FACE_BOUND('',#1667,.T.);
#573=FACE_BOUND('',#1668,.T.);
#574=FACE_BOUND('',#1669,.T.);
#575=FACE_BOUND('',#1670,.T.);
#576=FACE_BOUND('',#1671,.T.);
#577=FACE_BOUND('',#1672,.T.);
#578=FACE_BOUND('',#1673,.T.);
#579=FACE_BOUND('',#1674,.T.);
#580=FACE_BOUND('',#1675,.T.);
#581=FACE_BOUND('',#1676,.T.);
#582=FACE_BOUND('',#1677,.T.);
#583=FACE_BOUND('',#1678,.T.);
#584=FACE_BOUND('',#1679,.T.);
#585=FACE_BOUND('',#1680,.T.);
#586=FACE_BOUND('',#1681,.T.);
#587=FACE_BOUND('',#1682,.T.);
#588=FACE_BOUND('',#1683,.T.);
#589=FACE_BOUND('',#1684,.T.);
#590=FACE_BOUND('',#1685,.T.);
#591=FACE_BOUND('',#1686,.T.);
#592=FACE_BOUND('',#1687,.T.);
#593=FACE_BOUND('',#1688,.T.);
#594=FACE_BOUND('',#1690,.T.);
#595=FACE_BOUND('',#1691,.T.);
#596=FACE_BOUND('',#1692,.T.);
#597=FACE_BOUND('',#1693,.T.);
#598=FACE_BOUND('',#1694,.T.);
#599=FACE_BOUND('',#1695,.T.);
#600=FACE_BOUND('',#1696,.T.);
#601=FACE_BOUND('',#1697,.T.);
#602=FACE_BOUND('',#1698,.T.);
#603=FACE_BOUND('',#1699,.T.);
#604=FACE_BOUND('',#1700,.T.);
#605=FACE_BOUND('',#1701,.T.);
#606=FACE_BOUND('',#1702,.T.);
#607=FACE_BOUND('',#1703,.T.);
#608=FACE_BOUND('',#1704,.T.);
#609=FACE_BOUND('',#1705,.T.);
#610=FACE_BOUND('',#1706,.T.);
#611=FACE_BOUND('',#1707,.T.);
#612=FACE_BOUND('',#1708,.T.);
#613=FACE_BOUND('',#1709,.T.);
#614=FACE_BOUND('',#1710,.T.);
#615=FACE_BOUND('',#1711,.T.);
#616=FACE_BOUND('',#1712,.T.);
#617=PLANE('',#7435);
#618=PLANE('',#7436);
#619=PLANE('',#7437);
#620=PLANE('',#7438);
#621=PLANE('',#7439);
#622=PLANE('',#7440);
#623=PLANE('',#7441);
#624=PLANE('',#7442);
#625=PLANE('',#7443);
#626=PLANE('',#7444);
#627=PLANE('',#7445);
#628=PLANE('',#7446);
#629=PLANE('',#7447);
#630=PLANE('',#7448);
#631=PLANE('',#7449);
#632=PLANE('',#7450);
#633=PLANE('',#7451);
#634=PLANE('',#7452);
#635=PLANE('',#7453);
#636=PLANE('',#7454);
#637=PLANE('',#7455);
#638=PLANE('',#7456);
#639=PLANE('',#7457);
#640=PLANE('',#7458);
#641=PLANE('',#7459);
#642=PLANE('',#7460);
#643=PLANE('',#7461);
#644=PLANE('',#7462);
#645=PLANE('',#7463);
#646=PLANE('',#7464);
#647=PLANE('',#7465);
#648=PLANE('',#7466);
#649=PLANE('',#7467);
#650=PLANE('',#7468);
#651=PLANE('',#7469);
#652=PLANE('',#7470);
#653=PLANE('',#7471);
#654=PLANE('',#7472);
#655=PLANE('',#7473);
#656=PLANE('',#7474);
#657=PLANE('',#7475);
#658=PLANE('',#7476);
#659=PLANE('',#7477);
#660=PLANE('',#7478);
#661=PLANE('',#7479);
#662=PLANE('',#7480);
#663=PLANE('',#7481);
#664=PLANE('',#7482);
#665=PLANE('',#7483);
#666=PLANE('',#7484);
#667=PLANE('',#7485);
#668=PLANE('',#7486);
#669=PLANE('',#7487);
#670=PLANE('',#7488);
#671=PLANE('',#7489);
#672=PLANE('',#7490);
#673=PLANE('',#7491);
#674=PLANE('',#7492);
#675=PLANE('',#7493);
#676=PLANE('',#7494);
#677=PLANE('',#7495);
#678=PLANE('',#7496);
#679=PLANE('',#7497);
#680=PLANE('',#7498);
#681=PLANE('',#7499);
#682=PLANE('',#7500);
#683=PLANE('',#7501);
#684=PLANE('',#7502);
#685=PLANE('',#7503);
#686=PLANE('',#7504);
#687=PLANE('',#7505);
#688=PLANE('',#7506);
#689=PLANE('',#7507);
#690=PLANE('',#7508);
#691=PLANE('',#7509);
#692=PLANE('',#7510);
#693=PLANE('',#7511);
#694=PLANE('',#7512);
#695=PLANE('',#7513);
#696=PLANE('',#7514);
#697=PLANE('',#7515);
#698=PLANE('',#7516);
#699=PLANE('',#7517);
#700=PLANE('',#7518);
#701=PLANE('',#7519);
#702=PLANE('',#7520);
#703=PLANE('',#7521);
#704=PLANE('',#7522);
#705=PLANE('',#7523);
#706=PLANE('',#7524);
#707=PLANE('',#7525);
#708=PLANE('',#7526);
#709=PLANE('',#7527);
#710=PLANE('',#7528);
#711=PLANE('',#7529);
#712=PLANE('',#7530);
#713=PLANE('',#7531);
#714=PLANE('',#7532);
#715=PLANE('',#7533);
#716=PLANE('',#7534);
#717=PLANE('',#7535);
#718=PLANE('',#7536);
#719=PLANE('',#7537);
#720=PLANE('',#7538);
#721=PLANE('',#7539);
#722=PLANE('',#7540);
#723=PLANE('',#7541);
#724=PLANE('',#7542);
#725=PLANE('',#7543);
#726=PLANE('',#7544);
#727=PLANE('',#7545);
#728=PLANE('',#7546);
#729=PLANE('',#7547);
#730=PLANE('',#7548);
#731=PLANE('',#7552);
#732=PLANE('',#7556);
#733=PLANE('',#7560);
#734=PLANE('',#7564);
#735=PLANE('',#7568);
#736=PLANE('',#7572);
#737=PLANE('',#7576);
#738=PLANE('',#7580);
#739=PLANE('',#7584);
#740=PLANE('',#7588);
#741=PLANE('',#7592);
#742=PLANE('',#7596);
#743=PLANE('',#7600);
#744=PLANE('',#7604);
#745=PLANE('',#7608);
#746=PLANE('',#7612);
#747=PLANE('',#7616);
#748=PLANE('',#7620);
#749=PLANE('',#7624);
#750=PLANE('',#7628);
#751=PLANE('',#7632);
#752=PLANE('',#7636);
#753=PLANE('',#7640);
#754=PLANE('',#7644);
#755=PLANE('',#7648);
#756=PLANE('',#7652);
#757=PLANE('',#7656);
#758=PLANE('',#7660);
#759=PLANE('',#7664);
#760=PLANE('',#7668);
#761=PLANE('',#7672);
#762=PLANE('',#7676);
#763=PLANE('',#7680);
#764=PLANE('',#7684);
#765=PLANE('',#7688);
#766=PLANE('',#7692);
#767=PLANE('',#7696);
#768=PLANE('',#7700);
#769=PLANE('',#7704);
#770=PLANE('',#7708);
#771=PLANE('',#7762);
#772=PLANE('',#7766);
#773=PLANE('',#7770);
#774=PLANE('',#7774);
#775=PLANE('',#7778);
#776=PLANE('',#7782);
#777=PLANE('',#7786);
#778=PLANE('',#7790);
#779=PLANE('',#7803);
#780=PLANE('',#7807);
#781=PLANE('',#7811);
#782=PLANE('',#7815);
#783=PLANE('',#7861);
#784=PLANE('',#7862);
#785=PLANE('',#7866);
#786=PLANE('',#7870);
#787=PLANE('',#7871);
#788=PLANE('',#7872);
#789=PLANE('',#7874);
#790=PLANE('',#7876);
#791=PLANE('',#7877);
#792=PLANE('',#7879);
#793=PLANE('',#7883);
#794=PLANE('',#7884);
#795=PLANE('',#7886);
#796=PLANE('',#7889);
#797=PLANE('',#7890);
#798=PLANE('',#7894);
#799=PLANE('',#7895);
#800=PLANE('',#7897);
#801=PLANE('',#7899);
#802=PLANE('',#7901);
#803=PLANE('',#7902);
#804=PLANE('',#7903);
#805=PLANE('',#7907);
#806=PLANE('',#7908);
#807=PLANE('',#7910);
#808=PLANE('',#7913);
#809=PLANE('',#7994);
#810=PLANE('',#7995);
#811=PLANE('',#7996);
#812=PLANE('',#7997);
#813=FACE_OUTER_BOUND('',#1203,.T.);
#814=FACE_OUTER_BOUND('',#1204,.T.);
#815=FACE_OUTER_BOUND('',#1205,.T.);
#816=FACE_OUTER_BOUND('',#1206,.T.);
#817=FACE_OUTER_BOUND('',#1207,.T.);
#818=FACE_OUTER_BOUND('',#1208,.T.);
#819=FACE_OUTER_BOUND('',#1209,.T.);
#820=FACE_OUTER_BOUND('',#1210,.T.);
#821=FACE_OUTER_BOUND('',#1211,.T.);
#822=FACE_OUTER_BOUND('',#1212,.T.);
#823=FACE_OUTER_BOUND('',#1213,.T.);
#824=FACE_OUTER_BOUND('',#1214,.T.);
#825=FACE_OUTER_BOUND('',#1215,.T.);
#826=FACE_OUTER_BOUND('',#1216,.T.);
#827=FACE_OUTER_BOUND('',#1217,.T.);
#828=FACE_OUTER_BOUND('',#1218,.T.);
#829=FACE_OUTER_BOUND('',#1219,.T.);
#830=FACE_OUTER_BOUND('',#1220,.T.);
#831=FACE_OUTER_BOUND('',#1221,.T.);
#832=FACE_OUTER_BOUND('',#1223,.T.);
#833=FACE_OUTER_BOUND('',#1225,.T.);
#834=FACE_OUTER_BOUND('',#1226,.T.);
#835=FACE_OUTER_BOUND('',#1227,.T.);
#836=FACE_OUTER_BOUND('',#1228,.T.);
#837=FACE_OUTER_BOUND('',#1229,.T.);
#838=FACE_OUTER_BOUND('',#1230,.T.);
#839=FACE_OUTER_BOUND('',#1231,.T.);
#840=FACE_OUTER_BOUND('',#1232,.T.);
#841=FACE_OUTER_BOUND('',#1233,.T.);
#842=FACE_OUTER_BOUND('',#1234,.T.);
#843=FACE_OUTER_BOUND('',#1235,.T.);
#844=FACE_OUTER_BOUND('',#1236,.T.);
#845=FACE_OUTER_BOUND('',#1237,.T.);
#846=FACE_OUTER_BOUND('',#1238,.T.);
#847=FACE_OUTER_BOUND('',#1239,.T.);
#848=FACE_OUTER_BOUND('',#1240,.T.);
#849=FACE_OUTER_BOUND('',#1241,.T.);
#850=FACE_OUTER_BOUND('',#1242,.T.);
#851=FACE_OUTER_BOUND('',#1243,.T.);
#852=FACE_OUTER_BOUND('',#1244,.T.);
#853=FACE_OUTER_BOUND('',#1246,.T.);
#854=FACE_OUTER_BOUND('',#1248,.T.);
#855=FACE_OUTER_BOUND('',#1249,.T.);
#856=FACE_OUTER_BOUND('',#1250,.T.);
#857=FACE_OUTER_BOUND('',#1251,.T.);
#858=FACE_OUTER_BOUND('',#1252,.T.);
#859=FACE_OUTER_BOUND('',#1253,.T.);
#860=FACE_OUTER_BOUND('',#1254,.T.);
#861=FACE_OUTER_BOUND('',#1255,.T.);
#862=FACE_OUTER_BOUND('',#1256,.T.);
#863=FACE_OUTER_BOUND('',#1257,.T.);
#864=FACE_OUTER_BOUND('',#1258,.T.);
#865=FACE_OUTER_BOUND('',#1259,.T.);
#866=FACE_OUTER_BOUND('',#1260,.T.);
#867=FACE_OUTER_BOUND('',#1261,.T.);
#868=FACE_OUTER_BOUND('',#1262,.T.);
#869=FACE_OUTER_BOUND('',#1263,.T.);
#870=FACE_OUTER_BOUND('',#1264,.T.);
#871=FACE_OUTER_BOUND('',#1265,.T.);
#872=FACE_OUTER_BOUND('',#1266,.T.);
#873=FACE_OUTER_BOUND('',#1267,.T.);
#874=FACE_OUTER_BOUND('',#1268,.T.);
#875=FACE_OUTER_BOUND('',#1269,.T.);
#876=FACE_OUTER_BOUND('',#1271,.T.);
#877=FACE_OUTER_BOUND('',#1273,.T.);
#878=FACE_OUTER_BOUND('',#1274,.T.);
#879=FACE_OUTER_BOUND('',#1275,.T.);
#880=FACE_OUTER_BOUND('',#1276,.T.);
#881=FACE_OUTER_BOUND('',#1277,.T.);
#882=FACE_OUTER_BOUND('',#1278,.T.);
#883=FACE_OUTER_BOUND('',#1279,.T.);
#884=FACE_OUTER_BOUND('',#1280,.T.);
#885=FACE_OUTER_BOUND('',#1281,.T.);
#886=FACE_OUTER_BOUND('',#1282,.T.);
#887=FACE_OUTER_BOUND('',#1283,.T.);
#888=FACE_OUTER_BOUND('',#1284,.T.);
#889=FACE_OUTER_BOUND('',#1285,.T.);
#890=FACE_OUTER_BOUND('',#1286,.T.);
#891=FACE_OUTER_BOUND('',#1287,.T.);
#892=FACE_OUTER_BOUND('',#1288,.T.);
#893=FACE_OUTER_BOUND('',#1289,.T.);
#894=FACE_OUTER_BOUND('',#1290,.T.);
#895=FACE_OUTER_BOUND('',#1291,.T.);
#896=FACE_OUTER_BOUND('',#1292,.T.);
#897=FACE_OUTER_BOUND('',#1293,.T.);
#898=FACE_OUTER_BOUND('',#1294,.T.);
#899=FACE_OUTER_BOUND('',#1295,.T.);
#900=FACE_OUTER_BOUND('',#1296,.T.);
#901=FACE_OUTER_BOUND('',#1297,.T.);
#902=FACE_OUTER_BOUND('',#1298,.T.);
#903=FACE_OUTER_BOUND('',#1299,.T.);
#904=FACE_OUTER_BOUND('',#1300,.T.);
#905=FACE_OUTER_BOUND('',#1301,.T.);
#906=FACE_OUTER_BOUND('',#1302,.T.);
#907=FACE_OUTER_BOUND('',#1303,.T.);
#908=FACE_OUTER_BOUND('',#1304,.T.);
#909=FACE_OUTER_BOUND('',#1305,.T.);
#910=FACE_OUTER_BOUND('',#1306,.T.);
#911=FACE_OUTER_BOUND('',#1307,.T.);
#912=FACE_OUTER_BOUND('',#1308,.T.);
#913=FACE_OUTER_BOUND('',#1309,.T.);
#914=FACE_OUTER_BOUND('',#1310,.T.);
#915=FACE_OUTER_BOUND('',#1311,.T.);
#916=FACE_OUTER_BOUND('',#1312,.T.);
#917=FACE_OUTER_BOUND('',#1313,.T.);
#918=FACE_OUTER_BOUND('',#1314,.T.);
#919=FACE_OUTER_BOUND('',#1315,.T.);
#920=FACE_OUTER_BOUND('',#1316,.T.);
#921=FACE_OUTER_BOUND('',#1317,.T.);
#922=FACE_OUTER_BOUND('',#1318,.T.);
#923=FACE_OUTER_BOUND('',#1319,.T.);
#924=FACE_OUTER_BOUND('',#1320,.T.);
#925=FACE_OUTER_BOUND('',#1321,.T.);
#926=FACE_OUTER_BOUND('',#1322,.T.);
#927=FACE_OUTER_BOUND('',#1323,.T.);
#928=FACE_OUTER_BOUND('',#1324,.T.);
#929=FACE_OUTER_BOUND('',#1325,.T.);
#930=FACE_OUTER_BOUND('',#1326,.T.);
#931=FACE_OUTER_BOUND('',#1327,.T.);
#932=FACE_OUTER_BOUND('',#1328,.T.);
#933=FACE_OUTER_BOUND('',#1329,.T.);
#934=FACE_OUTER_BOUND('',#1330,.T.);
#935=FACE_OUTER_BOUND('',#1331,.T.);
#936=FACE_OUTER_BOUND('',#1332,.T.);
#937=FACE_OUTER_BOUND('',#1333,.T.);
#938=FACE_OUTER_BOUND('',#1334,.T.);
#939=FACE_OUTER_BOUND('',#1335,.T.);
#940=FACE_OUTER_BOUND('',#1336,.T.);
#941=FACE_OUTER_BOUND('',#1337,.T.);
#942=FACE_OUTER_BOUND('',#1338,.T.);
#943=FACE_OUTER_BOUND('',#1339,.T.);
#944=FACE_OUTER_BOUND('',#1340,.T.);
#945=FACE_OUTER_BOUND('',#1341,.T.);
#946=FACE_OUTER_BOUND('',#1342,.T.);
#947=FACE_OUTER_BOUND('',#1343,.T.);
#948=FACE_OUTER_BOUND('',#1344,.T.);
#949=FACE_OUTER_BOUND('',#1345,.T.);
#950=FACE_OUTER_BOUND('',#1346,.T.);
#951=FACE_OUTER_BOUND('',#1347,.T.);
#952=FACE_OUTER_BOUND('',#1348,.T.);
#953=FACE_OUTER_BOUND('',#1349,.T.);
#954=FACE_OUTER_BOUND('',#1350,.T.);
#955=FACE_OUTER_BOUND('',#1351,.T.);
#956=FACE_OUTER_BOUND('',#1352,.T.);
#957=FACE_OUTER_BOUND('',#1353,.T.);
#958=FACE_OUTER_BOUND('',#1354,.T.);
#959=FACE_OUTER_BOUND('',#1355,.T.);
#960=FACE_OUTER_BOUND('',#1356,.T.);
#961=FACE_OUTER_BOUND('',#1357,.T.);
#962=FACE_OUTER_BOUND('',#1358,.T.);
#963=FACE_OUTER_BOUND('',#1359,.T.);
#964=FACE_OUTER_BOUND('',#1360,.T.);
#965=FACE_OUTER_BOUND('',#1361,.T.);
#966=FACE_OUTER_BOUND('',#1362,.T.);
#967=FACE_OUTER_BOUND('',#1363,.T.);
#968=FACE_OUTER_BOUND('',#1364,.T.);
#969=FACE_OUTER_BOUND('',#1365,.T.);
#970=FACE_OUTER_BOUND('',#1366,.T.);
#971=FACE_OUTER_BOUND('',#1367,.T.);
#972=FACE_OUTER_BOUND('',#1368,.T.);
#973=FACE_OUTER_BOUND('',#1369,.T.);
#974=FACE_OUTER_BOUND('',#1370,.T.);
#975=FACE_OUTER_BOUND('',#1371,.T.);
#976=FACE_OUTER_BOUND('',#1372,.T.);
#977=FACE_OUTER_BOUND('',#1373,.T.);
#978=FACE_OUTER_BOUND('',#1374,.T.);
#979=FACE_OUTER_BOUND('',#1375,.T.);
#980=FACE_OUTER_BOUND('',#1376,.T.);
#981=FACE_OUTER_BOUND('',#1377,.T.);
#982=FACE_OUTER_BOUND('',#1378,.T.);
#983=FACE_OUTER_BOUND('',#1379,.T.);
#984=FACE_OUTER_BOUND('',#1380,.T.);
#985=FACE_OUTER_BOUND('',#1381,.T.);
#986=FACE_OUTER_BOUND('',#1382,.T.);
#987=FACE_OUTER_BOUND('',#1383,.T.);
#988=FACE_OUTER_BOUND('',#1384,.T.);
#989=FACE_OUTER_BOUND('',#1386,.T.);
#990=FACE_OUTER_BOUND('',#1388,.T.);
#991=FACE_OUTER_BOUND('',#1389,.T.);
#992=FACE_OUTER_BOUND('',#1390,.T.);
#993=FACE_OUTER_BOUND('',#1391,.T.);
#994=FACE_OUTER_BOUND('',#1392,.T.);
#995=FACE_OUTER_BOUND('',#1393,.T.);
#996=FACE_OUTER_BOUND('',#1394,.T.);
#997=FACE_OUTER_BOUND('',#1395,.T.);
#998=FACE_OUTER_BOUND('',#1396,.T.);
#999=FACE_OUTER_BOUND('',#1397,.T.);
#1000=FACE_OUTER_BOUND('',#1398,.T.);
#1001=FACE_OUTER_BOUND('',#1399,.T.);
#1002=FACE_OUTER_BOUND('',#1400,.T.);
#1003=FACE_OUTER_BOUND('',#1401,.T.);
#1004=FACE_OUTER_BOUND('',#1402,.T.);
#1005=FACE_OUTER_BOUND('',#1403,.T.);
#1006=FACE_OUTER_BOUND('',#1404,.T.);
#1007=FACE_OUTER_BOUND('',#1405,.T.);
#1008=FACE_OUTER_BOUND('',#1406,.T.);
#1009=FACE_OUTER_BOUND('',#1407,.T.);
#1010=FACE_OUTER_BOUND('',#1408,.T.);
#1011=FACE_OUTER_BOUND('',#1409,.T.);
#1012=FACE_OUTER_BOUND('',#1410,.T.);
#1013=FACE_OUTER_BOUND('',#1411,.T.);
#1014=FACE_OUTER_BOUND('',#1412,.T.);
#1015=FACE_OUTER_BOUND('',#1413,.T.);
#1016=FACE_OUTER_BOUND('',#1414,.T.);
#1017=FACE_OUTER_BOUND('',#1415,.T.);
#1018=FACE_OUTER_BOUND('',#1416,.T.);
#1019=FACE_OUTER_BOUND('',#1417,.T.);
#1020=FACE_OUTER_BOUND('',#1418,.T.);
#1021=FACE_OUTER_BOUND('',#1419,.T.);
#1022=FACE_OUTER_BOUND('',#1420,.T.);
#1023=FACE_OUTER_BOUND('',#1421,.T.);
#1024=FACE_OUTER_BOUND('',#1422,.T.);
#1025=FACE_OUTER_BOUND('',#1423,.T.);
#1026=FACE_OUTER_BOUND('',#1424,.T.);
#1027=FACE_OUTER_BOUND('',#1425,.T.);
#1028=FACE_OUTER_BOUND('',#1426,.T.);
#1029=FACE_OUTER_BOUND('',#1427,.T.);
#1030=FACE_OUTER_BOUND('',#1428,.T.);
#1031=FACE_OUTER_BOUND('',#1429,.T.);
#1032=FACE_OUTER_BOUND('',#1430,.T.);
#1033=FACE_OUTER_BOUND('',#1431,.T.);
#1034=FACE_OUTER_BOUND('',#1432,.T.);
#1035=FACE_OUTER_BOUND('',#1433,.T.);
#1036=FACE_OUTER_BOUND('',#1434,.T.);
#1037=FACE_OUTER_BOUND('',#1435,.T.);
#1038=FACE_OUTER_BOUND('',#1436,.T.);
#1039=FACE_OUTER_BOUND('',#1437,.T.);
#1040=FACE_OUTER_BOUND('',#1438,.T.);
#1041=FACE_OUTER_BOUND('',#1439,.T.);
#1042=FACE_OUTER_BOUND('',#1440,.T.);
#1043=FACE_OUTER_BOUND('',#1441,.T.);
#1044=FACE_OUTER_BOUND('',#1442,.T.);
#1045=FACE_OUTER_BOUND('',#1443,.T.);
#1046=FACE_OUTER_BOUND('',#1444,.T.);
#1047=FACE_OUTER_BOUND('',#1445,.T.);
#1048=FACE_OUTER_BOUND('',#1446,.T.);
#1049=FACE_OUTER_BOUND('',#1447,.T.);
#1050=FACE_OUTER_BOUND('',#1448,.T.);
#1051=FACE_OUTER_BOUND('',#1449,.T.);
#1052=FACE_OUTER_BOUND('',#1450,.T.);
#1053=FACE_OUTER_BOUND('',#1451,.T.);
#1054=FACE_OUTER_BOUND('',#1452,.T.);
#1055=FACE_OUTER_BOUND('',#1453,.T.);
#1056=FACE_OUTER_BOUND('',#1454,.T.);
#1057=FACE_OUTER_BOUND('',#1455,.T.);
#1058=FACE_OUTER_BOUND('',#1456,.T.);
#1059=FACE_OUTER_BOUND('',#1457,.T.);
#1060=FACE_OUTER_BOUND('',#1458,.T.);
#1061=FACE_OUTER_BOUND('',#1459,.T.);
#1062=FACE_OUTER_BOUND('',#1460,.T.);
#1063=FACE_OUTER_BOUND('',#1461,.T.);
#1064=FACE_OUTER_BOUND('',#1462,.T.);
#1065=FACE_OUTER_BOUND('',#1463,.T.);
#1066=FACE_OUTER_BOUND('',#1464,.T.);
#1067=FACE_OUTER_BOUND('',#1465,.T.);
#1068=FACE_OUTER_BOUND('',#1466,.T.);
#1069=FACE_OUTER_BOUND('',#1467,.T.);
#1070=FACE_OUTER_BOUND('',#1468,.T.);
#1071=FACE_OUTER_BOUND('',#1469,.T.);
#1072=FACE_OUTER_BOUND('',#1470,.T.);
#1073=FACE_OUTER_BOUND('',#1471,.T.);
#1074=FACE_OUTER_BOUND('',#1472,.T.);
#1075=FACE_OUTER_BOUND('',#1473,.T.);
#1076=FACE_OUTER_BOUND('',#1474,.T.);
#1077=FACE_OUTER_BOUND('',#1475,.T.);
#1078=FACE_OUTER_BOUND('',#1476,.T.);
#1079=FACE_OUTER_BOUND('',#1477,.T.);
#1080=FACE_OUTER_BOUND('',#1478,.T.);
#1081=FACE_OUTER_BOUND('',#1479,.T.);
#1082=FACE_OUTER_BOUND('',#1480,.T.);
#1083=FACE_OUTER_BOUND('',#1481,.T.);
#1084=FACE_OUTER_BOUND('',#1482,.T.);
#1085=FACE_OUTER_BOUND('',#1483,.T.);
#1086=FACE_OUTER_BOUND('',#1484,.T.);
#1087=FACE_OUTER_BOUND('',#1485,.T.);
#1088=FACE_OUTER_BOUND('',#1486,.T.);
#1089=FACE_OUTER_BOUND('',#1487,.T.);
#1090=FACE_OUTER_BOUND('',#1488,.T.);
#1091=FACE_OUTER_BOUND('',#1489,.T.);
#1092=FACE_OUTER_BOUND('',#1490,.T.);
#1093=FACE_OUTER_BOUND('',#1491,.T.);
#1094=FACE_OUTER_BOUND('',#1492,.T.);
#1095=FACE_OUTER_BOUND('',#1493,.T.);
#1096=FACE_OUTER_BOUND('',#1494,.T.);
#1097=FACE_OUTER_BOUND('',#1495,.T.);
#1098=FACE_OUTER_BOUND('',#1496,.T.);
#1099=FACE_OUTER_BOUND('',#1497,.T.);
#1100=FACE_OUTER_BOUND('',#1498,.T.);
#1101=FACE_OUTER_BOUND('',#1499,.T.);
#1102=FACE_OUTER_BOUND('',#1500,.T.);
#1103=FACE_OUTER_BOUND('',#1501,.T.);
#1104=FACE_OUTER_BOUND('',#1502,.T.);
#1105=FACE_OUTER_BOUND('',#1503,.T.);
#1106=FACE_OUTER_BOUND('',#1504,.T.);
#1107=FACE_OUTER_BOUND('',#1505,.T.);
#1108=FACE_OUTER_BOUND('',#1506,.T.);
#1109=FACE_OUTER_BOUND('',#1507,.T.);
#1110=FACE_OUTER_BOUND('',#1508,.T.);
#1111=FACE_OUTER_BOUND('',#1509,.T.);
#1112=FACE_OUTER_BOUND('',#1510,.T.);
#1113=FACE_OUTER_BOUND('',#1511,.T.);
#1114=FACE_OUTER_BOUND('',#1512,.T.);
#1115=FACE_OUTER_BOUND('',#1513,.T.);
#1116=FACE_OUTER_BOUND('',#1514,.T.);
#1117=FACE_OUTER_BOUND('',#1515,.T.);
#1118=FACE_OUTER_BOUND('',#1516,.T.);
#1119=FACE_OUTER_BOUND('',#1517,.T.);
#1120=FACE_OUTER_BOUND('',#1518,.T.);
#1121=FACE_OUTER_BOUND('',#1519,.T.);
#1122=FACE_OUTER_BOUND('',#1520,.T.);
#1123=FACE_OUTER_BOUND('',#1521,.T.);
#1124=FACE_OUTER_BOUND('',#1522,.T.);
#1125=FACE_OUTER_BOUND('',#1523,.T.);
#1126=FACE_OUTER_BOUND('',#1524,.T.);
#1127=FACE_OUTER_BOUND('',#1525,.T.);
#1128=FACE_OUTER_BOUND('',#1526,.T.);
#1129=FACE_OUTER_BOUND('',#1527,.T.);
#1130=FACE_OUTER_BOUND('',#1528,.T.);
#1131=FACE_OUTER_BOUND('',#1529,.T.);
#1132=FACE_OUTER_BOUND('',#1530,.T.);
#1133=FACE_OUTER_BOUND('',#1531,.T.);
#1134=FACE_OUTER_BOUND('',#1537,.T.);
#1135=FACE_OUTER_BOUND('',#1538,.T.);
#1136=FACE_OUTER_BOUND('',#1539,.T.);
#1137=FACE_OUTER_BOUND('',#1540,.T.);
#1138=FACE_OUTER_BOUND('',#1541,.T.);
#1139=FACE_OUTER_BOUND('',#1547,.T.);
#1140=FACE_OUTER_BOUND('',#1548,.T.);
#1141=FACE_OUTER_BOUND('',#1549,.T.);
#1142=FACE_OUTER_BOUND('',#1550,.T.);
#1143=FACE_OUTER_BOUND('',#1551,.T.);
#1144=FACE_OUTER_BOUND('',#1552,.T.);
#1145=FACE_OUTER_BOUND('',#1558,.T.);
#1146=FACE_OUTER_BOUND('',#1559,.T.);
#1147=FACE_OUTER_BOUND('',#1560,.T.);
#1148=FACE_OUTER_BOUND('',#1561,.T.);
#1149=FACE_OUTER_BOUND('',#1562,.T.);
#1150=FACE_OUTER_BOUND('',#1563,.T.);
#1151=FACE_OUTER_BOUND('',#1569,.T.);
#1152=FACE_OUTER_BOUND('',#1574,.T.);
#1153=FACE_OUTER_BOUND('',#1575,.T.);
#1154=FACE_OUTER_BOUND('',#1576,.T.);
#1155=FACE_OUTER_BOUND('',#1577,.T.);
#1156=FACE_OUTER_BOUND('',#1578,.T.);
#1157=FACE_OUTER_BOUND('',#1579,.T.);
#1158=FACE_OUTER_BOUND('',#1580,.T.);
#1159=FACE_OUTER_BOUND('',#1585,.T.);
#1160=FACE_OUTER_BOUND('',#1586,.T.);
#1161=FACE_OUTER_BOUND('',#1606,.T.);
#1162=FACE_OUTER_BOUND('',#1607,.T.);
#1163=FACE_OUTER_BOUND('',#1608,.T.);
#1164=FACE_OUTER_BOUND('',#1609,.T.);
#1165=FACE_OUTER_BOUND('',#1610,.T.);
#1166=FACE_OUTER_BOUND('',#1611,.T.);
#1167=FACE_OUTER_BOUND('',#1631,.T.);
#1168=FACE_OUTER_BOUND('',#1632,.T.);
#1169=FACE_OUTER_BOUND('',#1633,.T.);
#1170=FACE_OUTER_BOUND('',#1634,.T.);
#1171=FACE_OUTER_BOUND('',#1635,.T.);
#1172=FACE_OUTER_BOUND('',#1636,.T.);
#1173=FACE_OUTER_BOUND('',#1637,.T.);
#1174=FACE_OUTER_BOUND('',#1638,.T.);
#1175=FACE_OUTER_BOUND('',#1639,.T.);
#1176=FACE_OUTER_BOUND('',#1640,.T.);
#1177=FACE_OUTER_BOUND('',#1641,.T.);
#1178=FACE_OUTER_BOUND('',#1642,.T.);
#1179=FACE_OUTER_BOUND('',#1643,.T.);
#1180=FACE_OUTER_BOUND('',#1644,.T.);
#1181=FACE_OUTER_BOUND('',#1645,.T.);
#1182=FACE_OUTER_BOUND('',#1646,.T.);
#1183=FACE_OUTER_BOUND('',#1647,.T.);
#1184=FACE_OUTER_BOUND('',#1648,.T.);
#1185=FACE_OUTER_BOUND('',#1649,.T.);
#1186=FACE_OUTER_BOUND('',#1650,.T.);
#1187=FACE_OUTER_BOUND('',#1651,.T.);
#1188=FACE_OUTER_BOUND('',#1652,.T.);
#1189=FACE_OUTER_BOUND('',#1653,.T.);
#1190=FACE_OUTER_BOUND('',#1654,.T.);
#1191=FACE_OUTER_BOUND('',#1655,.T.);
#1192=FACE_OUTER_BOUND('',#1656,.T.);
#1193=FACE_OUTER_BOUND('',#1657,.T.);
#1194=FACE_OUTER_BOUND('',#1658,.T.);
#1195=FACE_OUTER_BOUND('',#1659,.T.);
#1196=FACE_OUTER_BOUND('',#1660,.T.);
#1197=FACE_OUTER_BOUND('',#1661,.T.);
#1198=FACE_OUTER_BOUND('',#1662,.T.);
#1199=FACE_OUTER_BOUND('',#1663,.T.);
#1200=FACE_OUTER_BOUND('',#1664,.T.);
#1201=FACE_OUTER_BOUND('',#1665,.T.);
#1202=FACE_OUTER_BOUND('',#1689,.T.);
#1203=EDGE_LOOP('',(#4887,#4888,#4889,#4890));
#1204=EDGE_LOOP('',(#4891,#4892,#4893,#4894));
#1205=EDGE_LOOP('',(#4895,#4896,#4897,#4898));
#1206=EDGE_LOOP('',(#4899,#4900,#4901,#4902));
#1207=EDGE_LOOP('',(#4903,#4904,#4905,#4906));
#1208=EDGE_LOOP('',(#4907,#4908,#4909,#4910));
#1209=EDGE_LOOP('',(#4911,#4912,#4913,#4914));
#1210=EDGE_LOOP('',(#4915,#4916,#4917,#4918));
#1211=EDGE_LOOP('',(#4919,#4920,#4921,#4922));
#1212=EDGE_LOOP('',(#4923,#4924,#4925,#4926));
#1213=EDGE_LOOP('',(#4927,#4928,#4929,#4930));
#1214=EDGE_LOOP('',(#4931,#4932,#4933,#4934));
#1215=EDGE_LOOP('',(#4935,#4936,#4937,#4938));
#1216=EDGE_LOOP('',(#4939,#4940,#4941,#4942));
#1217=EDGE_LOOP('',(#4943,#4944,#4945,#4946));
#1218=EDGE_LOOP('',(#4947,#4948,#4949,#4950));
#1219=EDGE_LOOP('',(#4951,#4952,#4953,#4954));
#1220=EDGE_LOOP('',(#4955,#4956,#4957,#4958));
#1221=EDGE_LOOP('',(#4959,#4960,#4961,#4962,#4963,#4964,#4965,#4966,#4967,
#4968));
#1222=EDGE_LOOP('',(#4969,#4970,#4971,#4972,#4973,#4974,#4975,#4976));
#1223=EDGE_LOOP('',(#4977,#4978,#4979,#4980,#4981,#4982,#4983,#4984,#4985,
#4986));
#1224=EDGE_LOOP('',(#4987,#4988,#4989,#4990,#4991,#4992,#4993,#4994));
#1225=EDGE_LOOP('',(#4995,#4996,#4997,#4998));
#1226=EDGE_LOOP('',(#4999,#5000,#5001,#5002));
#1227=EDGE_LOOP('',(#5003,#5004,#5005,#5006));
#1228=EDGE_LOOP('',(#5007,#5008,#5009,#5010));
#1229=EDGE_LOOP('',(#5011,#5012,#5013,#5014));
#1230=EDGE_LOOP('',(#5015,#5016,#5017,#5018));
#1231=EDGE_LOOP('',(#5019,#5020,#5021,#5022,#5023,#5024));
#1232=EDGE_LOOP('',(#5025,#5026,#5027,#5028,#5029,#5030));
#1233=EDGE_LOOP('',(#5031,#5032,#5033,#5034));
#1234=EDGE_LOOP('',(#5035,#5036,#5037,#5038));
#1235=EDGE_LOOP('',(#5039,#5040,#5041,#5042));
#1236=EDGE_LOOP('',(#5043,#5044,#5045,#5046));
#1237=EDGE_LOOP('',(#5047,#5048,#5049,#5050));
#1238=EDGE_LOOP('',(#5051,#5052,#5053,#5054));
#1239=EDGE_LOOP('',(#5055,#5056,#5057,#5058));
#1240=EDGE_LOOP('',(#5059,#5060,#5061,#5062));
#1241=EDGE_LOOP('',(#5063,#5064,#5065,#5066));
#1242=EDGE_LOOP('',(#5067,#5068,#5069,#5070));
#1243=EDGE_LOOP('',(#5071,#5072,#5073,#5074));
#1244=EDGE_LOOP('',(#5075,#5076,#5077,#5078,#5079,#5080,#5081,#5082));
#1245=EDGE_LOOP('',(#5083,#5084,#5085));
#1246=EDGE_LOOP('',(#5086,#5087,#5088,#5089,#5090,#5091,#5092,#5093));
#1247=EDGE_LOOP('',(#5094,#5095,#5096));
#1248=EDGE_LOOP('',(#5097,#5098,#5099,#5100));
#1249=EDGE_LOOP('',(#5101,#5102,#5103,#5104));
#1250=EDGE_LOOP('',(#5105,#5106,#5107,#5108));
#1251=EDGE_LOOP('',(#5109,#5110,#5111,#5112));
#1252=EDGE_LOOP('',(#5113,#5114,#5115,#5116));
#1253=EDGE_LOOP('',(#5117,#5118,#5119,#5120));
#1254=EDGE_LOOP('',(#5121,#5122,#5123,#5124));
#1255=EDGE_LOOP('',(#5125,#5126,#5127,#5128));
#1256=EDGE_LOOP('',(#5129,#5130,#5131,#5132));
#1257=EDGE_LOOP('',(#5133,#5134,#5135,#5136));
#1258=EDGE_LOOP('',(#5137,#5138,#5139,#5140));
#1259=EDGE_LOOP('',(#5141,#5142,#5143,#5144));
#1260=EDGE_LOOP('',(#5145,#5146,#5147,#5148));
#1261=EDGE_LOOP('',(#5149,#5150,#5151,#5152));
#1262=EDGE_LOOP('',(#5153,#5154,#5155,#5156));
#1263=EDGE_LOOP('',(#5157,#5158,#5159,#5160));
#1264=EDGE_LOOP('',(#5161,#5162,#5163,#5164));
#1265=EDGE_LOOP('',(#5165,#5166,#5167,#5168));
#1266=EDGE_LOOP('',(#5169,#5170,#5171,#5172));
#1267=EDGE_LOOP('',(#5173,#5174,#5175,#5176));
#1268=EDGE_LOOP('',(#5177,#5178,#5179,#5180));
#1269=EDGE_LOOP('',(#5181,#5182,#5183,#5184,#5185,#5186,#5187,#5188,#5189,
#5190,#5191,#5192));
#1270=EDGE_LOOP('',(#5193,#5194,#5195,#5196,#5197,#5198,#5199,#5200,#5201));
#1271=EDGE_LOOP('',(#5202,#5203,#5204,#5205,#5206,#5207,#5208,#5209,#5210,
#5211,#5212,#5213));
#1272=EDGE_LOOP('',(#5214,#5215,#5216,#5217,#5218,#5219,#5220,#5221,#5222));
#1273=EDGE_LOOP('',(#5223,#5224,#5225,#5226));
#1274=EDGE_LOOP('',(#5227,#5228,#5229,#5230));
#1275=EDGE_LOOP('',(#5231,#5232,#5233,#5234));
#1276=EDGE_LOOP('',(#5235,#5236,#5237,#5238));
#1277=EDGE_LOOP('',(#5239,#5240,#5241,#5242));
#1278=EDGE_LOOP('',(#5243,#5244,#5245,#5246));
#1279=EDGE_LOOP('',(#5247,#5248,#5249,#5250));
#1280=EDGE_LOOP('',(#5251,#5252,#5253,#5254));
#1281=EDGE_LOOP('',(#5255,#5256,#5257,#5258));
#1282=EDGE_LOOP('',(#5259,#5260,#5261,#5262));
#1283=EDGE_LOOP('',(#5263,#5264,#5265,#5266));
#1284=EDGE_LOOP('',(#5267,#5268,#5269,#5270));
#1285=EDGE_LOOP('',(#5271,#5272,#5273,#5274,#5275,#5276,#5277,#5278,#5279,
#5280,#5281,#5282));
#1286=EDGE_LOOP('',(#5283,#5284,#5285,#5286,#5287,#5288,#5289,#5290,#5291,
#5292,#5293,#5294));
#1287=EDGE_LOOP('',(#5295,#5296,#5297,#5298));
#1288=EDGE_LOOP('',(#5299,#5300,#5301,#5302));
#1289=EDGE_LOOP('',(#5303,#5304,#5305,#5306));
#1290=EDGE_LOOP('',(#5307,#5308,#5309,#5310));
#1291=EDGE_LOOP('',(#5311,#5312,#5313,#5314));
#1292=EDGE_LOOP('',(#5315,#5316,#5317,#5318));
#1293=EDGE_LOOP('',(#5319,#5320,#5321,#5322));
#1294=EDGE_LOOP('',(#5323,#5324,#5325,#5326));
#1295=EDGE_LOOP('',(#5327,#5328,#5329,#5330));
#1296=EDGE_LOOP('',(#5331,#5332,#5333,#5334));
#1297=EDGE_LOOP('',(#5335,#5336,#5337,#5338));
#1298=EDGE_LOOP('',(#5339,#5340,#5341,#5342));
#1299=EDGE_LOOP('',(#5343,#5344,#5345,#5346));
#1300=EDGE_LOOP('',(#5347,#5348,#5349,#5350));
#1301=EDGE_LOOP('',(#5351,#5352,#5353,#5354));
#1302=EDGE_LOOP('',(#5355,#5356,#5357,#5358));
#1303=EDGE_LOOP('',(#5359,#5360,#5361,#5362));
#1304=EDGE_LOOP('',(#5363,#5364,#5365,#5366));
#1305=EDGE_LOOP('',(#5367,#5368,#5369,#5370,#5371,#5372,#5373,#5374,#5375,
#5376,#5377,#5378,#5379,#5380,#5381,#5382,#5383,#5384));
#1306=EDGE_LOOP('',(#5385,#5386,#5387,#5388,#5389,#5390,#5391,#5392,#5393,
#5394,#5395,#5396,#5397,#5398,#5399,#5400,#5401,#5402));
#1307=EDGE_LOOP('',(#5403,#5404,#5405,#5406));
#1308=EDGE_LOOP('',(#5407,#5408,#5409,#5410));
#1309=EDGE_LOOP('',(#5411,#5412,#5413,#5414));
#1310=EDGE_LOOP('',(#5415,#5416,#5417,#5418));
#1311=EDGE_LOOP('',(#5419,#5420,#5421,#5422));
#1312=EDGE_LOOP('',(#5423,#5424,#5425,#5426));
#1313=EDGE_LOOP('',(#5427,#5428,#5429,#5430));
#1314=EDGE_LOOP('',(#5431,#5432,#5433,#5434));
#1315=EDGE_LOOP('',(#5435,#5436,#5437,#5438,#5439,#5440,#5441,#5442));
#1316=EDGE_LOOP('',(#5443,#5444,#5445,#5446,#5447,#5448,#5449,#5450));
#1317=EDGE_LOOP('',(#5451,#5452,#5453,#5454));
#1318=EDGE_LOOP('',(#5455,#5456,#5457,#5458));
#1319=EDGE_LOOP('',(#5459,#5460,#5461,#5462));
#1320=EDGE_LOOP('',(#5463,#5464,#5465,#5466));
#1321=EDGE_LOOP('',(#5467,#5468,#5469,#5470));
#1322=EDGE_LOOP('',(#5471,#5472,#5473,#5474));
#1323=EDGE_LOOP('',(#5475,#5476,#5477,#5478));
#1324=EDGE_LOOP('',(#5479,#5480,#5481,#5482));
#1325=EDGE_LOOP('',(#5483,#5484,#5485,#5486));
#1326=EDGE_LOOP('',(#5487,#5488,#5489,#5490));
#1327=EDGE_LOOP('',(#5491,#5492,#5493,#5494));
#1328=EDGE_LOOP('',(#5495,#5496,#5497,#5498));
#1329=EDGE_LOOP('',(#5499,#5500,#5501,#5502));
#1330=EDGE_LOOP('',(#5503,#5504,#5505,#5506));
#1331=EDGE_LOOP('',(#5507,#5508,#5509,#5510));
#1332=EDGE_LOOP('',(#5511,#5512,#5513,#5514));
#1333=EDGE_LOOP('',(#5515,#5516,#5517,#5518));
#1334=EDGE_LOOP('',(#5519,#5520,#5521,#5522));
#1335=EDGE_LOOP('',(#5523,#5524,#5525,#5526));
#1336=EDGE_LOOP('',(#5527,#5528,#5529,#5530,#5531,#5532,#5533,#5534,#5535,
#5536,#5537,#5538,#5539));
#1337=EDGE_LOOP('',(#5540,#5541,#5542,#5543,#5544,#5545,#5546,#5547,#5548,
#5549,#5550,#5551,#5552));
#1338=EDGE_LOOP('',(#5553,#5554,#5555,#5556));
#1339=EDGE_LOOP('',(#5557,#5558,#5559,#5560));
#1340=EDGE_LOOP('',(#5561,#5562,#5563,#5564));
#1341=EDGE_LOOP('',(#5565,#5566,#5567,#5568));
#1342=EDGE_LOOP('',(#5569,#5570,#5571,#5572));
#1343=EDGE_LOOP('',(#5573,#5574,#5575,#5576));
#1344=EDGE_LOOP('',(#5577,#5578,#5579,#5580));
#1345=EDGE_LOOP('',(#5581,#5582,#5583,#5584));
#1346=EDGE_LOOP('',(#5585,#5586,#5587,#5588));
#1347=EDGE_LOOP('',(#5589,#5590,#5591,#5592,#5593,#5594,#5595,#5596,#5597));
#1348=EDGE_LOOP('',(#5598,#5599,#5600,#5601,#5602,#5603,#5604,#5605,#5606));
#1349=EDGE_LOOP('',(#5607,#5608,#5609,#5610));
#1350=EDGE_LOOP('',(#5611,#5612,#5613,#5614));
#1351=EDGE_LOOP('',(#5615,#5616,#5617,#5618));
#1352=EDGE_LOOP('',(#5619,#5620,#5621,#5622));
#1353=EDGE_LOOP('',(#5623,#5624,#5625,#5626));
#1354=EDGE_LOOP('',(#5627,#5628,#5629,#5630));
#1355=EDGE_LOOP('',(#5631,#5632,#5633,#5634,#5635,#5636));
#1356=EDGE_LOOP('',(#5637,#5638,#5639,#5640,#5641,#5642));
#1357=EDGE_LOOP('',(#5643,#5644,#5645,#5646));
#1358=EDGE_LOOP('',(#5647,#5648,#5649,#5650));
#1359=EDGE_LOOP('',(#5651,#5652,#5653,#5654));
#1360=EDGE_LOOP('',(#5655,#5656,#5657,#5658));
#1361=EDGE_LOOP('',(#5659,#5660,#5661,#5662));
#1362=EDGE_LOOP('',(#5663,#5664,#5665,#5666));
#1363=EDGE_LOOP('',(#5667,#5668,#5669,#5670));
#1364=EDGE_LOOP('',(#5671,#5672,#5673,#5674));
#1365=EDGE_LOOP('',(#5675,#5676,#5677,#5678));
#1366=EDGE_LOOP('',(#5679,#5680,#5681,#5682));
#1367=EDGE_LOOP('',(#5683,#5684,#5685,#5686));
#1368=EDGE_LOOP('',(#5687,#5688,#5689,#5690));
#1369=EDGE_LOOP('',(#5691,#5692,#5693,#5694));
#1370=EDGE_LOOP('',(#5695,#5696,#5697,#5698));
#1371=EDGE_LOOP('',(#5699,#5700,#5701,#5702));
#1372=EDGE_LOOP('',(#5703,#5704,#5705,#5706));
#1373=EDGE_LOOP('',(#5707,#5708,#5709,#5710));
#1374=EDGE_LOOP('',(#5711,#5712,#5713,#5714));
#1375=EDGE_LOOP('',(#5715,#5716,#5717,#5718));
#1376=EDGE_LOOP('',(#5719,#5720,#5721,#5722));
#1377=EDGE_LOOP('',(#5723,#5724,#5725,#5726));
#1378=EDGE_LOOP('',(#5727,#5728,#5729,#5730));
#1379=EDGE_LOOP('',(#5731,#5732,#5733,#5734));
#1380=EDGE_LOOP('',(#5735,#5736,#5737,#5738));
#1381=EDGE_LOOP('',(#5739,#5740,#5741,#5742));
#1382=EDGE_LOOP('',(#5743,#5744,#5745,#5746));
#1383=EDGE_LOOP('',(#5747,#5748,#5749,#5750));
#1384=EDGE_LOOP('',(#5751,#5752,#5753,#5754,#5755,#5756,#5757,#5758,#5759,
#5760,#5761,#5762,#5763,#5764,#5765,#5766,#5767,#5768));
#1385=EDGE_LOOP('',(#5769,#5770,#5771,#5772,#5773,#5774,#5775,#5776,#5777));
#1386=EDGE_LOOP('',(#5778,#5779,#5780,#5781,#5782,#5783,#5784,#5785,#5786,
#5787,#5788,#5789,#5790,#5791,#5792,#5793,#5794,#5795));
#1387=EDGE_LOOP('',(#5796,#5797,#5798,#5799,#5800,#5801,#5802,#5803,#5804));
#1388=EDGE_LOOP('',(#5805,#5806,#5807,#5808));
#1389=EDGE_LOOP('',(#5809,#5810,#5811,#5812));
#1390=EDGE_LOOP('',(#5813,#5814,#5815,#5816));
#1391=EDGE_LOOP('',(#5817,#5818,#5819,#5820));
#1392=EDGE_LOOP('',(#5821,#5822,#5823,#5824));
#1393=EDGE_LOOP('',(#5825,#5826,#5827,#5828));
#1394=EDGE_LOOP('',(#5829,#5830,#5831,#5832));
#1395=EDGE_LOOP('',(#5833,#5834,#5835,#5836));
#1396=EDGE_LOOP('',(#5837,#5838,#5839,#5840));
#1397=EDGE_LOOP('',(#5841,#5842,#5843,#5844));
#1398=EDGE_LOOP('',(#5845,#5846,#5847,#5848));
#1399=EDGE_LOOP('',(#5849,#5850,#5851,#5852));
#1400=EDGE_LOOP('',(#5853,#5854,#5855,#5856));
#1401=EDGE_LOOP('',(#5857,#5858,#5859,#5860));
#1402=EDGE_LOOP('',(#5861,#5862,#5863,#5864));
#1403=EDGE_LOOP('',(#5865,#5866,#5867,#5868));
#1404=EDGE_LOOP('',(#5869,#5870,#5871,#5872));
#1405=EDGE_LOOP('',(#5873,#5874,#5875,#5876));
#1406=EDGE_LOOP('',(#5877,#5878,#5879,#5880));
#1407=EDGE_LOOP('',(#5881,#5882,#5883,#5884));
#1408=EDGE_LOOP('',(#5885,#5886,#5887,#5888));
#1409=EDGE_LOOP('',(#5889,#5890,#5891,#5892));
#1410=EDGE_LOOP('',(#5893,#5894,#5895,#5896));
#1411=EDGE_LOOP('',(#5897,#5898,#5899,#5900));
#1412=EDGE_LOOP('',(#5901,#5902,#5903,#5904));
#1413=EDGE_LOOP('',(#5905,#5906,#5907,#5908));
#1414=EDGE_LOOP('',(#5909,#5910,#5911,#5912));
#1415=EDGE_LOOP('',(#5913,#5914,#5915,#5916));
#1416=EDGE_LOOP('',(#5917,#5918,#5919,#5920));
#1417=EDGE_LOOP('',(#5921,#5922,#5923,#5924));
#1418=EDGE_LOOP('',(#5925,#5926,#5927,#5928));
#1419=EDGE_LOOP('',(#5929,#5930,#5931,#5932));
#1420=EDGE_LOOP('',(#5933,#5934,#5935,#5936));
#1421=EDGE_LOOP('',(#5937,#5938,#5939,#5940));
#1422=EDGE_LOOP('',(#5941,#5942,#5943,#5944));
#1423=EDGE_LOOP('',(#5945,#5946,#5947,#5948));
#1424=EDGE_LOOP('',(#5949,#5950,#5951,#5952));
#1425=EDGE_LOOP('',(#5953,#5954,#5955,#5956));
#1426=EDGE_LOOP('',(#5957,#5958,#5959,#5960));
#1427=EDGE_LOOP('',(#5961,#5962,#5963,#5964));
#1428=EDGE_LOOP('',(#5965,#5966,#5967,#5968));
#1429=EDGE_LOOP('',(#5969,#5970,#5971,#5972));
#1430=EDGE_LOOP('',(#5973,#5974,#5975,#5976));
#1431=EDGE_LOOP('',(#5977,#5978,#5979,#5980));
#1432=EDGE_LOOP('',(#5981,#5982,#5983,#5984));
#1433=EDGE_LOOP('',(#5985,#5986,#5987,#5988));
#1434=EDGE_LOOP('',(#5989,#5990,#5991,#5992));
#1435=EDGE_LOOP('',(#5993,#5994,#5995,#5996));
#1436=EDGE_LOOP('',(#5997,#5998,#5999,#6000));
#1437=EDGE_LOOP('',(#6001,#6002,#6003,#6004));
#1438=EDGE_LOOP('',(#6005,#6006,#6007,#6008));
#1439=EDGE_LOOP('',(#6009,#6010,#6011,#6012));
#1440=EDGE_LOOP('',(#6013,#6014,#6015,#6016));
#1441=EDGE_LOOP('',(#6017,#6018,#6019,#6020));
#1442=EDGE_LOOP('',(#6021,#6022,#6023,#6024));
#1443=EDGE_LOOP('',(#6025,#6026,#6027,#6028));
#1444=EDGE_LOOP('',(#6029,#6030,#6031,#6032));
#1445=EDGE_LOOP('',(#6033,#6034,#6035,#6036));
#1446=EDGE_LOOP('',(#6037,#6038,#6039,#6040));
#1447=EDGE_LOOP('',(#6041,#6042,#6043,#6044));
#1448=EDGE_LOOP('',(#6045,#6046,#6047,#6048));
#1449=EDGE_LOOP('',(#6049,#6050,#6051,#6052));
#1450=EDGE_LOOP('',(#6053,#6054,#6055,#6056));
#1451=EDGE_LOOP('',(#6057,#6058,#6059,#6060));
#1452=EDGE_LOOP('',(#6061,#6062,#6063,#6064));
#1453=EDGE_LOOP('',(#6065,#6066,#6067,#6068));
#1454=EDGE_LOOP('',(#6069,#6070,#6071,#6072));
#1455=EDGE_LOOP('',(#6073,#6074,#6075,#6076));
#1456=EDGE_LOOP('',(#6077,#6078,#6079,#6080));
#1457=EDGE_LOOP('',(#6081,#6082,#6083,#6084));
#1458=EDGE_LOOP('',(#6085,#6086,#6087,#6088));
#1459=EDGE_LOOP('',(#6089,#6090,#6091,#6092));
#1460=EDGE_LOOP('',(#6093,#6094,#6095,#6096));
#1461=EDGE_LOOP('',(#6097,#6098,#6099,#6100));
#1462=EDGE_LOOP('',(#6101,#6102,#6103,#6104));
#1463=EDGE_LOOP('',(#6105,#6106,#6107,#6108));
#1464=EDGE_LOOP('',(#6109,#6110,#6111,#6112));
#1465=EDGE_LOOP('',(#6113,#6114,#6115,#6116));
#1466=EDGE_LOOP('',(#6117,#6118,#6119,#6120));
#1467=EDGE_LOOP('',(#6121,#6122,#6123,#6124));
#1468=EDGE_LOOP('',(#6125,#6126,#6127,#6128));
#1469=EDGE_LOOP('',(#6129,#6130,#6131,#6132));
#1470=EDGE_LOOP('',(#6133,#6134,#6135,#6136));
#1471=EDGE_LOOP('',(#6137,#6138,#6139,#6140));
#1472=EDGE_LOOP('',(#6141,#6142,#6143,#6144));
#1473=EDGE_LOOP('',(#6145,#6146,#6147,#6148));
#1474=EDGE_LOOP('',(#6149,#6150,#6151,#6152));
#1475=EDGE_LOOP('',(#6153,#6154,#6155,#6156));
#1476=EDGE_LOOP('',(#6157,#6158,#6159,#6160));
#1477=EDGE_LOOP('',(#6161,#6162,#6163,#6164));
#1478=EDGE_LOOP('',(#6165,#6166,#6167,#6168));
#1479=EDGE_LOOP('',(#6169,#6170,#6171,#6172));
#1480=EDGE_LOOP('',(#6173,#6174,#6175,#6176));
#1481=EDGE_LOOP('',(#6177,#6178,#6179,#6180));
#1482=EDGE_LOOP('',(#6181,#6182,#6183,#6184));
#1483=EDGE_LOOP('',(#6185,#6186,#6187,#6188));
#1484=EDGE_LOOP('',(#6189,#6190,#6191,#6192));
#1485=EDGE_LOOP('',(#6193,#6194,#6195,#6196));
#1486=EDGE_LOOP('',(#6197,#6198,#6199,#6200));
#1487=EDGE_LOOP('',(#6201,#6202,#6203,#6204));
#1488=EDGE_LOOP('',(#6205,#6206,#6207,#6208));
#1489=EDGE_LOOP('',(#6209,#6210,#6211,#6212));
#1490=EDGE_LOOP('',(#6213,#6214,#6215,#6216));
#1491=EDGE_LOOP('',(#6217,#6218,#6219,#6220));
#1492=EDGE_LOOP('',(#6221,#6222,#6223,#6224));
#1493=EDGE_LOOP('',(#6225,#6226,#6227,#6228));
#1494=EDGE_LOOP('',(#6229,#6230,#6231,#6232));
#1495=EDGE_LOOP('',(#6233,#6234,#6235,#6236));
#1496=EDGE_LOOP('',(#6237,#6238,#6239,#6240));
#1497=EDGE_LOOP('',(#6241,#6242,#6243,#6244));
#1498=EDGE_LOOP('',(#6245,#6246,#6247,#6248));
#1499=EDGE_LOOP('',(#6249,#6250,#6251,#6252));
#1500=EDGE_LOOP('',(#6253,#6254,#6255,#6256));
#1501=EDGE_LOOP('',(#6257,#6258,#6259,#6260));
#1502=EDGE_LOOP('',(#6261,#6262,#6263,#6264));
#1503=EDGE_LOOP('',(#6265,#6266,#6267,#6268));
#1504=EDGE_LOOP('',(#6269,#6270,#6271,#6272));
#1505=EDGE_LOOP('',(#6273,#6274,#6275,#6276));
#1506=EDGE_LOOP('',(#6277,#6278,#6279,#6280));
#1507=EDGE_LOOP('',(#6281,#6282,#6283,#6284));
#1508=EDGE_LOOP('',(#6285,#6286,#6287,#6288));
#1509=EDGE_LOOP('',(#6289,#6290,#6291,#6292));
#1510=EDGE_LOOP('',(#6293,#6294,#6295,#6296));
#1511=EDGE_LOOP('',(#6297,#6298,#6299,#6300));
#1512=EDGE_LOOP('',(#6301,#6302,#6303,#6304));
#1513=EDGE_LOOP('',(#6305,#6306,#6307,#6308));
#1514=EDGE_LOOP('',(#6309,#6310,#6311,#6312));
#1515=EDGE_LOOP('',(#6313,#6314,#6315,#6316));
#1516=EDGE_LOOP('',(#6317,#6318,#6319,#6320));
#1517=EDGE_LOOP('',(#6321,#6322,#6323,#6324));
#1518=EDGE_LOOP('',(#6325,#6326,#6327,#6328));
#1519=EDGE_LOOP('',(#6329,#6330,#6331,#6332));
#1520=EDGE_LOOP('',(#6333,#6334,#6335,#6336));
#1521=EDGE_LOOP('',(#6337,#6338,#6339,#6340));
#1522=EDGE_LOOP('',(#6341,#6342,#6343,#6344));
#1523=EDGE_LOOP('',(#6345,#6346,#6347,#6348));
#1524=EDGE_LOOP('',(#6349,#6350,#6351,#6352));
#1525=EDGE_LOOP('',(#6353,#6354,#6355,#6356));
#1526=EDGE_LOOP('',(#6357,#6358,#6359,#6360));
#1527=EDGE_LOOP('',(#6361,#6362,#6363,#6364));
#1528=EDGE_LOOP('',(#6365,#6366,#6367,#6368));
#1529=EDGE_LOOP('',(#6369,#6370,#6371,#6372));
#1530=EDGE_LOOP('',(#6373,#6374,#6375,#6376));
#1531=EDGE_LOOP('',(#6377,#6378,#6379,#6380,#6381,#6382));
#1532=EDGE_LOOP('',(#6383));
#1533=EDGE_LOOP('',(#6384));
#1534=EDGE_LOOP('',(#6385));
#1535=EDGE_LOOP('',(#6386));
#1536=EDGE_LOOP('',(#6387));
#1537=EDGE_LOOP('',(#6388,#6389,#6390,#6391));
#1538=EDGE_LOOP('',(#6392,#6393,#6394,#6395));
#1539=EDGE_LOOP('',(#6396,#6397,#6398,#6399));
#1540=EDGE_LOOP('',(#6400,#6401,#6402,#6403));
#1541=EDGE_LOOP('',(#6404,#6405,#6406,#6407));
#1542=EDGE_LOOP('',(#6408));
#1543=EDGE_LOOP('',(#6409));
#1544=EDGE_LOOP('',(#6410));
#1545=EDGE_LOOP('',(#6411));
#1546=EDGE_LOOP('',(#6412));
#1547=EDGE_LOOP('',(#6413,#6414,#6415,#6416));
#1548=EDGE_LOOP('',(#6417,#6418,#6419,#6420));
#1549=EDGE_LOOP('',(#6421,#6422,#6423,#6424));
#1550=EDGE_LOOP('',(#6425,#6426,#6427,#6428));
#1551=EDGE_LOOP('',(#6429,#6430,#6431,#6432));
#1552=EDGE_LOOP('',(#6433,#6434,#6435,#6436));
#1553=EDGE_LOOP('',(#6437));
#1554=EDGE_LOOP('',(#6438));
#1555=EDGE_LOOP('',(#6439));
#1556=EDGE_LOOP('',(#6440));
#1557=EDGE_LOOP('',(#6441));
#1558=EDGE_LOOP('',(#6442,#6443,#6444,#6445));
#1559=EDGE_LOOP('',(#6446,#6447,#6448,#6449));
#1560=EDGE_LOOP('',(#6450,#6451,#6452,#6453));
#1561=EDGE_LOOP('',(#6454,#6455,#6456,#6457));
#1562=EDGE_LOOP('',(#6458,#6459,#6460,#6461));
#1563=EDGE_LOOP('',(#6462,#6463,#6464,#6465,#6466,#6467));
#1564=EDGE_LOOP('',(#6468));
#1565=EDGE_LOOP('',(#6469));
#1566=EDGE_LOOP('',(#6470));
#1567=EDGE_LOOP('',(#6471));
#1568=EDGE_LOOP('',(#6472));
#1569=EDGE_LOOP('',(#6473,#6474,#6475,#6476));
#1570=EDGE_LOOP('',(#6477));
#1571=EDGE_LOOP('',(#6478));
#1572=EDGE_LOOP('',(#6479));
#1573=EDGE_LOOP('',(#6480));
#1574=EDGE_LOOP('',(#6481,#6482,#6483,#6484));
#1575=EDGE_LOOP('',(#6485,#6486,#6487,#6488));
#1576=EDGE_LOOP('',(#6489,#6490,#6491,#6492));
#1577=EDGE_LOOP('',(#6493,#6494,#6495,#6496));
#1578=EDGE_LOOP('',(#6497,#6498,#6499,#6500));
#1579=EDGE_LOOP('',(#6501,#6502,#6503,#6504));
#1580=EDGE_LOOP('',(#6505,#6506,#6507,#6508));
#1581=EDGE_LOOP('',(#6509));
#1582=EDGE_LOOP('',(#6510));
#1583=EDGE_LOOP('',(#6511));
#1584=EDGE_LOOP('',(#6512));
#1585=EDGE_LOOP('',(#6513,#6514,#6515,#6516));
#1586=EDGE_LOOP('',(#6517,#6518,#6519,#6520));
#1587=EDGE_LOOP('',(#6521));
#1588=EDGE_LOOP('',(#6522));
#1589=EDGE_LOOP('',(#6523));
#1590=EDGE_LOOP('',(#6524));
#1591=EDGE_LOOP('',(#6525,#6526,#6527,#6528,#6529,#6530,#6531,#6532));
#1592=EDGE_LOOP('',(#6533));
#1593=EDGE_LOOP('',(#6534));
#1594=EDGE_LOOP('',(#6535));
#1595=EDGE_LOOP('',(#6536,#6537,#6538,#6539,#6540,#6541,#6542,#6543));
#1596=EDGE_LOOP('',(#6544,#6545,#6546,#6547,#6548,#6549,#6550,#6551));
#1597=EDGE_LOOP('',(#6552));
#1598=EDGE_LOOP('',(#6553));
#1599=EDGE_LOOP('',(#6554));
#1600=EDGE_LOOP('',(#6555));
#1601=EDGE_LOOP('',(#6556));
#1602=EDGE_LOOP('',(#6557,#6558,#6559,#6560,#6561,#6562,#6563,#6564));
#1603=EDGE_LOOP('',(#6565));
#1604=EDGE_LOOP('',(#6566,#6567,#6568,#6569,#6570,#6571,#6572,#6573));
#1605=EDGE_LOOP('',(#6574,#6575,#6576,#6577,#6578,#6579,#6580,#6581));
#1606=EDGE_LOOP('',(#6582,#6583,#6584,#6585));
#1607=EDGE_LOOP('',(#6586,#6587,#6588,#6589));
#1608=EDGE_LOOP('',(#6590,#6591,#6592,#6593));
#1609=EDGE_LOOP('',(#6594,#6595,#6596,#6597));
#1610=EDGE_LOOP('',(#6598,#6599,#6600,#6601));
#1611=EDGE_LOOP('',(#6602,#6603,#6604,#6605));
#1612=EDGE_LOOP('',(#6606));
#1613=EDGE_LOOP('',(#6607));
#1614=EDGE_LOOP('',(#6608));
#1615=EDGE_LOOP('',(#6609));
#1616=EDGE_LOOP('',(#6610,#6611,#6612,#6613,#6614,#6615,#6616,#6617));
#1617=EDGE_LOOP('',(#6618));
#1618=EDGE_LOOP('',(#6619));
#1619=EDGE_LOOP('',(#6620));
#1620=EDGE_LOOP('',(#6621,#6622,#6623,#6624,#6625,#6626,#6627,#6628));
#1621=EDGE_LOOP('',(#6629,#6630,#6631,#6632,#6633,#6634,#6635,#6636));
#1622=EDGE_LOOP('',(#6637));
#1623=EDGE_LOOP('',(#6638));
#1624=EDGE_LOOP('',(#6639));
#1625=EDGE_LOOP('',(#6640));
#1626=EDGE_LOOP('',(#6641));
#1627=EDGE_LOOP('',(#6642,#6643,#6644,#6645,#6646,#6647,#6648,#6649));
#1628=EDGE_LOOP('',(#6650));
#1629=EDGE_LOOP('',(#6651,#6652,#6653,#6654,#6655,#6656,#6657,#6658));
#1630=EDGE_LOOP('',(#6659,#6660,#6661,#6662,#6663,#6664,#6665,#6666));
#1631=EDGE_LOOP('',(#6667,#6668,#6669,#6670));
#1632=EDGE_LOOP('',(#6671,#6672,#6673,#6674));
#1633=EDGE_LOOP('',(#6675,#6676,#6677,#6678));
#1634=EDGE_LOOP('',(#6679,#6680,#6681,#6682));
#1635=EDGE_LOOP('',(#6683,#6684,#6685,#6686));
#1636=EDGE_LOOP('',(#6687,#6688,#6689,#6690));
#1637=EDGE_LOOP('',(#6691,#6692,#6693,#6694));
#1638=EDGE_LOOP('',(#6695,#6696,#6697,#6698));
#1639=EDGE_LOOP('',(#6699,#6700,#6701,#6702));
#1640=EDGE_LOOP('',(#6703,#6704,#6705,#6706));
#1641=EDGE_LOOP('',(#6707,#6708,#6709,#6710));
#1642=EDGE_LOOP('',(#6711,#6712,#6713,#6714));
#1643=EDGE_LOOP('',(#6715,#6716,#6717,#6718));
#1644=EDGE_LOOP('',(#6719,#6720,#6721,#6722));
#1645=EDGE_LOOP('',(#6723,#6724,#6725,#6726));
#1646=EDGE_LOOP('',(#6727,#6728,#6729,#6730));
#1647=EDGE_LOOP('',(#6731,#6732,#6733,#6734));
#1648=EDGE_LOOP('',(#6735,#6736,#6737,#6738));
#1649=EDGE_LOOP('',(#6739,#6740,#6741,#6742));
#1650=EDGE_LOOP('',(#6743,#6744,#6745,#6746));
#1651=EDGE_LOOP('',(#6747,#6748,#6749,#6750));
#1652=EDGE_LOOP('',(#6751,#6752,#6753,#6754));
#1653=EDGE_LOOP('',(#6755,#6756,#6757,#6758));
#1654=EDGE_LOOP('',(#6759,#6760,#6761,#6762));
#1655=EDGE_LOOP('',(#6763,#6764,#6765,#6766));
#1656=EDGE_LOOP('',(#6767,#6768,#6769,#6770));
#1657=EDGE_LOOP('',(#6771,#6772,#6773,#6774));
#1658=EDGE_LOOP('',(#6775,#6776,#6777,#6778));
#1659=EDGE_LOOP('',(#6779,#6780,#6781,#6782));
#1660=EDGE_LOOP('',(#6783,#6784,#6785,#6786));
#1661=EDGE_LOOP('',(#6787,#6788,#6789,#6790));
#1662=EDGE_LOOP('',(#6791,#6792,#6793,#6794));
#1663=EDGE_LOOP('',(#6795,#6796,#6797,#6798));
#1664=EDGE_LOOP('',(#6799,#6800,#6801,#6802));
#1665=EDGE_LOOP('',(#6803,#6804,#6805,#6806));
#1666=EDGE_LOOP('',(#6807));
#1667=EDGE_LOOP('',(#6808));
#1668=EDGE_LOOP('',(#6809));
#1669=EDGE_LOOP('',(#6810));
#1670=EDGE_LOOP('',(#6811));
#1671=EDGE_LOOP('',(#6812));
#1672=EDGE_LOOP('',(#6813));
#1673=EDGE_LOOP('',(#6814));
#1674=EDGE_LOOP('',(#6815));
#1675=EDGE_LOOP('',(#6816));
#1676=EDGE_LOOP('',(#6817));
#1677=EDGE_LOOP('',(#6818));
#1678=EDGE_LOOP('',(#6819));
#1679=EDGE_LOOP('',(#6820));
#1680=EDGE_LOOP('',(#6821));
#1681=EDGE_LOOP('',(#6822));
#1682=EDGE_LOOP('',(#6823,#6824,#6825,#6826,#6827,#6828,#6829,#6830));
#1683=EDGE_LOOP('',(#6831,#6832,#6833,#6834,#6835,#6836,#6837,#6838));
#1684=EDGE_LOOP('',(#6839,#6840,#6841,#6842,#6843,#6844,#6845,#6846));
#1685=EDGE_LOOP('',(#6847,#6848,#6849,#6850,#6851,#6852,#6853,#6854));
#1686=EDGE_LOOP('',(#6855,#6856,#6857,#6858,#6859,#6860,#6861,#6862));
#1687=EDGE_LOOP('',(#6863,#6864,#6865,#6866,#6867,#6868,#6869,#6870));
#1688=EDGE_LOOP('',(#6871,#6872,#6873,#6874,#6875,#6876,#6877,#6878));
#1689=EDGE_LOOP('',(#6879,#6880,#6881,#6882));
#1690=EDGE_LOOP('',(#6883));
#1691=EDGE_LOOP('',(#6884));
#1692=EDGE_LOOP('',(#6885));
#1693=EDGE_LOOP('',(#6886));
#1694=EDGE_LOOP('',(#6887));
#1695=EDGE_LOOP('',(#6888));
#1696=EDGE_LOOP('',(#6889));
#1697=EDGE_LOOP('',(#6890));
#1698=EDGE_LOOP('',(#6891));
#1699=EDGE_LOOP('',(#6892));
#1700=EDGE_LOOP('',(#6893));
#1701=EDGE_LOOP('',(#6894));
#1702=EDGE_LOOP('',(#6895));
#1703=EDGE_LOOP('',(#6896));
#1704=EDGE_LOOP('',(#6897));
#1705=EDGE_LOOP('',(#6898));
#1706=EDGE_LOOP('',(#6899,#6900,#6901,#6902,#6903,#6904,#6905,#6906));
#1707=EDGE_LOOP('',(#6907,#6908,#6909,#6910,#6911,#6912,#6913,#6914));
#1708=EDGE_LOOP('',(#6915,#6916,#6917,#6918,#6919,#6920,#6921,#6922));
#1709=EDGE_LOOP('',(#6923,#6924,#6925,#6926,#6927,#6928,#6929,#6930));
#1710=EDGE_LOOP('',(#6931,#6932,#6933,#6934,#6935,#6936,#6937,#6938));
#1711=EDGE_LOOP('',(#6939,#6940,#6941,#6942,#6943,#6944,#6945,#6946));
#1712=EDGE_LOOP('',(#6947,#6948,#6949,#6950,#6951,#6952,#6953,#6954));
#1713=LINE('',#9826,#2385);
#1714=LINE('',#9833,#2386);
#1715=LINE('',#9856,#2387);
#1716=LINE('',#9879,#2388);
#1717=LINE('',#9902,#2389);
#1718=LINE('',#9925,#2390);
#1719=LINE('',#9948,#2391);
#1720=LINE('',#9971,#2392);
#1721=LINE('',#10010,#2393);
#1722=LINE('',#10017,#2394);
#1723=LINE('',#10040,#2395);
#1724=LINE('',#10063,#2396);
#1725=LINE('',#10086,#2397);
#1726=LINE('',#10109,#2398);
#1727=LINE('',#10132,#2399);
#1728=LINE('',#10155,#2400);
#1729=LINE('',#10178,#2401);
#1730=LINE('',#10201,#2402);
#1731=LINE('',#10227,#2403);
#1732=LINE('',#10229,#2404);
#1733=LINE('',#10231,#2405);
#1734=LINE('',#10232,#2406);
#1735=LINE('',#10235,#2407);
#1736=LINE('',#10237,#2408);
#1737=LINE('',#10238,#2409);
#1738=LINE('',#10241,#2410);
#1739=LINE('',#10243,#2411);
#1740=LINE('',#10244,#2412);
#1741=LINE('',#10247,#2413);
#1742=LINE('',#10249,#2414);
#1743=LINE('',#10250,#2415);
#1744=LINE('',#10253,#2416);
#1745=LINE('',#10255,#2417);
#1746=LINE('',#10256,#2418);
#1747=LINE('',#10258,#2419);
#1748=LINE('',#10259,#2420);
#1749=LINE('',#10265,#2421);
#1750=LINE('',#10267,#2422);
#1751=LINE('',#10269,#2423);
#1752=LINE('',#10270,#2424);
#1753=LINE('',#10273,#2425);
#1754=LINE('',#10275,#2426);
#1755=LINE('',#10276,#2427);
#1756=LINE('',#10278,#2428);
#1757=LINE('',#10279,#2429);
#1758=LINE('',#10283,#2430);
#1759=LINE('',#10285,#2431);
#1760=LINE('',#10287,#2432);
#1761=LINE('',#10288,#2433);
#1762=LINE('',#10291,#2434);
#1763=LINE('',#10293,#2435);
#1764=LINE('',#10294,#2436);
#1765=LINE('',#10297,#2437);
#1766=LINE('',#10299,#2438);
#1767=LINE('',#10300,#2439);
#1768=LINE('',#10303,#2440);
#1769=LINE('',#10305,#2441);
#1770=LINE('',#10306,#2442);
#1771=LINE('',#10309,#2443);
#1772=LINE('',#10311,#2444);
#1773=LINE('',#10312,#2445);
#1774=LINE('',#10315,#2446);
#1775=LINE('',#10317,#2447);
#1776=LINE('',#10318,#2448);
#1777=LINE('',#10321,#2449);
#1778=LINE('',#10323,#2450);
#1779=LINE('',#10324,#2451);
#1780=LINE('',#10326,#2452);
#1781=LINE('',#10327,#2453);
#1782=LINE('',#10333,#2454);
#1783=LINE('',#10335,#2455);
#1784=LINE('',#10337,#2456);
#1785=LINE('',#10338,#2457);
#1786=LINE('',#10341,#2458);
#1787=LINE('',#10343,#2459);
#1788=LINE('',#10344,#2460);
#1789=LINE('',#10367,#2461);
#1790=LINE('',#10390,#2462);
#1791=LINE('',#10413,#2463);
#1792=LINE('',#10436,#2464);
#1793=LINE('',#10459,#2465);
#1794=LINE('',#10482,#2466);
#1795=LINE('',#10484,#2467);
#1796=LINE('',#10485,#2468);
#1797=LINE('',#10489,#2469);
#1798=LINE('',#10491,#2470);
#1799=LINE('',#10493,#2471);
#1800=LINE('',#10494,#2472);
#1801=LINE('',#10497,#2473);
#1802=LINE('',#10499,#2474);
#1803=LINE('',#10500,#2475);
#1804=LINE('',#10523,#2476);
#1805=LINE('',#10546,#2477);
#1806=LINE('',#10569,#2478);
#1807=LINE('',#10592,#2479);
#1808=LINE('',#10615,#2480);
#1809=LINE('',#10638,#2481);
#1810=LINE('',#10661,#2482);
#1811=LINE('',#10664,#2483);
#1812=LINE('',#10666,#2484);
#1813=LINE('',#10667,#2485);
#1814=LINE('',#10670,#2486);
#1815=LINE('',#10672,#2487);
#1816=LINE('',#10673,#2488);
#1817=LINE('',#10675,#2489);
#1818=LINE('',#10676,#2490);
#1819=LINE('',#10682,#2491);
#1820=LINE('',#10684,#2492);
#1821=LINE('',#10686,#2493);
#1822=LINE('',#10687,#2494);
#1823=LINE('',#10690,#2495);
#1824=LINE('',#10692,#2496);
#1825=LINE('',#10693,#2497);
#1826=LINE('',#10696,#2498);
#1827=LINE('',#10698,#2499);
#1828=LINE('',#10699,#2500);
#1829=LINE('',#10702,#2501);
#1830=LINE('',#10704,#2502);
#1831=LINE('',#10705,#2503);
#1832=LINE('',#10708,#2504);
#1833=LINE('',#10710,#2505);
#1834=LINE('',#10711,#2506);
#1835=LINE('',#10714,#2507);
#1836=LINE('',#10716,#2508);
#1837=LINE('',#10717,#2509);
#1838=LINE('',#10720,#2510);
#1839=LINE('',#10722,#2511);
#1840=LINE('',#10723,#2512);
#1841=LINE('',#10726,#2513);
#1842=LINE('',#10728,#2514);
#1843=LINE('',#10729,#2515);
#1844=LINE('',#10732,#2516);
#1845=LINE('',#10734,#2517);
#1846=LINE('',#10735,#2518);
#1847=LINE('',#10738,#2519);
#1848=LINE('',#10740,#2520);
#1849=LINE('',#10741,#2521);
#1850=LINE('',#10744,#2522);
#1851=LINE('',#10746,#2523);
#1852=LINE('',#10747,#2524);
#1853=LINE('',#10749,#2525);
#1854=LINE('',#10750,#2526);
#1855=LINE('',#10756,#2527);
#1856=LINE('',#10758,#2528);
#1857=LINE('',#10760,#2529);
#1858=LINE('',#10761,#2530);
#1859=LINE('',#10784,#2531);
#1860=LINE('',#10807,#2532);
#1861=LINE('',#10830,#2533);
#1862=LINE('',#10853,#2534);
#1863=LINE('',#10876,#2535);
#1864=LINE('',#10899,#2536);
#1865=LINE('',#10922,#2537);
#1866=LINE('',#10945,#2538);
#1867=LINE('',#10948,#2539);
#1868=LINE('',#10950,#2540);
#1869=LINE('',#10951,#2541);
#1870=LINE('',#10974,#2542);
#1871=LINE('',#10997,#2543);
#1872=LINE('',#11020,#2544);
#1873=LINE('',#11043,#2545);
#1874=LINE('',#11066,#2546);
#1875=LINE('',#11089,#2547);
#1876=LINE('',#11112,#2548);
#1877=LINE('',#11138,#2549);
#1878=LINE('',#11140,#2550);
#1879=LINE('',#11142,#2551);
#1880=LINE('',#11143,#2552);
#1881=LINE('',#11146,#2553);
#1882=LINE('',#11148,#2554);
#1883=LINE('',#11149,#2555);
#1884=LINE('',#11152,#2556);
#1885=LINE('',#11154,#2557);
#1886=LINE('',#11155,#2558);
#1887=LINE('',#11158,#2559);
#1888=LINE('',#11160,#2560);
#1889=LINE('',#11161,#2561);
#1890=LINE('',#11164,#2562);
#1891=LINE('',#11166,#2563);
#1892=LINE('',#11167,#2564);
#1893=LINE('',#11170,#2565);
#1894=LINE('',#11172,#2566);
#1895=LINE('',#11173,#2567);
#1896=LINE('',#11176,#2568);
#1897=LINE('',#11178,#2569);
#1898=LINE('',#11179,#2570);
#1899=LINE('',#11181,#2571);
#1900=LINE('',#11182,#2572);
#1901=LINE('',#11188,#2573);
#1902=LINE('',#11190,#2574);
#1903=LINE('',#11192,#2575);
#1904=LINE('',#11193,#2576);
#1905=LINE('',#11196,#2577);
#1906=LINE('',#11198,#2578);
#1907=LINE('',#11199,#2579);
#1908=LINE('',#11202,#2580);
#1909=LINE('',#11204,#2581);
#1910=LINE('',#11205,#2582);
#1911=LINE('',#11207,#2583);
#1912=LINE('',#11208,#2584);
#1913=LINE('',#11214,#2585);
#1914=LINE('',#11216,#2586);
#1915=LINE('',#11218,#2587);
#1916=LINE('',#11219,#2588);
#1917=LINE('',#11222,#2589);
#1918=LINE('',#11224,#2590);
#1919=LINE('',#11225,#2591);
#1920=LINE('',#11228,#2592);
#1921=LINE('',#11230,#2593);
#1922=LINE('',#11231,#2594);
#1923=LINE('',#11234,#2595);
#1924=LINE('',#11236,#2596);
#1925=LINE('',#11237,#2597);
#1926=LINE('',#11240,#2598);
#1927=LINE('',#11242,#2599);
#1928=LINE('',#11243,#2600);
#1929=LINE('',#11246,#2601);
#1930=LINE('',#11248,#2602);
#1931=LINE('',#11249,#2603);
#1932=LINE('',#11252,#2604);
#1933=LINE('',#11254,#2605);
#1934=LINE('',#11255,#2606);
#1935=LINE('',#11258,#2607);
#1936=LINE('',#11260,#2608);
#1937=LINE('',#11261,#2609);
#1938=LINE('',#11264,#2610);
#1939=LINE('',#11266,#2611);
#1940=LINE('',#11267,#2612);
#1941=LINE('',#11270,#2613);
#1942=LINE('',#11272,#2614);
#1943=LINE('',#11273,#2615);
#1944=LINE('',#11276,#2616);
#1945=LINE('',#11278,#2617);
#1946=LINE('',#11279,#2618);
#1947=LINE('',#11282,#2619);
#1948=LINE('',#11284,#2620);
#1949=LINE('',#11285,#2621);
#1950=LINE('',#11287,#2622);
#1951=LINE('',#11288,#2623);
#1952=LINE('',#11294,#2624);
#1953=LINE('',#11296,#2625);
#1954=LINE('',#11298,#2626);
#1955=LINE('',#11299,#2627);
#1956=LINE('',#11302,#2628);
#1957=LINE('',#11304,#2629);
#1958=LINE('',#11305,#2630);
#1959=LINE('',#11308,#2631);
#1960=LINE('',#11310,#2632);
#1961=LINE('',#11311,#2633);
#1962=LINE('',#11314,#2634);
#1963=LINE('',#11316,#2635);
#1964=LINE('',#11317,#2636);
#1965=LINE('',#11320,#2637);
#1966=LINE('',#11322,#2638);
#1967=LINE('',#11323,#2639);
#1968=LINE('',#11326,#2640);
#1969=LINE('',#11328,#2641);
#1970=LINE('',#11329,#2642);
#1971=LINE('',#11332,#2643);
#1972=LINE('',#11334,#2644);
#1973=LINE('',#11335,#2645);
#1974=LINE('',#11338,#2646);
#1975=LINE('',#11340,#2647);
#1976=LINE('',#11341,#2648);
#1977=LINE('',#11343,#2649);
#1978=LINE('',#11344,#2650);
#1979=LINE('',#11350,#2651);
#1980=LINE('',#11352,#2652);
#1981=LINE('',#11354,#2653);
#1982=LINE('',#11355,#2654);
#1983=LINE('',#11358,#2655);
#1984=LINE('',#11360,#2656);
#1985=LINE('',#11361,#2657);
#1986=LINE('',#11364,#2658);
#1987=LINE('',#11366,#2659);
#1988=LINE('',#11367,#2660);
#1989=LINE('',#11370,#2661);
#1990=LINE('',#11372,#2662);
#1991=LINE('',#11373,#2663);
#1992=LINE('',#11376,#2664);
#1993=LINE('',#11378,#2665);
#1994=LINE('',#11379,#2666);
#1995=LINE('',#11381,#2667);
#1996=LINE('',#11382,#2668);
#1997=LINE('',#11388,#2669);
#1998=LINE('',#11390,#2670);
#1999=LINE('',#11392,#2671);
#2000=LINE('',#11393,#2672);
#2001=LINE('',#11416,#2673);
#2002=LINE('',#11439,#2674);
#2003=LINE('',#11462,#2675);
#2004=LINE('',#11485,#2676);
#2005=LINE('',#11508,#2677);
#2006=LINE('',#11531,#2678);
#2007=LINE('',#11534,#2679);
#2008=LINE('',#11536,#2680);
#2009=LINE('',#11537,#2681);
#2010=LINE('',#11539,#2682);
#2011=LINE('',#11540,#2683);
#2012=LINE('',#11544,#2684);
#2013=LINE('',#11546,#2685);
#2014=LINE('',#11548,#2686);
#2015=LINE('',#11549,#2687);
#2016=LINE('',#11552,#2688);
#2017=LINE('',#11554,#2689);
#2018=LINE('',#11555,#2690);
#2019=LINE('',#11578,#2691);
#2020=LINE('',#11601,#2692);
#2021=LINE('',#11624,#2693);
#2022=LINE('',#11647,#2694);
#2023=LINE('',#11670,#2695);
#2024=LINE('',#11693,#2696);
#2025=LINE('',#11716,#2697);
#2026=LINE('',#11719,#2698);
#2027=LINE('',#11721,#2699);
#2028=LINE('',#11722,#2700);
#2029=LINE('',#11725,#2701);
#2030=LINE('',#11727,#2702);
#2031=LINE('',#11728,#2703);
#2032=LINE('',#11731,#2704);
#2033=LINE('',#11733,#2705);
#2034=LINE('',#11734,#2706);
#2035=LINE('',#11757,#2707);
#2036=LINE('',#11780,#2708);
#2037=LINE('',#11803,#2709);
#2038=LINE('',#11806,#2710);
#2039=LINE('',#11808,#2711);
#2040=LINE('',#11809,#2712);
#2041=LINE('',#11812,#2713);
#2042=LINE('',#11814,#2714);
#2043=LINE('',#11815,#2715);
#2044=LINE('',#11817,#2716);
#2045=LINE('',#11818,#2717);
#2046=LINE('',#11826,#2718);
#2047=LINE('',#11829,#2719);
#2048=LINE('',#11832,#2720);
#2049=LINE('',#11834,#2721);
#2050=LINE('',#11835,#2722);
#2051=LINE('',#11840,#2723);
#2052=LINE('',#11844,#2724);
#2053=LINE('',#11846,#2725);
#2054=LINE('',#11847,#2726);
#2055=LINE('',#11852,#2727);
#2056=LINE('',#11856,#2728);
#2057=LINE('',#11858,#2729);
#2058=LINE('',#11859,#2730);
#2059=LINE('',#11864,#2731);
#2060=LINE('',#11867,#2732);
#2061=LINE('',#11868,#2733);
#2062=LINE('',#11874,#2734);
#2063=LINE('',#11877,#2735);
#2064=LINE('',#11880,#2736);
#2065=LINE('',#11882,#2737);
#2066=LINE('',#11883,#2738);
#2067=LINE('',#11888,#2739);
#2068=LINE('',#11892,#2740);
#2069=LINE('',#11894,#2741);
#2070=LINE('',#11895,#2742);
#2071=LINE('',#11900,#2743);
#2072=LINE('',#11904,#2744);
#2073=LINE('',#11906,#2745);
#2074=LINE('',#11907,#2746);
#2075=LINE('',#11912,#2747);
#2076=LINE('',#11915,#2748);
#2077=LINE('',#11916,#2749);
#2078=LINE('',#11922,#2750);
#2079=LINE('',#11925,#2751);
#2080=LINE('',#11928,#2752);
#2081=LINE('',#11930,#2753);
#2082=LINE('',#11931,#2754);
#2083=LINE('',#11936,#2755);
#2084=LINE('',#11940,#2756);
#2085=LINE('',#11942,#2757);
#2086=LINE('',#11943,#2758);
#2087=LINE('',#11948,#2759);
#2088=LINE('',#11952,#2760);
#2089=LINE('',#11954,#2761);
#2090=LINE('',#11955,#2762);
#2091=LINE('',#11960,#2763);
#2092=LINE('',#11963,#2764);
#2093=LINE('',#11964,#2765);
#2094=LINE('',#11970,#2766);
#2095=LINE('',#11973,#2767);
#2096=LINE('',#11976,#2768);
#2097=LINE('',#11978,#2769);
#2098=LINE('',#11979,#2770);
#2099=LINE('',#11984,#2771);
#2100=LINE('',#11988,#2772);
#2101=LINE('',#11990,#2773);
#2102=LINE('',#11991,#2774);
#2103=LINE('',#11997,#2775);
#2104=LINE('',#12000,#2776);
#2105=LINE('',#12003,#2777);
#2106=LINE('',#12005,#2778);
#2107=LINE('',#12006,#2779);
#2108=LINE('',#12012,#2780);
#2109=LINE('',#12015,#2781);
#2110=LINE('',#12017,#2782);
#2111=LINE('',#12018,#2783);
#2112=LINE('',#12023,#2784);
#2113=LINE('',#12027,#2785);
#2114=LINE('',#12029,#2786);
#2115=LINE('',#12030,#2787);
#2116=LINE('',#12035,#2788);
#2117=LINE('',#12038,#2789);
#2118=LINE('',#12039,#2790);
#2119=LINE('',#12045,#2791);
#2120=LINE('',#12048,#2792);
#2121=LINE('',#12051,#2793);
#2122=LINE('',#12053,#2794);
#2123=LINE('',#12054,#2795);
#2124=LINE('',#12060,#2796);
#2125=LINE('',#12063,#2797);
#2126=LINE('',#12065,#2798);
#2127=LINE('',#12066,#2799);
#2128=LINE('',#12071,#2800);
#2129=LINE('',#12075,#2801);
#2130=LINE('',#12077,#2802);
#2131=LINE('',#12078,#2803);
#2132=LINE('',#12083,#2804);
#2133=LINE('',#12086,#2805);
#2134=LINE('',#12087,#2806);
#2135=LINE('',#12093,#2807);
#2136=LINE('',#12096,#2808);
#2137=LINE('',#12098,#2809);
#2138=LINE('',#12099,#2810);
#2139=LINE('',#12104,#2811);
#2140=LINE('',#12107,#2812);
#2141=LINE('',#12108,#2813);
#2142=LINE('',#12114,#2814);
#2143=LINE('',#12117,#2815);
#2144=LINE('',#12120,#2816);
#2145=LINE('',#12122,#2817);
#2146=LINE('',#12123,#2818);
#2147=LINE('',#12128,#2819);
#2148=LINE('',#12132,#2820);
#2149=LINE('',#12134,#2821);
#2150=LINE('',#12135,#2822);
#2151=LINE('',#12140,#2823);
#2152=LINE('',#12144,#2824);
#2153=LINE('',#12146,#2825);
#2154=LINE('',#12147,#2826);
#2155=LINE('',#12153,#2827);
#2156=LINE('',#12156,#2828);
#2157=LINE('',#12159,#2829);
#2158=LINE('',#12161,#2830);
#2159=LINE('',#12162,#2831);
#2160=LINE('',#12168,#2832);
#2161=LINE('',#12171,#2833);
#2162=LINE('',#12173,#2834);
#2163=LINE('',#12174,#2835);
#2164=LINE('',#12179,#2836);
#2165=LINE('',#12182,#2837);
#2166=LINE('',#12183,#2838);
#2167=LINE('',#12188,#2839);
#2168=LINE('',#12192,#2840);
#2169=LINE('',#12194,#2841);
#2170=LINE('',#12195,#2842);
#2171=LINE('',#12201,#2843);
#2172=LINE('',#12204,#2844);
#2173=LINE('',#12207,#2845);
#2174=LINE('',#12209,#2846);
#2175=LINE('',#12210,#2847);
#2176=LINE('',#12215,#2848);
#2177=LINE('',#12218,#2849);
#2178=LINE('',#12219,#2850);
#2179=LINE('',#12225,#2851);
#2180=LINE('',#12228,#2852);
#2181=LINE('',#12230,#2853);
#2182=LINE('',#12231,#2854);
#2183=LINE('',#12237,#2855);
#2184=LINE('',#12240,#2856);
#2185=LINE('',#12243,#2857);
#2186=LINE('',#12245,#2858);
#2187=LINE('',#12246,#2859);
#2188=LINE('',#12251,#2860);
#2189=LINE('',#12255,#2861);
#2190=LINE('',#12257,#2862);
#2191=LINE('',#12258,#2863);
#2192=LINE('',#12263,#2864);
#2193=LINE('',#12267,#2865);
#2194=LINE('',#12269,#2866);
#2195=LINE('',#12270,#2867);
#2196=LINE('',#12276,#2868);
#2197=LINE('',#12279,#2869);
#2198=LINE('',#12281,#2870);
#2199=LINE('',#12282,#2871);
#2200=LINE('',#12287,#2872);
#2201=LINE('',#12290,#2873);
#2202=LINE('',#12291,#2874);
#2203=LINE('',#12296,#2875);
#2204=LINE('',#12299,#2876);
#2205=LINE('',#12300,#2877);
#2206=LINE('',#12305,#2878);
#2207=LINE('',#12309,#2879);
#2208=LINE('',#12315,#2880);
#2209=LINE('',#12319,#2881);
#2210=LINE('',#12325,#2882);
#2211=LINE('',#12329,#2883);
#2212=LINE('',#12335,#2884);
#2213=LINE('',#12339,#2885);
#2214=LINE('',#12345,#2886);
#2215=LINE('',#12349,#2887);
#2216=LINE('',#12355,#2888);
#2217=LINE('',#12359,#2889);
#2218=LINE('',#12365,#2890);
#2219=LINE('',#12369,#2891);
#2220=LINE('',#12375,#2892);
#2221=LINE('',#12379,#2893);
#2222=LINE('',#12385,#2894);
#2223=LINE('',#12389,#2895);
#2224=LINE('',#12395,#2896);
#2225=LINE('',#12399,#2897);
#2226=LINE('',#12406,#2898);
#2227=LINE('',#12409,#2899);
#2228=LINE('',#12412,#2900);
#2229=LINE('',#12414,#2901);
#2230=LINE('',#12415,#2902);
#2231=LINE('',#12421,#2903);
#2232=LINE('',#12424,#2904);
#2233=LINE('',#12426,#2905);
#2234=LINE('',#12427,#2906);
#2235=LINE('',#12433,#2907);
#2236=LINE('',#12436,#2908);
#2237=LINE('',#12438,#2909);
#2238=LINE('',#12439,#2910);
#2239=LINE('',#12444,#2911);
#2240=LINE('',#12447,#2912);
#2241=LINE('',#12448,#2913);
#2242=LINE('',#12454,#2914);
#2243=LINE('',#12457,#2915);
#2244=LINE('',#12460,#2916);
#2245=LINE('',#12462,#2917);
#2246=LINE('',#12463,#2918);
#2247=LINE('',#12468,#2919);
#2248=LINE('',#12472,#2920);
#2249=LINE('',#12474,#2921);
#2250=LINE('',#12475,#2922);
#2251=LINE('',#12480,#2923);
#2252=LINE('',#12484,#2924);
#2253=LINE('',#12486,#2925);
#2254=LINE('',#12487,#2926);
#2255=LINE('',#12492,#2927);
#2256=LINE('',#12495,#2928);
#2257=LINE('',#12496,#2929);
#2258=LINE('',#12501,#2930);
#2259=LINE('',#12507,#2931);
#2260=LINE('',#12513,#2932);
#2261=LINE('',#12519,#2933);
#2262=LINE('',#12524,#2934);
#2263=LINE('',#12526,#2935);
#2264=LINE('',#12528,#2936);
#2265=LINE('',#12529,#2937);
#2266=LINE('',#12535,#2938);
#2267=LINE('',#12538,#2939);
#2268=LINE('',#12540,#2940);
#2269=LINE('',#12541,#2941);
#2270=LINE('',#12547,#2942);
#2271=LINE('',#12550,#2943);
#2272=LINE('',#12552,#2944);
#2273=LINE('',#12553,#2945);
#2274=LINE('',#12559,#2946);
#2275=LINE('',#12562,#2947);
#2276=LINE('',#12564,#2948);
#2277=LINE('',#12565,#2949);
#2278=LINE('',#12573,#2950);
#2279=LINE('',#12579,#2951);
#2280=LINE('',#12585,#2952);
#2281=LINE('',#12591,#2953);
#2282=LINE('',#12597,#2954);
#2283=LINE('',#12603,#2955);
#2284=LINE('',#12609,#2956);
#2285=LINE('',#12615,#2957);
#2286=LINE('',#12621,#2958);
#2287=LINE('',#12627,#2959);
#2288=LINE('',#12633,#2960);
#2289=LINE('',#12639,#2961);
#2290=LINE('',#12645,#2962);
#2291=LINE('',#12652,#2963);
#2292=LINE('',#12655,#2964);
#2293=LINE('',#12658,#2965);
#2294=LINE('',#12660,#2966);
#2295=LINE('',#12661,#2967);
#2296=LINE('',#12664,#2968);
#2297=LINE('',#12666,#2969);
#2298=LINE('',#12668,#2970);
#2299=LINE('',#12673,#2971);
#2300=LINE('',#12676,#2972);
#2301=LINE('',#12677,#2973);
#2302=LINE('',#12681,#2974);
#2303=LINE('',#12685,#2975);
#2304=LINE('',#12689,#2976);
#2305=LINE('',#12691,#2977);
#2306=LINE('',#12693,#2978);
#2307=LINE('',#12694,#2979);
#2308=LINE('',#12697,#2980);
#2309=LINE('',#12699,#2981);
#2310=LINE('',#12700,#2982);
#2311=LINE('',#12702,#2983);
#2312=LINE('',#12705,#2984);
#2313=LINE('',#12708,#2985);
#2314=LINE('',#12712,#2986);
#2315=LINE('',#12713,#2987);
#2316=LINE('',#12715,#2988);
#2317=LINE('',#12717,#2989);
#2318=LINE('',#12721,#2990);
#2319=LINE('',#12725,#2991);
#2320=LINE('',#12728,#2992);
#2321=LINE('',#12729,#2993);
#2322=LINE('',#12733,#2994);
#2323=LINE('',#12736,#2995);
#2324=LINE('',#12739,#2996);
#2325=LINE('',#12743,#2997);
#2326=LINE('',#12745,#2998);
#2327=LINE('',#12746,#2999);
#2328=LINE('',#12750,#3000);
#2329=LINE('',#12754,#3001);
#2330=LINE('',#12757,#3002);
#2331=LINE('',#12758,#3003);
#2332=LINE('',#12760,#3004);
#2333=LINE('',#12763,#3005);
#2334=LINE('',#12766,#3006);
#2335=LINE('',#12769,#3007);
#2336=LINE('',#12771,#3008);
#2337=LINE('',#12775,#3009);
#2338=LINE('',#12777,#3010);
#2339=LINE('',#12778,#3011);
#2340=LINE('',#12781,#3012);
#2341=LINE('',#12782,#3013);
#2342=LINE('',#12785,#3014);
#2343=LINE('',#12789,#3015);
#2344=LINE('',#12792,#3016);
#2345=LINE('',#12793,#3017);
#2346=LINE('',#12797,#3018);
#2347=LINE('',#12800,#3019);
#2348=LINE('',#12803,#3020);
#2349=LINE('',#12809,#3021);
#2350=LINE('',#12813,#3022);
#2351=LINE('',#12819,#3023);
#2352=LINE('',#12823,#3024);
#2353=LINE('',#12829,#3025);
#2354=LINE('',#12833,#3026);
#2355=LINE('',#12839,#3027);
#2356=LINE('',#12843,#3028);
#2357=LINE('',#12849,#3029);
#2358=LINE('',#12853,#3030);
#2359=LINE('',#12859,#3031);
#2360=LINE('',#12863,#3032);
#2361=LINE('',#12869,#3033);
#2362=LINE('',#12873,#3034);
#2363=LINE('',#12879,#3035);
#2364=LINE('',#12883,#3036);
#2365=LINE('',#12889,#3037);
#2366=LINE('',#12893,#3038);
#2367=LINE('',#12899,#3039);
#2368=LINE('',#12903,#3040);
#2369=LINE('',#12909,#3041);
#2370=LINE('',#12913,#3042);
#2371=LINE('',#12919,#3043);
#2372=LINE('',#12923,#3044);
#2373=LINE('',#12929,#3045);
#2374=LINE('',#12933,#3046);
#2375=LINE('',#12939,#3047);
#2376=LINE('',#12943,#3048);
#2377=LINE('',#12949,#3049);
#2378=LINE('',#12953,#3050);
#2379=LINE('',#12959,#3051);
#2380=LINE('',#12963,#3052);
#2381=LINE('',#12966,#3053);
#2382=LINE('',#12967,#3054);
#2383=LINE('',#12969,#3055);
#2384=LINE('',#12970,#3056);
#2385=VECTOR('',#8004,10.);
#2386=VECTOR('',#8005,10.);
#2387=VECTOR('',#8006,10.);
#2388=VECTOR('',#8007,10.);
#2389=VECTOR('',#8008,10.);
#2390=VECTOR('',#8009,10.);
#2391=VECTOR('',#8010,10.);
#2392=VECTOR('',#8011,10.);
#2393=VECTOR('',#8012,10.);
#2394=VECTOR('',#8013,10.);
#2395=VECTOR('',#8014,10.);
#2396=VECTOR('',#8015,10.);
#2397=VECTOR('',#8016,10.);
#2398=VECTOR('',#8017,10.);
#2399=VECTOR('',#8018,10.);
#2400=VECTOR('',#8019,10.);
#2401=VECTOR('',#8020,10.);
#2402=VECTOR('',#8021,10.);
#2403=VECTOR('',#8028,10.);
#2404=VECTOR('',#8029,10.);
#2405=VECTOR('',#8030,10.);
#2406=VECTOR('',#8031,10.);
#2407=VECTOR('',#8034,10.);
#2408=VECTOR('',#8035,10.);
#2409=VECTOR('',#8036,10.);
#2410=VECTOR('',#8039,10.);
#2411=VECTOR('',#8040,10.);
#2412=VECTOR('',#8041,10.);
#2413=VECTOR('',#8044,10.);
#2414=VECTOR('',#8045,10.);
#2415=VECTOR('',#8046,10.);
#2416=VECTOR('',#8049,10.);
#2417=VECTOR('',#8050,10.);
#2418=VECTOR('',#8051,10.);
#2419=VECTOR('',#8054,10.);
#2420=VECTOR('',#8055,10.);
#2421=VECTOR('',#8062,10.);
#2422=VECTOR('',#8063,10.);
#2423=VECTOR('',#8064,10.);
#2424=VECTOR('',#8065,10.);
#2425=VECTOR('',#8068,10.);
#2426=VECTOR('',#8069,10.);
#2427=VECTOR('',#8070,10.);
#2428=VECTOR('',#8073,10.);
#2429=VECTOR('',#8074,10.);
#2430=VECTOR('',#8077,10.);
#2431=VECTOR('',#8078,10.);
#2432=VECTOR('',#8079,10.);
#2433=VECTOR('',#8080,10.);
#2434=VECTOR('',#8083,10.);
#2435=VECTOR('',#8084,10.);
#2436=VECTOR('',#8085,10.);
#2437=VECTOR('',#8088,10.);
#2438=VECTOR('',#8089,10.);
#2439=VECTOR('',#8090,10.);
#2440=VECTOR('',#8093,10.);
#2441=VECTOR('',#8094,10.);
#2442=VECTOR('',#8095,10.);
#2443=VECTOR('',#8098,10.);
#2444=VECTOR('',#8099,10.);
#2445=VECTOR('',#8100,10.);
#2446=VECTOR('',#8103,10.);
#2447=VECTOR('',#8104,10.);
#2448=VECTOR('',#8105,10.);
#2449=VECTOR('',#8108,10.);
#2450=VECTOR('',#8109,10.);
#2451=VECTOR('',#8110,10.);
#2452=VECTOR('',#8113,10.);
#2453=VECTOR('',#8114,10.);
#2454=VECTOR('',#8121,10.);
#2455=VECTOR('',#8122,10.);
#2456=VECTOR('',#8123,10.);
#2457=VECTOR('',#8124,10.);
#2458=VECTOR('',#8127,10.);
#2459=VECTOR('',#8128,10.);
#2460=VECTOR('',#8129,10.);
#2461=VECTOR('',#8130,10.);
#2462=VECTOR('',#8131,10.);
#2463=VECTOR('',#8132,10.);
#2464=VECTOR('',#8133,10.);
#2465=VECTOR('',#8134,10.);
#2466=VECTOR('',#8135,10.);
#2467=VECTOR('',#8138,10.);
#2468=VECTOR('',#8139,10.);
#2469=VECTOR('',#8142,10.);
#2470=VECTOR('',#8143,10.);
#2471=VECTOR('',#8144,10.);
#2472=VECTOR('',#8145,10.);
#2473=VECTOR('',#8148,10.);
#2474=VECTOR('',#8149,10.);
#2475=VECTOR('',#8150,10.);
#2476=VECTOR('',#8151,10.);
#2477=VECTOR('',#8152,10.);
#2478=VECTOR('',#8153,10.);
#2479=VECTOR('',#8154,10.);
#2480=VECTOR('',#8155,10.);
#2481=VECTOR('',#8156,10.);
#2482=VECTOR('',#8157,10.);
#2483=VECTOR('',#8160,10.);
#2484=VECTOR('',#8161,10.);
#2485=VECTOR('',#8162,10.);
#2486=VECTOR('',#8165,10.);
#2487=VECTOR('',#8166,10.);
#2488=VECTOR('',#8167,10.);
#2489=VECTOR('',#8170,10.);
#2490=VECTOR('',#8171,10.);
#2491=VECTOR('',#8178,10.);
#2492=VECTOR('',#8179,10.);
#2493=VECTOR('',#8180,10.);
#2494=VECTOR('',#8181,10.);
#2495=VECTOR('',#8184,10.);
#2496=VECTOR('',#8185,10.);
#2497=VECTOR('',#8186,10.);
#2498=VECTOR('',#8189,10.);
#2499=VECTOR('',#8190,10.);
#2500=VECTOR('',#8191,10.);
#2501=VECTOR('',#8194,10.);
#2502=VECTOR('',#8195,10.);
#2503=VECTOR('',#8196,10.);
#2504=VECTOR('',#8199,10.);
#2505=VECTOR('',#8200,10.);
#2506=VECTOR('',#8201,10.);
#2507=VECTOR('',#8204,10.);
#2508=VECTOR('',#8205,10.);
#2509=VECTOR('',#8206,10.);
#2510=VECTOR('',#8209,10.);
#2511=VECTOR('',#8210,10.);
#2512=VECTOR('',#8211,10.);
#2513=VECTOR('',#8214,10.);
#2514=VECTOR('',#8215,10.);
#2515=VECTOR('',#8216,10.);
#2516=VECTOR('',#8219,10.);
#2517=VECTOR('',#8220,10.);
#2518=VECTOR('',#8221,10.);
#2519=VECTOR('',#8224,10.);
#2520=VECTOR('',#8225,10.);
#2521=VECTOR('',#8226,10.);
#2522=VECTOR('',#8229,10.);
#2523=VECTOR('',#8230,10.);
#2524=VECTOR('',#8231,10.);
#2525=VECTOR('',#8234,10.);
#2526=VECTOR('',#8235,10.);
#2527=VECTOR('',#8242,10.);
#2528=VECTOR('',#8243,10.);
#2529=VECTOR('',#8244,10.);
#2530=VECTOR('',#8245,10.);
#2531=VECTOR('',#8246,10.);
#2532=VECTOR('',#8247,10.);
#2533=VECTOR('',#8248,10.);
#2534=VECTOR('',#8249,10.);
#2535=VECTOR('',#8250,10.);
#2536=VECTOR('',#8251,10.);
#2537=VECTOR('',#8252,10.);
#2538=VECTOR('',#8253,10.);
#2539=VECTOR('',#8256,10.);
#2540=VECTOR('',#8257,10.);
#2541=VECTOR('',#8258,10.);
#2542=VECTOR('',#8259,10.);
#2543=VECTOR('',#8260,10.);
#2544=VECTOR('',#8261,10.);
#2545=VECTOR('',#8262,10.);
#2546=VECTOR('',#8263,10.);
#2547=VECTOR('',#8264,10.);
#2548=VECTOR('',#8265,10.);
#2549=VECTOR('',#8272,10.);
#2550=VECTOR('',#8273,10.);
#2551=VECTOR('',#8274,10.);
#2552=VECTOR('',#8275,10.);
#2553=VECTOR('',#8278,10.);
#2554=VECTOR('',#8279,10.);
#2555=VECTOR('',#8280,10.);
#2556=VECTOR('',#8283,10.);
#2557=VECTOR('',#8284,10.);
#2558=VECTOR('',#8285,10.);
#2559=VECTOR('',#8288,10.);
#2560=VECTOR('',#8289,10.);
#2561=VECTOR('',#8290,10.);
#2562=VECTOR('',#8293,10.);
#2563=VECTOR('',#8294,10.);
#2564=VECTOR('',#8295,10.);
#2565=VECTOR('',#8298,10.);
#2566=VECTOR('',#8299,10.);
#2567=VECTOR('',#8300,10.);
#2568=VECTOR('',#8303,10.);
#2569=VECTOR('',#8304,10.);
#2570=VECTOR('',#8305,10.);
#2571=VECTOR('',#8308,10.);
#2572=VECTOR('',#8309,10.);
#2573=VECTOR('',#8316,10.);
#2574=VECTOR('',#8317,10.);
#2575=VECTOR('',#8318,10.);
#2576=VECTOR('',#8319,10.);
#2577=VECTOR('',#8322,10.);
#2578=VECTOR('',#8323,10.);
#2579=VECTOR('',#8324,10.);
#2580=VECTOR('',#8327,10.);
#2581=VECTOR('',#8328,10.);
#2582=VECTOR('',#8329,10.);
#2583=VECTOR('',#8332,10.);
#2584=VECTOR('',#8333,10.);
#2585=VECTOR('',#8340,10.);
#2586=VECTOR('',#8341,10.);
#2587=VECTOR('',#8342,10.);
#2588=VECTOR('',#8343,10.);
#2589=VECTOR('',#8346,10.);
#2590=VECTOR('',#8347,10.);
#2591=VECTOR('',#8348,10.);
#2592=VECTOR('',#8351,10.);
#2593=VECTOR('',#8352,10.);
#2594=VECTOR('',#8353,10.);
#2595=VECTOR('',#8356,10.);
#2596=VECTOR('',#8357,10.);
#2597=VECTOR('',#8358,10.);
#2598=VECTOR('',#8361,10.);
#2599=VECTOR('',#8362,10.);
#2600=VECTOR('',#8363,10.);
#2601=VECTOR('',#8366,10.);
#2602=VECTOR('',#8367,10.);
#2603=VECTOR('',#8368,10.);
#2604=VECTOR('',#8371,10.);
#2605=VECTOR('',#8372,10.);
#2606=VECTOR('',#8373,10.);
#2607=VECTOR('',#8376,10.);
#2608=VECTOR('',#8377,10.);
#2609=VECTOR('',#8378,10.);
#2610=VECTOR('',#8381,10.);
#2611=VECTOR('',#8382,10.);
#2612=VECTOR('',#8383,10.);
#2613=VECTOR('',#8386,10.);
#2614=VECTOR('',#8387,10.);
#2615=VECTOR('',#8388,10.);
#2616=VECTOR('',#8391,10.);
#2617=VECTOR('',#8392,10.);
#2618=VECTOR('',#8393,10.);
#2619=VECTOR('',#8396,10.);
#2620=VECTOR('',#8397,10.);
#2621=VECTOR('',#8398,10.);
#2622=VECTOR('',#8401,10.);
#2623=VECTOR('',#8402,10.);
#2624=VECTOR('',#8409,10.);
#2625=VECTOR('',#8410,10.);
#2626=VECTOR('',#8411,10.);
#2627=VECTOR('',#8412,10.);
#2628=VECTOR('',#8415,10.);
#2629=VECTOR('',#8416,10.);
#2630=VECTOR('',#8417,10.);
#2631=VECTOR('',#8420,10.);
#2632=VECTOR('',#8421,10.);
#2633=VECTOR('',#8422,10.);
#2634=VECTOR('',#8425,10.);
#2635=VECTOR('',#8426,10.);
#2636=VECTOR('',#8427,10.);
#2637=VECTOR('',#8430,10.);
#2638=VECTOR('',#8431,10.);
#2639=VECTOR('',#8432,10.);
#2640=VECTOR('',#8435,10.);
#2641=VECTOR('',#8436,10.);
#2642=VECTOR('',#8437,10.);
#2643=VECTOR('',#8440,10.);
#2644=VECTOR('',#8441,10.);
#2645=VECTOR('',#8442,10.);
#2646=VECTOR('',#8445,10.);
#2647=VECTOR('',#8446,10.);
#2648=VECTOR('',#8447,10.);
#2649=VECTOR('',#8450,10.);
#2650=VECTOR('',#8451,10.);
#2651=VECTOR('',#8458,10.);
#2652=VECTOR('',#8459,10.);
#2653=VECTOR('',#8460,10.);
#2654=VECTOR('',#8461,10.);
#2655=VECTOR('',#8464,10.);
#2656=VECTOR('',#8465,10.);
#2657=VECTOR('',#8466,10.);
#2658=VECTOR('',#8469,10.);
#2659=VECTOR('',#8470,10.);
#2660=VECTOR('',#8471,10.);
#2661=VECTOR('',#8474,10.);
#2662=VECTOR('',#8475,10.);
#2663=VECTOR('',#8476,10.);
#2664=VECTOR('',#8479,10.);
#2665=VECTOR('',#8480,10.);
#2666=VECTOR('',#8481,10.);
#2667=VECTOR('',#8484,10.);
#2668=VECTOR('',#8485,10.);
#2669=VECTOR('',#8492,10.);
#2670=VECTOR('',#8493,10.);
#2671=VECTOR('',#8494,10.);
#2672=VECTOR('',#8495,10.);
#2673=VECTOR('',#8496,10.);
#2674=VECTOR('',#8497,10.);
#2675=VECTOR('',#8498,10.);
#2676=VECTOR('',#8499,10.);
#2677=VECTOR('',#8500,10.);
#2678=VECTOR('',#8501,10.);
#2679=VECTOR('',#8504,10.);
#2680=VECTOR('',#8505,10.);
#2681=VECTOR('',#8506,10.);
#2682=VECTOR('',#8509,10.);
#2683=VECTOR('',#8510,10.);
#2684=VECTOR('',#8513,10.);
#2685=VECTOR('',#8514,10.);
#2686=VECTOR('',#8515,10.);
#2687=VECTOR('',#8516,10.);
#2688=VECTOR('',#8519,10.);
#2689=VECTOR('',#8520,10.);
#2690=VECTOR('',#8521,10.);
#2691=VECTOR('',#8522,10.);
#2692=VECTOR('',#8523,10.);
#2693=VECTOR('',#8524,10.);
#2694=VECTOR('',#8525,10.);
#2695=VECTOR('',#8526,10.);
#2696=VECTOR('',#8527,10.);
#2697=VECTOR('',#8528,10.);
#2698=VECTOR('',#8531,10.);
#2699=VECTOR('',#8532,10.);
#2700=VECTOR('',#8533,10.);
#2701=VECTOR('',#8536,10.);
#2702=VECTOR('',#8537,10.);
#2703=VECTOR('',#8538,10.);
#2704=VECTOR('',#8541,10.);
#2705=VECTOR('',#8542,10.);
#2706=VECTOR('',#8543,10.);
#2707=VECTOR('',#8544,10.);
#2708=VECTOR('',#8545,10.);
#2709=VECTOR('',#8546,10.);
#2710=VECTOR('',#8549,10.);
#2711=VECTOR('',#8550,10.);
#2712=VECTOR('',#8551,10.);
#2713=VECTOR('',#8554,10.);
#2714=VECTOR('',#8555,10.);
#2715=VECTOR('',#8556,10.);
#2716=VECTOR('',#8559,10.);
#2717=VECTOR('',#8560,10.);
#2718=VECTOR('',#8569,10.);
#2719=VECTOR('',#8572,10.);
#2720=VECTOR('',#8575,10.);
#2721=VECTOR('',#8576,10.);
#2722=VECTOR('',#8577,10.);
#2723=VECTOR('',#8582,10.);
#2724=VECTOR('',#8587,10.);
#2725=VECTOR('',#8588,10.);
#2726=VECTOR('',#8589,10.);
#2727=VECTOR('',#8594,10.);
#2728=VECTOR('',#8599,10.);
#2729=VECTOR('',#8600,10.);
#2730=VECTOR('',#8601,10.);
#2731=VECTOR('',#8606,10.);
#2732=VECTOR('',#8611,10.);
#2733=VECTOR('',#8612,10.);
#2734=VECTOR('',#8617,10.);
#2735=VECTOR('',#8620,10.);
#2736=VECTOR('',#8623,10.);
#2737=VECTOR('',#8624,10.);
#2738=VECTOR('',#8625,10.);
#2739=VECTOR('',#8630,10.);
#2740=VECTOR('',#8635,10.);
#2741=VECTOR('',#8636,10.);
#2742=VECTOR('',#8637,10.);
#2743=VECTOR('',#8642,10.);
#2744=VECTOR('',#8647,10.);
#2745=VECTOR('',#8648,10.);
#2746=VECTOR('',#8649,10.);
#2747=VECTOR('',#8654,10.);
#2748=VECTOR('',#8659,10.);
#2749=VECTOR('',#8660,10.);
#2750=VECTOR('',#8665,10.);
#2751=VECTOR('',#8668,10.);
#2752=VECTOR('',#8671,10.);
#2753=VECTOR('',#8672,10.);
#2754=VECTOR('',#8673,10.);
#2755=VECTOR('',#8678,10.);
#2756=VECTOR('',#8683,10.);
#2757=VECTOR('',#8684,10.);
#2758=VECTOR('',#8685,10.);
#2759=VECTOR('',#8690,10.);
#2760=VECTOR('',#8695,10.);
#2761=VECTOR('',#8696,10.);
#2762=VECTOR('',#8697,10.);
#2763=VECTOR('',#8702,10.);
#2764=VECTOR('',#8707,10.);
#2765=VECTOR('',#8708,10.);
#2766=VECTOR('',#8713,10.);
#2767=VECTOR('',#8716,10.);
#2768=VECTOR('',#8719,10.);
#2769=VECTOR('',#8720,10.);
#2770=VECTOR('',#8721,10.);
#2771=VECTOR('',#8726,10.);
#2772=VECTOR('',#8731,10.);
#2773=VECTOR('',#8732,10.);
#2774=VECTOR('',#8733,10.);
#2775=VECTOR('',#8738,10.);
#2776=VECTOR('',#8741,10.);
#2777=VECTOR('',#8744,10.);
#2778=VECTOR('',#8745,10.);
#2779=VECTOR('',#8746,10.);
#2780=VECTOR('',#8751,10.);
#2781=VECTOR('',#8754,10.);
#2782=VECTOR('',#8757,10.);
#2783=VECTOR('',#8758,10.);
#2784=VECTOR('',#8763,10.);
#2785=VECTOR('',#8768,10.);
#2786=VECTOR('',#8769,10.);
#2787=VECTOR('',#8770,10.);
#2788=VECTOR('',#8775,10.);
#2789=VECTOR('',#8780,10.);
#2790=VECTOR('',#8781,10.);
#2791=VECTOR('',#8786,10.);
#2792=VECTOR('',#8789,10.);
#2793=VECTOR('',#8792,10.);
#2794=VECTOR('',#8793,10.);
#2795=VECTOR('',#8794,10.);
#2796=VECTOR('',#8799,10.);
#2797=VECTOR('',#8802,10.);
#2798=VECTOR('',#8805,10.);
#2799=VECTOR('',#8806,10.);
#2800=VECTOR('',#8811,10.);
#2801=VECTOR('',#8816,10.);
#2802=VECTOR('',#8817,10.);
#2803=VECTOR('',#8818,10.);
#2804=VECTOR('',#8823,10.);
#2805=VECTOR('',#8828,10.);
#2806=VECTOR('',#8829,10.);
#2807=VECTOR('',#8834,10.);
#2808=VECTOR('',#8837,10.);
#2809=VECTOR('',#8840,10.);
#2810=VECTOR('',#8841,10.);
#2811=VECTOR('',#8846,10.);
#2812=VECTOR('',#8851,10.);
#2813=VECTOR('',#8852,10.);
#2814=VECTOR('',#8857,10.);
#2815=VECTOR('',#8860,10.);
#2816=VECTOR('',#8863,10.);
#2817=VECTOR('',#8864,10.);
#2818=VECTOR('',#8865,10.);
#2819=VECTOR('',#8870,10.);
#2820=VECTOR('',#8875,10.);
#2821=VECTOR('',#8876,10.);
#2822=VECTOR('',#8877,10.);
#2823=VECTOR('',#8882,10.);
#2824=VECTOR('',#8887,10.);
#2825=VECTOR('',#8888,10.);
#2826=VECTOR('',#8889,10.);
#2827=VECTOR('',#8894,10.);
#2828=VECTOR('',#8897,10.);
#2829=VECTOR('',#8900,10.);
#2830=VECTOR('',#8901,10.);
#2831=VECTOR('',#8902,10.);
#2832=VECTOR('',#8907,10.);
#2833=VECTOR('',#8910,10.);
#2834=VECTOR('',#8913,10.);
#2835=VECTOR('',#8914,10.);
#2836=VECTOR('',#8919,10.);
#2837=VECTOR('',#8924,10.);
#2838=VECTOR('',#8925,10.);
#2839=VECTOR('',#8930,10.);
#2840=VECTOR('',#8935,10.);
#2841=VECTOR('',#8936,10.);
#2842=VECTOR('',#8937,10.);
#2843=VECTOR('',#8942,10.);
#2844=VECTOR('',#8945,10.);
#2845=VECTOR('',#8948,10.);
#2846=VECTOR('',#8949,10.);
#2847=VECTOR('',#8950,10.);
#2848=VECTOR('',#8955,10.);
#2849=VECTOR('',#8960,10.);
#2850=VECTOR('',#8961,10.);
#2851=VECTOR('',#8966,10.);
#2852=VECTOR('',#8969,10.);
#2853=VECTOR('',#8972,10.);
#2854=VECTOR('',#8973,10.);
#2855=VECTOR('',#8978,10.);
#2856=VECTOR('',#8981,10.);
#2857=VECTOR('',#8984,10.);
#2858=VECTOR('',#8985,10.);
#2859=VECTOR('',#8986,10.);
#2860=VECTOR('',#8991,10.);
#2861=VECTOR('',#8996,10.);
#2862=VECTOR('',#8997,10.);
#2863=VECTOR('',#8998,10.);
#2864=VECTOR('',#9003,10.);
#2865=VECTOR('',#9008,10.);
#2866=VECTOR('',#9009,10.);
#2867=VECTOR('',#9010,10.);
#2868=VECTOR('',#9015,10.);
#2869=VECTOR('',#9018,10.);
#2870=VECTOR('',#9021,10.);
#2871=VECTOR('',#9022,10.);
#2872=VECTOR('',#9027,10.);
#2873=VECTOR('',#9032,10.);
#2874=VECTOR('',#9033,10.);
#2875=VECTOR('',#9038,10.);
#2876=VECTOR('',#9043,10.);
#2877=VECTOR('',#9044,10.);
#2878=VECTOR('',#9049,3.23225);
#2879=VECTOR('',#9054,2.248);
#2880=VECTOR('',#9061,3.23225);
#2881=VECTOR('',#9066,2.248);
#2882=VECTOR('',#9073,3.23225);
#2883=VECTOR('',#9078,2.248);
#2884=VECTOR('',#9085,3.23225);
#2885=VECTOR('',#9090,2.248);
#2886=VECTOR('',#9097,3.23225);
#2887=VECTOR('',#9102,2.248);
#2888=VECTOR('',#9109,3.23225);
#2889=VECTOR('',#9114,2.248);
#2890=VECTOR('',#9121,3.23225);
#2891=VECTOR('',#9126,2.248);
#2892=VECTOR('',#9133,3.23225);
#2893=VECTOR('',#9138,2.248);
#2894=VECTOR('',#9145,3.23225);
#2895=VECTOR('',#9150,2.248);
#2896=VECTOR('',#9157,3.23225);
#2897=VECTOR('',#9162,2.248);
#2898=VECTOR('',#9169,10.);
#2899=VECTOR('',#9172,10.);
#2900=VECTOR('',#9175,10.);
#2901=VECTOR('',#9176,10.);
#2902=VECTOR('',#9177,10.);
#2903=VECTOR('',#9182,10.);
#2904=VECTOR('',#9185,10.);
#2905=VECTOR('',#9188,10.);
#2906=VECTOR('',#9189,10.);
#2907=VECTOR('',#9194,10.);
#2908=VECTOR('',#9197,10.);
#2909=VECTOR('',#9200,10.);
#2910=VECTOR('',#9201,10.);
#2911=VECTOR('',#9206,10.);
#2912=VECTOR('',#9211,10.);
#2913=VECTOR('',#9212,10.);
#2914=VECTOR('',#9217,10.);
#2915=VECTOR('',#9220,10.);
#2916=VECTOR('',#9223,10.);
#2917=VECTOR('',#9224,10.);
#2918=VECTOR('',#9225,10.);
#2919=VECTOR('',#9230,10.);
#2920=VECTOR('',#9235,10.);
#2921=VECTOR('',#9236,10.);
#2922=VECTOR('',#9237,10.);
#2923=VECTOR('',#9242,10.);
#2924=VECTOR('',#9247,10.);
#2925=VECTOR('',#9248,10.);
#2926=VECTOR('',#9249,10.);
#2927=VECTOR('',#9254,10.);
#2928=VECTOR('',#9259,10.);
#2929=VECTOR('',#9260,10.);
#2930=VECTOR('',#9265,6.00000000000001);
#2931=VECTOR('',#9272,6.00000000000001);
#2932=VECTOR('',#9279,4.12500000000001);
#2933=VECTOR('',#9286,1.25);
#2934=VECTOR('',#9291,10.);
#2935=VECTOR('',#9292,10.);
#2936=VECTOR('',#9293,10.);
#2937=VECTOR('',#9294,10.);
#2938=VECTOR('',#9301,10.);
#2939=VECTOR('',#9304,10.);
#2940=VECTOR('',#9305,10.);
#2941=VECTOR('',#9306,10.);
#2942=VECTOR('',#9313,10.);
#2943=VECTOR('',#9316,10.);
#2944=VECTOR('',#9317,10.);
#2945=VECTOR('',#9318,10.);
#2946=VECTOR('',#9325,10.);
#2947=VECTOR('',#9328,10.);
#2948=VECTOR('',#9329,10.);
#2949=VECTOR('',#9330,10.);
#2950=VECTOR('',#9341,1.25);
#2951=VECTOR('',#9348,4.12500000000001);
#2952=VECTOR('',#9355,6.00000000000001);
#2953=VECTOR('',#9362,6.00000000000001);
#2954=VECTOR('',#9369,4.12500000000001);
#2955=VECTOR('',#9376,1.25);
#2956=VECTOR('',#9383,20.5);
#2957=VECTOR('',#9390,1.25);
#2958=VECTOR('',#9397,6.00000000000002);
#2959=VECTOR('',#9404,8.00000000000001);
#2960=VECTOR('',#9411,7.99999999999997);
#2961=VECTOR('',#9418,8.00000000000001);
#2962=VECTOR('',#9425,8.00000000000001);
#2963=VECTOR('',#9432,10.);
#2964=VECTOR('',#9435,10.);
#2965=VECTOR('',#9438,10.);
#2966=VECTOR('',#9439,10.);
#2967=VECTOR('',#9440,10.);
#2968=VECTOR('',#9443,4.32000000000001);
#2969=VECTOR('',#9444,10.);
#2970=VECTOR('',#9445,4.32000000000001);
#2971=VECTOR('',#9452,10.);
#2972=VECTOR('',#9455,10.);
#2973=VECTOR('',#9456,10.);
#2974=VECTOR('',#9459,10.);
#2975=VECTOR('',#9462,10.);
#2976=VECTOR('',#9467,10.);
#2977=VECTOR('',#9468,4.31999999999999);
#2978=VECTOR('',#9469,10.);
#2979=VECTOR('',#9470,4.31999999999999);
#2980=VECTOR('',#9473,10.);
#2981=VECTOR('',#9474,4.31999999999999);
#2982=VECTOR('',#9475,10.);
#2983=VECTOR('',#9478,10.);
#2984=VECTOR('',#9481,10.);
#2985=VECTOR('',#9484,10.);
#2986=VECTOR('',#9489,10.);
#2987=VECTOR('',#9490,10.);
#2988=VECTOR('',#9493,10.);
#2989=VECTOR('',#9496,10.);
#2990=VECTOR('',#9501,10.);
#2991=VECTOR('',#9504,10.);
#2992=VECTOR('',#9509,4.32000000000001);
#2993=VECTOR('',#9510,10.);
#2994=VECTOR('',#9515,10.);
#2995=VECTOR('',#9518,10.);
#2996=VECTOR('',#9523,10.);
#2997=VECTOR('',#9528,4.32000000000001);
#2998=VECTOR('',#9529,10.);
#2999=VECTOR('',#9530,4.32000000000001);
#3000=VECTOR('',#9533,10.);
#3001=VECTOR('',#9536,10.);
#3002=VECTOR('',#9541,4.32000000000001);
#3003=VECTOR('',#9542,10.);
#3004=VECTOR('',#9545,10.);
#3005=VECTOR('',#9548,10.);
#3006=VECTOR('',#9551,10.);
#3007=VECTOR('',#9556,10.);
#3008=VECTOR('',#9559,10.);
#3009=VECTOR('',#9564,4.32);
#3010=VECTOR('',#9565,10.);
#3011=VECTOR('',#9566,10.);
#3012=VECTOR('',#9569,4.32);
#3013=VECTOR('',#9570,10.);
#3014=VECTOR('',#9573,10.);
#3015=VECTOR('',#9576,10.);
#3016=VECTOR('',#9581,4.32);
#3017=VECTOR('',#9582,10.);
#3018=VECTOR('',#9587,10.);
#3019=VECTOR('',#9590,10.);
#3020=VECTOR('',#9595,10.);
#3021=VECTOR('',#9602,2.425);
#3022=VECTOR('',#9607,1.7);
#3023=VECTOR('',#9614,2.425);
#3024=VECTOR('',#9619,1.7);
#3025=VECTOR('',#9626,2.425);
#3026=VECTOR('',#9631,1.7);
#3027=VECTOR('',#9638,2.425);
#3028=VECTOR('',#9643,1.7);
#3029=VECTOR('',#9650,2.425);
#3030=VECTOR('',#9655,1.7);
#3031=VECTOR('',#9662,2.425);
#3032=VECTOR('',#9667,1.7);
#3033=VECTOR('',#9674,2.425);
#3034=VECTOR('',#9679,1.7);
#3035=VECTOR('',#9686,2.425);
#3036=VECTOR('',#9691,1.7);
#3037=VECTOR('',#9698,2.425);
#3038=VECTOR('',#9703,1.7);
#3039=VECTOR('',#9710,2.425);
#3040=VECTOR('',#9715,1.7);
#3041=VECTOR('',#9722,2.425);
#3042=VECTOR('',#9727,1.7);
#3043=VECTOR('',#9734,2.425);
#3044=VECTOR('',#9739,1.7);
#3045=VECTOR('',#9746,2.425);
#3046=VECTOR('',#9751,1.7);
#3047=VECTOR('',#9758,2.425);
#3048=VECTOR('',#9763,1.7);
#3049=VECTOR('',#9770,2.425);
#3050=VECTOR('',#9775,1.7);
#3051=VECTOR('',#9782,2.425);
#3052=VECTOR('',#9787,1.7);
#3053=VECTOR('',#9792,10.);
#3054=VECTOR('',#9793,10.);
#3055=VECTOR('',#9796,10.);
#3056=VECTOR('',#9797,10.);
#3057=B_SPLINE_CURVE_WITH_KNOTS('',3,(#9820,#9821,#9822,#9823,#9824),
 .UNSPECIFIED.,.F.,.F.,(4,1,4),(0.,0.0752916557065007,0.13687328846517),
 .UNSPECIFIED.);
#3058=B_SPLINE_CURVE_WITH_KNOTS('',3,(#9828,#9829,#9830,#9831,#9832),
 .UNSPECIFIED.,.F.,.F.,(4,1,4),(-0.13687328846517,-0.0752916557065007,0.),
 .UNSPECIFIED.);
#3059=B_SPLINE_CURVE_WITH_KNOTS('',3,(#9845,#9846,#9847,#9848,#9849),
 .UNSPECIFIED.,.F.,.F.,(4,1,4),(0.,0.0553306812383403,0.111491678778385),
 .UNSPECIFIED.);
#3060=B_SPLINE_CURVE_WITH_KNOTS('',3,(#9851,#9852,#9853,#9854,#9855),
 .UNSPECIFIED.,.F.,.F.,(4,1,4),(-0.111491678778385,-0.0553306812383403,
0.),.UNSPECIFIED.);
#3061=B_SPLINE_CURVE_WITH_KNOTS('',3,(#9868,#9869,#9870,#9871,#9872),
 .UNSPECIFIED.,.F.,.F.,(4,1,4),(0.,0.0560189458081518,0.110889021201227),
 .UNSPECIFIED.);
#3062=B_SPLINE_CURVE_WITH_KNOTS('',3,(#9874,#9875,#9876,#9877,#9878),
 .UNSPECIFIED.,.F.,.F.,(4,1,4),(-0.110889021201227,-0.0560189458081518,
0.),.UNSPECIFIED.);
#3063=B_SPLINE_CURVE_WITH_KNOTS('',3,(#9891,#9892,#9893,#9894,#9895),
 .UNSPECIFIED.,.F.,.F.,(4,1,4),(0.,0.0616247348058178,0.138337561079595),
 .UNSPECIFIED.);
#3064=B_SPLINE_CURVE_WITH_KNOTS('',3,(#9897,#9898,#9899,#9900,#9901),
 .UNSPECIFIED.,.F.,.F.,(4,1,4),(-0.138337561079595,-0.0616247348058178,
0.),.UNSPECIFIED.);
#3065=B_SPLINE_CURVE_WITH_KNOTS('',3,(#9914,#9915,#9916,#9917,#9918),
 .UNSPECIFIED.,.F.,.F.,(4,1,4),(0.,0.0756233714795434,0.135871405002985),
 .UNSPECIFIED.);
#3066=B_SPLINE_CURVE_WITH_KNOTS('',3,(#9920,#9921,#9922,#9923,#9924),
 .UNSPECIFIED.,.F.,.F.,(4,1,4),(-0.135871405002985,-0.0756233714795434,
0.),.UNSPECIFIED.);
#3067=B_SPLINE_CURVE_WITH_KNOTS('',3,(#9937,#9938,#9939,#9940,#9941),
 .UNSPECIFIED.,.F.,.F.,(4,1,4),(0.,0.0541351566263695,0.111353434151543),
 .UNSPECIFIED.);
#3068=B_SPLINE_CURVE_WITH_KNOTS('',3,(#9943,#9944,#9945,#9946,#9947),
 .UNSPECIFIED.,.F.,.F.,(4,1,4),(-0.111353434151543,-0.0541351566263695,
0.),.UNSPECIFIED.);
#3069=B_SPLINE_CURVE_WITH_KNOTS('',3,(#9960,#9961,#9962,#9963,#9964),
 .UNSPECIFIED.,.F.,.F.,(4,1,4),(0.,0.0573677606204566,0.112038741541601),
 .UNSPECIFIED.);
#3070=B_SPLINE_CURVE_WITH_KNOTS('',3,(#9966,#9967,#9968,#9969,#9970),
 .UNSPECIFIED.,.F.,.F.,(4,1,4),(-0.112038741541601,-0.0573677606204566,
0.),.UNSPECIFIED.);
#3071=B_SPLINE_CURVE_WITH_KNOTS('',3,(#9982,#9983,#9984,#9985,#9986),
 .UNSPECIFIED.,.F.,.F.,(4,1,4),(0.,0.0608423595652866,0.136862335169259),
 .UNSPECIFIED.);
#3072=B_SPLINE_CURVE_WITH_KNOTS('',3,(#9987,#9988,#9989,#9990,#9991),
 .UNSPECIFIED.,.F.,.F.,(4,1,4),(-0.136862335169259,-0.0608423595652866,
0.),.UNSPECIFIED.);
#3073=B_SPLINE_CURVE_WITH_KNOTS('',3,(#10004,#10005,#10006,#10007,#10008),
 .UNSPECIFIED.,.F.,.F.,(4,1,4),(0.,0.0704910268373403,0.130951854864344),
 .UNSPECIFIED.);
#3074=B_SPLINE_CURVE_WITH_KNOTS('',3,(#10012,#10013,#10014,#10015,#10016),
 .UNSPECIFIED.,.F.,.F.,(4,1,4),(-0.130951854864344,-0.0704910268373403,
0.),.UNSPECIFIED.);
#3075=B_SPLINE_CURVE_WITH_KNOTS('',3,(#10029,#10030,#10031,#10032,#10033),
 .UNSPECIFIED.,.F.,.F.,(4,1,4),(0.,0.0414709915182629,0.0831931401777371),
 .UNSPECIFIED.);
#3076=B_SPLINE_CURVE_WITH_KNOTS('',3,(#10035,#10036,#10037,#10038,#10039),
 .UNSPECIFIED.,.F.,.F.,(4,1,4),(-0.0831931401777371,-0.0414709915182629,
0.),.UNSPECIFIED.);
#3077=B_SPLINE_CURVE_WITH_KNOTS('',3,(#10052,#10053,#10054,#10055,#10056),
 .UNSPECIFIED.,.F.,.F.,(4,1,4),(0.,0.0406698516241504,0.0791761653473589),
 .UNSPECIFIED.);
#3078=B_SPLINE_CURVE_WITH_KNOTS('',3,(#10058,#10059,#10060,#10061,#10062),
 .UNSPECIFIED.,.F.,.F.,(4,1,4),(-0.0791761653473589,-0.0406698516241504,
0.),.UNSPECIFIED.);
#3079=B_SPLINE_CURVE_WITH_KNOTS('',3,(#10075,#10076,#10077,#10078,#10079),
 .UNSPECIFIED.,.F.,.F.,(4,1,4),(0.,0.052449098681548,0.11013079734298),
 .UNSPECIFIED.);
#3080=B_SPLINE_CURVE_WITH_KNOTS('',3,(#10081,#10082,#10083,#10084,#10085),
 .UNSPECIFIED.,.F.,.F.,(4,1,4),(-0.11013079734298,-0.052449098681548,0.),
 .UNSPECIFIED.);
#3081=B_SPLINE_CURVE_WITH_KNOTS('',3,(#10098,#10099,#10100,#10101,#10102),
 .UNSPECIFIED.,.F.,.F.,(4,1,4),(0.,0.100928576466815,0.193831968728348),
 .UNSPECIFIED.);
#3082=B_SPLINE_CURVE_WITH_KNOTS('',3,(#10104,#10105,#10106,#10107,#10108),
 .UNSPECIFIED.,.F.,.F.,(4,1,4),(-0.193831968728348,-0.100928576466815,0.),
 .UNSPECIFIED.);
#3083=B_SPLINE_CURVE_WITH_KNOTS('',3,(#10121,#10122,#10123,#10124,#10125),
 .UNSPECIFIED.,.F.,.F.,(4,1,4),(0.,0.0958624152244681,0.205834323051798),
 .UNSPECIFIED.);
#3084=B_SPLINE_CURVE_WITH_KNOTS('',3,(#10127,#10128,#10129,#10130,#10131),
 .UNSPECIFIED.,.F.,.F.,(4,1,4),(-0.205834323051798,-0.0958624152244681,
0.),.UNSPECIFIED.);
#3085=B_SPLINE_CURVE_WITH_KNOTS('',3,(#10144,#10145,#10146,#10147,#10148),
 .UNSPECIFIED.,.F.,.F.,(4,1,4),(0.,0.10915179601463,0.204487164138527),
 .UNSPECIFIED.);
#3086=B_SPLINE_CURVE_WITH_KNOTS('',3,(#10150,#10151,#10152,#10153,#10154),
 .UNSPECIFIED.,.F.,.F.,(4,1,4),(-0.204487164138527,-0.10915179601463,0.),
 .UNSPECIFIED.);
#3087=B_SPLINE_CURVE_WITH_KNOTS('',3,(#10167,#10168,#10169,#10170,#10171),
 .UNSPECIFIED.,.F.,.F.,(4,1,4),(0.,0.0924421590269926,0.192985388214648),
 .UNSPECIFIED.);
#3088=B_SPLINE_CURVE_WITH_KNOTS('',3,(#10173,#10174,#10175,#10176,#10177),
 .UNSPECIFIED.,.F.,.F.,(4,1,4),(-0.192985388214648,-0.0924421590269926,
0.),.UNSPECIFIED.);
#3089=B_SPLINE_CURVE_WITH_KNOTS('',3,(#10190,#10191,#10192,#10193,#10194),
 .UNSPECIFIED.,.F.,.F.,(4,1,4),(0.,0.101537396850438,0.194122249480967),
 .UNSPECIFIED.);
#3090=B_SPLINE_CURVE_WITH_KNOTS('',3,(#10196,#10197,#10198,#10199,#10200),
 .UNSPECIFIED.,.F.,.F.,(4,1,4),(-0.194122249480967,-0.101537396850438,0.),
 .UNSPECIFIED.);
#3091=B_SPLINE_CURVE_WITH_KNOTS('',3,(#10212,#10213,#10214,#10215,#10216),
 .UNSPECIFIED.,.F.,.F.,(4,1,4),(0.,0.0947525143223179,0.202555810377345),
 .UNSPECIFIED.);
#3092=B_SPLINE_CURVE_WITH_KNOTS('',3,(#10217,#10218,#10219,#10220,#10221),
 .UNSPECIFIED.,.F.,.F.,(4,1,4),(-0.202555810377345,-0.0947525143223179,
0.),.UNSPECIFIED.);
#3093=B_SPLINE_CURVE_WITH_KNOTS('',3,(#10356,#10357,#10358,#10359,#10360),
 .UNSPECIFIED.,.F.,.F.,(4,1,4),(0.,0.0498339769582704,0.0804188093836497),
 .UNSPECIFIED.);
#3094=B_SPLINE_CURVE_WITH_KNOTS('',3,(#10362,#10363,#10364,#10365,#10366),
 .UNSPECIFIED.,.F.,.F.,(4,1,4),(-0.0804188093836497,-0.0498339769582704,
0.),.UNSPECIFIED.);
#3095=B_SPLINE_CURVE_WITH_KNOTS('',3,(#10379,#10380,#10381,#10382,#10383),
 .UNSPECIFIED.,.F.,.F.,(4,1,4),(0.,0.0205762091188931,0.0404525903672068),
 .UNSPECIFIED.);
#3096=B_SPLINE_CURVE_WITH_KNOTS('',3,(#10385,#10386,#10387,#10388,#10389),
 .UNSPECIFIED.,.F.,.F.,(4,1,4),(-0.0404525903672068,-0.0205762091188931,
0.),.UNSPECIFIED.);
#3097=B_SPLINE_CURVE_WITH_KNOTS('',3,(#10402,#10403,#10404,#10405,#10406),
 .UNSPECIFIED.,.F.,.F.,(4,1,4),(0.,0.0200046601464037,0.0410047726181797),
 .UNSPECIFIED.);
#3098=B_SPLINE_CURVE_WITH_KNOTS('',3,(#10408,#10409,#10410,#10411,#10412),
 .UNSPECIFIED.,.F.,.F.,(4,1,4),(-0.0410047726181797,-0.0200046601464037,
0.),.UNSPECIFIED.);
#3099=B_SPLINE_CURVE_WITH_KNOTS('',3,(#10425,#10426,#10427,#10428,#10429),
 .UNSPECIFIED.,.F.,.F.,(4,1,4),(0.,0.0252181537628377,0.0486588551647272),
 .UNSPECIFIED.);
#3100=B_SPLINE_CURVE_WITH_KNOTS('',3,(#10431,#10432,#10433,#10434,#10435),
 .UNSPECIFIED.,.F.,.F.,(4,1,4),(-0.0486588551647272,-0.0252181537628377,
0.),.UNSPECIFIED.);
#3101=B_SPLINE_CURVE_WITH_KNOTS('',3,(#10448,#10449,#10450,#10451,#10452),
 .UNSPECIFIED.,.F.,.F.,(4,1,4),(0.,0.0231838500441945,0.0469132515910328),
 .UNSPECIFIED.);
#3102=B_SPLINE_CURVE_WITH_KNOTS('',3,(#10454,#10455,#10456,#10457,#10458),
 .UNSPECIFIED.,.F.,.F.,(4,1,4),(-0.0469132515910328,-0.0231838500441945,
0.),.UNSPECIFIED.);
#3103=B_SPLINE_CURVE_WITH_KNOTS('',3,(#10471,#10472,#10473,#10474,#10475),
 .UNSPECIFIED.,.F.,.F.,(4,1,4),(0.,0.0273199116359228,0.0727746937484132),
 .UNSPECIFIED.);
#3104=B_SPLINE_CURVE_WITH_KNOTS('',3,(#10477,#10478,#10479,#10480,#10481),
 .UNSPECIFIED.,.F.,.F.,(4,1,4),(-0.0727746937484132,-0.0273199116359228,
0.),.UNSPECIFIED.);
#3105=B_SPLINE_CURVE_WITH_KNOTS('',3,(#10512,#10513,#10514,#10515,#10516),
 .UNSPECIFIED.,.F.,.F.,(4,1,4),(0.,0.0760804446727118,0.12043613888139),
 .UNSPECIFIED.);
#3106=B_SPLINE_CURVE_WITH_KNOTS('',3,(#10518,#10519,#10520,#10521,#10522),
 .UNSPECIFIED.,.F.,.F.,(4,1,4),(-0.12043613888139,-0.0760804446727118,0.),
 .UNSPECIFIED.);
#3107=B_SPLINE_CURVE_WITH_KNOTS('',3,(#10535,#10536,#10537,#10538,#10539),
 .UNSPECIFIED.,.F.,.F.,(4,1,4),(0.,0.0433315527191858,0.0882903417744611),
 .UNSPECIFIED.);
#3108=B_SPLINE_CURVE_WITH_KNOTS('',3,(#10541,#10542,#10543,#10544,#10545),
 .UNSPECIFIED.,.F.,.F.,(4,1,4),(-0.0882903417744611,-0.0433315527191858,
0.),.UNSPECIFIED.);
#3109=B_SPLINE_CURVE_WITH_KNOTS('',3,(#10558,#10559,#10560,#10561,#10562),
 .UNSPECIFIED.,.F.,.F.,(4,1,4),(0.,0.0483517427837264,0.103020869281952),
 .UNSPECIFIED.);
#3110=B_SPLINE_CURVE_WITH_KNOTS('',3,(#10564,#10565,#10566,#10567,#10568),
 .UNSPECIFIED.,.F.,.F.,(4,1,4),(-0.103020869281952,-0.0483517427837264,
0.),.UNSPECIFIED.);
#3111=B_SPLINE_CURVE_WITH_KNOTS('',3,(#10581,#10582,#10583,#10584,#10585),
 .UNSPECIFIED.,.F.,.F.,(4,1,4),(0.,0.0425826959902514,0.0798010657418791),
 .UNSPECIFIED.);
#3112=B_SPLINE_CURVE_WITH_KNOTS('',3,(#10587,#10588,#10589,#10590,#10591),
 .UNSPECIFIED.,.F.,.F.,(4,1,4),(-0.0798010657418791,-0.0425826959902514,
0.),.UNSPECIFIED.);
#3113=B_SPLINE_CURVE_WITH_KNOTS('',3,(#10604,#10605,#10606,#10607,#10608),
 .UNSPECIFIED.,.F.,.F.,(4,1,4),(0.,0.0338301619230542,0.0655223345531151),
 .UNSPECIFIED.);
#3114=B_SPLINE_CURVE_WITH_KNOTS('',3,(#10610,#10611,#10612,#10613,#10614),
 .UNSPECIFIED.,.F.,.F.,(4,1,4),(-0.0655223345531151,-0.0338301619230542,
0.),.UNSPECIFIED.);
#3115=B_SPLINE_CURVE_WITH_KNOTS('',3,(#10627,#10628,#10629,#10630,#10631),
 .UNSPECIFIED.,.F.,.F.,(4,1,4),(0.,0.0299246826467877,0.057751023769528),
 .UNSPECIFIED.);
#3116=B_SPLINE_CURVE_WITH_KNOTS('',3,(#10633,#10634,#10635,#10636,#10637),
 .UNSPECIFIED.,.F.,.F.,(4,1,4),(-0.057751023769528,-0.0299246826467877,
0.),.UNSPECIFIED.);
#3117=B_SPLINE_CURVE_WITH_KNOTS('',3,(#10650,#10651,#10652,#10653,#10654),
 .UNSPECIFIED.,.F.,.F.,(4,1,4),(0.,0.044577889578857,0.105058025047112),
 .UNSPECIFIED.);
#3118=B_SPLINE_CURVE_WITH_KNOTS('',3,(#10656,#10657,#10658,#10659,#10660),
 .UNSPECIFIED.,.F.,.F.,(4,1,4),(-0.105058025047112,-0.044577889578857,0.),
 .UNSPECIFIED.);
#3119=B_SPLINE_CURVE_WITH_KNOTS('',3,(#10773,#10774,#10775,#10776,#10777),
 .UNSPECIFIED.,.F.,.F.,(4,1,4),(0.,0.0773660785944908,0.14475938273256),
 .UNSPECIFIED.);
#3120=B_SPLINE_CURVE_WITH_KNOTS('',3,(#10779,#10780,#10781,#10782,#10783),
 .UNSPECIFIED.,.F.,.F.,(4,1,4),(-0.14475938273256,-0.0773660785944908,0.),
 .UNSPECIFIED.);
#3121=B_SPLINE_CURVE_WITH_KNOTS('',3,(#10796,#10797,#10798,#10799,#10800),
 .UNSPECIFIED.,.F.,.F.,(4,1,4),(0.,0.0664452849410384,0.140570534053711),
 .UNSPECIFIED.);
#3122=B_SPLINE_CURVE_WITH_KNOTS('',3,(#10802,#10803,#10804,#10805,#10806),
 .UNSPECIFIED.,.F.,.F.,(4,1,4),(-0.140570534053711,-0.0664452849410384,
0.),.UNSPECIFIED.);
#3123=B_SPLINE_CURVE_WITH_KNOTS('',3,(#10819,#10820,#10821,#10822,#10823),
 .UNSPECIFIED.,.F.,.F.,(4,1,4),(0.,0.0923041206032862,0.181362731045261),
 .UNSPECIFIED.);
#3124=B_SPLINE_CURVE_WITH_KNOTS('',3,(#10825,#10826,#10827,#10828,#10829),
 .UNSPECIFIED.,.F.,.F.,(4,1,4),(-0.181362731045261,-0.0923041206032862,
0.),.UNSPECIFIED.);
#3125=B_SPLINE_CURVE_WITH_KNOTS('',3,(#10842,#10843,#10844,#10845,#10846),
 .UNSPECIFIED.,.F.,.F.,(4,1,4),(0.,0.0937994137850697,0.200526783020998),
 .UNSPECIFIED.);
#3126=B_SPLINE_CURVE_WITH_KNOTS('',3,(#10848,#10849,#10850,#10851,#10852),
 .UNSPECIFIED.,.F.,.F.,(4,1,4),(-0.200526783020998,-0.0937994137850697,
0.),.UNSPECIFIED.);
#3127=B_SPLINE_CURVE_WITH_KNOTS('',3,(#10865,#10866,#10867,#10868,#10869),
 .UNSPECIFIED.,.F.,.F.,(4,1,4),(0.,0.112053372976053,0.20811270894215),
 .UNSPECIFIED.);
#3128=B_SPLINE_CURVE_WITH_KNOTS('',3,(#10871,#10872,#10873,#10874,#10875),
 .UNSPECIFIED.,.F.,.F.,(4,1,4),(-0.20811270894215,-0.112053372976053,0.),
 .UNSPECIFIED.);
#3129=B_SPLINE_CURVE_WITH_KNOTS('',3,(#10888,#10889,#10890,#10891,#10892),
 .UNSPECIFIED.,.F.,.F.,(4,1,4),(0.,0.0908265152198844,0.187285543995418),
 .UNSPECIFIED.);
#3130=B_SPLINE_CURVE_WITH_KNOTS('',3,(#10894,#10895,#10896,#10897,#10898),
 .UNSPECIFIED.,.F.,.F.,(4,1,4),(-0.187285543995418,-0.0908265152198844,
0.),.UNSPECIFIED.);
#3131=B_SPLINE_CURVE_WITH_KNOTS('',3,(#10911,#10912,#10913,#10914,#10915),
 .UNSPECIFIED.,.F.,.F.,(4,1,4),(0.,0.0842327204429873,0.16168206934021),
 .UNSPECIFIED.);
#3132=B_SPLINE_CURVE_WITH_KNOTS('',3,(#10917,#10918,#10919,#10920,#10921),
 .UNSPECIFIED.,.F.,.F.,(4,1,4),(-0.16168206934021,-0.0842327204429873,0.),
 .UNSPECIFIED.);
#3133=B_SPLINE_CURVE_WITH_KNOTS('',3,(#10934,#10935,#10936,#10937,#10938),
 .UNSPECIFIED.,.F.,.F.,(4,1,4),(0.,0.0491493670329294,0.106308429238741),
 .UNSPECIFIED.);
#3134=B_SPLINE_CURVE_WITH_KNOTS('',3,(#10940,#10941,#10942,#10943,#10944),
 .UNSPECIFIED.,.F.,.F.,(4,1,4),(-0.106308429238741,-0.0491493670329294,
0.),.UNSPECIFIED.);
#3135=B_SPLINE_CURVE_WITH_KNOTS('',3,(#10963,#10964,#10965,#10966,#10967),
 .UNSPECIFIED.,.F.,.F.,(4,1,4),(0.,0.0373834341735463,0.0727607705240172),
 .UNSPECIFIED.);
#3136=B_SPLINE_CURVE_WITH_KNOTS('',3,(#10969,#10970,#10971,#10972,#10973),
 .UNSPECIFIED.,.F.,.F.,(4,1,4),(-0.0727607705240172,-0.0373834341735463,
0.),.UNSPECIFIED.);
#3137=B_SPLINE_CURVE_WITH_KNOTS('',3,(#10986,#10987,#10988,#10989,#10990),
 .UNSPECIFIED.,.F.,.F.,(4,1,4),(0.,0.035443881752657,0.0730855020457721),
 .UNSPECIFIED.);
#3138=B_SPLINE_CURVE_WITH_KNOTS('',3,(#10992,#10993,#10994,#10995,#10996),
 .UNSPECIFIED.,.F.,.F.,(4,1,4),(-0.0730855020457721,-0.035443881752657,
0.),.UNSPECIFIED.);
#3139=B_SPLINE_CURVE_WITH_KNOTS('',3,(#11009,#11010,#11011,#11012,#11013),
 .UNSPECIFIED.,.F.,.F.,(4,1,4),(0.,0.0513284041504206,0.101174976426302),
 .UNSPECIFIED.);
#3140=B_SPLINE_CURVE_WITH_KNOTS('',3,(#11015,#11016,#11017,#11018,#11019),
 .UNSPECIFIED.,.F.,.F.,(4,1,4),(-0.101174976426302,-0.0513284041504206,
0.),.UNSPECIFIED.);
#3141=B_SPLINE_CURVE_WITH_KNOTS('',3,(#11032,#11033,#11034,#11035,#11036),
 .UNSPECIFIED.,.F.,.F.,(4,1,4),(0.,0.0583614484904134,0.13584150936978),
 .UNSPECIFIED.);
#3142=B_SPLINE_CURVE_WITH_KNOTS('',3,(#11038,#11039,#11040,#11041,#11042),
 .UNSPECIFIED.,.F.,.F.,(4,1,4),(-0.13584150936978,-0.0583614484904134,0.),
 .UNSPECIFIED.);
#3143=B_SPLINE_CURVE_WITH_KNOTS('',3,(#11055,#11056,#11057,#11058,#11059),
 .UNSPECIFIED.,.F.,.F.,(4,1,4),(0.,0.0816198343817509,0.141270974747029),
 .UNSPECIFIED.);
#3144=B_SPLINE_CURVE_WITH_KNOTS('',3,(#11061,#11062,#11063,#11064,#11065),
 .UNSPECIFIED.,.F.,.F.,(4,1,4),(-0.141270974747029,-0.0816198343817509,
0.),.UNSPECIFIED.);
#3145=B_SPLINE_CURVE_WITH_KNOTS('',3,(#11078,#11079,#11080,#11081,#11082),
 .UNSPECIFIED.,.F.,.F.,(4,1,4),(0.,0.0494923159927761,0.0999596374598164),
 .UNSPECIFIED.);
#3146=B_SPLINE_CURVE_WITH_KNOTS('',3,(#11084,#11085,#11086,#11087,#11088),
 .UNSPECIFIED.,.F.,.F.,(4,1,4),(-0.0999596374598164,-0.0494923159927761,
0.),.UNSPECIFIED.);
#3147=B_SPLINE_CURVE_WITH_KNOTS('',3,(#11101,#11102,#11103,#11104,#11105),
 .UNSPECIFIED.,.F.,.F.,(4,1,4),(0.,0.037974167439142,0.0751166942266199),
 .UNSPECIFIED.);
#3148=B_SPLINE_CURVE_WITH_KNOTS('',3,(#11107,#11108,#11109,#11110,#11111),
 .UNSPECIFIED.,.F.,.F.,(4,1,4),(-0.0751166942266199,-0.037974167439142,
0.),.UNSPECIFIED.);
#3149=B_SPLINE_CURVE_WITH_KNOTS('',3,(#11123,#11124,#11125,#11126,#11127),
 .UNSPECIFIED.,.F.,.F.,(4,1,4),(0.,0.0412691064283535,0.0916973379910903),
 .UNSPECIFIED.);
#3150=B_SPLINE_CURVE_WITH_KNOTS('',3,(#11128,#11129,#11130,#11131,#11132),
 .UNSPECIFIED.,.F.,.F.,(4,1,4),(-0.0916973379910903,-0.0412691064283535,
0.),.UNSPECIFIED.);
#3151=B_SPLINE_CURVE_WITH_KNOTS('',3,(#11405,#11406,#11407,#11408,#11409),
 .UNSPECIFIED.,.F.,.F.,(4,1,4),(0.,0.0590240418340747,0.0910754530270856),
 .UNSPECIFIED.);
#3152=B_SPLINE_CURVE_WITH_KNOTS('',3,(#11411,#11412,#11413,#11414,#11415),
 .UNSPECIFIED.,.F.,.F.,(4,1,4),(-0.0910754530270856,-0.0590240418340747,
0.),.UNSPECIFIED.);
#3153=B_SPLINE_CURVE_WITH_KNOTS('',3,(#11428,#11429,#11430,#11431,#11432),
 .UNSPECIFIED.,.F.,.F.,(4,1,4),(0.,0.0181528637570677,0.0358235035264996),
 .UNSPECIFIED.);
#3154=B_SPLINE_CURVE_WITH_KNOTS('',3,(#11434,#11435,#11436,#11437,#11438),
 .UNSPECIFIED.,.F.,.F.,(4,1,4),(-0.0358235035264996,-0.0181528637570677,
0.),.UNSPECIFIED.);
#3155=B_SPLINE_CURVE_WITH_KNOTS('',3,(#11451,#11452,#11453,#11454,#11455),
 .UNSPECIFIED.,.F.,.F.,(4,1,4),(0.,0.018544950519773,0.0393372533798088),
 .UNSPECIFIED.);
#3156=B_SPLINE_CURVE_WITH_KNOTS('',3,(#11457,#11458,#11459,#11460,#11461),
 .UNSPECIFIED.,.F.,.F.,(4,1,4),(-0.0393372533798088,-0.018544950519773,
0.),.UNSPECIFIED.);
#3157=B_SPLINE_CURVE_WITH_KNOTS('',3,(#11474,#11475,#11476,#11477,#11478),
 .UNSPECIFIED.,.F.,.F.,(4,1,4),(0.,0.0230559977399933,0.0436530794832859),
 .UNSPECIFIED.);
#3158=B_SPLINE_CURVE_WITH_KNOTS('',3,(#11480,#11481,#11482,#11483,#11484),
 .UNSPECIFIED.,.F.,.F.,(4,1,4),(-0.0436530794832859,-0.0230559977399933,
0.),.UNSPECIFIED.);
#3159=B_SPLINE_CURVE_WITH_KNOTS('',3,(#11497,#11498,#11499,#11500,#11501),
 .UNSPECIFIED.,.F.,.F.,(4,1,4),(0.,0.0205952984642024,0.0434622855659166),
 .UNSPECIFIED.);
#3160=B_SPLINE_CURVE_WITH_KNOTS('',3,(#11503,#11504,#11505,#11506,#11507),
 .UNSPECIFIED.,.F.,.F.,(4,1,4),(-0.0434622855659166,-0.0205952984642024,
0.),.UNSPECIFIED.);
#3161=B_SPLINE_CURVE_WITH_KNOTS('',3,(#11520,#11521,#11522,#11523,#11524),
 .UNSPECIFIED.,.F.,.F.,(4,1,4),(0.,0.0245899215817624,0.0737049861447454),
 .UNSPECIFIED.);
#3162=B_SPLINE_CURVE_WITH_KNOTS('',3,(#11526,#11527,#11528,#11529,#11530),
 .UNSPECIFIED.,.F.,.F.,(4,1,4),(-0.0737049861447454,-0.0245899215817624,
0.),.UNSPECIFIED.);
#3163=B_SPLINE_CURVE_WITH_KNOTS('',3,(#11567,#11568,#11569,#11570,#11571),
 .UNSPECIFIED.,.F.,.F.,(4,1,4),(0.,0.0692753144551289,0.117622915324644),
 .UNSPECIFIED.);
#3164=B_SPLINE_CURVE_WITH_KNOTS('',3,(#11573,#11574,#11575,#11576,#11577),
 .UNSPECIFIED.,.F.,.F.,(4,1,4),(-0.117622915324644,-0.0692753144551289,
0.),.UNSPECIFIED.);
#3165=B_SPLINE_CURVE_WITH_KNOTS('',3,(#11590,#11591,#11592,#11593,#11594),
 .UNSPECIFIED.,.F.,.F.,(4,1,4),(0.,0.0376768399079106,0.0764150963117243),
 .UNSPECIFIED.);
#3166=B_SPLINE_CURVE_WITH_KNOTS('',3,(#11596,#11597,#11598,#11599,#11600),
 .UNSPECIFIED.,.F.,.F.,(4,1,4),(-0.0764150963117243,-0.0376768399079106,
0.),.UNSPECIFIED.);
#3167=B_SPLINE_CURVE_WITH_KNOTS('',3,(#11613,#11614,#11615,#11616,#11617),
 .UNSPECIFIED.,.F.,.F.,(4,1,4),(0.,0.0403870325214402,0.0826068310213041),
 .UNSPECIFIED.);
#3168=B_SPLINE_CURVE_WITH_KNOTS('',3,(#11619,#11620,#11621,#11622,#11623),
 .UNSPECIFIED.,.F.,.F.,(4,1,4),(-0.0826068310213041,-0.0403870325214402,
0.),.UNSPECIFIED.);
#3169=B_SPLINE_CURVE_WITH_KNOTS('',3,(#11636,#11637,#11638,#11639,#11640),
 .UNSPECIFIED.,.F.,.F.,(4,1,4),(0.,0.0520342893854103,0.100443873737582),
 .UNSPECIFIED.);
#3170=B_SPLINE_CURVE_WITH_KNOTS('',3,(#11642,#11643,#11644,#11645,#11646),
 .UNSPECIFIED.,.F.,.F.,(4,1,4),(-0.100443873737582,-0.0520342893854103,
0.),.UNSPECIFIED.);
#3171=B_SPLINE_CURVE_WITH_KNOTS('',3,(#11659,#11660,#11661,#11662,#11663),
 .UNSPECIFIED.,.F.,.F.,(4,1,4),(0.,0.0509536085400636,0.110861598858916),
 .UNSPECIFIED.);
#3172=B_SPLINE_CURVE_WITH_KNOTS('',3,(#11665,#11666,#11667,#11668,#11669),
 .UNSPECIFIED.,.F.,.F.,(4,1,4),(-0.110861598858916,-0.0509536085400636,
0.),.UNSPECIFIED.);
#3173=B_SPLINE_CURVE_WITH_KNOTS('',3,(#11682,#11683,#11684,#11685,#11686),
 .UNSPECIFIED.,.F.,.F.,(4,1,4),(0.,0.0359813520442462,0.0686084595060071),
 .UNSPECIFIED.);
#3174=B_SPLINE_CURVE_WITH_KNOTS('',3,(#11688,#11689,#11690,#11691,#11692),
 .UNSPECIFIED.,.F.,.F.,(4,1,4),(-0.0686084595060071,-0.0359813520442462,
0.),.UNSPECIFIED.);
#3175=B_SPLINE_CURVE_WITH_KNOTS('',3,(#11705,#11706,#11707,#11708,#11709),
 .UNSPECIFIED.,.F.,.F.,(4,1,4),(0.,0.0404026297178591,0.0995492670510477),
 .UNSPECIFIED.);
#3176=B_SPLINE_CURVE_WITH_KNOTS('',3,(#11711,#11712,#11713,#11714,#11715),
 .UNSPECIFIED.,.F.,.F.,(4,1,4),(-0.0995492670510477,-0.0404026297178591,
0.),.UNSPECIFIED.);
#3177=B_SPLINE_CURVE_WITH_KNOTS('',3,(#11746,#11747,#11748,#11749,#11750),
 .UNSPECIFIED.,.F.,.F.,(4,1,4),(0.,0.0577208797786747,0.0907795395296391),
 .UNSPECIFIED.);
#3178=B_SPLINE_CURVE_WITH_KNOTS('',3,(#11752,#11753,#11754,#11755,#11756),
 .UNSPECIFIED.,.F.,.F.,(4,1,4),(-0.0907795395296391,-0.0577208797786747,
0.),.UNSPECIFIED.);
#3179=B_SPLINE_CURVE_WITH_KNOTS('',3,(#11769,#11770,#11771,#11772,#11773),
 .UNSPECIFIED.,.F.,.F.,(4,1,4),(0.,0.0195236824658979,0.0370654775380921),
 .UNSPECIFIED.);
#3180=B_SPLINE_CURVE_WITH_KNOTS('',3,(#11775,#11776,#11777,#11778,#11779),
 .UNSPECIFIED.,.F.,.F.,(4,1,4),(-0.0370654775380921,-0.0195236824658979,
0.),.UNSPECIFIED.);
#3181=B_SPLINE_CURVE_WITH_KNOTS('',3,(#11792,#11793,#11794,#11795,#11796),
 .UNSPECIFIED.,.F.,.F.,(4,1,4),(0.,0.0211451720416272,0.0512769478391082),
 .UNSPECIFIED.);
#3182=B_SPLINE_CURVE_WITH_KNOTS('',3,(#11798,#11799,#11800,#11801,#11802),
 .UNSPECIFIED.,.F.,.F.,(4,1,4),(-0.0512769478391082,-0.0211451720416272,
0.),.UNSPECIFIED.);
#3183=VERTEX_POINT('',#9818);
#3184=VERTEX_POINT('',#9819);
#3185=VERTEX_POINT('',#9825);
#3186=VERTEX_POINT('',#9827);
#3187=VERTEX_POINT('',#9844);
#3188=VERTEX_POINT('',#9850);
#3189=VERTEX_POINT('',#9867);
#3190=VERTEX_POINT('',#9873);
#3191=VERTEX_POINT('',#9890);
#3192=VERTEX_POINT('',#9896);
#3193=VERTEX_POINT('',#9913);
#3194=VERTEX_POINT('',#9919);
#3195=VERTEX_POINT('',#9936);
#3196=VERTEX_POINT('',#9942);
#3197=VERTEX_POINT('',#9959);
#3198=VERTEX_POINT('',#9965);
#3199=VERTEX_POINT('',#10002);
#3200=VERTEX_POINT('',#10003);
#3201=VERTEX_POINT('',#10009);
#3202=VERTEX_POINT('',#10011);
#3203=VERTEX_POINT('',#10028);
#3204=VERTEX_POINT('',#10034);
#3205=VERTEX_POINT('',#10051);
#3206=VERTEX_POINT('',#10057);
#3207=VERTEX_POINT('',#10074);
#3208=VERTEX_POINT('',#10080);
#3209=VERTEX_POINT('',#10097);
#3210=VERTEX_POINT('',#10103);
#3211=VERTEX_POINT('',#10120);
#3212=VERTEX_POINT('',#10126);
#3213=VERTEX_POINT('',#10143);
#3214=VERTEX_POINT('',#10149);
#3215=VERTEX_POINT('',#10166);
#3216=VERTEX_POINT('',#10172);
#3217=VERTEX_POINT('',#10189);
#3218=VERTEX_POINT('',#10195);
#3219=VERTEX_POINT('',#10225);
#3220=VERTEX_POINT('',#10226);
#3221=VERTEX_POINT('',#10228);
#3222=VERTEX_POINT('',#10230);
#3223=VERTEX_POINT('',#10234);
#3224=VERTEX_POINT('',#10236);
#3225=VERTEX_POINT('',#10240);
#3226=VERTEX_POINT('',#10242);
#3227=VERTEX_POINT('',#10246);
#3228=VERTEX_POINT('',#10248);
#3229=VERTEX_POINT('',#10252);
#3230=VERTEX_POINT('',#10254);
#3231=VERTEX_POINT('',#10263);
#3232=VERTEX_POINT('',#10264);
#3233=VERTEX_POINT('',#10266);
#3234=VERTEX_POINT('',#10268);
#3235=VERTEX_POINT('',#10272);
#3236=VERTEX_POINT('',#10274);
#3237=VERTEX_POINT('',#10281);
#3238=VERTEX_POINT('',#10282);
#3239=VERTEX_POINT('',#10284);
#3240=VERTEX_POINT('',#10286);
#3241=VERTEX_POINT('',#10290);
#3242=VERTEX_POINT('',#10292);
#3243=VERTEX_POINT('',#10296);
#3244=VERTEX_POINT('',#10298);
#3245=VERTEX_POINT('',#10302);
#3246=VERTEX_POINT('',#10304);
#3247=VERTEX_POINT('',#10308);
#3248=VERTEX_POINT('',#10310);
#3249=VERTEX_POINT('',#10314);
#3250=VERTEX_POINT('',#10316);
#3251=VERTEX_POINT('',#10320);
#3252=VERTEX_POINT('',#10322);
#3253=VERTEX_POINT('',#10331);
#3254=VERTEX_POINT('',#10332);
#3255=VERTEX_POINT('',#10334);
#3256=VERTEX_POINT('',#10336);
#3257=VERTEX_POINT('',#10340);
#3258=VERTEX_POINT('',#10342);
#3259=VERTEX_POINT('',#10355);
#3260=VERTEX_POINT('',#10361);
#3261=VERTEX_POINT('',#10378);
#3262=VERTEX_POINT('',#10384);
#3263=VERTEX_POINT('',#10401);
#3264=VERTEX_POINT('',#10407);
#3265=VERTEX_POINT('',#10424);
#3266=VERTEX_POINT('',#10430);
#3267=VERTEX_POINT('',#10447);
#3268=VERTEX_POINT('',#10453);
#3269=VERTEX_POINT('',#10470);
#3270=VERTEX_POINT('',#10476);
#3271=VERTEX_POINT('',#10487);
#3272=VERTEX_POINT('',#10488);
#3273=VERTEX_POINT('',#10490);
#3274=VERTEX_POINT('',#10492);
#3275=VERTEX_POINT('',#10496);
#3276=VERTEX_POINT('',#10498);
#3277=VERTEX_POINT('',#10511);
#3278=VERTEX_POINT('',#10517);
#3279=VERTEX_POINT('',#10534);
#3280=VERTEX_POINT('',#10540);
#3281=VERTEX_POINT('',#10557);
#3282=VERTEX_POINT('',#10563);
#3283=VERTEX_POINT('',#10580);
#3284=VERTEX_POINT('',#10586);
#3285=VERTEX_POINT('',#10603);
#3286=VERTEX_POINT('',#10609);
#3287=VERTEX_POINT('',#10626);
#3288=VERTEX_POINT('',#10632);
#3289=VERTEX_POINT('',#10649);
#3290=VERTEX_POINT('',#10655);
#3291=VERTEX_POINT('',#10663);
#3292=VERTEX_POINT('',#10665);
#3293=VERTEX_POINT('',#10669);
#3294=VERTEX_POINT('',#10671);
#3295=VERTEX_POINT('',#10680);
#3296=VERTEX_POINT('',#10681);
#3297=VERTEX_POINT('',#10683);
#3298=VERTEX_POINT('',#10685);
#3299=VERTEX_POINT('',#10689);
#3300=VERTEX_POINT('',#10691);
#3301=VERTEX_POINT('',#10695);
#3302=VERTEX_POINT('',#10697);
#3303=VERTEX_POINT('',#10701);
#3304=VERTEX_POINT('',#10703);
#3305=VERTEX_POINT('',#10707);
#3306=VERTEX_POINT('',#10709);
#3307=VERTEX_POINT('',#10713);
#3308=VERTEX_POINT('',#10715);
#3309=VERTEX_POINT('',#10719);
#3310=VERTEX_POINT('',#10721);
#3311=VERTEX_POINT('',#10725);
#3312=VERTEX_POINT('',#10727);
#3313=VERTEX_POINT('',#10731);
#3314=VERTEX_POINT('',#10733);
#3315=VERTEX_POINT('',#10737);
#3316=VERTEX_POINT('',#10739);
#3317=VERTEX_POINT('',#10743);
#3318=VERTEX_POINT('',#10745);
#3319=VERTEX_POINT('',#10754);
#3320=VERTEX_POINT('',#10755);
#3321=VERTEX_POINT('',#10757);
#3322=VERTEX_POINT('',#10759);
#3323=VERTEX_POINT('',#10772);
#3324=VERTEX_POINT('',#10778);
#3325=VERTEX_POINT('',#10795);
#3326=VERTEX_POINT('',#10801);
#3327=VERTEX_POINT('',#10818);
#3328=VERTEX_POINT('',#10824);
#3329=VERTEX_POINT('',#10841);
#3330=VERTEX_POINT('',#10847);
#3331=VERTEX_POINT('',#10864);
#3332=VERTEX_POINT('',#10870);
#3333=VERTEX_POINT('',#10887);
#3334=VERTEX_POINT('',#10893);
#3335=VERTEX_POINT('',#10910);
#3336=VERTEX_POINT('',#10916);
#3337=VERTEX_POINT('',#10933);
#3338=VERTEX_POINT('',#10939);
#3339=VERTEX_POINT('',#10947);
#3340=VERTEX_POINT('',#10949);
#3341=VERTEX_POINT('',#10962);
#3342=VERTEX_POINT('',#10968);
#3343=VERTEX_POINT('',#10985);
#3344=VERTEX_POINT('',#10991);
#3345=VERTEX_POINT('',#11008);
#3346=VERTEX_POINT('',#11014);
#3347=VERTEX_POINT('',#11031);
#3348=VERTEX_POINT('',#11037);
#3349=VERTEX_POINT('',#11054);
#3350=VERTEX_POINT('',#11060);
#3351=VERTEX_POINT('',#11077);
#3352=VERTEX_POINT('',#11083);
#3353=VERTEX_POINT('',#11100);
#3354=VERTEX_POINT('',#11106);
#3355=VERTEX_POINT('',#11136);
#3356=VERTEX_POINT('',#11137);
#3357=VERTEX_POINT('',#11139);
#3358=VERTEX_POINT('',#11141);
#3359=VERTEX_POINT('',#11145);
#3360=VERTEX_POINT('',#11147);
#3361=VERTEX_POINT('',#11151);
#3362=VERTEX_POINT('',#11153);
#3363=VERTEX_POINT('',#11157);
#3364=VERTEX_POINT('',#11159);
#3365=VERTEX_POINT('',#11163);
#3366=VERTEX_POINT('',#11165);
#3367=VERTEX_POINT('',#11169);
#3368=VERTEX_POINT('',#11171);
#3369=VERTEX_POINT('',#11175);
#3370=VERTEX_POINT('',#11177);
#3371=VERTEX_POINT('',#11186);
#3372=VERTEX_POINT('',#11187);
#3373=VERTEX_POINT('',#11189);
#3374=VERTEX_POINT('',#11191);
#3375=VERTEX_POINT('',#11195);
#3376=VERTEX_POINT('',#11197);
#3377=VERTEX_POINT('',#11201);
#3378=VERTEX_POINT('',#11203);
#3379=VERTEX_POINT('',#11212);
#3380=VERTEX_POINT('',#11213);
#3381=VERTEX_POINT('',#11215);
#3382=VERTEX_POINT('',#11217);
#3383=VERTEX_POINT('',#11221);
#3384=VERTEX_POINT('',#11223);
#3385=VERTEX_POINT('',#11227);
#3386=VERTEX_POINT('',#11229);
#3387=VERTEX_POINT('',#11233);
#3388=VERTEX_POINT('',#11235);
#3389=VERTEX_POINT('',#11239);
#3390=VERTEX_POINT('',#11241);
#3391=VERTEX_POINT('',#11245);
#3392=VERTEX_POINT('',#11247);
#3393=VERTEX_POINT('',#11251);
#3394=VERTEX_POINT('',#11253);
#3395=VERTEX_POINT('',#11257);
#3396=VERTEX_POINT('',#11259);
#3397=VERTEX_POINT('',#11263);
#3398=VERTEX_POINT('',#11265);
#3399=VERTEX_POINT('',#11269);
#3400=VERTEX_POINT('',#11271);
#3401=VERTEX_POINT('',#11275);
#3402=VERTEX_POINT('',#11277);
#3403=VERTEX_POINT('',#11281);
#3404=VERTEX_POINT('',#11283);
#3405=VERTEX_POINT('',#11292);
#3406=VERTEX_POINT('',#11293);
#3407=VERTEX_POINT('',#11295);
#3408=VERTEX_POINT('',#11297);
#3409=VERTEX_POINT('',#11301);
#3410=VERTEX_POINT('',#11303);
#3411=VERTEX_POINT('',#11307);
#3412=VERTEX_POINT('',#11309);
#3413=VERTEX_POINT('',#11313);
#3414=VERTEX_POINT('',#11315);
#3415=VERTEX_POINT('',#11319);
#3416=VERTEX_POINT('',#11321);
#3417=VERTEX_POINT('',#11325);
#3418=VERTEX_POINT('',#11327);
#3419=VERTEX_POINT('',#11331);
#3420=VERTEX_POINT('',#11333);
#3421=VERTEX_POINT('',#11337);
#3422=VERTEX_POINT('',#11339);
#3423=VERTEX_POINT('',#11348);
#3424=VERTEX_POINT('',#11349);
#3425=VERTEX_POINT('',#11351);
#3426=VERTEX_POINT('',#11353);
#3427=VERTEX_POINT('',#11357);
#3428=VERTEX_POINT('',#11359);
#3429=VERTEX_POINT('',#11363);
#3430=VERTEX_POINT('',#11365);
#3431=VERTEX_POINT('',#11369);
#3432=VERTEX_POINT('',#11371);
#3433=VERTEX_POINT('',#11375);
#3434=VERTEX_POINT('',#11377);
#3435=VERTEX_POINT('',#11386);
#3436=VERTEX_POINT('',#11387);
#3437=VERTEX_POINT('',#11389);
#3438=VERTEX_POINT('',#11391);
#3439=VERTEX_POINT('',#11404);
#3440=VERTEX_POINT('',#11410);
#3441=VERTEX_POINT('',#11427);
#3442=VERTEX_POINT('',#11433);
#3443=VERTEX_POINT('',#11450);
#3444=VERTEX_POINT('',#11456);
#3445=VERTEX_POINT('',#11473);
#3446=VERTEX_POINT('',#11479);
#3447=VERTEX_POINT('',#11496);
#3448=VERTEX_POINT('',#11502);
#3449=VERTEX_POINT('',#11519);
#3450=VERTEX_POINT('',#11525);
#3451=VERTEX_POINT('',#11533);
#3452=VERTEX_POINT('',#11535);
#3453=VERTEX_POINT('',#11542);
#3454=VERTEX_POINT('',#11543);
#3455=VERTEX_POINT('',#11545);
#3456=VERTEX_POINT('',#11547);
#3457=VERTEX_POINT('',#11551);
#3458=VERTEX_POINT('',#11553);
#3459=VERTEX_POINT('',#11566);
#3460=VERTEX_POINT('',#11572);
#3461=VERTEX_POINT('',#11589);
#3462=VERTEX_POINT('',#11595);
#3463=VERTEX_POINT('',#11612);
#3464=VERTEX_POINT('',#11618);
#3465=VERTEX_POINT('',#11635);
#3466=VERTEX_POINT('',#11641);
#3467=VERTEX_POINT('',#11658);
#3468=VERTEX_POINT('',#11664);
#3469=VERTEX_POINT('',#11681);
#3470=VERTEX_POINT('',#11687);
#3471=VERTEX_POINT('',#11704);
#3472=VERTEX_POINT('',#11710);
#3473=VERTEX_POINT('',#11718);
#3474=VERTEX_POINT('',#11720);
#3475=VERTEX_POINT('',#11724);
#3476=VERTEX_POINT('',#11726);
#3477=VERTEX_POINT('',#11730);
#3478=VERTEX_POINT('',#11732);
#3479=VERTEX_POINT('',#11745);
#3480=VERTEX_POINT('',#11751);
#3481=VERTEX_POINT('',#11768);
#3482=VERTEX_POINT('',#11774);
#3483=VERTEX_POINT('',#11791);
#3484=VERTEX_POINT('',#11797);
#3485=VERTEX_POINT('',#11805);
#3486=VERTEX_POINT('',#11807);
#3487=VERTEX_POINT('',#11811);
#3488=VERTEX_POINT('',#11813);
#3489=VERTEX_POINT('',#11822);
#3490=VERTEX_POINT('',#11823);
#3491=VERTEX_POINT('',#11825);
#3492=VERTEX_POINT('',#11827);
#3493=VERTEX_POINT('',#11831);
#3494=VERTEX_POINT('',#11833);
#3495=VERTEX_POINT('',#11837);
#3496=VERTEX_POINT('',#11839);
#3497=VERTEX_POINT('',#11843);
#3498=VERTEX_POINT('',#11845);
#3499=VERTEX_POINT('',#11849);
#3500=VERTEX_POINT('',#11851);
#3501=VERTEX_POINT('',#11855);
#3502=VERTEX_POINT('',#11857);
#3503=VERTEX_POINT('',#11861);
#3504=VERTEX_POINT('',#11863);
#3505=VERTEX_POINT('',#11870);
#3506=VERTEX_POINT('',#11871);
#3507=VERTEX_POINT('',#11873);
#3508=VERTEX_POINT('',#11875);
#3509=VERTEX_POINT('',#11879);
#3510=VERTEX_POINT('',#11881);
#3511=VERTEX_POINT('',#11885);
#3512=VERTEX_POINT('',#11887);
#3513=VERTEX_POINT('',#11891);
#3514=VERTEX_POINT('',#11893);
#3515=VERTEX_POINT('',#11897);
#3516=VERTEX_POINT('',#11899);
#3517=VERTEX_POINT('',#11903);
#3518=VERTEX_POINT('',#11905);
#3519=VERTEX_POINT('',#11909);
#3520=VERTEX_POINT('',#11911);
#3521=VERTEX_POINT('',#11918);
#3522=VERTEX_POINT('',#11919);
#3523=VERTEX_POINT('',#11921);
#3524=VERTEX_POINT('',#11923);
#3525=VERTEX_POINT('',#11927);
#3526=VERTEX_POINT('',#11929);
#3527=VERTEX_POINT('',#11933);
#3528=VERTEX_POINT('',#11935);
#3529=VERTEX_POINT('',#11939);
#3530=VERTEX_POINT('',#11941);
#3531=VERTEX_POINT('',#11945);
#3532=VERTEX_POINT('',#11947);
#3533=VERTEX_POINT('',#11951);
#3534=VERTEX_POINT('',#11953);
#3535=VERTEX_POINT('',#11957);
#3536=VERTEX_POINT('',#11959);
#3537=VERTEX_POINT('',#11966);
#3538=VERTEX_POINT('',#11967);
#3539=VERTEX_POINT('',#11969);
#3540=VERTEX_POINT('',#11971);
#3541=VERTEX_POINT('',#11975);
#3542=VERTEX_POINT('',#11977);
#3543=VERTEX_POINT('',#11981);
#3544=VERTEX_POINT('',#11983);
#3545=VERTEX_POINT('',#11987);
#3546=VERTEX_POINT('',#11989);
#3547=VERTEX_POINT('',#11993);
#3548=VERTEX_POINT('',#11994);
#3549=VERTEX_POINT('',#11996);
#3550=VERTEX_POINT('',#11998);
#3551=VERTEX_POINT('',#12002);
#3552=VERTEX_POINT('',#12004);
#3553=VERTEX_POINT('',#12008);
#3554=VERTEX_POINT('',#12009);
#3555=VERTEX_POINT('',#12011);
#3556=VERTEX_POINT('',#12013);
#3557=VERTEX_POINT('',#12020);
#3558=VERTEX_POINT('',#12022);
#3559=VERTEX_POINT('',#12026);
#3560=VERTEX_POINT('',#12028);
#3561=VERTEX_POINT('',#12032);
#3562=VERTEX_POINT('',#12034);
#3563=VERTEX_POINT('',#12041);
#3564=VERTEX_POINT('',#12042);
#3565=VERTEX_POINT('',#12044);
#3566=VERTEX_POINT('',#12046);
#3567=VERTEX_POINT('',#12050);
#3568=VERTEX_POINT('',#12052);
#3569=VERTEX_POINT('',#12056);
#3570=VERTEX_POINT('',#12057);
#3571=VERTEX_POINT('',#12059);
#3572=VERTEX_POINT('',#12061);
#3573=VERTEX_POINT('',#12068);
#3574=VERTEX_POINT('',#12070);
#3575=VERTEX_POINT('',#12074);
#3576=VERTEX_POINT('',#12076);
#3577=VERTEX_POINT('',#12080);
#3578=VERTEX_POINT('',#12082);
#3579=VERTEX_POINT('',#12089);
#3580=VERTEX_POINT('',#12090);
#3581=VERTEX_POINT('',#12092);
#3582=VERTEX_POINT('',#12094);
#3583=VERTEX_POINT('',#12101);
#3584=VERTEX_POINT('',#12103);
#3585=VERTEX_POINT('',#12110);
#3586=VERTEX_POINT('',#12111);
#3587=VERTEX_POINT('',#12113);
#3588=VERTEX_POINT('',#12115);
#3589=VERTEX_POINT('',#12119);
#3590=VERTEX_POINT('',#12121);
#3591=VERTEX_POINT('',#12125);
#3592=VERTEX_POINT('',#12127);
#3593=VERTEX_POINT('',#12131);
#3594=VERTEX_POINT('',#12133);
#3595=VERTEX_POINT('',#12137);
#3596=VERTEX_POINT('',#12139);
#3597=VERTEX_POINT('',#12143);
#3598=VERTEX_POINT('',#12145);
#3599=VERTEX_POINT('',#12149);
#3600=VERTEX_POINT('',#12150);
#3601=VERTEX_POINT('',#12152);
#3602=VERTEX_POINT('',#12154);
#3603=VERTEX_POINT('',#12158);
#3604=VERTEX_POINT('',#12160);
#3605=VERTEX_POINT('',#12164);
#3606=VERTEX_POINT('',#12165);
#3607=VERTEX_POINT('',#12167);
#3608=VERTEX_POINT('',#12169);
#3609=VERTEX_POINT('',#12176);
#3610=VERTEX_POINT('',#12178);
#3611=VERTEX_POINT('',#12185);
#3612=VERTEX_POINT('',#12187);
#3613=VERTEX_POINT('',#12191);
#3614=VERTEX_POINT('',#12193);
#3615=VERTEX_POINT('',#12197);
#3616=VERTEX_POINT('',#12198);
#3617=VERTEX_POINT('',#12200);
#3618=VERTEX_POINT('',#12202);
#3619=VERTEX_POINT('',#12206);
#3620=VERTEX_POINT('',#12208);
#3621=VERTEX_POINT('',#12212);
#3622=VERTEX_POINT('',#12214);
#3623=VERTEX_POINT('',#12221);
#3624=VERTEX_POINT('',#12222);
#3625=VERTEX_POINT('',#12224);
#3626=VERTEX_POINT('',#12226);
#3627=VERTEX_POINT('',#12233);
#3628=VERTEX_POINT('',#12234);
#3629=VERTEX_POINT('',#12236);
#3630=VERTEX_POINT('',#12238);
#3631=VERTEX_POINT('',#12242);
#3632=VERTEX_POINT('',#12244);
#3633=VERTEX_POINT('',#12248);
#3634=VERTEX_POINT('',#12250);
#3635=VERTEX_POINT('',#12254);
#3636=VERTEX_POINT('',#12256);
#3637=VERTEX_POINT('',#12260);
#3638=VERTEX_POINT('',#12262);
#3639=VERTEX_POINT('',#12266);
#3640=VERTEX_POINT('',#12268);
#3641=VERTEX_POINT('',#12272);
#3642=VERTEX_POINT('',#12273);
#3643=VERTEX_POINT('',#12275);
#3644=VERTEX_POINT('',#12277);
#3645=VERTEX_POINT('',#12284);
#3646=VERTEX_POINT('',#12286);
#3647=VERTEX_POINT('',#12293);
#3648=VERTEX_POINT('',#12295);
#3649=VERTEX_POINT('',#12302);
#3650=VERTEX_POINT('',#12304);
#3651=VERTEX_POINT('',#12308);
#3652=VERTEX_POINT('',#12312);
#3653=VERTEX_POINT('',#12314);
#3654=VERTEX_POINT('',#12318);
#3655=VERTEX_POINT('',#12322);
#3656=VERTEX_POINT('',#12324);
#3657=VERTEX_POINT('',#12328);
#3658=VERTEX_POINT('',#12332);
#3659=VERTEX_POINT('',#12334);
#3660=VERTEX_POINT('',#12338);
#3661=VERTEX_POINT('',#12342);
#3662=VERTEX_POINT('',#12344);
#3663=VERTEX_POINT('',#12348);
#3664=VERTEX_POINT('',#12352);
#3665=VERTEX_POINT('',#12354);
#3666=VERTEX_POINT('',#12358);
#3667=VERTEX_POINT('',#12362);
#3668=VERTEX_POINT('',#12364);
#3669=VERTEX_POINT('',#12368);
#3670=VERTEX_POINT('',#12372);
#3671=VERTEX_POINT('',#12374);
#3672=VERTEX_POINT('',#12378);
#3673=VERTEX_POINT('',#12382);
#3674=VERTEX_POINT('',#12384);
#3675=VERTEX_POINT('',#12388);
#3676=VERTEX_POINT('',#12392);
#3677=VERTEX_POINT('',#12394);
#3678=VERTEX_POINT('',#12398);
#3679=VERTEX_POINT('',#12402);
#3680=VERTEX_POINT('',#12403);
#3681=VERTEX_POINT('',#12405);
#3682=VERTEX_POINT('',#12407);
#3683=VERTEX_POINT('',#12411);
#3684=VERTEX_POINT('',#12413);
#3685=VERTEX_POINT('',#12417);
#3686=VERTEX_POINT('',#12418);
#3687=VERTEX_POINT('',#12420);
#3688=VERTEX_POINT('',#12422);
#3689=VERTEX_POINT('',#12429);
#3690=VERTEX_POINT('',#12430);
#3691=VERTEX_POINT('',#12432);
#3692=VERTEX_POINT('',#12434);
#3693=VERTEX_POINT('',#12441);
#3694=VERTEX_POINT('',#12443);
#3695=VERTEX_POINT('',#12450);
#3696=VERTEX_POINT('',#12451);
#3697=VERTEX_POINT('',#12453);
#3698=VERTEX_POINT('',#12455);
#3699=VERTEX_POINT('',#12459);
#3700=VERTEX_POINT('',#12461);
#3701=VERTEX_POINT('',#12465);
#3702=VERTEX_POINT('',#12467);
#3703=VERTEX_POINT('',#12471);
#3704=VERTEX_POINT('',#12473);
#3705=VERTEX_POINT('',#12477);
#3706=VERTEX_POINT('',#12479);
#3707=VERTEX_POINT('',#12483);
#3708=VERTEX_POINT('',#12485);
#3709=VERTEX_POINT('',#12489);
#3710=VERTEX_POINT('',#12491);
#3711=VERTEX_POINT('',#12498);
#3712=VERTEX_POINT('',#12500);
#3713=VERTEX_POINT('',#12504);
#3714=VERTEX_POINT('',#12506);
#3715=VERTEX_POINT('',#12510);
#3716=VERTEX_POINT('',#12512);
#3717=VERTEX_POINT('',#12516);
#3718=VERTEX_POINT('',#12518);
#3719=VERTEX_POINT('',#12522);
#3720=VERTEX_POINT('',#12523);
#3721=VERTEX_POINT('',#12525);
#3722=VERTEX_POINT('',#12527);
#3723=VERTEX_POINT('',#12531);
#3724=VERTEX_POINT('',#12533);
#3725=VERTEX_POINT('',#12537);
#3726=VERTEX_POINT('',#12539);
#3727=VERTEX_POINT('',#12543);
#3728=VERTEX_POINT('',#12545);
#3729=VERTEX_POINT('',#12549);
#3730=VERTEX_POINT('',#12551);
#3731=VERTEX_POINT('',#12555);
#3732=VERTEX_POINT('',#12557);
#3733=VERTEX_POINT('',#12561);
#3734=VERTEX_POINT('',#12563);
#3735=VERTEX_POINT('',#12570);
#3736=VERTEX_POINT('',#12572);
#3737=VERTEX_POINT('',#12576);
#3738=VERTEX_POINT('',#12578);
#3739=VERTEX_POINT('',#12582);
#3740=VERTEX_POINT('',#12584);
#3741=VERTEX_POINT('',#12588);
#3742=VERTEX_POINT('',#12590);
#3743=VERTEX_POINT('',#12594);
#3744=VERTEX_POINT('',#12596);
#3745=VERTEX_POINT('',#12600);
#3746=VERTEX_POINT('',#12602);
#3747=VERTEX_POINT('',#12606);
#3748=VERTEX_POINT('',#12608);
#3749=VERTEX_POINT('',#12612);
#3750=VERTEX_POINT('',#12614);
#3751=VERTEX_POINT('',#12618);
#3752=VERTEX_POINT('',#12620);
#3753=VERTEX_POINT('',#12624);
#3754=VERTEX_POINT('',#12626);
#3755=VERTEX_POINT('',#12630);
#3756=VERTEX_POINT('',#12632);
#3757=VERTEX_POINT('',#12636);
#3758=VERTEX_POINT('',#12638);
#3759=VERTEX_POINT('',#12642);
#3760=VERTEX_POINT('',#12644);
#3761=VERTEX_POINT('',#12648);
#3762=VERTEX_POINT('',#12649);
#3763=VERTEX_POINT('',#12651);
#3764=VERTEX_POINT('',#12653);
#3765=VERTEX_POINT('',#12657);
#3766=VERTEX_POINT('',#12659);
#3767=VERTEX_POINT('',#12663);
#3768=VERTEX_POINT('',#12665);
#3769=VERTEX_POINT('',#12667);
#3770=VERTEX_POINT('',#12671);
#3771=VERTEX_POINT('',#12675);
#3772=VERTEX_POINT('',#12679);
#3773=VERTEX_POINT('',#12680);
#3774=VERTEX_POINT('',#12682);
#3775=VERTEX_POINT('',#12684);
#3776=VERTEX_POINT('',#12688);
#3777=VERTEX_POINT('',#12690);
#3778=VERTEX_POINT('',#12692);
#3779=VERTEX_POINT('',#12696);
#3780=VERTEX_POINT('',#12698);
#3781=VERTEX_POINT('',#12703);
#3782=VERTEX_POINT('',#12707);
#3783=VERTEX_POINT('',#12711);
#3784=VERTEX_POINT('',#12720);
#3785=VERTEX_POINT('',#12722);
#3786=VERTEX_POINT('',#12724);
#3787=VERTEX_POINT('',#12731);
#3788=VERTEX_POINT('',#12735);
#3789=VERTEX_POINT('',#12742);
#3790=VERTEX_POINT('',#12744);
#3791=VERTEX_POINT('',#12748);
#3792=VERTEX_POINT('',#12749);
#3793=VERTEX_POINT('',#12751);
#3794=VERTEX_POINT('',#12753);
#3795=VERTEX_POINT('',#12761);
#3796=VERTEX_POINT('',#12765);
#3797=VERTEX_POINT('',#12774);
#3798=VERTEX_POINT('',#12776);
#3799=VERTEX_POINT('',#12780);
#3800=VERTEX_POINT('',#12784);
#3801=VERTEX_POINT('',#12786);
#3802=VERTEX_POINT('',#12788);
#3803=VERTEX_POINT('',#12795);
#3804=VERTEX_POINT('',#12799);
#3805=VERTEX_POINT('',#12806);
#3806=VERTEX_POINT('',#12808);
#3807=VERTEX_POINT('',#12812);
#3808=VERTEX_POINT('',#12816);
#3809=VERTEX_POINT('',#12818);
#3810=VERTEX_POINT('',#12822);
#3811=VERTEX_POINT('',#12826);
#3812=VERTEX_POINT('',#12828);
#3813=VERTEX_POINT('',#12832);
#3814=VERTEX_POINT('',#12836);
#3815=VERTEX_POINT('',#12838);
#3816=VERTEX_POINT('',#12842);
#3817=VERTEX_POINT('',#12846);
#3818=VERTEX_POINT('',#12848);
#3819=VERTEX_POINT('',#12852);
#3820=VERTEX_POINT('',#12856);
#3821=VERTEX_POINT('',#12858);
#3822=VERTEX_POINT('',#12862);
#3823=VERTEX_POINT('',#12866);
#3824=VERTEX_POINT('',#12868);
#3825=VERTEX_POINT('',#12872);
#3826=VERTEX_POINT('',#12876);
#3827=VERTEX_POINT('',#12878);
#3828=VERTEX_POINT('',#12882);
#3829=VERTEX_POINT('',#12886);
#3830=VERTEX_POINT('',#12888);
#3831=VERTEX_POINT('',#12892);
#3832=VERTEX_POINT('',#12896);
#3833=VERTEX_POINT('',#12898);
#3834=VERTEX_POINT('',#12902);
#3835=VERTEX_POINT('',#12906);
#3836=VERTEX_POINT('',#12908);
#3837=VERTEX_POINT('',#12912);
#3838=VERTEX_POINT('',#12916);
#3839=VERTEX_POINT('',#12918);
#3840=VERTEX_POINT('',#12922);
#3841=VERTEX_POINT('',#12926);
#3842=VERTEX_POINT('',#12928);
#3843=VERTEX_POINT('',#12932);
#3844=VERTEX_POINT('',#12936);
#3845=VERTEX_POINT('',#12938);
#3846=VERTEX_POINT('',#12942);
#3847=VERTEX_POINT('',#12946);
#3848=VERTEX_POINT('',#12948);
#3849=VERTEX_POINT('',#12952);
#3850=VERTEX_POINT('',#12956);
#3851=VERTEX_POINT('',#12958);
#3852=VERTEX_POINT('',#12962);
#3853=EDGE_CURVE('',#3183,#3184,#3057,.T.);
#3854=EDGE_CURVE('',#3183,#3185,#1713,.T.);
#3855=EDGE_CURVE('',#3186,#3185,#3058,.T.);
#3856=EDGE_CURVE('',#3184,#3186,#1714,.T.);
#3857=EDGE_CURVE('',#3184,#3187,#3059,.T.);
#3858=EDGE_CURVE('',#3188,#3186,#3060,.T.);
#3859=EDGE_CURVE('',#3187,#3188,#1715,.T.);
#3860=EDGE_CURVE('',#3187,#3189,#3061,.T.);
#3861=EDGE_CURVE('',#3190,#3188,#3062,.T.);
#3862=EDGE_CURVE('',#3189,#3190,#1716,.T.);
#3863=EDGE_CURVE('',#3189,#3191,#3063,.T.);
#3864=EDGE_CURVE('',#3192,#3190,#3064,.T.);
#3865=EDGE_CURVE('',#3191,#3192,#1717,.T.);
#3866=EDGE_CURVE('',#3191,#3193,#3065,.T.);
#3867=EDGE_CURVE('',#3194,#3192,#3066,.T.);
#3868=EDGE_CURVE('',#3193,#3194,#1718,.T.);
#3869=EDGE_CURVE('',#3193,#3195,#3067,.T.);
#3870=EDGE_CURVE('',#3196,#3194,#3068,.T.);
#3871=EDGE_CURVE('',#3195,#3196,#1719,.T.);
#3872=EDGE_CURVE('',#3195,#3197,#3069,.T.);
#3873=EDGE_CURVE('',#3198,#3196,#3070,.T.);
#3874=EDGE_CURVE('',#3197,#3198,#1720,.T.);
#3875=EDGE_CURVE('',#3197,#3183,#3071,.T.);
#3876=EDGE_CURVE('',#3185,#3198,#3072,.T.);
#3877=EDGE_CURVE('',#3199,#3200,#3073,.T.);
#3878=EDGE_CURVE('',#3199,#3201,#1721,.T.);
#3879=EDGE_CURVE('',#3202,#3201,#3074,.T.);
#3880=EDGE_CURVE('',#3200,#3202,#1722,.T.);
#3881=EDGE_CURVE('',#3200,#3203,#3075,.T.);
#3882=EDGE_CURVE('',#3204,#3202,#3076,.T.);
#3883=EDGE_CURVE('',#3203,#3204,#1723,.T.);
#3884=EDGE_CURVE('',#3203,#3205,#3077,.T.);
#3885=EDGE_CURVE('',#3206,#3204,#3078,.T.);
#3886=EDGE_CURVE('',#3205,#3206,#1724,.T.);
#3887=EDGE_CURVE('',#3205,#3207,#3079,.T.);
#3888=EDGE_CURVE('',#3208,#3206,#3080,.T.);
#3889=EDGE_CURVE('',#3207,#3208,#1725,.T.);
#3890=EDGE_CURVE('',#3207,#3209,#3081,.T.);
#3891=EDGE_CURVE('',#3210,#3208,#3082,.T.);
#3892=EDGE_CURVE('',#3209,#3210,#1726,.T.);
#3893=EDGE_CURVE('',#3209,#3211,#3083,.T.);
#3894=EDGE_CURVE('',#3212,#3210,#3084,.T.);
#3895=EDGE_CURVE('',#3211,#3212,#1727,.T.);
#3896=EDGE_CURVE('',#3211,#3213,#3085,.T.);
#3897=EDGE_CURVE('',#3214,#3212,#3086,.T.);
#3898=EDGE_CURVE('',#3213,#3214,#1728,.T.);
#3899=EDGE_CURVE('',#3213,#3215,#3087,.T.);
#3900=EDGE_CURVE('',#3216,#3214,#3088,.T.);
#3901=EDGE_CURVE('',#3215,#3216,#1729,.T.);
#3902=EDGE_CURVE('',#3215,#3217,#3089,.T.);
#3903=EDGE_CURVE('',#3218,#3216,#3090,.T.);
#3904=EDGE_CURVE('',#3217,#3218,#1730,.T.);
#3905=EDGE_CURVE('',#3217,#3199,#3091,.T.);
#3906=EDGE_CURVE('',#3201,#3218,#3092,.T.);
#3907=EDGE_CURVE('',#3219,#3220,#1731,.T.);
#3908=EDGE_CURVE('',#3219,#3221,#1732,.T.);
#3909=EDGE_CURVE('',#3222,#3221,#1733,.T.);
#3910=EDGE_CURVE('',#3220,#3222,#1734,.T.);
#3911=EDGE_CURVE('',#3220,#3223,#1735,.T.);
#3912=EDGE_CURVE('',#3224,#3222,#1736,.T.);
#3913=EDGE_CURVE('',#3223,#3224,#1737,.T.);
#3914=EDGE_CURVE('',#3223,#3225,#1738,.T.);
#3915=EDGE_CURVE('',#3226,#3224,#1739,.T.);
#3916=EDGE_CURVE('',#3225,#3226,#1740,.T.);
#3917=EDGE_CURVE('',#3225,#3227,#1741,.T.);
#3918=EDGE_CURVE('',#3228,#3226,#1742,.T.);
#3919=EDGE_CURVE('',#3227,#3228,#1743,.T.);
#3920=EDGE_CURVE('',#3227,#3229,#1744,.T.);
#3921=EDGE_CURVE('',#3230,#3228,#1745,.T.);
#3922=EDGE_CURVE('',#3229,#3230,#1746,.T.);
#3923=EDGE_CURVE('',#3229,#3219,#1747,.T.);
#3924=EDGE_CURVE('',#3221,#3230,#1748,.T.);
#3925=EDGE_CURVE('',#3231,#3232,#1749,.T.);
#3926=EDGE_CURVE('',#3231,#3233,#1750,.T.);
#3927=EDGE_CURVE('',#3234,#3233,#1751,.T.);
#3928=EDGE_CURVE('',#3232,#3234,#1752,.T.);
#3929=EDGE_CURVE('',#3232,#3235,#1753,.T.);
#3930=EDGE_CURVE('',#3236,#3234,#1754,.T.);
#3931=EDGE_CURVE('',#3235,#3236,#1755,.T.);
#3932=EDGE_CURVE('',#3235,#3231,#1756,.T.);
#3933=EDGE_CURVE('',#3233,#3236,#1757,.T.);
#3934=EDGE_CURVE('',#3237,#3238,#1758,.T.);
#3935=EDGE_CURVE('',#3237,#3239,#1759,.T.);
#3936=EDGE_CURVE('',#3240,#3239,#1760,.T.);
#3937=EDGE_CURVE('',#3238,#3240,#1761,.T.);
#3938=EDGE_CURVE('',#3238,#3241,#1762,.T.);
#3939=EDGE_CURVE('',#3242,#3240,#1763,.T.);
#3940=EDGE_CURVE('',#3241,#3242,#1764,.T.);
#3941=EDGE_CURVE('',#3241,#3243,#1765,.T.);
#3942=EDGE_CURVE('',#3244,#3242,#1766,.T.);
#3943=EDGE_CURVE('',#3243,#3244,#1767,.T.);
#3944=EDGE_CURVE('',#3243,#3245,#1768,.T.);
#3945=EDGE_CURVE('',#3246,#3244,#1769,.T.);
#3946=EDGE_CURVE('',#3245,#3246,#1770,.T.);
#3947=EDGE_CURVE('',#3245,#3247,#1771,.T.);
#3948=EDGE_CURVE('',#3248,#3246,#1772,.T.);
#3949=EDGE_CURVE('',#3247,#3248,#1773,.T.);
#3950=EDGE_CURVE('',#3247,#3249,#1774,.T.);
#3951=EDGE_CURVE('',#3250,#3248,#1775,.T.);
#3952=EDGE_CURVE('',#3249,#3250,#1776,.T.);
#3953=EDGE_CURVE('',#3249,#3251,#1777,.T.);
#3954=EDGE_CURVE('',#3252,#3250,#1778,.T.);
#3955=EDGE_CURVE('',#3251,#3252,#1779,.T.);
#3956=EDGE_CURVE('',#3251,#3237,#1780,.T.);
#3957=EDGE_CURVE('',#3239,#3252,#1781,.T.);
#3958=EDGE_CURVE('',#3253,#3254,#1782,.T.);
#3959=EDGE_CURVE('',#3253,#3255,#1783,.T.);
#3960=EDGE_CURVE('',#3256,#3255,#1784,.T.);
#3961=EDGE_CURVE('',#3254,#3256,#1785,.T.);
#3962=EDGE_CURVE('',#3254,#3257,#1786,.T.);
#3963=EDGE_CURVE('',#3258,#3256,#1787,.T.);
#3964=EDGE_CURVE('',#3257,#3258,#1788,.T.);
#3965=EDGE_CURVE('',#3257,#3259,#3093,.T.);
#3966=EDGE_CURVE('',#3260,#3258,#3094,.T.);
#3967=EDGE_CURVE('',#3259,#3260,#1789,.T.);
#3968=EDGE_CURVE('',#3259,#3261,#3095,.T.);
#3969=EDGE_CURVE('',#3262,#3260,#3096,.T.);
#3970=EDGE_CURVE('',#3261,#3262,#1790,.T.);
#3971=EDGE_CURVE('',#3261,#3263,#3097,.T.);
#3972=EDGE_CURVE('',#3264,#3262,#3098,.T.);
#3973=EDGE_CURVE('',#3263,#3264,#1791,.T.);
#3974=EDGE_CURVE('',#3263,#3265,#3099,.T.);
#3975=EDGE_CURVE('',#3266,#3264,#3100,.T.);
#3976=EDGE_CURVE('',#3265,#3266,#1792,.T.);
#3977=EDGE_CURVE('',#3265,#3267,#3101,.T.);
#3978=EDGE_CURVE('',#3268,#3266,#3102,.T.);
#3979=EDGE_CURVE('',#3267,#3268,#1793,.T.);
#3980=EDGE_CURVE('',#3267,#3269,#3103,.T.);
#3981=EDGE_CURVE('',#3270,#3268,#3104,.T.);
#3982=EDGE_CURVE('',#3269,#3270,#1794,.T.);
#3983=EDGE_CURVE('',#3269,#3253,#1795,.T.);
#3984=EDGE_CURVE('',#3255,#3270,#1796,.T.);
#3985=EDGE_CURVE('',#3271,#3272,#1797,.T.);
#3986=EDGE_CURVE('',#3271,#3273,#1798,.T.);
#3987=EDGE_CURVE('',#3274,#3273,#1799,.T.);
#3988=EDGE_CURVE('',#3272,#3274,#1800,.T.);
#3989=EDGE_CURVE('',#3272,#3275,#1801,.T.);
#3990=EDGE_CURVE('',#3276,#3274,#1802,.T.);
#3991=EDGE_CURVE('',#3275,#3276,#1803,.T.);
#3992=EDGE_CURVE('',#3275,#3277,#3105,.T.);
#3993=EDGE_CURVE('',#3278,#3276,#3106,.T.);
#3994=EDGE_CURVE('',#3277,#3278,#1804,.T.);
#3995=EDGE_CURVE('',#3277,#3279,#3107,.T.);
#3996=EDGE_CURVE('',#3280,#3278,#3108,.T.);
#3997=EDGE_CURVE('',#3279,#3280,#1805,.T.);
#3998=EDGE_CURVE('',#3279,#3281,#3109,.T.);
#3999=EDGE_CURVE('',#3282,#3280,#3110,.T.);
#4000=EDGE_CURVE('',#3281,#3282,#1806,.T.);
#4001=EDGE_CURVE('',#3281,#3283,#3111,.T.);
#4002=EDGE_CURVE('',#3284,#3282,#3112,.T.);
#4003=EDGE_CURVE('',#3283,#3284,#1807,.T.);
#4004=EDGE_CURVE('',#3283,#3285,#3113,.T.);
#4005=EDGE_CURVE('',#3286,#3284,#3114,.T.);
#4006=EDGE_CURVE('',#3285,#3286,#1808,.T.);
#4007=EDGE_CURVE('',#3285,#3287,#3115,.T.);
#4008=EDGE_CURVE('',#3288,#3286,#3116,.T.);
#4009=EDGE_CURVE('',#3287,#3288,#1809,.T.);
#4010=EDGE_CURVE('',#3287,#3289,#3117,.T.);
#4011=EDGE_CURVE('',#3290,#3288,#3118,.T.);
#4012=EDGE_CURVE('',#3289,#3290,#1810,.T.);
#4013=EDGE_CURVE('',#3289,#3291,#1811,.T.);
#4014=EDGE_CURVE('',#3292,#3290,#1812,.T.);
#4015=EDGE_CURVE('',#3291,#3292,#1813,.T.);
#4016=EDGE_CURVE('',#3291,#3293,#1814,.T.);
#4017=EDGE_CURVE('',#3294,#3292,#1815,.T.);
#4018=EDGE_CURVE('',#3293,#3294,#1816,.T.);
#4019=EDGE_CURVE('',#3293,#3271,#1817,.T.);
#4020=EDGE_CURVE('',#3273,#3294,#1818,.T.);
#4021=EDGE_CURVE('',#3295,#3296,#1819,.T.);
#4022=EDGE_CURVE('',#3295,#3297,#1820,.T.);
#4023=EDGE_CURVE('',#3298,#3297,#1821,.T.);
#4024=EDGE_CURVE('',#3296,#3298,#1822,.T.);
#4025=EDGE_CURVE('',#3296,#3299,#1823,.T.);
#4026=EDGE_CURVE('',#3300,#3298,#1824,.T.);
#4027=EDGE_CURVE('',#3299,#3300,#1825,.T.);
#4028=EDGE_CURVE('',#3299,#3301,#1826,.T.);
#4029=EDGE_CURVE('',#3302,#3300,#1827,.T.);
#4030=EDGE_CURVE('',#3301,#3302,#1828,.T.);
#4031=EDGE_CURVE('',#3301,#3303,#1829,.T.);
#4032=EDGE_CURVE('',#3304,#3302,#1830,.T.);
#4033=EDGE_CURVE('',#3303,#3304,#1831,.T.);
#4034=EDGE_CURVE('',#3303,#3305,#1832,.T.);
#4035=EDGE_CURVE('',#3306,#3304,#1833,.T.);
#4036=EDGE_CURVE('',#3305,#3306,#1834,.T.);
#4037=EDGE_CURVE('',#3305,#3307,#1835,.T.);
#4038=EDGE_CURVE('',#3308,#3306,#1836,.T.);
#4039=EDGE_CURVE('',#3307,#3308,#1837,.T.);
#4040=EDGE_CURVE('',#3307,#3309,#1838,.T.);
#4041=EDGE_CURVE('',#3310,#3308,#1839,.T.);
#4042=EDGE_CURVE('',#3309,#3310,#1840,.T.);
#4043=EDGE_CURVE('',#3309,#3311,#1841,.T.);
#4044=EDGE_CURVE('',#3312,#3310,#1842,.T.);
#4045=EDGE_CURVE('',#3311,#3312,#1843,.T.);
#4046=EDGE_CURVE('',#3311,#3313,#1844,.T.);
#4047=EDGE_CURVE('',#3314,#3312,#1845,.T.);
#4048=EDGE_CURVE('',#3313,#3314,#1846,.T.);
#4049=EDGE_CURVE('',#3313,#3315,#1847,.T.);
#4050=EDGE_CURVE('',#3316,#3314,#1848,.T.);
#4051=EDGE_CURVE('',#3315,#3316,#1849,.T.);
#4052=EDGE_CURVE('',#3315,#3317,#1850,.T.);
#4053=EDGE_CURVE('',#3318,#3316,#1851,.T.);
#4054=EDGE_CURVE('',#3317,#3318,#1852,.T.);
#4055=EDGE_CURVE('',#3317,#3295,#1853,.T.);
#4056=EDGE_CURVE('',#3297,#3318,#1854,.T.);
#4057=EDGE_CURVE('',#3319,#3320,#1855,.T.);
#4058=EDGE_CURVE('',#3319,#3321,#1856,.T.);
#4059=EDGE_CURVE('',#3322,#3321,#1857,.T.);
#4060=EDGE_CURVE('',#3320,#3322,#1858,.T.);
#4061=EDGE_CURVE('',#3320,#3323,#3119,.T.);
#4062=EDGE_CURVE('',#3324,#3322,#3120,.T.);
#4063=EDGE_CURVE('',#3323,#3324,#1859,.T.);
#4064=EDGE_CURVE('',#3323,#3325,#3121,.T.);
#4065=EDGE_CURVE('',#3326,#3324,#3122,.T.);
#4066=EDGE_CURVE('',#3325,#3326,#1860,.T.);
#4067=EDGE_CURVE('',#3325,#3327,#3123,.T.);
#4068=EDGE_CURVE('',#3328,#3326,#3124,.T.);
#4069=EDGE_CURVE('',#3327,#3328,#1861,.T.);
#4070=EDGE_CURVE('',#3327,#3329,#3125,.T.);
#4071=EDGE_CURVE('',#3330,#3328,#3126,.T.);
#4072=EDGE_CURVE('',#3329,#3330,#1862,.T.);
#4073=EDGE_CURVE('',#3329,#3331,#3127,.T.);
#4074=EDGE_CURVE('',#3332,#3330,#3128,.T.);
#4075=EDGE_CURVE('',#3331,#3332,#1863,.T.);
#4076=EDGE_CURVE('',#3331,#3333,#3129,.T.);
#4077=EDGE_CURVE('',#3334,#3332,#3130,.T.);
#4078=EDGE_CURVE('',#3333,#3334,#1864,.T.);
#4079=EDGE_CURVE('',#3333,#3335,#3131,.T.);
#4080=EDGE_CURVE('',#3336,#3334,#3132,.T.);
#4081=EDGE_CURVE('',#3335,#3336,#1865,.T.);
#4082=EDGE_CURVE('',#3335,#3337,#3133,.T.);
#4083=EDGE_CURVE('',#3338,#3336,#3134,.T.);
#4084=EDGE_CURVE('',#3337,#3338,#1866,.T.);
#4085=EDGE_CURVE('',#3337,#3339,#1867,.T.);
#4086=EDGE_CURVE('',#3340,#3338,#1868,.T.);
#4087=EDGE_CURVE('',#3339,#3340,#1869,.T.);
#4088=EDGE_CURVE('',#3339,#3341,#3135,.T.);
#4089=EDGE_CURVE('',#3342,#3340,#3136,.T.);
#4090=EDGE_CURVE('',#3341,#3342,#1870,.T.);
#4091=EDGE_CURVE('',#3341,#3343,#3137,.T.);
#4092=EDGE_CURVE('',#3344,#3342,#3138,.T.);
#4093=EDGE_CURVE('',#3343,#3344,#1871,.T.);
#4094=EDGE_CURVE('',#3343,#3345,#3139,.T.);
#4095=EDGE_CURVE('',#3346,#3344,#3140,.T.);
#4096=EDGE_CURVE('',#3345,#3346,#1872,.T.);
#4097=EDGE_CURVE('',#3345,#3347,#3141,.T.);
#4098=EDGE_CURVE('',#3348,#3346,#3142,.T.);
#4099=EDGE_CURVE('',#3347,#3348,#1873,.T.);
#4100=EDGE_CURVE('',#3347,#3349,#3143,.T.);
#4101=EDGE_CURVE('',#3350,#3348,#3144,.T.);
#4102=EDGE_CURVE('',#3349,#3350,#1874,.T.);
#4103=EDGE_CURVE('',#3349,#3351,#3145,.T.);
#4104=EDGE_CURVE('',#3352,#3350,#3146,.T.);
#4105=EDGE_CURVE('',#3351,#3352,#1875,.T.);
#4106=EDGE_CURVE('',#3351,#3353,#3147,.T.);
#4107=EDGE_CURVE('',#3354,#3352,#3148,.T.);
#4108=EDGE_CURVE('',#3353,#3354,#1876,.T.);
#4109=EDGE_CURVE('',#3353,#3319,#3149,.T.);
#4110=EDGE_CURVE('',#3321,#3354,#3150,.T.);
#4111=EDGE_CURVE('',#3355,#3356,#1877,.T.);
#4112=EDGE_CURVE('',#3355,#3357,#1878,.T.);
#4113=EDGE_CURVE('',#3358,#3357,#1879,.T.);
#4114=EDGE_CURVE('',#3356,#3358,#1880,.T.);
#4115=EDGE_CURVE('',#3356,#3359,#1881,.T.);
#4116=EDGE_CURVE('',#3360,#3358,#1882,.T.);
#4117=EDGE_CURVE('',#3359,#3360,#1883,.T.);
#4118=EDGE_CURVE('',#3359,#3361,#1884,.T.);
#4119=EDGE_CURVE('',#3362,#3360,#1885,.T.);
#4120=EDGE_CURVE('',#3361,#3362,#1886,.T.);
#4121=EDGE_CURVE('',#3361,#3363,#1887,.T.);
#4122=EDGE_CURVE('',#3364,#3362,#1888,.T.);
#4123=EDGE_CURVE('',#3363,#3364,#1889,.T.);
#4124=EDGE_CURVE('',#3363,#3365,#1890,.T.);
#4125=EDGE_CURVE('',#3366,#3364,#1891,.T.);
#4126=EDGE_CURVE('',#3365,#3366,#1892,.T.);
#4127=EDGE_CURVE('',#3365,#3367,#1893,.T.);
#4128=EDGE_CURVE('',#3368,#3366,#1894,.T.);
#4129=EDGE_CURVE('',#3367,#3368,#1895,.T.);
#4130=EDGE_CURVE('',#3367,#3369,#1896,.T.);
#4131=EDGE_CURVE('',#3370,#3368,#1897,.T.);
#4132=EDGE_CURVE('',#3369,#3370,#1898,.T.);
#4133=EDGE_CURVE('',#3369,#3355,#1899,.T.);
#4134=EDGE_CURVE('',#3357,#3370,#1900,.T.);
#4135=EDGE_CURVE('',#3371,#3372,#1901,.T.);
#4136=EDGE_CURVE('',#3371,#3373,#1902,.T.);
#4137=EDGE_CURVE('',#3374,#3373,#1903,.T.);
#4138=EDGE_CURVE('',#3372,#3374,#1904,.T.);
#4139=EDGE_CURVE('',#3372,#3375,#1905,.T.);
#4140=EDGE_CURVE('',#3376,#3374,#1906,.T.);
#4141=EDGE_CURVE('',#3375,#3376,#1907,.T.);
#4142=EDGE_CURVE('',#3375,#3377,#1908,.T.);
#4143=EDGE_CURVE('',#3378,#3376,#1909,.T.);
#4144=EDGE_CURVE('',#3377,#3378,#1910,.T.);
#4145=EDGE_CURVE('',#3377,#3371,#1911,.T.);
#4146=EDGE_CURVE('',#3373,#3378,#1912,.T.);
#4147=EDGE_CURVE('',#3379,#3380,#1913,.T.);
#4148=EDGE_CURVE('',#3379,#3381,#1914,.T.);
#4149=EDGE_CURVE('',#3382,#3381,#1915,.T.);
#4150=EDGE_CURVE('',#3380,#3382,#1916,.T.);
#4151=EDGE_CURVE('',#3380,#3383,#1917,.T.);
#4152=EDGE_CURVE('',#3384,#3382,#1918,.T.);
#4153=EDGE_CURVE('',#3383,#3384,#1919,.T.);
#4154=EDGE_CURVE('',#3383,#3385,#1920,.T.);
#4155=EDGE_CURVE('',#3386,#3384,#1921,.T.);
#4156=EDGE_CURVE('',#3385,#3386,#1922,.T.);
#4157=EDGE_CURVE('',#3385,#3387,#1923,.T.);
#4158=EDGE_CURVE('',#3388,#3386,#1924,.T.);
#4159=EDGE_CURVE('',#3387,#3388,#1925,.T.);
#4160=EDGE_CURVE('',#3387,#3389,#1926,.T.);
#4161=EDGE_CURVE('',#3390,#3388,#1927,.T.);
#4162=EDGE_CURVE('',#3389,#3390,#1928,.T.);
#4163=EDGE_CURVE('',#3389,#3391,#1929,.T.);
#4164=EDGE_CURVE('',#3392,#3390,#1930,.T.);
#4165=EDGE_CURVE('',#3391,#3392,#1931,.T.);
#4166=EDGE_CURVE('',#3391,#3393,#1932,.T.);
#4167=EDGE_CURVE('',#3394,#3392,#1933,.T.);
#4168=EDGE_CURVE('',#3393,#3394,#1934,.T.);
#4169=EDGE_CURVE('',#3393,#3395,#1935,.T.);
#4170=EDGE_CURVE('',#3396,#3394,#1936,.T.);
#4171=EDGE_CURVE('',#3395,#3396,#1937,.T.);
#4172=EDGE_CURVE('',#3395,#3397,#1938,.T.);
#4173=EDGE_CURVE('',#3398,#3396,#1939,.T.);
#4174=EDGE_CURVE('',#3397,#3398,#1940,.T.);
#4175=EDGE_CURVE('',#3397,#3399,#1941,.T.);
#4176=EDGE_CURVE('',#3400,#3398,#1942,.T.);
#4177=EDGE_CURVE('',#3399,#3400,#1943,.T.);
#4178=EDGE_CURVE('',#3399,#3401,#1944,.T.);
#4179=EDGE_CURVE('',#3402,#3400,#1945,.T.);
#4180=EDGE_CURVE('',#3401,#3402,#1946,.T.);
#4181=EDGE_CURVE('',#3401,#3403,#1947,.T.);
#4182=EDGE_CURVE('',#3404,#3402,#1948,.T.);
#4183=EDGE_CURVE('',#3403,#3404,#1949,.T.);
#4184=EDGE_CURVE('',#3403,#3379,#1950,.T.);
#4185=EDGE_CURVE('',#3381,#3404,#1951,.T.);
#4186=EDGE_CURVE('',#3405,#3406,#1952,.T.);
#4187=EDGE_CURVE('',#3405,#3407,#1953,.T.);
#4188=EDGE_CURVE('',#3408,#3407,#1954,.T.);
#4189=EDGE_CURVE('',#3406,#3408,#1955,.T.);
#4190=EDGE_CURVE('',#3406,#3409,#1956,.T.);
#4191=EDGE_CURVE('',#3410,#3408,#1957,.T.);
#4192=EDGE_CURVE('',#3409,#3410,#1958,.T.);
#4193=EDGE_CURVE('',#3409,#3411,#1959,.T.);
#4194=EDGE_CURVE('',#3412,#3410,#1960,.T.);
#4195=EDGE_CURVE('',#3411,#3412,#1961,.T.);
#4196=EDGE_CURVE('',#3411,#3413,#1962,.T.);
#4197=EDGE_CURVE('',#3414,#3412,#1963,.T.);
#4198=EDGE_CURVE('',#3413,#3414,#1964,.T.);
#4199=EDGE_CURVE('',#3413,#3415,#1965,.T.);
#4200=EDGE_CURVE('',#3416,#3414,#1966,.T.);
#4201=EDGE_CURVE('',#3415,#3416,#1967,.T.);
#4202=EDGE_CURVE('',#3415,#3417,#1968,.T.);
#4203=EDGE_CURVE('',#3418,#3416,#1969,.T.);
#4204=EDGE_CURVE('',#3417,#3418,#1970,.T.);
#4205=EDGE_CURVE('',#3417,#3419,#1971,.T.);
#4206=EDGE_CURVE('',#3420,#3418,#1972,.T.);
#4207=EDGE_CURVE('',#3419,#3420,#1973,.T.);
#4208=EDGE_CURVE('',#3419,#3421,#1974,.T.);
#4209=EDGE_CURVE('',#3422,#3420,#1975,.T.);
#4210=EDGE_CURVE('',#3421,#3422,#1976,.T.);
#4211=EDGE_CURVE('',#3421,#3405,#1977,.T.);
#4212=EDGE_CURVE('',#3407,#3422,#1978,.T.);
#4213=EDGE_CURVE('',#3423,#3424,#1979,.T.);
#4214=EDGE_CURVE('',#3423,#3425,#1980,.T.);
#4215=EDGE_CURVE('',#3426,#3425,#1981,.T.);
#4216=EDGE_CURVE('',#3424,#3426,#1982,.T.);
#4217=EDGE_CURVE('',#3424,#3427,#1983,.T.);
#4218=EDGE_CURVE('',#3428,#3426,#1984,.T.);
#4219=EDGE_CURVE('',#3427,#3428,#1985,.T.);
#4220=EDGE_CURVE('',#3427,#3429,#1986,.T.);
#4221=EDGE_CURVE('',#3430,#3428,#1987,.T.);
#4222=EDGE_CURVE('',#3429,#3430,#1988,.T.);
#4223=EDGE_CURVE('',#3429,#3431,#1989,.T.);
#4224=EDGE_CURVE('',#3432,#3430,#1990,.T.);
#4225=EDGE_CURVE('',#3431,#3432,#1991,.T.);
#4226=EDGE_CURVE('',#3431,#3433,#1992,.T.);
#4227=EDGE_CURVE('',#3434,#3432,#1993,.T.);
#4228=EDGE_CURVE('',#3433,#3434,#1994,.T.);
#4229=EDGE_CURVE('',#3433,#3423,#1995,.T.);
#4230=EDGE_CURVE('',#3425,#3434,#1996,.T.);
#4231=EDGE_CURVE('',#3435,#3436,#1997,.T.);
#4232=EDGE_CURVE('',#3435,#3437,#1998,.T.);
#4233=EDGE_CURVE('',#3438,#3437,#1999,.T.);
#4234=EDGE_CURVE('',#3436,#3438,#2000,.T.);
#4235=EDGE_CURVE('',#3436,#3439,#3151,.T.);
#4236=EDGE_CURVE('',#3440,#3438,#3152,.T.);
#4237=EDGE_CURVE('',#3439,#3440,#2001,.T.);
#4238=EDGE_CURVE('',#3439,#3441,#3153,.T.);
#4239=EDGE_CURVE('',#3442,#3440,#3154,.T.);
#4240=EDGE_CURVE('',#3441,#3442,#2002,.T.);
#4241=EDGE_CURVE('',#3441,#3443,#3155,.T.);
#4242=EDGE_CURVE('',#3444,#3442,#3156,.T.);
#4243=EDGE_CURVE('',#3443,#3444,#2003,.T.);
#4244=EDGE_CURVE('',#3443,#3445,#3157,.T.);
#4245=EDGE_CURVE('',#3446,#3444,#3158,.T.);
#4246=EDGE_CURVE('',#3445,#3446,#2004,.T.);
#4247=EDGE_CURVE('',#3445,#3447,#3159,.T.);
#4248=EDGE_CURVE('',#3448,#3446,#3160,.T.);
#4249=EDGE_CURVE('',#3447,#3448,#2005,.T.);
#4250=EDGE_CURVE('',#3447,#3449,#3161,.T.);
#4251=EDGE_CURVE('',#3450,#3448,#3162,.T.);
#4252=EDGE_CURVE('',#3449,#3450,#2006,.T.);
#4253=EDGE_CURVE('',#3449,#3451,#2007,.T.);
#4254=EDGE_CURVE('',#3452,#3450,#2008,.T.);
#4255=EDGE_CURVE('',#3451,#3452,#2009,.T.);
#4256=EDGE_CURVE('',#3451,#3435,#2010,.T.);
#4257=EDGE_CURVE('',#3437,#3452,#2011,.T.);
#4258=EDGE_CURVE('',#3453,#3454,#2012,.T.);
#4259=EDGE_CURVE('',#3453,#3455,#2013,.T.);
#4260=EDGE_CURVE('',#3456,#3455,#2014,.T.);
#4261=EDGE_CURVE('',#3454,#3456,#2015,.T.);
#4262=EDGE_CURVE('',#3454,#3457,#2016,.T.);
#4263=EDGE_CURVE('',#3458,#3456,#2017,.T.);
#4264=EDGE_CURVE('',#3457,#3458,#2018,.T.);
#4265=EDGE_CURVE('',#3457,#3459,#3163,.T.);
#4266=EDGE_CURVE('',#3460,#3458,#3164,.T.);
#4267=EDGE_CURVE('',#3459,#3460,#2019,.T.);
#4268=EDGE_CURVE('',#3459,#3461,#3165,.T.);
#4269=EDGE_CURVE('',#3462,#3460,#3166,.T.);
#4270=EDGE_CURVE('',#3461,#3462,#2020,.T.);
#4271=EDGE_CURVE('',#3461,#3463,#3167,.T.);
#4272=EDGE_CURVE('',#3464,#3462,#3168,.T.);
#4273=EDGE_CURVE('',#3463,#3464,#2021,.T.);
#4274=EDGE_CURVE('',#3463,#3465,#3169,.T.);
#4275=EDGE_CURVE('',#3466,#3464,#3170,.T.);
#4276=EDGE_CURVE('',#3465,#3466,#2022,.T.);
#4277=EDGE_CURVE('',#3465,#3467,#3171,.T.);
#4278=EDGE_CURVE('',#3468,#3466,#3172,.T.);
#4279=EDGE_CURVE('',#3467,#3468,#2023,.T.);
#4280=EDGE_CURVE('',#3467,#3469,#3173,.T.);
#4281=EDGE_CURVE('',#3470,#3468,#3174,.T.);
#4282=EDGE_CURVE('',#3469,#3470,#2024,.T.);
#4283=EDGE_CURVE('',#3469,#3471,#3175,.T.);
#4284=EDGE_CURVE('',#3472,#3470,#3176,.T.);
#4285=EDGE_CURVE('',#3471,#3472,#2025,.T.);
#4286=EDGE_CURVE('',#3471,#3473,#2026,.T.);
#4287=EDGE_CURVE('',#3474,#3472,#2027,.T.);
#4288=EDGE_CURVE('',#3473,#3474,#2028,.T.);
#4289=EDGE_CURVE('',#3473,#3475,#2029,.T.);
#4290=EDGE_CURVE('',#3476,#3474,#2030,.T.);
#4291=EDGE_CURVE('',#3475,#3476,#2031,.T.);
#4292=EDGE_CURVE('',#3475,#3477,#2032,.T.);
#4293=EDGE_CURVE('',#3478,#3476,#2033,.T.);
#4294=EDGE_CURVE('',#3477,#3478,#2034,.T.);
#4295=EDGE_CURVE('',#3477,#3479,#3177,.T.);
#4296=EDGE_CURVE('',#3480,#3478,#3178,.T.);
#4297=EDGE_CURVE('',#3479,#3480,#2035,.T.);
#4298=EDGE_CURVE('',#3479,#3481,#3179,.T.);
#4299=EDGE_CURVE('',#3482,#3480,#3180,.T.);
#4300=EDGE_CURVE('',#3481,#3482,#2036,.T.);
#4301=EDGE_CURVE('',#3481,#3483,#3181,.T.);
#4302=EDGE_CURVE('',#3484,#3482,#3182,.T.);
#4303=EDGE_CURVE('',#3483,#3484,#2037,.T.);
#4304=EDGE_CURVE('',#3483,#3485,#2038,.T.);
#4305=EDGE_CURVE('',#3486,#3484,#2039,.T.);
#4306=EDGE_CURVE('',#3485,#3486,#2040,.T.);
#4307=EDGE_CURVE('',#3485,#3487,#2041,.T.);
#4308=EDGE_CURVE('',#3488,#3486,#2042,.T.);
#4309=EDGE_CURVE('',#3487,#3488,#2043,.T.);
#4310=EDGE_CURVE('',#3487,#3453,#2044,.T.);
#4311=EDGE_CURVE('',#3455,#3488,#2045,.T.);
#4312=EDGE_CURVE('',#3489,#3490,#44,.T.);
#4313=EDGE_CURVE('',#3490,#3491,#2046,.T.);
#4314=EDGE_CURVE('',#3491,#3492,#45,.T.);
#4315=EDGE_CURVE('',#3492,#3489,#2047,.T.);
#4316=EDGE_CURVE('',#3493,#3490,#2048,.T.);
#4317=EDGE_CURVE('',#3494,#3493,#2049,.T.);
#4318=EDGE_CURVE('',#3491,#3494,#2050,.T.);
#4319=EDGE_CURVE('',#3493,#3495,#46,.T.);
#4320=EDGE_CURVE('',#3495,#3496,#2051,.T.);
#4321=EDGE_CURVE('',#3496,#3494,#47,.T.);
#4322=EDGE_CURVE('',#3497,#3495,#2052,.T.);
#4323=EDGE_CURVE('',#3498,#3497,#2053,.T.);
#4324=EDGE_CURVE('',#3496,#3498,#2054,.T.);
#4325=EDGE_CURVE('',#3497,#3499,#48,.T.);
#4326=EDGE_CURVE('',#3499,#3500,#2055,.T.);
#4327=EDGE_CURVE('',#3500,#3498,#49,.T.);
#4328=EDGE_CURVE('',#3501,#3499,#2056,.T.);
#4329=EDGE_CURVE('',#3502,#3501,#2057,.T.);
#4330=EDGE_CURVE('',#3500,#3502,#2058,.T.);
#4331=EDGE_CURVE('',#3501,#3503,#50,.T.);
#4332=EDGE_CURVE('',#3503,#3504,#2059,.T.);
#4333=EDGE_CURVE('',#3504,#3502,#51,.T.);
#4334=EDGE_CURVE('',#3504,#3492,#2060,.T.);
#4335=EDGE_CURVE('',#3489,#3503,#2061,.T.);
#4336=EDGE_CURVE('',#3505,#3506,#52,.T.);
#4337=EDGE_CURVE('',#3506,#3507,#2062,.T.);
#4338=EDGE_CURVE('',#3507,#3508,#53,.T.);
#4339=EDGE_CURVE('',#3508,#3505,#2063,.T.);
#4340=EDGE_CURVE('',#3509,#3506,#2064,.T.);
#4341=EDGE_CURVE('',#3510,#3509,#2065,.T.);
#4342=EDGE_CURVE('',#3507,#3510,#2066,.T.);
#4343=EDGE_CURVE('',#3509,#3511,#54,.T.);
#4344=EDGE_CURVE('',#3511,#3512,#2067,.T.);
#4345=EDGE_CURVE('',#3512,#3510,#55,.T.);
#4346=EDGE_CURVE('',#3513,#3511,#2068,.T.);
#4347=EDGE_CURVE('',#3514,#3513,#2069,.T.);
#4348=EDGE_CURVE('',#3512,#3514,#2070,.T.);
#4349=EDGE_CURVE('',#3513,#3515,#56,.T.);
#4350=EDGE_CURVE('',#3515,#3516,#2071,.T.);
#4351=EDGE_CURVE('',#3516,#3514,#57,.T.);
#4352=EDGE_CURVE('',#3517,#3515,#2072,.T.);
#4353=EDGE_CURVE('',#3518,#3517,#2073,.T.);
#4354=EDGE_CURVE('',#3516,#3518,#2074,.T.);
#4355=EDGE_CURVE('',#3517,#3519,#58,.T.);
#4356=EDGE_CURVE('',#3519,#3520,#2075,.T.);
#4357=EDGE_CURVE('',#3520,#3518,#59,.T.);
#4358=EDGE_CURVE('',#3520,#3508,#2076,.T.);
#4359=EDGE_CURVE('',#3505,#3519,#2077,.T.);
#4360=EDGE_CURVE('',#3521,#3522,#60,.T.);
#4361=EDGE_CURVE('',#3522,#3523,#2078,.T.);
#4362=EDGE_CURVE('',#3523,#3524,#61,.T.);
#4363=EDGE_CURVE('',#3524,#3521,#2079,.T.);
#4364=EDGE_CURVE('',#3525,#3522,#2080,.T.);
#4365=EDGE_CURVE('',#3526,#3525,#2081,.T.);
#4366=EDGE_CURVE('',#3523,#3526,#2082,.T.);
#4367=EDGE_CURVE('',#3525,#3527,#62,.T.);
#4368=EDGE_CURVE('',#3527,#3528,#2083,.T.);
#4369=EDGE_CURVE('',#3528,#3526,#63,.T.);
#4370=EDGE_CURVE('',#3529,#3527,#2084,.T.);
#4371=EDGE_CURVE('',#3530,#3529,#2085,.T.);
#4372=EDGE_CURVE('',#3528,#3530,#2086,.T.);
#4373=EDGE_CURVE('',#3529,#3531,#64,.T.);
#4374=EDGE_CURVE('',#3531,#3532,#2087,.T.);
#4375=EDGE_CURVE('',#3532,#3530,#65,.T.);
#4376=EDGE_CURVE('',#3533,#3531,#2088,.T.);
#4377=EDGE_CURVE('',#3534,#3533,#2089,.T.);
#4378=EDGE_CURVE('',#3532,#3534,#2090,.T.);
#4379=EDGE_CURVE('',#3533,#3535,#66,.T.);
#4380=EDGE_CURVE('',#3535,#3536,#2091,.T.);
#4381=EDGE_CURVE('',#3536,#3534,#67,.T.);
#4382=EDGE_CURVE('',#3536,#3524,#2092,.T.);
#4383=EDGE_CURVE('',#3521,#3535,#2093,.T.);
#4384=EDGE_CURVE('',#3537,#3538,#68,.T.);
#4385=EDGE_CURVE('',#3538,#3539,#2094,.T.);
#4386=EDGE_CURVE('',#3539,#3540,#69,.T.);
#4387=EDGE_CURVE('',#3540,#3537,#2095,.T.);
#4388=EDGE_CURVE('',#3541,#3538,#2096,.T.);
#4389=EDGE_CURVE('',#3542,#3541,#2097,.T.);
#4390=EDGE_CURVE('',#3539,#3542,#2098,.T.);
#4391=EDGE_CURVE('',#3541,#3543,#70,.T.);
#4392=EDGE_CURVE('',#3543,#3544,#2099,.T.);
#4393=EDGE_CURVE('',#3544,#3542,#71,.T.);
#4394=EDGE_CURVE('',#3545,#3543,#2100,.T.);
#4395=EDGE_CURVE('',#3546,#3545,#2101,.T.);
#4396=EDGE_CURVE('',#3544,#3546,#2102,.T.);
#4397=EDGE_CURVE('',#3547,#3548,#72,.T.);
#4398=EDGE_CURVE('',#3548,#3549,#2103,.T.);
#4399=EDGE_CURVE('',#3549,#3550,#73,.T.);
#4400=EDGE_CURVE('',#3550,#3547,#2104,.T.);
#4401=EDGE_CURVE('',#3551,#3548,#2105,.T.);
#4402=EDGE_CURVE('',#3552,#3551,#2106,.T.);
#4403=EDGE_CURVE('',#3549,#3552,#2107,.T.);
#4404=EDGE_CURVE('',#3553,#3554,#74,.T.);
#4405=EDGE_CURVE('',#3554,#3555,#2108,.T.);
#4406=EDGE_CURVE('',#3555,#3556,#75,.T.);
#4407=EDGE_CURVE('',#3556,#3553,#2109,.T.);
#4408=EDGE_CURVE('',#3555,#3540,#2110,.T.);
#4409=EDGE_CURVE('',#3537,#3554,#2111,.T.);
#4410=EDGE_CURVE('',#3551,#3557,#76,.T.);
#4411=EDGE_CURVE('',#3557,#3558,#2112,.T.);
#4412=EDGE_CURVE('',#3558,#3552,#77,.T.);
#4413=EDGE_CURVE('',#3559,#3557,#2113,.T.);
#4414=EDGE_CURVE('',#3560,#3559,#2114,.T.);
#4415=EDGE_CURVE('',#3558,#3560,#2115,.T.);
#4416=EDGE_CURVE('',#3545,#3561,#78,.T.);
#4417=EDGE_CURVE('',#3561,#3562,#2116,.T.);
#4418=EDGE_CURVE('',#3562,#3546,#79,.T.);
#4419=EDGE_CURVE('',#3562,#3556,#2117,.T.);
#4420=EDGE_CURVE('',#3553,#3561,#2118,.T.);
#4421=EDGE_CURVE('',#3563,#3564,#80,.T.);
#4422=EDGE_CURVE('',#3564,#3565,#2119,.T.);
#4423=EDGE_CURVE('',#3565,#3566,#81,.T.);
#4424=EDGE_CURVE('',#3566,#3563,#2120,.T.);
#4425=EDGE_CURVE('',#3567,#3564,#2121,.T.);
#4426=EDGE_CURVE('',#3568,#3567,#2122,.T.);
#4427=EDGE_CURVE('',#3565,#3568,#2123,.T.);
#4428=EDGE_CURVE('',#3569,#3570,#82,.T.);
#4429=EDGE_CURVE('',#3570,#3571,#2124,.T.);
#4430=EDGE_CURVE('',#3571,#3572,#83,.T.);
#4431=EDGE_CURVE('',#3572,#3569,#2125,.T.);
#4432=EDGE_CURVE('',#3571,#3550,#2126,.T.);
#4433=EDGE_CURVE('',#3547,#3570,#2127,.T.);
#4434=EDGE_CURVE('',#3567,#3573,#84,.T.);
#4435=EDGE_CURVE('',#3573,#3574,#2128,.T.);
#4436=EDGE_CURVE('',#3574,#3568,#85,.T.);
#4437=EDGE_CURVE('',#3575,#3573,#2129,.T.);
#4438=EDGE_CURVE('',#3576,#3575,#2130,.T.);
#4439=EDGE_CURVE('',#3574,#3576,#2131,.T.);
#4440=EDGE_CURVE('',#3559,#3577,#86,.T.);
#4441=EDGE_CURVE('',#3577,#3578,#2132,.T.);
#4442=EDGE_CURVE('',#3578,#3560,#87,.T.);
#4443=EDGE_CURVE('',#3578,#3572,#2133,.T.);
#4444=EDGE_CURVE('',#3569,#3577,#2134,.T.);
#4445=EDGE_CURVE('',#3579,#3580,#88,.T.);
#4446=EDGE_CURVE('',#3580,#3581,#2135,.T.);
#4447=EDGE_CURVE('',#3581,#3582,#89,.T.);
#4448=EDGE_CURVE('',#3582,#3579,#2136,.T.);
#4449=EDGE_CURVE('',#3581,#3566,#2137,.T.);
#4450=EDGE_CURVE('',#3563,#3580,#2138,.T.);
#4451=EDGE_CURVE('',#3575,#3583,#90,.T.);
#4452=EDGE_CURVE('',#3583,#3584,#2139,.T.);
#4453=EDGE_CURVE('',#3584,#3576,#91,.T.);
#4454=EDGE_CURVE('',#3584,#3582,#2140,.T.);
#4455=EDGE_CURVE('',#3579,#3583,#2141,.T.);
#4456=EDGE_CURVE('',#3585,#3586,#92,.T.);
#4457=EDGE_CURVE('',#3586,#3587,#2142,.T.);
#4458=EDGE_CURVE('',#3587,#3588,#93,.T.);
#4459=EDGE_CURVE('',#3588,#3585,#2143,.T.);
#4460=EDGE_CURVE('',#3589,#3586,#2144,.T.);
#4461=EDGE_CURVE('',#3590,#3589,#2145,.T.);
#4462=EDGE_CURVE('',#3587,#3590,#2146,.T.);
#4463=EDGE_CURVE('',#3589,#3591,#94,.T.);
#4464=EDGE_CURVE('',#3591,#3592,#2147,.T.);
#4465=EDGE_CURVE('',#3592,#3590,#95,.T.);
#4466=EDGE_CURVE('',#3593,#3591,#2148,.T.);
#4467=EDGE_CURVE('',#3594,#3593,#2149,.T.);
#4468=EDGE_CURVE('',#3592,#3594,#2150,.T.);
#4469=EDGE_CURVE('',#3593,#3595,#96,.T.);
#4470=EDGE_CURVE('',#3595,#3596,#2151,.T.);
#4471=EDGE_CURVE('',#3596,#3594,#97,.T.);
#4472=EDGE_CURVE('',#3597,#3595,#2152,.T.);
#4473=EDGE_CURVE('',#3598,#3597,#2153,.T.);
#4474=EDGE_CURVE('',#3596,#3598,#2154,.T.);
#4475=EDGE_CURVE('',#3599,#3600,#98,.T.);
#4476=EDGE_CURVE('',#3600,#3601,#2155,.T.);
#4477=EDGE_CURVE('',#3601,#3602,#99,.T.);
#4478=EDGE_CURVE('',#3602,#3599,#2156,.T.);
#4479=EDGE_CURVE('',#3603,#3600,#2157,.T.);
#4480=EDGE_CURVE('',#3604,#3603,#2158,.T.);
#4481=EDGE_CURVE('',#3601,#3604,#2159,.T.);
#4482=EDGE_CURVE('',#3605,#3606,#100,.T.);
#4483=EDGE_CURVE('',#3606,#3607,#2160,.T.);
#4484=EDGE_CURVE('',#3607,#3608,#101,.T.);
#4485=EDGE_CURVE('',#3608,#3605,#2161,.T.);
#4486=EDGE_CURVE('',#3607,#3602,#2162,.T.);
#4487=EDGE_CURVE('',#3599,#3606,#2163,.T.);
#4488=EDGE_CURVE('',#3597,#3609,#102,.T.);
#4489=EDGE_CURVE('',#3609,#3610,#2164,.T.);
#4490=EDGE_CURVE('',#3610,#3598,#103,.T.);
#4491=EDGE_CURVE('',#3610,#3588,#2165,.T.);
#4492=EDGE_CURVE('',#3585,#3609,#2166,.T.);
#4493=EDGE_CURVE('',#3603,#3611,#104,.T.);
#4494=EDGE_CURVE('',#3611,#3612,#2167,.T.);
#4495=EDGE_CURVE('',#3612,#3604,#105,.T.);
#4496=EDGE_CURVE('',#3613,#3611,#2168,.T.);
#4497=EDGE_CURVE('',#3614,#3613,#2169,.T.);
#4498=EDGE_CURVE('',#3612,#3614,#2170,.T.);
#4499=EDGE_CURVE('',#3615,#3616,#106,.T.);
#4500=EDGE_CURVE('',#3616,#3617,#2171,.T.);
#4501=EDGE_CURVE('',#3617,#3618,#107,.T.);
#4502=EDGE_CURVE('',#3618,#3615,#2172,.T.);
#4503=EDGE_CURVE('',#3619,#3616,#2173,.T.);
#4504=EDGE_CURVE('',#3620,#3619,#2174,.T.);
#4505=EDGE_CURVE('',#3617,#3620,#2175,.T.);
#4506=EDGE_CURVE('',#3613,#3621,#108,.T.);
#4507=EDGE_CURVE('',#3621,#3622,#2176,.T.);
#4508=EDGE_CURVE('',#3622,#3614,#109,.T.);
#4509=EDGE_CURVE('',#3622,#3608,#2177,.T.);
#4510=EDGE_CURVE('',#3605,#3621,#2178,.T.);
#4511=EDGE_CURVE('',#3623,#3624,#110,.T.);
#4512=EDGE_CURVE('',#3624,#3625,#2179,.T.);
#4513=EDGE_CURVE('',#3625,#3626,#111,.T.);
#4514=EDGE_CURVE('',#3626,#3623,#2180,.T.);
#4515=EDGE_CURVE('',#3625,#3618,#2181,.T.);
#4516=EDGE_CURVE('',#3615,#3624,#2182,.T.);
#4517=EDGE_CURVE('',#3627,#3628,#112,.T.);
#4518=EDGE_CURVE('',#3628,#3629,#2183,.T.);
#4519=EDGE_CURVE('',#3629,#3630,#113,.T.);
#4520=EDGE_CURVE('',#3630,#3627,#2184,.T.);
#4521=EDGE_CURVE('',#3631,#3628,#2185,.T.);
#4522=EDGE_CURVE('',#3632,#3631,#2186,.T.);
#4523=EDGE_CURVE('',#3629,#3632,#2187,.T.);
#4524=EDGE_CURVE('',#3631,#3633,#114,.T.);
#4525=EDGE_CURVE('',#3633,#3634,#2188,.T.);
#4526=EDGE_CURVE('',#3634,#3632,#115,.T.);
#4527=EDGE_CURVE('',#3635,#3633,#2189,.T.);
#4528=EDGE_CURVE('',#3636,#3635,#2190,.T.);
#4529=EDGE_CURVE('',#3634,#3636,#2191,.T.);
#4530=EDGE_CURVE('',#3635,#3637,#116,.T.);
#4531=EDGE_CURVE('',#3637,#3638,#2192,.T.);
#4532=EDGE_CURVE('',#3638,#3636,#117,.T.);
#4533=EDGE_CURVE('',#3639,#3637,#2193,.T.);
#4534=EDGE_CURVE('',#3640,#3639,#2194,.T.);
#4535=EDGE_CURVE('',#3638,#3640,#2195,.T.);
#4536=EDGE_CURVE('',#3641,#3642,#118,.T.);
#4537=EDGE_CURVE('',#3642,#3643,#2196,.T.);
#4538=EDGE_CURVE('',#3643,#3644,#119,.T.);
#4539=EDGE_CURVE('',#3644,#3641,#2197,.T.);
#4540=EDGE_CURVE('',#3643,#3626,#2198,.T.);
#4541=EDGE_CURVE('',#3623,#3642,#2199,.T.);
#4542=EDGE_CURVE('',#3619,#3645,#120,.T.);
#4543=EDGE_CURVE('',#3645,#3646,#2200,.T.);
#4544=EDGE_CURVE('',#3646,#3620,#121,.T.);
#4545=EDGE_CURVE('',#3646,#3644,#2201,.T.);
#4546=EDGE_CURVE('',#3641,#3645,#2202,.T.);
#4547=EDGE_CURVE('',#3639,#3647,#122,.T.);
#4548=EDGE_CURVE('',#3647,#3648,#2203,.T.);
#4549=EDGE_CURVE('',#3648,#3640,#123,.T.);
#4550=EDGE_CURVE('',#3648,#3630,#2204,.T.);
#4551=EDGE_CURVE('',#3627,#3647,#2205,.T.);
#4552=EDGE_CURVE('',#3649,#3649,#124,.T.);
#4553=EDGE_CURVE('',#3649,#3650,#2206,.T.);
#4554=EDGE_CURVE('',#3650,#3650,#125,.T.);
#4555=EDGE_CURVE('',#3650,#3651,#2207,.T.);
#4556=EDGE_CURVE('',#3651,#3651,#126,.T.);
#4557=EDGE_CURVE('',#3652,#3652,#127,.T.);
#4558=EDGE_CURVE('',#3652,#3653,#2208,.T.);
#4559=EDGE_CURVE('',#3653,#3653,#128,.T.);
#4560=EDGE_CURVE('',#3653,#3654,#2209,.T.);
#4561=EDGE_CURVE('',#3654,#3654,#129,.T.);
#4562=EDGE_CURVE('',#3655,#3655,#130,.T.);
#4563=EDGE_CURVE('',#3655,#3656,#2210,.T.);
#4564=EDGE_CURVE('',#3656,#3656,#131,.T.);
#4565=EDGE_CURVE('',#3656,#3657,#2211,.T.);
#4566=EDGE_CURVE('',#3657,#3657,#132,.T.);
#4567=EDGE_CURVE('',#3658,#3658,#133,.T.);
#4568=EDGE_CURVE('',#3658,#3659,#2212,.T.);
#4569=EDGE_CURVE('',#3659,#3659,#134,.T.);
#4570=EDGE_CURVE('',#3659,#3660,#2213,.T.);
#4571=EDGE_CURVE('',#3660,#3660,#135,.T.);
#4572=EDGE_CURVE('',#3661,#3661,#136,.T.);
#4573=EDGE_CURVE('',#3661,#3662,#2214,.T.);
#4574=EDGE_CURVE('',#3662,#3662,#137,.T.);
#4575=EDGE_CURVE('',#3662,#3663,#2215,.T.);
#4576=EDGE_CURVE('',#3663,#3663,#138,.T.);
#4577=EDGE_CURVE('',#3664,#3664,#139,.T.);
#4578=EDGE_CURVE('',#3664,#3665,#2216,.T.);
#4579=EDGE_CURVE('',#3665,#3665,#140,.T.);
#4580=EDGE_CURVE('',#3665,#3666,#2217,.T.);
#4581=EDGE_CURVE('',#3666,#3666,#141,.T.);
#4582=EDGE_CURVE('',#3667,#3667,#142,.T.);
#4583=EDGE_CURVE('',#3667,#3668,#2218,.T.);
#4584=EDGE_CURVE('',#3668,#3668,#143,.T.);
#4585=EDGE_CURVE('',#3668,#3669,#2219,.T.);
#4586=EDGE_CURVE('',#3669,#3669,#144,.T.);
#4587=EDGE_CURVE('',#3670,#3670,#145,.T.);
#4588=EDGE_CURVE('',#3670,#3671,#2220,.T.);
#4589=EDGE_CURVE('',#3671,#3671,#146,.T.);
#4590=EDGE_CURVE('',#3671,#3672,#2221,.T.);
#4591=EDGE_CURVE('',#3672,#3672,#147,.T.);
#4592=EDGE_CURVE('',#3673,#3673,#148,.T.);
#4593=EDGE_CURVE('',#3673,#3674,#2222,.T.);
#4594=EDGE_CURVE('',#3674,#3674,#149,.T.);
#4595=EDGE_CURVE('',#3674,#3675,#2223,.T.);
#4596=EDGE_CURVE('',#3675,#3675,#150,.T.);
#4597=EDGE_CURVE('',#3676,#3676,#151,.T.);
#4598=EDGE_CURVE('',#3676,#3677,#2224,.T.);
#4599=EDGE_CURVE('',#3677,#3677,#152,.T.);
#4600=EDGE_CURVE('',#3677,#3678,#2225,.T.);
#4601=EDGE_CURVE('',#3678,#3678,#153,.T.);
#4602=EDGE_CURVE('',#3679,#3680,#154,.T.);
#4603=EDGE_CURVE('',#3680,#3681,#2226,.T.);
#4604=EDGE_CURVE('',#3681,#3682,#155,.T.);
#4605=EDGE_CURVE('',#3682,#3679,#2227,.T.);
#4606=EDGE_CURVE('',#3683,#3680,#2228,.T.);
#4607=EDGE_CURVE('',#3684,#3683,#2229,.T.);
#4608=EDGE_CURVE('',#3681,#3684,#2230,.T.);
#4609=EDGE_CURVE('',#3685,#3686,#156,.T.);
#4610=EDGE_CURVE('',#3686,#3687,#2231,.T.);
#4611=EDGE_CURVE('',#3687,#3688,#157,.T.);
#4612=EDGE_CURVE('',#3688,#3685,#2232,.T.);
#4613=EDGE_CURVE('',#3687,#3682,#2233,.T.);
#4614=EDGE_CURVE('',#3679,#3686,#2234,.T.);
#4615=EDGE_CURVE('',#3689,#3690,#158,.T.);
#4616=EDGE_CURVE('',#3690,#3691,#2235,.T.);
#4617=EDGE_CURVE('',#3691,#3692,#159,.T.);
#4618=EDGE_CURVE('',#3692,#3689,#2236,.T.);
#4619=EDGE_CURVE('',#3691,#3688,#2237,.T.);
#4620=EDGE_CURVE('',#3685,#3690,#2238,.T.);
#4621=EDGE_CURVE('',#3683,#3693,#160,.T.);
#4622=EDGE_CURVE('',#3693,#3694,#2239,.T.);
#4623=EDGE_CURVE('',#3694,#3684,#161,.T.);
#4624=EDGE_CURVE('',#3694,#3692,#2240,.T.);
#4625=EDGE_CURVE('',#3689,#3693,#2241,.T.);
#4626=EDGE_CURVE('',#3695,#3696,#162,.T.);
#4627=EDGE_CURVE('',#3696,#3697,#2242,.T.);
#4628=EDGE_CURVE('',#3697,#3698,#163,.T.);
#4629=EDGE_CURVE('',#3698,#3695,#2243,.T.);
#4630=EDGE_CURVE('',#3699,#3696,#2244,.T.);
#4631=EDGE_CURVE('',#3700,#3699,#2245,.T.);
#4632=EDGE_CURVE('',#3697,#3700,#2246,.T.);
#4633=EDGE_CURVE('',#3699,#3701,#164,.T.);
#4634=EDGE_CURVE('',#3701,#3702,#2247,.T.);
#4635=EDGE_CURVE('',#3702,#3700,#165,.T.);
#4636=EDGE_CURVE('',#3703,#3701,#2248,.T.);
#4637=EDGE_CURVE('',#3704,#3703,#2249,.T.);
#4638=EDGE_CURVE('',#3702,#3704,#2250,.T.);
#4639=EDGE_CURVE('',#3703,#3705,#166,.T.);
#4640=EDGE_CURVE('',#3705,#3706,#2251,.T.);
#4641=EDGE_CURVE('',#3706,#3704,#167,.T.);
#4642=EDGE_CURVE('',#3707,#3705,#2252,.T.);
#4643=EDGE_CURVE('',#3708,#3707,#2253,.T.);
#4644=EDGE_CURVE('',#3706,#3708,#2254,.T.);
#4645=EDGE_CURVE('',#3707,#3709,#168,.T.);
#4646=EDGE_CURVE('',#3709,#3710,#2255,.T.);
#4647=EDGE_CURVE('',#3710,#3708,#169,.T.);
#4648=EDGE_CURVE('',#3710,#3698,#2256,.T.);
#4649=EDGE_CURVE('',#3695,#3709,#2257,.T.);
#4650=EDGE_CURVE('',#3711,#3711,#170,.T.);
#4651=EDGE_CURVE('',#3711,#3712,#2258,.T.);
#4652=EDGE_CURVE('',#3712,#3712,#171,.T.);
#4653=EDGE_CURVE('',#3713,#3713,#172,.T.);
#4654=EDGE_CURVE('',#3713,#3714,#2259,.T.);
#4655=EDGE_CURVE('',#3714,#3714,#173,.T.);
#4656=EDGE_CURVE('',#3715,#3715,#174,.T.);
#4657=EDGE_CURVE('',#3715,#3716,#2260,.T.);
#4658=EDGE_CURVE('',#3716,#3716,#175,.T.);
#4659=EDGE_CURVE('',#3717,#3717,#176,.T.);
#4660=EDGE_CURVE('',#3717,#3718,#2261,.T.);
#4661=EDGE_CURVE('',#3718,#3718,#177,.T.);
#4662=EDGE_CURVE('',#3719,#3720,#2262,.T.);
#4663=EDGE_CURVE('',#3721,#3719,#2263,.T.);
#4664=EDGE_CURVE('',#3722,#3721,#2264,.T.);
#4665=EDGE_CURVE('',#3722,#3720,#2265,.T.);
#4666=EDGE_CURVE('',#3720,#3723,#178,.T.);
#4667=EDGE_CURVE('',#3724,#3722,#179,.T.);
#4668=EDGE_CURVE('',#3724,#3723,#2266,.T.);
#4669=EDGE_CURVE('',#3723,#3725,#2267,.T.);
#4670=EDGE_CURVE('',#3726,#3724,#2268,.T.);
#4671=EDGE_CURVE('',#3726,#3725,#2269,.T.);
#4672=EDGE_CURVE('',#3725,#3727,#180,.T.);
#4673=EDGE_CURVE('',#3728,#3726,#181,.T.);
#4674=EDGE_CURVE('',#3728,#3727,#2270,.T.);
#4675=EDGE_CURVE('',#3727,#3729,#2271,.T.);
#4676=EDGE_CURVE('',#3730,#3728,#2272,.T.);
#4677=EDGE_CURVE('',#3730,#3729,#2273,.T.);
#4678=EDGE_CURVE('',#3729,#3731,#182,.T.);
#4679=EDGE_CURVE('',#3732,#3730,#183,.T.);
#4680=EDGE_CURVE('',#3732,#3731,#2274,.T.);
#4681=EDGE_CURVE('',#3731,#3733,#2275,.T.);
#4682=EDGE_CURVE('',#3734,#3732,#2276,.T.);
#4683=EDGE_CURVE('',#3734,#3733,#2277,.T.);
#4684=EDGE_CURVE('',#3733,#3719,#184,.T.);
#4685=EDGE_CURVE('',#3721,#3734,#185,.T.);
#4686=EDGE_CURVE('',#3735,#3735,#186,.T.);
#4687=EDGE_CURVE('',#3735,#3736,#2278,.T.);
#4688=EDGE_CURVE('',#3736,#3736,#187,.T.);
#4689=EDGE_CURVE('',#3737,#3737,#188,.T.);
#4690=EDGE_CURVE('',#3737,#3738,#2279,.T.);
#4691=EDGE_CURVE('',#3738,#3738,#189,.T.);
#4692=EDGE_CURVE('',#3739,#3739,#190,.T.);
#4693=EDGE_CURVE('',#3739,#3740,#2280,.T.);
#4694=EDGE_CURVE('',#3740,#3740,#191,.T.);
#4695=EDGE_CURVE('',#3741,#3741,#192,.T.);
#4696=EDGE_CURVE('',#3741,#3742,#2281,.T.);
#4697=EDGE_CURVE('',#3742,#3742,#193,.T.);
#4698=EDGE_CURVE('',#3743,#3743,#194,.T.);
#4699=EDGE_CURVE('',#3743,#3744,#2282,.T.);
#4700=EDGE_CURVE('',#3744,#3744,#195,.T.);
#4701=EDGE_CURVE('',#3745,#3745,#196,.T.);
#4702=EDGE_CURVE('',#3745,#3746,#2283,.T.);
#4703=EDGE_CURVE('',#3746,#3746,#197,.T.);
#4704=EDGE_CURVE('',#3747,#3747,#198,.T.);
#4705=EDGE_CURVE('',#3747,#3748,#2284,.T.);
#4706=EDGE_CURVE('',#3748,#3748,#199,.T.);
#4707=EDGE_CURVE('',#3749,#3749,#200,.T.);
#4708=EDGE_CURVE('',#3749,#3750,#2285,.T.);
#4709=EDGE_CURVE('',#3750,#3750,#201,.T.);
#4710=EDGE_CURVE('',#3751,#3751,#202,.T.);
#4711=EDGE_CURVE('',#3751,#3752,#2286,.T.);
#4712=EDGE_CURVE('',#3752,#3752,#203,.T.);
#4713=EDGE_CURVE('',#3753,#3753,#204,.T.);
#4714=EDGE_CURVE('',#3753,#3754,#2287,.T.);
#4715=EDGE_CURVE('',#3754,#3754,#205,.T.);
#4716=EDGE_CURVE('',#3755,#3755,#206,.T.);
#4717=EDGE_CURVE('',#3755,#3756,#2288,.T.);
#4718=EDGE_CURVE('',#3756,#3756,#207,.T.);
#4719=EDGE_CURVE('',#3757,#3757,#208,.T.);
#4720=EDGE_CURVE('',#3757,#3758,#2289,.T.);
#4721=EDGE_CURVE('',#3758,#3758,#209,.T.);
#4722=EDGE_CURVE('',#3759,#3759,#210,.T.);
#4723=EDGE_CURVE('',#3759,#3760,#2290,.T.);
#4724=EDGE_CURVE('',#3760,#3760,#211,.T.);
#4725=EDGE_CURVE('',#3761,#3762,#212,.T.);
#4726=EDGE_CURVE('',#3762,#3763,#2291,.T.);
#4727=EDGE_CURVE('',#3763,#3764,#213,.T.);
#4728=EDGE_CURVE('',#3764,#3761,#2292,.T.);
#4729=EDGE_CURVE('',#3765,#3764,#2293,.T.);
#4730=EDGE_CURVE('',#3766,#3765,#2294,.T.);
#4731=EDGE_CURVE('',#3761,#3766,#2295,.T.);
#4732=EDGE_CURVE('',#3763,#3767,#2296,.T.);
#4733=EDGE_CURVE('',#3767,#3768,#2297,.T.);
#4734=EDGE_CURVE('',#3769,#3768,#2298,.T.);
#4735=EDGE_CURVE('',#3765,#3769,#214,.T.);
#4736=EDGE_CURVE('',#3770,#3766,#215,.T.);
#4737=EDGE_CURVE('',#3769,#3770,#2299,.T.);
#4738=EDGE_CURVE('',#3768,#3771,#2300,.T.);
#4739=EDGE_CURVE('',#3770,#3771,#2301,.T.);
#4740=EDGE_CURVE('',#3772,#3773,#2302,.T.);
#4741=EDGE_CURVE('',#3772,#3774,#216,.T.);
#4742=EDGE_CURVE('',#3774,#3775,#2303,.T.);
#4743=EDGE_CURVE('',#3775,#3773,#217,.T.);
#4744=EDGE_CURVE('',#3773,#3776,#2304,.T.);
#4745=EDGE_CURVE('',#3777,#3776,#2305,.T.);
#4746=EDGE_CURVE('',#3777,#3778,#2306,.T.);
#4747=EDGE_CURVE('',#3773,#3778,#2307,.T.);
#4748=EDGE_CURVE('',#3776,#3779,#2308,.T.);
#4749=EDGE_CURVE('',#3780,#3779,#2309,.T.);
#4750=EDGE_CURVE('',#3780,#3777,#2310,.T.);
#4751=EDGE_CURVE('',#3779,#3772,#2311,.T.);
#4752=EDGE_CURVE('',#3779,#3781,#218,.T.);
#4753=EDGE_CURVE('',#3774,#3781,#2312,.T.);
#4754=EDGE_CURVE('',#3775,#3782,#2313,.T.);
#4755=EDGE_CURVE('',#3776,#3782,#219,.T.);
#4756=EDGE_CURVE('',#3783,#3772,#2314,.T.);
#4757=EDGE_CURVE('',#3780,#3783,#2315,.T.);
#4758=EDGE_CURVE('',#3778,#3783,#2316,.T.);
#4759=EDGE_CURVE('',#3781,#3782,#2317,.T.);
#4760=EDGE_CURVE('',#3771,#3784,#2318,.T.);
#4761=EDGE_CURVE('',#3771,#3785,#220,.T.);
#4762=EDGE_CURVE('',#3786,#3785,#2319,.T.);
#4763=EDGE_CURVE('',#3786,#3784,#221,.T.);
#4764=EDGE_CURVE('',#3784,#3762,#2320,.T.);
#4765=EDGE_CURVE('',#3784,#3767,#2321,.T.);
#4766=EDGE_CURVE('',#3768,#3787,#222,.T.);
#4767=EDGE_CURVE('',#3785,#3787,#2322,.T.);
#4768=EDGE_CURVE('',#3788,#3786,#2323,.T.);
#4769=EDGE_CURVE('',#3767,#3788,#223,.T.);
#4770=EDGE_CURVE('',#3787,#3788,#2324,.T.);
#4771=EDGE_CURVE('',#3788,#3789,#2325,.T.);
#4772=EDGE_CURVE('',#3789,#3790,#2326,.T.);
#4773=EDGE_CURVE('',#3787,#3790,#2327,.T.);
#4774=EDGE_CURVE('',#3791,#3792,#2328,.T.);
#4775=EDGE_CURVE('',#3791,#3793,#224,.T.);
#4776=EDGE_CURVE('',#3794,#3793,#2329,.T.);
#4777=EDGE_CURVE('',#3794,#3792,#225,.T.);
#4778=EDGE_CURVE('',#3792,#3786,#2330,.T.);
#4779=EDGE_CURVE('',#3792,#3789,#2331,.T.);
#4780=EDGE_CURVE('',#3790,#3791,#2332,.T.);
#4781=EDGE_CURVE('',#3790,#3795,#226,.T.);
#4782=EDGE_CURVE('',#3793,#3795,#2333,.T.);
#4783=EDGE_CURVE('',#3796,#3794,#2334,.T.);
#4784=EDGE_CURVE('',#3789,#3796,#227,.T.);
#4785=EDGE_CURVE('',#3785,#3791,#2335,.T.);
#4786=EDGE_CURVE('',#3795,#3796,#2336,.T.);
#4787=EDGE_CURVE('',#3794,#3797,#2337,.T.);
#4788=EDGE_CURVE('',#3797,#3798,#2338,.T.);
#4789=EDGE_CURVE('',#3796,#3798,#2339,.T.);
#4790=EDGE_CURVE('',#3793,#3799,#2340,.T.);
#4791=EDGE_CURVE('',#3799,#3797,#2341,.T.);
#4792=EDGE_CURVE('',#3798,#3800,#2342,.T.);
#4793=EDGE_CURVE('',#3798,#3801,#228,.T.);
#4794=EDGE_CURVE('',#3802,#3801,#2343,.T.);
#4795=EDGE_CURVE('',#3802,#3800,#229,.T.);
#4796=EDGE_CURVE('',#3800,#3795,#2344,.T.);
#4797=EDGE_CURVE('',#3800,#3799,#2345,.T.);
#4798=EDGE_CURVE('',#3797,#3803,#230,.T.);
#4799=EDGE_CURVE('',#3803,#3801,#2346,.T.);
#4800=EDGE_CURVE('',#3804,#3802,#2347,.T.);
#4801=EDGE_CURVE('',#3799,#3804,#231,.T.);
#4802=EDGE_CURVE('',#3804,#3803,#2348,.T.);
#4803=EDGE_CURVE('',#3805,#3805,#232,.T.);
#4804=EDGE_CURVE('',#3805,#3806,#2349,.T.);
#4805=EDGE_CURVE('',#3806,#3806,#233,.T.);
#4806=EDGE_CURVE('',#3806,#3807,#2350,.T.);
#4807=EDGE_CURVE('',#3807,#3807,#234,.T.);
#4808=EDGE_CURVE('',#3808,#3808,#235,.T.);
#4809=EDGE_CURVE('',#3808,#3809,#2351,.T.);
#4810=EDGE_CURVE('',#3809,#3809,#236,.T.);
#4811=EDGE_CURVE('',#3809,#3810,#2352,.T.);
#4812=EDGE_CURVE('',#3810,#3810,#237,.T.);
#4813=EDGE_CURVE('',#3811,#3811,#238,.T.);
#4814=EDGE_CURVE('',#3811,#3812,#2353,.T.);
#4815=EDGE_CURVE('',#3812,#3812,#239,.T.);
#4816=EDGE_CURVE('',#3812,#3813,#2354,.T.);
#4817=EDGE_CURVE('',#3813,#3813,#240,.T.);
#4818=EDGE_CURVE('',#3814,#3814,#241,.T.);
#4819=EDGE_CURVE('',#3814,#3815,#2355,.T.);
#4820=EDGE_CURVE('',#3815,#3815,#242,.T.);
#4821=EDGE_CURVE('',#3815,#3816,#2356,.T.);
#4822=EDGE_CURVE('',#3816,#3816,#243,.T.);
#4823=EDGE_CURVE('',#3817,#3817,#244,.T.);
#4824=EDGE_CURVE('',#3817,#3818,#2357,.T.);
#4825=EDGE_CURVE('',#3818,#3818,#245,.T.);
#4826=EDGE_CURVE('',#3818,#3819,#2358,.T.);
#4827=EDGE_CURVE('',#3819,#3819,#246,.T.);
#4828=EDGE_CURVE('',#3820,#3820,#247,.T.);
#4829=EDGE_CURVE('',#3820,#3821,#2359,.T.);
#4830=EDGE_CURVE('',#3821,#3821,#248,.T.);
#4831=EDGE_CURVE('',#3821,#3822,#2360,.T.);
#4832=EDGE_CURVE('',#3822,#3822,#249,.T.);
#4833=EDGE_CURVE('',#3823,#3823,#250,.T.);
#4834=EDGE_CURVE('',#3823,#3824,#2361,.T.);
#4835=EDGE_CURVE('',#3824,#3824,#251,.T.);
#4836=EDGE_CURVE('',#3824,#3825,#2362,.T.);
#4837=EDGE_CURVE('',#3825,#3825,#252,.T.);
#4838=EDGE_CURVE('',#3826,#3826,#253,.T.);
#4839=EDGE_CURVE('',#3826,#3827,#2363,.T.);
#4840=EDGE_CURVE('',#3827,#3827,#254,.T.);
#4841=EDGE_CURVE('',#3827,#3828,#2364,.T.);
#4842=EDGE_CURVE('',#3828,#3828,#255,.T.);
#4843=EDGE_CURVE('',#3829,#3829,#256,.T.);
#4844=EDGE_CURVE('',#3829,#3830,#2365,.T.);
#4845=EDGE_CURVE('',#3830,#3830,#257,.T.);
#4846=EDGE_CURVE('',#3830,#3831,#2366,.T.);
#4847=EDGE_CURVE('',#3831,#3831,#258,.T.);
#4848=EDGE_CURVE('',#3832,#3832,#259,.T.);
#4849=EDGE_CURVE('',#3832,#3833,#2367,.T.);
#4850=EDGE_CURVE('',#3833,#3833,#260,.T.);
#4851=EDGE_CURVE('',#3833,#3834,#2368,.T.);
#4852=EDGE_CURVE('',#3834,#3834,#261,.T.);
#4853=EDGE_CURVE('',#3835,#3835,#262,.T.);
#4854=EDGE_CURVE('',#3835,#3836,#2369,.T.);
#4855=EDGE_CURVE('',#3836,#3836,#263,.T.);
#4856=EDGE_CURVE('',#3836,#3837,#2370,.T.);
#4857=EDGE_CURVE('',#3837,#3837,#264,.T.);
#4858=EDGE_CURVE('',#3838,#3838,#265,.T.);
#4859=EDGE_CURVE('',#3838,#3839,#2371,.T.);
#4860=EDGE_CURVE('',#3839,#3839,#266,.T.);
#4861=EDGE_CURVE('',#3839,#3840,#2372,.T.);
#4862=EDGE_CURVE('',#3840,#3840,#267,.T.);
#4863=EDGE_CURVE('',#3841,#3841,#268,.T.);
#4864=EDGE_CURVE('',#3841,#3842,#2373,.T.);
#4865=EDGE_CURVE('',#3842,#3842,#269,.T.);
#4866=EDGE_CURVE('',#3842,#3843,#2374,.T.);
#4867=EDGE_CURVE('',#3843,#3843,#270,.T.);
#4868=EDGE_CURVE('',#3844,#3844,#271,.T.);
#4869=EDGE_CURVE('',#3844,#3845,#2375,.T.);
#4870=EDGE_CURVE('',#3845,#3845,#272,.T.);
#4871=EDGE_CURVE('',#3845,#3846,#2376,.T.);
#4872=EDGE_CURVE('',#3846,#3846,#273,.T.);
#4873=EDGE_CURVE('',#3847,#3847,#274,.T.);
#4874=EDGE_CURVE('',#3847,#3848,#2377,.T.);
#4875=EDGE_CURVE('',#3848,#3848,#275,.T.);
#4876=EDGE_CURVE('',#3848,#3849,#2378,.T.);
#4877=EDGE_CURVE('',#3849,#3849,#276,.T.);
#4878=EDGE_CURVE('',#3850,#3850,#277,.T.);
#4879=EDGE_CURVE('',#3850,#3851,#2379,.T.);
#4880=EDGE_CURVE('',#3851,#3851,#278,.T.);
#4881=EDGE_CURVE('',#3851,#3852,#2380,.T.);
#4882=EDGE_CURVE('',#3852,#3852,#279,.T.);
#4883=EDGE_CURVE('',#3803,#3774,#2381,.T.);
#4884=EDGE_CURVE('',#3801,#3781,#2382,.T.);
#4885=EDGE_CURVE('',#3775,#3804,#2383,.T.);
#4886=EDGE_CURVE('',#3782,#3802,#2384,.T.);
#4887=ORIENTED_EDGE('',*,*,#3853,.F.);
#4888=ORIENTED_EDGE('',*,*,#3854,.T.);
#4889=ORIENTED_EDGE('',*,*,#3855,.F.);
#4890=ORIENTED_EDGE('',*,*,#3856,.F.);
#4891=ORIENTED_EDGE('',*,*,#3857,.F.);
#4892=ORIENTED_EDGE('',*,*,#3856,.T.);
#4893=ORIENTED_EDGE('',*,*,#3858,.F.);
#4894=ORIENTED_EDGE('',*,*,#3859,.F.);
#4895=ORIENTED_EDGE('',*,*,#3860,.F.);
#4896=ORIENTED_EDGE('',*,*,#3859,.T.);
#4897=ORIENTED_EDGE('',*,*,#3861,.F.);
#4898=ORIENTED_EDGE('',*,*,#3862,.F.);
#4899=ORIENTED_EDGE('',*,*,#3863,.F.);
#4900=ORIENTED_EDGE('',*,*,#3862,.T.);
#4901=ORIENTED_EDGE('',*,*,#3864,.F.);
#4902=ORIENTED_EDGE('',*,*,#3865,.F.);
#4903=ORIENTED_EDGE('',*,*,#3866,.F.);
#4904=ORIENTED_EDGE('',*,*,#3865,.T.);
#4905=ORIENTED_EDGE('',*,*,#3867,.F.);
#4906=ORIENTED_EDGE('',*,*,#3868,.F.);
#4907=ORIENTED_EDGE('',*,*,#3869,.F.);
#4908=ORIENTED_EDGE('',*,*,#3868,.T.);
#4909=ORIENTED_EDGE('',*,*,#3870,.F.);
#4910=ORIENTED_EDGE('',*,*,#3871,.F.);
#4911=ORIENTED_EDGE('',*,*,#3872,.F.);
#4912=ORIENTED_EDGE('',*,*,#3871,.T.);
#4913=ORIENTED_EDGE('',*,*,#3873,.F.);
#4914=ORIENTED_EDGE('',*,*,#3874,.F.);
#4915=ORIENTED_EDGE('',*,*,#3875,.F.);
#4916=ORIENTED_EDGE('',*,*,#3874,.T.);
#4917=ORIENTED_EDGE('',*,*,#3876,.F.);
#4918=ORIENTED_EDGE('',*,*,#3854,.F.);
#4919=ORIENTED_EDGE('',*,*,#3877,.F.);
#4920=ORIENTED_EDGE('',*,*,#3878,.T.);
#4921=ORIENTED_EDGE('',*,*,#3879,.F.);
#4922=ORIENTED_EDGE('',*,*,#3880,.F.);
#4923=ORIENTED_EDGE('',*,*,#3881,.F.);
#4924=ORIENTED_EDGE('',*,*,#3880,.T.);
#4925=ORIENTED_EDGE('',*,*,#3882,.F.);
#4926=ORIENTED_EDGE('',*,*,#3883,.F.);
#4927=ORIENTED_EDGE('',*,*,#3884,.F.);
#4928=ORIENTED_EDGE('',*,*,#3883,.T.);
#4929=ORIENTED_EDGE('',*,*,#3885,.F.);
#4930=ORIENTED_EDGE('',*,*,#3886,.F.);
#4931=ORIENTED_EDGE('',*,*,#3887,.F.);
#4932=ORIENTED_EDGE('',*,*,#3886,.T.);
#4933=ORIENTED_EDGE('',*,*,#3888,.F.);
#4934=ORIENTED_EDGE('',*,*,#3889,.F.);
#4935=ORIENTED_EDGE('',*,*,#3890,.F.);
#4936=ORIENTED_EDGE('',*,*,#3889,.T.);
#4937=ORIENTED_EDGE('',*,*,#3891,.F.);
#4938=ORIENTED_EDGE('',*,*,#3892,.F.);
#4939=ORIENTED_EDGE('',*,*,#3893,.F.);
#4940=ORIENTED_EDGE('',*,*,#3892,.T.);
#4941=ORIENTED_EDGE('',*,*,#3894,.F.);
#4942=ORIENTED_EDGE('',*,*,#3895,.F.);
#4943=ORIENTED_EDGE('',*,*,#3896,.F.);
#4944=ORIENTED_EDGE('',*,*,#3895,.T.);
#4945=ORIENTED_EDGE('',*,*,#3897,.F.);
#4946=ORIENTED_EDGE('',*,*,#3898,.F.);
#4947=ORIENTED_EDGE('',*,*,#3899,.F.);
#4948=ORIENTED_EDGE('',*,*,#3898,.T.);
#4949=ORIENTED_EDGE('',*,*,#3900,.F.);
#4950=ORIENTED_EDGE('',*,*,#3901,.F.);
#4951=ORIENTED_EDGE('',*,*,#3902,.F.);
#4952=ORIENTED_EDGE('',*,*,#3901,.T.);
#4953=ORIENTED_EDGE('',*,*,#3903,.F.);
#4954=ORIENTED_EDGE('',*,*,#3904,.F.);
#4955=ORIENTED_EDGE('',*,*,#3905,.F.);
#4956=ORIENTED_EDGE('',*,*,#3904,.T.);
#4957=ORIENTED_EDGE('',*,*,#3906,.F.);
#4958=ORIENTED_EDGE('',*,*,#3878,.F.);
#4959=ORIENTED_EDGE('',*,*,#3906,.T.);
#4960=ORIENTED_EDGE('',*,*,#3903,.T.);
#4961=ORIENTED_EDGE('',*,*,#3900,.T.);
#4962=ORIENTED_EDGE('',*,*,#3897,.T.);
#4963=ORIENTED_EDGE('',*,*,#3894,.T.);
#4964=ORIENTED_EDGE('',*,*,#3891,.T.);
#4965=ORIENTED_EDGE('',*,*,#3888,.T.);
#4966=ORIENTED_EDGE('',*,*,#3885,.T.);
#4967=ORIENTED_EDGE('',*,*,#3882,.T.);
#4968=ORIENTED_EDGE('',*,*,#3879,.T.);
#4969=ORIENTED_EDGE('',*,*,#3876,.T.);
#4970=ORIENTED_EDGE('',*,*,#3873,.T.);
#4971=ORIENTED_EDGE('',*,*,#3870,.T.);
#4972=ORIENTED_EDGE('',*,*,#3867,.T.);
#4973=ORIENTED_EDGE('',*,*,#3864,.T.);
#4974=ORIENTED_EDGE('',*,*,#3861,.T.);
#4975=ORIENTED_EDGE('',*,*,#3858,.T.);
#4976=ORIENTED_EDGE('',*,*,#3855,.T.);
#4977=ORIENTED_EDGE('',*,*,#3905,.T.);
#4978=ORIENTED_EDGE('',*,*,#3877,.T.);
#4979=ORIENTED_EDGE('',*,*,#3881,.T.);
#4980=ORIENTED_EDGE('',*,*,#3884,.T.);
#4981=ORIENTED_EDGE('',*,*,#3887,.T.);
#4982=ORIENTED_EDGE('',*,*,#3890,.T.);
#4983=ORIENTED_EDGE('',*,*,#3893,.T.);
#4984=ORIENTED_EDGE('',*,*,#3896,.T.);
#4985=ORIENTED_EDGE('',*,*,#3899,.T.);
#4986=ORIENTED_EDGE('',*,*,#3902,.T.);
#4987=ORIENTED_EDGE('',*,*,#3875,.T.);
#4988=ORIENTED_EDGE('',*,*,#3853,.T.);
#4989=ORIENTED_EDGE('',*,*,#3857,.T.);
#4990=ORIENTED_EDGE('',*,*,#3860,.T.);
#4991=ORIENTED_EDGE('',*,*,#3863,.T.);
#4992=ORIENTED_EDGE('',*,*,#3866,.T.);
#4993=ORIENTED_EDGE('',*,*,#3869,.T.);
#4994=ORIENTED_EDGE('',*,*,#3872,.T.);
#4995=ORIENTED_EDGE('',*,*,#3907,.F.);
#4996=ORIENTED_EDGE('',*,*,#3908,.T.);
#4997=ORIENTED_EDGE('',*,*,#3909,.F.);
#4998=ORIENTED_EDGE('',*,*,#3910,.F.);
#4999=ORIENTED_EDGE('',*,*,#3911,.F.);
#5000=ORIENTED_EDGE('',*,*,#3910,.T.);
#5001=ORIENTED_EDGE('',*,*,#3912,.F.);
#5002=ORIENTED_EDGE('',*,*,#3913,.F.);
#5003=ORIENTED_EDGE('',*,*,#3914,.F.);
#5004=ORIENTED_EDGE('',*,*,#3913,.T.);
#5005=ORIENTED_EDGE('',*,*,#3915,.F.);
#5006=ORIENTED_EDGE('',*,*,#3916,.F.);
#5007=ORIENTED_EDGE('',*,*,#3917,.F.);
#5008=ORIENTED_EDGE('',*,*,#3916,.T.);
#5009=ORIENTED_EDGE('',*,*,#3918,.F.);
#5010=ORIENTED_EDGE('',*,*,#3919,.F.);
#5011=ORIENTED_EDGE('',*,*,#3920,.F.);
#5012=ORIENTED_EDGE('',*,*,#3919,.T.);
#5013=ORIENTED_EDGE('',*,*,#3921,.F.);
#5014=ORIENTED_EDGE('',*,*,#3922,.F.);
#5015=ORIENTED_EDGE('',*,*,#3923,.F.);
#5016=ORIENTED_EDGE('',*,*,#3922,.T.);
#5017=ORIENTED_EDGE('',*,*,#3924,.F.);
#5018=ORIENTED_EDGE('',*,*,#3908,.F.);
#5019=ORIENTED_EDGE('',*,*,#3924,.T.);
#5020=ORIENTED_EDGE('',*,*,#3921,.T.);
#5021=ORIENTED_EDGE('',*,*,#3918,.T.);
#5022=ORIENTED_EDGE('',*,*,#3915,.T.);
#5023=ORIENTED_EDGE('',*,*,#3912,.T.);
#5024=ORIENTED_EDGE('',*,*,#3909,.T.);
#5025=ORIENTED_EDGE('',*,*,#3923,.T.);
#5026=ORIENTED_EDGE('',*,*,#3907,.T.);
#5027=ORIENTED_EDGE('',*,*,#3911,.T.);
#5028=ORIENTED_EDGE('',*,*,#3914,.T.);
#5029=ORIENTED_EDGE('',*,*,#3917,.T.);
#5030=ORIENTED_EDGE('',*,*,#3920,.T.);
#5031=ORIENTED_EDGE('',*,*,#3925,.F.);
#5032=ORIENTED_EDGE('',*,*,#3926,.T.);
#5033=ORIENTED_EDGE('',*,*,#3927,.F.);
#5034=ORIENTED_EDGE('',*,*,#3928,.F.);
#5035=ORIENTED_EDGE('',*,*,#3929,.F.);
#5036=ORIENTED_EDGE('',*,*,#3928,.T.);
#5037=ORIENTED_EDGE('',*,*,#3930,.F.);
#5038=ORIENTED_EDGE('',*,*,#3931,.F.);
#5039=ORIENTED_EDGE('',*,*,#3932,.F.);
#5040=ORIENTED_EDGE('',*,*,#3931,.T.);
#5041=ORIENTED_EDGE('',*,*,#3933,.F.);
#5042=ORIENTED_EDGE('',*,*,#3926,.F.);
#5043=ORIENTED_EDGE('',*,*,#3934,.F.);
#5044=ORIENTED_EDGE('',*,*,#3935,.T.);
#5045=ORIENTED_EDGE('',*,*,#3936,.F.);
#5046=ORIENTED_EDGE('',*,*,#3937,.F.);
#5047=ORIENTED_EDGE('',*,*,#3938,.F.);
#5048=ORIENTED_EDGE('',*,*,#3937,.T.);
#5049=ORIENTED_EDGE('',*,*,#3939,.F.);
#5050=ORIENTED_EDGE('',*,*,#3940,.F.);
#5051=ORIENTED_EDGE('',*,*,#3941,.F.);
#5052=ORIENTED_EDGE('',*,*,#3940,.T.);
#5053=ORIENTED_EDGE('',*,*,#3942,.F.);
#5054=ORIENTED_EDGE('',*,*,#3943,.F.);
#5055=ORIENTED_EDGE('',*,*,#3944,.F.);
#5056=ORIENTED_EDGE('',*,*,#3943,.T.);
#5057=ORIENTED_EDGE('',*,*,#3945,.F.);
#5058=ORIENTED_EDGE('',*,*,#3946,.F.);
#5059=ORIENTED_EDGE('',*,*,#3947,.F.);
#5060=ORIENTED_EDGE('',*,*,#3946,.T.);
#5061=ORIENTED_EDGE('',*,*,#3948,.F.);
#5062=ORIENTED_EDGE('',*,*,#3949,.F.);
#5063=ORIENTED_EDGE('',*,*,#3950,.F.);
#5064=ORIENTED_EDGE('',*,*,#3949,.T.);
#5065=ORIENTED_EDGE('',*,*,#3951,.F.);
#5066=ORIENTED_EDGE('',*,*,#3952,.F.);
#5067=ORIENTED_EDGE('',*,*,#3953,.F.);
#5068=ORIENTED_EDGE('',*,*,#3952,.T.);
#5069=ORIENTED_EDGE('',*,*,#3954,.F.);
#5070=ORIENTED_EDGE('',*,*,#3955,.F.);
#5071=ORIENTED_EDGE('',*,*,#3956,.F.);
#5072=ORIENTED_EDGE('',*,*,#3955,.T.);
#5073=ORIENTED_EDGE('',*,*,#3957,.F.);
#5074=ORIENTED_EDGE('',*,*,#3935,.F.);
#5075=ORIENTED_EDGE('',*,*,#3957,.T.);
#5076=ORIENTED_EDGE('',*,*,#3954,.T.);
#5077=ORIENTED_EDGE('',*,*,#3951,.T.);
#5078=ORIENTED_EDGE('',*,*,#3948,.T.);
#5079=ORIENTED_EDGE('',*,*,#3945,.T.);
#5080=ORIENTED_EDGE('',*,*,#3942,.T.);
#5081=ORIENTED_EDGE('',*,*,#3939,.T.);
#5082=ORIENTED_EDGE('',*,*,#3936,.T.);
#5083=ORIENTED_EDGE('',*,*,#3933,.T.);
#5084=ORIENTED_EDGE('',*,*,#3930,.T.);
#5085=ORIENTED_EDGE('',*,*,#3927,.T.);
#5086=ORIENTED_EDGE('',*,*,#3956,.T.);
#5087=ORIENTED_EDGE('',*,*,#3934,.T.);
#5088=ORIENTED_EDGE('',*,*,#3938,.T.);
#5089=ORIENTED_EDGE('',*,*,#3941,.T.);
#5090=ORIENTED_EDGE('',*,*,#3944,.T.);
#5091=ORIENTED_EDGE('',*,*,#3947,.T.);
#5092=ORIENTED_EDGE('',*,*,#3950,.T.);
#5093=ORIENTED_EDGE('',*,*,#3953,.T.);
#5094=ORIENTED_EDGE('',*,*,#3932,.T.);
#5095=ORIENTED_EDGE('',*,*,#3925,.T.);
#5096=ORIENTED_EDGE('',*,*,#3929,.T.);
#5097=ORIENTED_EDGE('',*,*,#3958,.F.);
#5098=ORIENTED_EDGE('',*,*,#3959,.T.);
#5099=ORIENTED_EDGE('',*,*,#3960,.F.);
#5100=ORIENTED_EDGE('',*,*,#3961,.F.);
#5101=ORIENTED_EDGE('',*,*,#3962,.F.);
#5102=ORIENTED_EDGE('',*,*,#3961,.T.);
#5103=ORIENTED_EDGE('',*,*,#3963,.F.);
#5104=ORIENTED_EDGE('',*,*,#3964,.F.);
#5105=ORIENTED_EDGE('',*,*,#3965,.F.);
#5106=ORIENTED_EDGE('',*,*,#3964,.T.);
#5107=ORIENTED_EDGE('',*,*,#3966,.F.);
#5108=ORIENTED_EDGE('',*,*,#3967,.F.);
#5109=ORIENTED_EDGE('',*,*,#3968,.F.);
#5110=ORIENTED_EDGE('',*,*,#3967,.T.);
#5111=ORIENTED_EDGE('',*,*,#3969,.F.);
#5112=ORIENTED_EDGE('',*,*,#3970,.F.);
#5113=ORIENTED_EDGE('',*,*,#3971,.F.);
#5114=ORIENTED_EDGE('',*,*,#3970,.T.);
#5115=ORIENTED_EDGE('',*,*,#3972,.F.);
#5116=ORIENTED_EDGE('',*,*,#3973,.F.);
#5117=ORIENTED_EDGE('',*,*,#3974,.F.);
#5118=ORIENTED_EDGE('',*,*,#3973,.T.);
#5119=ORIENTED_EDGE('',*,*,#3975,.F.);
#5120=ORIENTED_EDGE('',*,*,#3976,.F.);
#5121=ORIENTED_EDGE('',*,*,#3977,.F.);
#5122=ORIENTED_EDGE('',*,*,#3976,.T.);
#5123=ORIENTED_EDGE('',*,*,#3978,.F.);
#5124=ORIENTED_EDGE('',*,*,#3979,.F.);
#5125=ORIENTED_EDGE('',*,*,#3980,.F.);
#5126=ORIENTED_EDGE('',*,*,#3979,.T.);
#5127=ORIENTED_EDGE('',*,*,#3981,.F.);
#5128=ORIENTED_EDGE('',*,*,#3982,.F.);
#5129=ORIENTED_EDGE('',*,*,#3983,.F.);
#5130=ORIENTED_EDGE('',*,*,#3982,.T.);
#5131=ORIENTED_EDGE('',*,*,#3984,.F.);
#5132=ORIENTED_EDGE('',*,*,#3959,.F.);
#5133=ORIENTED_EDGE('',*,*,#3985,.F.);
#5134=ORIENTED_EDGE('',*,*,#3986,.T.);
#5135=ORIENTED_EDGE('',*,*,#3987,.F.);
#5136=ORIENTED_EDGE('',*,*,#3988,.F.);
#5137=ORIENTED_EDGE('',*,*,#3989,.F.);
#5138=ORIENTED_EDGE('',*,*,#3988,.T.);
#5139=ORIENTED_EDGE('',*,*,#3990,.F.);
#5140=ORIENTED_EDGE('',*,*,#3991,.F.);
#5141=ORIENTED_EDGE('',*,*,#3992,.F.);
#5142=ORIENTED_EDGE('',*,*,#3991,.T.);
#5143=ORIENTED_EDGE('',*,*,#3993,.F.);
#5144=ORIENTED_EDGE('',*,*,#3994,.F.);
#5145=ORIENTED_EDGE('',*,*,#3995,.F.);
#5146=ORIENTED_EDGE('',*,*,#3994,.T.);
#5147=ORIENTED_EDGE('',*,*,#3996,.F.);
#5148=ORIENTED_EDGE('',*,*,#3997,.F.);
#5149=ORIENTED_EDGE('',*,*,#3998,.F.);
#5150=ORIENTED_EDGE('',*,*,#3997,.T.);
#5151=ORIENTED_EDGE('',*,*,#3999,.F.);
#5152=ORIENTED_EDGE('',*,*,#4000,.F.);
#5153=ORIENTED_EDGE('',*,*,#4001,.F.);
#5154=ORIENTED_EDGE('',*,*,#4000,.T.);
#5155=ORIENTED_EDGE('',*,*,#4002,.F.);
#5156=ORIENTED_EDGE('',*,*,#4003,.F.);
#5157=ORIENTED_EDGE('',*,*,#4004,.F.);
#5158=ORIENTED_EDGE('',*,*,#4003,.T.);
#5159=ORIENTED_EDGE('',*,*,#4005,.F.);
#5160=ORIENTED_EDGE('',*,*,#4006,.F.);
#5161=ORIENTED_EDGE('',*,*,#4007,.F.);
#5162=ORIENTED_EDGE('',*,*,#4006,.T.);
#5163=ORIENTED_EDGE('',*,*,#4008,.F.);
#5164=ORIENTED_EDGE('',*,*,#4009,.F.);
#5165=ORIENTED_EDGE('',*,*,#4010,.F.);
#5166=ORIENTED_EDGE('',*,*,#4009,.T.);
#5167=ORIENTED_EDGE('',*,*,#4011,.F.);
#5168=ORIENTED_EDGE('',*,*,#4012,.F.);
#5169=ORIENTED_EDGE('',*,*,#4013,.F.);
#5170=ORIENTED_EDGE('',*,*,#4012,.T.);
#5171=ORIENTED_EDGE('',*,*,#4014,.F.);
#5172=ORIENTED_EDGE('',*,*,#4015,.F.);
#5173=ORIENTED_EDGE('',*,*,#4016,.F.);
#5174=ORIENTED_EDGE('',*,*,#4015,.T.);
#5175=ORIENTED_EDGE('',*,*,#4017,.F.);
#5176=ORIENTED_EDGE('',*,*,#4018,.F.);
#5177=ORIENTED_EDGE('',*,*,#4019,.F.);
#5178=ORIENTED_EDGE('',*,*,#4018,.T.);
#5179=ORIENTED_EDGE('',*,*,#4020,.F.);
#5180=ORIENTED_EDGE('',*,*,#3986,.F.);
#5181=ORIENTED_EDGE('',*,*,#4020,.T.);
#5182=ORIENTED_EDGE('',*,*,#4017,.T.);
#5183=ORIENTED_EDGE('',*,*,#4014,.T.);
#5184=ORIENTED_EDGE('',*,*,#4011,.T.);
#5185=ORIENTED_EDGE('',*,*,#4008,.T.);
#5186=ORIENTED_EDGE('',*,*,#4005,.T.);
#5187=ORIENTED_EDGE('',*,*,#4002,.T.);
#5188=ORIENTED_EDGE('',*,*,#3999,.T.);
#5189=ORIENTED_EDGE('',*,*,#3996,.T.);
#5190=ORIENTED_EDGE('',*,*,#3993,.T.);
#5191=ORIENTED_EDGE('',*,*,#3990,.T.);
#5192=ORIENTED_EDGE('',*,*,#3987,.T.);
#5193=ORIENTED_EDGE('',*,*,#3984,.T.);
#5194=ORIENTED_EDGE('',*,*,#3981,.T.);
#5195=ORIENTED_EDGE('',*,*,#3978,.T.);
#5196=ORIENTED_EDGE('',*,*,#3975,.T.);
#5197=ORIENTED_EDGE('',*,*,#3972,.T.);
#5198=ORIENTED_EDGE('',*,*,#3969,.T.);
#5199=ORIENTED_EDGE('',*,*,#3966,.T.);
#5200=ORIENTED_EDGE('',*,*,#3963,.T.);
#5201=ORIENTED_EDGE('',*,*,#3960,.T.);
#5202=ORIENTED_EDGE('',*,*,#4019,.T.);
#5203=ORIENTED_EDGE('',*,*,#3985,.T.);
#5204=ORIENTED_EDGE('',*,*,#3989,.T.);
#5205=ORIENTED_EDGE('',*,*,#3992,.T.);
#5206=ORIENTED_EDGE('',*,*,#3995,.T.);
#5207=ORIENTED_EDGE('',*,*,#3998,.T.);
#5208=ORIENTED_EDGE('',*,*,#4001,.T.);
#5209=ORIENTED_EDGE('',*,*,#4004,.T.);
#5210=ORIENTED_EDGE('',*,*,#4007,.T.);
#5211=ORIENTED_EDGE('',*,*,#4010,.T.);
#5212=ORIENTED_EDGE('',*,*,#4013,.T.);
#5213=ORIENTED_EDGE('',*,*,#4016,.T.);
#5214=ORIENTED_EDGE('',*,*,#3983,.T.);
#5215=ORIENTED_EDGE('',*,*,#3958,.T.);
#5216=ORIENTED_EDGE('',*,*,#3962,.T.);
#5217=ORIENTED_EDGE('',*,*,#3965,.T.);
#5218=ORIENTED_EDGE('',*,*,#3968,.T.);
#5219=ORIENTED_EDGE('',*,*,#3971,.T.);
#5220=ORIENTED_EDGE('',*,*,#3974,.T.);
#5221=ORIENTED_EDGE('',*,*,#3977,.T.);
#5222=ORIENTED_EDGE('',*,*,#3980,.T.);
#5223=ORIENTED_EDGE('',*,*,#4021,.F.);
#5224=ORIENTED_EDGE('',*,*,#4022,.T.);
#5225=ORIENTED_EDGE('',*,*,#4023,.F.);
#5226=ORIENTED_EDGE('',*,*,#4024,.F.);
#5227=ORIENTED_EDGE('',*,*,#4025,.F.);
#5228=ORIENTED_EDGE('',*,*,#4024,.T.);
#5229=ORIENTED_EDGE('',*,*,#4026,.F.);
#5230=ORIENTED_EDGE('',*,*,#4027,.F.);
#5231=ORIENTED_EDGE('',*,*,#4028,.F.);
#5232=ORIENTED_EDGE('',*,*,#4027,.T.);
#5233=ORIENTED_EDGE('',*,*,#4029,.F.);
#5234=ORIENTED_EDGE('',*,*,#4030,.F.);
#5235=ORIENTED_EDGE('',*,*,#4031,.F.);
#5236=ORIENTED_EDGE('',*,*,#4030,.T.);
#5237=ORIENTED_EDGE('',*,*,#4032,.F.);
#5238=ORIENTED_EDGE('',*,*,#4033,.F.);
#5239=ORIENTED_EDGE('',*,*,#4034,.F.);
#5240=ORIENTED_EDGE('',*,*,#4033,.T.);
#5241=ORIENTED_EDGE('',*,*,#4035,.F.);
#5242=ORIENTED_EDGE('',*,*,#4036,.F.);
#5243=ORIENTED_EDGE('',*,*,#4037,.F.);
#5244=ORIENTED_EDGE('',*,*,#4036,.T.);
#5245=ORIENTED_EDGE('',*,*,#4038,.F.);
#5246=ORIENTED_EDGE('',*,*,#4039,.F.);
#5247=ORIENTED_EDGE('',*,*,#4040,.F.);
#5248=ORIENTED_EDGE('',*,*,#4039,.T.);
#5249=ORIENTED_EDGE('',*,*,#4041,.F.);
#5250=ORIENTED_EDGE('',*,*,#4042,.F.);
#5251=ORIENTED_EDGE('',*,*,#4043,.F.);
#5252=ORIENTED_EDGE('',*,*,#4042,.T.);
#5253=ORIENTED_EDGE('',*,*,#4044,.F.);
#5254=ORIENTED_EDGE('',*,*,#4045,.F.);
#5255=ORIENTED_EDGE('',*,*,#4046,.F.);
#5256=ORIENTED_EDGE('',*,*,#4045,.T.);
#5257=ORIENTED_EDGE('',*,*,#4047,.F.);
#5258=ORIENTED_EDGE('',*,*,#4048,.F.);
#5259=ORIENTED_EDGE('',*,*,#4049,.F.);
#5260=ORIENTED_EDGE('',*,*,#4048,.T.);
#5261=ORIENTED_EDGE('',*,*,#4050,.F.);
#5262=ORIENTED_EDGE('',*,*,#4051,.F.);
#5263=ORIENTED_EDGE('',*,*,#4052,.F.);
#5264=ORIENTED_EDGE('',*,*,#4051,.T.);
#5265=ORIENTED_EDGE('',*,*,#4053,.F.);
#5266=ORIENTED_EDGE('',*,*,#4054,.F.);
#5267=ORIENTED_EDGE('',*,*,#4055,.F.);
#5268=ORIENTED_EDGE('',*,*,#4054,.T.);
#5269=ORIENTED_EDGE('',*,*,#4056,.F.);
#5270=ORIENTED_EDGE('',*,*,#4022,.F.);
#5271=ORIENTED_EDGE('',*,*,#4056,.T.);
#5272=ORIENTED_EDGE('',*,*,#4053,.T.);
#5273=ORIENTED_EDGE('',*,*,#4050,.T.);
#5274=ORIENTED_EDGE('',*,*,#4047,.T.);
#5275=ORIENTED_EDGE('',*,*,#4044,.T.);
#5276=ORIENTED_EDGE('',*,*,#4041,.T.);
#5277=ORIENTED_EDGE('',*,*,#4038,.T.);
#5278=ORIENTED_EDGE('',*,*,#4035,.T.);
#5279=ORIENTED_EDGE('',*,*,#4032,.T.);
#5280=ORIENTED_EDGE('',*,*,#4029,.T.);
#5281=ORIENTED_EDGE('',*,*,#4026,.T.);
#5282=ORIENTED_EDGE('',*,*,#4023,.T.);
#5283=ORIENTED_EDGE('',*,*,#4055,.T.);
#5284=ORIENTED_EDGE('',*,*,#4021,.T.);
#5285=ORIENTED_EDGE('',*,*,#4025,.T.);
#5286=ORIENTED_EDGE('',*,*,#4028,.T.);
#5287=ORIENTED_EDGE('',*,*,#4031,.T.);
#5288=ORIENTED_EDGE('',*,*,#4034,.T.);
#5289=ORIENTED_EDGE('',*,*,#4037,.T.);
#5290=ORIENTED_EDGE('',*,*,#4040,.T.);
#5291=ORIENTED_EDGE('',*,*,#4043,.T.);
#5292=ORIENTED_EDGE('',*,*,#4046,.T.);
#5293=ORIENTED_EDGE('',*,*,#4049,.T.);
#5294=ORIENTED_EDGE('',*,*,#4052,.T.);
#5295=ORIENTED_EDGE('',*,*,#4057,.F.);
#5296=ORIENTED_EDGE('',*,*,#4058,.T.);
#5297=ORIENTED_EDGE('',*,*,#4059,.F.);
#5298=ORIENTED_EDGE('',*,*,#4060,.F.);
#5299=ORIENTED_EDGE('',*,*,#4061,.F.);
#5300=ORIENTED_EDGE('',*,*,#4060,.T.);
#5301=ORIENTED_EDGE('',*,*,#4062,.F.);
#5302=ORIENTED_EDGE('',*,*,#4063,.F.);
#5303=ORIENTED_EDGE('',*,*,#4064,.F.);
#5304=ORIENTED_EDGE('',*,*,#4063,.T.);
#5305=ORIENTED_EDGE('',*,*,#4065,.F.);
#5306=ORIENTED_EDGE('',*,*,#4066,.F.);
#5307=ORIENTED_EDGE('',*,*,#4067,.F.);
#5308=ORIENTED_EDGE('',*,*,#4066,.T.);
#5309=ORIENTED_EDGE('',*,*,#4068,.F.);
#5310=ORIENTED_EDGE('',*,*,#4069,.F.);
#5311=ORIENTED_EDGE('',*,*,#4070,.F.);
#5312=ORIENTED_EDGE('',*,*,#4069,.T.);
#5313=ORIENTED_EDGE('',*,*,#4071,.F.);
#5314=ORIENTED_EDGE('',*,*,#4072,.F.);
#5315=ORIENTED_EDGE('',*,*,#4073,.F.);
#5316=ORIENTED_EDGE('',*,*,#4072,.T.);
#5317=ORIENTED_EDGE('',*,*,#4074,.F.);
#5318=ORIENTED_EDGE('',*,*,#4075,.F.);
#5319=ORIENTED_EDGE('',*,*,#4076,.F.);
#5320=ORIENTED_EDGE('',*,*,#4075,.T.);
#5321=ORIENTED_EDGE('',*,*,#4077,.F.);
#5322=ORIENTED_EDGE('',*,*,#4078,.F.);
#5323=ORIENTED_EDGE('',*,*,#4079,.F.);
#5324=ORIENTED_EDGE('',*,*,#4078,.T.);
#5325=ORIENTED_EDGE('',*,*,#4080,.F.);
#5326=ORIENTED_EDGE('',*,*,#4081,.F.);
#5327=ORIENTED_EDGE('',*,*,#4082,.F.);
#5328=ORIENTED_EDGE('',*,*,#4081,.T.);
#5329=ORIENTED_EDGE('',*,*,#4083,.F.);
#5330=ORIENTED_EDGE('',*,*,#4084,.F.);
#5331=ORIENTED_EDGE('',*,*,#4085,.F.);
#5332=ORIENTED_EDGE('',*,*,#4084,.T.);
#5333=ORIENTED_EDGE('',*,*,#4086,.F.);
#5334=ORIENTED_EDGE('',*,*,#4087,.F.);
#5335=ORIENTED_EDGE('',*,*,#4088,.F.);
#5336=ORIENTED_EDGE('',*,*,#4087,.T.);
#5337=ORIENTED_EDGE('',*,*,#4089,.F.);
#5338=ORIENTED_EDGE('',*,*,#4090,.F.);
#5339=ORIENTED_EDGE('',*,*,#4091,.F.);
#5340=ORIENTED_EDGE('',*,*,#4090,.T.);
#5341=ORIENTED_EDGE('',*,*,#4092,.F.);
#5342=ORIENTED_EDGE('',*,*,#4093,.F.);
#5343=ORIENTED_EDGE('',*,*,#4094,.F.);
#5344=ORIENTED_EDGE('',*,*,#4093,.T.);
#5345=ORIENTED_EDGE('',*,*,#4095,.F.);
#5346=ORIENTED_EDGE('',*,*,#4096,.F.);
#5347=ORIENTED_EDGE('',*,*,#4097,.F.);
#5348=ORIENTED_EDGE('',*,*,#4096,.T.);
#5349=ORIENTED_EDGE('',*,*,#4098,.F.);
#5350=ORIENTED_EDGE('',*,*,#4099,.F.);
#5351=ORIENTED_EDGE('',*,*,#4100,.F.);
#5352=ORIENTED_EDGE('',*,*,#4099,.T.);
#5353=ORIENTED_EDGE('',*,*,#4101,.F.);
#5354=ORIENTED_EDGE('',*,*,#4102,.F.);
#5355=ORIENTED_EDGE('',*,*,#4103,.F.);
#5356=ORIENTED_EDGE('',*,*,#4102,.T.);
#5357=ORIENTED_EDGE('',*,*,#4104,.F.);
#5358=ORIENTED_EDGE('',*,*,#4105,.F.);
#5359=ORIENTED_EDGE('',*,*,#4106,.F.);
#5360=ORIENTED_EDGE('',*,*,#4105,.T.);
#5361=ORIENTED_EDGE('',*,*,#4107,.F.);
#5362=ORIENTED_EDGE('',*,*,#4108,.F.);
#5363=ORIENTED_EDGE('',*,*,#4109,.F.);
#5364=ORIENTED_EDGE('',*,*,#4108,.T.);
#5365=ORIENTED_EDGE('',*,*,#4110,.F.);
#5366=ORIENTED_EDGE('',*,*,#4058,.F.);
#5367=ORIENTED_EDGE('',*,*,#4110,.T.);
#5368=ORIENTED_EDGE('',*,*,#4107,.T.);
#5369=ORIENTED_EDGE('',*,*,#4104,.T.);
#5370=ORIENTED_EDGE('',*,*,#4101,.T.);
#5371=ORIENTED_EDGE('',*,*,#4098,.T.);
#5372=ORIENTED_EDGE('',*,*,#4095,.T.);
#5373=ORIENTED_EDGE('',*,*,#4092,.T.);
#5374=ORIENTED_EDGE('',*,*,#4089,.T.);
#5375=ORIENTED_EDGE('',*,*,#4086,.T.);
#5376=ORIENTED_EDGE('',*,*,#4083,.T.);
#5377=ORIENTED_EDGE('',*,*,#4080,.T.);
#5378=ORIENTED_EDGE('',*,*,#4077,.T.);
#5379=ORIENTED_EDGE('',*,*,#4074,.T.);
#5380=ORIENTED_EDGE('',*,*,#4071,.T.);
#5381=ORIENTED_EDGE('',*,*,#4068,.T.);
#5382=ORIENTED_EDGE('',*,*,#4065,.T.);
#5383=ORIENTED_EDGE('',*,*,#4062,.T.);
#5384=ORIENTED_EDGE('',*,*,#4059,.T.);
#5385=ORIENTED_EDGE('',*,*,#4109,.T.);
#5386=ORIENTED_EDGE('',*,*,#4057,.T.);
#5387=ORIENTED_EDGE('',*,*,#4061,.T.);
#5388=ORIENTED_EDGE('',*,*,#4064,.T.);
#5389=ORIENTED_EDGE('',*,*,#4067,.T.);
#5390=ORIENTED_EDGE('',*,*,#4070,.T.);
#5391=ORIENTED_EDGE('',*,*,#4073,.T.);
#5392=ORIENTED_EDGE('',*,*,#4076,.T.);
#5393=ORIENTED_EDGE('',*,*,#4079,.T.);
#5394=ORIENTED_EDGE('',*,*,#4082,.T.);
#5395=ORIENTED_EDGE('',*,*,#4085,.T.);
#5396=ORIENTED_EDGE('',*,*,#4088,.T.);
#5397=ORIENTED_EDGE('',*,*,#4091,.T.);
#5398=ORIENTED_EDGE('',*,*,#4094,.T.);
#5399=ORIENTED_EDGE('',*,*,#4097,.T.);
#5400=ORIENTED_EDGE('',*,*,#4100,.T.);
#5401=ORIENTED_EDGE('',*,*,#4103,.T.);
#5402=ORIENTED_EDGE('',*,*,#4106,.T.);
#5403=ORIENTED_EDGE('',*,*,#4111,.F.);
#5404=ORIENTED_EDGE('',*,*,#4112,.T.);
#5405=ORIENTED_EDGE('',*,*,#4113,.F.);
#5406=ORIENTED_EDGE('',*,*,#4114,.F.);
#5407=ORIENTED_EDGE('',*,*,#4115,.F.);
#5408=ORIENTED_EDGE('',*,*,#4114,.T.);
#5409=ORIENTED_EDGE('',*,*,#4116,.F.);
#5410=ORIENTED_EDGE('',*,*,#4117,.F.);
#5411=ORIENTED_EDGE('',*,*,#4118,.F.);
#5412=ORIENTED_EDGE('',*,*,#4117,.T.);
#5413=ORIENTED_EDGE('',*,*,#4119,.F.);
#5414=ORIENTED_EDGE('',*,*,#4120,.F.);
#5415=ORIENTED_EDGE('',*,*,#4121,.F.);
#5416=ORIENTED_EDGE('',*,*,#4120,.T.);
#5417=ORIENTED_EDGE('',*,*,#4122,.F.);
#5418=ORIENTED_EDGE('',*,*,#4123,.F.);
#5419=ORIENTED_EDGE('',*,*,#4124,.F.);
#5420=ORIENTED_EDGE('',*,*,#4123,.T.);
#5421=ORIENTED_EDGE('',*,*,#4125,.F.);
#5422=ORIENTED_EDGE('',*,*,#4126,.F.);
#5423=ORIENTED_EDGE('',*,*,#4127,.F.);
#5424=ORIENTED_EDGE('',*,*,#4126,.T.);
#5425=ORIENTED_EDGE('',*,*,#4128,.F.);
#5426=ORIENTED_EDGE('',*,*,#4129,.F.);
#5427=ORIENTED_EDGE('',*,*,#4130,.F.);
#5428=ORIENTED_EDGE('',*,*,#4129,.T.);
#5429=ORIENTED_EDGE('',*,*,#4131,.F.);
#5430=ORIENTED_EDGE('',*,*,#4132,.F.);
#5431=ORIENTED_EDGE('',*,*,#4133,.F.);
#5432=ORIENTED_EDGE('',*,*,#4132,.T.);
#5433=ORIENTED_EDGE('',*,*,#4134,.F.);
#5434=ORIENTED_EDGE('',*,*,#4112,.F.);
#5435=ORIENTED_EDGE('',*,*,#4134,.T.);
#5436=ORIENTED_EDGE('',*,*,#4131,.T.);
#5437=ORIENTED_EDGE('',*,*,#4128,.T.);
#5438=ORIENTED_EDGE('',*,*,#4125,.T.);
#5439=ORIENTED_EDGE('',*,*,#4122,.T.);
#5440=ORIENTED_EDGE('',*,*,#4119,.T.);
#5441=ORIENTED_EDGE('',*,*,#4116,.T.);
#5442=ORIENTED_EDGE('',*,*,#4113,.T.);
#5443=ORIENTED_EDGE('',*,*,#4133,.T.);
#5444=ORIENTED_EDGE('',*,*,#4111,.T.);
#5445=ORIENTED_EDGE('',*,*,#4115,.T.);
#5446=ORIENTED_EDGE('',*,*,#4118,.T.);
#5447=ORIENTED_EDGE('',*,*,#4121,.T.);
#5448=ORIENTED_EDGE('',*,*,#4124,.T.);
#5449=ORIENTED_EDGE('',*,*,#4127,.T.);
#5450=ORIENTED_EDGE('',*,*,#4130,.T.);
#5451=ORIENTED_EDGE('',*,*,#4135,.F.);
#5452=ORIENTED_EDGE('',*,*,#4136,.T.);
#5453=ORIENTED_EDGE('',*,*,#4137,.F.);
#5454=ORIENTED_EDGE('',*,*,#4138,.F.);
#5455=ORIENTED_EDGE('',*,*,#4139,.F.);
#5456=ORIENTED_EDGE('',*,*,#4138,.T.);
#5457=ORIENTED_EDGE('',*,*,#4140,.F.);
#5458=ORIENTED_EDGE('',*,*,#4141,.F.);
#5459=ORIENTED_EDGE('',*,*,#4142,.F.);
#5460=ORIENTED_EDGE('',*,*,#4141,.T.);
#5461=ORIENTED_EDGE('',*,*,#4143,.F.);
#5462=ORIENTED_EDGE('',*,*,#4144,.F.);
#5463=ORIENTED_EDGE('',*,*,#4145,.F.);
#5464=ORIENTED_EDGE('',*,*,#4144,.T.);
#5465=ORIENTED_EDGE('',*,*,#4146,.F.);
#5466=ORIENTED_EDGE('',*,*,#4136,.F.);
#5467=ORIENTED_EDGE('',*,*,#4146,.T.);
#5468=ORIENTED_EDGE('',*,*,#4143,.T.);
#5469=ORIENTED_EDGE('',*,*,#4140,.T.);
#5470=ORIENTED_EDGE('',*,*,#4137,.T.);
#5471=ORIENTED_EDGE('',*,*,#4145,.T.);
#5472=ORIENTED_EDGE('',*,*,#4135,.T.);
#5473=ORIENTED_EDGE('',*,*,#4139,.T.);
#5474=ORIENTED_EDGE('',*,*,#4142,.T.);
#5475=ORIENTED_EDGE('',*,*,#4147,.F.);
#5476=ORIENTED_EDGE('',*,*,#4148,.T.);
#5477=ORIENTED_EDGE('',*,*,#4149,.F.);
#5478=ORIENTED_EDGE('',*,*,#4150,.F.);
#5479=ORIENTED_EDGE('',*,*,#4151,.F.);
#5480=ORIENTED_EDGE('',*,*,#4150,.T.);
#5481=ORIENTED_EDGE('',*,*,#4152,.F.);
#5482=ORIENTED_EDGE('',*,*,#4153,.F.);
#5483=ORIENTED_EDGE('',*,*,#4154,.F.);
#5484=ORIENTED_EDGE('',*,*,#4153,.T.);
#5485=ORIENTED_EDGE('',*,*,#4155,.F.);
#5486=ORIENTED_EDGE('',*,*,#4156,.F.);
#5487=ORIENTED_EDGE('',*,*,#4157,.F.);
#5488=ORIENTED_EDGE('',*,*,#4156,.T.);
#5489=ORIENTED_EDGE('',*,*,#4158,.F.);
#5490=ORIENTED_EDGE('',*,*,#4159,.F.);
#5491=ORIENTED_EDGE('',*,*,#4160,.F.);
#5492=ORIENTED_EDGE('',*,*,#4159,.T.);
#5493=ORIENTED_EDGE('',*,*,#4161,.F.);
#5494=ORIENTED_EDGE('',*,*,#4162,.F.);
#5495=ORIENTED_EDGE('',*,*,#4163,.F.);
#5496=ORIENTED_EDGE('',*,*,#4162,.T.);
#5497=ORIENTED_EDGE('',*,*,#4164,.F.);
#5498=ORIENTED_EDGE('',*,*,#4165,.F.);
#5499=ORIENTED_EDGE('',*,*,#4166,.F.);
#5500=ORIENTED_EDGE('',*,*,#4165,.T.);
#5501=ORIENTED_EDGE('',*,*,#4167,.F.);
#5502=ORIENTED_EDGE('',*,*,#4168,.F.);
#5503=ORIENTED_EDGE('',*,*,#4169,.F.);
#5504=ORIENTED_EDGE('',*,*,#4168,.T.);
#5505=ORIENTED_EDGE('',*,*,#4170,.F.);
#5506=ORIENTED_EDGE('',*,*,#4171,.F.);
#5507=ORIENTED_EDGE('',*,*,#4172,.F.);
#5508=ORIENTED_EDGE('',*,*,#4171,.T.);
#5509=ORIENTED_EDGE('',*,*,#4173,.F.);
#5510=ORIENTED_EDGE('',*,*,#4174,.F.);
#5511=ORIENTED_EDGE('',*,*,#4175,.F.);
#5512=ORIENTED_EDGE('',*,*,#4174,.T.);
#5513=ORIENTED_EDGE('',*,*,#4176,.F.);
#5514=ORIENTED_EDGE('',*,*,#4177,.F.);
#5515=ORIENTED_EDGE('',*,*,#4178,.F.);
#5516=ORIENTED_EDGE('',*,*,#4177,.T.);
#5517=ORIENTED_EDGE('',*,*,#4179,.F.);
#5518=ORIENTED_EDGE('',*,*,#4180,.F.);
#5519=ORIENTED_EDGE('',*,*,#4181,.F.);
#5520=ORIENTED_EDGE('',*,*,#4180,.T.);
#5521=ORIENTED_EDGE('',*,*,#4182,.F.);
#5522=ORIENTED_EDGE('',*,*,#4183,.F.);
#5523=ORIENTED_EDGE('',*,*,#4184,.F.);
#5524=ORIENTED_EDGE('',*,*,#4183,.T.);
#5525=ORIENTED_EDGE('',*,*,#4185,.F.);
#5526=ORIENTED_EDGE('',*,*,#4148,.F.);
#5527=ORIENTED_EDGE('',*,*,#4185,.T.);
#5528=ORIENTED_EDGE('',*,*,#4182,.T.);
#5529=ORIENTED_EDGE('',*,*,#4179,.T.);
#5530=ORIENTED_EDGE('',*,*,#4176,.T.);
#5531=ORIENTED_EDGE('',*,*,#4173,.T.);
#5532=ORIENTED_EDGE('',*,*,#4170,.T.);
#5533=ORIENTED_EDGE('',*,*,#4167,.T.);
#5534=ORIENTED_EDGE('',*,*,#4164,.T.);
#5535=ORIENTED_EDGE('',*,*,#4161,.T.);
#5536=ORIENTED_EDGE('',*,*,#4158,.T.);
#5537=ORIENTED_EDGE('',*,*,#4155,.T.);
#5538=ORIENTED_EDGE('',*,*,#4152,.T.);
#5539=ORIENTED_EDGE('',*,*,#4149,.T.);
#5540=ORIENTED_EDGE('',*,*,#4184,.T.);
#5541=ORIENTED_EDGE('',*,*,#4147,.T.);
#5542=ORIENTED_EDGE('',*,*,#4151,.T.);
#5543=ORIENTED_EDGE('',*,*,#4154,.T.);
#5544=ORIENTED_EDGE('',*,*,#4157,.T.);
#5545=ORIENTED_EDGE('',*,*,#4160,.T.);
#5546=ORIENTED_EDGE('',*,*,#4163,.T.);
#5547=ORIENTED_EDGE('',*,*,#4166,.T.);
#5548=ORIENTED_EDGE('',*,*,#4169,.T.);
#5549=ORIENTED_EDGE('',*,*,#4172,.T.);
#5550=ORIENTED_EDGE('',*,*,#4175,.T.);
#5551=ORIENTED_EDGE('',*,*,#4178,.T.);
#5552=ORIENTED_EDGE('',*,*,#4181,.T.);
#5553=ORIENTED_EDGE('',*,*,#4186,.F.);
#5554=ORIENTED_EDGE('',*,*,#4187,.T.);
#5555=ORIENTED_EDGE('',*,*,#4188,.F.);
#5556=ORIENTED_EDGE('',*,*,#4189,.F.);
#5557=ORIENTED_EDGE('',*,*,#4190,.F.);
#5558=ORIENTED_EDGE('',*,*,#4189,.T.);
#5559=ORIENTED_EDGE('',*,*,#4191,.F.);
#5560=ORIENTED_EDGE('',*,*,#4192,.F.);
#5561=ORIENTED_EDGE('',*,*,#4193,.F.);
#5562=ORIENTED_EDGE('',*,*,#4192,.T.);
#5563=ORIENTED_EDGE('',*,*,#4194,.F.);
#5564=ORIENTED_EDGE('',*,*,#4195,.F.);
#5565=ORIENTED_EDGE('',*,*,#4196,.F.);
#5566=ORIENTED_EDGE('',*,*,#4195,.T.);
#5567=ORIENTED_EDGE('',*,*,#4197,.F.);
#5568=ORIENTED_EDGE('',*,*,#4198,.F.);
#5569=ORIENTED_EDGE('',*,*,#4199,.F.);
#5570=ORIENTED_EDGE('',*,*,#4198,.T.);
#5571=ORIENTED_EDGE('',*,*,#4200,.F.);
#5572=ORIENTED_EDGE('',*,*,#4201,.F.);
#5573=ORIENTED_EDGE('',*,*,#4202,.F.);
#5574=ORIENTED_EDGE('',*,*,#4201,.T.);
#5575=ORIENTED_EDGE('',*,*,#4203,.F.);
#5576=ORIENTED_EDGE('',*,*,#4204,.F.);
#5577=ORIENTED_EDGE('',*,*,#4205,.F.);
#5578=ORIENTED_EDGE('',*,*,#4204,.T.);
#5579=ORIENTED_EDGE('',*,*,#4206,.F.);
#5580=ORIENTED_EDGE('',*,*,#4207,.F.);
#5581=ORIENTED_EDGE('',*,*,#4208,.F.);
#5582=ORIENTED_EDGE('',*,*,#4207,.T.);
#5583=ORIENTED_EDGE('',*,*,#4209,.F.);
#5584=ORIENTED_EDGE('',*,*,#4210,.F.);
#5585=ORIENTED_EDGE('',*,*,#4211,.F.);
#5586=ORIENTED_EDGE('',*,*,#4210,.T.);
#5587=ORIENTED_EDGE('',*,*,#4212,.F.);
#5588=ORIENTED_EDGE('',*,*,#4187,.F.);
#5589=ORIENTED_EDGE('',*,*,#4212,.T.);
#5590=ORIENTED_EDGE('',*,*,#4209,.T.);
#5591=ORIENTED_EDGE('',*,*,#4206,.T.);
#5592=ORIENTED_EDGE('',*,*,#4203,.T.);
#5593=ORIENTED_EDGE('',*,*,#4200,.T.);
#5594=ORIENTED_EDGE('',*,*,#4197,.T.);
#5595=ORIENTED_EDGE('',*,*,#4194,.T.);
#5596=ORIENTED_EDGE('',*,*,#4191,.T.);
#5597=ORIENTED_EDGE('',*,*,#4188,.T.);
#5598=ORIENTED_EDGE('',*,*,#4211,.T.);
#5599=ORIENTED_EDGE('',*,*,#4186,.T.);
#5600=ORIENTED_EDGE('',*,*,#4190,.T.);
#5601=ORIENTED_EDGE('',*,*,#4193,.T.);
#5602=ORIENTED_EDGE('',*,*,#4196,.T.);
#5603=ORIENTED_EDGE('',*,*,#4199,.T.);
#5604=ORIENTED_EDGE('',*,*,#4202,.T.);
#5605=ORIENTED_EDGE('',*,*,#4205,.T.);
#5606=ORIENTED_EDGE('',*,*,#4208,.T.);
#5607=ORIENTED_EDGE('',*,*,#4213,.F.);
#5608=ORIENTED_EDGE('',*,*,#4214,.T.);
#5609=ORIENTED_EDGE('',*,*,#4215,.F.);
#5610=ORIENTED_EDGE('',*,*,#4216,.F.);
#5611=ORIENTED_EDGE('',*,*,#4217,.F.);
#5612=ORIENTED_EDGE('',*,*,#4216,.T.);
#5613=ORIENTED_EDGE('',*,*,#4218,.F.);
#5614=ORIENTED_EDGE('',*,*,#4219,.F.);
#5615=ORIENTED_EDGE('',*,*,#4220,.F.);
#5616=ORIENTED_EDGE('',*,*,#4219,.T.);
#5617=ORIENTED_EDGE('',*,*,#4221,.F.);
#5618=ORIENTED_EDGE('',*,*,#4222,.F.);
#5619=ORIENTED_EDGE('',*,*,#4223,.F.);
#5620=ORIENTED_EDGE('',*,*,#4222,.T.);
#5621=ORIENTED_EDGE('',*,*,#4224,.F.);
#5622=ORIENTED_EDGE('',*,*,#4225,.F.);
#5623=ORIENTED_EDGE('',*,*,#4226,.F.);
#5624=ORIENTED_EDGE('',*,*,#4225,.T.);
#5625=ORIENTED_EDGE('',*,*,#4227,.F.);
#5626=ORIENTED_EDGE('',*,*,#4228,.F.);
#5627=ORIENTED_EDGE('',*,*,#4229,.F.);
#5628=ORIENTED_EDGE('',*,*,#4228,.T.);
#5629=ORIENTED_EDGE('',*,*,#4230,.F.);
#5630=ORIENTED_EDGE('',*,*,#4214,.F.);
#5631=ORIENTED_EDGE('',*,*,#4230,.T.);
#5632=ORIENTED_EDGE('',*,*,#4227,.T.);
#5633=ORIENTED_EDGE('',*,*,#4224,.T.);
#5634=ORIENTED_EDGE('',*,*,#4221,.T.);
#5635=ORIENTED_EDGE('',*,*,#4218,.T.);
#5636=ORIENTED_EDGE('',*,*,#4215,.T.);
#5637=ORIENTED_EDGE('',*,*,#4229,.T.);
#5638=ORIENTED_EDGE('',*,*,#4213,.T.);
#5639=ORIENTED_EDGE('',*,*,#4217,.T.);
#5640=ORIENTED_EDGE('',*,*,#4220,.T.);
#5641=ORIENTED_EDGE('',*,*,#4223,.T.);
#5642=ORIENTED_EDGE('',*,*,#4226,.T.);
#5643=ORIENTED_EDGE('',*,*,#4231,.F.);
#5644=ORIENTED_EDGE('',*,*,#4232,.T.);
#5645=ORIENTED_EDGE('',*,*,#4233,.F.);
#5646=ORIENTED_EDGE('',*,*,#4234,.F.);
#5647=ORIENTED_EDGE('',*,*,#4235,.F.);
#5648=ORIENTED_EDGE('',*,*,#4234,.T.);
#5649=ORIENTED_EDGE('',*,*,#4236,.F.);
#5650=ORIENTED_EDGE('',*,*,#4237,.F.);
#5651=ORIENTED_EDGE('',*,*,#4238,.F.);
#5652=ORIENTED_EDGE('',*,*,#4237,.T.);
#5653=ORIENTED_EDGE('',*,*,#4239,.F.);
#5654=ORIENTED_EDGE('',*,*,#4240,.F.);
#5655=ORIENTED_EDGE('',*,*,#4241,.F.);
#5656=ORIENTED_EDGE('',*,*,#4240,.T.);
#5657=ORIENTED_EDGE('',*,*,#4242,.F.);
#5658=ORIENTED_EDGE('',*,*,#4243,.F.);
#5659=ORIENTED_EDGE('',*,*,#4244,.F.);
#5660=ORIENTED_EDGE('',*,*,#4243,.T.);
#5661=ORIENTED_EDGE('',*,*,#4245,.F.);
#5662=ORIENTED_EDGE('',*,*,#4246,.F.);
#5663=ORIENTED_EDGE('',*,*,#4247,.F.);
#5664=ORIENTED_EDGE('',*,*,#4246,.T.);
#5665=ORIENTED_EDGE('',*,*,#4248,.F.);
#5666=ORIENTED_EDGE('',*,*,#4249,.F.);
#5667=ORIENTED_EDGE('',*,*,#4250,.F.);
#5668=ORIENTED_EDGE('',*,*,#4249,.T.);
#5669=ORIENTED_EDGE('',*,*,#4251,.F.);
#5670=ORIENTED_EDGE('',*,*,#4252,.F.);
#5671=ORIENTED_EDGE('',*,*,#4253,.F.);
#5672=ORIENTED_EDGE('',*,*,#4252,.T.);
#5673=ORIENTED_EDGE('',*,*,#4254,.F.);
#5674=ORIENTED_EDGE('',*,*,#4255,.F.);
#5675=ORIENTED_EDGE('',*,*,#4256,.F.);
#5676=ORIENTED_EDGE('',*,*,#4255,.T.);
#5677=ORIENTED_EDGE('',*,*,#4257,.F.);
#5678=ORIENTED_EDGE('',*,*,#4232,.F.);
#5679=ORIENTED_EDGE('',*,*,#4258,.F.);
#5680=ORIENTED_EDGE('',*,*,#4259,.T.);
#5681=ORIENTED_EDGE('',*,*,#4260,.F.);
#5682=ORIENTED_EDGE('',*,*,#4261,.F.);
#5683=ORIENTED_EDGE('',*,*,#4262,.F.);
#5684=ORIENTED_EDGE('',*,*,#4261,.T.);
#5685=ORIENTED_EDGE('',*,*,#4263,.F.);
#5686=ORIENTED_EDGE('',*,*,#4264,.F.);
#5687=ORIENTED_EDGE('',*,*,#4265,.F.);
#5688=ORIENTED_EDGE('',*,*,#4264,.T.);
#5689=ORIENTED_EDGE('',*,*,#4266,.F.);
#5690=ORIENTED_EDGE('',*,*,#4267,.F.);
#5691=ORIENTED_EDGE('',*,*,#4268,.F.);
#5692=ORIENTED_EDGE('',*,*,#4267,.T.);
#5693=ORIENTED_EDGE('',*,*,#4269,.F.);
#5694=ORIENTED_EDGE('',*,*,#4270,.F.);
#5695=ORIENTED_EDGE('',*,*,#4271,.F.);
#5696=ORIENTED_EDGE('',*,*,#4270,.T.);
#5697=ORIENTED_EDGE('',*,*,#4272,.F.);
#5698=ORIENTED_EDGE('',*,*,#4273,.F.);
#5699=ORIENTED_EDGE('',*,*,#4274,.F.);
#5700=ORIENTED_EDGE('',*,*,#4273,.T.);
#5701=ORIENTED_EDGE('',*,*,#4275,.F.);
#5702=ORIENTED_EDGE('',*,*,#4276,.F.);
#5703=ORIENTED_EDGE('',*,*,#4277,.F.);
#5704=ORIENTED_EDGE('',*,*,#4276,.T.);
#5705=ORIENTED_EDGE('',*,*,#4278,.F.);
#5706=ORIENTED_EDGE('',*,*,#4279,.F.);
#5707=ORIENTED_EDGE('',*,*,#4280,.F.);
#5708=ORIENTED_EDGE('',*,*,#4279,.T.);
#5709=ORIENTED_EDGE('',*,*,#4281,.F.);
#5710=ORIENTED_EDGE('',*,*,#4282,.F.);
#5711=ORIENTED_EDGE('',*,*,#4283,.F.);
#5712=ORIENTED_EDGE('',*,*,#4282,.T.);
#5713=ORIENTED_EDGE('',*,*,#4284,.F.);
#5714=ORIENTED_EDGE('',*,*,#4285,.F.);
#5715=ORIENTED_EDGE('',*,*,#4286,.F.);
#5716=ORIENTED_EDGE('',*,*,#4285,.T.);
#5717=ORIENTED_EDGE('',*,*,#4287,.F.);
#5718=ORIENTED_EDGE('',*,*,#4288,.F.);
#5719=ORIENTED_EDGE('',*,*,#4289,.F.);
#5720=ORIENTED_EDGE('',*,*,#4288,.T.);
#5721=ORIENTED_EDGE('',*,*,#4290,.F.);
#5722=ORIENTED_EDGE('',*,*,#4291,.F.);
#5723=ORIENTED_EDGE('',*,*,#4292,.F.);
#5724=ORIENTED_EDGE('',*,*,#4291,.T.);
#5725=ORIENTED_EDGE('',*,*,#4293,.F.);
#5726=ORIENTED_EDGE('',*,*,#4294,.F.);
#5727=ORIENTED_EDGE('',*,*,#4295,.F.);
#5728=ORIENTED_EDGE('',*,*,#4294,.T.);
#5729=ORIENTED_EDGE('',*,*,#4296,.F.);
#5730=ORIENTED_EDGE('',*,*,#4297,.F.);
#5731=ORIENTED_EDGE('',*,*,#4298,.F.);
#5732=ORIENTED_EDGE('',*,*,#4297,.T.);
#5733=ORIENTED_EDGE('',*,*,#4299,.F.);
#5734=ORIENTED_EDGE('',*,*,#4300,.F.);
#5735=ORIENTED_EDGE('',*,*,#4301,.F.);
#5736=ORIENTED_EDGE('',*,*,#4300,.T.);
#5737=ORIENTED_EDGE('',*,*,#4302,.F.);
#5738=ORIENTED_EDGE('',*,*,#4303,.F.);
#5739=ORIENTED_EDGE('',*,*,#4304,.F.);
#5740=ORIENTED_EDGE('',*,*,#4303,.T.);
#5741=ORIENTED_EDGE('',*,*,#4305,.F.);
#5742=ORIENTED_EDGE('',*,*,#4306,.F.);
#5743=ORIENTED_EDGE('',*,*,#4307,.F.);
#5744=ORIENTED_EDGE('',*,*,#4306,.T.);
#5745=ORIENTED_EDGE('',*,*,#4308,.F.);
#5746=ORIENTED_EDGE('',*,*,#4309,.F.);
#5747=ORIENTED_EDGE('',*,*,#4310,.F.);
#5748=ORIENTED_EDGE('',*,*,#4309,.T.);
#5749=ORIENTED_EDGE('',*,*,#4311,.F.);
#5750=ORIENTED_EDGE('',*,*,#4259,.F.);
#5751=ORIENTED_EDGE('',*,*,#4311,.T.);
#5752=ORIENTED_EDGE('',*,*,#4308,.T.);
#5753=ORIENTED_EDGE('',*,*,#4305,.T.);
#5754=ORIENTED_EDGE('',*,*,#4302,.T.);
#5755=ORIENTED_EDGE('',*,*,#4299,.T.);
#5756=ORIENTED_EDGE('',*,*,#4296,.T.);
#5757=ORIENTED_EDGE('',*,*,#4293,.T.);
#5758=ORIENTED_EDGE('',*,*,#4290,.T.);
#5759=ORIENTED_EDGE('',*,*,#4287,.T.);
#5760=ORIENTED_EDGE('',*,*,#4284,.T.);
#5761=ORIENTED_EDGE('',*,*,#4281,.T.);
#5762=ORIENTED_EDGE('',*,*,#4278,.T.);
#5763=ORIENTED_EDGE('',*,*,#4275,.T.);
#5764=ORIENTED_EDGE('',*,*,#4272,.T.);
#5765=ORIENTED_EDGE('',*,*,#4269,.T.);
#5766=ORIENTED_EDGE('',*,*,#4266,.T.);
#5767=ORIENTED_EDGE('',*,*,#4263,.T.);
#5768=ORIENTED_EDGE('',*,*,#4260,.T.);
#5769=ORIENTED_EDGE('',*,*,#4257,.T.);
#5770=ORIENTED_EDGE('',*,*,#4254,.T.);
#5771=ORIENTED_EDGE('',*,*,#4251,.T.);
#5772=ORIENTED_EDGE('',*,*,#4248,.T.);
#5773=ORIENTED_EDGE('',*,*,#4245,.T.);
#5774=ORIENTED_EDGE('',*,*,#4242,.T.);
#5775=ORIENTED_EDGE('',*,*,#4239,.T.);
#5776=ORIENTED_EDGE('',*,*,#4236,.T.);
#5777=ORIENTED_EDGE('',*,*,#4233,.T.);
#5778=ORIENTED_EDGE('',*,*,#4310,.T.);
#5779=ORIENTED_EDGE('',*,*,#4258,.T.);
#5780=ORIENTED_EDGE('',*,*,#4262,.T.);
#5781=ORIENTED_EDGE('',*,*,#4265,.T.);
#5782=ORIENTED_EDGE('',*,*,#4268,.T.);
#5783=ORIENTED_EDGE('',*,*,#4271,.T.);
#5784=ORIENTED_EDGE('',*,*,#4274,.T.);
#5785=ORIENTED_EDGE('',*,*,#4277,.T.);
#5786=ORIENTED_EDGE('',*,*,#4280,.T.);
#5787=ORIENTED_EDGE('',*,*,#4283,.T.);
#5788=ORIENTED_EDGE('',*,*,#4286,.T.);
#5789=ORIENTED_EDGE('',*,*,#4289,.T.);
#5790=ORIENTED_EDGE('',*,*,#4292,.T.);
#5791=ORIENTED_EDGE('',*,*,#4295,.T.);
#5792=ORIENTED_EDGE('',*,*,#4298,.T.);
#5793=ORIENTED_EDGE('',*,*,#4301,.T.);
#5794=ORIENTED_EDGE('',*,*,#4304,.T.);
#5795=ORIENTED_EDGE('',*,*,#4307,.T.);
#5796=ORIENTED_EDGE('',*,*,#4256,.T.);
#5797=ORIENTED_EDGE('',*,*,#4231,.T.);
#5798=ORIENTED_EDGE('',*,*,#4235,.T.);
#5799=ORIENTED_EDGE('',*,*,#4238,.T.);
#5800=ORIENTED_EDGE('',*,*,#4241,.T.);
#5801=ORIENTED_EDGE('',*,*,#4244,.T.);
#5802=ORIENTED_EDGE('',*,*,#4247,.T.);
#5803=ORIENTED_EDGE('',*,*,#4250,.T.);
#5804=ORIENTED_EDGE('',*,*,#4253,.T.);
#5805=ORIENTED_EDGE('',*,*,#4312,.T.);
#5806=ORIENTED_EDGE('',*,*,#4313,.T.);
#5807=ORIENTED_EDGE('',*,*,#4314,.T.);
#5808=ORIENTED_EDGE('',*,*,#4315,.T.);
#5809=ORIENTED_EDGE('',*,*,#4313,.F.);
#5810=ORIENTED_EDGE('',*,*,#4316,.F.);
#5811=ORIENTED_EDGE('',*,*,#4317,.F.);
#5812=ORIENTED_EDGE('',*,*,#4318,.F.);
#5813=ORIENTED_EDGE('',*,*,#4319,.T.);
#5814=ORIENTED_EDGE('',*,*,#4320,.T.);
#5815=ORIENTED_EDGE('',*,*,#4321,.T.);
#5816=ORIENTED_EDGE('',*,*,#4317,.T.);
#5817=ORIENTED_EDGE('',*,*,#4320,.F.);
#5818=ORIENTED_EDGE('',*,*,#4322,.F.);
#5819=ORIENTED_EDGE('',*,*,#4323,.F.);
#5820=ORIENTED_EDGE('',*,*,#4324,.F.);
#5821=ORIENTED_EDGE('',*,*,#4325,.T.);
#5822=ORIENTED_EDGE('',*,*,#4326,.T.);
#5823=ORIENTED_EDGE('',*,*,#4327,.T.);
#5824=ORIENTED_EDGE('',*,*,#4323,.T.);
#5825=ORIENTED_EDGE('',*,*,#4326,.F.);
#5826=ORIENTED_EDGE('',*,*,#4328,.F.);
#5827=ORIENTED_EDGE('',*,*,#4329,.F.);
#5828=ORIENTED_EDGE('',*,*,#4330,.F.);
#5829=ORIENTED_EDGE('',*,*,#4331,.T.);
#5830=ORIENTED_EDGE('',*,*,#4332,.T.);
#5831=ORIENTED_EDGE('',*,*,#4333,.T.);
#5832=ORIENTED_EDGE('',*,*,#4329,.T.);
#5833=ORIENTED_EDGE('',*,*,#4315,.F.);
#5834=ORIENTED_EDGE('',*,*,#4334,.F.);
#5835=ORIENTED_EDGE('',*,*,#4332,.F.);
#5836=ORIENTED_EDGE('',*,*,#4335,.F.);
#5837=ORIENTED_EDGE('',*,*,#4336,.T.);
#5838=ORIENTED_EDGE('',*,*,#4337,.T.);
#5839=ORIENTED_EDGE('',*,*,#4338,.T.);
#5840=ORIENTED_EDGE('',*,*,#4339,.T.);
#5841=ORIENTED_EDGE('',*,*,#4337,.F.);
#5842=ORIENTED_EDGE('',*,*,#4340,.F.);
#5843=ORIENTED_EDGE('',*,*,#4341,.F.);
#5844=ORIENTED_EDGE('',*,*,#4342,.F.);
#5845=ORIENTED_EDGE('',*,*,#4343,.T.);
#5846=ORIENTED_EDGE('',*,*,#4344,.T.);
#5847=ORIENTED_EDGE('',*,*,#4345,.T.);
#5848=ORIENTED_EDGE('',*,*,#4341,.T.);
#5849=ORIENTED_EDGE('',*,*,#4344,.F.);
#5850=ORIENTED_EDGE('',*,*,#4346,.F.);
#5851=ORIENTED_EDGE('',*,*,#4347,.F.);
#5852=ORIENTED_EDGE('',*,*,#4348,.F.);
#5853=ORIENTED_EDGE('',*,*,#4349,.T.);
#5854=ORIENTED_EDGE('',*,*,#4350,.T.);
#5855=ORIENTED_EDGE('',*,*,#4351,.T.);
#5856=ORIENTED_EDGE('',*,*,#4347,.T.);
#5857=ORIENTED_EDGE('',*,*,#4350,.F.);
#5858=ORIENTED_EDGE('',*,*,#4352,.F.);
#5859=ORIENTED_EDGE('',*,*,#4353,.F.);
#5860=ORIENTED_EDGE('',*,*,#4354,.F.);
#5861=ORIENTED_EDGE('',*,*,#4355,.T.);
#5862=ORIENTED_EDGE('',*,*,#4356,.T.);
#5863=ORIENTED_EDGE('',*,*,#4357,.T.);
#5864=ORIENTED_EDGE('',*,*,#4353,.T.);
#5865=ORIENTED_EDGE('',*,*,#4339,.F.);
#5866=ORIENTED_EDGE('',*,*,#4358,.F.);
#5867=ORIENTED_EDGE('',*,*,#4356,.F.);
#5868=ORIENTED_EDGE('',*,*,#4359,.F.);
#5869=ORIENTED_EDGE('',*,*,#4360,.T.);
#5870=ORIENTED_EDGE('',*,*,#4361,.T.);
#5871=ORIENTED_EDGE('',*,*,#4362,.T.);
#5872=ORIENTED_EDGE('',*,*,#4363,.T.);
#5873=ORIENTED_EDGE('',*,*,#4361,.F.);
#5874=ORIENTED_EDGE('',*,*,#4364,.F.);
#5875=ORIENTED_EDGE('',*,*,#4365,.F.);
#5876=ORIENTED_EDGE('',*,*,#4366,.F.);
#5877=ORIENTED_EDGE('',*,*,#4367,.T.);
#5878=ORIENTED_EDGE('',*,*,#4368,.T.);
#5879=ORIENTED_EDGE('',*,*,#4369,.T.);
#5880=ORIENTED_EDGE('',*,*,#4365,.T.);
#5881=ORIENTED_EDGE('',*,*,#4368,.F.);
#5882=ORIENTED_EDGE('',*,*,#4370,.F.);
#5883=ORIENTED_EDGE('',*,*,#4371,.F.);
#5884=ORIENTED_EDGE('',*,*,#4372,.F.);
#5885=ORIENTED_EDGE('',*,*,#4373,.T.);
#5886=ORIENTED_EDGE('',*,*,#4374,.T.);
#5887=ORIENTED_EDGE('',*,*,#4375,.T.);
#5888=ORIENTED_EDGE('',*,*,#4371,.T.);
#5889=ORIENTED_EDGE('',*,*,#4374,.F.);
#5890=ORIENTED_EDGE('',*,*,#4376,.F.);
#5891=ORIENTED_EDGE('',*,*,#4377,.F.);
#5892=ORIENTED_EDGE('',*,*,#4378,.F.);
#5893=ORIENTED_EDGE('',*,*,#4379,.T.);
#5894=ORIENTED_EDGE('',*,*,#4380,.T.);
#5895=ORIENTED_EDGE('',*,*,#4381,.T.);
#5896=ORIENTED_EDGE('',*,*,#4377,.T.);
#5897=ORIENTED_EDGE('',*,*,#4363,.F.);
#5898=ORIENTED_EDGE('',*,*,#4382,.F.);
#5899=ORIENTED_EDGE('',*,*,#4380,.F.);
#5900=ORIENTED_EDGE('',*,*,#4383,.F.);
#5901=ORIENTED_EDGE('',*,*,#4384,.T.);
#5902=ORIENTED_EDGE('',*,*,#4385,.T.);
#5903=ORIENTED_EDGE('',*,*,#4386,.T.);
#5904=ORIENTED_EDGE('',*,*,#4387,.T.);
#5905=ORIENTED_EDGE('',*,*,#4385,.F.);
#5906=ORIENTED_EDGE('',*,*,#4388,.F.);
#5907=ORIENTED_EDGE('',*,*,#4389,.F.);
#5908=ORIENTED_EDGE('',*,*,#4390,.F.);
#5909=ORIENTED_EDGE('',*,*,#4391,.T.);
#5910=ORIENTED_EDGE('',*,*,#4392,.T.);
#5911=ORIENTED_EDGE('',*,*,#4393,.T.);
#5912=ORIENTED_EDGE('',*,*,#4389,.T.);
#5913=ORIENTED_EDGE('',*,*,#4392,.F.);
#5914=ORIENTED_EDGE('',*,*,#4394,.F.);
#5915=ORIENTED_EDGE('',*,*,#4395,.F.);
#5916=ORIENTED_EDGE('',*,*,#4396,.F.);
#5917=ORIENTED_EDGE('',*,*,#4397,.T.);
#5918=ORIENTED_EDGE('',*,*,#4398,.T.);
#5919=ORIENTED_EDGE('',*,*,#4399,.T.);
#5920=ORIENTED_EDGE('',*,*,#4400,.T.);
#5921=ORIENTED_EDGE('',*,*,#4398,.F.);
#5922=ORIENTED_EDGE('',*,*,#4401,.F.);
#5923=ORIENTED_EDGE('',*,*,#4402,.F.);
#5924=ORIENTED_EDGE('',*,*,#4403,.F.);
#5925=ORIENTED_EDGE('',*,*,#4404,.T.);
#5926=ORIENTED_EDGE('',*,*,#4405,.T.);
#5927=ORIENTED_EDGE('',*,*,#4406,.T.);
#5928=ORIENTED_EDGE('',*,*,#4407,.T.);
#5929=ORIENTED_EDGE('',*,*,#4387,.F.);
#5930=ORIENTED_EDGE('',*,*,#4408,.F.);
#5931=ORIENTED_EDGE('',*,*,#4405,.F.);
#5932=ORIENTED_EDGE('',*,*,#4409,.F.);
#5933=ORIENTED_EDGE('',*,*,#4410,.T.);
#5934=ORIENTED_EDGE('',*,*,#4411,.T.);
#5935=ORIENTED_EDGE('',*,*,#4412,.T.);
#5936=ORIENTED_EDGE('',*,*,#4402,.T.);
#5937=ORIENTED_EDGE('',*,*,#4411,.F.);
#5938=ORIENTED_EDGE('',*,*,#4413,.F.);
#5939=ORIENTED_EDGE('',*,*,#4414,.F.);
#5940=ORIENTED_EDGE('',*,*,#4415,.F.);
#5941=ORIENTED_EDGE('',*,*,#4416,.T.);
#5942=ORIENTED_EDGE('',*,*,#4417,.T.);
#5943=ORIENTED_EDGE('',*,*,#4418,.T.);
#5944=ORIENTED_EDGE('',*,*,#4395,.T.);
#5945=ORIENTED_EDGE('',*,*,#4407,.F.);
#5946=ORIENTED_EDGE('',*,*,#4419,.F.);
#5947=ORIENTED_EDGE('',*,*,#4417,.F.);
#5948=ORIENTED_EDGE('',*,*,#4420,.F.);
#5949=ORIENTED_EDGE('',*,*,#4421,.T.);
#5950=ORIENTED_EDGE('',*,*,#4422,.T.);
#5951=ORIENTED_EDGE('',*,*,#4423,.T.);
#5952=ORIENTED_EDGE('',*,*,#4424,.T.);
#5953=ORIENTED_EDGE('',*,*,#4422,.F.);
#5954=ORIENTED_EDGE('',*,*,#4425,.F.);
#5955=ORIENTED_EDGE('',*,*,#4426,.F.);
#5956=ORIENTED_EDGE('',*,*,#4427,.F.);
#5957=ORIENTED_EDGE('',*,*,#4428,.T.);
#5958=ORIENTED_EDGE('',*,*,#4429,.T.);
#5959=ORIENTED_EDGE('',*,*,#4430,.T.);
#5960=ORIENTED_EDGE('',*,*,#4431,.T.);
#5961=ORIENTED_EDGE('',*,*,#4400,.F.);
#5962=ORIENTED_EDGE('',*,*,#4432,.F.);
#5963=ORIENTED_EDGE('',*,*,#4429,.F.);
#5964=ORIENTED_EDGE('',*,*,#4433,.F.);
#5965=ORIENTED_EDGE('',*,*,#4434,.T.);
#5966=ORIENTED_EDGE('',*,*,#4435,.T.);
#5967=ORIENTED_EDGE('',*,*,#4436,.T.);
#5968=ORIENTED_EDGE('',*,*,#4426,.T.);
#5969=ORIENTED_EDGE('',*,*,#4435,.F.);
#5970=ORIENTED_EDGE('',*,*,#4437,.F.);
#5971=ORIENTED_EDGE('',*,*,#4438,.F.);
#5972=ORIENTED_EDGE('',*,*,#4439,.F.);
#5973=ORIENTED_EDGE('',*,*,#4440,.T.);
#5974=ORIENTED_EDGE('',*,*,#4441,.T.);
#5975=ORIENTED_EDGE('',*,*,#4442,.T.);
#5976=ORIENTED_EDGE('',*,*,#4414,.T.);
#5977=ORIENTED_EDGE('',*,*,#4431,.F.);
#5978=ORIENTED_EDGE('',*,*,#4443,.F.);
#5979=ORIENTED_EDGE('',*,*,#4441,.F.);
#5980=ORIENTED_EDGE('',*,*,#4444,.F.);
#5981=ORIENTED_EDGE('',*,*,#4445,.T.);
#5982=ORIENTED_EDGE('',*,*,#4446,.T.);
#5983=ORIENTED_EDGE('',*,*,#4447,.T.);
#5984=ORIENTED_EDGE('',*,*,#4448,.T.);
#5985=ORIENTED_EDGE('',*,*,#4424,.F.);
#5986=ORIENTED_EDGE('',*,*,#4449,.F.);
#5987=ORIENTED_EDGE('',*,*,#4446,.F.);
#5988=ORIENTED_EDGE('',*,*,#4450,.F.);
#5989=ORIENTED_EDGE('',*,*,#4451,.T.);
#5990=ORIENTED_EDGE('',*,*,#4452,.T.);
#5991=ORIENTED_EDGE('',*,*,#4453,.T.);
#5992=ORIENTED_EDGE('',*,*,#4438,.T.);
#5993=ORIENTED_EDGE('',*,*,#4448,.F.);
#5994=ORIENTED_EDGE('',*,*,#4454,.F.);
#5995=ORIENTED_EDGE('',*,*,#4452,.F.);
#5996=ORIENTED_EDGE('',*,*,#4455,.F.);
#5997=ORIENTED_EDGE('',*,*,#4456,.T.);
#5998=ORIENTED_EDGE('',*,*,#4457,.T.);
#5999=ORIENTED_EDGE('',*,*,#4458,.T.);
#6000=ORIENTED_EDGE('',*,*,#4459,.T.);
#6001=ORIENTED_EDGE('',*,*,#4457,.F.);
#6002=ORIENTED_EDGE('',*,*,#4460,.F.);
#6003=ORIENTED_EDGE('',*,*,#4461,.F.);
#6004=ORIENTED_EDGE('',*,*,#4462,.F.);
#6005=ORIENTED_EDGE('',*,*,#4463,.T.);
#6006=ORIENTED_EDGE('',*,*,#4464,.T.);
#6007=ORIENTED_EDGE('',*,*,#4465,.T.);
#6008=ORIENTED_EDGE('',*,*,#4461,.T.);
#6009=ORIENTED_EDGE('',*,*,#4464,.F.);
#6010=ORIENTED_EDGE('',*,*,#4466,.F.);
#6011=ORIENTED_EDGE('',*,*,#4467,.F.);
#6012=ORIENTED_EDGE('',*,*,#4468,.F.);
#6013=ORIENTED_EDGE('',*,*,#4469,.T.);
#6014=ORIENTED_EDGE('',*,*,#4470,.T.);
#6015=ORIENTED_EDGE('',*,*,#4471,.T.);
#6016=ORIENTED_EDGE('',*,*,#4467,.T.);
#6017=ORIENTED_EDGE('',*,*,#4470,.F.);
#6018=ORIENTED_EDGE('',*,*,#4472,.F.);
#6019=ORIENTED_EDGE('',*,*,#4473,.F.);
#6020=ORIENTED_EDGE('',*,*,#4474,.F.);
#6021=ORIENTED_EDGE('',*,*,#4475,.T.);
#6022=ORIENTED_EDGE('',*,*,#4476,.T.);
#6023=ORIENTED_EDGE('',*,*,#4477,.T.);
#6024=ORIENTED_EDGE('',*,*,#4478,.T.);
#6025=ORIENTED_EDGE('',*,*,#4476,.F.);
#6026=ORIENTED_EDGE('',*,*,#4479,.F.);
#6027=ORIENTED_EDGE('',*,*,#4480,.F.);
#6028=ORIENTED_EDGE('',*,*,#4481,.F.);
#6029=ORIENTED_EDGE('',*,*,#4482,.T.);
#6030=ORIENTED_EDGE('',*,*,#4483,.T.);
#6031=ORIENTED_EDGE('',*,*,#4484,.T.);
#6032=ORIENTED_EDGE('',*,*,#4485,.T.);
#6033=ORIENTED_EDGE('',*,*,#4478,.F.);
#6034=ORIENTED_EDGE('',*,*,#4486,.F.);
#6035=ORIENTED_EDGE('',*,*,#4483,.F.);
#6036=ORIENTED_EDGE('',*,*,#4487,.F.);
#6037=ORIENTED_EDGE('',*,*,#4488,.T.);
#6038=ORIENTED_EDGE('',*,*,#4489,.T.);
#6039=ORIENTED_EDGE('',*,*,#4490,.T.);
#6040=ORIENTED_EDGE('',*,*,#4473,.T.);
#6041=ORIENTED_EDGE('',*,*,#4459,.F.);
#6042=ORIENTED_EDGE('',*,*,#4491,.F.);
#6043=ORIENTED_EDGE('',*,*,#4489,.F.);
#6044=ORIENTED_EDGE('',*,*,#4492,.F.);
#6045=ORIENTED_EDGE('',*,*,#4493,.T.);
#6046=ORIENTED_EDGE('',*,*,#4494,.T.);
#6047=ORIENTED_EDGE('',*,*,#4495,.T.);
#6048=ORIENTED_EDGE('',*,*,#4480,.T.);
#6049=ORIENTED_EDGE('',*,*,#4494,.F.);
#6050=ORIENTED_EDGE('',*,*,#4496,.F.);
#6051=ORIENTED_EDGE('',*,*,#4497,.F.);
#6052=ORIENTED_EDGE('',*,*,#4498,.F.);
#6053=ORIENTED_EDGE('',*,*,#4499,.T.);
#6054=ORIENTED_EDGE('',*,*,#4500,.T.);
#6055=ORIENTED_EDGE('',*,*,#4501,.T.);
#6056=ORIENTED_EDGE('',*,*,#4502,.T.);
#6057=ORIENTED_EDGE('',*,*,#4500,.F.);
#6058=ORIENTED_EDGE('',*,*,#4503,.F.);
#6059=ORIENTED_EDGE('',*,*,#4504,.F.);
#6060=ORIENTED_EDGE('',*,*,#4505,.F.);
#6061=ORIENTED_EDGE('',*,*,#4506,.T.);
#6062=ORIENTED_EDGE('',*,*,#4507,.T.);
#6063=ORIENTED_EDGE('',*,*,#4508,.T.);
#6064=ORIENTED_EDGE('',*,*,#4497,.T.);
#6065=ORIENTED_EDGE('',*,*,#4485,.F.);
#6066=ORIENTED_EDGE('',*,*,#4509,.F.);
#6067=ORIENTED_EDGE('',*,*,#4507,.F.);
#6068=ORIENTED_EDGE('',*,*,#4510,.F.);
#6069=ORIENTED_EDGE('',*,*,#4511,.T.);
#6070=ORIENTED_EDGE('',*,*,#4512,.T.);
#6071=ORIENTED_EDGE('',*,*,#4513,.T.);
#6072=ORIENTED_EDGE('',*,*,#4514,.T.);
#6073=ORIENTED_EDGE('',*,*,#4502,.F.);
#6074=ORIENTED_EDGE('',*,*,#4515,.F.);
#6075=ORIENTED_EDGE('',*,*,#4512,.F.);
#6076=ORIENTED_EDGE('',*,*,#4516,.F.);
#6077=ORIENTED_EDGE('',*,*,#4517,.T.);
#6078=ORIENTED_EDGE('',*,*,#4518,.T.);
#6079=ORIENTED_EDGE('',*,*,#4519,.T.);
#6080=ORIENTED_EDGE('',*,*,#4520,.T.);
#6081=ORIENTED_EDGE('',*,*,#4518,.F.);
#6082=ORIENTED_EDGE('',*,*,#4521,.F.);
#6083=ORIENTED_EDGE('',*,*,#4522,.F.);
#6084=ORIENTED_EDGE('',*,*,#4523,.F.);
#6085=ORIENTED_EDGE('',*,*,#4524,.T.);
#6086=ORIENTED_EDGE('',*,*,#4525,.T.);
#6087=ORIENTED_EDGE('',*,*,#4526,.T.);
#6088=ORIENTED_EDGE('',*,*,#4522,.T.);
#6089=ORIENTED_EDGE('',*,*,#4525,.F.);
#6090=ORIENTED_EDGE('',*,*,#4527,.F.);
#6091=ORIENTED_EDGE('',*,*,#4528,.F.);
#6092=ORIENTED_EDGE('',*,*,#4529,.F.);
#6093=ORIENTED_EDGE('',*,*,#4530,.T.);
#6094=ORIENTED_EDGE('',*,*,#4531,.T.);
#6095=ORIENTED_EDGE('',*,*,#4532,.T.);
#6096=ORIENTED_EDGE('',*,*,#4528,.T.);
#6097=ORIENTED_EDGE('',*,*,#4531,.F.);
#6098=ORIENTED_EDGE('',*,*,#4533,.F.);
#6099=ORIENTED_EDGE('',*,*,#4534,.F.);
#6100=ORIENTED_EDGE('',*,*,#4535,.F.);
#6101=ORIENTED_EDGE('',*,*,#4536,.T.);
#6102=ORIENTED_EDGE('',*,*,#4537,.T.);
#6103=ORIENTED_EDGE('',*,*,#4538,.T.);
#6104=ORIENTED_EDGE('',*,*,#4539,.T.);
#6105=ORIENTED_EDGE('',*,*,#4514,.F.);
#6106=ORIENTED_EDGE('',*,*,#4540,.F.);
#6107=ORIENTED_EDGE('',*,*,#4537,.F.);
#6108=ORIENTED_EDGE('',*,*,#4541,.F.);
#6109=ORIENTED_EDGE('',*,*,#4542,.T.);
#6110=ORIENTED_EDGE('',*,*,#4543,.T.);
#6111=ORIENTED_EDGE('',*,*,#4544,.T.);
#6112=ORIENTED_EDGE('',*,*,#4504,.T.);
#6113=ORIENTED_EDGE('',*,*,#4539,.F.);
#6114=ORIENTED_EDGE('',*,*,#4545,.F.);
#6115=ORIENTED_EDGE('',*,*,#4543,.F.);
#6116=ORIENTED_EDGE('',*,*,#4546,.F.);
#6117=ORIENTED_EDGE('',*,*,#4547,.T.);
#6118=ORIENTED_EDGE('',*,*,#4548,.T.);
#6119=ORIENTED_EDGE('',*,*,#4549,.T.);
#6120=ORIENTED_EDGE('',*,*,#4534,.T.);
#6121=ORIENTED_EDGE('',*,*,#4520,.F.);
#6122=ORIENTED_EDGE('',*,*,#4550,.F.);
#6123=ORIENTED_EDGE('',*,*,#4548,.F.);
#6124=ORIENTED_EDGE('',*,*,#4551,.F.);
#6125=ORIENTED_EDGE('',*,*,#4552,.F.);
#6126=ORIENTED_EDGE('',*,*,#4553,.T.);
#6127=ORIENTED_EDGE('',*,*,#4554,.T.);
#6128=ORIENTED_EDGE('',*,*,#4553,.F.);
#6129=ORIENTED_EDGE('',*,*,#4554,.F.);
#6130=ORIENTED_EDGE('',*,*,#4555,.T.);
#6131=ORIENTED_EDGE('',*,*,#4556,.F.);
#6132=ORIENTED_EDGE('',*,*,#4555,.F.);
#6133=ORIENTED_EDGE('',*,*,#4557,.F.);
#6134=ORIENTED_EDGE('',*,*,#4558,.T.);
#6135=ORIENTED_EDGE('',*,*,#4559,.T.);
#6136=ORIENTED_EDGE('',*,*,#4558,.F.);
#6137=ORIENTED_EDGE('',*,*,#4559,.F.);
#6138=ORIENTED_EDGE('',*,*,#4560,.T.);
#6139=ORIENTED_EDGE('',*,*,#4561,.F.);
#6140=ORIENTED_EDGE('',*,*,#4560,.F.);
#6141=ORIENTED_EDGE('',*,*,#4562,.F.);
#6142=ORIENTED_EDGE('',*,*,#4563,.T.);
#6143=ORIENTED_EDGE('',*,*,#4564,.T.);
#6144=ORIENTED_EDGE('',*,*,#4563,.F.);
#6145=ORIENTED_EDGE('',*,*,#4564,.F.);
#6146=ORIENTED_EDGE('',*,*,#4565,.T.);
#6147=ORIENTED_EDGE('',*,*,#4566,.F.);
#6148=ORIENTED_EDGE('',*,*,#4565,.F.);
#6149=ORIENTED_EDGE('',*,*,#4567,.F.);
#6150=ORIENTED_EDGE('',*,*,#4568,.T.);
#6151=ORIENTED_EDGE('',*,*,#4569,.T.);
#6152=ORIENTED_EDGE('',*,*,#4568,.F.);
#6153=ORIENTED_EDGE('',*,*,#4569,.F.);
#6154=ORIENTED_EDGE('',*,*,#4570,.T.);
#6155=ORIENTED_EDGE('',*,*,#4571,.F.);
#6156=ORIENTED_EDGE('',*,*,#4570,.F.);
#6157=ORIENTED_EDGE('',*,*,#4572,.F.);
#6158=ORIENTED_EDGE('',*,*,#4573,.T.);
#6159=ORIENTED_EDGE('',*,*,#4574,.T.);
#6160=ORIENTED_EDGE('',*,*,#4573,.F.);
#6161=ORIENTED_EDGE('',*,*,#4574,.F.);
#6162=ORIENTED_EDGE('',*,*,#4575,.T.);
#6163=ORIENTED_EDGE('',*,*,#4576,.F.);
#6164=ORIENTED_EDGE('',*,*,#4575,.F.);
#6165=ORIENTED_EDGE('',*,*,#4577,.F.);
#6166=ORIENTED_EDGE('',*,*,#4578,.T.);
#6167=ORIENTED_EDGE('',*,*,#4579,.T.);
#6168=ORIENTED_EDGE('',*,*,#4578,.F.);
#6169=ORIENTED_EDGE('',*,*,#4579,.F.);
#6170=ORIENTED_EDGE('',*,*,#4580,.T.);
#6171=ORIENTED_EDGE('',*,*,#4581,.F.);
#6172=ORIENTED_EDGE('',*,*,#4580,.F.);
#6173=ORIENTED_EDGE('',*,*,#4582,.F.);
#6174=ORIENTED_EDGE('',*,*,#4583,.T.);
#6175=ORIENTED_EDGE('',*,*,#4584,.T.);
#6176=ORIENTED_EDGE('',*,*,#4583,.F.);
#6177=ORIENTED_EDGE('',*,*,#4584,.F.);
#6178=ORIENTED_EDGE('',*,*,#4585,.T.);
#6179=ORIENTED_EDGE('',*,*,#4586,.F.);
#6180=ORIENTED_EDGE('',*,*,#4585,.F.);
#6181=ORIENTED_EDGE('',*,*,#4587,.F.);
#6182=ORIENTED_EDGE('',*,*,#4588,.T.);
#6183=ORIENTED_EDGE('',*,*,#4589,.T.);
#6184=ORIENTED_EDGE('',*,*,#4588,.F.);
#6185=ORIENTED_EDGE('',*,*,#4589,.F.);
#6186=ORIENTED_EDGE('',*,*,#4590,.T.);
#6187=ORIENTED_EDGE('',*,*,#4591,.F.);
#6188=ORIENTED_EDGE('',*,*,#4590,.F.);
#6189=ORIENTED_EDGE('',*,*,#4592,.F.);
#6190=ORIENTED_EDGE('',*,*,#4593,.T.);
#6191=ORIENTED_EDGE('',*,*,#4594,.T.);
#6192=ORIENTED_EDGE('',*,*,#4593,.F.);
#6193=ORIENTED_EDGE('',*,*,#4594,.F.);
#6194=ORIENTED_EDGE('',*,*,#4595,.T.);
#6195=ORIENTED_EDGE('',*,*,#4596,.F.);
#6196=ORIENTED_EDGE('',*,*,#4595,.F.);
#6197=ORIENTED_EDGE('',*,*,#4597,.F.);
#6198=ORIENTED_EDGE('',*,*,#4598,.T.);
#6199=ORIENTED_EDGE('',*,*,#4599,.T.);
#6200=ORIENTED_EDGE('',*,*,#4598,.F.);
#6201=ORIENTED_EDGE('',*,*,#4599,.F.);
#6202=ORIENTED_EDGE('',*,*,#4600,.T.);
#6203=ORIENTED_EDGE('',*,*,#4601,.F.);
#6204=ORIENTED_EDGE('',*,*,#4600,.F.);
#6205=ORIENTED_EDGE('',*,*,#4602,.T.);
#6206=ORIENTED_EDGE('',*,*,#4603,.T.);
#6207=ORIENTED_EDGE('',*,*,#4604,.T.);
#6208=ORIENTED_EDGE('',*,*,#4605,.T.);
#6209=ORIENTED_EDGE('',*,*,#4603,.F.);
#6210=ORIENTED_EDGE('',*,*,#4606,.F.);
#6211=ORIENTED_EDGE('',*,*,#4607,.F.);
#6212=ORIENTED_EDGE('',*,*,#4608,.F.);
#6213=ORIENTED_EDGE('',*,*,#4609,.T.);
#6214=ORIENTED_EDGE('',*,*,#4610,.T.);
#6215=ORIENTED_EDGE('',*,*,#4611,.T.);
#6216=ORIENTED_EDGE('',*,*,#4612,.T.);
#6217=ORIENTED_EDGE('',*,*,#4605,.F.);
#6218=ORIENTED_EDGE('',*,*,#4613,.F.);
#6219=ORIENTED_EDGE('',*,*,#4610,.F.);
#6220=ORIENTED_EDGE('',*,*,#4614,.F.);
#6221=ORIENTED_EDGE('',*,*,#4615,.T.);
#6222=ORIENTED_EDGE('',*,*,#4616,.T.);
#6223=ORIENTED_EDGE('',*,*,#4617,.T.);
#6224=ORIENTED_EDGE('',*,*,#4618,.T.);
#6225=ORIENTED_EDGE('',*,*,#4612,.F.);
#6226=ORIENTED_EDGE('',*,*,#4619,.F.);
#6227=ORIENTED_EDGE('',*,*,#4616,.F.);
#6228=ORIENTED_EDGE('',*,*,#4620,.F.);
#6229=ORIENTED_EDGE('',*,*,#4621,.T.);
#6230=ORIENTED_EDGE('',*,*,#4622,.T.);
#6231=ORIENTED_EDGE('',*,*,#4623,.T.);
#6232=ORIENTED_EDGE('',*,*,#4607,.T.);
#6233=ORIENTED_EDGE('',*,*,#4618,.F.);
#6234=ORIENTED_EDGE('',*,*,#4624,.F.);
#6235=ORIENTED_EDGE('',*,*,#4622,.F.);
#6236=ORIENTED_EDGE('',*,*,#4625,.F.);
#6237=ORIENTED_EDGE('',*,*,#4626,.T.);
#6238=ORIENTED_EDGE('',*,*,#4627,.T.);
#6239=ORIENTED_EDGE('',*,*,#4628,.T.);
#6240=ORIENTED_EDGE('',*,*,#4629,.T.);
#6241=ORIENTED_EDGE('',*,*,#4627,.F.);
#6242=ORIENTED_EDGE('',*,*,#4630,.F.);
#6243=ORIENTED_EDGE('',*,*,#4631,.F.);
#6244=ORIENTED_EDGE('',*,*,#4632,.F.);
#6245=ORIENTED_EDGE('',*,*,#4633,.T.);
#6246=ORIENTED_EDGE('',*,*,#4634,.T.);
#6247=ORIENTED_EDGE('',*,*,#4635,.T.);
#6248=ORIENTED_EDGE('',*,*,#4631,.T.);
#6249=ORIENTED_EDGE('',*,*,#4634,.F.);
#6250=ORIENTED_EDGE('',*,*,#4636,.F.);
#6251=ORIENTED_EDGE('',*,*,#4637,.F.);
#6252=ORIENTED_EDGE('',*,*,#4638,.F.);
#6253=ORIENTED_EDGE('',*,*,#4639,.T.);
#6254=ORIENTED_EDGE('',*,*,#4640,.T.);
#6255=ORIENTED_EDGE('',*,*,#4641,.T.);
#6256=ORIENTED_EDGE('',*,*,#4637,.T.);
#6257=ORIENTED_EDGE('',*,*,#4640,.F.);
#6258=ORIENTED_EDGE('',*,*,#4642,.F.);
#6259=ORIENTED_EDGE('',*,*,#4643,.F.);
#6260=ORIENTED_EDGE('',*,*,#4644,.F.);
#6261=ORIENTED_EDGE('',*,*,#4645,.T.);
#6262=ORIENTED_EDGE('',*,*,#4646,.T.);
#6263=ORIENTED_EDGE('',*,*,#4647,.T.);
#6264=ORIENTED_EDGE('',*,*,#4643,.T.);
#6265=ORIENTED_EDGE('',*,*,#4629,.F.);
#6266=ORIENTED_EDGE('',*,*,#4648,.F.);
#6267=ORIENTED_EDGE('',*,*,#4646,.F.);
#6268=ORIENTED_EDGE('',*,*,#4649,.F.);
#6269=ORIENTED_EDGE('',*,*,#4650,.F.);
#6270=ORIENTED_EDGE('',*,*,#4651,.T.);
#6271=ORIENTED_EDGE('',*,*,#4652,.F.);
#6272=ORIENTED_EDGE('',*,*,#4651,.F.);
#6273=ORIENTED_EDGE('',*,*,#4653,.F.);
#6274=ORIENTED_EDGE('',*,*,#4654,.T.);
#6275=ORIENTED_EDGE('',*,*,#4655,.F.);
#6276=ORIENTED_EDGE('',*,*,#4654,.F.);
#6277=ORIENTED_EDGE('',*,*,#4656,.F.);
#6278=ORIENTED_EDGE('',*,*,#4657,.T.);
#6279=ORIENTED_EDGE('',*,*,#4658,.F.);
#6280=ORIENTED_EDGE('',*,*,#4657,.F.);
#6281=ORIENTED_EDGE('',*,*,#4659,.F.);
#6282=ORIENTED_EDGE('',*,*,#4660,.T.);
#6283=ORIENTED_EDGE('',*,*,#4661,.F.);
#6284=ORIENTED_EDGE('',*,*,#4660,.F.);
#6285=ORIENTED_EDGE('',*,*,#4662,.F.);
#6286=ORIENTED_EDGE('',*,*,#4663,.F.);
#6287=ORIENTED_EDGE('',*,*,#4664,.F.);
#6288=ORIENTED_EDGE('',*,*,#4665,.T.);
#6289=ORIENTED_EDGE('',*,*,#4666,.F.);
#6290=ORIENTED_EDGE('',*,*,#4665,.F.);
#6291=ORIENTED_EDGE('',*,*,#4667,.F.);
#6292=ORIENTED_EDGE('',*,*,#4668,.T.);
#6293=ORIENTED_EDGE('',*,*,#4669,.F.);
#6294=ORIENTED_EDGE('',*,*,#4668,.F.);
#6295=ORIENTED_EDGE('',*,*,#4670,.F.);
#6296=ORIENTED_EDGE('',*,*,#4671,.T.);
#6297=ORIENTED_EDGE('',*,*,#4672,.F.);
#6298=ORIENTED_EDGE('',*,*,#4671,.F.);
#6299=ORIENTED_EDGE('',*,*,#4673,.F.);
#6300=ORIENTED_EDGE('',*,*,#4674,.T.);
#6301=ORIENTED_EDGE('',*,*,#4675,.F.);
#6302=ORIENTED_EDGE('',*,*,#4674,.F.);
#6303=ORIENTED_EDGE('',*,*,#4676,.F.);
#6304=ORIENTED_EDGE('',*,*,#4677,.T.);
#6305=ORIENTED_EDGE('',*,*,#4678,.F.);
#6306=ORIENTED_EDGE('',*,*,#4677,.F.);
#6307=ORIENTED_EDGE('',*,*,#4679,.F.);
#6308=ORIENTED_EDGE('',*,*,#4680,.T.);
#6309=ORIENTED_EDGE('',*,*,#4681,.F.);
#6310=ORIENTED_EDGE('',*,*,#4680,.F.);
#6311=ORIENTED_EDGE('',*,*,#4682,.F.);
#6312=ORIENTED_EDGE('',*,*,#4683,.T.);
#6313=ORIENTED_EDGE('',*,*,#4684,.F.);
#6314=ORIENTED_EDGE('',*,*,#4683,.F.);
#6315=ORIENTED_EDGE('',*,*,#4685,.F.);
#6316=ORIENTED_EDGE('',*,*,#4663,.T.);
#6317=ORIENTED_EDGE('',*,*,#4686,.F.);
#6318=ORIENTED_EDGE('',*,*,#4687,.T.);
#6319=ORIENTED_EDGE('',*,*,#4688,.F.);
#6320=ORIENTED_EDGE('',*,*,#4687,.F.);
#6321=ORIENTED_EDGE('',*,*,#4689,.F.);
#6322=ORIENTED_EDGE('',*,*,#4690,.T.);
#6323=ORIENTED_EDGE('',*,*,#4691,.F.);
#6324=ORIENTED_EDGE('',*,*,#4690,.F.);
#6325=ORIENTED_EDGE('',*,*,#4692,.F.);
#6326=ORIENTED_EDGE('',*,*,#4693,.T.);
#6327=ORIENTED_EDGE('',*,*,#4694,.F.);
#6328=ORIENTED_EDGE('',*,*,#4693,.F.);
#6329=ORIENTED_EDGE('',*,*,#4695,.F.);
#6330=ORIENTED_EDGE('',*,*,#4696,.T.);
#6331=ORIENTED_EDGE('',*,*,#4697,.F.);
#6332=ORIENTED_EDGE('',*,*,#4696,.F.);
#6333=ORIENTED_EDGE('',*,*,#4698,.F.);
#6334=ORIENTED_EDGE('',*,*,#4699,.T.);
#6335=ORIENTED_EDGE('',*,*,#4700,.F.);
#6336=ORIENTED_EDGE('',*,*,#4699,.F.);
#6337=ORIENTED_EDGE('',*,*,#4701,.F.);
#6338=ORIENTED_EDGE('',*,*,#4702,.T.);
#6339=ORIENTED_EDGE('',*,*,#4703,.F.);
#6340=ORIENTED_EDGE('',*,*,#4702,.F.);
#6341=ORIENTED_EDGE('',*,*,#4704,.F.);
#6342=ORIENTED_EDGE('',*,*,#4705,.T.);
#6343=ORIENTED_EDGE('',*,*,#4706,.F.);
#6344=ORIENTED_EDGE('',*,*,#4705,.F.);
#6345=ORIENTED_EDGE('',*,*,#4707,.F.);
#6346=ORIENTED_EDGE('',*,*,#4708,.T.);
#6347=ORIENTED_EDGE('',*,*,#4709,.F.);
#6348=ORIENTED_EDGE('',*,*,#4708,.F.);
#6349=ORIENTED_EDGE('',*,*,#4710,.F.);
#6350=ORIENTED_EDGE('',*,*,#4711,.T.);
#6351=ORIENTED_EDGE('',*,*,#4712,.F.);
#6352=ORIENTED_EDGE('',*,*,#4711,.F.);
#6353=ORIENTED_EDGE('',*,*,#4713,.F.);
#6354=ORIENTED_EDGE('',*,*,#4714,.T.);
#6355=ORIENTED_EDGE('',*,*,#4715,.F.);
#6356=ORIENTED_EDGE('',*,*,#4714,.F.);
#6357=ORIENTED_EDGE('',*,*,#4716,.F.);
#6358=ORIENTED_EDGE('',*,*,#4717,.T.);
#6359=ORIENTED_EDGE('',*,*,#4718,.F.);
#6360=ORIENTED_EDGE('',*,*,#4717,.F.);
#6361=ORIENTED_EDGE('',*,*,#4719,.F.);
#6362=ORIENTED_EDGE('',*,*,#4720,.T.);
#6363=ORIENTED_EDGE('',*,*,#4721,.F.);
#6364=ORIENTED_EDGE('',*,*,#4720,.F.);
#6365=ORIENTED_EDGE('',*,*,#4722,.F.);
#6366=ORIENTED_EDGE('',*,*,#4723,.T.);
#6367=ORIENTED_EDGE('',*,*,#4724,.F.);
#6368=ORIENTED_EDGE('',*,*,#4723,.F.);
#6369=ORIENTED_EDGE('',*,*,#4725,.T.);
#6370=ORIENTED_EDGE('',*,*,#4726,.T.);
#6371=ORIENTED_EDGE('',*,*,#4727,.T.);
#6372=ORIENTED_EDGE('',*,*,#4728,.T.);
#6373=ORIENTED_EDGE('',*,*,#4728,.F.);
#6374=ORIENTED_EDGE('',*,*,#4729,.F.);
#6375=ORIENTED_EDGE('',*,*,#4730,.F.);
#6376=ORIENTED_EDGE('',*,*,#4731,.F.);
#6377=ORIENTED_EDGE('',*,*,#4727,.F.);
#6378=ORIENTED_EDGE('',*,*,#4732,.T.);
#6379=ORIENTED_EDGE('',*,*,#4733,.T.);
#6380=ORIENTED_EDGE('',*,*,#4734,.F.);
#6381=ORIENTED_EDGE('',*,*,#4735,.F.);
#6382=ORIENTED_EDGE('',*,*,#4729,.T.);
#6383=ORIENTED_EDGE('',*,*,#4556,.T.);
#6384=ORIENTED_EDGE('',*,*,#4561,.T.);
#6385=ORIENTED_EDGE('',*,*,#4566,.T.);
#6386=ORIENTED_EDGE('',*,*,#4571,.T.);
#6387=ORIENTED_EDGE('',*,*,#4576,.T.);
#6388=ORIENTED_EDGE('',*,*,#4736,.T.);
#6389=ORIENTED_EDGE('',*,*,#4730,.T.);
#6390=ORIENTED_EDGE('',*,*,#4735,.T.);
#6391=ORIENTED_EDGE('',*,*,#4737,.T.);
#6392=ORIENTED_EDGE('',*,*,#4737,.F.);
#6393=ORIENTED_EDGE('',*,*,#4734,.T.);
#6394=ORIENTED_EDGE('',*,*,#4738,.T.);
#6395=ORIENTED_EDGE('',*,*,#4739,.F.);
#6396=ORIENTED_EDGE('',*,*,#4740,.F.);
#6397=ORIENTED_EDGE('',*,*,#4741,.T.);
#6398=ORIENTED_EDGE('',*,*,#4742,.T.);
#6399=ORIENTED_EDGE('',*,*,#4743,.T.);
#6400=ORIENTED_EDGE('',*,*,#4744,.T.);
#6401=ORIENTED_EDGE('',*,*,#4745,.F.);
#6402=ORIENTED_EDGE('',*,*,#4746,.T.);
#6403=ORIENTED_EDGE('',*,*,#4747,.F.);
#6404=ORIENTED_EDGE('',*,*,#4748,.T.);
#6405=ORIENTED_EDGE('',*,*,#4749,.F.);
#6406=ORIENTED_EDGE('',*,*,#4750,.T.);
#6407=ORIENTED_EDGE('',*,*,#4745,.T.);
#6408=ORIENTED_EDGE('',*,*,#4581,.T.);
#6409=ORIENTED_EDGE('',*,*,#4586,.T.);
#6410=ORIENTED_EDGE('',*,*,#4591,.T.);
#6411=ORIENTED_EDGE('',*,*,#4596,.T.);
#6412=ORIENTED_EDGE('',*,*,#4601,.T.);
#6413=ORIENTED_EDGE('',*,*,#4751,.F.);
#6414=ORIENTED_EDGE('',*,*,#4752,.T.);
#6415=ORIENTED_EDGE('',*,*,#4753,.F.);
#6416=ORIENTED_EDGE('',*,*,#4741,.F.);
#6417=ORIENTED_EDGE('',*,*,#4744,.F.);
#6418=ORIENTED_EDGE('',*,*,#4743,.F.);
#6419=ORIENTED_EDGE('',*,*,#4754,.T.);
#6420=ORIENTED_EDGE('',*,*,#4755,.F.);
#6421=ORIENTED_EDGE('',*,*,#4751,.T.);
#6422=ORIENTED_EDGE('',*,*,#4756,.F.);
#6423=ORIENTED_EDGE('',*,*,#4757,.F.);
#6424=ORIENTED_EDGE('',*,*,#4749,.T.);
#6425=ORIENTED_EDGE('',*,*,#4750,.F.);
#6426=ORIENTED_EDGE('',*,*,#4757,.T.);
#6427=ORIENTED_EDGE('',*,*,#4758,.F.);
#6428=ORIENTED_EDGE('',*,*,#4746,.F.);
#6429=ORIENTED_EDGE('',*,*,#4748,.F.);
#6430=ORIENTED_EDGE('',*,*,#4755,.T.);
#6431=ORIENTED_EDGE('',*,*,#4759,.F.);
#6432=ORIENTED_EDGE('',*,*,#4752,.F.);
#6433=ORIENTED_EDGE('',*,*,#4740,.T.);
#6434=ORIENTED_EDGE('',*,*,#4747,.T.);
#6435=ORIENTED_EDGE('',*,*,#4758,.T.);
#6436=ORIENTED_EDGE('',*,*,#4756,.T.);
#6437=ORIENTED_EDGE('',*,*,#4577,.T.);
#6438=ORIENTED_EDGE('',*,*,#4582,.T.);
#6439=ORIENTED_EDGE('',*,*,#4587,.T.);
#6440=ORIENTED_EDGE('',*,*,#4592,.T.);
#6441=ORIENTED_EDGE('',*,*,#4597,.T.);
#6442=ORIENTED_EDGE('',*,*,#4760,.F.);
#6443=ORIENTED_EDGE('',*,*,#4761,.T.);
#6444=ORIENTED_EDGE('',*,*,#4762,.F.);
#6445=ORIENTED_EDGE('',*,*,#4763,.T.);
#6446=ORIENTED_EDGE('',*,*,#4726,.F.);
#6447=ORIENTED_EDGE('',*,*,#4764,.F.);
#6448=ORIENTED_EDGE('',*,*,#4765,.T.);
#6449=ORIENTED_EDGE('',*,*,#4732,.F.);
#6450=ORIENTED_EDGE('',*,*,#4738,.F.);
#6451=ORIENTED_EDGE('',*,*,#4766,.T.);
#6452=ORIENTED_EDGE('',*,*,#4767,.F.);
#6453=ORIENTED_EDGE('',*,*,#4761,.F.);
#6454=ORIENTED_EDGE('',*,*,#4765,.F.);
#6455=ORIENTED_EDGE('',*,*,#4763,.F.);
#6456=ORIENTED_EDGE('',*,*,#4768,.F.);
#6457=ORIENTED_EDGE('',*,*,#4769,.F.);
#6458=ORIENTED_EDGE('',*,*,#4733,.F.);
#6459=ORIENTED_EDGE('',*,*,#4769,.T.);
#6460=ORIENTED_EDGE('',*,*,#4770,.F.);
#6461=ORIENTED_EDGE('',*,*,#4766,.F.);
#6462=ORIENTED_EDGE('',*,*,#4725,.F.);
#6463=ORIENTED_EDGE('',*,*,#4731,.T.);
#6464=ORIENTED_EDGE('',*,*,#4736,.F.);
#6465=ORIENTED_EDGE('',*,*,#4739,.T.);
#6466=ORIENTED_EDGE('',*,*,#4760,.T.);
#6467=ORIENTED_EDGE('',*,*,#4764,.T.);
#6468=ORIENTED_EDGE('',*,*,#4552,.T.);
#6469=ORIENTED_EDGE('',*,*,#4557,.T.);
#6470=ORIENTED_EDGE('',*,*,#4562,.T.);
#6471=ORIENTED_EDGE('',*,*,#4567,.T.);
#6472=ORIENTED_EDGE('',*,*,#4572,.T.);
#6473=ORIENTED_EDGE('',*,*,#4770,.T.);
#6474=ORIENTED_EDGE('',*,*,#4771,.T.);
#6475=ORIENTED_EDGE('',*,*,#4772,.T.);
#6476=ORIENTED_EDGE('',*,*,#4773,.F.);
#6477=ORIENTED_EDGE('',*,*,#4715,.T.);
#6478=ORIENTED_EDGE('',*,*,#4718,.T.);
#6479=ORIENTED_EDGE('',*,*,#4721,.T.);
#6480=ORIENTED_EDGE('',*,*,#4724,.T.);
#6481=ORIENTED_EDGE('',*,*,#4774,.F.);
#6482=ORIENTED_EDGE('',*,*,#4775,.T.);
#6483=ORIENTED_EDGE('',*,*,#4776,.F.);
#6484=ORIENTED_EDGE('',*,*,#4777,.T.);
#6485=ORIENTED_EDGE('',*,*,#4768,.T.);
#6486=ORIENTED_EDGE('',*,*,#4778,.F.);
#6487=ORIENTED_EDGE('',*,*,#4779,.T.);
#6488=ORIENTED_EDGE('',*,*,#4771,.F.);
#6489=ORIENTED_EDGE('',*,*,#4780,.F.);
#6490=ORIENTED_EDGE('',*,*,#4781,.T.);
#6491=ORIENTED_EDGE('',*,*,#4782,.F.);
#6492=ORIENTED_EDGE('',*,*,#4775,.F.);
#6493=ORIENTED_EDGE('',*,*,#4779,.F.);
#6494=ORIENTED_EDGE('',*,*,#4777,.F.);
#6495=ORIENTED_EDGE('',*,*,#4783,.F.);
#6496=ORIENTED_EDGE('',*,*,#4784,.F.);
#6497=ORIENTED_EDGE('',*,*,#4767,.T.);
#6498=ORIENTED_EDGE('',*,*,#4773,.T.);
#6499=ORIENTED_EDGE('',*,*,#4780,.T.);
#6500=ORIENTED_EDGE('',*,*,#4785,.F.);
#6501=ORIENTED_EDGE('',*,*,#4772,.F.);
#6502=ORIENTED_EDGE('',*,*,#4784,.T.);
#6503=ORIENTED_EDGE('',*,*,#4786,.F.);
#6504=ORIENTED_EDGE('',*,*,#4781,.F.);
#6505=ORIENTED_EDGE('',*,*,#4762,.T.);
#6506=ORIENTED_EDGE('',*,*,#4785,.T.);
#6507=ORIENTED_EDGE('',*,*,#4774,.T.);
#6508=ORIENTED_EDGE('',*,*,#4778,.T.);
#6509=ORIENTED_EDGE('',*,*,#4713,.T.);
#6510=ORIENTED_EDGE('',*,*,#4716,.T.);
#6511=ORIENTED_EDGE('',*,*,#4719,.T.);
#6512=ORIENTED_EDGE('',*,*,#4722,.T.);
#6513=ORIENTED_EDGE('',*,*,#4783,.T.);
#6514=ORIENTED_EDGE('',*,*,#4787,.T.);
#6515=ORIENTED_EDGE('',*,*,#4788,.T.);
#6516=ORIENTED_EDGE('',*,*,#4789,.F.);
#6517=ORIENTED_EDGE('',*,*,#4776,.T.);
#6518=ORIENTED_EDGE('',*,*,#4790,.T.);
#6519=ORIENTED_EDGE('',*,*,#4791,.T.);
#6520=ORIENTED_EDGE('',*,*,#4787,.F.);
#6521=ORIENTED_EDGE('',*,*,#4652,.T.);
#6522=ORIENTED_EDGE('',*,*,#4655,.T.);
#6523=ORIENTED_EDGE('',*,*,#4658,.T.);
#6524=ORIENTED_EDGE('',*,*,#4661,.T.);
#6525=ORIENTED_EDGE('',*,*,#4675,.T.);
#6526=ORIENTED_EDGE('',*,*,#4678,.T.);
#6527=ORIENTED_EDGE('',*,*,#4681,.T.);
#6528=ORIENTED_EDGE('',*,*,#4684,.T.);
#6529=ORIENTED_EDGE('',*,*,#4662,.T.);
#6530=ORIENTED_EDGE('',*,*,#4666,.T.);
#6531=ORIENTED_EDGE('',*,*,#4669,.T.);
#6532=ORIENTED_EDGE('',*,*,#4672,.T.);
#6533=ORIENTED_EDGE('',*,*,#4688,.T.);
#6534=ORIENTED_EDGE('',*,*,#4691,.T.);
#6535=ORIENTED_EDGE('',*,*,#4694,.T.);
#6536=ORIENTED_EDGE('',*,*,#4648,.T.);
#6537=ORIENTED_EDGE('',*,*,#4628,.F.);
#6538=ORIENTED_EDGE('',*,*,#4632,.T.);
#6539=ORIENTED_EDGE('',*,*,#4635,.F.);
#6540=ORIENTED_EDGE('',*,*,#4638,.T.);
#6541=ORIENTED_EDGE('',*,*,#4641,.F.);
#6542=ORIENTED_EDGE('',*,*,#4644,.T.);
#6543=ORIENTED_EDGE('',*,*,#4647,.F.);
#6544=ORIENTED_EDGE('',*,*,#4318,.T.);
#6545=ORIENTED_EDGE('',*,*,#4321,.F.);
#6546=ORIENTED_EDGE('',*,*,#4324,.T.);
#6547=ORIENTED_EDGE('',*,*,#4327,.F.);
#6548=ORIENTED_EDGE('',*,*,#4330,.T.);
#6549=ORIENTED_EDGE('',*,*,#4333,.F.);
#6550=ORIENTED_EDGE('',*,*,#4334,.T.);
#6551=ORIENTED_EDGE('',*,*,#4314,.F.);
#6552=ORIENTED_EDGE('',*,*,#4697,.T.);
#6553=ORIENTED_EDGE('',*,*,#4700,.T.);
#6554=ORIENTED_EDGE('',*,*,#4703,.T.);
#6555=ORIENTED_EDGE('',*,*,#4706,.T.);
#6556=ORIENTED_EDGE('',*,*,#4709,.T.);
#6557=ORIENTED_EDGE('',*,*,#4366,.T.);
#6558=ORIENTED_EDGE('',*,*,#4369,.F.);
#6559=ORIENTED_EDGE('',*,*,#4372,.T.);
#6560=ORIENTED_EDGE('',*,*,#4375,.F.);
#6561=ORIENTED_EDGE('',*,*,#4378,.T.);
#6562=ORIENTED_EDGE('',*,*,#4381,.F.);
#6563=ORIENTED_EDGE('',*,*,#4382,.T.);
#6564=ORIENTED_EDGE('',*,*,#4362,.F.);
#6565=ORIENTED_EDGE('',*,*,#4712,.T.);
#6566=ORIENTED_EDGE('',*,*,#4619,.T.);
#6567=ORIENTED_EDGE('',*,*,#4611,.F.);
#6568=ORIENTED_EDGE('',*,*,#4613,.T.);
#6569=ORIENTED_EDGE('',*,*,#4604,.F.);
#6570=ORIENTED_EDGE('',*,*,#4608,.T.);
#6571=ORIENTED_EDGE('',*,*,#4623,.F.);
#6572=ORIENTED_EDGE('',*,*,#4624,.T.);
#6573=ORIENTED_EDGE('',*,*,#4617,.F.);
#6574=ORIENTED_EDGE('',*,*,#4342,.T.);
#6575=ORIENTED_EDGE('',*,*,#4345,.F.);
#6576=ORIENTED_EDGE('',*,*,#4348,.T.);
#6577=ORIENTED_EDGE('',*,*,#4351,.F.);
#6578=ORIENTED_EDGE('',*,*,#4354,.T.);
#6579=ORIENTED_EDGE('',*,*,#4357,.F.);
#6580=ORIENTED_EDGE('',*,*,#4358,.T.);
#6581=ORIENTED_EDGE('',*,*,#4338,.F.);
#6582=ORIENTED_EDGE('',*,*,#4792,.F.);
#6583=ORIENTED_EDGE('',*,*,#4793,.T.);
#6584=ORIENTED_EDGE('',*,*,#4794,.F.);
#6585=ORIENTED_EDGE('',*,*,#4795,.T.);
#6586=ORIENTED_EDGE('',*,*,#4782,.T.);
#6587=ORIENTED_EDGE('',*,*,#4796,.F.);
#6588=ORIENTED_EDGE('',*,*,#4797,.T.);
#6589=ORIENTED_EDGE('',*,*,#4790,.F.);
#6590=ORIENTED_EDGE('',*,*,#4788,.F.);
#6591=ORIENTED_EDGE('',*,*,#4798,.T.);
#6592=ORIENTED_EDGE('',*,*,#4799,.T.);
#6593=ORIENTED_EDGE('',*,*,#4793,.F.);
#6594=ORIENTED_EDGE('',*,*,#4797,.F.);
#6595=ORIENTED_EDGE('',*,*,#4795,.F.);
#6596=ORIENTED_EDGE('',*,*,#4800,.F.);
#6597=ORIENTED_EDGE('',*,*,#4801,.F.);
#6598=ORIENTED_EDGE('',*,*,#4791,.F.);
#6599=ORIENTED_EDGE('',*,*,#4801,.T.);
#6600=ORIENTED_EDGE('',*,*,#4802,.T.);
#6601=ORIENTED_EDGE('',*,*,#4798,.F.);
#6602=ORIENTED_EDGE('',*,*,#4786,.T.);
#6603=ORIENTED_EDGE('',*,*,#4789,.T.);
#6604=ORIENTED_EDGE('',*,*,#4792,.T.);
#6605=ORIENTED_EDGE('',*,*,#4796,.T.);
#6606=ORIENTED_EDGE('',*,*,#4650,.T.);
#6607=ORIENTED_EDGE('',*,*,#4653,.T.);
#6608=ORIENTED_EDGE('',*,*,#4656,.T.);
#6609=ORIENTED_EDGE('',*,*,#4659,.T.);
#6610=ORIENTED_EDGE('',*,*,#4676,.T.);
#6611=ORIENTED_EDGE('',*,*,#4673,.T.);
#6612=ORIENTED_EDGE('',*,*,#4670,.T.);
#6613=ORIENTED_EDGE('',*,*,#4667,.T.);
#6614=ORIENTED_EDGE('',*,*,#4664,.T.);
#6615=ORIENTED_EDGE('',*,*,#4685,.T.);
#6616=ORIENTED_EDGE('',*,*,#4682,.T.);
#6617=ORIENTED_EDGE('',*,*,#4679,.T.);
#6618=ORIENTED_EDGE('',*,*,#4686,.T.);
#6619=ORIENTED_EDGE('',*,*,#4689,.T.);
#6620=ORIENTED_EDGE('',*,*,#4692,.T.);
#6621=ORIENTED_EDGE('',*,*,#4649,.T.);
#6622=ORIENTED_EDGE('',*,*,#4645,.F.);
#6623=ORIENTED_EDGE('',*,*,#4642,.T.);
#6624=ORIENTED_EDGE('',*,*,#4639,.F.);
#6625=ORIENTED_EDGE('',*,*,#4636,.T.);
#6626=ORIENTED_EDGE('',*,*,#4633,.F.);
#6627=ORIENTED_EDGE('',*,*,#4630,.T.);
#6628=ORIENTED_EDGE('',*,*,#4626,.F.);
#6629=ORIENTED_EDGE('',*,*,#4316,.T.);
#6630=ORIENTED_EDGE('',*,*,#4312,.F.);
#6631=ORIENTED_EDGE('',*,*,#4335,.T.);
#6632=ORIENTED_EDGE('',*,*,#4331,.F.);
#6633=ORIENTED_EDGE('',*,*,#4328,.T.);
#6634=ORIENTED_EDGE('',*,*,#4325,.F.);
#6635=ORIENTED_EDGE('',*,*,#4322,.T.);
#6636=ORIENTED_EDGE('',*,*,#4319,.F.);
#6637=ORIENTED_EDGE('',*,*,#4695,.T.);
#6638=ORIENTED_EDGE('',*,*,#4698,.T.);
#6639=ORIENTED_EDGE('',*,*,#4701,.T.);
#6640=ORIENTED_EDGE('',*,*,#4704,.T.);
#6641=ORIENTED_EDGE('',*,*,#4707,.T.);
#6642=ORIENTED_EDGE('',*,*,#4364,.T.);
#6643=ORIENTED_EDGE('',*,*,#4360,.F.);
#6644=ORIENTED_EDGE('',*,*,#4383,.T.);
#6645=ORIENTED_EDGE('',*,*,#4379,.F.);
#6646=ORIENTED_EDGE('',*,*,#4376,.T.);
#6647=ORIENTED_EDGE('',*,*,#4373,.F.);
#6648=ORIENTED_EDGE('',*,*,#4370,.T.);
#6649=ORIENTED_EDGE('',*,*,#4367,.F.);
#6650=ORIENTED_EDGE('',*,*,#4710,.T.);
#6651=ORIENTED_EDGE('',*,*,#4620,.T.);
#6652=ORIENTED_EDGE('',*,*,#4615,.F.);
#6653=ORIENTED_EDGE('',*,*,#4625,.T.);
#6654=ORIENTED_EDGE('',*,*,#4621,.F.);
#6655=ORIENTED_EDGE('',*,*,#4606,.T.);
#6656=ORIENTED_EDGE('',*,*,#4602,.F.);
#6657=ORIENTED_EDGE('',*,*,#4614,.T.);
#6658=ORIENTED_EDGE('',*,*,#4609,.F.);
#6659=ORIENTED_EDGE('',*,*,#4340,.T.);
#6660=ORIENTED_EDGE('',*,*,#4336,.F.);
#6661=ORIENTED_EDGE('',*,*,#4359,.T.);
#6662=ORIENTED_EDGE('',*,*,#4355,.F.);
#6663=ORIENTED_EDGE('',*,*,#4352,.T.);
#6664=ORIENTED_EDGE('',*,*,#4349,.F.);
#6665=ORIENTED_EDGE('',*,*,#4346,.T.);
#6666=ORIENTED_EDGE('',*,*,#4343,.F.);
#6667=ORIENTED_EDGE('',*,*,#4803,.F.);
#6668=ORIENTED_EDGE('',*,*,#4804,.T.);
#6669=ORIENTED_EDGE('',*,*,#4805,.T.);
#6670=ORIENTED_EDGE('',*,*,#4804,.F.);
#6671=ORIENTED_EDGE('',*,*,#4805,.F.);
#6672=ORIENTED_EDGE('',*,*,#4806,.T.);
#6673=ORIENTED_EDGE('',*,*,#4807,.F.);
#6674=ORIENTED_EDGE('',*,*,#4806,.F.);
#6675=ORIENTED_EDGE('',*,*,#4808,.F.);
#6676=ORIENTED_EDGE('',*,*,#4809,.T.);
#6677=ORIENTED_EDGE('',*,*,#4810,.T.);
#6678=ORIENTED_EDGE('',*,*,#4809,.F.);
#6679=ORIENTED_EDGE('',*,*,#4810,.F.);
#6680=ORIENTED_EDGE('',*,*,#4811,.T.);
#6681=ORIENTED_EDGE('',*,*,#4812,.F.);
#6682=ORIENTED_EDGE('',*,*,#4811,.F.);
#6683=ORIENTED_EDGE('',*,*,#4813,.F.);
#6684=ORIENTED_EDGE('',*,*,#4814,.T.);
#6685=ORIENTED_EDGE('',*,*,#4815,.T.);
#6686=ORIENTED_EDGE('',*,*,#4814,.F.);
#6687=ORIENTED_EDGE('',*,*,#4815,.F.);
#6688=ORIENTED_EDGE('',*,*,#4816,.T.);
#6689=ORIENTED_EDGE('',*,*,#4817,.F.);
#6690=ORIENTED_EDGE('',*,*,#4816,.F.);
#6691=ORIENTED_EDGE('',*,*,#4818,.F.);
#6692=ORIENTED_EDGE('',*,*,#4819,.T.);
#6693=ORIENTED_EDGE('',*,*,#4820,.T.);
#6694=ORIENTED_EDGE('',*,*,#4819,.F.);
#6695=ORIENTED_EDGE('',*,*,#4820,.F.);
#6696=ORIENTED_EDGE('',*,*,#4821,.T.);
#6697=ORIENTED_EDGE('',*,*,#4822,.F.);
#6698=ORIENTED_EDGE('',*,*,#4821,.F.);
#6699=ORIENTED_EDGE('',*,*,#4823,.F.);
#6700=ORIENTED_EDGE('',*,*,#4824,.T.);
#6701=ORIENTED_EDGE('',*,*,#4825,.T.);
#6702=ORIENTED_EDGE('',*,*,#4824,.F.);
#6703=ORIENTED_EDGE('',*,*,#4825,.F.);
#6704=ORIENTED_EDGE('',*,*,#4826,.T.);
#6705=ORIENTED_EDGE('',*,*,#4827,.F.);
#6706=ORIENTED_EDGE('',*,*,#4826,.F.);
#6707=ORIENTED_EDGE('',*,*,#4828,.F.);
#6708=ORIENTED_EDGE('',*,*,#4829,.T.);
#6709=ORIENTED_EDGE('',*,*,#4830,.T.);
#6710=ORIENTED_EDGE('',*,*,#4829,.F.);
#6711=ORIENTED_EDGE('',*,*,#4830,.F.);
#6712=ORIENTED_EDGE('',*,*,#4831,.T.);
#6713=ORIENTED_EDGE('',*,*,#4832,.F.);
#6714=ORIENTED_EDGE('',*,*,#4831,.F.);
#6715=ORIENTED_EDGE('',*,*,#4833,.F.);
#6716=ORIENTED_EDGE('',*,*,#4834,.T.);
#6717=ORIENTED_EDGE('',*,*,#4835,.T.);
#6718=ORIENTED_EDGE('',*,*,#4834,.F.);
#6719=ORIENTED_EDGE('',*,*,#4835,.F.);
#6720=ORIENTED_EDGE('',*,*,#4836,.T.);
#6721=ORIENTED_EDGE('',*,*,#4837,.F.);
#6722=ORIENTED_EDGE('',*,*,#4836,.F.);
#6723=ORIENTED_EDGE('',*,*,#4838,.F.);
#6724=ORIENTED_EDGE('',*,*,#4839,.T.);
#6725=ORIENTED_EDGE('',*,*,#4840,.T.);
#6726=ORIENTED_EDGE('',*,*,#4839,.F.);
#6727=ORIENTED_EDGE('',*,*,#4840,.F.);
#6728=ORIENTED_EDGE('',*,*,#4841,.T.);
#6729=ORIENTED_EDGE('',*,*,#4842,.F.);
#6730=ORIENTED_EDGE('',*,*,#4841,.F.);
#6731=ORIENTED_EDGE('',*,*,#4843,.F.);
#6732=ORIENTED_EDGE('',*,*,#4844,.T.);
#6733=ORIENTED_EDGE('',*,*,#4845,.T.);
#6734=ORIENTED_EDGE('',*,*,#4844,.F.);
#6735=ORIENTED_EDGE('',*,*,#4845,.F.);
#6736=ORIENTED_EDGE('',*,*,#4846,.T.);
#6737=ORIENTED_EDGE('',*,*,#4847,.F.);
#6738=ORIENTED_EDGE('',*,*,#4846,.F.);
#6739=ORIENTED_EDGE('',*,*,#4848,.F.);
#6740=ORIENTED_EDGE('',*,*,#4849,.T.);
#6741=ORIENTED_EDGE('',*,*,#4850,.T.);
#6742=ORIENTED_EDGE('',*,*,#4849,.F.);
#6743=ORIENTED_EDGE('',*,*,#4850,.F.);
#6744=ORIENTED_EDGE('',*,*,#4851,.T.);
#6745=ORIENTED_EDGE('',*,*,#4852,.F.);
#6746=ORIENTED_EDGE('',*,*,#4851,.F.);
#6747=ORIENTED_EDGE('',*,*,#4853,.F.);
#6748=ORIENTED_EDGE('',*,*,#4854,.T.);
#6749=ORIENTED_EDGE('',*,*,#4855,.T.);
#6750=ORIENTED_EDGE('',*,*,#4854,.F.);
#6751=ORIENTED_EDGE('',*,*,#4855,.F.);
#6752=ORIENTED_EDGE('',*,*,#4856,.T.);
#6753=ORIENTED_EDGE('',*,*,#4857,.F.);
#6754=ORIENTED_EDGE('',*,*,#4856,.F.);
#6755=ORIENTED_EDGE('',*,*,#4858,.F.);
#6756=ORIENTED_EDGE('',*,*,#4859,.T.);
#6757=ORIENTED_EDGE('',*,*,#4860,.T.);
#6758=ORIENTED_EDGE('',*,*,#4859,.F.);
#6759=ORIENTED_EDGE('',*,*,#4860,.F.);
#6760=ORIENTED_EDGE('',*,*,#4861,.T.);
#6761=ORIENTED_EDGE('',*,*,#4862,.F.);
#6762=ORIENTED_EDGE('',*,*,#4861,.F.);
#6763=ORIENTED_EDGE('',*,*,#4863,.F.);
#6764=ORIENTED_EDGE('',*,*,#4864,.T.);
#6765=ORIENTED_EDGE('',*,*,#4865,.T.);
#6766=ORIENTED_EDGE('',*,*,#4864,.F.);
#6767=ORIENTED_EDGE('',*,*,#4865,.F.);
#6768=ORIENTED_EDGE('',*,*,#4866,.T.);
#6769=ORIENTED_EDGE('',*,*,#4867,.F.);
#6770=ORIENTED_EDGE('',*,*,#4866,.F.);
#6771=ORIENTED_EDGE('',*,*,#4868,.F.);
#6772=ORIENTED_EDGE('',*,*,#4869,.T.);
#6773=ORIENTED_EDGE('',*,*,#4870,.T.);
#6774=ORIENTED_EDGE('',*,*,#4869,.F.);
#6775=ORIENTED_EDGE('',*,*,#4870,.F.);
#6776=ORIENTED_EDGE('',*,*,#4871,.T.);
#6777=ORIENTED_EDGE('',*,*,#4872,.F.);
#6778=ORIENTED_EDGE('',*,*,#4871,.F.);
#6779=ORIENTED_EDGE('',*,*,#4873,.F.);
#6780=ORIENTED_EDGE('',*,*,#4874,.T.);
#6781=ORIENTED_EDGE('',*,*,#4875,.T.);
#6782=ORIENTED_EDGE('',*,*,#4874,.F.);
#6783=ORIENTED_EDGE('',*,*,#4875,.F.);
#6784=ORIENTED_EDGE('',*,*,#4876,.T.);
#6785=ORIENTED_EDGE('',*,*,#4877,.F.);
#6786=ORIENTED_EDGE('',*,*,#4876,.F.);
#6787=ORIENTED_EDGE('',*,*,#4878,.F.);
#6788=ORIENTED_EDGE('',*,*,#4879,.T.);
#6789=ORIENTED_EDGE('',*,*,#4880,.T.);
#6790=ORIENTED_EDGE('',*,*,#4879,.F.);
#6791=ORIENTED_EDGE('',*,*,#4880,.F.);
#6792=ORIENTED_EDGE('',*,*,#4881,.T.);
#6793=ORIENTED_EDGE('',*,*,#4882,.F.);
#6794=ORIENTED_EDGE('',*,*,#4881,.F.);
#6795=ORIENTED_EDGE('',*,*,#4883,.T.);
#6796=ORIENTED_EDGE('',*,*,#4753,.T.);
#6797=ORIENTED_EDGE('',*,*,#4884,.F.);
#6798=ORIENTED_EDGE('',*,*,#4799,.F.);
#6799=ORIENTED_EDGE('',*,*,#4885,.T.);
#6800=ORIENTED_EDGE('',*,*,#4800,.T.);
#6801=ORIENTED_EDGE('',*,*,#4886,.F.);
#6802=ORIENTED_EDGE('',*,*,#4754,.F.);
#6803=ORIENTED_EDGE('',*,*,#4885,.F.);
#6804=ORIENTED_EDGE('',*,*,#4742,.F.);
#6805=ORIENTED_EDGE('',*,*,#4883,.F.);
#6806=ORIENTED_EDGE('',*,*,#4802,.F.);
#6807=ORIENTED_EDGE('',*,*,#4803,.T.);
#6808=ORIENTED_EDGE('',*,*,#4808,.T.);
#6809=ORIENTED_EDGE('',*,*,#4813,.T.);
#6810=ORIENTED_EDGE('',*,*,#4818,.T.);
#6811=ORIENTED_EDGE('',*,*,#4823,.T.);
#6812=ORIENTED_EDGE('',*,*,#4828,.T.);
#6813=ORIENTED_EDGE('',*,*,#4833,.T.);
#6814=ORIENTED_EDGE('',*,*,#4838,.T.);
#6815=ORIENTED_EDGE('',*,*,#4843,.T.);
#6816=ORIENTED_EDGE('',*,*,#4848,.T.);
#6817=ORIENTED_EDGE('',*,*,#4853,.T.);
#6818=ORIENTED_EDGE('',*,*,#4858,.T.);
#6819=ORIENTED_EDGE('',*,*,#4863,.T.);
#6820=ORIENTED_EDGE('',*,*,#4868,.T.);
#6821=ORIENTED_EDGE('',*,*,#4873,.T.);
#6822=ORIENTED_EDGE('',*,*,#4878,.T.);
#6823=ORIENTED_EDGE('',*,*,#4460,.T.);
#6824=ORIENTED_EDGE('',*,*,#4456,.F.);
#6825=ORIENTED_EDGE('',*,*,#4492,.T.);
#6826=ORIENTED_EDGE('',*,*,#4488,.F.);
#6827=ORIENTED_EDGE('',*,*,#4472,.T.);
#6828=ORIENTED_EDGE('',*,*,#4469,.F.);
#6829=ORIENTED_EDGE('',*,*,#4466,.T.);
#6830=ORIENTED_EDGE('',*,*,#4463,.F.);
#6831=ORIENTED_EDGE('',*,*,#4455,.T.);
#6832=ORIENTED_EDGE('',*,*,#4451,.F.);
#6833=ORIENTED_EDGE('',*,*,#4437,.T.);
#6834=ORIENTED_EDGE('',*,*,#4434,.F.);
#6835=ORIENTED_EDGE('',*,*,#4425,.T.);
#6836=ORIENTED_EDGE('',*,*,#4421,.F.);
#6837=ORIENTED_EDGE('',*,*,#4450,.T.);
#6838=ORIENTED_EDGE('',*,*,#4445,.F.);
#6839=ORIENTED_EDGE('',*,*,#4503,.T.);
#6840=ORIENTED_EDGE('',*,*,#4499,.F.);
#6841=ORIENTED_EDGE('',*,*,#4516,.T.);
#6842=ORIENTED_EDGE('',*,*,#4511,.F.);
#6843=ORIENTED_EDGE('',*,*,#4541,.T.);
#6844=ORIENTED_EDGE('',*,*,#4536,.F.);
#6845=ORIENTED_EDGE('',*,*,#4546,.T.);
#6846=ORIENTED_EDGE('',*,*,#4542,.F.);
#6847=ORIENTED_EDGE('',*,*,#4527,.T.);
#6848=ORIENTED_EDGE('',*,*,#4524,.F.);
#6849=ORIENTED_EDGE('',*,*,#4521,.T.);
#6850=ORIENTED_EDGE('',*,*,#4517,.F.);
#6851=ORIENTED_EDGE('',*,*,#4551,.T.);
#6852=ORIENTED_EDGE('',*,*,#4547,.F.);
#6853=ORIENTED_EDGE('',*,*,#4533,.T.);
#6854=ORIENTED_EDGE('',*,*,#4530,.F.);
#6855=ORIENTED_EDGE('',*,*,#4487,.T.);
#6856=ORIENTED_EDGE('',*,*,#4482,.F.);
#6857=ORIENTED_EDGE('',*,*,#4510,.T.);
#6858=ORIENTED_EDGE('',*,*,#4506,.F.);
#6859=ORIENTED_EDGE('',*,*,#4496,.T.);
#6860=ORIENTED_EDGE('',*,*,#4493,.F.);
#6861=ORIENTED_EDGE('',*,*,#4479,.T.);
#6862=ORIENTED_EDGE('',*,*,#4475,.F.);
#6863=ORIENTED_EDGE('',*,*,#4420,.T.);
#6864=ORIENTED_EDGE('',*,*,#4416,.F.);
#6865=ORIENTED_EDGE('',*,*,#4394,.T.);
#6866=ORIENTED_EDGE('',*,*,#4391,.F.);
#6867=ORIENTED_EDGE('',*,*,#4388,.T.);
#6868=ORIENTED_EDGE('',*,*,#4384,.F.);
#6869=ORIENTED_EDGE('',*,*,#4409,.T.);
#6870=ORIENTED_EDGE('',*,*,#4404,.F.);
#6871=ORIENTED_EDGE('',*,*,#4433,.T.);
#6872=ORIENTED_EDGE('',*,*,#4428,.F.);
#6873=ORIENTED_EDGE('',*,*,#4444,.T.);
#6874=ORIENTED_EDGE('',*,*,#4440,.F.);
#6875=ORIENTED_EDGE('',*,*,#4413,.T.);
#6876=ORIENTED_EDGE('',*,*,#4410,.F.);
#6877=ORIENTED_EDGE('',*,*,#4401,.T.);
#6878=ORIENTED_EDGE('',*,*,#4397,.F.);
#6879=ORIENTED_EDGE('',*,*,#4886,.T.);
#6880=ORIENTED_EDGE('',*,*,#4794,.T.);
#6881=ORIENTED_EDGE('',*,*,#4884,.T.);
#6882=ORIENTED_EDGE('',*,*,#4759,.T.);
#6883=ORIENTED_EDGE('',*,*,#4807,.T.);
#6884=ORIENTED_EDGE('',*,*,#4812,.T.);
#6885=ORIENTED_EDGE('',*,*,#4817,.T.);
#6886=ORIENTED_EDGE('',*,*,#4822,.T.);
#6887=ORIENTED_EDGE('',*,*,#4827,.T.);
#6888=ORIENTED_EDGE('',*,*,#4832,.T.);
#6889=ORIENTED_EDGE('',*,*,#4837,.T.);
#6890=ORIENTED_EDGE('',*,*,#4842,.T.);
#6891=ORIENTED_EDGE('',*,*,#4847,.T.);
#6892=ORIENTED_EDGE('',*,*,#4852,.T.);
#6893=ORIENTED_EDGE('',*,*,#4857,.T.);
#6894=ORIENTED_EDGE('',*,*,#4862,.T.);
#6895=ORIENTED_EDGE('',*,*,#4867,.T.);
#6896=ORIENTED_EDGE('',*,*,#4872,.T.);
#6897=ORIENTED_EDGE('',*,*,#4877,.T.);
#6898=ORIENTED_EDGE('',*,*,#4882,.T.);
#6899=ORIENTED_EDGE('',*,*,#4462,.T.);
#6900=ORIENTED_EDGE('',*,*,#4465,.F.);
#6901=ORIENTED_EDGE('',*,*,#4468,.T.);
#6902=ORIENTED_EDGE('',*,*,#4471,.F.);
#6903=ORIENTED_EDGE('',*,*,#4474,.T.);
#6904=ORIENTED_EDGE('',*,*,#4490,.F.);
#6905=ORIENTED_EDGE('',*,*,#4491,.T.);
#6906=ORIENTED_EDGE('',*,*,#4458,.F.);
#6907=ORIENTED_EDGE('',*,*,#4454,.T.);
#6908=ORIENTED_EDGE('',*,*,#4447,.F.);
#6909=ORIENTED_EDGE('',*,*,#4449,.T.);
#6910=ORIENTED_EDGE('',*,*,#4423,.F.);
#6911=ORIENTED_EDGE('',*,*,#4427,.T.);
#6912=ORIENTED_EDGE('',*,*,#4436,.F.);
#6913=ORIENTED_EDGE('',*,*,#4439,.T.);
#6914=ORIENTED_EDGE('',*,*,#4453,.F.);
#6915=ORIENTED_EDGE('',*,*,#4505,.T.);
#6916=ORIENTED_EDGE('',*,*,#4544,.F.);
#6917=ORIENTED_EDGE('',*,*,#4545,.T.);
#6918=ORIENTED_EDGE('',*,*,#4538,.F.);
#6919=ORIENTED_EDGE('',*,*,#4540,.T.);
#6920=ORIENTED_EDGE('',*,*,#4513,.F.);
#6921=ORIENTED_EDGE('',*,*,#4515,.T.);
#6922=ORIENTED_EDGE('',*,*,#4501,.F.);
#6923=ORIENTED_EDGE('',*,*,#4529,.T.);
#6924=ORIENTED_EDGE('',*,*,#4532,.F.);
#6925=ORIENTED_EDGE('',*,*,#4535,.T.);
#6926=ORIENTED_EDGE('',*,*,#4549,.F.);
#6927=ORIENTED_EDGE('',*,*,#4550,.T.);
#6928=ORIENTED_EDGE('',*,*,#4519,.F.);
#6929=ORIENTED_EDGE('',*,*,#4523,.T.);
#6930=ORIENTED_EDGE('',*,*,#4526,.F.);
#6931=ORIENTED_EDGE('',*,*,#4486,.T.);
#6932=ORIENTED_EDGE('',*,*,#4477,.F.);
#6933=ORIENTED_EDGE('',*,*,#4481,.T.);
#6934=ORIENTED_EDGE('',*,*,#4495,.F.);
#6935=ORIENTED_EDGE('',*,*,#4498,.T.);
#6936=ORIENTED_EDGE('',*,*,#4508,.F.);
#6937=ORIENTED_EDGE('',*,*,#4509,.T.);
#6938=ORIENTED_EDGE('',*,*,#4484,.F.);
#6939=ORIENTED_EDGE('',*,*,#4419,.T.);
#6940=ORIENTED_EDGE('',*,*,#4406,.F.);
#6941=ORIENTED_EDGE('',*,*,#4408,.T.);
#6942=ORIENTED_EDGE('',*,*,#4386,.F.);
#6943=ORIENTED_EDGE('',*,*,#4390,.T.);
#6944=ORIENTED_EDGE('',*,*,#4393,.F.);
#6945=ORIENTED_EDGE('',*,*,#4396,.T.);
#6946=ORIENTED_EDGE('',*,*,#4418,.F.);
#6947=ORIENTED_EDGE('',*,*,#4432,.T.);
#6948=ORIENTED_EDGE('',*,*,#4399,.F.);
#6949=ORIENTED_EDGE('',*,*,#4403,.T.);
#6950=ORIENTED_EDGE('',*,*,#4412,.F.);
#6951=ORIENTED_EDGE('',*,*,#4415,.T.);
#6952=ORIENTED_EDGE('',*,*,#4442,.F.);
#6953=ORIENTED_EDGE('',*,*,#4443,.T.);
#6954=ORIENTED_EDGE('',*,*,#4430,.F.);
#6955=B_SPLINE_SURFACE_WITH_KNOTS('',3,1,((#9808,#9809),(#9810,#9811),(#9812,
#9813),(#9814,#9815),(#9816,#9817)),.UNSPECIFIED.,.F.,.F.,.F.,(4,1,4),(2,
2),(-0.13687328846517,-0.0752916557065007,0.),(0.,0.00200000000000003),
 .UNSPECIFIED.);
#6956=B_SPLINE_SURFACE_WITH_KNOTS('',3,1,((#9834,#9835),(#9836,#9837),(#9838,
#9839),(#9840,#9841),(#9842,#9843)),.UNSPECIFIED.,.F.,.F.,.F.,(4,1,4),(2,
2),(-0.111491678778385,-0.0553306812383403,0.),(0.,0.00200000000000003),
 .UNSPECIFIED.);
#6957=B_SPLINE_SURFACE_WITH_KNOTS('',3,1,((#9857,#9858),(#9859,#9860),(#9861,
#9862),(#9863,#9864),(#9865,#9866)),.UNSPECIFIED.,.F.,.F.,.F.,(4,1,4),(2,
2),(-0.110889021201227,-0.0560189458081518,0.),(0.,0.00200000000000003),
 .UNSPECIFIED.);
#6958=B_SPLINE_SURFACE_WITH_KNOTS('',3,1,((#9880,#9881),(#9882,#9883),(#9884,
#9885),(#9886,#9887),(#9888,#9889)),.UNSPECIFIED.,.F.,.F.,.F.,(4,1,4),(2,
2),(-0.138337561079595,-0.0616247348058178,0.),(0.,0.00200000000000003),
 .UNSPECIFIED.);
#6959=B_SPLINE_SURFACE_WITH_KNOTS('',3,1,((#9903,#9904),(#9905,#9906),(#9907,
#9908),(#9909,#9910),(#9911,#9912)),.UNSPECIFIED.,.F.,.F.,.F.,(4,1,4),(2,
2),(-0.135871405002985,-0.0756233714795434,0.),(0.,0.00200000000000003),
 .UNSPECIFIED.);
#6960=B_SPLINE_SURFACE_WITH_KNOTS('',3,1,((#9926,#9927),(#9928,#9929),(#9930,
#9931),(#9932,#9933),(#9934,#9935)),.UNSPECIFIED.,.F.,.F.,.F.,(4,1,4),(2,
2),(-0.111353434151543,-0.0541351566263695,0.),(0.,0.00200000000000003),
 .UNSPECIFIED.);
#6961=B_SPLINE_SURFACE_WITH_KNOTS('',3,1,((#9949,#9950),(#9951,#9952),(#9953,
#9954),(#9955,#9956),(#9957,#9958)),.UNSPECIFIED.,.F.,.F.,.F.,(4,1,4),(2,
2),(-0.112038741541601,-0.0573677606204566,0.),(0.,0.00200000000000003),
 .UNSPECIFIED.);
#6962=B_SPLINE_SURFACE_WITH_KNOTS('',3,1,((#9972,#9973),(#9974,#9975),(#9976,
#9977),(#9978,#9979),(#9980,#9981)),.UNSPECIFIED.,.F.,.F.,.F.,(4,1,4),(2,
2),(-0.136862335169259,-0.0608423595652866,0.),(0.,0.00200000000000003),
 .UNSPECIFIED.);
#6963=B_SPLINE_SURFACE_WITH_KNOTS('',3,1,((#9992,#9993),(#9994,#9995),(#9996,
#9997),(#9998,#9999),(#10000,#10001)),.UNSPECIFIED.,.F.,.F.,.F.,(4,1,4),
(2,2),(-0.130951854864344,-0.0704910268373403,0.),(0.,0.00200000000000003),
 .UNSPECIFIED.);
#6964=B_SPLINE_SURFACE_WITH_KNOTS('',3,1,((#10018,#10019),(#10020,#10021),
(#10022,#10023),(#10024,#10025),(#10026,#10027)),.UNSPECIFIED.,.F.,.F.,
 .F.,(4,1,4),(2,2),(-0.0831931401777371,-0.0414709915182629,0.),(0.,0.00200000000000003),
 .UNSPECIFIED.);
#6965=B_SPLINE_SURFACE_WITH_KNOTS('',3,1,((#10041,#10042),(#10043,#10044),
(#10045,#10046),(#10047,#10048),(#10049,#10050)),.UNSPECIFIED.,.F.,.F.,
 .F.,(4,1,4),(2,2),(-0.0791761653473589,-0.0406698516241504,0.),(0.,0.00200000000000003),
 .UNSPECIFIED.);
#6966=B_SPLINE_SURFACE_WITH_KNOTS('',3,1,((#10064,#10065),(#10066,#10067),
(#10068,#10069),(#10070,#10071),(#10072,#10073)),.UNSPECIFIED.,.F.,.F.,
 .F.,(4,1,4),(2,2),(-0.11013079734298,-0.052449098681548,0.),(0.,0.00200000000000003),
 .UNSPECIFIED.);
#6967=B_SPLINE_SURFACE_WITH_KNOTS('',3,1,((#10087,#10088),(#10089,#10090),
(#10091,#10092),(#10093,#10094),(#10095,#10096)),.UNSPECIFIED.,.F.,.F.,
 .F.,(4,1,4),(2,2),(-0.193831968728348,-0.100928576466815,0.),(0.,0.00200000000000003),
 .UNSPECIFIED.);
#6968=B_SPLINE_SURFACE_WITH_KNOTS('',3,1,((#10110,#10111),(#10112,#10113),
(#10114,#10115),(#10116,#10117),(#10118,#10119)),.UNSPECIFIED.,.F.,.F.,
 .F.,(4,1,4),(2,2),(-0.205834323051798,-0.0958624152244681,0.),(0.,0.00200000000000003),
 .UNSPECIFIED.);
#6969=B_SPLINE_SURFACE_WITH_KNOTS('',3,1,((#10133,#10134),(#10135,#10136),
(#10137,#10138),(#10139,#10140),(#10141,#10142)),.UNSPECIFIED.,.F.,.F.,
 .F.,(4,1,4),(2,2),(-0.204487164138527,-0.10915179601463,0.),(0.,0.00200000000000003),
 .UNSPECIFIED.);
#6970=B_SPLINE_SURFACE_WITH_KNOTS('',3,1,((#10156,#10157),(#10158,#10159),
(#10160,#10161),(#10162,#10163),(#10164,#10165)),.UNSPECIFIED.,.F.,.F.,
 .F.,(4,1,4),(2,2),(-0.192985388214648,-0.0924421590269926,0.),(0.,0.00200000000000003),
 .UNSPECIFIED.);
#6971=B_SPLINE_SURFACE_WITH_KNOTS('',3,1,((#10179,#10180),(#10181,#10182),
(#10183,#10184),(#10185,#10186),(#10187,#10188)),.UNSPECIFIED.,.F.,.F.,
 .F.,(4,1,4),(2,2),(-0.194122249480967,-0.101537396850438,0.),(0.,0.00200000000000003),
 .UNSPECIFIED.);
#6972=B_SPLINE_SURFACE_WITH_KNOTS('',3,1,((#10202,#10203),(#10204,#10205),
(#10206,#10207),(#10208,#10209),(#10210,#10211)),.UNSPECIFIED.,.F.,.F.,
 .F.,(4,1,4),(2,2),(-0.202555810377345,-0.0947525143223179,0.),(0.,0.00200000000000003),
 .UNSPECIFIED.);
#6973=B_SPLINE_SURFACE_WITH_KNOTS('',3,1,((#10345,#10346),(#10347,#10348),
(#10349,#10350),(#10351,#10352),(#10353,#10354)),.UNSPECIFIED.,.F.,.F.,
 .F.,(4,1,4),(2,2),(-0.0804188093836497,-0.0498339769582704,0.),(0.,0.00200000000000003),
 .UNSPECIFIED.);
#6974=B_SPLINE_SURFACE_WITH_KNOTS('',3,1,((#10368,#10369),(#10370,#10371),
(#10372,#10373),(#10374,#10375),(#10376,#10377)),.UNSPECIFIED.,.F.,.F.,
 .F.,(4,1,4),(2,2),(-0.0404525903672068,-0.0205762091188931,0.),(0.,0.00200000000000003),
 .UNSPECIFIED.);
#6975=B_SPLINE_SURFACE_WITH_KNOTS('',3,1,((#10391,#10392),(#10393,#10394),
(#10395,#10396),(#10397,#10398),(#10399,#10400)),.UNSPECIFIED.,.F.,.F.,
 .F.,(4,1,4),(2,2),(-0.0410047726181797,-0.0200046601464037,0.),(0.,0.00200000000000003),
 .UNSPECIFIED.);
#6976=B_SPLINE_SURFACE_WITH_KNOTS('',3,1,((#10414,#10415),(#10416,#10417),
(#10418,#10419),(#10420,#10421),(#10422,#10423)),.UNSPECIFIED.,.F.,.F.,
 .F.,(4,1,4),(2,2),(-0.0486588551647272,-0.0252181537628377,0.),(0.,0.00200000000000003),
 .UNSPECIFIED.);
#6977=B_SPLINE_SURFACE_WITH_KNOTS('',3,1,((#10437,#10438),(#10439,#10440),
(#10441,#10442),(#10443,#10444),(#10445,#10446)),.UNSPECIFIED.,.F.,.F.,
 .F.,(4,1,4),(2,2),(-0.0469132515910328,-0.0231838500441945,0.),(0.,0.00200000000000003),
 .UNSPECIFIED.);
#6978=B_SPLINE_SURFACE_WITH_KNOTS('',3,1,((#10460,#10461),(#10462,#10463),
(#10464,#10465),(#10466,#10467),(#10468,#10469)),.UNSPECIFIED.,.F.,.F.,
 .F.,(4,1,4),(2,2),(-0.0727746937484132,-0.0273199116359228,0.),(0.,0.00200000000000003),
 .UNSPECIFIED.);
#6979=B_SPLINE_SURFACE_WITH_KNOTS('',3,1,((#10501,#10502),(#10503,#10504),
(#10505,#10506),(#10507,#10508),(#10509,#10510)),.UNSPECIFIED.,.F.,.F.,
 .F.,(4,1,4),(2,2),(-0.12043613888139,-0.0760804446727118,0.),(0.,0.00200000000000003),
 .UNSPECIFIED.);
#6980=B_SPLINE_SURFACE_WITH_KNOTS('',3,1,((#10524,#10525),(#10526,#10527),
(#10528,#10529),(#10530,#10531),(#10532,#10533)),.UNSPECIFIED.,.F.,.F.,
 .F.,(4,1,4),(2,2),(-0.0882903417744611,-0.0433315527191858,0.),(0.,0.00200000000000003),
 .UNSPECIFIED.);
#6981=B_SPLINE_SURFACE_WITH_KNOTS('',3,1,((#10547,#10548),(#10549,#10550),
(#10551,#10552),(#10553,#10554),(#10555,#10556)),.UNSPECIFIED.,.F.,.F.,
 .F.,(4,1,4),(2,2),(-0.103020869281952,-0.0483517427837264,0.),(0.,0.00200000000000003),
 .UNSPECIFIED.);
#6982=B_SPLINE_SURFACE_WITH_KNOTS('',3,1,((#10570,#10571),(#10572,#10573),
(#10574,#10575),(#10576,#10577),(#10578,#10579)),.UNSPECIFIED.,.F.,.F.,
 .F.,(4,1,4),(2,2),(-0.0798010657418791,-0.0425826959902514,0.),(0.,0.00200000000000003),
 .UNSPECIFIED.);
#6983=B_SPLINE_SURFACE_WITH_KNOTS('',3,1,((#10593,#10594),(#10595,#10596),
(#10597,#10598),(#10599,#10600),(#10601,#10602)),.UNSPECIFIED.,.F.,.F.,
 .F.,(4,1,4),(2,2),(-0.0655223345531151,-0.0338301619230542,0.),(0.,0.00200000000000003),
 .UNSPECIFIED.);
#6984=B_SPLINE_SURFACE_WITH_KNOTS('',3,1,((#10616,#10617),(#10618,#10619),
(#10620,#10621),(#10622,#10623),(#10624,#10625)),.UNSPECIFIED.,.F.,.F.,
 .F.,(4,1,4),(2,2),(-0.057751023769528,-0.0299246826467877,0.),(0.,0.00200000000000003),
 .UNSPECIFIED.);
#6985=B_SPLINE_SURFACE_WITH_KNOTS('',3,1,((#10639,#10640),(#10641,#10642),
(#10643,#10644),(#10645,#10646),(#10647,#10648)),.UNSPECIFIED.,.F.,.F.,
 .F.,(4,1,4),(2,2),(-0.105058025047112,-0.044577889578857,0.),(0.,0.00200000000000003),
 .UNSPECIFIED.);
#6986=B_SPLINE_SURFACE_WITH_KNOTS('',3,1,((#10762,#10763),(#10764,#10765),
(#10766,#10767),(#10768,#10769),(#10770,#10771)),.UNSPECIFIED.,.F.,.F.,
 .F.,(4,1,4),(2,2),(-0.14475938273256,-0.0773660785944908,0.),(0.,0.00200000000000003),
 .UNSPECIFIED.);
#6987=B_SPLINE_SURFACE_WITH_KNOTS('',3,1,((#10785,#10786),(#10787,#10788),
(#10789,#10790),(#10791,#10792),(#10793,#10794)),.UNSPECIFIED.,.F.,.F.,
 .F.,(4,1,4),(2,2),(-0.140570534053711,-0.0664452849410384,0.),(0.,0.00200000000000003),
 .UNSPECIFIED.);
#6988=B_SPLINE_SURFACE_WITH_KNOTS('',3,1,((#10808,#10809),(#10810,#10811),
(#10812,#10813),(#10814,#10815),(#10816,#10817)),.UNSPECIFIED.,.F.,.F.,
 .F.,(4,1,4),(2,2),(-0.181362731045261,-0.0923041206032862,0.),(0.,0.00200000000000003),
 .UNSPECIFIED.);
#6989=B_SPLINE_SURFACE_WITH_KNOTS('',3,1,((#10831,#10832),(#10833,#10834),
(#10835,#10836),(#10837,#10838),(#10839,#10840)),.UNSPECIFIED.,.F.,.F.,
 .F.,(4,1,4),(2,2),(-0.200526783020998,-0.0937994137850697,0.),(0.,0.00200000000000003),
 .UNSPECIFIED.);
#6990=B_SPLINE_SURFACE_WITH_KNOTS('',3,1,((#10854,#10855),(#10856,#10857),
(#10858,#10859),(#10860,#10861),(#10862,#10863)),.UNSPECIFIED.,.F.,.F.,
 .F.,(4,1,4),(2,2),(-0.20811270894215,-0.112053372976053,0.),(0.,0.00200000000000003),
 .UNSPECIFIED.);
#6991=B_SPLINE_SURFACE_WITH_KNOTS('',3,1,((#10877,#10878),(#10879,#10880),
(#10881,#10882),(#10883,#10884),(#10885,#10886)),.UNSPECIFIED.,.F.,.F.,
 .F.,(4,1,4),(2,2),(-0.187285543995418,-0.0908265152198844,0.),(0.,0.00200000000000003),
 .UNSPECIFIED.);
#6992=B_SPLINE_SURFACE_WITH_KNOTS('',3,1,((#10900,#10901),(#10902,#10903),
(#10904,#10905),(#10906,#10907),(#10908,#10909)),.UNSPECIFIED.,.F.,.F.,
 .F.,(4,1,4),(2,2),(-0.16168206934021,-0.0842327204429873,0.),(0.,0.00200000000000003),
 .UNSPECIFIED.);
#6993=B_SPLINE_SURFACE_WITH_KNOTS('',3,1,((#10923,#10924),(#10925,#10926),
(#10927,#10928),(#10929,#10930),(#10931,#10932)),.UNSPECIFIED.,.F.,.F.,
 .F.,(4,1,4),(2,2),(-0.106308429238741,-0.0491493670329294,0.),(0.,0.00200000000000003),
 .UNSPECIFIED.);
#6994=B_SPLINE_SURFACE_WITH_KNOTS('',3,1,((#10952,#10953),(#10954,#10955),
(#10956,#10957),(#10958,#10959),(#10960,#10961)),.UNSPECIFIED.,.F.,.F.,
 .F.,(4,1,4),(2,2),(-0.0727607705240172,-0.0373834341735463,0.),(0.,0.00200000000000003),
 .UNSPECIFIED.);
#6995=B_SPLINE_SURFACE_WITH_KNOTS('',3,1,((#10975,#10976),(#10977,#10978),
(#10979,#10980),(#10981,#10982),(#10983,#10984)),.UNSPECIFIED.,.F.,.F.,
 .F.,(4,1,4),(2,2),(-0.0730855020457721,-0.035443881752657,0.),(0.,0.00200000000000003),
 .UNSPECIFIED.);
#6996=B_SPLINE_SURFACE_WITH_KNOTS('',3,1,((#10998,#10999),(#11000,#11001),
(#11002,#11003),(#11004,#11005),(#11006,#11007)),.UNSPECIFIED.,.F.,.F.,
 .F.,(4,1,4),(2,2),(-0.101174976426302,-0.0513284041504206,0.),(0.,0.00200000000000003),
 .UNSPECIFIED.);
#6997=B_SPLINE_SURFACE_WITH_KNOTS('',3,1,((#11021,#11022),(#11023,#11024),
(#11025,#11026),(#11027,#11028),(#11029,#11030)),.UNSPECIFIED.,.F.,.F.,
 .F.,(4,1,4),(2,2),(-0.13584150936978,-0.0583614484904134,0.),(0.,0.00200000000000003),
 .UNSPECIFIED.);
#6998=B_SPLINE_SURFACE_WITH_KNOTS('',3,1,((#11044,#11045),(#11046,#11047),
(#11048,#11049),(#11050,#11051),(#11052,#11053)),.UNSPECIFIED.,.F.,.F.,
 .F.,(4,1,4),(2,2),(-0.141270974747029,-0.0816198343817509,0.),(0.,0.00200000000000003),
 .UNSPECIFIED.);
#6999=B_SPLINE_SURFACE_WITH_KNOTS('',3,1,((#11067,#11068),(#11069,#11070),
(#11071,#11072),(#11073,#11074),(#11075,#11076)),.UNSPECIFIED.,.F.,.F.,
 .F.,(4,1,4),(2,2),(-0.0999596374598164,-0.0494923159927761,0.),(0.,0.00200000000000003),
 .UNSPECIFIED.);
#7000=B_SPLINE_SURFACE_WITH_KNOTS('',3,1,((#11090,#11091),(#11092,#11093),
(#11094,#11095),(#11096,#11097),(#11098,#11099)),.UNSPECIFIED.,.F.,.F.,
 .F.,(4,1,4),(2,2),(-0.0751166942266199,-0.037974167439142,0.),(0.,0.00200000000000003),
 .UNSPECIFIED.);
#7001=B_SPLINE_SURFACE_WITH_KNOTS('',3,1,((#11113,#11114),(#11115,#11116),
(#11117,#11118),(#11119,#11120),(#11121,#11122)),.UNSPECIFIED.,.F.,.F.,
 .F.,(4,1,4),(2,2),(-0.0916973379910903,-0.0412691064283535,0.),(0.,0.00200000000000003),
 .UNSPECIFIED.);
#7002=B_SPLINE_SURFACE_WITH_KNOTS('',3,1,((#11394,#11395),(#11396,#11397),
(#11398,#11399),(#11400,#11401),(#11402,#11403)),.UNSPECIFIED.,.F.,.F.,
 .F.,(4,1,4),(2,2),(-0.0910754530270856,-0.0590240418340747,0.),(0.,0.00200000000000003),
 .UNSPECIFIED.);
#7003=B_SPLINE_SURFACE_WITH_KNOTS('',3,1,((#11417,#11418),(#11419,#11420),
(#11421,#11422),(#11423,#11424),(#11425,#11426)),.UNSPECIFIED.,.F.,.F.,
 .F.,(4,1,4),(2,2),(-0.0358235035264996,-0.0181528637570677,0.),(0.,0.00200000000000003),
 .UNSPECIFIED.);
#7004=B_SPLINE_SURFACE_WITH_KNOTS('',3,1,((#11440,#11441),(#11442,#11443),
(#11444,#11445),(#11446,#11447),(#11448,#11449)),.UNSPECIFIED.,.F.,.F.,
 .F.,(4,1,4),(2,2),(-0.0393372533798088,-0.018544950519773,0.),(0.,0.00200000000000003),
 .UNSPECIFIED.);
#7005=B_SPLINE_SURFACE_WITH_KNOTS('',3,1,((#11463,#11464),(#11465,#11466),
(#11467,#11468),(#11469,#11470),(#11471,#11472)),.UNSPECIFIED.,.F.,.F.,
 .F.,(4,1,4),(2,2),(-0.0436530794832859,-0.0230559977399933,0.),(0.,0.00200000000000003),
 .UNSPECIFIED.);
#7006=B_SPLINE_SURFACE_WITH_KNOTS('',3,1,((#11486,#11487),(#11488,#11489),
(#11490,#11491),(#11492,#11493),(#11494,#11495)),.UNSPECIFIED.,.F.,.F.,
 .F.,(4,1,4),(2,2),(-0.0434622855659166,-0.0205952984642024,0.),(0.,0.00200000000000003),
 .UNSPECIFIED.);
#7007=B_SPLINE_SURFACE_WITH_KNOTS('',3,1,((#11509,#11510),(#11511,#11512),
(#11513,#11514),(#11515,#11516),(#11517,#11518)),.UNSPECIFIED.,.F.,.F.,
 .F.,(4,1,4),(2,2),(-0.0737049861447454,-0.0245899215817624,0.),(0.,0.00200000000000003),
 .UNSPECIFIED.);
#7008=B_SPLINE_SURFACE_WITH_KNOTS('',3,1,((#11556,#11557),(#11558,#11559),
(#11560,#11561),(#11562,#11563),(#11564,#11565)),.UNSPECIFIED.,.F.,.F.,
 .F.,(4,1,4),(2,2),(-0.117622915324644,-0.0692753144551289,0.),(0.,0.00200000000000003),
 .UNSPECIFIED.);
#7009=B_SPLINE_SURFACE_WITH_KNOTS('',3,1,((#11579,#11580),(#11581,#11582),
(#11583,#11584),(#11585,#11586),(#11587,#11588)),.UNSPECIFIED.,.F.,.F.,
 .F.,(4,1,4),(2,2),(-0.0764150963117243,-0.0376768399079106,0.),(0.,0.00200000000000003),
 .UNSPECIFIED.);
#7010=B_SPLINE_SURFACE_WITH_KNOTS('',3,1,((#11602,#11603),(#11604,#11605),
(#11606,#11607),(#11608,#11609),(#11610,#11611)),.UNSPECIFIED.,.F.,.F.,
 .F.,(4,1,4),(2,2),(-0.0826068310213041,-0.0403870325214402,0.),(0.,0.00200000000000003),
 .UNSPECIFIED.);
#7011=B_SPLINE_SURFACE_WITH_KNOTS('',3,1,((#11625,#11626),(#11627,#11628),
(#11629,#11630),(#11631,#11632),(#11633,#11634)),.UNSPECIFIED.,.F.,.F.,
 .F.,(4,1,4),(2,2),(-0.100443873737582,-0.0520342893854103,0.),(0.,0.00200000000000003),
 .UNSPECIFIED.);
#7012=B_SPLINE_SURFACE_WITH_KNOTS('',3,1,((#11648,#11649),(#11650,#11651),
(#11652,#11653),(#11654,#11655),(#11656,#11657)),.UNSPECIFIED.,.F.,.F.,
 .F.,(4,1,4),(2,2),(-0.110861598858916,-0.0509536085400636,0.),(0.,0.00200000000000003),
 .UNSPECIFIED.);
#7013=B_SPLINE_SURFACE_WITH_KNOTS('',3,1,((#11671,#11672),(#11673,#11674),
(#11675,#11676),(#11677,#11678),(#11679,#11680)),.UNSPECIFIED.,.F.,.F.,
 .F.,(4,1,4),(2,2),(-0.0686084595060071,-0.0359813520442462,0.),(0.,0.00200000000000003),
 .UNSPECIFIED.);
#7014=B_SPLINE_SURFACE_WITH_KNOTS('',3,1,((#11694,#11695),(#11696,#11697),
(#11698,#11699),(#11700,#11701),(#11702,#11703)),.UNSPECIFIED.,.F.,.F.,
 .F.,(4,1,4),(2,2),(-0.0995492670510477,-0.0404026297178591,0.),(0.,0.00200000000000003),
 .UNSPECIFIED.);
#7015=B_SPLINE_SURFACE_WITH_KNOTS('',3,1,((#11735,#11736),(#11737,#11738),
(#11739,#11740),(#11741,#11742),(#11743,#11744)),.UNSPECIFIED.,.F.,.F.,
 .F.,(4,1,4),(2,2),(-0.0907795395296391,-0.0577208797786747,0.),(0.,0.00200000000000003),
 .UNSPECIFIED.);
#7016=B_SPLINE_SURFACE_WITH_KNOTS('',3,1,((#11758,#11759),(#11760,#11761),
(#11762,#11763),(#11764,#11765),(#11766,#11767)),.UNSPECIFIED.,.F.,.F.,
 .F.,(4,1,4),(2,2),(-0.0370654775380921,-0.0195236824658979,0.),(0.,0.00200000000000003),
 .UNSPECIFIED.);
#7017=B_SPLINE_SURFACE_WITH_KNOTS('',3,1,((#11781,#11782),(#11783,#11784),
(#11785,#11786),(#11787,#11788),(#11789,#11790)),.UNSPECIFIED.,.F.,.F.,
 .F.,(4,1,4),(2,2),(-0.0512769478391082,-0.0211451720416272,0.),(0.,0.00200000000000003),
 .UNSPECIFIED.);
#7018=ADVANCED_FACE('',(#813),#6955,.T.);
#7019=ADVANCED_FACE('',(#814),#6956,.T.);
#7020=ADVANCED_FACE('',(#815),#6957,.T.);
#7021=ADVANCED_FACE('',(#816),#6958,.T.);
#7022=ADVANCED_FACE('',(#817),#6959,.T.);
#7023=ADVANCED_FACE('',(#818),#6960,.T.);
#7024=ADVANCED_FACE('',(#819),#6961,.T.);
#7025=ADVANCED_FACE('',(#820),#6962,.T.);
#7026=ADVANCED_FACE('',(#821),#6963,.T.);
#7027=ADVANCED_FACE('',(#822),#6964,.T.);
#7028=ADVANCED_FACE('',(#823),#6965,.T.);
#7029=ADVANCED_FACE('',(#824),#6966,.T.);
#7030=ADVANCED_FACE('',(#825),#6967,.T.);
#7031=ADVANCED_FACE('',(#826),#6968,.T.);
#7032=ADVANCED_FACE('',(#827),#6969,.T.);
#7033=ADVANCED_FACE('',(#828),#6970,.T.);
#7034=ADVANCED_FACE('',(#829),#6971,.T.);
#7035=ADVANCED_FACE('',(#830),#6972,.T.);
#7036=ADVANCED_FACE('',(#831,#497),#617,.T.);
#7037=ADVANCED_FACE('',(#832,#498),#618,.F.);
#7038=ADVANCED_FACE('',(#833),#619,.T.);
#7039=ADVANCED_FACE('',(#834),#620,.T.);
#7040=ADVANCED_FACE('',(#835),#621,.T.);
#7041=ADVANCED_FACE('',(#836),#622,.T.);
#7042=ADVANCED_FACE('',(#837),#623,.T.);
#7043=ADVANCED_FACE('',(#838),#624,.T.);
#7044=ADVANCED_FACE('',(#839),#625,.T.);
#7045=ADVANCED_FACE('',(#840),#626,.F.);
#7046=ADVANCED_FACE('',(#841),#627,.T.);
#7047=ADVANCED_FACE('',(#842),#628,.T.);
#7048=ADVANCED_FACE('',(#843),#629,.T.);
#7049=ADVANCED_FACE('',(#844),#630,.T.);
#7050=ADVANCED_FACE('',(#845),#631,.T.);
#7051=ADVANCED_FACE('',(#846),#632,.T.);
#7052=ADVANCED_FACE('',(#847),#633,.T.);
#7053=ADVANCED_FACE('',(#848),#634,.T.);
#7054=ADVANCED_FACE('',(#849),#635,.T.);
#7055=ADVANCED_FACE('',(#850),#636,.T.);
#7056=ADVANCED_FACE('',(#851),#637,.T.);
#7057=ADVANCED_FACE('',(#852,#499),#638,.T.);
#7058=ADVANCED_FACE('',(#853,#500),#639,.F.);
#7059=ADVANCED_FACE('',(#854),#640,.T.);
#7060=ADVANCED_FACE('',(#855),#641,.T.);
#7061=ADVANCED_FACE('',(#856),#6973,.T.);
#7062=ADVANCED_FACE('',(#857),#6974,.T.);
#7063=ADVANCED_FACE('',(#858),#6975,.T.);
#7064=ADVANCED_FACE('',(#859),#6976,.T.);
#7065=ADVANCED_FACE('',(#860),#6977,.T.);
#7066=ADVANCED_FACE('',(#861),#6978,.T.);
#7067=ADVANCED_FACE('',(#862),#642,.T.);
#7068=ADVANCED_FACE('',(#863),#643,.T.);
#7069=ADVANCED_FACE('',(#864),#644,.T.);
#7070=ADVANCED_FACE('',(#865),#6979,.T.);
#7071=ADVANCED_FACE('',(#866),#6980,.T.);
#7072=ADVANCED_FACE('',(#867),#6981,.T.);
#7073=ADVANCED_FACE('',(#868),#6982,.T.);
#7074=ADVANCED_FACE('',(#869),#6983,.T.);
#7075=ADVANCED_FACE('',(#870),#6984,.T.);
#7076=ADVANCED_FACE('',(#871),#6985,.T.);
#7077=ADVANCED_FACE('',(#872),#645,.T.);
#7078=ADVANCED_FACE('',(#873),#646,.T.);
#7079=ADVANCED_FACE('',(#874),#647,.T.);
#7080=ADVANCED_FACE('',(#875,#501),#648,.T.);
#7081=ADVANCED_FACE('',(#876,#502),#649,.F.);
#7082=ADVANCED_FACE('',(#877),#650,.T.);
#7083=ADVANCED_FACE('',(#878),#651,.T.);
#7084=ADVANCED_FACE('',(#879),#652,.T.);
#7085=ADVANCED_FACE('',(#880),#653,.T.);
#7086=ADVANCED_FACE('',(#881),#654,.T.);
#7087=ADVANCED_FACE('',(#882),#655,.T.);
#7088=ADVANCED_FACE('',(#883),#656,.T.);
#7089=ADVANCED_FACE('',(#884),#657,.T.);
#7090=ADVANCED_FACE('',(#885),#658,.T.);
#7091=ADVANCED_FACE('',(#886),#659,.T.);
#7092=ADVANCED_FACE('',(#887),#660,.T.);
#7093=ADVANCED_FACE('',(#888),#661,.T.);
#7094=ADVANCED_FACE('',(#889),#662,.T.);
#7095=ADVANCED_FACE('',(#890),#663,.F.);
#7096=ADVANCED_FACE('',(#891),#664,.T.);
#7097=ADVANCED_FACE('',(#892),#6986,.T.);
#7098=ADVANCED_FACE('',(#893),#6987,.T.);
#7099=ADVANCED_FACE('',(#894),#6988,.T.);
#7100=ADVANCED_FACE('',(#895),#6989,.T.);
#7101=ADVANCED_FACE('',(#896),#6990,.T.);
#7102=ADVANCED_FACE('',(#897),#6991,.T.);
#7103=ADVANCED_FACE('',(#898),#6992,.T.);
#7104=ADVANCED_FACE('',(#899),#6993,.T.);
#7105=ADVANCED_FACE('',(#900),#665,.T.);
#7106=ADVANCED_FACE('',(#901),#6994,.T.);
#7107=ADVANCED_FACE('',(#902),#6995,.T.);
#7108=ADVANCED_FACE('',(#903),#6996,.T.);
#7109=ADVANCED_FACE('',(#904),#6997,.T.);
#7110=ADVANCED_FACE('',(#905),#6998,.T.);
#7111=ADVANCED_FACE('',(#906),#6999,.T.);
#7112=ADVANCED_FACE('',(#907),#7000,.T.);
#7113=ADVANCED_FACE('',(#908),#7001,.T.);
#7114=ADVANCED_FACE('',(#909),#666,.T.);
#7115=ADVANCED_FACE('',(#910),#667,.F.);
#7116=ADVANCED_FACE('',(#911),#668,.T.);
#7117=ADVANCED_FACE('',(#912),#669,.T.);
#7118=ADVANCED_FACE('',(#913),#670,.T.);
#7119=ADVANCED_FACE('',(#914),#671,.T.);
#7120=ADVANCED_FACE('',(#915),#672,.T.);
#7121=ADVANCED_FACE('',(#916),#673,.T.);
#7122=ADVANCED_FACE('',(#917),#674,.T.);
#7123=ADVANCED_FACE('',(#918),#675,.T.);
#7124=ADVANCED_FACE('',(#919),#676,.T.);
#7125=ADVANCED_FACE('',(#920),#677,.F.);
#7126=ADVANCED_FACE('',(#921),#678,.T.);
#7127=ADVANCED_FACE('',(#922),#679,.T.);
#7128=ADVANCED_FACE('',(#923),#680,.T.);
#7129=ADVANCED_FACE('',(#924),#681,.T.);
#7130=ADVANCED_FACE('',(#925),#682,.T.);
#7131=ADVANCED_FACE('',(#926),#683,.F.);
#7132=ADVANCED_FACE('',(#927),#684,.T.);
#7133=ADVANCED_FACE('',(#928),#685,.T.);
#7134=ADVANCED_FACE('',(#929),#686,.T.);
#7135=ADVANCED_FACE('',(#930),#687,.T.);
#7136=ADVANCED_FACE('',(#931),#688,.T.);
#7137=ADVANCED_FACE('',(#932),#689,.T.);
#7138=ADVANCED_FACE('',(#933),#690,.T.);
#7139=ADVANCED_FACE('',(#934),#691,.T.);
#7140=ADVANCED_FACE('',(#935),#692,.T.);
#7141=ADVANCED_FACE('',(#936),#693,.T.);
#7142=ADVANCED_FACE('',(#937),#694,.T.);
#7143=ADVANCED_FACE('',(#938),#695,.T.);
#7144=ADVANCED_FACE('',(#939),#696,.T.);
#7145=ADVANCED_FACE('',(#940),#697,.T.);
#7146=ADVANCED_FACE('',(#941),#698,.F.);
#7147=ADVANCED_FACE('',(#942),#699,.T.);
#7148=ADVANCED_FACE('',(#943),#700,.T.);
#7149=ADVANCED_FACE('',(#944),#701,.T.);
#7150=ADVANCED_FACE('',(#945),#702,.T.);
#7151=ADVANCED_FACE('',(#946),#703,.T.);
#7152=ADVANCED_FACE('',(#947),#704,.T.);
#7153=ADVANCED_FACE('',(#948),#705,.T.);
#7154=ADVANCED_FACE('',(#949),#706,.T.);
#7155=ADVANCED_FACE('',(#950),#707,.T.);
#7156=ADVANCED_FACE('',(#951),#708,.T.);
#7157=ADVANCED_FACE('',(#952),#709,.F.);
#7158=ADVANCED_FACE('',(#953),#710,.T.);
#7159=ADVANCED_FACE('',(#954),#711,.T.);
#7160=ADVANCED_FACE('',(#955),#712,.T.);
#7161=ADVANCED_FACE('',(#956),#713,.T.);
#7162=ADVANCED_FACE('',(#957),#714,.T.);
#7163=ADVANCED_FACE('',(#958),#715,.T.);
#7164=ADVANCED_FACE('',(#959),#716,.T.);
#7165=ADVANCED_FACE('',(#960),#717,.F.);
#7166=ADVANCED_FACE('',(#961),#718,.T.);
#7167=ADVANCED_FACE('',(#962),#7002,.T.);
#7168=ADVANCED_FACE('',(#963),#7003,.T.);
#7169=ADVANCED_FACE('',(#964),#7004,.T.);
#7170=ADVANCED_FACE('',(#965),#7005,.T.);
#7171=ADVANCED_FACE('',(#966),#7006,.T.);
#7172=ADVANCED_FACE('',(#967),#7007,.T.);
#7173=ADVANCED_FACE('',(#968),#719,.T.);
#7174=ADVANCED_FACE('',(#969),#720,.T.);
#7175=ADVANCED_FACE('',(#970),#721,.T.);
#7176=ADVANCED_FACE('',(#971),#722,.T.);
#7177=ADVANCED_FACE('',(#972),#7008,.T.);
#7178=ADVANCED_FACE('',(#973),#7009,.T.);
#7179=ADVANCED_FACE('',(#974),#7010,.T.);
#7180=ADVANCED_FACE('',(#975),#7011,.T.);
#7181=ADVANCED_FACE('',(#976),#7012,.T.);
#7182=ADVANCED_FACE('',(#977),#7013,.T.);
#7183=ADVANCED_FACE('',(#978),#7014,.T.);
#7184=ADVANCED_FACE('',(#979),#723,.T.);
#7185=ADVANCED_FACE('',(#980),#724,.T.);
#7186=ADVANCED_FACE('',(#981),#725,.T.);
#7187=ADVANCED_FACE('',(#982),#7015,.T.);
#7188=ADVANCED_FACE('',(#983),#7016,.T.);
#7189=ADVANCED_FACE('',(#984),#7017,.T.);
#7190=ADVANCED_FACE('',(#985),#726,.T.);
#7191=ADVANCED_FACE('',(#986),#727,.T.);
#7192=ADVANCED_FACE('',(#987),#728,.T.);
#7193=ADVANCED_FACE('',(#988,#503),#729,.T.);
#7194=ADVANCED_FACE('',(#989,#504),#730,.F.);
#7195=ADVANCED_FACE('',(#990),#280,.F.);
#7196=ADVANCED_FACE('',(#991),#731,.F.);
#7197=ADVANCED_FACE('',(#992),#281,.F.);
#7198=ADVANCED_FACE('',(#993),#732,.F.);
#7199=ADVANCED_FACE('',(#994),#282,.F.);
#7200=ADVANCED_FACE('',(#995),#733,.F.);
#7201=ADVANCED_FACE('',(#996),#283,.F.);
#7202=ADVANCED_FACE('',(#997),#734,.F.);
#7203=ADVANCED_FACE('',(#998),#284,.F.);
#7204=ADVANCED_FACE('',(#999),#735,.F.);
#7205=ADVANCED_FACE('',(#1000),#285,.F.);
#7206=ADVANCED_FACE('',(#1001),#736,.F.);
#7207=ADVANCED_FACE('',(#1002),#286,.F.);
#7208=ADVANCED_FACE('',(#1003),#737,.F.);
#7209=ADVANCED_FACE('',(#1004),#287,.F.);
#7210=ADVANCED_FACE('',(#1005),#738,.F.);
#7211=ADVANCED_FACE('',(#1006),#288,.F.);
#7212=ADVANCED_FACE('',(#1007),#739,.F.);
#7213=ADVANCED_FACE('',(#1008),#289,.F.);
#7214=ADVANCED_FACE('',(#1009),#740,.F.);
#7215=ADVANCED_FACE('',(#1010),#290,.F.);
#7216=ADVANCED_FACE('',(#1011),#741,.F.);
#7217=ADVANCED_FACE('',(#1012),#291,.F.);
#7218=ADVANCED_FACE('',(#1013),#742,.F.);
#7219=ADVANCED_FACE('',(#1014),#292,.F.);
#7220=ADVANCED_FACE('',(#1015),#743,.T.);
#7221=ADVANCED_FACE('',(#1016),#293,.F.);
#7222=ADVANCED_FACE('',(#1017),#744,.T.);
#7223=ADVANCED_FACE('',(#1018),#294,.F.);
#7224=ADVANCED_FACE('',(#1019),#745,.T.);
#7225=ADVANCED_FACE('',(#1020),#295,.F.);
#7226=ADVANCED_FACE('',(#1021),#746,.T.);
#7227=ADVANCED_FACE('',(#1022),#296,.F.);
#7228=ADVANCED_FACE('',(#1023),#747,.T.);
#7229=ADVANCED_FACE('',(#1024),#297,.F.);
#7230=ADVANCED_FACE('',(#1025),#748,.T.);
#7231=ADVANCED_FACE('',(#1026),#298,.F.);
#7232=ADVANCED_FACE('',(#1027),#749,.T.);
#7233=ADVANCED_FACE('',(#1028),#299,.F.);
#7234=ADVANCED_FACE('',(#1029),#750,.T.);
#7235=ADVANCED_FACE('',(#1030),#300,.F.);
#7236=ADVANCED_FACE('',(#1031),#751,.T.);
#7237=ADVANCED_FACE('',(#1032),#301,.F.);
#7238=ADVANCED_FACE('',(#1033),#752,.T.);
#7239=ADVANCED_FACE('',(#1034),#302,.F.);
#7240=ADVANCED_FACE('',(#1035),#753,.T.);
#7241=ADVANCED_FACE('',(#1036),#303,.F.);
#7242=ADVANCED_FACE('',(#1037),#754,.T.);
#7243=ADVANCED_FACE('',(#1038),#304,.F.);
#7244=ADVANCED_FACE('',(#1039),#755,.T.);
#7245=ADVANCED_FACE('',(#1040),#305,.F.);
#7246=ADVANCED_FACE('',(#1041),#756,.T.);
#7247=ADVANCED_FACE('',(#1042),#306,.F.);
#7248=ADVANCED_FACE('',(#1043),#757,.T.);
#7249=ADVANCED_FACE('',(#1044),#307,.F.);
#7250=ADVANCED_FACE('',(#1045),#758,.T.);
#7251=ADVANCED_FACE('',(#1046),#308,.F.);
#7252=ADVANCED_FACE('',(#1047),#759,.T.);
#7253=ADVANCED_FACE('',(#1048),#309,.F.);
#7254=ADVANCED_FACE('',(#1049),#760,.T.);
#7255=ADVANCED_FACE('',(#1050),#310,.F.);
#7256=ADVANCED_FACE('',(#1051),#761,.T.);
#7257=ADVANCED_FACE('',(#1052),#311,.F.);
#7258=ADVANCED_FACE('',(#1053),#762,.T.);
#7259=ADVANCED_FACE('',(#1054),#312,.F.);
#7260=ADVANCED_FACE('',(#1055),#763,.T.);
#7261=ADVANCED_FACE('',(#1056),#313,.F.);
#7262=ADVANCED_FACE('',(#1057),#764,.T.);
#7263=ADVANCED_FACE('',(#1058),#314,.F.);
#7264=ADVANCED_FACE('',(#1059),#765,.T.);
#7265=ADVANCED_FACE('',(#1060),#315,.F.);
#7266=ADVANCED_FACE('',(#1061),#766,.T.);
#7267=ADVANCED_FACE('',(#1062),#316,.F.);
#7268=ADVANCED_FACE('',(#1063),#767,.T.);
#7269=ADVANCED_FACE('',(#1064),#317,.F.);
#7270=ADVANCED_FACE('',(#1065),#768,.T.);
#7271=ADVANCED_FACE('',(#1066),#318,.F.);
#7272=ADVANCED_FACE('',(#1067),#769,.T.);
#7273=ADVANCED_FACE('',(#1068),#319,.F.);
#7274=ADVANCED_FACE('',(#1069),#770,.T.);
#7275=ADVANCED_FACE('',(#1070),#18,.F.);
#7276=ADVANCED_FACE('',(#1071),#320,.F.);
#7277=ADVANCED_FACE('',(#1072),#19,.F.);
#7278=ADVANCED_FACE('',(#1073),#321,.F.);
#7279=ADVANCED_FACE('',(#1074),#20,.F.);
#7280=ADVANCED_FACE('',(#1075),#322,.F.);
#7281=ADVANCED_FACE('',(#1076),#21,.F.);
#7282=ADVANCED_FACE('',(#1077),#323,.F.);
#7283=ADVANCED_FACE('',(#1078),#22,.F.);
#7284=ADVANCED_FACE('',(#1079),#324,.F.);
#7285=ADVANCED_FACE('',(#1080),#23,.F.);
#7286=ADVANCED_FACE('',(#1081),#325,.F.);
#7287=ADVANCED_FACE('',(#1082),#24,.F.);
#7288=ADVANCED_FACE('',(#1083),#326,.F.);
#7289=ADVANCED_FACE('',(#1084),#25,.F.);
#7290=ADVANCED_FACE('',(#1085),#327,.F.);
#7291=ADVANCED_FACE('',(#1086),#26,.F.);
#7292=ADVANCED_FACE('',(#1087),#328,.F.);
#7293=ADVANCED_FACE('',(#1088),#27,.F.);
#7294=ADVANCED_FACE('',(#1089),#329,.F.);
#7295=ADVANCED_FACE('',(#1090),#330,.F.);
#7296=ADVANCED_FACE('',(#1091),#771,.F.);
#7297=ADVANCED_FACE('',(#1092),#331,.F.);
#7298=ADVANCED_FACE('',(#1093),#772,.F.);
#7299=ADVANCED_FACE('',(#1094),#332,.F.);
#7300=ADVANCED_FACE('',(#1095),#773,.F.);
#7301=ADVANCED_FACE('',(#1096),#333,.F.);
#7302=ADVANCED_FACE('',(#1097),#774,.F.);
#7303=ADVANCED_FACE('',(#1098),#334,.F.);
#7304=ADVANCED_FACE('',(#1099),#775,.F.);
#7305=ADVANCED_FACE('',(#1100),#335,.F.);
#7306=ADVANCED_FACE('',(#1101),#776,.F.);
#7307=ADVANCED_FACE('',(#1102),#336,.F.);
#7308=ADVANCED_FACE('',(#1103),#777,.F.);
#7309=ADVANCED_FACE('',(#1104),#337,.F.);
#7310=ADVANCED_FACE('',(#1105),#778,.F.);
#7311=ADVANCED_FACE('',(#1106),#338,.F.);
#7312=ADVANCED_FACE('',(#1107),#339,.F.);
#7313=ADVANCED_FACE('',(#1108),#340,.F.);
#7314=ADVANCED_FACE('',(#1109),#341,.F.);
#7315=ADVANCED_FACE('',(#1110),#779,.F.);
#7316=ADVANCED_FACE('',(#1111),#342,.F.);
#7317=ADVANCED_FACE('',(#1112),#780,.F.);
#7318=ADVANCED_FACE('',(#1113),#343,.F.);
#7319=ADVANCED_FACE('',(#1114),#781,.F.);
#7320=ADVANCED_FACE('',(#1115),#344,.F.);
#7321=ADVANCED_FACE('',(#1116),#782,.F.);
#7322=ADVANCED_FACE('',(#1117),#345,.F.);
#7323=ADVANCED_FACE('',(#1118),#346,.F.);
#7324=ADVANCED_FACE('',(#1119),#347,.F.);
#7325=ADVANCED_FACE('',(#1120),#348,.F.);
#7326=ADVANCED_FACE('',(#1121),#349,.F.);
#7327=ADVANCED_FACE('',(#1122),#350,.F.);
#7328=ADVANCED_FACE('',(#1123),#351,.F.);
#7329=ADVANCED_FACE('',(#1124),#352,.F.);
#7330=ADVANCED_FACE('',(#1125),#353,.F.);
#7331=ADVANCED_FACE('',(#1126),#354,.F.);
#7332=ADVANCED_FACE('',(#1127),#355,.F.);
#7333=ADVANCED_FACE('',(#1128),#356,.F.);
#7334=ADVANCED_FACE('',(#1129),#357,.F.);
#7335=ADVANCED_FACE('',(#1130),#358,.F.);
#7336=ADVANCED_FACE('',(#1131),#359,.T.);
#7337=ADVANCED_FACE('',(#1132),#783,.T.);
#7338=ADVANCED_FACE('',(#1133,#505,#506,#507,#508,#509),#784,.F.);
#7339=ADVANCED_FACE('',(#1134),#360,.T.);
#7340=ADVANCED_FACE('',(#1135),#785,.T.);
#7341=ADVANCED_FACE('',(#1136),#361,.T.);
#7342=ADVANCED_FACE('',(#1137),#786,.T.);
#7343=ADVANCED_FACE('',(#1138,#510,#511,#512,#513,#514),#787,.F.);
#7344=ADVANCED_FACE('',(#1139),#788,.T.);
#7345=ADVANCED_FACE('',(#1140),#789,.T.);
#7346=ADVANCED_FACE('',(#1141),#790,.T.);
#7347=ADVANCED_FACE('',(#1142),#791,.T.);
#7348=ADVANCED_FACE('',(#1143),#362,.F.);
#7349=ADVANCED_FACE('',(#1144,#515,#516,#517,#518,#519),#792,.T.);
#7350=ADVANCED_FACE('',(#1145),#363,.T.);
#7351=ADVANCED_FACE('',(#1146),#793,.T.);
#7352=ADVANCED_FACE('',(#1147),#794,.T.);
#7353=ADVANCED_FACE('',(#1148),#795,.T.);
#7354=ADVANCED_FACE('',(#1149),#364,.F.);
#7355=ADVANCED_FACE('',(#1150,#520,#521,#522,#523,#524),#796,.T.);
#7356=ADVANCED_FACE('',(#1151,#525,#526,#527,#528),#797,.T.);
#7357=ADVANCED_FACE('',(#1152),#365,.T.);
#7358=ADVANCED_FACE('',(#1153),#798,.T.);
#7359=ADVANCED_FACE('',(#1154),#799,.T.);
#7360=ADVANCED_FACE('',(#1155),#800,.T.);
#7361=ADVANCED_FACE('',(#1156),#801,.T.);
#7362=ADVANCED_FACE('',(#1157),#366,.F.);
#7363=ADVANCED_FACE('',(#1158,#529,#530,#531,#532),#802,.T.);
#7364=ADVANCED_FACE('',(#1159),#803,.T.);
#7365=ADVANCED_FACE('',(#1160,#533,#534,#535,#536,#537,#538,#539,#540,#541,
#542,#543,#544,#545,#546,#547,#548,#549,#550,#551),#804,.T.);
#7366=ADVANCED_FACE('',(#1161),#367,.T.);
#7367=ADVANCED_FACE('',(#1162),#805,.T.);
#7368=ADVANCED_FACE('',(#1163),#806,.T.);
#7369=ADVANCED_FACE('',(#1164),#807,.T.);
#7370=ADVANCED_FACE('',(#1165),#368,.F.);
#7371=ADVANCED_FACE('',(#1166,#552,#553,#554,#555,#556,#557,#558,#559,#560,
#561,#562,#563,#564,#565,#566,#567,#568,#569,#570),#808,.T.);
#7372=ADVANCED_FACE('',(#1167),#28,.F.);
#7373=ADVANCED_FACE('',(#1168),#369,.F.);
#7374=ADVANCED_FACE('',(#1169),#29,.F.);
#7375=ADVANCED_FACE('',(#1170),#370,.F.);
#7376=ADVANCED_FACE('',(#1171),#30,.F.);
#7377=ADVANCED_FACE('',(#1172),#371,.F.);
#7378=ADVANCED_FACE('',(#1173),#31,.F.);
#7379=ADVANCED_FACE('',(#1174),#372,.F.);
#7380=ADVANCED_FACE('',(#1175),#32,.F.);
#7381=ADVANCED_FACE('',(#1176),#373,.F.);
#7382=ADVANCED_FACE('',(#1177),#33,.F.);
#7383=ADVANCED_FACE('',(#1178),#374,.F.);
#7384=ADVANCED_FACE('',(#1179),#34,.F.);
#7385=ADVANCED_FACE('',(#1180),#375,.F.);
#7386=ADVANCED_FACE('',(#1181),#35,.F.);
#7387=ADVANCED_FACE('',(#1182),#376,.F.);
#7388=ADVANCED_FACE('',(#1183),#36,.F.);
#7389=ADVANCED_FACE('',(#1184),#377,.F.);
#7390=ADVANCED_FACE('',(#1185),#37,.F.);
#7391=ADVANCED_FACE('',(#1186),#378,.F.);
#7392=ADVANCED_FACE('',(#1187),#38,.F.);
#7393=ADVANCED_FACE('',(#1188),#379,.F.);
#7394=ADVANCED_FACE('',(#1189),#39,.F.);
#7395=ADVANCED_FACE('',(#1190),#380,.F.);
#7396=ADVANCED_FACE('',(#1191),#40,.F.);
#7397=ADVANCED_FACE('',(#1192),#381,.F.);
#7398=ADVANCED_FACE('',(#1193),#41,.F.);
#7399=ADVANCED_FACE('',(#1194),#382,.F.);
#7400=ADVANCED_FACE('',(#1195),#42,.F.);
#7401=ADVANCED_FACE('',(#1196),#383,.F.);
#7402=ADVANCED_FACE('',(#1197),#43,.F.);
#7403=ADVANCED_FACE('',(#1198),#384,.F.);
#7404=ADVANCED_FACE('',(#1199),#809,.T.);
#7405=ADVANCED_FACE('',(#1200),#810,.T.);
#7406=ADVANCED_FACE('',(#1201,#571,#572,#573,#574,#575,#576,#577,#578,#579,
#580,#581,#582,#583,#584,#585,#586,#587,#588,#589,#590,#591,#592,#593),
#811,.T.);
#7407=ADVANCED_FACE('',(#1202,#594,#595,#596,#597,#598,#599,#600,#601,#602,
#603,#604,#605,#606,#607,#608,#609,#610,#611,#612,#613,#614,#615,#616),
#812,.T.);
#7408=CLOSED_SHELL('',(#7018,#7019,#7020,#7021,#7022,#7023,#7024,#7025,
#7026,#7027,#7028,#7029,#7030,#7031,#7032,#7033,#7034,#7035,#7036,#7037));
#7409=CLOSED_SHELL('',(#7038,#7039,#7040,#7041,#7042,#7043,#7044,#7045));
#7410=CLOSED_SHELL('',(#7046,#7047,#7048,#7049,#7050,#7051,#7052,#7053,
#7054,#7055,#7056,#7057,#7058));
#7411=CLOSED_SHELL('',(#7059,#7060,#7061,#7062,#7063,#7064,#7065,#7066,
#7067,#7068,#7069,#7070,#7071,#7072,#7073,#7074,#7075,#7076,#7077,#7078,
#7079,#7080,#7081));
#7412=CLOSED_SHELL('',(#7082,#7083,#7084,#7085,#7086,#7087,#7088,#7089,
#7090,#7091,#7092,#7093,#7094,#7095));
#7413=CLOSED_SHELL('',(#7096,#7097,#7098,#7099,#7100,#7101,#7102,#7103,
#7104,#7105,#7106,#7107,#7108,#7109,#7110,#7111,#7112,#7113,#7114,#7115));
#7414=CLOSED_SHELL('',(#7116,#7117,#7118,#7119,#7120,#7121,#7122,#7123,
#7124,#7125));
#7415=CLOSED_SHELL('',(#7126,#7127,#7128,#7129,#7130,#7131));
#7416=CLOSED_SHELL('',(#7132,#7133,#7134,#7135,#7136,#7137,#7138,#7139,
#7140,#7141,#7142,#7143,#7144,#7145,#7146));
#7417=CLOSED_SHELL('',(#7147,#7148,#7149,#7150,#7151,#7152,#7153,#7154,
#7155,#7156,#7157));
#7418=CLOSED_SHELL('',(#7158,#7159,#7160,#7161,#7162,#7163,#7164,#7165));
#7419=CLOSED_SHELL('',(#7166,#7167,#7168,#7169,#7170,#7171,#7172,#7173,
#7174,#7175,#7176,#7177,#7178,#7179,#7180,#7181,#7182,#7183,#7184,#7185,
#7186,#7187,#7188,#7189,#7190,#7191,#7192,#7193,#7194));
#7420=CLOSED_SHELL('',(#7195,#7196,#7197,#7198,#7199,#7200,#7201,#7202,
#7203,#7204,#7205,#7206,#7207,#7208,#7209,#7210,#7211,#7212,#7213,#7214,
#7215,#7216,#7217,#7218,#7219,#7220,#7221,#7222,#7223,#7224,#7225,#7226,
#7227,#7228,#7229,#7230,#7231,#7232,#7233,#7234,#7235,#7236,#7237,#7238,
#7239,#7240,#7241,#7242,#7243,#7244,#7245,#7246,#7247,#7248,#7249,#7250,
#7251,#7252,#7253,#7254,#7255,#7256,#7257,#7258,#7259,#7260,#7261,#7262,
#7263,#7264,#7265,#7266,#7267,#7268,#7269,#7270,#7271,#7272,#7273,#7274,
#7275,#7276,#7277,#7278,#7279,#7280,#7281,#7282,#7283,#7284,#7285,#7286,
#7287,#7288,#7289,#7290,#7291,#7292,#7293,#7294,#7295,#7296,#7297,#7298,
#7299,#7300,#7301,#7302,#7303,#7304,#7305,#7306,#7307,#7308,#7309,#7310,
#7311,#7312,#7313,#7314,#7315,#7316,#7317,#7318,#7319,#7320,#7321,#7322,
#7323,#7324,#7325,#7326,#7327,#7328,#7329,#7330,#7331,#7332,#7333,#7334,
#7335,#7336,#7337,#7338,#7339,#7340,#7341,#7342,#7343,#7344,#7345,#7346,
#7347,#7348,#7349,#7350,#7351,#7352,#7353,#7354,#7355,#7356,#7357,#7358,
#7359,#7360,#7361,#7362,#7363,#7364,#7365,#7366,#7367,#7368,#7369,#7370,
#7371,#7372,#7373,#7374,#7375,#7376,#7377,#7378,#7379,#7380,#7381,#7382,
#7383,#7384,#7385,#7386,#7387,#7388,#7389,#7390,#7391,#7392,#7393,#7394,
#7395,#7396,#7397,#7398,#7399,#7400,#7401,#7402,#7403,#7404,#7405,#7406,
#7407));
#7421=DERIVED_UNIT_ELEMENT(#7423,1.);
#7422=DERIVED_UNIT_ELEMENT(#12982,3.);
#7423=(
MASS_UNIT()
NAMED_UNIT(*)
SI_UNIT(.KILO.,.GRAM.)
);
#7424=DERIVED_UNIT((#7421,#7422));
#7425=MEASURE_REPRESENTATION_ITEM('density measure',
POSITIVE_RATIO_MEASURE(7850.),#7424);
#7426=PROPERTY_DEFINITION_REPRESENTATION(#7431,#7428);
#7427=PROPERTY_DEFINITION_REPRESENTATION(#7432,#7429);
#7428=REPRESENTATION('material name',(#7430),#12979);
#7429=REPRESENTATION('density',(#7425),#12979);
#7430=DESCRIPTIVE_REPRESENTATION_ITEM('Steel','Steel');
#7431=PROPERTY_DEFINITION('material property','material name',#12994);
#7432=PROPERTY_DEFINITION('material property','density of part',#12994);
#7433=AXIS2_PLACEMENT_3D('placement',#9806,#8000,#8001);
#7434=AXIS2_PLACEMENT_3D('placement',#9807,#8002,#8003);
#7435=AXIS2_PLACEMENT_3D('',#10222,#8022,#8023);
#7436=AXIS2_PLACEMENT_3D('',#10223,#8024,#8025);
#7437=AXIS2_PLACEMENT_3D('',#10224,#8026,#8027);
#7438=AXIS2_PLACEMENT_3D('',#10233,#8032,#8033);
#7439=AXIS2_PLACEMENT_3D('',#10239,#8037,#8038);
#7440=AXIS2_PLACEMENT_3D('',#10245,#8042,#8043);
#7441=AXIS2_PLACEMENT_3D('',#10251,#8047,#8048);
#7442=AXIS2_PLACEMENT_3D('',#10257,#8052,#8053);
#7443=AXIS2_PLACEMENT_3D('',#10260,#8056,#8057);
#7444=AXIS2_PLACEMENT_3D('',#10261,#8058,#8059);
#7445=AXIS2_PLACEMENT_3D('',#10262,#8060,#8061);
#7446=AXIS2_PLACEMENT_3D('',#10271,#8066,#8067);
#7447=AXIS2_PLACEMENT_3D('',#10277,#8071,#8072);
#7448=AXIS2_PLACEMENT_3D('',#10280,#8075,#8076);
#7449=AXIS2_PLACEMENT_3D('',#10289,#8081,#8082);
#7450=AXIS2_PLACEMENT_3D('',#10295,#8086,#8087);
#7451=AXIS2_PLACEMENT_3D('',#10301,#8091,#8092);
#7452=AXIS2_PLACEMENT_3D('',#10307,#8096,#8097);
#7453=AXIS2_PLACEMENT_3D('',#10313,#8101,#8102);
#7454=AXIS2_PLACEMENT_3D('',#10319,#8106,#8107);
#7455=AXIS2_PLACEMENT_3D('',#10325,#8111,#8112);
#7456=AXIS2_PLACEMENT_3D('',#10328,#8115,#8116);
#7457=AXIS2_PLACEMENT_3D('',#10329,#8117,#8118);
#7458=AXIS2_PLACEMENT_3D('',#10330,#8119,#8120);
#7459=AXIS2_PLACEMENT_3D('',#10339,#8125,#8126);
#7460=AXIS2_PLACEMENT_3D('',#10483,#8136,#8137);
#7461=AXIS2_PLACEMENT_3D('',#10486,#8140,#8141);
#7462=AXIS2_PLACEMENT_3D('',#10495,#8146,#8147);
#7463=AXIS2_PLACEMENT_3D('',#10662,#8158,#8159);
#7464=AXIS2_PLACEMENT_3D('',#10668,#8163,#8164);
#7465=AXIS2_PLACEMENT_3D('',#10674,#8168,#8169);
#7466=AXIS2_PLACEMENT_3D('',#10677,#8172,#8173);
#7467=AXIS2_PLACEMENT_3D('',#10678,#8174,#8175);
#7468=AXIS2_PLACEMENT_3D('',#10679,#8176,#8177);
#7469=AXIS2_PLACEMENT_3D('',#10688,#8182,#8183);
#7470=AXIS2_PLACEMENT_3D('',#10694,#8187,#8188);
#7471=AXIS2_PLACEMENT_3D('',#10700,#8192,#8193);
#7472=AXIS2_PLACEMENT_3D('',#10706,#8197,#8198);
#7473=AXIS2_PLACEMENT_3D('',#10712,#8202,#8203);
#7474=AXIS2_PLACEMENT_3D('',#10718,#8207,#8208);
#7475=AXIS2_PLACEMENT_3D('',#10724,#8212,#8213);
#7476=AXIS2_PLACEMENT_3D('',#10730,#8217,#8218);
#7477=AXIS2_PLACEMENT_3D('',#10736,#8222,#8223);
#7478=AXIS2_PLACEMENT_3D('',#10742,#8227,#8228);
#7479=AXIS2_PLACEMENT_3D('',#10748,#8232,#8233);
#7480=AXIS2_PLACEMENT_3D('',#10751,#8236,#8237);
#7481=AXIS2_PLACEMENT_3D('',#10752,#8238,#8239);
#7482=AXIS2_PLACEMENT_3D('',#10753,#8240,#8241);
#7483=AXIS2_PLACEMENT_3D('',#10946,#8254,#8255);
#7484=AXIS2_PLACEMENT_3D('',#11133,#8266,#8267);
#7485=AXIS2_PLACEMENT_3D('',#11134,#8268,#8269);
#7486=AXIS2_PLACEMENT_3D('',#11135,#8270,#8271);
#7487=AXIS2_PLACEMENT_3D('',#11144,#8276,#8277);
#7488=AXIS2_PLACEMENT_3D('',#11150,#8281,#8282);
#7489=AXIS2_PLACEMENT_3D('',#11156,#8286,#8287);
#7490=AXIS2_PLACEMENT_3D('',#11162,#8291,#8292);
#7491=AXIS2_PLACEMENT_3D('',#11168,#8296,#8297);
#7492=AXIS2_PLACEMENT_3D('',#11174,#8301,#8302);
#7493=AXIS2_PLACEMENT_3D('',#11180,#8306,#8307);
#7494=AXIS2_PLACEMENT_3D('',#11183,#8310,#8311);
#7495=AXIS2_PLACEMENT_3D('',#11184,#8312,#8313);
#7496=AXIS2_PLACEMENT_3D('',#11185,#8314,#8315);
#7497=AXIS2_PLACEMENT_3D('',#11194,#8320,#8321);
#7498=AXIS2_PLACEMENT_3D('',#11200,#8325,#8326);
#7499=AXIS2_PLACEMENT_3D('',#11206,#8330,#8331);
#7500=AXIS2_PLACEMENT_3D('',#11209,#8334,#8335);
#7501=AXIS2_PLACEMENT_3D('',#11210,#8336,#8337);
#7502=AXIS2_PLACEMENT_3D('',#11211,#8338,#8339);
#7503=AXIS2_PLACEMENT_3D('',#11220,#8344,#8345);
#7504=AXIS2_PLACEMENT_3D('',#11226,#8349,#8350);
#7505=AXIS2_PLACEMENT_3D('',#11232,#8354,#8355);
#7506=AXIS2_PLACEMENT_3D('',#11238,#8359,#8360);
#7507=AXIS2_PLACEMENT_3D('',#11244,#8364,#8365);
#7508=AXIS2_PLACEMENT_3D('',#11250,#8369,#8370);
#7509=AXIS2_PLACEMENT_3D('',#11256,#8374,#8375);
#7510=AXIS2_PLACEMENT_3D('',#11262,#8379,#8380);
#7511=AXIS2_PLACEMENT_3D('',#11268,#8384,#8385);
#7512=AXIS2_PLACEMENT_3D('',#11274,#8389,#8390);
#7513=AXIS2_PLACEMENT_3D('',#11280,#8394,#8395);
#7514=AXIS2_PLACEMENT_3D('',#11286,#8399,#8400);
#7515=AXIS2_PLACEMENT_3D('',#11289,#8403,#8404);
#7516=AXIS2_PLACEMENT_3D('',#11290,#8405,#8406);
#7517=AXIS2_PLACEMENT_3D('',#11291,#8407,#8408);
#7518=AXIS2_PLACEMENT_3D('',#11300,#8413,#8414);
#7519=AXIS2_PLACEMENT_3D('',#11306,#8418,#8419);
#7520=AXIS2_PLACEMENT_3D('',#11312,#8423,#8424);
#7521=AXIS2_PLACEMENT_3D('',#11318,#8428,#8429);
#7522=AXIS2_PLACEMENT_3D('',#11324,#8433,#8434);
#7523=AXIS2_PLACEMENT_3D('',#11330,#8438,#8439);
#7524=AXIS2_PLACEMENT_3D('',#11336,#8443,#8444);
#7525=AXIS2_PLACEMENT_3D('',#11342,#8448,#8449);
#7526=AXIS2_PLACEMENT_3D('',#11345,#8452,#8453);
#7527=AXIS2_PLACEMENT_3D('',#11346,#8454,#8455);
#7528=AXIS2_PLACEMENT_3D('',#11347,#8456,#8457);
#7529=AXIS2_PLACEMENT_3D('',#11356,#8462,#8463);
#7530=AXIS2_PLACEMENT_3D('',#11362,#8467,#8468);
#7531=AXIS2_PLACEMENT_3D('',#11368,#8472,#8473);
#7532=AXIS2_PLACEMENT_3D('',#11374,#8477,#8478);
#7533=AXIS2_PLACEMENT_3D('',#11380,#8482,#8483);
#7534=AXIS2_PLACEMENT_3D('',#11383,#8486,#8487);
#7535=AXIS2_PLACEMENT_3D('',#11384,#8488,#8489);
#7536=AXIS2_PLACEMENT_3D('',#11385,#8490,#8491);
#7537=AXIS2_PLACEMENT_3D('',#11532,#8502,#8503);
#7538=AXIS2_PLACEMENT_3D('',#11538,#8507,#8508);
#7539=AXIS2_PLACEMENT_3D('',#11541,#8511,#8512);
#7540=AXIS2_PLACEMENT_3D('',#11550,#8517,#8518);
#7541=AXIS2_PLACEMENT_3D('',#11717,#8529,#8530);
#7542=AXIS2_PLACEMENT_3D('',#11723,#8534,#8535);
#7543=AXIS2_PLACEMENT_3D('',#11729,#8539,#8540);
#7544=AXIS2_PLACEMENT_3D('',#11804,#8547,#8548);
#7545=AXIS2_PLACEMENT_3D('',#11810,#8552,#8553);
#7546=AXIS2_PLACEMENT_3D('',#11816,#8557,#8558);
#7547=AXIS2_PLACEMENT_3D('',#11819,#8561,#8562);
#7548=AXIS2_PLACEMENT_3D('',#11820,#8563,#8564);
#7549=AXIS2_PLACEMENT_3D('',#11821,#8565,#8566);
#7550=AXIS2_PLACEMENT_3D('',#11824,#8567,#8568);
#7551=AXIS2_PLACEMENT_3D('',#11828,#8570,#8571);
#7552=AXIS2_PLACEMENT_3D('',#11830,#8573,#8574);
#7553=AXIS2_PLACEMENT_3D('',#11836,#8578,#8579);
#7554=AXIS2_PLACEMENT_3D('',#11838,#8580,#8581);
#7555=AXIS2_PLACEMENT_3D('',#11841,#8583,#8584);
#7556=AXIS2_PLACEMENT_3D('',#11842,#8585,#8586);
#7557=AXIS2_PLACEMENT_3D('',#11848,#8590,#8591);
#7558=AXIS2_PLACEMENT_3D('',#11850,#8592,#8593);
#7559=AXIS2_PLACEMENT_3D('',#11853,#8595,#8596);
#7560=AXIS2_PLACEMENT_3D('',#11854,#8597,#8598);
#7561=AXIS2_PLACEMENT_3D('',#11860,#8602,#8603);
#7562=AXIS2_PLACEMENT_3D('',#11862,#8604,#8605);
#7563=AXIS2_PLACEMENT_3D('',#11865,#8607,#8608);
#7564=AXIS2_PLACEMENT_3D('',#11866,#8609,#8610);
#7565=AXIS2_PLACEMENT_3D('',#11869,#8613,#8614);
#7566=AXIS2_PLACEMENT_3D('',#11872,#8615,#8616);
#7567=AXIS2_PLACEMENT_3D('',#11876,#8618,#8619);
#7568=AXIS2_PLACEMENT_3D('',#11878,#8621,#8622);
#7569=AXIS2_PLACEMENT_3D('',#11884,#8626,#8627);
#7570=AXIS2_PLACEMENT_3D('',#11886,#8628,#8629);
#7571=AXIS2_PLACEMENT_3D('',#11889,#8631,#8632);
#7572=AXIS2_PLACEMENT_3D('',#11890,#8633,#8634);
#7573=AXIS2_PLACEMENT_3D('',#11896,#8638,#8639);
#7574=AXIS2_PLACEMENT_3D('',#11898,#8640,#8641);
#7575=AXIS2_PLACEMENT_3D('',#11901,#8643,#8644);
#7576=AXIS2_PLACEMENT_3D('',#11902,#8645,#8646);
#7577=AXIS2_PLACEMENT_3D('',#11908,#8650,#8651);
#7578=AXIS2_PLACEMENT_3D('',#11910,#8652,#8653);
#7579=AXIS2_PLACEMENT_3D('',#11913,#8655,#8656);
#7580=AXIS2_PLACEMENT_3D('',#11914,#8657,#8658);
#7581=AXIS2_PLACEMENT_3D('',#11917,#8661,#8662);
#7582=AXIS2_PLACEMENT_3D('',#11920,#8663,#8664);
#7583=AXIS2_PLACEMENT_3D('',#11924,#8666,#8667);
#7584=AXIS2_PLACEMENT_3D('',#11926,#8669,#8670);
#7585=AXIS2_PLACEMENT_3D('',#11932,#8674,#8675);
#7586=AXIS2_PLACEMENT_3D('',#11934,#8676,#8677);
#7587=AXIS2_PLACEMENT_3D('',#11937,#8679,#8680);
#7588=AXIS2_PLACEMENT_3D('',#11938,#8681,#8682);
#7589=AXIS2_PLACEMENT_3D('',#11944,#8686,#8687);
#7590=AXIS2_PLACEMENT_3D('',#11946,#8688,#8689);
#7591=AXIS2_PLACEMENT_3D('',#11949,#8691,#8692);
#7592=AXIS2_PLACEMENT_3D('',#11950,#8693,#8694);
#7593=AXIS2_PLACEMENT_3D('',#11956,#8698,#8699);
#7594=AXIS2_PLACEMENT_3D('',#11958,#8700,#8701);
#7595=AXIS2_PLACEMENT_3D('',#11961,#8703,#8704);
#7596=AXIS2_PLACEMENT_3D('',#11962,#8705,#8706);
#7597=AXIS2_PLACEMENT_3D('',#11965,#8709,#8710);
#7598=AXIS2_PLACEMENT_3D('',#11968,#8711,#8712);
#7599=AXIS2_PLACEMENT_3D('',#11972,#8714,#8715);
#7600=AXIS2_PLACEMENT_3D('',#11974,#8717,#8718);
#7601=AXIS2_PLACEMENT_3D('',#11980,#8722,#8723);
#7602=AXIS2_PLACEMENT_3D('',#11982,#8724,#8725);
#7603=AXIS2_PLACEMENT_3D('',#11985,#8727,#8728);
#7604=AXIS2_PLACEMENT_3D('',#11986,#8729,#8730);
#7605=AXIS2_PLACEMENT_3D('',#11992,#8734,#8735);
#7606=AXIS2_PLACEMENT_3D('',#11995,#8736,#8737);
#7607=AXIS2_PLACEMENT_3D('',#11999,#8739,#8740);
#7608=AXIS2_PLACEMENT_3D('',#12001,#8742,#8743);
#7609=AXIS2_PLACEMENT_3D('',#12007,#8747,#8748);
#7610=AXIS2_PLACEMENT_3D('',#12010,#8749,#8750);
#7611=AXIS2_PLACEMENT_3D('',#12014,#8752,#8753);
#7612=AXIS2_PLACEMENT_3D('',#12016,#8755,#8756);
#7613=AXIS2_PLACEMENT_3D('',#12019,#8759,#8760);
#7614=AXIS2_PLACEMENT_3D('',#12021,#8761,#8762);
#7615=AXIS2_PLACEMENT_3D('',#12024,#8764,#8765);
#7616=AXIS2_PLACEMENT_3D('',#12025,#8766,#8767);
#7617=AXIS2_PLACEMENT_3D('',#12031,#8771,#8772);
#7618=AXIS2_PLACEMENT_3D('',#12033,#8773,#8774);
#7619=AXIS2_PLACEMENT_3D('',#12036,#8776,#8777);
#7620=AXIS2_PLACEMENT_3D('',#12037,#8778,#8779);
#7621=AXIS2_PLACEMENT_3D('',#12040,#8782,#8783);
#7622=AXIS2_PLACEMENT_3D('',#12043,#8784,#8785);
#7623=AXIS2_PLACEMENT_3D('',#12047,#8787,#8788);
#7624=AXIS2_PLACEMENT_3D('',#12049,#8790,#8791);
#7625=AXIS2_PLACEMENT_3D('',#12055,#8795,#8796);
#7626=AXIS2_PLACEMENT_3D('',#12058,#8797,#8798);
#7627=AXIS2_PLACEMENT_3D('',#12062,#8800,#8801);
#7628=AXIS2_PLACEMENT_3D('',#12064,#8803,#8804);
#7629=AXIS2_PLACEMENT_3D('',#12067,#8807,#8808);
#7630=AXIS2_PLACEMENT_3D('',#12069,#8809,#8810);
#7631=AXIS2_PLACEMENT_3D('',#12072,#8812,#8813);
#7632=AXIS2_PLACEMENT_3D('',#12073,#8814,#8815);
#7633=AXIS2_PLACEMENT_3D('',#12079,#8819,#8820);
#7634=AXIS2_PLACEMENT_3D('',#12081,#8821,#8822);
#7635=AXIS2_PLACEMENT_3D('',#12084,#8824,#8825);
#7636=AXIS2_PLACEMENT_3D('',#12085,#8826,#8827);
#7637=AXIS2_PLACEMENT_3D('',#12088,#8830,#8831);
#7638=AXIS2_PLACEMENT_3D('',#12091,#8832,#8833);
#7639=AXIS2_PLACEMENT_3D('',#12095,#8835,#8836);
#7640=AXIS2_PLACEMENT_3D('',#12097,#8838,#8839);
#7641=AXIS2_PLACEMENT_3D('',#12100,#8842,#8843);
#7642=AXIS2_PLACEMENT_3D('',#12102,#8844,#8845);
#7643=AXIS2_PLACEMENT_3D('',#12105,#8847,#8848);
#7644=AXIS2_PLACEMENT_3D('',#12106,#8849,#8850);
#7645=AXIS2_PLACEMENT_3D('',#12109,#8853,#8854);
#7646=AXIS2_PLACEMENT_3D('',#12112,#8855,#8856);
#7647=AXIS2_PLACEMENT_3D('',#12116,#8858,#8859);
#7648=AXIS2_PLACEMENT_3D('',#12118,#8861,#8862);
#7649=AXIS2_PLACEMENT_3D('',#12124,#8866,#8867);
#7650=AXIS2_PLACEMENT_3D('',#12126,#8868,#8869);
#7651=AXIS2_PLACEMENT_3D('',#12129,#8871,#8872);
#7652=AXIS2_PLACEMENT_3D('',#12130,#8873,#8874);
#7653=AXIS2_PLACEMENT_3D('',#12136,#8878,#8879);
#7654=AXIS2_PLACEMENT_3D('',#12138,#8880,#8881);
#7655=AXIS2_PLACEMENT_3D('',#12141,#8883,#8884);
#7656=AXIS2_PLACEMENT_3D('',#12142,#8885,#8886);
#7657=AXIS2_PLACEMENT_3D('',#12148,#8890,#8891);
#7658=AXIS2_PLACEMENT_3D('',#12151,#8892,#8893);
#7659=AXIS2_PLACEMENT_3D('',#12155,#8895,#8896);
#7660=AXIS2_PLACEMENT_3D('',#12157,#8898,#8899);
#7661=AXIS2_PLACEMENT_3D('',#12163,#8903,#8904);
#7662=AXIS2_PLACEMENT_3D('',#12166,#8905,#8906);
#7663=AXIS2_PLACEMENT_3D('',#12170,#8908,#8909);
#7664=AXIS2_PLACEMENT_3D('',#12172,#8911,#8912);
#7665=AXIS2_PLACEMENT_3D('',#12175,#8915,#8916);
#7666=AXIS2_PLACEMENT_3D('',#12177,#8917,#8918);
#7667=AXIS2_PLACEMENT_3D('',#12180,#8920,#8921);
#7668=AXIS2_PLACEMENT_3D('',#12181,#8922,#8923);
#7669=AXIS2_PLACEMENT_3D('',#12184,#8926,#8927);
#7670=AXIS2_PLACEMENT_3D('',#12186,#8928,#8929);
#7671=AXIS2_PLACEMENT_3D('',#12189,#8931,#8932);
#7672=AXIS2_PLACEMENT_3D('',#12190,#8933,#8934);
#7673=AXIS2_PLACEMENT_3D('',#12196,#8938,#8939);
#7674=AXIS2_PLACEMENT_3D('',#12199,#8940,#8941);
#7675=AXIS2_PLACEMENT_3D('',#12203,#8943,#8944);
#7676=AXIS2_PLACEMENT_3D('',#12205,#8946,#8947);
#7677=AXIS2_PLACEMENT_3D('',#12211,#8951,#8952);
#7678=AXIS2_PLACEMENT_3D('',#12213,#8953,#8954);
#7679=AXIS2_PLACEMENT_3D('',#12216,#8956,#8957);
#7680=AXIS2_PLACEMENT_3D('',#12217,#8958,#8959);
#7681=AXIS2_PLACEMENT_3D('',#12220,#8962,#8963);
#7682=AXIS2_PLACEMENT_3D('',#12223,#8964,#8965);
#7683=AXIS2_PLACEMENT_3D('',#12227,#8967,#8968);
#7684=AXIS2_PLACEMENT_3D('',#12229,#8970,#8971);
#7685=AXIS2_PLACEMENT_3D('',#12232,#8974,#8975);
#7686=AXIS2_PLACEMENT_3D('',#12235,#8976,#8977);
#7687=AXIS2_PLACEMENT_3D('',#12239,#8979,#8980);
#7688=AXIS2_PLACEMENT_3D('',#12241,#8982,#8983);
#7689=AXIS2_PLACEMENT_3D('',#12247,#8987,#8988);
#7690=AXIS2_PLACEMENT_3D('',#12249,#8989,#8990);
#7691=AXIS2_PLACEMENT_3D('',#12252,#8992,#8993);
#7692=AXIS2_PLACEMENT_3D('',#12253,#8994,#8995);
#7693=AXIS2_PLACEMENT_3D('',#12259,#8999,#9000);
#7694=AXIS2_PLACEMENT_3D('',#12261,#9001,#9002);
#7695=AXIS2_PLACEMENT_3D('',#12264,#9004,#9005);
#7696=AXIS2_PLACEMENT_3D('',#12265,#9006,#9007);
#7697=AXIS2_PLACEMENT_3D('',#12271,#9011,#9012);
#7698=AXIS2_PLACEMENT_3D('',#12274,#9013,#9014);
#7699=AXIS2_PLACEMENT_3D('',#12278,#9016,#9017);
#7700=AXIS2_PLACEMENT_3D('',#12280,#9019,#9020);
#7701=AXIS2_PLACEMENT_3D('',#12283,#9023,#9024);
#7702=AXIS2_PLACEMENT_3D('',#12285,#9025,#9026);
#7703=AXIS2_PLACEMENT_3D('',#12288,#9028,#9029);
#7704=AXIS2_PLACEMENT_3D('',#12289,#9030,#9031);
#7705=AXIS2_PLACEMENT_3D('',#12292,#9034,#9035);
#7706=AXIS2_PLACEMENT_3D('',#12294,#9036,#9037);
#7707=AXIS2_PLACEMENT_3D('',#12297,#9039,#9040);
#7708=AXIS2_PLACEMENT_3D('',#12298,#9041,#9042);
#7709=AXIS2_PLACEMENT_3D('',#12301,#9045,#9046);
#7710=AXIS2_PLACEMENT_3D('',#12303,#9047,#9048);
#7711=AXIS2_PLACEMENT_3D('',#12306,#9050,#9051);
#7712=AXIS2_PLACEMENT_3D('',#12307,#9052,#9053);
#7713=AXIS2_PLACEMENT_3D('',#12310,#9055,#9056);
#7714=AXIS2_PLACEMENT_3D('',#12311,#9057,#9058);
#7715=AXIS2_PLACEMENT_3D('',#12313,#9059,#9060);
#7716=AXIS2_PLACEMENT_3D('',#12316,#9062,#9063);
#7717=AXIS2_PLACEMENT_3D('',#12317,#9064,#9065);
#7718=AXIS2_PLACEMENT_3D('',#12320,#9067,#9068);
#7719=AXIS2_PLACEMENT_3D('',#12321,#9069,#9070);
#7720=AXIS2_PLACEMENT_3D('',#12323,#9071,#9072);
#7721=AXIS2_PLACEMENT_3D('',#12326,#9074,#9075);
#7722=AXIS2_PLACEMENT_3D('',#12327,#9076,#9077);
#7723=AXIS2_PLACEMENT_3D('',#12330,#9079,#9080);
#7724=AXIS2_PLACEMENT_3D('',#12331,#9081,#9082);
#7725=AXIS2_PLACEMENT_3D('',#12333,#9083,#9084);
#7726=AXIS2_PLACEMENT_3D('',#12336,#9086,#9087);
#7727=AXIS2_PLACEMENT_3D('',#12337,#9088,#9089);
#7728=AXIS2_PLACEMENT_3D('',#12340,#9091,#9092);
#7729=AXIS2_PLACEMENT_3D('',#12341,#9093,#9094);
#7730=AXIS2_PLACEMENT_3D('',#12343,#9095,#9096);
#7731=AXIS2_PLACEMENT_3D('',#12346,#9098,#9099);
#7732=AXIS2_PLACEMENT_3D('',#12347,#9100,#9101);
#7733=AXIS2_PLACEMENT_3D('',#12350,#9103,#9104);
#7734=AXIS2_PLACEMENT_3D('',#12351,#9105,#9106);
#7735=AXIS2_PLACEMENT_3D('',#12353,#9107,#9108);
#7736=AXIS2_PLACEMENT_3D('',#12356,#9110,#9111);
#7737=AXIS2_PLACEMENT_3D('',#12357,#9112,#9113);
#7738=AXIS2_PLACEMENT_3D('',#12360,#9115,#9116);
#7739=AXIS2_PLACEMENT_3D('',#12361,#9117,#9118);
#7740=AXIS2_PLACEMENT_3D('',#12363,#9119,#9120);
#7741=AXIS2_PLACEMENT_3D('',#12366,#9122,#9123);
#7742=AXIS2_PLACEMENT_3D('',#12367,#9124,#9125);
#7743=AXIS2_PLACEMENT_3D('',#12370,#9127,#9128);
#7744=AXIS2_PLACEMENT_3D('',#12371,#9129,#9130);
#7745=AXIS2_PLACEMENT_3D('',#12373,#9131,#9132);
#7746=AXIS2_PLACEMENT_3D('',#12376,#9134,#9135);
#7747=AXIS2_PLACEMENT_3D('',#12377,#9136,#9137);
#7748=AXIS2_PLACEMENT_3D('',#12380,#9139,#9140);
#7749=AXIS2_PLACEMENT_3D('',#12381,#9141,#9142);
#7750=AXIS2_PLACEMENT_3D('',#12383,#9143,#9144);
#7751=AXIS2_PLACEMENT_3D('',#12386,#9146,#9147);
#7752=AXIS2_PLACEMENT_3D('',#12387,#9148,#9149);
#7753=AXIS2_PLACEMENT_3D('',#12390,#9151,#9152);
#7754=AXIS2_PLACEMENT_3D('',#12391,#9153,#9154);
#7755=AXIS2_PLACEMENT_3D('',#12393,#9155,#9156);
#7756=AXIS2_PLACEMENT_3D('',#12396,#9158,#9159);
#7757=AXIS2_PLACEMENT_3D('',#12397,#9160,#9161);
#7758=AXIS2_PLACEMENT_3D('',#12400,#9163,#9164);
#7759=AXIS2_PLACEMENT_3D('',#12401,#9165,#9166);
#7760=AXIS2_PLACEMENT_3D('',#12404,#9167,#9168);
#7761=AXIS2_PLACEMENT_3D('',#12408,#9170,#9171);
#7762=AXIS2_PLACEMENT_3D('',#12410,#9173,#9174);
#7763=AXIS2_PLACEMENT_3D('',#12416,#9178,#9179);
#7764=AXIS2_PLACEMENT_3D('',#12419,#9180,#9181);
#7765=AXIS2_PLACEMENT_3D('',#12423,#9183,#9184);
#7766=AXIS2_PLACEMENT_3D('',#12425,#9186,#9187);
#7767=AXIS2_PLACEMENT_3D('',#12428,#9190,#9191);
#7768=AXIS2_PLACEMENT_3D('',#12431,#9192,#9193);
#7769=AXIS2_PLACEMENT_3D('',#12435,#9195,#9196);
#7770=AXIS2_PLACEMENT_3D('',#12437,#9198,#9199);
#7771=AXIS2_PLACEMENT_3D('',#12440,#9202,#9203);
#7772=AXIS2_PLACEMENT_3D('',#12442,#9204,#9205);
#7773=AXIS2_PLACEMENT_3D('',#12445,#9207,#9208);
#7774=AXIS2_PLACEMENT_3D('',#12446,#9209,#9210);
#7775=AXIS2_PLACEMENT_3D('',#12449,#9213,#9214);
#7776=AXIS2_PLACEMENT_3D('',#12452,#9215,#9216);
#7777=AXIS2_PLACEMENT_3D('',#12456,#9218,#9219);
#7778=AXIS2_PLACEMENT_3D('',#12458,#9221,#9222);
#7779=AXIS2_PLACEMENT_3D('',#12464,#9226,#9227);
#7780=AXIS2_PLACEMENT_3D('',#12466,#9228,#9229);
#7781=AXIS2_PLACEMENT_3D('',#12469,#9231,#9232);
#7782=AXIS2_PLACEMENT_3D('',#12470,#9233,#9234);
#7783=AXIS2_PLACEMENT_3D('',#12476,#9238,#9239);
#7784=AXIS2_PLACEMENT_3D('',#12478,#9240,#9241);
#7785=AXIS2_PLACEMENT_3D('',#12481,#9243,#9244);
#7786=AXIS2_PLACEMENT_3D('',#12482,#9245,#9246);
#7787=AXIS2_PLACEMENT_3D('',#12488,#9250,#9251);
#7788=AXIS2_PLACEMENT_3D('',#12490,#9252,#9253);
#7789=AXIS2_PLACEMENT_3D('',#12493,#9255,#9256);
#7790=AXIS2_PLACEMENT_3D('',#12494,#9257,#9258);
#7791=AXIS2_PLACEMENT_3D('',#12497,#9261,#9262);
#7792=AXIS2_PLACEMENT_3D('',#12499,#9263,#9264);
#7793=AXIS2_PLACEMENT_3D('',#12502,#9266,#9267);
#7794=AXIS2_PLACEMENT_3D('',#12503,#9268,#9269);
#7795=AXIS2_PLACEMENT_3D('',#12505,#9270,#9271);
#7796=AXIS2_PLACEMENT_3D('',#12508,#9273,#9274);
#7797=AXIS2_PLACEMENT_3D('',#12509,#9275,#9276);
#7798=AXIS2_PLACEMENT_3D('',#12511,#9277,#9278);
#7799=AXIS2_PLACEMENT_3D('',#12514,#9280,#9281);
#7800=AXIS2_PLACEMENT_3D('',#12515,#9282,#9283);
#7801=AXIS2_PLACEMENT_3D('',#12517,#9284,#9285);
#7802=AXIS2_PLACEMENT_3D('',#12520,#9287,#9288);
#7803=AXIS2_PLACEMENT_3D('',#12521,#9289,#9290);
#7804=AXIS2_PLACEMENT_3D('',#12530,#9295,#9296);
#7805=AXIS2_PLACEMENT_3D('',#12532,#9297,#9298);
#7806=AXIS2_PLACEMENT_3D('',#12534,#9299,#9300);
#7807=AXIS2_PLACEMENT_3D('',#12536,#9302,#9303);
#7808=AXIS2_PLACEMENT_3D('',#12542,#9307,#9308);
#7809=AXIS2_PLACEMENT_3D('',#12544,#9309,#9310);
#7810=AXIS2_PLACEMENT_3D('',#12546,#9311,#9312);
#7811=AXIS2_PLACEMENT_3D('',#12548,#9314,#9315);
#7812=AXIS2_PLACEMENT_3D('',#12554,#9319,#9320);
#7813=AXIS2_PLACEMENT_3D('',#12556,#9321,#9322);
#7814=AXIS2_PLACEMENT_3D('',#12558,#9323,#9324);
#7815=AXIS2_PLACEMENT_3D('',#12560,#9326,#9327);
#7816=AXIS2_PLACEMENT_3D('',#12566,#9331,#9332);
#7817=AXIS2_PLACEMENT_3D('',#12567,#9333,#9334);
#7818=AXIS2_PLACEMENT_3D('',#12568,#9335,#9336);
#7819=AXIS2_PLACEMENT_3D('',#12569,#9337,#9338);
#7820=AXIS2_PLACEMENT_3D('',#12571,#9339,#9340);
#7821=AXIS2_PLACEMENT_3D('',#12574,#9342,#9343);
#7822=AXIS2_PLACEMENT_3D('',#12575,#9344,#9345);
#7823=AXIS2_PLACEMENT_3D('',#12577,#9346,#9347);
#7824=AXIS2_PLACEMENT_3D('',#12580,#9349,#9350);
#7825=AXIS2_PLACEMENT_3D('',#12581,#9351,#9352);
#7826=AXIS2_PLACEMENT_3D('',#12583,#9353,#9354);
#7827=AXIS2_PLACEMENT_3D('',#12586,#9356,#9357);
#7828=AXIS2_PLACEMENT_3D('',#12587,#9358,#9359);
#7829=AXIS2_PLACEMENT_3D('',#12589,#9360,#9361);
#7830=AXIS2_PLACEMENT_3D('',#12592,#9363,#9364);
#7831=AXIS2_PLACEMENT_3D('',#12593,#9365,#9366);
#7832=AXIS2_PLACEMENT_3D('',#12595,#9367,#9368);
#7833=AXIS2_PLACEMENT_3D('',#12598,#9370,#9371);
#7834=AXIS2_PLACEMENT_3D('',#12599,#9372,#9373);
#7835=AXIS2_PLACEMENT_3D('',#12601,#9374,#9375);
#7836=AXIS2_PLACEMENT_3D('',#12604,#9377,#9378);
#7837=AXIS2_PLACEMENT_3D('',#12605,#9379,#9380);
#7838=AXIS2_PLACEMENT_3D('',#12607,#9381,#9382);
#7839=AXIS2_PLACEMENT_3D('',#12610,#9384,#9385);
#7840=AXIS2_PLACEMENT_3D('',#12611,#9386,#9387);
#7841=AXIS2_PLACEMENT_3D('',#12613,#9388,#9389);
#7842=AXIS2_PLACEMENT_3D('',#12616,#9391,#9392);
#7843=AXIS2_PLACEMENT_3D('',#12617,#9393,#9394);
#7844=AXIS2_PLACEMENT_3D('',#12619,#9395,#9396);
#7845=AXIS2_PLACEMENT_3D('',#12622,#9398,#9399);
#7846=AXIS2_PLACEMENT_3D('',#12623,#9400,#9401);
#7847=AXIS2_PLACEMENT_3D('',#12625,#9402,#9403);
#7848=AXIS2_PLACEMENT_3D('',#12628,#9405,#9406);
#7849=AXIS2_PLACEMENT_3D('',#12629,#9407,#9408);
#7850=AXIS2_PLACEMENT_3D('',#12631,#9409,#9410);
#7851=AXIS2_PLACEMENT_3D('',#12634,#9412,#9413);
#7852=AXIS2_PLACEMENT_3D('',#12635,#9414,#9415);
#7853=AXIS2_PLACEMENT_3D('',#12637,#9416,#9417);
#7854=AXIS2_PLACEMENT_3D('',#12640,#9419,#9420);
#7855=AXIS2_PLACEMENT_3D('',#12641,#9421,#9422);
#7856=AXIS2_PLACEMENT_3D('',#12643,#9423,#9424);
#7857=AXIS2_PLACEMENT_3D('',#12646,#9426,#9427);
#7858=AXIS2_PLACEMENT_3D('',#12647,#9428,#9429);
#7859=AXIS2_PLACEMENT_3D('',#12650,#9430,#9431);
#7860=AXIS2_PLACEMENT_3D('',#12654,#9433,#9434);
#7861=AXIS2_PLACEMENT_3D('',#12656,#9436,#9437);
#7862=AXIS2_PLACEMENT_3D('',#12662,#9441,#9442);
#7863=AXIS2_PLACEMENT_3D('',#12669,#9446,#9447);
#7864=AXIS2_PLACEMENT_3D('',#12670,#9448,#9449);
#7865=AXIS2_PLACEMENT_3D('',#12672,#9450,#9451);
#7866=AXIS2_PLACEMENT_3D('',#12674,#9453,#9454);
#7867=AXIS2_PLACEMENT_3D('',#12678,#9457,#9458);
#7868=AXIS2_PLACEMENT_3D('',#12683,#9460,#9461);
#7869=AXIS2_PLACEMENT_3D('',#12686,#9463,#9464);
#7870=AXIS2_PLACEMENT_3D('',#12687,#9465,#9466);
#7871=AXIS2_PLACEMENT_3D('',#12695,#9471,#9472);
#7872=AXIS2_PLACEMENT_3D('',#12701,#9476,#9477);
#7873=AXIS2_PLACEMENT_3D('',#12704,#9479,#9480);
#7874=AXIS2_PLACEMENT_3D('',#12706,#9482,#9483);
#7875=AXIS2_PLACEMENT_3D('',#12709,#9485,#9486);
#7876=AXIS2_PLACEMENT_3D('',#12710,#9487,#9488);
#7877=AXIS2_PLACEMENT_3D('',#12714,#9491,#9492);
#7878=AXIS2_PLACEMENT_3D('',#12716,#9494,#9495);
#7879=AXIS2_PLACEMENT_3D('',#12718,#9497,#9498);
#7880=AXIS2_PLACEMENT_3D('',#12719,#9499,#9500);
#7881=AXIS2_PLACEMENT_3D('',#12723,#9502,#9503);
#7882=AXIS2_PLACEMENT_3D('',#12726,#9505,#9506);
#7883=AXIS2_PLACEMENT_3D('',#12727,#9507,#9508);
#7884=AXIS2_PLACEMENT_3D('',#12730,#9511,#9512);
#7885=AXIS2_PLACEMENT_3D('',#12732,#9513,#9514);
#7886=AXIS2_PLACEMENT_3D('',#12734,#9516,#9517);
#7887=AXIS2_PLACEMENT_3D('',#12737,#9519,#9520);
#7888=AXIS2_PLACEMENT_3D('',#12738,#9521,#9522);
#7889=AXIS2_PLACEMENT_3D('',#12740,#9524,#9525);
#7890=AXIS2_PLACEMENT_3D('',#12741,#9526,#9527);
#7891=AXIS2_PLACEMENT_3D('',#12747,#9531,#9532);
#7892=AXIS2_PLACEMENT_3D('',#12752,#9534,#9535);
#7893=AXIS2_PLACEMENT_3D('',#12755,#9537,#9538);
#7894=AXIS2_PLACEMENT_3D('',#12756,#9539,#9540);
#7895=AXIS2_PLACEMENT_3D('',#12759,#9543,#9544);
#7896=AXIS2_PLACEMENT_3D('',#12762,#9546,#9547);
#7897=AXIS2_PLACEMENT_3D('',#12764,#9549,#9550);
#7898=AXIS2_PLACEMENT_3D('',#12767,#9552,#9553);
#7899=AXIS2_PLACEMENT_3D('',#12768,#9554,#9555);
#7900=AXIS2_PLACEMENT_3D('',#12770,#9557,#9558);
#7901=AXIS2_PLACEMENT_3D('',#12772,#9560,#9561);
#7902=AXIS2_PLACEMENT_3D('',#12773,#9562,#9563);
#7903=AXIS2_PLACEMENT_3D('',#12779,#9567,#9568);
#7904=AXIS2_PLACEMENT_3D('',#12783,#9571,#9572);
#7905=AXIS2_PLACEMENT_3D('',#12787,#9574,#9575);
#7906=AXIS2_PLACEMENT_3D('',#12790,#9577,#9578);
#7907=AXIS2_PLACEMENT_3D('',#12791,#9579,#9580);
#7908=AXIS2_PLACEMENT_3D('',#12794,#9583,#9584);
#7909=AXIS2_PLACEMENT_3D('',#12796,#9585,#9586);
#7910=AXIS2_PLACEMENT_3D('',#12798,#9588,#9589);
#7911=AXIS2_PLACEMENT_3D('',#12801,#9591,#9592);
#7912=AXIS2_PLACEMENT_3D('',#12802,#9593,#9594);
#7913=AXIS2_PLACEMENT_3D('',#12804,#9596,#9597);
#7914=AXIS2_PLACEMENT_3D('',#12805,#9598,#9599);
#7915=AXIS2_PLACEMENT_3D('',#12807,#9600,#9601);
#7916=AXIS2_PLACEMENT_3D('',#12810,#9603,#9604);
#7917=AXIS2_PLACEMENT_3D('',#12811,#9605,#9606);
#7918=AXIS2_PLACEMENT_3D('',#12814,#9608,#9609);
#7919=AXIS2_PLACEMENT_3D('',#12815,#9610,#9611);
#7920=AXIS2_PLACEMENT_3D('',#12817,#9612,#9613);
#7921=AXIS2_PLACEMENT_3D('',#12820,#9615,#9616);
#7922=AXIS2_PLACEMENT_3D('',#12821,#9617,#9618);
#7923=AXIS2_PLACEMENT_3D('',#12824,#9620,#9621);
#7924=AXIS2_PLACEMENT_3D('',#12825,#9622,#9623);
#7925=AXIS2_PLACEMENT_3D('',#12827,#9624,#9625);
#7926=AXIS2_PLACEMENT_3D('',#12830,#9627,#9628);
#7927=AXIS2_PLACEMENT_3D('',#12831,#9629,#9630);
#7928=AXIS2_PLACEMENT_3D('',#12834,#9632,#9633);
#7929=AXIS2_PLACEMENT_3D('',#12835,#9634,#9635);
#7930=AXIS2_PLACEMENT_3D('',#12837,#9636,#9637);
#7931=AXIS2_PLACEMENT_3D('',#12840,#9639,#9640);
#7932=AXIS2_PLACEMENT_3D('',#12841,#9641,#9642);
#7933=AXIS2_PLACEMENT_3D('',#12844,#9644,#9645);
#7934=AXIS2_PLACEMENT_3D('',#12845,#9646,#9647);
#7935=AXIS2_PLACEMENT_3D('',#12847,#9648,#9649);
#7936=AXIS2_PLACEMENT_3D('',#12850,#9651,#9652);
#7937=AXIS2_PLACEMENT_3D('',#12851,#9653,#9654);
#7938=AXIS2_PLACEMENT_3D('',#12854,#9656,#9657);
#7939=AXIS2_PLACEMENT_3D('',#12855,#9658,#9659);
#7940=AXIS2_PLACEMENT_3D('',#12857,#9660,#9661);
#7941=AXIS2_PLACEMENT_3D('',#12860,#9663,#9664);
#7942=AXIS2_PLACEMENT_3D('',#12861,#9665,#9666);
#7943=AXIS2_PLACEMENT_3D('',#12864,#9668,#9669);
#7944=AXIS2_PLACEMENT_3D('',#12865,#9670,#9671);
#7945=AXIS2_PLACEMENT_3D('',#12867,#9672,#9673);
#7946=AXIS2_PLACEMENT_3D('',#12870,#9675,#9676);
#7947=AXIS2_PLACEMENT_3D('',#12871,#9677,#9678);
#7948=AXIS2_PLACEMENT_3D('',#12874,#9680,#9681);
#7949=AXIS2_PLACEMENT_3D('',#12875,#9682,#9683);
#7950=AXIS2_PLACEMENT_3D('',#12877,#9684,#9685);
#7951=AXIS2_PLACEMENT_3D('',#12880,#9687,#9688);
#7952=AXIS2_PLACEMENT_3D('',#12881,#9689,#9690);
#7953=AXIS2_PLACEMENT_3D('',#12884,#9692,#9693);
#7954=AXIS2_PLACEMENT_3D('',#12885,#9694,#9695);
#7955=AXIS2_PLACEMENT_3D('',#12887,#9696,#9697);
#7956=AXIS2_PLACEMENT_3D('',#12890,#9699,#9700);
#7957=AXIS2_PLACEMENT_3D('',#12891,#9701,#9702);
#7958=AXIS2_PLACEMENT_3D('',#12894,#9704,#9705);
#7959=AXIS2_PLACEMENT_3D('',#12895,#9706,#9707);
#7960=AXIS2_PLACEMENT_3D('',#12897,#9708,#9709);
#7961=AXIS2_PLACEMENT_3D('',#12900,#9711,#9712);
#7962=AXIS2_PLACEMENT_3D('',#12901,#9713,#9714);
#7963=AXIS2_PLACEMENT_3D('',#12904,#9716,#9717);
#7964=AXIS2_PLACEMENT_3D('',#12905,#9718,#9719);
#7965=AXIS2_PLACEMENT_3D('',#12907,#9720,#9721);
#7966=AXIS2_PLACEMENT_3D('',#12910,#9723,#9724);
#7967=AXIS2_PLACEMENT_3D('',#12911,#9725,#9726);
#7968=AXIS2_PLACEMENT_3D('',#12914,#9728,#9729);
#7969=AXIS2_PLACEMENT_3D('',#12915,#9730,#9731);
#7970=AXIS2_PLACEMENT_3D('',#12917,#9732,#9733);
#7971=AXIS2_PLACEMENT_3D('',#12920,#9735,#9736);
#7972=AXIS2_PLACEMENT_3D('',#12921,#9737,#9738);
#7973=AXIS2_PLACEMENT_3D('',#12924,#9740,#9741);
#7974=AXIS2_PLACEMENT_3D('',#12925,#9742,#9743);
#7975=AXIS2_PLACEMENT_3D('',#12927,#9744,#9745);
#7976=AXIS2_PLACEMENT_3D('',#12930,#9747,#9748);
#7977=AXIS2_PLACEMENT_3D('',#12931,#9749,#9750);
#7978=AXIS2_PLACEMENT_3D('',#12934,#9752,#9753);
#7979=AXIS2_PLACEMENT_3D('',#12935,#9754,#9755);
#7980=AXIS2_PLACEMENT_3D('',#12937,#9756,#9757);
#7981=AXIS2_PLACEMENT_3D('',#12940,#9759,#9760);
#7982=AXIS2_PLACEMENT_3D('',#12941,#9761,#9762);
#7983=AXIS2_PLACEMENT_3D('',#12944,#9764,#9765);
#7984=AXIS2_PLACEMENT_3D('',#12945,#9766,#9767);
#7985=AXIS2_PLACEMENT_3D('',#12947,#9768,#9769);
#7986=AXIS2_PLACEMENT_3D('',#12950,#9771,#9772);
#7987=AXIS2_PLACEMENT_3D('',#12951,#9773,#9774);
#7988=AXIS2_PLACEMENT_3D('',#12954,#9776,#9777);
#7989=AXIS2_PLACEMENT_3D('',#12955,#9778,#9779);
#7990=AXIS2_PLACEMENT_3D('',#12957,#9780,#9781);
#7991=AXIS2_PLACEMENT_3D('',#12960,#9783,#9784);
#7992=AXIS2_PLACEMENT_3D('',#12961,#9785,#9786);
#7993=AXIS2_PLACEMENT_3D('',#12964,#9788,#9789);
#7994=AXIS2_PLACEMENT_3D('',#12965,#9790,#9791);
#7995=AXIS2_PLACEMENT_3D('',#12968,#9794,#9795);
#7996=AXIS2_PLACEMENT_3D('',#12971,#9798,#9799);
#7997=AXIS2_PLACEMENT_3D('',#12972,#9800,#9801);
#7998=AXIS2_PLACEMENT_3D('',#12973,#9802,#9803);
#7999=AXIS2_PLACEMENT_3D('',#12974,#9804,#9805);
#8000=DIRECTION('axis',(0.,0.,1.));
#8001=DIRECTION('refdir',(1.,0.,0.));
#8002=DIRECTION('axis',(0.,0.,1.));
#8003=DIRECTION('refdir',(1.,0.,0.));
#8004=DIRECTION('',(0.,0.707106781186534,0.707106781186561));
#8005=DIRECTION('',(0.,0.707106781186534,0.707106781186561));
#8006=DIRECTION('',(0.,0.707106781186534,0.707106781186561));
#8007=DIRECTION('',(0.,0.707106781186534,0.707106781186561));
#8008=DIRECTION('',(0.,0.707106781186534,0.707106781186561));
#8009=DIRECTION('',(0.,0.707106781186534,0.707106781186561));
#8010=DIRECTION('',(0.,0.707106781186534,0.707106781186561));
#8011=DIRECTION('',(0.,0.707106781186534,0.707106781186561));
#8012=DIRECTION('',(0.,0.707106781186534,0.707106781186561));
#8013=DIRECTION('',(0.,0.707106781186534,0.707106781186561));
#8014=DIRECTION('',(0.,0.707106781186534,0.707106781186561));
#8015=DIRECTION('',(0.,0.707106781186534,0.707106781186561));
#8016=DIRECTION('',(0.,0.707106781186534,0.707106781186561));
#8017=DIRECTION('',(0.,0.707106781186534,0.707106781186561));
#8018=DIRECTION('',(0.,0.707106781186534,0.707106781186561));
#8019=DIRECTION('',(0.,0.707106781186534,0.707106781186561));
#8020=DIRECTION('',(0.,0.707106781186534,0.707106781186561));
#8021=DIRECTION('',(0.,0.707106781186534,0.707106781186561));
#8022=DIRECTION('center_axis',(6.75083416201484E-17,0.707106781186547,0.707106781186548));
#8023=DIRECTION('ref_axis',(-1.,9.54712122925301E-17,-1.23259516440783E-32));
#8024=DIRECTION('center_axis',(6.75083416201484E-17,0.707106781186547,0.707106781186548));
#8025=DIRECTION('ref_axis',(-1.,9.54712122925301E-17,-1.23259516440783E-32));
#8026=DIRECTION('center_axis',(-1.,4.7735606146266E-17,-4.77356061462641E-17));
#8027=DIRECTION('ref_axis',(-6.75083416201485E-17,-0.707106781186548,0.707106781186547));
#8028=DIRECTION('',(6.75083416201485E-17,0.707106781186548,-0.707106781186547));
#8029=DIRECTION('',(0.,0.707106781186534,0.707106781186561));
#8030=DIRECTION('',(-6.75083416201485E-17,-0.707106781186548,0.707106781186547));
#8031=DIRECTION('',(0.,0.707106781186534,0.707106781186561));
#8032=DIRECTION('center_axis',(6.75083416201498E-17,0.707106781186561,-0.707106781186534));
#8033=DIRECTION('ref_axis',(-1.,9.54712122925301E-17,-1.23259516440783E-32));
#8034=DIRECTION('',(1.,-9.54712122925301E-17,1.23259516440783E-32));
#8035=DIRECTION('',(-1.,9.54712122925301E-17,-1.23259516440783E-32));
#8036=DIRECTION('',(0.,0.707106781186534,0.707106781186561));
#8037=DIRECTION('center_axis',(1.,-4.7735606146266E-17,4.77356061462641E-17));
#8038=DIRECTION('ref_axis',(6.75083416201485E-17,0.707106781186548,-0.707106781186547));
#8039=DIRECTION('',(-6.75083416201485E-17,-0.707106781186548,0.707106781186547));
#8040=DIRECTION('',(6.75083416201485E-17,0.707106781186548,-0.707106781186547));
#8041=DIRECTION('',(0.,0.707106781186534,0.707106781186561));
#8042=DIRECTION('center_axis',(6.75083416201498E-17,0.707106781186561,-0.707106781186534));
#8043=DIRECTION('ref_axis',(-1.,9.54712122925301E-17,-1.23259516440783E-32));
#8044=DIRECTION('',(1.,-9.54712122925301E-17,1.23259516440783E-32));
#8045=DIRECTION('',(-1.,9.54712122925301E-17,-1.23259516440783E-32));
#8046=DIRECTION('',(0.,0.707106781186534,0.707106781186561));
#8047=DIRECTION('center_axis',(1.,-4.7735606146266E-17,4.77356061462641E-17));
#8048=DIRECTION('ref_axis',(6.75083416201485E-17,0.707106781186548,-0.707106781186547));
#8049=DIRECTION('',(-6.75083416201485E-17,-0.707106781186548,0.707106781186547));
#8050=DIRECTION('',(6.75083416201485E-17,0.707106781186548,-0.707106781186547));
#8051=DIRECTION('',(0.,0.707106781186534,0.707106781186561));
#8052=DIRECTION('center_axis',(-6.75083416201498E-17,-0.707106781186561,
0.707106781186534));
#8053=DIRECTION('ref_axis',(1.,-9.54712122925301E-17,1.23259516440783E-32));
#8054=DIRECTION('',(-1.,9.54712122925301E-17,-1.23259516440783E-32));
#8055=DIRECTION('',(1.,-9.54712122925301E-17,1.23259516440783E-32));
#8056=DIRECTION('center_axis',(0.,0.707106781186534,0.707106781186561));
#8057=DIRECTION('ref_axis',(1.,0.,0.));
#8058=DIRECTION('center_axis',(6.75083416201484E-17,0.707106781186547,0.707106781186548));
#8059=DIRECTION('ref_axis',(-1.,9.54712122925301E-17,-1.23259516440783E-32));
#8060=DIRECTION('center_axis',(-0.937457462051283,-0.246143765759333,0.246143765759324));
#8061=DIRECTION('ref_axis',(0.348099851830429,-0.662882528490394,0.662882528490392));
#8062=DIRECTION('',(-0.348099851830429,0.662882528490394,-0.662882528490392));
#8063=DIRECTION('',(0.,0.707106781186534,0.707106781186561));
#8064=DIRECTION('',(0.348099851830429,-0.662882528490394,0.662882528490392));
#8065=DIRECTION('',(0.,0.707106781186534,0.707106781186561));
#8066=DIRECTION('center_axis',(0.939692524584098,-0.24184494954492,0.241844949544911));
#8067=DIRECTION('ref_axis',(0.342020407637856,0.664462956363722,-0.664462956363721));
#8068=DIRECTION('',(-0.342020407637856,-0.664462956363722,0.664462956363721));
#8069=DIRECTION('',(0.342020407637856,0.664462956363722,-0.664462956363721));
#8070=DIRECTION('',(0.,0.707106781186534,0.707106781186561));
#8071=DIRECTION('center_axis',(6.75083416201498E-17,0.707106781186561,-0.707106781186534));
#8072=DIRECTION('ref_axis',(-1.,9.54712122925301E-17,-1.23259516440783E-32));
#8073=DIRECTION('',(1.,-9.54712122925301E-17,1.23259516440783E-32));
#8074=DIRECTION('',(-1.,9.54712122925301E-17,-1.23259516440783E-32));
#8075=DIRECTION('center_axis',(-6.75083416201498E-17,-0.707106781186561,
0.707106781186534));
#8076=DIRECTION('ref_axis',(1.,-9.54712122925301E-17,1.23259516440783E-32));
#8077=DIRECTION('',(-1.,9.54712122925301E-17,-1.23259516440783E-32));
#8078=DIRECTION('',(0.,0.707106781186534,0.707106781186561));
#8079=DIRECTION('',(1.,-9.54712122925301E-17,1.23259516440783E-32));
#8080=DIRECTION('',(0.,0.707106781186534,0.707106781186561));
#8081=DIRECTION('center_axis',(-0.933417804424238,-0.253703766609643,0.253703766609633));
#8082=DIRECTION('ref_axis',(0.358791307564488,-0.660026059188638,0.660026059188637));
#8083=DIRECTION('',(-0.358791307564488,0.660026059188638,-0.660026059188637));
#8084=DIRECTION('',(0.358791307564488,-0.660026059188638,0.660026059188637));
#8085=DIRECTION('',(0.,0.707106781186534,0.707106781186561));
#8086=DIRECTION('center_axis',(-6.75083416201498E-17,-0.707106781186561,
0.707106781186534));
#8087=DIRECTION('ref_axis',(1.,-9.54712122925301E-17,1.23259516440783E-32));
#8088=DIRECTION('',(-1.,9.54712122925301E-17,-1.23259516440783E-32));
#8089=DIRECTION('',(1.,-9.54712122925301E-17,1.23259516440783E-32));
#8090=DIRECTION('',(0.,0.707106781186534,0.707106781186561));
#8091=DIRECTION('center_axis',(0.939875816297497,-0.241488560742657,0.241488560742647));
#8092=DIRECTION('ref_axis',(0.341516397760217,0.664592563177202,-0.664592563177201));
#8093=DIRECTION('',(-0.341516397760217,-0.664592563177202,0.664592563177201));
#8094=DIRECTION('',(0.341516397760217,0.664592563177202,-0.664592563177201));
#8095=DIRECTION('',(0.,0.707106781186534,0.707106781186561));
#8096=DIRECTION('center_axis',(-6.75083416201498E-17,-0.707106781186561,
0.707106781186534));
#8097=DIRECTION('ref_axis',(1.,-9.54712122925301E-17,1.23259516440783E-32));
#8098=DIRECTION('',(-1.,9.54712122925301E-17,-1.23259516440783E-32));
#8099=DIRECTION('',(1.,-9.54712122925301E-17,1.23259516440783E-32));
#8100=DIRECTION('',(0.,0.707106781186534,0.707106781186561));
#8101=DIRECTION('center_axis',(-0.931813715589253,0.256635149034341,-0.256635149034331));
#8102=DIRECTION('ref_axis',(-0.362936908345998,-0.658891797095794,0.658891797095793));
#8103=DIRECTION('',(0.362936908345998,0.658891797095794,-0.658891797095793));
#8104=DIRECTION('',(-0.362936908345998,-0.658891797095794,0.658891797095793));
#8105=DIRECTION('',(0.,0.707106781186534,0.707106781186561));
#8106=DIRECTION('center_axis',(6.75083416201498E-17,0.707106781186561,-0.707106781186534));
#8107=DIRECTION('ref_axis',(-1.,9.54712122925301E-17,-1.23259516440783E-32));
#8108=DIRECTION('',(1.,-9.54712122925301E-17,1.23259516440783E-32));
#8109=DIRECTION('',(-1.,9.54712122925301E-17,-1.23259516440783E-32));
#8110=DIRECTION('',(0.,0.707106781186534,0.707106781186561));
#8111=DIRECTION('center_axis',(0.928345633425881,0.262844426323924,-0.262844426323914));
#8112=DIRECTION('ref_axis',(-0.371718152501462,0.656439492680362,-0.65643949268036));
#8113=DIRECTION('',(0.371718152501462,-0.656439492680362,0.65643949268036));
#8114=DIRECTION('',(-0.371718152501462,0.656439492680362,-0.65643949268036));
#8115=DIRECTION('center_axis',(0.,0.707106781186534,0.707106781186561));
#8116=DIRECTION('ref_axis',(1.,0.,0.));
#8117=DIRECTION('center_axis',(6.75083416201484E-17,0.707106781186547,0.707106781186548));
#8118=DIRECTION('ref_axis',(-1.,9.54712122925301E-17,-1.23259516440783E-32));
#8119=DIRECTION('center_axis',(1.,-4.7735606146266E-17,4.77356061462641E-17));
#8120=DIRECTION('ref_axis',(6.75083416201485E-17,0.707106781186548,-0.707106781186547));
#8121=DIRECTION('',(-6.75083416201485E-17,-0.707106781186548,0.707106781186547));
#8122=DIRECTION('',(0.,0.707106781186534,0.707106781186561));
#8123=DIRECTION('',(6.75083416201485E-17,0.707106781186548,-0.707106781186547));
#8124=DIRECTION('',(0.,0.707106781186534,0.707106781186561));
#8125=DIRECTION('center_axis',(6.75083416201498E-17,0.707106781186561,-0.707106781186534));
#8126=DIRECTION('ref_axis',(-1.,9.54712122925301E-17,-1.23259516440783E-32));
#8127=DIRECTION('',(1.,-9.54712122925301E-17,1.23259516440783E-32));
#8128=DIRECTION('',(-1.,9.54712122925301E-17,-1.23259516440783E-32));
#8129=DIRECTION('',(0.,0.707106781186534,0.707106781186561));
#8130=DIRECTION('',(0.,0.707106781186534,0.707106781186561));
#8131=DIRECTION('',(0.,0.707106781186534,0.707106781186561));
#8132=DIRECTION('',(0.,0.707106781186534,0.707106781186561));
#8133=DIRECTION('',(0.,0.707106781186534,0.707106781186561));
#8134=DIRECTION('',(0.,0.707106781186534,0.707106781186561));
#8135=DIRECTION('',(0.,0.707106781186534,0.707106781186561));
#8136=DIRECTION('center_axis',(-6.75083416201498E-17,-0.707106781186561,
0.707106781186534));
#8137=DIRECTION('ref_axis',(1.,-9.54712122925301E-17,1.23259516440783E-32));
#8138=DIRECTION('',(-1.,9.54712122925301E-17,-1.23259516440783E-32));
#8139=DIRECTION('',(1.,-9.54712122925301E-17,1.23259516440783E-32));
#8140=DIRECTION('center_axis',(-1.,4.7735606146266E-17,-4.77356061462641E-17));
#8141=DIRECTION('ref_axis',(-6.75083416201485E-17,-0.707106781186548,0.707106781186547));
#8142=DIRECTION('',(6.75083416201485E-17,0.707106781186548,-0.707106781186547));
#8143=DIRECTION('',(0.,0.707106781186534,0.707106781186561));
#8144=DIRECTION('',(-6.75083416201485E-17,-0.707106781186548,0.707106781186547));
#8145=DIRECTION('',(0.,0.707106781186534,0.707106781186561));
#8146=DIRECTION('center_axis',(6.75083416201498E-17,0.707106781186561,-0.707106781186534));
#8147=DIRECTION('ref_axis',(-1.,9.54712122925301E-17,-1.23259516440783E-32));
#8148=DIRECTION('',(1.,-9.54712122925301E-17,1.23259516440783E-32));
#8149=DIRECTION('',(-1.,9.54712122925301E-17,-1.23259516440783E-32));
#8150=DIRECTION('',(0.,0.707106781186534,0.707106781186561));
#8151=DIRECTION('',(0.,0.707106781186534,0.707106781186561));
#8152=DIRECTION('',(0.,0.707106781186534,0.707106781186561));
#8153=DIRECTION('',(0.,0.707106781186534,0.707106781186561));
#8154=DIRECTION('',(0.,0.707106781186534,0.707106781186561));
#8155=DIRECTION('',(0.,0.707106781186534,0.707106781186561));
#8156=DIRECTION('',(0.,0.707106781186534,0.707106781186561));
#8157=DIRECTION('',(0.,0.707106781186534,0.707106781186561));
#8158=DIRECTION('center_axis',(-6.75083416201498E-17,-0.707106781186561,
0.707106781186534));
#8159=DIRECTION('ref_axis',(1.,-9.54712122925301E-17,1.23259516440783E-32));
#8160=DIRECTION('',(-1.,9.54712122925301E-17,-1.23259516440783E-32));
#8161=DIRECTION('',(1.,-9.54712122925301E-17,1.23259516440783E-32));
#8162=DIRECTION('',(0.,0.707106781186534,0.707106781186561));
#8163=DIRECTION('center_axis',(1.,-4.7735606146266E-17,4.77356061462641E-17));
#8164=DIRECTION('ref_axis',(6.75083416201485E-17,0.707106781186548,-0.707106781186547));
#8165=DIRECTION('',(-6.75083416201485E-17,-0.707106781186548,0.707106781186547));
#8166=DIRECTION('',(6.75083416201485E-17,0.707106781186548,-0.707106781186547));
#8167=DIRECTION('',(0.,0.707106781186534,0.707106781186561));
#8168=DIRECTION('center_axis',(-6.75083416201498E-17,-0.707106781186561,
0.707106781186534));
#8169=DIRECTION('ref_axis',(1.,-9.54712122925301E-17,1.23259516440783E-32));
#8170=DIRECTION('',(-1.,9.54712122925301E-17,-1.23259516440783E-32));
#8171=DIRECTION('',(1.,-9.54712122925301E-17,1.23259516440783E-32));
#8172=DIRECTION('center_axis',(6.75083416201484E-17,0.707106781186547,0.707106781186548));
#8173=DIRECTION('ref_axis',(-1.,9.54712122925301E-17,-1.23259516440783E-32));
#8174=DIRECTION('center_axis',(6.75083416201484E-17,0.707106781186547,0.707106781186548));
#8175=DIRECTION('ref_axis',(-1.,9.54712122925301E-17,-1.23259516440783E-32));
#8176=DIRECTION('center_axis',(-1.,4.7735606146266E-17,-4.77356061462641E-17));
#8177=DIRECTION('ref_axis',(-6.75083416201485E-17,-0.707106781186548,0.707106781186547));
#8178=DIRECTION('',(6.75083416201485E-17,0.707106781186548,-0.707106781186547));
#8179=DIRECTION('',(0.,0.707106781186534,0.707106781186561));
#8180=DIRECTION('',(-6.75083416201485E-17,-0.707106781186548,0.707106781186547));
#8181=DIRECTION('',(0.,0.707106781186534,0.707106781186561));
#8182=DIRECTION('center_axis',(6.75083416201498E-17,0.707106781186561,-0.707106781186534));
#8183=DIRECTION('ref_axis',(-1.,9.54712122925301E-17,-1.23259516440783E-32));
#8184=DIRECTION('',(1.,-9.54712122925301E-17,1.23259516440783E-32));
#8185=DIRECTION('',(-1.,9.54712122925301E-17,-1.23259516440783E-32));
#8186=DIRECTION('',(0.,0.707106781186534,0.707106781186561));
#8187=DIRECTION('center_axis',(1.,-4.7735606146266E-17,4.77356061462641E-17));
#8188=DIRECTION('ref_axis',(6.75083416201485E-17,0.707106781186548,-0.707106781186547));
#8189=DIRECTION('',(-6.75083416201485E-17,-0.707106781186548,0.707106781186547));
#8190=DIRECTION('',(6.75083416201485E-17,0.707106781186548,-0.707106781186547));
#8191=DIRECTION('',(0.,0.707106781186534,0.707106781186561));
#8192=DIRECTION('center_axis',(6.75083416201498E-17,0.707106781186561,-0.707106781186534));
#8193=DIRECTION('ref_axis',(-1.,9.54712122925301E-17,-1.23259516440783E-32));
#8194=DIRECTION('',(1.,-9.54712122925301E-17,1.23259516440783E-32));
#8195=DIRECTION('',(-1.,9.54712122925301E-17,-1.23259516440783E-32));
#8196=DIRECTION('',(0.,0.707106781186534,0.707106781186561));
#8197=DIRECTION('center_axis',(-1.,4.7735606146266E-17,-4.77356061462641E-17));
#8198=DIRECTION('ref_axis',(-6.75083416201485E-17,-0.707106781186548,0.707106781186547));
#8199=DIRECTION('',(6.75083416201485E-17,0.707106781186548,-0.707106781186547));
#8200=DIRECTION('',(-6.75083416201485E-17,-0.707106781186548,0.707106781186547));
#8201=DIRECTION('',(0.,0.707106781186534,0.707106781186561));
#8202=DIRECTION('center_axis',(6.75083416201498E-17,0.707106781186561,-0.707106781186534));
#8203=DIRECTION('ref_axis',(-1.,9.54712122925301E-17,-1.23259516440783E-32));
#8204=DIRECTION('',(1.,-9.54712122925301E-17,1.23259516440783E-32));
#8205=DIRECTION('',(-1.,9.54712122925301E-17,-1.23259516440783E-32));
#8206=DIRECTION('',(0.,0.707106781186534,0.707106781186561));
#8207=DIRECTION('center_axis',(1.,-4.7735606146266E-17,4.77356061462641E-17));
#8208=DIRECTION('ref_axis',(6.75083416201485E-17,0.707106781186548,-0.707106781186547));
#8209=DIRECTION('',(-6.75083416201485E-17,-0.707106781186548,0.707106781186547));
#8210=DIRECTION('',(6.75083416201485E-17,0.707106781186548,-0.707106781186547));
#8211=DIRECTION('',(0.,0.707106781186534,0.707106781186561));
#8212=DIRECTION('center_axis',(-6.75083416201498E-17,-0.707106781186561,
0.707106781186534));
#8213=DIRECTION('ref_axis',(1.,-9.54712122925301E-17,1.23259516440783E-32));
#8214=DIRECTION('',(-1.,9.54712122925301E-17,-1.23259516440783E-32));
#8215=DIRECTION('',(1.,-9.54712122925301E-17,1.23259516440783E-32));
#8216=DIRECTION('',(0.,0.707106781186534,0.707106781186561));
#8217=DIRECTION('center_axis',(-1.,4.7735606146266E-17,-4.77356061462641E-17));
#8218=DIRECTION('ref_axis',(-6.75083416201485E-17,-0.707106781186548,0.707106781186547));
#8219=DIRECTION('',(6.75083416201485E-17,0.707106781186548,-0.707106781186547));
#8220=DIRECTION('',(-6.75083416201485E-17,-0.707106781186548,0.707106781186547));
#8221=DIRECTION('',(0.,0.707106781186534,0.707106781186561));
#8222=DIRECTION('center_axis',(-6.75083416201498E-17,-0.707106781186561,
0.707106781186534));
#8223=DIRECTION('ref_axis',(1.,-9.54712122925301E-17,1.23259516440783E-32));
#8224=DIRECTION('',(-1.,9.54712122925301E-17,-1.23259516440783E-32));
#8225=DIRECTION('',(1.,-9.54712122925301E-17,1.23259516440783E-32));
#8226=DIRECTION('',(0.,0.707106781186534,0.707106781186561));
#8227=DIRECTION('center_axis',(1.,-4.7735606146266E-17,4.77356061462641E-17));
#8228=DIRECTION('ref_axis',(6.75083416201485E-17,0.707106781186548,-0.707106781186547));
#8229=DIRECTION('',(-6.75083416201485E-17,-0.707106781186548,0.707106781186547));
#8230=DIRECTION('',(6.75083416201485E-17,0.707106781186548,-0.707106781186547));
#8231=DIRECTION('',(0.,0.707106781186534,0.707106781186561));
#8232=DIRECTION('center_axis',(-6.75083416201498E-17,-0.707106781186561,
0.707106781186534));
#8233=DIRECTION('ref_axis',(1.,-9.54712122925301E-17,1.23259516440783E-32));
#8234=DIRECTION('',(-1.,9.54712122925301E-17,-1.23259516440783E-32));
#8235=DIRECTION('',(1.,-9.54712122925301E-17,1.23259516440783E-32));
#8236=DIRECTION('center_axis',(0.,0.707106781186534,0.707106781186561));
#8237=DIRECTION('ref_axis',(1.,0.,0.));
#8238=DIRECTION('center_axis',(6.75083416201484E-17,0.707106781186547,0.707106781186548));
#8239=DIRECTION('ref_axis',(-1.,9.54712122925301E-17,-1.23259516440783E-32));
#8240=DIRECTION('center_axis',(0.302244118011768,0.674035790269079,-0.674035790269053));
#8241=DIRECTION('ref_axis',(-0.95323055612338,0.213718865419868,-0.213718865419868));
#8242=DIRECTION('',(0.95323055612338,-0.213718865419868,0.213718865419868));
#8243=DIRECTION('',(0.,0.707106781186534,0.707106781186561));
#8244=DIRECTION('',(-0.95323055612338,0.213718865419868,-0.213718865419868));
#8245=DIRECTION('',(0.,0.707106781186534,0.707106781186561));
#8246=DIRECTION('',(0.,0.707106781186534,0.707106781186561));
#8247=DIRECTION('',(0.,0.707106781186534,0.707106781186561));
#8248=DIRECTION('',(0.,0.707106781186534,0.707106781186561));
#8249=DIRECTION('',(0.,0.707106781186534,0.707106781186561));
#8250=DIRECTION('',(0.,0.707106781186534,0.707106781186561));
#8251=DIRECTION('',(0.,0.707106781186534,0.707106781186561));
#8252=DIRECTION('',(0.,0.707106781186534,0.707106781186561));
#8253=DIRECTION('',(0.,0.707106781186534,0.707106781186561));
#8254=DIRECTION('center_axis',(0.232367523069571,-0.687751893571566,0.687751893571539));
#8255=DIRECTION('ref_axis',(0.972628055436667,0.164308651290015,-0.164308651290015));
#8256=DIRECTION('',(-0.972628055436667,-0.164308651290015,0.164308651290015));
#8257=DIRECTION('',(0.972628055436667,0.164308651290015,-0.164308651290015));
#8258=DIRECTION('',(0.,0.707106781186534,0.707106781186561));
#8259=DIRECTION('',(0.,0.707106781186534,0.707106781186561));
#8260=DIRECTION('',(0.,0.707106781186534,0.707106781186561));
#8261=DIRECTION('',(0.,0.707106781186534,0.707106781186561));
#8262=DIRECTION('',(0.,0.707106781186534,0.707106781186561));
#8263=DIRECTION('',(0.,0.707106781186534,0.707106781186561));
#8264=DIRECTION('',(0.,0.707106781186534,0.707106781186561));
#8265=DIRECTION('',(0.,0.707106781186534,0.707106781186561));
#8266=DIRECTION('center_axis',(6.75083416201484E-17,0.707106781186547,0.707106781186548));
#8267=DIRECTION('ref_axis',(-1.,9.54712122925301E-17,-1.23259516440783E-32));
#8268=DIRECTION('center_axis',(6.75083416201484E-17,0.707106781186547,0.707106781186548));
#8269=DIRECTION('ref_axis',(-1.,9.54712122925301E-17,-1.23259516440783E-32));
#8270=DIRECTION('center_axis',(-1.,4.7735606146266E-17,-4.77356061462641E-17));
#8271=DIRECTION('ref_axis',(-6.75083416201485E-17,-0.707106781186548,0.707106781186547));
#8272=DIRECTION('',(6.75083416201485E-17,0.707106781186548,-0.707106781186547));
#8273=DIRECTION('',(0.,0.707106781186534,0.707106781186561));
#8274=DIRECTION('',(-6.75083416201485E-17,-0.707106781186548,0.707106781186547));
#8275=DIRECTION('',(0.,0.707106781186534,0.707106781186561));
#8276=DIRECTION('center_axis',(-6.75083416201498E-17,-0.707106781186561,
0.707106781186534));
#8277=DIRECTION('ref_axis',(1.,-9.54712122925301E-17,1.23259516440783E-32));
#8278=DIRECTION('',(-1.,9.54712122925301E-17,-1.23259516440783E-32));
#8279=DIRECTION('',(1.,-9.54712122925301E-17,1.23259516440783E-32));
#8280=DIRECTION('',(0.,0.707106781186534,0.707106781186561));
#8281=DIRECTION('center_axis',(-1.,4.7735606146266E-17,-4.77356061462641E-17));
#8282=DIRECTION('ref_axis',(-6.75083416201485E-17,-0.707106781186548,0.707106781186547));
#8283=DIRECTION('',(6.75083416201485E-17,0.707106781186548,-0.707106781186547));
#8284=DIRECTION('',(-6.75083416201485E-17,-0.707106781186548,0.707106781186547));
#8285=DIRECTION('',(0.,0.707106781186534,0.707106781186561));
#8286=DIRECTION('center_axis',(6.75083416201498E-17,0.707106781186561,-0.707106781186534));
#8287=DIRECTION('ref_axis',(-1.,9.54712122925301E-17,-1.23259516440783E-32));
#8288=DIRECTION('',(1.,-9.54712122925301E-17,1.23259516440783E-32));
#8289=DIRECTION('',(-1.,9.54712122925301E-17,-1.23259516440783E-32));
#8290=DIRECTION('',(0.,0.707106781186534,0.707106781186561));
#8291=DIRECTION('center_axis',(1.,-4.7735606146266E-17,4.77356061462641E-17));
#8292=DIRECTION('ref_axis',(6.75083416201485E-17,0.707106781186548,-0.707106781186547));
#8293=DIRECTION('',(-6.75083416201485E-17,-0.707106781186548,0.707106781186547));
#8294=DIRECTION('',(6.75083416201485E-17,0.707106781186548,-0.707106781186547));
#8295=DIRECTION('',(0.,0.707106781186534,0.707106781186561));
#8296=DIRECTION('center_axis',(-6.75083416201498E-17,-0.707106781186561,
0.707106781186534));
#8297=DIRECTION('ref_axis',(1.,-9.54712122925301E-17,1.23259516440783E-32));
#8298=DIRECTION('',(-1.,9.54712122925301E-17,-1.23259516440783E-32));
#8299=DIRECTION('',(1.,-9.54712122925301E-17,1.23259516440783E-32));
#8300=DIRECTION('',(0.,0.707106781186534,0.707106781186561));
#8301=DIRECTION('center_axis',(1.,-4.7735606146266E-17,4.77356061462641E-17));
#8302=DIRECTION('ref_axis',(6.75083416201485E-17,0.707106781186548,-0.707106781186547));
#8303=DIRECTION('',(-6.75083416201485E-17,-0.707106781186548,0.707106781186547));
#8304=DIRECTION('',(6.75083416201485E-17,0.707106781186548,-0.707106781186547));
#8305=DIRECTION('',(0.,0.707106781186534,0.707106781186561));
#8306=DIRECTION('center_axis',(-6.75083416201498E-17,-0.707106781186561,
0.707106781186534));
#8307=DIRECTION('ref_axis',(1.,-9.54712122925301E-17,1.23259516440783E-32));
#8308=DIRECTION('',(-1.,9.54712122925301E-17,-1.23259516440783E-32));
#8309=DIRECTION('',(1.,-9.54712122925301E-17,1.23259516440783E-32));
#8310=DIRECTION('center_axis',(0.,0.707106781186534,0.707106781186561));
#8311=DIRECTION('ref_axis',(1.,0.,0.));
#8312=DIRECTION('center_axis',(6.75083416201484E-17,0.707106781186547,0.707106781186548));
#8313=DIRECTION('ref_axis',(-1.,9.54712122925301E-17,-1.23259516440783E-32));
#8314=DIRECTION('center_axis',(-1.,4.7735606146266E-17,-4.77356061462641E-17));
#8315=DIRECTION('ref_axis',(-6.75083416201485E-17,-0.707106781186548,0.707106781186547));
#8316=DIRECTION('',(6.75083416201485E-17,0.707106781186548,-0.707106781186547));
#8317=DIRECTION('',(0.,0.707106781186534,0.707106781186561));
#8318=DIRECTION('',(-6.75083416201485E-17,-0.707106781186548,0.707106781186547));
#8319=DIRECTION('',(0.,0.707106781186534,0.707106781186561));
#8320=DIRECTION('center_axis',(6.75083416201498E-17,0.707106781186561,-0.707106781186534));
#8321=DIRECTION('ref_axis',(-1.,9.54712122925301E-17,-1.23259516440783E-32));
#8322=DIRECTION('',(1.,-9.54712122925301E-17,1.23259516440783E-32));
#8323=DIRECTION('',(-1.,9.54712122925301E-17,-1.23259516440783E-32));
#8324=DIRECTION('',(0.,0.707106781186534,0.707106781186561));
#8325=DIRECTION('center_axis',(1.,-4.7735606146266E-17,4.77356061462641E-17));
#8326=DIRECTION('ref_axis',(6.75083416201485E-17,0.707106781186548,-0.707106781186547));
#8327=DIRECTION('',(-6.75083416201485E-17,-0.707106781186548,0.707106781186547));
#8328=DIRECTION('',(6.75083416201485E-17,0.707106781186548,-0.707106781186547));
#8329=DIRECTION('',(0.,0.707106781186534,0.707106781186561));
#8330=DIRECTION('center_axis',(-6.75083416201498E-17,-0.707106781186561,
0.707106781186534));
#8331=DIRECTION('ref_axis',(1.,-9.54712122925301E-17,1.23259516440783E-32));
#8332=DIRECTION('',(-1.,9.54712122925301E-17,-1.23259516440783E-32));
#8333=DIRECTION('',(1.,-9.54712122925301E-17,1.23259516440783E-32));
#8334=DIRECTION('center_axis',(0.,0.707106781186534,0.707106781186561));
#8335=DIRECTION('ref_axis',(1.,0.,0.));
#8336=DIRECTION('center_axis',(6.75083416201484E-17,0.707106781186547,0.707106781186548));
#8337=DIRECTION('ref_axis',(-1.,9.54712122925301E-17,-1.23259516440783E-32));
#8338=DIRECTION('center_axis',(-0.972663633127418,-0.164203314204334,0.164203314204328));
#8339=DIRECTION('ref_axis',(0.232218553934376,-0.687777050797942,0.68777705079794));
#8340=DIRECTION('',(-0.232218553934376,0.687777050797942,-0.68777705079794));
#8341=DIRECTION('',(0.,0.707106781186534,0.707106781186561));
#8342=DIRECTION('',(0.232218553934376,-0.687777050797942,0.68777705079794));
#8343=DIRECTION('',(0.,0.707106781186534,0.707106781186561));
#8344=DIRECTION('center_axis',(6.75083416201498E-17,0.707106781186561,-0.707106781186534));
#8345=DIRECTION('ref_axis',(-1.,9.54712122925301E-17,-1.23259516440783E-32));
#8346=DIRECTION('',(1.,-9.54712122925301E-17,1.23259516440783E-32));
#8347=DIRECTION('',(-1.,9.54712122925301E-17,-1.23259516440783E-32));
#8348=DIRECTION('',(0.,0.707106781186534,0.707106781186561));
#8349=DIRECTION('center_axis',(0.976754232597325,0.151576992157801,-0.151576992157796));
#8350=DIRECTION('ref_axis',(-0.214362238053279,0.690669541422231,-0.69066954142223));
#8351=DIRECTION('',(0.214362238053279,-0.690669541422231,0.69066954142223));
#8352=DIRECTION('',(-0.214362238053279,0.690669541422231,-0.69066954142223));
#8353=DIRECTION('',(0.,0.707106781186534,0.707106781186561));
#8354=DIRECTION('center_axis',(-0.96636226302522,0.181857054579659,-0.181857054579652));
#8355=DIRECTION('ref_axis',(-0.257184712999773,-0.683321309267912,0.68332130926791));
#8356=DIRECTION('',(0.257184712999773,0.683321309267912,-0.68332130926791));
#8357=DIRECTION('',(-0.257184712999773,-0.683321309267912,0.68332130926791));
#8358=DIRECTION('',(0.,0.707106781186534,0.707106781186561));
#8359=DIRECTION('center_axis',(6.75083416201498E-17,0.707106781186561,-0.707106781186534));
#8360=DIRECTION('ref_axis',(-1.,9.54712122925301E-17,-1.23259516440783E-32));
#8361=DIRECTION('',(1.,-9.54712122925301E-17,1.23259516440783E-32));
#8362=DIRECTION('',(-1.,9.54712122925301E-17,-1.23259516440783E-32));
#8363=DIRECTION('',(0.,0.707106781186534,0.707106781186561));
#8364=DIRECTION('center_axis',(0.969919276101601,0.17212872776871,-0.172128727768703));
#8365=DIRECTION('ref_axis',(-0.243426781284531,0.68583649733499,-0.685836497334988));
#8366=DIRECTION('',(0.243426781284531,-0.68583649733499,0.685836497334988));
#8367=DIRECTION('',(-0.243426781284531,0.68583649733499,-0.685836497334988));
#8368=DIRECTION('',(0.,0.707106781186534,0.707106781186561));
#8369=DIRECTION('center_axis',(-0.976700404061127,0.151750322416185,-0.15175032241618));
#8370=DIRECTION('ref_axis',(-0.214607364055455,-0.690631478899265,0.690631478899263));
#8371=DIRECTION('',(0.214607364055455,0.690631478899265,-0.690631478899263));
#8372=DIRECTION('',(-0.214607364055455,-0.690631478899265,0.690631478899263));
#8373=DIRECTION('',(0.,0.707106781186534,0.707106781186561));
#8374=DIRECTION('center_axis',(6.75083416201498E-17,0.707106781186561,-0.707106781186534));
#8375=DIRECTION('ref_axis',(-1.,9.54712122925301E-17,-1.23259516440783E-32));
#8376=DIRECTION('',(1.,-9.54712122925301E-17,1.23259516440783E-32));
#8377=DIRECTION('',(-1.,9.54712122925301E-17,-1.23259516440783E-32));
#8378=DIRECTION('',(0.,0.707106781186534,0.707106781186561));
#8379=DIRECTION('center_axis',(0.971757990829996,-0.166862828781685,0.166862828781679));
#8380=DIRECTION('ref_axis',(0.235979675518994,0.687136664988106,-0.687136664988104));
#8381=DIRECTION('',(-0.235979675518994,-0.687136664988106,0.687136664988104));
#8382=DIRECTION('',(0.235979675518994,0.687136664988106,-0.687136664988104));
#8383=DIRECTION('',(0.,0.707106781186534,0.707106781186561));
#8384=DIRECTION('center_axis',(-6.75083416201498E-17,-0.707106781186561,
0.707106781186534));
#8385=DIRECTION('ref_axis',(1.,-9.54712122925301E-17,1.23259516440783E-32));
#8386=DIRECTION('',(-1.,9.54712122925301E-17,-1.23259516440783E-32));
#8387=DIRECTION('',(1.,-9.54712122925301E-17,1.23259516440783E-32));
#8388=DIRECTION('',(0.,0.707106781186534,0.707106781186561));
#8389=DIRECTION('center_axis',(-0.966293405788755,-0.182039904868646,0.182039904868639));
#8390=DIRECTION('ref_axis',(0.257443302358343,-0.683272619849073,0.683272619849072));
#8391=DIRECTION('',(-0.257443302358343,0.683272619849073,-0.683272619849072));
#8392=DIRECTION('',(0.257443302358343,-0.683272619849073,0.683272619849072));
#8393=DIRECTION('',(0.,0.707106781186534,0.707106781186561));
#8394=DIRECTION('center_axis',(0.966512502552801,-0.181457408789396,0.181457408789389));
#8395=DIRECTION('ref_axis',(0.256619528503038,0.683427544656667,-0.683427544656665));
#8396=DIRECTION('',(-0.256619528503038,-0.683427544656667,0.683427544656665));
#8397=DIRECTION('',(0.256619528503038,0.683427544656667,-0.683427544656665));
#8398=DIRECTION('',(0.,0.707106781186534,0.707106781186561));
#8399=DIRECTION('center_axis',(-6.75083416201498E-17,-0.707106781186561,
0.707106781186534));
#8400=DIRECTION('ref_axis',(1.,-9.54712122925301E-17,1.23259516440783E-32));
#8401=DIRECTION('',(-1.,9.54712122925301E-17,-1.23259516440783E-32));
#8402=DIRECTION('',(1.,-9.54712122925301E-17,1.23259516440783E-32));
#8403=DIRECTION('center_axis',(0.,0.707106781186534,0.707106781186561));
#8404=DIRECTION('ref_axis',(1.,0.,0.));
#8405=DIRECTION('center_axis',(6.75083416201484E-17,0.707106781186547,0.707106781186548));
#8406=DIRECTION('ref_axis',(-1.,9.54712122925301E-17,-1.23259516440783E-32));
#8407=DIRECTION('center_axis',(-1.,4.7735606146266E-17,-4.77356061462641E-17));
#8408=DIRECTION('ref_axis',(-6.75083416201485E-17,-0.707106781186548,0.707106781186547));
#8409=DIRECTION('',(6.75083416201485E-17,0.707106781186548,-0.707106781186547));
#8410=DIRECTION('',(0.,0.707106781186534,0.707106781186561));
#8411=DIRECTION('',(-6.75083416201485E-17,-0.707106781186548,0.707106781186547));
#8412=DIRECTION('',(0.,0.707106781186534,0.707106781186561));
#8413=DIRECTION('center_axis',(-0.845133878370425,-0.377987253509014,0.377987253508999));
#8414=DIRECTION('ref_axis',(0.534554700316594,-0.597599896406215,0.597599896406214));
#8415=DIRECTION('',(-0.534554700316594,0.597599896406215,-0.597599896406214));
#8416=DIRECTION('',(0.534554700316594,-0.597599896406215,0.597599896406214));
#8417=DIRECTION('',(0.,0.707106781186534,0.707106781186561));
#8418=DIRECTION('center_axis',(6.75083416201498E-17,0.707106781186561,-0.707106781186534));
#8419=DIRECTION('ref_axis',(-1.,9.54712122925301E-17,-1.23259516440783E-32));
#8420=DIRECTION('',(1.,-9.54712122925301E-17,1.23259516440783E-32));
#8421=DIRECTION('',(-1.,9.54712122925301E-17,-1.23259516440783E-32));
#8422=DIRECTION('',(0.,0.707106781186534,0.707106781186561));
#8423=DIRECTION('center_axis',(0.859447896774708,0.36148949689413,-0.361489496894116));
#8424=DIRECTION('ref_axis',(-0.511223349163095,0.607721435885912,-0.607721435885911));
#8425=DIRECTION('',(0.511223349163095,-0.607721435885912,0.607721435885911));
#8426=DIRECTION('',(-0.511223349163095,0.607721435885912,-0.607721435885911));
#8427=DIRECTION('',(0.,0.707106781186534,0.707106781186561));
#8428=DIRECTION('center_axis',(-0.8639950074213,0.356028529159587,-0.356028529159573));
#8429=DIRECTION('ref_axis',(-0.503500374529223,-0.610936728658923,0.610936728658922));
#8430=DIRECTION('',(0.503500374529223,0.610936728658923,-0.610936728658922));
#8431=DIRECTION('',(-0.503500374529223,-0.610936728658923,0.610936728658922));
#8432=DIRECTION('',(0.,0.707106781186534,0.707106781186561));
#8433=DIRECTION('center_axis',(6.75083416201498E-17,0.707106781186561,-0.707106781186534));
#8434=DIRECTION('ref_axis',(-1.,9.54712122925301E-17,-1.23259516440783E-32));
#8435=DIRECTION('',(1.,-9.54712122925301E-17,1.23259516440783E-32));
#8436=DIRECTION('',(-1.,9.54712122925301E-17,-1.23259516440783E-32));
#8437=DIRECTION('',(0.,0.707106781186534,0.707106781186561));
#8438=DIRECTION('center_axis',(0.84480403937243,-0.378355742033894,0.37835574203388));
#8439=DIRECTION('ref_axis',(0.535075821786059,0.597366665014033,-0.597366665014031));
#8440=DIRECTION('',(-0.535075821786059,-0.597366665014033,0.597366665014031));
#8441=DIRECTION('',(0.535075821786059,0.597366665014033,-0.597366665014031));
#8442=DIRECTION('',(0.,0.707106781186534,0.707106781186561));
#8443=DIRECTION('center_axis',(1.,-4.7735606146266E-17,4.77356061462641E-17));
#8444=DIRECTION('ref_axis',(6.75083416201485E-17,0.707106781186548,-0.707106781186547));
#8445=DIRECTION('',(-6.75083416201485E-17,-0.707106781186548,0.707106781186547));
#8446=DIRECTION('',(6.75083416201485E-17,0.707106781186548,-0.707106781186547));
#8447=DIRECTION('',(0.,0.707106781186534,0.707106781186561));
#8448=DIRECTION('center_axis',(-6.75083416201498E-17,-0.707106781186561,
0.707106781186534));
#8449=DIRECTION('ref_axis',(1.,-9.54712122925301E-17,1.23259516440783E-32));
#8450=DIRECTION('',(-1.,9.54712122925301E-17,-1.23259516440783E-32));
#8451=DIRECTION('',(1.,-9.54712122925301E-17,1.23259516440783E-32));
#8452=DIRECTION('center_axis',(0.,0.707106781186534,0.707106781186561));
#8453=DIRECTION('ref_axis',(1.,0.,0.));
#8454=DIRECTION('center_axis',(6.75083416201484E-17,0.707106781186547,0.707106781186548));
#8455=DIRECTION('ref_axis',(-1.,9.54712122925301E-17,-1.23259516440783E-32));
#8456=DIRECTION('center_axis',(-1.,4.7735606146266E-17,-4.77356061462641E-17));
#8457=DIRECTION('ref_axis',(-6.75083416201485E-17,-0.707106781186548,0.707106781186547));
#8458=DIRECTION('',(6.75083416201485E-17,0.707106781186548,-0.707106781186547));
#8459=DIRECTION('',(0.,0.707106781186534,0.707106781186561));
#8460=DIRECTION('',(-6.75083416201485E-17,-0.707106781186548,0.707106781186547));
#8461=DIRECTION('',(0.,0.707106781186534,0.707106781186561));
#8462=DIRECTION('center_axis',(6.75083416201498E-17,0.707106781186561,-0.707106781186534));
#8463=DIRECTION('ref_axis',(-1.,9.54712122925301E-17,-1.23259516440783E-32));
#8464=DIRECTION('',(1.,-9.54712122925301E-17,1.23259516440783E-32));
#8465=DIRECTION('',(-1.,9.54712122925301E-17,-1.23259516440783E-32));
#8466=DIRECTION('',(0.,0.707106781186534,0.707106781186561));
#8467=DIRECTION('center_axis',(1.,-4.7735606146266E-17,4.77356061462641E-17));
#8468=DIRECTION('ref_axis',(6.75083416201485E-17,0.707106781186548,-0.707106781186547));
#8469=DIRECTION('',(-6.75083416201485E-17,-0.707106781186548,0.707106781186547));
#8470=DIRECTION('',(6.75083416201485E-17,0.707106781186548,-0.707106781186547));
#8471=DIRECTION('',(0.,0.707106781186534,0.707106781186561));
#8472=DIRECTION('center_axis',(6.75083416201498E-17,0.707106781186561,-0.707106781186534));
#8473=DIRECTION('ref_axis',(-1.,9.54712122925301E-17,-1.23259516440783E-32));
#8474=DIRECTION('',(1.,-9.54712122925301E-17,1.23259516440783E-32));
#8475=DIRECTION('',(-1.,9.54712122925301E-17,-1.23259516440783E-32));
#8476=DIRECTION('',(0.,0.707106781186534,0.707106781186561));
#8477=DIRECTION('center_axis',(1.,-4.7735606146266E-17,4.77356061462641E-17));
#8478=DIRECTION('ref_axis',(6.75083416201485E-17,0.707106781186548,-0.707106781186547));
#8479=DIRECTION('',(-6.75083416201485E-17,-0.707106781186548,0.707106781186547));
#8480=DIRECTION('',(6.75083416201485E-17,0.707106781186548,-0.707106781186547));
#8481=DIRECTION('',(0.,0.707106781186534,0.707106781186561));
#8482=DIRECTION('center_axis',(-6.75083416201498E-17,-0.707106781186561,
0.707106781186534));
#8483=DIRECTION('ref_axis',(1.,-9.54712122925301E-17,1.23259516440783E-32));
#8484=DIRECTION('',(-1.,9.54712122925301E-17,-1.23259516440783E-32));
#8485=DIRECTION('',(1.,-9.54712122925301E-17,1.23259516440783E-32));
#8486=DIRECTION('center_axis',(0.,0.707106781186534,0.707106781186561));
#8487=DIRECTION('ref_axis',(1.,0.,0.));
#8488=DIRECTION('center_axis',(6.75083416201484E-17,0.707106781186547,0.707106781186548));
#8489=DIRECTION('ref_axis',(-1.,9.54712122925301E-17,-1.23259516440783E-32));
#8490=DIRECTION('center_axis',(6.75083416201498E-17,0.707106781186561,-0.707106781186534));
#8491=DIRECTION('ref_axis',(-1.,9.54712122925301E-17,-1.23259516440783E-32));
#8492=DIRECTION('',(1.,-9.54712122925301E-17,1.23259516440783E-32));
#8493=DIRECTION('',(0.,0.707106781186534,0.707106781186561));
#8494=DIRECTION('',(-1.,9.54712122925301E-17,-1.23259516440783E-32));
#8495=DIRECTION('',(0.,0.707106781186534,0.707106781186561));
#8496=DIRECTION('',(0.,0.707106781186534,0.707106781186561));
#8497=DIRECTION('',(0.,0.707106781186534,0.707106781186561));
#8498=DIRECTION('',(0.,0.707106781186534,0.707106781186561));
#8499=DIRECTION('',(0.,0.707106781186534,0.707106781186561));
#8500=DIRECTION('',(0.,0.707106781186534,0.707106781186561));
#8501=DIRECTION('',(0.,0.707106781186534,0.707106781186561));
#8502=DIRECTION('center_axis',(-6.75083416201498E-17,-0.707106781186561,
0.707106781186534));
#8503=DIRECTION('ref_axis',(1.,-9.54712122925301E-17,1.23259516440783E-32));
#8504=DIRECTION('',(-1.,9.54712122925301E-17,-1.23259516440783E-32));
#8505=DIRECTION('',(1.,-9.54712122925301E-17,1.23259516440783E-32));
#8506=DIRECTION('',(0.,0.707106781186534,0.707106781186561));
#8507=DIRECTION('center_axis',(1.,-4.7735606146266E-17,4.77356061462641E-17));
#8508=DIRECTION('ref_axis',(6.75083416201485E-17,0.707106781186548,-0.707106781186547));
#8509=DIRECTION('',(-6.75083416201485E-17,-0.707106781186548,0.707106781186547));
#8510=DIRECTION('',(6.75083416201485E-17,0.707106781186548,-0.707106781186547));
#8511=DIRECTION('center_axis',(-1.,4.7735606146266E-17,-4.77356061462641E-17));
#8512=DIRECTION('ref_axis',(-6.75083416201485E-17,-0.707106781186548,0.707106781186547));
#8513=DIRECTION('',(6.75083416201485E-17,0.707106781186548,-0.707106781186547));
#8514=DIRECTION('',(0.,0.707106781186534,0.707106781186561));
#8515=DIRECTION('',(-6.75083416201485E-17,-0.707106781186548,0.707106781186547));
#8516=DIRECTION('',(0.,0.707106781186534,0.707106781186561));
#8517=DIRECTION('center_axis',(6.75083416201498E-17,0.707106781186561,-0.707106781186534));
#8518=DIRECTION('ref_axis',(-1.,9.54712122925301E-17,-1.23259516440783E-32));
#8519=DIRECTION('',(1.,-9.54712122925301E-17,1.23259516440783E-32));
#8520=DIRECTION('',(-1.,9.54712122925301E-17,-1.23259516440783E-32));
#8521=DIRECTION('',(0.,0.707106781186534,0.707106781186561));
#8522=DIRECTION('',(0.,0.707106781186534,0.707106781186561));
#8523=DIRECTION('',(0.,0.707106781186534,0.707106781186561));
#8524=DIRECTION('',(0.,0.707106781186534,0.707106781186561));
#8525=DIRECTION('',(0.,0.707106781186534,0.707106781186561));
#8526=DIRECTION('',(0.,0.707106781186534,0.707106781186561));
#8527=DIRECTION('',(0.,0.707106781186534,0.707106781186561));
#8528=DIRECTION('',(0.,0.707106781186534,0.707106781186561));
#8529=DIRECTION('center_axis',(0.847665066048333,0.375142596755745,-0.37514259675573));
#8530=DIRECTION('ref_axis',(-0.530531748155825,0.599389716377719,-0.599389716377718));
#8531=DIRECTION('',(0.530531748155825,-0.599389716377719,0.599389716377718));
#8532=DIRECTION('',(-0.530531748155825,0.599389716377719,-0.599389716377718));
#8533=DIRECTION('',(0.,0.707106781186534,0.707106781186561));
#8534=DIRECTION('center_axis',(-6.75083416201498E-17,-0.707106781186561,
0.707106781186534));
#8535=DIRECTION('ref_axis',(1.,-9.54712122925301E-17,1.23259516440783E-32));
#8536=DIRECTION('',(-1.,9.54712122925301E-17,-1.23259516440783E-32));
#8537=DIRECTION('',(1.,-9.54712122925301E-17,1.23259516440783E-32));
#8538=DIRECTION('',(0.,0.707106781186534,0.707106781186561));
#8539=DIRECTION('center_axis',(-0.830444873720333,-0.39392976005351,0.393929760053494));
#8540=DIRECTION('ref_axis',(0.557100809290042,-0.587213201609254,0.587213201609253));
#8541=DIRECTION('',(-0.557100809290042,0.587213201609254,-0.587213201609253));
#8542=DIRECTION('',(0.557100809290042,-0.587213201609254,0.587213201609253));
#8543=DIRECTION('',(0.,0.707106781186534,0.707106781186561));
#8544=DIRECTION('',(0.,0.707106781186534,0.707106781186561));
#8545=DIRECTION('',(0.,0.707106781186534,0.707106781186561));
#8546=DIRECTION('',(0.,0.707106781186534,0.707106781186561));
#8547=DIRECTION('center_axis',(-6.75083416201498E-17,-0.707106781186561,
0.707106781186534));
#8548=DIRECTION('ref_axis',(1.,-9.54712122925301E-17,1.23259516440783E-32));
#8549=DIRECTION('',(-1.,9.54712122925301E-17,-1.23259516440783E-32));
#8550=DIRECTION('',(1.,-9.54712122925301E-17,1.23259516440783E-32));
#8551=DIRECTION('',(0.,0.707106781186534,0.707106781186561));
#8552=DIRECTION('center_axis',(1.,-4.7735606146266E-17,4.77356061462641E-17));
#8553=DIRECTION('ref_axis',(6.75083416201485E-17,0.707106781186548,-0.707106781186547));
#8554=DIRECTION('',(-6.75083416201485E-17,-0.707106781186548,0.707106781186547));
#8555=DIRECTION('',(6.75083416201485E-17,0.707106781186548,-0.707106781186547));
#8556=DIRECTION('',(0.,0.707106781186534,0.707106781186561));
#8557=DIRECTION('center_axis',(-6.75083416201498E-17,-0.707106781186561,
0.707106781186534));
#8558=DIRECTION('ref_axis',(1.,-9.54712122925301E-17,1.23259516440783E-32));
#8559=DIRECTION('',(-1.,9.54712122925301E-17,-1.23259516440783E-32));
#8560=DIRECTION('',(1.,-9.54712122925301E-17,1.23259516440783E-32));
#8561=DIRECTION('center_axis',(6.75083416201484E-17,0.707106781186547,0.707106781186548));
#8562=DIRECTION('ref_axis',(-1.,9.54712122925301E-17,-1.23259516440783E-32));
#8563=DIRECTION('center_axis',(6.75083416201484E-17,0.707106781186547,0.707106781186548));
#8564=DIRECTION('ref_axis',(-1.,9.54712122925301E-17,-1.23259516440783E-32));
#8565=DIRECTION('center_axis',(3.08148791101958E-33,0.707106781186555,0.70710678118654));
#8566=DIRECTION('ref_axis',(0.707106781186574,0.499999999999975,-0.499999999999988));
#8567=DIRECTION('center_axis',(-6.13146287909983E-17,-0.707106781186547,
-0.707106781186548));
#8568=DIRECTION('ref_axis',(0.707106781186574,0.499999999999975,-0.499999999999988));
#8569=DIRECTION('',(3.08148791101958E-33,0.707106781186555,0.70710678118654));
#8570=DIRECTION('center_axis',(6.75083416201484E-17,0.707106781186547,0.707106781186548));
#8571=DIRECTION('ref_axis',(0.707106781186574,0.499999999999975,-0.499999999999988));
#8572=DIRECTION('',(-3.08148791101958E-33,-0.707106781186555,-0.70710678118654));
#8573=DIRECTION('center_axis',(1.,2.0524158842226E-17,-2.05241588422264E-17));
#8574=DIRECTION('ref_axis',(-2.9025543790976E-17,0.70710678118654,-0.707106781186555));
#8575=DIRECTION('',(-2.9025543790976E-17,0.707106781186548,-0.707106781186547));
#8576=DIRECTION('',(-3.08148791101958E-33,-0.707106781186555,-0.70710678118654));
#8577=DIRECTION('',(2.9025543790976E-17,-0.707106781186548,0.707106781186547));
#8578=DIRECTION('center_axis',(3.08148791101958E-33,0.707106781186555,0.70710678118654));
#8579=DIRECTION('ref_axis',(0.707106781186574,-0.499999999999975,0.499999999999988));
#8580=DIRECTION('center_axis',(-6.13146287909983E-17,-0.707106781186547,
-0.707106781186548));
#8581=DIRECTION('ref_axis',(0.707106781186574,-0.499999999999975,0.499999999999988));
#8582=DIRECTION('',(3.08148791101958E-33,0.707106781186555,0.70710678118654));
#8583=DIRECTION('center_axis',(6.75083416201484E-17,0.707106781186547,0.707106781186548));
#8584=DIRECTION('ref_axis',(0.707106781186574,-0.499999999999975,0.499999999999988));
#8585=DIRECTION('center_axis',(2.9025543790976E-17,-0.70710678118654,0.707106781186555));
#8586=DIRECTION('ref_axis',(1.,5.67266626388168E-17,1.56783449543637E-17));
#8587=DIRECTION('',(1.,-2.2831830961825E-17,-6.38801486462765E-17));
#8588=DIRECTION('',(-3.08148791101958E-33,-0.707106781186555,-0.70710678118654));
#8589=DIRECTION('',(-1.,2.72114473040392E-17,6.82597649884907E-17));
#8590=DIRECTION('center_axis',(3.08148791101958E-33,0.707106781186555,0.70710678118654));
#8591=DIRECTION('ref_axis',(-0.707106781186587,-0.499999999999959,0.499999999999985));
#8592=DIRECTION('center_axis',(-6.13146287909983E-17,-0.707106781186547,
-0.707106781186548));
#8593=DIRECTION('ref_axis',(-0.707106781186587,-0.499999999999959,0.499999999999985));
#8594=DIRECTION('',(3.08148791101958E-33,0.707106781186555,0.70710678118654));
#8595=DIRECTION('center_axis',(6.75083416201484E-17,0.707106781186547,0.707106781186548));
#8596=DIRECTION('ref_axis',(-0.707106781186587,-0.499999999999959,0.499999999999985));
#8597=DIRECTION('center_axis',(-1.,-2.0524158842226E-17,2.05241588422264E-17));
#8598=DIRECTION('ref_axis',(2.9025543790976E-17,-0.70710678118654,0.707106781186555));
#8599=DIRECTION('',(2.9025543790976E-17,-0.707106781186548,0.707106781186547));
#8600=DIRECTION('',(-3.08148791101958E-33,-0.707106781186555,-0.70710678118654));
#8601=DIRECTION('',(-2.9025543790976E-17,0.707106781186548,-0.707106781186547));
#8602=DIRECTION('center_axis',(3.08148791101958E-33,0.707106781186555,0.70710678118654));
#8603=DIRECTION('ref_axis',(-0.707106781186578,0.499999999999978,-0.499999999999978));
#8604=DIRECTION('center_axis',(-6.13146287909983E-17,-0.707106781186547,
-0.707106781186548));
#8605=DIRECTION('ref_axis',(-0.707106781186578,0.499999999999978,-0.499999999999978));
#8606=DIRECTION('',(3.08148791101958E-33,0.707106781186555,0.70710678118654));
#8607=DIRECTION('center_axis',(6.75083416201484E-17,0.707106781186547,0.707106781186548));
#8608=DIRECTION('ref_axis',(-0.707106781186578,0.499999999999978,-0.499999999999978));
#8609=DIRECTION('center_axis',(2.70383113220942E-15,0.70710678118654,-0.707106781186555));
#8610=DIRECTION('ref_axis',(-1.,1.87569482497197E-15,-1.94809983256519E-15));
#8611=DIRECTION('',(1.,-1.95963293491485E-15,1.86416172262231E-15));
#8612=DIRECTION('',(-1.,1.95525331857263E-15,-1.86854133896453E-15));
#8613=DIRECTION('center_axis',(3.08148791101958E-33,0.707106781186555,0.707106781186541));
#8614=DIRECTION('ref_axis',(0.707106781186537,0.499999999999995,-0.50000000000002));
#8615=DIRECTION('center_axis',(-6.13146287909983E-17,-0.707106781186547,
-0.707106781186548));
#8616=DIRECTION('ref_axis',(0.707106781186537,0.499999999999995,-0.50000000000002));
#8617=DIRECTION('',(3.08148791101958E-33,0.707106781186555,0.70710678118654));
#8618=DIRECTION('center_axis',(6.75083416201484E-17,0.707106781186547,0.707106781186548));
#8619=DIRECTION('ref_axis',(0.707106781186537,0.499999999999995,-0.50000000000002));
#8620=DIRECTION('',(-3.08148791101958E-33,-0.707106781186555,-0.70710678118654));
#8621=DIRECTION('center_axis',(1.,2.0524158842226E-17,-2.05241588422264E-17));
#8622=DIRECTION('ref_axis',(-2.9025543790976E-17,0.70710678118654,-0.707106781186555));
#8623=DIRECTION('',(-2.9025543790976E-17,0.707106781186548,-0.707106781186547));
#8624=DIRECTION('',(-3.08148791101958E-33,-0.707106781186555,-0.70710678118654));
#8625=DIRECTION('',(2.9025543790976E-17,-0.707106781186548,0.707106781186547));
#8626=DIRECTION('center_axis',(3.08148791101958E-33,0.707106781186555,0.707106781186541));
#8627=DIRECTION('ref_axis',(0.707106781186524,-0.500000000000011,0.500000000000023));
#8628=DIRECTION('center_axis',(-6.13146287909983E-17,-0.707106781186547,
-0.707106781186548));
#8629=DIRECTION('ref_axis',(0.707106781186524,-0.500000000000011,0.500000000000023));
#8630=DIRECTION('',(3.08148791101958E-33,0.707106781186555,0.70710678118654));
#8631=DIRECTION('center_axis',(6.75083416201484E-17,0.707106781186547,0.707106781186548));
#8632=DIRECTION('ref_axis',(0.707106781186524,-0.500000000000011,0.500000000000023));
#8633=DIRECTION('center_axis',(2.9025543790976E-17,-0.707106781186541,0.707106781186555));
#8634=DIRECTION('ref_axis',(1.,5.67266626388168E-17,1.56783449543637E-17));
#8635=DIRECTION('',(1.,-2.2831830961825E-17,-6.38801486462766E-17));
#8636=DIRECTION('',(-3.08148791101958E-33,-0.707106781186555,-0.70710678118654));
#8637=DIRECTION('',(-1.,2.72114473040392E-17,6.82597649884907E-17));
#8638=DIRECTION('center_axis',(3.08148791101958E-33,0.707106781186555,0.707106781186541));
#8639=DIRECTION('ref_axis',(-0.707106781186524,-0.500000000000011,0.500000000000023));
#8640=DIRECTION('center_axis',(-6.13146287909983E-17,-0.707106781186547,
-0.707106781186548));
#8641=DIRECTION('ref_axis',(-0.707106781186524,-0.500000000000011,0.500000000000023));
#8642=DIRECTION('',(3.08148791101958E-33,0.707106781186555,0.70710678118654));
#8643=DIRECTION('center_axis',(6.75083416201484E-17,0.707106781186547,0.707106781186548));
#8644=DIRECTION('ref_axis',(-0.707106781186524,-0.500000000000011,0.500000000000023));
#8645=DIRECTION('center_axis',(-1.,-2.0524158842226E-17,2.05241588422264E-17));
#8646=DIRECTION('ref_axis',(2.9025543790976E-17,-0.70710678118654,0.707106781186555));
#8647=DIRECTION('',(2.9025543790976E-17,-0.707106781186548,0.707106781186547));
#8648=DIRECTION('',(-3.08148791101958E-33,-0.707106781186555,-0.70710678118654));
#8649=DIRECTION('',(-2.9025543790976E-17,0.707106781186548,-0.707106781186547));
#8650=DIRECTION('center_axis',(3.08148791101958E-33,0.707106781186555,0.707106781186541));
#8651=DIRECTION('ref_axis',(-0.707106781186524,0.500000000000011,-0.500000000000023));
#8652=DIRECTION('center_axis',(-6.13146287909983E-17,-0.707106781186547,
-0.707106781186548));
#8653=DIRECTION('ref_axis',(-0.707106781186524,0.500000000000011,-0.500000000000023));
#8654=DIRECTION('',(3.08148791101958E-33,0.707106781186555,0.70710678118654));
#8655=DIRECTION('center_axis',(6.75083416201484E-17,0.707106781186547,0.707106781186548));
#8656=DIRECTION('ref_axis',(-0.707106781186524,0.500000000000011,-0.500000000000023));
#8657=DIRECTION('center_axis',(-2.9025543790976E-17,0.707106781186541,-0.707106781186555));
#8658=DIRECTION('ref_axis',(-1.,-5.67266626388168E-17,-1.56783449543637E-17));
#8659=DIRECTION('',(1.,-2.72114473040392E-17,-6.82597649884907E-17));
#8660=DIRECTION('',(-1.,2.2831830961825E-17,6.38801486462766E-17));
#8661=DIRECTION('center_axis',(0.,0.707106781186555,0.70710678118654));
#8662=DIRECTION('ref_axis',(0.707106781186538,0.500000000000002,-0.500000000000011));
#8663=DIRECTION('center_axis',(-6.13146287909983E-17,-0.707106781186547,
-0.707106781186548));
#8664=DIRECTION('ref_axis',(0.707106781186538,0.500000000000002,-0.500000000000011));
#8665=DIRECTION('',(0.,0.707106781186555,0.70710678118654));
#8666=DIRECTION('center_axis',(6.75083416201484E-17,0.707106781186547,0.707106781186548));
#8667=DIRECTION('ref_axis',(0.707106781186538,0.500000000000002,-0.500000000000011));
#8668=DIRECTION('',(0.,-0.707106781186555,-0.70710678118654));
#8669=DIRECTION('center_axis',(1.,-2.23096796979934E-14,2.23096796979939E-14));
#8670=DIRECTION('ref_axis',(3.15506516011024E-14,0.70710678118654,-0.707106781186555));
#8671=DIRECTION('',(3.15506516011023E-14,0.707106781186548,-0.707106781186547));
#8672=DIRECTION('',(0.,-0.707106781186555,-0.70710678118654));
#8673=DIRECTION('',(-3.15506516011023E-14,-0.707106781186548,0.707106781186547));
#8674=DIRECTION('center_axis',(0.,0.707106781186555,0.70710678118654));
#8675=DIRECTION('ref_axis',(0.707106781186516,-0.500000000000017,0.500000000000028));
#8676=DIRECTION('center_axis',(-6.13146287909983E-17,-0.707106781186547,
-0.707106781186548));
#8677=DIRECTION('ref_axis',(0.707106781186516,-0.500000000000017,0.500000000000028));
#8678=DIRECTION('',(0.,0.707106781186555,0.70710678118654));
#8679=DIRECTION('center_axis',(6.75083416201484E-17,0.707106781186547,0.707106781186548));
#8680=DIRECTION('ref_axis',(0.707106781186516,-0.500000000000017,0.500000000000028));
#8681=DIRECTION('center_axis',(-6.7515588785126E-17,-0.70710678118654,0.707106781186555));
#8682=DIRECTION('ref_axis',(1.,-1.15382268691737E-17,8.39432344623556E-17));
#8683=DIRECTION('',(1.,-9.10967204698163E-17,4.38474086171459E-18));
#8684=DIRECTION('',(0.,-0.707106781186555,-0.70710678118654));
#8685=DIRECTION('',(-1.,9.54763368120305E-17,-5.1245195004733E-21));
#8686=DIRECTION('center_axis',(0.,0.707106781186555,0.70710678118654));
#8687=DIRECTION('ref_axis',(-0.707106781186553,-0.49999999999999,0.500000000000002));
#8688=DIRECTION('center_axis',(-6.13146287909983E-17,-0.707106781186547,
-0.707106781186548));
#8689=DIRECTION('ref_axis',(-0.707106781186553,-0.49999999999999,0.500000000000002));
#8690=DIRECTION('',(0.,0.707106781186555,0.70710678118654));
#8691=DIRECTION('center_axis',(6.75083416201484E-17,0.707106781186547,0.707106781186548));
#8692=DIRECTION('ref_axis',(-0.707106781186553,-0.49999999999999,0.500000000000002));
#8693=DIRECTION('center_axis',(-1.,1.84032616256075E-15,-1.84032616256078E-15));
#8694=DIRECTION('ref_axis',(-2.60261421828347E-15,-0.70710678118654,0.707106781186555));
#8695=DIRECTION('',(-2.60261421828347E-15,-0.707106781186548,0.707106781186547));
#8696=DIRECTION('',(0.,-0.707106781186555,-0.70710678118654));
#8697=DIRECTION('',(2.60261421828347E-15,0.707106781186548,-0.707106781186547));
#8698=DIRECTION('center_axis',(0.,0.707106781186555,0.70710678118654));
#8699=DIRECTION('ref_axis',(-0.707106781186527,0.500000000000011,-0.500000000000019));
#8700=DIRECTION('center_axis',(-6.13146287909983E-17,-0.707106781186547,
-0.707106781186548));
#8701=DIRECTION('ref_axis',(-0.707106781186527,0.500000000000011,-0.500000000000019));
#8702=DIRECTION('',(0.,0.707106781186555,0.70710678118654));
#8703=DIRECTION('center_axis',(6.75083416201484E-17,0.707106781186547,0.707106781186548));
#8704=DIRECTION('ref_axis',(-0.707106781186527,0.500000000000011,-0.500000000000019));
#8705=DIRECTION('center_axis',(-2.9025543790976E-17,0.70710678118654,-0.707106781186555));
#8706=DIRECTION('ref_axis',(-1.,-5.67266626388168E-17,-1.56783449543637E-17));
#8707=DIRECTION('',(1.,-2.72114473040392E-17,-6.82597649884907E-17));
#8708=DIRECTION('',(-1.,2.2831830961825E-17,6.38801486462765E-17));
#8709=DIRECTION('center_axis',(0.,0.,-1.));
#8710=DIRECTION('ref_axis',(-0.707106781186548,0.707106781186548,0.));
#8711=DIRECTION('center_axis',(0.,0.,1.));
#8712=DIRECTION('ref_axis',(-0.707106781186548,0.707106781186548,0.));
#8713=DIRECTION('',(0.,0.,-1.));
#8714=DIRECTION('center_axis',(0.,0.,-1.));
#8715=DIRECTION('ref_axis',(-0.707106781186548,0.707106781186548,0.));
#8716=DIRECTION('',(0.,0.,1.));
#8717=DIRECTION('center_axis',(1.,0.,0.));
#8718=DIRECTION('ref_axis',(0.,-1.,0.));
#8719=DIRECTION('',(0.,1.,0.));
#8720=DIRECTION('',(0.,0.,1.));
#8721=DIRECTION('',(0.,-1.,0.));
#8722=DIRECTION('center_axis',(0.,0.,-1.));
#8723=DIRECTION('ref_axis',(-0.70710678118655,-0.707106781186545,0.));
#8724=DIRECTION('center_axis',(0.,0.,1.));
#8725=DIRECTION('ref_axis',(-0.70710678118655,-0.707106781186545,0.));
#8726=DIRECTION('',(0.,0.,-1.));
#8727=DIRECTION('center_axis',(0.,0.,-1.));
#8728=DIRECTION('ref_axis',(-0.70710678118655,-0.707106781186545,0.));
#8729=DIRECTION('center_axis',(7.68985644762013E-17,1.,0.));
#8730=DIRECTION('ref_axis',(1.,-7.68985644762013E-17,0.));
#8731=DIRECTION('',(-1.,7.68985644762013E-17,0.));
#8732=DIRECTION('',(0.,0.,1.));
#8733=DIRECTION('',(1.,-7.68985644762013E-17,0.));
#8734=DIRECTION('center_axis',(0.,0.,-1.));
#8735=DIRECTION('ref_axis',(-0.707106781011252,0.707106781361843,0.));
#8736=DIRECTION('center_axis',(0.,0.,1.));
#8737=DIRECTION('ref_axis',(-0.707106781011252,0.707106781361843,0.));
#8738=DIRECTION('',(0.,0.,-1.));
#8739=DIRECTION('center_axis',(0.,0.,-1.));
#8740=DIRECTION('ref_axis',(-0.707106781011252,0.707106781361843,0.));
#8741=DIRECTION('',(0.,0.,1.));
#8742=DIRECTION('center_axis',(1.,-4.89954562432817E-10,0.));
#8743=DIRECTION('ref_axis',(-4.89954562432817E-10,-1.,0.));
#8744=DIRECTION('',(4.89954562432817E-10,1.,0.));
#8745=DIRECTION('',(0.,0.,1.));
#8746=DIRECTION('',(-4.89954562432817E-10,-1.,0.));
#8747=DIRECTION('center_axis',(0.,0.,-1.));
#8748=DIRECTION('ref_axis',(0.707106781186551,0.707106781186544,0.));
#8749=DIRECTION('center_axis',(0.,0.,1.));
#8750=DIRECTION('ref_axis',(0.707106781186551,0.707106781186544,0.));
#8751=DIRECTION('',(0.,0.,-1.));
#8752=DIRECTION('center_axis',(0.,0.,-1.));
#8753=DIRECTION('ref_axis',(0.707106781186551,0.707106781186544,0.));
#8754=DIRECTION('',(0.,0.,1.));
#8755=DIRECTION('center_axis',(-3.07594257904805E-16,-1.,0.));
#8756=DIRECTION('ref_axis',(-1.,3.07594257904805E-16,0.));
#8757=DIRECTION('',(-1.,3.07594257904805E-16,0.));
#8758=DIRECTION('',(1.,-3.07594257904805E-16,0.));
#8759=DIRECTION('center_axis',(0.,0.,-1.));
#8760=DIRECTION('ref_axis',(-0.707106781446543,-0.707106780926552,0.));
#8761=DIRECTION('center_axis',(0.,0.,1.));
#8762=DIRECTION('ref_axis',(-0.707106781446543,-0.707106780926552,0.));
#8763=DIRECTION('',(0.,0.,-1.));
#8764=DIRECTION('center_axis',(0.,0.,-1.));
#8765=DIRECTION('ref_axis',(-0.707106781446543,-0.707106780926552,0.));
#8766=DIRECTION('center_axis',(2.45425880587892E-10,1.,0.));
#8767=DIRECTION('ref_axis',(1.,-2.45425880587892E-10,0.));
#8768=DIRECTION('',(-1.,2.45425880587892E-10,0.));
#8769=DIRECTION('',(0.,0.,1.));
#8770=DIRECTION('',(1.,-2.45425880587892E-10,0.));
#8771=DIRECTION('center_axis',(0.,0.,-1.));
#8772=DIRECTION('ref_axis',(0.707106781186548,-0.707106781186547,0.));
#8773=DIRECTION('center_axis',(0.,0.,1.));
#8774=DIRECTION('ref_axis',(0.707106781186548,-0.707106781186547,0.));
#8775=DIRECTION('',(0.,0.,-1.));
#8776=DIRECTION('center_axis',(0.,0.,-1.));
#8777=DIRECTION('ref_axis',(0.707106781186548,-0.707106781186547,0.));
#8778=DIRECTION('center_axis',(-1.,0.,0.));
#8779=DIRECTION('ref_axis',(0.,1.,0.));
#8780=DIRECTION('',(0.,1.,0.));
#8781=DIRECTION('',(0.,-1.,0.));
#8782=DIRECTION('center_axis',(0.,0.,-1.));
#8783=DIRECTION('ref_axis',(-0.707106781186548,0.707106781186548,0.));
#8784=DIRECTION('center_axis',(0.,0.,1.));
#8785=DIRECTION('ref_axis',(-0.707106781186548,0.707106781186548,0.));
#8786=DIRECTION('',(0.,0.,-1.));
#8787=DIRECTION('center_axis',(0.,0.,-1.));
#8788=DIRECTION('ref_axis',(-0.707106781186548,0.707106781186548,0.));
#8789=DIRECTION('',(0.,0.,1.));
#8790=DIRECTION('center_axis',(1.,0.,0.));
#8791=DIRECTION('ref_axis',(0.,-1.,0.));
#8792=DIRECTION('',(0.,1.,0.));
#8793=DIRECTION('',(0.,0.,1.));
#8794=DIRECTION('',(0.,-1.,0.));
#8795=DIRECTION('center_axis',(0.,0.,-1.));
#8796=DIRECTION('ref_axis',(0.707106781400382,0.707106780972713,0.));
#8797=DIRECTION('center_axis',(0.,0.,1.));
#8798=DIRECTION('ref_axis',(0.707106781400382,0.707106780972713,0.));
#8799=DIRECTION('',(0.,0.,-1.));
#8800=DIRECTION('center_axis',(0.,0.,-1.));
#8801=DIRECTION('ref_axis',(0.707106781400382,0.707106780972713,0.));
#8802=DIRECTION('',(0.,0.,1.));
#8803=DIRECTION('center_axis',(-5.85976774811535E-12,-1.,0.));
#8804=DIRECTION('ref_axis',(-1.,5.85976774811535E-12,0.));
#8805=DIRECTION('',(-1.,5.85976774811535E-12,0.));
#8806=DIRECTION('',(1.,-5.85976774811535E-12,0.));
#8807=DIRECTION('center_axis',(0.,0.,-1.));
#8808=DIRECTION('ref_axis',(-0.70710678118655,-0.707106781186545,0.));
#8809=DIRECTION('center_axis',(0.,0.,1.));
#8810=DIRECTION('ref_axis',(-0.70710678118655,-0.707106781186545,0.));
#8811=DIRECTION('',(0.,0.,-1.));
#8812=DIRECTION('center_axis',(0.,0.,-1.));
#8813=DIRECTION('ref_axis',(-0.70710678118655,-0.707106781186545,0.));
#8814=DIRECTION('center_axis',(7.68985644762013E-17,1.,0.));
#8815=DIRECTION('ref_axis',(1.,-7.68985644762013E-17,0.));
#8816=DIRECTION('',(-1.,7.68985644762013E-17,0.));
#8817=DIRECTION('',(0.,0.,1.));
#8818=DIRECTION('',(1.,-7.68985644762013E-17,0.));
#8819=DIRECTION('center_axis',(0.,0.,-1.));
#8820=DIRECTION('ref_axis',(0.707106780888015,-0.70710678148508,0.));
#8821=DIRECTION('center_axis',(0.,0.,1.));
#8822=DIRECTION('ref_axis',(0.707106780888015,-0.70710678148508,0.));
#8823=DIRECTION('',(0.,0.,-1.));
#8824=DIRECTION('center_axis',(0.,0.,-1.));
#8825=DIRECTION('ref_axis',(0.707106780888015,-0.70710678148508,0.));
#8826=DIRECTION('center_axis',(-1.,5.98942211020292E-10,0.));
#8827=DIRECTION('ref_axis',(5.98942211020292E-10,1.,0.));
#8828=DIRECTION('',(5.98942211020292E-10,1.,0.));
#8829=DIRECTION('',(-5.98942211020292E-10,-1.,0.));
#8830=DIRECTION('center_axis',(0.,0.,-1.));
#8831=DIRECTION('ref_axis',(0.707106781186547,0.707106781186547,0.));
#8832=DIRECTION('center_axis',(0.,0.,1.));
#8833=DIRECTION('ref_axis',(0.707106781186547,0.707106781186547,0.));
#8834=DIRECTION('',(0.,0.,-1.));
#8835=DIRECTION('center_axis',(0.,0.,-1.));
#8836=DIRECTION('ref_axis',(0.707106781186547,0.707106781186547,0.));
#8837=DIRECTION('',(0.,0.,1.));
#8838=DIRECTION('center_axis',(1.53797128952403E-16,-1.,0.));
#8839=DIRECTION('ref_axis',(-1.,-1.53797128952403E-16,0.));
#8840=DIRECTION('',(-1.,-1.53797128952403E-16,0.));
#8841=DIRECTION('',(1.,1.53797128952403E-16,0.));
#8842=DIRECTION('center_axis',(0.,0.,-1.));
#8843=DIRECTION('ref_axis',(0.70710678118655,-0.707106781186545,0.));
#8844=DIRECTION('center_axis',(0.,0.,1.));
#8845=DIRECTION('ref_axis',(0.70710678118655,-0.707106781186545,0.));
#8846=DIRECTION('',(0.,0.,-1.));
#8847=DIRECTION('center_axis',(0.,0.,-1.));
#8848=DIRECTION('ref_axis',(0.70710678118655,-0.707106781186545,0.));
#8849=DIRECTION('center_axis',(-1.,-7.25043607918497E-16,0.));
#8850=DIRECTION('ref_axis',(-7.25043607918497E-16,1.,0.));
#8851=DIRECTION('',(-7.25043607918497E-16,1.,0.));
#8852=DIRECTION('',(7.25043607918497E-16,-1.,0.));
#8853=DIRECTION('center_axis',(0.,0.,-1.));
#8854=DIRECTION('ref_axis',(0.70710678118655,-0.707106781186545,0.));
#8855=DIRECTION('center_axis',(0.,0.,1.));
#8856=DIRECTION('ref_axis',(0.70710678118655,-0.707106781186545,0.));
#8857=DIRECTION('',(0.,0.,-1.));
#8858=DIRECTION('center_axis',(0.,0.,-1.));
#8859=DIRECTION('ref_axis',(0.70710678118655,-0.707106781186545,0.));
#8860=DIRECTION('',(0.,0.,1.));
#8861=DIRECTION('center_axis',(-1.,0.,0.));
#8862=DIRECTION('ref_axis',(0.,1.,0.));
#8863=DIRECTION('',(0.,-1.,0.));
#8864=DIRECTION('',(0.,0.,1.));
#8865=DIRECTION('',(0.,1.,0.));
#8866=DIRECTION('center_axis',(0.,0.,-1.));
#8867=DIRECTION('ref_axis',(0.70710678118655,0.707106781186545,0.));
#8868=DIRECTION('center_axis',(0.,0.,1.));
#8869=DIRECTION('ref_axis',(0.70710678118655,0.707106781186545,0.));
#8870=DIRECTION('',(0.,0.,-1.));
#8871=DIRECTION('center_axis',(0.,0.,-1.));
#8872=DIRECTION('ref_axis',(0.70710678118655,0.707106781186545,0.));
#8873=DIRECTION('center_axis',(0.,-1.,0.));
#8874=DIRECTION('ref_axis',(-1.,0.,0.));
#8875=DIRECTION('',(1.,0.,0.));
#8876=DIRECTION('',(0.,0.,1.));
#8877=DIRECTION('',(-1.,0.,0.));
#8878=DIRECTION('center_axis',(0.,0.,-1.));
#8879=DIRECTION('ref_axis',(-0.70710678118655,0.707106781186545,0.));
#8880=DIRECTION('center_axis',(0.,0.,1.));
#8881=DIRECTION('ref_axis',(-0.70710678118655,0.707106781186545,0.));
#8882=DIRECTION('',(0.,0.,-1.));
#8883=DIRECTION('center_axis',(0.,0.,-1.));
#8884=DIRECTION('ref_axis',(-0.70710678118655,0.707106781186545,0.));
#8885=DIRECTION('center_axis',(1.,-7.25043607917973E-16,0.));
#8886=DIRECTION('ref_axis',(-7.25043607917972E-16,-1.,0.));
#8887=DIRECTION('',(7.25043607917972E-16,1.,0.));
#8888=DIRECTION('',(0.,0.,1.));
#8889=DIRECTION('',(-7.25043607917972E-16,-1.,0.));
#8890=DIRECTION('center_axis',(0.,0.,-1.));
#8891=DIRECTION('ref_axis',(0.70710678118655,0.707106781186545,0.));
#8892=DIRECTION('center_axis',(0.,0.,1.));
#8893=DIRECTION('ref_axis',(0.70710678118655,0.707106781186545,0.));
#8894=DIRECTION('',(0.,0.,-1.));
#8895=DIRECTION('center_axis',(0.,0.,-1.));
#8896=DIRECTION('ref_axis',(0.70710678118655,0.707106781186545,0.));
#8897=DIRECTION('',(0.,0.,1.));
#8898=DIRECTION('center_axis',(0.,-1.,0.));
#8899=DIRECTION('ref_axis',(-1.,0.,0.));
#8900=DIRECTION('',(1.,0.,0.));
#8901=DIRECTION('',(0.,0.,1.));
#8902=DIRECTION('',(-1.,0.,0.));
#8903=DIRECTION('center_axis',(0.,0.,-1.));
#8904=DIRECTION('ref_axis',(0.707106781186549,-0.707106781186546,0.));
#8905=DIRECTION('center_axis',(0.,0.,1.));
#8906=DIRECTION('ref_axis',(0.707106781186549,-0.707106781186546,0.));
#8907=DIRECTION('',(0.,0.,-1.));
#8908=DIRECTION('center_axis',(0.,0.,-1.));
#8909=DIRECTION('ref_axis',(0.707106781186549,-0.707106781186546,0.));
#8910=DIRECTION('',(0.,0.,1.));
#8911=DIRECTION('center_axis',(-1.,0.,0.));
#8912=DIRECTION('ref_axis',(0.,1.,0.));
#8913=DIRECTION('',(0.,1.,0.));
#8914=DIRECTION('',(0.,-1.,0.));
#8915=DIRECTION('center_axis',(0.,0.,-1.));
#8916=DIRECTION('ref_axis',(-0.70710678118655,-0.707106781186545,0.));
#8917=DIRECTION('center_axis',(0.,0.,1.));
#8918=DIRECTION('ref_axis',(-0.70710678118655,-0.707106781186545,0.));
#8919=DIRECTION('',(0.,0.,-1.));
#8920=DIRECTION('center_axis',(0.,0.,-1.));
#8921=DIRECTION('ref_axis',(-0.70710678118655,-0.707106781186545,0.));
#8922=DIRECTION('center_axis',(1.91006111763468E-16,1.,0.));
#8923=DIRECTION('ref_axis',(1.,-1.91006111763468E-16,0.));
#8924=DIRECTION('',(1.,-1.91006111763468E-16,0.));
#8925=DIRECTION('',(-1.,1.91006111763468E-16,0.));
#8926=DIRECTION('center_axis',(0.,0.,-1.));
#8927=DIRECTION('ref_axis',(-0.707106781186548,0.707106781186548,0.));
#8928=DIRECTION('center_axis',(0.,0.,1.));
#8929=DIRECTION('ref_axis',(-0.707106781186548,0.707106781186548,0.));
#8930=DIRECTION('',(0.,0.,-1.));
#8931=DIRECTION('center_axis',(0.,0.,-1.));
#8932=DIRECTION('ref_axis',(-0.707106781186548,0.707106781186548,0.));
#8933=DIRECTION('center_axis',(1.,0.,0.));
#8934=DIRECTION('ref_axis',(0.,-1.,0.));
#8935=DIRECTION('',(0.,1.,0.));
#8936=DIRECTION('',(0.,0.,1.));
#8937=DIRECTION('',(0.,-1.,0.));
#8938=DIRECTION('center_axis',(0.,0.,-1.));
#8939=DIRECTION('ref_axis',(0.707106781186548,0.707106781186548,0.));
#8940=DIRECTION('center_axis',(0.,0.,1.));
#8941=DIRECTION('ref_axis',(0.707106781186548,0.707106781186548,0.));
#8942=DIRECTION('',(0.,0.,-1.));
#8943=DIRECTION('center_axis',(0.,0.,-1.));
#8944=DIRECTION('ref_axis',(0.707106781186548,0.707106781186548,0.));
#8945=DIRECTION('',(0.,0.,1.));
#8946=DIRECTION('center_axis',(0.,-1.,0.));
#8947=DIRECTION('ref_axis',(-1.,0.,0.));
#8948=DIRECTION('',(1.,0.,0.));
#8949=DIRECTION('',(0.,0.,1.));
#8950=DIRECTION('',(-1.,0.,0.));
#8951=DIRECTION('center_axis',(0.,0.,-1.));
#8952=DIRECTION('ref_axis',(-0.707106781186548,-0.707106781186548,0.));
#8953=DIRECTION('center_axis',(0.,0.,1.));
#8954=DIRECTION('ref_axis',(-0.707106781186548,-0.707106781186548,0.));
#8955=DIRECTION('',(0.,0.,-1.));
#8956=DIRECTION('center_axis',(0.,0.,-1.));
#8957=DIRECTION('ref_axis',(-0.707106781186548,-0.707106781186548,0.));
#8958=DIRECTION('center_axis',(2.7880040080273E-16,1.,0.));
#8959=DIRECTION('ref_axis',(1.,-2.7880040080273E-16,0.));
#8960=DIRECTION('',(1.,-2.7880040080273E-16,0.));
#8961=DIRECTION('',(-1.,2.7880040080273E-16,0.));
#8962=DIRECTION('center_axis',(0.,0.,-1.));
#8963=DIRECTION('ref_axis',(0.707106781186548,-0.707106781186548,0.));
#8964=DIRECTION('center_axis',(0.,0.,1.));
#8965=DIRECTION('ref_axis',(0.707106781186548,-0.707106781186548,0.));
#8966=DIRECTION('',(0.,0.,-1.));
#8967=DIRECTION('center_axis',(0.,0.,-1.));
#8968=DIRECTION('ref_axis',(0.707106781186548,-0.707106781186548,0.));
#8969=DIRECTION('',(0.,0.,1.));
#8970=DIRECTION('center_axis',(-1.,0.,0.));
#8971=DIRECTION('ref_axis',(0.,1.,0.));
#8972=DIRECTION('',(0.,1.,0.));
#8973=DIRECTION('',(0.,-1.,0.));
#8974=DIRECTION('center_axis',(0.,0.,-1.));
#8975=DIRECTION('ref_axis',(-0.70710678118655,0.707106781186545,0.));
#8976=DIRECTION('center_axis',(0.,0.,1.));
#8977=DIRECTION('ref_axis',(-0.70710678118655,0.707106781186545,0.));
#8978=DIRECTION('',(0.,0.,-1.));
#8979=DIRECTION('center_axis',(0.,0.,-1.));
#8980=DIRECTION('ref_axis',(-0.70710678118655,0.707106781186545,0.));
#8981=DIRECTION('',(0.,0.,1.));
#8982=DIRECTION('center_axis',(1.,0.,0.));
#8983=DIRECTION('ref_axis',(0.,-1.,0.));
#8984=DIRECTION('',(0.,1.,0.));
#8985=DIRECTION('',(0.,0.,1.));
#8986=DIRECTION('',(0.,-1.,0.));
#8987=DIRECTION('center_axis',(0.,0.,-1.));
#8988=DIRECTION('ref_axis',(-0.707106781186036,-0.707106781187059,0.));
#8989=DIRECTION('center_axis',(0.,0.,1.));
#8990=DIRECTION('ref_axis',(-0.707106781186036,-0.707106781187059,0.));
#8991=DIRECTION('',(0.,0.,-1.));
#8992=DIRECTION('center_axis',(0.,0.,-1.));
#8993=DIRECTION('ref_axis',(-0.707106781186036,-0.707106781187059,0.));
#8994=DIRECTION('center_axis',(-1.43642932306566E-12,1.,0.));
#8995=DIRECTION('ref_axis',(1.,1.43642932306566E-12,0.));
#8996=DIRECTION('',(-1.,-1.43642932306566E-12,0.));
#8997=DIRECTION('',(0.,0.,1.));
#8998=DIRECTION('',(1.,1.43642932306566E-12,0.));
#8999=DIRECTION('center_axis',(0.,0.,-1.));
#9000=DIRECTION('ref_axis',(0.707106781187055,-0.70710678118604,0.));
#9001=DIRECTION('center_axis',(0.,0.,1.));
#9002=DIRECTION('ref_axis',(0.707106781187055,-0.70710678118604,0.));
#9003=DIRECTION('',(0.,0.,-1.));
#9004=DIRECTION('center_axis',(0.,0.,-1.));
#9005=DIRECTION('ref_axis',(0.707106781187055,-0.70710678118604,0.));
#9006=DIRECTION('center_axis',(-1.,0.,0.));
#9007=DIRECTION('ref_axis',(0.,1.,0.));
#9008=DIRECTION('',(0.,-1.,0.));
#9009=DIRECTION('',(0.,0.,1.));
#9010=DIRECTION('',(0.,1.,0.));
#9011=DIRECTION('center_axis',(0.,0.,-1.));
#9012=DIRECTION('ref_axis',(-0.707106781186548,-0.707106781186548,0.));
#9013=DIRECTION('center_axis',(0.,0.,1.));
#9014=DIRECTION('ref_axis',(-0.707106781186548,-0.707106781186548,0.));
#9015=DIRECTION('',(0.,0.,-1.));
#9016=DIRECTION('center_axis',(0.,0.,-1.));
#9017=DIRECTION('ref_axis',(-0.707106781186548,-0.707106781186548,0.));
#9018=DIRECTION('',(0.,0.,1.));
#9019=DIRECTION('center_axis',(-2.20939905398041E-16,1.,0.));
#9020=DIRECTION('ref_axis',(1.,2.20939905398041E-16,0.));
#9021=DIRECTION('',(1.,2.20939905398041E-16,0.));
#9022=DIRECTION('',(-1.,-2.20939905398041E-16,0.));
#9023=DIRECTION('center_axis',(0.,0.,-1.));
#9024=DIRECTION('ref_axis',(-0.707106781186548,0.707106781186548,0.));
#9025=DIRECTION('center_axis',(0.,0.,1.));
#9026=DIRECTION('ref_axis',(-0.707106781186548,0.707106781186548,0.));
#9027=DIRECTION('',(0.,0.,-1.));
#9028=DIRECTION('center_axis',(0.,0.,-1.));
#9029=DIRECTION('ref_axis',(-0.707106781186548,0.707106781186548,0.));
#9030=DIRECTION('center_axis',(1.,0.,0.));
#9031=DIRECTION('ref_axis',(0.,-1.,0.));
#9032=DIRECTION('',(0.,-1.,0.));
#9033=DIRECTION('',(0.,1.,0.));
#9034=DIRECTION('center_axis',(0.,0.,-1.));
#9035=DIRECTION('ref_axis',(0.707106781186548,0.707106781186548,0.));
#9036=DIRECTION('center_axis',(0.,0.,1.));
#9037=DIRECTION('ref_axis',(0.707106781186548,0.707106781186548,0.));
#9038=DIRECTION('',(0.,0.,-1.));
#9039=DIRECTION('center_axis',(0.,0.,-1.));
#9040=DIRECTION('ref_axis',(0.707106781186548,0.707106781186548,0.));
#9041=DIRECTION('center_axis',(0.,-1.,0.));
#9042=DIRECTION('ref_axis',(-1.,0.,0.));
#9043=DIRECTION('',(-1.,0.,0.));
#9044=DIRECTION('',(1.,0.,0.));
#9045=DIRECTION('center_axis',(-8.4897883121166E-17,-0.707106781186541,
0.707106781186554));
#9046=DIRECTION('ref_axis',(1.,0.,1.20063737726718E-16));
#9047=DIRECTION('center_axis',(9.72853087794666E-17,0.70710678118654,-0.707106781186555));
#9048=DIRECTION('ref_axis',(1.,0.,1.20063737726718E-16));
#9049=DIRECTION('',(0.656059028990507,0.53366026200197,-0.533660262001979));
#9050=DIRECTION('center_axis',(8.4897883121166E-17,0.707106781186541,-0.707106781186554));
#9051=DIRECTION('ref_axis',(1.,0.,1.20063737726718E-16));
#9052=DIRECTION('center_axis',(8.4897883121166E-17,0.707106781186541,-0.707106781186554));
#9053=DIRECTION('ref_axis',(1.,0.,1.20063737726718E-16));
#9054=DIRECTION('',(8.4897883121166E-17,0.707106781186541,-0.707106781186554));
#9055=DIRECTION('center_axis',(-1.71609862729266E-16,-0.707106781186541,
0.707106781186554));
#9056=DIRECTION('ref_axis',(1.,0.,1.20063737726718E-16));
#9057=DIRECTION('center_axis',(-8.4897883121166E-17,-0.707106781186541,
0.707106781186554));
#9058=DIRECTION('ref_axis',(1.,0.,1.20063737726718E-16));
#9059=DIRECTION('center_axis',(9.72853087794666E-17,0.70710678118654,-0.707106781186555));
#9060=DIRECTION('ref_axis',(1.,0.,1.20063737726718E-16));
#9061=DIRECTION('',(0.656059028990507,0.53366026200197,-0.533660262001979));
#9062=DIRECTION('center_axis',(8.4897883121166E-17,0.707106781186541,-0.707106781186554));
#9063=DIRECTION('ref_axis',(1.,0.,1.20063737726718E-16));
#9064=DIRECTION('center_axis',(8.4897883121166E-17,0.707106781186541,-0.707106781186554));
#9065=DIRECTION('ref_axis',(1.,0.,1.20063737726718E-16));
#9066=DIRECTION('',(8.4897883121166E-17,0.707106781186541,-0.707106781186554));
#9067=DIRECTION('center_axis',(-1.71609862729266E-16,-0.707106781186541,
0.707106781186554));
#9068=DIRECTION('ref_axis',(1.,0.,1.20063737726718E-16));
#9069=DIRECTION('center_axis',(-8.4897883121166E-17,-0.707106781186541,
0.707106781186554));
#9070=DIRECTION('ref_axis',(1.,0.,1.20063737726718E-16));
#9071=DIRECTION('center_axis',(9.72853087794666E-17,0.70710678118654,-0.707106781186555));
#9072=DIRECTION('ref_axis',(1.,0.,1.20063737726718E-16));
#9073=DIRECTION('',(0.656059028990507,0.53366026200197,-0.533660262001979));
#9074=DIRECTION('center_axis',(8.4897883121166E-17,0.707106781186541,-0.707106781186554));
#9075=DIRECTION('ref_axis',(1.,0.,1.20063737726718E-16));
#9076=DIRECTION('center_axis',(8.4897883121166E-17,0.707106781186541,-0.707106781186554));
#9077=DIRECTION('ref_axis',(1.,0.,1.20063737726718E-16));
#9078=DIRECTION('',(8.4897883121166E-17,0.707106781186541,-0.707106781186554));
#9079=DIRECTION('center_axis',(-1.71609862729266E-16,-0.707106781186541,
0.707106781186554));
#9080=DIRECTION('ref_axis',(1.,0.,1.20063737726718E-16));
#9081=DIRECTION('center_axis',(-8.4897883121166E-17,-0.707106781186541,
0.707106781186554));
#9082=DIRECTION('ref_axis',(1.,0.,1.20063737726718E-16));
#9083=DIRECTION('center_axis',(9.72853087794666E-17,0.70710678118654,-0.707106781186555));
#9084=DIRECTION('ref_axis',(1.,0.,1.20063737726718E-16));
#9085=DIRECTION('',(0.656059028990507,0.53366026200197,-0.533660262001979));
#9086=DIRECTION('center_axis',(8.4897883121166E-17,0.707106781186541,-0.707106781186554));
#9087=DIRECTION('ref_axis',(1.,0.,1.20063737726718E-16));
#9088=DIRECTION('center_axis',(8.4897883121166E-17,0.707106781186541,-0.707106781186554));
#9089=DIRECTION('ref_axis',(1.,0.,1.20063737726718E-16));
#9090=DIRECTION('',(8.4897883121166E-17,0.707106781186541,-0.707106781186554));
#9091=DIRECTION('center_axis',(-1.71609862729266E-16,-0.707106781186541,
0.707106781186554));
#9092=DIRECTION('ref_axis',(1.,0.,1.20063737726718E-16));
#9093=DIRECTION('center_axis',(-8.4897883121166E-17,-0.707106781186541,
0.707106781186554));
#9094=DIRECTION('ref_axis',(1.,0.,1.20063737726718E-16));
#9095=DIRECTION('center_axis',(9.72853087794666E-17,0.70710678118654,-0.707106781186555));
#9096=DIRECTION('ref_axis',(1.,0.,1.20063737726718E-16));
#9097=DIRECTION('',(0.656059028990507,0.53366026200197,-0.533660262001979));
#9098=DIRECTION('center_axis',(8.4897883121166E-17,0.707106781186541,-0.707106781186554));
#9099=DIRECTION('ref_axis',(1.,0.,1.20063737726718E-16));
#9100=DIRECTION('center_axis',(8.4897883121166E-17,0.707106781186541,-0.707106781186554));
#9101=DIRECTION('ref_axis',(1.,0.,1.20063737726718E-16));
#9102=DIRECTION('',(8.4897883121166E-17,0.707106781186541,-0.707106781186554));
#9103=DIRECTION('center_axis',(-1.71609862729266E-16,-0.707106781186541,
0.707106781186554));
#9104=DIRECTION('ref_axis',(1.,0.,1.20063737726718E-16));
#9105=DIRECTION('center_axis',(1.0511079221314E-16,0.707106781186546,0.707106781186549));
#9106=DIRECTION('ref_axis',(1.,0.,-1.48649107899602E-16));
#9107=DIRECTION('center_axis',(-1.0511079221314E-16,-0.707106781186551,
-0.707106781186544));
#9108=DIRECTION('ref_axis',(1.,0.,-1.48649107899602E-16));
#9109=DIRECTION('',(0.656059028990507,-0.533660262001973,-0.533660262001976));
#9110=DIRECTION('center_axis',(-1.0511079221314E-16,-0.707106781186546,
-0.707106781186549));
#9111=DIRECTION('ref_axis',(1.,0.,-1.48649107899602E-16));
#9112=DIRECTION('center_axis',(-1.0511079221314E-16,-0.707106781186546,
-0.707106781186549));
#9113=DIRECTION('ref_axis',(1.,0.,-1.48649107899602E-16));
#9114=DIRECTION('',(-1.0511079221314E-16,-0.707106781186545,-0.707106781186549));
#9115=DIRECTION('center_axis',(-7.72166291949659E-17,0.707106781186553,
0.707106781186542));
#9116=DIRECTION('ref_axis',(1.,0.,-1.48649107899602E-16));
#9117=DIRECTION('center_axis',(1.0511079221314E-16,0.707106781186546,0.707106781186549));
#9118=DIRECTION('ref_axis',(1.,0.,-1.48649107899602E-16));
#9119=DIRECTION('center_axis',(-1.0511079221314E-16,-0.707106781186551,
-0.707106781186544));
#9120=DIRECTION('ref_axis',(1.,0.,-1.48649107899602E-16));
#9121=DIRECTION('',(0.656059028990507,-0.533660262001973,-0.533660262001976));
#9122=DIRECTION('center_axis',(-1.0511079221314E-16,-0.707106781186546,
-0.707106781186549));
#9123=DIRECTION('ref_axis',(1.,0.,-1.48649107899602E-16));
#9124=DIRECTION('center_axis',(-1.0511079221314E-16,-0.707106781186546,
-0.707106781186549));
#9125=DIRECTION('ref_axis',(1.,0.,-1.48649107899602E-16));
#9126=DIRECTION('',(-1.0511079221314E-16,-0.707106781186545,-0.707106781186549));
#9127=DIRECTION('center_axis',(-7.72166291949659E-17,0.707106781186553,
0.707106781186542));
#9128=DIRECTION('ref_axis',(1.,0.,-1.48649107899602E-16));
#9129=DIRECTION('center_axis',(1.0511079221314E-16,0.707106781186546,0.707106781186549));
#9130=DIRECTION('ref_axis',(1.,0.,-1.48649107899602E-16));
#9131=DIRECTION('center_axis',(-1.0511079221314E-16,-0.707106781186551,
-0.707106781186544));
#9132=DIRECTION('ref_axis',(1.,0.,-1.48649107899602E-16));
#9133=DIRECTION('',(0.656059028990507,-0.533660262001973,-0.533660262001976));
#9134=DIRECTION('center_axis',(-1.0511079221314E-16,-0.707106781186546,
-0.707106781186549));
#9135=DIRECTION('ref_axis',(1.,0.,-1.48649107899602E-16));
#9136=DIRECTION('center_axis',(-1.0511079221314E-16,-0.707106781186546,
-0.707106781186549));
#9137=DIRECTION('ref_axis',(1.,0.,-1.48649107899602E-16));
#9138=DIRECTION('',(-1.0511079221314E-16,-0.707106781186545,-0.707106781186549));
#9139=DIRECTION('center_axis',(-7.72166291949659E-17,0.707106781186553,
0.707106781186542));
#9140=DIRECTION('ref_axis',(1.,0.,-1.48649107899602E-16));
#9141=DIRECTION('center_axis',(1.0511079221314E-16,0.707106781186546,0.707106781186549));
#9142=DIRECTION('ref_axis',(1.,0.,-1.48649107899602E-16));
#9143=DIRECTION('center_axis',(-1.0511079221314E-16,-0.707106781186551,
-0.707106781186544));
#9144=DIRECTION('ref_axis',(1.,0.,-1.48649107899602E-16));
#9145=DIRECTION('',(0.656059028990507,-0.533660262001973,-0.533660262001976));
#9146=DIRECTION('center_axis',(-1.0511079221314E-16,-0.707106781186546,
-0.707106781186549));
#9147=DIRECTION('ref_axis',(1.,0.,-1.48649107899602E-16));
#9148=DIRECTION('center_axis',(-1.0511079221314E-16,-0.707106781186546,
-0.707106781186549));
#9149=DIRECTION('ref_axis',(1.,0.,-1.48649107899602E-16));
#9150=DIRECTION('',(-1.0511079221314E-16,-0.707106781186545,-0.707106781186549));
#9151=DIRECTION('center_axis',(-7.72166291949659E-17,0.707106781186553,
0.707106781186542));
#9152=DIRECTION('ref_axis',(1.,0.,-1.48649107899602E-16));
#9153=DIRECTION('center_axis',(1.0511079221314E-16,0.707106781186546,0.707106781186549));
#9154=DIRECTION('ref_axis',(1.,0.,-1.48649107899602E-16));
#9155=DIRECTION('center_axis',(-1.0511079221314E-16,-0.707106781186551,
-0.707106781186544));
#9156=DIRECTION('ref_axis',(1.,0.,-1.48649107899602E-16));
#9157=DIRECTION('',(0.656059028990507,-0.533660262001973,-0.533660262001976));
#9158=DIRECTION('center_axis',(-1.0511079221314E-16,-0.707106781186546,
-0.707106781186549));
#9159=DIRECTION('ref_axis',(1.,0.,-1.48649107899602E-16));
#9160=DIRECTION('center_axis',(-1.0511079221314E-16,-0.707106781186546,
-0.707106781186549));
#9161=DIRECTION('ref_axis',(1.,0.,-1.48649107899602E-16));
#9162=DIRECTION('',(-1.0511079221314E-16,-0.707106781186545,-0.707106781186549));
#9163=DIRECTION('center_axis',(-7.72166291949659E-17,0.707106781186553,
0.707106781186542));
#9164=DIRECTION('ref_axis',(1.,0.,-1.48649107899602E-16));
#9165=DIRECTION('center_axis',(3.08148791101958E-33,0.707106781186555,0.707106781186541));
#9166=DIRECTION('ref_axis',(-0.707106781186545,-0.499999999999999,0.500000000000005));
#9167=DIRECTION('center_axis',(-6.13146287909983E-17,-0.707106781186547,
-0.707106781186548));
#9168=DIRECTION('ref_axis',(-0.707106781186545,-0.499999999999999,0.500000000000005));
#9169=DIRECTION('',(3.08148791101958E-33,0.707106781186555,0.70710678118654));
#9170=DIRECTION('center_axis',(6.75083416201484E-17,0.707106781186547,0.707106781186548));
#9171=DIRECTION('ref_axis',(-0.707106781186545,-0.499999999999999,0.500000000000005));
#9172=DIRECTION('',(-3.08148791101958E-33,-0.707106781186555,-0.70710678118654));
#9173=DIRECTION('center_axis',(-1.,-2.0524158842226E-17,2.05241588422264E-17));
#9174=DIRECTION('ref_axis',(2.9025543790976E-17,-0.70710678118654,0.707106781186555));
#9175=DIRECTION('',(2.9025543790976E-17,-0.707106781186548,0.707106781186547));
#9176=DIRECTION('',(-3.08148791101958E-33,-0.707106781186555,-0.70710678118654));
#9177=DIRECTION('',(-2.9025543790976E-17,0.707106781186548,-0.707106781186547));
#9178=DIRECTION('center_axis',(-9.86076131526265E-32,0.707106781186555,
0.707106781186541));
#9179=DIRECTION('ref_axis',(0.707106781186545,-0.499999999999999,0.500000000000005));
#9180=DIRECTION('center_axis',(-6.13146287909983E-17,-0.707106781186547,
-0.707106781186548));
#9181=DIRECTION('ref_axis',(0.707106781186545,-0.499999999999999,0.500000000000005));
#9182=DIRECTION('',(-9.86076131526265E-32,0.707106781186555,0.70710678118654));
#9183=DIRECTION('center_axis',(6.75083416201484E-17,0.707106781186547,0.707106781186548));
#9184=DIRECTION('ref_axis',(0.707106781186545,-0.499999999999999,0.500000000000005));
#9185=DIRECTION('',(9.86076131526265E-32,-0.707106781186555,-0.70710678118654));
#9186=DIRECTION('center_axis',(2.9025543790976E-17,-0.707106781186541,0.707106781186555));
#9187=DIRECTION('ref_axis',(1.,5.67266626388168E-17,1.56783449543637E-17));
#9188=DIRECTION('',(-1.,2.72114473040392E-17,6.82597649884907E-17));
#9189=DIRECTION('',(1.,-2.2831830961825E-17,-6.38801486462766E-17));
#9190=DIRECTION('center_axis',(-9.86076131526265E-32,0.707106781186555,
0.707106781186541));
#9191=DIRECTION('ref_axis',(0.707106781186547,0.499999999999994,-0.500000000000007));
#9192=DIRECTION('center_axis',(-6.13146287909983E-17,-0.707106781186547,
-0.707106781186548));
#9193=DIRECTION('ref_axis',(0.707106781186547,0.499999999999994,-0.500000000000007));
#9194=DIRECTION('',(-9.86076131526265E-32,0.707106781186555,0.70710678118654));
#9195=DIRECTION('center_axis',(6.75083416201484E-17,0.707106781186547,0.707106781186548));
#9196=DIRECTION('ref_axis',(0.707106781186547,0.499999999999994,-0.500000000000007));
#9197=DIRECTION('',(9.86076131526265E-32,-0.707106781186555,-0.70710678118654));
#9198=DIRECTION('center_axis',(1.,1.20870223568399E-15,-1.20870223568401E-15));
#9199=DIRECTION('ref_axis',(-1.709363094575E-15,0.70710678118654,-0.707106781186555));
#9200=DIRECTION('',(1.709363094575E-15,-0.707106781186548,0.707106781186547));
#9201=DIRECTION('',(-1.709363094575E-15,0.707106781186548,-0.707106781186547));
#9202=DIRECTION('center_axis',(3.08148791101958E-33,0.707106781186555,0.707106781186541));
#9203=DIRECTION('ref_axis',(-0.707106781186547,0.499999999999994,-0.500000000000007));
#9204=DIRECTION('center_axis',(-6.13146287909983E-17,-0.707106781186547,
-0.707106781186548));
#9205=DIRECTION('ref_axis',(-0.707106781186547,0.499999999999994,-0.500000000000007));
#9206=DIRECTION('',(3.08148791101958E-33,0.707106781186555,0.70710678118654));
#9207=DIRECTION('center_axis',(6.75083416201484E-17,0.707106781186547,0.707106781186548));
#9208=DIRECTION('ref_axis',(-0.707106781186547,0.499999999999994,-0.500000000000007));
#9209=DIRECTION('center_axis',(-2.9025543790976E-17,0.707106781186541,-0.707106781186555));
#9210=DIRECTION('ref_axis',(-1.,-5.67266626388168E-17,-1.56783449543637E-17));
#9211=DIRECTION('',(1.,-2.72114473040392E-17,-6.82597649884907E-17));
#9212=DIRECTION('',(-1.,2.2831830961825E-17,6.38801486462766E-17));
#9213=DIRECTION('center_axis',(0.,0.707106781186555,0.70710678118654));
#9214=DIRECTION('ref_axis',(0.707106781186555,-0.499999999999985,0.500000000000004));
#9215=DIRECTION('center_axis',(-6.13146287909983E-17,-0.707106781186547,
-0.707106781186548));
#9216=DIRECTION('ref_axis',(0.707106781186555,-0.499999999999985,0.500000000000004));
#9217=DIRECTION('',(0.,0.707106781186555,0.70710678118654));
#9218=DIRECTION('center_axis',(6.75083416201484E-17,0.707106781186547,0.707106781186548));
#9219=DIRECTION('ref_axis',(0.707106781186555,-0.499999999999985,0.500000000000004));
#9220=DIRECTION('',(0.,-0.707106781186555,-0.70710678118654));
#9221=DIRECTION('center_axis',(2.9025543790976E-17,-0.70710678118654,0.707106781186555));
#9222=DIRECTION('ref_axis',(1.,5.67266626388168E-17,1.56783449543637E-17));
#9223=DIRECTION('',(1.,-2.2831830961825E-17,-6.38801486462765E-17));
#9224=DIRECTION('',(0.,-0.707106781186555,-0.70710678118654));
#9225=DIRECTION('',(-1.,2.72114473040392E-17,6.82597649884907E-17));
#9226=DIRECTION('center_axis',(0.,0.707106781186555,0.70710678118654));
#9227=DIRECTION('ref_axis',(-0.707106781186549,-0.499999999999993,0.500000000000005));
#9228=DIRECTION('center_axis',(-6.13146287909983E-17,-0.707106781186547,
-0.707106781186548));
#9229=DIRECTION('ref_axis',(-0.707106781186549,-0.499999999999993,0.500000000000005));
#9230=DIRECTION('',(0.,0.707106781186555,0.70710678118654));
#9231=DIRECTION('center_axis',(6.75083416201484E-17,0.707106781186547,0.707106781186548));
#9232=DIRECTION('ref_axis',(-0.707106781186549,-0.499999999999993,0.500000000000005));
#9233=DIRECTION('center_axis',(-1.,-2.0524158842226E-17,2.05241588422264E-17));
#9234=DIRECTION('ref_axis',(2.9025543790976E-17,-0.70710678118654,0.707106781186555));
#9235=DIRECTION('',(2.9025543790976E-17,-0.707106781186548,0.707106781186547));
#9236=DIRECTION('',(0.,-0.707106781186555,-0.70710678118654));
#9237=DIRECTION('',(-2.9025543790976E-17,0.707106781186548,-0.707106781186547));
#9238=DIRECTION('center_axis',(0.,0.707106781186555,0.70710678118654));
#9239=DIRECTION('ref_axis',(-0.70710678118655,0.499999999999994,-0.500000000000003));
#9240=DIRECTION('center_axis',(-6.13146287909983E-17,-0.707106781186547,
-0.707106781186548));
#9241=DIRECTION('ref_axis',(-0.70710678118655,0.499999999999994,-0.500000000000003));
#9242=DIRECTION('',(0.,0.707106781186555,0.70710678118654));
#9243=DIRECTION('center_axis',(6.75083416201484E-17,0.707106781186547,0.707106781186548));
#9244=DIRECTION('ref_axis',(-0.70710678118655,0.499999999999994,-0.500000000000003));
#9245=DIRECTION('center_axis',(-2.9025543790976E-17,0.70710678118654,-0.707106781186555));
#9246=DIRECTION('ref_axis',(-1.,-5.67266626388168E-17,-1.56783449543637E-17));
#9247=DIRECTION('',(-1.,2.2831830961825E-17,6.38801486462765E-17));
#9248=DIRECTION('',(0.,-0.707106781186555,-0.70710678118654));
#9249=DIRECTION('',(1.,-2.72114473040392E-17,-6.82597649884907E-17));
#9250=DIRECTION('center_axis',(0.,0.707106781186555,0.70710678118654));
#9251=DIRECTION('ref_axis',(0.707106781186538,0.500000000000003,-0.50000000000001));
#9252=DIRECTION('center_axis',(-6.13146287909983E-17,-0.707106781186547,
-0.707106781186548));
#9253=DIRECTION('ref_axis',(0.707106781186538,0.500000000000003,-0.50000000000001));
#9254=DIRECTION('',(0.,0.707106781186555,0.70710678118654));
#9255=DIRECTION('center_axis',(6.75083416201484E-17,0.707106781186547,0.707106781186548));
#9256=DIRECTION('ref_axis',(0.707106781186538,0.500000000000003,-0.50000000000001));
#9257=DIRECTION('center_axis',(1.,-3.18955291683992E-16,3.18955291683999E-16));
#9258=DIRECTION('ref_axis',(4.51070899290173E-16,0.70710678118654,-0.707106781186555));
#9259=DIRECTION('',(-4.51070899290173E-16,-0.707106781186548,0.707106781186547));
#9260=DIRECTION('',(4.51070899290173E-16,0.707106781186548,-0.707106781186547));
#9261=DIRECTION('center_axis',(0.,0.707106781186555,0.70710678118654));
#9262=DIRECTION('ref_axis',(1.,2.0524158842226E-17,-2.05241588422264E-17));
#9263=DIRECTION('center_axis',(6.13146287909983E-17,0.707106781186547,0.707106781186548));
#9264=DIRECTION('ref_axis',(1.,2.0524158842226E-17,-2.05241588422264E-17));
#9265=DIRECTION('',(0.,0.707106781186555,0.70710678118654));
#9266=DIRECTION('center_axis',(-6.75083416201484E-17,-0.707106781186547,
-0.707106781186548));
#9267=DIRECTION('ref_axis',(1.,2.0524158842226E-17,-2.05241588422264E-17));
#9268=DIRECTION('center_axis',(0.,0.707106781186555,0.70710678118654));
#9269=DIRECTION('ref_axis',(1.,2.0524158842226E-17,-2.05241588422264E-17));
#9270=DIRECTION('center_axis',(6.13146287909983E-17,0.707106781186547,0.707106781186548));
#9271=DIRECTION('ref_axis',(1.,2.0524158842226E-17,-2.05241588422264E-17));
#9272=DIRECTION('',(0.,0.707106781186555,0.70710678118654));
#9273=DIRECTION('center_axis',(-6.75083416201484E-17,-0.707106781186547,
-0.707106781186548));
#9274=DIRECTION('ref_axis',(1.,2.0524158842226E-17,-2.05241588422264E-17));
#9275=DIRECTION('center_axis',(0.,0.707106781186555,0.70710678118654));
#9276=DIRECTION('ref_axis',(1.,2.0524158842226E-17,-2.05241588422264E-17));
#9277=DIRECTION('center_axis',(6.13146287909983E-17,0.707106781186547,0.707106781186548));
#9278=DIRECTION('ref_axis',(1.,2.0524158842226E-17,-2.05241588422264E-17));
#9279=DIRECTION('',(0.,0.707106781186555,0.70710678118654));
#9280=DIRECTION('center_axis',(-6.75083416201484E-17,-0.707106781186547,
-0.707106781186548));
#9281=DIRECTION('ref_axis',(1.,2.0524158842226E-17,-2.05241588422264E-17));
#9282=DIRECTION('center_axis',(0.,0.707106781186555,0.707106781186541));
#9283=DIRECTION('ref_axis',(1.,2.0524158842226E-17,-2.05241588422264E-17));
#9284=DIRECTION('center_axis',(6.13146287909983E-17,0.707106781186547,0.707106781186548));
#9285=DIRECTION('ref_axis',(1.,2.0524158842226E-17,-2.05241588422264E-17));
#9286=DIRECTION('',(0.,0.707106781186555,0.70710678118654));
#9287=DIRECTION('center_axis',(-6.75083416201484E-17,-0.707106781186547,
-0.707106781186548));
#9288=DIRECTION('ref_axis',(1.,2.0524158842226E-17,-2.05241588422264E-17));
#9289=DIRECTION('center_axis',(2.9025543790976E-17,-0.70710678118654,0.707106781186555));
#9290=DIRECTION('ref_axis',(1.,5.67266626388168E-17,1.56783449543637E-17));
#9291=DIRECTION('',(-1.,2.72114473040392E-17,6.82597649884907E-17));
#9292=DIRECTION('',(0.,0.707106781186555,0.70710678118654));
#9293=DIRECTION('',(1.,-2.2831830961825E-17,-6.38801486462765E-17));
#9294=DIRECTION('',(0.,0.707106781186555,0.70710678118654));
#9295=DIRECTION('center_axis',(0.,0.707106781186555,0.70710678118654));
#9296=DIRECTION('ref_axis',(-1.,-7.1980896842537E-15,7.19808968425385E-15));
#9297=DIRECTION('center_axis',(-6.75083416201484E-17,-0.707106781186547,
-0.707106781186548));
#9298=DIRECTION('ref_axis',(-1.,-7.1980896842537E-15,7.19808968425385E-15));
#9299=DIRECTION('center_axis',(6.13146287909983E-17,0.707106781186547,0.707106781186548));
#9300=DIRECTION('ref_axis',(-1.,-7.1980896842537E-15,7.19808968425385E-15));
#9301=DIRECTION('',(0.,0.707106781186555,0.70710678118654));
#9302=DIRECTION('center_axis',(-1.,-2.0524158842226E-17,2.05241588422264E-17));
#9303=DIRECTION('ref_axis',(2.9025543790976E-17,-0.70710678118654,0.707106781186555));
#9304=DIRECTION('',(-2.9025543790976E-17,0.707106781186548,-0.707106781186547));
#9305=DIRECTION('',(2.9025543790976E-17,-0.707106781186548,0.707106781186547));
#9306=DIRECTION('',(0.,0.707106781186555,0.70710678118654));
#9307=DIRECTION('center_axis',(0.,0.707106781186555,0.70710678118654));
#9308=DIRECTION('ref_axis',(-2.9025543790976E-17,0.70710678118654,-0.707106781186555));
#9309=DIRECTION('center_axis',(-6.75083416201484E-17,-0.707106781186547,
-0.707106781186548));
#9310=DIRECTION('ref_axis',(-2.9025543790976E-17,0.70710678118654,-0.707106781186555));
#9311=DIRECTION('center_axis',(6.13146287909983E-17,0.707106781186547,0.707106781186548));
#9312=DIRECTION('ref_axis',(-2.9025543790976E-17,0.70710678118654,-0.707106781186555));
#9313=DIRECTION('',(0.,0.707106781186555,0.70710678118654));
#9314=DIRECTION('center_axis',(-2.9025543790976E-17,0.70710678118654,-0.707106781186555));
#9315=DIRECTION('ref_axis',(-1.,-5.67266626388168E-17,-1.56783449543637E-17));
#9316=DIRECTION('',(1.,-2.72114473040392E-17,-6.82597649884907E-17));
#9317=DIRECTION('',(-1.,2.2831830961825E-17,6.38801486462765E-17));
#9318=DIRECTION('',(0.,0.707106781186555,0.70710678118654));
#9319=DIRECTION('center_axis',(0.,0.707106781186555,0.70710678118654));
#9320=DIRECTION('ref_axis',(1.,2.0524158842226E-17,-2.05241588422264E-17));
#9321=DIRECTION('center_axis',(-6.75083416201484E-17,-0.707106781186547,
-0.707106781186548));
#9322=DIRECTION('ref_axis',(1.,2.0524158842226E-17,-2.05241588422264E-17));
#9323=DIRECTION('center_axis',(6.13146287909983E-17,0.707106781186547,0.707106781186548));
#9324=DIRECTION('ref_axis',(1.,2.0524158842226E-17,-2.05241588422264E-17));
#9325=DIRECTION('',(0.,0.707106781186555,0.70710678118654));
#9326=DIRECTION('center_axis',(1.,2.0524158842226E-17,-2.05241588422264E-17));
#9327=DIRECTION('ref_axis',(-2.9025543790976E-17,0.70710678118654,-0.707106781186555));
#9328=DIRECTION('',(2.9025543790976E-17,-0.707106781186548,0.707106781186547));
#9329=DIRECTION('',(-2.9025543790976E-17,0.707106781186548,-0.707106781186547));
#9330=DIRECTION('',(0.,0.707106781186555,0.70710678118654));
#9331=DIRECTION('center_axis',(0.,0.707106781186555,0.70710678118654));
#9332=DIRECTION('ref_axis',(2.9025543790976E-17,-0.70710678118654,0.707106781186555));
#9333=DIRECTION('center_axis',(-6.75083416201484E-17,-0.707106781186547,
-0.707106781186548));
#9334=DIRECTION('ref_axis',(2.9025543790976E-17,-0.70710678118654,0.707106781186555));
#9335=DIRECTION('center_axis',(6.13146287909983E-17,0.707106781186547,0.707106781186548));
#9336=DIRECTION('ref_axis',(2.9025543790976E-17,-0.70710678118654,0.707106781186555));
#9337=DIRECTION('center_axis',(0.,0.707106781186555,0.70710678118654));
#9338=DIRECTION('ref_axis',(1.,2.0524158842226E-17,-2.05241588422264E-17));
#9339=DIRECTION('center_axis',(6.13146287909983E-17,0.707106781186547,0.707106781186548));
#9340=DIRECTION('ref_axis',(1.,2.0524158842226E-17,-2.05241588422264E-17));
#9341=DIRECTION('',(0.,0.707106781186555,0.70710678118654));
#9342=DIRECTION('center_axis',(-6.75083416201484E-17,-0.707106781186547,
-0.707106781186548));
#9343=DIRECTION('ref_axis',(1.,2.0524158842226E-17,-2.05241588422264E-17));
#9344=DIRECTION('center_axis',(0.,0.707106781186555,0.70710678118654));
#9345=DIRECTION('ref_axis',(1.,2.0524158842226E-17,-2.05241588422264E-17));
#9346=DIRECTION('center_axis',(6.13146287909983E-17,0.707106781186547,0.707106781186548));
#9347=DIRECTION('ref_axis',(1.,2.0524158842226E-17,-2.05241588422264E-17));
#9348=DIRECTION('',(0.,0.707106781186555,0.70710678118654));
#9349=DIRECTION('center_axis',(-6.75083416201484E-17,-0.707106781186547,
-0.707106781186548));
#9350=DIRECTION('ref_axis',(1.,2.0524158842226E-17,-2.05241588422264E-17));
#9351=DIRECTION('center_axis',(0.,0.707106781186555,0.70710678118654));
#9352=DIRECTION('ref_axis',(1.,2.0524158842226E-17,-2.05241588422264E-17));
#9353=DIRECTION('center_axis',(6.13146287909983E-17,0.707106781186547,0.707106781186548));
#9354=DIRECTION('ref_axis',(1.,2.0524158842226E-17,-2.05241588422264E-17));
#9355=DIRECTION('',(0.,0.707106781186555,0.70710678118654));
#9356=DIRECTION('center_axis',(-6.75083416201484E-17,-0.707106781186547,
-0.707106781186548));
#9357=DIRECTION('ref_axis',(1.,2.0524158842226E-17,-2.05241588422264E-17));
#9358=DIRECTION('center_axis',(0.,0.707106781186555,0.70710678118654));
#9359=DIRECTION('ref_axis',(1.,2.0524158842226E-17,-2.05241588422264E-17));
#9360=DIRECTION('center_axis',(6.13146287909983E-17,0.707106781186547,0.707106781186548));
#9361=DIRECTION('ref_axis',(1.,2.0524158842226E-17,-2.05241588422264E-17));
#9362=DIRECTION('',(0.,0.707106781186555,0.70710678118654));
#9363=DIRECTION('center_axis',(-6.75083416201484E-17,-0.707106781186547,
-0.707106781186548));
#9364=DIRECTION('ref_axis',(1.,2.0524158842226E-17,-2.05241588422264E-17));
#9365=DIRECTION('center_axis',(0.,0.707106781186555,0.70710678118654));
#9366=DIRECTION('ref_axis',(1.,2.0524158842226E-17,-2.05241588422264E-17));
#9367=DIRECTION('center_axis',(6.13146287909983E-17,0.707106781186547,0.707106781186548));
#9368=DIRECTION('ref_axis',(1.,2.0524158842226E-17,-2.05241588422264E-17));
#9369=DIRECTION('',(0.,0.707106781186555,0.70710678118654));
#9370=DIRECTION('center_axis',(-6.75083416201484E-17,-0.707106781186547,
-0.707106781186548));
#9371=DIRECTION('ref_axis',(1.,2.0524158842226E-17,-2.05241588422264E-17));
#9372=DIRECTION('center_axis',(0.,0.707106781186555,0.70710678118654));
#9373=DIRECTION('ref_axis',(1.,2.0524158842226E-17,-2.05241588422264E-17));
#9374=DIRECTION('center_axis',(6.13146287909983E-17,0.707106781186547,0.707106781186548));
#9375=DIRECTION('ref_axis',(1.,2.0524158842226E-17,-2.05241588422264E-17));
#9376=DIRECTION('',(0.,0.707106781186555,0.70710678118654));
#9377=DIRECTION('center_axis',(-6.75083416201484E-17,-0.707106781186547,
-0.707106781186548));
#9378=DIRECTION('ref_axis',(1.,2.0524158842226E-17,-2.05241588422264E-17));
#9379=DIRECTION('center_axis',(0.,0.707106781186555,0.70710678118654));
#9380=DIRECTION('ref_axis',(1.,2.0524158842226E-17,-2.05241588422264E-17));
#9381=DIRECTION('center_axis',(6.13146287909983E-17,0.707106781186547,0.707106781186548));
#9382=DIRECTION('ref_axis',(1.,2.0524158842226E-17,-2.05241588422264E-17));
#9383=DIRECTION('',(0.,0.707106781186555,0.70710678118654));
#9384=DIRECTION('center_axis',(-6.75083416201484E-17,-0.707106781186547,
-0.707106781186548));
#9385=DIRECTION('ref_axis',(1.,2.0524158842226E-17,-2.05241588422264E-17));
#9386=DIRECTION('center_axis',(0.,0.707106781186555,0.70710678118654));
#9387=DIRECTION('ref_axis',(1.,2.0524158842226E-17,-2.05241588422264E-17));
#9388=DIRECTION('center_axis',(6.13146287909983E-17,0.707106781186547,0.707106781186548));
#9389=DIRECTION('ref_axis',(1.,2.0524158842226E-17,-2.05241588422264E-17));
#9390=DIRECTION('',(0.,0.707106781186555,0.70710678118654));
#9391=DIRECTION('center_axis',(-6.75083416201484E-17,-0.707106781186547,
-0.707106781186548));
#9392=DIRECTION('ref_axis',(1.,2.0524158842226E-17,-2.05241588422264E-17));
#9393=DIRECTION('center_axis',(0.,0.707106781186555,0.707106781186541));
#9394=DIRECTION('ref_axis',(1.,2.0524158842226E-17,-2.05241588422264E-17));
#9395=DIRECTION('center_axis',(6.13146287909983E-17,0.707106781186547,0.707106781186548));
#9396=DIRECTION('ref_axis',(1.,2.0524158842226E-17,-2.05241588422264E-17));
#9397=DIRECTION('',(0.,0.707106781186555,0.70710678118654));
#9398=DIRECTION('center_axis',(-6.75083416201484E-17,-0.707106781186547,
-0.707106781186548));
#9399=DIRECTION('ref_axis',(1.,2.0524158842226E-17,-2.05241588422264E-17));
#9400=DIRECTION('center_axis',(0.,-9.64363104994707E-15,-1.));
#9401=DIRECTION('ref_axis',(-1.,6.5111456302595E-31,0.));
#9402=DIRECTION('center_axis',(7.00738614754254E-17,-1.32116539930394E-14,
-1.));
#9403=DIRECTION('ref_axis',(-1.,6.5111456302595E-31,0.));
#9404=DIRECTION('',(0.,-9.64363104994707E-15,-1.));
#9405=DIRECTION('center_axis',(-1.01042425621176E-16,1.0325074129014E-14,
1.));
#9406=DIRECTION('ref_axis',(-1.,6.5111456302595E-31,0.));
#9407=DIRECTION('center_axis',(0.,-9.64363104994707E-15,-1.));
#9408=DIRECTION('ref_axis',(-1.,6.5111456302595E-31,0.));
#9409=DIRECTION('center_axis',(7.00738614754254E-17,-1.32116539930394E-14,
-1.));
#9410=DIRECTION('ref_axis',(-1.,6.5111456302595E-31,0.));
#9411=DIRECTION('',(0.,-9.64363104994707E-15,-1.));
#9412=DIRECTION('center_axis',(-1.01042425621176E-16,1.0325074129014E-14,
1.));
#9413=DIRECTION('ref_axis',(-1.,6.5111456302595E-31,0.));
#9414=DIRECTION('center_axis',(0.,-9.64363104994707E-15,-1.));
#9415=DIRECTION('ref_axis',(-1.,6.5111456302595E-31,0.));
#9416=DIRECTION('center_axis',(7.00738614754254E-17,-1.32116539930394E-14,
-1.));
#9417=DIRECTION('ref_axis',(-1.,6.5111456302595E-31,0.));
#9418=DIRECTION('',(0.,-9.64363104994707E-15,-1.));
#9419=DIRECTION('center_axis',(-1.01042425621176E-16,1.0325074129014E-14,
1.));
#9420=DIRECTION('ref_axis',(-1.,6.5111456302595E-31,0.));
#9421=DIRECTION('center_axis',(0.,-9.64363104994707E-15,-1.));
#9422=DIRECTION('ref_axis',(-1.,6.5111456302595E-31,0.));
#9423=DIRECTION('center_axis',(7.00738614754254E-17,-1.32116539930394E-14,
-1.));
#9424=DIRECTION('ref_axis',(-1.,6.5111456302595E-31,0.));
#9425=DIRECTION('',(0.,-9.64363104994707E-15,-1.));
#9426=DIRECTION('center_axis',(-1.01042425621176E-16,1.0325074129014E-14,
1.));
#9427=DIRECTION('ref_axis',(-1.,6.5111456302595E-31,0.));
#9428=DIRECTION('center_axis',(-9.72853087794666E-17,-0.70710678118654,
0.707106781186555));
#9429=DIRECTION('ref_axis',(-0.707106781186548,-0.500000000000006,-0.499999999999994));
#9430=DIRECTION('center_axis',(9.72853087794666E-17,0.70710678118654,-0.707106781186555));
#9431=DIRECTION('ref_axis',(-0.707106781186548,-0.500000000000006,-0.499999999999994));
#9432=DIRECTION('',(9.72853087794666E-17,0.70710678118654,-0.707106781186555));
#9433=DIRECTION('center_axis',(-1.71609862729266E-16,-0.707106781186541,
0.707106781186554));
#9434=DIRECTION('ref_axis',(-0.707106781186548,-0.500000000000006,-0.499999999999994));
#9435=DIRECTION('',(-9.72853087794666E-17,-0.70710678118654,0.707106781186555));
#9436=DIRECTION('center_axis',(-7.41956300819639E-17,-0.707106781186555,
-0.70710678118654));
#9437=DIRECTION('ref_axis',(1.,-1.73810730819721E-16,6.8882264488993E-17));
#9438=DIRECTION('',(-1.,1.73810730819721E-16,-6.8882264488993E-17));
#9439=DIRECTION('',(9.72853087794666E-17,0.70710678118654,-0.707106781186555));
#9440=DIRECTION('',(1.,-1.73810730819721E-16,6.8882264488993E-17));
#9441=DIRECTION('center_axis',(-1.71609862729266E-16,-0.707106781186541,
0.707106781186554));
#9442=DIRECTION('ref_axis',(1.,-3.36630078688661E-17,2.09029987439845E-16));
#9443=DIRECTION('',(5.54321657121005E-17,0.707106781186555,0.70710678118654));
#9444=DIRECTION('',(1.,-1.60542957925238E-16,8.21500373834752E-17));
#9445=DIRECTION('',(5.54321657121003E-17,0.707106781186554,0.707106781186541));
#9446=DIRECTION('center_axis',(-1.71609862729266E-16,-0.707106781186541,
0.707106781186554));
#9447=DIRECTION('ref_axis',(0.707106781186552,-0.500000000000003,-0.499999999999991));
#9448=DIRECTION('center_axis',(-9.72853087794666E-17,-0.70710678118654,
0.707106781186555));
#9449=DIRECTION('ref_axis',(0.707106781186552,-0.500000000000003,-0.499999999999991));
#9450=DIRECTION('center_axis',(9.72853087794666E-17,0.70710678118654,-0.707106781186555));
#9451=DIRECTION('ref_axis',(0.707106781186552,-0.500000000000003,-0.499999999999991));
#9452=DIRECTION('',(-9.72853087794666E-17,-0.70710678118654,0.707106781186555));
#9453=DIRECTION('center_axis',(1.,-4.45475867904833E-17,9.30346163050921E-17));
#9454=DIRECTION('ref_axis',(-3.42855073693713E-17,0.707106781186554,0.707106781186541));
#9455=DIRECTION('',(-9.72853087794665E-17,-0.707106781186541,0.707106781186554));
#9456=DIRECTION('',(-3.42855073693713E-17,0.707106781186554,0.707106781186541));
#9457=DIRECTION('center_axis',(-1.,1.48649107899603E-16,0.));
#9458=DIRECTION('ref_axis',(0.,0.,1.));
#9459=DIRECTION('',(1.,-1.48649107899603E-16,0.));
#9460=DIRECTION('center_axis',(1.,-1.48649107899603E-16,0.));
#9461=DIRECTION('ref_axis',(0.,0.707106781186551,0.707106781186545));
#9462=DIRECTION('',(1.,-1.48649107899603E-16,0.));
#9463=DIRECTION('center_axis',(-1.,1.48649107899603E-16,0.));
#9464=DIRECTION('ref_axis',(0.,1.18423789293348E-14,1.));
#9465=DIRECTION('center_axis',(1.,-1.48649107899603E-16,0.));
#9466=DIRECTION('ref_axis',(1.05110792213139E-16,0.707106781186544,-0.707106781186551));
#9467=DIRECTION('',(-1.0511079221314E-16,-0.707106781186551,-0.707106781186544));
#9468=DIRECTION('',(-1.05110792213139E-16,-0.707106781186544,0.707106781186551));
#9469=DIRECTION('',(1.0511079221314E-16,0.707106781186551,0.707106781186544));
#9470=DIRECTION('',(1.05110792213139E-16,0.707106781186544,-0.707106781186551));
#9471=DIRECTION('center_axis',(-7.72166291949659E-17,0.707106781186553,
0.707106781186542));
#9472=DIRECTION('ref_axis',(1.,8.53866403874664E-17,2.38141638607882E-17));
#9473=DIRECTION('',(-1.,1.97241518256727E-17,-1.28924956073929E-16));
#9474=DIRECTION('',(-1.05110792213138E-16,-0.707106781186534,0.707106781186561));
#9475=DIRECTION('',(1.,2.0172019947753E-16,-1.55306990715387E-30));
#9476=DIRECTION('center_axis',(-1.,1.48649107899603E-16,0.));
#9477=DIRECTION('ref_axis',(0.,0.,1.));
#9478=DIRECTION('',(1.0511079221314E-16,0.707106781186551,0.707106781186544));
#9479=DIRECTION('center_axis',(1.,-1.48649107899603E-16,0.));
#9480=DIRECTION('ref_axis',(0.,0.707106781186546,0.707106781186549));
#9481=DIRECTION('',(0.,0.,-1.));
#9482=DIRECTION('center_axis',(1.,-1.48649107899603E-16,0.));
#9483=DIRECTION('ref_axis',(0.,0.,-1.));
#9484=DIRECTION('',(0.,0.,-1.));
#9485=DIRECTION('center_axis',(1.,-1.48649107899603E-16,0.));
#9486=DIRECTION('ref_axis',(0.,0.707106781186557,0.707106781186538));
#9487=DIRECTION('center_axis',(-1.,7.43245539498017E-17,7.43245539498018E-17));
#9488=DIRECTION('ref_axis',(5.17033659572373E-31,-0.707106781186544,0.707106781186551));
#9489=DIRECTION('',(5.17033659572373E-31,-0.707106781186544,0.707106781186551));
#9490=DIRECTION('',(1.0511079221314E-16,0.707106781186551,0.707106781186544));
#9491=DIRECTION('center_axis',(-1.42637720952865E-16,0.707106781186544,
-0.707106781186551));
#9492=DIRECTION('ref_axis',(-1.,-2.0172019947753E-16,1.55306990715387E-30));
#9493=DIRECTION('',(-1.,-2.0172019947753E-16,1.55306990715387E-30));
#9494=DIRECTION('center_axis',(-1.,1.48649107899603E-16,0.));
#9495=DIRECTION('ref_axis',(0.,0.,1.));
#9496=DIRECTION('',(1.,-1.48649107899603E-16,0.));
#9497=DIRECTION('center_axis',(1.0511079221314E-16,0.707106781186551,0.707106781186544));
#9498=DIRECTION('ref_axis',(1.,-4.35383156864634E-17,-1.0511079221314E-16));
#9499=DIRECTION('center_axis',(1.,-1.7943534616294E-16,1.01042425621178E-16));
#9500=DIRECTION('ref_axis',(-1.01042425621176E-16,1.0325074129014E-14,1.));
#9501=DIRECTION('',(-1.,1.0798756181867E-16,-2.95946412769064E-17));
#9502=DIRECTION('center_axis',(-1.,1.7943534616294E-16,-1.01042425621178E-16));
#9503=DIRECTION('ref_axis',(0.,-0.70710678118654,0.707106781186555));
#9504=DIRECTION('',(1.,-1.98198810532804E-16,7.0073861475428E-17));
#9505=DIRECTION('center_axis',(1.,-1.7943534616294E-16,1.01042425621178E-16));
#9506=DIRECTION('ref_axis',(0.,2.07241631263361E-14,1.));
#9507=DIRECTION('center_axis',(-1.,1.0798756181867E-16,-2.95946412769064E-17));
#9508=DIRECTION('ref_axis',(-5.54321657121005E-17,-0.707106781186555,-0.70710678118654));
#9509=DIRECTION('',(-5.54321657121005E-17,-0.707106781186555,-0.70710678118654));
#9510=DIRECTION('',(9.72853087794667E-17,0.707106781186541,-0.707106781186554));
#9511=DIRECTION('center_axis',(1.,-1.7943534616294E-16,1.01042425621178E-16));
#9512=DIRECTION('ref_axis',(1.01042425621178E-16,0.,-1.));
#9513=DIRECTION('center_axis',(-1.,1.7943534616294E-16,-1.01042425621178E-16));
#9514=DIRECTION('ref_axis',(0.,-0.707106781186536,0.707106781186559));
#9515=DIRECTION('',(7.00738614754254E-17,-1.1842378929335E-14,-1.));
#9516=DIRECTION('center_axis',(-1.,1.7943534616294E-16,-1.01042425621178E-16));
#9517=DIRECTION('ref_axis',(-1.01042425621178E-16,0.,1.));
#9518=DIRECTION('',(-7.00738614754255E-17,1.1842378929335E-14,1.));
#9519=DIRECTION('center_axis',(-1.,1.7943534616294E-16,-1.01042425621178E-16));
#9520=DIRECTION('ref_axis',(0.,-0.707106781186542,0.707106781186553));
#9521=DIRECTION('center_axis',(1.,-1.7943534616294E-16,1.01042425621178E-16));
#9522=DIRECTION('ref_axis',(-1.01042425621176E-16,1.0325074129014E-14,1.));
#9523=DIRECTION('',(-1.,1.98198810532803E-16,-1.01042425621178E-16));
#9524=DIRECTION('center_axis',(-9.72853087794666E-17,-0.70710678118654,
0.707106781186555));
#9525=DIRECTION('ref_axis',(1.,1.88923882377024E-17,1.56474591333276E-16));
#9526=DIRECTION('center_axis',(1.01042425621176E-16,-1.0325074129014E-14,
-1.));
#9527=DIRECTION('ref_axis',(-1.,5.27377219889806E-17,-1.01042425621176E-16));
#9528=DIRECTION('',(9.54712122925302E-17,1.,-4.94717435741533E-15));
#9529=DIRECTION('',(1.,-9.54712122925289E-17,1.01042425621177E-16));
#9530=DIRECTION('',(9.54712122925302E-17,1.,-1.18218192436938E-14));
#9531=DIRECTION('center_axis',(1.,-9.547121229253E-17,8.75923268442833E-18));
#9532=DIRECTION('ref_axis',(6.13146287909983E-17,0.707106781186547,0.707106781186548));
#9533=DIRECTION('',(-1.,9.54712122925293E-17,-7.00738614754267E-17));
#9534=DIRECTION('center_axis',(-1.,9.547121229253E-17,-8.75923268442833E-18));
#9535=DIRECTION('ref_axis',(0.,1.18423789293351E-14,1.));
#9536=DIRECTION('',(1.,-9.7285308779466E-17,1.81409648693595E-18));
#9537=DIRECTION('center_axis',(1.,-9.547121229253E-17,8.75923268442833E-18));
#9538=DIRECTION('ref_axis',(0.,0.707106781186558,0.707106781186537));
#9539=DIRECTION('center_axis',(-1.,9.54712122925298E-17,-7.00738614754267E-17));
#9540=DIRECTION('ref_axis',(-9.54712122925302E-17,-1.,4.9960036108132E-15));
#9541=DIRECTION('',(-9.54712122925302E-17,-1.,4.94717435741533E-15));
#9542=DIRECTION('',(7.00738614754255E-17,-1.2267964422108E-14,-1.));
#9543=DIRECTION('center_axis',(1.,-9.547121229253E-17,8.75923268442833E-18));
#9544=DIRECTION('ref_axis',(8.75923268442833E-18,0.,-1.));
#9545=DIRECTION('',(-7.00738614754254E-17,1.2267964422108E-14,1.));
#9546=DIRECTION('center_axis',(-1.,9.547121229253E-17,-8.75923268442833E-18));
#9547=DIRECTION('ref_axis',(0.,1.1842378929335E-14,1.));
#9548=DIRECTION('',(-6.13146287909983E-17,-0.707106781186548,-0.707106781186548));
#9549=DIRECTION('center_axis',(-1.,9.547121229253E-17,-8.75923268442833E-18));
#9550=DIRECTION('ref_axis',(-8.75923268442833E-18,0.,1.));
#9551=DIRECTION('',(6.13146287909983E-17,0.707106781186548,0.707106781186548));
#9552=DIRECTION('center_axis',(-1.,9.547121229253E-17,-8.75923268442833E-18));
#9553=DIRECTION('ref_axis',(0.,5.92118946466756E-15,1.));
#9554=DIRECTION('center_axis',(1.,8.75923268442907E-18,7.00738614754253E-17));
#9555=DIRECTION('ref_axis',(-8.75923268442819E-18,1.,-1.2267964422108E-14));
#9556=DIRECTION('',(-8.75923268442818E-18,1.,-1.22124532708767E-14));
#9557=DIRECTION('center_axis',(1.,-9.547121229253E-17,8.75923268442833E-18));
#9558=DIRECTION('ref_axis',(6.13146287909983E-17,0.707106781186547,0.707106781186548));
#9559=DIRECTION('',(-1.,9.29056924372518E-17,-6.19371282915011E-18));
#9560=DIRECTION('center_axis',(-7.00738614754254E-17,1.32116539930394E-14,
1.));
#9561=DIRECTION('ref_axis',(1.,-2.17691578432307E-17,7.00738614754257E-17));
#9562=DIRECTION('center_axis',(-1.,4.33559898040508E-17,4.33559898040508E-17));
#9563=DIRECTION('ref_axis',(4.86594911353413E-32,0.707106781186548,-0.707106781186547));
#9564=DIRECTION('',(6.13146287909984E-17,0.707106781186548,-0.707106781186547));
#9565=DIRECTION('',(-6.13146287909983E-17,-0.707106781186547,-0.707106781186548));
#9566=DIRECTION('',(4.86594911353413E-32,0.707106781186548,-0.707106781186547));
#9567=DIRECTION('center_axis',(6.75083416201484E-17,0.707106781186547,0.707106781186548));
#9568=DIRECTION('ref_axis',(1.,-2.97769671593175E-17,-6.56942451332125E-17));
#9569=DIRECTION('',(6.13146287909984E-17,0.707106781186548,-0.707106781186547));
#9570=DIRECTION('',(-1.,9.10915959503158E-17,4.37961634221417E-18));
#9571=DIRECTION('center_axis',(-1.,8.67119796081017E-17,0.));
#9572=DIRECTION('ref_axis',(0.,0.,-1.));
#9573=DIRECTION('',(1.,-8.67119796081017E-17,0.));
#9574=DIRECTION('center_axis',(1.,-8.67119796081017E-17,0.));
#9575=DIRECTION('ref_axis',(0.,-0.707106781186547,-0.707106781186548));
#9576=DIRECTION('',(-1.,8.67119796081017E-17,0.));
#9577=DIRECTION('center_axis',(-1.,8.67119796081017E-17,0.));
#9578=DIRECTION('ref_axis',(0.,-4.44089209850064E-15,-1.));
#9579=DIRECTION('center_axis',(1.,-8.67119796081017E-17,0.));
#9580=DIRECTION('ref_axis',(-6.13146287909984E-17,-0.707106781186548,0.707106781186547));
#9581=DIRECTION('',(-6.13146287909984E-17,-0.707106781186548,0.707106781186547));
#9582=DIRECTION('',(6.13146287909983E-17,0.707106781186547,0.707106781186548));
#9583=DIRECTION('center_axis',(-1.,8.67119796081017E-17,0.));
#9584=DIRECTION('ref_axis',(0.,0.,1.));
#9585=DIRECTION('center_axis',(1.,-8.67119796081017E-17,0.));
#9586=DIRECTION('ref_axis',(0.,-0.707106781186547,-0.707106781186548));
#9587=DIRECTION('',(0.,0.,-1.));
#9588=DIRECTION('center_axis',(1.,-8.67119796081017E-17,0.));
#9589=DIRECTION('ref_axis',(0.,0.,-1.));
#9590=DIRECTION('',(0.,0.,-1.));
#9591=DIRECTION('center_axis',(1.,-8.67119796081017E-17,0.));
#9592=DIRECTION('ref_axis',(0.,-0.707106781186547,-0.707106781186548));
#9593=DIRECTION('center_axis',(-1.,8.67119796081017E-17,0.));
#9594=DIRECTION('ref_axis',(0.,0.,-1.));
#9595=DIRECTION('',(-1.,8.67119796081017E-17,0.));
#9596=DIRECTION('center_axis',(-6.13146287909983E-17,-0.707106781186547,
-0.707106781186548));
#9597=DIRECTION('ref_axis',(-1.,2.53973508171033E-17,6.13146287909983E-17));
#9598=DIRECTION('center_axis',(0.,0.,1.));
#9599=DIRECTION('ref_axis',(1.,0.,0.));
#9600=DIRECTION('center_axis',(0.,0.,-1.));
#9601=DIRECTION('ref_axis',(1.,0.,0.));
#9602=DIRECTION('',(0.707106781186547,-8.65956056235493E-17,-0.707106781186548));
#9603=DIRECTION('center_axis',(0.,0.,-1.));
#9604=DIRECTION('ref_axis',(1.,0.,0.));
#9605=DIRECTION('center_axis',(0.,0.,-1.));
#9606=DIRECTION('ref_axis',(1.,0.,0.));
#9607=DIRECTION('',(0.,0.,-1.));
#9608=DIRECTION('center_axis',(0.,0.,1.));
#9609=DIRECTION('ref_axis',(1.,0.,0.));
#9610=DIRECTION('center_axis',(0.,0.,1.));
#9611=DIRECTION('ref_axis',(1.,0.,0.));
#9612=DIRECTION('center_axis',(0.,0.,-1.));
#9613=DIRECTION('ref_axis',(1.,0.,0.));
#9614=DIRECTION('',(0.707106781186547,-8.65956056235493E-17,-0.707106781186548));
#9615=DIRECTION('center_axis',(0.,0.,-1.));
#9616=DIRECTION('ref_axis',(1.,0.,0.));
#9617=DIRECTION('center_axis',(0.,0.,-1.));
#9618=DIRECTION('ref_axis',(1.,0.,0.));
#9619=DIRECTION('',(0.,0.,-1.));
#9620=DIRECTION('center_axis',(0.,0.,1.));
#9621=DIRECTION('ref_axis',(1.,0.,0.));
#9622=DIRECTION('center_axis',(0.,0.,1.));
#9623=DIRECTION('ref_axis',(1.,0.,0.));
#9624=DIRECTION('center_axis',(0.,0.,-1.));
#9625=DIRECTION('ref_axis',(1.,0.,0.));
#9626=DIRECTION('',(0.707106781186547,-8.65956056235493E-17,-0.707106781186548));
#9627=DIRECTION('center_axis',(0.,0.,-1.));
#9628=DIRECTION('ref_axis',(1.,0.,0.));
#9629=DIRECTION('center_axis',(0.,0.,-1.));
#9630=DIRECTION('ref_axis',(1.,0.,0.));
#9631=DIRECTION('',(0.,0.,-1.));
#9632=DIRECTION('center_axis',(0.,0.,1.));
#9633=DIRECTION('ref_axis',(1.,0.,0.));
#9634=DIRECTION('center_axis',(0.,0.,1.));
#9635=DIRECTION('ref_axis',(1.,0.,0.));
#9636=DIRECTION('center_axis',(0.,0.,-1.));
#9637=DIRECTION('ref_axis',(1.,0.,0.));
#9638=DIRECTION('',(0.707106781186547,-8.65956056235493E-17,-0.707106781186548));
#9639=DIRECTION('center_axis',(0.,0.,-1.));
#9640=DIRECTION('ref_axis',(1.,0.,0.));
#9641=DIRECTION('center_axis',(0.,0.,-1.));
#9642=DIRECTION('ref_axis',(1.,0.,0.));
#9643=DIRECTION('',(0.,0.,-1.));
#9644=DIRECTION('center_axis',(0.,0.,1.));
#9645=DIRECTION('ref_axis',(1.,0.,0.));
#9646=DIRECTION('center_axis',(0.,0.,1.));
#9647=DIRECTION('ref_axis',(1.,0.,0.));
#9648=DIRECTION('center_axis',(0.,0.,-1.));
#9649=DIRECTION('ref_axis',(1.,0.,0.));
#9650=DIRECTION('',(0.707106781186547,-8.65956056235493E-17,-0.707106781186548));
#9651=DIRECTION('center_axis',(0.,0.,-1.));
#9652=DIRECTION('ref_axis',(1.,0.,0.));
#9653=DIRECTION('center_axis',(0.,0.,-1.));
#9654=DIRECTION('ref_axis',(1.,0.,0.));
#9655=DIRECTION('',(0.,0.,-1.));
#9656=DIRECTION('center_axis',(0.,0.,1.));
#9657=DIRECTION('ref_axis',(1.,0.,0.));
#9658=DIRECTION('center_axis',(0.,0.,1.));
#9659=DIRECTION('ref_axis',(1.,0.,0.));
#9660=DIRECTION('center_axis',(0.,0.,-1.));
#9661=DIRECTION('ref_axis',(1.,0.,0.));
#9662=DIRECTION('',(0.707106781186547,-8.65956056235493E-17,-0.707106781186548));
#9663=DIRECTION('center_axis',(0.,0.,-1.));
#9664=DIRECTION('ref_axis',(1.,0.,0.));
#9665=DIRECTION('center_axis',(0.,0.,-1.));
#9666=DIRECTION('ref_axis',(1.,0.,0.));
#9667=DIRECTION('',(0.,0.,-1.));
#9668=DIRECTION('center_axis',(0.,0.,1.));
#9669=DIRECTION('ref_axis',(1.,0.,0.));
#9670=DIRECTION('center_axis',(0.,0.,1.));
#9671=DIRECTION('ref_axis',(1.,0.,0.));
#9672=DIRECTION('center_axis',(0.,0.,-1.));
#9673=DIRECTION('ref_axis',(1.,0.,0.));
#9674=DIRECTION('',(0.707106781186547,-8.65956056235493E-17,-0.707106781186548));
#9675=DIRECTION('center_axis',(0.,0.,-1.));
#9676=DIRECTION('ref_axis',(1.,0.,0.));
#9677=DIRECTION('center_axis',(0.,0.,-1.));
#9678=DIRECTION('ref_axis',(1.,0.,0.));
#9679=DIRECTION('',(0.,0.,-1.));
#9680=DIRECTION('center_axis',(0.,0.,1.));
#9681=DIRECTION('ref_axis',(1.,0.,0.));
#9682=DIRECTION('center_axis',(0.,0.,1.));
#9683=DIRECTION('ref_axis',(1.,0.,0.));
#9684=DIRECTION('center_axis',(0.,0.,-1.));
#9685=DIRECTION('ref_axis',(1.,0.,0.));
#9686=DIRECTION('',(0.707106781186547,-8.65956056235493E-17,-0.707106781186548));
#9687=DIRECTION('center_axis',(0.,0.,-1.));
#9688=DIRECTION('ref_axis',(1.,0.,0.));
#9689=DIRECTION('center_axis',(0.,0.,-1.));
#9690=DIRECTION('ref_axis',(1.,0.,0.));
#9691=DIRECTION('',(0.,0.,-1.));
#9692=DIRECTION('center_axis',(0.,0.,1.));
#9693=DIRECTION('ref_axis',(1.,0.,0.));
#9694=DIRECTION('center_axis',(0.,0.,1.));
#9695=DIRECTION('ref_axis',(1.,0.,0.));
#9696=DIRECTION('center_axis',(0.,0.,-1.));
#9697=DIRECTION('ref_axis',(1.,0.,0.));
#9698=DIRECTION('',(0.707106781186547,-8.65956056235493E-17,-0.707106781186548));
#9699=DIRECTION('center_axis',(0.,0.,-1.));
#9700=DIRECTION('ref_axis',(1.,0.,0.));
#9701=DIRECTION('center_axis',(0.,0.,-1.));
#9702=DIRECTION('ref_axis',(1.,0.,0.));
#9703=DIRECTION('',(0.,0.,-1.));
#9704=DIRECTION('center_axis',(0.,0.,1.));
#9705=DIRECTION('ref_axis',(1.,0.,0.));
#9706=DIRECTION('center_axis',(0.,0.,1.));
#9707=DIRECTION('ref_axis',(1.,0.,0.));
#9708=DIRECTION('center_axis',(0.,0.,-1.));
#9709=DIRECTION('ref_axis',(1.,0.,0.));
#9710=DIRECTION('',(0.707106781186547,-8.65956056235493E-17,-0.707106781186548));
#9711=DIRECTION('center_axis',(0.,0.,-1.));
#9712=DIRECTION('ref_axis',(1.,0.,0.));
#9713=DIRECTION('center_axis',(0.,0.,-1.));
#9714=DIRECTION('ref_axis',(1.,0.,0.));
#9715=DIRECTION('',(0.,0.,-1.));
#9716=DIRECTION('center_axis',(0.,0.,1.));
#9717=DIRECTION('ref_axis',(1.,0.,0.));
#9718=DIRECTION('center_axis',(0.,0.,1.));
#9719=DIRECTION('ref_axis',(1.,0.,0.));
#9720=DIRECTION('center_axis',(0.,0.,-1.));
#9721=DIRECTION('ref_axis',(1.,0.,0.));
#9722=DIRECTION('',(0.707106781186547,-8.65956056235493E-17,-0.707106781186548));
#9723=DIRECTION('center_axis',(0.,0.,-1.));
#9724=DIRECTION('ref_axis',(1.,0.,0.));
#9725=DIRECTION('center_axis',(0.,0.,-1.));
#9726=DIRECTION('ref_axis',(1.,0.,0.));
#9727=DIRECTION('',(0.,0.,-1.));
#9728=DIRECTION('center_axis',(0.,0.,1.));
#9729=DIRECTION('ref_axis',(1.,0.,0.));
#9730=DIRECTION('center_axis',(0.,0.,1.));
#9731=DIRECTION('ref_axis',(1.,0.,0.));
#9732=DIRECTION('center_axis',(0.,0.,-1.));
#9733=DIRECTION('ref_axis',(1.,0.,0.));
#9734=DIRECTION('',(0.707106781186547,-8.65956056235493E-17,-0.707106781186548));
#9735=DIRECTION('center_axis',(0.,0.,-1.));
#9736=DIRECTION('ref_axis',(1.,0.,0.));
#9737=DIRECTION('center_axis',(0.,0.,-1.));
#9738=DIRECTION('ref_axis',(1.,0.,0.));
#9739=DIRECTION('',(0.,0.,-1.));
#9740=DIRECTION('center_axis',(0.,0.,1.));
#9741=DIRECTION('ref_axis',(1.,0.,0.));
#9742=DIRECTION('center_axis',(0.,0.,1.));
#9743=DIRECTION('ref_axis',(1.,0.,0.));
#9744=DIRECTION('center_axis',(0.,0.,-1.));
#9745=DIRECTION('ref_axis',(1.,0.,0.));
#9746=DIRECTION('',(0.707106781186547,-8.65956056235493E-17,-0.707106781186548));
#9747=DIRECTION('center_axis',(0.,0.,-1.));
#9748=DIRECTION('ref_axis',(1.,0.,0.));
#9749=DIRECTION('center_axis',(0.,0.,-1.));
#9750=DIRECTION('ref_axis',(1.,0.,0.));
#9751=DIRECTION('',(0.,0.,-1.));
#9752=DIRECTION('center_axis',(0.,0.,1.));
#9753=DIRECTION('ref_axis',(1.,0.,0.));
#9754=DIRECTION('center_axis',(0.,0.,1.));
#9755=DIRECTION('ref_axis',(1.,0.,0.));
#9756=DIRECTION('center_axis',(0.,0.,-1.));
#9757=DIRECTION('ref_axis',(1.,0.,0.));
#9758=DIRECTION('',(0.707106781186547,-8.65956056235493E-17,-0.707106781186548));
#9759=DIRECTION('center_axis',(0.,0.,-1.));
#9760=DIRECTION('ref_axis',(1.,0.,0.));
#9761=DIRECTION('center_axis',(0.,0.,-1.));
#9762=DIRECTION('ref_axis',(1.,0.,0.));
#9763=DIRECTION('',(0.,0.,-1.));
#9764=DIRECTION('center_axis',(0.,0.,1.));
#9765=DIRECTION('ref_axis',(1.,0.,0.));
#9766=DIRECTION('center_axis',(0.,0.,1.));
#9767=DIRECTION('ref_axis',(1.,0.,0.));
#9768=DIRECTION('center_axis',(0.,0.,-1.));
#9769=DIRECTION('ref_axis',(1.,0.,0.));
#9770=DIRECTION('',(0.707106781186547,-8.65956056235493E-17,-0.707106781186548));
#9771=DIRECTION('center_axis',(0.,0.,-1.));
#9772=DIRECTION('ref_axis',(1.,0.,0.));
#9773=DIRECTION('center_axis',(0.,0.,-1.));
#9774=DIRECTION('ref_axis',(1.,0.,0.));
#9775=DIRECTION('',(0.,0.,-1.));
#9776=DIRECTION('center_axis',(0.,0.,1.));
#9777=DIRECTION('ref_axis',(1.,0.,0.));
#9778=DIRECTION('center_axis',(0.,0.,1.));
#9779=DIRECTION('ref_axis',(1.,0.,0.));
#9780=DIRECTION('center_axis',(0.,0.,-1.));
#9781=DIRECTION('ref_axis',(1.,0.,0.));
#9782=DIRECTION('',(0.707106781186547,-8.65956056235493E-17,-0.707106781186548));
#9783=DIRECTION('center_axis',(0.,0.,-1.));
#9784=DIRECTION('ref_axis',(1.,0.,0.));
#9785=DIRECTION('center_axis',(0.,0.,-1.));
#9786=DIRECTION('ref_axis',(1.,0.,0.));
#9787=DIRECTION('',(0.,0.,-1.));
#9788=DIRECTION('center_axis',(0.,0.,1.));
#9789=DIRECTION('ref_axis',(1.,0.,0.));
#9790=DIRECTION('center_axis',(-1.,8.39732324080976E-15,0.));
#9791=DIRECTION('ref_axis',(8.39732324080976E-15,1.,0.));
#9792=DIRECTION('',(8.39732324080976E-15,1.,0.));
#9793=DIRECTION('',(8.39732324080976E-15,1.,0.));
#9794=DIRECTION('center_axis',(1.,-8.39732324080976E-15,0.));
#9795=DIRECTION('ref_axis',(-8.39732324080976E-15,-1.,0.));
#9796=DIRECTION('',(-8.39732324080976E-15,-1.,0.));
#9797=DIRECTION('',(-8.39732324080976E-15,-1.,0.));
#9798=DIRECTION('center_axis',(0.,0.,1.));
#9799=DIRECTION('ref_axis',(1.,0.,0.));
#9800=DIRECTION('center_axis',(0.,0.,-1.));
#9801=DIRECTION('ref_axis',(-1.,0.,0.));
#9802=DIRECTION('',(0.,0.,1.));
#9803=DIRECTION('',(1.,0.,0.));
#9804=DIRECTION('center_axis',(0.,0.,1.));
#9805=DIRECTION('ref_axis',(1.,0.,0.));
#9806=CARTESIAN_POINT('',(0.,0.,0.));
#9807=CARTESIAN_POINT('',(0.,0.,0.));
#9808=CARTESIAN_POINT('Ctrl Pts',(418.275146947294,-3.13545663540558,29.6290092374491));
#9809=CARTESIAN_POINT('Ctrl Pts',(418.275146947294,-3.12131449978185,29.6431513730728));
#9810=CARTESIAN_POINT('Ctrl Pts',(418.161046375193,-3.01162689922673,29.5051795012702));
#9811=CARTESIAN_POINT('Ctrl Pts',(418.161046375193,-2.997484763603,29.5193216368939));
#9812=CARTESIAN_POINT('Ctrl Pts',(417.907442827845,-2.73639900348395,29.2299516055274));
#9813=CARTESIAN_POINT('Ctrl Pts',(417.907442827845,-2.72225686786022,29.2440937411512));
#9814=CARTESIAN_POINT('Ctrl Pts',(417.891624271856,-2.40651062473655,28.90006322678));
#9815=CARTESIAN_POINT('Ctrl Pts',(417.891624271856,-2.39236848911282,28.9142053624038));
#9816=CARTESIAN_POINT('Ctrl Pts',(417.882922754674,-2.22504466806419,28.7185972701077));
#9817=CARTESIAN_POINT('Ctrl Pts',(417.882922754674,-2.21090253244046,28.7327394057314));
#9818=CARTESIAN_POINT('',(417.882922754674,-2.22504466806419,28.7185972701077));
#9819=CARTESIAN_POINT('',(418.275146947294,-3.13545663540558,29.6290092374491));
#9820=CARTESIAN_POINT('Ctrl Pts',(417.882922754674,-2.22504466806419,28.7185972701077));
#9821=CARTESIAN_POINT('Ctrl Pts',(417.891624271856,-2.40651062473655,28.90006322678));
#9822=CARTESIAN_POINT('Ctrl Pts',(417.907442827845,-2.73639900348395,29.2299516055274));
#9823=CARTESIAN_POINT('Ctrl Pts',(418.161046375193,-3.01162689922673,29.5051795012702));
#9824=CARTESIAN_POINT('Ctrl Pts',(418.275146947294,-3.13545663540558,29.6290092374491));
#9825=CARTESIAN_POINT('',(417.882922754674,-2.21090253244046,28.7327394057314));
#9826=CARTESIAN_POINT('',(417.882922754674,-2.22504466806419,28.7185972701077));
#9827=CARTESIAN_POINT('',(418.275146947294,-3.12131449978185,29.6431513730728));
#9828=CARTESIAN_POINT('Ctrl Pts',(418.275146947294,-3.12131449978185,29.6431513730728));
#9829=CARTESIAN_POINT('Ctrl Pts',(418.161046375193,-2.997484763603,29.5193216368939));
#9830=CARTESIAN_POINT('Ctrl Pts',(417.907442827845,-2.72225686786021,29.2440937411511));
#9831=CARTESIAN_POINT('Ctrl Pts',(417.891624271856,-2.39236848911282,28.9142053624037));
#9832=CARTESIAN_POINT('Ctrl Pts',(417.882922754674,-2.21090253244045,28.7327394057314));
#9833=CARTESIAN_POINT('',(418.275146947294,-3.13545663540558,29.6290092374491));
#9834=CARTESIAN_POINT('Ctrl Pts',(419.271054134755,-3.44535861928982,29.9389112213333));
#9835=CARTESIAN_POINT('Ctrl Pts',(419.271054134755,-3.43121648366609,29.953053356957));
#9836=CARTESIAN_POINT('Ctrl Pts',(419.079132306469,-3.43283518223267,29.9263877842761));
#9837=CARTESIAN_POINT('Ctrl Pts',(419.079132306469,-3.41869304660894,29.9405299198999));
#9838=CARTESIAN_POINT('Ctrl Pts',(418.698126131952,-3.407973461773,29.9015260638165));
#9839=CARTESIAN_POINT('Ctrl Pts',(418.698126131952,-3.39383132614927,29.9156681994402));
#9840=CARTESIAN_POINT('Ctrl Pts',(418.415438251375,-3.22584344956112,29.7193960516046));
#9841=CARTESIAN_POINT('Ctrl Pts',(418.415438251375,-3.21170131393739,29.7335381872283));
#9842=CARTESIAN_POINT('Ctrl Pts',(418.275146947294,-3.13545663540558,29.6290092374491));
#9843=CARTESIAN_POINT('Ctrl Pts',(418.275146947294,-3.12131449978185,29.6431513730728));
#9844=CARTESIAN_POINT('',(419.271054134755,-3.44535861928982,29.9389112213333));
#9845=CARTESIAN_POINT('Ctrl Pts',(418.275146947294,-3.13545663540558,29.6290092374491));
#9846=CARTESIAN_POINT('Ctrl Pts',(418.415438251375,-3.22584344956112,29.7193960516046));
#9847=CARTESIAN_POINT('Ctrl Pts',(418.698126131952,-3.407973461773,29.9015260638165));
#9848=CARTESIAN_POINT('Ctrl Pts',(419.079132306469,-3.43283518223267,29.9263877842761));
#9849=CARTESIAN_POINT('Ctrl Pts',(419.271054134755,-3.44535861928982,29.9389112213333));
#9850=CARTESIAN_POINT('',(419.271054134755,-3.43121648366609,29.953053356957));
#9851=CARTESIAN_POINT('Ctrl Pts',(419.271054134755,-3.43121648366609,29.953053356957));
#9852=CARTESIAN_POINT('Ctrl Pts',(419.079132306469,-3.41869304660894,29.9405299198999));
#9853=CARTESIAN_POINT('Ctrl Pts',(418.698126131952,-3.39383132614927,29.9156681994402));
#9854=CARTESIAN_POINT('Ctrl Pts',(418.415438251375,-3.21170131393739,29.7335381872283));
#9855=CARTESIAN_POINT('Ctrl Pts',(418.275146947294,-3.12131449978185,29.6431513730728));
#9856=CARTESIAN_POINT('',(419.271054134755,-3.44535861928982,29.9389112213333));
#9857=CARTESIAN_POINT('Ctrl Pts',(420.261845455556,-3.13786827807738,29.6314208801208));
#9858=CARTESIAN_POINT('Ctrl Pts',(420.261845455556,-3.12372614245365,29.6455630157446));
#9859=CARTESIAN_POINT('Ctrl Pts',(420.122762449525,-3.22755029093647,29.7211028929799));
#9860=CARTESIAN_POINT('Ctrl Pts',(420.122762449525,-3.21340815531273,29.7352450286037));
#9861=CARTESIAN_POINT('Ctrl Pts',(419.841684315514,-3.40879207990902,29.9023446819525));
#9862=CARTESIAN_POINT('Ctrl Pts',(419.841684315514,-3.39464994428529,29.9164868175762));
#9863=CARTESIAN_POINT('Ctrl Pts',(419.462573459717,-3.43308587386809,29.9266384759116));
#9864=CARTESIAN_POINT('Ctrl Pts',(419.462573459717,-3.41894373824436,29.9407806115353));
#9865=CARTESIAN_POINT('Ctrl Pts',(419.271054134755,-3.44535861928982,29.9389112213333));
#9866=CARTESIAN_POINT('Ctrl Pts',(419.271054134755,-3.43121648366609,29.953053356957));
#9867=CARTESIAN_POINT('',(420.261845455556,-3.13786827807738,29.6314208801208));
#9868=CARTESIAN_POINT('Ctrl Pts',(419.271054134755,-3.44535861928982,29.9389112213333));
#9869=CARTESIAN_POINT('Ctrl Pts',(419.462573459717,-3.43308587386809,29.9266384759116));
#9870=CARTESIAN_POINT('Ctrl Pts',(419.841684315514,-3.40879207990902,29.9023446819525));
#9871=CARTESIAN_POINT('Ctrl Pts',(420.122762449525,-3.22755029093647,29.7211028929799));
#9872=CARTESIAN_POINT('Ctrl Pts',(420.261845455556,-3.13786827807738,29.6314208801208));
#9873=CARTESIAN_POINT('',(420.261845455556,-3.12372614245365,29.6455630157446));
#9874=CARTESIAN_POINT('Ctrl Pts',(420.261845455556,-3.12372614245364,29.6455630157446));
#9875=CARTESIAN_POINT('Ctrl Pts',(420.122762449525,-3.21340815531273,29.7352450286037));
#9876=CARTESIAN_POINT('Ctrl Pts',(419.841684315514,-3.39464994428528,29.9164868175762));
#9877=CARTESIAN_POINT('Ctrl Pts',(419.462573459717,-3.41894373824436,29.9407806115353));
#9878=CARTESIAN_POINT('Ctrl Pts',(419.271054134755,-3.43121648366609,29.953053356957));
#9879=CARTESIAN_POINT('',(420.261845455556,-3.13786827807738,29.6314208801208));
#9880=CARTESIAN_POINT('Ctrl Pts',(420.648953185468,-2.21539809737701,28.7089506994205));
#9881=CARTESIAN_POINT('Ctrl Pts',(420.648953185468,-2.20125596175328,28.7230928350442));
#9882=CARTESIAN_POINT('Ctrl Pts',(420.641152566344,-2.40027930794482,28.8938319099883));
#9883=CARTESIAN_POINT('Ctrl Pts',(420.641152566344,-2.38613717232109,28.907974045612));
#9884=CARTESIAN_POINT('Ctrl Pts',(420.627085575505,-2.73367877973741,29.2272313817809));
#9885=CARTESIAN_POINT('Ctrl Pts',(420.627085575505,-2.71953664411367,29.2413735174046));
#9886=CARTESIAN_POINT('Ctrl Pts',(420.374405803159,-3.01330444199915,29.5068570440426));
#9887=CARTESIAN_POINT('Ctrl Pts',(420.374405803159,-2.99916230637542,29.5209991796664));
#9888=CARTESIAN_POINT('Ctrl Pts',(420.261845455556,-3.13786827807738,29.6314208801208));
#9889=CARTESIAN_POINT('Ctrl Pts',(420.261845455556,-3.12372614245365,29.6455630157446));
#9890=CARTESIAN_POINT('',(420.648953185468,-2.21539809737701,28.7089506994205));
#9891=CARTESIAN_POINT('Ctrl Pts',(420.261845455556,-3.13786827807738,29.6314208801208));
#9892=CARTESIAN_POINT('Ctrl Pts',(420.374405803159,-3.01330444199915,29.5068570440426));
#9893=CARTESIAN_POINT('Ctrl Pts',(420.627085575505,-2.73367877973741,29.2272313817809));
#9894=CARTESIAN_POINT('Ctrl Pts',(420.641152566344,-2.40027930794482,28.8938319099883));
#9895=CARTESIAN_POINT('Ctrl Pts',(420.648953185468,-2.21539809737701,28.7089506994205));
#9896=CARTESIAN_POINT('',(420.648953185468,-2.20125596175328,28.7230928350442));
#9897=CARTESIAN_POINT('Ctrl Pts',(420.648953185468,-2.20125596175328,28.7230928350442));
#9898=CARTESIAN_POINT('Ctrl Pts',(420.641152566344,-2.38613717232109,28.907974045612));
#9899=CARTESIAN_POINT('Ctrl Pts',(420.627085575505,-2.71953664411367,29.2413735174046));
#9900=CARTESIAN_POINT('Ctrl Pts',(420.374405803159,-2.99916230637541,29.5209991796663));
#9901=CARTESIAN_POINT('Ctrl Pts',(420.261845455556,-3.12372614245364,29.6455630157446));
#9902=CARTESIAN_POINT('',(420.648953185468,-2.21539809737701,28.7089506994205));
#9903=CARTESIAN_POINT('Ctrl Pts',(420.272077188878,-1.30860359404331,27.8021561960868));
#9904=CARTESIAN_POINT('Ctrl Pts',(420.272077188878,-1.29446145841958,27.8162983317105));
#9905=CARTESIAN_POINT('Ctrl Pts',(420.38163813689,-1.4305765662399,27.9241291682834));
#9906=CARTESIAN_POINT('Ctrl Pts',(420.38163813689,-1.41643443061617,27.9382713039071));
#9907=CARTESIAN_POINT('Ctrl Pts',(420.628720059223,-1.70565009371515,28.1992026957586));
#9908=CARTESIAN_POINT('Ctrl Pts',(420.628720059223,-1.69150795809142,28.2133448313824));
#9909=CARTESIAN_POINT('Ctrl Pts',(420.641718504557,-2.03312946983452,28.526682071878));
#9910=CARTESIAN_POINT('Ctrl Pts',(420.641718504557,-2.01898733421079,28.5408242075017));
#9911=CARTESIAN_POINT('Ctrl Pts',(420.648953185468,-2.21539809737701,28.7089506994205));
#9912=CARTESIAN_POINT('Ctrl Pts',(420.648953185468,-2.20125596175328,28.7230928350442));
#9913=CARTESIAN_POINT('',(420.272077188878,-1.30860359404331,27.8021561960868));
#9914=CARTESIAN_POINT('Ctrl Pts',(420.648953185468,-2.21539809737701,28.7089506994205));
#9915=CARTESIAN_POINT('Ctrl Pts',(420.641718504557,-2.03312946983452,28.526682071878));
#9916=CARTESIAN_POINT('Ctrl Pts',(420.628720059223,-1.70565009371515,28.1992026957586));
#9917=CARTESIAN_POINT('Ctrl Pts',(420.38163813689,-1.4305765662399,27.9241291682834));
#9918=CARTESIAN_POINT('Ctrl Pts',(420.272077188878,-1.30860359404331,27.8021561960868));
#9919=CARTESIAN_POINT('',(420.272077188878,-1.29446145841958,27.8162983317105));
#9920=CARTESIAN_POINT('Ctrl Pts',(420.272077188878,-1.29446145841957,27.8162983317105));
#9921=CARTESIAN_POINT('Ctrl Pts',(420.38163813689,-1.41643443061616,27.9382713039071));
#9922=CARTESIAN_POINT('Ctrl Pts',(420.628720059223,-1.69150795809142,28.2133448313824));
#9923=CARTESIAN_POINT('Ctrl Pts',(420.641718504557,-2.01898733421079,28.5408242075017));
#9924=CARTESIAN_POINT('Ctrl Pts',(420.648953185468,-2.20125596175328,28.7230928350442));
#9925=CARTESIAN_POINT('',(420.272077188878,-1.30860359404331,27.8021561960868));
#9926=CARTESIAN_POINT('Ctrl Pts',(419.271054134755,-1.00955400218214,27.5031066042256));
#9927=CARTESIAN_POINT('Ctrl Pts',(419.271054134755,-0.995411866558407,27.5172487398494));
#9928=CARTESIAN_POINT('Ctrl Pts',(419.466945760144,-1.02057556420095,27.5141281662444));
#9929=CARTESIAN_POINT('Ctrl Pts',(419.466945760144,-1.00643342857721,27.5282703018682));
#9930=CARTESIAN_POINT('Ctrl Pts',(419.848173685066,-1.04202480793199,27.5355774099755));
#9931=CARTESIAN_POINT('Ctrl Pts',(419.848173685066,-1.02788267230826,27.5497195455992));
#9932=CARTESIAN_POINT('Ctrl Pts',(420.133408520147,-1.22139948969045,27.7149520917339));
#9933=CARTESIAN_POINT('Ctrl Pts',(420.133408520147,-1.20725735406672,27.7290942273577));
#9934=CARTESIAN_POINT('Ctrl Pts',(420.272077188878,-1.30860359404331,27.8021561960868));
#9935=CARTESIAN_POINT('Ctrl Pts',(420.272077188878,-1.29446145841958,27.8162983317105));
#9936=CARTESIAN_POINT('',(419.271054134755,-1.00955400218214,27.5031066042256));
#9937=CARTESIAN_POINT('Ctrl Pts',(420.272077188878,-1.30860359404331,27.8021561960868));
#9938=CARTESIAN_POINT('Ctrl Pts',(420.133408520147,-1.22139948969045,27.7149520917339));
#9939=CARTESIAN_POINT('Ctrl Pts',(419.848173685066,-1.04202480793199,27.5355774099755));
#9940=CARTESIAN_POINT('Ctrl Pts',(419.466945760144,-1.02057556420095,27.5141281662444));
#9941=CARTESIAN_POINT('Ctrl Pts',(419.271054134755,-1.00955400218214,27.5031066042256));
#9942=CARTESIAN_POINT('',(419.271054134755,-0.995411866558407,27.5172487398494));
#9943=CARTESIAN_POINT('Ctrl Pts',(419.271054134755,-0.995411866558405,27.5172487398493));
#9944=CARTESIAN_POINT('Ctrl Pts',(419.466945760144,-1.00643342857721,27.5282703018681));
#9945=CARTESIAN_POINT('Ctrl Pts',(419.848173685066,-1.02788267230826,27.5497195455992));
#9946=CARTESIAN_POINT('Ctrl Pts',(420.133408520147,-1.20725735406672,27.7290942273577));
#9947=CARTESIAN_POINT('Ctrl Pts',(420.272077188878,-1.29446145841957,27.8162983317105));
#9948=CARTESIAN_POINT('',(419.271054134755,-1.00955400218214,27.5031066042256));
#9949=CARTESIAN_POINT('Ctrl Pts',(418.264914617925,-1.312221058051,27.8057736600945));
#9950=CARTESIAN_POINT('Ctrl Pts',(418.264914617925,-1.29807892242727,27.8199157957182));
#9951=CARTESIAN_POINT('Ctrl Pts',(418.404732508669,-1.22395738439709,27.7175099864406));
#9952=CARTESIAN_POINT('Ctrl Pts',(418.404732508669,-1.20981524877336,27.7316521220643));
#9953=CARTESIAN_POINT('Ctrl Pts',(418.691265149204,-1.04307621575141,27.5366288177949));
#9954=CARTESIAN_POINT('Ctrl Pts',(418.691265149204,-1.02893408012768,27.5507709534186));
#9955=CARTESIAN_POINT('Ctrl Pts',(419.074714588699,-1.02090595325229,27.5144585552958));
#9956=CARTESIAN_POINT('Ctrl Pts',(419.074714588699,-1.00676381762856,27.5286006909195));
#9957=CARTESIAN_POINT('Ctrl Pts',(419.271054134755,-1.00955400218214,27.5031066042256));
#9958=CARTESIAN_POINT('Ctrl Pts',(419.271054134755,-0.995411866558407,27.5172487398494));
#9959=CARTESIAN_POINT('',(418.264914617925,-1.312221058051,27.8057736600945));
#9960=CARTESIAN_POINT('Ctrl Pts',(419.271054134755,-1.00955400218214,27.5031066042256));
#9961=CARTESIAN_POINT('Ctrl Pts',(419.074714588699,-1.02090595325229,27.5144585552958));
#9962=CARTESIAN_POINT('Ctrl Pts',(418.691265149204,-1.04307621575141,27.5366288177949));
#9963=CARTESIAN_POINT('Ctrl Pts',(418.404732508669,-1.22395738439709,27.7175099864406));
#9964=CARTESIAN_POINT('Ctrl Pts',(418.264914617925,-1.312221058051,27.8057736600945));
#9965=CARTESIAN_POINT('',(418.264914617925,-1.29807892242727,27.8199157957182));
#9966=CARTESIAN_POINT('Ctrl Pts',(418.264914617925,-1.29807892242726,27.8199157957182));
#9967=CARTESIAN_POINT('Ctrl Pts',(418.404732508669,-1.20981524877335,27.7316521220643));
#9968=CARTESIAN_POINT('Ctrl Pts',(418.691265149204,-1.02893408012768,27.5507709534186));
#9969=CARTESIAN_POINT('Ctrl Pts',(419.074714588699,-1.00676381762856,27.5286006909195));
#9970=CARTESIAN_POINT('Ctrl Pts',(419.271054134755,-0.995411866558405,27.5172487398493));
#9971=CARTESIAN_POINT('',(418.264914617925,-1.312221058051,27.8057736600945));
#9972=CARTESIAN_POINT('Ctrl Pts',(417.882922754674,-2.22504466806419,28.7185972701077));
#9973=CARTESIAN_POINT('Ctrl Pts',(417.882922754674,-2.21090253244046,28.7327394057314));
#9974=CARTESIAN_POINT('Ctrl Pts',(417.890457858904,-2.04181535039826,28.5353679524417));
#9975=CARTESIAN_POINT('Ctrl Pts',(417.890457858904,-2.02767321477452,28.5495100880655));
#9976=CARTESIAN_POINT('Ctrl Pts',(417.904023661213,-1.71193899766342,28.2054915997069));
#9977=CARTESIAN_POINT('Ctrl Pts',(417.904023661213,-1.69779686203969,28.2196337353306));
#9978=CARTESIAN_POINT('Ctrl Pts',(418.153852726443,-1.43523170602397,27.9287843080674));
#9979=CARTESIAN_POINT('Ctrl Pts',(418.153852726443,-1.42108957040024,27.9429264436912));
#9980=CARTESIAN_POINT('Ctrl Pts',(418.264914617925,-1.312221058051,27.8057736600945));
#9981=CARTESIAN_POINT('Ctrl Pts',(418.264914617925,-1.29807892242727,27.8199157957182));
#9982=CARTESIAN_POINT('Ctrl Pts',(418.264914617925,-1.312221058051,27.8057736600945));
#9983=CARTESIAN_POINT('Ctrl Pts',(418.153852726443,-1.43523170602397,27.9287843080674));
#9984=CARTESIAN_POINT('Ctrl Pts',(417.904023661213,-1.71193899766342,28.2054915997069));
#9985=CARTESIAN_POINT('Ctrl Pts',(417.890457858904,-2.04181535039826,28.5353679524417));
#9986=CARTESIAN_POINT('Ctrl Pts',(417.882922754674,-2.22504466806419,28.7185972701077));
#9987=CARTESIAN_POINT('Ctrl Pts',(417.882922754674,-2.21090253244045,28.7327394057314));
#9988=CARTESIAN_POINT('Ctrl Pts',(417.890457858904,-2.02767321477452,28.5495100880654));
#9989=CARTESIAN_POINT('Ctrl Pts',(417.904023661213,-1.69779686203969,28.2196337353306));
#9990=CARTESIAN_POINT('Ctrl Pts',(418.153852726443,-1.42108957040023,27.9429264436912));
#9991=CARTESIAN_POINT('Ctrl Pts',(418.264914617925,-1.29807892242726,27.8199157957182));
#9992=CARTESIAN_POINT('Ctrl Pts',(417.07119034329,-1.34236743438538,27.8359200364289));
#9993=CARTESIAN_POINT('Ctrl Pts',(417.07119034329,-1.32822529876165,27.8500621720526));
#9994=CARTESIAN_POINT('Ctrl Pts',(417.00464445168,-1.47778854359363,27.9713411456371));
#9995=CARTESIAN_POINT('Ctrl Pts',(417.00464445168,-1.46364640796989,27.9854832812608));
#9996=CARTESIAN_POINT('Ctrl Pts',(416.860512983022,-1.77109655834139,28.2646491603849));
#9997=CARTESIAN_POINT('Ctrl Pts',(416.860512983022,-1.75695442271766,28.2787912960086));
#9998=CARTESIAN_POINT('Ctrl Pts',(416.848918655196,-2.08187196254041,28.5754245645839));
#9999=CARTESIAN_POINT('Ctrl Pts',(416.848918655196,-2.06772982691668,28.5895667002076));
#10000=CARTESIAN_POINT('Ctrl Pts',(416.842677460103,-2.24916151625061,28.7427141182941));
#10001=CARTESIAN_POINT('Ctrl Pts',(416.842677460103,-2.23501938062688,28.7568562539178));
#10002=CARTESIAN_POINT('',(416.842677460103,-2.24916151625061,28.7427141182941));
#10003=CARTESIAN_POINT('',(417.07119034329,-1.34236743438538,27.8359200364289));
#10004=CARTESIAN_POINT('Ctrl Pts',(416.842677460103,-2.24916151625061,28.7427141182941));
#10005=CARTESIAN_POINT('Ctrl Pts',(416.848918655196,-2.08187196254041,28.5754245645839));
#10006=CARTESIAN_POINT('Ctrl Pts',(416.860512983022,-1.77109655834139,28.2646491603849));
#10007=CARTESIAN_POINT('Ctrl Pts',(417.00464445168,-1.47778854359363,27.9713411456371));
#10008=CARTESIAN_POINT('Ctrl Pts',(417.07119034329,-1.34236743438538,27.8359200364289));
#10009=CARTESIAN_POINT('',(416.842677460103,-2.23501938062688,28.7568562539178));
#10010=CARTESIAN_POINT('',(416.842677460103,-2.24916151625061,28.7427141182941));
#10011=CARTESIAN_POINT('',(417.07119034329,-1.32822529876165,27.8500621720526));
#10012=CARTESIAN_POINT('Ctrl Pts',(417.07119034329,-1.32822529876165,27.8500621720526));
#10013=CARTESIAN_POINT('Ctrl Pts',(417.00464445168,-1.46364640796989,27.9854832812608));
#10014=CARTESIAN_POINT('Ctrl Pts',(416.860512983022,-1.75695442271766,28.2787912960086));
#10015=CARTESIAN_POINT('Ctrl Pts',(416.848918655196,-2.06772982691668,28.5895667002076));
#10016=CARTESIAN_POINT('Ctrl Pts',(416.842677460103,-2.23501938062687,28.7568562539178));
#10017=CARTESIAN_POINT('',(417.07119034329,-1.34236743438538,27.8359200364289));
#10018=CARTESIAN_POINT('Ctrl Pts',(417.536743150144,-0.857617985048245,
27.3511705870917));
#10019=CARTESIAN_POINT('Ctrl Pts',(417.536743150144,-0.843475849424514,
27.3653127227155));
#10020=CARTESIAN_POINT('Ctrl Pts',(417.443676450792,-0.931339292788611,
27.4248918948321));
#10021=CARTESIAN_POINT('Ctrl Pts',(417.443676450792,-0.91719715716488,27.4390340304558));
#10022=CARTESIAN_POINT('Ctrl Pts',(417.258103290881,-1.07833812400863,27.5718907260521));
#10023=CARTESIAN_POINT('Ctrl Pts',(417.258103290881,-1.0641959883849,27.5860328616758));
#10024=CARTESIAN_POINT('Ctrl Pts',(417.13336913649,-1.25453497494221,27.7480875769857));
#10025=CARTESIAN_POINT('Ctrl Pts',(417.13336913649,-1.24039283931848,27.7622297126094));
#10026=CARTESIAN_POINT('Ctrl Pts',(417.07119034329,-1.34236743438538,27.8359200364289));
#10027=CARTESIAN_POINT('Ctrl Pts',(417.07119034329,-1.32822529876165,27.8500621720526));
#10028=CARTESIAN_POINT('',(417.536743150144,-0.857617985048245,27.3511705870917));
#10029=CARTESIAN_POINT('Ctrl Pts',(417.07119034329,-1.34236743438538,27.8359200364289));
#10030=CARTESIAN_POINT('Ctrl Pts',(417.13336913649,-1.25453497494221,27.7480875769857));
#10031=CARTESIAN_POINT('Ctrl Pts',(417.258103290881,-1.07833812400863,27.5718907260521));
#10032=CARTESIAN_POINT('Ctrl Pts',(417.443676450792,-0.931339292788611,
27.4248918948321));
#10033=CARTESIAN_POINT('Ctrl Pts',(417.536743150144,-0.857617985048245,
27.3511705870917));
#10034=CARTESIAN_POINT('',(417.536743150144,-0.843475849424514,27.3653127227155));
#10035=CARTESIAN_POINT('Ctrl Pts',(417.536743150144,-0.843475849424511,
27.3653127227154));
#10036=CARTESIAN_POINT('Ctrl Pts',(417.443676450792,-0.917197157164878,
27.4390340304558));
#10037=CARTESIAN_POINT('Ctrl Pts',(417.258103290881,-1.0641959883849,27.5860328616758));
#10038=CARTESIAN_POINT('Ctrl Pts',(417.13336913649,-1.24039283931848,27.7622297126094));
#10039=CARTESIAN_POINT('Ctrl Pts',(417.07119034329,-1.32822529876165,27.8500621720526));
#10040=CARTESIAN_POINT('',(417.536743150144,-0.857617985048245,27.3511705870917));
#10041=CARTESIAN_POINT('Ctrl Pts',(418.183059559255,-0.53927525181273,27.0328278538562));
#10042=CARTESIAN_POINT('Ctrl Pts',(418.183059559255,-0.525133116188999,
27.0469699894799));
#10043=CARTESIAN_POINT('Ctrl Pts',(418.067036755129,-0.579397256644956,
27.0729498586884));
#10044=CARTESIAN_POINT('Ctrl Pts',(418.067036755129,-0.565255121021225,
27.0870919943122));
#10045=CARTESIAN_POINT('Ctrl Pts',(417.82847222284,-0.661895584360741,27.1554481864042));
#10046=CARTESIAN_POINT('Ctrl Pts',(417.82847222284,-0.64775344873701,27.1695903220279));
#10047=CARTESIAN_POINT('Ctrl Pts',(417.635741668416,-0.791199415648682,
27.2847520176922));
#10048=CARTESIAN_POINT('Ctrl Pts',(417.635741668416,-0.777057280024951,
27.2988941533159));
#10049=CARTESIAN_POINT('Ctrl Pts',(417.536743150144,-0.857617985048245,
27.3511705870917));
#10050=CARTESIAN_POINT('Ctrl Pts',(417.536743150144,-0.843475849424514,
27.3653127227155));
#10051=CARTESIAN_POINT('',(418.183059559255,-0.53927525181273,27.0328278538562));
#10052=CARTESIAN_POINT('Ctrl Pts',(417.536743150144,-0.857617985048245,
27.3511705870917));
#10053=CARTESIAN_POINT('Ctrl Pts',(417.635741668416,-0.791199415648682,
27.2847520176922));
#10054=CARTESIAN_POINT('Ctrl Pts',(417.82847222284,-0.661895584360741,27.1554481864042));
#10055=CARTESIAN_POINT('Ctrl Pts',(418.067036755129,-0.579397256644956,
27.0729498586884));
#10056=CARTESIAN_POINT('Ctrl Pts',(418.183059559255,-0.53927525181273,27.0328278538562));
#10057=CARTESIAN_POINT('',(418.183059559255,-0.525133116188999,27.0469699894799));
#10058=CARTESIAN_POINT('Ctrl Pts',(418.183059559255,-0.525133116188997,
27.0469699894799));
#10059=CARTESIAN_POINT('Ctrl Pts',(418.067036755129,-0.565255121021223,
27.0870919943122));
#10060=CARTESIAN_POINT('Ctrl Pts',(417.82847222284,-0.647753448737008,27.1695903220279));
#10061=CARTESIAN_POINT('Ctrl Pts',(417.635741668416,-0.777057280024949,
27.2988941533159));
#10062=CARTESIAN_POINT('Ctrl Pts',(417.536743150144,-0.843475849424511,
27.3653127227154));
#10063=CARTESIAN_POINT('',(418.183059559255,-0.53927525181273,27.0328278538562));
#10064=CARTESIAN_POINT('Ctrl Pts',(419.260822401433,-0.399397448037804,
26.8929500500813));
#10065=CARTESIAN_POINT('Ctrl Pts',(419.260822401433,-0.385255312414073,
26.907092185705));
#10066=CARTESIAN_POINT('Ctrl Pts',(419.067386971367,-0.404035041924407,
26.8975876439679));
#10067=CARTESIAN_POINT('Ctrl Pts',(419.067386971367,-0.389892906300676,
26.9117297795916));
#10068=CARTESIAN_POINT('Ctrl Pts',(418.698063621985,-0.412889529991451,
26.9064421320349));
#10069=CARTESIAN_POINT('Ctrl Pts',(418.698063621985,-0.398747394367721,
26.9205842676587));
#10070=CARTESIAN_POINT('Ctrl Pts',(418.349202480785,-0.498502577221138,
26.9920551792646));
#10071=CARTESIAN_POINT('Ctrl Pts',(418.349202480785,-0.484360441597407,
27.0061973148884));
#10072=CARTESIAN_POINT('Ctrl Pts',(418.183059559255,-0.53927525181273,27.0328278538562));
#10073=CARTESIAN_POINT('Ctrl Pts',(418.183059559255,-0.525133116188999,
27.0469699894799));
#10074=CARTESIAN_POINT('',(419.260822401433,-0.399397448037804,26.8929500500813));
#10075=CARTESIAN_POINT('Ctrl Pts',(418.183059559255,-0.53927525181273,27.0328278538562));
#10076=CARTESIAN_POINT('Ctrl Pts',(418.349202480785,-0.498502577221138,
26.9920551792646));
#10077=CARTESIAN_POINT('Ctrl Pts',(418.698063621985,-0.412889529991451,
26.9064421320349));
#10078=CARTESIAN_POINT('Ctrl Pts',(419.067386971367,-0.404035041924407,
26.8975876439679));
#10079=CARTESIAN_POINT('Ctrl Pts',(419.260822401433,-0.399397448037804,
26.8929500500813));
#10080=CARTESIAN_POINT('',(419.260822401433,-0.385255312414072,26.907092185705));
#10081=CARTESIAN_POINT('Ctrl Pts',(419.260822401433,-0.385255312414071,
26.907092185705));
#10082=CARTESIAN_POINT('Ctrl Pts',(419.067386971367,-0.389892906300673,
26.9117297795916));
#10083=CARTESIAN_POINT('Ctrl Pts',(418.698063621985,-0.398747394367718,
26.9205842676587));
#10084=CARTESIAN_POINT('Ctrl Pts',(418.349202480785,-0.484360441597405,
27.0061973148883));
#10085=CARTESIAN_POINT('Ctrl Pts',(418.183059559255,-0.525133116188997,
27.0469699894799));
#10086=CARTESIAN_POINT('',(419.260822401433,-0.399397448037804,26.8929500500813));
#10087=CARTESIAN_POINT('Ctrl Pts',(421.029239759832,-0.884146475906458,
27.3776990779499));
#10088=CARTESIAN_POINT('Ctrl Pts',(421.029239759832,-0.870004340282727,
27.3918412135737));
#10089=CARTESIAN_POINT('Ctrl Pts',(420.782633621097,-0.742827887102384,
27.2363804891459));
#10090=CARTESIAN_POINT('Ctrl Pts',(420.782633621097,-0.728685751478653,
27.2505226247696));
#10091=CARTESIAN_POINT('Ctrl Pts',(420.268119003192,-0.447983322022414,
26.9415359240659));
#10092=CARTESIAN_POINT('Ctrl Pts',(420.268119003192,-0.433841186398683,
26.9556780596896));
#10093=CARTESIAN_POINT('Ctrl Pts',(419.605729526056,-0.416033674213923,
26.9095862762574));
#10094=CARTESIAN_POINT('Ctrl Pts',(419.605729526056,-0.401891538590192,
26.9237284118811));
#10095=CARTESIAN_POINT('Ctrl Pts',(419.260822401433,-0.399397448037804,
26.8929500500813));
#10096=CARTESIAN_POINT('Ctrl Pts',(419.260822401433,-0.385255312414073,
26.907092185705));
#10097=CARTESIAN_POINT('',(421.029239759832,-0.884146475906458,27.3776990779499));
#10098=CARTESIAN_POINT('Ctrl Pts',(419.260822401433,-0.399397448037804,
26.8929500500813));
#10099=CARTESIAN_POINT('Ctrl Pts',(419.605729526056,-0.416033674213923,
26.9095862762574));
#10100=CARTESIAN_POINT('Ctrl Pts',(420.268119003192,-0.447983322022414,
26.9415359240659));
#10101=CARTESIAN_POINT('Ctrl Pts',(420.782633621097,-0.742827887102384,
27.2363804891459));
#10102=CARTESIAN_POINT('Ctrl Pts',(421.029239759832,-0.884146475906458,
27.3776990779499));
#10103=CARTESIAN_POINT('',(421.029239759832,-0.870004340282726,27.3918412135737));
#10104=CARTESIAN_POINT('Ctrl Pts',(421.029239759832,-0.870004340282725,
27.3918412135737));
#10105=CARTESIAN_POINT('Ctrl Pts',(420.782633621097,-0.728685751478651,
27.2505226247696));
#10106=CARTESIAN_POINT('Ctrl Pts',(420.268119003192,-0.433841186398681,
26.9556780596896));
#10107=CARTESIAN_POINT('Ctrl Pts',(419.605729526056,-0.401891538590189,
26.9237284118811));
#10108=CARTESIAN_POINT('Ctrl Pts',(419.260822401433,-0.385255312414071,
26.907092185705));
#10109=CARTESIAN_POINT('',(421.029239759832,-0.884146475906458,27.3776990779499));
#10110=CARTESIAN_POINT('Ctrl Pts',(421.692609653859,-2.23228001754805,28.7258326195915));
#10111=CARTESIAN_POINT('Ctrl Pts',(421.692609653859,-2.21813788192432,28.7399747552153));
#10112=CARTESIAN_POINT('Ctrl Pts',(421.67338445323,-1.96677403259282,28.4603266346363));
#10113=CARTESIAN_POINT('Ctrl Pts',(421.67338445323,-1.95263189696909,28.47446877026));
#10114=CARTESIAN_POINT('Ctrl Pts',(421.637400662139,-1.46982671432614,27.9633793163696));
#10115=CARTESIAN_POINT('Ctrl Pts',(421.637400662139,-1.45568457870241,27.9775214519933));
#10116=CARTESIAN_POINT('Ctrl Pts',(421.222479412581,-1.07024302612087,27.5637956281643));
#10117=CARTESIAN_POINT('Ctrl Pts',(421.222479412581,-1.05610089049714,27.5779377637881));
#10118=CARTESIAN_POINT('Ctrl Pts',(421.029239759832,-0.884146475906458,
27.3776990779499));
#10119=CARTESIAN_POINT('Ctrl Pts',(421.029239759832,-0.870004340282727,
27.3918412135737));
#10120=CARTESIAN_POINT('',(421.692609653859,-2.23228001754805,28.7258326195915));
#10121=CARTESIAN_POINT('Ctrl Pts',(421.029239759832,-0.884146475906458,
27.3776990779499));
#10122=CARTESIAN_POINT('Ctrl Pts',(421.222479412581,-1.07024302612087,27.5637956281643));
#10123=CARTESIAN_POINT('Ctrl Pts',(421.637400662139,-1.46982671432614,27.9633793163696));
#10124=CARTESIAN_POINT('Ctrl Pts',(421.67338445323,-1.96677403259282,28.4603266346363));
#10125=CARTESIAN_POINT('Ctrl Pts',(421.692609653859,-2.23228001754805,28.7258326195915));
#10126=CARTESIAN_POINT('',(421.692609653859,-2.21813788192432,28.7399747552153));
#10127=CARTESIAN_POINT('Ctrl Pts',(421.692609653859,-2.21813788192432,28.7399747552153));
#10128=CARTESIAN_POINT('Ctrl Pts',(421.67338445323,-1.95263189696908,28.47446877026));
#10129=CARTESIAN_POINT('Ctrl Pts',(421.637400662139,-1.45568457870241,27.9775214519933));
#10130=CARTESIAN_POINT('Ctrl Pts',(421.222479412581,-1.05610089049713,27.5779377637881));
#10131=CARTESIAN_POINT('Ctrl Pts',(421.029239759832,-0.870004340282725,
27.3918412135737));
#10132=CARTESIAN_POINT('',(421.692609653859,-2.23228001754805,28.7258326195915));
#10133=CARTESIAN_POINT('Ctrl Pts',(421.034355626493,-3.5719719669014,30.0655245689449));
#10134=CARTESIAN_POINT('Ctrl Pts',(421.034355626493,-3.55782983127767,30.0796667045686));
#10135=CARTESIAN_POINT('Ctrl Pts',(421.226111740722,-3.38671218622048,29.880264788264));
#10136=CARTESIAN_POINT('Ctrl Pts',(421.226111740722,-3.37257005059675,29.8944069238877));
#10137=CARTESIAN_POINT('Ctrl Pts',(421.637414122792,-2.98934394895586,29.4828965509993));
#10138=CARTESIAN_POINT('Ctrl Pts',(421.637414122792,-2.97520181333213,29.4970386866231));
#10139=CARTESIAN_POINT('Ctrl Pts',(421.673400652066,-2.49575139167423,28.9893039937177));
#10140=CARTESIAN_POINT('Ctrl Pts',(421.673400652066,-2.4816092560505,29.0034461293414));
#10141=CARTESIAN_POINT('Ctrl Pts',(421.692609653859,-2.23228001754805,28.7258326195915));
#10142=CARTESIAN_POINT('Ctrl Pts',(421.692609653859,-2.21813788192432,28.7399747552153));
#10143=CARTESIAN_POINT('',(421.034355626493,-3.5719719669014,30.0655245689449));
#10144=CARTESIAN_POINT('Ctrl Pts',(421.692609653859,-2.23228001754805,28.7258326195915));
#10145=CARTESIAN_POINT('Ctrl Pts',(421.673400652066,-2.49575139167423,28.9893039937177));
#10146=CARTESIAN_POINT('Ctrl Pts',(421.637414122792,-2.98934394895586,29.4828965509993));
#10147=CARTESIAN_POINT('Ctrl Pts',(421.226111740722,-3.38671218622048,29.880264788264));
#10148=CARTESIAN_POINT('Ctrl Pts',(421.034355626493,-3.5719719669014,30.0655245689449));
#10149=CARTESIAN_POINT('',(421.034355626493,-3.55782983127767,30.0796667045686));
#10150=CARTESIAN_POINT('Ctrl Pts',(421.034355626493,-3.55782983127767,30.0796667045686));
#10151=CARTESIAN_POINT('Ctrl Pts',(421.226111740722,-3.37257005059675,29.8944069238877));
#10152=CARTESIAN_POINT('Ctrl Pts',(421.637414122792,-2.97520181333213,29.4970386866231));
#10153=CARTESIAN_POINT('Ctrl Pts',(421.673400652066,-2.4816092560505,29.0034461293414));
#10154=CARTESIAN_POINT('Ctrl Pts',(421.692609653859,-2.21813788192432,28.7399747552153));
#10155=CARTESIAN_POINT('',(421.034355626493,-3.5719719669014,30.0655245689449));
#10156=CARTESIAN_POINT('Ctrl Pts',(419.274464712529,-4.05551517343416,30.5490677754776));
#10157=CARTESIAN_POINT('Ctrl Pts',(419.274464712529,-4.04137303781043,30.5632099111014));
#10158=CARTESIAN_POINT('Ctrl Pts',(419.618125930982,-4.0389729975047,30.5325255995482));
#10159=CARTESIAN_POINT('Ctrl Pts',(419.618125930982,-4.02483086188096,30.5466677351719));
#10160=CARTESIAN_POINT('Ctrl Pts',(420.277758550635,-4.00722149847831,30.5007741005218));
#10161=CARTESIAN_POINT('Ctrl Pts',(420.277758550635,-3.99307936285458,30.5149162361455));
#10162=CARTESIAN_POINT('Ctrl Pts',(420.78931457183,-3.71293736005735,30.2064899621008));
#10163=CARTESIAN_POINT('Ctrl Pts',(420.78931457183,-3.69879522443362,30.2206320977246));
#10164=CARTESIAN_POINT('Ctrl Pts',(421.034355626493,-3.5719719669014,30.0655245689449));
#10165=CARTESIAN_POINT('Ctrl Pts',(421.034355626493,-3.55782983127767,30.0796667045686));
#10166=CARTESIAN_POINT('',(419.274464712529,-4.05551517343416,30.5490677754776));
#10167=CARTESIAN_POINT('Ctrl Pts',(421.034355626493,-3.5719719669014,30.0655245689449));
#10168=CARTESIAN_POINT('Ctrl Pts',(420.78931457183,-3.71293736005735,30.2064899621008));
#10169=CARTESIAN_POINT('Ctrl Pts',(420.277758550635,-4.00722149847831,30.5007741005218));
#10170=CARTESIAN_POINT('Ctrl Pts',(419.618125930982,-4.0389729975047,30.5325255995482));
#10171=CARTESIAN_POINT('Ctrl Pts',(419.274464712529,-4.05551517343416,30.5490677754776));
#10172=CARTESIAN_POINT('',(419.274464712529,-4.04137303781043,30.5632099111014));
#10173=CARTESIAN_POINT('Ctrl Pts',(419.274464712529,-4.04137303781042,30.5632099111014));
#10174=CARTESIAN_POINT('Ctrl Pts',(419.618125930982,-4.02483086188096,30.5466677351719));
#10175=CARTESIAN_POINT('Ctrl Pts',(420.277758550635,-3.99307936285458,30.5149162361455));
#10176=CARTESIAN_POINT('Ctrl Pts',(420.78931457183,-3.69879522443362,30.2206320977245));
#10177=CARTESIAN_POINT('Ctrl Pts',(421.034355626493,-3.55782983127767,30.0796667045686));
#10178=CARTESIAN_POINT('',(419.274464712529,-4.05551517343416,30.5490677754776));
#10179=CARTESIAN_POINT('Ctrl Pts',(417.500930891423,-3.57438360957319,30.0679362116167));
#10180=CARTESIAN_POINT('Ctrl Pts',(417.500930891423,-3.56024147394946,30.0820783472404));
#10181=CARTESIAN_POINT('Ctrl Pts',(417.74728552413,-3.71463213277812,30.2081847348216));
#10182=CARTESIAN_POINT('Ctrl Pts',(417.74728552413,-3.70048999715438,30.2223268704453));
#10183=CARTESIAN_POINT('Ctrl Pts',(418.263816188837,-4.00869058875006,30.5022431907935));
#10184=CARTESIAN_POINT('Ctrl Pts',(418.263816188837,-3.99454845312633,30.5163853264173));
#10185=CARTESIAN_POINT('Ctrl Pts',(418.927381092902,-4.03943436397497,30.5329869660184));
#10186=CARTESIAN_POINT('Ctrl Pts',(418.927381092902,-4.02529222835124,30.5471291016422));
#10187=CARTESIAN_POINT('Ctrl Pts',(419.274464712529,-4.05551517343416,30.5490677754776));
#10188=CARTESIAN_POINT('Ctrl Pts',(419.274464712529,-4.04137303781043,30.5632099111014));
#10189=CARTESIAN_POINT('',(417.500930891423,-3.57438360957319,30.0679362116167));
#10190=CARTESIAN_POINT('Ctrl Pts',(419.274464712529,-4.05551517343416,30.5490677754776));
#10191=CARTESIAN_POINT('Ctrl Pts',(418.927381092902,-4.03943436397497,30.5329869660184));
#10192=CARTESIAN_POINT('Ctrl Pts',(418.263816188837,-4.00869058875006,30.5022431907935));
#10193=CARTESIAN_POINT('Ctrl Pts',(417.74728552413,-3.71463213277812,30.2081847348216));
#10194=CARTESIAN_POINT('Ctrl Pts',(417.500930891423,-3.57438360957319,30.0679362116167));
#10195=CARTESIAN_POINT('',(417.500930891423,-3.56024147394946,30.0820783472404));
#10196=CARTESIAN_POINT('Ctrl Pts',(417.500930891423,-3.56024147394946,30.0820783472404));
#10197=CARTESIAN_POINT('Ctrl Pts',(417.74728552413,-3.70048999715438,30.2223268704453));
#10198=CARTESIAN_POINT('Ctrl Pts',(418.263816188837,-3.99454845312633,30.5163853264173));
#10199=CARTESIAN_POINT('Ctrl Pts',(418.927381092902,-4.02529222835124,30.5471291016422));
#10200=CARTESIAN_POINT('Ctrl Pts',(419.274464712529,-4.04137303781042,30.5632099111014));
#10201=CARTESIAN_POINT('',(417.500930891423,-3.57438360957319,30.0679362116167));
#10202=CARTESIAN_POINT('Ctrl Pts',(416.842677460103,-2.24916151625061,28.7427141182941));
#10203=CARTESIAN_POINT('Ctrl Pts',(416.842677460103,-2.23501938062688,28.7568562539178));
#10204=CARTESIAN_POINT('Ctrl Pts',(416.862306039264,-2.50938914246245,29.0029417445059));
#10205=CARTESIAN_POINT('Ctrl Pts',(416.862306039264,-2.49524700683872,29.0170838801297));
#10206=CARTESIAN_POINT('Ctrl Pts',(416.899186940905,-2.99834096155162,29.4918935635951));
#10207=CARTESIAN_POINT('Ctrl Pts',(416.899186940905,-2.98419882592789,29.5060356992188));
#10208=CARTESIAN_POINT('Ctrl Pts',(417.309154383492,-3.390798137111,29.8843507391545));
#10209=CARTESIAN_POINT('Ctrl Pts',(417.309154383492,-3.37665600148727,29.8984928747782));
#10210=CARTESIAN_POINT('Ctrl Pts',(417.500930891423,-3.57438360957319,30.0679362116167));
#10211=CARTESIAN_POINT('Ctrl Pts',(417.500930891423,-3.56024147394946,30.0820783472404));
#10212=CARTESIAN_POINT('Ctrl Pts',(417.500930891423,-3.57438360957319,30.0679362116167));
#10213=CARTESIAN_POINT('Ctrl Pts',(417.309154383492,-3.390798137111,29.8843507391545));
#10214=CARTESIAN_POINT('Ctrl Pts',(416.899186940905,-2.99834096155162,29.4918935635951));
#10215=CARTESIAN_POINT('Ctrl Pts',(416.862306039264,-2.50938914246245,29.0029417445059));
#10216=CARTESIAN_POINT('Ctrl Pts',(416.842677460103,-2.24916151625061,28.7427141182941));
#10217=CARTESIAN_POINT('Ctrl Pts',(416.842677460103,-2.23501938062687,28.7568562539178));
#10218=CARTESIAN_POINT('Ctrl Pts',(416.862306039264,-2.49524700683872,29.0170838801296));
#10219=CARTESIAN_POINT('Ctrl Pts',(416.899186940905,-2.98419882592789,29.5060356992188));
#10220=CARTESIAN_POINT('Ctrl Pts',(417.309154383492,-3.37665600148727,29.8984928747782));
#10221=CARTESIAN_POINT('Ctrl Pts',(417.500930891423,-3.56024147394946,30.0820783472404));
#10222=CARTESIAN_POINT('Origin',(421.15031763637,-2.21331417511225,28.7351510484032));
#10223=CARTESIAN_POINT('Origin',(421.15031763637,-2.22745631073598,28.7210089127795));
#10224=CARTESIAN_POINT('Origin',(422.507753239064,-0.488629491299616,26.9821820933431));
#10225=CARTESIAN_POINT('',(422.507753239064,-3.99522326370235,30.4887758657458));
#10226=CARTESIAN_POINT('',(422.507753239064,-0.488629491299615,26.9821820933431));
#10227=CARTESIAN_POINT('',(422.507753239064,-3.99522326370235,30.4887758657458));
#10228=CARTESIAN_POINT('',(422.507753239064,-3.98108112807862,30.5029180013696));
#10229=CARTESIAN_POINT('',(422.507753239064,-3.99522326370235,30.4887758657458));
#10230=CARTESIAN_POINT('',(422.507753239064,-0.474487355675883,26.9963242289668));
#10231=CARTESIAN_POINT('',(422.507753239064,-3.98108112807862,30.5029180013696));
#10232=CARTESIAN_POINT('',(422.507753239064,-0.488629491299615,26.9821820933431));
#10233=CARTESIAN_POINT('Origin',(423.517303333669,-0.488629491299615,26.9821820933431));
#10234=CARTESIAN_POINT('',(423.517303333669,-0.488629491299615,26.9821820933431));
#10235=CARTESIAN_POINT('',(422.507753239064,-0.488629491299615,26.9821820933431));
#10236=CARTESIAN_POINT('',(423.517303333669,-0.474487355675883,26.9963242289668));
#10237=CARTESIAN_POINT('',(422.507753239064,-0.474487355675882,26.9963242289668));
#10238=CARTESIAN_POINT('',(423.517303333669,-0.488629491299615,26.9821820933431));
#10239=CARTESIAN_POINT('Origin',(423.517303333669,-3.39953656558878,29.8930891676323));
#10240=CARTESIAN_POINT('',(423.517303333669,-3.39953656558878,29.8930891676323));
#10241=CARTESIAN_POINT('',(423.517303333669,-0.488629491299615,26.9821820933431));
#10242=CARTESIAN_POINT('',(423.517303333669,-3.38539442996505,29.907231303256));
#10243=CARTESIAN_POINT('',(423.517303333669,-0.474487355675882,26.9963242289668));
#10244=CARTESIAN_POINT('',(423.517303333669,-3.39953656558878,29.8930891676323));
#10245=CARTESIAN_POINT('Origin',(426.027535066991,-3.39953656558878,29.8930891676323));
#10246=CARTESIAN_POINT('',(426.027535066991,-3.39953656558878,29.8930891676323));
#10247=CARTESIAN_POINT('',(423.517303333669,-3.39953656558878,29.8930891676323));
#10248=CARTESIAN_POINT('',(426.027535066991,-3.38539442996505,29.907231303256));
#10249=CARTESIAN_POINT('',(423.517303333669,-3.38539442996505,29.907231303256));
#10250=CARTESIAN_POINT('',(426.027535066991,-3.39953656558878,29.8930891676323));
#10251=CARTESIAN_POINT('Origin',(426.027535066991,-3.99522326370235,30.4887758657458));
#10252=CARTESIAN_POINT('',(426.027535066991,-3.99522326370235,30.4887758657458));
#10253=CARTESIAN_POINT('',(426.027535066991,-3.39953656558878,29.8930891676323));
#10254=CARTESIAN_POINT('',(426.027535066991,-3.98108112807862,30.5029180013696));
#10255=CARTESIAN_POINT('',(426.027535066991,-3.38539442996505,29.907231303256));
#10256=CARTESIAN_POINT('',(426.027535066991,-3.99522326370235,30.4887758657458));
#10257=CARTESIAN_POINT('Origin',(422.507753239064,-3.99522326370235,30.4887758657458));
#10258=CARTESIAN_POINT('',(426.027535066991,-3.99522326370235,30.4887758657458));
#10259=CARTESIAN_POINT('',(426.027535066991,-3.98108112807862,30.5029180013696));
#10260=CARTESIAN_POINT('Origin',(421.15031763637,-2.21331417511221,28.7351510484032));
#10261=CARTESIAN_POINT('Origin',(421.15031763637,-2.22745631073598,28.7210089127795));
#10262=CARTESIAN_POINT('Origin',(394.011164566553,-1.2844863243884,27.7780389264319));
#10263=CARTESIAN_POINT('',(394.700113793886,-2.59644438301613,29.0899969850596));
#10264=CARTESIAN_POINT('',(394.011164566553,-1.2844863243884,27.7780389264319));
#10265=CARTESIAN_POINT('',(394.700113793886,-2.59644438301613,29.0899969850596));
#10266=CARTESIAN_POINT('',(394.700113793886,-2.58230224739239,29.1041391206833));
#10267=CARTESIAN_POINT('',(394.700113793886,-2.59644438301613,29.0899969850596));
#10268=CARTESIAN_POINT('',(394.011164566553,-1.27034418876467,27.7921810620556));
#10269=CARTESIAN_POINT('',(394.700113793886,-2.58230224739239,29.1041391206833));
#10270=CARTESIAN_POINT('',(394.011164566553,-1.2844863243884,27.7780389264319));
#10271=CARTESIAN_POINT('Origin',(393.335857650316,-2.59644438301612,29.0899969850596));
#10272=CARTESIAN_POINT('',(393.335857650316,-2.59644438301613,29.0899969850596));
#10273=CARTESIAN_POINT('',(394.011164566553,-1.2844863243884,27.7780389264319));
#10274=CARTESIAN_POINT('',(393.335857650316,-2.58230224739239,29.1041391206833));
#10275=CARTESIAN_POINT('',(394.011164566553,-1.27034418876467,27.7921810620556));
#10276=CARTESIAN_POINT('',(393.335857650316,-2.59644438301613,29.0899969850596));
#10277=CARTESIAN_POINT('Origin',(394.700113793886,-2.59644438301613,29.0899969850596));
#10278=CARTESIAN_POINT('',(393.335857650316,-2.59644438301613,29.0899969850596));
#10279=CARTESIAN_POINT('',(393.335857650316,-2.58230224739239,29.1041391206833));
#10280=CARTESIAN_POINT('Origin',(395.460686942614,-3.99522326370235,30.4887758657458));
#10281=CARTESIAN_POINT('',(396.558913251436,-3.99522326370235,30.4887758657458));
#10282=CARTESIAN_POINT('',(395.460686942614,-3.99522326370235,30.4887758657458));
#10283=CARTESIAN_POINT('',(396.558913251436,-3.99522326370235,30.4887758657458));
#10284=CARTESIAN_POINT('',(396.558913251436,-3.98108112807862,30.5029180013696));
#10285=CARTESIAN_POINT('',(396.558913251436,-3.99522326370235,30.4887758657458));
#10286=CARTESIAN_POINT('',(395.460686942614,-3.98108112807862,30.5029180013696));
#10287=CARTESIAN_POINT('',(396.558913251436,-3.98108112807862,30.5029180013696));
#10288=CARTESIAN_POINT('',(395.460686942614,-3.99522326370235,30.4887758657458));
#10289=CARTESIAN_POINT('Origin',(395.024124642885,-3.1921310811297,29.6856836831732));
#10290=CARTESIAN_POINT('',(395.024124642885,-3.1921310811297,29.6856836831732));
#10291=CARTESIAN_POINT('',(395.460686942614,-3.99522326370235,30.4887758657458));
#10292=CARTESIAN_POINT('',(395.024124642885,-3.17798894550597,29.6998258187969));
#10293=CARTESIAN_POINT('',(395.460686942614,-3.98108112807862,30.5029180013696));
#10294=CARTESIAN_POINT('',(395.024124642885,-3.1921310811297,29.6856836831732));
#10295=CARTESIAN_POINT('Origin',(393.025489112413,-3.1921310811297,29.6856836831732));
#10296=CARTESIAN_POINT('',(393.025489112413,-3.1921310811297,29.6856836831732));
#10297=CARTESIAN_POINT('',(395.024124642885,-3.1921310811297,29.6856836831732));
#10298=CARTESIAN_POINT('',(393.025489112413,-3.17798894550597,29.6998258187969));
#10299=CARTESIAN_POINT('',(395.024124642885,-3.17798894550597,29.6998258187969));
#10300=CARTESIAN_POINT('',(393.025489112413,-3.1921310811297,29.6856836831732));
#10301=CARTESIAN_POINT('Origin',(392.61280145315,-3.99522326370235,30.4887758657458));
#10302=CARTESIAN_POINT('',(392.61280145315,-3.99522326370235,30.4887758657458));
#10303=CARTESIAN_POINT('',(393.025489112413,-3.1921310811297,29.6856836831732));
#10304=CARTESIAN_POINT('',(392.61280145315,-3.98108112807862,30.5029180013696));
#10305=CARTESIAN_POINT('',(393.025489112413,-3.17798894550597,29.6998258187969));
#10306=CARTESIAN_POINT('',(392.61280145315,-3.99522326370235,30.4887758657458));
#10307=CARTESIAN_POINT('Origin',(391.541860362566,-3.99522326370235,30.4887758657458));
#10308=CARTESIAN_POINT('',(391.541860362566,-3.99522326370235,30.4887758657458));
#10309=CARTESIAN_POINT('',(392.61280145315,-3.99522326370235,30.4887758657458));
#10310=CARTESIAN_POINT('',(391.541860362566,-3.98108112807862,30.5029180013696));
#10311=CARTESIAN_POINT('',(392.61280145315,-3.98108112807862,30.5029180013696));
#10312=CARTESIAN_POINT('',(391.541860362566,-3.99522326370235,30.4887758657458));
#10313=CARTESIAN_POINT('Origin',(393.489336034334,-0.459689357769609,26.9532419598131));
#10314=CARTESIAN_POINT('',(393.489336034334,-0.459689357769608,26.9532419598131));
#10315=CARTESIAN_POINT('',(391.541860362566,-3.99522326370235,30.4887758657458));
#10316=CARTESIAN_POINT('',(393.489336034334,-0.445547222145877,26.9673840954368));
#10317=CARTESIAN_POINT('',(391.541860362566,-3.98108112807862,30.5029180013696));
#10318=CARTESIAN_POINT('',(393.489336034334,-0.459689357769608,26.9532419598131));
#10319=CARTESIAN_POINT('Origin',(394.55686714319,-0.459689357769606,26.9532419598131));
#10320=CARTESIAN_POINT('',(394.55686714319,-0.459689357769606,26.9532419598131));
#10321=CARTESIAN_POINT('',(393.489336034334,-0.459689357769606,26.9532419598131));
#10322=CARTESIAN_POINT('',(394.55686714319,-0.445547222145875,26.9673840954368));
#10323=CARTESIAN_POINT('',(393.489336034334,-0.445547222145875,26.9673840954368));
#10324=CARTESIAN_POINT('',(394.55686714319,-0.459689357769606,26.9532419598131));
#10325=CARTESIAN_POINT('Origin',(396.558913251436,-3.99522326370235,30.4887758657458));
#10326=CARTESIAN_POINT('',(394.55686714319,-0.459689357769606,26.9532419598131));
#10327=CARTESIAN_POINT('',(394.55686714319,-0.445547222145875,26.9673840954368));
#10328=CARTESIAN_POINT('Origin',(395.150318926251,-2.21331417511224,28.7351510484032));
#10329=CARTESIAN_POINT('Origin',(395.150318926251,-2.22745631073598,28.7210089127795));
#10330=CARTESIAN_POINT('Origin',(360.204205595939,-2.06104959463435,28.5546021966778));
#10331=CARTESIAN_POINT('',(360.204205595939,-1.05778769855497,27.5513403005985));
#10332=CARTESIAN_POINT('',(360.204205595939,-2.06104959463435,28.5546021966778));
#10333=CARTESIAN_POINT('',(360.204205595939,-1.05778769855497,27.5513403005985));
#10334=CARTESIAN_POINT('',(360.204205595939,-1.04364556293124,27.5654824362222));
#10335=CARTESIAN_POINT('',(360.204205595939,-1.05778769855497,27.5513403005985));
#10336=CARTESIAN_POINT('',(360.204205595939,-2.04690745901062,28.5687443323016));
#10337=CARTESIAN_POINT('',(360.204205595939,-1.04364556293124,27.5654824362222));
#10338=CARTESIAN_POINT('',(360.204205595939,-2.06104959463435,28.5546021966778));
#10339=CARTESIAN_POINT('Origin',(360.756729328125,-2.06104959463435,28.5546021966778));
#10340=CARTESIAN_POINT('',(360.756729328125,-2.06104959463435,28.5546021966778));
#10341=CARTESIAN_POINT('',(360.204205595939,-2.06104959463435,28.5546021966778));
#10342=CARTESIAN_POINT('',(360.756729328125,-2.04690745901062,28.5687443323016));
#10343=CARTESIAN_POINT('',(360.204205595939,-2.04690745901062,28.5687443323016));
#10344=CARTESIAN_POINT('',(360.756729328125,-2.06104959463435,28.5546021966778));
#10345=CARTESIAN_POINT('Ctrl Pts',(361.554819428413,-2.00558097024614,28.4991335722896));
#10346=CARTESIAN_POINT('Ctrl Pts',(361.554819428413,-1.99143883462241,28.5132757079134));
#10347=CARTESIAN_POINT('Ctrl Pts',(361.455121020427,-2.02154563314159,28.5150982351851));
#10348=CARTESIAN_POINT('Ctrl Pts',(361.455121020427,-2.00740349751786,28.5292403708088));
#10349=CARTESIAN_POINT('Ctrl Pts',(361.192977119943,-2.06352262240242,28.5570752244459));
#10350=CARTESIAN_POINT('Ctrl Pts',(361.192977119943,-2.04938048677869,28.5712173600696));
#10351=CARTESIAN_POINT('Ctrl Pts',(360.923635257864,-2.06199576102566,28.5555483630691));
#10352=CARTESIAN_POINT('Ctrl Pts',(360.923635257864,-2.04785362540193,28.5696904986929));
#10353=CARTESIAN_POINT('Ctrl Pts',(360.756729328125,-2.06104959463435,28.5546021966778));
#10354=CARTESIAN_POINT('Ctrl Pts',(360.756729328125,-2.04690745901062,28.5687443323016));
#10355=CARTESIAN_POINT('',(361.554819428413,-2.00558097024614,28.4991335722896));
#10356=CARTESIAN_POINT('Ctrl Pts',(360.756729328125,-2.06104959463435,28.5546021966778));
#10357=CARTESIAN_POINT('Ctrl Pts',(360.923635257864,-2.06199576102566,28.5555483630691));
#10358=CARTESIAN_POINT('Ctrl Pts',(361.192977119943,-2.06352262240242,28.5570752244459));
#10359=CARTESIAN_POINT('Ctrl Pts',(361.455121020427,-2.02154563314159,28.5150982351851));
#10360=CARTESIAN_POINT('Ctrl Pts',(361.554819428413,-2.00558097024614,28.4991335722896));
#10361=CARTESIAN_POINT('',(361.554819428413,-1.99143883462241,28.5132757079134));
#10362=CARTESIAN_POINT('Ctrl Pts',(361.554819428413,-1.9914388346224,28.5132757079133));
#10363=CARTESIAN_POINT('Ctrl Pts',(361.455121020427,-2.00740349751786,28.5292403708088));
#10364=CARTESIAN_POINT('Ctrl Pts',(361.192977119943,-2.04938048677868,28.5712173600696));
#10365=CARTESIAN_POINT('Ctrl Pts',(360.923635257864,-2.04785362540192,28.5696904986929));
#10366=CARTESIAN_POINT('Ctrl Pts',(360.756729328125,-2.04690745901062,28.5687443323016));
#10367=CARTESIAN_POINT('',(361.554819428413,-2.00558097024614,28.4991335722896));
#10368=CARTESIAN_POINT('Ctrl Pts',(361.870303832977,-1.83193932612913,28.3254919281726));
#10369=CARTESIAN_POINT('Ctrl Pts',(361.870303832977,-1.8177971905054,28.3396340637963));
#10370=CARTESIAN_POINT('Ctrl Pts',(361.828031934799,-1.86887060676049,28.362423208804));
#10371=CARTESIAN_POINT('Ctrl Pts',(361.828031934799,-1.85472847113676,28.3765653444277));
#10372=CARTESIAN_POINT('Ctrl Pts',(361.741999786409,-1.94403348215782,28.4375860842013));
#10373=CARTESIAN_POINT('Ctrl Pts',(361.741999786409,-1.92989134653409,28.451728219825));
#10374=CARTESIAN_POINT('Ctrl Pts',(361.617928357665,-1.98482988229566,28.4783824843391));
#10375=CARTESIAN_POINT('Ctrl Pts',(361.617928357665,-1.97068774667193,28.4925246199629));
#10376=CARTESIAN_POINT('Ctrl Pts',(361.554819428413,-2.00558097024614,28.4991335722896));
#10377=CARTESIAN_POINT('Ctrl Pts',(361.554819428413,-1.99143883462241,28.5132757079134));
#10378=CARTESIAN_POINT('',(361.870303832977,-1.83193932612913,28.3254919281726));
#10379=CARTESIAN_POINT('Ctrl Pts',(361.554819428413,-2.00558097024614,28.4991335722896));
#10380=CARTESIAN_POINT('Ctrl Pts',(361.617928357665,-1.98482988229566,28.4783824843391));
#10381=CARTESIAN_POINT('Ctrl Pts',(361.741999786409,-1.94403348215782,28.4375860842013));
#10382=CARTESIAN_POINT('Ctrl Pts',(361.828031934799,-1.86887060676049,28.362423208804));
#10383=CARTESIAN_POINT('Ctrl Pts',(361.870303832977,-1.83193932612913,28.3254919281726));
#10384=CARTESIAN_POINT('',(361.870303832977,-1.8177971905054,28.3396340637963));
#10385=CARTESIAN_POINT('Ctrl Pts',(361.870303832977,-1.8177971905054,28.3396340637963));
#10386=CARTESIAN_POINT('Ctrl Pts',(361.828031934799,-1.85472847113676,28.3765653444277));
#10387=CARTESIAN_POINT('Ctrl Pts',(361.741999786409,-1.92989134653409,28.451728219825));
#10388=CARTESIAN_POINT('Ctrl Pts',(361.617928357665,-1.97068774667193,28.4925246199629));
#10389=CARTESIAN_POINT('Ctrl Pts',(361.554819428413,-1.9914388346224,28.5132757079133));
#10390=CARTESIAN_POINT('',(361.870303832977,-1.83193932612913,28.3254919281726));
#10391=CARTESIAN_POINT('Ctrl Pts',(361.98456027457,-1.55700700392287,28.0505596059664));
#10392=CARTESIAN_POINT('Ctrl Pts',(361.98456027457,-1.54286486829914,28.0647017415901));
#10393=CARTESIAN_POINT('Ctrl Pts',(361.980279095757,-1.60714868448683,28.1007012865303));
#10394=CARTESIAN_POINT('Ctrl Pts',(361.980279095757,-1.5930065488631,28.114843422154));
#10395=CARTESIAN_POINT('Ctrl Pts',(361.971919675586,-1.70505521774859,28.1986078197921));
#10396=CARTESIAN_POINT('Ctrl Pts',(361.971919675586,-1.69091308212486,28.2127499554158));
#10397=CARTESIAN_POINT('Ctrl Pts',(361.90362311337,-1.7903347192493,28.2838873212928));
#10398=CARTESIAN_POINT('Ctrl Pts',(361.90362311337,-1.77619258362557,28.2980294569165));
#10399=CARTESIAN_POINT('Ctrl Pts',(361.870303832977,-1.83193932612913,28.3254919281726));
#10400=CARTESIAN_POINT('Ctrl Pts',(361.870303832977,-1.8177971905054,28.3396340637963));
#10401=CARTESIAN_POINT('',(361.98456027457,-1.55700700392287,28.0505596059664));
#10402=CARTESIAN_POINT('Ctrl Pts',(361.870303832977,-1.83193932612913,28.3254919281726));
#10403=CARTESIAN_POINT('Ctrl Pts',(361.90362311337,-1.7903347192493,28.2838873212928));
#10404=CARTESIAN_POINT('Ctrl Pts',(361.971919675586,-1.70505521774859,28.1986078197921));
#10405=CARTESIAN_POINT('Ctrl Pts',(361.980279095757,-1.60714868448683,28.1007012865303));
#10406=CARTESIAN_POINT('Ctrl Pts',(361.98456027457,-1.55700700392287,28.0505596059664));
#10407=CARTESIAN_POINT('',(361.98456027457,-1.54286486829914,28.0647017415901));
#10408=CARTESIAN_POINT('Ctrl Pts',(361.98456027457,-1.54286486829914,28.0647017415901));
#10409=CARTESIAN_POINT('Ctrl Pts',(361.980279095757,-1.5930065488631,28.114843422154));
#10410=CARTESIAN_POINT('Ctrl Pts',(361.971919675586,-1.69091308212485,28.2127499554158));
#10411=CARTESIAN_POINT('Ctrl Pts',(361.90362311337,-1.77619258362556,28.2980294569165));
#10412=CARTESIAN_POINT('Ctrl Pts',(361.870303832977,-1.8177971905054,28.3396340637963));
#10413=CARTESIAN_POINT('',(361.98456027457,-1.55700700392287,28.0505596059664));
#10414=CARTESIAN_POINT('Ctrl Pts',(361.824260138958,-1.23866427068736,27.7322168727308));
#10415=CARTESIAN_POINT('Ctrl Pts',(361.824260138958,-1.22452213506362,27.7463590083546));
#10416=CARTESIAN_POINT('Ctrl Pts',(361.870997148545,-1.28437950352587,27.7779321055694));
#10417=CARTESIAN_POINT('Ctrl Pts',(361.870997148545,-1.27023736790214,27.7920742411931));
#10418=CARTESIAN_POINT('Ctrl Pts',(361.96801512345,-1.37927644604363,27.8728290480871));
#10419=CARTESIAN_POINT('Ctrl Pts',(361.96801512345,-1.3651343104199,27.8869711837108));
#10420=CARTESIAN_POINT('Ctrl Pts',(361.978912534211,-1.49633810838937,27.9898907104329));
#10421=CARTESIAN_POINT('Ctrl Pts',(361.978912534211,-1.48219597276564,28.0040328460566));
#10422=CARTESIAN_POINT('Ctrl Pts',(361.98456027457,-1.55700700392287,28.0505596059664));
#10423=CARTESIAN_POINT('Ctrl Pts',(361.98456027457,-1.54286486829914,28.0647017415901));
#10424=CARTESIAN_POINT('',(361.824260138958,-1.23866427068736,27.7322168727308));
#10425=CARTESIAN_POINT('Ctrl Pts',(361.98456027457,-1.55700700392287,28.0505596059664));
#10426=CARTESIAN_POINT('Ctrl Pts',(361.978912534211,-1.49633810838937,27.9898907104329));
#10427=CARTESIAN_POINT('Ctrl Pts',(361.96801512345,-1.37927644604363,27.8728290480871));
#10428=CARTESIAN_POINT('Ctrl Pts',(361.870997148545,-1.28437950352587,27.7779321055694));
#10429=CARTESIAN_POINT('Ctrl Pts',(361.824260138958,-1.23866427068736,27.7322168727308));
#10430=CARTESIAN_POINT('',(361.824260138958,-1.22452213506362,27.7463590083546));
#10431=CARTESIAN_POINT('Ctrl Pts',(361.824260138958,-1.22452213506362,27.7463590083546));
#10432=CARTESIAN_POINT('Ctrl Pts',(361.870997148545,-1.27023736790213,27.7920742411931));
#10433=CARTESIAN_POINT('Ctrl Pts',(361.96801512345,-1.3651343104199,27.8869711837108));
#10434=CARTESIAN_POINT('Ctrl Pts',(361.978912534211,-1.48219597276564,28.0040328460566));
#10435=CARTESIAN_POINT('Ctrl Pts',(361.98456027457,-1.54286486829914,28.0647017415901));
#10436=CARTESIAN_POINT('',(361.824260138958,-1.23866427068736,27.7322168727308));
#10437=CARTESIAN_POINT('Ctrl Pts',(361.418393933265,-1.08190496820987,27.5754575702534));
#10438=CARTESIAN_POINT('Ctrl Pts',(361.418393933265,-1.06776283258614,27.5895997058771));
#10439=CARTESIAN_POINT('Ctrl Pts',(361.496377610257,-1.09602694943007,27.5895795514735));
#10440=CARTESIAN_POINT('Ctrl Pts',(361.496377610257,-1.08188481380634,27.6037216870973));
#10441=CARTESIAN_POINT('Ctrl Pts',(361.650552078226,-1.12394624004677,27.6174988420902));
#10442=CARTESIAN_POINT('Ctrl Pts',(361.650552078226,-1.10980410442304,27.631640977714));
#10443=CARTESIAN_POINT('Ctrl Pts',(361.766808096897,-1.20072253618346,27.6942751382269));
#10444=CARTESIAN_POINT('Ctrl Pts',(361.766808096897,-1.18658040055973,27.7084172738507));
#10445=CARTESIAN_POINT('Ctrl Pts',(361.824260138958,-1.23866427068736,27.7322168727308));
#10446=CARTESIAN_POINT('Ctrl Pts',(361.824260138958,-1.22452213506362,27.7463590083546));
#10447=CARTESIAN_POINT('',(361.418393933265,-1.08190496820987,27.5754575702534));
#10448=CARTESIAN_POINT('Ctrl Pts',(361.824260138958,-1.23866427068736,27.7322168727308));
#10449=CARTESIAN_POINT('Ctrl Pts',(361.766808096897,-1.20072253618346,27.6942751382269));
#10450=CARTESIAN_POINT('Ctrl Pts',(361.650552078226,-1.12394624004677,27.6174988420902));
#10451=CARTESIAN_POINT('Ctrl Pts',(361.496377610257,-1.09602694943007,27.5895795514735));
#10452=CARTESIAN_POINT('Ctrl Pts',(361.418393933265,-1.08190496820987,27.5754575702534));
#10453=CARTESIAN_POINT('',(361.418393933265,-1.06776283258614,27.5895997058771));
#10454=CARTESIAN_POINT('Ctrl Pts',(361.418393933265,-1.06776283258614,27.5895997058771));
#10455=CARTESIAN_POINT('Ctrl Pts',(361.496377610257,-1.08188481380633,27.6037216870973));
#10456=CARTESIAN_POINT('Ctrl Pts',(361.650552078226,-1.10980410442304,27.631640977714));
#10457=CARTESIAN_POINT('Ctrl Pts',(361.766808096897,-1.18658040055972,27.7084172738507));
#10458=CARTESIAN_POINT('Ctrl Pts',(361.824260138958,-1.22452213506362,27.7463590083546));
#10459=CARTESIAN_POINT('',(361.418393933265,-1.08190496820987,27.5754575702534));
#10460=CARTESIAN_POINT('Ctrl Pts',(360.691927158325,-1.05778769855497,27.5513403005985));
#10461=CARTESIAN_POINT('Ctrl Pts',(360.691927158325,-1.04364556293124,27.5654824362222));
#10462=CARTESIAN_POINT('Ctrl Pts',(360.843615979682,-1.05729241180155,27.550845013845));
#10463=CARTESIAN_POINT('Ctrl Pts',(360.843615979682,-1.04315027617782,27.5649871494688));
#10464=CARTESIAN_POINT('Ctrl Pts',(361.086475080667,-1.05649944041058,27.5500520424541));
#10465=CARTESIAN_POINT('Ctrl Pts',(361.086475080667,-1.04235730478685,27.5641941780778));
#10466=CARTESIAN_POINT('Ctrl Pts',(361.327799703052,-1.07497076059823,27.5685233626417));
#10467=CARTESIAN_POINT('Ctrl Pts',(361.327799703052,-1.0608286249745,27.5826654982654));
#10468=CARTESIAN_POINT('Ctrl Pts',(361.418393933265,-1.08190496820987,27.5754575702534));
#10469=CARTESIAN_POINT('Ctrl Pts',(361.418393933265,-1.06776283258614,27.5895997058771));
#10470=CARTESIAN_POINT('',(360.691927158325,-1.05778769855497,27.5513403005985));
#10471=CARTESIAN_POINT('Ctrl Pts',(361.418393933265,-1.08190496820987,27.5754575702534));
#10472=CARTESIAN_POINT('Ctrl Pts',(361.327799703052,-1.07497076059823,27.5685233626417));
#10473=CARTESIAN_POINT('Ctrl Pts',(361.086475080667,-1.05649944041058,27.5500520424541));
#10474=CARTESIAN_POINT('Ctrl Pts',(360.843615979682,-1.05729241180155,27.550845013845));
#10475=CARTESIAN_POINT('Ctrl Pts',(360.691927158325,-1.05778769855497,27.5513403005985));
#10476=CARTESIAN_POINT('',(360.691927158325,-1.04364556293124,27.5654824362222));
#10477=CARTESIAN_POINT('Ctrl Pts',(360.691927158325,-1.04364556293124,27.5654824362222));
#10478=CARTESIAN_POINT('Ctrl Pts',(360.843615979682,-1.04315027617781,27.5649871494688));
#10479=CARTESIAN_POINT('Ctrl Pts',(361.086475080667,-1.04235730478685,27.5641941780778));
#10480=CARTESIAN_POINT('Ctrl Pts',(361.327799703052,-1.0608286249745,27.5826654982654));
#10481=CARTESIAN_POINT('Ctrl Pts',(361.418393933265,-1.06776283258614,27.5895997058771));
#10482=CARTESIAN_POINT('',(360.691927158325,-1.05778769855497,27.5513403005985));
#10483=CARTESIAN_POINT('Origin',(360.204205595939,-1.05778769855497,27.5513403005985));
#10484=CARTESIAN_POINT('',(360.691927158325,-1.05778769855497,27.5513403005985));
#10485=CARTESIAN_POINT('',(360.691927158325,-1.04364556293124,27.5654824362222));
#10486=CARTESIAN_POINT('Origin',(359.194655724852,-0.459689357769604,26.9532419598131));
#10487=CARTESIAN_POINT('',(359.194655724852,-3.99522326370235,30.4887758657458));
#10488=CARTESIAN_POINT('',(359.194655724852,-0.459689357769604,26.9532419598131));
#10489=CARTESIAN_POINT('',(359.194655724852,-3.99522326370235,30.4887758657458));
#10490=CARTESIAN_POINT('',(359.194655724852,-3.98108112807861,30.5029180013696));
#10491=CARTESIAN_POINT('',(359.194655724852,-3.99522326370235,30.4887758657458));
#10492=CARTESIAN_POINT('',(359.194655724852,-0.445547222145872,26.9673840954368));
#10493=CARTESIAN_POINT('',(359.194655724852,-3.98108112807861,30.5029180013696));
#10494=CARTESIAN_POINT('',(359.194655724852,-0.459689357769604,26.9532419598131));
#10495=CARTESIAN_POINT('Origin',(360.814710342376,-0.459689357769602,26.9532419598131));
#10496=CARTESIAN_POINT('',(360.814710342376,-0.459689357769604,26.9532419598131));
#10497=CARTESIAN_POINT('',(359.194655724852,-0.459689357769602,26.9532419598131));
#10498=CARTESIAN_POINT('',(360.814710342376,-0.445547222145872,26.9673840954368));
#10499=CARTESIAN_POINT('',(359.194655724852,-0.445547222145868,26.9673840954368));
#10500=CARTESIAN_POINT('',(360.814710342376,-0.459689357769604,26.9532419598131));
#10501=CARTESIAN_POINT('Ctrl Pts',(362.015256070583,-0.512746339486028,
27.0062989415295));
#10502=CARTESIAN_POINT('Ctrl Pts',(362.015256070583,-0.498604203862297,
27.0204410771532));
#10503=CARTESIAN_POINT('Ctrl Pts',(361.868810282257,-0.497514304703206,
26.9910669067467));
#10504=CARTESIAN_POINT('Ctrl Pts',(361.868810282257,-0.483372169079475,
27.0052090423704));
#10505=CARTESIAN_POINT('Ctrl Pts',(361.471175533979,-0.456155748845193,
26.9497083508887));
#10506=CARTESIAN_POINT('Ctrl Pts',(361.471175533979,-0.442013613221462,
26.9638504865124));
#10507=CARTESIAN_POINT('Ctrl Pts',(361.068857665651,-0.458321338168375,
26.9518739402119));
#10508=CARTESIAN_POINT('Ctrl Pts',(361.068857665651,-0.444179202544644,
26.9660160758356));
#10509=CARTESIAN_POINT('Ctrl Pts',(360.814710342376,-0.459689357769604,
26.9532419598131));
#10510=CARTESIAN_POINT('Ctrl Pts',(360.814710342376,-0.445547222145873,
26.9673840954368));
#10511=CARTESIAN_POINT('',(362.015256070583,-0.512746339486028,27.0062989415295));
#10512=CARTESIAN_POINT('Ctrl Pts',(360.814710342376,-0.459689357769604,
26.9532419598131));
#10513=CARTESIAN_POINT('Ctrl Pts',(361.068857665651,-0.458321338168375,
26.9518739402119));
#10514=CARTESIAN_POINT('Ctrl Pts',(361.471175533979,-0.456155748845193,
26.9497083508887));
#10515=CARTESIAN_POINT('Ctrl Pts',(361.868810282257,-0.497514304703206,
26.9910669067467));
#10516=CARTESIAN_POINT('Ctrl Pts',(362.015256070583,-0.512746339486028,
27.0062989415295));
#10517=CARTESIAN_POINT('',(362.015256070583,-0.498604203862296,27.0204410771532));
#10518=CARTESIAN_POINT('Ctrl Pts',(362.015256070583,-0.498604203862295,
27.0204410771532));
#10519=CARTESIAN_POINT('Ctrl Pts',(361.868810282257,-0.483372169079473,
27.0052090423704));
#10520=CARTESIAN_POINT('Ctrl Pts',(361.471175533979,-0.44201361322146,26.9638504865124));
#10521=CARTESIAN_POINT('Ctrl Pts',(361.068857665651,-0.444179202544642,
26.9660160758356));
#10522=CARTESIAN_POINT('Ctrl Pts',(360.814710342376,-0.445547222145871,
26.9673840954368));
#10523=CARTESIAN_POINT('',(362.015256070583,-0.512746339486028,27.0062989415295));
#10524=CARTESIAN_POINT('Ctrl Pts',(362.734901391952,-0.858823384915652,
27.3523759869591));
#10525=CARTESIAN_POINT('Ctrl Pts',(362.734901391952,-0.844681249291921,
27.3665181225829));
#10526=CARTESIAN_POINT('Ctrl Pts',(362.633805686201,-0.778039865626721,
27.2715924676702));
#10527=CARTESIAN_POINT('Ctrl Pts',(362.633805686201,-0.76389773000299,27.2857346032939));
#10528=CARTESIAN_POINT('Ctrl Pts',(362.435273328006,-0.619396702017612,
27.1129493040611));
#10529=CARTESIAN_POINT('Ctrl Pts',(362.435273328006,-0.605254566393881,
27.1270914396848));
#10530=CARTESIAN_POINT('Ctrl Pts',(362.153530937413,-0.547856955575667,
27.0414095576192));
#10531=CARTESIAN_POINT('Ctrl Pts',(362.153530937413,-0.533714819951936,
27.0555516932429));
#10532=CARTESIAN_POINT('Ctrl Pts',(362.015256070583,-0.512746339486028,
27.0062989415295));
#10533=CARTESIAN_POINT('Ctrl Pts',(362.015256070583,-0.498604203862297,
27.0204410771532));
#10534=CARTESIAN_POINT('',(362.734901391952,-0.858823384915652,27.3523759869591));
#10535=CARTESIAN_POINT('Ctrl Pts',(362.015256070583,-0.512746339486028,
27.0062989415295));
#10536=CARTESIAN_POINT('Ctrl Pts',(362.153530937413,-0.547856955575667,
27.0414095576192));
#10537=CARTESIAN_POINT('Ctrl Pts',(362.435273328006,-0.619396702017612,
27.1129493040611));
#10538=CARTESIAN_POINT('Ctrl Pts',(362.633805686201,-0.778039865626721,
27.2715924676702));
#10539=CARTESIAN_POINT('Ctrl Pts',(362.734901391952,-0.858823384915652,
27.3523759869591));
#10540=CARTESIAN_POINT('',(362.734901391952,-0.844681249291921,27.3665181225829));
#10541=CARTESIAN_POINT('Ctrl Pts',(362.734901391952,-0.844681249291919,
27.3665181225829));
#10542=CARTESIAN_POINT('Ctrl Pts',(362.633805686201,-0.763897730002988,
27.2857346032939));
#10543=CARTESIAN_POINT('Ctrl Pts',(362.435273328006,-0.605254566393879,
27.1270914396848));
#10544=CARTESIAN_POINT('Ctrl Pts',(362.153530937413,-0.533714819951934,
27.0555516932429));
#10545=CARTESIAN_POINT('Ctrl Pts',(362.015256070583,-0.498604203862295,
27.0204410771532));
#10546=CARTESIAN_POINT('',(362.734901391952,-0.858823384915652,27.3523759869591));
#10547=CARTESIAN_POINT('Ctrl Pts',(363.024805867164,-1.5473604332357,28.0409130352792));
#10548=CARTESIAN_POINT('Ctrl Pts',(363.024805867164,-1.53321829761197,28.0550551709029));
#10549=CARTESIAN_POINT('Ctrl Pts',(363.015979819871,-1.41629140726912,27.9098440093126));
#10550=CARTESIAN_POINT('Ctrl Pts',(363.015979819871,-1.40214927164539,27.9239861449363));
#10551=CARTESIAN_POINT('Ctrl Pts',(362.999347634162,-1.16929925912396,27.6628518611675));
#10552=CARTESIAN_POINT('Ctrl Pts',(362.999347634162,-1.15515712350023,27.6769939967912));
#10553=CARTESIAN_POINT('Ctrl Pts',(362.819371340042,-0.957996210206926,
27.4515488122504));
#10554=CARTESIAN_POINT('Ctrl Pts',(362.819371340042,-0.943854074583195,
27.4656909478741));
#10555=CARTESIAN_POINT('Ctrl Pts',(362.734901391952,-0.858823384915652,
27.3523759869591));
#10556=CARTESIAN_POINT('Ctrl Pts',(362.734901391952,-0.844681249291921,
27.3665181225829));
#10557=CARTESIAN_POINT('',(363.024805867164,-1.5473604332357,28.0409130352792));
#10558=CARTESIAN_POINT('Ctrl Pts',(362.734901391952,-0.858823384915652,
27.3523759869591));
#10559=CARTESIAN_POINT('Ctrl Pts',(362.819371340042,-0.957996210206926,
27.4515488122504));
#10560=CARTESIAN_POINT('Ctrl Pts',(362.999347634162,-1.16929925912396,27.6628518611675));
#10561=CARTESIAN_POINT('Ctrl Pts',(363.015979819871,-1.41629140726912,27.9098440093126));
#10562=CARTESIAN_POINT('Ctrl Pts',(363.024805867164,-1.5473604332357,28.0409130352792));
#10563=CARTESIAN_POINT('',(363.024805867164,-1.53321829761196,28.0550551709029));
#10564=CARTESIAN_POINT('Ctrl Pts',(363.024805867164,-1.53321829761196,28.0550551709029));
#10565=CARTESIAN_POINT('Ctrl Pts',(363.015979819871,-1.40214927164538,27.9239861449363));
#10566=CARTESIAN_POINT('Ctrl Pts',(362.999347634162,-1.15515712350023,27.6769939967912));
#10567=CARTESIAN_POINT('Ctrl Pts',(362.819371340042,-0.943854074583193,
27.4656909478741));
#10568=CARTESIAN_POINT('Ctrl Pts',(362.734901391952,-0.844681249291919,
27.3665181225829));
#10569=CARTESIAN_POINT('',(363.024805867164,-1.5473604332357,28.0409130352792));
#10570=CARTESIAN_POINT('Ctrl Pts',(362.857684576004,-2.09481343497643,28.5883660370199));
#10571=CARTESIAN_POINT('Ctrl Pts',(362.857684576004,-2.0806712993527,28.6025081726436));
#10572=CARTESIAN_POINT('Ctrl Pts',(362.906369247545,-2.01330945338612,28.5068620554296));
#10573=CARTESIAN_POINT('Ctrl Pts',(362.906369247545,-1.99916731776239,28.5210041910533));
#10574=CARTESIAN_POINT('Ctrl Pts',(363.010755568069,-1.83855422803592,28.3321068300794));
#10575=CARTESIAN_POINT('Ctrl Pts',(363.010755568069,-1.82441209241219,28.3462489657031));
#10576=CARTESIAN_POINT('Ctrl Pts',(363.01991714985,-1.64867956792095,28.1422321699644));
#10577=CARTESIAN_POINT('Ctrl Pts',(363.01991714985,-1.63453743229722,28.1563743055882));
#10578=CARTESIAN_POINT('Ctrl Pts',(363.024805867164,-1.5473604332357,28.0409130352792));
#10579=CARTESIAN_POINT('Ctrl Pts',(363.024805867164,-1.53321829761197,28.0550551709029));
#10580=CARTESIAN_POINT('',(362.857684576004,-2.09481343497643,28.5883660370199));
#10581=CARTESIAN_POINT('Ctrl Pts',(363.024805867164,-1.5473604332357,28.0409130352792));
#10582=CARTESIAN_POINT('Ctrl Pts',(363.01991714985,-1.64867956792095,28.1422321699644));
#10583=CARTESIAN_POINT('Ctrl Pts',(363.010755568069,-1.83855422803592,28.3321068300794));
#10584=CARTESIAN_POINT('Ctrl Pts',(362.906369247545,-2.01330945338612,28.5068620554296));
#10585=CARTESIAN_POINT('Ctrl Pts',(362.857684576004,-2.09481343497643,28.5883660370199));
#10586=CARTESIAN_POINT('',(362.857684576004,-2.0806712993527,28.6025081726436));
#10587=CARTESIAN_POINT('Ctrl Pts',(362.857684576004,-2.0806712993527,28.6025081726436));
#10588=CARTESIAN_POINT('Ctrl Pts',(362.906369247545,-1.99916731776239,28.5210041910533));
#10589=CARTESIAN_POINT('Ctrl Pts',(363.010755568069,-1.82441209241218,28.3462489657031));
#10590=CARTESIAN_POINT('Ctrl Pts',(363.01991714985,-1.63453743229721,28.1563743055882));
#10591=CARTESIAN_POINT('Ctrl Pts',(363.024805867164,-1.53321829761196,28.0550551709029));
#10592=CARTESIAN_POINT('',(362.857684576004,-2.09481343497643,28.5883660370199));
#10593=CARTESIAN_POINT('Ctrl Pts',(362.433059596508,-2.44330212307785,28.9368547251213));
#10594=CARTESIAN_POINT('Ctrl Pts',(362.433059596508,-2.42915998745412,28.9509968607451));
#10595=CARTESIAN_POINT('Ctrl Pts',(362.515971772331,-2.39598986574456,28.889542467788));
#10596=CARTESIAN_POINT('Ctrl Pts',(362.515971772331,-2.38184773012083,28.9036846034118));
#10597=CARTESIAN_POINT('Ctrl Pts',(362.68738947178,-2.29817361345915,28.7917262155026));
#10598=CARTESIAN_POINT('Ctrl Pts',(362.68738947178,-2.28403147783542,28.8058683511264));
#10599=CARTESIAN_POINT('Ctrl Pts',(362.799698001384,-2.16405887933647,28.65761148138));
#10600=CARTESIAN_POINT('Ctrl Pts',(362.799698001384,-2.14991674371274,28.6717536170037));
#10601=CARTESIAN_POINT('Ctrl Pts',(362.857684576004,-2.09481343497643,28.5883660370199));
#10602=CARTESIAN_POINT('Ctrl Pts',(362.857684576004,-2.0806712993527,28.6025081726436));
#10603=CARTESIAN_POINT('',(362.433059596508,-2.44330212307785,28.9368547251213));
#10604=CARTESIAN_POINT('Ctrl Pts',(362.857684576004,-2.09481343497643,28.5883660370199));
#10605=CARTESIAN_POINT('Ctrl Pts',(362.799698001384,-2.16405887933647,28.65761148138));
#10606=CARTESIAN_POINT('Ctrl Pts',(362.68738947178,-2.29817361345915,28.7917262155026));
#10607=CARTESIAN_POINT('Ctrl Pts',(362.515971772331,-2.39598986574456,28.889542467788));
#10608=CARTESIAN_POINT('Ctrl Pts',(362.433059596508,-2.44330212307785,28.9368547251213));
#10609=CARTESIAN_POINT('',(362.433059596508,-2.42915998745412,28.9509968607451));
#10610=CARTESIAN_POINT('Ctrl Pts',(362.433059596508,-2.42915998745412,28.9509968607451));
#10611=CARTESIAN_POINT('Ctrl Pts',(362.515971772331,-2.38184773012083,28.9036846034118));
#10612=CARTESIAN_POINT('Ctrl Pts',(362.68738947178,-2.28403147783541,28.8058683511263));
#10613=CARTESIAN_POINT('Ctrl Pts',(362.799698001384,-2.14991674371273,28.6717536170037));
#10614=CARTESIAN_POINT('Ctrl Pts',(362.857684576004,-2.0806712993527,28.6025081726436));
#10615=CARTESIAN_POINT('',(362.433059596508,-2.44330212307785,28.9368547251213));
#10616=CARTESIAN_POINT('Ctrl Pts',(361.909526073425,-2.61091466051537,29.1044672625588));
#10617=CARTESIAN_POINT('Ctrl Pts',(361.909526073425,-2.59677252489164,29.1186093981826));
#10618=CARTESIAN_POINT('Ctrl Pts',(361.999296584346,-2.59295900013555,29.086511602179));
#10619=CARTESIAN_POINT('Ctrl Pts',(361.999296584346,-2.57881686451182,29.1006537378028));
#10620=CARTESIAN_POINT('Ctrl Pts',(362.185607062146,-2.55569367068322,29.0492462727267));
#10621=CARTESIAN_POINT('Ctrl Pts',(362.185607062146,-2.54155153505949,29.0633884083504));
#10622=CARTESIAN_POINT('Ctrl Pts',(362.348601325641,-2.48166259408794,28.9752151961314));
#10623=CARTESIAN_POINT('Ctrl Pts',(362.348601325641,-2.46752045846421,28.9893573317552));
#10624=CARTESIAN_POINT('Ctrl Pts',(362.433059596508,-2.44330212307785,28.9368547251213));
#10625=CARTESIAN_POINT('Ctrl Pts',(362.433059596508,-2.42915998745412,28.9509968607451));
#10626=CARTESIAN_POINT('',(361.909526073425,-2.61091466051537,29.1044672625588));
#10627=CARTESIAN_POINT('Ctrl Pts',(362.433059596508,-2.44330212307785,28.9368547251213));
#10628=CARTESIAN_POINT('Ctrl Pts',(362.348601325641,-2.48166259408794,28.9752151961314));
#10629=CARTESIAN_POINT('Ctrl Pts',(362.185607062146,-2.55569367068322,29.0492462727267));
#10630=CARTESIAN_POINT('Ctrl Pts',(361.999296584346,-2.59295900013555,29.086511602179));
#10631=CARTESIAN_POINT('Ctrl Pts',(361.909526073425,-2.61091466051537,29.1044672625588));
#10632=CARTESIAN_POINT('',(361.909526073425,-2.59677252489164,29.1186093981826));
#10633=CARTESIAN_POINT('Ctrl Pts',(361.909526073425,-2.59677252489163,29.1186093981826));
#10634=CARTESIAN_POINT('Ctrl Pts',(361.999296584346,-2.57881686451182,29.1006537378028));
#10635=CARTESIAN_POINT('Ctrl Pts',(362.185607062146,-2.54155153505949,29.0633884083504));
#10636=CARTESIAN_POINT('Ctrl Pts',(362.348601325641,-2.4675204584642,28.9893573317551));
#10637=CARTESIAN_POINT('Ctrl Pts',(362.433059596508,-2.42915998745412,28.9509968607451));
#10638=CARTESIAN_POINT('',(361.909526073425,-2.61091466051537,29.1044672625588));
#10639=CARTESIAN_POINT('Ctrl Pts',(360.862459325283,-2.66155999956,29.1551126016035));
#10640=CARTESIAN_POINT('Ctrl Pts',(360.862459325283,-2.64741786393627,29.1692547372272));
#10641=CARTESIAN_POINT('Ctrl Pts',(361.064368822515,-2.66106927938612,29.1546218814296));
#10642=CARTESIAN_POINT('Ctrl Pts',(361.064368822515,-2.64692714376239,29.1687640170533));
#10643=CARTESIAN_POINT('Ctrl Pts',(361.415099072262,-2.66021686574783,29.1537694677913));
#10644=CARTESIAN_POINT('Ctrl Pts',(361.415099072262,-2.6460747301241,29.167911603415));
#10645=CARTESIAN_POINT('Ctrl Pts',(361.762231807087,-2.62560223245517,29.1191548344986));
#10646=CARTESIAN_POINT('Ctrl Pts',(361.762231807087,-2.61146009683144,29.1332969701224));
#10647=CARTESIAN_POINT('Ctrl Pts',(361.909526073425,-2.61091466051537,29.1044672625588));
#10648=CARTESIAN_POINT('Ctrl Pts',(361.909526073425,-2.59677252489164,29.1186093981826));
#10649=CARTESIAN_POINT('',(360.862459325283,-2.66155999956,29.1551126016035));
#10650=CARTESIAN_POINT('Ctrl Pts',(361.909526073425,-2.61091466051537,29.1044672625588));
#10651=CARTESIAN_POINT('Ctrl Pts',(361.762231807087,-2.62560223245517,29.1191548344986));
#10652=CARTESIAN_POINT('Ctrl Pts',(361.415099072262,-2.66021686574783,29.1537694677913));
#10653=CARTESIAN_POINT('Ctrl Pts',(361.064368822515,-2.66106927938612,29.1546218814296));
#10654=CARTESIAN_POINT('Ctrl Pts',(360.862459325283,-2.66155999956,29.1551126016035));
#10655=CARTESIAN_POINT('',(360.862459325283,-2.64741786393627,29.1692547372272));
#10656=CARTESIAN_POINT('Ctrl Pts',(360.862459325283,-2.64741786393627,29.1692547372272));
#10657=CARTESIAN_POINT('Ctrl Pts',(361.064368822515,-2.64692714376238,29.1687640170533));
#10658=CARTESIAN_POINT('Ctrl Pts',(361.415099072262,-2.6460747301241,29.167911603415));
#10659=CARTESIAN_POINT('Ctrl Pts',(361.762231807087,-2.61146009683143,29.1332969701224));
#10660=CARTESIAN_POINT('Ctrl Pts',(361.909526073425,-2.59677252489163,29.1186093981826));
#10661=CARTESIAN_POINT('',(360.862459325283,-2.66155999956,29.1551126016035));
#10662=CARTESIAN_POINT('Origin',(360.204205595939,-2.66155999956,29.1551126016035));
#10663=CARTESIAN_POINT('',(360.204205595939,-2.66155999956,29.1551126016035));
#10664=CARTESIAN_POINT('',(360.862459325283,-2.66155999956,29.1551126016035));
#10665=CARTESIAN_POINT('',(360.204205595939,-2.64741786393627,29.1692547372272));
#10666=CARTESIAN_POINT('',(360.862459325283,-2.64741786393627,29.1692547372272));
#10667=CARTESIAN_POINT('',(360.204205595939,-2.66155999956,29.1551126016035));
#10668=CARTESIAN_POINT('Origin',(360.204205595939,-3.99522326370235,30.4887758657458));
#10669=CARTESIAN_POINT('',(360.204205595939,-3.99522326370235,30.4887758657458));
#10670=CARTESIAN_POINT('',(360.204205595939,-2.66155999956,29.1551126016035));
#10671=CARTESIAN_POINT('',(360.204205595939,-3.98108112807861,30.5029180013696));
#10672=CARTESIAN_POINT('',(360.204205595939,-2.64741786393626,29.1692547372272));
#10673=CARTESIAN_POINT('',(360.204205595939,-3.99522326370235,30.4887758657458));
#10674=CARTESIAN_POINT('Origin',(359.194655724852,-3.99522326370235,30.4887758657458));
#10675=CARTESIAN_POINT('',(360.204205595939,-3.99522326370235,30.4887758657458));
#10676=CARTESIAN_POINT('',(360.204205595939,-3.98108112807861,30.5029180013696));
#10677=CARTESIAN_POINT('Origin',(369.150317654996,-2.21331417511224,28.7351510484032));
#10678=CARTESIAN_POINT('Origin',(369.150317654996,-2.22745631073598,28.7210089127795));
#10679=CARTESIAN_POINT('Origin',(375.108707332103,-0.459689357769607,26.9532419598131));
#10680=CARTESIAN_POINT('',(375.108707332103,-3.99522326370235,30.4887758657458));
#10681=CARTESIAN_POINT('',(375.108707332103,-0.459689357769606,26.9532419598131));
#10682=CARTESIAN_POINT('',(375.108707332103,-3.99522326370235,30.4887758657458));
#10683=CARTESIAN_POINT('',(375.108707332103,-3.98108112807862,30.5029180013696));
#10684=CARTESIAN_POINT('',(375.108707332103,-3.99522326370235,30.4887758657458));
#10685=CARTESIAN_POINT('',(375.108707332103,-0.445547222145874,26.9673840954368));
#10686=CARTESIAN_POINT('',(375.108707332103,-3.98108112807861,30.5029180013696));
#10687=CARTESIAN_POINT('',(375.108707332103,-0.459689357769606,26.9532419598131));
#10688=CARTESIAN_POINT('Origin',(376.118257426708,-0.459689357769604,26.9532419598131));
#10689=CARTESIAN_POINT('',(376.118257426708,-0.459689357769604,26.9532419598131));
#10690=CARTESIAN_POINT('',(375.108707332103,-0.459689357769604,26.9532419598131));
#10691=CARTESIAN_POINT('',(376.118257426708,-0.445547222145872,26.9673840954368));
#10692=CARTESIAN_POINT('',(375.108707332103,-0.445547222145871,26.9673840954368));
#10693=CARTESIAN_POINT('',(376.118257426708,-0.459689357769604,26.9532419598131));
#10694=CARTESIAN_POINT('Origin',(376.118257426708,-1.85123331044045,28.3447859124839));
#10695=CARTESIAN_POINT('',(376.118257426708,-1.85123331044045,28.3447859124839));
#10696=CARTESIAN_POINT('',(376.118257426708,-0.459689357769604,26.9532419598131));
#10697=CARTESIAN_POINT('',(376.118257426708,-1.83709117481672,28.3589280481077));
#10698=CARTESIAN_POINT('',(376.118257426708,-0.445547222145871,26.9673840954368));
#10699=CARTESIAN_POINT('',(376.118257426708,-1.85123331044045,28.3447859124839));
#10700=CARTESIAN_POINT('Origin',(378.096429490535,-1.85123331044045,28.3447859124839));
#10701=CARTESIAN_POINT('',(378.096429490535,-1.85123331044045,28.3447859124839));
#10702=CARTESIAN_POINT('',(376.118257426708,-1.85123331044045,28.3447859124839));
#10703=CARTESIAN_POINT('',(378.096429490535,-1.83709117481672,28.3589280481077));
#10704=CARTESIAN_POINT('',(376.118257426708,-1.83709117481672,28.3589280481077));
#10705=CARTESIAN_POINT('',(378.096429490535,-1.85123331044045,28.3447859124839));
#10706=CARTESIAN_POINT('Origin',(378.096429490535,-0.459689357769605,26.9532419598131));
#10707=CARTESIAN_POINT('',(378.096429490535,-0.459689357769606,26.9532419598131));
#10708=CARTESIAN_POINT('',(378.096429490535,-1.85123331044045,28.3447859124839));
#10709=CARTESIAN_POINT('',(378.096429490535,-0.445547222145874,26.9673840954368));
#10710=CARTESIAN_POINT('',(378.096429490535,-1.83709117481672,28.3589280481077));
#10711=CARTESIAN_POINT('',(378.096429490535,-0.459689357769606,26.9532419598131));
#10712=CARTESIAN_POINT('Origin',(379.10597958514,-0.459689357769604,26.9532419598131));
#10713=CARTESIAN_POINT('',(379.10597958514,-0.459689357769604,26.9532419598131));
#10714=CARTESIAN_POINT('',(378.096429490535,-0.459689357769604,26.9532419598131));
#10715=CARTESIAN_POINT('',(379.10597958514,-0.445547222145872,26.9673840954368));
#10716=CARTESIAN_POINT('',(378.096429490535,-0.445547222145871,26.9673840954368));
#10717=CARTESIAN_POINT('',(379.10597958514,-0.459689357769604,26.9532419598131));
#10718=CARTESIAN_POINT('Origin',(379.10597958514,-3.99522326370235,30.4887758657458));
#10719=CARTESIAN_POINT('',(379.10597958514,-3.99522326370235,30.4887758657458));
#10720=CARTESIAN_POINT('',(379.10597958514,-0.459689357769604,26.9532419598131));
#10721=CARTESIAN_POINT('',(379.10597958514,-3.98108112807862,30.5029180013696));
#10722=CARTESIAN_POINT('',(379.10597958514,-0.445547222145871,26.9673840954368));
#10723=CARTESIAN_POINT('',(379.10597958514,-3.99522326370235,30.4887758657458));
#10724=CARTESIAN_POINT('Origin',(378.096429490535,-3.99522326370235,30.4887758657458));
#10725=CARTESIAN_POINT('',(378.096429490535,-3.99522326370235,30.4887758657458));
#10726=CARTESIAN_POINT('',(379.10597958514,-3.99522326370235,30.4887758657458));
#10727=CARTESIAN_POINT('',(378.096429490535,-3.98108112807862,30.5029180013696));
#10728=CARTESIAN_POINT('',(379.10597958514,-3.98108112807861,30.5029180013696));
#10729=CARTESIAN_POINT('',(378.096429490535,-3.99522326370235,30.4887758657458));
#10730=CARTESIAN_POINT('Origin',(378.096429490535,-2.44933165122582,28.9428842532693));
#10731=CARTESIAN_POINT('',(378.096429490535,-2.44933165122582,28.9428842532693));
#10732=CARTESIAN_POINT('',(378.096429490535,-3.99522326370235,30.4887758657458));
#10733=CARTESIAN_POINT('',(378.096429490535,-2.43518951560209,28.957026388893));
#10734=CARTESIAN_POINT('',(378.096429490535,-3.98108112807861,30.5029180013696));
#10735=CARTESIAN_POINT('',(378.096429490535,-2.44933165122582,28.9428842532693));
#10736=CARTESIAN_POINT('Origin',(376.118257426708,-2.44933165122582,28.9428842532693));
#10737=CARTESIAN_POINT('',(376.118257426708,-2.44933165122582,28.9428842532693));
#10738=CARTESIAN_POINT('',(378.096429490535,-2.44933165122582,28.9428842532693));
#10739=CARTESIAN_POINT('',(376.118257426708,-2.43518951560209,28.957026388893));
#10740=CARTESIAN_POINT('',(378.096429490535,-2.43518951560208,28.957026388893));
#10741=CARTESIAN_POINT('',(376.118257426708,-2.44933165122582,28.9428842532693));
#10742=CARTESIAN_POINT('Origin',(376.118257426708,-3.99522326370235,30.4887758657458));
#10743=CARTESIAN_POINT('',(376.118257426708,-3.99522326370235,30.4887758657458));
#10744=CARTESIAN_POINT('',(376.118257426708,-2.44933165122582,28.9428842532693));
#10745=CARTESIAN_POINT('',(376.118257426708,-3.98108112807862,30.5029180013696));
#10746=CARTESIAN_POINT('',(376.118257426708,-2.43518951560208,28.957026388893));
#10747=CARTESIAN_POINT('',(376.118257426708,-3.99522326370235,30.4887758657458));
#10748=CARTESIAN_POINT('Origin',(375.108707332103,-3.99522326370235,30.4887758657458));
#10749=CARTESIAN_POINT('',(376.118257426708,-3.99522326370235,30.4887758657458));
#10750=CARTESIAN_POINT('',(376.118257426708,-3.98108112807861,30.5029180013696));
#10751=CARTESIAN_POINT('Origin',(369.150317654996,-2.21331417511221,28.7351510484032));
#10752=CARTESIAN_POINT('Origin',(369.150317654996,-2.22745631073598,28.7210089127795));
#10753=CARTESIAN_POINT('Origin',(374.238994502514,-2.91478753772012,29.4083401397636));
#10754=CARTESIAN_POINT('',(373.260140799968,-2.69532383990208,29.1888764419456));
#10755=CARTESIAN_POINT('',(374.238994502514,-2.91478753772012,29.4083401397636));
#10756=CARTESIAN_POINT('',(373.260140799968,-2.69532383990208,29.1888764419456));
#10757=CARTESIAN_POINT('',(373.260140799968,-2.68118170427834,29.2030185775693));
#10758=CARTESIAN_POINT('',(373.260140799968,-2.69532383990208,29.1888764419456));
#10759=CARTESIAN_POINT('',(374.238994502514,-2.90064540209639,29.4224822753873));
#10760=CARTESIAN_POINT('',(373.260140799968,-2.68118170427834,29.2030185775693));
#10761=CARTESIAN_POINT('',(374.238994502514,-2.91478753772012,29.4083401397636));
#10762=CARTESIAN_POINT('Ctrl Pts',(373.490358972042,-3.77455416601689,30.2681067680604));
#10763=CARTESIAN_POINT('Ctrl Pts',(373.490358972042,-3.76041203039316,30.2822489036841));
#10764=CARTESIAN_POINT('Ctrl Pts',(373.654577030344,-3.66259066618661,30.1561432682301));
#10765=CARTESIAN_POINT('Ctrl Pts',(373.654577030344,-3.64844853056288,30.1702854038538));
#10766=CARTESIAN_POINT('Ctrl Pts',(374.007313923979,-3.42209545184302,29.9156480538865));
#10767=CARTESIAN_POINT('Ctrl Pts',(374.007313923979,-3.40795331621929,29.9297901895102));
#10768=CARTESIAN_POINT('Ctrl Pts',(374.158300386042,-3.09148238270168,29.5850349847452));
#10769=CARTESIAN_POINT('Ctrl Pts',(374.158300386042,-3.07734024707794,29.5991771203689));
#10770=CARTESIAN_POINT('Ctrl Pts',(374.238994502514,-2.91478753772012,29.4083401397636));
#10771=CARTESIAN_POINT('Ctrl Pts',(374.238994502514,-2.90064540209639,29.4224822753873));
#10772=CARTESIAN_POINT('',(373.490358972042,-3.77455416601689,30.2681067680604));
#10773=CARTESIAN_POINT('Ctrl Pts',(374.238994502514,-2.91478753772012,29.4083401397636));
#10774=CARTESIAN_POINT('Ctrl Pts',(374.158300386042,-3.09148238270168,29.5850349847452));
#10775=CARTESIAN_POINT('Ctrl Pts',(374.007313923979,-3.42209545184302,29.9156480538865));
#10776=CARTESIAN_POINT('Ctrl Pts',(373.654577030344,-3.66259066618661,30.1561432682301));
#10777=CARTESIAN_POINT('Ctrl Pts',(373.490358972042,-3.77455416601689,30.2681067680604));
#10778=CARTESIAN_POINT('',(373.490358972042,-3.76041203039316,30.2822489036841));
#10779=CARTESIAN_POINT('Ctrl Pts',(373.490358972042,-3.76041203039315,30.2822489036841));
#10780=CARTESIAN_POINT('Ctrl Pts',(373.654577030344,-3.64844853056288,30.1702854038538));
#10781=CARTESIAN_POINT('Ctrl Pts',(374.007313923979,-3.40795331621929,29.9297901895102));
#10782=CARTESIAN_POINT('Ctrl Pts',(374.158300386042,-3.07734024707794,29.5991771203689));
#10783=CARTESIAN_POINT('Ctrl Pts',(374.238994502514,-2.90064540209639,29.4224822753873));
#10784=CARTESIAN_POINT('',(373.490358972042,-3.77455416601689,30.2681067680604));
#10785=CARTESIAN_POINT('Ctrl Pts',(372.161914491146,-4.05551517343415,30.5490677754776));
#10786=CARTESIAN_POINT('Ctrl Pts',(372.161914491146,-4.04137303781042,30.5632099111014));
#10787=CARTESIAN_POINT('Ctrl Pts',(372.413101826836,-4.04658859000618,30.5401411920497));
#10788=CARTESIAN_POINT('Ctrl Pts',(372.413101826836,-4.03244645438245,30.5542833276734));
#10789=CARTESIAN_POINT('Ctrl Pts',(372.889451496459,-4.02966028804746,30.5232128900909));
#10790=CARTESIAN_POINT('Ctrl Pts',(372.889451496459,-4.01551815242373,30.5373550257147));
#10791=CARTESIAN_POINT('Ctrl Pts',(373.297487390381,-3.85643486021135,30.3499874622548));
#10792=CARTESIAN_POINT('Ctrl Pts',(373.297487390381,-3.84229272458762,30.3641295978786));
#10793=CARTESIAN_POINT('Ctrl Pts',(373.490358972042,-3.77455416601689,30.2681067680604));
#10794=CARTESIAN_POINT('Ctrl Pts',(373.490358972042,-3.76041203039316,30.2822489036841));
#10795=CARTESIAN_POINT('',(372.161914491146,-4.05551517343415,30.5490677754776));
#10796=CARTESIAN_POINT('Ctrl Pts',(373.490358972042,-3.77455416601689,30.2681067680604));
#10797=CARTESIAN_POINT('Ctrl Pts',(373.297487390381,-3.85643486021135,30.3499874622548));
#10798=CARTESIAN_POINT('Ctrl Pts',(372.889451496459,-4.02966028804746,30.5232128900909));
#10799=CARTESIAN_POINT('Ctrl Pts',(372.413101826836,-4.04658859000618,30.5401411920497));
#10800=CARTESIAN_POINT('Ctrl Pts',(372.161914491146,-4.05551517343415,30.5490677754776));
#10801=CARTESIAN_POINT('',(372.161914491146,-4.04137303781042,30.5632099111014));
#10802=CARTESIAN_POINT('Ctrl Pts',(372.161914491146,-4.04137303781042,30.5632099111014));
#10803=CARTESIAN_POINT('Ctrl Pts',(372.413101826836,-4.03244645438245,30.5542833276734));
#10804=CARTESIAN_POINT('Ctrl Pts',(372.889451496459,-4.01551815242373,30.5373550257147));
#10805=CARTESIAN_POINT('Ctrl Pts',(373.297487390381,-3.84229272458762,30.3641295978786));
#10806=CARTESIAN_POINT('Ctrl Pts',(373.490358972042,-3.76041203039315,30.2822489036841));
#10807=CARTESIAN_POINT('',(372.161914491146,-4.05551517343415,30.5490677754776));
#10808=CARTESIAN_POINT('Ctrl Pts',(370.524806165187,-3.57438360957319,30.0679362116167));
#10809=CARTESIAN_POINT('Ctrl Pts',(370.524806165187,-3.56024147394946,30.0820783472404));
#10810=CARTESIAN_POINT('Ctrl Pts',(370.756194030134,-3.71470103513165,30.2082536371751));
#10811=CARTESIAN_POINT('Ctrl Pts',(370.756194030134,-3.70055889950792,30.2223957727989));
#10812=CARTESIAN_POINT('Ctrl Pts',(371.227402090861,-4.00044939103153,30.494001993075));
#10813=CARTESIAN_POINT('Ctrl Pts',(371.227402090861,-3.9863072554078,30.5081441286987));
#10814=CARTESIAN_POINT('Ctrl Pts',(371.846716122101,-4.03694223122582,30.5304948332693));
#10815=CARTESIAN_POINT('Ctrl Pts',(371.846716122101,-4.02280009560209,30.544636968893));
#10816=CARTESIAN_POINT('Ctrl Pts',(372.161914491146,-4.05551517343415,30.5490677754776));
#10817=CARTESIAN_POINT('Ctrl Pts',(372.161914491146,-4.04137303781042,30.5632099111014));
#10818=CARTESIAN_POINT('',(370.524806165187,-3.57438360957319,30.0679362116167));
#10819=CARTESIAN_POINT('Ctrl Pts',(372.161914491146,-4.05551517343415,30.5490677754776));
#10820=CARTESIAN_POINT('Ctrl Pts',(371.846716122101,-4.03694223122582,30.5304948332693));
#10821=CARTESIAN_POINT('Ctrl Pts',(371.227402090861,-4.00044939103153,30.494001993075));
#10822=CARTESIAN_POINT('Ctrl Pts',(370.756194030134,-3.71470103513165,30.2082536371751));
#10823=CARTESIAN_POINT('Ctrl Pts',(370.524806165187,-3.57438360957319,30.0679362116167));
#10824=CARTESIAN_POINT('',(370.524806165187,-3.56024147394946,30.0820783472404));
#10825=CARTESIAN_POINT('Ctrl Pts',(370.524806165187,-3.56024147394946,30.0820783472404));
#10826=CARTESIAN_POINT('Ctrl Pts',(370.756194030134,-3.70055889950791,30.2223957727989));
#10827=CARTESIAN_POINT('Ctrl Pts',(371.227402090861,-3.9863072554078,30.5081441286987));
#10828=CARTESIAN_POINT('Ctrl Pts',(371.846716122101,-4.02280009560208,30.544636968893));
#10829=CARTESIAN_POINT('Ctrl Pts',(372.161914491146,-4.04137303781042,30.5632099111014));
#10830=CARTESIAN_POINT('',(370.524806165187,-3.57438360957319,30.0679362116167));
#10831=CARTESIAN_POINT('Ctrl Pts',(369.883605622738,-2.25880850840626,28.7523611104497));
#10832=CARTESIAN_POINT('Ctrl Pts',(369.883605622738,-2.24466637278253,28.7665032460735));
#10833=CARTESIAN_POINT('Ctrl Pts',(369.902720745086,-2.51622193333014,29.0097745353736));
#10834=CARTESIAN_POINT('Ctrl Pts',(369.902720745086,-2.50207979770641,29.0239166709973));
#10835=CARTESIAN_POINT('Ctrl Pts',(369.938635562616,-2.99986812807796,29.4934207301214));
#10836=CARTESIAN_POINT('Ctrl Pts',(369.938635562616,-2.98572599245422,29.5075628657452));
#10837=CARTESIAN_POINT('Ctrl Pts',(370.337998264647,-3.39129010325439,29.8848427052979));
#10838=CARTESIAN_POINT('Ctrl Pts',(370.337998264647,-3.37714796763066,29.8989848409216));
#10839=CARTESIAN_POINT('Ctrl Pts',(370.524806165187,-3.57438360957319,30.0679362116167));
#10840=CARTESIAN_POINT('Ctrl Pts',(370.524806165187,-3.56024147394946,30.0820783472404));
#10841=CARTESIAN_POINT('',(369.883605622738,-2.25880850840626,28.7523611104497));
#10842=CARTESIAN_POINT('Ctrl Pts',(370.524806165187,-3.57438360957319,30.0679362116167));
#10843=CARTESIAN_POINT('Ctrl Pts',(370.337998264647,-3.39129010325439,29.8848427052979));
#10844=CARTESIAN_POINT('Ctrl Pts',(369.938635562616,-2.99986812807796,29.4934207301214));
#10845=CARTESIAN_POINT('Ctrl Pts',(369.902720745086,-2.51622193333014,29.0097745353736));
#10846=CARTESIAN_POINT('Ctrl Pts',(369.883605622738,-2.25880850840626,28.7523611104497));
#10847=CARTESIAN_POINT('',(369.883605622738,-2.24466637278253,28.7665032460735));
#10848=CARTESIAN_POINT('Ctrl Pts',(369.883605622738,-2.24466637278253,28.7665032460735));
#10849=CARTESIAN_POINT('Ctrl Pts',(369.902720745086,-2.5020797977064,29.0239166709973));
#10850=CARTESIAN_POINT('Ctrl Pts',(369.938635562616,-2.98572599245422,29.5075628657452));
#10851=CARTESIAN_POINT('Ctrl Pts',(370.337998264647,-3.37714796763066,29.8989848409216));
#10852=CARTESIAN_POINT('Ctrl Pts',(370.524806165187,-3.56024147394946,30.0820783472404));
#10853=CARTESIAN_POINT('',(369.883605622738,-2.25880850840626,28.7523611104497));
#10854=CARTESIAN_POINT('Ctrl Pts',(370.528216742962,-0.887763939914143,
27.3813165419576));
#10855=CARTESIAN_POINT('Ctrl Pts',(370.528216742962,-0.873621804290413,
27.3954586775814));
#10856=CARTESIAN_POINT('Ctrl Pts',(370.340499939673,-1.07685501160246,27.5704076136459));
#10857=CARTESIAN_POINT('Ctrl Pts',(370.340499939673,-1.06271287597873,27.5845497492697));
#10858=CARTESIAN_POINT('Ctrl Pts',(369.933811177425,-1.48652112859207,27.9800737306356));
#10859=CARTESIAN_POINT('Ctrl Pts',(369.933811177425,-1.47237899296834,27.9942158662593));
#10860=CARTESIAN_POINT('Ctrl Pts',(369.901176821133,-1.98851939690341,28.4820719989469));
#10861=CARTESIAN_POINT('Ctrl Pts',(369.901176821133,-1.97437726127968,28.4962141345706));
#10862=CARTESIAN_POINT('Ctrl Pts',(369.883605622738,-2.25880850840626,28.7523611104497));
#10863=CARTESIAN_POINT('Ctrl Pts',(369.883605622738,-2.24466637278253,28.7665032460735));
#10864=CARTESIAN_POINT('',(370.528216742962,-0.887763939914143,27.3813165419576));
#10865=CARTESIAN_POINT('Ctrl Pts',(369.883605622738,-2.25880850840626,28.7523611104497));
#10866=CARTESIAN_POINT('Ctrl Pts',(369.901176821133,-1.98851939690341,28.4820719989469));
#10867=CARTESIAN_POINT('Ctrl Pts',(369.933811177425,-1.48652112859207,27.9800737306356));
#10868=CARTESIAN_POINT('Ctrl Pts',(370.340499939673,-1.07685501160246,27.5704076136459));
#10869=CARTESIAN_POINT('Ctrl Pts',(370.528216742962,-0.887763939914143,
27.3813165419576));
#10870=CARTESIAN_POINT('',(370.528216742962,-0.873621804290412,27.3954586775814));
#10871=CARTESIAN_POINT('Ctrl Pts',(370.528216742962,-0.87362180429041,27.3954586775814));
#10872=CARTESIAN_POINT('Ctrl Pts',(370.340499939673,-1.06271287597873,27.5845497492697));
#10873=CARTESIAN_POINT('Ctrl Pts',(369.933811177425,-1.47237899296834,27.9942158662593));
#10874=CARTESIAN_POINT('Ctrl Pts',(369.901176821133,-1.97437726127968,28.4962141345706));
#10875=CARTESIAN_POINT('Ctrl Pts',(369.883605622738,-2.24466637278253,28.7665032460735));
#10876=CARTESIAN_POINT('',(370.528216742962,-0.887763939914143,27.3813165419576));
#10877=CARTESIAN_POINT('Ctrl Pts',(372.223304891079,-0.399397448037799,
26.8929500500813));
#10878=CARTESIAN_POINT('Ctrl Pts',(372.223304891079,-0.385255312414068,
26.907092185705));
#10879=CARTESIAN_POINT('Ctrl Pts',(371.893519775978,-0.417184412742999,
26.9107370147865));
#10880=CARTESIAN_POINT('Ctrl Pts',(371.893519775978,-0.403042277119268,
26.9248791504102));
#10881=CARTESIAN_POINT('Ctrl Pts',(371.253206624714,-0.451719711336898,
26.9452723133804));
#10882=CARTESIAN_POINT('Ctrl Pts',(371.253206624714,-0.437577575713167,
26.9594144490041));
#10883=CARTESIAN_POINT('Ctrl Pts',(370.764985708375,-0.745359551283322,
27.2389121533268));
#10884=CARTESIAN_POINT('Ctrl Pts',(370.764985708375,-0.731217415659591,
27.2530542889505));
#10885=CARTESIAN_POINT('Ctrl Pts',(370.528216742962,-0.887763939914143,
27.3813165419576));
#10886=CARTESIAN_POINT('Ctrl Pts',(370.528216742962,-0.873621804290413,
27.3954586775814));
#10887=CARTESIAN_POINT('',(372.223304891079,-0.399397448037799,26.8929500500813));
#10888=CARTESIAN_POINT('Ctrl Pts',(370.528216742962,-0.887763939914143,
27.3813165419576));
#10889=CARTESIAN_POINT('Ctrl Pts',(370.764985708375,-0.745359551283322,
27.2389121533268));
#10890=CARTESIAN_POINT('Ctrl Pts',(371.253206624714,-0.451719711336898,
26.9452723133804));
#10891=CARTESIAN_POINT('Ctrl Pts',(371.893519775978,-0.417184412742999,
26.9107370147865));
#10892=CARTESIAN_POINT('Ctrl Pts',(372.223304891079,-0.399397448037799,
26.8929500500813));
#10893=CARTESIAN_POINT('',(372.223304891079,-0.385255312414068,26.907092185705));
#10894=CARTESIAN_POINT('Ctrl Pts',(372.223304891079,-0.385255312414066,
26.907092185705));
#10895=CARTESIAN_POINT('Ctrl Pts',(371.893519775978,-0.403042277119266,
26.9248791504102));
#10896=CARTESIAN_POINT('Ctrl Pts',(371.253206624714,-0.437577575713164,
26.9594144490041));
#10897=CARTESIAN_POINT('Ctrl Pts',(370.764985708375,-0.731217415659589,
27.2530542889505));
#10898=CARTESIAN_POINT('Ctrl Pts',(370.528216742962,-0.87362180429041,27.3954586775814));
#10899=CARTESIAN_POINT('',(372.223304891079,-0.399397448037799,26.8929500500813));
#10900=CARTESIAN_POINT('Ctrl Pts',(373.713755988567,-0.782855376348706,
27.2764079783922));
#10901=CARTESIAN_POINT('Ctrl Pts',(373.713755988567,-0.768713240724975,
27.2905501140159));
#10902=CARTESIAN_POINT('Ctrl Pts',(373.502460126076,-0.671067565879984,
27.1646201679235));
#10903=CARTESIAN_POINT('Ctrl Pts',(373.502460126076,-0.656925430256253,
27.1787623035472));
#10904=CARTESIAN_POINT('Ctrl Pts',(373.061362133944,-0.437701052398007,
26.9312536544415));
#10905=CARTESIAN_POINT('Ctrl Pts',(373.061362133944,-0.423558916774276,
26.9453957900652));
#10906=CARTESIAN_POINT('Ctrl Pts',(372.510363028232,-0.412517508042636,
26.9060701100861));
#10907=CARTESIAN_POINT('Ctrl Pts',(372.510363028232,-0.398375372418905,
26.9202122457098));
#10908=CARTESIAN_POINT('Ctrl Pts',(372.223304891079,-0.399397448037799,
26.8929500500813));
#10909=CARTESIAN_POINT('Ctrl Pts',(372.223304891079,-0.385255312414068,
26.907092185705));
#10910=CARTESIAN_POINT('',(373.713755988567,-0.782855376348706,27.2764079783922));
#10911=CARTESIAN_POINT('Ctrl Pts',(372.223304891079,-0.399397448037799,
26.8929500500813));
#10912=CARTESIAN_POINT('Ctrl Pts',(372.510363028232,-0.412517508042636,
26.9060701100861));
#10913=CARTESIAN_POINT('Ctrl Pts',(373.061362133944,-0.437701052398007,
26.9312536544415));
#10914=CARTESIAN_POINT('Ctrl Pts',(373.502460126076,-0.671067565879984,
27.1646201679235));
#10915=CARTESIAN_POINT('Ctrl Pts',(373.713755988567,-0.782855376348706,
27.2764079783922));
#10916=CARTESIAN_POINT('',(373.713755988567,-0.768713240724975,27.2905501140159));
#10917=CARTESIAN_POINT('Ctrl Pts',(373.713755988567,-0.768713240724972,
27.2905501140159));
#10918=CARTESIAN_POINT('Ctrl Pts',(373.502460126076,-0.65692543025625,27.1787623035472));
#10919=CARTESIAN_POINT('Ctrl Pts',(373.061362133944,-0.423558916774274,
26.9453957900652));
#10920=CARTESIAN_POINT('Ctrl Pts',(372.510363028232,-0.398375372418903,
26.9202122457098));
#10921=CARTESIAN_POINT('Ctrl Pts',(372.223304891079,-0.385255312414066,
26.907092185705));
#10922=CARTESIAN_POINT('',(373.713755988567,-0.782855376348706,27.2764079783922));
#10923=CARTESIAN_POINT('Ctrl Pts',(374.225352191417,-1.43401154178747,27.9275641438309));
#10924=CARTESIAN_POINT('Ctrl Pts',(374.225352191417,-1.41986940616374,27.9417062794547));
#10925=CARTESIAN_POINT('Ctrl Pts',(374.166296129416,-1.30417758423701,27.7977301862805));
#10926=CARTESIAN_POINT('Ctrl Pts',(374.166296129416,-1.29003544861328,27.8118723219042));
#10927=CARTESIAN_POINT('Ctrl Pts',(374.056459527027,-1.0627032920357,27.5562558940792));
#10928=CARTESIAN_POINT('Ctrl Pts',(374.056459527027,-1.04856115641197,27.5703980297029));
#10929=CARTESIAN_POINT('Ctrl Pts',(373.822104764886,-0.871331787640839,
27.3648843896843));
#10930=CARTESIAN_POINT('Ctrl Pts',(373.822104764886,-0.857189652017108,
27.379026525308));
#10931=CARTESIAN_POINT('Ctrl Pts',(373.713755988567,-0.782855376348706,
27.2764079783922));
#10932=CARTESIAN_POINT('Ctrl Pts',(373.713755988567,-0.768713240724975,
27.2905501140159));
#10933=CARTESIAN_POINT('',(374.225352191417,-1.43401154178747,27.9275641438309));
#10934=CARTESIAN_POINT('Ctrl Pts',(373.713755988567,-0.782855376348706,
27.2764079783922));
#10935=CARTESIAN_POINT('Ctrl Pts',(373.822104764886,-0.871331787640839,
27.3648843896843));
#10936=CARTESIAN_POINT('Ctrl Pts',(374.056459527027,-1.0627032920357,27.5562558940792));
#10937=CARTESIAN_POINT('Ctrl Pts',(374.166296129416,-1.30417758423701,27.7977301862805));
#10938=CARTESIAN_POINT('Ctrl Pts',(374.225352191417,-1.43401154178747,27.9275641438309));
#10939=CARTESIAN_POINT('',(374.225352191417,-1.41986940616374,27.9417062794547));
#10940=CARTESIAN_POINT('Ctrl Pts',(374.225352191417,-1.41986940616373,27.9417062794547));
#10941=CARTESIAN_POINT('Ctrl Pts',(374.166296129416,-1.29003544861327,27.8118723219042));
#10942=CARTESIAN_POINT('Ctrl Pts',(374.056459527027,-1.04856115641197,27.5703980297029));
#10943=CARTESIAN_POINT('Ctrl Pts',(373.822104764886,-0.857189652017106,
27.379026525308));
#10944=CARTESIAN_POINT('Ctrl Pts',(373.713755988567,-0.768713240724972,
27.2905501140159));
#10945=CARTESIAN_POINT('',(374.225352191417,-1.43401154178747,27.9275641438309));
#10946=CARTESIAN_POINT('Origin',(373.226033830135,-1.60282905762391,28.0963816596674));
#10947=CARTESIAN_POINT('',(373.226033830135,-1.60282905762391,28.0963816596674));
#10948=CARTESIAN_POINT('',(374.225352191417,-1.43401154178747,27.9275641438309));
#10949=CARTESIAN_POINT('',(373.226033830135,-1.58868692200018,28.1105237952911));
#10950=CARTESIAN_POINT('',(374.225352191417,-1.41986940616373,27.9417062794547));
#10951=CARTESIAN_POINT('',(373.226033830135,-1.60282905762391,28.0963816596674));
#10952=CARTESIAN_POINT('Ctrl Pts',(372.85597958514,-1.16872579026838,27.6622783923119));
#10953=CARTESIAN_POINT('Ctrl Pts',(372.85597958514,-1.15458365464465,27.6764205279356));
#10954=CARTESIAN_POINT('Ctrl Pts',(372.94211705021,-1.22780897340385,27.7213615754473));
#10955=CARTESIAN_POINT('Ctrl Pts',(372.94211705021,-1.21366683778011,27.7355037110711));
#10956=CARTESIAN_POINT('Ctrl Pts',(373.119276468528,-1.3493256949388,27.8428782969823));
#10957=CARTESIAN_POINT('Ctrl Pts',(373.119276468528,-1.33518355931507,27.857020432606));
#10958=CARTESIAN_POINT('Ctrl Pts',(373.189799905607,-1.51678888603492,28.0103414880784));
#10959=CARTESIAN_POINT('Ctrl Pts',(373.189799905607,-1.50264675041119,28.0244836237021));
#10960=CARTESIAN_POINT('Ctrl Pts',(373.226033830135,-1.60282905762391,28.0963816596674));
#10961=CARTESIAN_POINT('Ctrl Pts',(373.226033830135,-1.58868692200018,28.1105237952911));
#10962=CARTESIAN_POINT('',(372.85597958514,-1.16872579026838,27.6622783923119));
#10963=CARTESIAN_POINT('Ctrl Pts',(373.226033830135,-1.60282905762391,28.0963816596674));
#10964=CARTESIAN_POINT('Ctrl Pts',(373.189799905607,-1.51678888603492,28.0103414880784));
#10965=CARTESIAN_POINT('Ctrl Pts',(373.119276468528,-1.3493256949388,27.8428782969823));
#10966=CARTESIAN_POINT('Ctrl Pts',(372.94211705021,-1.22780897340385,27.7213615754473));
#10967=CARTESIAN_POINT('Ctrl Pts',(372.85597958514,-1.16872579026838,27.6622783923119));
#10968=CARTESIAN_POINT('',(372.85597958514,-1.15458365464465,27.6764205279356));
#10969=CARTESIAN_POINT('Ctrl Pts',(372.85597958514,-1.15458365464464,27.6764205279356));
#10970=CARTESIAN_POINT('Ctrl Pts',(372.94211705021,-1.21366683778011,27.7355037110711));
#10971=CARTESIAN_POINT('Ctrl Pts',(373.119276468528,-1.33518355931507,27.857020432606));
#10972=CARTESIAN_POINT('Ctrl Pts',(373.189799905607,-1.50264675041118,28.0244836237021));
#10973=CARTESIAN_POINT('Ctrl Pts',(373.226033830135,-1.58868692200018,28.1105237952911));
#10974=CARTESIAN_POINT('',(372.85597958514,-1.16872579026838,27.6622783923119));
#10975=CARTESIAN_POINT('Ctrl Pts',(372.172146224468,-1.00955400218213,27.5031066042256));
#10976=CARTESIAN_POINT('Ctrl Pts',(372.172146224468,-0.995411866558403,
27.5172487398494));
#10977=CARTESIAN_POINT('Ctrl Pts',(372.299745903516,-1.01535132476566,27.5089039268091));
#10978=CARTESIAN_POINT('Ctrl Pts',(372.299745903516,-1.00120918914193,27.5230460624329));
#10979=CARTESIAN_POINT('Ctrl Pts',(372.547495244046,-1.02660748824213,27.5201600902856));
#10980=CARTESIAN_POINT('Ctrl Pts',(372.547495244046,-1.0124653526184,27.5343022259093));
#10981=CARTESIAN_POINT('Ctrl Pts',(372.75523375829,-1.12231232954826,27.6158649315917));
#10982=CARTESIAN_POINT('Ctrl Pts',(372.75523375829,-1.10817019392453,27.6300070672155));
#10983=CARTESIAN_POINT('Ctrl Pts',(372.85597958514,-1.16872579026838,27.6622783923119));
#10984=CARTESIAN_POINT('Ctrl Pts',(372.85597958514,-1.15458365464465,27.6764205279356));
#10985=CARTESIAN_POINT('',(372.172146224468,-1.00955400218213,27.5031066042256));
#10986=CARTESIAN_POINT('Ctrl Pts',(372.85597958514,-1.16872579026838,27.6622783923119));
#10987=CARTESIAN_POINT('Ctrl Pts',(372.75523375829,-1.12231232954826,27.6158649315917));
#10988=CARTESIAN_POINT('Ctrl Pts',(372.547495244046,-1.02660748824213,27.5201600902856));
#10989=CARTESIAN_POINT('Ctrl Pts',(372.299745903516,-1.01535132476566,27.5089039268091));
#10990=CARTESIAN_POINT('Ctrl Pts',(372.172146224468,-1.00955400218213,27.5031066042256));
#10991=CARTESIAN_POINT('',(372.172146224468,-0.995411866558402,27.5172487398494));
#10992=CARTESIAN_POINT('Ctrl Pts',(372.172146224468,-0.995411866558401,
27.5172487398494));
#10993=CARTESIAN_POINT('Ctrl Pts',(372.299745903516,-1.00120918914193,27.5230460624329));
#10994=CARTESIAN_POINT('Ctrl Pts',(372.547495244046,-1.0124653526184,27.5343022259093));
#10995=CARTESIAN_POINT('Ctrl Pts',(372.75523375829,-1.10817019392453,27.6300070672155));
#10996=CARTESIAN_POINT('Ctrl Pts',(372.85597958514,-1.15458365464464,27.6764205279356));
#10997=CARTESIAN_POINT('',(372.172146224468,-1.00955400218213,27.5031066042256));
#10998=CARTESIAN_POINT('Ctrl Pts',(371.270031117885,-1.29172167387226,27.7852742759158));
#10999=CARTESIAN_POINT('Ctrl Pts',(371.270031117885,-1.27757953824853,27.7994164115395));
#11000=CARTESIAN_POINT('Ctrl Pts',(371.395486021056,-1.20942779302612,27.7029803950696));
#11001=CARTESIAN_POINT('Ctrl Pts',(371.395486021056,-1.19528565740239,27.7171225306933));
#11002=CARTESIAN_POINT('Ctrl Pts',(371.650125333076,-1.0423936104437,27.5359462124872));
#11003=CARTESIAN_POINT('Ctrl Pts',(371.650125333076,-1.02825147481997,27.5500883481109));
#11004=CARTESIAN_POINT('Ctrl Pts',(371.996448484608,-1.02060690263993,27.5141595046834));
#11005=CARTESIAN_POINT('Ctrl Pts',(371.996448484608,-1.0064647670162,27.5283016403071));
#11006=CARTESIAN_POINT('Ctrl Pts',(372.172146224468,-1.00955400218213,27.5031066042256));
#11007=CARTESIAN_POINT('Ctrl Pts',(372.172146224468,-0.995411866558403,
27.5172487398494));
#11008=CARTESIAN_POINT('',(371.270031117885,-1.29172167387226,27.7852742759158));
#11009=CARTESIAN_POINT('Ctrl Pts',(372.172146224468,-1.00955400218213,27.5031066042256));
#11010=CARTESIAN_POINT('Ctrl Pts',(371.996448484608,-1.02060690263993,27.5141595046834));
#11011=CARTESIAN_POINT('Ctrl Pts',(371.650125333076,-1.0423936104437,27.5359462124872));
#11012=CARTESIAN_POINT('Ctrl Pts',(371.395486021056,-1.20942779302612,27.7029803950696));
#11013=CARTESIAN_POINT('Ctrl Pts',(371.270031117885,-1.29172167387226,27.7852742759158));
#11014=CARTESIAN_POINT('',(371.270031117885,-1.27757953824853,27.7994164115395));
#11015=CARTESIAN_POINT('Ctrl Pts',(371.270031117885,-1.27757953824853,27.7994164115395));
#11016=CARTESIAN_POINT('Ctrl Pts',(371.395486021056,-1.19528565740239,27.7171225306933));
#11017=CARTESIAN_POINT('Ctrl Pts',(371.650125333076,-1.02825147481996,27.5500883481109));
#11018=CARTESIAN_POINT('Ctrl Pts',(371.996448484608,-1.00646476701619,27.5283016403071));
#11019=CARTESIAN_POINT('Ctrl Pts',(372.172146224468,-0.995411866558401,
27.5172487398494));
#11020=CARTESIAN_POINT('',(371.270031117885,-1.29172167387226,27.7852742759158));
#11021=CARTESIAN_POINT('Ctrl Pts',(370.923850917308,-2.20575110522135,28.6993037072648));
#11022=CARTESIAN_POINT('Ctrl Pts',(370.923850917308,-2.19160896959762,28.7134458428886));
#11023=CARTESIAN_POINT('Ctrl Pts',(370.928159467229,-2.01915995559966,28.5127125576431));
#11024=CARTESIAN_POINT('Ctrl Pts',(370.928159467229,-2.00501781997593,28.5268546932669));
#11025=CARTESIAN_POINT('Ctrl Pts',(370.935713409724,-1.69202000356584,28.1855726056093));
#11026=CARTESIAN_POINT('Ctrl Pts',(370.935713409724,-1.67787786794211,28.1997147412331));
#11027=CARTESIAN_POINT('Ctrl Pts',(371.169562690837,-1.41201845311096,27.9055710551544));
#11028=CARTESIAN_POINT('Ctrl Pts',(371.169562690837,-1.39787631748723,27.9197131907782));
#11029=CARTESIAN_POINT('Ctrl Pts',(371.270031117885,-1.29172167387226,27.7852742759158));
#11030=CARTESIAN_POINT('Ctrl Pts',(371.270031117885,-1.27757953824853,27.7994164115395));
#11031=CARTESIAN_POINT('',(370.923850917308,-2.20575110522135,28.6993037072648));
#11032=CARTESIAN_POINT('Ctrl Pts',(371.270031117885,-1.29172167387226,27.7852742759158));
#11033=CARTESIAN_POINT('Ctrl Pts',(371.169562690837,-1.41201845311096,27.9055710551544));
#11034=CARTESIAN_POINT('Ctrl Pts',(370.935713409724,-1.69202000356584,28.1855726056093));
#11035=CARTESIAN_POINT('Ctrl Pts',(370.928159467229,-2.01915995559966,28.5127125576431));
#11036=CARTESIAN_POINT('Ctrl Pts',(370.923850917308,-2.20575110522135,28.6993037072648));
#11037=CARTESIAN_POINT('',(370.923850917308,-2.19160896959762,28.7134458428886));
#11038=CARTESIAN_POINT('Ctrl Pts',(370.923850917308,-2.19160896959762,28.7134458428886));
#11039=CARTESIAN_POINT('Ctrl Pts',(370.928159467229,-2.00501781997592,28.5268546932669));
#11040=CARTESIAN_POINT('Ctrl Pts',(370.935713409724,-1.67787786794211,28.1997147412331));
#11041=CARTESIAN_POINT('Ctrl Pts',(371.169562690837,-1.39787631748723,27.9197131907782));
#11042=CARTESIAN_POINT('Ctrl Pts',(371.270031117885,-1.27757953824853,27.7994164115395));
#11043=CARTESIAN_POINT('',(370.923850917308,-2.20575110522135,28.6993037072648));
#11044=CARTESIAN_POINT('Ctrl Pts',(371.264914655178,-3.1607793049279,29.6543319069714));
#11045=CARTESIAN_POINT('Ctrl Pts',(371.264914655178,-3.14663716930417,29.6684740425951));
#11046=CARTESIAN_POINT('Ctrl Pts',(371.166032414034,-3.03646911231153,29.530021714355));
#11047=CARTESIAN_POINT('Ctrl Pts',(371.166032414034,-3.0223269766878,29.5441638499787));
#11048=CARTESIAN_POINT('Ctrl Pts',(370.931850963253,-2.74206699402231,29.2356195960658));
#11049=CARTESIAN_POINT('Ctrl Pts',(370.931850963253,-2.72792485839858,29.2497617316895));
#11050=CARTESIAN_POINT('Ctrl Pts',(370.926780434356,-2.40214329470344,28.8956958967469));
#11051=CARTESIAN_POINT('Ctrl Pts',(370.926780434356,-2.38800115907971,28.9098380323707));
#11052=CARTESIAN_POINT('Ctrl Pts',(370.923850917308,-2.20575110522135,28.6993037072648));
#11053=CARTESIAN_POINT('Ctrl Pts',(370.923850917308,-2.19160896959762,28.7134458428886));
#11054=CARTESIAN_POINT('',(371.264914655178,-3.1607793049279,29.6543319069714));
#11055=CARTESIAN_POINT('Ctrl Pts',(370.923850917308,-2.20575110522135,28.6993037072648));
#11056=CARTESIAN_POINT('Ctrl Pts',(370.926780434356,-2.40214329470344,28.8956958967469));
#11057=CARTESIAN_POINT('Ctrl Pts',(370.931850963253,-2.74206699402231,29.2356195960658));
#11058=CARTESIAN_POINT('Ctrl Pts',(371.166032414034,-3.03646911231153,29.530021714355));
#11059=CARTESIAN_POINT('Ctrl Pts',(371.264914655178,-3.1607793049279,29.6543319069714));
#11060=CARTESIAN_POINT('',(371.264914655178,-3.14663716930417,29.6684740425951));
#11061=CARTESIAN_POINT('Ctrl Pts',(371.264914655178,-3.14663716930416,29.6684740425951));
#11062=CARTESIAN_POINT('Ctrl Pts',(371.166032414034,-3.0223269766878,29.5441638499787));
#11063=CARTESIAN_POINT('Ctrl Pts',(370.931850963253,-2.72792485839857,29.2497617316895));
#11064=CARTESIAN_POINT('Ctrl Pts',(370.926780434356,-2.38800115907971,28.9098380323707));
#11065=CARTESIAN_POINT('Ctrl Pts',(370.923850917308,-2.19160896959762,28.7134458428886));
#11066=CARTESIAN_POINT('',(371.264914655178,-3.1607793049279,29.6543319069714));
#11067=CARTESIAN_POINT('Ctrl Pts',(372.151681565731,-3.44535861928982,29.9389112213333));
#11068=CARTESIAN_POINT('Ctrl Pts',(372.151681565731,-3.43121648366609,29.953053356957));
#11069=CARTESIAN_POINT('Ctrl Pts',(371.978874768012,-3.43397066701616,29.9275232690596));
#11070=CARTESIAN_POINT('Ctrl Pts',(371.978874768012,-3.41982853139242,29.9416654046834));
#11071=CARTESIAN_POINT('Ctrl Pts',(371.636599720547,-3.41141477247698,29.9049673745205));
#11072=CARTESIAN_POINT('Ctrl Pts',(371.636599720547,-3.39727263685325,29.9191095101442));
#11073=CARTESIAN_POINT('Ctrl Pts',(371.388001401654,-3.24377942284119,29.7373320248847));
#11074=CARTESIAN_POINT('Ctrl Pts',(371.388001401654,-3.22963728721746,29.7514741605084));
#11075=CARTESIAN_POINT('Ctrl Pts',(371.264914655178,-3.1607793049279,29.6543319069714));
#11076=CARTESIAN_POINT('Ctrl Pts',(371.264914655178,-3.14663716930417,29.6684740425951));
#11077=CARTESIAN_POINT('',(372.151681565731,-3.44535861928982,29.9389112213333));
#11078=CARTESIAN_POINT('Ctrl Pts',(371.264914655178,-3.1607793049279,29.6543319069714));
#11079=CARTESIAN_POINT('Ctrl Pts',(371.388001401654,-3.24377942284119,29.7373320248847));
#11080=CARTESIAN_POINT('Ctrl Pts',(371.636599720547,-3.41141477247698,29.9049673745205));
#11081=CARTESIAN_POINT('Ctrl Pts',(371.978874768012,-3.43397066701616,29.9275232690596));
#11082=CARTESIAN_POINT('Ctrl Pts',(372.151681565731,-3.44535861928982,29.9389112213333));
#11083=CARTESIAN_POINT('',(372.151681565731,-3.43121648366609,29.953053356957));
#11084=CARTESIAN_POINT('Ctrl Pts',(372.151681565731,-3.43121648366608,29.953053356957));
#11085=CARTESIAN_POINT('Ctrl Pts',(371.978874768012,-3.41982853139242,29.9416654046834));
#11086=CARTESIAN_POINT('Ctrl Pts',(371.636599720547,-3.39727263685325,29.9191095101442));
#11087=CARTESIAN_POINT('Ctrl Pts',(371.388001401654,-3.22963728721745,29.7514741605084));
#11088=CARTESIAN_POINT('Ctrl Pts',(371.264914655178,-3.14663716930416,29.6684740425951));
#11089=CARTESIAN_POINT('',(372.151681565731,-3.44535861928982,29.9389112213333));
#11090=CARTESIAN_POINT('Ctrl Pts',(372.844041966884,-3.26448204715744,29.7580346492009));
#11091=CARTESIAN_POINT('Ctrl Pts',(372.844041966884,-3.2503399115337,29.7721767848246));
#11092=CARTESIAN_POINT('Ctrl Pts',(372.74199015293,-3.31723599129401,29.8107885933375));
#11093=CARTESIAN_POINT('Ctrl Pts',(372.74199015293,-3.30309385567028,29.8249307289612));
#11094=CARTESIAN_POINT('Ctrl Pts',(372.535601531394,-3.42392506803963,29.9174776700831));
#11095=CARTESIAN_POINT('Ctrl Pts',(372.535601531394,-3.4097829324159,29.9316198057068));
#11096=CARTESIAN_POINT('Ctrl Pts',(372.280595969995,-3.4381615632943,29.9317141653378));
#11097=CARTESIAN_POINT('Ctrl Pts',(372.280595969995,-3.42401942767057,29.9458563009615));
#11098=CARTESIAN_POINT('Ctrl Pts',(372.151681565731,-3.44535861928982,29.9389112213333));
#11099=CARTESIAN_POINT('Ctrl Pts',(372.151681565731,-3.43121648366609,29.953053356957));
#11100=CARTESIAN_POINT('',(372.844041966884,-3.26448204715744,29.7580346492009));
#11101=CARTESIAN_POINT('Ctrl Pts',(372.151681565731,-3.44535861928982,29.9389112213333));
#11102=CARTESIAN_POINT('Ctrl Pts',(372.280595969995,-3.4381615632943,29.9317141653378));
#11103=CARTESIAN_POINT('Ctrl Pts',(372.535601531394,-3.42392506803963,29.9174776700831));
#11104=CARTESIAN_POINT('Ctrl Pts',(372.74199015293,-3.31723599129401,29.8107885933375));
#11105=CARTESIAN_POINT('Ctrl Pts',(372.844041966884,-3.26448204715744,29.7580346492009));
#11106=CARTESIAN_POINT('',(372.844041966884,-3.2503399115337,29.7721767848246));
#11107=CARTESIAN_POINT('Ctrl Pts',(372.844041966884,-3.2503399115337,29.7721767848246));
#11108=CARTESIAN_POINT('Ctrl Pts',(372.74199015293,-3.30309385567028,29.8249307289612));
#11109=CARTESIAN_POINT('Ctrl Pts',(372.535601531394,-3.4097829324159,29.9316198057068));
#11110=CARTESIAN_POINT('Ctrl Pts',(372.280595969995,-3.42401942767057,29.9458563009615));
#11111=CARTESIAN_POINT('Ctrl Pts',(372.151681565731,-3.43121648366608,29.953053356957));
#11112=CARTESIAN_POINT('',(372.844041966884,-3.26448204715744,29.7580346492009));
#11113=CARTESIAN_POINT('Ctrl Pts',(373.260140799968,-2.69532383990208,29.1888764419456));
#11114=CARTESIAN_POINT('Ctrl Pts',(373.260140799968,-2.68118170427834,29.2030185775693));
#11115=CARTESIAN_POINT('Ctrl Pts',(373.217000796571,-2.81223825754931,29.3057908595928));
#11116=CARTESIAN_POINT('Ctrl Pts',(373.217000796571,-2.79809612192558,29.3199329952165));
#11117=CARTESIAN_POINT('Ctrl Pts',(373.138556176367,-3.02483228551345,29.5183848875569));
#11118=CARTESIAN_POINT('Ctrl Pts',(373.138556176367,-3.01069014988972,29.5325270231807));
#11119=CARTESIAN_POINT('Ctrl Pts',(372.935451031095,-3.19010138997737,29.6836539920208));
#11120=CARTESIAN_POINT('Ctrl Pts',(372.935451031095,-3.17595925435364,29.6977961276446));
#11121=CARTESIAN_POINT('Ctrl Pts',(372.844041966884,-3.26448204715744,29.7580346492009));
#11122=CARTESIAN_POINT('Ctrl Pts',(372.844041966884,-3.2503399115337,29.7721767848246));
#11123=CARTESIAN_POINT('Ctrl Pts',(372.844041966884,-3.26448204715744,29.7580346492009));
#11124=CARTESIAN_POINT('Ctrl Pts',(372.935451031095,-3.19010138997737,29.6836539920208));
#11125=CARTESIAN_POINT('Ctrl Pts',(373.138556176367,-3.02483228551345,29.5183848875569));
#11126=CARTESIAN_POINT('Ctrl Pts',(373.217000796571,-2.81223825754931,29.3057908595928));
#11127=CARTESIAN_POINT('Ctrl Pts',(373.260140799968,-2.69532383990208,29.1888764419456));
#11128=CARTESIAN_POINT('Ctrl Pts',(373.260140799968,-2.68118170427834,29.2030185775693));
#11129=CARTESIAN_POINT('Ctrl Pts',(373.217000796571,-2.79809612192558,29.3199329952165));
#11130=CARTESIAN_POINT('Ctrl Pts',(373.138556176367,-3.01069014988972,29.5325270231807));
#11131=CARTESIAN_POINT('Ctrl Pts',(372.935451031095,-3.17595925435363,29.6977961276446));
#11132=CARTESIAN_POINT('Ctrl Pts',(372.844041966884,-3.2503399115337,29.7721767848246));
#11133=CARTESIAN_POINT('Origin',(369.150317654996,-2.21331417511224,28.7351510484032));
#11134=CARTESIAN_POINT('Origin',(369.150317654996,-2.22745631073598,28.7210089127795));
#11135=CARTESIAN_POINT('Origin',(366.91975810477,-1.05778769855497,27.5513403005985));
#11136=CARTESIAN_POINT('',(366.91975810477,-3.99522326370235,30.4887758657458));
#11137=CARTESIAN_POINT('',(366.91975810477,-1.05778769855497,27.5513403005985));
#11138=CARTESIAN_POINT('',(366.91975810477,-3.99522326370235,30.4887758657458));
#11139=CARTESIAN_POINT('',(366.91975810477,-3.98108112807862,30.5029180013696));
#11140=CARTESIAN_POINT('',(366.91975810477,-3.99522326370235,30.4887758657458));
#11141=CARTESIAN_POINT('',(366.91975810477,-1.04364556293124,27.5654824362222));
#11142=CARTESIAN_POINT('',(366.91975810477,-3.98108112807861,30.5029180013696));
#11143=CARTESIAN_POINT('',(366.91975810477,-1.05778769855497,27.5513403005985));
#11144=CARTESIAN_POINT('Origin',(365.436129354923,-1.05778769855497,27.5513403005985));
#11145=CARTESIAN_POINT('',(365.436129354923,-1.05778769855497,27.5513403005985));
#11146=CARTESIAN_POINT('',(366.91975810477,-1.05778769855497,27.5513403005985));
#11147=CARTESIAN_POINT('',(365.436129354923,-1.04364556293124,27.5654824362222));
#11148=CARTESIAN_POINT('',(366.91975810477,-1.04364556293124,27.5654824362222));
#11149=CARTESIAN_POINT('',(365.436129354923,-1.05778769855497,27.5513403005985));
#11150=CARTESIAN_POINT('Origin',(365.436129354923,-0.459689357769607,26.9532419598131));
#11151=CARTESIAN_POINT('',(365.436129354923,-0.459689357769606,26.9532419598131));
#11152=CARTESIAN_POINT('',(365.436129354923,-1.05778769855497,27.5513403005985));
#11153=CARTESIAN_POINT('',(365.436129354923,-0.445547222145874,26.9673840954368));
#11154=CARTESIAN_POINT('',(365.436129354923,-1.04364556293124,27.5654824362222));
#11155=CARTESIAN_POINT('',(365.436129354923,-0.459689357769606,26.9532419598131));
#11156=CARTESIAN_POINT('Origin',(369.409526967495,-0.459689357769604,26.9532419598131));
#11157=CARTESIAN_POINT('',(369.409526967495,-0.459689357769604,26.9532419598131));
#11158=CARTESIAN_POINT('',(365.436129354923,-0.459689357769604,26.9532419598131));
#11159=CARTESIAN_POINT('',(369.409526967495,-0.445547222145872,26.9673840954368));
#11160=CARTESIAN_POINT('',(365.436129354923,-0.445547222145871,26.9673840954368));
#11161=CARTESIAN_POINT('',(369.409526967495,-0.459689357769604,26.9532419598131));
#11162=CARTESIAN_POINT('Origin',(369.409526967495,-1.05778769855497,27.5513403005985));
#11163=CARTESIAN_POINT('',(369.409526967495,-1.05778769855497,27.5513403005985));
#11164=CARTESIAN_POINT('',(369.409526967495,-0.459689357769604,26.9532419598131));
#11165=CARTESIAN_POINT('',(369.409526967495,-1.04364556293124,27.5654824362222));
#11166=CARTESIAN_POINT('',(369.409526967495,-0.445547222145871,26.9673840954368));
#11167=CARTESIAN_POINT('',(369.409526967495,-1.05778769855497,27.5513403005985));
#11168=CARTESIAN_POINT('Origin',(367.929308199375,-1.05778769855497,27.5513403005985));
#11169=CARTESIAN_POINT('',(367.929308199375,-1.05778769855497,27.5513403005985));
#11170=CARTESIAN_POINT('',(369.409526967495,-1.05778769855497,27.5513403005985));
#11171=CARTESIAN_POINT('',(367.929308199375,-1.04364556293124,27.5654824362222));
#11172=CARTESIAN_POINT('',(369.409526967495,-1.04364556293124,27.5654824362222));
#11173=CARTESIAN_POINT('',(367.929308199375,-1.05778769855497,27.5513403005985));
#11174=CARTESIAN_POINT('Origin',(367.929308199375,-3.99522326370235,30.4887758657458));
#11175=CARTESIAN_POINT('',(367.929308199375,-3.99522326370235,30.4887758657458));
#11176=CARTESIAN_POINT('',(367.929308199375,-1.05778769855497,27.5513403005985));
#11177=CARTESIAN_POINT('',(367.929308199375,-3.98108112807862,30.5029180013696));
#11178=CARTESIAN_POINT('',(367.929308199375,-1.04364556293124,27.5654824362222));
#11179=CARTESIAN_POINT('',(367.929308199375,-3.99522326370235,30.4887758657458));
#11180=CARTESIAN_POINT('Origin',(366.91975810477,-3.99522326370235,30.4887758657458));
#11181=CARTESIAN_POINT('',(367.929308199375,-3.99522326370235,30.4887758657458));
#11182=CARTESIAN_POINT('',(367.929308199375,-3.98108112807861,30.5029180013696));
#11183=CARTESIAN_POINT('Origin',(369.150317654996,-2.21331417511221,28.7351510484032));
#11184=CARTESIAN_POINT('Origin',(369.150317654996,-2.22745631073598,28.7210089127795));
#11185=CARTESIAN_POINT('Origin',(363.822895669429,-0.459689357769607,26.9532419598131));
#11186=CARTESIAN_POINT('',(363.822895669429,-3.99522326370235,30.4887758657458));
#11187=CARTESIAN_POINT('',(363.822895669429,-0.459689357769606,26.9532419598131));
#11188=CARTESIAN_POINT('',(363.822895669429,-3.99522326370235,30.4887758657458));
#11189=CARTESIAN_POINT('',(363.822895669429,-3.98108112807862,30.5029180013696));
#11190=CARTESIAN_POINT('',(363.822895669429,-3.99522326370235,30.4887758657458));
#11191=CARTESIAN_POINT('',(363.822895669429,-0.445547222145874,26.9673840954368));
#11192=CARTESIAN_POINT('',(363.822895669429,-3.98108112807861,30.5029180013696));
#11193=CARTESIAN_POINT('',(363.822895669429,-0.459689357769606,26.9532419598131));
#11194=CARTESIAN_POINT('Origin',(364.832445764034,-0.459689357769604,26.9532419598131));
#11195=CARTESIAN_POINT('',(364.832445764034,-0.459689357769604,26.9532419598131));
#11196=CARTESIAN_POINT('',(363.822895669429,-0.459689357769604,26.9532419598131));
#11197=CARTESIAN_POINT('',(364.832445764034,-0.445547222145872,26.9673840954368));
#11198=CARTESIAN_POINT('',(363.822895669429,-0.445547222145871,26.9673840954368));
#11199=CARTESIAN_POINT('',(364.832445764034,-0.459689357769604,26.9532419598131));
#11200=CARTESIAN_POINT('Origin',(364.832445764034,-3.99522326370235,30.4887758657458));
#11201=CARTESIAN_POINT('',(364.832445764034,-3.99522326370235,30.4887758657458));
#11202=CARTESIAN_POINT('',(364.832445764034,-0.459689357769604,26.9532419598131));
#11203=CARTESIAN_POINT('',(364.832445764034,-3.98108112807862,30.5029180013696));
#11204=CARTESIAN_POINT('',(364.832445764034,-0.445547222145871,26.9673840954368));
#11205=CARTESIAN_POINT('',(364.832445764034,-3.99522326370235,30.4887758657458));
#11206=CARTESIAN_POINT('Origin',(363.822895669429,-3.99522326370235,30.4887758657458));
#11207=CARTESIAN_POINT('',(364.832445764034,-3.99522326370235,30.4887758657458));
#11208=CARTESIAN_POINT('',(364.832445764034,-3.98108112807861,30.5029180013696));
#11209=CARTESIAN_POINT('Origin',(369.150317654996,-2.21331417511221,28.7351510484032));
#11210=CARTESIAN_POINT('Origin',(369.150317654996,-2.22745631073598,28.7210089127795));
#11211=CARTESIAN_POINT('Origin',(396.224670669115,-0.459689357769609,26.9532419598131));
#11212=CARTESIAN_POINT('',(397.418395539797,-3.99522326370235,30.4887758657458));
#11213=CARTESIAN_POINT('',(396.224670669115,-0.459689357769608,26.9532419598131));
#11214=CARTESIAN_POINT('',(397.418395539797,-3.99522326370235,30.4887758657458));
#11215=CARTESIAN_POINT('',(397.418395539797,-3.98108112807862,30.5029180013696));
#11216=CARTESIAN_POINT('',(397.418395539797,-3.99522326370235,30.4887758657458));
#11217=CARTESIAN_POINT('',(396.224670669115,-0.445547222145877,26.9673840954368));
#11218=CARTESIAN_POINT('',(397.418395539797,-3.98108112807861,30.5029180013696));
#11219=CARTESIAN_POINT('',(396.224670669115,-0.459689357769608,26.9532419598131));
#11220=CARTESIAN_POINT('Origin',(397.258094808138,-0.459689357769606,26.9532419598131));
#11221=CARTESIAN_POINT('',(397.258094808138,-0.459689357769606,26.9532419598131));
#11222=CARTESIAN_POINT('',(396.224670669115,-0.459689357769606,26.9532419598131));
#11223=CARTESIAN_POINT('',(397.258094808138,-0.445547222145874,26.9673840954368));
#11224=CARTESIAN_POINT('',(396.224670669115,-0.445547222145871,26.9673840954368));
#11225=CARTESIAN_POINT('',(397.258094808138,-0.459689357769606,26.9532419598131));
#11226=CARTESIAN_POINT('Origin',(398.011846801317,-2.88825862539343,29.3818112274369));
#11227=CARTESIAN_POINT('',(398.011846801317,-2.88825862539343,29.3818112274369));
#11228=CARTESIAN_POINT('',(397.258094808138,-0.459689357769606,26.9532419598131));
#11229=CARTESIAN_POINT('',(398.011846801317,-2.8741164897697,29.3959533630606));
#11230=CARTESIAN_POINT('',(397.258094808138,-0.445547222145871,26.9673840954368));
#11231=CARTESIAN_POINT('',(398.011846801317,-2.88825862539343,29.3818112274369));
#11232=CARTESIAN_POINT('Origin',(398.925898334063,-0.459689357769608,26.9532419598131));
#11233=CARTESIAN_POINT('',(398.925898334063,-0.459689357769608,26.9532419598131));
#11234=CARTESIAN_POINT('',(398.011846801317,-2.88825862539343,29.3818112274369));
#11235=CARTESIAN_POINT('',(398.925898334063,-0.445547222145877,26.9673840954368));
#11236=CARTESIAN_POINT('',(398.011846801317,-2.87411648976969,29.3959533630606));
#11237=CARTESIAN_POINT('',(398.925898334063,-0.459689357769608,26.9532419598131));
#11238=CARTESIAN_POINT('Origin',(400.126444360292,-0.459689357769606,26.9532419598131));
#11239=CARTESIAN_POINT('',(400.126444360292,-0.459689357769606,26.9532419598131));
#11240=CARTESIAN_POINT('',(398.925898334063,-0.459689357769606,26.9532419598131));
#11241=CARTESIAN_POINT('',(400.126444360292,-0.445547222145874,26.9673840954368));
#11242=CARTESIAN_POINT('',(398.925898334063,-0.445547222145871,26.9673840954368));
#11243=CARTESIAN_POINT('',(400.126444360292,-0.459689357769606,26.9532419598131));
#11244=CARTESIAN_POINT('Origin',(401.00297834543,-2.92925739375088,29.4228099957944));
#11245=CARTESIAN_POINT('',(401.00297834543,-2.92925739375088,29.4228099957944));
#11246=CARTESIAN_POINT('',(400.126444360292,-0.459689357769606,26.9532419598131));
#11247=CARTESIAN_POINT('',(401.00297834543,-2.91511525812715,29.4369521314181));
#11248=CARTESIAN_POINT('',(400.126444360292,-0.445547222145871,26.9673840954368));
#11249=CARTESIAN_POINT('',(401.00297834543,-2.92925739375088,29.4228099957944));
#11250=CARTESIAN_POINT('Origin',(401.770373841799,-0.459689357769607,26.9532419598131));
#11251=CARTESIAN_POINT('',(401.770373841799,-0.459689357769608,26.9532419598131));
#11252=CARTESIAN_POINT('',(401.00297834543,-2.92925739375088,29.4228099957944));
#11253=CARTESIAN_POINT('',(401.770373841799,-0.445547222145877,26.9673840954368));
#11254=CARTESIAN_POINT('',(401.00297834543,-2.91511525812715,29.4369521314181));
#11255=CARTESIAN_POINT('',(401.770373841799,-0.459689357769608,26.9532419598131));
#11256=CARTESIAN_POINT('Origin',(402.786745091951,-0.459689357769606,26.9532419598131));
#11257=CARTESIAN_POINT('',(402.786745091951,-0.459689357769606,26.9532419598131));
#11258=CARTESIAN_POINT('',(401.770373841799,-0.459689357769606,26.9532419598131));
#11259=CARTESIAN_POINT('',(402.786745091951,-0.445547222145874,26.9673840954368));
#11260=CARTESIAN_POINT('',(401.770373841799,-0.445547222145871,26.9673840954368));
#11261=CARTESIAN_POINT('',(402.786745091951,-0.459689357769606,26.9532419598131));
#11262=CARTESIAN_POINT('Origin',(401.572555562532,-3.99522326370235,30.4887758657458));
#11263=CARTESIAN_POINT('',(401.572555562532,-3.99522326370235,30.4887758657458));
#11264=CARTESIAN_POINT('',(402.786745091951,-0.459689357769606,26.9532419598131));
#11265=CARTESIAN_POINT('',(401.572555562532,-3.98108112807862,30.5029180013696));
#11266=CARTESIAN_POINT('',(402.786745091951,-0.445547222145871,26.9673840954368));
#11267=CARTESIAN_POINT('',(401.572555562532,-3.99522326370235,30.4887758657458));
#11268=CARTESIAN_POINT('Origin',(400.501615067995,-3.99522326370235,30.4887758657458));
#11269=CARTESIAN_POINT('',(400.501615067995,-3.99522326370235,30.4887758657458));
#11270=CARTESIAN_POINT('',(401.572555562532,-3.99522326370235,30.4887758657458));
#11271=CARTESIAN_POINT('',(400.501615067995,-3.98108112807862,30.5029180013696));
#11272=CARTESIAN_POINT('',(401.572555562532,-3.98108112807861,30.5029180013696));
#11273=CARTESIAN_POINT('',(400.501615067995,-3.99522326370235,30.4887758657458));
#11274=CARTESIAN_POINT('Origin',(399.505707284487,-1.35201400507256,27.845566607116));
#11275=CARTESIAN_POINT('',(399.505707284487,-1.35201400507255,27.845566607116));
#11276=CARTESIAN_POINT('',(400.501615067995,-3.99522326370235,30.4887758657458));
#11277=CARTESIAN_POINT('',(399.505707284487,-1.33787186944882,27.8597087427398));
#11278=CARTESIAN_POINT('',(400.501615067995,-3.98108112807861,30.5029180013696));
#11279=CARTESIAN_POINT('',(399.505707284487,-1.35201400507255,27.845566607116));
#11280=CARTESIAN_POINT('Origin',(398.513211270845,-3.99522326370235,30.4887758657458));
#11281=CARTESIAN_POINT('',(398.513211270845,-3.99522326370235,30.4887758657458));
#11282=CARTESIAN_POINT('',(399.505707284487,-1.35201400507255,27.845566607116));
#11283=CARTESIAN_POINT('',(398.513211270845,-3.98108112807862,30.5029180013696));
#11284=CARTESIAN_POINT('',(399.505707284487,-1.33787186944882,27.8597087427398));
#11285=CARTESIAN_POINT('',(398.513211270845,-3.99522326370235,30.4887758657458));
#11286=CARTESIAN_POINT('Origin',(397.418395539797,-3.99522326370235,30.4887758657458));
#11287=CARTESIAN_POINT('',(398.513211270845,-3.99522326370235,30.4887758657458));
#11288=CARTESIAN_POINT('',(398.513211270845,-3.98108112807861,30.5029180013696));
#11289=CARTESIAN_POINT('Origin',(395.150318926251,-2.21331417511221,28.7351510484032));
#11290=CARTESIAN_POINT('Origin',(395.150318926251,-2.22745631073598,28.7210089127795));
#11291=CARTESIAN_POINT('Origin',(389.345407148874,-2.50721191828583,29.0007645203293));
#11292=CARTESIAN_POINT('',(389.345407148874,-3.99522326370235,30.4887758657458));
#11293=CARTESIAN_POINT('',(389.345407148874,-2.50721191828583,29.0007645203293));
#11294=CARTESIAN_POINT('',(389.345407148874,-3.99522326370235,30.4887758657458));
#11295=CARTESIAN_POINT('',(389.345407148874,-3.98108112807862,30.5029180013696));
#11296=CARTESIAN_POINT('',(389.345407148874,-3.99522326370235,30.4887758657458));
#11297=CARTESIAN_POINT('',(389.345407148874,-2.4930697826621,29.014906655953));
#11298=CARTESIAN_POINT('',(389.345407148874,-3.98108112807861,30.5029180013696));
#11299=CARTESIAN_POINT('',(389.345407148874,-2.50721191828583,29.0007645203293));
#11300=CARTESIAN_POINT('Origin',(387.513892760551,-0.459689357769608,26.9532419598131));
#11301=CARTESIAN_POINT('',(387.513892760551,-0.459689357769608,26.9532419598131));
#11302=CARTESIAN_POINT('',(389.345407148874,-2.50721191828583,29.0007645203293));
#11303=CARTESIAN_POINT('',(387.513892760551,-0.445547222145877,26.9673840954368));
#11304=CARTESIAN_POINT('',(389.345407148874,-2.49306978266209,29.014906655953));
#11305=CARTESIAN_POINT('',(387.513892760551,-0.459689357769608,26.9532419598131));
#11306=CARTESIAN_POINT('Origin',(388.697385152853,-0.459689357769606,26.9532419598131));
#11307=CARTESIAN_POINT('',(388.697385152853,-0.459689357769606,26.9532419598131));
#11308=CARTESIAN_POINT('',(387.513892760551,-0.459689357769606,26.9532419598131));
#11309=CARTESIAN_POINT('',(388.697385152853,-0.445547222145874,26.9673840954368));
#11310=CARTESIAN_POINT('',(387.513892760551,-0.445547222145871,26.9673840954368));
#11311=CARTESIAN_POINT('',(388.697385152853,-0.459689357769606,26.9532419598131));
#11312=CARTESIAN_POINT('Origin',(389.874056538618,-1.85846823845583,28.3520208404993));
#11313=CARTESIAN_POINT('',(389.874056538618,-1.85846823845583,28.3520208404993));
#11314=CARTESIAN_POINT('',(388.697385152853,-0.459689357769606,26.9532419598131));
#11315=CARTESIAN_POINT('',(389.874056538618,-1.8443261028321,28.366162976123));
#11316=CARTESIAN_POINT('',(388.697385152853,-0.445547222145871,26.9673840954368));
#11317=CARTESIAN_POINT('',(389.874056538618,-1.85846823845583,28.3520208404993));
#11318=CARTESIAN_POINT('Origin',(391.026852985895,-0.459689357769608,26.9532419598131));
#11319=CARTESIAN_POINT('',(391.026852985895,-0.459689357769608,26.9532419598131));
#11320=CARTESIAN_POINT('',(389.874056538618,-1.85846823845583,28.3520208404993));
#11321=CARTESIAN_POINT('',(391.026852985895,-0.445547222145877,26.9673840954368));
#11322=CARTESIAN_POINT('',(389.874056538618,-1.8443261028321,28.366162976123));
#11323=CARTESIAN_POINT('',(391.026852985895,-0.459689357769608,26.9532419598131));
#11324=CARTESIAN_POINT('Origin',(392.189882060564,-0.459689357769606,26.9532419598131));
#11325=CARTESIAN_POINT('',(392.189882060564,-0.459689357769606,26.9532419598131));
#11326=CARTESIAN_POINT('',(391.026852985895,-0.459689357769606,26.9532419598131));
#11327=CARTESIAN_POINT('',(392.189882060564,-0.445547222145874,26.9673840954368));
#11328=CARTESIAN_POINT('',(391.026852985895,-0.445547222145871,26.9673840954368));
#11329=CARTESIAN_POINT('',(392.189882060564,-0.459689357769606,26.9532419598131));
#11330=CARTESIAN_POINT('Origin',(390.351546069658,-2.51203520362942,29.0055878056729));
#11331=CARTESIAN_POINT('',(390.351546069658,-2.51203520362942,29.0055878056729));
#11332=CARTESIAN_POINT('',(392.189882060564,-0.459689357769606,26.9532419598131));
#11333=CARTESIAN_POINT('',(390.351546069658,-2.49789306800569,29.0197299412966));
#11334=CARTESIAN_POINT('',(392.189882060564,-0.445547222145871,26.9673840954368));
#11335=CARTESIAN_POINT('',(390.351546069658,-2.51203520362942,29.0055878056729));
#11336=CARTESIAN_POINT('Origin',(390.351546069658,-3.99522326370235,30.4887758657458));
#11337=CARTESIAN_POINT('',(390.351546069658,-3.99522326370235,30.4887758657458));
#11338=CARTESIAN_POINT('',(390.351546069658,-2.51203520362942,29.0055878056729));
#11339=CARTESIAN_POINT('',(390.351546069658,-3.98108112807862,30.5029180013696));
#11340=CARTESIAN_POINT('',(390.351546069658,-2.49789306800568,29.0197299412966));
#11341=CARTESIAN_POINT('',(390.351546069658,-3.99522326370235,30.4887758657458));
#11342=CARTESIAN_POINT('Origin',(389.345407148874,-3.99522326370235,30.4887758657458));
#11343=CARTESIAN_POINT('',(390.351546069658,-3.99522326370235,30.4887758657458));
#11344=CARTESIAN_POINT('',(390.351546069658,-3.98108112807861,30.5029180013696));
#11345=CARTESIAN_POINT('Origin',(395.150318926251,-2.21331417511221,28.7351510484032));
#11346=CARTESIAN_POINT('Origin',(395.150318926251,-2.22745631073598,28.7210089127795));
#11347=CARTESIAN_POINT('Origin',(426.774464712529,-0.488629491299616,26.9821820933431));
#11348=CARTESIAN_POINT('',(426.774464712529,-3.99522326370235,30.4887758657458));
#11349=CARTESIAN_POINT('',(426.774464712529,-0.488629491299615,26.9821820933431));
#11350=CARTESIAN_POINT('',(426.774464712529,-3.99522326370235,30.4887758657458));
#11351=CARTESIAN_POINT('',(426.774464712529,-3.98108112807862,30.5029180013696));
#11352=CARTESIAN_POINT('',(426.774464712529,-3.99522326370235,30.4887758657458));
#11353=CARTESIAN_POINT('',(426.774464712529,-0.474487355675883,26.9963242289668));
#11354=CARTESIAN_POINT('',(426.774464712529,-3.98108112807862,30.5029180013696));
#11355=CARTESIAN_POINT('',(426.774464712529,-0.488629491299615,26.9821820933431));
#11356=CARTESIAN_POINT('Origin',(427.784014807134,-0.488629491299615,26.9821820933431));
#11357=CARTESIAN_POINT('',(427.784014807134,-0.488629491299615,26.9821820933431));
#11358=CARTESIAN_POINT('',(426.774464712529,-0.488629491299615,26.9821820933431));
#11359=CARTESIAN_POINT('',(427.784014807134,-0.474487355675883,26.9963242289668));
#11360=CARTESIAN_POINT('',(426.774464712529,-0.474487355675882,26.9963242289668));
#11361=CARTESIAN_POINT('',(427.784014807134,-0.488629491299615,26.9821820933431));
#11362=CARTESIAN_POINT('Origin',(427.784014807134,-3.39953656558878,29.8930891676323));
#11363=CARTESIAN_POINT('',(427.784014807134,-3.39953656558878,29.8930891676323));
#11364=CARTESIAN_POINT('',(427.784014807134,-0.488629491299615,26.9821820933431));
#11365=CARTESIAN_POINT('',(427.784014807134,-3.38539442996505,29.907231303256));
#11366=CARTESIAN_POINT('',(427.784014807134,-0.474487355675882,26.9963242289668));
#11367=CARTESIAN_POINT('',(427.784014807134,-3.39953656558878,29.8930891676323));
#11368=CARTESIAN_POINT('Origin',(430.294246540456,-3.39953656558878,29.8930891676323));
#11369=CARTESIAN_POINT('',(430.294246540456,-3.39953656558878,29.8930891676323));
#11370=CARTESIAN_POINT('',(427.784014807134,-3.39953656558878,29.8930891676323));
#11371=CARTESIAN_POINT('',(430.294246540456,-3.38539442996505,29.907231303256));
#11372=CARTESIAN_POINT('',(427.784014807134,-3.38539442996505,29.907231303256));
#11373=CARTESIAN_POINT('',(430.294246540456,-3.39953656558878,29.8930891676323));
#11374=CARTESIAN_POINT('Origin',(430.294246540456,-3.99522326370235,30.4887758657458));
#11375=CARTESIAN_POINT('',(430.294246540456,-3.99522326370235,30.4887758657458));
#11376=CARTESIAN_POINT('',(430.294246540456,-3.39953656558878,29.8930891676323));
#11377=CARTESIAN_POINT('',(430.294246540456,-3.98108112807862,30.5029180013696));
#11378=CARTESIAN_POINT('',(430.294246540456,-3.38539442996505,29.907231303256));
#11379=CARTESIAN_POINT('',(430.294246540456,-3.99522326370235,30.4887758657458));
#11380=CARTESIAN_POINT('Origin',(426.774464712529,-3.99522326370235,30.4887758657458));
#11381=CARTESIAN_POINT('',(430.294246540456,-3.99522326370235,30.4887758657458));
#11382=CARTESIAN_POINT('',(430.294246540456,-3.98108112807862,30.5029180013696));
#11383=CARTESIAN_POINT('Origin',(421.15031763637,-2.21331417511221,28.7351510484032));
#11384=CARTESIAN_POINT('Origin',(421.15031763637,-2.22745631073598,28.7210089127795));
#11385=CARTESIAN_POINT('Origin',(413.762868956714,-1.95493563120151,28.448488233245));
#11386=CARTESIAN_POINT('',(413.015938566118,-1.95493563120151,28.448488233245));
#11387=CARTESIAN_POINT('',(413.762868956714,-1.95493563120151,28.448488233245));
#11388=CARTESIAN_POINT('',(413.015938566118,-1.95493563120151,28.448488233245));
#11389=CARTESIAN_POINT('',(413.015938566118,-1.94079349557778,28.4626303688687));
#11390=CARTESIAN_POINT('',(413.015938566118,-1.95493563120151,28.448488233245));
#11391=CARTESIAN_POINT('',(413.762868956714,-1.94079349557778,28.4626303688687));
#11392=CARTESIAN_POINT('',(413.015938566118,-1.94079349557778,28.4626303688687));
#11393=CARTESIAN_POINT('',(413.762868956714,-1.95493563120151,28.448488233245));
#11394=CARTESIAN_POINT('Ctrl Pts',(414.670099482923,-1.91152522017226,28.4050778222157));
#11395=CARTESIAN_POINT('Ctrl Pts',(414.670099482923,-1.89738308454853,28.4192199578395));
#11396=CARTESIAN_POINT('Ctrl Pts',(414.564558217319,-1.92394170774659,28.4174943097901));
#11397=CARTESIAN_POINT('Ctrl Pts',(414.564558217319,-1.90979957212286,28.4316364454138));
#11398=CARTESIAN_POINT('Ctrl Pts',(414.264658206053,-1.9592236871898,28.4527762892333));
#11399=CARTESIAN_POINT('Ctrl Pts',(414.264658206053,-1.94508155156607,28.466918424857));
#11400=CARTESIAN_POINT('Ctrl Pts',(413.960188938852,-1.9566218353841,28.4501744374276));
#11401=CARTESIAN_POINT('Ctrl Pts',(413.960188938852,-1.94247969976037,28.4643165730513));
#11402=CARTESIAN_POINT('Ctrl Pts',(413.762868956714,-1.95493563120151,28.448488233245));
#11403=CARTESIAN_POINT('Ctrl Pts',(413.762868956714,-1.94079349557778,28.4626303688687));
#11404=CARTESIAN_POINT('',(414.670099482923,-1.91152522017226,28.4050778222157));
#11405=CARTESIAN_POINT('Ctrl Pts',(413.762868956714,-1.95493563120151,28.448488233245));
#11406=CARTESIAN_POINT('Ctrl Pts',(413.960188938852,-1.9566218353841,28.4501744374276));
#11407=CARTESIAN_POINT('Ctrl Pts',(414.264658206053,-1.9592236871898,28.4527762892333));
#11408=CARTESIAN_POINT('Ctrl Pts',(414.564558217319,-1.92394170774659,28.4174943097901));
#11409=CARTESIAN_POINT('Ctrl Pts',(414.670099482923,-1.91152522017226,28.4050778222157));
#11410=CARTESIAN_POINT('',(414.670099482923,-1.89738308454853,28.4192199578395));
#11411=CARTESIAN_POINT('Ctrl Pts',(414.670099482923,-1.89738308454853,28.4192199578395));
#11412=CARTESIAN_POINT('Ctrl Pts',(414.564558217319,-1.90979957212286,28.4316364454138));
#11413=CARTESIAN_POINT('Ctrl Pts',(414.264658206053,-1.94508155156607,28.466918424857));
#11414=CARTESIAN_POINT('Ctrl Pts',(413.960188938852,-1.94247969976037,28.4643165730513));
#11415=CARTESIAN_POINT('Ctrl Pts',(413.762868956714,-1.94079349557778,28.4626303688687));
#11416=CARTESIAN_POINT('',(414.670099482923,-1.91152522017226,28.4050778222157));
#11417=CARTESIAN_POINT('Ctrl Pts',(414.953182802587,-1.76200084571016,28.2555534477536));
#11418=CARTESIAN_POINT('Ctrl Pts',(414.953182802587,-1.74785871008643,28.2696955833774));
#11419=CARTESIAN_POINT('Ctrl Pts',(414.915412014518,-1.79485349386045,28.2884060959039));
#11420=CARTESIAN_POINT('Ctrl Pts',(414.915412014518,-1.78071135823672,28.3025482315277));
#11421=CARTESIAN_POINT('Ctrl Pts',(414.838839690186,-1.86145532448022,28.3550079265237));
#11422=CARTESIAN_POINT('Ctrl Pts',(414.838839690186,-1.84731318885649,28.3691500621474));
#11423=CARTESIAN_POINT('Ctrl Pts',(414.7268487261,-1.89468614706359,28.3882387491071));
#11424=CARTESIAN_POINT('Ctrl Pts',(414.7268487261,-1.88054401143986,28.4023808847308));
#11425=CARTESIAN_POINT('Ctrl Pts',(414.670099482923,-1.91152522017226,28.4050778222157));
#11426=CARTESIAN_POINT('Ctrl Pts',(414.670099482923,-1.89738308454853,28.4192199578395));
#11427=CARTESIAN_POINT('',(414.953182802587,-1.76200084571016,28.2555534477536));
#11428=CARTESIAN_POINT('Ctrl Pts',(414.670099482923,-1.91152522017226,28.4050778222157));
#11429=CARTESIAN_POINT('Ctrl Pts',(414.7268487261,-1.89468614706359,28.3882387491071));
#11430=CARTESIAN_POINT('Ctrl Pts',(414.838839690186,-1.86145532448022,28.3550079265237));
#11431=CARTESIAN_POINT('Ctrl Pts',(414.915412014518,-1.79485349386045,28.2884060959039));
#11432=CARTESIAN_POINT('Ctrl Pts',(414.953182802587,-1.76200084571016,28.2555534477536));
#11433=CARTESIAN_POINT('',(414.953182802587,-1.74785871008643,28.2696955833774));
#11434=CARTESIAN_POINT('Ctrl Pts',(414.953182802587,-1.74785871008643,28.2696955833774));
#11435=CARTESIAN_POINT('Ctrl Pts',(414.915412014518,-1.78071135823671,28.3025482315277));
#11436=CARTESIAN_POINT('Ctrl Pts',(414.838839690186,-1.84731318885649,28.3691500621474));
#11437=CARTESIAN_POINT('Ctrl Pts',(414.7268487261,-1.88054401143986,28.4023808847308));
#11438=CARTESIAN_POINT('Ctrl Pts',(414.670099482923,-1.89738308454853,28.4192199578395));
#11439=CARTESIAN_POINT('',(414.953182802587,-1.76200084571016,28.2555534477536));
#11440=CARTESIAN_POINT('Ctrl Pts',(415.055501923948,-1.49671509419107,27.9902676962345));
#11441=CARTESIAN_POINT('Ctrl Pts',(415.055501923948,-1.48257295856734,28.0044098318583));
#11442=CARTESIAN_POINT('Ctrl Pts',(415.052301352941,-1.54641325778822,28.0399658598317));
#11443=CARTESIAN_POINT('Ctrl Pts',(415.052301352941,-1.53227112216449,28.0541079954554));
#11444=CARTESIAN_POINT('Ctrl Pts',(415.046246147152,-1.64043792004388,28.1339905220874));
#11445=CARTESIAN_POINT('Ctrl Pts',(415.046246147152,-1.62629578442015,28.1481326577111));
#11446=CARTESIAN_POINT('Ctrl Pts',(414.982999482048,-1.72305315039726,28.2166057524407));
#11447=CARTESIAN_POINT('Ctrl Pts',(414.982999482048,-1.70891101477353,28.2307478880645));
#11448=CARTESIAN_POINT('Ctrl Pts',(414.953182802587,-1.76200084571016,28.2555534477536));
#11449=CARTESIAN_POINT('Ctrl Pts',(414.953182802587,-1.74785871008643,28.2696955833774));
#11450=CARTESIAN_POINT('',(415.055501923948,-1.49671509419107,27.9902676962345));
#11451=CARTESIAN_POINT('Ctrl Pts',(414.953182802587,-1.76200084571016,28.2555534477536));
#11452=CARTESIAN_POINT('Ctrl Pts',(414.982999482048,-1.72305315039726,28.2166057524407));
#11453=CARTESIAN_POINT('Ctrl Pts',(415.046246147152,-1.64043792004388,28.1339905220874));
#11454=CARTESIAN_POINT('Ctrl Pts',(415.052301352941,-1.54641325778822,28.0399658598317));
#11455=CARTESIAN_POINT('Ctrl Pts',(415.055501923948,-1.49671509419107,27.9902676962345));
#11456=CARTESIAN_POINT('',(415.055501923948,-1.48257295856734,28.0044098318583));
#11457=CARTESIAN_POINT('Ctrl Pts',(415.055501923948,-1.48257295856734,28.0044098318583));
#11458=CARTESIAN_POINT('Ctrl Pts',(415.052301352941,-1.53227112216449,28.0541079954554));
#11459=CARTESIAN_POINT('Ctrl Pts',(415.046246147152,-1.62629578442014,28.1481326577111));
#11460=CARTESIAN_POINT('Ctrl Pts',(414.982999482048,-1.70891101477352,28.2307478880645));
#11461=CARTESIAN_POINT('Ctrl Pts',(414.953182802587,-1.74785871008643,28.2696955833774));
#11462=CARTESIAN_POINT('',(415.055501923948,-1.49671509419107,27.9902676962345));
#11463=CARTESIAN_POINT('Ctrl Pts',(414.920781717687,-1.20851831582146,27.7020709178649));
#11464=CARTESIAN_POINT('Ctrl Pts',(414.920781717687,-1.19437618019773,27.7162130534887));
#11465=CARTESIAN_POINT('Ctrl Pts',(414.960041317575,-1.2494734418411,27.7430260438846));
#11466=CARTESIAN_POINT('Ctrl Pts',(414.960041317575,-1.23533130621736,27.7571681795083));
#11467=CARTESIAN_POINT('Ctrl Pts',(415.043247397725,-1.33627298915879,27.8298255912023));
#11468=CARTESIAN_POINT('Ctrl Pts',(415.043247397725,-1.32213085353506,27.843967726826));
#11469=CARTESIAN_POINT('Ctrl Pts',(415.051266513406,-1.4412630782886,27.9348156803321));
#11470=CARTESIAN_POINT('Ctrl Pts',(415.051266513406,-1.42712094266487,27.9489578159558));
#11471=CARTESIAN_POINT('Ctrl Pts',(415.055501923948,-1.49671509419107,27.9902676962345));
#11472=CARTESIAN_POINT('Ctrl Pts',(415.055501923948,-1.48257295856734,28.0044098318583));
#11473=CARTESIAN_POINT('',(414.920781717687,-1.20851831582146,27.7020709178649));
#11474=CARTESIAN_POINT('Ctrl Pts',(415.055501923948,-1.49671509419107,27.9902676962345));
#11475=CARTESIAN_POINT('Ctrl Pts',(415.051266513406,-1.4412630782886,27.9348156803321));
#11476=CARTESIAN_POINT('Ctrl Pts',(415.043247397725,-1.33627298915879,27.8298255912023));
#11477=CARTESIAN_POINT('Ctrl Pts',(414.960041317575,-1.2494734418411,27.7430260438846));
#11478=CARTESIAN_POINT('Ctrl Pts',(414.920781717687,-1.20851831582146,27.7020709178649));
#11479=CARTESIAN_POINT('',(414.920781717687,-1.19437618019773,27.7162130534887));
#11480=CARTESIAN_POINT('Ctrl Pts',(414.920781717687,-1.19437618019772,27.7162130534887));
#11481=CARTESIAN_POINT('Ctrl Pts',(414.960041317575,-1.23533130621736,27.7571681795083));
#11482=CARTESIAN_POINT('Ctrl Pts',(415.043247397725,-1.32213085353506,27.843967726826));
#11483=CARTESIAN_POINT('Ctrl Pts',(415.051266513406,-1.42712094266487,27.9489578159558));
#11484=CARTESIAN_POINT('Ctrl Pts',(415.055501923948,-1.48257295856734,28.0044098318583));
#11485=CARTESIAN_POINT('',(414.920781717687,-1.20851831582146,27.7020709178649));
#11486=CARTESIAN_POINT('Ctrl Pts',(414.540495143323,-1.06984633338243,27.5633989354259));
#11487=CARTESIAN_POINT('Ctrl Pts',(414.540495143323,-1.0557041977587,27.5775410710496));
#11488=CARTESIAN_POINT('Ctrl Pts',(414.616402416744,-1.08181747847212,27.5753700805156));
#11489=CARTESIAN_POINT('Ctrl Pts',(414.616402416744,-1.06767534284839,27.5895122161393));
#11490=CARTESIAN_POINT('Ctrl Pts',(414.760676062383,-1.10457051209764,27.5981231141411));
#11491=CARTESIAN_POINT('Ctrl Pts',(414.760676062383,-1.09042837647391,27.6122652497648));
#11492=CARTESIAN_POINT('Ctrl Pts',(414.86930578698,-1.17509782276346,27.6686504248069));
#11493=CARTESIAN_POINT('Ctrl Pts',(414.86930578698,-1.16095568713973,27.6827925604307));
#11494=CARTESIAN_POINT('Ctrl Pts',(414.920781717687,-1.20851831582146,27.7020709178649));
#11495=CARTESIAN_POINT('Ctrl Pts',(414.920781717687,-1.19437618019773,27.7162130534887));
#11496=CARTESIAN_POINT('',(414.540495143323,-1.06984633338243,27.5633989354259));
#11497=CARTESIAN_POINT('Ctrl Pts',(414.920781717687,-1.20851831582146,27.7020709178649));
#11498=CARTESIAN_POINT('Ctrl Pts',(414.86930578698,-1.17509782276346,27.6686504248069));
#11499=CARTESIAN_POINT('Ctrl Pts',(414.760676062383,-1.10457051209764,27.5981231141411));
#11500=CARTESIAN_POINT('Ctrl Pts',(414.616402416744,-1.08181747847212,27.5753700805156));
#11501=CARTESIAN_POINT('Ctrl Pts',(414.540495143323,-1.06984633338243,27.5633989354259));
#11502=CARTESIAN_POINT('',(414.540495143323,-1.0557041977587,27.5775410710496));
#11503=CARTESIAN_POINT('Ctrl Pts',(414.540495143323,-1.05570419775869,27.5775410710496));
#11504=CARTESIAN_POINT('Ctrl Pts',(414.616402416744,-1.06767534284839,27.5895122161393));
#11505=CARTESIAN_POINT('Ctrl Pts',(414.760676062383,-1.09042837647391,27.6122652497648));
#11506=CARTESIAN_POINT('Ctrl Pts',(414.86930578698,-1.16095568713973,27.6827925604307));
#11507=CARTESIAN_POINT('Ctrl Pts',(414.920781717687,-1.19437618019772,27.7162130534887));
#11508=CARTESIAN_POINT('',(414.540495143323,-1.06984633338243,27.5633989354259));
#11509=CARTESIAN_POINT('Ctrl Pts',(413.803796635061,-1.05778769855498,27.5513403005985));
#11510=CARTESIAN_POINT('Ctrl Pts',(413.803796635061,-1.04364556293125,27.5654824362222));
#11511=CARTESIAN_POINT('Ctrl Pts',(413.967579129458,-1.05712122664821,27.5506738286917));
#11512=CARTESIAN_POINT('Ctrl Pts',(413.967579129458,-1.04297909102448,27.5648159643154));
#11513=CARTESIAN_POINT('Ctrl Pts',(414.213360878658,-1.05612107927813,27.5496736813216));
#11514=CARTESIAN_POINT('Ctrl Pts',(414.213360878658,-1.0419789436544,27.5638158169453));
#11515=CARTESIAN_POINT('Ctrl Pts',(414.458657679909,-1.06641275854197,27.5599653605854));
#11516=CARTESIAN_POINT('Ctrl Pts',(414.458657679909,-1.05227062291824,27.5741074962092));
#11517=CARTESIAN_POINT('Ctrl Pts',(414.540495143323,-1.06984633338243,27.5633989354259));
#11518=CARTESIAN_POINT('Ctrl Pts',(414.540495143323,-1.0557041977587,27.5775410710496));
#11519=CARTESIAN_POINT('',(413.803796635061,-1.05778769855498,27.5513403005985));
#11520=CARTESIAN_POINT('Ctrl Pts',(414.540495143323,-1.06984633338243,27.5633989354259));
#11521=CARTESIAN_POINT('Ctrl Pts',(414.458657679909,-1.06641275854197,27.5599653605854));
#11522=CARTESIAN_POINT('Ctrl Pts',(414.213360878658,-1.05612107927813,27.5496736813216));
#11523=CARTESIAN_POINT('Ctrl Pts',(413.967579129458,-1.05712122664821,27.5506738286917));
#11524=CARTESIAN_POINT('Ctrl Pts',(413.803796635061,-1.05778769855498,27.5513403005985));
#11525=CARTESIAN_POINT('',(413.803796635061,-1.04364556293125,27.5654824362222));
#11526=CARTESIAN_POINT('Ctrl Pts',(413.803796635061,-1.04364556293124,27.5654824362222));
#11527=CARTESIAN_POINT('Ctrl Pts',(413.967579129458,-1.04297909102448,27.5648159643154));
#11528=CARTESIAN_POINT('Ctrl Pts',(414.213360878658,-1.04197894365439,27.5638158169453));
#11529=CARTESIAN_POINT('Ctrl Pts',(414.458657679909,-1.05227062291824,27.5741074962092));
#11530=CARTESIAN_POINT('Ctrl Pts',(414.540495143323,-1.05570419775869,27.5775410710496));
#11531=CARTESIAN_POINT('',(413.803796635061,-1.05778769855498,27.5513403005985));
#11532=CARTESIAN_POINT('Origin',(413.015938566118,-1.05778769855498,27.5513403005985));
#11533=CARTESIAN_POINT('',(413.015938566118,-1.05778769855498,27.5513403005985));
#11534=CARTESIAN_POINT('',(413.803796635061,-1.05778769855498,27.5513403005985));
#11535=CARTESIAN_POINT('',(413.015938566118,-1.04364556293125,27.5654824362222));
#11536=CARTESIAN_POINT('',(413.803796635061,-1.04364556293124,27.5654824362222));
#11537=CARTESIAN_POINT('',(413.015938566118,-1.05778769855498,27.5513403005985));
#11538=CARTESIAN_POINT('Origin',(413.015938566118,-1.95493563120151,28.448488233245));
#11539=CARTESIAN_POINT('',(413.015938566118,-1.05778769855498,27.5513403005985));
#11540=CARTESIAN_POINT('',(413.015938566118,-1.04364556293124,27.5654824362222));
#11541=CARTESIAN_POINT('Origin',(412.006388732283,-0.459689357769611,26.9532419598131));
#11542=CARTESIAN_POINT('',(412.006388732283,-3.99522326370235,30.4887758657458));
#11543=CARTESIAN_POINT('',(412.006388732283,-0.45968935776961,26.9532419598131));
#11544=CARTESIAN_POINT('',(412.006388732283,-3.99522326370235,30.4887758657458));
#11545=CARTESIAN_POINT('',(412.006388732283,-3.98108112807862,30.5029180013696));
#11546=CARTESIAN_POINT('',(412.006388732283,-3.99522326370235,30.4887758657458));
#11547=CARTESIAN_POINT('',(412.006388732283,-0.445547222145879,26.9673840954368));
#11548=CARTESIAN_POINT('',(412.006388732283,-3.98108112807862,30.5029180013696));
#11549=CARTESIAN_POINT('',(412.006388732283,-0.45968935776961,26.9532419598131));
#11550=CARTESIAN_POINT('Origin',(414.131218061834,-0.459689357769608,26.9532419598131));
#11551=CARTESIAN_POINT('',(414.131218061834,-0.459689357769608,26.9532419598131));
#11552=CARTESIAN_POINT('',(412.006388732283,-0.459689357769608,26.9532419598131));
#11553=CARTESIAN_POINT('',(414.131218061834,-0.445547222145877,26.9673840954368));
#11554=CARTESIAN_POINT('',(412.006388732283,-0.445547222145875,26.9673840954368));
#11555=CARTESIAN_POINT('',(414.131218061834,-0.459689357769608,26.9532419598131));
#11556=CARTESIAN_POINT('Ctrl Pts',(415.295952127366,-0.554950929179387,
27.0485035312229));
#11557=CARTESIAN_POINT('Ctrl Pts',(415.295952127366,-0.540808793555657,
27.0626456668466));
#11558=CARTESIAN_POINT('Ctrl Pts',(415.139044281291,-0.52737969516385,27.0209322972073));
#11559=CARTESIAN_POINT('Ctrl Pts',(415.139044281291,-0.513237559540119,
27.0350744328311));
#11560=CARTESIAN_POINT('Ctrl Pts',(414.757309552767,-0.460302759272913,
26.9538553613164));
#11561=CARTESIAN_POINT('Ctrl Pts',(414.757309552767,-0.446160623649182,
26.9679974969401));
#11562=CARTESIAN_POINT('Ctrl Pts',(414.363283849526,-0.459916719912516,
26.953469321956));
#11563=CARTESIAN_POINT('Ctrl Pts',(414.363283849526,-0.445774584288786,
26.9676114575797));
#11564=CARTESIAN_POINT('Ctrl Pts',(414.131218061834,-0.459689357769608,
26.9532419598131));
#11565=CARTESIAN_POINT('Ctrl Pts',(414.131218061834,-0.445547222145877,
26.9673840954368));
#11566=CARTESIAN_POINT('',(415.295952127366,-0.554950929179387,27.0485035312229));
#11567=CARTESIAN_POINT('Ctrl Pts',(414.131218061834,-0.459689357769608,
26.9532419598131));
#11568=CARTESIAN_POINT('Ctrl Pts',(414.363283849526,-0.459916719912516,
26.953469321956));
#11569=CARTESIAN_POINT('Ctrl Pts',(414.757309552767,-0.460302759272913,
26.9538553613164));
#11570=CARTESIAN_POINT('Ctrl Pts',(415.139044281291,-0.52737969516385,27.0209322972073));
#11571=CARTESIAN_POINT('Ctrl Pts',(415.295952127366,-0.554950929179387,
27.0485035312229));
#11572=CARTESIAN_POINT('',(415.295952127366,-0.540808793555657,27.0626456668466));
#11573=CARTESIAN_POINT('Ctrl Pts',(415.295952127366,-0.540808793555654,
27.0626456668466));
#11574=CARTESIAN_POINT('Ctrl Pts',(415.139044281291,-0.513237559540117,
27.0350744328311));
#11575=CARTESIAN_POINT('Ctrl Pts',(414.757309552767,-0.446160623649179,
26.9679974969401));
#11576=CARTESIAN_POINT('Ctrl Pts',(414.363283849526,-0.445774584288783,
26.9676114575797));
#11577=CARTESIAN_POINT('Ctrl Pts',(414.131218061834,-0.445547222145875,
26.9673840954368));
#11578=CARTESIAN_POINT('',(415.295952127366,-0.554950929179387,27.0485035312229));
#11579=CARTESIAN_POINT('Ctrl Pts',(415.877466664701,-0.893793046593629,
27.3873456486371));
#11580=CARTESIAN_POINT('Ctrl Pts',(415.877466664701,-0.879650910969899,
27.4014877842608));
#11581=CARTESIAN_POINT('Ctrl Pts',(415.799528937456,-0.819008545982516,
27.312561148026));
#11582=CARTESIAN_POINT('Ctrl Pts',(415.799528937456,-0.804866410358785,
27.3267032836497));
#11583=CARTESIAN_POINT('Ctrl Pts',(415.645788953093,-0.671488617433023,
27.1650412194765));
#11584=CARTESIAN_POINT('Ctrl Pts',(415.645788953093,-0.657346481809292,
27.1791833551002));
#11585=CARTESIAN_POINT('Ctrl Pts',(415.411479538974,-0.593435435350951,
27.0869880373944));
#11586=CARTESIAN_POINT('Ctrl Pts',(415.411479538974,-0.57929329972722,27.1011301730182));
#11587=CARTESIAN_POINT('Ctrl Pts',(415.295952127366,-0.554950929179387,
27.0485035312229));
#11588=CARTESIAN_POINT('Ctrl Pts',(415.295952127366,-0.540808793555657,
27.0626456668466));
#11589=CARTESIAN_POINT('',(415.877466664701,-0.893793046593629,27.3873456486371));
#11590=CARTESIAN_POINT('Ctrl Pts',(415.295952127366,-0.554950929179387,
27.0485035312229));
#11591=CARTESIAN_POINT('Ctrl Pts',(415.411479538974,-0.593435435350951,
27.0869880373944));
#11592=CARTESIAN_POINT('Ctrl Pts',(415.645788953093,-0.671488617433023,
27.1650412194765));
#11593=CARTESIAN_POINT('Ctrl Pts',(415.799528937456,-0.819008545982516,
27.312561148026));
#11594=CARTESIAN_POINT('Ctrl Pts',(415.877466664701,-0.893793046593629,
27.3873456486371));
#11595=CARTESIAN_POINT('',(415.877466664701,-0.879650910969898,27.4014877842608));
#11596=CARTESIAN_POINT('Ctrl Pts',(415.877466664701,-0.879650910969896,
27.4014877842608));
#11597=CARTESIAN_POINT('Ctrl Pts',(415.799528937456,-0.804866410358783,
27.3267032836497));
#11598=CARTESIAN_POINT('Ctrl Pts',(415.645788953093,-0.657346481809289,
27.1791833551002));
#11599=CARTESIAN_POINT('Ctrl Pts',(415.411479538974,-0.579293299727218,
27.1011301730182));
#11600=CARTESIAN_POINT('Ctrl Pts',(415.295952127366,-0.540808793555654,
27.0626456668466));
#11601=CARTESIAN_POINT('',(415.877466664701,-0.893793046593629,27.3873456486371));
#11602=CARTESIAN_POINT('Ctrl Pts',(416.095747516542,-1.45089304049003,27.9444456425335));
#11603=CARTESIAN_POINT('Ctrl Pts',(416.095747516542,-1.4367509048663,27.9585877781572));
#11604=CARTESIAN_POINT('Ctrl Pts',(416.08748714254,-1.35024513798978,27.8437977400333));
#11605=CARTESIAN_POINT('Ctrl Pts',(416.08748714254,-1.33610300236605,27.857939875657));
#11606=CARTESIAN_POINT('Ctrl Pts',(416.071324978258,-1.15331846922528,27.6468710712688));
#11607=CARTESIAN_POINT('Ctrl Pts',(416.071324978258,-1.13917633360155,27.6610132068925));
#11608=CARTESIAN_POINT('Ctrl Pts',(415.941123190227,-0.97901243382202,27.4725650358655));
#11609=CARTESIAN_POINT('Ctrl Pts',(415.941123190227,-0.964870298198289,
27.4867071714892));
#11610=CARTESIAN_POINT('Ctrl Pts',(415.877466664701,-0.893793046593629,
27.3873456486371));
#11611=CARTESIAN_POINT('Ctrl Pts',(415.877466664701,-0.879650910969899,
27.4014877842608));
#11612=CARTESIAN_POINT('',(416.095747516542,-1.45089304049003,27.9444456425335));
#11613=CARTESIAN_POINT('Ctrl Pts',(415.877466664701,-0.893793046593629,
27.3873456486371));
#11614=CARTESIAN_POINT('Ctrl Pts',(415.941123190227,-0.97901243382202,27.4725650358655));
#11615=CARTESIAN_POINT('Ctrl Pts',(416.071324978258,-1.15331846922528,27.6468710712688));
#11616=CARTESIAN_POINT('Ctrl Pts',(416.08748714254,-1.35024513798978,27.8437977400333));
#11617=CARTESIAN_POINT('Ctrl Pts',(416.095747516542,-1.45089304049003,27.9444456425335));
#11618=CARTESIAN_POINT('',(416.095747516542,-1.4367509048663,27.9585877781572));
#11619=CARTESIAN_POINT('Ctrl Pts',(416.095747516542,-1.43675090486629,27.9585877781572));
#11620=CARTESIAN_POINT('Ctrl Pts',(416.08748714254,-1.33610300236604,27.857939875657));
#11621=CARTESIAN_POINT('Ctrl Pts',(416.071324978258,-1.13917633360154,27.6610132068925));
#11622=CARTESIAN_POINT('Ctrl Pts',(415.941123190227,-0.964870298198287,
27.4867071714892));
#11623=CARTESIAN_POINT('Ctrl Pts',(415.877466664701,-0.879650910969896,
27.4014877842608));
#11624=CARTESIAN_POINT('',(416.095747516542,-1.45089304049003,27.9444456425335));
#11625=CARTESIAN_POINT('Ctrl Pts',(415.764915511995,-2.10807789113978,28.6016304931833));
#11626=CARTESIAN_POINT('Ctrl Pts',(415.764915511995,-2.09393575551605,28.615772628807));
#11627=CARTESIAN_POINT('Ctrl Pts',(415.861373527969,-2.0136398917373,28.5071924937808));
#11628=CARTESIAN_POINT('Ctrl Pts',(415.861373527969,-1.99949775611357,28.5213346294045));
#11629=CARTESIAN_POINT('Ctrl Pts',(416.061511928395,-1.8176927747572,28.3112453768007));
#11630=CARTESIAN_POINT('Ctrl Pts',(416.061511928395,-1.80355063913347,28.3253875124244));
#11631=CARTESIAN_POINT('Ctrl Pts',(416.084064371464,-1.57606613497408,28.0696187370176));
#11632=CARTESIAN_POINT('Ctrl Pts',(416.084064371464,-1.56192399935035,28.0837608726413));
#11633=CARTESIAN_POINT('Ctrl Pts',(416.095747516542,-1.45089304049003,27.9444456425335));
#11634=CARTESIAN_POINT('Ctrl Pts',(416.095747516542,-1.4367509048663,27.9585877781572));
#11635=CARTESIAN_POINT('',(415.764915511995,-2.10807789113978,28.6016304931833));
#11636=CARTESIAN_POINT('Ctrl Pts',(416.095747516542,-1.45089304049003,27.9444456425335));
#11637=CARTESIAN_POINT('Ctrl Pts',(416.084064371464,-1.57606613497408,28.0696187370176));
#11638=CARTESIAN_POINT('Ctrl Pts',(416.061511928395,-1.8176927747572,28.3112453768007));
#11639=CARTESIAN_POINT('Ctrl Pts',(415.861373527969,-2.0136398917373,28.5071924937808));
#11640=CARTESIAN_POINT('Ctrl Pts',(415.764915511995,-2.10807789113978,28.6016304931833));
#11641=CARTESIAN_POINT('',(415.764915511995,-2.09393575551605,28.615772628807));
#11642=CARTESIAN_POINT('Ctrl Pts',(415.764915511995,-2.09393575551605,28.615772628807));
#11643=CARTESIAN_POINT('Ctrl Pts',(415.861373527969,-1.99949775611357,28.5213346294045));
#11644=CARTESIAN_POINT('Ctrl Pts',(416.061511928395,-1.80355063913346,28.3253875124244));
#11645=CARTESIAN_POINT('Ctrl Pts',(416.084064371464,-1.56192399935035,28.0837608726413));
#11646=CARTESIAN_POINT('Ctrl Pts',(416.095747516542,-1.43675090486629,27.9585877781572));
#11647=CARTESIAN_POINT('',(415.764915511995,-2.10807789113978,28.6016304931833));
#11648=CARTESIAN_POINT('Ctrl Pts',(414.775829480081,-2.43486137372658,28.92841397577));
#11649=CARTESIAN_POINT('Ctrl Pts',(414.775829480081,-2.42071923810284,28.9425561113938));
#11650=CARTESIAN_POINT('Ctrl Pts',(414.976174926593,-2.4083537378914,28.9019063399349));
#11651=CARTESIAN_POINT('Ctrl Pts',(414.976174926593,-2.39421160226767,28.9160484755586));
#11652=CARTESIAN_POINT('Ctrl Pts',(415.346920404888,-2.35930053355227,28.8528531355957));
#11653=CARTESIAN_POINT('Ctrl Pts',(415.346920404888,-2.34515839792854,28.8669952712195));
#11654=CARTESIAN_POINT('Ctrl Pts',(415.63329401979,-2.18718479576046,28.6807373978039));
#11655=CARTESIAN_POINT('Ctrl Pts',(415.63329401979,-2.17304266013673,28.6948795334277));
#11656=CARTESIAN_POINT('Ctrl Pts',(415.764915511995,-2.10807789113978,28.6016304931833));
#11657=CARTESIAN_POINT('Ctrl Pts',(415.764915511995,-2.09393575551605,28.615772628807));
#11658=CARTESIAN_POINT('',(414.775829480081,-2.43486137372658,28.92841397577));
#11659=CARTESIAN_POINT('Ctrl Pts',(415.764915511995,-2.10807789113978,28.6016304931833));
#11660=CARTESIAN_POINT('Ctrl Pts',(415.63329401979,-2.18718479576046,28.6807373978039));
#11661=CARTESIAN_POINT('Ctrl Pts',(415.346920404888,-2.35930053355227,28.8528531355957));
#11662=CARTESIAN_POINT('Ctrl Pts',(414.976174926593,-2.4083537378914,28.9019063399349));
#11663=CARTESIAN_POINT('Ctrl Pts',(414.775829480081,-2.43486137372658,28.92841397577));
#11664=CARTESIAN_POINT('',(414.775829480081,-2.42071923810284,28.9425561113938));
#11665=CARTESIAN_POINT('Ctrl Pts',(414.775829480081,-2.42071923810284,28.9425561113938));
#11666=CARTESIAN_POINT('Ctrl Pts',(414.976174926593,-2.39421160226767,28.9160484755586));
#11667=CARTESIAN_POINT('Ctrl Pts',(415.346920404888,-2.34515839792854,28.8669952712195));
#11668=CARTESIAN_POINT('Ctrl Pts',(415.63329401979,-2.17304266013673,28.6948795334277));
#11669=CARTESIAN_POINT('Ctrl Pts',(415.764915511995,-2.09393575551605,28.615772628807));
#11670=CARTESIAN_POINT('',(414.775829480081,-2.43486137372658,28.92841397577));
#11671=CARTESIAN_POINT('Ctrl Pts',(415.316416190057,-2.73149890144746,29.2250515034909));
#11672=CARTESIAN_POINT('Ctrl Pts',(415.316416190057,-2.71735676582373,29.2391936391147));
#11673=CARTESIAN_POINT('Ctrl Pts',(415.238159513459,-2.6777502620117,29.1713028640552));
#11674=CARTESIAN_POINT('Ctrl Pts',(415.238159513459,-2.66360812638797,29.1854449996789));
#11675=CARTESIAN_POINT('Ctrl Pts',(415.073600947128,-2.56472732988225,29.0582799319257));
#11676=CARTESIAN_POINT('Ctrl Pts',(415.073600947128,-2.55058519425852,29.0724220675495));
#11677=CARTESIAN_POINT('Ctrl Pts',(414.878269859557,-2.47953831326532,28.9730909153088));
#11678=CARTESIAN_POINT('Ctrl Pts',(414.878269859557,-2.46539617764159,28.9872330509325));
#11679=CARTESIAN_POINT('Ctrl Pts',(414.775829480081,-2.43486137372658,28.92841397577));
#11680=CARTESIAN_POINT('Ctrl Pts',(414.775829480081,-2.42071923810284,28.9425561113938));
#11681=CARTESIAN_POINT('',(415.316416190057,-2.73149890144746,29.2250515034909));
#11682=CARTESIAN_POINT('Ctrl Pts',(414.775829480081,-2.43486137372658,28.92841397577));
#11683=CARTESIAN_POINT('Ctrl Pts',(414.878269859557,-2.47953831326532,28.9730909153088));
#11684=CARTESIAN_POINT('Ctrl Pts',(415.073600947128,-2.56472732988225,29.0582799319257));
#11685=CARTESIAN_POINT('Ctrl Pts',(415.238159513459,-2.6777502620117,29.1713028640552));
#11686=CARTESIAN_POINT('Ctrl Pts',(415.316416190057,-2.73149890144746,29.2250515034909));
#11687=CARTESIAN_POINT('',(415.316416190057,-2.71735676582373,29.2391936391147));
#11688=CARTESIAN_POINT('Ctrl Pts',(415.316416190057,-2.71735676582373,29.2391936391147));
#11689=CARTESIAN_POINT('Ctrl Pts',(415.238159513459,-2.66360812638797,29.1854449996789));
#11690=CARTESIAN_POINT('Ctrl Pts',(415.073600947128,-2.55058519425851,29.0724220675495));
#11691=CARTESIAN_POINT('Ctrl Pts',(414.878269859557,-2.46539617764159,28.9872330509325));
#11692=CARTESIAN_POINT('Ctrl Pts',(414.775829480081,-2.42071923810284,28.9425561113938));
#11693=CARTESIAN_POINT('',(415.316416190057,-2.73149890144746,29.2250515034909));
#11694=CARTESIAN_POINT('Ctrl Pts',(415.891108975797,-3.3054808155149,29.7990334175584));
#11695=CARTESIAN_POINT('Ctrl Pts',(415.891108975797,-3.29133867989117,29.8131755531821));
#11696=CARTESIAN_POINT('Ctrl Pts',(415.787114389891,-3.18680123899818,29.6803538410417));
#11697=CARTESIAN_POINT('Ctrl Pts',(415.787114389891,-3.17265910337444,29.6944959766654));
#11698=CARTESIAN_POINT('Ctrl Pts',(415.612081872896,-2.98705252311405,29.4806051251575));
#11699=CARTESIAN_POINT('Ctrl Pts',(415.612081872896,-2.97291038749032,29.4947472607813));
#11700=CARTESIAN_POINT('Ctrl Pts',(415.401771739927,-2.80527452426951,29.298827126313));
#11701=CARTESIAN_POINT('Ctrl Pts',(415.401771739927,-2.79113238864578,29.3129692619367));
#11702=CARTESIAN_POINT('Ctrl Pts',(415.316416190057,-2.73149890144746,29.2250515034909));
#11703=CARTESIAN_POINT('Ctrl Pts',(415.316416190057,-2.71735676582373,29.2391936391147));
#11704=CARTESIAN_POINT('',(415.891108975797,-3.3054808155149,29.7990334175584));
#11705=CARTESIAN_POINT('Ctrl Pts',(415.316416190057,-2.73149890144746,29.2250515034909));
#11706=CARTESIAN_POINT('Ctrl Pts',(415.401771739927,-2.80527452426951,29.298827126313));
#11707=CARTESIAN_POINT('Ctrl Pts',(415.612081872896,-2.98705252311405,29.4806051251575));
#11708=CARTESIAN_POINT('Ctrl Pts',(415.787114389891,-3.18680123899818,29.6803538410417));
#11709=CARTESIAN_POINT('Ctrl Pts',(415.891108975797,-3.3054808155149,29.7990334175584));
#11710=CARTESIAN_POINT('',(415.891108975797,-3.29133867989117,29.8131755531821));
#11711=CARTESIAN_POINT('Ctrl Pts',(415.891108975797,-3.29133867989117,29.8131755531821));
#11712=CARTESIAN_POINT('Ctrl Pts',(415.787114389891,-3.17265910337444,29.6944959766654));
#11713=CARTESIAN_POINT('Ctrl Pts',(415.612081872896,-2.97291038749032,29.4947472607813));
#11714=CARTESIAN_POINT('Ctrl Pts',(415.401771739927,-2.79113238864578,29.3129692619367));
#11715=CARTESIAN_POINT('Ctrl Pts',(415.316416190057,-2.71735676582373,29.2391936391147));
#11716=CARTESIAN_POINT('',(415.891108975797,-3.3054808155149,29.7990334175584));
#11717=CARTESIAN_POINT('Origin',(416.501613722234,-3.99522326370235,30.4887758657458));
#11718=CARTESIAN_POINT('',(416.501613722234,-3.99522326370235,30.4887758657458));
#11719=CARTESIAN_POINT('',(415.891108975797,-3.3054808155149,29.7990334175584));
#11720=CARTESIAN_POINT('',(416.501613722234,-3.98108112807862,30.5029180013696));
#11721=CARTESIAN_POINT('',(415.891108975797,-3.29133867989117,29.8131755531821));
#11722=CARTESIAN_POINT('',(416.501613722234,-3.99522326370235,30.4887758657458));
#11723=CARTESIAN_POINT('Origin',(415.294246838479,-3.99522326370235,30.4887758657458));
#11724=CARTESIAN_POINT('',(415.294246838479,-3.99522326370235,30.4887758657458));
#11725=CARTESIAN_POINT('',(416.501613722234,-3.99522326370235,30.4887758657458));
#11726=CARTESIAN_POINT('',(415.294246838479,-3.98108112807862,30.5029180013696));
#11727=CARTESIAN_POINT('',(416.501613722234,-3.98108112807862,30.5029180013696));
#11728=CARTESIAN_POINT('',(415.294246838479,-3.99522326370235,30.4887758657458));
#11729=CARTESIAN_POINT('Origin',(414.564369783788,-3.22589492147178,29.7194475235153));
#11730=CARTESIAN_POINT('',(414.564369783788,-3.22589492147178,29.7194475235152));
#11731=CARTESIAN_POINT('',(415.294246838479,-3.99522326370235,30.4887758657458));
#11732=CARTESIAN_POINT('',(414.564369783788,-3.21175278584805,29.733589659139));
#11733=CARTESIAN_POINT('',(415.294246838479,-3.98108112807862,30.5029180013696));
#11734=CARTESIAN_POINT('',(414.564369783788,-3.22589492147178,29.7194475235152));
#11735=CARTESIAN_POINT('Ctrl Pts',(414.032309518247,-2.70617623192515,29.1997288339686));
#11736=CARTESIAN_POINT('Ctrl Pts',(414.032309518247,-2.69203409630142,29.2138709695924));
#11737=CARTESIAN_POINT('Ctrl Pts',(414.101561038808,-2.76683137842987,29.2603839804733));
#11738=CARTESIAN_POINT('Ctrl Pts',(414.101561038808,-2.75268924280613,29.2745261160971));
#11739=CARTESIAN_POINT('Ctrl Pts',(414.291726677575,-2.93339125445873,29.4269438565022));
#11740=CARTESIAN_POINT('Ctrl Pts',(414.291726677575,-2.919249118835,29.4410859921259));
#11741=CARTESIAN_POINT('Ctrl Pts',(414.45839567254,-3.11220117517044,29.6057537772139));
#11742=CARTESIAN_POINT('Ctrl Pts',(414.45839567254,-3.09805903954671,29.6198959128376));
#11743=CARTESIAN_POINT('Ctrl Pts',(414.564369783788,-3.22589492147178,29.7194475235152));
#11744=CARTESIAN_POINT('Ctrl Pts',(414.564369783788,-3.21175278584805,29.733589659139));
#11745=CARTESIAN_POINT('',(414.032309518247,-2.70617623192515,29.1997288339686));
#11746=CARTESIAN_POINT('Ctrl Pts',(414.564369783788,-3.22589492147178,29.7194475235152));
#11747=CARTESIAN_POINT('Ctrl Pts',(414.45839567254,-3.11220117517044,29.6057537772139));
#11748=CARTESIAN_POINT('Ctrl Pts',(414.291726677575,-2.93339125445873,29.4269438565022));
#11749=CARTESIAN_POINT('Ctrl Pts',(414.101561038808,-2.76683137842987,29.2603839804733));
#11750=CARTESIAN_POINT('Ctrl Pts',(414.032309518247,-2.70617623192515,29.1997288339686));
#11751=CARTESIAN_POINT('',(414.032309518247,-2.69203409630142,29.2138709695924));
#11752=CARTESIAN_POINT('Ctrl Pts',(414.032309518247,-2.69203409630142,29.2138709695924));
#11753=CARTESIAN_POINT('Ctrl Pts',(414.101561038808,-2.75268924280613,29.2745261160971));
#11754=CARTESIAN_POINT('Ctrl Pts',(414.291726677575,-2.919249118835,29.4410859921259));
#11755=CARTESIAN_POINT('Ctrl Pts',(414.45839567254,-3.09805903954671,29.6198959128376));
#11756=CARTESIAN_POINT('Ctrl Pts',(414.564369783788,-3.21175278584804,29.733589659139));
#11757=CARTESIAN_POINT('',(414.032309518247,-2.70617623192515,29.1997288339686));
#11758=CARTESIAN_POINT('Ctrl Pts',(413.728762582927,-2.55906350013484,29.0526161021783));
#11759=CARTESIAN_POINT('Ctrl Pts',(413.728762582927,-2.54492136451111,29.0667582378021));
#11760=CARTESIAN_POINT('Ctrl Pts',(413.782628509721,-2.57601591479324,29.0695685168367));
#11761=CARTESIAN_POINT('Ctrl Pts',(413.782628509721,-2.56187377916951,29.0837106524604));
#11762=CARTESIAN_POINT('Ctrl Pts',(413.896446182966,-2.61183604278762,29.1053886448311));
#11763=CARTESIAN_POINT('Ctrl Pts',(413.896446182966,-2.59769390716389,29.1195307804548));
#11764=CARTESIAN_POINT('Ctrl Pts',(413.985435653772,-2.67362816271253,29.167180764756));
#11765=CARTESIAN_POINT('Ctrl Pts',(413.985435653772,-2.6594860270888,29.1813229003797));
#11766=CARTESIAN_POINT('Ctrl Pts',(414.032309518247,-2.70617623192515,29.1997288339686));
#11767=CARTESIAN_POINT('Ctrl Pts',(414.032309518247,-2.69203409630142,29.2138709695924));
#11768=CARTESIAN_POINT('',(413.728762582927,-2.55906350013484,29.0526161021783));
#11769=CARTESIAN_POINT('Ctrl Pts',(414.032309518247,-2.70617623192515,29.1997288339686));
#11770=CARTESIAN_POINT('Ctrl Pts',(413.985435653772,-2.67362816271253,29.167180764756));
#11771=CARTESIAN_POINT('Ctrl Pts',(413.896446182966,-2.61183604278762,29.1053886448311));
#11772=CARTESIAN_POINT('Ctrl Pts',(413.782628509721,-2.57601591479324,29.0695685168367));
#11773=CARTESIAN_POINT('Ctrl Pts',(413.728762582927,-2.55906350013484,29.0526161021783));
#11774=CARTESIAN_POINT('',(413.728762582927,-2.54492136451111,29.0667582378021));
#11775=CARTESIAN_POINT('Ctrl Pts',(413.728762582927,-2.54492136451111,29.0667582378021));
#11776=CARTESIAN_POINT('Ctrl Pts',(413.782628509721,-2.56187377916951,29.0837106524604));
#11777=CARTESIAN_POINT('Ctrl Pts',(413.896446182966,-2.59769390716388,29.1195307804548));
#11778=CARTESIAN_POINT('Ctrl Pts',(413.985435653772,-2.6594860270888,29.1813229003797));
#11779=CARTESIAN_POINT('Ctrl Pts',(414.032309518247,-2.69203409630142,29.2138709695924));
#11780=CARTESIAN_POINT('',(413.728762582927,-2.55906350013484,29.0526161021783));
#11781=CARTESIAN_POINT('Ctrl Pts',(413.220576957851,-2.51927055311328,29.0128231551568));
#11782=CARTESIAN_POINT('Ctrl Pts',(413.220576957851,-2.50512841748955,29.0269652907805));
#11783=CARTESIAN_POINT('Ctrl Pts',(413.321468359184,-2.51939559745575,29.0129481994992));
#11784=CARTESIAN_POINT('Ctrl Pts',(413.321468359184,-2.50525346183202,29.027090335123));
#11785=CARTESIAN_POINT('Ctrl Pts',(413.493160965633,-2.51960839248879,29.0131609945323));
#11786=CARTESIAN_POINT('Ctrl Pts',(413.493160965633,-2.50546625686505,29.027303130156));
#11787=CARTESIAN_POINT('Ctrl Pts',(413.659973699929,-2.54754374566659,29.0410963477101));
#11788=CARTESIAN_POINT('Ctrl Pts',(413.659973699929,-2.53340161004285,29.0552384833338));
#11789=CARTESIAN_POINT('Ctrl Pts',(413.728762582927,-2.55906350013484,29.0526161021783));
#11790=CARTESIAN_POINT('Ctrl Pts',(413.728762582927,-2.54492136451111,29.0667582378021));
#11791=CARTESIAN_POINT('',(413.220576957851,-2.51927055311328,29.0128231551568));
#11792=CARTESIAN_POINT('Ctrl Pts',(413.728762582927,-2.55906350013484,29.0526161021783));
#11793=CARTESIAN_POINT('Ctrl Pts',(413.659973699929,-2.54754374566659,29.0410963477101));
#11794=CARTESIAN_POINT('Ctrl Pts',(413.493160965633,-2.51960839248879,29.0131609945323));
#11795=CARTESIAN_POINT('Ctrl Pts',(413.321468359184,-2.51939559745575,29.0129481994992));
#11796=CARTESIAN_POINT('Ctrl Pts',(413.220576957851,-2.51927055311328,29.0128231551568));
#11797=CARTESIAN_POINT('',(413.220576957851,-2.50512841748955,29.0269652907805));
#11798=CARTESIAN_POINT('Ctrl Pts',(413.220576957851,-2.50512841748955,29.0269652907805));
#11799=CARTESIAN_POINT('Ctrl Pts',(413.321468359184,-2.50525346183202,29.027090335123));
#11800=CARTESIAN_POINT('Ctrl Pts',(413.493160965633,-2.50546625686505,29.027303130156));
#11801=CARTESIAN_POINT('Ctrl Pts',(413.659973699929,-2.53340161004285,29.0552384833338));
#11802=CARTESIAN_POINT('Ctrl Pts',(413.728762582927,-2.54492136451111,29.0667582378021));
#11803=CARTESIAN_POINT('',(413.220576957851,-2.51927055311328,29.0128231551568));
#11804=CARTESIAN_POINT('Origin',(413.015938566118,-2.51927055311328,29.0128231551568));
#11805=CARTESIAN_POINT('',(413.015938566118,-2.51927055311328,29.0128231551568));
#11806=CARTESIAN_POINT('',(413.220576957851,-2.51927055311328,29.0128231551568));
#11807=CARTESIAN_POINT('',(413.015938566118,-2.50512841748955,29.0269652907805));
#11808=CARTESIAN_POINT('',(413.220576957851,-2.50512841748955,29.0269652907805));
#11809=CARTESIAN_POINT('',(413.015938566118,-2.51927055311328,29.0128231551568));
#11810=CARTESIAN_POINT('Origin',(413.015938566118,-3.99522326370235,30.4887758657458));
#11811=CARTESIAN_POINT('',(413.015938566118,-3.99522326370235,30.4887758657458));
#11812=CARTESIAN_POINT('',(413.015938566118,-2.51927055311328,29.0128231551568));
#11813=CARTESIAN_POINT('',(413.015938566118,-3.98108112807862,30.5029180013696));
#11814=CARTESIAN_POINT('',(413.015938566118,-2.50512841748955,29.0269652907805));
#11815=CARTESIAN_POINT('',(413.015938566118,-3.99522326370235,30.4887758657458));
#11816=CARTESIAN_POINT('Origin',(412.006388732283,-3.99522326370235,30.4887758657458));
#11817=CARTESIAN_POINT('',(413.015938566118,-3.99522326370235,30.4887758657458));
#11818=CARTESIAN_POINT('',(413.015938566118,-3.98108112807862,30.5029180013696));
#11819=CARTESIAN_POINT('Origin',(421.15031763637,-2.21331417511225,28.7351510484032));
#11820=CARTESIAN_POINT('Origin',(421.15031763637,-2.22745631073598,28.7210089127795));
#11821=CARTESIAN_POINT('Origin',(407.150318198599,-96.8610468090768,70.0703281636579));
#11822=CARTESIAN_POINT('',(407.150318198599,-71.6331247477185,93.8840366626426));
#11823=CARTESIAN_POINT('',(408.150318198599,-72.3402315289051,94.5911434438291));
#11824=CARTESIAN_POINT('Origin',(407.150318198599,-72.3402315289046,94.5911434438296));
#11825=CARTESIAN_POINT('',(408.150318198599,-70.2189111853454,96.7124637873887));
#11826=CARTESIAN_POINT('',(408.150318198599,-96.8610468090768,70.0703281636579));
#11827=CARTESIAN_POINT('',(407.150318198599,-69.5118044041589,96.0053570062022));
#11828=CARTESIAN_POINT('Origin',(407.150318198599,-70.2189111853449,96.7124637873893));
#11829=CARTESIAN_POINT('',(407.150318198599,-96.1539400278903,69.3632213824713));
#11830=CARTESIAN_POINT('Origin',(408.150318198599,-104.285668011535,77.4949493661167));
#11831=CARTESIAN_POINT('',(408.150318198599,-79.0577459501772,101.308657865101));
#11832=CARTESIAN_POINT('',(408.150318198599,-54.8504622013607,77.1013741162848));
#11833=CARTESIAN_POINT('',(408.150318198599,-76.9364256066176,103.429978208661));
#11834=CARTESIAN_POINT('',(408.150318198599,-103.578561230349,76.7878425849301));
#11835=CARTESIAN_POINT('',(408.150318198599,-52.7291418578011,79.2226944598445));
#11836=CARTESIAN_POINT('Origin',(407.150318198599,-103.578561230349,76.7878425849301));
#11837=CARTESIAN_POINT('',(407.150318198599,-79.7648527313638,102.015764646288));
#11838=CARTESIAN_POINT('Origin',(407.150318198599,-79.0577459501767,101.308657865102));
#11839=CARTESIAN_POINT('',(407.150318198599,-77.6435323878041,104.137084989847));
#11840=CARTESIAN_POINT('',(407.150318198599,-104.285668011535,77.4949493661167));
#11841=CARTESIAN_POINT('Origin',(407.150318198599,-76.936425606617,103.429978208661));
#11842=CARTESIAN_POINT('Origin',(395.150318198599,-104.285668011535,77.4949493661167));
#11843=CARTESIAN_POINT('',(396.150318198599,-79.7648527313638,102.015764646288));
#11844=CARTESIAN_POINT('',(244.150318198599,-79.7648527313638,102.015764646288));
#11845=CARTESIAN_POINT('',(396.150318198599,-77.6435323878041,104.137084989847));
#11846=CARTESIAN_POINT('',(396.150318198599,-104.285668011535,77.4949493661167));
#11847=CARTESIAN_POINT('',(244.150318198599,-77.6435323878041,104.137084989847));
#11848=CARTESIAN_POINT('Origin',(396.150318198599,-103.578561230349,76.7878425849301));
#11849=CARTESIAN_POINT('',(395.150318198599,-79.0577459501772,101.308657865101));
#11850=CARTESIAN_POINT('Origin',(396.150318198599,-79.0577459501767,101.308657865102));
#11851=CARTESIAN_POINT('',(395.150318198599,-76.9364256066176,103.429978208661));
#11852=CARTESIAN_POINT('',(395.150318198599,-103.578561230349,76.7878425849301));
#11853=CARTESIAN_POINT('Origin',(396.150318198599,-76.936425606617,103.429978208661));
#11854=CARTESIAN_POINT('Origin',(395.150318198599,-96.1539400278902,69.3632213824713));
#11855=CARTESIAN_POINT('',(395.150318198599,-72.340231528905,94.5911434438291));
#11856=CARTESIAN_POINT('',(395.150318198599,-50.7845982095381,73.0355101244622));
#11857=CARTESIAN_POINT('',(395.150318198599,-70.2189111853454,96.7124637873887));
#11858=CARTESIAN_POINT('',(395.150318198599,-96.8610468090768,70.0703281636579));
#11859=CARTESIAN_POINT('',(395.150318198599,-48.6632778659784,75.1568304680218));
#11860=CARTESIAN_POINT('Origin',(396.150318198599,-96.8610468090768,70.0703281636579));
#11861=CARTESIAN_POINT('',(396.150318198599,-71.6331247477185,93.8840366626425));
#11862=CARTESIAN_POINT('Origin',(396.150318198599,-72.3402315289046,94.5911434438296));
#11863=CARTESIAN_POINT('',(396.150318198599,-69.5118044041588,96.0053570062022));
#11864=CARTESIAN_POINT('',(396.150318198599,-96.1539400278902,69.3632213824713));
#11865=CARTESIAN_POINT('Origin',(396.150318198599,-70.2189111853449,96.7124637873892));
#11866=CARTESIAN_POINT('Origin',(408.150318198599,-96.1539400278902,69.3632213824713));
#11867=CARTESIAN_POINT('',(250.650318198599,-69.5118044041585,96.0053570062019));
#11868=CARTESIAN_POINT('',(250.650318198599,-71.6331247477182,93.8840366626423));
#11869=CARTESIAN_POINT('Origin',(387.150318198599,-96.8610468090765,70.0703281636576));
#11870=CARTESIAN_POINT('',(387.150318198599,-71.6331247477183,93.8840366626423));
#11871=CARTESIAN_POINT('',(388.150318198599,-72.3402315289048,94.5911434438289));
#11872=CARTESIAN_POINT('Origin',(387.150318198599,-72.3402315289043,94.5911434438294));
#11873=CARTESIAN_POINT('',(388.150318198599,-70.2189111853451,96.7124637873885));
#11874=CARTESIAN_POINT('',(388.150318198599,-96.8610468090765,70.0703281636576));
#11875=CARTESIAN_POINT('',(387.150318198599,-69.5118044041586,96.005357006202));
#11876=CARTESIAN_POINT('Origin',(387.150318198599,-70.2189111853447,96.712463787389));
#11877=CARTESIAN_POINT('',(387.150318198599,-96.15394002789,69.3632213824711));
#11878=CARTESIAN_POINT('Origin',(388.150318198599,-104.285668011535,77.4949493661165));
#11879=CARTESIAN_POINT('',(388.150318198599,-79.057745950177,101.308657865101));
#11880=CARTESIAN_POINT('',(388.150318198599,-54.8504622013606,77.1013741162847));
#11881=CARTESIAN_POINT('',(388.150318198599,-76.9364256066173,103.429978208661));
#11882=CARTESIAN_POINT('',(388.150318198599,-103.578561230349,76.7878425849299));
#11883=CARTESIAN_POINT('',(388.150318198599,-52.729141857801,79.2226944598444));
#11884=CARTESIAN_POINT('Origin',(387.150318198599,-103.578561230349,76.7878425849299));
#11885=CARTESIAN_POINT('',(387.150318198599,-79.7648527313636,102.015764646288));
#11886=CARTESIAN_POINT('Origin',(387.150318198599,-79.0577459501765,101.308657865102));
#11887=CARTESIAN_POINT('',(387.150318198599,-77.6435323878039,104.137084989847));
#11888=CARTESIAN_POINT('',(387.150318198599,-104.285668011535,77.4949493661165));
#11889=CARTESIAN_POINT('Origin',(387.150318198599,-76.9364256066168,103.429978208661));
#11890=CARTESIAN_POINT('Origin',(375.150318198599,-104.285668011535,77.4949493661165));
#11891=CARTESIAN_POINT('',(376.150318198599,-79.7648527313636,102.015764646288));
#11892=CARTESIAN_POINT('',(234.150318198599,-79.7648527313636,102.015764646288));
#11893=CARTESIAN_POINT('',(376.150318198599,-77.6435323878039,104.137084989847));
#11894=CARTESIAN_POINT('',(376.150318198599,-104.285668011535,77.4949493661165));
#11895=CARTESIAN_POINT('',(234.150318198599,-77.6435323878039,104.137084989847));
#11896=CARTESIAN_POINT('Origin',(376.150318198599,-103.578561230349,76.7878425849299));
#11897=CARTESIAN_POINT('',(375.150318198599,-79.057745950177,101.308657865101));
#11898=CARTESIAN_POINT('Origin',(376.150318198599,-79.0577459501765,101.308657865102));
#11899=CARTESIAN_POINT('',(375.150318198599,-76.9364256066173,103.429978208661));
#11900=CARTESIAN_POINT('',(375.150318198599,-103.578561230349,76.7878425849299));
#11901=CARTESIAN_POINT('Origin',(376.150318198599,-76.9364256066168,103.429978208661));
#11902=CARTESIAN_POINT('Origin',(375.150318198599,-96.15394002789,69.3632213824711));
#11903=CARTESIAN_POINT('',(375.150318198599,-72.3402315289048,94.5911434438289));
#11904=CARTESIAN_POINT('',(375.150318198599,-50.784598209538,73.0355101244621));
#11905=CARTESIAN_POINT('',(375.150318198599,-70.2189111853451,96.7124637873885));
#11906=CARTESIAN_POINT('',(375.150318198599,-96.8610468090766,70.0703281636576));
#11907=CARTESIAN_POINT('',(375.150318198599,-48.6632778659783,75.1568304680217));
#11908=CARTESIAN_POINT('Origin',(376.150318198599,-96.8610468090766,70.0703281636576));
#11909=CARTESIAN_POINT('',(376.150318198599,-71.6331247477183,93.8840366626424));
#11910=CARTESIAN_POINT('Origin',(376.150318198599,-72.3402315289043,94.5911434438294));
#11911=CARTESIAN_POINT('',(376.150318198599,-69.5118044041586,96.005357006202));
#11912=CARTESIAN_POINT('',(376.150318198599,-96.15394002789,69.3632213824711));
#11913=CARTESIAN_POINT('Origin',(376.150318198599,-70.2189111853447,96.712463787389));
#11914=CARTESIAN_POINT('Origin',(388.150318198599,-96.15394002789,69.3632213824711));
#11915=CARTESIAN_POINT('',(240.650318198599,-69.5118044041586,96.005357006202));
#11916=CARTESIAN_POINT('',(240.650318198599,-71.6331247477183,93.8840366626424));
#11917=CARTESIAN_POINT('Origin',(343.650318198599,-9.33576741635378,-17.4549512290669));
#11918=CARTESIAN_POINT('',(343.650318198599,15.8921546450055,6.35875726991877));
#11919=CARTESIAN_POINT('',(344.650318198599,15.1850478638189,7.06586405110534));
#11920=CARTESIAN_POINT('Origin',(343.650318198599,15.1850478638184,7.06586405110483));
#11921=CARTESIAN_POINT('',(344.650318198599,17.3063682073786,9.18718439466496));
#11922=CARTESIAN_POINT('',(344.650318198599,-9.33576741635381,-17.4549512290669));
#11923=CARTESIAN_POINT('',(343.650318198599,18.0134749885651,8.4800776134784));
#11924=CARTESIAN_POINT('Origin',(343.650318198599,17.3063682073781,9.18718439466445));
#11925=CARTESIAN_POINT('',(343.650318198599,-8.62866063516724,-18.1620580102534));
#11926=CARTESIAN_POINT('Origin',(344.650318198598,-27.7205437272038,0.92982508178354));
#11927=CARTESIAN_POINT('',(344.650318198598,-2.49262166584481,24.743533580769));
#11928=CARTESIAN_POINT('',(344.650318198597,-16.5679000591973,38.8188119741215));
#11929=CARTESIAN_POINT('',(344.650318198598,-0.371301322285145,26.8648539243286));
#11930=CARTESIAN_POINT('',(344.650318198598,-27.0134369460173,0.222718300597004));
#11931=CARTESIAN_POINT('',(344.650318198597,-14.4465797156377,40.9401323176811));
#11932=CARTESIAN_POINT('Origin',(343.650318198598,-27.0134369460173,0.222718300596982));
#11933=CARTESIAN_POINT('',(343.650318198598,-3.19972844703134,25.4506403619555));
#11934=CARTESIAN_POINT('Origin',(343.650318198598,-2.49262166584509,24.7435335807687));
#11935=CARTESIAN_POINT('',(343.650318198598,-1.07840810347167,27.5719607055152));
#11936=CARTESIAN_POINT('',(343.650318198598,-27.7205437272038,0.929825081783538));
#11937=CARTESIAN_POINT('Origin',(343.650318198598,-0.371301322285418,26.8648539243283));
#11938=CARTESIAN_POINT('Origin',(298.650318198599,-27.7205437272038,0.929825081783534));
#11939=CARTESIAN_POINT('',(299.650318198599,-3.19972844703134,25.4506403619555));
#11940=CARTESIAN_POINT('',(195.900318198599,-3.19972844703133,25.4506403619555));
#11941=CARTESIAN_POINT('',(299.650318198599,-1.07840810347167,27.5719607055152));
#11942=CARTESIAN_POINT('',(299.650318198599,-27.7205437272038,0.929825081783534));
#11943=CARTESIAN_POINT('',(195.900318198599,-1.07840810347166,27.5719607055152));
#11944=CARTESIAN_POINT('Origin',(299.650318198599,-27.0134369460173,0.222718300596978));
#11945=CARTESIAN_POINT('',(298.650318198599,-2.49262166584478,24.743533580769));
#11946=CARTESIAN_POINT('Origin',(299.650318198599,-2.49262166584509,24.7435335807687));
#11947=CARTESIAN_POINT('',(298.650318198599,-0.371301322285121,26.8648539243286));
#11948=CARTESIAN_POINT('',(298.650318198599,-27.0134369460173,0.222718300596976));
#11949=CARTESIAN_POINT('Origin',(299.650318198599,-0.371301322285418,26.8648539243283));
#11950=CARTESIAN_POINT('Origin',(298.650318198599,-8.62866063516725,-18.1620580102534));
#11951=CARTESIAN_POINT('',(298.650318198599,15.1850478638189,7.06586405110532));
#11952=CARTESIAN_POINT('',(298.650318198599,-7.02195851317629,29.2728704281005));
#11953=CARTESIAN_POINT('',(298.650318198599,17.3063682073786,9.18718439466494));
#11954=CARTESIAN_POINT('',(298.650318198599,-9.33576741635378,-17.4549512290669));
#11955=CARTESIAN_POINT('',(298.650318198599,-4.90063816961665,31.3941907716601));
#11956=CARTESIAN_POINT('Origin',(299.650318198599,-9.33576741635379,-17.4549512290669));
#11957=CARTESIAN_POINT('',(299.650318198599,15.8921546450055,6.35875726991877));
#11958=CARTESIAN_POINT('Origin',(299.650318198599,15.1850478638184,7.06586405110483));
#11959=CARTESIAN_POINT('',(299.650318198599,18.0134749885651,8.4800776134784));
#11960=CARTESIAN_POINT('',(299.650318198599,-8.62866063516725,-18.1620580102534));
#11961=CARTESIAN_POINT('Origin',(299.650318198599,17.3063682073781,9.18718439466445));
#11962=CARTESIAN_POINT('Origin',(344.650318198599,-8.62866063516724,-18.1620580102534));
#11963=CARTESIAN_POINT('',(218.900318198599,18.0134749885651,8.48007761347841));
#11964=CARTESIAN_POINT('',(218.900318198599,15.8921546450055,6.35875726991878));
#11965=CARTESIAN_POINT('Origin',(-240.849681849415,235.236193288938,0.));
#11966=CARTESIAN_POINT('',(-240.849681849415,239.736193288938,0.));
#11967=CARTESIAN_POINT('',(-245.349681849415,235.236193288938,0.));
#11968=CARTESIAN_POINT('Origin',(-240.849681849415,235.236193288938,0.));
#11969=CARTESIAN_POINT('',(-245.349681849415,235.236193288938,-3.));
#11970=CARTESIAN_POINT('',(-245.349681849415,235.236193288938,0.));
#11971=CARTESIAN_POINT('',(-240.849681849415,239.736193288938,-3.));
#11972=CARTESIAN_POINT('Origin',(-240.849681849415,235.236193288938,-3.));
#11973=CARTESIAN_POINT('',(-240.849681849415,239.736193288938,0.));
#11974=CARTESIAN_POINT('Origin',(-245.349681849415,239.736193288938,0.));
#11975=CARTESIAN_POINT('',(-245.349681849415,146.236193288938,0.));
#11976=CARTESIAN_POINT('',(-245.349681849415,141.736193288938,0.));
#11977=CARTESIAN_POINT('',(-245.349681849415,146.236193288938,-3.));
#11978=CARTESIAN_POINT('',(-245.349681849415,146.236193288938,0.));
#11979=CARTESIAN_POINT('',(-245.349681849415,141.736193288938,-3.));
#11980=CARTESIAN_POINT('Origin',(-240.849681849415,146.236193288938,0.));
#11981=CARTESIAN_POINT('',(-240.849681849415,141.736193288938,0.));
#11982=CARTESIAN_POINT('Origin',(-240.849681849415,146.236193288938,0.));
#11983=CARTESIAN_POINT('',(-240.849681849415,141.736193288938,-3.));
#11984=CARTESIAN_POINT('',(-240.849681849415,141.736193288938,0.));
#11985=CARTESIAN_POINT('Origin',(-240.849681849415,146.236193288938,-3.));
#11986=CARTESIAN_POINT('Origin',(-245.349681849415,141.736193288938,0.));
#11987=CARTESIAN_POINT('',(-18.8496818494151,141.736193288938,0.));
#11988=CARTESIAN_POINT('',(-14.3496818494151,141.736193288938,0.));
#11989=CARTESIAN_POINT('',(-18.8496818494151,141.736193288938,-3.));
#11990=CARTESIAN_POINT('',(-18.8496818494151,141.736193288938,0.));
#11991=CARTESIAN_POINT('',(-14.3496818494151,141.736193288938,-3.));
#11992=CARTESIAN_POINT('Origin',(-1.84968180360435,235.236193290133,0.));
#11993=CARTESIAN_POINT('',(-1.84968180357799,239.736193290133,0.));
#11994=CARTESIAN_POINT('',(-6.34968180360435,235.236193292337,0.));
#11995=CARTESIAN_POINT('Origin',(-1.84968180360435,235.236193290133,0.));
#11996=CARTESIAN_POINT('',(-6.34968180360435,235.236193292337,-3.));
#11997=CARTESIAN_POINT('',(-6.34968180360435,235.236193292337,0.));
#11998=CARTESIAN_POINT('',(-1.84968180357799,239.736193290133,-3.));
#11999=CARTESIAN_POINT('Origin',(-1.84968180360435,235.236193290133,-3.));
#12000=CARTESIAN_POINT('',(-1.84968180357799,239.736193290133,0.));
#12001=CARTESIAN_POINT('Origin',(-6.34968180139955,239.736193290159,0.));
#12002=CARTESIAN_POINT('',(-6.3496818472103,146.236193341332,0.));
#12003=CARTESIAN_POINT('',(-6.3496818494151,141.736193340232,0.));
#12004=CARTESIAN_POINT('',(-6.3496818472103,146.236193341332,-3.));
#12005=CARTESIAN_POINT('',(-6.3496818472103,146.236193341332,0.));
#12006=CARTESIAN_POINT('',(-6.3496818494151,141.736193340232,-3.));
#12007=CARTESIAN_POINT('Origin',(-18.8496818494151,235.236193288938,0.));
#12008=CARTESIAN_POINT('',(-14.3496818494151,235.236193288938,0.));
#12009=CARTESIAN_POINT('',(-18.8496818494151,239.736193288938,0.));
#12010=CARTESIAN_POINT('Origin',(-18.8496818494151,235.236193288938,0.));
#12011=CARTESIAN_POINT('',(-18.8496818494151,239.736193288938,-3.));
#12012=CARTESIAN_POINT('',(-18.8496818494151,239.736193288938,0.));
#12013=CARTESIAN_POINT('',(-14.3496818494151,235.236193288938,-3.));
#12014=CARTESIAN_POINT('Origin',(-18.8496818494151,235.236193288938,-3.));
#12015=CARTESIAN_POINT('',(-14.3496818494151,235.236193288938,0.));
#12016=CARTESIAN_POINT('Origin',(-14.3496818494151,239.736193288938,0.));
#12017=CARTESIAN_POINT('',(-245.349681849415,239.736193288938,-3.));
#12018=CARTESIAN_POINT('',(-245.349681849415,239.736193288938,0.));
#12019=CARTESIAN_POINT('Origin',(-1.8496818472103,146.236193339128,0.));
#12020=CARTESIAN_POINT('',(-1.84968184831472,141.736193339128,0.));
#12021=CARTESIAN_POINT('Origin',(-1.8496818472103,146.236193339128,0.));
#12022=CARTESIAN_POINT('',(-1.84968184831472,141.736193339128,-3.));
#12023=CARTESIAN_POINT('',(-1.84968184831472,141.736193339128,0.));
#12024=CARTESIAN_POINT('Origin',(-1.8496818472103,146.236193339128,-3.));
#12025=CARTESIAN_POINT('Origin',(-6.3496818494151,141.736193340232,0.));
#12026=CARTESIAN_POINT('',(198.150318141495,141.736193290042,0.));
#12027=CARTESIAN_POINT('',(202.650318139904,141.736193288938,0.));
#12028=CARTESIAN_POINT('',(198.150318141495,141.736193290042,-3.));
#12029=CARTESIAN_POINT('',(198.150318141495,141.736193290042,0.));
#12030=CARTESIAN_POINT('',(202.650318139904,141.736193288938,-3.));
#12031=CARTESIAN_POINT('Origin',(-18.8496818494151,146.236193288938,0.));
#12032=CARTESIAN_POINT('',(-14.3496818494151,146.236193288938,0.));
#12033=CARTESIAN_POINT('Origin',(-18.8496818494151,146.236193288938,0.));
#12034=CARTESIAN_POINT('',(-14.3496818494151,146.236193288938,-3.));
#12035=CARTESIAN_POINT('',(-14.3496818494151,146.236193288938,0.));
#12036=CARTESIAN_POINT('Origin',(-18.8496818494151,146.236193288938,-3.));
#12037=CARTESIAN_POINT('Origin',(-14.3496818494151,141.736193288938,0.));
#12038=CARTESIAN_POINT('',(-14.3496818494151,239.736193288938,-3.));
#12039=CARTESIAN_POINT('',(-14.3496818494151,239.736193288938,0.));
#12040=CARTESIAN_POINT('Origin',(215.1503181986,235.236193288934,0.));
#12041=CARTESIAN_POINT('',(215.1503181986,239.736193288934,0.));
#12042=CARTESIAN_POINT('',(210.6503181986,235.236193288934,0.));
#12043=CARTESIAN_POINT('Origin',(215.1503181986,235.236193288934,0.));
#12044=CARTESIAN_POINT('',(210.6503181986,235.236193288934,-3.));
#12045=CARTESIAN_POINT('',(210.6503181986,235.236193288934,0.));
#12046=CARTESIAN_POINT('',(215.1503181986,239.736193288934,-3.));
#12047=CARTESIAN_POINT('Origin',(215.1503181986,235.236193288934,-3.));
#12048=CARTESIAN_POINT('',(215.1503181986,239.736193288934,0.));
#12049=CARTESIAN_POINT('Origin',(210.6503181986,239.736193288934,0.));
#12050=CARTESIAN_POINT('',(210.6503181986,146.236193288938,0.));
#12051=CARTESIAN_POINT('',(210.6503181986,141.736193288938,0.));
#12052=CARTESIAN_POINT('',(210.6503181986,146.236193288938,-3.));
#12053=CARTESIAN_POINT('',(210.6503181986,146.236193288938,0.));
#12054=CARTESIAN_POINT('',(210.6503181986,141.736193288938,-3.));
#12055=CARTESIAN_POINT('Origin',(198.150318195905,235.236193288961,0.));
#12056=CARTESIAN_POINT('',(202.650318195905,235.236193286265,0.));
#12057=CARTESIAN_POINT('',(198.150318195932,239.736193288961,0.));
#12058=CARTESIAN_POINT('Origin',(198.150318195905,235.236193288961,0.));
#12059=CARTESIAN_POINT('',(198.150318195932,239.736193288961,-3.));
#12060=CARTESIAN_POINT('',(198.150318195932,239.736193288961,0.));
#12061=CARTESIAN_POINT('',(202.650318195905,235.236193286265,-3.));
#12062=CARTESIAN_POINT('Origin',(198.150318195905,235.236193288961,-3.));
#12063=CARTESIAN_POINT('',(202.650318195905,235.236193286265,0.));
#12064=CARTESIAN_POINT('Origin',(202.6503181986,239.736193288934,0.));
#12065=CARTESIAN_POINT('',(-6.34968180139955,239.736193290159,-3.));
#12066=CARTESIAN_POINT('',(-6.34968180139955,239.736193290159,0.));
#12067=CARTESIAN_POINT('Origin',(215.1503181986,146.236193288938,0.));
#12068=CARTESIAN_POINT('',(215.1503181986,141.736193288938,0.));
#12069=CARTESIAN_POINT('Origin',(215.1503181986,146.236193288938,0.));
#12070=CARTESIAN_POINT('',(215.1503181986,141.736193288938,-3.));
#12071=CARTESIAN_POINT('',(215.1503181986,141.736193288938,0.));
#12072=CARTESIAN_POINT('Origin',(215.1503181986,146.236193288938,-3.));
#12073=CARTESIAN_POINT('Origin',(210.6503181986,141.736193288938,0.));
#12074=CARTESIAN_POINT('',(437.150318198601,141.736193288938,0.));
#12075=CARTESIAN_POINT('',(441.650318198601,141.736193288938,0.));
#12076=CARTESIAN_POINT('',(437.150318198601,141.736193288938,-3.));
#12077=CARTESIAN_POINT('',(437.150318198601,141.736193288938,0.));
#12078=CARTESIAN_POINT('',(441.650318198601,141.736193288938,-3.));
#12079=CARTESIAN_POINT('Origin',(198.150318142599,146.236193290042,0.));
#12080=CARTESIAN_POINT('',(202.650318142599,146.236193287347,0.));
#12081=CARTESIAN_POINT('Origin',(198.150318142599,146.236193290042,0.));
#12082=CARTESIAN_POINT('',(202.650318142599,146.236193287347,-3.));
#12083=CARTESIAN_POINT('',(202.650318142599,146.236193287347,0.));
#12084=CARTESIAN_POINT('Origin',(198.150318142599,146.236193290042,-3.));
#12085=CARTESIAN_POINT('Origin',(202.650318139904,141.736193288938,0.));
#12086=CARTESIAN_POINT('',(202.6503181986,239.736193288934,-3.));
#12087=CARTESIAN_POINT('',(202.6503181986,239.736193288934,0.));
#12088=CARTESIAN_POINT('Origin',(437.150318198601,235.236193288934,0.));
#12089=CARTESIAN_POINT('',(441.6503181986,235.236193288934,0.));
#12090=CARTESIAN_POINT('',(437.150318198601,239.736193288934,0.));
#12091=CARTESIAN_POINT('Origin',(437.150318198601,235.236193288934,0.));
#12092=CARTESIAN_POINT('',(437.150318198601,239.736193288934,-3.));
#12093=CARTESIAN_POINT('',(437.150318198601,239.736193288934,0.));
#12094=CARTESIAN_POINT('',(441.6503181986,235.236193288934,-3.));
#12095=CARTESIAN_POINT('Origin',(437.150318198601,235.236193288934,-3.));
#12096=CARTESIAN_POINT('',(441.6503181986,235.236193288934,0.));
#12097=CARTESIAN_POINT('Origin',(441.6503181986,239.736193288934,0.));
#12098=CARTESIAN_POINT('',(210.6503181986,239.736193288934,-3.));
#12099=CARTESIAN_POINT('',(210.6503181986,239.736193288934,0.));
#12100=CARTESIAN_POINT('Origin',(437.150318198601,146.236193288938,0.));
#12101=CARTESIAN_POINT('',(441.650318198601,146.236193288938,0.));
#12102=CARTESIAN_POINT('Origin',(437.150318198601,146.236193288938,0.));
#12103=CARTESIAN_POINT('',(441.650318198601,146.236193288938,-3.));
#12104=CARTESIAN_POINT('',(441.650318198601,146.236193288938,0.));
#12105=CARTESIAN_POINT('Origin',(437.150318198601,146.236193288938,-3.));
#12106=CARTESIAN_POINT('Origin',(441.650318198601,141.736193288938,0.));
#12107=CARTESIAN_POINT('',(441.6503181986,239.736193288934,-3.));
#12108=CARTESIAN_POINT('',(441.6503181986,239.736193288934,0.));
#12109=CARTESIAN_POINT('Origin',(437.150318198601,40.2361932891628,0.));
#12110=CARTESIAN_POINT('',(437.150318198601,35.7361932891628,0.));
#12111=CARTESIAN_POINT('',(441.650318198601,40.2361932891628,0.));
#12112=CARTESIAN_POINT('Origin',(437.150318198601,40.2361932891628,0.));
#12113=CARTESIAN_POINT('',(441.650318198601,40.2361932891628,-3.));
#12114=CARTESIAN_POINT('',(441.650318198601,40.2361932891628,0.));
#12115=CARTESIAN_POINT('',(437.150318198601,35.7361932891628,-3.));
#12116=CARTESIAN_POINT('Origin',(437.150318198601,40.2361932891628,-3.));
#12117=CARTESIAN_POINT('',(437.150318198601,35.7361932891628,0.));
#12118=CARTESIAN_POINT('Origin',(441.650318198601,35.7361932891628,0.));
#12119=CARTESIAN_POINT('',(441.650318198601,129.23619328923,0.));
#12120=CARTESIAN_POINT('',(441.650318198601,133.73619328923,0.));
#12121=CARTESIAN_POINT('',(441.650318198601,129.23619328923,-3.));
#12122=CARTESIAN_POINT('',(441.650318198601,129.23619328923,0.));
#12123=CARTESIAN_POINT('',(441.650318198601,133.73619328923,-3.));
#12124=CARTESIAN_POINT('Origin',(437.150318198601,129.23619328923,0.));
#12125=CARTESIAN_POINT('',(437.150318198601,133.73619328923,0.));
#12126=CARTESIAN_POINT('Origin',(437.150318198601,129.23619328923,0.));
#12127=CARTESIAN_POINT('',(437.150318198601,133.73619328923,-3.));
#12128=CARTESIAN_POINT('',(437.150318198601,133.73619328923,0.));
#12129=CARTESIAN_POINT('Origin',(437.150318198601,129.23619328923,-3.));
#12130=CARTESIAN_POINT('Origin',(441.650318198601,133.73619328923,0.));
#12131=CARTESIAN_POINT('',(353.150318198601,133.73619328923,0.));
#12132=CARTESIAN_POINT('',(348.650318198601,133.73619328923,0.));
#12133=CARTESIAN_POINT('',(353.150318198601,133.73619328923,-3.));
#12134=CARTESIAN_POINT('',(353.150318198601,133.73619328923,0.));
#12135=CARTESIAN_POINT('',(348.650318198601,133.73619328923,-3.));
#12136=CARTESIAN_POINT('Origin',(353.150318198601,129.23619328923,0.));
#12137=CARTESIAN_POINT('',(348.650318198601,129.23619328923,0.));
#12138=CARTESIAN_POINT('Origin',(353.150318198601,129.23619328923,0.));
#12139=CARTESIAN_POINT('',(348.650318198601,129.23619328923,-3.));
#12140=CARTESIAN_POINT('',(348.650318198601,129.23619328923,0.));
#12141=CARTESIAN_POINT('Origin',(353.150318198601,129.23619328923,-3.));
#12142=CARTESIAN_POINT('Origin',(348.650318198601,133.73619328923,0.));
#12143=CARTESIAN_POINT('',(348.6503181986,40.2361932891628,0.));
#12144=CARTESIAN_POINT('',(348.6503181986,35.7361932891628,0.));
#12145=CARTESIAN_POINT('',(348.6503181986,40.2361932891628,-3.));
#12146=CARTESIAN_POINT('',(348.6503181986,40.2361932891628,0.));
#12147=CARTESIAN_POINT('',(348.6503181986,35.7361932891628,-3.));
#12148=CARTESIAN_POINT('Origin',(336.1503181986,129.236193288935,0.));
#12149=CARTESIAN_POINT('',(340.6503181986,129.236193288935,0.));
#12150=CARTESIAN_POINT('',(336.1503181986,133.736193288935,0.));
#12151=CARTESIAN_POINT('Origin',(336.1503181986,129.236193288935,0.));
#12152=CARTESIAN_POINT('',(336.1503181986,133.736193288935,-3.));
#12153=CARTESIAN_POINT('',(336.1503181986,133.736193288935,0.));
#12154=CARTESIAN_POINT('',(340.6503181986,129.236193288935,-3.));
#12155=CARTESIAN_POINT('Origin',(336.1503181986,129.236193288935,-3.));
#12156=CARTESIAN_POINT('',(340.6503181986,129.236193288935,0.));
#12157=CARTESIAN_POINT('Origin',(340.6503181986,133.736193288935,0.));
#12158=CARTESIAN_POINT('',(122.1503181986,133.736193288935,0.));
#12159=CARTESIAN_POINT('',(117.6503181986,133.736193288935,0.));
#12160=CARTESIAN_POINT('',(122.1503181986,133.736193288935,-3.));
#12161=CARTESIAN_POINT('',(122.1503181986,133.736193288935,0.));
#12162=CARTESIAN_POINT('',(117.6503181986,133.736193288935,-3.));
#12163=CARTESIAN_POINT('Origin',(336.1503181986,40.2361932891628,0.));
#12164=CARTESIAN_POINT('',(336.1503181986,35.7361932891628,0.));
#12165=CARTESIAN_POINT('',(340.6503181986,40.2361932891628,0.));
#12166=CARTESIAN_POINT('Origin',(336.1503181986,40.2361932891628,0.));
#12167=CARTESIAN_POINT('',(340.6503181986,40.2361932891628,-3.));
#12168=CARTESIAN_POINT('',(340.6503181986,40.2361932891628,0.));
#12169=CARTESIAN_POINT('',(336.1503181986,35.7361932891628,-3.));
#12170=CARTESIAN_POINT('Origin',(336.1503181986,40.2361932891628,-3.));
#12171=CARTESIAN_POINT('',(336.1503181986,35.7361932891628,0.));
#12172=CARTESIAN_POINT('Origin',(340.6503181986,35.7361932891628,0.));
#12173=CARTESIAN_POINT('',(340.6503181986,133.736193288935,-3.));
#12174=CARTESIAN_POINT('',(340.6503181986,133.736193288935,0.));
#12175=CARTESIAN_POINT('Origin',(353.1503181986,40.2361932891628,0.));
#12176=CARTESIAN_POINT('',(353.1503181986,35.7361932891628,0.));
#12177=CARTESIAN_POINT('Origin',(353.1503181986,40.2361932891628,0.));
#12178=CARTESIAN_POINT('',(353.1503181986,35.7361932891628,-3.));
#12179=CARTESIAN_POINT('',(353.1503181986,35.7361932891628,0.));
#12180=CARTESIAN_POINT('Origin',(353.1503181986,40.2361932891628,-3.));
#12181=CARTESIAN_POINT('Origin',(348.6503181986,35.7361932891628,0.));
#12182=CARTESIAN_POINT('',(441.650318198601,35.7361932891628,-3.));
#12183=CARTESIAN_POINT('',(441.650318198601,35.7361932891628,0.));
#12184=CARTESIAN_POINT('Origin',(122.1503181986,129.236193288935,0.));
#12185=CARTESIAN_POINT('',(117.6503181986,129.236193288935,0.));
#12186=CARTESIAN_POINT('Origin',(122.1503181986,129.236193288935,0.));
#12187=CARTESIAN_POINT('',(117.6503181986,129.236193288935,-3.));
#12188=CARTESIAN_POINT('',(117.6503181986,129.236193288935,0.));
#12189=CARTESIAN_POINT('Origin',(122.1503181986,129.236193288935,-3.));
#12190=CARTESIAN_POINT('Origin',(117.6503181986,133.736193288935,0.));
#12191=CARTESIAN_POINT('',(117.6503181986,40.2361932891628,0.));
#12192=CARTESIAN_POINT('',(117.6503181986,35.7361932891628,0.));
#12193=CARTESIAN_POINT('',(117.6503181986,40.2361932891628,-3.));
#12194=CARTESIAN_POINT('',(117.6503181986,40.2361932891628,0.));
#12195=CARTESIAN_POINT('',(117.6503181986,35.7361932891628,-3.));
#12196=CARTESIAN_POINT('Origin',(105.1503181986,129.236193288939,0.));
#12197=CARTESIAN_POINT('',(109.6503181986,129.236193288939,0.));
#12198=CARTESIAN_POINT('',(105.1503181986,133.736193288939,0.));
#12199=CARTESIAN_POINT('Origin',(105.1503181986,129.236193288939,0.));
#12200=CARTESIAN_POINT('',(105.1503181986,133.736193288939,-3.));
#12201=CARTESIAN_POINT('',(105.1503181986,133.736193288939,0.));
#12202=CARTESIAN_POINT('',(109.6503181986,129.236193288939,-3.));
#12203=CARTESIAN_POINT('Origin',(105.1503181986,129.236193288939,-3.));
#12204=CARTESIAN_POINT('',(109.6503181986,129.236193288939,0.));
#12205=CARTESIAN_POINT('Origin',(109.6503181986,133.736193288939,0.));
#12206=CARTESIAN_POINT('',(-86.8496818013996,133.736193288939,0.));
#12207=CARTESIAN_POINT('',(-91.3496818013996,133.736193288939,0.));
#12208=CARTESIAN_POINT('',(-86.8496818013996,133.736193288939,-3.));
#12209=CARTESIAN_POINT('',(-86.8496818013996,133.736193288939,0.));
#12210=CARTESIAN_POINT('',(-91.3496818013996,133.736193288939,-3.));
#12211=CARTESIAN_POINT('Origin',(122.1503181986,40.2361932891628,0.));
#12212=CARTESIAN_POINT('',(122.1503181986,35.7361932891628,0.));
#12213=CARTESIAN_POINT('Origin',(122.1503181986,40.2361932891628,0.));
#12214=CARTESIAN_POINT('',(122.1503181986,35.7361932891628,-3.));
#12215=CARTESIAN_POINT('',(122.1503181986,35.7361932891628,0.));
#12216=CARTESIAN_POINT('Origin',(122.1503181986,40.2361932891628,-3.));
#12217=CARTESIAN_POINT('Origin',(117.6503181986,35.7361932891628,0.));
#12218=CARTESIAN_POINT('',(340.6503181986,35.7361932891628,-3.));
#12219=CARTESIAN_POINT('',(340.6503181986,35.7361932891628,0.));
#12220=CARTESIAN_POINT('Origin',(105.1503181986,40.2361932891628,0.));
#12221=CARTESIAN_POINT('',(105.1503181986,35.7361932891628,0.));
#12222=CARTESIAN_POINT('',(109.6503181986,40.2361932891628,0.));
#12223=CARTESIAN_POINT('Origin',(105.1503181986,40.2361932891628,0.));
#12224=CARTESIAN_POINT('',(109.6503181986,40.2361932891628,-3.));
#12225=CARTESIAN_POINT('',(109.6503181986,40.2361932891628,0.));
#12226=CARTESIAN_POINT('',(105.1503181986,35.7361932891628,-3.));
#12227=CARTESIAN_POINT('Origin',(105.1503181986,40.2361932891628,-3.));
#12228=CARTESIAN_POINT('',(105.1503181986,35.7361932891628,0.));
#12229=CARTESIAN_POINT('Origin',(109.6503181986,35.7361932891628,0.));
#12230=CARTESIAN_POINT('',(109.6503181986,133.736193288939,-3.));
#12231=CARTESIAN_POINT('',(109.6503181986,133.736193288939,0.));
#12232=CARTESIAN_POINT('Origin',(-250.8496818014,129.236193288939,0.));
#12233=CARTESIAN_POINT('',(-250.8496818014,133.736193288939,0.));
#12234=CARTESIAN_POINT('',(-255.3496818014,129.236193288939,0.));
#12235=CARTESIAN_POINT('Origin',(-250.8496818014,129.236193288939,0.));
#12236=CARTESIAN_POINT('',(-255.3496818014,129.236193288939,-3.));
#12237=CARTESIAN_POINT('',(-255.3496818014,129.236193288939,0.));
#12238=CARTESIAN_POINT('',(-250.8496818014,133.736193288939,-3.));
#12239=CARTESIAN_POINT('Origin',(-250.8496818014,129.236193288939,-3.));
#12240=CARTESIAN_POINT('',(-250.8496818014,133.736193288939,0.));
#12241=CARTESIAN_POINT('Origin',(-255.3496818014,133.736193288939,0.));
#12242=CARTESIAN_POINT('',(-255.3496818014,40.2361932889452,0.));
#12243=CARTESIAN_POINT('',(-255.3496818014,35.7361932889387,0.));
#12244=CARTESIAN_POINT('',(-255.3496818014,40.2361932889452,-3.));
#12245=CARTESIAN_POINT('',(-255.3496818014,40.2361932889452,0.));
#12246=CARTESIAN_POINT('',(-255.3496818014,35.7361932889387,-3.));
#12247=CARTESIAN_POINT('Origin',(-250.8496818014,40.2361932889452,0.));
#12248=CARTESIAN_POINT('',(-250.849681801393,35.7361932889452,0.));
#12249=CARTESIAN_POINT('Origin',(-250.8496818014,40.2361932889452,0.));
#12250=CARTESIAN_POINT('',(-250.849681801393,35.7361932889452,-3.));
#12251=CARTESIAN_POINT('',(-250.849681801393,35.7361932889452,0.));
#12252=CARTESIAN_POINT('Origin',(-250.8496818014,40.2361932889452,-3.));
#12253=CARTESIAN_POINT('Origin',(-255.3496818014,35.7361932889387,0.));
#12254=CARTESIAN_POINT('',(-103.849681801393,35.7361932891563,0.));
#12255=CARTESIAN_POINT('',(-99.3496818013996,35.7361932891628,0.));
#12256=CARTESIAN_POINT('',(-103.849681801393,35.7361932891563,-3.));
#12257=CARTESIAN_POINT('',(-103.849681801393,35.7361932891563,0.));
#12258=CARTESIAN_POINT('',(-99.3496818013996,35.7361932891628,-3.));
#12259=CARTESIAN_POINT('Origin',(-103.8496818014,40.2361932891563,0.));
#12260=CARTESIAN_POINT('',(-99.3496818013996,40.2361932891563,0.));
#12261=CARTESIAN_POINT('Origin',(-103.8496818014,40.2361932891563,0.));
#12262=CARTESIAN_POINT('',(-99.3496818013996,40.2361932891563,-3.));
#12263=CARTESIAN_POINT('',(-99.3496818013996,40.2361932891563,0.));
#12264=CARTESIAN_POINT('Origin',(-103.8496818014,40.2361932891563,-3.));
#12265=CARTESIAN_POINT('Origin',(-99.3496818013996,35.7361932891628,0.));
#12266=CARTESIAN_POINT('',(-99.3496818013996,129.236193288939,0.));
#12267=CARTESIAN_POINT('',(-99.3496818013996,133.736193288939,0.));
#12268=CARTESIAN_POINT('',(-99.3496818013996,129.236193288939,-3.));
#12269=CARTESIAN_POINT('',(-99.3496818013996,129.236193288939,0.));
#12270=CARTESIAN_POINT('',(-99.3496818013996,133.736193288939,-3.));
#12271=CARTESIAN_POINT('Origin',(-86.8496818013996,40.2361932891628,0.));
#12272=CARTESIAN_POINT('',(-91.3496818013996,40.2361932891628,0.));
#12273=CARTESIAN_POINT('',(-86.8496818013996,35.7361932891628,0.));
#12274=CARTESIAN_POINT('Origin',(-86.8496818013996,40.2361932891628,0.));
#12275=CARTESIAN_POINT('',(-86.8496818013996,35.7361932891628,-3.));
#12276=CARTESIAN_POINT('',(-86.8496818013996,35.7361932891628,0.));
#12277=CARTESIAN_POINT('',(-91.3496818013996,40.2361932891628,-3.));
#12278=CARTESIAN_POINT('Origin',(-86.8496818013996,40.2361932891628,-3.));
#12279=CARTESIAN_POINT('',(-91.3496818013996,40.2361932891628,0.));
#12280=CARTESIAN_POINT('Origin',(-91.3496818013996,35.7361932891628,0.));
#12281=CARTESIAN_POINT('',(109.6503181986,35.7361932891628,-3.));
#12282=CARTESIAN_POINT('',(109.6503181986,35.7361932891628,0.));
#12283=CARTESIAN_POINT('Origin',(-86.8496818013996,129.236193288939,0.));
#12284=CARTESIAN_POINT('',(-91.3496818013996,129.236193288939,0.));
#12285=CARTESIAN_POINT('Origin',(-86.8496818013996,129.236193288939,0.));
#12286=CARTESIAN_POINT('',(-91.3496818013996,129.236193288939,-3.));
#12287=CARTESIAN_POINT('',(-91.3496818013996,129.236193288939,0.));
#12288=CARTESIAN_POINT('Origin',(-86.8496818013996,129.236193288939,-3.));
#12289=CARTESIAN_POINT('Origin',(-91.3496818013996,133.736193288939,0.));
#12290=CARTESIAN_POINT('',(-91.3496818013996,35.7361932891628,-3.));
#12291=CARTESIAN_POINT('',(-91.3496818013996,35.7361932891628,0.));
#12292=CARTESIAN_POINT('Origin',(-103.8496818014,129.236193288939,0.));
#12293=CARTESIAN_POINT('',(-103.8496818014,133.736193288939,0.));
#12294=CARTESIAN_POINT('Origin',(-103.8496818014,129.236193288939,0.));
#12295=CARTESIAN_POINT('',(-103.8496818014,133.736193288939,-3.));
#12296=CARTESIAN_POINT('',(-103.8496818014,133.736193288939,0.));
#12297=CARTESIAN_POINT('Origin',(-103.8496818014,129.236193288939,-3.));
#12298=CARTESIAN_POINT('Origin',(-99.3496818013996,133.736193288939,0.));
#12299=CARTESIAN_POINT('',(-255.3496818014,133.736193288939,-3.));
#12300=CARTESIAN_POINT('',(-255.3496818014,133.736193288939,0.));
#12301=CARTESIAN_POINT('Origin',(265.150318198598,-115.373597880333,101.805776043103));
#12302=CARTESIAN_POINT('',(260.933818198598,-116.174219607441,102.606397770211));
#12303=CARTESIAN_POINT('Origin',(265.150318198598,-116.174219607441,102.606397770211));
#12304=CARTESIAN_POINT('',(262.902318198598,-114.572976153224,101.005154315994));
#12305=CARTESIAN_POINT('',(261.918068198598,-115.373597880333,101.805776043103));
#12306=CARTESIAN_POINT('Origin',(265.150318198598,-114.572976153224,101.005154315994));
#12307=CARTESIAN_POINT('Origin',(265.150318198598,-114.760006045068,101.192184207838));
#12308=CARTESIAN_POINT('',(262.902318198598,-114.052899263882,100.485077426651));
#12309=CARTESIAN_POINT('',(262.902318198598,-114.760006045068,101.192184207838));
#12310=CARTESIAN_POINT('Origin',(265.150318198598,-114.052899263882,100.485077426651));
#12311=CARTESIAN_POINT('Origin',(-78.8496818014004,-115.373597880333,101.805776043103));
#12312=CARTESIAN_POINT('',(-83.0661818014004,-116.174219607441,102.606397770211));
#12313=CARTESIAN_POINT('Origin',(-78.8496818014004,-116.174219607441,102.606397770211));
#12314=CARTESIAN_POINT('',(-81.0976818014004,-114.572976153224,101.005154315994));
#12315=CARTESIAN_POINT('',(-82.0819318014004,-115.373597880333,101.805776043103));
#12316=CARTESIAN_POINT('Origin',(-78.8496818014004,-114.572976153224,101.005154315994));
#12317=CARTESIAN_POINT('Origin',(-78.8496818014004,-114.760006045068,101.192184207838));
#12318=CARTESIAN_POINT('',(-81.0976818014004,-114.052899263882,100.485077426651));
#12319=CARTESIAN_POINT('',(-81.0976818014004,-114.760006045068,101.192184207838));
#12320=CARTESIAN_POINT('Origin',(-78.8496818014004,-114.052899263882,100.485077426651));
#12321=CARTESIAN_POINT('Origin',(-250.8496818014,-115.373597880333,101.805776043103));
#12322=CARTESIAN_POINT('',(-255.0661818014,-116.174219607441,102.606397770211));
#12323=CARTESIAN_POINT('Origin',(-250.8496818014,-116.174219607441,102.606397770211));
#12324=CARTESIAN_POINT('',(-253.0976818014,-114.572976153224,101.005154315994));
#12325=CARTESIAN_POINT('',(-254.0819318014,-115.373597880333,101.805776043103));
#12326=CARTESIAN_POINT('Origin',(-250.8496818014,-114.572976153224,101.005154315994));
#12327=CARTESIAN_POINT('Origin',(-250.8496818014,-114.760006045068,101.192184207838));
#12328=CARTESIAN_POINT('',(-253.0976818014,-114.052899263882,100.485077426651));
#12329=CARTESIAN_POINT('',(-253.0976818014,-114.760006045068,101.192184207838));
#12330=CARTESIAN_POINT('Origin',(-250.8496818014,-114.052899263882,100.485077426651));
#12331=CARTESIAN_POINT('Origin',(93.1503181985988,-115.373597880333,101.805776043103));
#12332=CARTESIAN_POINT('',(88.9338181985988,-116.174219607441,102.606397770211));
#12333=CARTESIAN_POINT('Origin',(93.1503181985988,-116.174219607441,102.606397770211));
#12334=CARTESIAN_POINT('',(90.9023181985988,-114.572976153224,101.005154315994));
#12335=CARTESIAN_POINT('',(89.9180681985988,-115.373597880333,101.805776043103));
#12336=CARTESIAN_POINT('Origin',(93.1503181985988,-114.572976153224,101.005154315994));
#12337=CARTESIAN_POINT('Origin',(93.1503181985988,-114.760006045068,101.192184207838));
#12338=CARTESIAN_POINT('',(90.9023181985988,-114.052899263882,100.485077426651));
#12339=CARTESIAN_POINT('',(90.9023181985988,-114.760006045068,101.192184207838));
#12340=CARTESIAN_POINT('Origin',(93.1503181985988,-114.052899263882,100.485077426651));
#12341=CARTESIAN_POINT('Origin',(437.150318198597,-115.373597880333,101.805776043103));
#12342=CARTESIAN_POINT('',(432.933818198597,-116.174219607441,102.606397770211));
#12343=CARTESIAN_POINT('Origin',(437.150318198597,-116.174219607441,102.606397770211));
#12344=CARTESIAN_POINT('',(434.902318198597,-114.572976153224,101.005154315994));
#12345=CARTESIAN_POINT('',(433.918068198597,-115.373597880333,101.805776043103));
#12346=CARTESIAN_POINT('Origin',(437.150318198597,-114.572976153225,101.005154315994));
#12347=CARTESIAN_POINT('Origin',(437.150318198597,-114.760006045068,101.192184207838));
#12348=CARTESIAN_POINT('',(434.902318198597,-114.052899263882,100.485077426651));
#12349=CARTESIAN_POINT('',(434.902318198597,-114.760006045068,101.192184207838));
#12350=CARTESIAN_POINT('Origin',(437.150318198597,-114.052899263882,100.485077426651));
#12351=CARTESIAN_POINT('Origin',(265.1503181986,255.82724037362,-7.2070091646583));
#12352=CARTESIAN_POINT('',(260.933818198601,256.627862100727,-6.40638743755083));
#12353=CARTESIAN_POINT('Origin',(265.1503181986,256.627862100727,-6.40638743755084));
#12354=CARTESIAN_POINT('',(262.9023181986,255.026618646511,-8.00763089176671));
#12355=CARTESIAN_POINT('',(261.9180681986,255.82724037362,-7.2070091646583));
#12356=CARTESIAN_POINT('Origin',(265.1503181986,255.026618646511,-8.0076308917667));
#12357=CARTESIAN_POINT('Origin',(265.1503181986,255.213648538355,-7.82060099992299));
#12358=CARTESIAN_POINT('',(262.9023181986,254.506541757168,-8.52770778111041));
#12359=CARTESIAN_POINT('',(262.9023181986,255.213648538355,-7.82060099992299));
#12360=CARTESIAN_POINT('Origin',(265.1503181986,254.506541757168,-8.52770778111041));
#12361=CARTESIAN_POINT('Origin',(-78.8496818013986,255.827240373619,-7.20700916465775));
#12362=CARTESIAN_POINT('',(-83.0661818013974,256.627862100727,-6.40638743755028));
#12363=CARTESIAN_POINT('Origin',(-78.8496818013986,256.627862100727,-6.40638743755029));
#12364=CARTESIAN_POINT('',(-81.0976818013986,255.026618646511,-8.00763089176616));
#12365=CARTESIAN_POINT('',(-82.0819318013986,255.827240373619,-7.20700916465775));
#12366=CARTESIAN_POINT('Origin',(-78.8496818013986,255.026618646511,-8.00763089176615));
#12367=CARTESIAN_POINT('Origin',(-78.8496818013986,255.213648538355,-7.82060099992244));
#12368=CARTESIAN_POINT('',(-81.0976818013986,254.506541757167,-8.52770778110986));
#12369=CARTESIAN_POINT('',(-81.0976818013986,255.213648538355,-7.82060099992244));
#12370=CARTESIAN_POINT('Origin',(-78.8496818013986,254.506541757167,-8.52770778110986));
#12371=CARTESIAN_POINT('Origin',(-250.849681801398,255.827240373619,-7.20700916465775));
#12372=CARTESIAN_POINT('',(-255.066181801397,256.627862100727,-6.40638743755026));
#12373=CARTESIAN_POINT('Origin',(-250.849681801398,256.627862100727,-6.40638743755028));
#12374=CARTESIAN_POINT('',(-253.097681801398,255.026618646511,-8.00763089176616));
#12375=CARTESIAN_POINT('',(-254.081931801398,255.827240373619,-7.20700916465775));
#12376=CARTESIAN_POINT('Origin',(-250.849681801398,255.026618646511,-8.00763089176615));
#12377=CARTESIAN_POINT('Origin',(-250.849681801398,255.213648538355,-7.82060099992244));
#12378=CARTESIAN_POINT('',(-253.097681801398,254.506541757167,-8.52770778110985));
#12379=CARTESIAN_POINT('',(-253.097681801398,255.213648538355,-7.82060099992244));
#12380=CARTESIAN_POINT('Origin',(-250.849681801398,254.506541757167,-8.52770778110985));
#12381=CARTESIAN_POINT('Origin',(93.1503181986007,255.827240373619,-7.20700916465775));
#12382=CARTESIAN_POINT('',(88.9338181986018,256.627862100727,-6.40638743755027));
#12383=CARTESIAN_POINT('Origin',(93.1503181986007,256.627862100727,-6.40638743755029));
#12384=CARTESIAN_POINT('',(90.9023181986007,255.026618646511,-8.00763089176616));
#12385=CARTESIAN_POINT('',(89.9180681986007,255.827240373619,-7.20700916465775));
#12386=CARTESIAN_POINT('Origin',(93.1503181986007,255.026618646511,-8.00763089176615));
#12387=CARTESIAN_POINT('Origin',(93.1503181986007,255.213648538355,-7.82060099992244));
#12388=CARTESIAN_POINT('',(90.9023181986007,254.506541757167,-8.52770778110985));
#12389=CARTESIAN_POINT('',(90.9023181986007,255.213648538355,-7.82060099992244));
#12390=CARTESIAN_POINT('Origin',(93.1503181986007,254.506541757167,-8.52770778110985));
#12391=CARTESIAN_POINT('Origin',(437.150318198599,255.82724037362,-7.20700916465885));
#12392=CARTESIAN_POINT('',(432.9338181986,256.627862100728,-6.40638743755136));
#12393=CARTESIAN_POINT('Origin',(437.150318198599,256.627862100728,-6.40638743755138));
#12394=CARTESIAN_POINT('',(434.902318198599,255.026618646512,-8.00763089176726));
#12395=CARTESIAN_POINT('',(433.918068198599,255.82724037362,-7.20700916465885));
#12396=CARTESIAN_POINT('Origin',(437.150318198599,255.026618646512,-8.00763089176725));
#12397=CARTESIAN_POINT('Origin',(437.150318198599,255.213648538356,-7.82060099992354));
#12398=CARTESIAN_POINT('',(434.902318198599,254.506541757168,-8.52770778111095));
#12399=CARTESIAN_POINT('',(434.902318198599,255.213648538356,-7.82060099992354));
#12400=CARTESIAN_POINT('Origin',(437.150318198599,254.506541757168,-8.52770778111095));
#12401=CARTESIAN_POINT('Origin',(-109.3496818014,-103.578561230349,76.7878425849301));
#12402=CARTESIAN_POINT('',(-109.3496818014,-80.4719595125503,102.722871427474));
#12403=CARTESIAN_POINT('',(-111.3496818014,-79.0577459501772,101.308657865101));
#12404=CARTESIAN_POINT('Origin',(-109.3496818014,-79.0577459501767,101.308657865102));
#12405=CARTESIAN_POINT('',(-111.3496818014,-76.9364256066175,103.429978208661));
#12406=CARTESIAN_POINT('',(-111.3496818014,-103.578561230349,76.7878425849301));
#12407=CARTESIAN_POINT('',(-109.3496818014,-78.3506391689906,104.844191771034));
#12408=CARTESIAN_POINT('Origin',(-109.3496818014,-76.936425606617,103.429978208661));
#12409=CARTESIAN_POINT('',(-109.3496818014,-104.992774792722,78.2020561473032));
#12410=CARTESIAN_POINT('Origin',(-111.3496818014,-52.666872984918,25.8761543394981));
#12411=CARTESIAN_POINT('',(-111.3496818014,-29.5602712671188,51.811183182043));
#12412=CARTESIAN_POINT('',(-111.3496818014,-29.0410646880517,51.2919766029759));
#12413=CARTESIAN_POINT('',(-111.3496818014,-27.4389509235591,53.9325035256026));
#12414=CARTESIAN_POINT('',(-111.3496818014,-54.0810865472911,27.2903679018713));
#12415=CARTESIAN_POINT('',(-111.3496818014,-26.919744344492,53.4132969465355));
#12416=CARTESIAN_POINT('Origin',(-107.349681801399,-103.578561230349,76.7878425849301));
#12417=CARTESIAN_POINT('',(-105.349681801399,-79.0577459501772,101.308657865101));
#12418=CARTESIAN_POINT('',(-107.349681801399,-80.4719595125503,102.722871427474));
#12419=CARTESIAN_POINT('Origin',(-107.349681801399,-79.0577459501767,101.308657865102));
#12420=CARTESIAN_POINT('',(-107.349681801399,-78.3506391689906,104.844191771034));
#12421=CARTESIAN_POINT('',(-107.349681801399,-104.992774792722,78.2020561473032));
#12422=CARTESIAN_POINT('',(-105.349681801399,-76.9364256066175,103.429978208661));
#12423=CARTESIAN_POINT('Origin',(-107.349681801399,-76.936425606617,103.429978208661));
#12424=CARTESIAN_POINT('',(-105.349681801399,-103.578561230349,76.7878425849301));
#12425=CARTESIAN_POINT('Origin',(-111.3496818014,-104.992774792722,78.2020561473032));
#12426=CARTESIAN_POINT('',(-9.09968180140009,-78.3506391689906,104.844191771034));
#12427=CARTESIAN_POINT('',(-9.09968180140009,-80.4719595125503,102.722871427474));
#12428=CARTESIAN_POINT('Origin',(-107.3496818014,-54.0810865472911,27.2903679018712));
#12429=CARTESIAN_POINT('',(-107.3496818014,-28.1460577047457,50.3969696196699));
#12430=CARTESIAN_POINT('',(-105.3496818014,-29.5602712671188,51.811183182043));
#12431=CARTESIAN_POINT('Origin',(-107.3496818014,-29.5602712671188,51.811183182043));
#12432=CARTESIAN_POINT('',(-105.3496818014,-27.4389509235591,53.9325035256026));
#12433=CARTESIAN_POINT('',(-105.3496818014,-54.0810865472911,27.2903679018712));
#12434=CARTESIAN_POINT('',(-107.3496818014,-26.0247373611861,52.5182899632295));
#12435=CARTESIAN_POINT('Origin',(-107.3496818014,-27.4389509235591,53.9325035256026));
#12436=CARTESIAN_POINT('',(-107.3496818014,-52.666872984918,25.8761543394981));
#12437=CARTESIAN_POINT('Origin',(-105.349681801399,-104.992774792722,78.2020561473032));
#12438=CARTESIAN_POINT('',(-105.3496818014,-53.0826952483945,79.5762478504379));
#12439=CARTESIAN_POINT('',(-105.3496818014,-55.2040155919541,77.4549275068782));
#12440=CARTESIAN_POINT('Origin',(-109.3496818014,-54.0810865472911,27.2903679018713));
#12441=CARTESIAN_POINT('',(-109.3496818014,-28.1460577047457,50.3969696196699));
#12442=CARTESIAN_POINT('Origin',(-109.3496818014,-29.5602712671188,51.811183182043));
#12443=CARTESIAN_POINT('',(-109.3496818014,-26.0247373611861,52.5182899632295));
#12444=CARTESIAN_POINT('',(-109.3496818014,-52.666872984918,25.8761543394981));
#12445=CARTESIAN_POINT('Origin',(-109.3496818014,-27.4389509235592,53.9325035256026));
#12446=CARTESIAN_POINT('Origin',(-105.3496818014,-52.666872984918,25.8761543394981));
#12447=CARTESIAN_POINT('',(-6.09968180140006,-26.0247373611861,52.5182899632295));
#12448=CARTESIAN_POINT('',(-6.09968180140006,-28.1460577047457,50.3969696196699));
#12449=CARTESIAN_POINT('Origin',(-210.3496818014,-103.578561230349,76.7878425849301));
#12450=CARTESIAN_POINT('',(-208.3496818014,-79.0577459501772,101.308657865101));
#12451=CARTESIAN_POINT('',(-210.3496818014,-80.4719595125503,102.722871427474));
#12452=CARTESIAN_POINT('Origin',(-210.3496818014,-79.0577459501767,101.308657865102));
#12453=CARTESIAN_POINT('',(-210.3496818014,-78.3506391689906,104.844191771034));
#12454=CARTESIAN_POINT('',(-210.3496818014,-104.992774792722,78.2020561473032));
#12455=CARTESIAN_POINT('',(-208.3496818014,-76.9364256066175,103.429978208661));
#12456=CARTESIAN_POINT('Origin',(-210.3496818014,-76.936425606617,103.429978208661));
#12457=CARTESIAN_POINT('',(-208.3496818014,-103.578561230349,76.7878425849301));
#12458=CARTESIAN_POINT('Origin',(-214.3496818014,-104.992774792722,78.2020561473032));
#12459=CARTESIAN_POINT('',(-212.3496818014,-80.4719595125503,102.722871427474));
#12460=CARTESIAN_POINT('',(-60.5996818014001,-80.4719595125503,102.722871427474));
#12461=CARTESIAN_POINT('',(-212.3496818014,-78.3506391689906,104.844191771034));
#12462=CARTESIAN_POINT('',(-212.3496818014,-104.992774792722,78.2020561473032));
#12463=CARTESIAN_POINT('',(-60.5996818014001,-78.3506391689906,104.844191771034));
#12464=CARTESIAN_POINT('Origin',(-212.3496818014,-103.578561230349,76.7878425849301));
#12465=CARTESIAN_POINT('',(-214.3496818014,-79.0577459501772,101.308657865101));
#12466=CARTESIAN_POINT('Origin',(-212.3496818014,-79.0577459501767,101.308657865102));
#12467=CARTESIAN_POINT('',(-214.3496818014,-76.9364256066175,103.429978208661));
#12468=CARTESIAN_POINT('',(-214.3496818014,-103.578561230349,76.7878425849301));
#12469=CARTESIAN_POINT('Origin',(-212.3496818014,-76.936425606617,103.429978208661));
#12470=CARTESIAN_POINT('Origin',(-214.3496818014,-52.666872984918,25.8761543394981));
#12471=CARTESIAN_POINT('',(-214.3496818014,-29.5602712671188,51.811183182043));
#12472=CARTESIAN_POINT('',(-214.3496818014,-29.0410646880517,51.2919766029759));
#12473=CARTESIAN_POINT('',(-214.3496818014,-27.4389509235591,53.9325035256026));
#12474=CARTESIAN_POINT('',(-214.3496818014,-54.0810865472911,27.2903679018713));
#12475=CARTESIAN_POINT('',(-214.3496818014,-26.919744344492,53.4132969465355));
#12476=CARTESIAN_POINT('Origin',(-212.3496818014,-54.0810865472911,27.2903679018713));
#12477=CARTESIAN_POINT('',(-212.3496818014,-28.1460577047457,50.3969696196699));
#12478=CARTESIAN_POINT('Origin',(-212.3496818014,-29.5602712671188,51.811183182043));
#12479=CARTESIAN_POINT('',(-212.3496818014,-26.024737361186,52.5182899632295));
#12480=CARTESIAN_POINT('',(-212.3496818014,-52.666872984918,25.8761543394981));
#12481=CARTESIAN_POINT('Origin',(-212.3496818014,-27.4389509235592,53.9325035256026));
#12482=CARTESIAN_POINT('Origin',(-208.3496818014,-52.666872984918,25.8761543394981));
#12483=CARTESIAN_POINT('',(-210.3496818014,-28.1460577047457,50.3969696196699));
#12484=CARTESIAN_POINT('',(-57.5996818014,-28.1460577047457,50.3969696196699));
#12485=CARTESIAN_POINT('',(-210.3496818014,-26.024737361186,52.5182899632295));
#12486=CARTESIAN_POINT('',(-210.3496818014,-52.666872984918,25.8761543394981));
#12487=CARTESIAN_POINT('',(-57.5996818014,-26.024737361186,52.5182899632295));
#12488=CARTESIAN_POINT('Origin',(-210.3496818014,-54.0810865472911,27.2903679018713));
#12489=CARTESIAN_POINT('',(-208.3496818014,-29.5602712671188,51.811183182043));
#12490=CARTESIAN_POINT('Origin',(-210.3496818014,-29.5602712671188,51.811183182043));
#12491=CARTESIAN_POINT('',(-208.3496818014,-27.4389509235591,53.9325035256026));
#12492=CARTESIAN_POINT('',(-208.3496818014,-54.0810865472911,27.2903679018713));
#12493=CARTESIAN_POINT('Origin',(-210.3496818014,-27.4389509235592,53.9325035256026));
#12494=CARTESIAN_POINT('Origin',(-208.3496818014,-104.992774792722,78.2020561473032));
#12495=CARTESIAN_POINT('',(-208.3496818014,-53.0826952483943,79.5762478504377));
#12496=CARTESIAN_POINT('',(-208.3496818014,-55.2040155919539,77.4549275068781));
#12497=CARTESIAN_POINT('Origin',(-245.3496818014,-87.3151052630585,60.5243866176393));
#12498=CARTESIAN_POINT('',(-251.3496818014,-62.7942899828862,85.0452018978111));
#12499=CARTESIAN_POINT('Origin',(-245.3496818014,-62.7942899828862,85.0452018978111));
#12500=CARTESIAN_POINT('',(-251.3496818014,-60.6729696393266,87.1665222413707));
#12501=CARTESIAN_POINT('',(-251.3496818014,-87.3151052630585,60.5243866176393));
#12502=CARTESIAN_POINT('Origin',(-245.3496818014,-60.6729696393266,87.1665222413707));
#12503=CARTESIAN_POINT('Origin',(395.150318198602,-16.9371652548257,-9.85355339059478));
#12504=CARTESIAN_POINT('',(389.150318198602,7.58365002534648,14.6672618895769));
#12505=CARTESIAN_POINT('Origin',(395.150318198602,7.58365002534648,14.6672618895769));
#12506=CARTESIAN_POINT('',(389.150318198602,9.70497036890615,16.7885822331366));
#12507=CARTESIAN_POINT('',(389.150318198602,-16.9371652548257,-9.85355339059478));
#12508=CARTESIAN_POINT('Origin',(395.150318198602,9.70497036890615,16.7885822331366));
#12509=CARTESIAN_POINT('Origin',(395.150318198608,-36.9129318233461,10.122213177926));
#12510=CARTESIAN_POINT('',(391.025318198608,-12.3921165431739,34.6430284580977));
#12511=CARTESIAN_POINT('Origin',(395.150318198608,-12.3921165431739,34.6430284580977));
#12512=CARTESIAN_POINT('',(391.025318198608,-10.2707961996142,36.7643488016573));
#12513=CARTESIAN_POINT('',(391.025318198608,-36.9129318233461,10.122213177926));
#12514=CARTESIAN_POINT('Origin',(395.150318198608,-10.2707961996142,36.7643488016573));
#12515=CARTESIAN_POINT('Origin',(305.150318198599,-54.4346399378843,27.6439212924645));
#12516=CARTESIAN_POINT('',(303.900318198599,-29.913824657712,52.1647365726362));
#12517=CARTESIAN_POINT('Origin',(305.150318198599,-29.913824657712,52.1647365726362));
#12518=CARTESIAN_POINT('',(303.900318198599,-27.7925043141524,54.2860569161958));
#12519=CARTESIAN_POINT('',(303.900318198599,-54.4346399378843,27.6439212924645));
#12520=CARTESIAN_POINT('Origin',(305.150318198599,-27.7925043141524,54.2860569161958));
#12521=CARTESIAN_POINT('Origin',(-82.3496818600951,-104.982367152636,78.1916485072175));
#12522=CARTESIAN_POINT('',(268.650318139905,-78.3402315289049,104.833784130948));
#12523=CARTESIAN_POINT('',(-82.3496818600951,-78.3402315289049,104.833784130948));
#12524=CARTESIAN_POINT('',(5.40031816925218,-78.3402315289049,104.833784130948));
#12525=CARTESIAN_POINT('',(268.650318139905,-80.4615518724646,102.712463787389));
#12526=CARTESIAN_POINT('',(268.650318139905,-104.982367152636,78.1916485072175));
#12527=CARTESIAN_POINT('',(-82.3496818600951,-80.4615518724646,102.712463787389));
#12528=CARTESIAN_POINT('',(5.40031816925218,-80.4615518724645,102.712463787389));
#12529=CARTESIAN_POINT('',(-82.3496818600951,-104.982367152636,78.1916485072175));
#12530=CARTESIAN_POINT('Origin',(-82.3496818600951,-100.03261968433,73.2419010389116));
#12531=CARTESIAN_POINT('',(-89.3496818600951,-73.3904840605991,99.8840366626425));
#12532=CARTESIAN_POINT('Origin',(-82.3496818600951,-73.3904840605986,99.884036662643));
#12533=CARTESIAN_POINT('',(-89.3496818600951,-75.5118044041588,97.7627163190829));
#12534=CARTESIAN_POINT('Origin',(-82.3496818600951,-75.5118044041582,97.7627163190833));
#12535=CARTESIAN_POINT('',(-89.3496818600951,-100.03261968433,73.2419010389116));
#12536=CARTESIAN_POINT('Origin',(-89.3496818600951,-9.52295169245327,-17.2677669529674));
#12537=CARTESIAN_POINT('',(-89.3496818600951,17.1191839312791,9.37436867076444));
#12538=CARTESIAN_POINT('',(-89.3496818600951,-5.34778369825945,31.841336300303));
#12539=CARTESIAN_POINT('',(-89.3496818600951,14.9978635877195,7.25304832720481));
#12540=CARTESIAN_POINT('',(-89.3496818600951,-7.46910404181909,29.7200159567433));
#12541=CARTESIAN_POINT('',(-89.3496818600951,-9.52295169245327,-17.2677669529674));
#12542=CARTESIAN_POINT('Origin',(-82.3496818600951,-9.52295169245327,-17.2677669529674));
#12543=CARTESIAN_POINT('',(-82.3496818600951,22.068931399585,4.4246212024586));
#12544=CARTESIAN_POINT('Origin',(-82.3496818600951,17.1191839312786,9.37436867076394));
#12545=CARTESIAN_POINT('',(-82.3496818600951,19.9476110560253,2.30330085889899));
#12546=CARTESIAN_POINT('Origin',(-82.3496818600951,14.997863587719,7.25304832720431));
#12547=CARTESIAN_POINT('',(-82.3496818600951,-4.57320422414749,-22.2175144212733));
#12548=CARTESIAN_POINT('Origin',(268.650318139905,-4.57320422414747,-22.2175144212733));
#12549=CARTESIAN_POINT('',(268.650318139905,22.068931399585,4.42462120245858));
#12550=CARTESIAN_POINT('',(180.900318169252,22.068931399585,4.42462120245857));
#12551=CARTESIAN_POINT('',(268.650318139905,19.9476110560253,2.30330085889896));
#12552=CARTESIAN_POINT('',(180.900318169252,19.9476110560253,2.30330085889896));
#12553=CARTESIAN_POINT('',(268.650318139905,-4.57320422414747,-22.2175144212733));
#12554=CARTESIAN_POINT('Origin',(268.650318139905,-9.5229516924532,-17.2677669529675));
#12555=CARTESIAN_POINT('',(275.650318139905,17.1191839312792,9.37436867076436));
#12556=CARTESIAN_POINT('Origin',(268.650318139905,17.1191839312787,9.37436867076388));
#12557=CARTESIAN_POINT('',(275.650318139905,14.9978635877195,7.25304832720474));
#12558=CARTESIAN_POINT('Origin',(268.650318139905,14.997863587719,7.25304832720426));
#12559=CARTESIAN_POINT('',(275.650318139905,-9.5229516924532,-17.2677669529675));
#12560=CARTESIAN_POINT('Origin',(275.650318139905,-100.03261968433,73.2419010389116));
#12561=CARTESIAN_POINT('',(275.650318139905,-73.3904840605991,99.8840366626425));
#12562=CARTESIAN_POINT('',(275.650318139905,-50.6026176941986,77.096170296242));
#12563=CARTESIAN_POINT('',(275.650318139905,-75.5118044041588,97.7627163190828));
#12564=CARTESIAN_POINT('',(275.650318139905,-52.7239380377582,74.9748499526823));
#12565=CARTESIAN_POINT('',(275.650318139905,-100.03261968433,73.2419010389116));
#12566=CARTESIAN_POINT('Origin',(268.650318139905,-100.03261968433,73.2419010389116));
#12567=CARTESIAN_POINT('Origin',(268.650318139905,-73.3904840605986,99.884036662643));
#12568=CARTESIAN_POINT('Origin',(268.650318139905,-75.5118044041583,97.7627163190834));
#12569=CARTESIAN_POINT('Origin',(338.150318198597,-77.7691637170399,50.9784450716206));
#12570=CARTESIAN_POINT('',(336.900318198597,-53.2483484368677,75.4992603517923));
#12571=CARTESIAN_POINT('Origin',(338.150318198597,-53.2483484368677,75.4992603517923));
#12572=CARTESIAN_POINT('',(336.900318198597,-51.127028093308,77.620580695352));
#12573=CARTESIAN_POINT('',(336.900318198597,-77.7691637170399,50.9784450716206));
#12574=CARTESIAN_POINT('Origin',(338.150318198597,-51.127028093308,77.620580695352));
#12575=CARTESIAN_POINT('Origin',(369.150318198608,-36.9129318233461,10.122213177926));
#12576=CARTESIAN_POINT('',(365.025318198608,-12.3921165431739,34.6430284580977));
#12577=CARTESIAN_POINT('Origin',(369.150318198608,-12.3921165431739,34.6430284580977));
#12578=CARTESIAN_POINT('',(365.025318198608,-10.2707961996142,36.7643488016573));
#12579=CARTESIAN_POINT('',(365.025318198608,-36.9129318233461,10.122213177926));
#12580=CARTESIAN_POINT('Origin',(369.150318198608,-10.2707961996142,36.7643488016573));
#12581=CARTESIAN_POINT('Origin',(421.150318198602,-16.9371652548257,-9.85355339059478));
#12582=CARTESIAN_POINT('',(415.150318198602,7.58365002534648,14.6672618895769));
#12583=CARTESIAN_POINT('Origin',(421.150318198602,7.58365002534648,14.6672618895769));
#12584=CARTESIAN_POINT('',(415.150318198602,9.70497036890615,16.7885822331366));
#12585=CARTESIAN_POINT('',(415.150318198602,-16.9371652548257,-9.85355339059478));
#12586=CARTESIAN_POINT('Origin',(421.150318198602,9.70497036890615,16.7885822331366));
#12587=CARTESIAN_POINT('Origin',(369.150318198602,-16.9371652548257,-9.85355339059478));
#12588=CARTESIAN_POINT('',(363.150318198602,7.58365002534648,14.6672618895769));
#12589=CARTESIAN_POINT('Origin',(369.150318198602,7.58365002534648,14.6672618895769));
#12590=CARTESIAN_POINT('',(363.150318198602,9.70497036890615,16.7885822331366));
#12591=CARTESIAN_POINT('',(363.150318198602,-16.9371652548257,-9.85355339059478));
#12592=CARTESIAN_POINT('Origin',(369.150318198602,9.70497036890615,16.7885822331366));
#12593=CARTESIAN_POINT('Origin',(421.150318198608,-36.9129318233461,10.122213177926));
#12594=CARTESIAN_POINT('',(417.025318198608,-12.3921165431739,34.6430284580977));
#12595=CARTESIAN_POINT('Origin',(421.150318198608,-12.3921165431739,34.6430284580977));
#12596=CARTESIAN_POINT('',(417.025318198608,-10.2707961996142,36.7643488016573));
#12597=CARTESIAN_POINT('',(417.025318198608,-36.9129318233461,10.122213177926));
#12598=CARTESIAN_POINT('Origin',(421.150318198608,-10.2707961996142,36.7643488016573));
#12599=CARTESIAN_POINT('Origin',(338.150318198598,-54.434639937885,27.6439212924653));
#12600=CARTESIAN_POINT('',(336.900318198598,-29.9138246577128,52.164736572637));
#12601=CARTESIAN_POINT('Origin',(338.150318198598,-29.9138246577128,52.164736572637));
#12602=CARTESIAN_POINT('',(336.900318198598,-27.7925043141531,54.2860569161966));
#12603=CARTESIAN_POINT('',(336.900318198598,-54.434639937885,27.6439212924653));
#12604=CARTESIAN_POINT('Origin',(338.150318198598,-27.7925043141531,54.2860569161966));
#12605=CARTESIAN_POINT('Origin',(321.650318198599,-66.1019018274623,39.3111831820427));
#12606=CARTESIAN_POINT('',(301.150318198599,-41.58108654729,63.8319984622145));
#12607=CARTESIAN_POINT('Origin',(321.650318198599,-41.58108654729,63.8319984622145));
#12608=CARTESIAN_POINT('',(301.150318198599,-39.4597662037304,65.9533188057741));
#12609=CARTESIAN_POINT('',(301.150318198599,-66.1019018274623,39.3111831820427));
#12610=CARTESIAN_POINT('Origin',(321.650318198599,-39.4597662037304,65.9533188057741));
#12611=CARTESIAN_POINT('Origin',(305.150318198599,-77.7691637170401,50.9784450716208));
#12612=CARTESIAN_POINT('',(303.900318198599,-53.2483484368679,75.4992603517925));
#12613=CARTESIAN_POINT('Origin',(305.150318198599,-53.2483484368679,75.4992603517925));
#12614=CARTESIAN_POINT('',(303.900318198599,-51.1270280933082,77.6205806953521));
#12615=CARTESIAN_POINT('',(303.900318198599,-77.7691637170401,50.9784450716208));
#12616=CARTESIAN_POINT('Origin',(305.150318198599,-51.1270280933082,77.6205806953521));
#12617=CARTESIAN_POINT('Origin',(431.650318198599,-87.3151052630611,60.524386617642));
#12618=CARTESIAN_POINT('',(425.650318198599,-62.7942899828889,85.0452018978137));
#12619=CARTESIAN_POINT('Origin',(431.650318198599,-62.7942899828889,85.0452018978137));
#12620=CARTESIAN_POINT('',(425.650318198599,-60.6729696393292,87.1665222413733));
#12621=CARTESIAN_POINT('',(425.650318198599,-87.3151052630611,60.524386617642));
#12622=CARTESIAN_POINT('Origin',(431.650318198599,-60.6729696393292,87.1665222413733));
#12623=CARTESIAN_POINT('Origin',(-211.349681860095,-96.1435323878042,110.137084989848));
#12624=CARTESIAN_POINT('',(-203.349681860095,-96.1435323878042,110.137084989848));
#12625=CARTESIAN_POINT('Origin',(-211.349681860095,-96.1435323878042,110.137084989848));
#12626=CARTESIAN_POINT('',(-203.349681860095,-96.1435323878043,107.137084989848));
#12627=CARTESIAN_POINT('',(-203.349681860095,-96.1435323878042,110.137084989848));
#12628=CARTESIAN_POINT('Origin',(-211.349681860095,-96.1435323878043,107.137084989848));
#12629=CARTESIAN_POINT('Origin',(431.650318139903,-96.1435323878042,110.137084989848));
#12630=CARTESIAN_POINT('',(439.650318139903,-96.1435323878042,110.137084989848));
#12631=CARTESIAN_POINT('Origin',(431.650318139903,-96.1435323878042,110.137084989848));
#12632=CARTESIAN_POINT('',(439.650318139903,-96.1435323878042,107.137084989848));
#12633=CARTESIAN_POINT('',(439.650318139903,-96.1435323878042,110.137084989848));
#12634=CARTESIAN_POINT('Origin',(431.650318139903,-96.1435323878042,107.137084989848));
#12635=CARTESIAN_POINT('Origin',(-245.349681860095,-96.1435323878042,110.137084989848));
#12636=CARTESIAN_POINT('',(-237.349681860095,-96.1435323878042,110.137084989848));
#12637=CARTESIAN_POINT('Origin',(-245.349681860095,-96.1435323878042,110.137084989848));
#12638=CARTESIAN_POINT('',(-237.349681860095,-96.1435323878042,107.137084989848));
#12639=CARTESIAN_POINT('',(-237.349681860095,-96.1435323878042,110.137084989848));
#12640=CARTESIAN_POINT('Origin',(-245.349681860095,-96.1435323878042,107.137084989848));
#12641=CARTESIAN_POINT('Origin',(-108.349681860095,-96.1435323878042,110.137084989848));
#12642=CARTESIAN_POINT('',(-100.349681860095,-96.1435323878042,110.137084989848));
#12643=CARTESIAN_POINT('Origin',(-108.349681860095,-96.1435323878042,110.137084989848));
#12644=CARTESIAN_POINT('',(-100.349681860095,-96.1435323878043,107.137084989848));
#12645=CARTESIAN_POINT('',(-100.349681860095,-96.1435323878042,110.137084989848));
#12646=CARTESIAN_POINT('Origin',(-108.349681860095,-96.1435323878043,107.137084989848));
#12647=CARTESIAN_POINT('Origin',(-259.3496818014,-116.421706980856,98.1162697096766));
#12648=CARTESIAN_POINT('',(-259.3496818014,-122.785668011535,95.994949366117));
#12649=CARTESIAN_POINT('',(-265.3496818014,-118.543027324416,100.237590053236));
#12650=CARTESIAN_POINT('Origin',(-259.3496818014,-118.543027324416,100.237590053236));
#12651=CARTESIAN_POINT('',(-265.3496818014,-116.421706980856,98.1162697096766));
#12652=CARTESIAN_POINT('',(-265.3496818014,-116.421706980856,98.1162697096766));
#12653=CARTESIAN_POINT('',(-259.3496818014,-120.664347667976,93.8736290225573));
#12654=CARTESIAN_POINT('Origin',(-259.3496818014,-116.421706980856,98.1162697096766));
#12655=CARTESIAN_POINT('',(-259.3496818014,-120.664347667976,93.8736290225573));
#12656=CARTESIAN_POINT('Origin',(-265.3496818014,-120.664347667976,93.8736290225573));
#12657=CARTESIAN_POINT('',(445.650318198599,-120.664347667976,93.8736290225574));
#12658=CARTESIAN_POINT('',(451.650318198599,-120.664347667976,93.8736290225574));
#12659=CARTESIAN_POINT('',(445.650318198599,-122.785668011535,95.9949493661171));
#12660=CARTESIAN_POINT('',(445.650318198599,-120.664347667976,93.8736290225573));
#12661=CARTESIAN_POINT('',(451.650318198599,-122.785668011535,95.9949493661171));
#12662=CARTESIAN_POINT('Origin',(93.1503181985994,-113.272381119248,101.265595571285));
#12663=CARTESIAN_POINT('',(-265.3496818014,-108.279571357125,106.258405333407));
#12664=CARTESIAN_POINT('',(-265.3496818014,-98.6829442107032,115.855032479829));
#12665=CARTESIAN_POINT('',(451.650318198598,-108.279571357125,106.258405333407));
#12666=CARTESIAN_POINT('',(93.1503181985994,-108.279571357125,106.258405333407));
#12667=CARTESIAN_POINT('',(451.650318198598,-116.421706980856,98.1162697096766));
#12668=CARTESIAN_POINT('',(451.650318198598,-98.6829442107033,115.855032479829));
#12669=CARTESIAN_POINT('Origin',(445.650318198599,-116.421706980856,98.1162697096766));
#12670=CARTESIAN_POINT('Origin',(445.650318198599,-116.421706980856,98.1162697096766));
#12671=CARTESIAN_POINT('',(451.650318198599,-118.543027324416,100.237590053236));
#12672=CARTESIAN_POINT('Origin',(445.650318198599,-118.543027324416,100.237590053236));
#12673=CARTESIAN_POINT('',(451.650318198599,-116.421706980856,98.1162697096766));
#12674=CARTESIAN_POINT('Origin',(451.650318198599,-120.664347667976,93.8736290225574));
#12675=CARTESIAN_POINT('',(451.650318198599,-110.400891700685,108.379725676967));
#12676=CARTESIAN_POINT('',(451.650318198599,-108.746261832709,106.725095808991));
#12677=CARTESIAN_POINT('',(451.650318198599,-110.400891700685,108.379725676967));
#12678=CARTESIAN_POINT('Origin',(93.1503181986014,247.736193288938,-6.00000000000011));
#12679=CARTESIAN_POINT('',(-265.349681801398,251.978833976057,-1.75735931288084));
#12680=CARTESIAN_POINT('',(451.650318198601,251.978833976057,-1.75735931288077));
#12681=CARTESIAN_POINT('',(93.1503181986014,251.978833976057,-1.75735931288084));
#12682=CARTESIAN_POINT('',(-265.349681801398,247.736193288938,0.));
#12683=CARTESIAN_POINT('Origin',(-265.349681801398,247.736193288938,-6.00000000000011));
#12684=CARTESIAN_POINT('',(451.650318198601,247.736193288938,0.));
#12685=CARTESIAN_POINT('',(-265.349681801398,247.736193288938,0.));
#12686=CARTESIAN_POINT('Origin',(451.650318198601,247.736193288938,-6.00000000000011));
#12687=CARTESIAN_POINT('Origin',(451.650318198601,247.458356845892,-1.47952286983486));
#12688=CARTESIAN_POINT('',(451.650318198601,249.857513632498,-3.87867965644041));
#12689=CARTESIAN_POINT('',(451.650318198601,250.324204108081,-3.4119891808573));
#12690=CARTESIAN_POINT('',(451.650318198601,260.828076380975,-14.8492424049176));
#12691=CARTESIAN_POINT('',(451.650318198601,240.260886486076,5.71794748998169));
#12692=CARTESIAN_POINT('',(451.650318198601,262.949396724535,-12.727922061358));
#12693=CARTESIAN_POINT('',(451.650318198601,260.828076380975,-14.8492424049176));
#12694=CARTESIAN_POINT('',(451.650318198601,242.382206829635,7.83926783354133));
#12695=CARTESIAN_POINT('Origin',(93.1503181986014,254.143216613434,-8.16438263737627));
#12696=CARTESIAN_POINT('',(-265.349681801398,249.857513632498,-3.87867965644048));
#12697=CARTESIAN_POINT('',(93.1503181986014,249.857513632498,-3.87867965644041));
#12698=CARTESIAN_POINT('',(-265.349681801398,260.828076380975,-14.8492424049176));
#12699=CARTESIAN_POINT('',(-265.349681801398,240.260886486076,5.71794748998176));
#12700=CARTESIAN_POINT('',(-265.349681801398,260.828076380975,-14.8492424049176));
#12701=CARTESIAN_POINT('Origin',(-265.349681801398,249.857513632498,-3.8786796564405));
#12702=CARTESIAN_POINT('',(-265.349681801398,250.324204108081,-3.41198918085738));
#12703=CARTESIAN_POINT('',(-265.349681801398,247.736193288938,-3.));
#12704=CARTESIAN_POINT('Origin',(-265.349681801398,247.736193288938,-6.00000000000011));
#12705=CARTESIAN_POINT('',(-265.349681801398,247.736193288938,0.));
#12706=CARTESIAN_POINT('Origin',(451.650318198601,251.978833976057,-1.7573593128808));
#12707=CARTESIAN_POINT('',(451.650318198601,247.736193288938,-3.));
#12708=CARTESIAN_POINT('',(451.650318198601,247.736193288938,0.));
#12709=CARTESIAN_POINT('Origin',(451.650318198601,247.736193288938,-6.00000000000011));
#12710=CARTESIAN_POINT('Origin',(-265.349681801398,260.828076380975,-14.8492424049176));
#12711=CARTESIAN_POINT('',(-265.349681801398,262.949396724534,-12.727922061358));
#12712=CARTESIAN_POINT('',(-265.349681801398,251.978833976057,-1.75735931288081));
#12713=CARTESIAN_POINT('',(-265.349681801398,260.828076380975,-14.8492424049176));
#12714=CARTESIAN_POINT('Origin',(451.650318198601,260.828076380975,-14.8492424049176));
#12715=CARTESIAN_POINT('',(-265.349681801398,262.949396724534,-12.727922061358));
#12716=CARTESIAN_POINT('Origin',(93.1503181986014,247.736193288938,-6.00000000000011));
#12717=CARTESIAN_POINT('',(-265.349681801398,247.736193288938,-3.));
#12718=CARTESIAN_POINT('Origin',(93.1503181986014,256.264536956993,-6.0430622938167));
#12719=CARTESIAN_POINT('Origin',(93.1503181985994,-106.158251013566,104.137084989848));
#12720=CARTESIAN_POINT('',(-265.3496818014,-110.400891700685,108.379725676967));
#12721=CARTESIAN_POINT('',(93.1503181985994,-110.400891700685,108.379725676967));
#12722=CARTESIAN_POINT('',(451.650318198599,-106.158251013566,110.137084989848));
#12723=CARTESIAN_POINT('Origin',(451.650318198599,-106.158251013566,104.137084989848));
#12724=CARTESIAN_POINT('',(-265.3496818014,-106.158251013566,110.137084989848));
#12725=CARTESIAN_POINT('',(272.400318198599,-106.158251013566,110.137084989848));
#12726=CARTESIAN_POINT('Origin',(-265.3496818014,-106.158251013566,104.137084989848));
#12727=CARTESIAN_POINT('Origin',(-265.3496818014,-105.88041457052,108.657562120013));
#12728=CARTESIAN_POINT('',(-265.3496818014,-100.804264554263,117.976352823389));
#12729=CARTESIAN_POINT('',(-265.3496818014,-108.746261832708,106.725095808991));
#12730=CARTESIAN_POINT('Origin',(451.650318198599,-108.279571357125,106.258405333407));
#12731=CARTESIAN_POINT('',(451.650318198599,-106.158251013566,107.137084989848));
#12732=CARTESIAN_POINT('Origin',(451.650318198598,-106.158251013566,104.137084989848));
#12733=CARTESIAN_POINT('',(451.650318198599,-106.158251013566,107.137084989848));
#12734=CARTESIAN_POINT('Origin',(-265.3496818014,-110.400891700685,108.379725676967));
#12735=CARTESIAN_POINT('',(-265.3496818014,-106.158251013566,107.137084989848));
#12736=CARTESIAN_POINT('',(-265.3496818014,-106.158251013566,107.137084989848));
#12737=CARTESIAN_POINT('Origin',(-265.3496818014,-106.158251013566,104.137084989848));
#12738=CARTESIAN_POINT('Origin',(93.1503181985994,-106.158251013566,104.137084989848));
#12739=CARTESIAN_POINT('',(272.400318198599,-106.158251013566,107.137084989848));
#12740=CARTESIAN_POINT('Origin',(93.1503181985994,-115.393701462807,103.386915914845));
#12741=CARTESIAN_POINT('Origin',(93.1503181985995,-95.689713041985,107.137084989848));
#12742=CARTESIAN_POINT('',(-265.3496818014,-86.1288137620428,107.137084989848));
#12743=CARTESIAN_POINT('',(-265.3496818014,-72.5571334985348,107.137084989847));
#12744=CARTESIAN_POINT('',(451.650318198598,-86.1288137620429,107.137084989848));
#12745=CARTESIAN_POINT('',(93.1503181985995,-86.1288137620428,107.137084989848));
#12746=CARTESIAN_POINT('',(451.650318198598,-72.5571334985349,107.137084989847));
#12747=CARTESIAN_POINT('Origin',(93.1503181985994,-86.1288137620429,104.137084989848));
#12748=CARTESIAN_POINT('',(451.650318198599,-86.1288137620428,110.137084989848));
#12749=CARTESIAN_POINT('',(-265.3496818014,-86.1288137620428,110.137084989848));
#12750=CARTESIAN_POINT('',(93.1503181985995,-86.1288137620428,110.137084989848));
#12751=CARTESIAN_POINT('',(451.650318198599,-81.8861730749236,108.379725676967));
#12752=CARTESIAN_POINT('Origin',(451.650318198599,-86.1288137620429,104.137084989848));
#12753=CARTESIAN_POINT('',(-265.3496818014,-81.8861730749235,108.379725676967));
#12754=CARTESIAN_POINT('',(272.400318198599,-81.8861730749236,108.379725676967));
#12755=CARTESIAN_POINT('Origin',(-265.3496818014,-86.1288137620428,104.137084989848));
#12756=CARTESIAN_POINT('Origin',(-265.3496818014,-82.7358936961658,107.137084989848));
#12757=CARTESIAN_POINT('',(-265.3496818014,-72.5571334985348,110.137084989847));
#12758=CARTESIAN_POINT('',(-265.3496818014,-86.1288137620428,107.797084989848));
#12759=CARTESIAN_POINT('Origin',(451.650318198599,-86.1288137620429,107.137084989848));
#12760=CARTESIAN_POINT('',(451.650318198599,-86.1288137620429,107.797084989848));
#12761=CARTESIAN_POINT('',(451.650318198599,-84.0074934184832,106.258405333407));
#12762=CARTESIAN_POINT('Origin',(451.650318198598,-86.1288137620429,104.137084989848));
#12763=CARTESIAN_POINT('',(451.650318198598,-82.9468332467034,107.319065505187));
#12764=CARTESIAN_POINT('Origin',(-265.3496818014,-86.1288137620428,110.137084989848));
#12765=CARTESIAN_POINT('',(-265.3496818014,-84.0074934184832,106.258405333407));
#12766=CARTESIAN_POINT('',(-265.3496818014,-82.9468332467033,107.319065505187));
#12767=CARTESIAN_POINT('Origin',(-265.3496818014,-86.1288137620428,104.137084989848));
#12768=CARTESIAN_POINT('Origin',(451.650318198599,-108.643532387804,107.137084989848));
#12769=CARTESIAN_POINT('',(451.650318198599,-86.1288137620428,110.137084989848));
#12770=CARTESIAN_POINT('Origin',(93.1503181985994,-86.1288137620429,104.137084989848));
#12771=CARTESIAN_POINT('',(272.400318198599,-84.0074934184832,106.258405333407));
#12772=CARTESIAN_POINT('Origin',(93.1503181985995,-95.689713041985,110.137084989848));
#12773=CARTESIAN_POINT('Origin',(-265.3496818014,-83.6435323878042,110.137084989848));
#12774=CARTESIAN_POINT('',(-265.3496818014,25.6148729456032,0.878679656440351));
#12775=CARTESIAN_POINT('',(-265.3496818014,35.2115000920253,-8.7179474899817));
#12776=CARTESIAN_POINT('',(-265.3496818014,23.4935526020436,-1.24264068711929));
#12777=CARTESIAN_POINT('',(-265.3496818014,25.1481824700201,0.411989180857231));
#12778=CARTESIAN_POINT('',(-265.3496818014,23.4935526020436,-1.24264068711928));
#12779=CARTESIAN_POINT('Origin',(93.1503181985995,-27.8147513277978,54.3083039298412));
#12780=CARTESIAN_POINT('',(451.650318198598,25.6148729456032,0.878679656440353));
#12781=CARTESIAN_POINT('',(451.650318198598,35.2115000920252,-8.7179474899817));
#12782=CARTESIAN_POINT('',(93.1503181985994,25.6148729456032,0.878679656440349));
#12783=CARTESIAN_POINT('Origin',(93.1503181985994,27.7361932891628,2.99999999999999));
#12784=CARTESIAN_POINT('',(451.650318198598,23.4935526020435,-1.24264068711929));
#12785=CARTESIAN_POINT('',(93.1503181985994,23.4935526020436,-1.24264068711929));
#12786=CARTESIAN_POINT('',(-265.3496818014,27.7361932891629,-3.));
#12787=CARTESIAN_POINT('Origin',(-265.3496818014,27.7361932891629,2.99999999999999));
#12788=CARTESIAN_POINT('',(451.650318198599,27.7361932891628,-3.));
#12789=CARTESIAN_POINT('',(451.650318198599,27.7361932891628,-3.));
#12790=CARTESIAN_POINT('Origin',(451.650318198598,27.7361932891628,2.99999999999999));
#12791=CARTESIAN_POINT('Origin',(451.650318198598,28.0140297322087,-1.52047713016515));
#12792=CARTESIAN_POINT('',(451.650318198598,33.0901797484656,-10.8392678335413));
#12793=CARTESIAN_POINT('',(451.650318198598,25.14818247002,0.411989180857226));
#12794=CARTESIAN_POINT('Origin',(-265.3496818014,25.6148729456032,0.878679656440352));
#12795=CARTESIAN_POINT('',(-265.3496818014,27.7361932891629,0.));
#12796=CARTESIAN_POINT('Origin',(-265.3496818014,27.7361932891629,2.99999999999999));
#12797=CARTESIAN_POINT('',(-265.3496818014,27.7361932891629,0.));
#12798=CARTESIAN_POINT('Origin',(451.650318198598,23.4935526020435,-1.24264068711929));
#12799=CARTESIAN_POINT('',(451.650318198599,27.7361932891628,0.));
#12800=CARTESIAN_POINT('',(451.650318198599,27.7361932891628,0.));
#12801=CARTESIAN_POINT('Origin',(451.650318198598,27.7361932891628,2.99999999999999));
#12802=CARTESIAN_POINT('Origin',(93.1503181985994,27.7361932891628,2.99999999999999));
#12803=CARTESIAN_POINT('',(451.650318198599,27.7361932891628,0.));
#12804=CARTESIAN_POINT('Origin',(93.1503181985995,-29.9360716713574,52.1869835862816));
#12805=CARTESIAN_POINT('Origin',(344.6503181986,31.7361932891628,-0.725));
#12806=CARTESIAN_POINT('',(341.5003181986,31.7361932891628,-9.71445146547012E-16));
#12807=CARTESIAN_POINT('Origin',(344.6503181986,31.7361932891628,0.));
#12808=CARTESIAN_POINT('',(342.9503181986,31.7361932891628,-1.45));
#12809=CARTESIAN_POINT('',(342.2253181986,31.7361932891628,-0.725));
#12810=CARTESIAN_POINT('Origin',(344.6503181986,31.7361932891628,-1.45));
#12811=CARTESIAN_POINT('Origin',(344.6503181986,31.7361932891628,-2.));
#12812=CARTESIAN_POINT('',(342.9503181986,31.7361932891628,-3.));
#12813=CARTESIAN_POINT('',(342.9503181986,31.7361932891628,-2.));
#12814=CARTESIAN_POINT('Origin',(344.6503181986,31.7361932891628,-3.));
#12815=CARTESIAN_POINT('Origin',(437.150318198601,137.736193289044,-0.725));
#12816=CARTESIAN_POINT('',(434.000318198601,137.736193289044,-8.32667268468867E-16));
#12817=CARTESIAN_POINT('Origin',(437.150318198601,137.736193289044,0.));
#12818=CARTESIAN_POINT('',(435.450318198601,137.736193289044,-1.45));
#12819=CARTESIAN_POINT('',(434.725318198601,137.736193289044,-0.725));
#12820=CARTESIAN_POINT('Origin',(437.150318198601,137.736193289044,-1.45));
#12821=CARTESIAN_POINT('Origin',(437.150318198601,137.736193289044,-2.));
#12822=CARTESIAN_POINT('',(435.450318198601,137.736193289044,-3.));
#12823=CARTESIAN_POINT('',(435.450318198601,137.736193289044,-2.));
#12824=CARTESIAN_POINT('Origin',(437.150318198601,137.736193289044,-3.));
#12825=CARTESIAN_POINT('Origin',(206.6503181986,243.736193288936,-0.725));
#12826=CARTESIAN_POINT('',(203.5003181986,243.736193288936,7.7715611723761E-15));
#12827=CARTESIAN_POINT('Origin',(206.6503181986,243.736193288936,0.));
#12828=CARTESIAN_POINT('',(204.9503181986,243.736193288936,-1.44999999999999));
#12829=CARTESIAN_POINT('',(204.2253181986,243.736193288936,-0.725));
#12830=CARTESIAN_POINT('Origin',(206.6503181986,243.736193288936,-1.45));
#12831=CARTESIAN_POINT('Origin',(206.6503181986,243.736193288936,-2.));
#12832=CARTESIAN_POINT('',(204.9503181986,243.736193288936,-3.));
#12833=CARTESIAN_POINT('',(204.9503181986,243.736193288936,-2.));
#12834=CARTESIAN_POINT('Origin',(206.6503181986,243.736193288936,-3.));
#12835=CARTESIAN_POINT('Origin',(113.650318198626,137.736193288959,-0.725));
#12836=CARTESIAN_POINT('',(110.500318198626,137.736193288959,-8.32667268468867E-16));
#12837=CARTESIAN_POINT('Origin',(113.650318198626,137.736193288959,0.));
#12838=CARTESIAN_POINT('',(111.950318198626,137.736193288959,-1.45));
#12839=CARTESIAN_POINT('',(111.225318198626,137.736193288959,-0.725));
#12840=CARTESIAN_POINT('Origin',(113.650318198626,137.736193288959,-1.45));
#12841=CARTESIAN_POINT('Origin',(113.650318198626,137.736193288959,-2.));
#12842=CARTESIAN_POINT('',(111.950318198626,137.736193288959,-3.));
#12843=CARTESIAN_POINT('',(111.950318198626,137.736193288959,-2.));
#12844=CARTESIAN_POINT('Origin',(113.650318198626,137.736193288959,-3.));
#12845=CARTESIAN_POINT('Origin',(-10.3496818494142,243.736193288938,-0.725));
#12846=CARTESIAN_POINT('',(-13.4996818494142,243.736193288938,7.7715611723761E-15));
#12847=CARTESIAN_POINT('Origin',(-10.3496818494142,243.736193288938,0.));
#12848=CARTESIAN_POINT('',(-12.0496818494142,243.736193288938,-1.45));
#12849=CARTESIAN_POINT('',(-12.7746818494142,243.736193288938,-0.725));
#12850=CARTESIAN_POINT('Origin',(-10.3496818494142,243.736193288938,-1.45));
#12851=CARTESIAN_POINT('Origin',(-10.3496818494142,243.736193288938,-2.));
#12852=CARTESIAN_POINT('',(-12.0496818494142,243.736193288938,-3.));
#12853=CARTESIAN_POINT('',(-12.0496818494142,243.736193288938,-2.));
#12854=CARTESIAN_POINT('Origin',(-10.3496818494142,243.736193288938,-3.));
#12855=CARTESIAN_POINT('Origin',(-95.3496818013739,137.736193289009,-0.725));
#12856=CARTESIAN_POINT('',(-98.4996818013739,137.736193289009,-8.32667268468867E-16));
#12857=CARTESIAN_POINT('Origin',(-95.3496818013739,137.736193289009,0.));
#12858=CARTESIAN_POINT('',(-97.0496818013739,137.736193289009,-1.45));
#12859=CARTESIAN_POINT('',(-97.7746818013739,137.736193289009,-0.725));
#12860=CARTESIAN_POINT('Origin',(-95.3496818013739,137.736193289009,-1.45));
#12861=CARTESIAN_POINT('Origin',(-95.3496818013739,137.736193289009,-2.));
#12862=CARTESIAN_POINT('',(-97.0496818013739,137.736193289009,-3.));
#12863=CARTESIAN_POINT('',(-97.0496818013739,137.736193289009,-2.));
#12864=CARTESIAN_POINT('Origin',(-95.3496818013739,137.736193289009,-3.));
#12865=CARTESIAN_POINT('Origin',(-250.8496818014,31.7361932891628,-0.725));
#12866=CARTESIAN_POINT('',(-253.9996818014,31.7361932891628,7.7715611723761E-15));
#12867=CARTESIAN_POINT('Origin',(-250.8496818014,31.7361932891628,0.));
#12868=CARTESIAN_POINT('',(-252.5496818014,31.7361932891628,-1.45));
#12869=CARTESIAN_POINT('',(-253.2746818014,31.7361932891628,-0.725));
#12870=CARTESIAN_POINT('Origin',(-250.8496818014,31.7361932891628,-1.45));
#12871=CARTESIAN_POINT('Origin',(-250.8496818014,31.7361932891628,-2.));
#12872=CARTESIAN_POINT('',(-252.5496818014,31.7361932891628,-3.));
#12873=CARTESIAN_POINT('',(-252.5496818014,31.7361932891628,-2.));
#12874=CARTESIAN_POINT('Origin',(-250.8496818014,31.7361932891628,-3.));
#12875=CARTESIAN_POINT('Origin',(-250.849681801399,243.73619328894,-0.725));
#12876=CARTESIAN_POINT('',(-253.9996818014,243.73619328894,7.7715611723761E-15));
#12877=CARTESIAN_POINT('Origin',(-250.849681801399,243.73619328894,0.));
#12878=CARTESIAN_POINT('',(-252.5496818014,243.73619328894,-1.44999999999999));
#12879=CARTESIAN_POINT('',(-253.274681801399,243.73619328894,-0.725));
#12880=CARTESIAN_POINT('Origin',(-250.849681801399,243.73619328894,-1.45));
#12881=CARTESIAN_POINT('Origin',(-250.849681801399,243.73619328894,-2.));
#12882=CARTESIAN_POINT('',(-252.5496818014,243.73619328894,-3.));
#12883=CARTESIAN_POINT('',(-252.5496818014,243.73619328894,-2.));
#12884=CARTESIAN_POINT('Origin',(-250.849681801399,243.73619328894,-3.));
#12885=CARTESIAN_POINT('Origin',(-250.8496818014,137.736193289047,-0.725));
#12886=CARTESIAN_POINT('',(-253.9996818014,137.736193289047,7.7715611723761E-15));
#12887=CARTESIAN_POINT('Origin',(-250.8496818014,137.736193289047,0.));
#12888=CARTESIAN_POINT('',(-252.5496818014,137.736193289047,-1.45));
#12889=CARTESIAN_POINT('',(-253.2746818014,137.736193289047,-0.725));
#12890=CARTESIAN_POINT('Origin',(-250.8496818014,137.736193289047,-1.45));
#12891=CARTESIAN_POINT('Origin',(-250.8496818014,137.736193289047,-2.));
#12892=CARTESIAN_POINT('',(-252.5496818014,137.736193289047,-3.));
#12893=CARTESIAN_POINT('',(-252.5496818014,137.736193289047,-2.));
#12894=CARTESIAN_POINT('Origin',(-250.8496818014,137.736193289047,-3.));
#12895=CARTESIAN_POINT('Origin',(-95.3496818013996,31.7361932891628,-0.725));
#12896=CARTESIAN_POINT('',(-98.4996818013995,31.7361932891628,-8.32667268468867E-16));
#12897=CARTESIAN_POINT('Origin',(-95.3496818013996,31.7361932891628,0.));
#12898=CARTESIAN_POINT('',(-97.0496818013996,31.7361932891628,-1.45));
#12899=CARTESIAN_POINT('',(-97.7746818013996,31.7361932891628,-0.725));
#12900=CARTESIAN_POINT('Origin',(-95.3496818013996,31.7361932891628,-1.45));
#12901=CARTESIAN_POINT('Origin',(-95.3496818013996,31.7361932891628,-2.));
#12902=CARTESIAN_POINT('',(-97.0496818013996,31.7361932891628,-3.));
#12903=CARTESIAN_POINT('',(-97.0496818013996,31.7361932891628,-2.));
#12904=CARTESIAN_POINT('Origin',(-95.3496818013996,31.7361932891628,-3.));
#12905=CARTESIAN_POINT('Origin',(-10.3496818494151,137.736193288938,-0.725));
#12906=CARTESIAN_POINT('',(-13.4996818494151,137.736193288938,0.));
#12907=CARTESIAN_POINT('Origin',(-10.3496818494151,137.736193288938,0.));
#12908=CARTESIAN_POINT('',(-12.0496818494151,137.736193288938,-1.45));
#12909=CARTESIAN_POINT('',(-12.7746818494151,137.736193288938,-0.725));
#12910=CARTESIAN_POINT('Origin',(-10.3496818494151,137.736193288938,-1.45));
#12911=CARTESIAN_POINT('Origin',(-10.3496818494151,137.736193288938,-2.));
#12912=CARTESIAN_POINT('',(-12.0496818494151,137.736193288938,-3.));
#12913=CARTESIAN_POINT('',(-12.0496818494151,137.736193288938,-2.));
#12914=CARTESIAN_POINT('Origin',(-10.3496818494151,137.736193288938,-3.));
#12915=CARTESIAN_POINT('Origin',(113.6503181986,31.7361932891628,-0.725));
#12916=CARTESIAN_POINT('',(110.5003181986,31.7361932891628,-8.32667268468867E-16));
#12917=CARTESIAN_POINT('Origin',(113.6503181986,31.7361932891628,0.));
#12918=CARTESIAN_POINT('',(111.9503181986,31.7361932891628,-1.45));
#12919=CARTESIAN_POINT('',(111.2253181986,31.7361932891628,-0.725));
#12920=CARTESIAN_POINT('Origin',(113.6503181986,31.7361932891628,-1.45));
#12921=CARTESIAN_POINT('Origin',(113.6503181986,31.7361932891628,-2.));
#12922=CARTESIAN_POINT('',(111.9503181986,31.7361932891628,-3.));
#12923=CARTESIAN_POINT('',(111.9503181986,31.7361932891628,-2.));
#12924=CARTESIAN_POINT('Origin',(113.6503181986,31.7361932891628,-3.));
#12925=CARTESIAN_POINT('Origin',(206.650318169252,137.736193288936,-0.725));
#12926=CARTESIAN_POINT('',(203.500318169252,137.736193288936,7.7715611723761E-15));
#12927=CARTESIAN_POINT('Origin',(206.650318169252,137.736193288936,0.));
#12928=CARTESIAN_POINT('',(204.950318169252,137.736193288936,-1.45));
#12929=CARTESIAN_POINT('',(204.225318169252,137.736193288936,-0.725));
#12930=CARTESIAN_POINT('Origin',(206.650318169252,137.736193288936,-1.45));
#12931=CARTESIAN_POINT('Origin',(206.650318169252,137.736193288936,-2.));
#12932=CARTESIAN_POINT('',(204.950318169252,137.736193288936,-3.));
#12933=CARTESIAN_POINT('',(204.950318169252,137.736193288936,-2.));
#12934=CARTESIAN_POINT('Origin',(206.650318169252,137.736193288936,-3.));
#12935=CARTESIAN_POINT('Origin',(344.650318198551,137.736193289001,-0.725));
#12936=CARTESIAN_POINT('',(341.500318198551,137.736193289001,-8.32667268468867E-16));
#12937=CARTESIAN_POINT('Origin',(344.650318198551,137.736193289001,0.));
#12938=CARTESIAN_POINT('',(342.950318198551,137.736193289001,-1.45));
#12939=CARTESIAN_POINT('',(342.225318198551,137.736193289001,-0.725));
#12940=CARTESIAN_POINT('Origin',(344.650318198551,137.736193289001,-1.45));
#12941=CARTESIAN_POINT('Origin',(344.650318198551,137.736193289001,-2.));
#12942=CARTESIAN_POINT('',(342.950318198551,137.736193289001,-3.));
#12943=CARTESIAN_POINT('',(342.950318198551,137.736193289001,-2.));
#12944=CARTESIAN_POINT('Origin',(344.650318198551,137.736193289001,-3.));
#12945=CARTESIAN_POINT('Origin',(437.150318198601,243.736193288934,-0.725));
#12946=CARTESIAN_POINT('',(434.000318198601,243.736193288934,7.7715611723761E-15));
#12947=CARTESIAN_POINT('Origin',(437.150318198601,243.736193288934,0.));
#12948=CARTESIAN_POINT('',(435.450318198601,243.736193288934,-1.44999999999999));
#12949=CARTESIAN_POINT('',(434.725318198601,243.736193288934,-0.725));
#12950=CARTESIAN_POINT('Origin',(437.150318198601,243.736193288934,-1.45));
#12951=CARTESIAN_POINT('Origin',(437.150318198601,243.736193288934,-2.));
#12952=CARTESIAN_POINT('',(435.450318198601,243.736193288934,-3.));
#12953=CARTESIAN_POINT('',(435.450318198601,243.736193288934,-2.));
#12954=CARTESIAN_POINT('Origin',(437.150318198601,243.736193288934,-3.));
#12955=CARTESIAN_POINT('Origin',(437.150318198601,31.7361932891628,-0.725));
#12956=CARTESIAN_POINT('',(434.000318198601,31.7361932891628,-9.71445146547012E-16));
#12957=CARTESIAN_POINT('Origin',(437.150318198601,31.7361932891628,0.));
#12958=CARTESIAN_POINT('',(435.450318198601,31.7361932891628,-1.45));
#12959=CARTESIAN_POINT('',(434.725318198601,31.7361932891628,-0.725));
#12960=CARTESIAN_POINT('Origin',(437.150318198601,31.7361932891628,-1.45));
#12961=CARTESIAN_POINT('Origin',(437.150318198601,31.7361932891628,-2.));
#12962=CARTESIAN_POINT('',(435.450318198601,31.7361932891628,-3.));
#12963=CARTESIAN_POINT('',(435.450318198601,31.7361932891628,-2.));
#12964=CARTESIAN_POINT('Origin',(437.150318198601,31.7361932891628,-3.));
#12965=CARTESIAN_POINT('Origin',(-265.3496818014,27.7361932891629,0.));
#12966=CARTESIAN_POINT('',(-265.3496818014,27.7361932891629,0.));
#12967=CARTESIAN_POINT('',(-265.3496818014,27.7361932891629,-3.));
#12968=CARTESIAN_POINT('Origin',(451.650318198601,247.736193288938,0.));
#12969=CARTESIAN_POINT('',(451.650318198601,247.736193288938,0.));
#12970=CARTESIAN_POINT('',(451.650318198601,247.736193288938,-3.));
#12971=CARTESIAN_POINT('Origin',(93.1503181986005,137.736193289051,0.));
#12972=CARTESIAN_POINT('Origin',(93.1503181986005,137.736193289051,-3.));
#12973=CARTESIAN_POINT('',(0.,0.,0.));
#12974=CARTESIAN_POINT('Origin',(0.,0.,0.));
#12975=UNCERTAINTY_MEASURE_WITH_UNIT(LENGTH_MEASURE(0.01),#12981,
'DISTANCE_ACCURACY_VALUE',
'Maximum model space distance between geometric entities at asserted c
onnectivities');
#12976=UNCERTAINTY_MEASURE_WITH_UNIT(LENGTH_MEASURE(0.01),#12981,
'DISTANCE_ACCURACY_VALUE',
'Maximum model space distance between geometric entities at asserted c
onnectivities');
#12977=UNCERTAINTY_MEASURE_WITH_UNIT(LENGTH_MEASURE(0.01),#12981,
'DISTANCE_ACCURACY_VALUE',
'Maximum model space distance between geometric entities at asserted c
onnectivities');
#12978=(
GEOMETRIC_REPRESENTATION_CONTEXT(3)
GLOBAL_UNCERTAINTY_ASSIGNED_CONTEXT((#12975))
GLOBAL_UNIT_ASSIGNED_CONTEXT((#12981,#12983,#12984))
REPRESENTATION_CONTEXT('','3D')
);
#12979=(
GEOMETRIC_REPRESENTATION_CONTEXT(3)
GLOBAL_UNCERTAINTY_ASSIGNED_CONTEXT((#12976))
GLOBAL_UNIT_ASSIGNED_CONTEXT((#12981,#12983,#12984))
REPRESENTATION_CONTEXT('','3D')
);
#12980=(
GEOMETRIC_REPRESENTATION_CONTEXT(3)
GLOBAL_UNCERTAINTY_ASSIGNED_CONTEXT((#12977))
GLOBAL_UNIT_ASSIGNED_CONTEXT((#12981,#12983,#12984))
REPRESENTATION_CONTEXT('','3D')
);
#12981=(
LENGTH_UNIT()
NAMED_UNIT(*)
SI_UNIT(.MILLI.,.METRE.)
);
#12982=(
LENGTH_UNIT()
NAMED_UNIT(*)
SI_UNIT($,.METRE.)
);
#12983=(
NAMED_UNIT(*)
PLANE_ANGLE_UNIT()
SI_UNIT($,.RADIAN.)
);
#12984=(
NAMED_UNIT(*)
SI_UNIT($,.STERADIAN.)
SOLID_ANGLE_UNIT()
);
#12985=SHAPE_DEFINITION_REPRESENTATION(#12987,#12990);
#12986=SHAPE_DEFINITION_REPRESENTATION(#12988,#12991);
#12987=PRODUCT_DEFINITION_SHAPE('',$,#12993);
#12988=PRODUCT_DEFINITION_SHAPE('',$,#12994);
#12989=PRODUCT_DEFINITION_SHAPE($,$,#17);
#12990=SHAPE_REPRESENTATION('',(#7433,#7998),#12978);
#12991=SHAPE_REPRESENTATION('',(#7434),#12979);
#12992=PRODUCT_DEFINITION_CONTEXT('part definition',#13000,'design');
#12993=PRODUCT_DEFINITION('Top Plate','Top Plate',#12995,#12992);
#12994=PRODUCT_DEFINITION('Labels','Labels',#12996,#12992);
#12995=PRODUCT_DEFINITION_FORMATION('',$,#13002);
#12996=PRODUCT_DEFINITION_FORMATION('',$,#13003);
#12997=PRODUCT_RELATED_PRODUCT_CATEGORY('Top Plate','Top Plate',(#13002));
#12998=PRODUCT_RELATED_PRODUCT_CATEGORY('Labels','Labels',(#13003));
#12999=APPLICATION_PROTOCOL_DEFINITION('international standard',
'automotive_design',2009,#13000);
#13000=APPLICATION_CONTEXT(
'Core Data for Automotive Mechanical Design Process');
#13001=PRODUCT_CONTEXT('part definition',#13000,'mechanical');
#13002=PRODUCT('Top Plate','Top Plate',$,(#13001));
#13003=PRODUCT('Labels','Labels',$,(#13001));
#13004=PRESENTATION_STYLE_ASSIGNMENT((#13009));
#13005=PRESENTATION_STYLE_ASSIGNMENT((#13010));
#13006=PRESENTATION_STYLE_ASSIGNMENT((#13011));
#13007=PRESENTATION_STYLE_ASSIGNMENT((#13012));
#13008=PRESENTATION_STYLE_ASSIGNMENT((NULL_STYLE(.NULL.)));
#13009=SURFACE_STYLE_USAGE(.BOTH.,#13013);
#13010=SURFACE_STYLE_USAGE(.BOTH.,#13014);
#13011=SURFACE_STYLE_USAGE(.BOTH.,#13015);
#13012=SURFACE_STYLE_USAGE(.BOTH.,#13016);
#13013=SURFACE_SIDE_STYLE('',(#13017));
#13014=SURFACE_SIDE_STYLE('',(#13018));
#13015=SURFACE_SIDE_STYLE('',(#13019));
#13016=SURFACE_SIDE_STYLE('',(#13020));
#13017=SURFACE_STYLE_FILL_AREA(#13021);
#13018=SURFACE_STYLE_FILL_AREA(#13022);
#13019=SURFACE_STYLE_FILL_AREA(#13023);
#13020=SURFACE_STYLE_FILL_AREA(#13024);
#13021=FILL_AREA_STYLE('Steel - Satin',(#13025));
#13022=FILL_AREA_STYLE('Plastic - Glossy (White)',(#13026));
#13023=FILL_AREA_STYLE('Aluminum - Satin',(#13027));
#13024=FILL_AREA_STYLE('Plastic - Matte (Black) (1)',(#13028));
#13025=FILL_AREA_STYLE_COLOUR('Steel - Satin',#13029);
#13026=FILL_AREA_STYLE_COLOUR('Plastic - Glossy (White)',#13030);
#13027=FILL_AREA_STYLE_COLOUR('Aluminum - Satin',#13031);
#13028=FILL_AREA_STYLE_COLOUR('Plastic - Matte (Black) (1)',#13032);
#13029=COLOUR_RGB('Steel - Satin',0.627450980392157,0.627450980392157,0.627450980392157);
#13030=COLOUR_RGB('Plastic - Glossy (White)',1.,1.,1.);
#13031=COLOUR_RGB('Aluminum - Satin',0.96078431372549,0.96078431372549,
0.964705882352941);
#13032=COLOUR_RGB('Plastic - Matte (Black) (1)',0.47843137254902,0.474509803921569,
0.474509803921569);
ENDSEC;
END-ISO-10303-21;
