ISO-10303-21;
HEADER;
/* Generated by software containing ST-Developer
 * from STEP Tools, Inc. (www.steptools.com) 
 */

FILE_DESCRIPTION(
/* description */ (''),
/* implementation_level */ '2;1');

FILE_NAME(
/* name */ 
'C:/Users/anton/Documents/Kerbal Space Program/Kerbal_Control_Panel/KC
P2/CAD/ForManufacture/casing/Panel_DodgePlate_v95_FlatPattern.step',
/* time_stamp */ '2020-11-15T14:30:02-08:00',
/* author */ (''),
/* organization */ (''),
/* preprocessor_version */ 'ST-DEVELOPER v18.1',
/* originating_system */ 'Autodesk Translation Framework v9.3.0.1241',
/* authorisation */ '');

FILE_SCHEMA (('AUTOMOTIVE_DESIGN { 1 0 10303 214 3 1 1 }'));
ENDSEC;

DATA;
#10=MECHANICAL_DESIGN_GEOMETRIC_PRESENTATION_REPRESENTATION('',(#129,#130,
#131,#132,#133,#134,#135,#136,#137,#138,#139,#140,#141,#142,#143,#144,#145,
#146,#147,#148,#149,#150,#151,#152,#153,#154,#155,#156,#157,#158,#159,#160,
#161,#162,#163,#164,#165,#166,#167),#3412);
#11=SHAPE_REPRESENTATION_RELATIONSHIP('SRR','None',#3419,#12);
#12=ADVANCED_BREP_SHAPE_REPRESENTATION('',(#13),#3411);
#13=MANIFOLD_SOLID_BREP('Body1',#2027);
#14=FACE_BOUND('',#391,.T.);
#15=FACE_BOUND('',#392,.T.);
#16=FACE_BOUND('',#399,.T.);
#17=FACE_BOUND('',#400,.T.);
#18=FACE_BOUND('',#404,.T.);
#19=FACE_BOUND('',#405,.T.);
#20=FACE_BOUND('',#412,.T.);
#21=FACE_BOUND('',#413,.T.);
#22=FACE_BOUND('',#417,.T.);
#23=FACE_BOUND('',#418,.T.);
#24=FACE_BOUND('',#419,.T.);
#25=FACE_BOUND('',#426,.T.);
#26=FACE_BOUND('',#427,.T.);
#27=FACE_BOUND('',#428,.T.);
#28=FACE_BOUND('',#433,.T.);
#29=FACE_BOUND('',#434,.T.);
#30=FACE_BOUND('',#435,.T.);
#31=FACE_BOUND('',#436,.T.);
#32=FACE_BOUND('',#437,.T.);
#33=FACE_BOUND('',#438,.T.);
#34=FACE_BOUND('',#439,.T.);
#35=FACE_BOUND('',#440,.T.);
#36=FACE_BOUND('',#441,.T.);
#37=FACE_BOUND('',#442,.T.);
#38=FACE_BOUND('',#443,.T.);
#39=FACE_BOUND('',#444,.T.);
#40=FACE_BOUND('',#445,.T.);
#41=FACE_BOUND('',#446,.T.);
#42=FACE_BOUND('',#447,.T.);
#43=FACE_BOUND('',#448,.T.);
#44=FACE_BOUND('',#449,.T.);
#45=FACE_BOUND('',#450,.T.);
#46=FACE_BOUND('',#451,.T.);
#47=FACE_BOUND('',#452,.T.);
#48=FACE_BOUND('',#453,.T.);
#49=FACE_BOUND('',#454,.T.);
#50=FACE_BOUND('',#455,.T.);
#51=FACE_BOUND('',#456,.T.);
#52=FACE_BOUND('',#457,.T.);
#53=FACE_BOUND('',#458,.T.);
#54=FACE_BOUND('',#459,.T.);
#55=FACE_BOUND('',#460,.T.);
#56=FACE_BOUND('',#461,.T.);
#57=FACE_BOUND('',#462,.T.);
#58=FACE_BOUND('',#463,.T.);
#59=FACE_BOUND('',#464,.T.);
#60=FACE_BOUND('',#465,.T.);
#61=FACE_BOUND('',#466,.T.);
#62=FACE_BOUND('',#467,.T.);
#63=FACE_BOUND('',#469,.T.);
#64=FACE_BOUND('',#470,.T.);
#65=FACE_BOUND('',#471,.T.);
#66=FACE_BOUND('',#472,.T.);
#67=FACE_BOUND('',#473,.T.);
#68=FACE_BOUND('',#474,.T.);
#69=FACE_BOUND('',#475,.T.);
#70=FACE_BOUND('',#476,.T.);
#71=FACE_BOUND('',#477,.T.);
#72=FACE_BOUND('',#478,.T.);
#73=FACE_BOUND('',#479,.T.);
#74=FACE_BOUND('',#480,.T.);
#75=FACE_BOUND('',#481,.T.);
#76=FACE_BOUND('',#482,.T.);
#77=FACE_BOUND('',#483,.T.);
#78=FACE_BOUND('',#484,.T.);
#79=FACE_BOUND('',#485,.T.);
#80=FACE_BOUND('',#486,.T.);
#81=FACE_BOUND('',#487,.T.);
#82=FACE_BOUND('',#488,.T.);
#83=FACE_BOUND('',#489,.T.);
#84=FACE_BOUND('',#490,.T.);
#85=FACE_BOUND('',#491,.T.);
#86=FACE_BOUND('',#492,.T.);
#87=FACE_BOUND('',#493,.T.);
#88=FACE_BOUND('',#494,.T.);
#89=FACE_BOUND('',#495,.T.);
#90=FACE_BOUND('',#496,.T.);
#91=FACE_BOUND('',#497,.T.);
#92=FACE_BOUND('',#498,.T.);
#93=FACE_BOUND('',#499,.T.);
#94=FACE_BOUND('',#500,.T.);
#95=FACE_BOUND('',#501,.T.);
#96=FACE_BOUND('',#502,.T.);
#97=FACE_BOUND('',#503,.T.);
#98=CONICAL_SURFACE('',#2049,3.23225,0.715584993317675);
#99=CONICAL_SURFACE('',#2054,3.23225,0.715584993317675);
#100=CONICAL_SURFACE('',#2059,3.23225,0.715584993317675);
#101=CONICAL_SURFACE('',#2064,3.23225,0.715584993317675);
#102=CONICAL_SURFACE('',#2069,3.23225,0.715584993317675);
#103=CONICAL_SURFACE('',#2074,3.23225,0.715584993317675);
#104=CONICAL_SURFACE('',#2079,3.23225,0.715584993317675);
#105=CONICAL_SURFACE('',#2084,3.23225,0.715584993317675);
#106=CONICAL_SURFACE('',#2089,3.23225,0.715584993317675);
#107=CONICAL_SURFACE('',#2127,2.425,0.785398163397448);
#108=CONICAL_SURFACE('',#2132,2.425,0.785398163397448);
#109=CONICAL_SURFACE('',#2137,2.24475,0.715584993317675);
#110=CONICAL_SURFACE('',#2142,2.24475,0.715584993317675);
#111=CONICAL_SURFACE('',#2147,2.24475,0.715584993317675);
#112=CONICAL_SURFACE('',#2152,2.24475,0.715584993317675);
#113=CONICAL_SURFACE('',#2157,2.24475,0.715584993317675);
#114=CONICAL_SURFACE('',#2162,2.24475,0.715584993317675);
#115=CONICAL_SURFACE('',#2167,2.24475,0.715584993317675);
#116=CONICAL_SURFACE('',#2172,2.24475,0.715584993317675);
#117=CONICAL_SURFACE('',#2177,2.24475,0.715584993317675);
#118=CONICAL_SURFACE('',#2182,2.24475,0.715584993317675);
#119=CONICAL_SURFACE('',#2187,2.24475,0.715584993317675);
#120=CONICAL_SURFACE('',#2192,2.24475,0.715584993317675);
#121=CONICAL_SURFACE('',#2197,2.24475,0.715584993317675);
#122=CONICAL_SURFACE('',#2202,2.24475,0.715584993317675);
#123=CONICAL_SURFACE('',#2207,2.24475,0.715584993317675);
#124=CONICAL_SURFACE('',#2212,2.24475,0.715584993317675);
#125=CONICAL_SURFACE('',#2217,2.24475,0.715584993317675);
#126=CONICAL_SURFACE('',#2222,2.24475,0.715584993317675);
#127=CONICAL_SURFACE('',#2227,2.24475,0.715584993317675);
#128=CONICAL_SURFACE('',#2232,2.24475,0.715584993317675);
#129=STYLED_ITEM('',(#3430),#1922);
#130=STYLED_ITEM('',(#3430),#1924);
#131=STYLED_ITEM('',(#3430),#1926);
#132=STYLED_ITEM('',(#3430),#1928);
#133=STYLED_ITEM('',(#3430),#1930);
#134=STYLED_ITEM('',(#3430),#1932);
#135=STYLED_ITEM('',(#3430),#1934);
#136=STYLED_ITEM('',(#3430),#1936);
#137=STYLED_ITEM('',(#3430),#1938);
#138=STYLED_ITEM('',(#3430),#1951);
#139=STYLED_ITEM('',(#3430),#1953);
#140=STYLED_ITEM('',(#3430),#1955);
#141=STYLED_ITEM('',(#3430),#1957);
#142=STYLED_ITEM('',(#3430),#1959);
#143=STYLED_ITEM('',(#3430),#1961);
#144=STYLED_ITEM('',(#3430),#1963);
#145=STYLED_ITEM('',(#3430),#1965);
#146=STYLED_ITEM('',(#3430),#1967);
#147=STYLED_ITEM('',(#3430),#1969);
#148=STYLED_ITEM('',(#3430),#1971);
#149=STYLED_ITEM('',(#3430),#1973);
#150=STYLED_ITEM('',(#3430),#1975);
#151=STYLED_ITEM('',(#3430),#1977);
#152=STYLED_ITEM('',(#3430),#1979);
#153=STYLED_ITEM('',(#3430),#1981);
#154=STYLED_ITEM('',(#3430),#1983);
#155=STYLED_ITEM('',(#3430),#1985);
#156=STYLED_ITEM('',(#3430),#1987);
#157=STYLED_ITEM('',(#3430),#1989);
#158=STYLED_ITEM('',(#3430),#1991);
#159=STYLED_ITEM('',(#3430),#1993);
#160=STYLED_ITEM('',(#3430),#1997);
#161=STYLED_ITEM('',(#3430),#2002);
#162=STYLED_ITEM('',(#3430),#2006);
#163=STYLED_ITEM('',(#3430),#2011);
#164=STYLED_ITEM('',(#3430),#2015);
#165=STYLED_ITEM('',(#3430),#2020);
#166=STYLED_ITEM('',(#3430),#2026);
#167=STYLED_ITEM('',(#3429),#13);
#168=PLANE('',#2044);
#169=PLANE('',#2048);
#170=PLANE('',#2237);
#171=PLANE('',#2238);
#172=PLANE('',#2239);
#173=PLANE('',#2240);
#174=PLANE('',#2241);
#175=PLANE('',#2242);
#176=PLANE('',#2243);
#177=PLANE('',#2244);
#178=PLANE('',#2245);
#179=PLANE('',#2246);
#180=PLANE('',#2247);
#181=PLANE('',#2248);
#182=PLANE('',#2249);
#183=PLANE('',#2250);
#184=PLANE('',#2251);
#185=PLANE('',#2252);
#186=PLANE('',#2253);
#187=PLANE('',#2254);
#188=PLANE('',#2255);
#189=PLANE('',#2256);
#190=PLANE('',#2257);
#191=PLANE('',#2258);
#192=PLANE('',#2259);
#193=PLANE('',#2260);
#194=PLANE('',#2261);
#195=PLANE('',#2262);
#196=PLANE('',#2263);
#197=PLANE('',#2264);
#198=PLANE('',#2265);
#199=PLANE('',#2266);
#200=PLANE('',#2267);
#201=PLANE('',#2268);
#202=FACE_OUTER_BOUND('',#311,.T.);
#203=FACE_OUTER_BOUND('',#312,.T.);
#204=FACE_OUTER_BOUND('',#313,.T.);
#205=FACE_OUTER_BOUND('',#314,.T.);
#206=FACE_OUTER_BOUND('',#315,.T.);
#207=FACE_OUTER_BOUND('',#316,.T.);
#208=FACE_OUTER_BOUND('',#317,.T.);
#209=FACE_OUTER_BOUND('',#318,.T.);
#210=FACE_OUTER_BOUND('',#319,.T.);
#211=FACE_OUTER_BOUND('',#320,.T.);
#212=FACE_OUTER_BOUND('',#321,.T.);
#213=FACE_OUTER_BOUND('',#322,.T.);
#214=FACE_OUTER_BOUND('',#323,.T.);
#215=FACE_OUTER_BOUND('',#324,.T.);
#216=FACE_OUTER_BOUND('',#325,.T.);
#217=FACE_OUTER_BOUND('',#326,.T.);
#218=FACE_OUTER_BOUND('',#327,.T.);
#219=FACE_OUTER_BOUND('',#328,.T.);
#220=FACE_OUTER_BOUND('',#329,.T.);
#221=FACE_OUTER_BOUND('',#330,.T.);
#222=FACE_OUTER_BOUND('',#331,.T.);
#223=FACE_OUTER_BOUND('',#332,.T.);
#224=FACE_OUTER_BOUND('',#333,.T.);
#225=FACE_OUTER_BOUND('',#334,.T.);
#226=FACE_OUTER_BOUND('',#335,.T.);
#227=FACE_OUTER_BOUND('',#336,.T.);
#228=FACE_OUTER_BOUND('',#337,.T.);
#229=FACE_OUTER_BOUND('',#338,.T.);
#230=FACE_OUTER_BOUND('',#339,.T.);
#231=FACE_OUTER_BOUND('',#340,.T.);
#232=FACE_OUTER_BOUND('',#341,.T.);
#233=FACE_OUTER_BOUND('',#342,.T.);
#234=FACE_OUTER_BOUND('',#343,.T.);
#235=FACE_OUTER_BOUND('',#344,.T.);
#236=FACE_OUTER_BOUND('',#345,.T.);
#237=FACE_OUTER_BOUND('',#346,.T.);
#238=FACE_OUTER_BOUND('',#347,.T.);
#239=FACE_OUTER_BOUND('',#348,.T.);
#240=FACE_OUTER_BOUND('',#349,.T.);
#241=FACE_OUTER_BOUND('',#350,.T.);
#242=FACE_OUTER_BOUND('',#351,.T.);
#243=FACE_OUTER_BOUND('',#352,.T.);
#244=FACE_OUTER_BOUND('',#353,.T.);
#245=FACE_OUTER_BOUND('',#354,.T.);
#246=FACE_OUTER_BOUND('',#355,.T.);
#247=FACE_OUTER_BOUND('',#356,.T.);
#248=FACE_OUTER_BOUND('',#357,.T.);
#249=FACE_OUTER_BOUND('',#358,.T.);
#250=FACE_OUTER_BOUND('',#359,.T.);
#251=FACE_OUTER_BOUND('',#360,.T.);
#252=FACE_OUTER_BOUND('',#361,.T.);
#253=FACE_OUTER_BOUND('',#362,.T.);
#254=FACE_OUTER_BOUND('',#363,.T.);
#255=FACE_OUTER_BOUND('',#364,.T.);
#256=FACE_OUTER_BOUND('',#365,.T.);
#257=FACE_OUTER_BOUND('',#366,.T.);
#258=FACE_OUTER_BOUND('',#367,.T.);
#259=FACE_OUTER_BOUND('',#368,.T.);
#260=FACE_OUTER_BOUND('',#369,.T.);
#261=FACE_OUTER_BOUND('',#370,.T.);
#262=FACE_OUTER_BOUND('',#371,.T.);
#263=FACE_OUTER_BOUND('',#372,.T.);
#264=FACE_OUTER_BOUND('',#373,.T.);
#265=FACE_OUTER_BOUND('',#374,.T.);
#266=FACE_OUTER_BOUND('',#375,.T.);
#267=FACE_OUTER_BOUND('',#376,.T.);
#268=FACE_OUTER_BOUND('',#377,.T.);
#269=FACE_OUTER_BOUND('',#378,.T.);
#270=FACE_OUTER_BOUND('',#379,.T.);
#271=FACE_OUTER_BOUND('',#380,.T.);
#272=FACE_OUTER_BOUND('',#381,.T.);
#273=FACE_OUTER_BOUND('',#382,.T.);
#274=FACE_OUTER_BOUND('',#383,.T.);
#275=FACE_OUTER_BOUND('',#384,.T.);
#276=FACE_OUTER_BOUND('',#385,.T.);
#277=FACE_OUTER_BOUND('',#386,.T.);
#278=FACE_OUTER_BOUND('',#387,.T.);
#279=FACE_OUTER_BOUND('',#388,.T.);
#280=FACE_OUTER_BOUND('',#389,.T.);
#281=FACE_OUTER_BOUND('',#390,.T.);
#282=FACE_OUTER_BOUND('',#393,.T.);
#283=FACE_OUTER_BOUND('',#394,.T.);
#284=FACE_OUTER_BOUND('',#395,.T.);
#285=FACE_OUTER_BOUND('',#396,.T.);
#286=FACE_OUTER_BOUND('',#397,.T.);
#287=FACE_OUTER_BOUND('',#398,.T.);
#288=FACE_OUTER_BOUND('',#401,.T.);
#289=FACE_OUTER_BOUND('',#402,.T.);
#290=FACE_OUTER_BOUND('',#403,.T.);
#291=FACE_OUTER_BOUND('',#406,.T.);
#292=FACE_OUTER_BOUND('',#407,.T.);
#293=FACE_OUTER_BOUND('',#408,.T.);
#294=FACE_OUTER_BOUND('',#409,.T.);
#295=FACE_OUTER_BOUND('',#410,.T.);
#296=FACE_OUTER_BOUND('',#411,.T.);
#297=FACE_OUTER_BOUND('',#414,.T.);
#298=FACE_OUTER_BOUND('',#415,.T.);
#299=FACE_OUTER_BOUND('',#416,.T.);
#300=FACE_OUTER_BOUND('',#420,.T.);
#301=FACE_OUTER_BOUND('',#421,.T.);
#302=FACE_OUTER_BOUND('',#422,.T.);
#303=FACE_OUTER_BOUND('',#423,.T.);
#304=FACE_OUTER_BOUND('',#424,.T.);
#305=FACE_OUTER_BOUND('',#425,.T.);
#306=FACE_OUTER_BOUND('',#429,.T.);
#307=FACE_OUTER_BOUND('',#430,.T.);
#308=FACE_OUTER_BOUND('',#431,.T.);
#309=FACE_OUTER_BOUND('',#432,.T.);
#310=FACE_OUTER_BOUND('',#468,.T.);
#311=EDGE_LOOP('',(#1342,#1343,#1344,#1345));
#312=EDGE_LOOP('',(#1346,#1347,#1348,#1349));
#313=EDGE_LOOP('',(#1350,#1351,#1352,#1353));
#314=EDGE_LOOP('',(#1354,#1355,#1356,#1357));
#315=EDGE_LOOP('',(#1358,#1359,#1360,#1361));
#316=EDGE_LOOP('',(#1362,#1363,#1364,#1365));
#317=EDGE_LOOP('',(#1366,#1367,#1368,#1369));
#318=EDGE_LOOP('',(#1370,#1371,#1372,#1373));
#319=EDGE_LOOP('',(#1374,#1375,#1376,#1377));
#320=EDGE_LOOP('',(#1378,#1379,#1380,#1381));
#321=EDGE_LOOP('',(#1382,#1383,#1384,#1385));
#322=EDGE_LOOP('',(#1386,#1387,#1388,#1389));
#323=EDGE_LOOP('',(#1390,#1391,#1392,#1393));
#324=EDGE_LOOP('',(#1394,#1395,#1396,#1397));
#325=EDGE_LOOP('',(#1398,#1399,#1400,#1401));
#326=EDGE_LOOP('',(#1402,#1403,#1404,#1405));
#327=EDGE_LOOP('',(#1406,#1407,#1408,#1409));
#328=EDGE_LOOP('',(#1410,#1411,#1412,#1413));
#329=EDGE_LOOP('',(#1414,#1415,#1416,#1417));
#330=EDGE_LOOP('',(#1418,#1419,#1420,#1421));
#331=EDGE_LOOP('',(#1422,#1423,#1424,#1425));
#332=EDGE_LOOP('',(#1426,#1427,#1428,#1429));
#333=EDGE_LOOP('',(#1430,#1431,#1432,#1433));
#334=EDGE_LOOP('',(#1434,#1435,#1436,#1437));
#335=EDGE_LOOP('',(#1438,#1439,#1440,#1441));
#336=EDGE_LOOP('',(#1442,#1443,#1444,#1445));
#337=EDGE_LOOP('',(#1446,#1447,#1448,#1449));
#338=EDGE_LOOP('',(#1450,#1451,#1452,#1453));
#339=EDGE_LOOP('',(#1454,#1455,#1456,#1457));
#340=EDGE_LOOP('',(#1458,#1459,#1460,#1461));
#341=EDGE_LOOP('',(#1462,#1463,#1464,#1465));
#342=EDGE_LOOP('',(#1466,#1467,#1468,#1469));
#343=EDGE_LOOP('',(#1470,#1471,#1472,#1473));
#344=EDGE_LOOP('',(#1474,#1475,#1476,#1477));
#345=EDGE_LOOP('',(#1478,#1479,#1480,#1481));
#346=EDGE_LOOP('',(#1482,#1483,#1484,#1485));
#347=EDGE_LOOP('',(#1486,#1487,#1488,#1489));
#348=EDGE_LOOP('',(#1490,#1491,#1492,#1493));
#349=EDGE_LOOP('',(#1494,#1495,#1496,#1497));
#350=EDGE_LOOP('',(#1498,#1499,#1500,#1501));
#351=EDGE_LOOP('',(#1502,#1503,#1504,#1505));
#352=EDGE_LOOP('',(#1506,#1507,#1508,#1509));
#353=EDGE_LOOP('',(#1510,#1511,#1512,#1513));
#354=EDGE_LOOP('',(#1514,#1515,#1516,#1517));
#355=EDGE_LOOP('',(#1518,#1519,#1520,#1521));
#356=EDGE_LOOP('',(#1522,#1523,#1524,#1525));
#357=EDGE_LOOP('',(#1526,#1527,#1528,#1529));
#358=EDGE_LOOP('',(#1530,#1531,#1532,#1533));
#359=EDGE_LOOP('',(#1534,#1535,#1536,#1537));
#360=EDGE_LOOP('',(#1538,#1539,#1540,#1541));
#361=EDGE_LOOP('',(#1542,#1543,#1544,#1545));
#362=EDGE_LOOP('',(#1546,#1547,#1548,#1549));
#363=EDGE_LOOP('',(#1550,#1551,#1552,#1553));
#364=EDGE_LOOP('',(#1554,#1555,#1556,#1557));
#365=EDGE_LOOP('',(#1558,#1559,#1560,#1561));
#366=EDGE_LOOP('',(#1562,#1563,#1564,#1565));
#367=EDGE_LOOP('',(#1566,#1567,#1568,#1569));
#368=EDGE_LOOP('',(#1570,#1571,#1572,#1573));
#369=EDGE_LOOP('',(#1574,#1575,#1576,#1577));
#370=EDGE_LOOP('',(#1578,#1579,#1580,#1581));
#371=EDGE_LOOP('',(#1582,#1583,#1584,#1585));
#372=EDGE_LOOP('',(#1586,#1587,#1588,#1589));
#373=EDGE_LOOP('',(#1590,#1591,#1592,#1593));
#374=EDGE_LOOP('',(#1594,#1595,#1596,#1597));
#375=EDGE_LOOP('',(#1598,#1599,#1600,#1601));
#376=EDGE_LOOP('',(#1602,#1603,#1604,#1605));
#377=EDGE_LOOP('',(#1606,#1607,#1608,#1609));
#378=EDGE_LOOP('',(#1610,#1611,#1612,#1613));
#379=EDGE_LOOP('',(#1614,#1615,#1616,#1617));
#380=EDGE_LOOP('',(#1618,#1619,#1620,#1621));
#381=EDGE_LOOP('',(#1622,#1623,#1624,#1625));
#382=EDGE_LOOP('',(#1626,#1627,#1628,#1629));
#383=EDGE_LOOP('',(#1630,#1631,#1632,#1633));
#384=EDGE_LOOP('',(#1634,#1635,#1636,#1637));
#385=EDGE_LOOP('',(#1638,#1639,#1640,#1641));
#386=EDGE_LOOP('',(#1642,#1643,#1644,#1645));
#387=EDGE_LOOP('',(#1646,#1647,#1648,#1649));
#388=EDGE_LOOP('',(#1650,#1651,#1652,#1653));
#389=EDGE_LOOP('',(#1654,#1655,#1656,#1657));
#390=EDGE_LOOP('',(#1658,#1659,#1660,#1661));
#391=EDGE_LOOP('',(#1662));
#392=EDGE_LOOP('',(#1663));
#393=EDGE_LOOP('',(#1664,#1665,#1666,#1667));
#394=EDGE_LOOP('',(#1668,#1669,#1670,#1671));
#395=EDGE_LOOP('',(#1672,#1673,#1674,#1675));
#396=EDGE_LOOP('',(#1676,#1677,#1678,#1679));
#397=EDGE_LOOP('',(#1680,#1681,#1682,#1683));
#398=EDGE_LOOP('',(#1684,#1685,#1686,#1687));
#399=EDGE_LOOP('',(#1688));
#400=EDGE_LOOP('',(#1689));
#401=EDGE_LOOP('',(#1690,#1691,#1692,#1693));
#402=EDGE_LOOP('',(#1694,#1695,#1696,#1697));
#403=EDGE_LOOP('',(#1698,#1699,#1700,#1701));
#404=EDGE_LOOP('',(#1702));
#405=EDGE_LOOP('',(#1703));
#406=EDGE_LOOP('',(#1704,#1705,#1706,#1707));
#407=EDGE_LOOP('',(#1708,#1709,#1710,#1711));
#408=EDGE_LOOP('',(#1712,#1713,#1714,#1715));
#409=EDGE_LOOP('',(#1716,#1717,#1718,#1719));
#410=EDGE_LOOP('',(#1720,#1721,#1722,#1723));
#411=EDGE_LOOP('',(#1724,#1725,#1726,#1727));
#412=EDGE_LOOP('',(#1728));
#413=EDGE_LOOP('',(#1729));
#414=EDGE_LOOP('',(#1730,#1731,#1732,#1733));
#415=EDGE_LOOP('',(#1734,#1735,#1736,#1737));
#416=EDGE_LOOP('',(#1738,#1739,#1740,#1741));
#417=EDGE_LOOP('',(#1742));
#418=EDGE_LOOP('',(#1743));
#419=EDGE_LOOP('',(#1744));
#420=EDGE_LOOP('',(#1745,#1746,#1747,#1748));
#421=EDGE_LOOP('',(#1749,#1750,#1751,#1752));
#422=EDGE_LOOP('',(#1753,#1754,#1755,#1756));
#423=EDGE_LOOP('',(#1757,#1758,#1759,#1760));
#424=EDGE_LOOP('',(#1761,#1762,#1763,#1764));
#425=EDGE_LOOP('',(#1765,#1766,#1767,#1768));
#426=EDGE_LOOP('',(#1769));
#427=EDGE_LOOP('',(#1770));
#428=EDGE_LOOP('',(#1771));
#429=EDGE_LOOP('',(#1772,#1773,#1774,#1775));
#430=EDGE_LOOP('',(#1776,#1777,#1778,#1779));
#431=EDGE_LOOP('',(#1780,#1781,#1782,#1783));
#432=EDGE_LOOP('',(#1784,#1785,#1786,#1787,#1788,#1789,#1790,#1791,#1792,
#1793));
#433=EDGE_LOOP('',(#1794));
#434=EDGE_LOOP('',(#1795));
#435=EDGE_LOOP('',(#1796));
#436=EDGE_LOOP('',(#1797));
#437=EDGE_LOOP('',(#1798));
#438=EDGE_LOOP('',(#1799));
#439=EDGE_LOOP('',(#1800));
#440=EDGE_LOOP('',(#1801));
#441=EDGE_LOOP('',(#1802));
#442=EDGE_LOOP('',(#1803));
#443=EDGE_LOOP('',(#1804));
#444=EDGE_LOOP('',(#1805));
#445=EDGE_LOOP('',(#1806));
#446=EDGE_LOOP('',(#1807));
#447=EDGE_LOOP('',(#1808));
#448=EDGE_LOOP('',(#1809));
#449=EDGE_LOOP('',(#1810));
#450=EDGE_LOOP('',(#1811));
#451=EDGE_LOOP('',(#1812));
#452=EDGE_LOOP('',(#1813));
#453=EDGE_LOOP('',(#1814));
#454=EDGE_LOOP('',(#1815));
#455=EDGE_LOOP('',(#1816));
#456=EDGE_LOOP('',(#1817));
#457=EDGE_LOOP('',(#1818));
#458=EDGE_LOOP('',(#1819));
#459=EDGE_LOOP('',(#1820));
#460=EDGE_LOOP('',(#1821));
#461=EDGE_LOOP('',(#1822));
#462=EDGE_LOOP('',(#1823));
#463=EDGE_LOOP('',(#1824));
#464=EDGE_LOOP('',(#1825));
#465=EDGE_LOOP('',(#1826));
#466=EDGE_LOOP('',(#1827));
#467=EDGE_LOOP('',(#1828));
#468=EDGE_LOOP('',(#1829,#1830,#1831,#1832,#1833,#1834,#1835,#1836,#1837,
#1838));
#469=EDGE_LOOP('',(#1839));
#470=EDGE_LOOP('',(#1840));
#471=EDGE_LOOP('',(#1841));
#472=EDGE_LOOP('',(#1842));
#473=EDGE_LOOP('',(#1843));
#474=EDGE_LOOP('',(#1844));
#475=EDGE_LOOP('',(#1845));
#476=EDGE_LOOP('',(#1846));
#477=EDGE_LOOP('',(#1847));
#478=EDGE_LOOP('',(#1848));
#479=EDGE_LOOP('',(#1849));
#480=EDGE_LOOP('',(#1850));
#481=EDGE_LOOP('',(#1851));
#482=EDGE_LOOP('',(#1852));
#483=EDGE_LOOP('',(#1853));
#484=EDGE_LOOP('',(#1854));
#485=EDGE_LOOP('',(#1855));
#486=EDGE_LOOP('',(#1856));
#487=EDGE_LOOP('',(#1857));
#488=EDGE_LOOP('',(#1858));
#489=EDGE_LOOP('',(#1859));
#490=EDGE_LOOP('',(#1860));
#491=EDGE_LOOP('',(#1861));
#492=EDGE_LOOP('',(#1862));
#493=EDGE_LOOP('',(#1863));
#494=EDGE_LOOP('',(#1864));
#495=EDGE_LOOP('',(#1865));
#496=EDGE_LOOP('',(#1866));
#497=EDGE_LOOP('',(#1867));
#498=EDGE_LOOP('',(#1868));
#499=EDGE_LOOP('',(#1869));
#500=EDGE_LOOP('',(#1870));
#501=EDGE_LOOP('',(#1871));
#502=EDGE_LOOP('',(#1872));
#503=EDGE_LOOP('',(#1873));
#504=LINE('',#2880,#651);
#505=LINE('',#2883,#652);
#506=LINE('',#2886,#653);
#507=LINE('',#2888,#654);
#508=LINE('',#2889,#655);
#509=LINE('',#2895,#656);
#510=LINE('',#2898,#657);
#511=LINE('',#2901,#658);
#512=LINE('',#2903,#659);
#513=LINE('',#2904,#660);
#514=LINE('',#2909,#661);
#515=LINE('',#2913,#662);
#516=LINE('',#2919,#663);
#517=LINE('',#2923,#664);
#518=LINE('',#2929,#665);
#519=LINE('',#2933,#666);
#520=LINE('',#2939,#667);
#521=LINE('',#2943,#668);
#522=LINE('',#2949,#669);
#523=LINE('',#2953,#670);
#524=LINE('',#2959,#671);
#525=LINE('',#2963,#672);
#526=LINE('',#2969,#673);
#527=LINE('',#2973,#674);
#528=LINE('',#2979,#675);
#529=LINE('',#2983,#676);
#530=LINE('',#2989,#677);
#531=LINE('',#2993,#678);
#532=LINE('',#2999,#679);
#533=LINE('',#3005,#680);
#534=LINE('',#3011,#681);
#535=LINE('',#3017,#682);
#536=LINE('',#3023,#683);
#537=LINE('',#3029,#684);
#538=LINE('',#3035,#685);
#539=LINE('',#3041,#686);
#540=LINE('',#3047,#687);
#541=LINE('',#3053,#688);
#542=LINE('',#3059,#689);
#543=LINE('',#3065,#690);
#544=LINE('',#3069,#691);
#545=LINE('',#3075,#692);
#546=LINE('',#3079,#693);
#547=LINE('',#3085,#694);
#548=LINE('',#3089,#695);
#549=LINE('',#3095,#696);
#550=LINE('',#3099,#697);
#551=LINE('',#3105,#698);
#552=LINE('',#3109,#699);
#553=LINE('',#3115,#700);
#554=LINE('',#3119,#701);
#555=LINE('',#3125,#702);
#556=LINE('',#3129,#703);
#557=LINE('',#3135,#704);
#558=LINE('',#3139,#705);
#559=LINE('',#3145,#706);
#560=LINE('',#3149,#707);
#561=LINE('',#3155,#708);
#562=LINE('',#3159,#709);
#563=LINE('',#3165,#710);
#564=LINE('',#3169,#711);
#565=LINE('',#3175,#712);
#566=LINE('',#3179,#713);
#567=LINE('',#3185,#714);
#568=LINE('',#3189,#715);
#569=LINE('',#3195,#716);
#570=LINE('',#3199,#717);
#571=LINE('',#3205,#718);
#572=LINE('',#3209,#719);
#573=LINE('',#3215,#720);
#574=LINE('',#3219,#721);
#575=LINE('',#3225,#722);
#576=LINE('',#3229,#723);
#577=LINE('',#3235,#724);
#578=LINE('',#3239,#725);
#579=LINE('',#3245,#726);
#580=LINE('',#3249,#727);
#581=LINE('',#3255,#728);
#582=LINE('',#3259,#729);
#583=LINE('',#3265,#730);
#584=LINE('',#3269,#731);
#585=LINE('',#3275,#732);
#586=LINE('',#3279,#733);
#587=LINE('',#3284,#734);
#588=LINE('',#3286,#735);
#589=LINE('',#3288,#736);
#590=LINE('',#3289,#737);
#591=LINE('',#3292,#738);
#592=LINE('',#3294,#739);
#593=LINE('',#3296,#740);
#594=LINE('',#3297,#741);
#595=LINE('',#3300,#742);
#596=LINE('',#3302,#743);
#597=LINE('',#3303,#744);
#598=LINE('',#3305,#745);
#599=LINE('',#3307,#746);
#600=LINE('',#3308,#747);
#601=LINE('',#3311,#748);
#602=LINE('',#3312,#749);
#603=LINE('',#3315,#750);
#604=LINE('',#3316,#751);
#605=LINE('',#3318,#752);
#606=LINE('',#3320,#753);
#607=LINE('',#3325,#754);
#608=LINE('',#3327,#755);
#609=LINE('',#3328,#756);
#610=LINE('',#3329,#757);
#611=LINE('',#3332,#758);
#612=LINE('',#3334,#759);
#613=LINE('',#3336,#760);
#614=LINE('',#3337,#761);
#615=LINE('',#3340,#762);
#616=LINE('',#3342,#763);
#617=LINE('',#3343,#764);
#618=LINE('',#3345,#765);
#619=LINE('',#3347,#766);
#620=LINE('',#3348,#767);
#621=LINE('',#3350,#768);
#622=LINE('',#3353,#769);
#623=LINE('',#3354,#770);
#624=LINE('',#3356,#771);
#625=LINE('',#3358,#772);
#626=LINE('',#3363,#773);
#627=LINE('',#3365,#774);
#628=LINE('',#3366,#775);
#629=LINE('',#3367,#776);
#630=LINE('',#3370,#777);
#631=LINE('',#3372,#778);
#632=LINE('',#3374,#779);
#633=LINE('',#3375,#780);
#634=LINE('',#3378,#781);
#635=LINE('',#3380,#782);
#636=LINE('',#3381,#783);
#637=LINE('',#3383,#784);
#638=LINE('',#3385,#785);
#639=LINE('',#3386,#786);
#640=LINE('',#3388,#787);
#641=LINE('',#3391,#788);
#642=LINE('',#3392,#789);
#643=LINE('',#3394,#790);
#644=LINE('',#3396,#791);
#645=LINE('',#3399,#792);
#646=LINE('',#3400,#793);
#647=LINE('',#3402,#794);
#648=LINE('',#3403,#795);
#649=LINE('',#3405,#796);
#650=LINE('',#3406,#797);
#651=VECTOR('',#2275,10.);
#652=VECTOR('',#2278,10.);
#653=VECTOR('',#2281,10.);
#654=VECTOR('',#2282,10.);
#655=VECTOR('',#2283,10.);
#656=VECTOR('',#2288,10.);
#657=VECTOR('',#2291,10.);
#658=VECTOR('',#2294,10.);
#659=VECTOR('',#2295,10.);
#660=VECTOR('',#2296,10.);
#661=VECTOR('',#2301,3.23225);
#662=VECTOR('',#2306,2.248);
#663=VECTOR('',#2313,3.23225);
#664=VECTOR('',#2318,2.248);
#665=VECTOR('',#2325,3.23225);
#666=VECTOR('',#2330,2.248);
#667=VECTOR('',#2337,3.23225);
#668=VECTOR('',#2342,2.248);
#669=VECTOR('',#2349,3.23225);
#670=VECTOR('',#2354,2.248);
#671=VECTOR('',#2361,3.23225);
#672=VECTOR('',#2366,2.248);
#673=VECTOR('',#2373,3.23225);
#674=VECTOR('',#2378,2.248);
#675=VECTOR('',#2385,3.23225);
#676=VECTOR('',#2390,2.248);
#677=VECTOR('',#2397,3.23225);
#678=VECTOR('',#2402,2.248);
#679=VECTOR('',#2409,1.2645);
#680=VECTOR('',#2416,1.2645);
#681=VECTOR('',#2423,1.2645);
#682=VECTOR('',#2430,1.2645);
#683=VECTOR('',#2437,1.2645);
#684=VECTOR('',#2444,1.2645);
#685=VECTOR('',#2451,1.2645);
#686=VECTOR('',#2458,1.2645);
#687=VECTOR('',#2465,1.2645);
#688=VECTOR('',#2472,1.2645);
#689=VECTOR('',#2479,1.2645);
#690=VECTOR('',#2486,2.425);
#691=VECTOR('',#2491,1.7);
#692=VECTOR('',#2498,2.425);
#693=VECTOR('',#2503,1.7);
#694=VECTOR('',#2510,2.24475);
#695=VECTOR('',#2515,1.632);
#696=VECTOR('',#2522,2.24475);
#697=VECTOR('',#2527,1.632);
#698=VECTOR('',#2534,2.24475);
#699=VECTOR('',#2539,1.632);
#700=VECTOR('',#2546,2.24475);
#701=VECTOR('',#2551,1.632);
#702=VECTOR('',#2558,2.24475);
#703=VECTOR('',#2563,1.632);
#704=VECTOR('',#2570,2.24475);
#705=VECTOR('',#2575,1.632);
#706=VECTOR('',#2582,2.24475);
#707=VECTOR('',#2587,1.632);
#708=VECTOR('',#2594,2.24475);
#709=VECTOR('',#2599,1.632);
#710=VECTOR('',#2606,2.24475);
#711=VECTOR('',#2611,1.632);
#712=VECTOR('',#2618,2.24475);
#713=VECTOR('',#2623,1.632);
#714=VECTOR('',#2630,2.24475);
#715=VECTOR('',#2635,1.632);
#716=VECTOR('',#2642,2.24475);
#717=VECTOR('',#2647,1.632);
#718=VECTOR('',#2654,2.24475);
#719=VECTOR('',#2659,1.632);
#720=VECTOR('',#2666,2.24475);
#721=VECTOR('',#2671,1.632);
#722=VECTOR('',#2678,2.24475);
#723=VECTOR('',#2683,1.632);
#724=VECTOR('',#2690,2.24475);
#725=VECTOR('',#2695,1.632);
#726=VECTOR('',#2702,2.24475);
#727=VECTOR('',#2707,1.632);
#728=VECTOR('',#2714,2.24475);
#729=VECTOR('',#2719,1.632);
#730=VECTOR('',#2726,2.24475);
#731=VECTOR('',#2731,1.632);
#732=VECTOR('',#2738,2.24475);
#733=VECTOR('',#2743,1.632);
#734=VECTOR('',#2748,10.);
#735=VECTOR('',#2749,4.32000000000005);
#736=VECTOR('',#2750,10.);
#737=VECTOR('',#2751,4.32000000000005);
#738=VECTOR('',#2754,10.);
#739=VECTOR('',#2755,4.31999999999997);
#740=VECTOR('',#2756,10.);
#741=VECTOR('',#2757,4.31999999999997);
#742=VECTOR('',#2760,10.);
#743=VECTOR('',#2761,4.31999999999997);
#744=VECTOR('',#2762,10.);
#745=VECTOR('',#2765,10.);
#746=VECTOR('',#2766,4.32000000000005);
#747=VECTOR('',#2767,10.);
#748=VECTOR('',#2770,10.);
#749=VECTOR('',#2771,4.32000000000005);
#750=VECTOR('',#2774,10.);
#751=VECTOR('',#2775,10.);
#752=VECTOR('',#2778,10.);
#753=VECTOR('',#2781,10.);
#754=VECTOR('',#2786,10.);
#755=VECTOR('',#2787,4.32);
#756=VECTOR('',#2788,10.);
#757=VECTOR('',#2789,4.32);
#758=VECTOR('',#2792,10.);
#759=VECTOR('',#2793,4.31999999999997);
#760=VECTOR('',#2794,10.);
#761=VECTOR('',#2795,4.31999999999997);
#762=VECTOR('',#2798,10.);
#763=VECTOR('',#2799,4.31999999999997);
#764=VECTOR('',#2800,10.);
#765=VECTOR('',#2803,10.);
#766=VECTOR('',#2804,4.32);
#767=VECTOR('',#2805,10.);
#768=VECTOR('',#2808,4.32);
#769=VECTOR('',#2811,10.);
#770=VECTOR('',#2812,10.);
#771=VECTOR('',#2815,10.);
#772=VECTOR('',#2818,10.);
#773=VECTOR('',#2823,10.);
#774=VECTOR('',#2824,4.32);
#775=VECTOR('',#2825,10.);
#776=VECTOR('',#2826,4.32);
#777=VECTOR('',#2829,10.);
#778=VECTOR('',#2830,4.32000000000001);
#779=VECTOR('',#2831,10.);
#780=VECTOR('',#2832,4.32000000000001);
#781=VECTOR('',#2835,10.);
#782=VECTOR('',#2836,4.32000000000001);
#783=VECTOR('',#2837,10.);
#784=VECTOR('',#2840,10.);
#785=VECTOR('',#2841,4.32);
#786=VECTOR('',#2842,10.);
#787=VECTOR('',#2845,4.32);
#788=VECTOR('',#2848,10.);
#789=VECTOR('',#2849,10.);
#790=VECTOR('',#2852,10.);
#791=VECTOR('',#2855,10.);
#792=VECTOR('',#2860,10.);
#793=VECTOR('',#2861,10.);
#794=VECTOR('',#2864,10.);
#795=VECTOR('',#2865,10.);
#796=VECTOR('',#2868,10.);
#797=VECTOR('',#2869,10.);
#798=CIRCLE('',#2042,2.);
#799=CIRCLE('',#2043,2.);
#800=CIRCLE('',#2046,2.);
#801=CIRCLE('',#2047,2.);
#802=CIRCLE('',#2050,4.2165);
#803=CIRCLE('',#2051,2.248);
#804=CIRCLE('',#2053,2.248);
#805=CIRCLE('',#2055,4.2165);
#806=CIRCLE('',#2056,2.248);
#807=CIRCLE('',#2058,2.248);
#808=CIRCLE('',#2060,4.2165);
#809=CIRCLE('',#2061,2.248);
#810=CIRCLE('',#2063,2.248);
#811=CIRCLE('',#2065,4.2165);
#812=CIRCLE('',#2066,2.248);
#813=CIRCLE('',#2068,2.248);
#814=CIRCLE('',#2070,4.2165);
#815=CIRCLE('',#2071,2.248);
#816=CIRCLE('',#2073,2.248);
#817=CIRCLE('',#2075,4.2165);
#818=CIRCLE('',#2076,2.248);
#819=CIRCLE('',#2078,2.248);
#820=CIRCLE('',#2080,4.2165);
#821=CIRCLE('',#2081,2.248);
#822=CIRCLE('',#2083,2.248);
#823=CIRCLE('',#2085,4.2165);
#824=CIRCLE('',#2086,2.248);
#825=CIRCLE('',#2088,2.248);
#826=CIRCLE('',#2090,4.2165);
#827=CIRCLE('',#2091,2.248);
#828=CIRCLE('',#2093,2.248);
#829=CIRCLE('',#2095,1.2645);
#830=CIRCLE('',#2096,1.2645);
#831=CIRCLE('',#2098,1.2645);
#832=CIRCLE('',#2099,1.2645);
#833=CIRCLE('',#2101,1.2645);
#834=CIRCLE('',#2102,1.2645);
#835=CIRCLE('',#2104,1.2645);
#836=CIRCLE('',#2105,1.2645);
#837=CIRCLE('',#2107,1.2645);
#838=CIRCLE('',#2108,1.2645);
#839=CIRCLE('',#2110,1.2645);
#840=CIRCLE('',#2111,1.2645);
#841=CIRCLE('',#2113,1.2645);
#842=CIRCLE('',#2114,1.2645);
#843=CIRCLE('',#2116,1.2645);
#844=CIRCLE('',#2117,1.2645);
#845=CIRCLE('',#2119,1.2645);
#846=CIRCLE('',#2120,1.2645);
#847=CIRCLE('',#2122,1.2645);
#848=CIRCLE('',#2123,1.2645);
#849=CIRCLE('',#2125,1.2645);
#850=CIRCLE('',#2126,1.2645);
#851=CIRCLE('',#2128,3.15);
#852=CIRCLE('',#2129,1.7);
#853=CIRCLE('',#2131,1.7);
#854=CIRCLE('',#2133,3.15);
#855=CIRCLE('',#2134,1.7);
#856=CIRCLE('',#2136,1.7);
#857=CIRCLE('',#2138,2.8575);
#858=CIRCLE('',#2139,1.632);
#859=CIRCLE('',#2141,1.632);
#860=CIRCLE('',#2143,2.8575);
#861=CIRCLE('',#2144,1.632);
#862=CIRCLE('',#2146,1.632);
#863=CIRCLE('',#2148,2.8575);
#864=CIRCLE('',#2149,1.632);
#865=CIRCLE('',#2151,1.632);
#866=CIRCLE('',#2153,2.8575);
#867=CIRCLE('',#2154,1.632);
#868=CIRCLE('',#2156,1.632);
#869=CIRCLE('',#2158,2.8575);
#870=CIRCLE('',#2159,1.632);
#871=CIRCLE('',#2161,1.632);
#872=CIRCLE('',#2163,2.8575);
#873=CIRCLE('',#2164,1.632);
#874=CIRCLE('',#2166,1.632);
#875=CIRCLE('',#2168,2.8575);
#876=CIRCLE('',#2169,1.632);
#877=CIRCLE('',#2171,1.632);
#878=CIRCLE('',#2173,2.8575);
#879=CIRCLE('',#2174,1.632);
#880=CIRCLE('',#2176,1.632);
#881=CIRCLE('',#2178,2.8575);
#882=CIRCLE('',#2179,1.632);
#883=CIRCLE('',#2181,1.632);
#884=CIRCLE('',#2183,2.8575);
#885=CIRCLE('',#2184,1.632);
#886=CIRCLE('',#2186,1.632);
#887=CIRCLE('',#2188,2.8575);
#888=CIRCLE('',#2189,1.632);
#889=CIRCLE('',#2191,1.632);
#890=CIRCLE('',#2193,2.8575);
#891=CIRCLE('',#2194,1.632);
#892=CIRCLE('',#2196,1.632);
#893=CIRCLE('',#2198,2.8575);
#894=CIRCLE('',#2199,1.632);
#895=CIRCLE('',#2201,1.632);
#896=CIRCLE('',#2203,2.8575);
#897=CIRCLE('',#2204,1.632);
#898=CIRCLE('',#2206,1.632);
#899=CIRCLE('',#2208,2.8575);
#900=CIRCLE('',#2209,1.632);
#901=CIRCLE('',#2211,1.632);
#902=CIRCLE('',#2213,2.8575);
#903=CIRCLE('',#2214,1.632);
#904=CIRCLE('',#2216,1.632);
#905=CIRCLE('',#2218,2.8575);
#906=CIRCLE('',#2219,1.632);
#907=CIRCLE('',#2221,1.632);
#908=CIRCLE('',#2223,2.8575);
#909=CIRCLE('',#2224,1.632);
#910=CIRCLE('',#2226,1.632);
#911=CIRCLE('',#2228,2.8575);
#912=CIRCLE('',#2229,1.632);
#913=CIRCLE('',#2231,1.632);
#914=CIRCLE('',#2233,2.8575);
#915=CIRCLE('',#2234,1.632);
#916=CIRCLE('',#2236,1.632);
#917=VERTEX_POINT('',#2876);
#918=VERTEX_POINT('',#2877);
#919=VERTEX_POINT('',#2879);
#920=VERTEX_POINT('',#2881);
#921=VERTEX_POINT('',#2885);
#922=VERTEX_POINT('',#2887);
#923=VERTEX_POINT('',#2891);
#924=VERTEX_POINT('',#2892);
#925=VERTEX_POINT('',#2894);
#926=VERTEX_POINT('',#2896);
#927=VERTEX_POINT('',#2900);
#928=VERTEX_POINT('',#2902);
#929=VERTEX_POINT('',#2906);
#930=VERTEX_POINT('',#2908);
#931=VERTEX_POINT('',#2912);
#932=VERTEX_POINT('',#2916);
#933=VERTEX_POINT('',#2918);
#934=VERTEX_POINT('',#2922);
#935=VERTEX_POINT('',#2926);
#936=VERTEX_POINT('',#2928);
#937=VERTEX_POINT('',#2932);
#938=VERTEX_POINT('',#2936);
#939=VERTEX_POINT('',#2938);
#940=VERTEX_POINT('',#2942);
#941=VERTEX_POINT('',#2946);
#942=VERTEX_POINT('',#2948);
#943=VERTEX_POINT('',#2952);
#944=VERTEX_POINT('',#2956);
#945=VERTEX_POINT('',#2958);
#946=VERTEX_POINT('',#2962);
#947=VERTEX_POINT('',#2966);
#948=VERTEX_POINT('',#2968);
#949=VERTEX_POINT('',#2972);
#950=VERTEX_POINT('',#2976);
#951=VERTEX_POINT('',#2978);
#952=VERTEX_POINT('',#2982);
#953=VERTEX_POINT('',#2986);
#954=VERTEX_POINT('',#2988);
#955=VERTEX_POINT('',#2992);
#956=VERTEX_POINT('',#2996);
#957=VERTEX_POINT('',#2998);
#958=VERTEX_POINT('',#3002);
#959=VERTEX_POINT('',#3004);
#960=VERTEX_POINT('',#3008);
#961=VERTEX_POINT('',#3010);
#962=VERTEX_POINT('',#3014);
#963=VERTEX_POINT('',#3016);
#964=VERTEX_POINT('',#3020);
#965=VERTEX_POINT('',#3022);
#966=VERTEX_POINT('',#3026);
#967=VERTEX_POINT('',#3028);
#968=VERTEX_POINT('',#3032);
#969=VERTEX_POINT('',#3034);
#970=VERTEX_POINT('',#3038);
#971=VERTEX_POINT('',#3040);
#972=VERTEX_POINT('',#3044);
#973=VERTEX_POINT('',#3046);
#974=VERTEX_POINT('',#3050);
#975=VERTEX_POINT('',#3052);
#976=VERTEX_POINT('',#3056);
#977=VERTEX_POINT('',#3058);
#978=VERTEX_POINT('',#3062);
#979=VERTEX_POINT('',#3064);
#980=VERTEX_POINT('',#3068);
#981=VERTEX_POINT('',#3072);
#982=VERTEX_POINT('',#3074);
#983=VERTEX_POINT('',#3078);
#984=VERTEX_POINT('',#3082);
#985=VERTEX_POINT('',#3084);
#986=VERTEX_POINT('',#3088);
#987=VERTEX_POINT('',#3092);
#988=VERTEX_POINT('',#3094);
#989=VERTEX_POINT('',#3098);
#990=VERTEX_POINT('',#3102);
#991=VERTEX_POINT('',#3104);
#992=VERTEX_POINT('',#3108);
#993=VERTEX_POINT('',#3112);
#994=VERTEX_POINT('',#3114);
#995=VERTEX_POINT('',#3118);
#996=VERTEX_POINT('',#3122);
#997=VERTEX_POINT('',#3124);
#998=VERTEX_POINT('',#3128);
#999=VERTEX_POINT('',#3132);
#1000=VERTEX_POINT('',#3134);
#1001=VERTEX_POINT('',#3138);
#1002=VERTEX_POINT('',#3142);
#1003=VERTEX_POINT('',#3144);
#1004=VERTEX_POINT('',#3148);
#1005=VERTEX_POINT('',#3152);
#1006=VERTEX_POINT('',#3154);
#1007=VERTEX_POINT('',#3158);
#1008=VERTEX_POINT('',#3162);
#1009=VERTEX_POINT('',#3164);
#1010=VERTEX_POINT('',#3168);
#1011=VERTEX_POINT('',#3172);
#1012=VERTEX_POINT('',#3174);
#1013=VERTEX_POINT('',#3178);
#1014=VERTEX_POINT('',#3182);
#1015=VERTEX_POINT('',#3184);
#1016=VERTEX_POINT('',#3188);
#1017=VERTEX_POINT('',#3192);
#1018=VERTEX_POINT('',#3194);
#1019=VERTEX_POINT('',#3198);
#1020=VERTEX_POINT('',#3202);
#1021=VERTEX_POINT('',#3204);
#1022=VERTEX_POINT('',#3208);
#1023=VERTEX_POINT('',#3212);
#1024=VERTEX_POINT('',#3214);
#1025=VERTEX_POINT('',#3218);
#1026=VERTEX_POINT('',#3222);
#1027=VERTEX_POINT('',#3224);
#1028=VERTEX_POINT('',#3228);
#1029=VERTEX_POINT('',#3232);
#1030=VERTEX_POINT('',#3234);
#1031=VERTEX_POINT('',#3238);
#1032=VERTEX_POINT('',#3242);
#1033=VERTEX_POINT('',#3244);
#1034=VERTEX_POINT('',#3248);
#1035=VERTEX_POINT('',#3252);
#1036=VERTEX_POINT('',#3254);
#1037=VERTEX_POINT('',#3258);
#1038=VERTEX_POINT('',#3262);
#1039=VERTEX_POINT('',#3264);
#1040=VERTEX_POINT('',#3268);
#1041=VERTEX_POINT('',#3272);
#1042=VERTEX_POINT('',#3274);
#1043=VERTEX_POINT('',#3278);
#1044=VERTEX_POINT('',#3282);
#1045=VERTEX_POINT('',#3283);
#1046=VERTEX_POINT('',#3285);
#1047=VERTEX_POINT('',#3287);
#1048=VERTEX_POINT('',#3291);
#1049=VERTEX_POINT('',#3293);
#1050=VERTEX_POINT('',#3295);
#1051=VERTEX_POINT('',#3299);
#1052=VERTEX_POINT('',#3301);
#1053=VERTEX_POINT('',#3306);
#1054=VERTEX_POINT('',#3310);
#1055=VERTEX_POINT('',#3314);
#1056=VERTEX_POINT('',#3323);
#1057=VERTEX_POINT('',#3324);
#1058=VERTEX_POINT('',#3326);
#1059=VERTEX_POINT('',#3331);
#1060=VERTEX_POINT('',#3333);
#1061=VERTEX_POINT('',#3335);
#1062=VERTEX_POINT('',#3339);
#1063=VERTEX_POINT('',#3341);
#1064=VERTEX_POINT('',#3346);
#1065=VERTEX_POINT('',#3352);
#1066=VERTEX_POINT('',#3361);
#1067=VERTEX_POINT('',#3362);
#1068=VERTEX_POINT('',#3364);
#1069=VERTEX_POINT('',#3369);
#1070=VERTEX_POINT('',#3371);
#1071=VERTEX_POINT('',#3373);
#1072=VERTEX_POINT('',#3377);
#1073=VERTEX_POINT('',#3379);
#1074=VERTEX_POINT('',#3384);
#1075=VERTEX_POINT('',#3390);
#1076=EDGE_CURVE('',#917,#918,#798,.T.);
#1077=EDGE_CURVE('',#918,#919,#504,.T.);
#1078=EDGE_CURVE('',#919,#920,#799,.T.);
#1079=EDGE_CURVE('',#920,#917,#505,.T.);
#1080=EDGE_CURVE('',#918,#921,#506,.T.);
#1081=EDGE_CURVE('',#921,#922,#507,.T.);
#1082=EDGE_CURVE('',#919,#922,#508,.T.);
#1083=EDGE_CURVE('',#923,#924,#800,.T.);
#1084=EDGE_CURVE('',#924,#925,#509,.T.);
#1085=EDGE_CURVE('',#925,#926,#801,.T.);
#1086=EDGE_CURVE('',#926,#923,#510,.T.);
#1087=EDGE_CURVE('',#927,#924,#511,.T.);
#1088=EDGE_CURVE('',#927,#928,#512,.T.);
#1089=EDGE_CURVE('',#925,#928,#513,.T.);
#1090=EDGE_CURVE('',#929,#929,#802,.T.);
#1091=EDGE_CURVE('',#929,#930,#514,.T.);
#1092=EDGE_CURVE('',#930,#930,#803,.T.);
#1093=EDGE_CURVE('',#930,#931,#515,.T.);
#1094=EDGE_CURVE('',#931,#931,#804,.T.);
#1095=EDGE_CURVE('',#932,#932,#805,.T.);
#1096=EDGE_CURVE('',#932,#933,#516,.T.);
#1097=EDGE_CURVE('',#933,#933,#806,.T.);
#1098=EDGE_CURVE('',#933,#934,#517,.T.);
#1099=EDGE_CURVE('',#934,#934,#807,.T.);
#1100=EDGE_CURVE('',#935,#935,#808,.T.);
#1101=EDGE_CURVE('',#935,#936,#518,.T.);
#1102=EDGE_CURVE('',#936,#936,#809,.T.);
#1103=EDGE_CURVE('',#936,#937,#519,.T.);
#1104=EDGE_CURVE('',#937,#937,#810,.T.);
#1105=EDGE_CURVE('',#938,#938,#811,.T.);
#1106=EDGE_CURVE('',#938,#939,#520,.T.);
#1107=EDGE_CURVE('',#939,#939,#812,.T.);
#1108=EDGE_CURVE('',#939,#940,#521,.T.);
#1109=EDGE_CURVE('',#940,#940,#813,.T.);
#1110=EDGE_CURVE('',#941,#941,#814,.T.);
#1111=EDGE_CURVE('',#941,#942,#522,.T.);
#1112=EDGE_CURVE('',#942,#942,#815,.T.);
#1113=EDGE_CURVE('',#942,#943,#523,.T.);
#1114=EDGE_CURVE('',#943,#943,#816,.T.);
#1115=EDGE_CURVE('',#944,#944,#817,.T.);
#1116=EDGE_CURVE('',#944,#945,#524,.T.);
#1117=EDGE_CURVE('',#945,#945,#818,.T.);
#1118=EDGE_CURVE('',#945,#946,#525,.T.);
#1119=EDGE_CURVE('',#946,#946,#819,.T.);
#1120=EDGE_CURVE('',#947,#947,#820,.T.);
#1121=EDGE_CURVE('',#947,#948,#526,.T.);
#1122=EDGE_CURVE('',#948,#948,#821,.T.);
#1123=EDGE_CURVE('',#948,#949,#527,.T.);
#1124=EDGE_CURVE('',#949,#949,#822,.T.);
#1125=EDGE_CURVE('',#950,#950,#823,.T.);
#1126=EDGE_CURVE('',#950,#951,#528,.T.);
#1127=EDGE_CURVE('',#951,#951,#824,.T.);
#1128=EDGE_CURVE('',#951,#952,#529,.T.);
#1129=EDGE_CURVE('',#952,#952,#825,.T.);
#1130=EDGE_CURVE('',#953,#953,#826,.T.);
#1131=EDGE_CURVE('',#953,#954,#530,.T.);
#1132=EDGE_CURVE('',#954,#954,#827,.T.);
#1133=EDGE_CURVE('',#954,#955,#531,.T.);
#1134=EDGE_CURVE('',#955,#955,#828,.T.);
#1135=EDGE_CURVE('',#956,#956,#829,.T.);
#1136=EDGE_CURVE('',#956,#957,#532,.T.);
#1137=EDGE_CURVE('',#957,#957,#830,.T.);
#1138=EDGE_CURVE('',#958,#958,#831,.T.);
#1139=EDGE_CURVE('',#958,#959,#533,.T.);
#1140=EDGE_CURVE('',#959,#959,#832,.T.);
#1141=EDGE_CURVE('',#960,#960,#833,.T.);
#1142=EDGE_CURVE('',#960,#961,#534,.T.);
#1143=EDGE_CURVE('',#961,#961,#834,.T.);
#1144=EDGE_CURVE('',#962,#962,#835,.T.);
#1145=EDGE_CURVE('',#962,#963,#535,.T.);
#1146=EDGE_CURVE('',#963,#963,#836,.T.);
#1147=EDGE_CURVE('',#964,#964,#837,.T.);
#1148=EDGE_CURVE('',#964,#965,#536,.T.);
#1149=EDGE_CURVE('',#965,#965,#838,.T.);
#1150=EDGE_CURVE('',#966,#966,#839,.T.);
#1151=EDGE_CURVE('',#966,#967,#537,.T.);
#1152=EDGE_CURVE('',#967,#967,#840,.T.);
#1153=EDGE_CURVE('',#968,#968,#841,.T.);
#1154=EDGE_CURVE('',#968,#969,#538,.T.);
#1155=EDGE_CURVE('',#969,#969,#842,.T.);
#1156=EDGE_CURVE('',#970,#970,#843,.T.);
#1157=EDGE_CURVE('',#970,#971,#539,.T.);
#1158=EDGE_CURVE('',#971,#971,#844,.T.);
#1159=EDGE_CURVE('',#972,#972,#845,.T.);
#1160=EDGE_CURVE('',#972,#973,#540,.T.);
#1161=EDGE_CURVE('',#973,#973,#846,.T.);
#1162=EDGE_CURVE('',#974,#974,#847,.T.);
#1163=EDGE_CURVE('',#974,#975,#541,.T.);
#1164=EDGE_CURVE('',#975,#975,#848,.T.);
#1165=EDGE_CURVE('',#976,#976,#849,.T.);
#1166=EDGE_CURVE('',#976,#977,#542,.T.);
#1167=EDGE_CURVE('',#977,#977,#850,.T.);
#1168=EDGE_CURVE('',#978,#978,#851,.T.);
#1169=EDGE_CURVE('',#978,#979,#543,.T.);
#1170=EDGE_CURVE('',#979,#979,#852,.T.);
#1171=EDGE_CURVE('',#979,#980,#544,.T.);
#1172=EDGE_CURVE('',#980,#980,#853,.T.);
#1173=EDGE_CURVE('',#981,#981,#854,.T.);
#1174=EDGE_CURVE('',#981,#982,#545,.T.);
#1175=EDGE_CURVE('',#982,#982,#855,.T.);
#1176=EDGE_CURVE('',#982,#983,#546,.T.);
#1177=EDGE_CURVE('',#983,#983,#856,.T.);
#1178=EDGE_CURVE('',#984,#984,#857,.T.);
#1179=EDGE_CURVE('',#984,#985,#547,.T.);
#1180=EDGE_CURVE('',#985,#985,#858,.T.);
#1181=EDGE_CURVE('',#985,#986,#548,.T.);
#1182=EDGE_CURVE('',#986,#986,#859,.T.);
#1183=EDGE_CURVE('',#987,#987,#860,.T.);
#1184=EDGE_CURVE('',#987,#988,#549,.T.);
#1185=EDGE_CURVE('',#988,#988,#861,.T.);
#1186=EDGE_CURVE('',#988,#989,#550,.T.);
#1187=EDGE_CURVE('',#989,#989,#862,.T.);
#1188=EDGE_CURVE('',#990,#990,#863,.T.);
#1189=EDGE_CURVE('',#990,#991,#551,.T.);
#1190=EDGE_CURVE('',#991,#991,#864,.T.);
#1191=EDGE_CURVE('',#991,#992,#552,.T.);
#1192=EDGE_CURVE('',#992,#992,#865,.T.);
#1193=EDGE_CURVE('',#993,#993,#866,.T.);
#1194=EDGE_CURVE('',#993,#994,#553,.T.);
#1195=EDGE_CURVE('',#994,#994,#867,.T.);
#1196=EDGE_CURVE('',#994,#995,#554,.T.);
#1197=EDGE_CURVE('',#995,#995,#868,.T.);
#1198=EDGE_CURVE('',#996,#996,#869,.T.);
#1199=EDGE_CURVE('',#996,#997,#555,.T.);
#1200=EDGE_CURVE('',#997,#997,#870,.T.);
#1201=EDGE_CURVE('',#997,#998,#556,.T.);
#1202=EDGE_CURVE('',#998,#998,#871,.T.);
#1203=EDGE_CURVE('',#999,#999,#872,.T.);
#1204=EDGE_CURVE('',#999,#1000,#557,.T.);
#1205=EDGE_CURVE('',#1000,#1000,#873,.T.);
#1206=EDGE_CURVE('',#1000,#1001,#558,.T.);
#1207=EDGE_CURVE('',#1001,#1001,#874,.T.);
#1208=EDGE_CURVE('',#1002,#1002,#875,.T.);
#1209=EDGE_CURVE('',#1002,#1003,#559,.T.);
#1210=EDGE_CURVE('',#1003,#1003,#876,.T.);
#1211=EDGE_CURVE('',#1003,#1004,#560,.T.);
#1212=EDGE_CURVE('',#1004,#1004,#877,.T.);
#1213=EDGE_CURVE('',#1005,#1005,#878,.T.);
#1214=EDGE_CURVE('',#1005,#1006,#561,.T.);
#1215=EDGE_CURVE('',#1006,#1006,#879,.T.);
#1216=EDGE_CURVE('',#1006,#1007,#562,.T.);
#1217=EDGE_CURVE('',#1007,#1007,#880,.T.);
#1218=EDGE_CURVE('',#1008,#1008,#881,.T.);
#1219=EDGE_CURVE('',#1008,#1009,#563,.T.);
#1220=EDGE_CURVE('',#1009,#1009,#882,.T.);
#1221=EDGE_CURVE('',#1009,#1010,#564,.T.);
#1222=EDGE_CURVE('',#1010,#1010,#883,.T.);
#1223=EDGE_CURVE('',#1011,#1011,#884,.T.);
#1224=EDGE_CURVE('',#1011,#1012,#565,.T.);
#1225=EDGE_CURVE('',#1012,#1012,#885,.T.);
#1226=EDGE_CURVE('',#1012,#1013,#566,.T.);
#1227=EDGE_CURVE('',#1013,#1013,#886,.T.);
#1228=EDGE_CURVE('',#1014,#1014,#887,.T.);
#1229=EDGE_CURVE('',#1014,#1015,#567,.T.);
#1230=EDGE_CURVE('',#1015,#1015,#888,.T.);
#1231=EDGE_CURVE('',#1015,#1016,#568,.T.);
#1232=EDGE_CURVE('',#1016,#1016,#889,.T.);
#1233=EDGE_CURVE('',#1017,#1017,#890,.T.);
#1234=EDGE_CURVE('',#1017,#1018,#569,.T.);
#1235=EDGE_CURVE('',#1018,#1018,#891,.T.);
#1236=EDGE_CURVE('',#1018,#1019,#570,.T.);
#1237=EDGE_CURVE('',#1019,#1019,#892,.T.);
#1238=EDGE_CURVE('',#1020,#1020,#893,.T.);
#1239=EDGE_CURVE('',#1020,#1021,#571,.T.);
#1240=EDGE_CURVE('',#1021,#1021,#894,.T.);
#1241=EDGE_CURVE('',#1021,#1022,#572,.T.);
#1242=EDGE_CURVE('',#1022,#1022,#895,.T.);
#1243=EDGE_CURVE('',#1023,#1023,#896,.T.);
#1244=EDGE_CURVE('',#1023,#1024,#573,.T.);
#1245=EDGE_CURVE('',#1024,#1024,#897,.T.);
#1246=EDGE_CURVE('',#1024,#1025,#574,.T.);
#1247=EDGE_CURVE('',#1025,#1025,#898,.T.);
#1248=EDGE_CURVE('',#1026,#1026,#899,.T.);
#1249=EDGE_CURVE('',#1026,#1027,#575,.T.);
#1250=EDGE_CURVE('',#1027,#1027,#900,.T.);
#1251=EDGE_CURVE('',#1027,#1028,#576,.T.);
#1252=EDGE_CURVE('',#1028,#1028,#901,.T.);
#1253=EDGE_CURVE('',#1029,#1029,#902,.T.);
#1254=EDGE_CURVE('',#1029,#1030,#577,.T.);
#1255=EDGE_CURVE('',#1030,#1030,#903,.T.);
#1256=EDGE_CURVE('',#1030,#1031,#578,.T.);
#1257=EDGE_CURVE('',#1031,#1031,#904,.T.);
#1258=EDGE_CURVE('',#1032,#1032,#905,.T.);
#1259=EDGE_CURVE('',#1032,#1033,#579,.T.);
#1260=EDGE_CURVE('',#1033,#1033,#906,.T.);
#1261=EDGE_CURVE('',#1033,#1034,#580,.T.);
#1262=EDGE_CURVE('',#1034,#1034,#907,.T.);
#1263=EDGE_CURVE('',#1035,#1035,#908,.T.);
#1264=EDGE_CURVE('',#1035,#1036,#581,.T.);
#1265=EDGE_CURVE('',#1036,#1036,#909,.T.);
#1266=EDGE_CURVE('',#1036,#1037,#582,.T.);
#1267=EDGE_CURVE('',#1037,#1037,#910,.T.);
#1268=EDGE_CURVE('',#1038,#1038,#911,.T.);
#1269=EDGE_CURVE('',#1038,#1039,#583,.T.);
#1270=EDGE_CURVE('',#1039,#1039,#912,.T.);
#1271=EDGE_CURVE('',#1039,#1040,#584,.T.);
#1272=EDGE_CURVE('',#1040,#1040,#913,.T.);
#1273=EDGE_CURVE('',#1041,#1041,#914,.T.);
#1274=EDGE_CURVE('',#1041,#1042,#585,.T.);
#1275=EDGE_CURVE('',#1042,#1042,#915,.T.);
#1276=EDGE_CURVE('',#1042,#1043,#586,.T.);
#1277=EDGE_CURVE('',#1043,#1043,#916,.T.);
#1278=EDGE_CURVE('',#1044,#1045,#587,.T.);
#1279=EDGE_CURVE('',#1044,#1046,#588,.T.);
#1280=EDGE_CURVE('',#1047,#1046,#589,.T.);
#1281=EDGE_CURVE('',#1047,#1045,#590,.T.);
#1282=EDGE_CURVE('',#1045,#1048,#591,.T.);
#1283=EDGE_CURVE('',#1049,#1048,#592,.T.);
#1284=EDGE_CURVE('',#1049,#1050,#593,.T.);
#1285=EDGE_CURVE('',#1045,#1050,#594,.T.);
#1286=EDGE_CURVE('',#1048,#1051,#595,.T.);
#1287=EDGE_CURVE('',#1052,#1051,#596,.T.);
#1288=EDGE_CURVE('',#1052,#1049,#597,.T.);
#1289=EDGE_CURVE('',#1051,#1044,#598,.T.);
#1290=EDGE_CURVE('',#1051,#1053,#599,.T.);
#1291=EDGE_CURVE('',#1053,#1046,#600,.T.);
#1292=EDGE_CURVE('',#1054,#1047,#601,.T.);
#1293=EDGE_CURVE('',#1048,#1054,#602,.T.);
#1294=EDGE_CURVE('',#1055,#1044,#603,.T.);
#1295=EDGE_CURVE('',#1052,#1055,#604,.T.);
#1296=EDGE_CURVE('',#1050,#1055,#605,.T.);
#1297=EDGE_CURVE('',#1053,#1054,#606,.T.);
#1298=EDGE_CURVE('',#1056,#1057,#607,.T.);
#1299=EDGE_CURVE('',#1056,#1058,#608,.T.);
#1300=EDGE_CURVE('',#928,#1058,#609,.T.);
#1301=EDGE_CURVE('',#928,#1057,#610,.T.);
#1302=EDGE_CURVE('',#1057,#1059,#611,.T.);
#1303=EDGE_CURVE('',#1060,#1059,#612,.T.);
#1304=EDGE_CURVE('',#1060,#1061,#613,.T.);
#1305=EDGE_CURVE('',#1057,#1061,#614,.T.);
#1306=EDGE_CURVE('',#1059,#1062,#615,.T.);
#1307=EDGE_CURVE('',#1063,#1062,#616,.T.);
#1308=EDGE_CURVE('',#1063,#1060,#617,.T.);
#1309=EDGE_CURVE('',#1062,#1056,#618,.T.);
#1310=EDGE_CURVE('',#1062,#1064,#619,.T.);
#1311=EDGE_CURVE('',#1064,#1058,#620,.T.);
#1312=EDGE_CURVE('',#1059,#927,#621,.T.);
#1313=EDGE_CURVE('',#1065,#1056,#622,.T.);
#1314=EDGE_CURVE('',#1063,#1065,#623,.T.);
#1315=EDGE_CURVE('',#1061,#1065,#624,.T.);
#1316=EDGE_CURVE('',#1064,#927,#625,.T.);
#1317=EDGE_CURVE('',#1066,#1067,#626,.T.);
#1318=EDGE_CURVE('',#1066,#1068,#627,.T.);
#1319=EDGE_CURVE('',#922,#1068,#628,.T.);
#1320=EDGE_CURVE('',#922,#1067,#629,.T.);
#1321=EDGE_CURVE('',#1067,#1069,#630,.T.);
#1322=EDGE_CURVE('',#1070,#1069,#631,.T.);
#1323=EDGE_CURVE('',#1070,#1071,#632,.T.);
#1324=EDGE_CURVE('',#1067,#1071,#633,.T.);
#1325=EDGE_CURVE('',#1069,#1072,#634,.T.);
#1326=EDGE_CURVE('',#1073,#1072,#635,.T.);
#1327=EDGE_CURVE('',#1073,#1070,#636,.T.);
#1328=EDGE_CURVE('',#1072,#1066,#637,.T.);
#1329=EDGE_CURVE('',#1072,#1074,#638,.T.);
#1330=EDGE_CURVE('',#1074,#1068,#639,.T.);
#1331=EDGE_CURVE('',#1069,#921,#640,.T.);
#1332=EDGE_CURVE('',#1075,#1066,#641,.T.);
#1333=EDGE_CURVE('',#1073,#1075,#642,.T.);
#1334=EDGE_CURVE('',#1071,#1075,#643,.T.);
#1335=EDGE_CURVE('',#1074,#921,#644,.T.);
#1336=EDGE_CURVE('',#1054,#1064,#645,.T.);
#1337=EDGE_CURVE('',#1058,#1047,#646,.T.);
#1338=EDGE_CURVE('',#1068,#926,#647,.T.);
#1339=EDGE_CURVE('',#923,#1074,#648,.T.);
#1340=EDGE_CURVE('',#1046,#920,#649,.T.);
#1341=EDGE_CURVE('',#1053,#917,#650,.T.);
#1342=ORIENTED_EDGE('',*,*,#1076,.T.);
#1343=ORIENTED_EDGE('',*,*,#1077,.T.);
#1344=ORIENTED_EDGE('',*,*,#1078,.T.);
#1345=ORIENTED_EDGE('',*,*,#1079,.T.);
#1346=ORIENTED_EDGE('',*,*,#1077,.F.);
#1347=ORIENTED_EDGE('',*,*,#1080,.T.);
#1348=ORIENTED_EDGE('',*,*,#1081,.T.);
#1349=ORIENTED_EDGE('',*,*,#1082,.F.);
#1350=ORIENTED_EDGE('',*,*,#1083,.T.);
#1351=ORIENTED_EDGE('',*,*,#1084,.T.);
#1352=ORIENTED_EDGE('',*,*,#1085,.T.);
#1353=ORIENTED_EDGE('',*,*,#1086,.T.);
#1354=ORIENTED_EDGE('',*,*,#1084,.F.);
#1355=ORIENTED_EDGE('',*,*,#1087,.F.);
#1356=ORIENTED_EDGE('',*,*,#1088,.T.);
#1357=ORIENTED_EDGE('',*,*,#1089,.F.);
#1358=ORIENTED_EDGE('',*,*,#1090,.F.);
#1359=ORIENTED_EDGE('',*,*,#1091,.T.);
#1360=ORIENTED_EDGE('',*,*,#1092,.T.);
#1361=ORIENTED_EDGE('',*,*,#1091,.F.);
#1362=ORIENTED_EDGE('',*,*,#1092,.F.);
#1363=ORIENTED_EDGE('',*,*,#1093,.T.);
#1364=ORIENTED_EDGE('',*,*,#1094,.F.);
#1365=ORIENTED_EDGE('',*,*,#1093,.F.);
#1366=ORIENTED_EDGE('',*,*,#1095,.F.);
#1367=ORIENTED_EDGE('',*,*,#1096,.T.);
#1368=ORIENTED_EDGE('',*,*,#1097,.T.);
#1369=ORIENTED_EDGE('',*,*,#1096,.F.);
#1370=ORIENTED_EDGE('',*,*,#1097,.F.);
#1371=ORIENTED_EDGE('',*,*,#1098,.T.);
#1372=ORIENTED_EDGE('',*,*,#1099,.F.);
#1373=ORIENTED_EDGE('',*,*,#1098,.F.);
#1374=ORIENTED_EDGE('',*,*,#1100,.F.);
#1375=ORIENTED_EDGE('',*,*,#1101,.T.);
#1376=ORIENTED_EDGE('',*,*,#1102,.T.);
#1377=ORIENTED_EDGE('',*,*,#1101,.F.);
#1378=ORIENTED_EDGE('',*,*,#1102,.F.);
#1379=ORIENTED_EDGE('',*,*,#1103,.T.);
#1380=ORIENTED_EDGE('',*,*,#1104,.F.);
#1381=ORIENTED_EDGE('',*,*,#1103,.F.);
#1382=ORIENTED_EDGE('',*,*,#1105,.F.);
#1383=ORIENTED_EDGE('',*,*,#1106,.T.);
#1384=ORIENTED_EDGE('',*,*,#1107,.T.);
#1385=ORIENTED_EDGE('',*,*,#1106,.F.);
#1386=ORIENTED_EDGE('',*,*,#1107,.F.);
#1387=ORIENTED_EDGE('',*,*,#1108,.T.);
#1388=ORIENTED_EDGE('',*,*,#1109,.F.);
#1389=ORIENTED_EDGE('',*,*,#1108,.F.);
#1390=ORIENTED_EDGE('',*,*,#1110,.F.);
#1391=ORIENTED_EDGE('',*,*,#1111,.T.);
#1392=ORIENTED_EDGE('',*,*,#1112,.T.);
#1393=ORIENTED_EDGE('',*,*,#1111,.F.);
#1394=ORIENTED_EDGE('',*,*,#1112,.F.);
#1395=ORIENTED_EDGE('',*,*,#1113,.T.);
#1396=ORIENTED_EDGE('',*,*,#1114,.F.);
#1397=ORIENTED_EDGE('',*,*,#1113,.F.);
#1398=ORIENTED_EDGE('',*,*,#1115,.F.);
#1399=ORIENTED_EDGE('',*,*,#1116,.T.);
#1400=ORIENTED_EDGE('',*,*,#1117,.T.);
#1401=ORIENTED_EDGE('',*,*,#1116,.F.);
#1402=ORIENTED_EDGE('',*,*,#1117,.F.);
#1403=ORIENTED_EDGE('',*,*,#1118,.T.);
#1404=ORIENTED_EDGE('',*,*,#1119,.F.);
#1405=ORIENTED_EDGE('',*,*,#1118,.F.);
#1406=ORIENTED_EDGE('',*,*,#1120,.F.);
#1407=ORIENTED_EDGE('',*,*,#1121,.T.);
#1408=ORIENTED_EDGE('',*,*,#1122,.T.);
#1409=ORIENTED_EDGE('',*,*,#1121,.F.);
#1410=ORIENTED_EDGE('',*,*,#1122,.F.);
#1411=ORIENTED_EDGE('',*,*,#1123,.T.);
#1412=ORIENTED_EDGE('',*,*,#1124,.F.);
#1413=ORIENTED_EDGE('',*,*,#1123,.F.);
#1414=ORIENTED_EDGE('',*,*,#1125,.F.);
#1415=ORIENTED_EDGE('',*,*,#1126,.T.);
#1416=ORIENTED_EDGE('',*,*,#1127,.T.);
#1417=ORIENTED_EDGE('',*,*,#1126,.F.);
#1418=ORIENTED_EDGE('',*,*,#1127,.F.);
#1419=ORIENTED_EDGE('',*,*,#1128,.T.);
#1420=ORIENTED_EDGE('',*,*,#1129,.F.);
#1421=ORIENTED_EDGE('',*,*,#1128,.F.);
#1422=ORIENTED_EDGE('',*,*,#1130,.F.);
#1423=ORIENTED_EDGE('',*,*,#1131,.T.);
#1424=ORIENTED_EDGE('',*,*,#1132,.T.);
#1425=ORIENTED_EDGE('',*,*,#1131,.F.);
#1426=ORIENTED_EDGE('',*,*,#1132,.F.);
#1427=ORIENTED_EDGE('',*,*,#1133,.T.);
#1428=ORIENTED_EDGE('',*,*,#1134,.F.);
#1429=ORIENTED_EDGE('',*,*,#1133,.F.);
#1430=ORIENTED_EDGE('',*,*,#1135,.F.);
#1431=ORIENTED_EDGE('',*,*,#1136,.T.);
#1432=ORIENTED_EDGE('',*,*,#1137,.F.);
#1433=ORIENTED_EDGE('',*,*,#1136,.F.);
#1434=ORIENTED_EDGE('',*,*,#1138,.F.);
#1435=ORIENTED_EDGE('',*,*,#1139,.T.);
#1436=ORIENTED_EDGE('',*,*,#1140,.F.);
#1437=ORIENTED_EDGE('',*,*,#1139,.F.);
#1438=ORIENTED_EDGE('',*,*,#1141,.F.);
#1439=ORIENTED_EDGE('',*,*,#1142,.T.);
#1440=ORIENTED_EDGE('',*,*,#1143,.F.);
#1441=ORIENTED_EDGE('',*,*,#1142,.F.);
#1442=ORIENTED_EDGE('',*,*,#1144,.F.);
#1443=ORIENTED_EDGE('',*,*,#1145,.T.);
#1444=ORIENTED_EDGE('',*,*,#1146,.F.);
#1445=ORIENTED_EDGE('',*,*,#1145,.F.);
#1446=ORIENTED_EDGE('',*,*,#1147,.F.);
#1447=ORIENTED_EDGE('',*,*,#1148,.T.);
#1448=ORIENTED_EDGE('',*,*,#1149,.F.);
#1449=ORIENTED_EDGE('',*,*,#1148,.F.);
#1450=ORIENTED_EDGE('',*,*,#1150,.F.);
#1451=ORIENTED_EDGE('',*,*,#1151,.T.);
#1452=ORIENTED_EDGE('',*,*,#1152,.F.);
#1453=ORIENTED_EDGE('',*,*,#1151,.F.);
#1454=ORIENTED_EDGE('',*,*,#1153,.F.);
#1455=ORIENTED_EDGE('',*,*,#1154,.T.);
#1456=ORIENTED_EDGE('',*,*,#1155,.F.);
#1457=ORIENTED_EDGE('',*,*,#1154,.F.);
#1458=ORIENTED_EDGE('',*,*,#1156,.F.);
#1459=ORIENTED_EDGE('',*,*,#1157,.T.);
#1460=ORIENTED_EDGE('',*,*,#1158,.F.);
#1461=ORIENTED_EDGE('',*,*,#1157,.F.);
#1462=ORIENTED_EDGE('',*,*,#1159,.F.);
#1463=ORIENTED_EDGE('',*,*,#1160,.T.);
#1464=ORIENTED_EDGE('',*,*,#1161,.F.);
#1465=ORIENTED_EDGE('',*,*,#1160,.F.);
#1466=ORIENTED_EDGE('',*,*,#1162,.F.);
#1467=ORIENTED_EDGE('',*,*,#1163,.T.);
#1468=ORIENTED_EDGE('',*,*,#1164,.F.);
#1469=ORIENTED_EDGE('',*,*,#1163,.F.);
#1470=ORIENTED_EDGE('',*,*,#1165,.F.);
#1471=ORIENTED_EDGE('',*,*,#1166,.T.);
#1472=ORIENTED_EDGE('',*,*,#1167,.F.);
#1473=ORIENTED_EDGE('',*,*,#1166,.F.);
#1474=ORIENTED_EDGE('',*,*,#1168,.F.);
#1475=ORIENTED_EDGE('',*,*,#1169,.T.);
#1476=ORIENTED_EDGE('',*,*,#1170,.T.);
#1477=ORIENTED_EDGE('',*,*,#1169,.F.);
#1478=ORIENTED_EDGE('',*,*,#1170,.F.);
#1479=ORIENTED_EDGE('',*,*,#1171,.T.);
#1480=ORIENTED_EDGE('',*,*,#1172,.F.);
#1481=ORIENTED_EDGE('',*,*,#1171,.F.);
#1482=ORIENTED_EDGE('',*,*,#1173,.F.);
#1483=ORIENTED_EDGE('',*,*,#1174,.T.);
#1484=ORIENTED_EDGE('',*,*,#1175,.T.);
#1485=ORIENTED_EDGE('',*,*,#1174,.F.);
#1486=ORIENTED_EDGE('',*,*,#1175,.F.);
#1487=ORIENTED_EDGE('',*,*,#1176,.T.);
#1488=ORIENTED_EDGE('',*,*,#1177,.F.);
#1489=ORIENTED_EDGE('',*,*,#1176,.F.);
#1490=ORIENTED_EDGE('',*,*,#1178,.F.);
#1491=ORIENTED_EDGE('',*,*,#1179,.T.);
#1492=ORIENTED_EDGE('',*,*,#1180,.T.);
#1493=ORIENTED_EDGE('',*,*,#1179,.F.);
#1494=ORIENTED_EDGE('',*,*,#1180,.F.);
#1495=ORIENTED_EDGE('',*,*,#1181,.T.);
#1496=ORIENTED_EDGE('',*,*,#1182,.F.);
#1497=ORIENTED_EDGE('',*,*,#1181,.F.);
#1498=ORIENTED_EDGE('',*,*,#1183,.F.);
#1499=ORIENTED_EDGE('',*,*,#1184,.T.);
#1500=ORIENTED_EDGE('',*,*,#1185,.T.);
#1501=ORIENTED_EDGE('',*,*,#1184,.F.);
#1502=ORIENTED_EDGE('',*,*,#1185,.F.);
#1503=ORIENTED_EDGE('',*,*,#1186,.T.);
#1504=ORIENTED_EDGE('',*,*,#1187,.F.);
#1505=ORIENTED_EDGE('',*,*,#1186,.F.);
#1506=ORIENTED_EDGE('',*,*,#1188,.F.);
#1507=ORIENTED_EDGE('',*,*,#1189,.T.);
#1508=ORIENTED_EDGE('',*,*,#1190,.T.);
#1509=ORIENTED_EDGE('',*,*,#1189,.F.);
#1510=ORIENTED_EDGE('',*,*,#1190,.F.);
#1511=ORIENTED_EDGE('',*,*,#1191,.T.);
#1512=ORIENTED_EDGE('',*,*,#1192,.F.);
#1513=ORIENTED_EDGE('',*,*,#1191,.F.);
#1514=ORIENTED_EDGE('',*,*,#1193,.F.);
#1515=ORIENTED_EDGE('',*,*,#1194,.T.);
#1516=ORIENTED_EDGE('',*,*,#1195,.T.);
#1517=ORIENTED_EDGE('',*,*,#1194,.F.);
#1518=ORIENTED_EDGE('',*,*,#1195,.F.);
#1519=ORIENTED_EDGE('',*,*,#1196,.T.);
#1520=ORIENTED_EDGE('',*,*,#1197,.F.);
#1521=ORIENTED_EDGE('',*,*,#1196,.F.);
#1522=ORIENTED_EDGE('',*,*,#1198,.F.);
#1523=ORIENTED_EDGE('',*,*,#1199,.T.);
#1524=ORIENTED_EDGE('',*,*,#1200,.T.);
#1525=ORIENTED_EDGE('',*,*,#1199,.F.);
#1526=ORIENTED_EDGE('',*,*,#1200,.F.);
#1527=ORIENTED_EDGE('',*,*,#1201,.T.);
#1528=ORIENTED_EDGE('',*,*,#1202,.F.);
#1529=ORIENTED_EDGE('',*,*,#1201,.F.);
#1530=ORIENTED_EDGE('',*,*,#1203,.F.);
#1531=ORIENTED_EDGE('',*,*,#1204,.T.);
#1532=ORIENTED_EDGE('',*,*,#1205,.T.);
#1533=ORIENTED_EDGE('',*,*,#1204,.F.);
#1534=ORIENTED_EDGE('',*,*,#1205,.F.);
#1535=ORIENTED_EDGE('',*,*,#1206,.T.);
#1536=ORIENTED_EDGE('',*,*,#1207,.F.);
#1537=ORIENTED_EDGE('',*,*,#1206,.F.);
#1538=ORIENTED_EDGE('',*,*,#1208,.F.);
#1539=ORIENTED_EDGE('',*,*,#1209,.T.);
#1540=ORIENTED_EDGE('',*,*,#1210,.T.);
#1541=ORIENTED_EDGE('',*,*,#1209,.F.);
#1542=ORIENTED_EDGE('',*,*,#1210,.F.);
#1543=ORIENTED_EDGE('',*,*,#1211,.T.);
#1544=ORIENTED_EDGE('',*,*,#1212,.F.);
#1545=ORIENTED_EDGE('',*,*,#1211,.F.);
#1546=ORIENTED_EDGE('',*,*,#1213,.F.);
#1547=ORIENTED_EDGE('',*,*,#1214,.T.);
#1548=ORIENTED_EDGE('',*,*,#1215,.T.);
#1549=ORIENTED_EDGE('',*,*,#1214,.F.);
#1550=ORIENTED_EDGE('',*,*,#1215,.F.);
#1551=ORIENTED_EDGE('',*,*,#1216,.T.);
#1552=ORIENTED_EDGE('',*,*,#1217,.F.);
#1553=ORIENTED_EDGE('',*,*,#1216,.F.);
#1554=ORIENTED_EDGE('',*,*,#1218,.F.);
#1555=ORIENTED_EDGE('',*,*,#1219,.T.);
#1556=ORIENTED_EDGE('',*,*,#1220,.T.);
#1557=ORIENTED_EDGE('',*,*,#1219,.F.);
#1558=ORIENTED_EDGE('',*,*,#1220,.F.);
#1559=ORIENTED_EDGE('',*,*,#1221,.T.);
#1560=ORIENTED_EDGE('',*,*,#1222,.F.);
#1561=ORIENTED_EDGE('',*,*,#1221,.F.);
#1562=ORIENTED_EDGE('',*,*,#1223,.F.);
#1563=ORIENTED_EDGE('',*,*,#1224,.T.);
#1564=ORIENTED_EDGE('',*,*,#1225,.T.);
#1565=ORIENTED_EDGE('',*,*,#1224,.F.);
#1566=ORIENTED_EDGE('',*,*,#1225,.F.);
#1567=ORIENTED_EDGE('',*,*,#1226,.T.);
#1568=ORIENTED_EDGE('',*,*,#1227,.F.);
#1569=ORIENTED_EDGE('',*,*,#1226,.F.);
#1570=ORIENTED_EDGE('',*,*,#1228,.F.);
#1571=ORIENTED_EDGE('',*,*,#1229,.T.);
#1572=ORIENTED_EDGE('',*,*,#1230,.T.);
#1573=ORIENTED_EDGE('',*,*,#1229,.F.);
#1574=ORIENTED_EDGE('',*,*,#1230,.F.);
#1575=ORIENTED_EDGE('',*,*,#1231,.T.);
#1576=ORIENTED_EDGE('',*,*,#1232,.F.);
#1577=ORIENTED_EDGE('',*,*,#1231,.F.);
#1578=ORIENTED_EDGE('',*,*,#1233,.F.);
#1579=ORIENTED_EDGE('',*,*,#1234,.T.);
#1580=ORIENTED_EDGE('',*,*,#1235,.T.);
#1581=ORIENTED_EDGE('',*,*,#1234,.F.);
#1582=ORIENTED_EDGE('',*,*,#1235,.F.);
#1583=ORIENTED_EDGE('',*,*,#1236,.T.);
#1584=ORIENTED_EDGE('',*,*,#1237,.F.);
#1585=ORIENTED_EDGE('',*,*,#1236,.F.);
#1586=ORIENTED_EDGE('',*,*,#1238,.F.);
#1587=ORIENTED_EDGE('',*,*,#1239,.T.);
#1588=ORIENTED_EDGE('',*,*,#1240,.T.);
#1589=ORIENTED_EDGE('',*,*,#1239,.F.);
#1590=ORIENTED_EDGE('',*,*,#1240,.F.);
#1591=ORIENTED_EDGE('',*,*,#1241,.T.);
#1592=ORIENTED_EDGE('',*,*,#1242,.F.);
#1593=ORIENTED_EDGE('',*,*,#1241,.F.);
#1594=ORIENTED_EDGE('',*,*,#1243,.F.);
#1595=ORIENTED_EDGE('',*,*,#1244,.T.);
#1596=ORIENTED_EDGE('',*,*,#1245,.T.);
#1597=ORIENTED_EDGE('',*,*,#1244,.F.);
#1598=ORIENTED_EDGE('',*,*,#1245,.F.);
#1599=ORIENTED_EDGE('',*,*,#1246,.T.);
#1600=ORIENTED_EDGE('',*,*,#1247,.F.);
#1601=ORIENTED_EDGE('',*,*,#1246,.F.);
#1602=ORIENTED_EDGE('',*,*,#1248,.F.);
#1603=ORIENTED_EDGE('',*,*,#1249,.T.);
#1604=ORIENTED_EDGE('',*,*,#1250,.T.);
#1605=ORIENTED_EDGE('',*,*,#1249,.F.);
#1606=ORIENTED_EDGE('',*,*,#1250,.F.);
#1607=ORIENTED_EDGE('',*,*,#1251,.T.);
#1608=ORIENTED_EDGE('',*,*,#1252,.F.);
#1609=ORIENTED_EDGE('',*,*,#1251,.F.);
#1610=ORIENTED_EDGE('',*,*,#1253,.F.);
#1611=ORIENTED_EDGE('',*,*,#1254,.T.);
#1612=ORIENTED_EDGE('',*,*,#1255,.T.);
#1613=ORIENTED_EDGE('',*,*,#1254,.F.);
#1614=ORIENTED_EDGE('',*,*,#1255,.F.);
#1615=ORIENTED_EDGE('',*,*,#1256,.T.);
#1616=ORIENTED_EDGE('',*,*,#1257,.F.);
#1617=ORIENTED_EDGE('',*,*,#1256,.F.);
#1618=ORIENTED_EDGE('',*,*,#1258,.F.);
#1619=ORIENTED_EDGE('',*,*,#1259,.T.);
#1620=ORIENTED_EDGE('',*,*,#1260,.T.);
#1621=ORIENTED_EDGE('',*,*,#1259,.F.);
#1622=ORIENTED_EDGE('',*,*,#1260,.F.);
#1623=ORIENTED_EDGE('',*,*,#1261,.T.);
#1624=ORIENTED_EDGE('',*,*,#1262,.F.);
#1625=ORIENTED_EDGE('',*,*,#1261,.F.);
#1626=ORIENTED_EDGE('',*,*,#1263,.F.);
#1627=ORIENTED_EDGE('',*,*,#1264,.T.);
#1628=ORIENTED_EDGE('',*,*,#1265,.T.);
#1629=ORIENTED_EDGE('',*,*,#1264,.F.);
#1630=ORIENTED_EDGE('',*,*,#1265,.F.);
#1631=ORIENTED_EDGE('',*,*,#1266,.T.);
#1632=ORIENTED_EDGE('',*,*,#1267,.F.);
#1633=ORIENTED_EDGE('',*,*,#1266,.F.);
#1634=ORIENTED_EDGE('',*,*,#1268,.F.);
#1635=ORIENTED_EDGE('',*,*,#1269,.T.);
#1636=ORIENTED_EDGE('',*,*,#1270,.T.);
#1637=ORIENTED_EDGE('',*,*,#1269,.F.);
#1638=ORIENTED_EDGE('',*,*,#1270,.F.);
#1639=ORIENTED_EDGE('',*,*,#1271,.T.);
#1640=ORIENTED_EDGE('',*,*,#1272,.F.);
#1641=ORIENTED_EDGE('',*,*,#1271,.F.);
#1642=ORIENTED_EDGE('',*,*,#1273,.F.);
#1643=ORIENTED_EDGE('',*,*,#1274,.T.);
#1644=ORIENTED_EDGE('',*,*,#1275,.T.);
#1645=ORIENTED_EDGE('',*,*,#1274,.F.);
#1646=ORIENTED_EDGE('',*,*,#1275,.F.);
#1647=ORIENTED_EDGE('',*,*,#1276,.T.);
#1648=ORIENTED_EDGE('',*,*,#1277,.F.);
#1649=ORIENTED_EDGE('',*,*,#1276,.F.);
#1650=ORIENTED_EDGE('',*,*,#1278,.F.);
#1651=ORIENTED_EDGE('',*,*,#1279,.T.);
#1652=ORIENTED_EDGE('',*,*,#1280,.F.);
#1653=ORIENTED_EDGE('',*,*,#1281,.T.);
#1654=ORIENTED_EDGE('',*,*,#1282,.T.);
#1655=ORIENTED_EDGE('',*,*,#1283,.F.);
#1656=ORIENTED_EDGE('',*,*,#1284,.T.);
#1657=ORIENTED_EDGE('',*,*,#1285,.F.);
#1658=ORIENTED_EDGE('',*,*,#1286,.T.);
#1659=ORIENTED_EDGE('',*,*,#1287,.F.);
#1660=ORIENTED_EDGE('',*,*,#1288,.T.);
#1661=ORIENTED_EDGE('',*,*,#1283,.T.);
#1662=ORIENTED_EDGE('',*,*,#1090,.T.);
#1663=ORIENTED_EDGE('',*,*,#1130,.T.);
#1664=ORIENTED_EDGE('',*,*,#1289,.F.);
#1665=ORIENTED_EDGE('',*,*,#1290,.T.);
#1666=ORIENTED_EDGE('',*,*,#1291,.T.);
#1667=ORIENTED_EDGE('',*,*,#1279,.F.);
#1668=ORIENTED_EDGE('',*,*,#1282,.F.);
#1669=ORIENTED_EDGE('',*,*,#1281,.F.);
#1670=ORIENTED_EDGE('',*,*,#1292,.F.);
#1671=ORIENTED_EDGE('',*,*,#1293,.F.);
#1672=ORIENTED_EDGE('',*,*,#1289,.T.);
#1673=ORIENTED_EDGE('',*,*,#1294,.F.);
#1674=ORIENTED_EDGE('',*,*,#1295,.F.);
#1675=ORIENTED_EDGE('',*,*,#1287,.T.);
#1676=ORIENTED_EDGE('',*,*,#1288,.F.);
#1677=ORIENTED_EDGE('',*,*,#1295,.T.);
#1678=ORIENTED_EDGE('',*,*,#1296,.F.);
#1679=ORIENTED_EDGE('',*,*,#1284,.F.);
#1680=ORIENTED_EDGE('',*,*,#1286,.F.);
#1681=ORIENTED_EDGE('',*,*,#1293,.T.);
#1682=ORIENTED_EDGE('',*,*,#1297,.F.);
#1683=ORIENTED_EDGE('',*,*,#1290,.F.);
#1684=ORIENTED_EDGE('',*,*,#1278,.T.);
#1685=ORIENTED_EDGE('',*,*,#1285,.T.);
#1686=ORIENTED_EDGE('',*,*,#1296,.T.);
#1687=ORIENTED_EDGE('',*,*,#1294,.T.);
#1688=ORIENTED_EDGE('',*,*,#1094,.T.);
#1689=ORIENTED_EDGE('',*,*,#1134,.T.);
#1690=ORIENTED_EDGE('',*,*,#1298,.F.);
#1691=ORIENTED_EDGE('',*,*,#1299,.T.);
#1692=ORIENTED_EDGE('',*,*,#1300,.F.);
#1693=ORIENTED_EDGE('',*,*,#1301,.T.);
#1694=ORIENTED_EDGE('',*,*,#1302,.T.);
#1695=ORIENTED_EDGE('',*,*,#1303,.F.);
#1696=ORIENTED_EDGE('',*,*,#1304,.T.);
#1697=ORIENTED_EDGE('',*,*,#1305,.F.);
#1698=ORIENTED_EDGE('',*,*,#1306,.T.);
#1699=ORIENTED_EDGE('',*,*,#1307,.F.);
#1700=ORIENTED_EDGE('',*,*,#1308,.T.);
#1701=ORIENTED_EDGE('',*,*,#1303,.T.);
#1702=ORIENTED_EDGE('',*,*,#1105,.T.);
#1703=ORIENTED_EDGE('',*,*,#1110,.T.);
#1704=ORIENTED_EDGE('',*,*,#1309,.F.);
#1705=ORIENTED_EDGE('',*,*,#1310,.T.);
#1706=ORIENTED_EDGE('',*,*,#1311,.T.);
#1707=ORIENTED_EDGE('',*,*,#1299,.F.);
#1708=ORIENTED_EDGE('',*,*,#1302,.F.);
#1709=ORIENTED_EDGE('',*,*,#1301,.F.);
#1710=ORIENTED_EDGE('',*,*,#1088,.F.);
#1711=ORIENTED_EDGE('',*,*,#1312,.F.);
#1712=ORIENTED_EDGE('',*,*,#1309,.T.);
#1713=ORIENTED_EDGE('',*,*,#1313,.F.);
#1714=ORIENTED_EDGE('',*,*,#1314,.F.);
#1715=ORIENTED_EDGE('',*,*,#1307,.T.);
#1716=ORIENTED_EDGE('',*,*,#1308,.F.);
#1717=ORIENTED_EDGE('',*,*,#1314,.T.);
#1718=ORIENTED_EDGE('',*,*,#1315,.F.);
#1719=ORIENTED_EDGE('',*,*,#1304,.F.);
#1720=ORIENTED_EDGE('',*,*,#1306,.F.);
#1721=ORIENTED_EDGE('',*,*,#1312,.T.);
#1722=ORIENTED_EDGE('',*,*,#1316,.F.);
#1723=ORIENTED_EDGE('',*,*,#1310,.F.);
#1724=ORIENTED_EDGE('',*,*,#1298,.T.);
#1725=ORIENTED_EDGE('',*,*,#1305,.T.);
#1726=ORIENTED_EDGE('',*,*,#1315,.T.);
#1727=ORIENTED_EDGE('',*,*,#1313,.T.);
#1728=ORIENTED_EDGE('',*,*,#1109,.T.);
#1729=ORIENTED_EDGE('',*,*,#1114,.T.);
#1730=ORIENTED_EDGE('',*,*,#1317,.F.);
#1731=ORIENTED_EDGE('',*,*,#1318,.T.);
#1732=ORIENTED_EDGE('',*,*,#1319,.F.);
#1733=ORIENTED_EDGE('',*,*,#1320,.T.);
#1734=ORIENTED_EDGE('',*,*,#1321,.T.);
#1735=ORIENTED_EDGE('',*,*,#1322,.F.);
#1736=ORIENTED_EDGE('',*,*,#1323,.T.);
#1737=ORIENTED_EDGE('',*,*,#1324,.F.);
#1738=ORIENTED_EDGE('',*,*,#1325,.T.);
#1739=ORIENTED_EDGE('',*,*,#1326,.F.);
#1740=ORIENTED_EDGE('',*,*,#1327,.T.);
#1741=ORIENTED_EDGE('',*,*,#1322,.T.);
#1742=ORIENTED_EDGE('',*,*,#1095,.T.);
#1743=ORIENTED_EDGE('',*,*,#1115,.T.);
#1744=ORIENTED_EDGE('',*,*,#1125,.T.);
#1745=ORIENTED_EDGE('',*,*,#1328,.F.);
#1746=ORIENTED_EDGE('',*,*,#1329,.T.);
#1747=ORIENTED_EDGE('',*,*,#1330,.T.);
#1748=ORIENTED_EDGE('',*,*,#1318,.F.);
#1749=ORIENTED_EDGE('',*,*,#1321,.F.);
#1750=ORIENTED_EDGE('',*,*,#1320,.F.);
#1751=ORIENTED_EDGE('',*,*,#1081,.F.);
#1752=ORIENTED_EDGE('',*,*,#1331,.F.);
#1753=ORIENTED_EDGE('',*,*,#1328,.T.);
#1754=ORIENTED_EDGE('',*,*,#1332,.F.);
#1755=ORIENTED_EDGE('',*,*,#1333,.F.);
#1756=ORIENTED_EDGE('',*,*,#1326,.T.);
#1757=ORIENTED_EDGE('',*,*,#1327,.F.);
#1758=ORIENTED_EDGE('',*,*,#1333,.T.);
#1759=ORIENTED_EDGE('',*,*,#1334,.F.);
#1760=ORIENTED_EDGE('',*,*,#1323,.F.);
#1761=ORIENTED_EDGE('',*,*,#1325,.F.);
#1762=ORIENTED_EDGE('',*,*,#1331,.T.);
#1763=ORIENTED_EDGE('',*,*,#1335,.F.);
#1764=ORIENTED_EDGE('',*,*,#1329,.F.);
#1765=ORIENTED_EDGE('',*,*,#1317,.T.);
#1766=ORIENTED_EDGE('',*,*,#1324,.T.);
#1767=ORIENTED_EDGE('',*,*,#1334,.T.);
#1768=ORIENTED_EDGE('',*,*,#1332,.T.);
#1769=ORIENTED_EDGE('',*,*,#1099,.T.);
#1770=ORIENTED_EDGE('',*,*,#1119,.T.);
#1771=ORIENTED_EDGE('',*,*,#1129,.T.);
#1772=ORIENTED_EDGE('',*,*,#1336,.F.);
#1773=ORIENTED_EDGE('',*,*,#1292,.T.);
#1774=ORIENTED_EDGE('',*,*,#1337,.F.);
#1775=ORIENTED_EDGE('',*,*,#1311,.F.);
#1776=ORIENTED_EDGE('',*,*,#1086,.F.);
#1777=ORIENTED_EDGE('',*,*,#1338,.F.);
#1778=ORIENTED_EDGE('',*,*,#1330,.F.);
#1779=ORIENTED_EDGE('',*,*,#1339,.F.);
#1780=ORIENTED_EDGE('',*,*,#1079,.F.);
#1781=ORIENTED_EDGE('',*,*,#1340,.F.);
#1782=ORIENTED_EDGE('',*,*,#1291,.F.);
#1783=ORIENTED_EDGE('',*,*,#1341,.T.);
#1784=ORIENTED_EDGE('',*,*,#1340,.T.);
#1785=ORIENTED_EDGE('',*,*,#1078,.F.);
#1786=ORIENTED_EDGE('',*,*,#1082,.T.);
#1787=ORIENTED_EDGE('',*,*,#1319,.T.);
#1788=ORIENTED_EDGE('',*,*,#1338,.T.);
#1789=ORIENTED_EDGE('',*,*,#1085,.F.);
#1790=ORIENTED_EDGE('',*,*,#1089,.T.);
#1791=ORIENTED_EDGE('',*,*,#1300,.T.);
#1792=ORIENTED_EDGE('',*,*,#1337,.T.);
#1793=ORIENTED_EDGE('',*,*,#1280,.T.);
#1794=ORIENTED_EDGE('',*,*,#1104,.T.);
#1795=ORIENTED_EDGE('',*,*,#1124,.T.);
#1796=ORIENTED_EDGE('',*,*,#1137,.T.);
#1797=ORIENTED_EDGE('',*,*,#1140,.T.);
#1798=ORIENTED_EDGE('',*,*,#1143,.T.);
#1799=ORIENTED_EDGE('',*,*,#1146,.T.);
#1800=ORIENTED_EDGE('',*,*,#1149,.T.);
#1801=ORIENTED_EDGE('',*,*,#1152,.T.);
#1802=ORIENTED_EDGE('',*,*,#1155,.T.);
#1803=ORIENTED_EDGE('',*,*,#1158,.T.);
#1804=ORIENTED_EDGE('',*,*,#1161,.T.);
#1805=ORIENTED_EDGE('',*,*,#1164,.T.);
#1806=ORIENTED_EDGE('',*,*,#1167,.T.);
#1807=ORIENTED_EDGE('',*,*,#1172,.T.);
#1808=ORIENTED_EDGE('',*,*,#1177,.T.);
#1809=ORIENTED_EDGE('',*,*,#1182,.T.);
#1810=ORIENTED_EDGE('',*,*,#1187,.T.);
#1811=ORIENTED_EDGE('',*,*,#1192,.T.);
#1812=ORIENTED_EDGE('',*,*,#1197,.T.);
#1813=ORIENTED_EDGE('',*,*,#1202,.T.);
#1814=ORIENTED_EDGE('',*,*,#1207,.T.);
#1815=ORIENTED_EDGE('',*,*,#1212,.T.);
#1816=ORIENTED_EDGE('',*,*,#1217,.T.);
#1817=ORIENTED_EDGE('',*,*,#1222,.T.);
#1818=ORIENTED_EDGE('',*,*,#1227,.T.);
#1819=ORIENTED_EDGE('',*,*,#1232,.T.);
#1820=ORIENTED_EDGE('',*,*,#1237,.T.);
#1821=ORIENTED_EDGE('',*,*,#1242,.T.);
#1822=ORIENTED_EDGE('',*,*,#1247,.T.);
#1823=ORIENTED_EDGE('',*,*,#1252,.T.);
#1824=ORIENTED_EDGE('',*,*,#1257,.T.);
#1825=ORIENTED_EDGE('',*,*,#1262,.T.);
#1826=ORIENTED_EDGE('',*,*,#1267,.T.);
#1827=ORIENTED_EDGE('',*,*,#1272,.T.);
#1828=ORIENTED_EDGE('',*,*,#1277,.T.);
#1829=ORIENTED_EDGE('',*,*,#1341,.F.);
#1830=ORIENTED_EDGE('',*,*,#1297,.T.);
#1831=ORIENTED_EDGE('',*,*,#1336,.T.);
#1832=ORIENTED_EDGE('',*,*,#1316,.T.);
#1833=ORIENTED_EDGE('',*,*,#1087,.T.);
#1834=ORIENTED_EDGE('',*,*,#1083,.F.);
#1835=ORIENTED_EDGE('',*,*,#1339,.T.);
#1836=ORIENTED_EDGE('',*,*,#1335,.T.);
#1837=ORIENTED_EDGE('',*,*,#1080,.F.);
#1838=ORIENTED_EDGE('',*,*,#1076,.F.);
#1839=ORIENTED_EDGE('',*,*,#1100,.T.);
#1840=ORIENTED_EDGE('',*,*,#1120,.T.);
#1841=ORIENTED_EDGE('',*,*,#1135,.T.);
#1842=ORIENTED_EDGE('',*,*,#1138,.T.);
#1843=ORIENTED_EDGE('',*,*,#1141,.T.);
#1844=ORIENTED_EDGE('',*,*,#1144,.T.);
#1845=ORIENTED_EDGE('',*,*,#1147,.T.);
#1846=ORIENTED_EDGE('',*,*,#1150,.T.);
#1847=ORIENTED_EDGE('',*,*,#1153,.T.);
#1848=ORIENTED_EDGE('',*,*,#1156,.T.);
#1849=ORIENTED_EDGE('',*,*,#1159,.T.);
#1850=ORIENTED_EDGE('',*,*,#1162,.T.);
#1851=ORIENTED_EDGE('',*,*,#1165,.T.);
#1852=ORIENTED_EDGE('',*,*,#1168,.T.);
#1853=ORIENTED_EDGE('',*,*,#1173,.T.);
#1854=ORIENTED_EDGE('',*,*,#1178,.T.);
#1855=ORIENTED_EDGE('',*,*,#1183,.T.);
#1856=ORIENTED_EDGE('',*,*,#1188,.T.);
#1857=ORIENTED_EDGE('',*,*,#1193,.T.);
#1858=ORIENTED_EDGE('',*,*,#1198,.T.);
#1859=ORIENTED_EDGE('',*,*,#1203,.T.);
#1860=ORIENTED_EDGE('',*,*,#1208,.T.);
#1861=ORIENTED_EDGE('',*,*,#1213,.T.);
#1862=ORIENTED_EDGE('',*,*,#1218,.T.);
#1863=ORIENTED_EDGE('',*,*,#1223,.T.);
#1864=ORIENTED_EDGE('',*,*,#1228,.T.);
#1865=ORIENTED_EDGE('',*,*,#1233,.T.);
#1866=ORIENTED_EDGE('',*,*,#1238,.T.);
#1867=ORIENTED_EDGE('',*,*,#1243,.T.);
#1868=ORIENTED_EDGE('',*,*,#1248,.T.);
#1869=ORIENTED_EDGE('',*,*,#1253,.T.);
#1870=ORIENTED_EDGE('',*,*,#1258,.T.);
#1871=ORIENTED_EDGE('',*,*,#1263,.T.);
#1872=ORIENTED_EDGE('',*,*,#1268,.T.);
#1873=ORIENTED_EDGE('',*,*,#1273,.T.);
#1874=CYLINDRICAL_SURFACE('',#2041,2.);
#1875=CYLINDRICAL_SURFACE('',#2045,2.);
#1876=CYLINDRICAL_SURFACE('',#2052,2.248);
#1877=CYLINDRICAL_SURFACE('',#2057,2.248);
#1878=CYLINDRICAL_SURFACE('',#2062,2.248);
#1879=CYLINDRICAL_SURFACE('',#2067,2.248);
#1880=CYLINDRICAL_SURFACE('',#2072,2.248);
#1881=CYLINDRICAL_SURFACE('',#2077,2.248);
#1882=CYLINDRICAL_SURFACE('',#2082,2.248);
#1883=CYLINDRICAL_SURFACE('',#2087,2.248);
#1884=CYLINDRICAL_SURFACE('',#2092,2.248);
#1885=CYLINDRICAL_SURFACE('',#2094,1.2645);
#1886=CYLINDRICAL_SURFACE('',#2097,1.2645);
#1887=CYLINDRICAL_SURFACE('',#2100,1.2645);
#1888=CYLINDRICAL_SURFACE('',#2103,1.2645);
#1889=CYLINDRICAL_SURFACE('',#2106,1.2645);
#1890=CYLINDRICAL_SURFACE('',#2109,1.2645);
#1891=CYLINDRICAL_SURFACE('',#2112,1.2645);
#1892=CYLINDRICAL_SURFACE('',#2115,1.2645);
#1893=CYLINDRICAL_SURFACE('',#2118,1.2645);
#1894=CYLINDRICAL_SURFACE('',#2121,1.2645);
#1895=CYLINDRICAL_SURFACE('',#2124,1.2645);
#1896=CYLINDRICAL_SURFACE('',#2130,1.7);
#1897=CYLINDRICAL_SURFACE('',#2135,1.7);
#1898=CYLINDRICAL_SURFACE('',#2140,1.632);
#1899=CYLINDRICAL_SURFACE('',#2145,1.632);
#1900=CYLINDRICAL_SURFACE('',#2150,1.632);
#1901=CYLINDRICAL_SURFACE('',#2155,1.632);
#1902=CYLINDRICAL_SURFACE('',#2160,1.632);
#1903=CYLINDRICAL_SURFACE('',#2165,1.632);
#1904=CYLINDRICAL_SURFACE('',#2170,1.632);
#1905=CYLINDRICAL_SURFACE('',#2175,1.632);
#1906=CYLINDRICAL_SURFACE('',#2180,1.632);
#1907=CYLINDRICAL_SURFACE('',#2185,1.632);
#1908=CYLINDRICAL_SURFACE('',#2190,1.632);
#1909=CYLINDRICAL_SURFACE('',#2195,1.632);
#1910=CYLINDRICAL_SURFACE('',#2200,1.632);
#1911=CYLINDRICAL_SURFACE('',#2205,1.632);
#1912=CYLINDRICAL_SURFACE('',#2210,1.632);
#1913=CYLINDRICAL_SURFACE('',#2215,1.632);
#1914=CYLINDRICAL_SURFACE('',#2220,1.632);
#1915=CYLINDRICAL_SURFACE('',#2225,1.632);
#1916=CYLINDRICAL_SURFACE('',#2230,1.632);
#1917=CYLINDRICAL_SURFACE('',#2235,1.632);
#1918=ADVANCED_FACE('',(#202),#1874,.F.);
#1919=ADVANCED_FACE('',(#203),#168,.T.);
#1920=ADVANCED_FACE('',(#204),#1875,.F.);
#1921=ADVANCED_FACE('',(#205),#169,.T.);
#1922=ADVANCED_FACE('',(#206),#98,.F.);
#1923=ADVANCED_FACE('',(#207),#1876,.F.);
#1924=ADVANCED_FACE('',(#208),#99,.F.);
#1925=ADVANCED_FACE('',(#209),#1877,.F.);
#1926=ADVANCED_FACE('',(#210),#100,.F.);
#1927=ADVANCED_FACE('',(#211),#1878,.F.);
#1928=ADVANCED_FACE('',(#212),#101,.F.);
#1929=ADVANCED_FACE('',(#213),#1879,.F.);
#1930=ADVANCED_FACE('',(#214),#102,.F.);
#1931=ADVANCED_FACE('',(#215),#1880,.F.);
#1932=ADVANCED_FACE('',(#216),#103,.F.);
#1933=ADVANCED_FACE('',(#217),#1881,.F.);
#1934=ADVANCED_FACE('',(#218),#104,.F.);
#1935=ADVANCED_FACE('',(#219),#1882,.F.);
#1936=ADVANCED_FACE('',(#220),#105,.F.);
#1937=ADVANCED_FACE('',(#221),#1883,.F.);
#1938=ADVANCED_FACE('',(#222),#106,.F.);
#1939=ADVANCED_FACE('',(#223),#1884,.F.);
#1940=ADVANCED_FACE('',(#224),#1885,.F.);
#1941=ADVANCED_FACE('',(#225),#1886,.F.);
#1942=ADVANCED_FACE('',(#226),#1887,.F.);
#1943=ADVANCED_FACE('',(#227),#1888,.F.);
#1944=ADVANCED_FACE('',(#228),#1889,.F.);
#1945=ADVANCED_FACE('',(#229),#1890,.F.);
#1946=ADVANCED_FACE('',(#230),#1891,.F.);
#1947=ADVANCED_FACE('',(#231),#1892,.F.);
#1948=ADVANCED_FACE('',(#232),#1893,.F.);
#1949=ADVANCED_FACE('',(#233),#1894,.F.);
#1950=ADVANCED_FACE('',(#234),#1895,.F.);
#1951=ADVANCED_FACE('',(#235),#107,.F.);
#1952=ADVANCED_FACE('',(#236),#1896,.F.);
#1953=ADVANCED_FACE('',(#237),#108,.F.);
#1954=ADVANCED_FACE('',(#238),#1897,.F.);
#1955=ADVANCED_FACE('',(#239),#109,.F.);
#1956=ADVANCED_FACE('',(#240),#1898,.F.);
#1957=ADVANCED_FACE('',(#241),#110,.F.);
#1958=ADVANCED_FACE('',(#242),#1899,.F.);
#1959=ADVANCED_FACE('',(#243),#111,.F.);
#1960=ADVANCED_FACE('',(#244),#1900,.F.);
#1961=ADVANCED_FACE('',(#245),#112,.F.);
#1962=ADVANCED_FACE('',(#246),#1901,.F.);
#1963=ADVANCED_FACE('',(#247),#113,.F.);
#1964=ADVANCED_FACE('',(#248),#1902,.F.);
#1965=ADVANCED_FACE('',(#249),#114,.F.);
#1966=ADVANCED_FACE('',(#250),#1903,.F.);
#1967=ADVANCED_FACE('',(#251),#115,.F.);
#1968=ADVANCED_FACE('',(#252),#1904,.F.);
#1969=ADVANCED_FACE('',(#253),#116,.F.);
#1970=ADVANCED_FACE('',(#254),#1905,.F.);
#1971=ADVANCED_FACE('',(#255),#117,.F.);
#1972=ADVANCED_FACE('',(#256),#1906,.F.);
#1973=ADVANCED_FACE('',(#257),#118,.F.);
#1974=ADVANCED_FACE('',(#258),#1907,.F.);
#1975=ADVANCED_FACE('',(#259),#119,.F.);
#1976=ADVANCED_FACE('',(#260),#1908,.F.);
#1977=ADVANCED_FACE('',(#261),#120,.F.);
#1978=ADVANCED_FACE('',(#262),#1909,.F.);
#1979=ADVANCED_FACE('',(#263),#121,.F.);
#1980=ADVANCED_FACE('',(#264),#1910,.F.);
#1981=ADVANCED_FACE('',(#265),#122,.F.);
#1982=ADVANCED_FACE('',(#266),#1911,.F.);
#1983=ADVANCED_FACE('',(#267),#123,.F.);
#1984=ADVANCED_FACE('',(#268),#1912,.F.);
#1985=ADVANCED_FACE('',(#269),#124,.F.);
#1986=ADVANCED_FACE('',(#270),#1913,.F.);
#1987=ADVANCED_FACE('',(#271),#125,.F.);
#1988=ADVANCED_FACE('',(#272),#1914,.F.);
#1989=ADVANCED_FACE('',(#273),#126,.F.);
#1990=ADVANCED_FACE('',(#274),#1915,.F.);
#1991=ADVANCED_FACE('',(#275),#127,.F.);
#1992=ADVANCED_FACE('',(#276),#1916,.F.);
#1993=ADVANCED_FACE('',(#277),#128,.F.);
#1994=ADVANCED_FACE('',(#278),#1917,.F.);
#1995=ADVANCED_FACE('',(#279),#170,.T.);
#1996=ADVANCED_FACE('',(#280),#171,.T.);
#1997=ADVANCED_FACE('',(#281,#14,#15),#172,.F.);
#1998=ADVANCED_FACE('',(#282),#173,.T.);
#1999=ADVANCED_FACE('',(#283),#174,.T.);
#2000=ADVANCED_FACE('',(#284),#175,.T.);
#2001=ADVANCED_FACE('',(#285),#176,.T.);
#2002=ADVANCED_FACE('',(#286),#177,.F.);
#2003=ADVANCED_FACE('',(#287,#16,#17),#178,.T.);
#2004=ADVANCED_FACE('',(#288),#179,.T.);
#2005=ADVANCED_FACE('',(#289),#180,.T.);
#2006=ADVANCED_FACE('',(#290,#18,#19),#181,.F.);
#2007=ADVANCED_FACE('',(#291),#182,.T.);
#2008=ADVANCED_FACE('',(#292),#183,.T.);
#2009=ADVANCED_FACE('',(#293),#184,.T.);
#2010=ADVANCED_FACE('',(#294),#185,.T.);
#2011=ADVANCED_FACE('',(#295),#186,.F.);
#2012=ADVANCED_FACE('',(#296,#20,#21),#187,.T.);
#2013=ADVANCED_FACE('',(#297),#188,.T.);
#2014=ADVANCED_FACE('',(#298),#189,.T.);
#2015=ADVANCED_FACE('',(#299,#22,#23,#24),#190,.F.);
#2016=ADVANCED_FACE('',(#300),#191,.T.);
#2017=ADVANCED_FACE('',(#301),#192,.T.);
#2018=ADVANCED_FACE('',(#302),#193,.T.);
#2019=ADVANCED_FACE('',(#303),#194,.T.);
#2020=ADVANCED_FACE('',(#304),#195,.F.);
#2021=ADVANCED_FACE('',(#305,#25,#26,#27),#196,.T.);
#2022=ADVANCED_FACE('',(#306),#197,.T.);
#2023=ADVANCED_FACE('',(#307),#198,.T.);
#2024=ADVANCED_FACE('',(#308),#199,.T.);
#2025=ADVANCED_FACE('',(#309,#28,#29,#30,#31,#32,#33,#34,#35,#36,#37,#38,
#39,#40,#41,#42,#43,#44,#45,#46,#47,#48,#49,#50,#51,#52,#53,#54,#55,#56,
#57,#58,#59,#60,#61,#62),#200,.T.);
#2026=ADVANCED_FACE('',(#310,#63,#64,#65,#66,#67,#68,#69,#70,#71,#72,#73,
#74,#75,#76,#77,#78,#79,#80,#81,#82,#83,#84,#85,#86,#87,#88,#89,#90,#91,
#92,#93,#94,#95,#96,#97),#201,.F.);
#2027=CLOSED_SHELL('',(#1918,#1919,#1920,#1921,#1922,#1923,#1924,#1925,
#1926,#1927,#1928,#1929,#1930,#1931,#1932,#1933,#1934,#1935,#1936,#1937,
#1938,#1939,#1940,#1941,#1942,#1943,#1944,#1945,#1946,#1947,#1948,#1949,
#1950,#1951,#1952,#1953,#1954,#1955,#1956,#1957,#1958,#1959,#1960,#1961,
#1962,#1963,#1964,#1965,#1966,#1967,#1968,#1969,#1970,#1971,#1972,#1973,
#1974,#1975,#1976,#1977,#1978,#1979,#1980,#1981,#1982,#1983,#1984,#1985,
#1986,#1987,#1988,#1989,#1990,#1991,#1992,#1993,#1994,#1995,#1996,#1997,
#1998,#1999,#2000,#2001,#2002,#2003,#2004,#2005,#2006,#2007,#2008,#2009,
#2010,#2011,#2012,#2013,#2014,#2015,#2016,#2017,#2018,#2019,#2020,#2021,
#2022,#2023,#2024,#2025,#2026));
#2028=DERIVED_UNIT_ELEMENT(#2030,1.);
#2029=DERIVED_UNIT_ELEMENT(#3414,3.);
#2030=(
MASS_UNIT()
NAMED_UNIT(*)
SI_UNIT(.KILO.,.GRAM.)
);
#2031=DERIVED_UNIT((#2028,#2029));
#2032=MEASURE_REPRESENTATION_ITEM('density measure',
POSITIVE_RATIO_MEASURE(7850.),#2031);
#2033=PROPERTY_DEFINITION_REPRESENTATION(#2038,#2035);
#2034=PROPERTY_DEFINITION_REPRESENTATION(#2039,#2036);
#2035=REPRESENTATION('material name',(#2037),#3411);
#2036=REPRESENTATION('density',(#2032),#3411);
#2037=DESCRIPTIVE_REPRESENTATION_ITEM('Steel','Steel');
#2038=PROPERTY_DEFINITION('material property','material name',#3421);
#2039=PROPERTY_DEFINITION('material property','density of part',#3421);
#2040=AXIS2_PLACEMENT_3D('placement',#2874,#2269,#2270);
#2041=AXIS2_PLACEMENT_3D('',#2875,#2271,#2272);
#2042=AXIS2_PLACEMENT_3D('',#2878,#2273,#2274);
#2043=AXIS2_PLACEMENT_3D('',#2882,#2276,#2277);
#2044=AXIS2_PLACEMENT_3D('',#2884,#2279,#2280);
#2045=AXIS2_PLACEMENT_3D('',#2890,#2284,#2285);
#2046=AXIS2_PLACEMENT_3D('',#2893,#2286,#2287);
#2047=AXIS2_PLACEMENT_3D('',#2897,#2289,#2290);
#2048=AXIS2_PLACEMENT_3D('',#2899,#2292,#2293);
#2049=AXIS2_PLACEMENT_3D('',#2905,#2297,#2298);
#2050=AXIS2_PLACEMENT_3D('',#2907,#2299,#2300);
#2051=AXIS2_PLACEMENT_3D('',#2910,#2302,#2303);
#2052=AXIS2_PLACEMENT_3D('',#2911,#2304,#2305);
#2053=AXIS2_PLACEMENT_3D('',#2914,#2307,#2308);
#2054=AXIS2_PLACEMENT_3D('',#2915,#2309,#2310);
#2055=AXIS2_PLACEMENT_3D('',#2917,#2311,#2312);
#2056=AXIS2_PLACEMENT_3D('',#2920,#2314,#2315);
#2057=AXIS2_PLACEMENT_3D('',#2921,#2316,#2317);
#2058=AXIS2_PLACEMENT_3D('',#2924,#2319,#2320);
#2059=AXIS2_PLACEMENT_3D('',#2925,#2321,#2322);
#2060=AXIS2_PLACEMENT_3D('',#2927,#2323,#2324);
#2061=AXIS2_PLACEMENT_3D('',#2930,#2326,#2327);
#2062=AXIS2_PLACEMENT_3D('',#2931,#2328,#2329);
#2063=AXIS2_PLACEMENT_3D('',#2934,#2331,#2332);
#2064=AXIS2_PLACEMENT_3D('',#2935,#2333,#2334);
#2065=AXIS2_PLACEMENT_3D('',#2937,#2335,#2336);
#2066=AXIS2_PLACEMENT_3D('',#2940,#2338,#2339);
#2067=AXIS2_PLACEMENT_3D('',#2941,#2340,#2341);
#2068=AXIS2_PLACEMENT_3D('',#2944,#2343,#2344);
#2069=AXIS2_PLACEMENT_3D('',#2945,#2345,#2346);
#2070=AXIS2_PLACEMENT_3D('',#2947,#2347,#2348);
#2071=AXIS2_PLACEMENT_3D('',#2950,#2350,#2351);
#2072=AXIS2_PLACEMENT_3D('',#2951,#2352,#2353);
#2073=AXIS2_PLACEMENT_3D('',#2954,#2355,#2356);
#2074=AXIS2_PLACEMENT_3D('',#2955,#2357,#2358);
#2075=AXIS2_PLACEMENT_3D('',#2957,#2359,#2360);
#2076=AXIS2_PLACEMENT_3D('',#2960,#2362,#2363);
#2077=AXIS2_PLACEMENT_3D('',#2961,#2364,#2365);
#2078=AXIS2_PLACEMENT_3D('',#2964,#2367,#2368);
#2079=AXIS2_PLACEMENT_3D('',#2965,#2369,#2370);
#2080=AXIS2_PLACEMENT_3D('',#2967,#2371,#2372);
#2081=AXIS2_PLACEMENT_3D('',#2970,#2374,#2375);
#2082=AXIS2_PLACEMENT_3D('',#2971,#2376,#2377);
#2083=AXIS2_PLACEMENT_3D('',#2974,#2379,#2380);
#2084=AXIS2_PLACEMENT_3D('',#2975,#2381,#2382);
#2085=AXIS2_PLACEMENT_3D('',#2977,#2383,#2384);
#2086=AXIS2_PLACEMENT_3D('',#2980,#2386,#2387);
#2087=AXIS2_PLACEMENT_3D('',#2981,#2388,#2389);
#2088=AXIS2_PLACEMENT_3D('',#2984,#2391,#2392);
#2089=AXIS2_PLACEMENT_3D('',#2985,#2393,#2394);
#2090=AXIS2_PLACEMENT_3D('',#2987,#2395,#2396);
#2091=AXIS2_PLACEMENT_3D('',#2990,#2398,#2399);
#2092=AXIS2_PLACEMENT_3D('',#2991,#2400,#2401);
#2093=AXIS2_PLACEMENT_3D('',#2994,#2403,#2404);
#2094=AXIS2_PLACEMENT_3D('',#2995,#2405,#2406);
#2095=AXIS2_PLACEMENT_3D('',#2997,#2407,#2408);
#2096=AXIS2_PLACEMENT_3D('',#3000,#2410,#2411);
#2097=AXIS2_PLACEMENT_3D('',#3001,#2412,#2413);
#2098=AXIS2_PLACEMENT_3D('',#3003,#2414,#2415);
#2099=AXIS2_PLACEMENT_3D('',#3006,#2417,#2418);
#2100=AXIS2_PLACEMENT_3D('',#3007,#2419,#2420);
#2101=AXIS2_PLACEMENT_3D('',#3009,#2421,#2422);
#2102=AXIS2_PLACEMENT_3D('',#3012,#2424,#2425);
#2103=AXIS2_PLACEMENT_3D('',#3013,#2426,#2427);
#2104=AXIS2_PLACEMENT_3D('',#3015,#2428,#2429);
#2105=AXIS2_PLACEMENT_3D('',#3018,#2431,#2432);
#2106=AXIS2_PLACEMENT_3D('',#3019,#2433,#2434);
#2107=AXIS2_PLACEMENT_3D('',#3021,#2435,#2436);
#2108=AXIS2_PLACEMENT_3D('',#3024,#2438,#2439);
#2109=AXIS2_PLACEMENT_3D('',#3025,#2440,#2441);
#2110=AXIS2_PLACEMENT_3D('',#3027,#2442,#2443);
#2111=AXIS2_PLACEMENT_3D('',#3030,#2445,#2446);
#2112=AXIS2_PLACEMENT_3D('',#3031,#2447,#2448);
#2113=AXIS2_PLACEMENT_3D('',#3033,#2449,#2450);
#2114=AXIS2_PLACEMENT_3D('',#3036,#2452,#2453);
#2115=AXIS2_PLACEMENT_3D('',#3037,#2454,#2455);
#2116=AXIS2_PLACEMENT_3D('',#3039,#2456,#2457);
#2117=AXIS2_PLACEMENT_3D('',#3042,#2459,#2460);
#2118=AXIS2_PLACEMENT_3D('',#3043,#2461,#2462);
#2119=AXIS2_PLACEMENT_3D('',#3045,#2463,#2464);
#2120=AXIS2_PLACEMENT_3D('',#3048,#2466,#2467);
#2121=AXIS2_PLACEMENT_3D('',#3049,#2468,#2469);
#2122=AXIS2_PLACEMENT_3D('',#3051,#2470,#2471);
#2123=AXIS2_PLACEMENT_3D('',#3054,#2473,#2474);
#2124=AXIS2_PLACEMENT_3D('',#3055,#2475,#2476);
#2125=AXIS2_PLACEMENT_3D('',#3057,#2477,#2478);
#2126=AXIS2_PLACEMENT_3D('',#3060,#2480,#2481);
#2127=AXIS2_PLACEMENT_3D('',#3061,#2482,#2483);
#2128=AXIS2_PLACEMENT_3D('',#3063,#2484,#2485);
#2129=AXIS2_PLACEMENT_3D('',#3066,#2487,#2488);
#2130=AXIS2_PLACEMENT_3D('',#3067,#2489,#2490);
#2131=AXIS2_PLACEMENT_3D('',#3070,#2492,#2493);
#2132=AXIS2_PLACEMENT_3D('',#3071,#2494,#2495);
#2133=AXIS2_PLACEMENT_3D('',#3073,#2496,#2497);
#2134=AXIS2_PLACEMENT_3D('',#3076,#2499,#2500);
#2135=AXIS2_PLACEMENT_3D('',#3077,#2501,#2502);
#2136=AXIS2_PLACEMENT_3D('',#3080,#2504,#2505);
#2137=AXIS2_PLACEMENT_3D('',#3081,#2506,#2507);
#2138=AXIS2_PLACEMENT_3D('',#3083,#2508,#2509);
#2139=AXIS2_PLACEMENT_3D('',#3086,#2511,#2512);
#2140=AXIS2_PLACEMENT_3D('',#3087,#2513,#2514);
#2141=AXIS2_PLACEMENT_3D('',#3090,#2516,#2517);
#2142=AXIS2_PLACEMENT_3D('',#3091,#2518,#2519);
#2143=AXIS2_PLACEMENT_3D('',#3093,#2520,#2521);
#2144=AXIS2_PLACEMENT_3D('',#3096,#2523,#2524);
#2145=AXIS2_PLACEMENT_3D('',#3097,#2525,#2526);
#2146=AXIS2_PLACEMENT_3D('',#3100,#2528,#2529);
#2147=AXIS2_PLACEMENT_3D('',#3101,#2530,#2531);
#2148=AXIS2_PLACEMENT_3D('',#3103,#2532,#2533);
#2149=AXIS2_PLACEMENT_3D('',#3106,#2535,#2536);
#2150=AXIS2_PLACEMENT_3D('',#3107,#2537,#2538);
#2151=AXIS2_PLACEMENT_3D('',#3110,#2540,#2541);
#2152=AXIS2_PLACEMENT_3D('',#3111,#2542,#2543);
#2153=AXIS2_PLACEMENT_3D('',#3113,#2544,#2545);
#2154=AXIS2_PLACEMENT_3D('',#3116,#2547,#2548);
#2155=AXIS2_PLACEMENT_3D('',#3117,#2549,#2550);
#2156=AXIS2_PLACEMENT_3D('',#3120,#2552,#2553);
#2157=AXIS2_PLACEMENT_3D('',#3121,#2554,#2555);
#2158=AXIS2_PLACEMENT_3D('',#3123,#2556,#2557);
#2159=AXIS2_PLACEMENT_3D('',#3126,#2559,#2560);
#2160=AXIS2_PLACEMENT_3D('',#3127,#2561,#2562);
#2161=AXIS2_PLACEMENT_3D('',#3130,#2564,#2565);
#2162=AXIS2_PLACEMENT_3D('',#3131,#2566,#2567);
#2163=AXIS2_PLACEMENT_3D('',#3133,#2568,#2569);
#2164=AXIS2_PLACEMENT_3D('',#3136,#2571,#2572);
#2165=AXIS2_PLACEMENT_3D('',#3137,#2573,#2574);
#2166=AXIS2_PLACEMENT_3D('',#3140,#2576,#2577);
#2167=AXIS2_PLACEMENT_3D('',#3141,#2578,#2579);
#2168=AXIS2_PLACEMENT_3D('',#3143,#2580,#2581);
#2169=AXIS2_PLACEMENT_3D('',#3146,#2583,#2584);
#2170=AXIS2_PLACEMENT_3D('',#3147,#2585,#2586);
#2171=AXIS2_PLACEMENT_3D('',#3150,#2588,#2589);
#2172=AXIS2_PLACEMENT_3D('',#3151,#2590,#2591);
#2173=AXIS2_PLACEMENT_3D('',#3153,#2592,#2593);
#2174=AXIS2_PLACEMENT_3D('',#3156,#2595,#2596);
#2175=AXIS2_PLACEMENT_3D('',#3157,#2597,#2598);
#2176=AXIS2_PLACEMENT_3D('',#3160,#2600,#2601);
#2177=AXIS2_PLACEMENT_3D('',#3161,#2602,#2603);
#2178=AXIS2_PLACEMENT_3D('',#3163,#2604,#2605);
#2179=AXIS2_PLACEMENT_3D('',#3166,#2607,#2608);
#2180=AXIS2_PLACEMENT_3D('',#3167,#2609,#2610);
#2181=AXIS2_PLACEMENT_3D('',#3170,#2612,#2613);
#2182=AXIS2_PLACEMENT_3D('',#3171,#2614,#2615);
#2183=AXIS2_PLACEMENT_3D('',#3173,#2616,#2617);
#2184=AXIS2_PLACEMENT_3D('',#3176,#2619,#2620);
#2185=AXIS2_PLACEMENT_3D('',#3177,#2621,#2622);
#2186=AXIS2_PLACEMENT_3D('',#3180,#2624,#2625);
#2187=AXIS2_PLACEMENT_3D('',#3181,#2626,#2627);
#2188=AXIS2_PLACEMENT_3D('',#3183,#2628,#2629);
#2189=AXIS2_PLACEMENT_3D('',#3186,#2631,#2632);
#2190=AXIS2_PLACEMENT_3D('',#3187,#2633,#2634);
#2191=AXIS2_PLACEMENT_3D('',#3190,#2636,#2637);
#2192=AXIS2_PLACEMENT_3D('',#3191,#2638,#2639);
#2193=AXIS2_PLACEMENT_3D('',#3193,#2640,#2641);
#2194=AXIS2_PLACEMENT_3D('',#3196,#2643,#2644);
#2195=AXIS2_PLACEMENT_3D('',#3197,#2645,#2646);
#2196=AXIS2_PLACEMENT_3D('',#3200,#2648,#2649);
#2197=AXIS2_PLACEMENT_3D('',#3201,#2650,#2651);
#2198=AXIS2_PLACEMENT_3D('',#3203,#2652,#2653);
#2199=AXIS2_PLACEMENT_3D('',#3206,#2655,#2656);
#2200=AXIS2_PLACEMENT_3D('',#3207,#2657,#2658);
#2201=AXIS2_PLACEMENT_3D('',#3210,#2660,#2661);
#2202=AXIS2_PLACEMENT_3D('',#3211,#2662,#2663);
#2203=AXIS2_PLACEMENT_3D('',#3213,#2664,#2665);
#2204=AXIS2_PLACEMENT_3D('',#3216,#2667,#2668);
#2205=AXIS2_PLACEMENT_3D('',#3217,#2669,#2670);
#2206=AXIS2_PLACEMENT_3D('',#3220,#2672,#2673);
#2207=AXIS2_PLACEMENT_3D('',#3221,#2674,#2675);
#2208=AXIS2_PLACEMENT_3D('',#3223,#2676,#2677);
#2209=AXIS2_PLACEMENT_3D('',#3226,#2679,#2680);
#2210=AXIS2_PLACEMENT_3D('',#3227,#2681,#2682);
#2211=AXIS2_PLACEMENT_3D('',#3230,#2684,#2685);
#2212=AXIS2_PLACEMENT_3D('',#3231,#2686,#2687);
#2213=AXIS2_PLACEMENT_3D('',#3233,#2688,#2689);
#2214=AXIS2_PLACEMENT_3D('',#3236,#2691,#2692);
#2215=AXIS2_PLACEMENT_3D('',#3237,#2693,#2694);
#2216=AXIS2_PLACEMENT_3D('',#3240,#2696,#2697);
#2217=AXIS2_PLACEMENT_3D('',#3241,#2698,#2699);
#2218=AXIS2_PLACEMENT_3D('',#3243,#2700,#2701);
#2219=AXIS2_PLACEMENT_3D('',#3246,#2703,#2704);
#2220=AXIS2_PLACEMENT_3D('',#3247,#2705,#2706);
#2221=AXIS2_PLACEMENT_3D('',#3250,#2708,#2709);
#2222=AXIS2_PLACEMENT_3D('',#3251,#2710,#2711);
#2223=AXIS2_PLACEMENT_3D('',#3253,#2712,#2713);
#2224=AXIS2_PLACEMENT_3D('',#3256,#2715,#2716);
#2225=AXIS2_PLACEMENT_3D('',#3257,#2717,#2718);
#2226=AXIS2_PLACEMENT_3D('',#3260,#2720,#2721);
#2227=AXIS2_PLACEMENT_3D('',#3261,#2722,#2723);
#2228=AXIS2_PLACEMENT_3D('',#3263,#2724,#2725);
#2229=AXIS2_PLACEMENT_3D('',#3266,#2727,#2728);
#2230=AXIS2_PLACEMENT_3D('',#3267,#2729,#2730);
#2231=AXIS2_PLACEMENT_3D('',#3270,#2732,#2733);
#2232=AXIS2_PLACEMENT_3D('',#3271,#2734,#2735);
#2233=AXIS2_PLACEMENT_3D('',#3273,#2736,#2737);
#2234=AXIS2_PLACEMENT_3D('',#3276,#2739,#2740);
#2235=AXIS2_PLACEMENT_3D('',#3277,#2741,#2742);
#2236=AXIS2_PLACEMENT_3D('',#3280,#2744,#2745);
#2237=AXIS2_PLACEMENT_3D('',#3281,#2746,#2747);
#2238=AXIS2_PLACEMENT_3D('',#3290,#2752,#2753);
#2239=AXIS2_PLACEMENT_3D('',#3298,#2758,#2759);
#2240=AXIS2_PLACEMENT_3D('',#3304,#2763,#2764);
#2241=AXIS2_PLACEMENT_3D('',#3309,#2768,#2769);
#2242=AXIS2_PLACEMENT_3D('',#3313,#2772,#2773);
#2243=AXIS2_PLACEMENT_3D('',#3317,#2776,#2777);
#2244=AXIS2_PLACEMENT_3D('',#3319,#2779,#2780);
#2245=AXIS2_PLACEMENT_3D('',#3321,#2782,#2783);
#2246=AXIS2_PLACEMENT_3D('',#3322,#2784,#2785);
#2247=AXIS2_PLACEMENT_3D('',#3330,#2790,#2791);
#2248=AXIS2_PLACEMENT_3D('',#3338,#2796,#2797);
#2249=AXIS2_PLACEMENT_3D('',#3344,#2801,#2802);
#2250=AXIS2_PLACEMENT_3D('',#3349,#2806,#2807);
#2251=AXIS2_PLACEMENT_3D('',#3351,#2809,#2810);
#2252=AXIS2_PLACEMENT_3D('',#3355,#2813,#2814);
#2253=AXIS2_PLACEMENT_3D('',#3357,#2816,#2817);
#2254=AXIS2_PLACEMENT_3D('',#3359,#2819,#2820);
#2255=AXIS2_PLACEMENT_3D('',#3360,#2821,#2822);
#2256=AXIS2_PLACEMENT_3D('',#3368,#2827,#2828);
#2257=AXIS2_PLACEMENT_3D('',#3376,#2833,#2834);
#2258=AXIS2_PLACEMENT_3D('',#3382,#2838,#2839);
#2259=AXIS2_PLACEMENT_3D('',#3387,#2843,#2844);
#2260=AXIS2_PLACEMENT_3D('',#3389,#2846,#2847);
#2261=AXIS2_PLACEMENT_3D('',#3393,#2850,#2851);
#2262=AXIS2_PLACEMENT_3D('',#3395,#2853,#2854);
#2263=AXIS2_PLACEMENT_3D('',#3397,#2856,#2857);
#2264=AXIS2_PLACEMENT_3D('',#3398,#2858,#2859);
#2265=AXIS2_PLACEMENT_3D('',#3401,#2862,#2863);
#2266=AXIS2_PLACEMENT_3D('',#3404,#2866,#2867);
#2267=AXIS2_PLACEMENT_3D('',#3407,#2870,#2871);
#2268=AXIS2_PLACEMENT_3D('',#3408,#2872,#2873);
#2269=DIRECTION('axis',(0.,0.,1.));
#2270=DIRECTION('refdir',(1.,0.,0.));
#2271=DIRECTION('center_axis',(0.,0.,1.));
#2272=DIRECTION('ref_axis',(0.707106781186549,0.707106781186546,0.));
#2273=DIRECTION('center_axis',(0.,0.,-1.));
#2274=DIRECTION('ref_axis',(0.707106781186549,0.707106781186546,0.));
#2275=DIRECTION('',(0.,0.,1.));
#2276=DIRECTION('center_axis',(0.,0.,1.));
#2277=DIRECTION('ref_axis',(0.707106781186549,0.707106781186546,0.));
#2278=DIRECTION('',(0.,0.,-1.));
#2279=DIRECTION('center_axis',(-1.,-1.85037170770859E-16,0.));
#2280=DIRECTION('ref_axis',(1.85037170770859E-16,-1.,0.));
#2281=DIRECTION('',(1.85037170770859E-16,-1.,0.));
#2282=DIRECTION('',(0.,0.,1.));
#2283=DIRECTION('',(1.85037170770859E-16,-1.,0.));
#2284=DIRECTION('center_axis',(0.,0.,1.));
#2285=DIRECTION('ref_axis',(-0.707106781186554,0.707106781186541,0.));
#2286=DIRECTION('center_axis',(0.,0.,-1.));
#2287=DIRECTION('ref_axis',(-0.707106781186554,0.707106781186541,0.));
#2288=DIRECTION('',(0.,0.,1.));
#2289=DIRECTION('center_axis',(0.,0.,1.));
#2290=DIRECTION('ref_axis',(-0.707106781186554,0.707106781186541,0.));
#2291=DIRECTION('',(0.,0.,-1.));
#2292=DIRECTION('center_axis',(5.92118946466756E-15,-1.,0.));
#2293=DIRECTION('ref_axis',(1.,5.92118946466756E-15,0.));
#2294=DIRECTION('',(-1.,-5.92118946466756E-15,0.));
#2295=DIRECTION('',(0.,0.,1.));
#2296=DIRECTION('',(1.,5.92118946466756E-15,0.));
#2297=DIRECTION('center_axis',(5.39728393744341E-16,1.32324569950512E-48,
-1.));
#2298=DIRECTION('ref_axis',(-1.,2.64609701362674E-49,-5.39728393744341E-16));
#2299=DIRECTION('center_axis',(-5.39728393744341E-16,-1.32324569950512E-48,
1.));
#2300=DIRECTION('ref_axis',(-1.,4.05684670807306E-49,-5.39728393744341E-16));
#2301=DIRECTION('',(-0.656059028990508,-8.03440589904945E-17,0.754709580222772));
#2302=DIRECTION('center_axis',(-5.39728393744341E-16,-1.32324569950512E-48,
1.));
#2303=DIRECTION('ref_axis',(-1.,7.60929454830518E-49,-5.39728393744341E-16));
#2304=DIRECTION('center_axis',(-5.39728393744341E-16,-1.32324569950512E-48,
1.));
#2305=DIRECTION('ref_axis',(-1.,7.60929454830518E-49,-5.39728393744341E-16));
#2306=DIRECTION('',(-5.39728393744341E-16,-1.32324569950512E-48,1.));
#2307=DIRECTION('center_axis',(5.39728393744341E-16,1.32324569950512E-48,
-1.));
#2308=DIRECTION('ref_axis',(-1.,7.60929454830518E-49,-5.39728393744341E-16));
#2309=DIRECTION('center_axis',(0.,-3.50939470725654E-15,-1.));
#2310=DIRECTION('ref_axis',(-1.,0.,0.));
#2311=DIRECTION('center_axis',(0.,3.50939470725654E-15,1.));
#2312=DIRECTION('ref_axis',(-1.,0.,0.));
#2313=DIRECTION('',(-0.656059028990507,2.56822974735911E-15,0.754709580222772));
#2314=DIRECTION('center_axis',(0.,3.50939470725654E-15,1.));
#2315=DIRECTION('ref_axis',(-1.,0.,0.));
#2316=DIRECTION('center_axis',(0.,3.50939470725654E-15,1.));
#2317=DIRECTION('ref_axis',(-1.,0.,0.));
#2318=DIRECTION('',(0.,3.50939470725654E-15,1.));
#2319=DIRECTION('center_axis',(0.,-3.50939470725654E-15,-1.));
#2320=DIRECTION('ref_axis',(-1.,0.,0.));
#2321=DIRECTION('center_axis',(0.,0.,-1.));
#2322=DIRECTION('ref_axis',(-1.,0.,0.));
#2323=DIRECTION('center_axis',(0.,0.,1.));
#2324=DIRECTION('ref_axis',(-1.,0.,0.));
#2325=DIRECTION('',(-0.656059028990507,-8.03440589904945E-17,0.754709580222772));
#2326=DIRECTION('center_axis',(0.,0.,1.));
#2327=DIRECTION('ref_axis',(-1.,0.,0.));
#2328=DIRECTION('center_axis',(0.,0.,1.));
#2329=DIRECTION('ref_axis',(-1.,0.,0.));
#2330=DIRECTION('',(0.,0.,1.));
#2331=DIRECTION('center_axis',(0.,0.,-1.));
#2332=DIRECTION('ref_axis',(-1.,0.,0.));
#2333=DIRECTION('center_axis',(1.40592547326143E-14,0.,-1.));
#2334=DIRECTION('ref_axis',(-1.,0.,-1.40592547326143E-14));
#2335=DIRECTION('center_axis',(-1.40592547326143E-14,0.,1.));
#2336=DIRECTION('ref_axis',(-1.,0.,-1.40592547326143E-14));
#2337=DIRECTION('',(-0.656059028990518,-8.03440589904945E-17,0.754709580222763));
#2338=DIRECTION('center_axis',(-1.40592547326143E-14,0.,1.));
#2339=DIRECTION('ref_axis',(-1.,0.,-1.40592547326143E-14));
#2340=DIRECTION('center_axis',(-1.40592547326143E-14,0.,1.));
#2341=DIRECTION('ref_axis',(-1.,0.,-1.40592547326143E-14));
#2342=DIRECTION('',(-1.40592547326143E-14,0.,1.));
#2343=DIRECTION('center_axis',(1.40592547326143E-14,0.,-1.));
#2344=DIRECTION('ref_axis',(-1.,0.,-1.40592547326143E-14));
#2345=DIRECTION('center_axis',(1.40592547326143E-14,0.,-1.));
#2346=DIRECTION('ref_axis',(-1.,0.,-1.40592547326143E-14));
#2347=DIRECTION('center_axis',(-1.40592547326143E-14,0.,1.));
#2348=DIRECTION('ref_axis',(-1.,0.,-1.40592547326143E-14));
#2349=DIRECTION('',(-0.656059028990518,-8.03440589904945E-17,0.754709580222763));
#2350=DIRECTION('center_axis',(-1.40592547326143E-14,0.,1.));
#2351=DIRECTION('ref_axis',(-1.,0.,-1.40592547326143E-14));
#2352=DIRECTION('center_axis',(-1.40592547326143E-14,0.,1.));
#2353=DIRECTION('ref_axis',(-1.,0.,-1.40592547326143E-14));
#2354=DIRECTION('',(-1.40592547326143E-14,0.,1.));
#2355=DIRECTION('center_axis',(1.40592547326143E-14,0.,-1.));
#2356=DIRECTION('ref_axis',(-1.,0.,-1.40592547326143E-14));
#2357=DIRECTION('center_axis',(0.,-3.50939470725654E-15,-1.));
#2358=DIRECTION('ref_axis',(-1.,0.,0.));
#2359=DIRECTION('center_axis',(0.,3.50939470725654E-15,1.));
#2360=DIRECTION('ref_axis',(-1.,0.,0.));
#2361=DIRECTION('',(-0.656059028990507,2.56822974735911E-15,0.754709580222772));
#2362=DIRECTION('center_axis',(0.,3.50939470725654E-15,1.));
#2363=DIRECTION('ref_axis',(-1.,0.,0.));
#2364=DIRECTION('center_axis',(0.,3.50939470725654E-15,1.));
#2365=DIRECTION('ref_axis',(-1.,0.,0.));
#2366=DIRECTION('',(0.,3.50939470725654E-15,1.));
#2367=DIRECTION('center_axis',(0.,-3.50939470725654E-15,-1.));
#2368=DIRECTION('ref_axis',(-1.,0.,0.));
#2369=DIRECTION('center_axis',(0.,0.,-1.));
#2370=DIRECTION('ref_axis',(-1.,0.,0.));
#2371=DIRECTION('center_axis',(0.,0.,1.));
#2372=DIRECTION('ref_axis',(-1.,0.,0.));
#2373=DIRECTION('',(-0.656059028990507,-8.03440589904945E-17,0.754709580222772));
#2374=DIRECTION('center_axis',(0.,0.,1.));
#2375=DIRECTION('ref_axis',(-1.,0.,0.));
#2376=DIRECTION('center_axis',(0.,0.,1.));
#2377=DIRECTION('ref_axis',(-1.,0.,0.));
#2378=DIRECTION('',(0.,0.,1.));
#2379=DIRECTION('center_axis',(0.,0.,-1.));
#2380=DIRECTION('ref_axis',(-1.,0.,0.));
#2381=DIRECTION('center_axis',(0.,-3.50939470725654E-15,-1.));
#2382=DIRECTION('ref_axis',(-1.,0.,0.));
#2383=DIRECTION('center_axis',(0.,3.50939470725654E-15,1.));
#2384=DIRECTION('ref_axis',(-1.,0.,0.));
#2385=DIRECTION('',(-0.656059028990507,2.56822974735911E-15,0.754709580222772));
#2386=DIRECTION('center_axis',(0.,3.50939470725654E-15,1.));
#2387=DIRECTION('ref_axis',(-1.,0.,0.));
#2388=DIRECTION('center_axis',(0.,3.50939470725654E-15,1.));
#2389=DIRECTION('ref_axis',(-1.,0.,0.));
#2390=DIRECTION('',(0.,3.50939470725654E-15,1.));
#2391=DIRECTION('center_axis',(0.,-3.50939470725654E-15,-1.));
#2392=DIRECTION('ref_axis',(-1.,0.,0.));
#2393=DIRECTION('center_axis',(5.39728393744341E-16,1.32324569950512E-48,
-1.));
#2394=DIRECTION('ref_axis',(-1.,2.64609701362674E-49,-5.39728393744341E-16));
#2395=DIRECTION('center_axis',(-5.39728393744341E-16,-1.32324569950512E-48,
1.));
#2396=DIRECTION('ref_axis',(-1.,4.05684670807306E-49,-5.39728393744341E-16));
#2397=DIRECTION('',(-0.656059028990508,-8.03440589904945E-17,0.754709580222772));
#2398=DIRECTION('center_axis',(-5.39728393744341E-16,-1.32324569950512E-48,
1.));
#2399=DIRECTION('ref_axis',(-1.,7.60929454830518E-49,-5.39728393744341E-16));
#2400=DIRECTION('center_axis',(-5.39728393744341E-16,-1.32324569950512E-48,
1.));
#2401=DIRECTION('ref_axis',(-1.,7.60929454830518E-49,-5.39728393744341E-16));
#2402=DIRECTION('',(-5.39728393744341E-16,-1.32324569950512E-48,1.));
#2403=DIRECTION('center_axis',(5.39728393744341E-16,1.32324569950512E-48,
-1.));
#2404=DIRECTION('ref_axis',(-1.,7.60929454830518E-49,-5.39728393744341E-16));
#2405=DIRECTION('center_axis',(0.,0.,1.));
#2406=DIRECTION('ref_axis',(-1.,0.,0.));
#2407=DIRECTION('center_axis',(0.,0.,1.));
#2408=DIRECTION('ref_axis',(-1.,0.,0.));
#2409=DIRECTION('',(0.,0.,1.));
#2410=DIRECTION('center_axis',(0.,0.,-1.));
#2411=DIRECTION('ref_axis',(-1.,0.,0.));
#2412=DIRECTION('center_axis',(0.,0.,1.));
#2413=DIRECTION('ref_axis',(-1.,0.,0.));
#2414=DIRECTION('center_axis',(0.,0.,1.));
#2415=DIRECTION('ref_axis',(-1.,0.,0.));
#2416=DIRECTION('',(0.,0.,1.));
#2417=DIRECTION('center_axis',(0.,0.,-1.));
#2418=DIRECTION('ref_axis',(-1.,0.,0.));
#2419=DIRECTION('center_axis',(0.,0.,1.));
#2420=DIRECTION('ref_axis',(-1.,0.,0.));
#2421=DIRECTION('center_axis',(0.,0.,1.));
#2422=DIRECTION('ref_axis',(-1.,0.,0.));
#2423=DIRECTION('',(0.,0.,1.));
#2424=DIRECTION('center_axis',(0.,0.,-1.));
#2425=DIRECTION('ref_axis',(-1.,0.,0.));
#2426=DIRECTION('center_axis',(0.,0.,1.));
#2427=DIRECTION('ref_axis',(-1.,0.,0.));
#2428=DIRECTION('center_axis',(0.,0.,1.));
#2429=DIRECTION('ref_axis',(-1.,0.,0.));
#2430=DIRECTION('',(0.,0.,1.));
#2431=DIRECTION('center_axis',(0.,0.,-1.));
#2432=DIRECTION('ref_axis',(-1.,0.,0.));
#2433=DIRECTION('center_axis',(0.,0.,1.));
#2434=DIRECTION('ref_axis',(-1.,0.,0.));
#2435=DIRECTION('center_axis',(0.,0.,1.));
#2436=DIRECTION('ref_axis',(-1.,0.,0.));
#2437=DIRECTION('',(0.,0.,1.));
#2438=DIRECTION('center_axis',(0.,0.,-1.));
#2439=DIRECTION('ref_axis',(-1.,0.,0.));
#2440=DIRECTION('center_axis',(0.,0.,1.));
#2441=DIRECTION('ref_axis',(-1.,0.,0.));
#2442=DIRECTION('center_axis',(0.,0.,1.));
#2443=DIRECTION('ref_axis',(-1.,0.,0.));
#2444=DIRECTION('',(0.,0.,1.));
#2445=DIRECTION('center_axis',(0.,0.,-1.));
#2446=DIRECTION('ref_axis',(-1.,0.,0.));
#2447=DIRECTION('center_axis',(0.,0.,1.));
#2448=DIRECTION('ref_axis',(-1.,0.,0.));
#2449=DIRECTION('center_axis',(0.,0.,1.));
#2450=DIRECTION('ref_axis',(-1.,0.,0.));
#2451=DIRECTION('',(0.,0.,1.));
#2452=DIRECTION('center_axis',(0.,0.,-1.));
#2453=DIRECTION('ref_axis',(-1.,0.,0.));
#2454=DIRECTION('center_axis',(0.,0.,1.));
#2455=DIRECTION('ref_axis',(-1.,0.,0.));
#2456=DIRECTION('center_axis',(0.,0.,1.));
#2457=DIRECTION('ref_axis',(-1.,0.,0.));
#2458=DIRECTION('',(0.,0.,1.));
#2459=DIRECTION('center_axis',(0.,0.,-1.));
#2460=DIRECTION('ref_axis',(-1.,0.,0.));
#2461=DIRECTION('center_axis',(0.,0.,1.));
#2462=DIRECTION('ref_axis',(-1.,0.,0.));
#2463=DIRECTION('center_axis',(0.,0.,1.));
#2464=DIRECTION('ref_axis',(-1.,0.,0.));
#2465=DIRECTION('',(0.,0.,1.));
#2466=DIRECTION('center_axis',(0.,0.,-1.));
#2467=DIRECTION('ref_axis',(-1.,0.,0.));
#2468=DIRECTION('center_axis',(0.,0.,1.));
#2469=DIRECTION('ref_axis',(-1.,0.,0.));
#2470=DIRECTION('center_axis',(0.,0.,1.));
#2471=DIRECTION('ref_axis',(-1.,0.,0.));
#2472=DIRECTION('',(0.,0.,1.));
#2473=DIRECTION('center_axis',(0.,0.,-1.));
#2474=DIRECTION('ref_axis',(-1.,0.,0.));
#2475=DIRECTION('center_axis',(0.,0.,1.));
#2476=DIRECTION('ref_axis',(-1.,0.,0.));
#2477=DIRECTION('center_axis',(0.,0.,1.));
#2478=DIRECTION('ref_axis',(-1.,0.,0.));
#2479=DIRECTION('',(0.,0.,1.));
#2480=DIRECTION('center_axis',(0.,0.,-1.));
#2481=DIRECTION('ref_axis',(-1.,0.,0.));
#2482=DIRECTION('center_axis',(0.,0.,-1.));
#2483=DIRECTION('ref_axis',(-1.,0.,0.));
#2484=DIRECTION('center_axis',(0.,0.,1.));
#2485=DIRECTION('ref_axis',(-1.,0.,0.));
#2486=DIRECTION('',(-0.707106781186547,-8.65956056235493E-17,0.707106781186548));
#2487=DIRECTION('center_axis',(0.,0.,1.));
#2488=DIRECTION('ref_axis',(-1.,0.,0.));
#2489=DIRECTION('center_axis',(0.,0.,1.));
#2490=DIRECTION('ref_axis',(-1.,0.,0.));
#2491=DIRECTION('',(0.,0.,1.));
#2492=DIRECTION('center_axis',(0.,0.,-1.));
#2493=DIRECTION('ref_axis',(-1.,0.,0.));
#2494=DIRECTION('center_axis',(0.,0.,-1.));
#2495=DIRECTION('ref_axis',(-1.,0.,0.));
#2496=DIRECTION('center_axis',(0.,0.,1.));
#2497=DIRECTION('ref_axis',(-1.,0.,0.));
#2498=DIRECTION('',(-0.707106781186547,-8.65956056235493E-17,0.707106781186548));
#2499=DIRECTION('center_axis',(0.,0.,1.));
#2500=DIRECTION('ref_axis',(-1.,0.,0.));
#2501=DIRECTION('center_axis',(0.,0.,1.));
#2502=DIRECTION('ref_axis',(-1.,0.,0.));
#2503=DIRECTION('',(0.,0.,1.));
#2504=DIRECTION('center_axis',(0.,0.,-1.));
#2505=DIRECTION('ref_axis',(-1.,0.,0.));
#2506=DIRECTION('center_axis',(0.,0.,-1.));
#2507=DIRECTION('ref_axis',(-1.,0.,0.));
#2508=DIRECTION('center_axis',(0.,0.,1.));
#2509=DIRECTION('ref_axis',(-1.,0.,0.));
#2510=DIRECTION('',(-0.656059028990507,-8.03440589904945E-17,0.754709580222772));
#2511=DIRECTION('center_axis',(0.,0.,1.));
#2512=DIRECTION('ref_axis',(-1.,0.,0.));
#2513=DIRECTION('center_axis',(0.,0.,1.));
#2514=DIRECTION('ref_axis',(-1.,0.,0.));
#2515=DIRECTION('',(0.,0.,1.));
#2516=DIRECTION('center_axis',(0.,0.,-1.));
#2517=DIRECTION('ref_axis',(-1.,0.,0.));
#2518=DIRECTION('center_axis',(0.,0.,-1.));
#2519=DIRECTION('ref_axis',(-1.,0.,0.));
#2520=DIRECTION('center_axis',(0.,0.,1.));
#2521=DIRECTION('ref_axis',(-1.,0.,0.));
#2522=DIRECTION('',(-0.656059028990507,-8.03440589904945E-17,0.754709580222772));
#2523=DIRECTION('center_axis',(0.,0.,1.));
#2524=DIRECTION('ref_axis',(-1.,0.,0.));
#2525=DIRECTION('center_axis',(0.,0.,1.));
#2526=DIRECTION('ref_axis',(-1.,0.,0.));
#2527=DIRECTION('',(0.,0.,1.));
#2528=DIRECTION('center_axis',(0.,0.,-1.));
#2529=DIRECTION('ref_axis',(-1.,0.,0.));
#2530=DIRECTION('center_axis',(0.,0.,-1.));
#2531=DIRECTION('ref_axis',(-1.,0.,0.));
#2532=DIRECTION('center_axis',(0.,0.,1.));
#2533=DIRECTION('ref_axis',(-1.,0.,0.));
#2534=DIRECTION('',(-0.656059028990507,-8.03440589904945E-17,0.754709580222772));
#2535=DIRECTION('center_axis',(0.,0.,1.));
#2536=DIRECTION('ref_axis',(-1.,0.,0.));
#2537=DIRECTION('center_axis',(0.,0.,1.));
#2538=DIRECTION('ref_axis',(-1.,0.,0.));
#2539=DIRECTION('',(0.,0.,1.));
#2540=DIRECTION('center_axis',(0.,0.,-1.));
#2541=DIRECTION('ref_axis',(-1.,0.,0.));
#2542=DIRECTION('center_axis',(0.,0.,-1.));
#2543=DIRECTION('ref_axis',(-1.,0.,0.));
#2544=DIRECTION('center_axis',(0.,0.,1.));
#2545=DIRECTION('ref_axis',(-1.,0.,0.));
#2546=DIRECTION('',(-0.656059028990507,-8.03440589904945E-17,0.754709580222772));
#2547=DIRECTION('center_axis',(0.,0.,1.));
#2548=DIRECTION('ref_axis',(-1.,0.,0.));
#2549=DIRECTION('center_axis',(0.,0.,1.));
#2550=DIRECTION('ref_axis',(-1.,0.,0.));
#2551=DIRECTION('',(0.,0.,1.));
#2552=DIRECTION('center_axis',(0.,0.,-1.));
#2553=DIRECTION('ref_axis',(-1.,0.,0.));
#2554=DIRECTION('center_axis',(0.,0.,-1.));
#2555=DIRECTION('ref_axis',(-1.,0.,0.));
#2556=DIRECTION('center_axis',(0.,0.,1.));
#2557=DIRECTION('ref_axis',(-1.,0.,0.));
#2558=DIRECTION('',(-0.656059028990507,-8.03440589904945E-17,0.754709580222772));
#2559=DIRECTION('center_axis',(0.,0.,1.));
#2560=DIRECTION('ref_axis',(-1.,0.,0.));
#2561=DIRECTION('center_axis',(0.,0.,1.));
#2562=DIRECTION('ref_axis',(-1.,0.,0.));
#2563=DIRECTION('',(0.,0.,1.));
#2564=DIRECTION('center_axis',(0.,0.,-1.));
#2565=DIRECTION('ref_axis',(-1.,0.,0.));
#2566=DIRECTION('center_axis',(0.,0.,-1.));
#2567=DIRECTION('ref_axis',(-1.,0.,0.));
#2568=DIRECTION('center_axis',(0.,0.,1.));
#2569=DIRECTION('ref_axis',(-1.,0.,0.));
#2570=DIRECTION('',(-0.656059028990507,-8.03440589904945E-17,0.754709580222772));
#2571=DIRECTION('center_axis',(0.,0.,1.));
#2572=DIRECTION('ref_axis',(-1.,0.,0.));
#2573=DIRECTION('center_axis',(0.,0.,1.));
#2574=DIRECTION('ref_axis',(-1.,0.,0.));
#2575=DIRECTION('',(0.,0.,1.));
#2576=DIRECTION('center_axis',(0.,0.,-1.));
#2577=DIRECTION('ref_axis',(-1.,0.,0.));
#2578=DIRECTION('center_axis',(0.,0.,-1.));
#2579=DIRECTION('ref_axis',(-1.,0.,0.));
#2580=DIRECTION('center_axis',(0.,0.,1.));
#2581=DIRECTION('ref_axis',(-1.,0.,0.));
#2582=DIRECTION('',(-0.656059028990507,-8.03440589904945E-17,0.754709580222772));
#2583=DIRECTION('center_axis',(0.,0.,1.));
#2584=DIRECTION('ref_axis',(-1.,0.,0.));
#2585=DIRECTION('center_axis',(0.,0.,1.));
#2586=DIRECTION('ref_axis',(-1.,0.,0.));
#2587=DIRECTION('',(0.,0.,1.));
#2588=DIRECTION('center_axis',(0.,0.,-1.));
#2589=DIRECTION('ref_axis',(-1.,0.,0.));
#2590=DIRECTION('center_axis',(0.,0.,-1.));
#2591=DIRECTION('ref_axis',(-1.,0.,0.));
#2592=DIRECTION('center_axis',(0.,0.,1.));
#2593=DIRECTION('ref_axis',(-1.,0.,0.));
#2594=DIRECTION('',(-0.656059028990507,-8.03440589904945E-17,0.754709580222772));
#2595=DIRECTION('center_axis',(0.,0.,1.));
#2596=DIRECTION('ref_axis',(-1.,0.,0.));
#2597=DIRECTION('center_axis',(0.,0.,1.));
#2598=DIRECTION('ref_axis',(-1.,0.,0.));
#2599=DIRECTION('',(0.,0.,1.));
#2600=DIRECTION('center_axis',(0.,0.,-1.));
#2601=DIRECTION('ref_axis',(-1.,0.,0.));
#2602=DIRECTION('center_axis',(0.,0.,-1.));
#2603=DIRECTION('ref_axis',(-1.,0.,0.));
#2604=DIRECTION('center_axis',(0.,0.,1.));
#2605=DIRECTION('ref_axis',(-1.,0.,0.));
#2606=DIRECTION('',(-0.656059028990507,-8.03440589904945E-17,0.754709580222772));
#2607=DIRECTION('center_axis',(0.,0.,1.));
#2608=DIRECTION('ref_axis',(-1.,0.,0.));
#2609=DIRECTION('center_axis',(0.,0.,1.));
#2610=DIRECTION('ref_axis',(-1.,0.,0.));
#2611=DIRECTION('',(0.,0.,1.));
#2612=DIRECTION('center_axis',(0.,0.,-1.));
#2613=DIRECTION('ref_axis',(-1.,0.,0.));
#2614=DIRECTION('center_axis',(0.,0.,-1.));
#2615=DIRECTION('ref_axis',(-1.,0.,0.));
#2616=DIRECTION('center_axis',(0.,0.,1.));
#2617=DIRECTION('ref_axis',(-1.,0.,0.));
#2618=DIRECTION('',(-0.656059028990507,-8.03440589904945E-17,0.754709580222772));
#2619=DIRECTION('center_axis',(0.,0.,1.));
#2620=DIRECTION('ref_axis',(-1.,0.,0.));
#2621=DIRECTION('center_axis',(0.,0.,1.));
#2622=DIRECTION('ref_axis',(-1.,0.,0.));
#2623=DIRECTION('',(0.,0.,1.));
#2624=DIRECTION('center_axis',(0.,0.,-1.));
#2625=DIRECTION('ref_axis',(-1.,0.,0.));
#2626=DIRECTION('center_axis',(0.,0.,-1.));
#2627=DIRECTION('ref_axis',(-1.,0.,0.));
#2628=DIRECTION('center_axis',(0.,0.,1.));
#2629=DIRECTION('ref_axis',(-1.,0.,0.));
#2630=DIRECTION('',(-0.656059028990507,-8.03440589904945E-17,0.754709580222772));
#2631=DIRECTION('center_axis',(0.,0.,1.));
#2632=DIRECTION('ref_axis',(-1.,0.,0.));
#2633=DIRECTION('center_axis',(0.,0.,1.));
#2634=DIRECTION('ref_axis',(-1.,0.,0.));
#2635=DIRECTION('',(0.,0.,1.));
#2636=DIRECTION('center_axis',(0.,0.,-1.));
#2637=DIRECTION('ref_axis',(-1.,0.,0.));
#2638=DIRECTION('center_axis',(0.,0.,-1.));
#2639=DIRECTION('ref_axis',(-1.,0.,0.));
#2640=DIRECTION('center_axis',(0.,0.,1.));
#2641=DIRECTION('ref_axis',(-1.,0.,0.));
#2642=DIRECTION('',(-0.656059028990507,-8.03440589904945E-17,0.754709580222772));
#2643=DIRECTION('center_axis',(0.,0.,1.));
#2644=DIRECTION('ref_axis',(-1.,0.,0.));
#2645=DIRECTION('center_axis',(0.,0.,1.));
#2646=DIRECTION('ref_axis',(-1.,0.,0.));
#2647=DIRECTION('',(0.,0.,1.));
#2648=DIRECTION('center_axis',(0.,0.,-1.));
#2649=DIRECTION('ref_axis',(-1.,0.,0.));
#2650=DIRECTION('center_axis',(0.,0.,-1.));
#2651=DIRECTION('ref_axis',(-1.,0.,0.));
#2652=DIRECTION('center_axis',(0.,0.,1.));
#2653=DIRECTION('ref_axis',(-1.,0.,0.));
#2654=DIRECTION('',(-0.656059028990507,-8.03440589904945E-17,0.754709580222772));
#2655=DIRECTION('center_axis',(0.,0.,1.));
#2656=DIRECTION('ref_axis',(-1.,0.,0.));
#2657=DIRECTION('center_axis',(0.,0.,1.));
#2658=DIRECTION('ref_axis',(-1.,0.,0.));
#2659=DIRECTION('',(0.,0.,1.));
#2660=DIRECTION('center_axis',(0.,0.,-1.));
#2661=DIRECTION('ref_axis',(-1.,0.,0.));
#2662=DIRECTION('center_axis',(0.,0.,-1.));
#2663=DIRECTION('ref_axis',(-1.,0.,0.));
#2664=DIRECTION('center_axis',(0.,0.,1.));
#2665=DIRECTION('ref_axis',(-1.,0.,0.));
#2666=DIRECTION('',(-0.656059028990507,-8.03440589904945E-17,0.754709580222772));
#2667=DIRECTION('center_axis',(0.,0.,1.));
#2668=DIRECTION('ref_axis',(-1.,0.,0.));
#2669=DIRECTION('center_axis',(0.,0.,1.));
#2670=DIRECTION('ref_axis',(-1.,0.,0.));
#2671=DIRECTION('',(0.,0.,1.));
#2672=DIRECTION('center_axis',(0.,0.,-1.));
#2673=DIRECTION('ref_axis',(-1.,0.,0.));
#2674=DIRECTION('center_axis',(0.,0.,-1.));
#2675=DIRECTION('ref_axis',(-1.,0.,0.));
#2676=DIRECTION('center_axis',(0.,0.,1.));
#2677=DIRECTION('ref_axis',(-1.,0.,0.));
#2678=DIRECTION('',(-0.656059028990507,-8.03440589904945E-17,0.754709580222772));
#2679=DIRECTION('center_axis',(0.,0.,1.));
#2680=DIRECTION('ref_axis',(-1.,0.,0.));
#2681=DIRECTION('center_axis',(0.,0.,1.));
#2682=DIRECTION('ref_axis',(-1.,0.,0.));
#2683=DIRECTION('',(0.,0.,1.));
#2684=DIRECTION('center_axis',(0.,0.,-1.));
#2685=DIRECTION('ref_axis',(-1.,0.,0.));
#2686=DIRECTION('center_axis',(0.,0.,-1.));
#2687=DIRECTION('ref_axis',(-1.,0.,0.));
#2688=DIRECTION('center_axis',(0.,0.,1.));
#2689=DIRECTION('ref_axis',(-1.,0.,0.));
#2690=DIRECTION('',(-0.656059028990507,-8.03440589904945E-17,0.754709580222772));
#2691=DIRECTION('center_axis',(0.,0.,1.));
#2692=DIRECTION('ref_axis',(-1.,0.,0.));
#2693=DIRECTION('center_axis',(0.,0.,1.));
#2694=DIRECTION('ref_axis',(-1.,0.,0.));
#2695=DIRECTION('',(0.,0.,1.));
#2696=DIRECTION('center_axis',(0.,0.,-1.));
#2697=DIRECTION('ref_axis',(-1.,0.,0.));
#2698=DIRECTION('center_axis',(0.,0.,-1.));
#2699=DIRECTION('ref_axis',(-1.,0.,0.));
#2700=DIRECTION('center_axis',(0.,0.,1.));
#2701=DIRECTION('ref_axis',(-1.,0.,0.));
#2702=DIRECTION('',(-0.656059028990507,-8.03440589904945E-17,0.754709580222772));
#2703=DIRECTION('center_axis',(0.,0.,1.));
#2704=DIRECTION('ref_axis',(-1.,0.,0.));
#2705=DIRECTION('center_axis',(0.,0.,1.));
#2706=DIRECTION('ref_axis',(-1.,0.,0.));
#2707=DIRECTION('',(0.,0.,1.));
#2708=DIRECTION('center_axis',(0.,0.,-1.));
#2709=DIRECTION('ref_axis',(-1.,0.,0.));
#2710=DIRECTION('center_axis',(0.,0.,-1.));
#2711=DIRECTION('ref_axis',(-1.,0.,0.));
#2712=DIRECTION('center_axis',(0.,0.,1.));
#2713=DIRECTION('ref_axis',(-1.,0.,0.));
#2714=DIRECTION('',(-0.656059028990507,-8.03440589904945E-17,0.754709580222772));
#2715=DIRECTION('center_axis',(0.,0.,1.));
#2716=DIRECTION('ref_axis',(-1.,0.,0.));
#2717=DIRECTION('center_axis',(0.,0.,1.));
#2718=DIRECTION('ref_axis',(-1.,0.,0.));
#2719=DIRECTION('',(0.,0.,1.));
#2720=DIRECTION('center_axis',(0.,0.,-1.));
#2721=DIRECTION('ref_axis',(-1.,0.,0.));
#2722=DIRECTION('center_axis',(0.,0.,-1.));
#2723=DIRECTION('ref_axis',(-1.,0.,0.));
#2724=DIRECTION('center_axis',(0.,0.,1.));
#2725=DIRECTION('ref_axis',(-1.,0.,0.));
#2726=DIRECTION('',(-0.656059028990507,-8.03440589904945E-17,0.754709580222772));
#2727=DIRECTION('center_axis',(0.,0.,1.));
#2728=DIRECTION('ref_axis',(-1.,0.,0.));
#2729=DIRECTION('center_axis',(0.,0.,1.));
#2730=DIRECTION('ref_axis',(-1.,0.,0.));
#2731=DIRECTION('',(0.,0.,1.));
#2732=DIRECTION('center_axis',(0.,0.,-1.));
#2733=DIRECTION('ref_axis',(-1.,0.,0.));
#2734=DIRECTION('center_axis',(0.,0.,-1.));
#2735=DIRECTION('ref_axis',(-1.,0.,0.));
#2736=DIRECTION('center_axis',(0.,0.,1.));
#2737=DIRECTION('ref_axis',(-1.,0.,0.));
#2738=DIRECTION('',(-0.656059028990507,-8.03440589904945E-17,0.754709580222772));
#2739=DIRECTION('center_axis',(0.,0.,1.));
#2740=DIRECTION('ref_axis',(-1.,0.,0.));
#2741=DIRECTION('center_axis',(0.,0.,1.));
#2742=DIRECTION('ref_axis',(-1.,0.,0.));
#2743=DIRECTION('',(0.,0.,1.));
#2744=DIRECTION('center_axis',(0.,0.,-1.));
#2745=DIRECTION('ref_axis',(-1.,0.,0.));
#2746=DIRECTION('center_axis',(0.,0.,1.));
#2747=DIRECTION('ref_axis',(1.,0.,0.));
#2748=DIRECTION('',(-2.22375416259145E-33,1.,-3.42113882891801E-49));
#2749=DIRECTION('',(1.,2.22375416259145E-33,4.99904260442398E-17));
#2750=DIRECTION('',(2.22375416259145E-33,-1.,0.));
#2751=DIRECTION('',(-1.,-2.22375416259145E-33,-5.70645909448063E-32));
#2752=DIRECTION('center_axis',(-2.22375416259145E-33,1.,-3.42113882891801E-49));
#2753=DIRECTION('ref_axis',(-1.,-2.22375416259145E-33,1.46826217270187E-16));
#2754=DIRECTION('',(-4.72462922598909E-17,-3.24155584724403E-49,-1.));
#2755=DIRECTION('',(1.,2.22375416259145E-33,-1.46826217270187E-16));
#2756=DIRECTION('',(4.72462922598909E-17,3.24155584724403E-49,1.));
#2757=DIRECTION('',(-1.,-2.22375416259145E-33,1.46826217270187E-16));
#2758=DIRECTION('center_axis',(0.,0.,1.));
#2759=DIRECTION('ref_axis',(1.,0.,0.));
#2760=DIRECTION('',(2.22375416259145E-33,-1.,3.42113882891801E-49));
#2761=DIRECTION('',(1.,2.22375416259145E-33,-1.46826217270187E-16));
#2762=DIRECTION('',(-6.84227765783602E-49,1.,-1.23022437247342E-49));
#2763=DIRECTION('center_axis',(2.22375416259145E-33,-1.,-2.08902490406716E-64));
#2764=DIRECTION('ref_axis',(0.,2.08902490406716E-64,-1.));
#2765=DIRECTION('',(4.72462922598909E-17,3.24155584724403E-49,1.));
#2766=DIRECTION('',(1.,2.22375416259145E-33,-3.92538046066498E-17));
#2767=DIRECTION('',(0.,0.,1.));
#2768=DIRECTION('center_axis',(-2.22375416259145E-33,1.,2.08902490406716E-64));
#2769=DIRECTION('ref_axis',(0.,-2.08902490406716E-64,1.));
#2770=DIRECTION('',(0.,0.,1.));
#2771=DIRECTION('',(1.,2.22375416259145E-33,-3.92538046066498E-17));
#2772=DIRECTION('center_axis',(2.22375416259145E-33,-1.,3.42113882891801E-49));
#2773=DIRECTION('ref_axis',(1.,2.22375416259145E-33,-4.72462922598909E-17));
#2774=DIRECTION('',(1.,2.22375416259145E-33,-4.72462922598909E-17));
#2775=DIRECTION('',(4.72462922598909E-17,3.24155584724403E-49,1.));
#2776=DIRECTION('center_axis',(-1.,-3.42113882891801E-49,4.72462922598909E-17));
#2777=DIRECTION('ref_axis',(6.84227765783602E-49,-1.,1.23022437247342E-49));
#2778=DIRECTION('',(6.84227765783602E-49,-1.,1.23022437247342E-49));
#2779=DIRECTION('center_axis',(0.,0.,1.));
#2780=DIRECTION('ref_axis',(1.,0.,0.));
#2781=DIRECTION('',(-2.22375416259145E-33,1.,0.));
#2782=DIRECTION('center_axis',(0.,0.,1.));
#2783=DIRECTION('ref_axis',(1.,0.,0.));
#2784=DIRECTION('center_axis',(0.,0.,1.));
#2785=DIRECTION('ref_axis',(1.,0.,0.));
#2786=DIRECTION('',(0.,-1.,0.));
#2787=DIRECTION('',(-1.,0.,1.82606691023382E-30));
#2788=DIRECTION('',(0.,1.,0.));
#2789=DIRECTION('',(1.,0.,0.));
#2790=DIRECTION('center_axis',(0.,-1.,0.));
#2791=DIRECTION('ref_axis',(1.,0.,1.04175688722714E-14));
#2792=DIRECTION('',(1.04788012122287E-14,0.,-1.));
#2793=DIRECTION('',(-1.,0.,-1.04175688722714E-14));
#2794=DIRECTION('',(-1.04788012122287E-14,0.,1.));
#2795=DIRECTION('',(1.,0.,1.04175688722714E-14));
#2796=DIRECTION('center_axis',(0.,0.,1.));
#2797=DIRECTION('ref_axis',(1.,0.,0.));
#2798=DIRECTION('',(0.,1.,0.));
#2799=DIRECTION('',(-1.,0.,-1.04175688722714E-14));
#2800=DIRECTION('',(0.,-1.,0.));
#2801=DIRECTION('center_axis',(0.,1.,0.));
#2802=DIRECTION('ref_axis',(0.,0.,1.));
#2803=DIRECTION('',(-1.04788012122287E-14,0.,1.));
#2804=DIRECTION('',(-1.,0.,0.));
#2805=DIRECTION('',(0.,0.,1.));
#2806=DIRECTION('center_axis',(0.,-1.,0.));
#2807=DIRECTION('ref_axis',(0.,0.,-1.));
#2808=DIRECTION('',(-1.,0.,0.));
#2809=DIRECTION('center_axis',(0.,1.,0.));
#2810=DIRECTION('ref_axis',(-1.,0.,-1.04788012122287E-14));
#2811=DIRECTION('',(-1.,0.,-1.04788012122287E-14));
#2812=DIRECTION('',(-1.04788012122287E-14,0.,1.));
#2813=DIRECTION('center_axis',(1.,0.,1.04788012122287E-14));
#2814=DIRECTION('ref_axis',(0.,1.,0.));
#2815=DIRECTION('',(0.,1.,0.));
#2816=DIRECTION('center_axis',(0.,0.,1.));
#2817=DIRECTION('ref_axis',(1.,0.,0.));
#2818=DIRECTION('',(0.,-1.,0.));
#2819=DIRECTION('center_axis',(0.,0.,1.));
#2820=DIRECTION('ref_axis',(1.,0.,0.));
#2821=DIRECTION('center_axis',(0.,0.,1.));
#2822=DIRECTION('ref_axis',(1.,0.,0.));
#2823=DIRECTION('',(-1.,0.,0.));
#2824=DIRECTION('',(0.,1.,0.));
#2825=DIRECTION('',(1.,0.,0.));
#2826=DIRECTION('',(0.,-1.,0.));
#2827=DIRECTION('center_axis',(-1.,0.,0.));
#2828=DIRECTION('ref_axis',(0.,-1.,-3.14222913095895E-15));
#2829=DIRECTION('',(0.,3.08099679100158E-15,-1.));
#2830=DIRECTION('',(0.,1.,3.14222913095895E-15));
#2831=DIRECTION('',(0.,-3.08099679100158E-15,1.));
#2832=DIRECTION('',(0.,-1.,-3.14222913095895E-15));
#2833=DIRECTION('center_axis',(0.,0.,1.));
#2834=DIRECTION('ref_axis',(1.,0.,0.));
#2835=DIRECTION('',(1.,0.,0.));
#2836=DIRECTION('',(0.,1.,3.14222913095895E-15));
#2837=DIRECTION('',(-1.,0.,0.));
#2838=DIRECTION('center_axis',(1.,0.,0.));
#2839=DIRECTION('ref_axis',(0.,0.,-1.));
#2840=DIRECTION('',(0.,-3.08099679100158E-15,1.));
#2841=DIRECTION('',(0.,1.,4.56516727558456E-31));
#2842=DIRECTION('',(0.,0.,1.));
#2843=DIRECTION('center_axis',(-1.,0.,0.));
#2844=DIRECTION('ref_axis',(0.,0.,1.));
#2845=DIRECTION('',(0.,1.,4.56516727558456E-31));
#2846=DIRECTION('center_axis',(1.,0.,0.));
#2847=DIRECTION('ref_axis',(0.,1.,3.08099679100158E-15));
#2848=DIRECTION('',(0.,1.,3.08099679100158E-15));
#2849=DIRECTION('',(0.,-3.08099679100158E-15,1.));
#2850=DIRECTION('center_axis',(0.,-1.,-3.08099679100158E-15));
#2851=DIRECTION('ref_axis',(1.,0.,0.));
#2852=DIRECTION('',(1.,0.,0.));
#2853=DIRECTION('center_axis',(0.,0.,1.));
#2854=DIRECTION('ref_axis',(1.,0.,0.));
#2855=DIRECTION('',(-1.,0.,0.));
#2856=DIRECTION('center_axis',(0.,0.,1.));
#2857=DIRECTION('ref_axis',(1.,0.,0.));
#2858=DIRECTION('center_axis',(1.38805761757639E-34,1.,0.));
#2859=DIRECTION('ref_axis',(-1.,1.38805761757639E-34,0.));
#2860=DIRECTION('',(1.,-1.38805761757639E-34,0.));
#2861=DIRECTION('',(-1.,1.38805761757639E-34,0.));
#2862=DIRECTION('center_axis',(1.,0.,0.));
#2863=DIRECTION('ref_axis',(0.,1.,0.));
#2864=DIRECTION('',(0.,1.,0.));
#2865=DIRECTION('',(0.,-1.,0.));
#2866=DIRECTION('center_axis',(0.,-1.,0.));
#2867=DIRECTION('ref_axis',(1.,0.,0.));
#2868=DIRECTION('',(1.,0.,0.));
#2869=DIRECTION('',(1.,0.,0.));
#2870=DIRECTION('center_axis',(0.,0.,1.));
#2871=DIRECTION('ref_axis',(1.,0.,0.));
#2872=DIRECTION('center_axis',(0.,0.,1.));
#2873=DIRECTION('ref_axis',(1.,0.,0.));
#2874=CARTESIAN_POINT('',(0.,0.,0.));
#2875=CARTESIAN_POINT('Origin',(1.00000000000001,-96.,0.));
#2876=CARTESIAN_POINT('',(1.00000000000001,-94.,0.));
#2877=CARTESIAN_POINT('',(3.00000000000001,-96.,0.));
#2878=CARTESIAN_POINT('Origin',(1.00000000000001,-96.,0.));
#2879=CARTESIAN_POINT('',(3.00000000000001,-96.,3.));
#2880=CARTESIAN_POINT('',(3.00000000000001,-96.,0.));
#2881=CARTESIAN_POINT('',(1.00000000000001,-94.,3.));
#2882=CARTESIAN_POINT('Origin',(1.00000000000001,-96.,3.));
#2883=CARTESIAN_POINT('',(1.00000000000001,-94.,0.));
#2884=CARTESIAN_POINT('Origin',(3.00000000000001,-94.,0.));
#2885=CARTESIAN_POINT('',(3.00000000000001,-97.,0.));
#2886=CARTESIAN_POINT('',(3.00000000000001,-94.,0.));
#2887=CARTESIAN_POINT('',(3.00000000000001,-97.,3.));
#2888=CARTESIAN_POINT('',(3.00000000000001,-97.,0.));
#2889=CARTESIAN_POINT('',(3.00000000000001,-94.,3.));
#2890=CARTESIAN_POINT('Origin',(443.,-96.,0.));
#2891=CARTESIAN_POINT('',(441.,-96.,0.));
#2892=CARTESIAN_POINT('',(443.,-94.,0.));
#2893=CARTESIAN_POINT('Origin',(443.,-96.,0.));
#2894=CARTESIAN_POINT('',(443.,-94.,3.));
#2895=CARTESIAN_POINT('',(443.,-94.,0.));
#2896=CARTESIAN_POINT('',(441.,-96.,3.));
#2897=CARTESIAN_POINT('Origin',(443.,-96.,3.));
#2898=CARTESIAN_POINT('',(441.,-96.,0.));
#2899=CARTESIAN_POINT('Origin',(441.,-94.,0.));
#2900=CARTESIAN_POINT('',(444.,-94.,0.));
#2901=CARTESIAN_POINT('',(444.,-94.,0.));
#2902=CARTESIAN_POINT('',(444.,-94.,3.));
#2903=CARTESIAN_POINT('',(444.,-94.,0.));
#2904=CARTESIAN_POINT('',(444.,-94.,3.));
#2905=CARTESIAN_POINT('Origin',(-22.435840131754,-88.,1.13225010480726));
#2906=CARTESIAN_POINT('',(-18.2193401317541,-88.,-1.52655665885959E-15));
#2907=CARTESIAN_POINT('Origin',(-22.435840131754,-88.,7.7715611723761E-15));
#2908=CARTESIAN_POINT('',(-20.1878401317541,-88.,2.26450020961455));
#2909=CARTESIAN_POINT('',(-19.203590131754,-88.,1.13225010480726));
#2910=CARTESIAN_POINT('Origin',(-22.435840131754,-88.,2.26450020961455));
#2911=CARTESIAN_POINT('Origin',(-22.435840131754,-88.,1.65));
#2912=CARTESIAN_POINT('',(-20.187840131754,-88.,3.00000000000002));
#2913=CARTESIAN_POINT('',(-20.187840131754,-88.,1.65));
#2914=CARTESIAN_POINT('Origin',(-22.435840131754,-88.,3.00000000000002));
#2915=CARTESIAN_POINT('Origin',(9.00000000000013,-119.435840131754,1.13225010480736));
#2916=CARTESIAN_POINT('',(13.2165000000001,-119.435840131754,7.82707232360735E-14));
#2917=CARTESIAN_POINT('Origin',(9.00000000000013,-119.435840131754,8.21565038222616E-14));
#2918=CARTESIAN_POINT('',(11.2480000000001,-119.435840131754,2.26450020961465));
#2919=CARTESIAN_POINT('',(12.2322500000001,-119.435840131754,1.13225010480736));
#2920=CARTESIAN_POINT('Origin',(9.00000000000013,-119.435840131754,2.26450020961465));
#2921=CARTESIAN_POINT('Origin',(9.00000000000013,-119.435840131754,1.65000000000009));
#2922=CARTESIAN_POINT('',(11.2480000000001,-119.435840131754,3.00000000000009));
#2923=CARTESIAN_POINT('',(11.2480000000001,-119.435840131754,1.65000000000009));
#2924=CARTESIAN_POINT('Origin',(9.00000000000013,-119.435840131754,3.00000000000009));
#2925=CARTESIAN_POINT('Origin',(312.,-5.93999999999999,1.13225010480728));
#2926=CARTESIAN_POINT('',(316.2165,-5.93999999999999,-2.77555756156289E-16));
#2927=CARTESIAN_POINT('Origin',(312.,-5.93999999999999,0.));
#2928=CARTESIAN_POINT('',(314.248,-5.93999999999999,2.26450020961457));
#2929=CARTESIAN_POINT('',(315.23225,-5.93999999999999,1.13225010480728));
#2930=CARTESIAN_POINT('Origin',(312.,-5.93999999999999,2.26450020961456));
#2931=CARTESIAN_POINT('Origin',(312.,-5.93999999999999,1.65000000000001));
#2932=CARTESIAN_POINT('',(314.248,-5.93999999999999,3.));
#2933=CARTESIAN_POINT('',(314.248,-5.93999999999999,1.65000000000001));
#2934=CARTESIAN_POINT('Origin',(312.,-5.93999999999999,3.));
#2935=CARTESIAN_POINT('Origin',(466.435840131754,-88.,1.13225010480743));
#2936=CARTESIAN_POINT('',(470.652340131754,-88.,2.13995487996499E-13));
#2937=CARTESIAN_POINT('Origin',(466.435840131754,-88.,1.70974345792274E-13));
#2938=CARTESIAN_POINT('',(468.683840131754,-88.,2.26450020961477));
#2939=CARTESIAN_POINT('',(469.668090131754,-88.,1.13225010480747));
#2940=CARTESIAN_POINT('Origin',(466.435840131754,-88.,2.26450020961475));
#2941=CARTESIAN_POINT('Origin',(466.435840131754,-88.,1.65000000000016));
#2942=CARTESIAN_POINT('',(468.683840131754,-88.,3.00000000000028));
#2943=CARTESIAN_POINT('',(468.683840131754,-88.,1.65000000000019));
#2944=CARTESIAN_POINT('Origin',(466.435840131754,-88.,3.00000000000021));
#2945=CARTESIAN_POINT('Origin',(466.435840131754,-6.,1.13225010480743));
#2946=CARTESIAN_POINT('',(470.652340131754,-6.,2.13995487996499E-13));
#2947=CARTESIAN_POINT('Origin',(466.435840131754,-6.,1.70974345792274E-13));
#2948=CARTESIAN_POINT('',(468.683840131754,-6.,2.26450020961477));
#2949=CARTESIAN_POINT('',(469.668090131754,-6.,1.13225010480747));
#2950=CARTESIAN_POINT('Origin',(466.435840131754,-6.,2.26450020961475));
#2951=CARTESIAN_POINT('Origin',(466.435840131754,-6.,1.65000000000016));
#2952=CARTESIAN_POINT('',(468.683840131754,-6.,3.00000000000028));
#2953=CARTESIAN_POINT('',(468.683840131754,-6.,1.65000000000019));
#2954=CARTESIAN_POINT('Origin',(466.435840131754,-6.,3.00000000000021));
#2955=CARTESIAN_POINT('Origin',(435.,-119.435840131754,1.13225010480736));
#2956=CARTESIAN_POINT('',(439.2165,-119.435840131754,8.1601392309949E-14));
#2957=CARTESIAN_POINT('Origin',(435.,-119.435840131754,8.21565038222616E-14));
#2958=CARTESIAN_POINT('',(437.248,-119.435840131754,2.26450020961465));
#2959=CARTESIAN_POINT('',(438.23225,-119.435840131754,1.13225010480736));
#2960=CARTESIAN_POINT('Origin',(435.,-119.435840131754,2.26450020961465));
#2961=CARTESIAN_POINT('Origin',(435.,-119.435840131754,1.65000000000009));
#2962=CARTESIAN_POINT('',(437.248,-119.435840131754,3.00000000000009));
#2963=CARTESIAN_POINT('',(437.248,-119.435840131754,1.65000000000009));
#2964=CARTESIAN_POINT('Origin',(435.,-119.435840131754,3.00000000000009));
#2965=CARTESIAN_POINT('Origin',(132.,-5.93999999999999,1.13225010480728));
#2966=CARTESIAN_POINT('',(136.2165,-5.93999999999999,-2.77555756156289E-16));
#2967=CARTESIAN_POINT('Origin',(132.,-5.93999999999999,0.));
#2968=CARTESIAN_POINT('',(134.248,-5.93999999999999,2.26450020961456));
#2969=CARTESIAN_POINT('',(135.23225,-5.93999999999999,1.13225010480728));
#2970=CARTESIAN_POINT('Origin',(132.,-5.93999999999999,2.26450020961456));
#2971=CARTESIAN_POINT('Origin',(132.,-5.93999999999999,1.65000000000001));
#2972=CARTESIAN_POINT('',(134.248,-5.93999999999999,3.));
#2973=CARTESIAN_POINT('',(134.248,-5.93999999999999,1.65000000000001));
#2974=CARTESIAN_POINT('Origin',(132.,-5.93999999999999,3.));
#2975=CARTESIAN_POINT('Origin',(222.,-119.435840131754,1.13225010480736));
#2976=CARTESIAN_POINT('',(226.2165,-119.435840131754,8.1601392309949E-14));
#2977=CARTESIAN_POINT('Origin',(222.,-119.435840131754,8.21565038222616E-14));
#2978=CARTESIAN_POINT('',(224.248,-119.435840131754,2.26450020961466));
#2979=CARTESIAN_POINT('',(225.23225,-119.435840131754,1.13225010480736));
#2980=CARTESIAN_POINT('Origin',(222.,-119.435840131754,2.26450020961465));
#2981=CARTESIAN_POINT('Origin',(222.,-119.435840131754,1.65000000000009));
#2982=CARTESIAN_POINT('',(224.248,-119.435840131754,3.00000000000009));
#2983=CARTESIAN_POINT('',(224.248,-119.435840131754,1.65000000000009));
#2984=CARTESIAN_POINT('Origin',(222.,-119.435840131754,3.00000000000009));
#2985=CARTESIAN_POINT('Origin',(-22.4358401317541,-6.,1.13225010480726));
#2986=CARTESIAN_POINT('',(-18.2193401317541,-6.,-1.52655665885959E-15));
#2987=CARTESIAN_POINT('Origin',(-22.4358401317541,-6.,7.7715611723761E-15));
#2988=CARTESIAN_POINT('',(-20.1878401317541,-6.,2.26450020961455));
#2989=CARTESIAN_POINT('',(-19.2035901317541,-6.,1.13225010480726));
#2990=CARTESIAN_POINT('Origin',(-22.4358401317541,-6.,2.26450020961455));
#2991=CARTESIAN_POINT('Origin',(-22.4358401317541,-6.,1.65));
#2992=CARTESIAN_POINT('',(-20.1878401317541,-6.,3.00000000000002));
#2993=CARTESIAN_POINT('',(-20.1878401317541,-6.,1.65));
#2994=CARTESIAN_POINT('Origin',(-22.4358401317541,-6.,3.00000000000002));
#2995=CARTESIAN_POINT('Origin',(16.0000000000003,-13.,2.));
#2996=CARTESIAN_POINT('',(17.2645000000003,-13.,0.));
#2997=CARTESIAN_POINT('Origin',(16.0000000000003,-13.,0.));
#2998=CARTESIAN_POINT('',(17.2645000000004,-13.,3.));
#2999=CARTESIAN_POINT('',(17.2645000000003,-13.,2.));
#3000=CARTESIAN_POINT('Origin',(16.0000000000003,-13.,3.));
#3001=CARTESIAN_POINT('Origin',(181.999999999986,-81.0000000001158,2.));
#3002=CARTESIAN_POINT('',(183.264499999986,-81.0000000001158,0.));
#3003=CARTESIAN_POINT('Origin',(181.999999999986,-81.0000000001158,0.));
#3004=CARTESIAN_POINT('',(183.264499999986,-81.0000000001158,3.));
#3005=CARTESIAN_POINT('',(183.264499999986,-81.0000000001158,2.));
#3006=CARTESIAN_POINT('Origin',(181.999999999986,-81.0000000001158,3.));
#3007=CARTESIAN_POINT('Origin',(433.952999999996,-81.0000000000043,2.));
#3008=CARTESIAN_POINT('',(435.217499999996,-81.0000000000043,0.));
#3009=CARTESIAN_POINT('Origin',(433.952999999996,-81.0000000000043,0.));
#3010=CARTESIAN_POINT('',(435.217499999996,-81.0000000000043,3.));
#3011=CARTESIAN_POINT('',(435.217499999996,-81.0000000000043,2.));
#3012=CARTESIAN_POINT('Origin',(433.952999999996,-81.0000000000043,3.));
#3013=CARTESIAN_POINT('Origin',(120.99999999998,-13.,2.));
#3014=CARTESIAN_POINT('',(122.26449999998,-13.,0.));
#3015=CARTESIAN_POINT('Origin',(120.99999999998,-13.,0.));
#3016=CARTESIAN_POINT('',(122.26449999998,-13.,3.));
#3017=CARTESIAN_POINT('',(122.26449999998,-13.,2.));
#3018=CARTESIAN_POINT('Origin',(120.99999999998,-13.,3.));
#3019=CARTESIAN_POINT('Origin',(242.999999999981,-13.,2.));
#3020=CARTESIAN_POINT('',(244.264499999981,-13.,0.));
#3021=CARTESIAN_POINT('Origin',(242.999999999981,-13.,0.));
#3022=CARTESIAN_POINT('',(244.264499999981,-13.,3.));
#3023=CARTESIAN_POINT('',(244.264499999981,-13.,2.));
#3024=CARTESIAN_POINT('Origin',(242.999999999981,-13.,3.));
#3025=CARTESIAN_POINT('Origin',(380.90599999998,-13.,2.));
#3026=CARTESIAN_POINT('',(382.17049999998,-13.,0.));
#3027=CARTESIAN_POINT('Origin',(380.90599999998,-13.,0.));
#3028=CARTESIAN_POINT('',(382.17049999998,-13.,3.));
#3029=CARTESIAN_POINT('',(382.17049999998,-13.,2.));
#3030=CARTESIAN_POINT('Origin',(380.90599999998,-13.,3.));
#3031=CARTESIAN_POINT('Origin',(181.99999999998,-13.,2.));
#3032=CARTESIAN_POINT('',(183.26449999998,-13.,0.));
#3033=CARTESIAN_POINT('Origin',(181.99999999998,-13.,0.));
#3034=CARTESIAN_POINT('',(183.26449999998,-13.,3.));
#3035=CARTESIAN_POINT('',(183.26449999998,-13.,2.));
#3036=CARTESIAN_POINT('Origin',(181.99999999998,-13.,3.));
#3037=CARTESIAN_POINT('Origin',(433.952999999991,-12.9999999999941,2.));
#3038=CARTESIAN_POINT('',(435.217499999991,-12.9999999999941,0.));
#3039=CARTESIAN_POINT('Origin',(433.952999999991,-12.9999999999941,0.));
#3040=CARTESIAN_POINT('',(435.217499999991,-12.9999999999941,3.));
#3041=CARTESIAN_POINT('',(435.217499999991,-12.9999999999941,2.));
#3042=CARTESIAN_POINT('Origin',(433.952999999991,-12.9999999999941,3.));
#3043=CARTESIAN_POINT('Origin',(380.905999999985,-81.0000000000231,2.));
#3044=CARTESIAN_POINT('',(382.170499999985,-81.0000000000231,0.));
#3045=CARTESIAN_POINT('Origin',(380.905999999985,-81.0000000000231,0.));
#3046=CARTESIAN_POINT('',(382.170499999985,-81.0000000000231,3.));
#3047=CARTESIAN_POINT('',(382.170499999985,-81.0000000000231,2.));
#3048=CARTESIAN_POINT('Origin',(380.905999999985,-81.0000000000231,3.));
#3049=CARTESIAN_POINT('Origin',(120.999999999986,-81.0000000001443,2.));
#3050=CARTESIAN_POINT('',(122.264499999986,-81.0000000001443,0.));
#3051=CARTESIAN_POINT('Origin',(120.999999999986,-81.0000000001443,0.));
#3052=CARTESIAN_POINT('',(122.264499999986,-81.0000000001443,3.));
#3053=CARTESIAN_POINT('',(122.264499999986,-81.0000000001443,2.));
#3054=CARTESIAN_POINT('Origin',(120.999999999986,-81.0000000001443,3.));
#3055=CARTESIAN_POINT('Origin',(16.0000000000056,-81.0000000001932,2.));
#3056=CARTESIAN_POINT('',(17.2645000000056,-81.0000000001932,0.));
#3057=CARTESIAN_POINT('Origin',(16.0000000000056,-81.0000000001932,0.));
#3058=CARTESIAN_POINT('',(17.2645000000055,-81.0000000001932,3.));
#3059=CARTESIAN_POINT('',(17.2645000000056,-81.0000000001932,2.));
#3060=CARTESIAN_POINT('Origin',(16.0000000000056,-81.0000000001932,3.));
#3061=CARTESIAN_POINT('Origin',(33.4999999706771,-88.0004645560723,0.725));
#3062=CARTESIAN_POINT('',(36.6499999706771,-88.0004645560723,2.77555756156289E-16));
#3063=CARTESIAN_POINT('Origin',(33.4999999706771,-88.0004645560723,0.));
#3064=CARTESIAN_POINT('',(35.1999999706771,-88.0004645560723,1.45));
#3065=CARTESIAN_POINT('',(35.9249999706771,-88.0004645560723,0.725));
#3066=CARTESIAN_POINT('Origin',(33.4999999706771,-88.0004645560723,1.45));
#3067=CARTESIAN_POINT('Origin',(33.4999999706771,-88.0004645560723,5.));
#3068=CARTESIAN_POINT('',(35.1999999706771,-88.0004645560723,3.));
#3069=CARTESIAN_POINT('',(35.1999999706771,-88.0004645560723,5.));
#3070=CARTESIAN_POINT('Origin',(33.4999999706771,-88.0004645560723,3.));
#3071=CARTESIAN_POINT('Origin',(242.499999970677,-88.000464556108,0.725));
#3072=CARTESIAN_POINT('',(245.649999970677,-88.000464556108,-7.7715611723761E-15));
#3073=CARTESIAN_POINT('Origin',(242.499999970677,-88.000464556108,0.));
#3074=CARTESIAN_POINT('',(244.199999970677,-88.000464556108,1.45));
#3075=CARTESIAN_POINT('',(244.924999970677,-88.000464556108,0.725));
#3076=CARTESIAN_POINT('Origin',(242.499999970677,-88.000464556108,1.45));
#3077=CARTESIAN_POINT('Origin',(242.499999970677,-88.000464556108,5.));
#3078=CARTESIAN_POINT('',(244.199999970677,-88.000464556108,3.));
#3079=CARTESIAN_POINT('',(244.199999970677,-88.000464556108,5.));
#3080=CARTESIAN_POINT('Origin',(242.499999970677,-88.000464556108,3.));
#3081=CARTESIAN_POINT('Origin',(140.99999999998,-23.9999999999933,0.704888241524674));
#3082=CARTESIAN_POINT('',(143.85749999998,-23.9999999999933,-8.32667268468867E-16));
#3083=CARTESIAN_POINT('Origin',(140.99999999998,-23.9999999999933,0.));
#3084=CARTESIAN_POINT('',(142.63199999998,-23.9999999999933,1.40977648304935));
#3085=CARTESIAN_POINT('',(143.24474999998,-23.9999999999933,0.704888241524674));
#3086=CARTESIAN_POINT('Origin',(140.99999999998,-23.9999999999933,1.40977648304935));
#3087=CARTESIAN_POINT('Origin',(140.99999999998,-23.9999999999933,2.));
#3088=CARTESIAN_POINT('',(142.63199999998,-23.9999999999933,3.));
#3089=CARTESIAN_POINT('',(142.63199999998,-23.9999999999933,2.));
#3090=CARTESIAN_POINT('Origin',(140.99999999998,-23.9999999999933,3.));
#3091=CARTESIAN_POINT('Origin',(161.99999999998,-69.9999999999939,0.704888241524674));
#3092=CARTESIAN_POINT('',(164.85749999998,-69.9999999999939,-8.32667268468867E-16));
#3093=CARTESIAN_POINT('Origin',(161.99999999998,-69.9999999999939,0.));
#3094=CARTESIAN_POINT('',(163.63199999998,-69.9999999999939,1.40977648304936));
#3095=CARTESIAN_POINT('',(164.24474999998,-69.9999999999939,0.704888241524674));
#3096=CARTESIAN_POINT('Origin',(161.99999999998,-69.9999999999939,1.40977648304935));
#3097=CARTESIAN_POINT('Origin',(161.99999999998,-69.9999999999939,2.));
#3098=CARTESIAN_POINT('',(163.63199999998,-69.9999999999939,3.));
#3099=CARTESIAN_POINT('',(163.63199999998,-69.9999999999939,2.));
#3100=CARTESIAN_POINT('Origin',(161.99999999998,-69.9999999999939,3.));
#3101=CARTESIAN_POINT('Origin',(421.90599999998,-70.0000000000011,0.704888241524674));
#3102=CARTESIAN_POINT('',(424.76349999998,-70.0000000000011,-9.57567358739198E-15));
#3103=CARTESIAN_POINT('Origin',(421.90599999998,-70.0000000000011,0.));
#3104=CARTESIAN_POINT('',(423.53799999998,-70.0000000000011,1.40977648304935));
#3105=CARTESIAN_POINT('',(424.15074999998,-70.0000000000011,0.704888241524674));
#3106=CARTESIAN_POINT('Origin',(421.90599999998,-70.0000000000011,1.40977648304935));
#3107=CARTESIAN_POINT('Origin',(421.90599999998,-70.0000000000011,2.));
#3108=CARTESIAN_POINT('',(423.53799999998,-70.0000000000011,3.));
#3109=CARTESIAN_POINT('',(423.53799999998,-70.0000000000011,2.));
#3110=CARTESIAN_POINT('Origin',(421.90599999998,-70.0000000000011,3.));
#3111=CARTESIAN_POINT('Origin',(400.90599999998,-24.0000000000011,0.704888241524674));
#3112=CARTESIAN_POINT('',(403.76349999998,-24.0000000000011,-9.57567358739198E-15));
#3113=CARTESIAN_POINT('Origin',(400.90599999998,-24.0000000000011,0.));
#3114=CARTESIAN_POINT('',(402.53799999998,-24.0000000000011,1.40977648304935));
#3115=CARTESIAN_POINT('',(403.15074999998,-24.0000000000011,0.704888241524674));
#3116=CARTESIAN_POINT('Origin',(400.90599999998,-24.0000000000011,1.40977648304935));
#3117=CARTESIAN_POINT('Origin',(400.90599999998,-24.0000000000011,2.));
#3118=CARTESIAN_POINT('',(402.53799999998,-24.0000000000011,3.));
#3119=CARTESIAN_POINT('',(402.53799999998,-24.0000000000011,2.));
#3120=CARTESIAN_POINT('Origin',(400.90599999998,-24.0000000000011,3.));
#3121=CARTESIAN_POINT('Origin',(349.205999999978,-22.9440000000011,0.704888241524674));
#3122=CARTESIAN_POINT('',(352.063499999978,-22.9440000000011,-9.57567358739198E-15));
#3123=CARTESIAN_POINT('Origin',(349.205999999978,-22.9440000000011,0.));
#3124=CARTESIAN_POINT('',(350.837999999978,-22.9440000000011,1.40977648304935));
#3125=CARTESIAN_POINT('',(351.450749999978,-22.9440000000011,0.704888241524674));
#3126=CARTESIAN_POINT('Origin',(349.205999999978,-22.9440000000011,1.40977648304935));
#3127=CARTESIAN_POINT('Origin',(349.205999999978,-22.9440000000011,2.));
#3128=CARTESIAN_POINT('',(350.837999999978,-22.9440000000011,3.));
#3129=CARTESIAN_POINT('',(350.837999999978,-22.9440000000011,2.));
#3130=CARTESIAN_POINT('Origin',(349.205999999978,-22.9440000000011,3.));
#3131=CARTESIAN_POINT('Origin',(273.138999999978,-71.0560000000011,0.704888241524674));
#3132=CARTESIAN_POINT('',(275.996499999978,-71.0560000000011,-8.32667268468867E-16));
#3133=CARTESIAN_POINT('Origin',(273.138999999978,-71.0560000000011,0.));
#3134=CARTESIAN_POINT('',(274.770999999978,-71.0560000000011,1.40977648304936));
#3135=CARTESIAN_POINT('',(275.383749999978,-71.0560000000011,0.704888241524674));
#3136=CARTESIAN_POINT('Origin',(273.138999999978,-71.0560000000011,1.40977648304935));
#3137=CARTESIAN_POINT('Origin',(273.138999999978,-71.0560000000011,2.));
#3138=CARTESIAN_POINT('',(274.770999999978,-71.0560000000011,3.));
#3139=CARTESIAN_POINT('',(274.770999999978,-71.0560000000011,2.));
#3140=CARTESIAN_POINT('Origin',(273.138999999978,-71.0560000000011,3.));
#3141=CARTESIAN_POINT('Origin',(201.99999999998,-69.9999999999935,0.704888241524674));
#3142=CARTESIAN_POINT('',(204.85749999998,-69.9999999999935,-8.32667268468867E-16));
#3143=CARTESIAN_POINT('Origin',(201.99999999998,-69.9999999999935,0.));
#3144=CARTESIAN_POINT('',(203.63199999998,-69.9999999999935,1.40977648304936));
#3145=CARTESIAN_POINT('',(204.24474999998,-69.9999999999935,0.704888241524674));
#3146=CARTESIAN_POINT('Origin',(201.99999999998,-69.9999999999935,1.40977648304935));
#3147=CARTESIAN_POINT('Origin',(201.99999999998,-69.9999999999935,2.));
#3148=CARTESIAN_POINT('',(203.63199999998,-69.9999999999935,3.));
#3149=CARTESIAN_POINT('',(203.63199999998,-69.9999999999935,2.));
#3150=CARTESIAN_POINT('Origin',(201.99999999998,-69.9999999999935,3.));
#3151=CARTESIAN_POINT('Origin',(201.99999999998,-23.9999999999935,0.704888241524674));
#3152=CARTESIAN_POINT('',(204.85749999998,-23.9999999999935,-8.32667268468867E-16));
#3153=CARTESIAN_POINT('Origin',(201.99999999998,-23.9999999999935,0.));
#3154=CARTESIAN_POINT('',(203.63199999998,-23.9999999999935,1.40977648304936));
#3155=CARTESIAN_POINT('',(204.24474999998,-23.9999999999935,0.704888241524674));
#3156=CARTESIAN_POINT('Origin',(201.99999999998,-23.9999999999935,1.40977648304935));
#3157=CARTESIAN_POINT('Origin',(201.99999999998,-23.9999999999935,2.));
#3158=CARTESIAN_POINT('',(203.63199999998,-23.9999999999935,3.));
#3159=CARTESIAN_POINT('',(203.63199999998,-23.9999999999935,2.));
#3160=CARTESIAN_POINT('Origin',(201.99999999998,-23.9999999999935,3.));
#3161=CARTESIAN_POINT('Origin',(96.9999999999803,-71.0000000000093,0.704888241524674));
#3162=CARTESIAN_POINT('',(99.8574999999803,-71.0000000000093,-8.32667268468867E-16));
#3163=CARTESIAN_POINT('Origin',(96.9999999999803,-71.0000000000093,0.));
#3164=CARTESIAN_POINT('',(98.6319999999803,-71.0000000000093,1.40977648304935));
#3165=CARTESIAN_POINT('',(99.2447499999803,-71.0000000000093,0.704888241524674));
#3166=CARTESIAN_POINT('Origin',(96.9999999999803,-71.0000000000093,1.40977648304935));
#3167=CARTESIAN_POINT('Origin',(96.9999999999803,-71.0000000000093,2.));
#3168=CARTESIAN_POINT('',(98.6319999999803,-71.0000000000093,3.));
#3169=CARTESIAN_POINT('',(98.6319999999803,-71.0000000000093,2.));
#3170=CARTESIAN_POINT('Origin',(96.9999999999803,-71.0000000000093,3.));
#3171=CARTESIAN_POINT('Origin',(30.4000000000006,-23.4999999999944,0.704888241524674));
#3172=CARTESIAN_POINT('',(33.2575000000006,-23.4999999999944,-8.32667268468867E-16));
#3173=CARTESIAN_POINT('Origin',(30.4000000000006,-23.4999999999944,0.));
#3174=CARTESIAN_POINT('',(32.0320000000006,-23.4999999999944,1.40977648304935));
#3175=CARTESIAN_POINT('',(32.6447500000006,-23.4999999999944,0.704888241524674));
#3176=CARTESIAN_POINT('Origin',(30.4000000000006,-23.4999999999944,1.40977648304935));
#3177=CARTESIAN_POINT('Origin',(30.4000000000006,-23.4999999999944,2.));
#3178=CARTESIAN_POINT('',(32.0320000000006,-23.4999999999944,3.));
#3179=CARTESIAN_POINT('',(32.0320000000006,-23.4999999999944,2.));
#3180=CARTESIAN_POINT('Origin',(30.4000000000006,-23.4999999999944,3.));
#3181=CARTESIAN_POINT('Origin',(30.3999999999994,-70.5000000000094,0.704888241524674));
#3182=CARTESIAN_POINT('',(33.2574999999994,-70.5000000000094,-8.32667268468867E-16));
#3183=CARTESIAN_POINT('Origin',(30.3999999999994,-70.5000000000094,0.));
#3184=CARTESIAN_POINT('',(32.0319999999993,-70.5000000000094,1.40977648304935));
#3185=CARTESIAN_POINT('',(32.6447499999993,-70.5000000000094,0.704888241524674));
#3186=CARTESIAN_POINT('Origin',(30.3999999999994,-70.5000000000094,1.40977648304935));
#3187=CARTESIAN_POINT('Origin',(30.3999999999994,-70.5000000000094,2.));
#3188=CARTESIAN_POINT('',(32.0319999999994,-70.5000000000094,3.));
#3189=CARTESIAN_POINT('',(32.0319999999993,-70.5000000000094,2.));
#3190=CARTESIAN_POINT('Origin',(30.3999999999994,-70.5000000000094,3.));
#3191=CARTESIAN_POINT('Origin',(92.9999999999803,-18.8999999999942,0.704888241524674));
#3192=CARTESIAN_POINT('',(95.8574999999803,-18.8999999999942,-8.32667268468867E-16));
#3193=CARTESIAN_POINT('Origin',(92.9999999999803,-18.8999999999942,0.));
#3194=CARTESIAN_POINT('',(94.6319999999803,-18.8999999999942,1.40977648304935));
#3195=CARTESIAN_POINT('',(95.2447499999803,-18.8999999999942,0.704888241524674));
#3196=CARTESIAN_POINT('Origin',(92.9999999999803,-18.8999999999942,1.40977648304935));
#3197=CARTESIAN_POINT('Origin',(92.9999999999803,-18.8999999999942,2.));
#3198=CARTESIAN_POINT('',(94.6319999999803,-18.8999999999942,3.));
#3199=CARTESIAN_POINT('',(94.6319999999803,-18.8999999999942,2.));
#3200=CARTESIAN_POINT('Origin',(92.9999999999803,-18.8999999999942,3.));
#3201=CARTESIAN_POINT('Origin',(222.999999999981,-23.9999999999935,0.704888241524674));
#3202=CARTESIAN_POINT('',(225.857499999981,-23.9999999999935,-8.32667268468867E-16));
#3203=CARTESIAN_POINT('Origin',(222.999999999981,-23.9999999999935,0.));
#3204=CARTESIAN_POINT('',(224.631999999981,-23.9999999999935,1.40977648304936));
#3205=CARTESIAN_POINT('',(225.244749999981,-23.9999999999935,0.704888241524674));
#3206=CARTESIAN_POINT('Origin',(222.999999999981,-23.9999999999935,1.40977648304935));
#3207=CARTESIAN_POINT('Origin',(222.999999999981,-23.9999999999935,2.));
#3208=CARTESIAN_POINT('',(224.631999999981,-23.9999999999935,3.));
#3209=CARTESIAN_POINT('',(224.631999999981,-23.9999999999935,2.));
#3210=CARTESIAN_POINT('Origin',(222.999999999981,-23.9999999999935,3.));
#3211=CARTESIAN_POINT('Origin',(222.999999999981,-69.9999999999935,0.704888241524674));
#3212=CARTESIAN_POINT('',(225.857499999981,-69.9999999999935,-8.32667268468867E-16));
#3213=CARTESIAN_POINT('Origin',(222.999999999981,-69.9999999999935,0.));
#3214=CARTESIAN_POINT('',(224.631999999981,-69.9999999999935,1.40977648304936));
#3215=CARTESIAN_POINT('',(225.244749999981,-69.9999999999935,0.704888241524674));
#3216=CARTESIAN_POINT('Origin',(222.999999999981,-69.9999999999935,1.40977648304935));
#3217=CARTESIAN_POINT('Origin',(222.999999999981,-69.9999999999935,2.));
#3218=CARTESIAN_POINT('',(224.631999999981,-69.9999999999935,3.));
#3219=CARTESIAN_POINT('',(224.631999999981,-69.9999999999935,2.));
#3220=CARTESIAN_POINT('Origin',(222.999999999981,-69.9999999999935,3.));
#3221=CARTESIAN_POINT('Origin',(266.738999999978,-22.9440000000011,0.704888241524674));
#3222=CARTESIAN_POINT('',(269.596499999978,-22.9440000000011,-8.32667268468867E-16));
#3223=CARTESIAN_POINT('Origin',(266.738999999978,-22.9440000000011,0.));
#3224=CARTESIAN_POINT('',(268.370999999978,-22.9440000000011,1.40977648304936));
#3225=CARTESIAN_POINT('',(268.983749999978,-22.9440000000011,0.704888241524674));
#3226=CARTESIAN_POINT('Origin',(266.738999999978,-22.9440000000011,1.40977648304935));
#3227=CARTESIAN_POINT('Origin',(266.738999999978,-22.9440000000011,2.));
#3228=CARTESIAN_POINT('',(268.370999999978,-22.9440000000011,3.));
#3229=CARTESIAN_POINT('',(268.370999999978,-22.9440000000011,2.));
#3230=CARTESIAN_POINT('Origin',(266.738999999978,-22.9440000000011,3.));
#3231=CARTESIAN_POINT('Origin',(348.005999999978,-71.0560000000011,0.704888241524674));
#3232=CARTESIAN_POINT('',(350.863499999978,-71.0560000000011,-9.57567358739198E-15));
#3233=CARTESIAN_POINT('Origin',(348.005999999978,-71.0560000000011,0.));
#3234=CARTESIAN_POINT('',(349.637999999978,-71.0560000000011,1.40977648304935));
#3235=CARTESIAN_POINT('',(350.250749999978,-71.0560000000011,0.704888241524674));
#3236=CARTESIAN_POINT('Origin',(348.005999999978,-71.0560000000011,1.40977648304935));
#3237=CARTESIAN_POINT('Origin',(348.005999999978,-71.0560000000011,2.));
#3238=CARTESIAN_POINT('',(349.637999999978,-71.0560000000011,3.));
#3239=CARTESIAN_POINT('',(349.637999999978,-71.0560000000011,2.));
#3240=CARTESIAN_POINT('Origin',(348.005999999978,-71.0560000000011,3.));
#3241=CARTESIAN_POINT('Origin',(421.90599999998,-24.0000000000011,0.704888241524674));
#3242=CARTESIAN_POINT('',(424.76349999998,-24.0000000000011,-9.57567358739198E-15));
#3243=CARTESIAN_POINT('Origin',(421.90599999998,-24.0000000000011,0.));
#3244=CARTESIAN_POINT('',(423.53799999998,-24.0000000000011,1.40977648304935));
#3245=CARTESIAN_POINT('',(424.15074999998,-24.0000000000011,0.704888241524674));
#3246=CARTESIAN_POINT('Origin',(421.90599999998,-24.0000000000011,1.40977648304935));
#3247=CARTESIAN_POINT('Origin',(421.90599999998,-24.0000000000011,2.));
#3248=CARTESIAN_POINT('',(423.53799999998,-24.0000000000011,3.));
#3249=CARTESIAN_POINT('',(423.53799999998,-24.0000000000011,2.));
#3250=CARTESIAN_POINT('Origin',(421.90599999998,-24.0000000000011,3.));
#3251=CARTESIAN_POINT('Origin',(400.90599999998,-70.0000000000011,0.704888241524674));
#3252=CARTESIAN_POINT('',(403.76349999998,-70.0000000000011,-9.57567358739198E-15));
#3253=CARTESIAN_POINT('Origin',(400.90599999998,-70.0000000000011,0.));
#3254=CARTESIAN_POINT('',(402.53799999998,-70.0000000000011,1.40977648304935));
#3255=CARTESIAN_POINT('',(403.15074999998,-70.0000000000011,0.704888241524674));
#3256=CARTESIAN_POINT('Origin',(400.90599999998,-70.0000000000011,1.40977648304935));
#3257=CARTESIAN_POINT('Origin',(400.90599999998,-70.0000000000011,2.));
#3258=CARTESIAN_POINT('',(402.53799999998,-70.0000000000011,3.));
#3259=CARTESIAN_POINT('',(402.53799999998,-70.0000000000011,2.));
#3260=CARTESIAN_POINT('Origin',(400.90599999998,-70.0000000000011,3.));
#3261=CARTESIAN_POINT('Origin',(140.99999999998,-69.9999999999939,0.704888241524674));
#3262=CARTESIAN_POINT('',(143.85749999998,-69.9999999999939,-8.32667268468867E-16));
#3263=CARTESIAN_POINT('Origin',(140.99999999998,-69.9999999999939,0.));
#3264=CARTESIAN_POINT('',(142.63199999998,-69.9999999999939,1.40977648304935));
#3265=CARTESIAN_POINT('',(143.24474999998,-69.9999999999939,0.704888241524674));
#3266=CARTESIAN_POINT('Origin',(140.99999999998,-69.9999999999939,1.40977648304935));
#3267=CARTESIAN_POINT('Origin',(140.99999999998,-69.9999999999939,2.));
#3268=CARTESIAN_POINT('',(142.63199999998,-69.9999999999939,3.));
#3269=CARTESIAN_POINT('',(142.63199999998,-69.9999999999939,2.));
#3270=CARTESIAN_POINT('Origin',(140.99999999998,-69.9999999999939,3.));
#3271=CARTESIAN_POINT('Origin',(161.99999999998,-23.9999999999933,0.704888241524674));
#3272=CARTESIAN_POINT('',(164.85749999998,-23.9999999999933,-8.32667268468867E-16));
#3273=CARTESIAN_POINT('Origin',(161.99999999998,-23.9999999999933,0.));
#3274=CARTESIAN_POINT('',(163.63199999998,-23.9999999999933,1.40977648304936));
#3275=CARTESIAN_POINT('',(164.24474999998,-23.9999999999933,0.704888241524674));
#3276=CARTESIAN_POINT('Origin',(161.99999999998,-23.9999999999933,1.40977648304935));
#3277=CARTESIAN_POINT('Origin',(161.99999999998,-23.9999999999933,2.));
#3278=CARTESIAN_POINT('',(163.63199999998,-23.9999999999933,3.));
#3279=CARTESIAN_POINT('',(163.63199999998,-23.9999999999933,2.));
#3280=CARTESIAN_POINT('Origin',(161.99999999998,-23.9999999999933,3.));
#3281=CARTESIAN_POINT('Origin',(222.,-48.5,3.));
#3282=CARTESIAN_POINT('',(-6.78584013175403,-94.,2.99999999999998));
#3283=CARTESIAN_POINT('',(-6.78584013175403,0.,2.99999999999998));
#3284=CARTESIAN_POINT('',(-6.78584013175403,-47.,2.99999999999998));
#3285=CARTESIAN_POINT('',(0.,-94.,3.));
#3286=CARTESIAN_POINT('',(-6.78584013175403,-94.,2.99999999999997));
#3287=CARTESIAN_POINT('',(0.,0.,3.));
#3288=CARTESIAN_POINT('',(0.,-97.,3.));
#3289=CARTESIAN_POINT('',(4.81029237398381E-16,0.,2.99999999999997));
#3290=CARTESIAN_POINT('Origin',(-1.21569421196455E-13,0.,-2.88657986402541E-14));
#3291=CARTESIAN_POINT('',(-6.78584013175403,0.,-2.88657986402541E-14));
#3292=CARTESIAN_POINT('',(-6.78584013175403,0.,0.659999999999996));
#3293=CARTESIAN_POINT('',(-28.785840131754,0.,-2.77555756156289E-14));
#3294=CARTESIAN_POINT('',(6.78584013175379,0.,-2.94209101525666E-14));
#3295=CARTESIAN_POINT('',(-28.785840131754,0.,2.99999999999998));
#3296=CARTESIAN_POINT('',(-28.785840131754,0.,-2.77555756156289E-14));
#3297=CARTESIAN_POINT('',(6.78584013175379,0.,2.99999999999998));
#3298=CARTESIAN_POINT('Origin',(222.,-48.5,0.));
#3299=CARTESIAN_POINT('',(-6.78584013175403,-94.,-2.88657986402541E-14));
#3300=CARTESIAN_POINT('',(-6.78584013175403,-47.,-2.88657986402541E-14));
#3301=CARTESIAN_POINT('',(-28.785840131754,-94.,-2.77555756156289E-14));
#3302=CARTESIAN_POINT('',(6.78584013175379,-94.,-2.94209101525666E-14));
#3303=CARTESIAN_POINT('',(-28.785840131754,-94.,-2.77555756156289E-14));
#3304=CARTESIAN_POINT('Origin',(-2.44190067697055E-16,-94.,1.32000000000005));
#3305=CARTESIAN_POINT('',(-6.78584013175403,-94.,0.659999999999996));
#3306=CARTESIAN_POINT('',(0.,-94.,0.));
#3307=CARTESIAN_POINT('',(-6.78584013175403,-94.,-2.83106871279415E-14));
#3308=CARTESIAN_POINT('',(0.,-94.,0.));
#3309=CARTESIAN_POINT('Origin',(-2.44190067697055E-16,0.,1.32000000000005));
#3310=CARTESIAN_POINT('',(0.,0.,0.));
#3311=CARTESIAN_POINT('',(0.,0.,0.));
#3312=CARTESIAN_POINT('',(-6.78584013175403,0.,-2.83106871279415E-14));
#3313=CARTESIAN_POINT('Origin',(-28.785840131754,-94.,-2.77555756156289E-14));
#3314=CARTESIAN_POINT('',(-28.785840131754,-94.,2.99999999999998));
#3315=CARTESIAN_POINT('',(-6.78584013175403,-94.,2.99999999999998));
#3316=CARTESIAN_POINT('',(-28.785840131754,-94.,-2.77555756156289E-14));
#3317=CARTESIAN_POINT('Origin',(-28.785840131754,0.,-2.77555756156289E-14));
#3318=CARTESIAN_POINT('',(-28.785840131754,-94.,2.99999999999998));
#3319=CARTESIAN_POINT('Origin',(222.,-48.5,0.));
#3320=CARTESIAN_POINT('',(0.,-97.,0.));
#3321=CARTESIAN_POINT('Origin',(222.,-48.5,3.));
#3322=CARTESIAN_POINT('Origin',(222.,-48.5,3.));
#3323=CARTESIAN_POINT('',(450.785840131754,0.,2.99999999999993));
#3324=CARTESIAN_POINT('',(450.785840131754,-94.,2.99999999999986));
#3325=CARTESIAN_POINT('',(450.785840131754,-47.,2.99999999999993));
#3326=CARTESIAN_POINT('',(444.,0.,3.));
#3327=CARTESIAN_POINT('',(450.785840131754,0.,3.00000000000001));
#3328=CARTESIAN_POINT('',(444.,0.,3.));
#3329=CARTESIAN_POINT('',(444.,-94.,2.99999999999997));
#3330=CARTESIAN_POINT('Origin',(444.,-94.,-1.84297022087776E-13));
#3331=CARTESIAN_POINT('',(450.785840131754,-94.,-1.13242748511766E-13));
#3332=CARTESIAN_POINT('',(450.785840131754,-94.,0.659999999999841));
#3333=CARTESIAN_POINT('',(472.785840131754,-94.,1.70974345792274E-13));
#3334=CARTESIAN_POINT('',(437.214159868246,-94.,-2.55351295663786E-13));
#3335=CARTESIAN_POINT('',(472.785840131754,-94.,3.00000000000014));
#3336=CARTESIAN_POINT('',(472.785840131754,-94.,1.70974345792274E-13));
#3337=CARTESIAN_POINT('',(437.214159868246,-94.,2.99999999999972));
#3338=CARTESIAN_POINT('Origin',(222.,-48.5,0.));
#3339=CARTESIAN_POINT('',(450.785840131754,0.,-1.13242748511766E-13));
#3340=CARTESIAN_POINT('',(450.785840131754,-47.,-1.13242748511766E-13));
#3341=CARTESIAN_POINT('',(472.785840131754,0.,1.70974345792274E-13));
#3342=CARTESIAN_POINT('',(437.214159868246,0.,-2.55351295663786E-13));
#3343=CARTESIAN_POINT('',(472.785840131754,0.,1.70974345792274E-13));
#3344=CARTESIAN_POINT('Origin',(444.,0.,1.32));
#3345=CARTESIAN_POINT('',(450.785840131754,0.,0.659999999999912));
#3346=CARTESIAN_POINT('',(444.,0.,0.));
#3347=CARTESIAN_POINT('',(450.785840131754,0.,-2.88657986402541E-14));
#3348=CARTESIAN_POINT('',(444.,0.,0.));
#3349=CARTESIAN_POINT('Origin',(444.,-94.,1.32));
#3350=CARTESIAN_POINT('',(450.785840131754,-94.,-2.88657986402541E-14));
#3351=CARTESIAN_POINT('Origin',(472.785840131754,0.,1.70974345792274E-13));
#3352=CARTESIAN_POINT('',(472.785840131754,0.,3.00000000000014));
#3353=CARTESIAN_POINT('',(450.785840131754,0.,2.99999999999993));
#3354=CARTESIAN_POINT('',(472.785840131754,0.,1.70974345792274E-13));
#3355=CARTESIAN_POINT('Origin',(472.785840131754,-94.,1.70974345792274E-13));
#3356=CARTESIAN_POINT('',(472.785840131754,0.,3.00000000000014));
#3357=CARTESIAN_POINT('Origin',(222.,-48.5,0.));
#3358=CARTESIAN_POINT('',(444.,0.,0.));
#3359=CARTESIAN_POINT('Origin',(222.,-48.5,3.));
#3360=CARTESIAN_POINT('Origin',(222.,-48.5,3.));
#3361=CARTESIAN_POINT('',(441.,-103.785840131754,3.));
#3362=CARTESIAN_POINT('',(3.00000000000011,-103.785840131754,3.00000000000002));
#3363=CARTESIAN_POINT('',(222.,-103.785840131754,3.));
#3364=CARTESIAN_POINT('',(441.,-97.,3.));
#3365=CARTESIAN_POINT('',(441.,-103.785840131754,3.));
#3366=CARTESIAN_POINT('',(444.,-97.,3.));
#3367=CARTESIAN_POINT('',(3.00000000000011,-97.,3.00000000000001));
#3368=CARTESIAN_POINT('Origin',(3.00000000000011,-97.,2.88657986402541E-14));
#3369=CARTESIAN_POINT('',(3.00000000000011,-103.785840131754,1.11022302462516E-14));
#3370=CARTESIAN_POINT('',(3.00000000000011,-103.785840131754,0.660000000000018));
#3371=CARTESIAN_POINT('',(3.00000000000001,-125.785840131754,-5.99520433297585E-14));
#3372=CARTESIAN_POINT('',(3.00000000000011,-90.214159868246,6.43929354282591E-14));
#3373=CARTESIAN_POINT('',(2.99999999999997,-125.785840131754,2.99999999999995));
#3374=CARTESIAN_POINT('',(3.00000000000001,-125.785840131754,-5.99520433297585E-14));
#3375=CARTESIAN_POINT('',(3.00000000000011,-90.2141598682461,3.00000000000005));
#3376=CARTESIAN_POINT('Origin',(222.,-48.5,0.));
#3377=CARTESIAN_POINT('',(441.,-103.785840131754,1.11022302462516E-14));
#3378=CARTESIAN_POINT('',(222.,-103.785840131754,1.11022302462516E-14));
#3379=CARTESIAN_POINT('',(441.,-125.785840131754,-5.99520433297585E-14));
#3380=CARTESIAN_POINT('',(441.,-90.214159868246,6.43929354282591E-14));
#3381=CARTESIAN_POINT('',(441.,-125.785840131754,-5.99520433297585E-14));
#3382=CARTESIAN_POINT('Origin',(441.,-97.,1.32));
#3383=CARTESIAN_POINT('',(441.,-103.785840131754,0.660000000000018));
#3384=CARTESIAN_POINT('',(441.,-97.,0.));
#3385=CARTESIAN_POINT('',(441.,-103.785840131754,6.66133814775094E-15));
#3386=CARTESIAN_POINT('',(441.,-97.,0.));
#3387=CARTESIAN_POINT('Origin',(3.00000000000011,-97.,1.32));
#3388=CARTESIAN_POINT('',(3.00000000000011,-103.785840131754,6.66133814775094E-15));
#3389=CARTESIAN_POINT('Origin',(441.,-125.785840131754,-5.99520433297585E-14));
#3390=CARTESIAN_POINT('',(441.,-125.785840131754,2.99999999999995));
#3391=CARTESIAN_POINT('',(441.,-103.785840131754,3.));
#3392=CARTESIAN_POINT('',(441.,-125.785840131754,-5.99520433297585E-14));
#3393=CARTESIAN_POINT('Origin',(2.99999999999997,-125.785840131754,-5.99520433297585E-14));
#3394=CARTESIAN_POINT('',(441.,-125.785840131754,2.99999999999995));
#3395=CARTESIAN_POINT('Origin',(222.,-48.5,0.));
#3396=CARTESIAN_POINT('',(444.,-97.,0.));
#3397=CARTESIAN_POINT('Origin',(222.,-48.5,3.));
#3398=CARTESIAN_POINT('Origin',(444.,0.,0.));
#3399=CARTESIAN_POINT('',(0.,0.,0.));
#3400=CARTESIAN_POINT('',(0.,0.,3.));
#3401=CARTESIAN_POINT('Origin',(441.,-97.,0.));
#3402=CARTESIAN_POINT('',(441.,-94.,3.));
#3403=CARTESIAN_POINT('',(441.,-94.,0.));
#3404=CARTESIAN_POINT('Origin',(0.,-94.,0.));
#3405=CARTESIAN_POINT('',(0.,-94.,3.));
#3406=CARTESIAN_POINT('',(0.,-94.,0.));
#3407=CARTESIAN_POINT('Origin',(222.,-48.5,3.));
#3408=CARTESIAN_POINT('Origin',(222.,-48.5,0.));
#3409=UNCERTAINTY_MEASURE_WITH_UNIT(LENGTH_MEASURE(0.01),#3413,
'DISTANCE_ACCURACY_VALUE',
'Maximum model space distance between geometric entities at asserted c
onnectivities');
#3410=UNCERTAINTY_MEASURE_WITH_UNIT(LENGTH_MEASURE(0.01),#3413,
'DISTANCE_ACCURACY_VALUE',
'Maximum model space distance between geometric entities at asserted c
onnectivities');
#3411=(
GEOMETRIC_REPRESENTATION_CONTEXT(3)
GLOBAL_UNCERTAINTY_ASSIGNED_CONTEXT((#3409))
GLOBAL_UNIT_ASSIGNED_CONTEXT((#3413,#3415,#3416))
REPRESENTATION_CONTEXT('','3D')
);
#3412=(
GEOMETRIC_REPRESENTATION_CONTEXT(3)
GLOBAL_UNCERTAINTY_ASSIGNED_CONTEXT((#3410))
GLOBAL_UNIT_ASSIGNED_CONTEXT((#3413,#3415,#3416))
REPRESENTATION_CONTEXT('','3D')
);
#3413=(
LENGTH_UNIT()
NAMED_UNIT(*)
SI_UNIT(.MILLI.,.METRE.)
);
#3414=(
LENGTH_UNIT()
NAMED_UNIT(*)
SI_UNIT($,.METRE.)
);
#3415=(
NAMED_UNIT(*)
PLANE_ANGLE_UNIT()
SI_UNIT($,.RADIAN.)
);
#3416=(
NAMED_UNIT(*)
SI_UNIT($,.STERADIAN.)
SOLID_ANGLE_UNIT()
);
#3417=SHAPE_DEFINITION_REPRESENTATION(#3418,#3419);
#3418=PRODUCT_DEFINITION_SHAPE('',$,#3421);
#3419=SHAPE_REPRESENTATION('',(#2040),#3411);
#3420=PRODUCT_DEFINITION_CONTEXT('part definition',#3425,'design');
#3421=PRODUCT_DEFINITION('Dodge Plate','Dodge Plate',#3422,#3420);
#3422=PRODUCT_DEFINITION_FORMATION('',$,#3427);
#3423=PRODUCT_RELATED_PRODUCT_CATEGORY('Dodge Plate','Dodge Plate',(#3427));
#3424=APPLICATION_PROTOCOL_DEFINITION('international standard',
'automotive_design',2009,#3425);
#3425=APPLICATION_CONTEXT(
'Core Data for Automotive Mechanical Design Process');
#3426=PRODUCT_CONTEXT('part definition',#3425,'mechanical');
#3427=PRODUCT('Dodge Plate','Dodge Plate',$,(#3426));
#3428=PRESENTATION_STYLE_ASSIGNMENT((#3431));
#3429=PRESENTATION_STYLE_ASSIGNMENT((#3432));
#3430=PRESENTATION_STYLE_ASSIGNMENT((#3433));
#3431=SURFACE_STYLE_USAGE(.BOTH.,#3434);
#3432=SURFACE_STYLE_USAGE(.BOTH.,#3435);
#3433=SURFACE_STYLE_USAGE(.BOTH.,#3436);
#3434=SURFACE_SIDE_STYLE('',(#3437));
#3435=SURFACE_SIDE_STYLE('',(#3438));
#3436=SURFACE_SIDE_STYLE('',(#3439));
#3437=SURFACE_STYLE_FILL_AREA(#3440);
#3438=SURFACE_STYLE_FILL_AREA(#3441);
#3439=SURFACE_STYLE_FILL_AREA(#3442);
#3440=FILL_AREA_STYLE('Steel - Satin',(#3443));
#3441=FILL_AREA_STYLE('Aluminum - Satin',(#3444));
#3442=FILL_AREA_STYLE('Plastic - Matte (Black) (1)',(#3445));
#3443=FILL_AREA_STYLE_COLOUR('Steel - Satin',#3446);
#3444=FILL_AREA_STYLE_COLOUR('Aluminum - Satin',#3447);
#3445=FILL_AREA_STYLE_COLOUR('Plastic - Matte (Black) (1)',#3448);
#3446=COLOUR_RGB('Steel - Satin',0.627450980392157,0.627450980392157,0.627450980392157);
#3447=COLOUR_RGB('Aluminum - Satin',0.96078431372549,0.96078431372549,0.964705882352941);
#3448=COLOUR_RGB('Plastic - Matte (Black) (1)',0.47843137254902,0.474509803921569,
0.474509803921569);
ENDSEC;
END-ISO-10303-21;
