ISO-10303-21;
HEADER;
/* Generated by software containing ST-Developer
 * from STEP Tools, Inc. (www.steptools.com) 
 */

FILE_DESCRIPTION(
/* description */ (''),
/* implementation_level */ '2;1');

FILE_NAME(
/* name */ 
'C:/Users/anton/Documents/Kerbal Space Program/Kerbal_Control_Panel/KC
P2/CAD/STEPs/ModuleF_v4.step',
/* time_stamp */ '2020-11-12T07:54:20-08:00',
/* author */ (''),
/* organization */ (''),
/* preprocessor_version */ 'ST-DEVELOPER v18.1',
/* originating_system */ 'Autodesk Translation Framework v9.3.0.1241',
/* authorisation */ '');

FILE_SCHEMA (('AUTOMOTIVE_DESIGN { 1 0 10303 214 3 1 1 }'));
ENDSEC;

DATA;
#10=MECHANICAL_DESIGN_GEOMETRIC_PRESENTATION_REPRESENTATION('',(#331,#332,
#333,#334,#335,#336,#337,#338,#339,#340,#341,#342,#343,#344,#345,#346,#347),
#8938);
#11=CONTEXT_DEPENDENT_OVER_RIDING_STYLED_ITEM('',(#8963),#8949,#347,(#15));
#12=MAPPED_ITEM('',#13,#5091);
#13=REPRESENTATION_MAP(#5091,#8948);
#14=ITEM_DEFINED_TRANSFORMATION($,$,#4858,#5090);
#15=(
REPRESENTATION_RELATIONSHIP($,$,#8949,#8948)
REPRESENTATION_RELATIONSHIP_WITH_TRANSFORMATION(#14)
SHAPE_REPRESENTATION_RELATIONSHIP()
);
#16=CONTEXT_DEPENDENT_SHAPE_REPRESENTATION(#15,#8947);
#17=NEXT_ASSEMBLY_USAGE_OCCURRENCE('Labels:1','Labels:1','Labels:1',#8951,
#8952,'Labels:1');
#18=CONICAL_SURFACE('',#5056,2.425,0.785398163397448);
#19=CONICAL_SURFACE('',#5060,2.425,0.785398163397448);
#20=CONICAL_SURFACE('',#5064,2.425,0.785398163397448);
#21=CONICAL_SURFACE('',#5068,2.425,0.785398163397448);
#22=SHAPE_REPRESENTATION_RELATIONSHIP('SRR','None',#8949,#24);
#23=SHAPE_REPRESENTATION_RELATIONSHIP('SRR','None',#8948,#25);
#24=ADVANCED_BREP_SHAPE_REPRESENTATION('',(#348,#349,#350,#351,#352,#353,
#354,#355,#356,#357,#358,#359,#360,#361,#362),#8937);
#25=ADVANCED_BREP_SHAPE_REPRESENTATION('',(#363),#8936);
#26=B_SPLINE_CURVE_WITH_KNOTS('',3,(#6152,#6153,#6154,#6155,#6156),
 .UNSPECIFIED.,.F.,.F.,(4,1,4),(0.,0.0590240865224421,0.0910754387290374),
 .UNSPECIFIED.);
#27=B_SPLINE_CURVE_WITH_KNOTS('',3,(#6158,#6159,#6160,#6161,#6162),
 .UNSPECIFIED.,.F.,.F.,(4,1,4),(-0.0910754387290374,-0.0590240865224421,
0.),.UNSPECIFIED.);
#28=B_SPLINE_CURVE_WITH_KNOTS('',3,(#6175,#6176,#6177,#6178,#6179),
 .UNSPECIFIED.,.F.,.F.,(4,1,4),(0.,0.0181528108427268,0.0358234917403699),
 .UNSPECIFIED.);
#29=B_SPLINE_CURVE_WITH_KNOTS('',3,(#6181,#6182,#6183,#6184,#6185),
 .UNSPECIFIED.,.F.,.F.,(4,1,4),(-0.0358234917403699,-0.0181528108427268,
0.),.UNSPECIFIED.);
#30=B_SPLINE_CURVE_WITH_KNOTS('',3,(#6198,#6199,#6200,#6201,#6202),
 .UNSPECIFIED.,.F.,.F.,(4,1,4),(0.,0.018544950519773,0.0393372533798088),
 .UNSPECIFIED.);
#31=B_SPLINE_CURVE_WITH_KNOTS('',3,(#6204,#6205,#6206,#6207,#6208),
 .UNSPECIFIED.,.F.,.F.,(4,1,4),(-0.0393372533798088,-0.018544950519773,
0.),.UNSPECIFIED.);
#32=B_SPLINE_CURVE_WITH_KNOTS('',3,(#6221,#6222,#6223,#6224,#6225),
 .UNSPECIFIED.,.F.,.F.,(4,1,4),(0.,0.0230559890330225,0.0436531000157345),
 .UNSPECIFIED.);
#33=B_SPLINE_CURVE_WITH_KNOTS('',3,(#6227,#6228,#6229,#6230,#6231),
 .UNSPECIFIED.,.F.,.F.,(4,1,4),(-0.0436531000157345,-0.0230559890330225,
0.),.UNSPECIFIED.);
#34=B_SPLINE_CURVE_WITH_KNOTS('',3,(#6244,#6245,#6246,#6247,#6248),
 .UNSPECIFIED.,.F.,.F.,(4,1,4),(0.,0.0205952984642024,0.0434622855659166),
 .UNSPECIFIED.);
#35=B_SPLINE_CURVE_WITH_KNOTS('',3,(#6250,#6251,#6252,#6253,#6254),
 .UNSPECIFIED.,.F.,.F.,(4,1,4),(-0.0434622855659166,-0.0205952984642024,
0.),.UNSPECIFIED.);
#36=B_SPLINE_CURVE_WITH_KNOTS('',3,(#6267,#6268,#6269,#6270,#6271),
 .UNSPECIFIED.,.F.,.F.,(4,1,4),(0.,0.0245899215817624,0.0737049861447454),
 .UNSPECIFIED.);
#37=B_SPLINE_CURVE_WITH_KNOTS('',3,(#6273,#6274,#6275,#6276,#6277),
 .UNSPECIFIED.,.F.,.F.,(4,1,4),(-0.0737049861447454,-0.0245899215817624,
0.),.UNSPECIFIED.);
#38=B_SPLINE_CURVE_WITH_KNOTS('',3,(#6314,#6315,#6316,#6317,#6318),
 .UNSPECIFIED.,.F.,.F.,(4,1,4),(0.,0.0692752846880493,0.117622943846051),
 .UNSPECIFIED.);
#39=B_SPLINE_CURVE_WITH_KNOTS('',3,(#6320,#6321,#6322,#6323,#6324),
 .UNSPECIFIED.,.F.,.F.,(4,1,4),(-0.117622943846051,-0.0692752846880493,
0.),.UNSPECIFIED.);
#40=B_SPLINE_CURVE_WITH_KNOTS('',3,(#6337,#6338,#6339,#6340,#6341),
 .UNSPECIFIED.,.F.,.F.,(4,1,4),(0.,0.0376768140426157,0.0764150704464294),
 .UNSPECIFIED.);
#41=B_SPLINE_CURVE_WITH_KNOTS('',3,(#6343,#6344,#6345,#6346,#6347),
 .UNSPECIFIED.,.F.,.F.,(4,1,4),(-0.0764150704464294,-0.0376768140426157,
0.),.UNSPECIFIED.);
#42=B_SPLINE_CURVE_WITH_KNOTS('',3,(#6360,#6361,#6362,#6363,#6364),
 .UNSPECIFIED.,.F.,.F.,(4,1,4),(0.,0.0403870325214402,0.0826068348733387),
 .UNSPECIFIED.);
#43=B_SPLINE_CURVE_WITH_KNOTS('',3,(#6366,#6367,#6368,#6369,#6370),
 .UNSPECIFIED.,.F.,.F.,(4,1,4),(-0.0826068348733387,-0.0403870325214402,
0.),.UNSPECIFIED.);
#44=B_SPLINE_CURVE_WITH_KNOTS('',3,(#6383,#6384,#6385,#6386,#6387),
 .UNSPECIFIED.,.F.,.F.,(4,1,4),(0.,0.0520342893854103,0.100443873737582),
 .UNSPECIFIED.);
#45=B_SPLINE_CURVE_WITH_KNOTS('',3,(#6389,#6390,#6391,#6392,#6393),
 .UNSPECIFIED.,.F.,.F.,(4,1,4),(-0.100443873737582,-0.0520342893854103,
0.),.UNSPECIFIED.);
#46=B_SPLINE_CURVE_WITH_KNOTS('',3,(#6406,#6407,#6408,#6409,#6410),
 .UNSPECIFIED.,.F.,.F.,(4,1,4),(0.,0.0509536085400636,0.110861656206894),
 .UNSPECIFIED.);
#47=B_SPLINE_CURVE_WITH_KNOTS('',3,(#6412,#6413,#6414,#6415,#6416),
 .UNSPECIFIED.,.F.,.F.,(4,1,4),(-0.110861656206894,-0.0509536085400636,
0.),.UNSPECIFIED.);
#48=B_SPLINE_CURVE_WITH_KNOTS('',3,(#6429,#6430,#6431,#6432,#6433),
 .UNSPECIFIED.,.F.,.F.,(4,1,4),(0.,0.0359813767977509,0.0686084621794268),
 .UNSPECIFIED.);
#49=B_SPLINE_CURVE_WITH_KNOTS('',3,(#6435,#6436,#6437,#6438,#6439),
 .UNSPECIFIED.,.F.,.F.,(4,1,4),(-0.0686084621794268,-0.0359813767977509,
0.),.UNSPECIFIED.);
#50=B_SPLINE_CURVE_WITH_KNOTS('',3,(#6452,#6453,#6454,#6455,#6456),
 .UNSPECIFIED.,.F.,.F.,(4,1,4),(0.,0.040402611258169,0.0995492812863117),
 .UNSPECIFIED.);
#51=B_SPLINE_CURVE_WITH_KNOTS('',3,(#6458,#6459,#6460,#6461,#6462),
 .UNSPECIFIED.,.F.,.F.,(4,1,4),(-0.0995492812863117,-0.040402611258169,
0.),.UNSPECIFIED.);
#52=B_SPLINE_CURVE_WITH_KNOTS('',3,(#6493,#6494,#6495,#6496,#6497),
 .UNSPECIFIED.,.F.,.F.,(4,1,4),(0.,0.0577208628733108,0.0907795410724112),
 .UNSPECIFIED.);
#53=B_SPLINE_CURVE_WITH_KNOTS('',3,(#6499,#6500,#6501,#6502,#6503),
 .UNSPECIFIED.,.F.,.F.,(4,1,4),(-0.0907795410724112,-0.0577208628733108,
0.),.UNSPECIFIED.);
#54=B_SPLINE_CURVE_WITH_KNOTS('',3,(#6516,#6517,#6518,#6519,#6520),
 .UNSPECIFIED.,.F.,.F.,(4,1,4),(0.,0.0195236824658979,0.0370654642832984),
 .UNSPECIFIED.);
#55=B_SPLINE_CURVE_WITH_KNOTS('',3,(#6522,#6523,#6524,#6525,#6526),
 .UNSPECIFIED.,.F.,.F.,(4,1,4),(-0.0370654642832984,-0.0195236824658979,
0.),.UNSPECIFIED.);
#56=B_SPLINE_CURVE_WITH_KNOTS('',3,(#6539,#6540,#6541,#6542,#6543),
 .UNSPECIFIED.,.F.,.F.,(4,1,4),(0.,0.0211451720416272,0.0512769478391082),
 .UNSPECIFIED.);
#57=B_SPLINE_CURVE_WITH_KNOTS('',3,(#6545,#6546,#6547,#6548,#6549),
 .UNSPECIFIED.,.F.,.F.,(4,1,4),(-0.0512769478391082,-0.0211451720416272,
0.),.UNSPECIFIED.);
#58=B_SPLINE_CURVE_WITH_KNOTS('',3,(#6588,#6589,#6590,#6591,#6592),
 .UNSPECIFIED.,.F.,.F.,(4,1,4),(0.,0.0449421825106516,0.0822806481879562),
 .UNSPECIFIED.);
#59=B_SPLINE_CURVE_WITH_KNOTS('',3,(#6594,#6595,#6596,#6597,#6598),
 .UNSPECIFIED.,.F.,.F.,(4,1,4),(-0.0822806481879562,-0.0449421825106516,
0.),.UNSPECIFIED.);
#60=B_SPLINE_CURVE_WITH_KNOTS('',3,(#6611,#6612,#6613,#6614,#6615),
 .UNSPECIFIED.,.F.,.F.,(4,1,4),(0.,0.0362874079904996,0.0780038102246761),
 .UNSPECIFIED.);
#61=B_SPLINE_CURVE_WITH_KNOTS('',3,(#6617,#6618,#6619,#6620,#6621),
 .UNSPECIFIED.,.F.,.F.,(4,1,4),(-0.0780038102246761,-0.0362874079904996,
0.),.UNSPECIFIED.);
#62=B_SPLINE_CURVE_WITH_KNOTS('',3,(#6634,#6635,#6636,#6637,#6638),
 .UNSPECIFIED.,.F.,.F.,(4,1,4),(0.,0.0430709992227782,0.0774853432083756),
 .UNSPECIFIED.);
#63=B_SPLINE_CURVE_WITH_KNOTS('',3,(#6640,#6641,#6642,#6643,#6644),
 .UNSPECIFIED.,.F.,.F.,(4,1,4),(-0.0774853432083756,-0.0430709992227782,
0.),.UNSPECIFIED.);
#64=B_SPLINE_CURVE_WITH_KNOTS('',3,(#6657,#6658,#6659,#6660,#6661),
 .UNSPECIFIED.,.F.,.F.,(4,1,4),(0.,0.0290671577953701,0.0556735006129358),
 .UNSPECIFIED.);
#65=B_SPLINE_CURVE_WITH_KNOTS('',3,(#6663,#6664,#6665,#6666,#6667),
 .UNSPECIFIED.,.F.,.F.,(4,1,4),(-0.0556735006129358,-0.0290671577953701,
0.),.UNSPECIFIED.);
#66=B_SPLINE_CURVE_WITH_KNOTS('',3,(#6680,#6681,#6682,#6683,#6684),
 .UNSPECIFIED.,.F.,.F.,(4,1,4),(0.,0.0166185022131752,0.0324454801849169),
 .UNSPECIFIED.);
#67=B_SPLINE_CURVE_WITH_KNOTS('',3,(#6686,#6687,#6688,#6689,#6690),
 .UNSPECIFIED.,.F.,.F.,(4,1,4),(-0.0324454801849169,-0.0166185022131752,
0.),.UNSPECIFIED.);
#68=B_SPLINE_CURVE_WITH_KNOTS('',3,(#6703,#6704,#6705,#6706,#6707),
 .UNSPECIFIED.,.F.,.F.,(4,1,4),(0.,0.0184237871479328,0.0426352615625604),
 .UNSPECIFIED.);
#69=B_SPLINE_CURVE_WITH_KNOTS('',3,(#6709,#6710,#6711,#6712,#6713),
 .UNSPECIFIED.,.F.,.F.,(4,1,4),(-0.0426352615625604,-0.0184237871479328,
0.),.UNSPECIFIED.);
#70=B_SPLINE_CURVE_WITH_KNOTS('',3,(#6726,#6727,#6728,#6729,#6730),
 .UNSPECIFIED.,.F.,.F.,(4,1,4),(0.,0.0303001990650877,0.0837386224950377),
 .UNSPECIFIED.);
#71=B_SPLINE_CURVE_WITH_KNOTS('',3,(#6732,#6733,#6734,#6735,#6736),
 .UNSPECIFIED.,.F.,.F.,(4,1,4),(-0.0837386224950377,-0.0303001990650877,
0.),.UNSPECIFIED.);
#72=B_SPLINE_CURVE_WITH_KNOTS('',3,(#6749,#6750,#6751,#6752,#6753),
 .UNSPECIFIED.,.F.,.F.,(4,1,4),(0.,0.0726148357814502,0.124979964844825),
 .UNSPECIFIED.);
#73=B_SPLINE_CURVE_WITH_KNOTS('',3,(#6755,#6756,#6757,#6758,#6759),
 .UNSPECIFIED.,.F.,.F.,(4,1,4),(-0.124979964844825,-0.0726148357814502,
0.),.UNSPECIFIED.);
#74=B_SPLINE_CURVE_WITH_KNOTS('',3,(#6772,#6773,#6774,#6775,#6776),
 .UNSPECIFIED.,.F.,.F.,(4,1,4),(0.,0.0573501016163387,0.113371469119258),
 .UNSPECIFIED.);
#75=B_SPLINE_CURVE_WITH_KNOTS('',3,(#6778,#6779,#6780,#6781,#6782),
 .UNSPECIFIED.,.F.,.F.,(4,1,4),(-0.113371469119258,-0.0573501016163387,
0.),.UNSPECIFIED.);
#76=B_SPLINE_CURVE_WITH_KNOTS('',3,(#6795,#6796,#6797,#6798,#6799),
 .UNSPECIFIED.,.F.,.F.,(4,1,4),(0.,0.0373573223515301,0.0754808831330787),
 .UNSPECIFIED.);
#77=B_SPLINE_CURVE_WITH_KNOTS('',3,(#6801,#6802,#6803,#6804,#6805),
 .UNSPECIFIED.,.F.,.F.,(4,1,4),(-0.0754808831330787,-0.0373573223515301,
0.),.UNSPECIFIED.);
#78=B_SPLINE_CURVE_WITH_KNOTS('',3,(#6818,#6819,#6820,#6821,#6822),
 .UNSPECIFIED.,.F.,.F.,(4,1,4),(0.,0.0394526356966973,0.0812968889967655),
 .UNSPECIFIED.);
#79=B_SPLINE_CURVE_WITH_KNOTS('',3,(#6824,#6825,#6826,#6827,#6828),
 .UNSPECIFIED.,.F.,.F.,(4,1,4),(-0.0812968889967655,-0.0394526356966973,
0.),.UNSPECIFIED.);
#80=B_SPLINE_CURVE_WITH_KNOTS('',3,(#6841,#6842,#6843,#6844,#6845),
 .UNSPECIFIED.,.F.,.F.,(4,1,4),(0.,0.0468316433157177,0.100427461851682),
 .UNSPECIFIED.);
#81=B_SPLINE_CURVE_WITH_KNOTS('',3,(#6847,#6848,#6849,#6850,#6851),
 .UNSPECIFIED.,.F.,.F.,(4,1,4),(-0.100427461851682,-0.0468316433157177,
0.),.UNSPECIFIED.);
#82=B_SPLINE_CURVE_WITH_KNOTS('',3,(#6864,#6865,#6866,#6867,#6868),
 .UNSPECIFIED.,.F.,.F.,(4,1,4),(0.,0.0831375116116754,0.149955859838858),
 .UNSPECIFIED.);
#83=B_SPLINE_CURVE_WITH_KNOTS('',3,(#6870,#6871,#6872,#6873,#6874),
 .UNSPECIFIED.,.F.,.F.,(4,1,4),(-0.149955859838858,-0.0831375116116754,
0.),.UNSPECIFIED.);
#84=B_SPLINE_CURVE_WITH_KNOTS('',3,(#6887,#6888,#6889,#6890,#6891),
 .UNSPECIFIED.,.F.,.F.,(4,1,4),(0.,0.0603087175490861,0.123789865931717),
 .UNSPECIFIED.);
#85=B_SPLINE_CURVE_WITH_KNOTS('',3,(#6893,#6894,#6895,#6896,#6897),
 .UNSPECIFIED.,.F.,.F.,(4,1,4),(-0.123789865931717,-0.0603087175490861,
0.),.UNSPECIFIED.);
#86=B_SPLINE_CURVE_WITH_KNOTS('',3,(#6916,#6917,#6918,#6919,#6920),
 .UNSPECIFIED.,.F.,.F.,(4,1,4),(0.,0.0346575458024318,0.0630684525859253),
 .UNSPECIFIED.);
#87=B_SPLINE_CURVE_WITH_KNOTS('',3,(#6922,#6923,#6924,#6925,#6926),
 .UNSPECIFIED.,.F.,.F.,(4,1,4),(-0.0630684525859253,-0.0346575458024318,
0.),.UNSPECIFIED.);
#88=B_SPLINE_CURVE_WITH_KNOTS('',3,(#6939,#6940,#6941,#6942,#6943),
 .UNSPECIFIED.,.F.,.F.,(4,1,4),(0.,0.0295011406162102,0.0670430744562587),
 .UNSPECIFIED.);
#89=B_SPLINE_CURVE_WITH_KNOTS('',3,(#6945,#6946,#6947,#6948,#6949),
 .UNSPECIFIED.,.F.,.F.,(4,1,4),(-0.0670430744562587,-0.0295011406162102,
0.),.UNSPECIFIED.);
#90=B_SPLINE_CURVE_WITH_KNOTS('',3,(#6962,#6963,#6964,#6965,#6966),
 .UNSPECIFIED.,.F.,.F.,(4,1,4),(0.,0.0394817230548288,0.0721048026658607),
 .UNSPECIFIED.);
#91=B_SPLINE_CURVE_WITH_KNOTS('',3,(#6968,#6969,#6970,#6971,#6972),
 .UNSPECIFIED.,.F.,.F.,(4,1,4),(-0.0721048026658607,-0.0394817230548288,
0.),.UNSPECIFIED.);
#92=B_SPLINE_CURVE_WITH_KNOTS('',3,(#6985,#6986,#6987,#6988,#6989),
 .UNSPECIFIED.,.F.,.F.,(4,1,4),(0.,0.0181201870594769,0.0360532559926881),
 .UNSPECIFIED.);
#93=B_SPLINE_CURVE_WITH_KNOTS('',3,(#6991,#6992,#6993,#6994,#6995),
 .UNSPECIFIED.,.F.,.F.,(4,1,4),(-0.0360532559926881,-0.0181201870594769,
0.),.UNSPECIFIED.);
#94=B_SPLINE_CURVE_WITH_KNOTS('',3,(#7008,#7009,#7010,#7011,#7012),
 .UNSPECIFIED.,.F.,.F.,(4,1,4),(0.,0.0168785565234292,0.034762713001586),
 .UNSPECIFIED.);
#95=B_SPLINE_CURVE_WITH_KNOTS('',3,(#7014,#7015,#7016,#7017,#7018),
 .UNSPECIFIED.,.F.,.F.,(4,1,4),(-0.034762713001586,-0.0168785565234292,
0.),.UNSPECIFIED.);
#96=B_SPLINE_CURVE_WITH_KNOTS('',3,(#7031,#7032,#7033,#7034,#7035),
 .UNSPECIFIED.,.F.,.F.,(4,1,4),(0.,0.0366068283777278,0.0990094161690815),
 .UNSPECIFIED.);
#97=B_SPLINE_CURVE_WITH_KNOTS('',3,(#7037,#7038,#7039,#7040,#7041),
 .UNSPECIFIED.,.F.,.F.,(4,1,4),(-0.0990094161690815,-0.0366068283777278,
0.),.UNSPECIFIED.);
#98=B_SPLINE_CURVE_WITH_KNOTS('',3,(#7054,#7055,#7056,#7057,#7058),
 .UNSPECIFIED.,.F.,.F.,(4,1,4),(0.,0.0664752334963054,0.114950476949733),
 .UNSPECIFIED.);
#99=B_SPLINE_CURVE_WITH_KNOTS('',3,(#7060,#7061,#7062,#7063,#7064),
 .UNSPECIFIED.,.F.,.F.,(4,1,4),(-0.114950476949733,-0.0664752334963054,
0.),.UNSPECIFIED.);
#100=B_SPLINE_CURVE_WITH_KNOTS('',3,(#7077,#7078,#7079,#7080,#7081),
 .UNSPECIFIED.,.F.,.F.,(4,1,4),(0.,0.0383910132942393,0.0757609043854604),
 .UNSPECIFIED.);
#101=B_SPLINE_CURVE_WITH_KNOTS('',3,(#7083,#7084,#7085,#7086,#7087),
 .UNSPECIFIED.,.F.,.F.,(4,1,4),(-0.0757609043854604,-0.0383910132942393,
0.),.UNSPECIFIED.);
#102=B_SPLINE_CURVE_WITH_KNOTS('',3,(#7100,#7101,#7102,#7103,#7104),
 .UNSPECIFIED.,.F.,.F.,(4,1,4),(0.,0.0390092734018925,0.082907142309713),
 .UNSPECIFIED.);
#103=B_SPLINE_CURVE_WITH_KNOTS('',3,(#7106,#7107,#7108,#7109,#7110),
 .UNSPECIFIED.,.F.,.F.,(4,1,4),(-0.082907142309713,-0.0390092734018925,
0.),.UNSPECIFIED.);
#104=B_SPLINE_CURVE_WITH_KNOTS('',3,(#7123,#7124,#7125,#7126,#7127),
 .UNSPECIFIED.,.F.,.F.,(4,1,4),(0.,0.0420357141603368,0.0848420069318424),
 .UNSPECIFIED.);
#105=B_SPLINE_CURVE_WITH_KNOTS('',3,(#7129,#7130,#7131,#7132,#7133),
 .UNSPECIFIED.,.F.,.F.,(4,1,4),(-0.0848420069318424,-0.0420357141603368,
0.),.UNSPECIFIED.);
#106=B_SPLINE_CURVE_WITH_KNOTS('',3,(#7146,#7147,#7148,#7149,#7150),
 .UNSPECIFIED.,.F.,.F.,(4,1,4),(0.,0.0435872752830676,0.0886481754240522),
 .UNSPECIFIED.);
#107=B_SPLINE_CURVE_WITH_KNOTS('',3,(#7152,#7153,#7154,#7155,#7156),
 .UNSPECIFIED.,.F.,.F.,(4,1,4),(-0.0886481754240522,-0.0435872752830676,
0.),.UNSPECIFIED.);
#108=B_SPLINE_CURVE_WITH_KNOTS('',3,(#7169,#7170,#7171,#7172,#7173),
 .UNSPECIFIED.,.F.,.F.,(4,1,4),(0.,0.0509020858082406,0.110847440048815),
 .UNSPECIFIED.);
#109=B_SPLINE_CURVE_WITH_KNOTS('',3,(#7175,#7176,#7177,#7178,#7179),
 .UNSPECIFIED.,.F.,.F.,(4,1,4),(-0.110847440048815,-0.0509020858082406,
0.),.UNSPECIFIED.);
#110=B_SPLINE_CURVE_WITH_KNOTS('',3,(#7192,#7193,#7194,#7195,#7196),
 .UNSPECIFIED.,.F.,.F.,(4,1,4),(0.,0.08452963083787,0.154543138844167),
 .UNSPECIFIED.);
#111=B_SPLINE_CURVE_WITH_KNOTS('',3,(#7198,#7199,#7200,#7201,#7202),
 .UNSPECIFIED.,.F.,.F.,(4,1,4),(-0.154543138844167,-0.08452963083787,0.),
 .UNSPECIFIED.);
#112=B_SPLINE_CURVE_WITH_KNOTS('',3,(#7214,#7215,#7216,#7217,#7218),
 .UNSPECIFIED.,.F.,.F.,(4,1,4),(0.,0.0674285094771338,0.144002864126481),
 .UNSPECIFIED.);
#113=B_SPLINE_CURVE_WITH_KNOTS('',3,(#7219,#7220,#7221,#7222,#7223),
 .UNSPECIFIED.,.F.,.F.,(4,1,4),(-0.144002864126481,-0.0674285094771338,
0.),.UNSPECIFIED.);
#114=B_SPLINE_CURVE_WITH_KNOTS('',3,(#7246,#7247,#7248,#7249,#7250),
 .UNSPECIFIED.,.F.,.F.,(4,1,4),(0.,0.0590240269379522,0.0910755561038014),
 .UNSPECIFIED.);
#115=B_SPLINE_CURVE_WITH_KNOTS('',3,(#7252,#7253,#7254,#7255,#7256),
 .UNSPECIFIED.,.F.,.F.,(4,1,4),(-0.0910755561038014,-0.0590240269379522,
0.),.UNSPECIFIED.);
#116=B_SPLINE_CURVE_WITH_KNOTS('',3,(#7269,#7270,#7271,#7272,#7273),
 .UNSPECIFIED.,.F.,.F.,(4,1,4),(0.,0.0181528637570677,0.0358234623983938),
 .UNSPECIFIED.);
#117=B_SPLINE_CURVE_WITH_KNOTS('',3,(#7275,#7276,#7277,#7278,#7279),
 .UNSPECIFIED.,.F.,.F.,(4,1,4),(-0.0358234623983938,-0.0181528637570677,
0.),.UNSPECIFIED.);
#118=B_SPLINE_CURVE_WITH_KNOTS('',3,(#7292,#7293,#7294,#7295,#7296),
 .UNSPECIFIED.,.F.,.F.,(4,1,4),(0.,0.0185449258553904,0.0393372287154261),
 .UNSPECIFIED.);
#119=B_SPLINE_CURVE_WITH_KNOTS('',3,(#7298,#7299,#7300,#7301,#7302),
 .UNSPECIFIED.,.F.,.F.,(4,1,4),(-0.0393372287154261,-0.0185449258553904,
0.),.UNSPECIFIED.);
#120=B_SPLINE_CURVE_WITH_KNOTS('',3,(#7315,#7316,#7317,#7318,#7319),
 .UNSPECIFIED.,.F.,.F.,(4,1,4),(0.,0.0230559977399933,0.0436530502439973),
 .UNSPECIFIED.);
#121=B_SPLINE_CURVE_WITH_KNOTS('',3,(#7321,#7322,#7323,#7324,#7325),
 .UNSPECIFIED.,.F.,.F.,(4,1,4),(-0.0436530502439973,-0.0230559977399933,
0.),.UNSPECIFIED.);
#122=B_SPLINE_CURVE_WITH_KNOTS('',3,(#7338,#7339,#7340,#7341,#7342),
 .UNSPECIFIED.,.F.,.F.,(4,1,4),(0.,0.0205953454733992,0.0434622190038313),
 .UNSPECIFIED.);
#123=B_SPLINE_CURVE_WITH_KNOTS('',3,(#7344,#7345,#7346,#7347,#7348),
 .UNSPECIFIED.,.F.,.F.,(4,1,4),(-0.0434622190038313,-0.0205953454733992,
0.),.UNSPECIFIED.);
#124=B_SPLINE_CURVE_WITH_KNOTS('',3,(#7361,#7362,#7363,#7364,#7365),
 .UNSPECIFIED.,.F.,.F.,(4,1,4),(0.,0.0245899215817624,0.0737050457471445),
 .UNSPECIFIED.);
#125=B_SPLINE_CURVE_WITH_KNOTS('',3,(#7367,#7368,#7369,#7370,#7371),
 .UNSPECIFIED.,.F.,.F.,(4,1,4),(-0.0737050457471445,-0.0245899215817624,
0.),.UNSPECIFIED.);
#126=B_SPLINE_CURVE_WITH_KNOTS('',3,(#7408,#7409,#7410,#7411,#7412),
 .UNSPECIFIED.,.F.,.F.,(4,1,4),(0.,0.0692754037563681,0.117622946337399),
 .UNSPECIFIED.);
#127=B_SPLINE_CURVE_WITH_KNOTS('',3,(#7414,#7415,#7416,#7417,#7418),
 .UNSPECIFIED.,.F.,.F.,(4,1,4),(-0.117622946337399,-0.0692754037563681,
0.),.UNSPECIFIED.);
#128=B_SPLINE_CURVE_WITH_KNOTS('',3,(#7431,#7432,#7433,#7434,#7435),
 .UNSPECIFIED.,.F.,.F.,(4,1,4),(0.,0.0376767623120434,0.076415018715857),
 .UNSPECIFIED.);
#129=B_SPLINE_CURVE_WITH_KNOTS('',3,(#7437,#7438,#7439,#7440,#7441),
 .UNSPECIFIED.,.F.,.F.,(4,1,4),(-0.076415018715857,-0.0376767623120434,
0.),.UNSPECIFIED.);
#130=B_SPLINE_CURVE_WITH_KNOTS('',3,(#7454,#7455,#7456,#7457,#7458),
 .UNSPECIFIED.,.F.,.F.,(4,1,4),(0.,0.0403870566824967,0.0826068590343952),
 .UNSPECIFIED.);
#131=B_SPLINE_CURVE_WITH_KNOTS('',3,(#7460,#7461,#7462,#7463,#7464),
 .UNSPECIFIED.,.F.,.F.,(4,1,4),(-0.0826068590343952,-0.0403870566824967,
0.),.UNSPECIFIED.);
#132=B_SPLINE_CURVE_WITH_KNOTS('',3,(#7477,#7478,#7479,#7480,#7481),
 .UNSPECIFIED.,.F.,.F.,(4,1,4),(0.,0.0520342799113428,0.100443894813985),
 .UNSPECIFIED.);
#133=B_SPLINE_CURVE_WITH_KNOTS('',3,(#7483,#7484,#7485,#7486,#7487),
 .UNSPECIFIED.,.F.,.F.,(4,1,4),(-0.100443894813985,-0.0520342799113428,
0.),.UNSPECIFIED.);
#134=B_SPLINE_CURVE_WITH_KNOTS('',3,(#7500,#7501,#7502,#7503,#7504),
 .UNSPECIFIED.,.F.,.F.,(4,1,4),(0.,0.0509536568155599,0.110861647134412),
 .UNSPECIFIED.);
#135=B_SPLINE_CURVE_WITH_KNOTS('',3,(#7506,#7507,#7508,#7509,#7510),
 .UNSPECIFIED.,.F.,.F.,(4,1,4),(-0.110861647134412,-0.0509536568155599,
0.),.UNSPECIFIED.);
#136=B_SPLINE_CURVE_WITH_KNOTS('',3,(#7523,#7524,#7525,#7526,#7527),
 .UNSPECIFIED.,.F.,.F.,(4,1,4),(0.,0.0359812777837778,0.0686084514858678),
 .UNSPECIFIED.);
#137=B_SPLINE_CURVE_WITH_KNOTS('',3,(#7529,#7530,#7531,#7532,#7533),
 .UNSPECIFIED.,.F.,.F.,(4,1,4),(-0.0686084514858678,-0.0359812777837778,
0.),.UNSPECIFIED.);
#138=B_SPLINE_CURVE_WITH_KNOTS('',3,(#7546,#7547,#7548,#7549,#7550),
 .UNSPECIFIED.,.F.,.F.,(4,1,4),(0.,0.0404026481775626,0.0995492528158392),
 .UNSPECIFIED.);
#139=B_SPLINE_CURVE_WITH_KNOTS('',3,(#7552,#7553,#7554,#7555,#7556),
 .UNSPECIFIED.,.F.,.F.,(4,1,4),(-0.0995492528158392,-0.0404026481775626,
0.),.UNSPECIFIED.);
#140=B_SPLINE_CURVE_WITH_KNOTS('',3,(#7587,#7588,#7589,#7590,#7591),
 .UNSPECIFIED.,.F.,.F.,(4,1,4),(0.,0.0577208628733108,0.0907795041761558),
 .UNSPECIFIED.);
#141=B_SPLINE_CURVE_WITH_KNOTS('',3,(#7593,#7594,#7595,#7596,#7597),
 .UNSPECIFIED.,.F.,.F.,(4,1,4),(-0.0907795041761558,-0.0577208628733108,
0.),.UNSPECIFIED.);
#142=B_SPLINE_CURVE_WITH_KNOTS('',3,(#7610,#7611,#7612,#7613,#7614),
 .UNSPECIFIED.,.F.,.F.,(4,1,4),(0.,0.0195236374319565,0.0370655252877805),
 .UNSPECIFIED.);
#143=B_SPLINE_CURVE_WITH_KNOTS('',3,(#7616,#7617,#7618,#7619,#7620),
 .UNSPECIFIED.,.F.,.F.,(4,1,4),(-0.0370655252877805,-0.0195236374319565,
0.),.UNSPECIFIED.);
#144=B_SPLINE_CURVE_WITH_KNOTS('',3,(#7633,#7634,#7635,#7636,#7637),
 .UNSPECIFIED.,.F.,.F.,(4,1,4),(0.,0.0211451720416272,0.0512769478391082),
 .UNSPECIFIED.);
#145=B_SPLINE_CURVE_WITH_KNOTS('',3,(#7639,#7640,#7641,#7642,#7643),
 .UNSPECIFIED.,.F.,.F.,(4,1,4),(-0.0512769478391082,-0.0211451720416272,
0.),.UNSPECIFIED.);
#146=B_SPLINE_CURVE_WITH_KNOTS('',3,(#7838,#7839,#7840,#7841,#7842),
 .UNSPECIFIED.,.F.,.F.,(4,1,4),(0.,0.0590239673534624,0.0910753785464733),
 .UNSPECIFIED.);
#147=B_SPLINE_CURVE_WITH_KNOTS('',3,(#7844,#7845,#7846,#7847,#7848),
 .UNSPECIFIED.,.F.,.F.,(4,1,4),(-0.0910753785464733,-0.0590239673534624,
0.),.UNSPECIFIED.);
#148=B_SPLINE_CURVE_WITH_KNOTS('',3,(#7861,#7862,#7863,#7864,#7865),
 .UNSPECIFIED.,.F.,.F.,(4,1,4),(0.,0.0181528637570677,0.0358235446547108),
 .UNSPECIFIED.);
#149=B_SPLINE_CURVE_WITH_KNOTS('',3,(#7867,#7868,#7869,#7870,#7871),
 .UNSPECIFIED.,.F.,.F.,(4,1,4),(-0.0358235446547108,-0.0181528637570677,
0.),.UNSPECIFIED.);
#150=B_SPLINE_CURVE_WITH_KNOTS('',3,(#7884,#7885,#7886,#7887,#7888),
 .UNSPECIFIED.,.F.,.F.,(4,1,4),(0.,0.0185449751843145,0.0393372780443502),
 .UNSPECIFIED.);
#151=B_SPLINE_CURVE_WITH_KNOTS('',3,(#7890,#7891,#7892,#7893,#7894),
 .UNSPECIFIED.,.F.,.F.,(4,1,4),(-0.0393372780443502,-0.0185449751843145,
0.),.UNSPECIFIED.);
#152=B_SPLINE_CURVE_WITH_KNOTS('',3,(#7907,#7908,#7909,#7910,#7911),
 .UNSPECIFIED.,.F.,.F.,(4,1,4),(0.,0.0230559977399933,0.0436531087227054),
 .UNSPECIFIED.);
#153=B_SPLINE_CURVE_WITH_KNOTS('',3,(#7913,#7914,#7915,#7916,#7917),
 .UNSPECIFIED.,.F.,.F.,(4,1,4),(-0.0436531087227054,-0.0230559977399933,
0.),.UNSPECIFIED.);
#154=B_SPLINE_CURVE_WITH_KNOTS('',3,(#7930,#7931,#7932,#7933,#7934),
 .UNSPECIFIED.,.F.,.F.,(4,1,4),(0.,0.0205953454733992,0.0434623325751134),
 .UNSPECIFIED.);
#155=B_SPLINE_CURVE_WITH_KNOTS('',3,(#7936,#7937,#7938,#7939,#7940),
 .UNSPECIFIED.,.F.,.F.,(4,1,4),(-0.0434623325751134,-0.0205953454733992,
0.),.UNSPECIFIED.);
#156=B_SPLINE_CURVE_WITH_KNOTS('',3,(#7953,#7954,#7955,#7956,#7957),
 .UNSPECIFIED.,.F.,.F.,(4,1,4),(0.,0.0245898025338346,0.0737049266992167),
 .UNSPECIFIED.);
#157=B_SPLINE_CURVE_WITH_KNOTS('',3,(#7959,#7960,#7961,#7962,#7963),
 .UNSPECIFIED.,.F.,.F.,(4,1,4),(-0.0737049266992167,-0.0245898025338346,
0.),.UNSPECIFIED.);
#158=B_SPLINE_CURVE_WITH_KNOTS('',3,(#8000,#8001,#8002,#8003,#8004),
 .UNSPECIFIED.,.F.,.F.,(4,1,4),(0.,0.0692752846880493,0.117622943846051),
 .UNSPECIFIED.);
#159=B_SPLINE_CURVE_WITH_KNOTS('',3,(#8006,#8007,#8008,#8009,#8010),
 .UNSPECIFIED.,.F.,.F.,(4,1,4),(-0.117622943846051,-0.0692752846880493,
0.),.UNSPECIFIED.);
#160=B_SPLINE_CURVE_WITH_KNOTS('',3,(#8023,#8024,#8025,#8026,#8027),
 .UNSPECIFIED.,.F.,.F.,(4,1,4),(0.,0.0376768657732113,0.076415122177025),
 .UNSPECIFIED.);
#161=B_SPLINE_CURVE_WITH_KNOTS('',3,(#8029,#8030,#8031,#8032,#8033),
 .UNSPECIFIED.,.F.,.F.,(4,1,4),(-0.076415122177025,-0.0376768657732113,
0.),.UNSPECIFIED.);
#162=B_SPLINE_CURVE_WITH_KNOTS('',3,(#8046,#8047,#8048,#8049,#8050),
 .UNSPECIFIED.,.F.,.F.,(4,1,4),(0.,0.0403870083604572,0.0826067953043416),
 .UNSPECIFIED.);
#163=B_SPLINE_CURVE_WITH_KNOTS('',3,(#8052,#8053,#8054,#8055,#8056),
 .UNSPECIFIED.,.F.,.F.,(4,1,4),(-0.0826067953043416,-0.0403870083604572,
0.),.UNSPECIFIED.);
#164=B_SPLINE_CURVE_WITH_KNOTS('',3,(#8069,#8070,#8071,#8072,#8073),
 .UNSPECIFIED.,.F.,.F.,(4,1,4),(0.,0.0520342799113428,0.100443894813985),
 .UNSPECIFIED.);
#165=B_SPLINE_CURVE_WITH_KNOTS('',3,(#8075,#8076,#8077,#8078,#8079),
 .UNSPECIFIED.,.F.,.F.,(4,1,4),(-0.100443894813985,-0.0520342799113428,
0.),.UNSPECIFIED.);
#166=B_SPLINE_CURVE_WITH_KNOTS('',3,(#8092,#8093,#8094,#8095,#8096),
 .UNSPECIFIED.,.F.,.F.,(4,1,4),(0.,0.0509535602645912,0.110861435887499),
 .UNSPECIFIED.);
#167=B_SPLINE_CURVE_WITH_KNOTS('',3,(#8098,#8099,#8100,#8101,#8102),
 .UNSPECIFIED.,.F.,.F.,(4,1,4),(-0.110861435887499,-0.0509535602645912,
0.),.UNSPECIFIED.);
#168=B_SPLINE_CURVE_WITH_KNOTS('',3,(#8115,#8116,#8117,#8118,#8119),
 .UNSPECIFIED.,.F.,.F.,(4,1,4),(0.,0.0359812777837778,0.0686083631654537),
 .UNSPECIFIED.);
#169=B_SPLINE_CURVE_WITH_KNOTS('',3,(#8121,#8122,#8123,#8124,#8125),
 .UNSPECIFIED.,.F.,.F.,(4,1,4),(-0.0686083631654537,-0.0359812777837778,
0.),.UNSPECIFIED.);
#170=B_SPLINE_CURVE_WITH_KNOTS('',3,(#8138,#8139,#8140,#8141,#8142),
 .UNSPECIFIED.,.F.,.F.,(4,1,4),(0.,0.0404026481775626,0.0995493182057053),
 .UNSPECIFIED.);
#171=B_SPLINE_CURVE_WITH_KNOTS('',3,(#8144,#8145,#8146,#8147,#8148),
 .UNSPECIFIED.,.F.,.F.,(4,1,4),(-0.0995493182057053,-0.0404026481775626,
0.),.UNSPECIFIED.);
#172=B_SPLINE_CURVE_WITH_KNOTS('',3,(#8179,#8180,#8181,#8182,#8183),
 .UNSPECIFIED.,.F.,.F.,(4,1,4),(0.,0.0577208628733108,0.0907795410724112),
 .UNSPECIFIED.);
#173=B_SPLINE_CURVE_WITH_KNOTS('',3,(#8185,#8186,#8187,#8188,#8189),
 .UNSPECIFIED.,.F.,.F.,(4,1,4),(-0.0907795410724112,-0.0577208628733108,
0.),.UNSPECIFIED.);
#174=B_SPLINE_CURVE_WITH_KNOTS('',3,(#8202,#8203,#8204,#8205,#8206),
 .UNSPECIFIED.,.F.,.F.,(4,1,4),(0.,0.0195236824658979,0.0370654642832984),
 .UNSPECIFIED.);
#175=B_SPLINE_CURVE_WITH_KNOTS('',3,(#8208,#8209,#8210,#8211,#8212),
 .UNSPECIFIED.,.F.,.F.,(4,1,4),(-0.0370654642832984,-0.0195236824658979,
0.),.UNSPECIFIED.);
#176=B_SPLINE_CURVE_WITH_KNOTS('',3,(#8225,#8226,#8227,#8228,#8229),
 .UNSPECIFIED.,.F.,.F.,(4,1,4),(0.,0.0211451720416272,0.0512769478391082),
 .UNSPECIFIED.);
#177=B_SPLINE_CURVE_WITH_KNOTS('',3,(#8231,#8232,#8233,#8234,#8235),
 .UNSPECIFIED.,.F.,.F.,(4,1,4),(-0.0512769478391082,-0.0211451720416272,
0.),.UNSPECIFIED.);
#178=B_SPLINE_CURVE_WITH_KNOTS('',3,(#8360,#8361,#8362,#8363,#8364),
 .UNSPECIFIED.,.F.,.F.,(4,1,4),(0.,0.0498339918478888,0.0804188681418788),
 .UNSPECIFIED.);
#179=B_SPLINE_CURVE_WITH_KNOTS('',3,(#8366,#8367,#8368,#8369,#8370),
 .UNSPECIFIED.,.F.,.F.,(4,1,4),(-0.0804188681418788,-0.0498339918478888,
0.),.UNSPECIFIED.);
#180=B_SPLINE_CURVE_WITH_KNOTS('',3,(#8383,#8384,#8385,#8386,#8387),
 .UNSPECIFIED.,.F.,.F.,(4,1,4),(0.,0.0205762091188931,0.0404525495842206),
 .UNSPECIFIED.);
#181=B_SPLINE_CURVE_WITH_KNOTS('',3,(#8389,#8390,#8391,#8392,#8393),
 .UNSPECIFIED.,.F.,.F.,(4,1,4),(-0.0404525495842206,-0.0205762091188931,
0.),.UNSPECIFIED.);
#182=B_SPLINE_CURVE_WITH_KNOTS('',3,(#8406,#8407,#8408,#8409,#8410),
 .UNSPECIFIED.,.F.,.F.,(4,1,4),(0.,0.0200046665294916,0.0410047810281168),
 .UNSPECIFIED.);
#183=B_SPLINE_CURVE_WITH_KNOTS('',3,(#8412,#8413,#8414,#8415,#8416),
 .UNSPECIFIED.,.F.,.F.,(4,1,4),(-0.0410047810281168,-0.0200046665294916,
0.),.UNSPECIFIED.);
#184=B_SPLINE_CURVE_WITH_KNOTS('',3,(#8429,#8430,#8431,#8432,#8433),
 .UNSPECIFIED.,.F.,.F.,(4,1,4),(0.,0.0252181561308366,0.0486588498900675),
 .UNSPECIFIED.);
#185=B_SPLINE_CURVE_WITH_KNOTS('',3,(#8435,#8436,#8437,#8438,#8439),
 .UNSPECIFIED.,.F.,.F.,(4,1,4),(-0.0486588498900675,-0.0252181561308366,
0.),.UNSPECIFIED.);
#186=B_SPLINE_CURVE_WITH_KNOTS('',3,(#8452,#8453,#8454,#8455,#8456),
 .UNSPECIFIED.,.F.,.F.,(4,1,4),(0.,0.0231838500441945,0.0469132234269841),
 .UNSPECIFIED.);
#187=B_SPLINE_CURVE_WITH_KNOTS('',3,(#8458,#8459,#8460,#8461,#8462),
 .UNSPECIFIED.,.F.,.F.,(4,1,4),(-0.0469132234269841,-0.0231838500441945,
0.),.UNSPECIFIED.);
#188=B_SPLINE_CURVE_WITH_KNOTS('',3,(#8475,#8476,#8477,#8478,#8479),
 .UNSPECIFIED.,.F.,.F.,(4,1,4),(0.,0.0273198819645234,0.0727747534682477),
 .UNSPECIFIED.);
#189=B_SPLINE_CURVE_WITH_KNOTS('',3,(#8481,#8482,#8483,#8484,#8485),
 .UNSPECIFIED.,.F.,.F.,(4,1,4),(-0.0727747534682477,-0.0273198819645234,
0.),.UNSPECIFIED.);
#190=B_SPLINE_CURVE_WITH_KNOTS('',3,(#8516,#8517,#8518,#8519,#8520),
 .UNSPECIFIED.,.F.,.F.,(4,1,4),(0.,0.0760804446727118,0.120436168442882),
 .UNSPECIFIED.);
#191=B_SPLINE_CURVE_WITH_KNOTS('',3,(#8522,#8523,#8524,#8525,#8526),
 .UNSPECIFIED.,.F.,.F.,(4,1,4),(-0.120436168442882,-0.0760804446727118,
0.),.UNSPECIFIED.);
#192=B_SPLINE_CURVE_WITH_KNOTS('',3,(#8539,#8540,#8541,#8542,#8543),
 .UNSPECIFIED.,.F.,.F.,(4,1,4),(0.,0.0433315527191858,0.0882903202398855),
 .UNSPECIFIED.);
#193=B_SPLINE_CURVE_WITH_KNOTS('',3,(#8545,#8546,#8547,#8548,#8549),
 .UNSPECIFIED.,.F.,.F.,(4,1,4),(-0.0882903202398855,-0.0433315527191858,
0.),.UNSPECIFIED.);
#194=B_SPLINE_CURVE_WITH_KNOTS('',3,(#8562,#8563,#8564,#8565,#8566),
 .UNSPECIFIED.,.F.,.F.,(4,1,4),(0.,0.0483517293822014,0.103020867733362),
 .UNSPECIFIED.);
#195=B_SPLINE_CURVE_WITH_KNOTS('',3,(#8568,#8569,#8570,#8571,#8572),
 .UNSPECIFIED.,.F.,.F.,(4,1,4),(-0.103020867733362,-0.0483517293822014,
0.),.UNSPECIFIED.);
#196=B_SPLINE_CURVE_WITH_KNOTS('',3,(#8585,#8586,#8587,#8588,#8589),
 .UNSPECIFIED.,.F.,.F.,(4,1,4),(0.,0.0425826959902514,0.0798010858150602),
 .UNSPECIFIED.);
#197=B_SPLINE_CURVE_WITH_KNOTS('',3,(#8591,#8592,#8593,#8594,#8595),
 .UNSPECIFIED.,.F.,.F.,(4,1,4),(-0.0798010858150602,-0.0425826959902514,
0.),.UNSPECIFIED.);
#198=B_SPLINE_CURVE_WITH_KNOTS('',3,(#8608,#8609,#8610,#8611,#8612),
 .UNSPECIFIED.,.F.,.F.,(4,1,4),(0.,0.0338301452101352,0.0655223178401961),
 .UNSPECIFIED.);
#199=B_SPLINE_CURVE_WITH_KNOTS('',3,(#8614,#8615,#8616,#8617,#8618),
 .UNSPECIFIED.,.F.,.F.,(4,1,4),(-0.0655223178401961,-0.0338301452101352,
0.),.UNSPECIFIED.);
#200=B_SPLINE_CURVE_WITH_KNOTS('',3,(#8631,#8632,#8633,#8634,#8635),
 .UNSPECIFIED.,.F.,.F.,(4,1,4),(0.,0.0299247085041431,0.0577510496268834),
 .UNSPECIFIED.);
#201=B_SPLINE_CURVE_WITH_KNOTS('',3,(#8637,#8638,#8639,#8640,#8641),
 .UNSPECIFIED.,.F.,.F.,(4,1,4),(-0.0577510496268834,-0.0299247085041431,
0.),.UNSPECIFIED.);
#202=B_SPLINE_CURVE_WITH_KNOTS('',3,(#8654,#8655,#8656,#8657,#8658),
 .UNSPECIFIED.,.F.,.F.,(4,1,4),(0.,0.0445778304085508,0.105057995666064),
 .UNSPECIFIED.);
#203=B_SPLINE_CURVE_WITH_KNOTS('',3,(#8660,#8661,#8662,#8663,#8664),
 .UNSPECIFIED.,.F.,.F.,(4,1,4),(-0.105057995666064,-0.0445778304085508,
0.),.UNSPECIFIED.);
#204=B_SPLINE_SURFACE_WITH_KNOTS('',3,1,((#6141,#6142),(#6143,#6144),(#6145,
#6146),(#6147,#6148),(#6149,#6150)),.UNSPECIFIED.,.F.,.F.,.F.,(4,1,4),(2,
2),(-0.0910754387290374,-0.0590240865224421,0.),(0.,0.002),
 .UNSPECIFIED.);
#205=B_SPLINE_SURFACE_WITH_KNOTS('',3,1,((#6164,#6165),(#6166,#6167),(#6168,
#6169),(#6170,#6171),(#6172,#6173)),.UNSPECIFIED.,.F.,.F.,.F.,(4,1,4),(2,
2),(-0.0358234917403699,-0.0181528108427268,0.),(0.,0.002),
 .UNSPECIFIED.);
#206=B_SPLINE_SURFACE_WITH_KNOTS('',3,1,((#6187,#6188),(#6189,#6190),(#6191,
#6192),(#6193,#6194),(#6195,#6196)),.UNSPECIFIED.,.F.,.F.,.F.,(4,1,4),(2,
2),(-0.0393372533798088,-0.018544950519773,0.),(0.,0.002),.UNSPECIFIED.);
#207=B_SPLINE_SURFACE_WITH_KNOTS('',3,1,((#6210,#6211),(#6212,#6213),(#6214,
#6215),(#6216,#6217),(#6218,#6219)),.UNSPECIFIED.,.F.,.F.,.F.,(4,1,4),(2,
2),(-0.0436531000157345,-0.0230559890330225,0.),(0.,0.002),
 .UNSPECIFIED.);
#208=B_SPLINE_SURFACE_WITH_KNOTS('',3,1,((#6233,#6234),(#6235,#6236),(#6237,
#6238),(#6239,#6240),(#6241,#6242)),.UNSPECIFIED.,.F.,.F.,.F.,(4,1,4),(2,
2),(-0.0434622855659166,-0.0205952984642024,0.),(0.,0.002),
 .UNSPECIFIED.);
#209=B_SPLINE_SURFACE_WITH_KNOTS('',3,1,((#6256,#6257),(#6258,#6259),(#6260,
#6261),(#6262,#6263),(#6264,#6265)),.UNSPECIFIED.,.F.,.F.,.F.,(4,1,4),(2,
2),(-0.0737049861447454,-0.0245899215817624,0.),(0.,0.002),
 .UNSPECIFIED.);
#210=B_SPLINE_SURFACE_WITH_KNOTS('',3,1,((#6303,#6304),(#6305,#6306),(#6307,
#6308),(#6309,#6310),(#6311,#6312)),.UNSPECIFIED.,.F.,.F.,.F.,(4,1,4),(2,
2),(-0.117622943846051,-0.0692752846880493,0.),(0.,0.002),.UNSPECIFIED.);
#211=B_SPLINE_SURFACE_WITH_KNOTS('',3,1,((#6326,#6327),(#6328,#6329),(#6330,
#6331),(#6332,#6333),(#6334,#6335)),.UNSPECIFIED.,.F.,.F.,.F.,(4,1,4),(2,
2),(-0.0764150704464294,-0.0376768140426157,0.),(0.,0.002),
 .UNSPECIFIED.);
#212=B_SPLINE_SURFACE_WITH_KNOTS('',3,1,((#6349,#6350),(#6351,#6352),(#6353,
#6354),(#6355,#6356),(#6357,#6358)),.UNSPECIFIED.,.F.,.F.,.F.,(4,1,4),(2,
2),(-0.0826068348733387,-0.0403870325214402,0.),(0.,0.002),
 .UNSPECIFIED.);
#213=B_SPLINE_SURFACE_WITH_KNOTS('',3,1,((#6372,#6373),(#6374,#6375),(#6376,
#6377),(#6378,#6379),(#6380,#6381)),.UNSPECIFIED.,.F.,.F.,.F.,(4,1,4),(2,
2),(-0.100443873737582,-0.0520342893854103,0.),(0.,0.002),.UNSPECIFIED.);
#214=B_SPLINE_SURFACE_WITH_KNOTS('',3,1,((#6395,#6396),(#6397,#6398),(#6399,
#6400),(#6401,#6402),(#6403,#6404)),.UNSPECIFIED.,.F.,.F.,.F.,(4,1,4),(2,
2),(-0.110861656206894,-0.0509536085400636,0.),(0.,0.002),.UNSPECIFIED.);
#215=B_SPLINE_SURFACE_WITH_KNOTS('',3,1,((#6418,#6419),(#6420,#6421),(#6422,
#6423),(#6424,#6425),(#6426,#6427)),.UNSPECIFIED.,.F.,.F.,.F.,(4,1,4),(2,
2),(-0.0686084621794268,-0.0359813767977509,0.),(0.,0.002),
 .UNSPECIFIED.);
#216=B_SPLINE_SURFACE_WITH_KNOTS('',3,1,((#6441,#6442),(#6443,#6444),(#6445,
#6446),(#6447,#6448),(#6449,#6450)),.UNSPECIFIED.,.F.,.F.,.F.,(4,1,4),(2,
2),(-0.0995492812863117,-0.040402611258169,0.),(0.,0.002),.UNSPECIFIED.);
#217=B_SPLINE_SURFACE_WITH_KNOTS('',3,1,((#6482,#6483),(#6484,#6485),(#6486,
#6487),(#6488,#6489),(#6490,#6491)),.UNSPECIFIED.,.F.,.F.,.F.,(4,1,4),(2,
2),(-0.0907795410724112,-0.0577208628733108,0.),(0.,0.002),
 .UNSPECIFIED.);
#218=B_SPLINE_SURFACE_WITH_KNOTS('',3,1,((#6505,#6506),(#6507,#6508),(#6509,
#6510),(#6511,#6512),(#6513,#6514)),.UNSPECIFIED.,.F.,.F.,.F.,(4,1,4),(2,
2),(-0.0370654642832984,-0.0195236824658979,0.),(0.,0.002),
 .UNSPECIFIED.);
#219=B_SPLINE_SURFACE_WITH_KNOTS('',3,1,((#6528,#6529),(#6530,#6531),(#6532,
#6533),(#6534,#6535),(#6536,#6537)),.UNSPECIFIED.,.F.,.F.,.F.,(4,1,4),(2,
2),(-0.0512769478391082,-0.0211451720416272,0.),(0.,0.002),
 .UNSPECIFIED.);
#220=B_SPLINE_SURFACE_WITH_KNOTS('',3,1,((#6577,#6578),(#6579,#6580),(#6581,
#6582),(#6583,#6584),(#6585,#6586)),.UNSPECIFIED.,.F.,.F.,.F.,(4,1,4),(2,
2),(-0.0822806481879562,-0.0449421825106516,0.),(0.,0.002),
 .UNSPECIFIED.);
#221=B_SPLINE_SURFACE_WITH_KNOTS('',3,1,((#6600,#6601),(#6602,#6603),(#6604,
#6605),(#6606,#6607),(#6608,#6609)),.UNSPECIFIED.,.F.,.F.,.F.,(4,1,4),(2,
2),(-0.0780038102246761,-0.0362874079904996,0.),(0.,0.002),
 .UNSPECIFIED.);
#222=B_SPLINE_SURFACE_WITH_KNOTS('',3,1,((#6623,#6624),(#6625,#6626),(#6627,
#6628),(#6629,#6630),(#6631,#6632)),.UNSPECIFIED.,.F.,.F.,.F.,(4,1,4),(2,
2),(-0.0774853432083756,-0.0430709992227782,0.),(0.,0.002),
 .UNSPECIFIED.);
#223=B_SPLINE_SURFACE_WITH_KNOTS('',3,1,((#6646,#6647),(#6648,#6649),(#6650,
#6651),(#6652,#6653),(#6654,#6655)),.UNSPECIFIED.,.F.,.F.,.F.,(4,1,4),(2,
2),(-0.0556735006129358,-0.0290671577953701,0.),(0.,0.002),
 .UNSPECIFIED.);
#224=B_SPLINE_SURFACE_WITH_KNOTS('',3,1,((#6669,#6670),(#6671,#6672),(#6673,
#6674),(#6675,#6676),(#6677,#6678)),.UNSPECIFIED.,.F.,.F.,.F.,(4,1,4),(2,
2),(-0.0324454801849169,-0.0166185022131752,0.),(0.,0.002),
 .UNSPECIFIED.);
#225=B_SPLINE_SURFACE_WITH_KNOTS('',3,1,((#6692,#6693),(#6694,#6695),(#6696,
#6697),(#6698,#6699),(#6700,#6701)),.UNSPECIFIED.,.F.,.F.,.F.,(4,1,4),(2,
2),(-0.0426352615625604,-0.0184237871479328,0.),(0.,0.002),
 .UNSPECIFIED.);
#226=B_SPLINE_SURFACE_WITH_KNOTS('',3,1,((#6715,#6716),(#6717,#6718),(#6719,
#6720),(#6721,#6722),(#6723,#6724)),.UNSPECIFIED.,.F.,.F.,.F.,(4,1,4),(2,
2),(-0.0837386224950377,-0.0303001990650877,0.),(0.,0.002),
 .UNSPECIFIED.);
#227=B_SPLINE_SURFACE_WITH_KNOTS('',3,1,((#6738,#6739),(#6740,#6741),(#6742,
#6743),(#6744,#6745),(#6746,#6747)),.UNSPECIFIED.,.F.,.F.,.F.,(4,1,4),(2,
2),(-0.124979964844825,-0.0726148357814502,0.),(0.,0.002),.UNSPECIFIED.);
#228=B_SPLINE_SURFACE_WITH_KNOTS('',3,1,((#6761,#6762),(#6763,#6764),(#6765,
#6766),(#6767,#6768),(#6769,#6770)),.UNSPECIFIED.,.F.,.F.,.F.,(4,1,4),(2,
2),(-0.113371469119258,-0.0573501016163387,0.),(0.,0.002),.UNSPECIFIED.);
#229=B_SPLINE_SURFACE_WITH_KNOTS('',3,1,((#6784,#6785),(#6786,#6787),(#6788,
#6789),(#6790,#6791),(#6792,#6793)),.UNSPECIFIED.,.F.,.F.,.F.,(4,1,4),(2,
2),(-0.0754808831330787,-0.0373573223515301,0.),(0.,0.002),
 .UNSPECIFIED.);
#230=B_SPLINE_SURFACE_WITH_KNOTS('',3,1,((#6807,#6808),(#6809,#6810),(#6811,
#6812),(#6813,#6814),(#6815,#6816)),.UNSPECIFIED.,.F.,.F.,.F.,(4,1,4),(2,
2),(-0.0812968889967655,-0.0394526356966973,0.),(0.,0.002),
 .UNSPECIFIED.);
#231=B_SPLINE_SURFACE_WITH_KNOTS('',3,1,((#6830,#6831),(#6832,#6833),(#6834,
#6835),(#6836,#6837),(#6838,#6839)),.UNSPECIFIED.,.F.,.F.,.F.,(4,1,4),(2,
2),(-0.100427461851682,-0.0468316433157177,0.),(0.,0.002),.UNSPECIFIED.);
#232=B_SPLINE_SURFACE_WITH_KNOTS('',3,1,((#6853,#6854),(#6855,#6856),(#6857,
#6858),(#6859,#6860),(#6861,#6862)),.UNSPECIFIED.,.F.,.F.,.F.,(4,1,4),(2,
2),(-0.149955859838858,-0.0831375116116754,0.),(0.,0.002),.UNSPECIFIED.);
#233=B_SPLINE_SURFACE_WITH_KNOTS('',3,1,((#6876,#6877),(#6878,#6879),(#6880,
#6881),(#6882,#6883),(#6884,#6885)),.UNSPECIFIED.,.F.,.F.,.F.,(4,1,4),(2,
2),(-0.123789865931717,-0.0603087175490861,0.),(0.,0.002),.UNSPECIFIED.);
#234=B_SPLINE_SURFACE_WITH_KNOTS('',3,1,((#6905,#6906),(#6907,#6908),(#6909,
#6910),(#6911,#6912),(#6913,#6914)),.UNSPECIFIED.,.F.,.F.,.F.,(4,1,4),(2,
2),(-0.0630684525859253,-0.0346575458024318,0.),(0.,0.002),
 .UNSPECIFIED.);
#235=B_SPLINE_SURFACE_WITH_KNOTS('',3,1,((#6928,#6929),(#6930,#6931),(#6932,
#6933),(#6934,#6935),(#6936,#6937)),.UNSPECIFIED.,.F.,.F.,.F.,(4,1,4),(2,
2),(-0.0670430744562587,-0.0295011406162102,0.),(0.,0.002),
 .UNSPECIFIED.);
#236=B_SPLINE_SURFACE_WITH_KNOTS('',3,1,((#6951,#6952),(#6953,#6954),(#6955,
#6956),(#6957,#6958),(#6959,#6960)),.UNSPECIFIED.,.F.,.F.,.F.,(4,1,4),(2,
2),(-0.0721048026658607,-0.0394817230548288,0.),(0.,0.002),
 .UNSPECIFIED.);
#237=B_SPLINE_SURFACE_WITH_KNOTS('',3,1,((#6974,#6975),(#6976,#6977),(#6978,
#6979),(#6980,#6981),(#6982,#6983)),.UNSPECIFIED.,.F.,.F.,.F.,(4,1,4),(2,
2),(-0.0360532559926881,-0.0181201870594769,0.),(0.,0.002),
 .UNSPECIFIED.);
#238=B_SPLINE_SURFACE_WITH_KNOTS('',3,1,((#6997,#6998),(#6999,#7000),(#7001,
#7002),(#7003,#7004),(#7005,#7006)),.UNSPECIFIED.,.F.,.F.,.F.,(4,1,4),(2,
2),(-0.034762713001586,-0.0168785565234292,0.),(0.,0.002),.UNSPECIFIED.);
#239=B_SPLINE_SURFACE_WITH_KNOTS('',3,1,((#7020,#7021),(#7022,#7023),(#7024,
#7025),(#7026,#7027),(#7028,#7029)),.UNSPECIFIED.,.F.,.F.,.F.,(4,1,4),(2,
2),(-0.0990094161690815,-0.0366068283777278,0.),(0.,0.002),
 .UNSPECIFIED.);
#240=B_SPLINE_SURFACE_WITH_KNOTS('',3,1,((#7043,#7044),(#7045,#7046),(#7047,
#7048),(#7049,#7050),(#7051,#7052)),.UNSPECIFIED.,.F.,.F.,.F.,(4,1,4),(2,
2),(-0.114950476949733,-0.0664752334963054,0.),(0.,0.002),.UNSPECIFIED.);
#241=B_SPLINE_SURFACE_WITH_KNOTS('',3,1,((#7066,#7067),(#7068,#7069),(#7070,
#7071),(#7072,#7073),(#7074,#7075)),.UNSPECIFIED.,.F.,.F.,.F.,(4,1,4),(2,
2),(-0.0757609043854604,-0.0383910132942393,0.),(0.,0.002),
 .UNSPECIFIED.);
#242=B_SPLINE_SURFACE_WITH_KNOTS('',3,1,((#7089,#7090),(#7091,#7092),(#7093,
#7094),(#7095,#7096),(#7097,#7098)),.UNSPECIFIED.,.F.,.F.,.F.,(4,1,4),(2,
2),(-0.082907142309713,-0.0390092734018925,0.),(0.,0.002),.UNSPECIFIED.);
#243=B_SPLINE_SURFACE_WITH_KNOTS('',3,1,((#7112,#7113),(#7114,#7115),(#7116,
#7117),(#7118,#7119),(#7120,#7121)),.UNSPECIFIED.,.F.,.F.,.F.,(4,1,4),(2,
2),(-0.0848420069318424,-0.0420357141603368,0.),(0.,0.002),
 .UNSPECIFIED.);
#244=B_SPLINE_SURFACE_WITH_KNOTS('',3,1,((#7135,#7136),(#7137,#7138),(#7139,
#7140),(#7141,#7142),(#7143,#7144)),.UNSPECIFIED.,.F.,.F.,.F.,(4,1,4),(2,
2),(-0.0886481754240522,-0.0435872752830676,0.),(0.,0.002),
 .UNSPECIFIED.);
#245=B_SPLINE_SURFACE_WITH_KNOTS('',3,1,((#7158,#7159),(#7160,#7161),(#7162,
#7163),(#7164,#7165),(#7166,#7167)),.UNSPECIFIED.,.F.,.F.,.F.,(4,1,4),(2,
2),(-0.110847440048815,-0.0509020858082406,0.),(0.,0.002),.UNSPECIFIED.);
#246=B_SPLINE_SURFACE_WITH_KNOTS('',3,1,((#7181,#7182),(#7183,#7184),(#7185,
#7186),(#7187,#7188),(#7189,#7190)),.UNSPECIFIED.,.F.,.F.,.F.,(4,1,4),(2,
2),(-0.154543138844167,-0.08452963083787,0.),(0.,0.002),.UNSPECIFIED.);
#247=B_SPLINE_SURFACE_WITH_KNOTS('',3,1,((#7204,#7205),(#7206,#7207),(#7208,
#7209),(#7210,#7211),(#7212,#7213)),.UNSPECIFIED.,.F.,.F.,.F.,(4,1,4),(2,
2),(-0.144002864126481,-0.0674285094771338,0.),(0.,0.002),.UNSPECIFIED.);
#248=B_SPLINE_SURFACE_WITH_KNOTS('',3,1,((#7235,#7236),(#7237,#7238),(#7239,
#7240),(#7241,#7242),(#7243,#7244)),.UNSPECIFIED.,.F.,.F.,.F.,(4,1,4),(2,
2),(-0.0910755561038014,-0.0590240269379522,0.),(0.,0.002),
 .UNSPECIFIED.);
#249=B_SPLINE_SURFACE_WITH_KNOTS('',3,1,((#7258,#7259),(#7260,#7261),(#7262,
#7263),(#7264,#7265),(#7266,#7267)),.UNSPECIFIED.,.F.,.F.,.F.,(4,1,4),(2,
2),(-0.0358234623983938,-0.0181528637570677,0.),(0.,0.002),
 .UNSPECIFIED.);
#250=B_SPLINE_SURFACE_WITH_KNOTS('',3,1,((#7281,#7282),(#7283,#7284),(#7285,
#7286),(#7287,#7288),(#7289,#7290)),.UNSPECIFIED.,.F.,.F.,.F.,(4,1,4),(2,
2),(-0.0393372287154261,-0.0185449258553904,0.),(0.,0.002),
 .UNSPECIFIED.);
#251=B_SPLINE_SURFACE_WITH_KNOTS('',3,1,((#7304,#7305),(#7306,#7307),(#7308,
#7309),(#7310,#7311),(#7312,#7313)),.UNSPECIFIED.,.F.,.F.,.F.,(4,1,4),(2,
2),(-0.0436530502439973,-0.0230559977399933,0.),(0.,0.002),
 .UNSPECIFIED.);
#252=B_SPLINE_SURFACE_WITH_KNOTS('',3,1,((#7327,#7328),(#7329,#7330),(#7331,
#7332),(#7333,#7334),(#7335,#7336)),.UNSPECIFIED.,.F.,.F.,.F.,(4,1,4),(2,
2),(-0.0434622190038313,-0.0205953454733992,0.),(0.,0.002),
 .UNSPECIFIED.);
#253=B_SPLINE_SURFACE_WITH_KNOTS('',3,1,((#7350,#7351),(#7352,#7353),(#7354,
#7355),(#7356,#7357),(#7358,#7359)),.UNSPECIFIED.,.F.,.F.,.F.,(4,1,4),(2,
2),(-0.0737050457471445,-0.0245899215817624,0.),(0.,0.002),
 .UNSPECIFIED.);
#254=B_SPLINE_SURFACE_WITH_KNOTS('',3,1,((#7397,#7398),(#7399,#7400),(#7401,
#7402),(#7403,#7404),(#7405,#7406)),.UNSPECIFIED.,.F.,.F.,.F.,(4,1,4),(2,
2),(-0.117622946337399,-0.0692754037563681,0.),(0.,0.002),.UNSPECIFIED.);
#255=B_SPLINE_SURFACE_WITH_KNOTS('',3,1,((#7420,#7421),(#7422,#7423),(#7424,
#7425),(#7426,#7427),(#7428,#7429)),.UNSPECIFIED.,.F.,.F.,.F.,(4,1,4),(2,
2),(-0.076415018715857,-0.0376767623120434,0.),(0.,0.002),.UNSPECIFIED.);
#256=B_SPLINE_SURFACE_WITH_KNOTS('',3,1,((#7443,#7444),(#7445,#7446),(#7447,
#7448),(#7449,#7450),(#7451,#7452)),.UNSPECIFIED.,.F.,.F.,.F.,(4,1,4),(2,
2),(-0.0826068590343952,-0.0403870566824967,0.),(0.,0.002),
 .UNSPECIFIED.);
#257=B_SPLINE_SURFACE_WITH_KNOTS('',3,1,((#7466,#7467),(#7468,#7469),(#7470,
#7471),(#7472,#7473),(#7474,#7475)),.UNSPECIFIED.,.F.,.F.,.F.,(4,1,4),(2,
2),(-0.100443894813985,-0.0520342799113428,0.),(0.,0.002),.UNSPECIFIED.);
#258=B_SPLINE_SURFACE_WITH_KNOTS('',3,1,((#7489,#7490),(#7491,#7492),(#7493,
#7494),(#7495,#7496),(#7497,#7498)),.UNSPECIFIED.,.F.,.F.,.F.,(4,1,4),(2,
2),(-0.110861647134412,-0.0509536568155599,0.),(0.,0.002),.UNSPECIFIED.);
#259=B_SPLINE_SURFACE_WITH_KNOTS('',3,1,((#7512,#7513),(#7514,#7515),(#7516,
#7517),(#7518,#7519),(#7520,#7521)),.UNSPECIFIED.,.F.,.F.,.F.,(4,1,4),(2,
2),(-0.0686084514858678,-0.0359812777837778,0.),(0.,0.002),
 .UNSPECIFIED.);
#260=B_SPLINE_SURFACE_WITH_KNOTS('',3,1,((#7535,#7536),(#7537,#7538),(#7539,
#7540),(#7541,#7542),(#7543,#7544)),.UNSPECIFIED.,.F.,.F.,.F.,(4,1,4),(2,
2),(-0.0995492528158392,-0.0404026481775626,0.),(0.,0.002),
 .UNSPECIFIED.);
#261=B_SPLINE_SURFACE_WITH_KNOTS('',3,1,((#7576,#7577),(#7578,#7579),(#7580,
#7581),(#7582,#7583),(#7584,#7585)),.UNSPECIFIED.,.F.,.F.,.F.,(4,1,4),(2,
2),(-0.0907795041761558,-0.0577208628733108,0.),(0.,0.002),
 .UNSPECIFIED.);
#262=B_SPLINE_SURFACE_WITH_KNOTS('',3,1,((#7599,#7600),(#7601,#7602),(#7603,
#7604),(#7605,#7606),(#7607,#7608)),.UNSPECIFIED.,.F.,.F.,.F.,(4,1,4),(2,
2),(-0.0370655252877805,-0.0195236374319565,0.),(0.,0.002),
 .UNSPECIFIED.);
#263=B_SPLINE_SURFACE_WITH_KNOTS('',3,1,((#7622,#7623),(#7624,#7625),(#7626,
#7627),(#7628,#7629),(#7630,#7631)),.UNSPECIFIED.,.F.,.F.,.F.,(4,1,4),(2,
2),(-0.0512769478391082,-0.0211451720416272,0.),(0.,0.002),
 .UNSPECIFIED.);
#264=B_SPLINE_SURFACE_WITH_KNOTS('',3,1,((#7827,#7828),(#7829,#7830),(#7831,
#7832),(#7833,#7834),(#7835,#7836)),.UNSPECIFIED.,.F.,.F.,.F.,(4,1,4),(2,
2),(-0.0910753785464733,-0.0590239673534624,0.),(0.,0.002),
 .UNSPECIFIED.);
#265=B_SPLINE_SURFACE_WITH_KNOTS('',3,1,((#7850,#7851),(#7852,#7853),(#7854,
#7855),(#7856,#7857),(#7858,#7859)),.UNSPECIFIED.,.F.,.F.,.F.,(4,1,4),(2,
2),(-0.0358235446547108,-0.0181528637570677,0.),(0.,0.002),
 .UNSPECIFIED.);
#266=B_SPLINE_SURFACE_WITH_KNOTS('',3,1,((#7873,#7874),(#7875,#7876),(#7877,
#7878),(#7879,#7880),(#7881,#7882)),.UNSPECIFIED.,.F.,.F.,.F.,(4,1,4),(2,
2),(-0.0393372780443502,-0.0185449751843145,0.),(0.,0.002),
 .UNSPECIFIED.);
#267=B_SPLINE_SURFACE_WITH_KNOTS('',3,1,((#7896,#7897),(#7898,#7899),(#7900,
#7901),(#7902,#7903),(#7904,#7905)),.UNSPECIFIED.,.F.,.F.,.F.,(4,1,4),(2,
2),(-0.0436531087227054,-0.0230559977399933,0.),(0.,0.002),
 .UNSPECIFIED.);
#268=B_SPLINE_SURFACE_WITH_KNOTS('',3,1,((#7919,#7920),(#7921,#7922),(#7923,
#7924),(#7925,#7926),(#7927,#7928)),.UNSPECIFIED.,.F.,.F.,.F.,(4,1,4),(2,
2),(-0.0434623325751134,-0.0205953454733992,0.),(0.,0.002),
 .UNSPECIFIED.);
#269=B_SPLINE_SURFACE_WITH_KNOTS('',3,1,((#7942,#7943),(#7944,#7945),(#7946,
#7947),(#7948,#7949),(#7950,#7951)),.UNSPECIFIED.,.F.,.F.,.F.,(4,1,4),(2,
2),(-0.0737049266992167,-0.0245898025338346,0.),(0.,0.002),
 .UNSPECIFIED.);
#270=B_SPLINE_SURFACE_WITH_KNOTS('',3,1,((#7989,#7990),(#7991,#7992),(#7993,
#7994),(#7995,#7996),(#7997,#7998)),.UNSPECIFIED.,.F.,.F.,.F.,(4,1,4),(2,
2),(-0.117622943846051,-0.0692752846880493,0.),(0.,0.002),.UNSPECIFIED.);
#271=B_SPLINE_SURFACE_WITH_KNOTS('',3,1,((#8012,#8013),(#8014,#8015),(#8016,
#8017),(#8018,#8019),(#8020,#8021)),.UNSPECIFIED.,.F.,.F.,.F.,(4,1,4),(2,
2),(-0.076415122177025,-0.0376768657732113,0.),(0.,0.002),.UNSPECIFIED.);
#272=B_SPLINE_SURFACE_WITH_KNOTS('',3,1,((#8035,#8036),(#8037,#8038),(#8039,
#8040),(#8041,#8042),(#8043,#8044)),.UNSPECIFIED.,.F.,.F.,.F.,(4,1,4),(2,
2),(-0.0826067953043416,-0.0403870083604572,0.),(0.,0.002),
 .UNSPECIFIED.);
#273=B_SPLINE_SURFACE_WITH_KNOTS('',3,1,((#8058,#8059),(#8060,#8061),(#8062,
#8063),(#8064,#8065),(#8066,#8067)),.UNSPECIFIED.,.F.,.F.,.F.,(4,1,4),(2,
2),(-0.100443894813985,-0.0520342799113428,0.),(0.,0.002),.UNSPECIFIED.);
#274=B_SPLINE_SURFACE_WITH_KNOTS('',3,1,((#8081,#8082),(#8083,#8084),(#8085,
#8086),(#8087,#8088),(#8089,#8090)),.UNSPECIFIED.,.F.,.F.,.F.,(4,1,4),(2,
2),(-0.110861435887499,-0.0509535602645912,0.),(0.,0.002),.UNSPECIFIED.);
#275=B_SPLINE_SURFACE_WITH_KNOTS('',3,1,((#8104,#8105),(#8106,#8107),(#8108,
#8109),(#8110,#8111),(#8112,#8113)),.UNSPECIFIED.,.F.,.F.,.F.,(4,1,4),(2,
2),(-0.0686083631654537,-0.0359812777837778,0.),(0.,0.002),
 .UNSPECIFIED.);
#276=B_SPLINE_SURFACE_WITH_KNOTS('',3,1,((#8127,#8128),(#8129,#8130),(#8131,
#8132),(#8133,#8134),(#8135,#8136)),.UNSPECIFIED.,.F.,.F.,.F.,(4,1,4),(2,
2),(-0.0995493182057053,-0.0404026481775626,0.),(0.,0.002),
 .UNSPECIFIED.);
#277=B_SPLINE_SURFACE_WITH_KNOTS('',3,1,((#8168,#8169),(#8170,#8171),(#8172,
#8173),(#8174,#8175),(#8176,#8177)),.UNSPECIFIED.,.F.,.F.,.F.,(4,1,4),(2,
2),(-0.0907795410724112,-0.0577208628733108,0.),(0.,0.002),
 .UNSPECIFIED.);
#278=B_SPLINE_SURFACE_WITH_KNOTS('',3,1,((#8191,#8192),(#8193,#8194),(#8195,
#8196),(#8197,#8198),(#8199,#8200)),.UNSPECIFIED.,.F.,.F.,.F.,(4,1,4),(2,
2),(-0.0370654642832984,-0.0195236824658979,0.),(0.,0.002),
 .UNSPECIFIED.);
#279=B_SPLINE_SURFACE_WITH_KNOTS('',3,1,((#8214,#8215),(#8216,#8217),(#8218,
#8219),(#8220,#8221),(#8222,#8223)),.UNSPECIFIED.,.F.,.F.,.F.,(4,1,4),(2,
2),(-0.0512769478391082,-0.0211451720416272,0.),(0.,0.002),
 .UNSPECIFIED.);
#280=B_SPLINE_SURFACE_WITH_KNOTS('',3,1,((#8349,#8350),(#8351,#8352),(#8353,
#8354),(#8355,#8356),(#8357,#8358)),.UNSPECIFIED.,.F.,.F.,.F.,(4,1,4),(2,
2),(-0.0804188681418788,-0.0498339918478888,0.),(0.,0.002),
 .UNSPECIFIED.);
#281=B_SPLINE_SURFACE_WITH_KNOTS('',3,1,((#8372,#8373),(#8374,#8375),(#8376,
#8377),(#8378,#8379),(#8380,#8381)),.UNSPECIFIED.,.F.,.F.,.F.,(4,1,4),(2,
2),(-0.0404525495842206,-0.0205762091188931,0.),(0.,0.002),
 .UNSPECIFIED.);
#282=B_SPLINE_SURFACE_WITH_KNOTS('',3,1,((#8395,#8396),(#8397,#8398),(#8399,
#8400),(#8401,#8402),(#8403,#8404)),.UNSPECIFIED.,.F.,.F.,.F.,(4,1,4),(2,
2),(-0.0410047810281168,-0.0200046665294916,0.),(0.,0.002),
 .UNSPECIFIED.);
#283=B_SPLINE_SURFACE_WITH_KNOTS('',3,1,((#8418,#8419),(#8420,#8421),(#8422,
#8423),(#8424,#8425),(#8426,#8427)),.UNSPECIFIED.,.F.,.F.,.F.,(4,1,4),(2,
2),(-0.0486588498900675,-0.0252181561308366,0.),(0.,0.002),
 .UNSPECIFIED.);
#284=B_SPLINE_SURFACE_WITH_KNOTS('',3,1,((#8441,#8442),(#8443,#8444),(#8445,
#8446),(#8447,#8448),(#8449,#8450)),.UNSPECIFIED.,.F.,.F.,.F.,(4,1,4),(2,
2),(-0.0469132234269841,-0.0231838500441945,0.),(0.,0.002),
 .UNSPECIFIED.);
#285=B_SPLINE_SURFACE_WITH_KNOTS('',3,1,((#8464,#8465),(#8466,#8467),(#8468,
#8469),(#8470,#8471),(#8472,#8473)),.UNSPECIFIED.,.F.,.F.,.F.,(4,1,4),(2,
2),(-0.0727747534682477,-0.0273198819645234,0.),(0.,0.002),
 .UNSPECIFIED.);
#286=B_SPLINE_SURFACE_WITH_KNOTS('',3,1,((#8505,#8506),(#8507,#8508),(#8509,
#8510),(#8511,#8512),(#8513,#8514)),.UNSPECIFIED.,.F.,.F.,.F.,(4,1,4),(2,
2),(-0.120436168442882,-0.0760804446727118,0.),(0.,0.002),.UNSPECIFIED.);
#287=B_SPLINE_SURFACE_WITH_KNOTS('',3,1,((#8528,#8529),(#8530,#8531),(#8532,
#8533),(#8534,#8535),(#8536,#8537)),.UNSPECIFIED.,.F.,.F.,.F.,(4,1,4),(2,
2),(-0.0882903202398855,-0.0433315527191858,0.),(0.,0.002),
 .UNSPECIFIED.);
#288=B_SPLINE_SURFACE_WITH_KNOTS('',3,1,((#8551,#8552),(#8553,#8554),(#8555,
#8556),(#8557,#8558),(#8559,#8560)),.UNSPECIFIED.,.F.,.F.,.F.,(4,1,4),(2,
2),(-0.103020867733362,-0.0483517293822014,0.),(0.,0.002),.UNSPECIFIED.);
#289=B_SPLINE_SURFACE_WITH_KNOTS('',3,1,((#8574,#8575),(#8576,#8577),(#8578,
#8579),(#8580,#8581),(#8582,#8583)),.UNSPECIFIED.,.F.,.F.,.F.,(4,1,4),(2,
2),(-0.0798010858150602,-0.0425826959902514,0.),(0.,0.002),
 .UNSPECIFIED.);
#290=B_SPLINE_SURFACE_WITH_KNOTS('',3,1,((#8597,#8598),(#8599,#8600),(#8601,
#8602),(#8603,#8604),(#8605,#8606)),.UNSPECIFIED.,.F.,.F.,.F.,(4,1,4),(2,
2),(-0.0655223178401961,-0.0338301452101352,0.),(0.,0.002),
 .UNSPECIFIED.);
#291=B_SPLINE_SURFACE_WITH_KNOTS('',3,1,((#8620,#8621),(#8622,#8623),(#8624,
#8625),(#8626,#8627),(#8628,#8629)),.UNSPECIFIED.,.F.,.F.,.F.,(4,1,4),(2,
2),(-0.0577510496268834,-0.0299247085041431,0.),(0.,0.002),
 .UNSPECIFIED.);
#292=B_SPLINE_SURFACE_WITH_KNOTS('',3,1,((#8643,#8644),(#8645,#8646),(#8647,
#8648),(#8649,#8650),(#8651,#8652)),.UNSPECIFIED.,.F.,.F.,.F.,(4,1,4),(2,
2),(-0.105057995666064,-0.0445778304085508,0.),(0.,0.002),.UNSPECIFIED.);
#293=FACE_BOUND('',#733,.T.);
#294=FACE_BOUND('',#735,.T.);
#295=FACE_BOUND('',#764,.T.);
#296=FACE_BOUND('',#766,.T.);
#297=FACE_BOUND('',#827,.T.);
#298=FACE_BOUND('',#829,.T.);
#299=FACE_BOUND('',#889,.T.);
#300=FACE_BOUND('',#891,.T.);
#301=FACE_BOUND('',#929,.T.);
#302=FACE_BOUND('',#931,.T.);
#303=FACE_BOUND('',#950,.T.);
#304=FACE_BOUND('',#952,.T.);
#305=FACE_BOUND('',#958,.T.);
#306=FACE_BOUND('',#960,.T.);
#307=FACE_BOUND('',#964,.T.);
#308=FACE_BOUND('',#965,.T.);
#309=FACE_BOUND('',#966,.T.);
#310=FACE_BOUND('',#967,.T.);
#311=FACE_BOUND('',#968,.T.);
#312=FACE_BOUND('',#969,.T.);
#313=FACE_BOUND('',#970,.T.);
#314=FACE_BOUND('',#971,.T.);
#315=FACE_BOUND('',#972,.T.);
#316=FACE_BOUND('',#973,.T.);
#317=FACE_BOUND('',#974,.T.);
#318=FACE_BOUND('',#975,.T.);
#319=FACE_BOUND('',#999,.T.);
#320=FACE_BOUND('',#1000,.T.);
#321=FACE_BOUND('',#1001,.T.);
#322=FACE_BOUND('',#1002,.T.);
#323=FACE_BOUND('',#1003,.T.);
#324=FACE_BOUND('',#1004,.T.);
#325=FACE_BOUND('',#1005,.T.);
#326=FACE_BOUND('',#1006,.T.);
#327=FACE_BOUND('',#1007,.T.);
#328=FACE_BOUND('',#1008,.T.);
#329=FACE_BOUND('',#1009,.T.);
#330=FACE_BOUND('',#1010,.T.);
#331=STYLED_ITEM('',(#8963),#348);
#332=STYLED_ITEM('',(#8963),#349);
#333=STYLED_ITEM('',(#8963),#350);
#334=STYLED_ITEM('',(#8963),#351);
#335=STYLED_ITEM('',(#8963),#352);
#336=STYLED_ITEM('',(#8963),#353);
#337=STYLED_ITEM('',(#8963),#354);
#338=STYLED_ITEM('',(#8963),#355);
#339=STYLED_ITEM('',(#8963),#356);
#340=STYLED_ITEM('',(#8963),#357);
#341=STYLED_ITEM('',(#8963),#358);
#342=STYLED_ITEM('',(#8963),#359);
#343=STYLED_ITEM('',(#8963),#360);
#344=STYLED_ITEM('',(#8963),#361);
#345=STYLED_ITEM('',(#8963),#362);
#346=STYLED_ITEM('',(#8964),#363);
#347=STYLED_ITEM('',(#8965),#12);
#348=MANIFOLD_SOLID_BREP('Body1',#4829);
#349=MANIFOLD_SOLID_BREP('Body2',#4830);
#350=MANIFOLD_SOLID_BREP('Body3',#4831);
#351=MANIFOLD_SOLID_BREP('Body4',#4832);
#352=MANIFOLD_SOLID_BREP('Body5',#4833);
#353=MANIFOLD_SOLID_BREP('Body6',#4834);
#354=MANIFOLD_SOLID_BREP('Body7',#4835);
#355=MANIFOLD_SOLID_BREP('Body8',#4836);
#356=MANIFOLD_SOLID_BREP('Body9',#4837);
#357=MANIFOLD_SOLID_BREP('Body10',#4838);
#358=MANIFOLD_SOLID_BREP('Body11',#4839);
#359=MANIFOLD_SOLID_BREP('Body12',#4840);
#360=MANIFOLD_SOLID_BREP('Body13',#4841);
#361=MANIFOLD_SOLID_BREP('Body14',#4842);
#362=MANIFOLD_SOLID_BREP('Body15',#4843);
#363=MANIFOLD_SOLID_BREP('Plate',#4844);
#364=CIRCLE('',#4861,12.);
#365=CIRCLE('',#4862,12.);
#366=CIRCLE('',#4867,13.);
#367=CIRCLE('',#4868,13.);
#368=CIRCLE('',#4873,13.);
#369=CIRCLE('',#4874,13.);
#370=CIRCLE('',#4879,13.);
#371=CIRCLE('',#4880,13.);
#372=CIRCLE('',#4886,2.);
#373=CIRCLE('',#4887,2.);
#374=CIRCLE('',#4890,3.);
#375=CIRCLE('',#4891,3.);
#376=CIRCLE('',#5004,3.);
#377=CIRCLE('',#5005,3.);
#378=CIRCLE('',#5009,2.);
#379=CIRCLE('',#5010,2.);
#380=CIRCLE('',#5014,3.);
#381=CIRCLE('',#5015,3.);
#382=CIRCLE('',#5021,2.);
#383=CIRCLE('',#5022,2.);
#384=CIRCLE('',#5024,3.);
#385=CIRCLE('',#5025,3.);
#386=CIRCLE('',#5029,4.);
#387=CIRCLE('',#5030,4.);
#388=CIRCLE('',#5033,4.);
#389=CIRCLE('',#5034,4.);
#390=CIRCLE('',#5035,4.);
#391=CIRCLE('',#5036,3.15);
#392=CIRCLE('',#5037,3.15);
#393=CIRCLE('',#5038,3.15);
#394=CIRCLE('',#5039,3.15);
#395=CIRCLE('',#5040,6.);
#396=CIRCLE('',#5041,4.125);
#397=CIRCLE('',#5042,4.125);
#398=CIRCLE('',#5043,6.);
#399=CIRCLE('',#5044,4.125);
#400=CIRCLE('',#5045,3.5);
#401=CIRCLE('',#5046,6.);
#402=CIRCLE('',#5047,3.5);
#403=CIRCLE('',#5049,4.);
#404=CIRCLE('',#5052,4.);
#405=CIRCLE('',#5055,4.);
#406=CIRCLE('',#5057,1.7);
#407=CIRCLE('',#5059,1.7);
#408=CIRCLE('',#5061,1.7);
#409=CIRCLE('',#5063,1.7);
#410=CIRCLE('',#5065,1.7);
#411=CIRCLE('',#5067,1.7);
#412=CIRCLE('',#5069,1.7);
#413=CIRCLE('',#5071,1.7);
#414=CIRCLE('',#5073,3.5);
#415=CIRCLE('',#5075,6.);
#416=CIRCLE('',#5077,3.5);
#417=CIRCLE('',#5079,4.125);
#418=CIRCLE('',#5081,6.);
#419=CIRCLE('',#5083,4.125);
#420=CIRCLE('',#5085,4.125);
#421=CIRCLE('',#5087,6.);
#422=CYLINDRICAL_SURFACE('',#4860,12.);
#423=CYLINDRICAL_SURFACE('',#4866,13.);
#424=CYLINDRICAL_SURFACE('',#4872,13.);
#425=CYLINDRICAL_SURFACE('',#4878,13.);
#426=CYLINDRICAL_SURFACE('',#4885,2.);
#427=CYLINDRICAL_SURFACE('',#4889,3.);
#428=CYLINDRICAL_SURFACE('',#5003,3.);
#429=CYLINDRICAL_SURFACE('',#5008,2.);
#430=CYLINDRICAL_SURFACE('',#5013,3.);
#431=CYLINDRICAL_SURFACE('',#5020,2.);
#432=CYLINDRICAL_SURFACE('',#5023,3.);
#433=CYLINDRICAL_SURFACE('',#5028,4.);
#434=CYLINDRICAL_SURFACE('',#5048,4.);
#435=CYLINDRICAL_SURFACE('',#5051,4.);
#436=CYLINDRICAL_SURFACE('',#5054,4.);
#437=CYLINDRICAL_SURFACE('',#5058,1.7);
#438=CYLINDRICAL_SURFACE('',#5062,1.7);
#439=CYLINDRICAL_SURFACE('',#5066,1.7);
#440=CYLINDRICAL_SURFACE('',#5070,1.7);
#441=CYLINDRICAL_SURFACE('',#5072,3.5);
#442=CYLINDRICAL_SURFACE('',#5074,6.);
#443=CYLINDRICAL_SURFACE('',#5076,3.5);
#444=CYLINDRICAL_SURFACE('',#5078,4.125);
#445=CYLINDRICAL_SURFACE('',#5080,6.);
#446=CYLINDRICAL_SURFACE('',#5082,4.125);
#447=CYLINDRICAL_SURFACE('',#5084,4.125);
#448=CYLINDRICAL_SURFACE('',#5086,6.);
#449=FACE_OUTER_BOUND('',#711,.T.);
#450=FACE_OUTER_BOUND('',#712,.T.);
#451=FACE_OUTER_BOUND('',#713,.T.);
#452=FACE_OUTER_BOUND('',#714,.T.);
#453=FACE_OUTER_BOUND('',#715,.T.);
#454=FACE_OUTER_BOUND('',#716,.T.);
#455=FACE_OUTER_BOUND('',#717,.T.);
#456=FACE_OUTER_BOUND('',#718,.T.);
#457=FACE_OUTER_BOUND('',#719,.T.);
#458=FACE_OUTER_BOUND('',#720,.T.);
#459=FACE_OUTER_BOUND('',#721,.T.);
#460=FACE_OUTER_BOUND('',#722,.T.);
#461=FACE_OUTER_BOUND('',#723,.T.);
#462=FACE_OUTER_BOUND('',#724,.T.);
#463=FACE_OUTER_BOUND('',#725,.T.);
#464=FACE_OUTER_BOUND('',#726,.T.);
#465=FACE_OUTER_BOUND('',#727,.T.);
#466=FACE_OUTER_BOUND('',#728,.T.);
#467=FACE_OUTER_BOUND('',#729,.T.);
#468=FACE_OUTER_BOUND('',#730,.T.);
#469=FACE_OUTER_BOUND('',#731,.T.);
#470=FACE_OUTER_BOUND('',#732,.T.);
#471=FACE_OUTER_BOUND('',#734,.T.);
#472=FACE_OUTER_BOUND('',#736,.T.);
#473=FACE_OUTER_BOUND('',#737,.T.);
#474=FACE_OUTER_BOUND('',#738,.T.);
#475=FACE_OUTER_BOUND('',#739,.T.);
#476=FACE_OUTER_BOUND('',#740,.T.);
#477=FACE_OUTER_BOUND('',#741,.T.);
#478=FACE_OUTER_BOUND('',#742,.T.);
#479=FACE_OUTER_BOUND('',#743,.T.);
#480=FACE_OUTER_BOUND('',#744,.T.);
#481=FACE_OUTER_BOUND('',#745,.T.);
#482=FACE_OUTER_BOUND('',#746,.T.);
#483=FACE_OUTER_BOUND('',#747,.T.);
#484=FACE_OUTER_BOUND('',#748,.T.);
#485=FACE_OUTER_BOUND('',#749,.T.);
#486=FACE_OUTER_BOUND('',#750,.T.);
#487=FACE_OUTER_BOUND('',#751,.T.);
#488=FACE_OUTER_BOUND('',#752,.T.);
#489=FACE_OUTER_BOUND('',#753,.T.);
#490=FACE_OUTER_BOUND('',#754,.T.);
#491=FACE_OUTER_BOUND('',#755,.T.);
#492=FACE_OUTER_BOUND('',#756,.T.);
#493=FACE_OUTER_BOUND('',#757,.T.);
#494=FACE_OUTER_BOUND('',#758,.T.);
#495=FACE_OUTER_BOUND('',#759,.T.);
#496=FACE_OUTER_BOUND('',#760,.T.);
#497=FACE_OUTER_BOUND('',#761,.T.);
#498=FACE_OUTER_BOUND('',#762,.T.);
#499=FACE_OUTER_BOUND('',#763,.T.);
#500=FACE_OUTER_BOUND('',#765,.T.);
#501=FACE_OUTER_BOUND('',#767,.T.);
#502=FACE_OUTER_BOUND('',#768,.T.);
#503=FACE_OUTER_BOUND('',#769,.T.);
#504=FACE_OUTER_BOUND('',#770,.T.);
#505=FACE_OUTER_BOUND('',#771,.T.);
#506=FACE_OUTER_BOUND('',#772,.T.);
#507=FACE_OUTER_BOUND('',#773,.T.);
#508=FACE_OUTER_BOUND('',#774,.T.);
#509=FACE_OUTER_BOUND('',#775,.T.);
#510=FACE_OUTER_BOUND('',#776,.T.);
#511=FACE_OUTER_BOUND('',#777,.T.);
#512=FACE_OUTER_BOUND('',#778,.T.);
#513=FACE_OUTER_BOUND('',#779,.T.);
#514=FACE_OUTER_BOUND('',#780,.T.);
#515=FACE_OUTER_BOUND('',#781,.T.);
#516=FACE_OUTER_BOUND('',#782,.T.);
#517=FACE_OUTER_BOUND('',#783,.T.);
#518=FACE_OUTER_BOUND('',#784,.T.);
#519=FACE_OUTER_BOUND('',#785,.T.);
#520=FACE_OUTER_BOUND('',#786,.T.);
#521=FACE_OUTER_BOUND('',#787,.T.);
#522=FACE_OUTER_BOUND('',#788,.T.);
#523=FACE_OUTER_BOUND('',#789,.T.);
#524=FACE_OUTER_BOUND('',#790,.T.);
#525=FACE_OUTER_BOUND('',#791,.T.);
#526=FACE_OUTER_BOUND('',#792,.T.);
#527=FACE_OUTER_BOUND('',#793,.T.);
#528=FACE_OUTER_BOUND('',#794,.T.);
#529=FACE_OUTER_BOUND('',#795,.T.);
#530=FACE_OUTER_BOUND('',#796,.T.);
#531=FACE_OUTER_BOUND('',#797,.T.);
#532=FACE_OUTER_BOUND('',#798,.T.);
#533=FACE_OUTER_BOUND('',#799,.T.);
#534=FACE_OUTER_BOUND('',#800,.T.);
#535=FACE_OUTER_BOUND('',#801,.T.);
#536=FACE_OUTER_BOUND('',#802,.T.);
#537=FACE_OUTER_BOUND('',#803,.T.);
#538=FACE_OUTER_BOUND('',#804,.T.);
#539=FACE_OUTER_BOUND('',#805,.T.);
#540=FACE_OUTER_BOUND('',#806,.T.);
#541=FACE_OUTER_BOUND('',#807,.T.);
#542=FACE_OUTER_BOUND('',#808,.T.);
#543=FACE_OUTER_BOUND('',#809,.T.);
#544=FACE_OUTER_BOUND('',#810,.T.);
#545=FACE_OUTER_BOUND('',#811,.T.);
#546=FACE_OUTER_BOUND('',#812,.T.);
#547=FACE_OUTER_BOUND('',#813,.T.);
#548=FACE_OUTER_BOUND('',#814,.T.);
#549=FACE_OUTER_BOUND('',#815,.T.);
#550=FACE_OUTER_BOUND('',#816,.T.);
#551=FACE_OUTER_BOUND('',#817,.T.);
#552=FACE_OUTER_BOUND('',#818,.T.);
#553=FACE_OUTER_BOUND('',#819,.T.);
#554=FACE_OUTER_BOUND('',#820,.T.);
#555=FACE_OUTER_BOUND('',#821,.T.);
#556=FACE_OUTER_BOUND('',#822,.T.);
#557=FACE_OUTER_BOUND('',#823,.T.);
#558=FACE_OUTER_BOUND('',#824,.T.);
#559=FACE_OUTER_BOUND('',#825,.T.);
#560=FACE_OUTER_BOUND('',#826,.T.);
#561=FACE_OUTER_BOUND('',#828,.T.);
#562=FACE_OUTER_BOUND('',#830,.T.);
#563=FACE_OUTER_BOUND('',#831,.T.);
#564=FACE_OUTER_BOUND('',#832,.T.);
#565=FACE_OUTER_BOUND('',#833,.T.);
#566=FACE_OUTER_BOUND('',#834,.T.);
#567=FACE_OUTER_BOUND('',#835,.T.);
#568=FACE_OUTER_BOUND('',#836,.T.);
#569=FACE_OUTER_BOUND('',#837,.T.);
#570=FACE_OUTER_BOUND('',#838,.T.);
#571=FACE_OUTER_BOUND('',#839,.T.);
#572=FACE_OUTER_BOUND('',#840,.T.);
#573=FACE_OUTER_BOUND('',#841,.T.);
#574=FACE_OUTER_BOUND('',#842,.T.);
#575=FACE_OUTER_BOUND('',#843,.T.);
#576=FACE_OUTER_BOUND('',#844,.T.);
#577=FACE_OUTER_BOUND('',#845,.T.);
#578=FACE_OUTER_BOUND('',#846,.T.);
#579=FACE_OUTER_BOUND('',#847,.T.);
#580=FACE_OUTER_BOUND('',#848,.T.);
#581=FACE_OUTER_BOUND('',#849,.T.);
#582=FACE_OUTER_BOUND('',#850,.T.);
#583=FACE_OUTER_BOUND('',#851,.T.);
#584=FACE_OUTER_BOUND('',#852,.T.);
#585=FACE_OUTER_BOUND('',#853,.T.);
#586=FACE_OUTER_BOUND('',#854,.T.);
#587=FACE_OUTER_BOUND('',#855,.T.);
#588=FACE_OUTER_BOUND('',#856,.T.);
#589=FACE_OUTER_BOUND('',#857,.T.);
#590=FACE_OUTER_BOUND('',#858,.T.);
#591=FACE_OUTER_BOUND('',#859,.T.);
#592=FACE_OUTER_BOUND('',#860,.T.);
#593=FACE_OUTER_BOUND('',#861,.T.);
#594=FACE_OUTER_BOUND('',#862,.T.);
#595=FACE_OUTER_BOUND('',#863,.T.);
#596=FACE_OUTER_BOUND('',#864,.T.);
#597=FACE_OUTER_BOUND('',#865,.T.);
#598=FACE_OUTER_BOUND('',#866,.T.);
#599=FACE_OUTER_BOUND('',#867,.T.);
#600=FACE_OUTER_BOUND('',#868,.T.);
#601=FACE_OUTER_BOUND('',#869,.T.);
#602=FACE_OUTER_BOUND('',#870,.T.);
#603=FACE_OUTER_BOUND('',#871,.T.);
#604=FACE_OUTER_BOUND('',#872,.T.);
#605=FACE_OUTER_BOUND('',#873,.T.);
#606=FACE_OUTER_BOUND('',#874,.T.);
#607=FACE_OUTER_BOUND('',#875,.T.);
#608=FACE_OUTER_BOUND('',#876,.T.);
#609=FACE_OUTER_BOUND('',#877,.T.);
#610=FACE_OUTER_BOUND('',#878,.T.);
#611=FACE_OUTER_BOUND('',#879,.T.);
#612=FACE_OUTER_BOUND('',#880,.T.);
#613=FACE_OUTER_BOUND('',#881,.T.);
#614=FACE_OUTER_BOUND('',#882,.T.);
#615=FACE_OUTER_BOUND('',#883,.T.);
#616=FACE_OUTER_BOUND('',#884,.T.);
#617=FACE_OUTER_BOUND('',#885,.T.);
#618=FACE_OUTER_BOUND('',#886,.T.);
#619=FACE_OUTER_BOUND('',#887,.T.);
#620=FACE_OUTER_BOUND('',#888,.T.);
#621=FACE_OUTER_BOUND('',#890,.T.);
#622=FACE_OUTER_BOUND('',#892,.T.);
#623=FACE_OUTER_BOUND('',#893,.T.);
#624=FACE_OUTER_BOUND('',#894,.T.);
#625=FACE_OUTER_BOUND('',#895,.T.);
#626=FACE_OUTER_BOUND('',#896,.T.);
#627=FACE_OUTER_BOUND('',#897,.T.);
#628=FACE_OUTER_BOUND('',#898,.T.);
#629=FACE_OUTER_BOUND('',#899,.T.);
#630=FACE_OUTER_BOUND('',#900,.T.);
#631=FACE_OUTER_BOUND('',#901,.T.);
#632=FACE_OUTER_BOUND('',#902,.T.);
#633=FACE_OUTER_BOUND('',#903,.T.);
#634=FACE_OUTER_BOUND('',#904,.T.);
#635=FACE_OUTER_BOUND('',#905,.T.);
#636=FACE_OUTER_BOUND('',#906,.T.);
#637=FACE_OUTER_BOUND('',#907,.T.);
#638=FACE_OUTER_BOUND('',#908,.T.);
#639=FACE_OUTER_BOUND('',#909,.T.);
#640=FACE_OUTER_BOUND('',#910,.T.);
#641=FACE_OUTER_BOUND('',#911,.T.);
#642=FACE_OUTER_BOUND('',#912,.T.);
#643=FACE_OUTER_BOUND('',#913,.T.);
#644=FACE_OUTER_BOUND('',#914,.T.);
#645=FACE_OUTER_BOUND('',#915,.T.);
#646=FACE_OUTER_BOUND('',#916,.T.);
#647=FACE_OUTER_BOUND('',#917,.T.);
#648=FACE_OUTER_BOUND('',#918,.T.);
#649=FACE_OUTER_BOUND('',#919,.T.);
#650=FACE_OUTER_BOUND('',#920,.T.);
#651=FACE_OUTER_BOUND('',#921,.T.);
#652=FACE_OUTER_BOUND('',#922,.T.);
#653=FACE_OUTER_BOUND('',#923,.T.);
#654=FACE_OUTER_BOUND('',#924,.T.);
#655=FACE_OUTER_BOUND('',#925,.T.);
#656=FACE_OUTER_BOUND('',#926,.T.);
#657=FACE_OUTER_BOUND('',#927,.T.);
#658=FACE_OUTER_BOUND('',#928,.T.);
#659=FACE_OUTER_BOUND('',#930,.T.);
#660=FACE_OUTER_BOUND('',#932,.T.);
#661=FACE_OUTER_BOUND('',#933,.T.);
#662=FACE_OUTER_BOUND('',#934,.T.);
#663=FACE_OUTER_BOUND('',#935,.T.);
#664=FACE_OUTER_BOUND('',#936,.T.);
#665=FACE_OUTER_BOUND('',#937,.T.);
#666=FACE_OUTER_BOUND('',#938,.T.);
#667=FACE_OUTER_BOUND('',#939,.T.);
#668=FACE_OUTER_BOUND('',#940,.T.);
#669=FACE_OUTER_BOUND('',#941,.T.);
#670=FACE_OUTER_BOUND('',#942,.T.);
#671=FACE_OUTER_BOUND('',#943,.T.);
#672=FACE_OUTER_BOUND('',#944,.T.);
#673=FACE_OUTER_BOUND('',#945,.T.);
#674=FACE_OUTER_BOUND('',#946,.T.);
#675=FACE_OUTER_BOUND('',#947,.T.);
#676=FACE_OUTER_BOUND('',#948,.T.);
#677=FACE_OUTER_BOUND('',#949,.T.);
#678=FACE_OUTER_BOUND('',#951,.T.);
#679=FACE_OUTER_BOUND('',#953,.T.);
#680=FACE_OUTER_BOUND('',#954,.T.);
#681=FACE_OUTER_BOUND('',#955,.T.);
#682=FACE_OUTER_BOUND('',#956,.T.);
#683=FACE_OUTER_BOUND('',#957,.T.);
#684=FACE_OUTER_BOUND('',#959,.T.);
#685=FACE_OUTER_BOUND('',#961,.T.);
#686=FACE_OUTER_BOUND('',#962,.T.);
#687=FACE_OUTER_BOUND('',#963,.T.);
#688=FACE_OUTER_BOUND('',#976,.T.);
#689=FACE_OUTER_BOUND('',#977,.T.);
#690=FACE_OUTER_BOUND('',#978,.T.);
#691=FACE_OUTER_BOUND('',#979,.T.);
#692=FACE_OUTER_BOUND('',#980,.T.);
#693=FACE_OUTER_BOUND('',#981,.T.);
#694=FACE_OUTER_BOUND('',#982,.T.);
#695=FACE_OUTER_BOUND('',#983,.T.);
#696=FACE_OUTER_BOUND('',#984,.T.);
#697=FACE_OUTER_BOUND('',#985,.T.);
#698=FACE_OUTER_BOUND('',#986,.T.);
#699=FACE_OUTER_BOUND('',#987,.T.);
#700=FACE_OUTER_BOUND('',#988,.T.);
#701=FACE_OUTER_BOUND('',#989,.T.);
#702=FACE_OUTER_BOUND('',#990,.T.);
#703=FACE_OUTER_BOUND('',#991,.T.);
#704=FACE_OUTER_BOUND('',#992,.T.);
#705=FACE_OUTER_BOUND('',#993,.T.);
#706=FACE_OUTER_BOUND('',#994,.T.);
#707=FACE_OUTER_BOUND('',#995,.T.);
#708=FACE_OUTER_BOUND('',#996,.T.);
#709=FACE_OUTER_BOUND('',#997,.T.);
#710=FACE_OUTER_BOUND('',#998,.T.);
#711=EDGE_LOOP('',(#3053,#3054,#3055,#3056));
#712=EDGE_LOOP('',(#3057,#3058,#3059,#3060));
#713=EDGE_LOOP('',(#3061,#3062,#3063,#3064));
#714=EDGE_LOOP('',(#3065,#3066,#3067,#3068));
#715=EDGE_LOOP('',(#3069,#3070,#3071,#3072));
#716=EDGE_LOOP('',(#3073,#3074,#3075,#3076));
#717=EDGE_LOOP('',(#3077,#3078,#3079,#3080));
#718=EDGE_LOOP('',(#3081,#3082,#3083,#3084));
#719=EDGE_LOOP('',(#3085,#3086,#3087,#3088));
#720=EDGE_LOOP('',(#3089,#3090,#3091,#3092));
#721=EDGE_LOOP('',(#3093,#3094,#3095,#3096));
#722=EDGE_LOOP('',(#3097,#3098,#3099,#3100));
#723=EDGE_LOOP('',(#3101,#3102,#3103,#3104));
#724=EDGE_LOOP('',(#3105,#3106,#3107,#3108));
#725=EDGE_LOOP('',(#3109,#3110,#3111,#3112));
#726=EDGE_LOOP('',(#3113,#3114,#3115,#3116));
#727=EDGE_LOOP('',(#3117,#3118,#3119,#3120,#3121,#3122,#3123,#3124,#3125,
#3126,#3127,#3128,#3129,#3130,#3131,#3132));
#728=EDGE_LOOP('',(#3133,#3134,#3135,#3136,#3137,#3138,#3139,#3140,#3141,
#3142,#3143,#3144,#3145,#3146,#3147,#3148));
#729=EDGE_LOOP('',(#3149,#3150,#3151,#3152));
#730=EDGE_LOOP('',(#3153,#3154,#3155,#3156));
#731=EDGE_LOOP('',(#3157,#3158,#3159,#3160));
#732=EDGE_LOOP('',(#3161));
#733=EDGE_LOOP('',(#3162,#3163));
#734=EDGE_LOOP('',(#3164));
#735=EDGE_LOOP('',(#3165,#3166));
#736=EDGE_LOOP('',(#3167,#3168,#3169,#3170));
#737=EDGE_LOOP('',(#3171,#3172,#3173,#3174));
#738=EDGE_LOOP('',(#3175,#3176,#3177,#3178));
#739=EDGE_LOOP('',(#3179,#3180,#3181,#3182));
#740=EDGE_LOOP('',(#3183,#3184,#3185,#3186));
#741=EDGE_LOOP('',(#3187,#3188,#3189,#3190));
#742=EDGE_LOOP('',(#3191,#3192,#3193,#3194));
#743=EDGE_LOOP('',(#3195,#3196,#3197,#3198));
#744=EDGE_LOOP('',(#3199,#3200,#3201,#3202));
#745=EDGE_LOOP('',(#3203,#3204,#3205,#3206));
#746=EDGE_LOOP('',(#3207,#3208,#3209,#3210));
#747=EDGE_LOOP('',(#3211,#3212,#3213,#3214));
#748=EDGE_LOOP('',(#3215,#3216,#3217,#3218));
#749=EDGE_LOOP('',(#3219,#3220,#3221,#3222));
#750=EDGE_LOOP('',(#3223,#3224,#3225,#3226));
#751=EDGE_LOOP('',(#3227,#3228,#3229,#3230));
#752=EDGE_LOOP('',(#3231,#3232,#3233,#3234));
#753=EDGE_LOOP('',(#3235,#3236,#3237,#3238));
#754=EDGE_LOOP('',(#3239,#3240,#3241,#3242));
#755=EDGE_LOOP('',(#3243,#3244,#3245,#3246));
#756=EDGE_LOOP('',(#3247,#3248,#3249,#3250));
#757=EDGE_LOOP('',(#3251,#3252,#3253,#3254));
#758=EDGE_LOOP('',(#3255,#3256,#3257,#3258));
#759=EDGE_LOOP('',(#3259,#3260,#3261,#3262));
#760=EDGE_LOOP('',(#3263,#3264,#3265,#3266));
#761=EDGE_LOOP('',(#3267,#3268,#3269,#3270));
#762=EDGE_LOOP('',(#3271,#3272,#3273,#3274));
#763=EDGE_LOOP('',(#3275,#3276,#3277,#3278,#3279,#3280,#3281,#3282,#3283,
#3284,#3285,#3286,#3287,#3288,#3289,#3290,#3291,#3292));
#764=EDGE_LOOP('',(#3293,#3294,#3295,#3296,#3297,#3298,#3299,#3300,#3301));
#765=EDGE_LOOP('',(#3302,#3303,#3304,#3305,#3306,#3307,#3308,#3309,#3310,
#3311,#3312,#3313,#3314,#3315,#3316,#3317,#3318,#3319));
#766=EDGE_LOOP('',(#3320,#3321,#3322,#3323,#3324,#3325,#3326,#3327,#3328));
#767=EDGE_LOOP('',(#3329,#3330,#3331,#3332));
#768=EDGE_LOOP('',(#3333,#3334,#3335,#3336));
#769=EDGE_LOOP('',(#3337,#3338,#3339,#3340));
#770=EDGE_LOOP('',(#3341,#3342,#3343,#3344));
#771=EDGE_LOOP('',(#3345,#3346,#3347,#3348));
#772=EDGE_LOOP('',(#3349,#3350,#3351,#3352));
#773=EDGE_LOOP('',(#3353,#3354,#3355,#3356));
#774=EDGE_LOOP('',(#3357,#3358,#3359,#3360));
#775=EDGE_LOOP('',(#3361,#3362,#3363,#3364));
#776=EDGE_LOOP('',(#3365,#3366,#3367,#3368));
#777=EDGE_LOOP('',(#3369,#3370,#3371,#3372));
#778=EDGE_LOOP('',(#3373,#3374,#3375,#3376));
#779=EDGE_LOOP('',(#3377,#3378,#3379,#3380));
#780=EDGE_LOOP('',(#3381,#3382,#3383,#3384));
#781=EDGE_LOOP('',(#3385,#3386,#3387,#3388));
#782=EDGE_LOOP('',(#3389,#3390,#3391,#3392));
#783=EDGE_LOOP('',(#3393,#3394,#3395,#3396));
#784=EDGE_LOOP('',(#3397,#3398,#3399,#3400));
#785=EDGE_LOOP('',(#3401,#3402,#3403,#3404));
#786=EDGE_LOOP('',(#3405,#3406,#3407,#3408));
#787=EDGE_LOOP('',(#3409,#3410,#3411,#3412));
#788=EDGE_LOOP('',(#3413,#3414,#3415,#3416));
#789=EDGE_LOOP('',(#3417,#3418,#3419,#3420));
#790=EDGE_LOOP('',(#3421,#3422,#3423,#3424));
#791=EDGE_LOOP('',(#3425,#3426,#3427,#3428));
#792=EDGE_LOOP('',(#3429,#3430,#3431,#3432));
#793=EDGE_LOOP('',(#3433,#3434,#3435,#3436));
#794=EDGE_LOOP('',(#3437,#3438,#3439,#3440));
#795=EDGE_LOOP('',(#3441,#3442,#3443,#3444));
#796=EDGE_LOOP('',(#3445,#3446,#3447,#3448));
#797=EDGE_LOOP('',(#3449,#3450,#3451,#3452,#3453,#3454,#3455,#3456,#3457,
#3458,#3459,#3460,#3461,#3462,#3463,#3464,#3465,#3466,#3467,#3468,#3469,
#3470,#3471,#3472,#3473,#3474,#3475,#3476,#3477,#3478));
#798=EDGE_LOOP('',(#3479,#3480,#3481,#3482,#3483,#3484,#3485,#3486,#3487,
#3488,#3489,#3490,#3491,#3492,#3493,#3494,#3495,#3496,#3497,#3498,#3499,
#3500,#3501,#3502,#3503,#3504,#3505,#3506,#3507,#3508));
#799=EDGE_LOOP('',(#3509,#3510,#3511,#3512));
#800=EDGE_LOOP('',(#3513,#3514,#3515,#3516));
#801=EDGE_LOOP('',(#3517,#3518,#3519,#3520));
#802=EDGE_LOOP('',(#3521,#3522,#3523,#3524));
#803=EDGE_LOOP('',(#3525,#3526,#3527,#3528));
#804=EDGE_LOOP('',(#3529,#3530,#3531,#3532));
#805=EDGE_LOOP('',(#3533,#3534,#3535,#3536));
#806=EDGE_LOOP('',(#3537,#3538,#3539,#3540));
#807=EDGE_LOOP('',(#3541,#3542,#3543,#3544));
#808=EDGE_LOOP('',(#3545,#3546,#3547,#3548));
#809=EDGE_LOOP('',(#3549,#3550,#3551,#3552));
#810=EDGE_LOOP('',(#3553,#3554,#3555,#3556));
#811=EDGE_LOOP('',(#3557,#3558,#3559,#3560));
#812=EDGE_LOOP('',(#3561,#3562,#3563,#3564));
#813=EDGE_LOOP('',(#3565,#3566,#3567,#3568));
#814=EDGE_LOOP('',(#3569,#3570,#3571,#3572));
#815=EDGE_LOOP('',(#3573,#3574,#3575,#3576));
#816=EDGE_LOOP('',(#3577,#3578,#3579,#3580));
#817=EDGE_LOOP('',(#3581,#3582,#3583,#3584));
#818=EDGE_LOOP('',(#3585,#3586,#3587,#3588));
#819=EDGE_LOOP('',(#3589,#3590,#3591,#3592));
#820=EDGE_LOOP('',(#3593,#3594,#3595,#3596));
#821=EDGE_LOOP('',(#3597,#3598,#3599,#3600));
#822=EDGE_LOOP('',(#3601,#3602,#3603,#3604));
#823=EDGE_LOOP('',(#3605,#3606,#3607,#3608));
#824=EDGE_LOOP('',(#3609,#3610,#3611,#3612));
#825=EDGE_LOOP('',(#3613,#3614,#3615,#3616));
#826=EDGE_LOOP('',(#3617,#3618,#3619,#3620,#3621,#3622,#3623,#3624,#3625,
#3626,#3627,#3628,#3629,#3630,#3631,#3632,#3633,#3634));
#827=EDGE_LOOP('',(#3635,#3636,#3637,#3638,#3639,#3640,#3641,#3642,#3643));
#828=EDGE_LOOP('',(#3644,#3645,#3646,#3647,#3648,#3649,#3650,#3651,#3652,
#3653,#3654,#3655,#3656,#3657,#3658,#3659,#3660,#3661));
#829=EDGE_LOOP('',(#3662,#3663,#3664,#3665,#3666,#3667,#3668,#3669,#3670));
#830=EDGE_LOOP('',(#3671,#3672,#3673,#3674));
#831=EDGE_LOOP('',(#3675,#3676,#3677,#3678));
#832=EDGE_LOOP('',(#3679,#3680,#3681,#3682));
#833=EDGE_LOOP('',(#3683,#3684,#3685,#3686));
#834=EDGE_LOOP('',(#3687,#3688,#3689,#3690));
#835=EDGE_LOOP('',(#3691,#3692,#3693,#3694));
#836=EDGE_LOOP('',(#3695,#3696,#3697,#3698));
#837=EDGE_LOOP('',(#3699,#3700,#3701,#3702));
#838=EDGE_LOOP('',(#3703,#3704,#3705,#3706,#3707,#3708,#3709,#3710));
#839=EDGE_LOOP('',(#3711,#3712,#3713,#3714,#3715,#3716,#3717,#3718));
#840=EDGE_LOOP('',(#3719,#3720,#3721,#3722));
#841=EDGE_LOOP('',(#3723,#3724,#3725,#3726));
#842=EDGE_LOOP('',(#3727,#3728,#3729,#3730));
#843=EDGE_LOOP('',(#3731,#3732,#3733,#3734));
#844=EDGE_LOOP('',(#3735,#3736,#3737,#3738));
#845=EDGE_LOOP('',(#3739,#3740,#3741,#3742));
#846=EDGE_LOOP('',(#3743,#3744,#3745,#3746));
#847=EDGE_LOOP('',(#3747,#3748,#3749,#3750));
#848=EDGE_LOOP('',(#3751,#3752,#3753,#3754));
#849=EDGE_LOOP('',(#3755,#3756,#3757,#3758));
#850=EDGE_LOOP('',(#3759,#3760,#3761,#3762));
#851=EDGE_LOOP('',(#3763,#3764,#3765,#3766));
#852=EDGE_LOOP('',(#3767,#3768,#3769,#3770));
#853=EDGE_LOOP('',(#3771,#3772,#3773,#3774,#3775,#3776,#3777,#3778,#3779,
#3780,#3781,#3782,#3783));
#854=EDGE_LOOP('',(#3784,#3785,#3786,#3787,#3788,#3789,#3790,#3791,#3792,
#3793,#3794,#3795,#3796));
#855=EDGE_LOOP('',(#3797,#3798,#3799,#3800));
#856=EDGE_LOOP('',(#3801,#3802,#3803,#3804));
#857=EDGE_LOOP('',(#3805,#3806,#3807,#3808));
#858=EDGE_LOOP('',(#3809,#3810,#3811,#3812));
#859=EDGE_LOOP('',(#3813,#3814,#3815,#3816));
#860=EDGE_LOOP('',(#3817,#3818,#3819,#3820));
#861=EDGE_LOOP('',(#3821,#3822,#3823,#3824));
#862=EDGE_LOOP('',(#3825,#3826,#3827,#3828));
#863=EDGE_LOOP('',(#3829,#3830,#3831,#3832));
#864=EDGE_LOOP('',(#3833,#3834,#3835,#3836));
#865=EDGE_LOOP('',(#3837,#3838,#3839,#3840));
#866=EDGE_LOOP('',(#3841,#3842,#3843,#3844));
#867=EDGE_LOOP('',(#3845,#3846,#3847,#3848));
#868=EDGE_LOOP('',(#3849,#3850,#3851,#3852));
#869=EDGE_LOOP('',(#3853,#3854,#3855,#3856));
#870=EDGE_LOOP('',(#3857,#3858,#3859,#3860));
#871=EDGE_LOOP('',(#3861,#3862,#3863,#3864));
#872=EDGE_LOOP('',(#3865,#3866,#3867,#3868));
#873=EDGE_LOOP('',(#3869,#3870,#3871,#3872));
#874=EDGE_LOOP('',(#3873,#3874,#3875,#3876));
#875=EDGE_LOOP('',(#3877,#3878,#3879,#3880));
#876=EDGE_LOOP('',(#3881,#3882,#3883,#3884));
#877=EDGE_LOOP('',(#3885,#3886,#3887,#3888));
#878=EDGE_LOOP('',(#3889,#3890,#3891,#3892));
#879=EDGE_LOOP('',(#3893,#3894,#3895,#3896));
#880=EDGE_LOOP('',(#3897,#3898,#3899,#3900));
#881=EDGE_LOOP('',(#3901,#3902,#3903,#3904));
#882=EDGE_LOOP('',(#3905,#3906,#3907,#3908));
#883=EDGE_LOOP('',(#3909,#3910,#3911,#3912));
#884=EDGE_LOOP('',(#3913,#3914,#3915,#3916));
#885=EDGE_LOOP('',(#3917,#3918,#3919,#3920));
#886=EDGE_LOOP('',(#3921,#3922,#3923,#3924));
#887=EDGE_LOOP('',(#3925,#3926,#3927,#3928));
#888=EDGE_LOOP('',(#3929,#3930,#3931,#3932,#3933,#3934,#3935,#3936,#3937,
#3938,#3939,#3940,#3941,#3942,#3943,#3944,#3945,#3946));
#889=EDGE_LOOP('',(#3947,#3948,#3949,#3950,#3951,#3952,#3953,#3954,#3955));
#890=EDGE_LOOP('',(#3956,#3957,#3958,#3959,#3960,#3961,#3962,#3963,#3964,
#3965,#3966,#3967,#3968,#3969,#3970,#3971,#3972,#3973));
#891=EDGE_LOOP('',(#3974,#3975,#3976,#3977,#3978,#3979,#3980,#3981,#3982));
#892=EDGE_LOOP('',(#3983,#3984,#3985,#3986));
#893=EDGE_LOOP('',(#3987,#3988,#3989,#3990));
#894=EDGE_LOOP('',(#3991,#3992,#3993,#3994));
#895=EDGE_LOOP('',(#3995,#3996,#3997,#3998));
#896=EDGE_LOOP('',(#3999,#4000,#4001,#4002));
#897=EDGE_LOOP('',(#4003,#4004,#4005,#4006));
#898=EDGE_LOOP('',(#4007,#4008,#4009,#4010));
#899=EDGE_LOOP('',(#4011,#4012,#4013,#4014));
#900=EDGE_LOOP('',(#4015,#4016,#4017,#4018));
#901=EDGE_LOOP('',(#4019,#4020,#4021,#4022));
#902=EDGE_LOOP('',(#4023,#4024,#4025,#4026));
#903=EDGE_LOOP('',(#4027,#4028,#4029,#4030));
#904=EDGE_LOOP('',(#4031,#4032,#4033,#4034));
#905=EDGE_LOOP('',(#4035,#4036,#4037,#4038,#4039,#4040,#4041,#4042,#4043,
#4044,#4045,#4046,#4047));
#906=EDGE_LOOP('',(#4048,#4049,#4050,#4051,#4052,#4053,#4054,#4055,#4056,
#4057,#4058,#4059,#4060));
#907=EDGE_LOOP('',(#4061,#4062,#4063,#4064));
#908=EDGE_LOOP('',(#4065,#4066,#4067,#4068));
#909=EDGE_LOOP('',(#4069,#4070,#4071,#4072));
#910=EDGE_LOOP('',(#4073,#4074,#4075,#4076));
#911=EDGE_LOOP('',(#4077,#4078,#4079,#4080));
#912=EDGE_LOOP('',(#4081,#4082,#4083,#4084));
#913=EDGE_LOOP('',(#4085,#4086,#4087,#4088));
#914=EDGE_LOOP('',(#4089,#4090,#4091,#4092));
#915=EDGE_LOOP('',(#4093,#4094,#4095,#4096));
#916=EDGE_LOOP('',(#4097,#4098,#4099,#4100));
#917=EDGE_LOOP('',(#4101,#4102,#4103,#4104));
#918=EDGE_LOOP('',(#4105,#4106,#4107,#4108));
#919=EDGE_LOOP('',(#4109,#4110,#4111,#4112));
#920=EDGE_LOOP('',(#4113,#4114,#4115,#4116));
#921=EDGE_LOOP('',(#4117,#4118,#4119,#4120));
#922=EDGE_LOOP('',(#4121,#4122,#4123,#4124));
#923=EDGE_LOOP('',(#4125,#4126,#4127,#4128));
#924=EDGE_LOOP('',(#4129,#4130,#4131,#4132));
#925=EDGE_LOOP('',(#4133,#4134,#4135,#4136));
#926=EDGE_LOOP('',(#4137,#4138,#4139,#4140));
#927=EDGE_LOOP('',(#4141,#4142,#4143,#4144));
#928=EDGE_LOOP('',(#4145,#4146,#4147,#4148,#4149,#4150,#4151,#4152,#4153,
#4154,#4155,#4156));
#929=EDGE_LOOP('',(#4157,#4158,#4159,#4160,#4161,#4162,#4163,#4164,#4165));
#930=EDGE_LOOP('',(#4166,#4167,#4168,#4169,#4170,#4171,#4172,#4173,#4174,
#4175,#4176,#4177));
#931=EDGE_LOOP('',(#4178,#4179,#4180,#4181,#4182,#4183,#4184,#4185,#4186));
#932=EDGE_LOOP('',(#4187,#4188,#4189,#4190));
#933=EDGE_LOOP('',(#4191,#4192,#4193,#4194));
#934=EDGE_LOOP('',(#4195,#4196,#4197,#4198));
#935=EDGE_LOOP('',(#4199,#4200,#4201,#4202));
#936=EDGE_LOOP('',(#4203,#4204,#4205,#4206));
#937=EDGE_LOOP('',(#4207,#4208,#4209,#4210));
#938=EDGE_LOOP('',(#4211,#4212,#4213,#4214));
#939=EDGE_LOOP('',(#4215,#4216,#4217,#4218));
#940=EDGE_LOOP('',(#4219,#4220,#4221,#4222,#4223,#4224,#4225,#4226));
#941=EDGE_LOOP('',(#4227,#4228,#4229,#4230,#4231,#4232,#4233,#4234));
#942=EDGE_LOOP('',(#4235,#4236,#4237,#4238));
#943=EDGE_LOOP('',(#4239));
#944=EDGE_LOOP('',(#4240));
#945=EDGE_LOOP('',(#4241,#4242,#4243,#4244));
#946=EDGE_LOOP('',(#4245,#4246,#4247,#4248));
#947=EDGE_LOOP('',(#4249,#4250,#4251,#4252));
#948=EDGE_LOOP('',(#4253,#4254,#4255,#4256));
#949=EDGE_LOOP('',(#4257));
#950=EDGE_LOOP('',(#4258,#4259,#4260));
#951=EDGE_LOOP('',(#4261));
#952=EDGE_LOOP('',(#4262,#4263,#4264));
#953=EDGE_LOOP('',(#4265,#4266,#4267,#4268));
#954=EDGE_LOOP('',(#4269,#4270,#4271,#4272));
#955=EDGE_LOOP('',(#4273,#4274,#4275,#4276));
#956=EDGE_LOOP('',(#4277,#4278,#4279,#4280));
#957=EDGE_LOOP('',(#4281));
#958=EDGE_LOOP('',(#4282,#4283,#4284));
#959=EDGE_LOOP('',(#4285));
#960=EDGE_LOOP('',(#4286,#4287,#4288));
#961=EDGE_LOOP('',(#4289,#4290,#4291,#4292));
#962=EDGE_LOOP('',(#4293,#4294,#4295,#4296));
#963=EDGE_LOOP('',(#4297,#4298,#4299,#4300,#4301,#4302,#4303,#4304));
#964=EDGE_LOOP('',(#4305));
#965=EDGE_LOOP('',(#4306));
#966=EDGE_LOOP('',(#4307));
#967=EDGE_LOOP('',(#4308));
#968=EDGE_LOOP('',(#4309));
#969=EDGE_LOOP('',(#4310));
#970=EDGE_LOOP('',(#4311));
#971=EDGE_LOOP('',(#4312));
#972=EDGE_LOOP('',(#4313));
#973=EDGE_LOOP('',(#4314));
#974=EDGE_LOOP('',(#4315));
#975=EDGE_LOOP('',(#4316));
#976=EDGE_LOOP('',(#4317,#4318,#4319,#4320));
#977=EDGE_LOOP('',(#4321,#4322,#4323,#4324));
#978=EDGE_LOOP('',(#4325,#4326,#4327,#4328));
#979=EDGE_LOOP('',(#4329,#4330,#4331,#4332));
#980=EDGE_LOOP('',(#4333,#4334,#4335,#4336));
#981=EDGE_LOOP('',(#4337,#4338,#4339,#4340));
#982=EDGE_LOOP('',(#4341,#4342,#4343,#4344));
#983=EDGE_LOOP('',(#4345,#4346,#4347,#4348));
#984=EDGE_LOOP('',(#4349,#4350,#4351,#4352));
#985=EDGE_LOOP('',(#4353,#4354,#4355,#4356));
#986=EDGE_LOOP('',(#4357,#4358,#4359,#4360));
#987=EDGE_LOOP('',(#4361,#4362,#4363,#4364));
#988=EDGE_LOOP('',(#4365,#4366,#4367,#4368));
#989=EDGE_LOOP('',(#4369,#4370,#4371,#4372));
#990=EDGE_LOOP('',(#4373,#4374,#4375,#4376));
#991=EDGE_LOOP('',(#4377,#4378,#4379,#4380));
#992=EDGE_LOOP('',(#4381,#4382,#4383,#4384));
#993=EDGE_LOOP('',(#4385,#4386,#4387,#4388));
#994=EDGE_LOOP('',(#4389,#4390,#4391,#4392));
#995=EDGE_LOOP('',(#4393,#4394,#4395,#4396));
#996=EDGE_LOOP('',(#4397,#4398,#4399,#4400));
#997=EDGE_LOOP('',(#4401,#4402,#4403,#4404));
#998=EDGE_LOOP('',(#4405,#4406,#4407,#4408,#4409,#4410,#4411,#4412));
#999=EDGE_LOOP('',(#4413));
#1000=EDGE_LOOP('',(#4414));
#1001=EDGE_LOOP('',(#4415));
#1002=EDGE_LOOP('',(#4416));
#1003=EDGE_LOOP('',(#4417));
#1004=EDGE_LOOP('',(#4418));
#1005=EDGE_LOOP('',(#4419));
#1006=EDGE_LOOP('',(#4420));
#1007=EDGE_LOOP('',(#4421));
#1008=EDGE_LOOP('',(#4422));
#1009=EDGE_LOOP('',(#4423));
#1010=EDGE_LOOP('',(#4424));
#1011=LINE('',#6017,#1461);
#1012=LINE('',#6019,#1462);
#1013=LINE('',#6021,#1463);
#1014=LINE('',#6022,#1464);
#1015=LINE('',#6028,#1465);
#1016=LINE('',#6031,#1466);
#1017=LINE('',#6033,#1467);
#1018=LINE('',#6034,#1468);
#1019=LINE('',#6037,#1469);
#1020=LINE('',#6039,#1470);
#1021=LINE('',#6040,#1471);
#1022=LINE('',#6043,#1472);
#1023=LINE('',#6045,#1473);
#1024=LINE('',#6046,#1474);
#1025=LINE('',#6052,#1475);
#1026=LINE('',#6055,#1476);
#1027=LINE('',#6057,#1477);
#1028=LINE('',#6058,#1478);
#1029=LINE('',#6061,#1479);
#1030=LINE('',#6063,#1480);
#1031=LINE('',#6064,#1481);
#1032=LINE('',#6067,#1482);
#1033=LINE('',#6069,#1483);
#1034=LINE('',#6070,#1484);
#1035=LINE('',#6076,#1485);
#1036=LINE('',#6079,#1486);
#1037=LINE('',#6081,#1487);
#1038=LINE('',#6082,#1488);
#1039=LINE('',#6085,#1489);
#1040=LINE('',#6087,#1490);
#1041=LINE('',#6088,#1491);
#1042=LINE('',#6091,#1492);
#1043=LINE('',#6093,#1493);
#1044=LINE('',#6094,#1494);
#1045=LINE('',#6100,#1495);
#1046=LINE('',#6103,#1496);
#1047=LINE('',#6105,#1497);
#1048=LINE('',#6106,#1498);
#1049=LINE('',#6108,#1499);
#1050=LINE('',#6109,#1500);
#1051=LINE('',#6117,#1501);
#1052=LINE('',#6120,#1502);
#1053=LINE('',#6122,#1503);
#1054=LINE('',#6123,#1504);
#1055=LINE('',#6128,#1505);
#1056=LINE('',#6135,#1506);
#1057=LINE('',#6137,#1507);
#1058=LINE('',#6139,#1508);
#1059=LINE('',#6140,#1509);
#1060=LINE('',#6163,#1510);
#1061=LINE('',#6186,#1511);
#1062=LINE('',#6209,#1512);
#1063=LINE('',#6232,#1513);
#1064=LINE('',#6255,#1514);
#1065=LINE('',#6278,#1515);
#1066=LINE('',#6281,#1516);
#1067=LINE('',#6283,#1517);
#1068=LINE('',#6284,#1518);
#1069=LINE('',#6286,#1519);
#1070=LINE('',#6287,#1520);
#1071=LINE('',#6291,#1521);
#1072=LINE('',#6293,#1522);
#1073=LINE('',#6295,#1523);
#1074=LINE('',#6296,#1524);
#1075=LINE('',#6299,#1525);
#1076=LINE('',#6301,#1526);
#1077=LINE('',#6302,#1527);
#1078=LINE('',#6325,#1528);
#1079=LINE('',#6348,#1529);
#1080=LINE('',#6371,#1530);
#1081=LINE('',#6394,#1531);
#1082=LINE('',#6417,#1532);
#1083=LINE('',#6440,#1533);
#1084=LINE('',#6463,#1534);
#1085=LINE('',#6466,#1535);
#1086=LINE('',#6468,#1536);
#1087=LINE('',#6469,#1537);
#1088=LINE('',#6472,#1538);
#1089=LINE('',#6474,#1539);
#1090=LINE('',#6475,#1540);
#1091=LINE('',#6478,#1541);
#1092=LINE('',#6480,#1542);
#1093=LINE('',#6481,#1543);
#1094=LINE('',#6504,#1544);
#1095=LINE('',#6527,#1545);
#1096=LINE('',#6550,#1546);
#1097=LINE('',#6553,#1547);
#1098=LINE('',#6555,#1548);
#1099=LINE('',#6556,#1549);
#1100=LINE('',#6559,#1550);
#1101=LINE('',#6561,#1551);
#1102=LINE('',#6562,#1552);
#1103=LINE('',#6564,#1553);
#1104=LINE('',#6565,#1554);
#1105=LINE('',#6571,#1555);
#1106=LINE('',#6573,#1556);
#1107=LINE('',#6575,#1557);
#1108=LINE('',#6576,#1558);
#1109=LINE('',#6599,#1559);
#1110=LINE('',#6622,#1560);
#1111=LINE('',#6645,#1561);
#1112=LINE('',#6668,#1562);
#1113=LINE('',#6691,#1563);
#1114=LINE('',#6714,#1564);
#1115=LINE('',#6737,#1565);
#1116=LINE('',#6760,#1566);
#1117=LINE('',#6783,#1567);
#1118=LINE('',#6806,#1568);
#1119=LINE('',#6829,#1569);
#1120=LINE('',#6852,#1570);
#1121=LINE('',#6875,#1571);
#1122=LINE('',#6898,#1572);
#1123=LINE('',#6901,#1573);
#1124=LINE('',#6903,#1574);
#1125=LINE('',#6904,#1575);
#1126=LINE('',#6927,#1576);
#1127=LINE('',#6950,#1577);
#1128=LINE('',#6973,#1578);
#1129=LINE('',#6996,#1579);
#1130=LINE('',#7019,#1580);
#1131=LINE('',#7042,#1581);
#1132=LINE('',#7065,#1582);
#1133=LINE('',#7088,#1583);
#1134=LINE('',#7111,#1584);
#1135=LINE('',#7134,#1585);
#1136=LINE('',#7157,#1586);
#1137=LINE('',#7180,#1587);
#1138=LINE('',#7203,#1588);
#1139=LINE('',#7229,#1589);
#1140=LINE('',#7231,#1590);
#1141=LINE('',#7233,#1591);
#1142=LINE('',#7234,#1592);
#1143=LINE('',#7257,#1593);
#1144=LINE('',#7280,#1594);
#1145=LINE('',#7303,#1595);
#1146=LINE('',#7326,#1596);
#1147=LINE('',#7349,#1597);
#1148=LINE('',#7372,#1598);
#1149=LINE('',#7375,#1599);
#1150=LINE('',#7377,#1600);
#1151=LINE('',#7378,#1601);
#1152=LINE('',#7380,#1602);
#1153=LINE('',#7381,#1603);
#1154=LINE('',#7385,#1604);
#1155=LINE('',#7387,#1605);
#1156=LINE('',#7389,#1606);
#1157=LINE('',#7390,#1607);
#1158=LINE('',#7393,#1608);
#1159=LINE('',#7395,#1609);
#1160=LINE('',#7396,#1610);
#1161=LINE('',#7419,#1611);
#1162=LINE('',#7442,#1612);
#1163=LINE('',#7465,#1613);
#1164=LINE('',#7488,#1614);
#1165=LINE('',#7511,#1615);
#1166=LINE('',#7534,#1616);
#1167=LINE('',#7557,#1617);
#1168=LINE('',#7560,#1618);
#1169=LINE('',#7562,#1619);
#1170=LINE('',#7563,#1620);
#1171=LINE('',#7566,#1621);
#1172=LINE('',#7568,#1622);
#1173=LINE('',#7569,#1623);
#1174=LINE('',#7572,#1624);
#1175=LINE('',#7574,#1625);
#1176=LINE('',#7575,#1626);
#1177=LINE('',#7598,#1627);
#1178=LINE('',#7621,#1628);
#1179=LINE('',#7644,#1629);
#1180=LINE('',#7647,#1630);
#1181=LINE('',#7649,#1631);
#1182=LINE('',#7650,#1632);
#1183=LINE('',#7653,#1633);
#1184=LINE('',#7655,#1634);
#1185=LINE('',#7656,#1635);
#1186=LINE('',#7658,#1636);
#1187=LINE('',#7659,#1637);
#1188=LINE('',#7665,#1638);
#1189=LINE('',#7667,#1639);
#1190=LINE('',#7669,#1640);
#1191=LINE('',#7670,#1641);
#1192=LINE('',#7673,#1642);
#1193=LINE('',#7675,#1643);
#1194=LINE('',#7676,#1644);
#1195=LINE('',#7679,#1645);
#1196=LINE('',#7681,#1646);
#1197=LINE('',#7682,#1647);
#1198=LINE('',#7685,#1648);
#1199=LINE('',#7687,#1649);
#1200=LINE('',#7688,#1650);
#1201=LINE('',#7691,#1651);
#1202=LINE('',#7693,#1652);
#1203=LINE('',#7694,#1653);
#1204=LINE('',#7697,#1654);
#1205=LINE('',#7699,#1655);
#1206=LINE('',#7700,#1656);
#1207=LINE('',#7703,#1657);
#1208=LINE('',#7705,#1658);
#1209=LINE('',#7706,#1659);
#1210=LINE('',#7708,#1660);
#1211=LINE('',#7709,#1661);
#1212=LINE('',#7715,#1662);
#1213=LINE('',#7717,#1663);
#1214=LINE('',#7719,#1664);
#1215=LINE('',#7720,#1665);
#1216=LINE('',#7723,#1666);
#1217=LINE('',#7725,#1667);
#1218=LINE('',#7726,#1668);
#1219=LINE('',#7729,#1669);
#1220=LINE('',#7731,#1670);
#1221=LINE('',#7732,#1671);
#1222=LINE('',#7735,#1672);
#1223=LINE('',#7737,#1673);
#1224=LINE('',#7738,#1674);
#1225=LINE('',#7741,#1675);
#1226=LINE('',#7743,#1676);
#1227=LINE('',#7744,#1677);
#1228=LINE('',#7747,#1678);
#1229=LINE('',#7749,#1679);
#1230=LINE('',#7750,#1680);
#1231=LINE('',#7753,#1681);
#1232=LINE('',#7755,#1682);
#1233=LINE('',#7756,#1683);
#1234=LINE('',#7759,#1684);
#1235=LINE('',#7761,#1685);
#1236=LINE('',#7762,#1686);
#1237=LINE('',#7765,#1687);
#1238=LINE('',#7767,#1688);
#1239=LINE('',#7768,#1689);
#1240=LINE('',#7771,#1690);
#1241=LINE('',#7773,#1691);
#1242=LINE('',#7774,#1692);
#1243=LINE('',#7777,#1693);
#1244=LINE('',#7779,#1694);
#1245=LINE('',#7780,#1695);
#1246=LINE('',#7783,#1696);
#1247=LINE('',#7785,#1697);
#1248=LINE('',#7786,#1698);
#1249=LINE('',#7788,#1699);
#1250=LINE('',#7789,#1700);
#1251=LINE('',#7795,#1701);
#1252=LINE('',#7797,#1702);
#1253=LINE('',#7799,#1703);
#1254=LINE('',#7800,#1704);
#1255=LINE('',#7803,#1705);
#1256=LINE('',#7805,#1706);
#1257=LINE('',#7806,#1707);
#1258=LINE('',#7809,#1708);
#1259=LINE('',#7811,#1709);
#1260=LINE('',#7812,#1710);
#1261=LINE('',#7814,#1711);
#1262=LINE('',#7815,#1712);
#1263=LINE('',#7821,#1713);
#1264=LINE('',#7823,#1714);
#1265=LINE('',#7825,#1715);
#1266=LINE('',#7826,#1716);
#1267=LINE('',#7849,#1717);
#1268=LINE('',#7872,#1718);
#1269=LINE('',#7895,#1719);
#1270=LINE('',#7918,#1720);
#1271=LINE('',#7941,#1721);
#1272=LINE('',#7964,#1722);
#1273=LINE('',#7967,#1723);
#1274=LINE('',#7969,#1724);
#1275=LINE('',#7970,#1725);
#1276=LINE('',#7972,#1726);
#1277=LINE('',#7973,#1727);
#1278=LINE('',#7977,#1728);
#1279=LINE('',#7979,#1729);
#1280=LINE('',#7981,#1730);
#1281=LINE('',#7982,#1731);
#1282=LINE('',#7985,#1732);
#1283=LINE('',#7987,#1733);
#1284=LINE('',#7988,#1734);
#1285=LINE('',#8011,#1735);
#1286=LINE('',#8034,#1736);
#1287=LINE('',#8057,#1737);
#1288=LINE('',#8080,#1738);
#1289=LINE('',#8103,#1739);
#1290=LINE('',#8126,#1740);
#1291=LINE('',#8149,#1741);
#1292=LINE('',#8152,#1742);
#1293=LINE('',#8154,#1743);
#1294=LINE('',#8155,#1744);
#1295=LINE('',#8158,#1745);
#1296=LINE('',#8160,#1746);
#1297=LINE('',#8161,#1747);
#1298=LINE('',#8164,#1748);
#1299=LINE('',#8166,#1749);
#1300=LINE('',#8167,#1750);
#1301=LINE('',#8190,#1751);
#1302=LINE('',#8213,#1752);
#1303=LINE('',#8236,#1753);
#1304=LINE('',#8239,#1754);
#1305=LINE('',#8241,#1755);
#1306=LINE('',#8242,#1756);
#1307=LINE('',#8245,#1757);
#1308=LINE('',#8247,#1758);
#1309=LINE('',#8248,#1759);
#1310=LINE('',#8250,#1760);
#1311=LINE('',#8251,#1761);
#1312=LINE('',#8257,#1762);
#1313=LINE('',#8259,#1763);
#1314=LINE('',#8261,#1764);
#1315=LINE('',#8262,#1765);
#1316=LINE('',#8265,#1766);
#1317=LINE('',#8267,#1767);
#1318=LINE('',#8268,#1768);
#1319=LINE('',#8271,#1769);
#1320=LINE('',#8273,#1770);
#1321=LINE('',#8274,#1771);
#1322=LINE('',#8277,#1772);
#1323=LINE('',#8279,#1773);
#1324=LINE('',#8280,#1774);
#1325=LINE('',#8283,#1775);
#1326=LINE('',#8285,#1776);
#1327=LINE('',#8286,#1777);
#1328=LINE('',#8289,#1778);
#1329=LINE('',#8291,#1779);
#1330=LINE('',#8292,#1780);
#1331=LINE('',#8295,#1781);
#1332=LINE('',#8297,#1782);
#1333=LINE('',#8298,#1783);
#1334=LINE('',#8301,#1784);
#1335=LINE('',#8303,#1785);
#1336=LINE('',#8304,#1786);
#1337=LINE('',#8307,#1787);
#1338=LINE('',#8309,#1788);
#1339=LINE('',#8310,#1789);
#1340=LINE('',#8313,#1790);
#1341=LINE('',#8315,#1791);
#1342=LINE('',#8316,#1792);
#1343=LINE('',#8319,#1793);
#1344=LINE('',#8321,#1794);
#1345=LINE('',#8322,#1795);
#1346=LINE('',#8325,#1796);
#1347=LINE('',#8327,#1797);
#1348=LINE('',#8328,#1798);
#1349=LINE('',#8330,#1799);
#1350=LINE('',#8331,#1800);
#1351=LINE('',#8337,#1801);
#1352=LINE('',#8339,#1802);
#1353=LINE('',#8341,#1803);
#1354=LINE('',#8342,#1804);
#1355=LINE('',#8345,#1805);
#1356=LINE('',#8347,#1806);
#1357=LINE('',#8348,#1807);
#1358=LINE('',#8371,#1808);
#1359=LINE('',#8394,#1809);
#1360=LINE('',#8417,#1810);
#1361=LINE('',#8440,#1811);
#1362=LINE('',#8463,#1812);
#1363=LINE('',#8486,#1813);
#1364=LINE('',#8488,#1814);
#1365=LINE('',#8489,#1815);
#1366=LINE('',#8493,#1816);
#1367=LINE('',#8495,#1817);
#1368=LINE('',#8497,#1818);
#1369=LINE('',#8498,#1819);
#1370=LINE('',#8501,#1820);
#1371=LINE('',#8503,#1821);
#1372=LINE('',#8504,#1822);
#1373=LINE('',#8527,#1823);
#1374=LINE('',#8550,#1824);
#1375=LINE('',#8573,#1825);
#1376=LINE('',#8596,#1826);
#1377=LINE('',#8619,#1827);
#1378=LINE('',#8642,#1828);
#1379=LINE('',#8665,#1829);
#1380=LINE('',#8668,#1830);
#1381=LINE('',#8670,#1831);
#1382=LINE('',#8671,#1832);
#1383=LINE('',#8674,#1833);
#1384=LINE('',#8676,#1834);
#1385=LINE('',#8677,#1835);
#1386=LINE('',#8679,#1836);
#1387=LINE('',#8680,#1837);
#1388=LINE('',#8686,#1838);
#1389=LINE('',#8688,#1839);
#1390=LINE('',#8690,#1840);
#1391=LINE('',#8691,#1841);
#1392=LINE('',#8694,#1842);
#1393=LINE('',#8696,#1843);
#1394=LINE('',#8697,#1844);
#1395=LINE('',#8700,#1845);
#1396=LINE('',#8702,#1846);
#1397=LINE('',#8703,#1847);
#1398=LINE('',#8706,#1848);
#1399=LINE('',#8708,#1849);
#1400=LINE('',#8709,#1850);
#1401=LINE('',#8712,#1851);
#1402=LINE('',#8714,#1852);
#1403=LINE('',#8715,#1853);
#1404=LINE('',#8718,#1854);
#1405=LINE('',#8720,#1855);
#1406=LINE('',#8721,#1856);
#1407=LINE('',#8724,#1857);
#1408=LINE('',#8726,#1858);
#1409=LINE('',#8727,#1859);
#1410=LINE('',#8729,#1860);
#1411=LINE('',#8730,#1861);
#1412=LINE('',#8737,#1862);
#1413=LINE('',#8746,#1863);
#1414=LINE('',#8749,#1864);
#1415=LINE('',#8752,#1865);
#1416=LINE('',#8754,#1866);
#1417=LINE('',#8755,#1867);
#1418=LINE('',#8757,#1868);
#1419=LINE('',#8758,#1869);
#1420=LINE('',#8763,#1870);
#1421=LINE('',#8770,#1871);
#1422=LINE('',#8772,#1872);
#1423=LINE('',#8774,#1873);
#1424=LINE('',#8775,#1874);
#1425=LINE('',#8778,#1875);
#1426=LINE('',#8780,#1876);
#1427=LINE('',#8781,#1877);
#1428=LINE('',#8789,#1878);
#1429=LINE('',#8798,#1879);
#1430=LINE('',#8801,#1880);
#1431=LINE('',#8804,#1881);
#1432=LINE('',#8806,#1882);
#1433=LINE('',#8807,#1883);
#1434=LINE('',#8810,#1884);
#1435=LINE('',#8814,#1885);
#1436=LINE('',#8818,#1886);
#1437=LINE('',#8847,#1887);
#1438=LINE('',#8850,#1888);
#1439=LINE('',#8851,#1889);
#1440=LINE('',#8856,#1890);
#1441=LINE('',#8857,#1891);
#1442=LINE('',#8859,#1892);
#1443=LINE('',#8863,#1893);
#1444=LINE('',#8866,#1894);
#1445=LINE('',#8870,#1895);
#1446=LINE('',#8874,#1896);
#1447=LINE('',#8878,#1897);
#1448=LINE('',#8882,#1898);
#1449=LINE('',#8886,#1899);
#1450=LINE('',#8890,#1900);
#1451=LINE('',#8894,#1901);
#1452=LINE('',#8899,#1902);
#1453=LINE('',#8903,#1903);
#1454=LINE('',#8907,#1904);
#1455=LINE('',#8911,#1905);
#1456=LINE('',#8915,#1906);
#1457=LINE('',#8919,#1907);
#1458=LINE('',#8923,#1908);
#1459=LINE('',#8927,#1909);
#1460=LINE('',#8929,#1910);
#1461=VECTOR('',#5098,10.);
#1462=VECTOR('',#5099,10.);
#1463=VECTOR('',#5100,10.);
#1464=VECTOR('',#5101,10.);
#1465=VECTOR('',#5108,10.);
#1466=VECTOR('',#5111,10.);
#1467=VECTOR('',#5112,10.);
#1468=VECTOR('',#5113,10.);
#1469=VECTOR('',#5116,10.);
#1470=VECTOR('',#5117,10.);
#1471=VECTOR('',#5118,10.);
#1472=VECTOR('',#5121,10.);
#1473=VECTOR('',#5122,10.);
#1474=VECTOR('',#5123,10.);
#1475=VECTOR('',#5130,10.);
#1476=VECTOR('',#5133,10.);
#1477=VECTOR('',#5134,10.);
#1478=VECTOR('',#5135,10.);
#1479=VECTOR('',#5138,10.);
#1480=VECTOR('',#5139,10.);
#1481=VECTOR('',#5140,10.);
#1482=VECTOR('',#5143,10.);
#1483=VECTOR('',#5144,10.);
#1484=VECTOR('',#5145,10.);
#1485=VECTOR('',#5152,10.);
#1486=VECTOR('',#5155,10.);
#1487=VECTOR('',#5156,10.);
#1488=VECTOR('',#5157,10.);
#1489=VECTOR('',#5160,10.);
#1490=VECTOR('',#5161,10.);
#1491=VECTOR('',#5162,10.);
#1492=VECTOR('',#5165,10.);
#1493=VECTOR('',#5166,10.);
#1494=VECTOR('',#5167,10.);
#1495=VECTOR('',#5174,10.);
#1496=VECTOR('',#5177,10.);
#1497=VECTOR('',#5178,10.);
#1498=VECTOR('',#5179,10.);
#1499=VECTOR('',#5182,10.);
#1500=VECTOR('',#5183,10.);
#1501=VECTOR('',#5192,10.);
#1502=VECTOR('',#5195,10.);
#1503=VECTOR('',#5198,10.);
#1504=VECTOR('',#5199,10.);
#1505=VECTOR('',#5204,3.);
#1506=VECTOR('',#5213,10.);
#1507=VECTOR('',#5214,10.);
#1508=VECTOR('',#5215,10.);
#1509=VECTOR('',#5216,10.);
#1510=VECTOR('',#5217,10.);
#1511=VECTOR('',#5218,10.);
#1512=VECTOR('',#5219,10.);
#1513=VECTOR('',#5220,10.);
#1514=VECTOR('',#5221,10.);
#1515=VECTOR('',#5222,10.);
#1516=VECTOR('',#5225,10.);
#1517=VECTOR('',#5226,10.);
#1518=VECTOR('',#5227,10.);
#1519=VECTOR('',#5230,10.);
#1520=VECTOR('',#5231,10.);
#1521=VECTOR('',#5234,10.);
#1522=VECTOR('',#5235,10.);
#1523=VECTOR('',#5236,10.);
#1524=VECTOR('',#5237,10.);
#1525=VECTOR('',#5240,10.);
#1526=VECTOR('',#5241,10.);
#1527=VECTOR('',#5242,10.);
#1528=VECTOR('',#5243,10.);
#1529=VECTOR('',#5244,10.);
#1530=VECTOR('',#5245,10.);
#1531=VECTOR('',#5246,10.);
#1532=VECTOR('',#5247,10.);
#1533=VECTOR('',#5248,10.);
#1534=VECTOR('',#5249,10.);
#1535=VECTOR('',#5252,10.);
#1536=VECTOR('',#5253,10.);
#1537=VECTOR('',#5254,10.);
#1538=VECTOR('',#5257,10.);
#1539=VECTOR('',#5258,10.);
#1540=VECTOR('',#5259,10.);
#1541=VECTOR('',#5262,10.);
#1542=VECTOR('',#5263,10.);
#1543=VECTOR('',#5264,10.);
#1544=VECTOR('',#5265,10.);
#1545=VECTOR('',#5266,10.);
#1546=VECTOR('',#5267,10.);
#1547=VECTOR('',#5270,10.);
#1548=VECTOR('',#5271,10.);
#1549=VECTOR('',#5272,10.);
#1550=VECTOR('',#5275,10.);
#1551=VECTOR('',#5276,10.);
#1552=VECTOR('',#5277,10.);
#1553=VECTOR('',#5280,10.);
#1554=VECTOR('',#5281,10.);
#1555=VECTOR('',#5288,10.);
#1556=VECTOR('',#5289,10.);
#1557=VECTOR('',#5290,10.);
#1558=VECTOR('',#5291,10.);
#1559=VECTOR('',#5292,10.);
#1560=VECTOR('',#5293,10.);
#1561=VECTOR('',#5294,10.);
#1562=VECTOR('',#5295,10.);
#1563=VECTOR('',#5296,10.);
#1564=VECTOR('',#5297,10.);
#1565=VECTOR('',#5298,10.);
#1566=VECTOR('',#5299,10.);
#1567=VECTOR('',#5300,10.);
#1568=VECTOR('',#5301,10.);
#1569=VECTOR('',#5302,10.);
#1570=VECTOR('',#5303,10.);
#1571=VECTOR('',#5304,10.);
#1572=VECTOR('',#5305,10.);
#1573=VECTOR('',#5308,10.);
#1574=VECTOR('',#5309,10.);
#1575=VECTOR('',#5310,10.);
#1576=VECTOR('',#5311,10.);
#1577=VECTOR('',#5312,10.);
#1578=VECTOR('',#5313,10.);
#1579=VECTOR('',#5314,10.);
#1580=VECTOR('',#5315,10.);
#1581=VECTOR('',#5316,10.);
#1582=VECTOR('',#5317,10.);
#1583=VECTOR('',#5318,10.);
#1584=VECTOR('',#5319,10.);
#1585=VECTOR('',#5320,10.);
#1586=VECTOR('',#5321,10.);
#1587=VECTOR('',#5322,10.);
#1588=VECTOR('',#5323,10.);
#1589=VECTOR('',#5330,10.);
#1590=VECTOR('',#5331,10.);
#1591=VECTOR('',#5332,10.);
#1592=VECTOR('',#5333,10.);
#1593=VECTOR('',#5334,10.);
#1594=VECTOR('',#5335,10.);
#1595=VECTOR('',#5336,10.);
#1596=VECTOR('',#5337,10.);
#1597=VECTOR('',#5338,10.);
#1598=VECTOR('',#5339,10.);
#1599=VECTOR('',#5342,10.);
#1600=VECTOR('',#5343,10.);
#1601=VECTOR('',#5344,10.);
#1602=VECTOR('',#5347,10.);
#1603=VECTOR('',#5348,10.);
#1604=VECTOR('',#5351,10.);
#1605=VECTOR('',#5352,10.);
#1606=VECTOR('',#5353,10.);
#1607=VECTOR('',#5354,10.);
#1608=VECTOR('',#5357,10.);
#1609=VECTOR('',#5358,10.);
#1610=VECTOR('',#5359,10.);
#1611=VECTOR('',#5360,10.);
#1612=VECTOR('',#5361,10.);
#1613=VECTOR('',#5362,10.);
#1614=VECTOR('',#5363,10.);
#1615=VECTOR('',#5364,10.);
#1616=VECTOR('',#5365,10.);
#1617=VECTOR('',#5366,10.);
#1618=VECTOR('',#5369,10.);
#1619=VECTOR('',#5370,10.);
#1620=VECTOR('',#5371,10.);
#1621=VECTOR('',#5374,10.);
#1622=VECTOR('',#5375,10.);
#1623=VECTOR('',#5376,10.);
#1624=VECTOR('',#5379,10.);
#1625=VECTOR('',#5380,10.);
#1626=VECTOR('',#5381,10.);
#1627=VECTOR('',#5382,10.);
#1628=VECTOR('',#5383,10.);
#1629=VECTOR('',#5384,10.);
#1630=VECTOR('',#5387,10.);
#1631=VECTOR('',#5388,10.);
#1632=VECTOR('',#5389,10.);
#1633=VECTOR('',#5392,10.);
#1634=VECTOR('',#5393,10.);
#1635=VECTOR('',#5394,10.);
#1636=VECTOR('',#5397,10.);
#1637=VECTOR('',#5398,10.);
#1638=VECTOR('',#5405,10.);
#1639=VECTOR('',#5406,10.);
#1640=VECTOR('',#5407,10.);
#1641=VECTOR('',#5408,10.);
#1642=VECTOR('',#5411,10.);
#1643=VECTOR('',#5412,10.);
#1644=VECTOR('',#5413,10.);
#1645=VECTOR('',#5416,10.);
#1646=VECTOR('',#5417,10.);
#1647=VECTOR('',#5418,10.);
#1648=VECTOR('',#5421,10.);
#1649=VECTOR('',#5422,10.);
#1650=VECTOR('',#5423,10.);
#1651=VECTOR('',#5426,10.);
#1652=VECTOR('',#5427,10.);
#1653=VECTOR('',#5428,10.);
#1654=VECTOR('',#5431,10.);
#1655=VECTOR('',#5432,10.);
#1656=VECTOR('',#5433,10.);
#1657=VECTOR('',#5436,10.);
#1658=VECTOR('',#5437,10.);
#1659=VECTOR('',#5438,10.);
#1660=VECTOR('',#5441,10.);
#1661=VECTOR('',#5442,10.);
#1662=VECTOR('',#5449,10.);
#1663=VECTOR('',#5450,10.);
#1664=VECTOR('',#5451,10.);
#1665=VECTOR('',#5452,10.);
#1666=VECTOR('',#5455,10.);
#1667=VECTOR('',#5456,10.);
#1668=VECTOR('',#5457,10.);
#1669=VECTOR('',#5460,10.);
#1670=VECTOR('',#5461,10.);
#1671=VECTOR('',#5462,10.);
#1672=VECTOR('',#5465,10.);
#1673=VECTOR('',#5466,10.);
#1674=VECTOR('',#5467,10.);
#1675=VECTOR('',#5470,10.);
#1676=VECTOR('',#5471,10.);
#1677=VECTOR('',#5472,10.);
#1678=VECTOR('',#5475,10.);
#1679=VECTOR('',#5476,10.);
#1680=VECTOR('',#5477,10.);
#1681=VECTOR('',#5480,10.);
#1682=VECTOR('',#5481,10.);
#1683=VECTOR('',#5482,10.);
#1684=VECTOR('',#5485,10.);
#1685=VECTOR('',#5486,10.);
#1686=VECTOR('',#5487,10.);
#1687=VECTOR('',#5490,10.);
#1688=VECTOR('',#5491,10.);
#1689=VECTOR('',#5492,10.);
#1690=VECTOR('',#5495,10.);
#1691=VECTOR('',#5496,10.);
#1692=VECTOR('',#5497,10.);
#1693=VECTOR('',#5500,10.);
#1694=VECTOR('',#5501,10.);
#1695=VECTOR('',#5502,10.);
#1696=VECTOR('',#5505,10.);
#1697=VECTOR('',#5506,10.);
#1698=VECTOR('',#5507,10.);
#1699=VECTOR('',#5510,10.);
#1700=VECTOR('',#5511,10.);
#1701=VECTOR('',#5518,10.);
#1702=VECTOR('',#5519,10.);
#1703=VECTOR('',#5520,10.);
#1704=VECTOR('',#5521,10.);
#1705=VECTOR('',#5524,10.);
#1706=VECTOR('',#5525,10.);
#1707=VECTOR('',#5526,10.);
#1708=VECTOR('',#5529,10.);
#1709=VECTOR('',#5530,10.);
#1710=VECTOR('',#5531,10.);
#1711=VECTOR('',#5534,10.);
#1712=VECTOR('',#5535,10.);
#1713=VECTOR('',#5542,10.);
#1714=VECTOR('',#5543,10.);
#1715=VECTOR('',#5544,10.);
#1716=VECTOR('',#5545,10.);
#1717=VECTOR('',#5546,10.);
#1718=VECTOR('',#5547,10.);
#1719=VECTOR('',#5548,10.);
#1720=VECTOR('',#5549,10.);
#1721=VECTOR('',#5550,10.);
#1722=VECTOR('',#5551,10.);
#1723=VECTOR('',#5554,10.);
#1724=VECTOR('',#5555,10.);
#1725=VECTOR('',#5556,10.);
#1726=VECTOR('',#5559,10.);
#1727=VECTOR('',#5560,10.);
#1728=VECTOR('',#5563,10.);
#1729=VECTOR('',#5564,10.);
#1730=VECTOR('',#5565,10.);
#1731=VECTOR('',#5566,10.);
#1732=VECTOR('',#5569,10.);
#1733=VECTOR('',#5570,10.);
#1734=VECTOR('',#5571,10.);
#1735=VECTOR('',#5572,10.);
#1736=VECTOR('',#5573,10.);
#1737=VECTOR('',#5574,10.);
#1738=VECTOR('',#5575,10.);
#1739=VECTOR('',#5576,10.);
#1740=VECTOR('',#5577,10.);
#1741=VECTOR('',#5578,10.);
#1742=VECTOR('',#5581,10.);
#1743=VECTOR('',#5582,10.);
#1744=VECTOR('',#5583,10.);
#1745=VECTOR('',#5586,10.);
#1746=VECTOR('',#5587,10.);
#1747=VECTOR('',#5588,10.);
#1748=VECTOR('',#5591,10.);
#1749=VECTOR('',#5592,10.);
#1750=VECTOR('',#5593,10.);
#1751=VECTOR('',#5594,10.);
#1752=VECTOR('',#5595,10.);
#1753=VECTOR('',#5596,10.);
#1754=VECTOR('',#5599,10.);
#1755=VECTOR('',#5600,10.);
#1756=VECTOR('',#5601,10.);
#1757=VECTOR('',#5604,10.);
#1758=VECTOR('',#5605,10.);
#1759=VECTOR('',#5606,10.);
#1760=VECTOR('',#5609,10.);
#1761=VECTOR('',#5610,10.);
#1762=VECTOR('',#5617,10.);
#1763=VECTOR('',#5618,10.);
#1764=VECTOR('',#5619,10.);
#1765=VECTOR('',#5620,10.);
#1766=VECTOR('',#5623,10.);
#1767=VECTOR('',#5624,10.);
#1768=VECTOR('',#5625,10.);
#1769=VECTOR('',#5628,10.);
#1770=VECTOR('',#5629,10.);
#1771=VECTOR('',#5630,10.);
#1772=VECTOR('',#5633,10.);
#1773=VECTOR('',#5634,10.);
#1774=VECTOR('',#5635,10.);
#1775=VECTOR('',#5638,10.);
#1776=VECTOR('',#5639,10.);
#1777=VECTOR('',#5640,10.);
#1778=VECTOR('',#5643,10.);
#1779=VECTOR('',#5644,10.);
#1780=VECTOR('',#5645,10.);
#1781=VECTOR('',#5648,10.);
#1782=VECTOR('',#5649,10.);
#1783=VECTOR('',#5650,10.);
#1784=VECTOR('',#5653,10.);
#1785=VECTOR('',#5654,10.);
#1786=VECTOR('',#5655,10.);
#1787=VECTOR('',#5658,10.);
#1788=VECTOR('',#5659,10.);
#1789=VECTOR('',#5660,10.);
#1790=VECTOR('',#5663,10.);
#1791=VECTOR('',#5664,10.);
#1792=VECTOR('',#5665,10.);
#1793=VECTOR('',#5668,10.);
#1794=VECTOR('',#5669,10.);
#1795=VECTOR('',#5670,10.);
#1796=VECTOR('',#5673,10.);
#1797=VECTOR('',#5674,10.);
#1798=VECTOR('',#5675,10.);
#1799=VECTOR('',#5678,10.);
#1800=VECTOR('',#5679,10.);
#1801=VECTOR('',#5686,10.);
#1802=VECTOR('',#5687,10.);
#1803=VECTOR('',#5688,10.);
#1804=VECTOR('',#5689,10.);
#1805=VECTOR('',#5692,10.);
#1806=VECTOR('',#5693,10.);
#1807=VECTOR('',#5694,10.);
#1808=VECTOR('',#5695,10.);
#1809=VECTOR('',#5696,10.);
#1810=VECTOR('',#5697,10.);
#1811=VECTOR('',#5698,10.);
#1812=VECTOR('',#5699,10.);
#1813=VECTOR('',#5700,10.);
#1814=VECTOR('',#5703,10.);
#1815=VECTOR('',#5704,10.);
#1816=VECTOR('',#5707,10.);
#1817=VECTOR('',#5708,10.);
#1818=VECTOR('',#5709,10.);
#1819=VECTOR('',#5710,10.);
#1820=VECTOR('',#5713,10.);
#1821=VECTOR('',#5714,10.);
#1822=VECTOR('',#5715,10.);
#1823=VECTOR('',#5716,10.);
#1824=VECTOR('',#5717,10.);
#1825=VECTOR('',#5718,10.);
#1826=VECTOR('',#5719,10.);
#1827=VECTOR('',#5720,10.);
#1828=VECTOR('',#5721,10.);
#1829=VECTOR('',#5722,10.);
#1830=VECTOR('',#5725,10.);
#1831=VECTOR('',#5726,10.);
#1832=VECTOR('',#5727,10.);
#1833=VECTOR('',#5730,10.);
#1834=VECTOR('',#5731,10.);
#1835=VECTOR('',#5732,10.);
#1836=VECTOR('',#5735,10.);
#1837=VECTOR('',#5736,10.);
#1838=VECTOR('',#5743,10.);
#1839=VECTOR('',#5744,10.);
#1840=VECTOR('',#5745,10.);
#1841=VECTOR('',#5746,10.);
#1842=VECTOR('',#5749,10.);
#1843=VECTOR('',#5750,10.);
#1844=VECTOR('',#5751,10.);
#1845=VECTOR('',#5754,10.);
#1846=VECTOR('',#5755,10.);
#1847=VECTOR('',#5756,10.);
#1848=VECTOR('',#5759,10.);
#1849=VECTOR('',#5760,10.);
#1850=VECTOR('',#5761,10.);
#1851=VECTOR('',#5764,10.);
#1852=VECTOR('',#5765,10.);
#1853=VECTOR('',#5766,10.);
#1854=VECTOR('',#5769,10.);
#1855=VECTOR('',#5770,10.);
#1856=VECTOR('',#5771,10.);
#1857=VECTOR('',#5774,10.);
#1858=VECTOR('',#5775,10.);
#1859=VECTOR('',#5776,10.);
#1860=VECTOR('',#5779,10.);
#1861=VECTOR('',#5780,10.);
#1862=VECTOR('',#5789,3.);
#1863=VECTOR('',#5800,10.);
#1864=VECTOR('',#5803,10.);
#1865=VECTOR('',#5806,10.);
#1866=VECTOR('',#5807,10.);
#1867=VECTOR('',#5808,10.);
#1868=VECTOR('',#5811,10.);
#1869=VECTOR('',#5812,10.);
#1870=VECTOR('',#5817,3.);
#1871=VECTOR('',#5826,10.);
#1872=VECTOR('',#5827,10.);
#1873=VECTOR('',#5828,10.);
#1874=VECTOR('',#5829,10.);
#1875=VECTOR('',#5832,10.);
#1876=VECTOR('',#5833,10.);
#1877=VECTOR('',#5834,10.);
#1878=VECTOR('',#5845,3.);
#1879=VECTOR('',#5856,10.);
#1880=VECTOR('',#5859,10.);
#1881=VECTOR('',#5862,10.);
#1882=VECTOR('',#5863,10.);
#1883=VECTOR('',#5864,10.);
#1884=VECTOR('',#5867,10.);
#1885=VECTOR('',#5870,10.);
#1886=VECTOR('',#5873,10.);
#1887=VECTOR('',#5904,10.);
#1888=VECTOR('',#5907,10.);
#1889=VECTOR('',#5908,10.);
#1890=VECTOR('',#5913,10.);
#1891=VECTOR('',#5914,10.);
#1892=VECTOR('',#5917,10.);
#1893=VECTOR('',#5922,10.);
#1894=VECTOR('',#5925,2.425);
#1895=VECTOR('',#5930,1.7);
#1896=VECTOR('',#5935,2.425);
#1897=VECTOR('',#5940,1.7);
#1898=VECTOR('',#5945,2.425);
#1899=VECTOR('',#5950,1.7);
#1900=VECTOR('',#5955,2.425);
#1901=VECTOR('',#5960,1.7);
#1902=VECTOR('',#5967,3.5);
#1903=VECTOR('',#5972,6.);
#1904=VECTOR('',#5977,3.5);
#1905=VECTOR('',#5982,4.125);
#1906=VECTOR('',#5987,6.);
#1907=VECTOR('',#5992,4.125);
#1908=VECTOR('',#5997,4.125);
#1909=VECTOR('',#6002,6.);
#1910=VECTOR('',#6005,10.);
#1911=VERTEX_POINT('',#6015);
#1912=VERTEX_POINT('',#6016);
#1913=VERTEX_POINT('',#6018);
#1914=VERTEX_POINT('',#6020);
#1915=VERTEX_POINT('',#6024);
#1916=VERTEX_POINT('',#6026);
#1917=VERTEX_POINT('',#6030);
#1918=VERTEX_POINT('',#6032);
#1919=VERTEX_POINT('',#6036);
#1920=VERTEX_POINT('',#6038);
#1921=VERTEX_POINT('',#6042);
#1922=VERTEX_POINT('',#6044);
#1923=VERTEX_POINT('',#6048);
#1924=VERTEX_POINT('',#6050);
#1925=VERTEX_POINT('',#6054);
#1926=VERTEX_POINT('',#6056);
#1927=VERTEX_POINT('',#6060);
#1928=VERTEX_POINT('',#6062);
#1929=VERTEX_POINT('',#6066);
#1930=VERTEX_POINT('',#6068);
#1931=VERTEX_POINT('',#6072);
#1932=VERTEX_POINT('',#6074);
#1933=VERTEX_POINT('',#6078);
#1934=VERTEX_POINT('',#6080);
#1935=VERTEX_POINT('',#6084);
#1936=VERTEX_POINT('',#6086);
#1937=VERTEX_POINT('',#6090);
#1938=VERTEX_POINT('',#6092);
#1939=VERTEX_POINT('',#6096);
#1940=VERTEX_POINT('',#6098);
#1941=VERTEX_POINT('',#6102);
#1942=VERTEX_POINT('',#6104);
#1943=VERTEX_POINT('',#6113);
#1944=VERTEX_POINT('',#6114);
#1945=VERTEX_POINT('',#6116);
#1946=VERTEX_POINT('',#6118);
#1947=VERTEX_POINT('',#6125);
#1948=VERTEX_POINT('',#6127);
#1949=VERTEX_POINT('',#6133);
#1950=VERTEX_POINT('',#6134);
#1951=VERTEX_POINT('',#6136);
#1952=VERTEX_POINT('',#6138);
#1953=VERTEX_POINT('',#6151);
#1954=VERTEX_POINT('',#6157);
#1955=VERTEX_POINT('',#6174);
#1956=VERTEX_POINT('',#6180);
#1957=VERTEX_POINT('',#6197);
#1958=VERTEX_POINT('',#6203);
#1959=VERTEX_POINT('',#6220);
#1960=VERTEX_POINT('',#6226);
#1961=VERTEX_POINT('',#6243);
#1962=VERTEX_POINT('',#6249);
#1963=VERTEX_POINT('',#6266);
#1964=VERTEX_POINT('',#6272);
#1965=VERTEX_POINT('',#6280);
#1966=VERTEX_POINT('',#6282);
#1967=VERTEX_POINT('',#6289);
#1968=VERTEX_POINT('',#6290);
#1969=VERTEX_POINT('',#6292);
#1970=VERTEX_POINT('',#6294);
#1971=VERTEX_POINT('',#6298);
#1972=VERTEX_POINT('',#6300);
#1973=VERTEX_POINT('',#6313);
#1974=VERTEX_POINT('',#6319);
#1975=VERTEX_POINT('',#6336);
#1976=VERTEX_POINT('',#6342);
#1977=VERTEX_POINT('',#6359);
#1978=VERTEX_POINT('',#6365);
#1979=VERTEX_POINT('',#6382);
#1980=VERTEX_POINT('',#6388);
#1981=VERTEX_POINT('',#6405);
#1982=VERTEX_POINT('',#6411);
#1983=VERTEX_POINT('',#6428);
#1984=VERTEX_POINT('',#6434);
#1985=VERTEX_POINT('',#6451);
#1986=VERTEX_POINT('',#6457);
#1987=VERTEX_POINT('',#6465);
#1988=VERTEX_POINT('',#6467);
#1989=VERTEX_POINT('',#6471);
#1990=VERTEX_POINT('',#6473);
#1991=VERTEX_POINT('',#6477);
#1992=VERTEX_POINT('',#6479);
#1993=VERTEX_POINT('',#6492);
#1994=VERTEX_POINT('',#6498);
#1995=VERTEX_POINT('',#6515);
#1996=VERTEX_POINT('',#6521);
#1997=VERTEX_POINT('',#6538);
#1998=VERTEX_POINT('',#6544);
#1999=VERTEX_POINT('',#6552);
#2000=VERTEX_POINT('',#6554);
#2001=VERTEX_POINT('',#6558);
#2002=VERTEX_POINT('',#6560);
#2003=VERTEX_POINT('',#6569);
#2004=VERTEX_POINT('',#6570);
#2005=VERTEX_POINT('',#6572);
#2006=VERTEX_POINT('',#6574);
#2007=VERTEX_POINT('',#6587);
#2008=VERTEX_POINT('',#6593);
#2009=VERTEX_POINT('',#6610);
#2010=VERTEX_POINT('',#6616);
#2011=VERTEX_POINT('',#6633);
#2012=VERTEX_POINT('',#6639);
#2013=VERTEX_POINT('',#6656);
#2014=VERTEX_POINT('',#6662);
#2015=VERTEX_POINT('',#6679);
#2016=VERTEX_POINT('',#6685);
#2017=VERTEX_POINT('',#6702);
#2018=VERTEX_POINT('',#6708);
#2019=VERTEX_POINT('',#6725);
#2020=VERTEX_POINT('',#6731);
#2021=VERTEX_POINT('',#6748);
#2022=VERTEX_POINT('',#6754);
#2023=VERTEX_POINT('',#6771);
#2024=VERTEX_POINT('',#6777);
#2025=VERTEX_POINT('',#6794);
#2026=VERTEX_POINT('',#6800);
#2027=VERTEX_POINT('',#6817);
#2028=VERTEX_POINT('',#6823);
#2029=VERTEX_POINT('',#6840);
#2030=VERTEX_POINT('',#6846);
#2031=VERTEX_POINT('',#6863);
#2032=VERTEX_POINT('',#6869);
#2033=VERTEX_POINT('',#6886);
#2034=VERTEX_POINT('',#6892);
#2035=VERTEX_POINT('',#6900);
#2036=VERTEX_POINT('',#6902);
#2037=VERTEX_POINT('',#6915);
#2038=VERTEX_POINT('',#6921);
#2039=VERTEX_POINT('',#6938);
#2040=VERTEX_POINT('',#6944);
#2041=VERTEX_POINT('',#6961);
#2042=VERTEX_POINT('',#6967);
#2043=VERTEX_POINT('',#6984);
#2044=VERTEX_POINT('',#6990);
#2045=VERTEX_POINT('',#7007);
#2046=VERTEX_POINT('',#7013);
#2047=VERTEX_POINT('',#7030);
#2048=VERTEX_POINT('',#7036);
#2049=VERTEX_POINT('',#7053);
#2050=VERTEX_POINT('',#7059);
#2051=VERTEX_POINT('',#7076);
#2052=VERTEX_POINT('',#7082);
#2053=VERTEX_POINT('',#7099);
#2054=VERTEX_POINT('',#7105);
#2055=VERTEX_POINT('',#7122);
#2056=VERTEX_POINT('',#7128);
#2057=VERTEX_POINT('',#7145);
#2058=VERTEX_POINT('',#7151);
#2059=VERTEX_POINT('',#7168);
#2060=VERTEX_POINT('',#7174);
#2061=VERTEX_POINT('',#7191);
#2062=VERTEX_POINT('',#7197);
#2063=VERTEX_POINT('',#7227);
#2064=VERTEX_POINT('',#7228);
#2065=VERTEX_POINT('',#7230);
#2066=VERTEX_POINT('',#7232);
#2067=VERTEX_POINT('',#7245);
#2068=VERTEX_POINT('',#7251);
#2069=VERTEX_POINT('',#7268);
#2070=VERTEX_POINT('',#7274);
#2071=VERTEX_POINT('',#7291);
#2072=VERTEX_POINT('',#7297);
#2073=VERTEX_POINT('',#7314);
#2074=VERTEX_POINT('',#7320);
#2075=VERTEX_POINT('',#7337);
#2076=VERTEX_POINT('',#7343);
#2077=VERTEX_POINT('',#7360);
#2078=VERTEX_POINT('',#7366);
#2079=VERTEX_POINT('',#7374);
#2080=VERTEX_POINT('',#7376);
#2081=VERTEX_POINT('',#7383);
#2082=VERTEX_POINT('',#7384);
#2083=VERTEX_POINT('',#7386);
#2084=VERTEX_POINT('',#7388);
#2085=VERTEX_POINT('',#7392);
#2086=VERTEX_POINT('',#7394);
#2087=VERTEX_POINT('',#7407);
#2088=VERTEX_POINT('',#7413);
#2089=VERTEX_POINT('',#7430);
#2090=VERTEX_POINT('',#7436);
#2091=VERTEX_POINT('',#7453);
#2092=VERTEX_POINT('',#7459);
#2093=VERTEX_POINT('',#7476);
#2094=VERTEX_POINT('',#7482);
#2095=VERTEX_POINT('',#7499);
#2096=VERTEX_POINT('',#7505);
#2097=VERTEX_POINT('',#7522);
#2098=VERTEX_POINT('',#7528);
#2099=VERTEX_POINT('',#7545);
#2100=VERTEX_POINT('',#7551);
#2101=VERTEX_POINT('',#7559);
#2102=VERTEX_POINT('',#7561);
#2103=VERTEX_POINT('',#7565);
#2104=VERTEX_POINT('',#7567);
#2105=VERTEX_POINT('',#7571);
#2106=VERTEX_POINT('',#7573);
#2107=VERTEX_POINT('',#7586);
#2108=VERTEX_POINT('',#7592);
#2109=VERTEX_POINT('',#7609);
#2110=VERTEX_POINT('',#7615);
#2111=VERTEX_POINT('',#7632);
#2112=VERTEX_POINT('',#7638);
#2113=VERTEX_POINT('',#7646);
#2114=VERTEX_POINT('',#7648);
#2115=VERTEX_POINT('',#7652);
#2116=VERTEX_POINT('',#7654);
#2117=VERTEX_POINT('',#7663);
#2118=VERTEX_POINT('',#7664);
#2119=VERTEX_POINT('',#7666);
#2120=VERTEX_POINT('',#7668);
#2121=VERTEX_POINT('',#7672);
#2122=VERTEX_POINT('',#7674);
#2123=VERTEX_POINT('',#7678);
#2124=VERTEX_POINT('',#7680);
#2125=VERTEX_POINT('',#7684);
#2126=VERTEX_POINT('',#7686);
#2127=VERTEX_POINT('',#7690);
#2128=VERTEX_POINT('',#7692);
#2129=VERTEX_POINT('',#7696);
#2130=VERTEX_POINT('',#7698);
#2131=VERTEX_POINT('',#7702);
#2132=VERTEX_POINT('',#7704);
#2133=VERTEX_POINT('',#7713);
#2134=VERTEX_POINT('',#7714);
#2135=VERTEX_POINT('',#7716);
#2136=VERTEX_POINT('',#7718);
#2137=VERTEX_POINT('',#7722);
#2138=VERTEX_POINT('',#7724);
#2139=VERTEX_POINT('',#7728);
#2140=VERTEX_POINT('',#7730);
#2141=VERTEX_POINT('',#7734);
#2142=VERTEX_POINT('',#7736);
#2143=VERTEX_POINT('',#7740);
#2144=VERTEX_POINT('',#7742);
#2145=VERTEX_POINT('',#7746);
#2146=VERTEX_POINT('',#7748);
#2147=VERTEX_POINT('',#7752);
#2148=VERTEX_POINT('',#7754);
#2149=VERTEX_POINT('',#7758);
#2150=VERTEX_POINT('',#7760);
#2151=VERTEX_POINT('',#7764);
#2152=VERTEX_POINT('',#7766);
#2153=VERTEX_POINT('',#7770);
#2154=VERTEX_POINT('',#7772);
#2155=VERTEX_POINT('',#7776);
#2156=VERTEX_POINT('',#7778);
#2157=VERTEX_POINT('',#7782);
#2158=VERTEX_POINT('',#7784);
#2159=VERTEX_POINT('',#7793);
#2160=VERTEX_POINT('',#7794);
#2161=VERTEX_POINT('',#7796);
#2162=VERTEX_POINT('',#7798);
#2163=VERTEX_POINT('',#7802);
#2164=VERTEX_POINT('',#7804);
#2165=VERTEX_POINT('',#7808);
#2166=VERTEX_POINT('',#7810);
#2167=VERTEX_POINT('',#7819);
#2168=VERTEX_POINT('',#7820);
#2169=VERTEX_POINT('',#7822);
#2170=VERTEX_POINT('',#7824);
#2171=VERTEX_POINT('',#7837);
#2172=VERTEX_POINT('',#7843);
#2173=VERTEX_POINT('',#7860);
#2174=VERTEX_POINT('',#7866);
#2175=VERTEX_POINT('',#7883);
#2176=VERTEX_POINT('',#7889);
#2177=VERTEX_POINT('',#7906);
#2178=VERTEX_POINT('',#7912);
#2179=VERTEX_POINT('',#7929);
#2180=VERTEX_POINT('',#7935);
#2181=VERTEX_POINT('',#7952);
#2182=VERTEX_POINT('',#7958);
#2183=VERTEX_POINT('',#7966);
#2184=VERTEX_POINT('',#7968);
#2185=VERTEX_POINT('',#7975);
#2186=VERTEX_POINT('',#7976);
#2187=VERTEX_POINT('',#7978);
#2188=VERTEX_POINT('',#7980);
#2189=VERTEX_POINT('',#7984);
#2190=VERTEX_POINT('',#7986);
#2191=VERTEX_POINT('',#7999);
#2192=VERTEX_POINT('',#8005);
#2193=VERTEX_POINT('',#8022);
#2194=VERTEX_POINT('',#8028);
#2195=VERTEX_POINT('',#8045);
#2196=VERTEX_POINT('',#8051);
#2197=VERTEX_POINT('',#8068);
#2198=VERTEX_POINT('',#8074);
#2199=VERTEX_POINT('',#8091);
#2200=VERTEX_POINT('',#8097);
#2201=VERTEX_POINT('',#8114);
#2202=VERTEX_POINT('',#8120);
#2203=VERTEX_POINT('',#8137);
#2204=VERTEX_POINT('',#8143);
#2205=VERTEX_POINT('',#8151);
#2206=VERTEX_POINT('',#8153);
#2207=VERTEX_POINT('',#8157);
#2208=VERTEX_POINT('',#8159);
#2209=VERTEX_POINT('',#8163);
#2210=VERTEX_POINT('',#8165);
#2211=VERTEX_POINT('',#8178);
#2212=VERTEX_POINT('',#8184);
#2213=VERTEX_POINT('',#8201);
#2214=VERTEX_POINT('',#8207);
#2215=VERTEX_POINT('',#8224);
#2216=VERTEX_POINT('',#8230);
#2217=VERTEX_POINT('',#8238);
#2218=VERTEX_POINT('',#8240);
#2219=VERTEX_POINT('',#8244);
#2220=VERTEX_POINT('',#8246);
#2221=VERTEX_POINT('',#8255);
#2222=VERTEX_POINT('',#8256);
#2223=VERTEX_POINT('',#8258);
#2224=VERTEX_POINT('',#8260);
#2225=VERTEX_POINT('',#8264);
#2226=VERTEX_POINT('',#8266);
#2227=VERTEX_POINT('',#8270);
#2228=VERTEX_POINT('',#8272);
#2229=VERTEX_POINT('',#8276);
#2230=VERTEX_POINT('',#8278);
#2231=VERTEX_POINT('',#8282);
#2232=VERTEX_POINT('',#8284);
#2233=VERTEX_POINT('',#8288);
#2234=VERTEX_POINT('',#8290);
#2235=VERTEX_POINT('',#8294);
#2236=VERTEX_POINT('',#8296);
#2237=VERTEX_POINT('',#8300);
#2238=VERTEX_POINT('',#8302);
#2239=VERTEX_POINT('',#8306);
#2240=VERTEX_POINT('',#8308);
#2241=VERTEX_POINT('',#8312);
#2242=VERTEX_POINT('',#8314);
#2243=VERTEX_POINT('',#8318);
#2244=VERTEX_POINT('',#8320);
#2245=VERTEX_POINT('',#8324);
#2246=VERTEX_POINT('',#8326);
#2247=VERTEX_POINT('',#8335);
#2248=VERTEX_POINT('',#8336);
#2249=VERTEX_POINT('',#8338);
#2250=VERTEX_POINT('',#8340);
#2251=VERTEX_POINT('',#8344);
#2252=VERTEX_POINT('',#8346);
#2253=VERTEX_POINT('',#8359);
#2254=VERTEX_POINT('',#8365);
#2255=VERTEX_POINT('',#8382);
#2256=VERTEX_POINT('',#8388);
#2257=VERTEX_POINT('',#8405);
#2258=VERTEX_POINT('',#8411);
#2259=VERTEX_POINT('',#8428);
#2260=VERTEX_POINT('',#8434);
#2261=VERTEX_POINT('',#8451);
#2262=VERTEX_POINT('',#8457);
#2263=VERTEX_POINT('',#8474);
#2264=VERTEX_POINT('',#8480);
#2265=VERTEX_POINT('',#8491);
#2266=VERTEX_POINT('',#8492);
#2267=VERTEX_POINT('',#8494);
#2268=VERTEX_POINT('',#8496);
#2269=VERTEX_POINT('',#8500);
#2270=VERTEX_POINT('',#8502);
#2271=VERTEX_POINT('',#8515);
#2272=VERTEX_POINT('',#8521);
#2273=VERTEX_POINT('',#8538);
#2274=VERTEX_POINT('',#8544);
#2275=VERTEX_POINT('',#8561);
#2276=VERTEX_POINT('',#8567);
#2277=VERTEX_POINT('',#8584);
#2278=VERTEX_POINT('',#8590);
#2279=VERTEX_POINT('',#8607);
#2280=VERTEX_POINT('',#8613);
#2281=VERTEX_POINT('',#8630);
#2282=VERTEX_POINT('',#8636);
#2283=VERTEX_POINT('',#8653);
#2284=VERTEX_POINT('',#8659);
#2285=VERTEX_POINT('',#8667);
#2286=VERTEX_POINT('',#8669);
#2287=VERTEX_POINT('',#8673);
#2288=VERTEX_POINT('',#8675);
#2289=VERTEX_POINT('',#8684);
#2290=VERTEX_POINT('',#8685);
#2291=VERTEX_POINT('',#8687);
#2292=VERTEX_POINT('',#8689);
#2293=VERTEX_POINT('',#8693);
#2294=VERTEX_POINT('',#8695);
#2295=VERTEX_POINT('',#8699);
#2296=VERTEX_POINT('',#8701);
#2297=VERTEX_POINT('',#8705);
#2298=VERTEX_POINT('',#8707);
#2299=VERTEX_POINT('',#8711);
#2300=VERTEX_POINT('',#8713);
#2301=VERTEX_POINT('',#8717);
#2302=VERTEX_POINT('',#8719);
#2303=VERTEX_POINT('',#8723);
#2304=VERTEX_POINT('',#8725);
#2305=VERTEX_POINT('',#8734);
#2306=VERTEX_POINT('',#8736);
#2307=VERTEX_POINT('',#8742);
#2308=VERTEX_POINT('',#8743);
#2309=VERTEX_POINT('',#8745);
#2310=VERTEX_POINT('',#8747);
#2311=VERTEX_POINT('',#8751);
#2312=VERTEX_POINT('',#8753);
#2313=VERTEX_POINT('',#8760);
#2314=VERTEX_POINT('',#8762);
#2315=VERTEX_POINT('',#8768);
#2316=VERTEX_POINT('',#8769);
#2317=VERTEX_POINT('',#8771);
#2318=VERTEX_POINT('',#8773);
#2319=VERTEX_POINT('',#8777);
#2320=VERTEX_POINT('',#8779);
#2321=VERTEX_POINT('',#8786);
#2322=VERTEX_POINT('',#8788);
#2323=VERTEX_POINT('',#8794);
#2324=VERTEX_POINT('',#8795);
#2325=VERTEX_POINT('',#8797);
#2326=VERTEX_POINT('',#8799);
#2327=VERTEX_POINT('',#8803);
#2328=VERTEX_POINT('',#8805);
#2329=VERTEX_POINT('',#8809);
#2330=VERTEX_POINT('',#8811);
#2331=VERTEX_POINT('',#8813);
#2332=VERTEX_POINT('',#8815);
#2333=VERTEX_POINT('',#8817);
#2334=VERTEX_POINT('',#8820);
#2335=VERTEX_POINT('',#8822);
#2336=VERTEX_POINT('',#8824);
#2337=VERTEX_POINT('',#8826);
#2338=VERTEX_POINT('',#8828);
#2339=VERTEX_POINT('',#8830);
#2340=VERTEX_POINT('',#8832);
#2341=VERTEX_POINT('',#8834);
#2342=VERTEX_POINT('',#8836);
#2343=VERTEX_POINT('',#8838);
#2344=VERTEX_POINT('',#8840);
#2345=VERTEX_POINT('',#8842);
#2346=VERTEX_POINT('',#8845);
#2347=VERTEX_POINT('',#8849);
#2348=VERTEX_POINT('',#8853);
#2349=VERTEX_POINT('',#8854);
#2350=VERTEX_POINT('',#8861);
#2351=VERTEX_POINT('',#8865);
#2352=VERTEX_POINT('',#8869);
#2353=VERTEX_POINT('',#8873);
#2354=VERTEX_POINT('',#8877);
#2355=VERTEX_POINT('',#8881);
#2356=VERTEX_POINT('',#8885);
#2357=VERTEX_POINT('',#8889);
#2358=VERTEX_POINT('',#8893);
#2359=VERTEX_POINT('',#8897);
#2360=VERTEX_POINT('',#8901);
#2361=VERTEX_POINT('',#8905);
#2362=VERTEX_POINT('',#8909);
#2363=VERTEX_POINT('',#8913);
#2364=VERTEX_POINT('',#8917);
#2365=VERTEX_POINT('',#8921);
#2366=VERTEX_POINT('',#8925);
#2367=EDGE_CURVE('',#1911,#1912,#1011,.T.);
#2368=EDGE_CURVE('',#1911,#1913,#1012,.T.);
#2369=EDGE_CURVE('',#1914,#1913,#1013,.T.);
#2370=EDGE_CURVE('',#1912,#1914,#1014,.T.);
#2371=EDGE_CURVE('',#1912,#1915,#364,.T.);
#2372=EDGE_CURVE('',#1916,#1914,#365,.T.);
#2373=EDGE_CURVE('',#1915,#1916,#1015,.T.);
#2374=EDGE_CURVE('',#1917,#1915,#1016,.T.);
#2375=EDGE_CURVE('',#1918,#1916,#1017,.T.);
#2376=EDGE_CURVE('',#1917,#1918,#1018,.T.);
#2377=EDGE_CURVE('',#1917,#1919,#1019,.T.);
#2378=EDGE_CURVE('',#1920,#1918,#1020,.T.);
#2379=EDGE_CURVE('',#1919,#1920,#1021,.T.);
#2380=EDGE_CURVE('',#1919,#1921,#1022,.T.);
#2381=EDGE_CURVE('',#1922,#1920,#1023,.T.);
#2382=EDGE_CURVE('',#1921,#1922,#1024,.T.);
#2383=EDGE_CURVE('',#1923,#1921,#366,.T.);
#2384=EDGE_CURVE('',#1924,#1922,#367,.T.);
#2385=EDGE_CURVE('',#1923,#1924,#1025,.T.);
#2386=EDGE_CURVE('',#1925,#1923,#1026,.T.);
#2387=EDGE_CURVE('',#1926,#1924,#1027,.T.);
#2388=EDGE_CURVE('',#1925,#1926,#1028,.T.);
#2389=EDGE_CURVE('',#1925,#1927,#1029,.T.);
#2390=EDGE_CURVE('',#1928,#1926,#1030,.T.);
#2391=EDGE_CURVE('',#1927,#1928,#1031,.T.);
#2392=EDGE_CURVE('',#1927,#1929,#1032,.T.);
#2393=EDGE_CURVE('',#1930,#1928,#1033,.T.);
#2394=EDGE_CURVE('',#1929,#1930,#1034,.T.);
#2395=EDGE_CURVE('',#1931,#1929,#368,.T.);
#2396=EDGE_CURVE('',#1932,#1930,#369,.T.);
#2397=EDGE_CURVE('',#1931,#1932,#1035,.T.);
#2398=EDGE_CURVE('',#1933,#1931,#1036,.T.);
#2399=EDGE_CURVE('',#1934,#1932,#1037,.T.);
#2400=EDGE_CURVE('',#1933,#1934,#1038,.T.);
#2401=EDGE_CURVE('',#1933,#1935,#1039,.T.);
#2402=EDGE_CURVE('',#1936,#1934,#1040,.T.);
#2403=EDGE_CURVE('',#1935,#1936,#1041,.T.);
#2404=EDGE_CURVE('',#1935,#1937,#1042,.T.);
#2405=EDGE_CURVE('',#1938,#1936,#1043,.T.);
#2406=EDGE_CURVE('',#1937,#1938,#1044,.T.);
#2407=EDGE_CURVE('',#1939,#1937,#370,.T.);
#2408=EDGE_CURVE('',#1940,#1938,#371,.T.);
#2409=EDGE_CURVE('',#1939,#1940,#1045,.T.);
#2410=EDGE_CURVE('',#1941,#1939,#1046,.T.);
#2411=EDGE_CURVE('',#1942,#1940,#1047,.T.);
#2412=EDGE_CURVE('',#1941,#1942,#1048,.T.);
#2413=EDGE_CURVE('',#1911,#1941,#1049,.T.);
#2414=EDGE_CURVE('',#1913,#1942,#1050,.T.);
#2415=EDGE_CURVE('',#1943,#1944,#372,.T.);
#2416=EDGE_CURVE('',#1944,#1945,#1051,.T.);
#2417=EDGE_CURVE('',#1946,#1945,#373,.T.);
#2418=EDGE_CURVE('',#1943,#1946,#1052,.T.);
#2419=EDGE_CURVE('',#1944,#1943,#1053,.T.);
#2420=EDGE_CURVE('',#1945,#1946,#1054,.T.);
#2421=EDGE_CURVE('',#1947,#1947,#374,.T.);
#2422=EDGE_CURVE('',#1947,#1948,#1055,.T.);
#2423=EDGE_CURVE('',#1948,#1948,#375,.T.);
#2424=EDGE_CURVE('',#1949,#1950,#1056,.T.);
#2425=EDGE_CURVE('',#1949,#1951,#1057,.T.);
#2426=EDGE_CURVE('',#1952,#1951,#1058,.T.);
#2427=EDGE_CURVE('',#1950,#1952,#1059,.T.);
#2428=EDGE_CURVE('',#1950,#1953,#26,.T.);
#2429=EDGE_CURVE('',#1954,#1952,#27,.T.);
#2430=EDGE_CURVE('',#1953,#1954,#1060,.T.);
#2431=EDGE_CURVE('',#1953,#1955,#28,.T.);
#2432=EDGE_CURVE('',#1956,#1954,#29,.T.);
#2433=EDGE_CURVE('',#1955,#1956,#1061,.T.);
#2434=EDGE_CURVE('',#1955,#1957,#30,.T.);
#2435=EDGE_CURVE('',#1958,#1956,#31,.T.);
#2436=EDGE_CURVE('',#1957,#1958,#1062,.T.);
#2437=EDGE_CURVE('',#1957,#1959,#32,.T.);
#2438=EDGE_CURVE('',#1960,#1958,#33,.T.);
#2439=EDGE_CURVE('',#1959,#1960,#1063,.T.);
#2440=EDGE_CURVE('',#1959,#1961,#34,.T.);
#2441=EDGE_CURVE('',#1962,#1960,#35,.T.);
#2442=EDGE_CURVE('',#1961,#1962,#1064,.T.);
#2443=EDGE_CURVE('',#1961,#1963,#36,.T.);
#2444=EDGE_CURVE('',#1964,#1962,#37,.T.);
#2445=EDGE_CURVE('',#1963,#1964,#1065,.T.);
#2446=EDGE_CURVE('',#1963,#1965,#1066,.T.);
#2447=EDGE_CURVE('',#1966,#1964,#1067,.T.);
#2448=EDGE_CURVE('',#1965,#1966,#1068,.T.);
#2449=EDGE_CURVE('',#1965,#1949,#1069,.T.);
#2450=EDGE_CURVE('',#1951,#1966,#1070,.T.);
#2451=EDGE_CURVE('',#1967,#1968,#1071,.T.);
#2452=EDGE_CURVE('',#1967,#1969,#1072,.T.);
#2453=EDGE_CURVE('',#1970,#1969,#1073,.T.);
#2454=EDGE_CURVE('',#1968,#1970,#1074,.T.);
#2455=EDGE_CURVE('',#1968,#1971,#1075,.T.);
#2456=EDGE_CURVE('',#1972,#1970,#1076,.T.);
#2457=EDGE_CURVE('',#1971,#1972,#1077,.T.);
#2458=EDGE_CURVE('',#1971,#1973,#38,.T.);
#2459=EDGE_CURVE('',#1974,#1972,#39,.T.);
#2460=EDGE_CURVE('',#1973,#1974,#1078,.T.);
#2461=EDGE_CURVE('',#1973,#1975,#40,.T.);
#2462=EDGE_CURVE('',#1976,#1974,#41,.T.);
#2463=EDGE_CURVE('',#1975,#1976,#1079,.T.);
#2464=EDGE_CURVE('',#1975,#1977,#42,.T.);
#2465=EDGE_CURVE('',#1978,#1976,#43,.T.);
#2466=EDGE_CURVE('',#1977,#1978,#1080,.T.);
#2467=EDGE_CURVE('',#1977,#1979,#44,.T.);
#2468=EDGE_CURVE('',#1980,#1978,#45,.T.);
#2469=EDGE_CURVE('',#1979,#1980,#1081,.T.);
#2470=EDGE_CURVE('',#1979,#1981,#46,.T.);
#2471=EDGE_CURVE('',#1982,#1980,#47,.T.);
#2472=EDGE_CURVE('',#1981,#1982,#1082,.T.);
#2473=EDGE_CURVE('',#1981,#1983,#48,.T.);
#2474=EDGE_CURVE('',#1984,#1982,#49,.T.);
#2475=EDGE_CURVE('',#1983,#1984,#1083,.T.);
#2476=EDGE_CURVE('',#1983,#1985,#50,.T.);
#2477=EDGE_CURVE('',#1986,#1984,#51,.T.);
#2478=EDGE_CURVE('',#1985,#1986,#1084,.T.);
#2479=EDGE_CURVE('',#1985,#1987,#1085,.T.);
#2480=EDGE_CURVE('',#1988,#1986,#1086,.T.);
#2481=EDGE_CURVE('',#1987,#1988,#1087,.T.);
#2482=EDGE_CURVE('',#1987,#1989,#1088,.T.);
#2483=EDGE_CURVE('',#1990,#1988,#1089,.T.);
#2484=EDGE_CURVE('',#1989,#1990,#1090,.T.);
#2485=EDGE_CURVE('',#1989,#1991,#1091,.T.);
#2486=EDGE_CURVE('',#1992,#1990,#1092,.T.);
#2487=EDGE_CURVE('',#1991,#1992,#1093,.T.);
#2488=EDGE_CURVE('',#1991,#1993,#52,.T.);
#2489=EDGE_CURVE('',#1994,#1992,#53,.T.);
#2490=EDGE_CURVE('',#1993,#1994,#1094,.T.);
#2491=EDGE_CURVE('',#1993,#1995,#54,.T.);
#2492=EDGE_CURVE('',#1996,#1994,#55,.T.);
#2493=EDGE_CURVE('',#1995,#1996,#1095,.T.);
#2494=EDGE_CURVE('',#1995,#1997,#56,.T.);
#2495=EDGE_CURVE('',#1998,#1996,#57,.T.);
#2496=EDGE_CURVE('',#1997,#1998,#1096,.T.);
#2497=EDGE_CURVE('',#1997,#1999,#1097,.T.);
#2498=EDGE_CURVE('',#2000,#1998,#1098,.T.);
#2499=EDGE_CURVE('',#1999,#2000,#1099,.T.);
#2500=EDGE_CURVE('',#1999,#2001,#1100,.T.);
#2501=EDGE_CURVE('',#2002,#2000,#1101,.T.);
#2502=EDGE_CURVE('',#2001,#2002,#1102,.T.);
#2503=EDGE_CURVE('',#2001,#1967,#1103,.T.);
#2504=EDGE_CURVE('',#1969,#2002,#1104,.T.);
#2505=EDGE_CURVE('',#2003,#2004,#1105,.T.);
#2506=EDGE_CURVE('',#2003,#2005,#1106,.T.);
#2507=EDGE_CURVE('',#2006,#2005,#1107,.T.);
#2508=EDGE_CURVE('',#2004,#2006,#1108,.T.);
#2509=EDGE_CURVE('',#2004,#2007,#58,.T.);
#2510=EDGE_CURVE('',#2008,#2006,#59,.T.);
#2511=EDGE_CURVE('',#2007,#2008,#1109,.T.);
#2512=EDGE_CURVE('',#2007,#2009,#60,.T.);
#2513=EDGE_CURVE('',#2010,#2008,#61,.T.);
#2514=EDGE_CURVE('',#2009,#2010,#1110,.T.);
#2515=EDGE_CURVE('',#2009,#2011,#62,.T.);
#2516=EDGE_CURVE('',#2012,#2010,#63,.T.);
#2517=EDGE_CURVE('',#2011,#2012,#1111,.T.);
#2518=EDGE_CURVE('',#2011,#2013,#64,.T.);
#2519=EDGE_CURVE('',#2014,#2012,#65,.T.);
#2520=EDGE_CURVE('',#2013,#2014,#1112,.T.);
#2521=EDGE_CURVE('',#2013,#2015,#66,.T.);
#2522=EDGE_CURVE('',#2016,#2014,#67,.T.);
#2523=EDGE_CURVE('',#2015,#2016,#1113,.T.);
#2524=EDGE_CURVE('',#2015,#2017,#68,.T.);
#2525=EDGE_CURVE('',#2018,#2016,#69,.T.);
#2526=EDGE_CURVE('',#2017,#2018,#1114,.T.);
#2527=EDGE_CURVE('',#2017,#2019,#70,.T.);
#2528=EDGE_CURVE('',#2020,#2018,#71,.T.);
#2529=EDGE_CURVE('',#2019,#2020,#1115,.T.);
#2530=EDGE_CURVE('',#2019,#2021,#72,.T.);
#2531=EDGE_CURVE('',#2022,#2020,#73,.T.);
#2532=EDGE_CURVE('',#2021,#2022,#1116,.T.);
#2533=EDGE_CURVE('',#2021,#2023,#74,.T.);
#2534=EDGE_CURVE('',#2024,#2022,#75,.T.);
#2535=EDGE_CURVE('',#2023,#2024,#1117,.T.);
#2536=EDGE_CURVE('',#2023,#2025,#76,.T.);
#2537=EDGE_CURVE('',#2026,#2024,#77,.T.);
#2538=EDGE_CURVE('',#2025,#2026,#1118,.T.);
#2539=EDGE_CURVE('',#2025,#2027,#78,.T.);
#2540=EDGE_CURVE('',#2028,#2026,#79,.T.);
#2541=EDGE_CURVE('',#2027,#2028,#1119,.T.);
#2542=EDGE_CURVE('',#2027,#2029,#80,.T.);
#2543=EDGE_CURVE('',#2030,#2028,#81,.T.);
#2544=EDGE_CURVE('',#2029,#2030,#1120,.T.);
#2545=EDGE_CURVE('',#2029,#2031,#82,.T.);
#2546=EDGE_CURVE('',#2032,#2030,#83,.T.);
#2547=EDGE_CURVE('',#2031,#2032,#1121,.T.);
#2548=EDGE_CURVE('',#2031,#2033,#84,.T.);
#2549=EDGE_CURVE('',#2034,#2032,#85,.T.);
#2550=EDGE_CURVE('',#2033,#2034,#1122,.T.);
#2551=EDGE_CURVE('',#2033,#2035,#1123,.T.);
#2552=EDGE_CURVE('',#2036,#2034,#1124,.T.);
#2553=EDGE_CURVE('',#2035,#2036,#1125,.T.);
#2554=EDGE_CURVE('',#2035,#2037,#86,.T.);
#2555=EDGE_CURVE('',#2038,#2036,#87,.T.);
#2556=EDGE_CURVE('',#2037,#2038,#1126,.T.);
#2557=EDGE_CURVE('',#2037,#2039,#88,.T.);
#2558=EDGE_CURVE('',#2040,#2038,#89,.T.);
#2559=EDGE_CURVE('',#2039,#2040,#1127,.T.);
#2560=EDGE_CURVE('',#2039,#2041,#90,.T.);
#2561=EDGE_CURVE('',#2042,#2040,#91,.T.);
#2562=EDGE_CURVE('',#2041,#2042,#1128,.T.);
#2563=EDGE_CURVE('',#2041,#2043,#92,.T.);
#2564=EDGE_CURVE('',#2044,#2042,#93,.T.);
#2565=EDGE_CURVE('',#2043,#2044,#1129,.T.);
#2566=EDGE_CURVE('',#2043,#2045,#94,.T.);
#2567=EDGE_CURVE('',#2046,#2044,#95,.T.);
#2568=EDGE_CURVE('',#2045,#2046,#1130,.T.);
#2569=EDGE_CURVE('',#2045,#2047,#96,.T.);
#2570=EDGE_CURVE('',#2048,#2046,#97,.T.);
#2571=EDGE_CURVE('',#2047,#2048,#1131,.T.);
#2572=EDGE_CURVE('',#2047,#2049,#98,.T.);
#2573=EDGE_CURVE('',#2050,#2048,#99,.T.);
#2574=EDGE_CURVE('',#2049,#2050,#1132,.T.);
#2575=EDGE_CURVE('',#2049,#2051,#100,.T.);
#2576=EDGE_CURVE('',#2052,#2050,#101,.T.);
#2577=EDGE_CURVE('',#2051,#2052,#1133,.T.);
#2578=EDGE_CURVE('',#2051,#2053,#102,.T.);
#2579=EDGE_CURVE('',#2054,#2052,#103,.T.);
#2580=EDGE_CURVE('',#2053,#2054,#1134,.T.);
#2581=EDGE_CURVE('',#2053,#2055,#104,.T.);
#2582=EDGE_CURVE('',#2056,#2054,#105,.T.);
#2583=EDGE_CURVE('',#2055,#2056,#1135,.T.);
#2584=EDGE_CURVE('',#2055,#2057,#106,.T.);
#2585=EDGE_CURVE('',#2058,#2056,#107,.T.);
#2586=EDGE_CURVE('',#2057,#2058,#1136,.T.);
#2587=EDGE_CURVE('',#2057,#2059,#108,.T.);
#2588=EDGE_CURVE('',#2060,#2058,#109,.T.);
#2589=EDGE_CURVE('',#2059,#2060,#1137,.T.);
#2590=EDGE_CURVE('',#2059,#2061,#110,.T.);
#2591=EDGE_CURVE('',#2062,#2060,#111,.T.);
#2592=EDGE_CURVE('',#2061,#2062,#1138,.T.);
#2593=EDGE_CURVE('',#2061,#2003,#112,.T.);
#2594=EDGE_CURVE('',#2005,#2062,#113,.T.);
#2595=EDGE_CURVE('',#2063,#2064,#1139,.T.);
#2596=EDGE_CURVE('',#2063,#2065,#1140,.T.);
#2597=EDGE_CURVE('',#2066,#2065,#1141,.T.);
#2598=EDGE_CURVE('',#2064,#2066,#1142,.T.);
#2599=EDGE_CURVE('',#2064,#2067,#114,.T.);
#2600=EDGE_CURVE('',#2068,#2066,#115,.T.);
#2601=EDGE_CURVE('',#2067,#2068,#1143,.T.);
#2602=EDGE_CURVE('',#2067,#2069,#116,.T.);
#2603=EDGE_CURVE('',#2070,#2068,#117,.T.);
#2604=EDGE_CURVE('',#2069,#2070,#1144,.T.);
#2605=EDGE_CURVE('',#2069,#2071,#118,.T.);
#2606=EDGE_CURVE('',#2072,#2070,#119,.T.);
#2607=EDGE_CURVE('',#2071,#2072,#1145,.T.);
#2608=EDGE_CURVE('',#2071,#2073,#120,.T.);
#2609=EDGE_CURVE('',#2074,#2072,#121,.T.);
#2610=EDGE_CURVE('',#2073,#2074,#1146,.T.);
#2611=EDGE_CURVE('',#2073,#2075,#122,.T.);
#2612=EDGE_CURVE('',#2076,#2074,#123,.T.);
#2613=EDGE_CURVE('',#2075,#2076,#1147,.T.);
#2614=EDGE_CURVE('',#2075,#2077,#124,.T.);
#2615=EDGE_CURVE('',#2078,#2076,#125,.T.);
#2616=EDGE_CURVE('',#2077,#2078,#1148,.T.);
#2617=EDGE_CURVE('',#2077,#2079,#1149,.T.);
#2618=EDGE_CURVE('',#2080,#2078,#1150,.T.);
#2619=EDGE_CURVE('',#2079,#2080,#1151,.T.);
#2620=EDGE_CURVE('',#2079,#2063,#1152,.T.);
#2621=EDGE_CURVE('',#2065,#2080,#1153,.T.);
#2622=EDGE_CURVE('',#2081,#2082,#1154,.T.);
#2623=EDGE_CURVE('',#2081,#2083,#1155,.T.);
#2624=EDGE_CURVE('',#2084,#2083,#1156,.T.);
#2625=EDGE_CURVE('',#2082,#2084,#1157,.T.);
#2626=EDGE_CURVE('',#2082,#2085,#1158,.T.);
#2627=EDGE_CURVE('',#2086,#2084,#1159,.T.);
#2628=EDGE_CURVE('',#2085,#2086,#1160,.T.);
#2629=EDGE_CURVE('',#2085,#2087,#126,.T.);
#2630=EDGE_CURVE('',#2088,#2086,#127,.T.);
#2631=EDGE_CURVE('',#2087,#2088,#1161,.T.);
#2632=EDGE_CURVE('',#2087,#2089,#128,.T.);
#2633=EDGE_CURVE('',#2090,#2088,#129,.T.);
#2634=EDGE_CURVE('',#2089,#2090,#1162,.T.);
#2635=EDGE_CURVE('',#2089,#2091,#130,.T.);
#2636=EDGE_CURVE('',#2092,#2090,#131,.T.);
#2637=EDGE_CURVE('',#2091,#2092,#1163,.T.);
#2638=EDGE_CURVE('',#2091,#2093,#132,.T.);
#2639=EDGE_CURVE('',#2094,#2092,#133,.T.);
#2640=EDGE_CURVE('',#2093,#2094,#1164,.T.);
#2641=EDGE_CURVE('',#2093,#2095,#134,.T.);
#2642=EDGE_CURVE('',#2096,#2094,#135,.T.);
#2643=EDGE_CURVE('',#2095,#2096,#1165,.T.);
#2644=EDGE_CURVE('',#2095,#2097,#136,.T.);
#2645=EDGE_CURVE('',#2098,#2096,#137,.T.);
#2646=EDGE_CURVE('',#2097,#2098,#1166,.T.);
#2647=EDGE_CURVE('',#2097,#2099,#138,.T.);
#2648=EDGE_CURVE('',#2100,#2098,#139,.T.);
#2649=EDGE_CURVE('',#2099,#2100,#1167,.T.);
#2650=EDGE_CURVE('',#2099,#2101,#1168,.T.);
#2651=EDGE_CURVE('',#2102,#2100,#1169,.T.);
#2652=EDGE_CURVE('',#2101,#2102,#1170,.T.);
#2653=EDGE_CURVE('',#2101,#2103,#1171,.T.);
#2654=EDGE_CURVE('',#2104,#2102,#1172,.T.);
#2655=EDGE_CURVE('',#2103,#2104,#1173,.T.);
#2656=EDGE_CURVE('',#2103,#2105,#1174,.T.);
#2657=EDGE_CURVE('',#2106,#2104,#1175,.T.);
#2658=EDGE_CURVE('',#2105,#2106,#1176,.T.);
#2659=EDGE_CURVE('',#2105,#2107,#140,.T.);
#2660=EDGE_CURVE('',#2108,#2106,#141,.T.);
#2661=EDGE_CURVE('',#2107,#2108,#1177,.T.);
#2662=EDGE_CURVE('',#2107,#2109,#142,.T.);
#2663=EDGE_CURVE('',#2110,#2108,#143,.T.);
#2664=EDGE_CURVE('',#2109,#2110,#1178,.T.);
#2665=EDGE_CURVE('',#2109,#2111,#144,.T.);
#2666=EDGE_CURVE('',#2112,#2110,#145,.T.);
#2667=EDGE_CURVE('',#2111,#2112,#1179,.T.);
#2668=EDGE_CURVE('',#2111,#2113,#1180,.T.);
#2669=EDGE_CURVE('',#2114,#2112,#1181,.T.);
#2670=EDGE_CURVE('',#2113,#2114,#1182,.T.);
#2671=EDGE_CURVE('',#2113,#2115,#1183,.T.);
#2672=EDGE_CURVE('',#2116,#2114,#1184,.T.);
#2673=EDGE_CURVE('',#2115,#2116,#1185,.T.);
#2674=EDGE_CURVE('',#2115,#2081,#1186,.T.);
#2675=EDGE_CURVE('',#2083,#2116,#1187,.T.);
#2676=EDGE_CURVE('',#2117,#2118,#1188,.T.);
#2677=EDGE_CURVE('',#2117,#2119,#1189,.T.);
#2678=EDGE_CURVE('',#2120,#2119,#1190,.T.);
#2679=EDGE_CURVE('',#2118,#2120,#1191,.T.);
#2680=EDGE_CURVE('',#2118,#2121,#1192,.T.);
#2681=EDGE_CURVE('',#2122,#2120,#1193,.T.);
#2682=EDGE_CURVE('',#2121,#2122,#1194,.T.);
#2683=EDGE_CURVE('',#2121,#2123,#1195,.T.);
#2684=EDGE_CURVE('',#2124,#2122,#1196,.T.);
#2685=EDGE_CURVE('',#2123,#2124,#1197,.T.);
#2686=EDGE_CURVE('',#2123,#2125,#1198,.T.);
#2687=EDGE_CURVE('',#2126,#2124,#1199,.T.);
#2688=EDGE_CURVE('',#2125,#2126,#1200,.T.);
#2689=EDGE_CURVE('',#2125,#2127,#1201,.T.);
#2690=EDGE_CURVE('',#2128,#2126,#1202,.T.);
#2691=EDGE_CURVE('',#2127,#2128,#1203,.T.);
#2692=EDGE_CURVE('',#2127,#2129,#1204,.T.);
#2693=EDGE_CURVE('',#2130,#2128,#1205,.T.);
#2694=EDGE_CURVE('',#2129,#2130,#1206,.T.);
#2695=EDGE_CURVE('',#2129,#2131,#1207,.T.);
#2696=EDGE_CURVE('',#2132,#2130,#1208,.T.);
#2697=EDGE_CURVE('',#2131,#2132,#1209,.T.);
#2698=EDGE_CURVE('',#2131,#2117,#1210,.T.);
#2699=EDGE_CURVE('',#2119,#2132,#1211,.T.);
#2700=EDGE_CURVE('',#2133,#2134,#1212,.T.);
#2701=EDGE_CURVE('',#2133,#2135,#1213,.T.);
#2702=EDGE_CURVE('',#2136,#2135,#1214,.T.);
#2703=EDGE_CURVE('',#2134,#2136,#1215,.T.);
#2704=EDGE_CURVE('',#2134,#2137,#1216,.T.);
#2705=EDGE_CURVE('',#2138,#2136,#1217,.T.);
#2706=EDGE_CURVE('',#2137,#2138,#1218,.T.);
#2707=EDGE_CURVE('',#2137,#2139,#1219,.T.);
#2708=EDGE_CURVE('',#2140,#2138,#1220,.T.);
#2709=EDGE_CURVE('',#2139,#2140,#1221,.T.);
#2710=EDGE_CURVE('',#2139,#2141,#1222,.T.);
#2711=EDGE_CURVE('',#2142,#2140,#1223,.T.);
#2712=EDGE_CURVE('',#2141,#2142,#1224,.T.);
#2713=EDGE_CURVE('',#2141,#2143,#1225,.T.);
#2714=EDGE_CURVE('',#2144,#2142,#1226,.T.);
#2715=EDGE_CURVE('',#2143,#2144,#1227,.T.);
#2716=EDGE_CURVE('',#2143,#2145,#1228,.T.);
#2717=EDGE_CURVE('',#2146,#2144,#1229,.T.);
#2718=EDGE_CURVE('',#2145,#2146,#1230,.T.);
#2719=EDGE_CURVE('',#2145,#2147,#1231,.T.);
#2720=EDGE_CURVE('',#2148,#2146,#1232,.T.);
#2721=EDGE_CURVE('',#2147,#2148,#1233,.T.);
#2722=EDGE_CURVE('',#2147,#2149,#1234,.T.);
#2723=EDGE_CURVE('',#2150,#2148,#1235,.T.);
#2724=EDGE_CURVE('',#2149,#2150,#1236,.T.);
#2725=EDGE_CURVE('',#2149,#2151,#1237,.T.);
#2726=EDGE_CURVE('',#2152,#2150,#1238,.T.);
#2727=EDGE_CURVE('',#2151,#2152,#1239,.T.);
#2728=EDGE_CURVE('',#2151,#2153,#1240,.T.);
#2729=EDGE_CURVE('',#2154,#2152,#1241,.T.);
#2730=EDGE_CURVE('',#2153,#2154,#1242,.T.);
#2731=EDGE_CURVE('',#2153,#2155,#1243,.T.);
#2732=EDGE_CURVE('',#2156,#2154,#1244,.T.);
#2733=EDGE_CURVE('',#2155,#2156,#1245,.T.);
#2734=EDGE_CURVE('',#2155,#2157,#1246,.T.);
#2735=EDGE_CURVE('',#2158,#2156,#1247,.T.);
#2736=EDGE_CURVE('',#2157,#2158,#1248,.T.);
#2737=EDGE_CURVE('',#2157,#2133,#1249,.T.);
#2738=EDGE_CURVE('',#2135,#2158,#1250,.T.);
#2739=EDGE_CURVE('',#2159,#2160,#1251,.T.);
#2740=EDGE_CURVE('',#2159,#2161,#1252,.T.);
#2741=EDGE_CURVE('',#2162,#2161,#1253,.T.);
#2742=EDGE_CURVE('',#2160,#2162,#1254,.T.);
#2743=EDGE_CURVE('',#2160,#2163,#1255,.T.);
#2744=EDGE_CURVE('',#2164,#2162,#1256,.T.);
#2745=EDGE_CURVE('',#2163,#2164,#1257,.T.);
#2746=EDGE_CURVE('',#2163,#2165,#1258,.T.);
#2747=EDGE_CURVE('',#2166,#2164,#1259,.T.);
#2748=EDGE_CURVE('',#2165,#2166,#1260,.T.);
#2749=EDGE_CURVE('',#2165,#2159,#1261,.T.);
#2750=EDGE_CURVE('',#2161,#2166,#1262,.T.);
#2751=EDGE_CURVE('',#2167,#2168,#1263,.T.);
#2752=EDGE_CURVE('',#2167,#2169,#1264,.T.);
#2753=EDGE_CURVE('',#2170,#2169,#1265,.T.);
#2754=EDGE_CURVE('',#2168,#2170,#1266,.T.);
#2755=EDGE_CURVE('',#2168,#2171,#146,.T.);
#2756=EDGE_CURVE('',#2172,#2170,#147,.T.);
#2757=EDGE_CURVE('',#2171,#2172,#1267,.T.);
#2758=EDGE_CURVE('',#2171,#2173,#148,.T.);
#2759=EDGE_CURVE('',#2174,#2172,#149,.T.);
#2760=EDGE_CURVE('',#2173,#2174,#1268,.T.);
#2761=EDGE_CURVE('',#2173,#2175,#150,.T.);
#2762=EDGE_CURVE('',#2176,#2174,#151,.T.);
#2763=EDGE_CURVE('',#2175,#2176,#1269,.T.);
#2764=EDGE_CURVE('',#2175,#2177,#152,.T.);
#2765=EDGE_CURVE('',#2178,#2176,#153,.T.);
#2766=EDGE_CURVE('',#2177,#2178,#1270,.T.);
#2767=EDGE_CURVE('',#2177,#2179,#154,.T.);
#2768=EDGE_CURVE('',#2180,#2178,#155,.T.);
#2769=EDGE_CURVE('',#2179,#2180,#1271,.T.);
#2770=EDGE_CURVE('',#2179,#2181,#156,.T.);
#2771=EDGE_CURVE('',#2182,#2180,#157,.T.);
#2772=EDGE_CURVE('',#2181,#2182,#1272,.T.);
#2773=EDGE_CURVE('',#2181,#2183,#1273,.T.);
#2774=EDGE_CURVE('',#2184,#2182,#1274,.T.);
#2775=EDGE_CURVE('',#2183,#2184,#1275,.T.);
#2776=EDGE_CURVE('',#2183,#2167,#1276,.T.);
#2777=EDGE_CURVE('',#2169,#2184,#1277,.T.);
#2778=EDGE_CURVE('',#2185,#2186,#1278,.T.);
#2779=EDGE_CURVE('',#2185,#2187,#1279,.T.);
#2780=EDGE_CURVE('',#2188,#2187,#1280,.T.);
#2781=EDGE_CURVE('',#2186,#2188,#1281,.T.);
#2782=EDGE_CURVE('',#2186,#2189,#1282,.T.);
#2783=EDGE_CURVE('',#2190,#2188,#1283,.T.);
#2784=EDGE_CURVE('',#2189,#2190,#1284,.T.);
#2785=EDGE_CURVE('',#2189,#2191,#158,.T.);
#2786=EDGE_CURVE('',#2192,#2190,#159,.T.);
#2787=EDGE_CURVE('',#2191,#2192,#1285,.T.);
#2788=EDGE_CURVE('',#2191,#2193,#160,.T.);
#2789=EDGE_CURVE('',#2194,#2192,#161,.T.);
#2790=EDGE_CURVE('',#2193,#2194,#1286,.T.);
#2791=EDGE_CURVE('',#2193,#2195,#162,.T.);
#2792=EDGE_CURVE('',#2196,#2194,#163,.T.);
#2793=EDGE_CURVE('',#2195,#2196,#1287,.T.);
#2794=EDGE_CURVE('',#2195,#2197,#164,.T.);
#2795=EDGE_CURVE('',#2198,#2196,#165,.T.);
#2796=EDGE_CURVE('',#2197,#2198,#1288,.T.);
#2797=EDGE_CURVE('',#2197,#2199,#166,.T.);
#2798=EDGE_CURVE('',#2200,#2198,#167,.T.);
#2799=EDGE_CURVE('',#2199,#2200,#1289,.T.);
#2800=EDGE_CURVE('',#2199,#2201,#168,.T.);
#2801=EDGE_CURVE('',#2202,#2200,#169,.T.);
#2802=EDGE_CURVE('',#2201,#2202,#1290,.T.);
#2803=EDGE_CURVE('',#2201,#2203,#170,.T.);
#2804=EDGE_CURVE('',#2204,#2202,#171,.T.);
#2805=EDGE_CURVE('',#2203,#2204,#1291,.T.);
#2806=EDGE_CURVE('',#2203,#2205,#1292,.T.);
#2807=EDGE_CURVE('',#2206,#2204,#1293,.T.);
#2808=EDGE_CURVE('',#2205,#2206,#1294,.T.);
#2809=EDGE_CURVE('',#2205,#2207,#1295,.T.);
#2810=EDGE_CURVE('',#2208,#2206,#1296,.T.);
#2811=EDGE_CURVE('',#2207,#2208,#1297,.T.);
#2812=EDGE_CURVE('',#2207,#2209,#1298,.T.);
#2813=EDGE_CURVE('',#2210,#2208,#1299,.T.);
#2814=EDGE_CURVE('',#2209,#2210,#1300,.T.);
#2815=EDGE_CURVE('',#2209,#2211,#172,.T.);
#2816=EDGE_CURVE('',#2212,#2210,#173,.T.);
#2817=EDGE_CURVE('',#2211,#2212,#1301,.T.);
#2818=EDGE_CURVE('',#2211,#2213,#174,.T.);
#2819=EDGE_CURVE('',#2214,#2212,#175,.T.);
#2820=EDGE_CURVE('',#2213,#2214,#1302,.T.);
#2821=EDGE_CURVE('',#2213,#2215,#176,.T.);
#2822=EDGE_CURVE('',#2216,#2214,#177,.T.);
#2823=EDGE_CURVE('',#2215,#2216,#1303,.T.);
#2824=EDGE_CURVE('',#2215,#2217,#1304,.T.);
#2825=EDGE_CURVE('',#2218,#2216,#1305,.T.);
#2826=EDGE_CURVE('',#2217,#2218,#1306,.T.);
#2827=EDGE_CURVE('',#2217,#2219,#1307,.T.);
#2828=EDGE_CURVE('',#2220,#2218,#1308,.T.);
#2829=EDGE_CURVE('',#2219,#2220,#1309,.T.);
#2830=EDGE_CURVE('',#2219,#2185,#1310,.T.);
#2831=EDGE_CURVE('',#2187,#2220,#1311,.T.);
#2832=EDGE_CURVE('',#2221,#2222,#1312,.T.);
#2833=EDGE_CURVE('',#2221,#2223,#1313,.T.);
#2834=EDGE_CURVE('',#2224,#2223,#1314,.T.);
#2835=EDGE_CURVE('',#2222,#2224,#1315,.T.);
#2836=EDGE_CURVE('',#2222,#2225,#1316,.T.);
#2837=EDGE_CURVE('',#2226,#2224,#1317,.T.);
#2838=EDGE_CURVE('',#2225,#2226,#1318,.T.);
#2839=EDGE_CURVE('',#2225,#2227,#1319,.T.);
#2840=EDGE_CURVE('',#2228,#2226,#1320,.T.);
#2841=EDGE_CURVE('',#2227,#2228,#1321,.T.);
#2842=EDGE_CURVE('',#2227,#2229,#1322,.T.);
#2843=EDGE_CURVE('',#2230,#2228,#1323,.T.);
#2844=EDGE_CURVE('',#2229,#2230,#1324,.T.);
#2845=EDGE_CURVE('',#2229,#2231,#1325,.T.);
#2846=EDGE_CURVE('',#2232,#2230,#1326,.T.);
#2847=EDGE_CURVE('',#2231,#2232,#1327,.T.);
#2848=EDGE_CURVE('',#2231,#2233,#1328,.T.);
#2849=EDGE_CURVE('',#2234,#2232,#1329,.T.);
#2850=EDGE_CURVE('',#2233,#2234,#1330,.T.);
#2851=EDGE_CURVE('',#2233,#2235,#1331,.T.);
#2852=EDGE_CURVE('',#2236,#2234,#1332,.T.);
#2853=EDGE_CURVE('',#2235,#2236,#1333,.T.);
#2854=EDGE_CURVE('',#2235,#2237,#1334,.T.);
#2855=EDGE_CURVE('',#2238,#2236,#1335,.T.);
#2856=EDGE_CURVE('',#2237,#2238,#1336,.T.);
#2857=EDGE_CURVE('',#2237,#2239,#1337,.T.);
#2858=EDGE_CURVE('',#2240,#2238,#1338,.T.);
#2859=EDGE_CURVE('',#2239,#2240,#1339,.T.);
#2860=EDGE_CURVE('',#2239,#2241,#1340,.T.);
#2861=EDGE_CURVE('',#2242,#2240,#1341,.T.);
#2862=EDGE_CURVE('',#2241,#2242,#1342,.T.);
#2863=EDGE_CURVE('',#2241,#2243,#1343,.T.);
#2864=EDGE_CURVE('',#2244,#2242,#1344,.T.);
#2865=EDGE_CURVE('',#2243,#2244,#1345,.T.);
#2866=EDGE_CURVE('',#2243,#2245,#1346,.T.);
#2867=EDGE_CURVE('',#2246,#2244,#1347,.T.);
#2868=EDGE_CURVE('',#2245,#2246,#1348,.T.);
#2869=EDGE_CURVE('',#2245,#2221,#1349,.T.);
#2870=EDGE_CURVE('',#2223,#2246,#1350,.T.);
#2871=EDGE_CURVE('',#2247,#2248,#1351,.T.);
#2872=EDGE_CURVE('',#2247,#2249,#1352,.T.);
#2873=EDGE_CURVE('',#2250,#2249,#1353,.T.);
#2874=EDGE_CURVE('',#2248,#2250,#1354,.T.);
#2875=EDGE_CURVE('',#2248,#2251,#1355,.T.);
#2876=EDGE_CURVE('',#2252,#2250,#1356,.T.);
#2877=EDGE_CURVE('',#2251,#2252,#1357,.T.);
#2878=EDGE_CURVE('',#2251,#2253,#178,.T.);
#2879=EDGE_CURVE('',#2254,#2252,#179,.T.);
#2880=EDGE_CURVE('',#2253,#2254,#1358,.T.);
#2881=EDGE_CURVE('',#2253,#2255,#180,.T.);
#2882=EDGE_CURVE('',#2256,#2254,#181,.T.);
#2883=EDGE_CURVE('',#2255,#2256,#1359,.T.);
#2884=EDGE_CURVE('',#2255,#2257,#182,.T.);
#2885=EDGE_CURVE('',#2258,#2256,#183,.T.);
#2886=EDGE_CURVE('',#2257,#2258,#1360,.T.);
#2887=EDGE_CURVE('',#2257,#2259,#184,.T.);
#2888=EDGE_CURVE('',#2260,#2258,#185,.T.);
#2889=EDGE_CURVE('',#2259,#2260,#1361,.T.);
#2890=EDGE_CURVE('',#2259,#2261,#186,.T.);
#2891=EDGE_CURVE('',#2262,#2260,#187,.T.);
#2892=EDGE_CURVE('',#2261,#2262,#1362,.T.);
#2893=EDGE_CURVE('',#2261,#2263,#188,.T.);
#2894=EDGE_CURVE('',#2264,#2262,#189,.T.);
#2895=EDGE_CURVE('',#2263,#2264,#1363,.T.);
#2896=EDGE_CURVE('',#2263,#2247,#1364,.T.);
#2897=EDGE_CURVE('',#2249,#2264,#1365,.T.);
#2898=EDGE_CURVE('',#2265,#2266,#1366,.T.);
#2899=EDGE_CURVE('',#2265,#2267,#1367,.T.);
#2900=EDGE_CURVE('',#2268,#2267,#1368,.T.);
#2901=EDGE_CURVE('',#2266,#2268,#1369,.T.);
#2902=EDGE_CURVE('',#2266,#2269,#1370,.T.);
#2903=EDGE_CURVE('',#2270,#2268,#1371,.T.);
#2904=EDGE_CURVE('',#2269,#2270,#1372,.T.);
#2905=EDGE_CURVE('',#2269,#2271,#190,.T.);
#2906=EDGE_CURVE('',#2272,#2270,#191,.T.);
#2907=EDGE_CURVE('',#2271,#2272,#1373,.T.);
#2908=EDGE_CURVE('',#2271,#2273,#192,.T.);
#2909=EDGE_CURVE('',#2274,#2272,#193,.T.);
#2910=EDGE_CURVE('',#2273,#2274,#1374,.T.);
#2911=EDGE_CURVE('',#2273,#2275,#194,.T.);
#2912=EDGE_CURVE('',#2276,#2274,#195,.T.);
#2913=EDGE_CURVE('',#2275,#2276,#1375,.T.);
#2914=EDGE_CURVE('',#2275,#2277,#196,.T.);
#2915=EDGE_CURVE('',#2278,#2276,#197,.T.);
#2916=EDGE_CURVE('',#2277,#2278,#1376,.T.);
#2917=EDGE_CURVE('',#2277,#2279,#198,.T.);
#2918=EDGE_CURVE('',#2280,#2278,#199,.T.);
#2919=EDGE_CURVE('',#2279,#2280,#1377,.T.);
#2920=EDGE_CURVE('',#2279,#2281,#200,.T.);
#2921=EDGE_CURVE('',#2282,#2280,#201,.T.);
#2922=EDGE_CURVE('',#2281,#2282,#1378,.T.);
#2923=EDGE_CURVE('',#2281,#2283,#202,.T.);
#2924=EDGE_CURVE('',#2284,#2282,#203,.T.);
#2925=EDGE_CURVE('',#2283,#2284,#1379,.T.);
#2926=EDGE_CURVE('',#2283,#2285,#1380,.T.);
#2927=EDGE_CURVE('',#2286,#2284,#1381,.T.);
#2928=EDGE_CURVE('',#2285,#2286,#1382,.T.);
#2929=EDGE_CURVE('',#2285,#2287,#1383,.T.);
#2930=EDGE_CURVE('',#2288,#2286,#1384,.T.);
#2931=EDGE_CURVE('',#2287,#2288,#1385,.T.);
#2932=EDGE_CURVE('',#2287,#2265,#1386,.T.);
#2933=EDGE_CURVE('',#2267,#2288,#1387,.T.);
#2934=EDGE_CURVE('',#2289,#2290,#1388,.T.);
#2935=EDGE_CURVE('',#2289,#2291,#1389,.T.);
#2936=EDGE_CURVE('',#2292,#2291,#1390,.T.);
#2937=EDGE_CURVE('',#2290,#2292,#1391,.T.);
#2938=EDGE_CURVE('',#2290,#2293,#1392,.T.);
#2939=EDGE_CURVE('',#2294,#2292,#1393,.T.);
#2940=EDGE_CURVE('',#2293,#2294,#1394,.T.);
#2941=EDGE_CURVE('',#2293,#2295,#1395,.T.);
#2942=EDGE_CURVE('',#2296,#2294,#1396,.T.);
#2943=EDGE_CURVE('',#2295,#2296,#1397,.T.);
#2944=EDGE_CURVE('',#2295,#2297,#1398,.T.);
#2945=EDGE_CURVE('',#2298,#2296,#1399,.T.);
#2946=EDGE_CURVE('',#2297,#2298,#1400,.T.);
#2947=EDGE_CURVE('',#2297,#2299,#1401,.T.);
#2948=EDGE_CURVE('',#2300,#2298,#1402,.T.);
#2949=EDGE_CURVE('',#2299,#2300,#1403,.T.);
#2950=EDGE_CURVE('',#2299,#2301,#1404,.T.);
#2951=EDGE_CURVE('',#2302,#2300,#1405,.T.);
#2952=EDGE_CURVE('',#2301,#2302,#1406,.T.);
#2953=EDGE_CURVE('',#2301,#2303,#1407,.T.);
#2954=EDGE_CURVE('',#2304,#2302,#1408,.T.);
#2955=EDGE_CURVE('',#2303,#2304,#1409,.T.);
#2956=EDGE_CURVE('',#2303,#2289,#1410,.T.);
#2957=EDGE_CURVE('',#2291,#2304,#1411,.T.);
#2958=EDGE_CURVE('',#2305,#2305,#376,.T.);
#2959=EDGE_CURVE('',#2305,#2306,#1412,.T.);
#2960=EDGE_CURVE('',#2306,#2306,#377,.T.);
#2961=EDGE_CURVE('',#2307,#2308,#378,.T.);
#2962=EDGE_CURVE('',#2308,#2309,#1413,.T.);
#2963=EDGE_CURVE('',#2310,#2309,#379,.T.);
#2964=EDGE_CURVE('',#2307,#2310,#1414,.T.);
#2965=EDGE_CURVE('',#2311,#2307,#1415,.T.);
#2966=EDGE_CURVE('',#2312,#2310,#1416,.T.);
#2967=EDGE_CURVE('',#2311,#2312,#1417,.T.);
#2968=EDGE_CURVE('',#2308,#2311,#1418,.T.);
#2969=EDGE_CURVE('',#2309,#2312,#1419,.T.);
#2970=EDGE_CURVE('',#2313,#2313,#380,.T.);
#2971=EDGE_CURVE('',#2313,#2314,#1420,.T.);
#2972=EDGE_CURVE('',#2314,#2314,#381,.T.);
#2973=EDGE_CURVE('',#2315,#2316,#1421,.T.);
#2974=EDGE_CURVE('',#2316,#2317,#1422,.T.);
#2975=EDGE_CURVE('',#2318,#2317,#1423,.T.);
#2976=EDGE_CURVE('',#2315,#2318,#1424,.T.);
#2977=EDGE_CURVE('',#2319,#2315,#1425,.T.);
#2978=EDGE_CURVE('',#2320,#2318,#1426,.T.);
#2979=EDGE_CURVE('',#2319,#2320,#1427,.T.);
#2980=EDGE_CURVE('',#2316,#2319,#382,.T.);
#2981=EDGE_CURVE('',#2317,#2320,#383,.T.);
#2982=EDGE_CURVE('',#2321,#2321,#384,.T.);
#2983=EDGE_CURVE('',#2321,#2322,#1428,.T.);
#2984=EDGE_CURVE('',#2322,#2322,#385,.T.);
#2985=EDGE_CURVE('',#2323,#2324,#386,.T.);
#2986=EDGE_CURVE('',#2324,#2325,#1429,.T.);
#2987=EDGE_CURVE('',#2325,#2326,#387,.T.);
#2988=EDGE_CURVE('',#2326,#2323,#1430,.T.);
#2989=EDGE_CURVE('',#2326,#2327,#1431,.T.);
#2990=EDGE_CURVE('',#2328,#2327,#1432,.T.);
#2991=EDGE_CURVE('',#2323,#2328,#1433,.T.);
#2992=EDGE_CURVE('',#2329,#2325,#1434,.T.);
#2993=EDGE_CURVE('',#2330,#2329,#388,.T.);
#2994=EDGE_CURVE('',#2331,#2330,#1435,.T.);
#2995=EDGE_CURVE('',#2332,#2331,#389,.T.);
#2996=EDGE_CURVE('',#2333,#2332,#1436,.T.);
#2997=EDGE_CURVE('',#2327,#2333,#390,.T.);
#2998=EDGE_CURVE('',#2334,#2334,#391,.T.);
#2999=EDGE_CURVE('',#2335,#2335,#392,.T.);
#3000=EDGE_CURVE('',#2336,#2336,#393,.T.);
#3001=EDGE_CURVE('',#2337,#2337,#394,.T.);
#3002=EDGE_CURVE('',#2338,#2338,#395,.T.);
#3003=EDGE_CURVE('',#2339,#2339,#396,.T.);
#3004=EDGE_CURVE('',#2340,#2340,#397,.T.);
#3005=EDGE_CURVE('',#2341,#2341,#398,.T.);
#3006=EDGE_CURVE('',#2342,#2342,#399,.T.);
#3007=EDGE_CURVE('',#2343,#2343,#400,.T.);
#3008=EDGE_CURVE('',#2344,#2344,#401,.T.);
#3009=EDGE_CURVE('',#2345,#2345,#402,.T.);
#3010=EDGE_CURVE('',#2346,#2328,#403,.T.);
#3011=EDGE_CURVE('',#2333,#2346,#1437,.T.);
#3012=EDGE_CURVE('',#2347,#2332,#1438,.T.);
#3013=EDGE_CURVE('',#2346,#2347,#1439,.T.);
#3014=EDGE_CURVE('',#2348,#2349,#404,.T.);
#3015=EDGE_CURVE('',#2349,#2330,#1440,.T.);
#3016=EDGE_CURVE('',#2329,#2348,#1441,.T.);
#3017=EDGE_CURVE('',#2348,#2324,#1442,.T.);
#3018=EDGE_CURVE('',#2350,#2347,#405,.T.);
#3019=EDGE_CURVE('',#2331,#2350,#1443,.T.);
#3020=EDGE_CURVE('',#2334,#2351,#1444,.T.);
#3021=EDGE_CURVE('',#2351,#2351,#406,.T.);
#3022=EDGE_CURVE('',#2351,#2352,#1445,.T.);
#3023=EDGE_CURVE('',#2352,#2352,#407,.T.);
#3024=EDGE_CURVE('',#2335,#2353,#1446,.T.);
#3025=EDGE_CURVE('',#2353,#2353,#408,.T.);
#3026=EDGE_CURVE('',#2353,#2354,#1447,.T.);
#3027=EDGE_CURVE('',#2354,#2354,#409,.T.);
#3028=EDGE_CURVE('',#2336,#2355,#1448,.T.);
#3029=EDGE_CURVE('',#2355,#2355,#410,.T.);
#3030=EDGE_CURVE('',#2355,#2356,#1449,.T.);
#3031=EDGE_CURVE('',#2356,#2356,#411,.T.);
#3032=EDGE_CURVE('',#2337,#2357,#1450,.T.);
#3033=EDGE_CURVE('',#2357,#2357,#412,.T.);
#3034=EDGE_CURVE('',#2357,#2358,#1451,.T.);
#3035=EDGE_CURVE('',#2358,#2358,#413,.T.);
#3036=EDGE_CURVE('',#2359,#2359,#414,.T.);
#3037=EDGE_CURVE('',#2359,#2345,#1452,.T.);
#3038=EDGE_CURVE('',#2360,#2360,#415,.T.);
#3039=EDGE_CURVE('',#2360,#2344,#1453,.T.);
#3040=EDGE_CURVE('',#2361,#2361,#416,.T.);
#3041=EDGE_CURVE('',#2361,#2343,#1454,.T.);
#3042=EDGE_CURVE('',#2362,#2362,#417,.T.);
#3043=EDGE_CURVE('',#2362,#2342,#1455,.T.);
#3044=EDGE_CURVE('',#2363,#2363,#418,.T.);
#3045=EDGE_CURVE('',#2363,#2341,#1456,.T.);
#3046=EDGE_CURVE('',#2364,#2364,#419,.T.);
#3047=EDGE_CURVE('',#2364,#2340,#1457,.T.);
#3048=EDGE_CURVE('',#2365,#2365,#420,.T.);
#3049=EDGE_CURVE('',#2365,#2339,#1458,.T.);
#3050=EDGE_CURVE('',#2366,#2366,#421,.T.);
#3051=EDGE_CURVE('',#2366,#2338,#1459,.T.);
#3052=EDGE_CURVE('',#2350,#2349,#1460,.T.);
#3053=ORIENTED_EDGE('',*,*,#2367,.F.);
#3054=ORIENTED_EDGE('',*,*,#2368,.T.);
#3055=ORIENTED_EDGE('',*,*,#2369,.F.);
#3056=ORIENTED_EDGE('',*,*,#2370,.F.);
#3057=ORIENTED_EDGE('',*,*,#2371,.F.);
#3058=ORIENTED_EDGE('',*,*,#2370,.T.);
#3059=ORIENTED_EDGE('',*,*,#2372,.F.);
#3060=ORIENTED_EDGE('',*,*,#2373,.F.);
#3061=ORIENTED_EDGE('',*,*,#2374,.T.);
#3062=ORIENTED_EDGE('',*,*,#2373,.T.);
#3063=ORIENTED_EDGE('',*,*,#2375,.F.);
#3064=ORIENTED_EDGE('',*,*,#2376,.F.);
#3065=ORIENTED_EDGE('',*,*,#2377,.F.);
#3066=ORIENTED_EDGE('',*,*,#2376,.T.);
#3067=ORIENTED_EDGE('',*,*,#2378,.F.);
#3068=ORIENTED_EDGE('',*,*,#2379,.F.);
#3069=ORIENTED_EDGE('',*,*,#2380,.F.);
#3070=ORIENTED_EDGE('',*,*,#2379,.T.);
#3071=ORIENTED_EDGE('',*,*,#2381,.F.);
#3072=ORIENTED_EDGE('',*,*,#2382,.F.);
#3073=ORIENTED_EDGE('',*,*,#2383,.T.);
#3074=ORIENTED_EDGE('',*,*,#2382,.T.);
#3075=ORIENTED_EDGE('',*,*,#2384,.F.);
#3076=ORIENTED_EDGE('',*,*,#2385,.F.);
#3077=ORIENTED_EDGE('',*,*,#2386,.T.);
#3078=ORIENTED_EDGE('',*,*,#2385,.T.);
#3079=ORIENTED_EDGE('',*,*,#2387,.F.);
#3080=ORIENTED_EDGE('',*,*,#2388,.F.);
#3081=ORIENTED_EDGE('',*,*,#2389,.F.);
#3082=ORIENTED_EDGE('',*,*,#2388,.T.);
#3083=ORIENTED_EDGE('',*,*,#2390,.F.);
#3084=ORIENTED_EDGE('',*,*,#2391,.F.);
#3085=ORIENTED_EDGE('',*,*,#2392,.F.);
#3086=ORIENTED_EDGE('',*,*,#2391,.T.);
#3087=ORIENTED_EDGE('',*,*,#2393,.F.);
#3088=ORIENTED_EDGE('',*,*,#2394,.F.);
#3089=ORIENTED_EDGE('',*,*,#2395,.T.);
#3090=ORIENTED_EDGE('',*,*,#2394,.T.);
#3091=ORIENTED_EDGE('',*,*,#2396,.F.);
#3092=ORIENTED_EDGE('',*,*,#2397,.F.);
#3093=ORIENTED_EDGE('',*,*,#2398,.T.);
#3094=ORIENTED_EDGE('',*,*,#2397,.T.);
#3095=ORIENTED_EDGE('',*,*,#2399,.F.);
#3096=ORIENTED_EDGE('',*,*,#2400,.F.);
#3097=ORIENTED_EDGE('',*,*,#2401,.F.);
#3098=ORIENTED_EDGE('',*,*,#2400,.T.);
#3099=ORIENTED_EDGE('',*,*,#2402,.F.);
#3100=ORIENTED_EDGE('',*,*,#2403,.F.);
#3101=ORIENTED_EDGE('',*,*,#2404,.F.);
#3102=ORIENTED_EDGE('',*,*,#2403,.T.);
#3103=ORIENTED_EDGE('',*,*,#2405,.F.);
#3104=ORIENTED_EDGE('',*,*,#2406,.F.);
#3105=ORIENTED_EDGE('',*,*,#2407,.T.);
#3106=ORIENTED_EDGE('',*,*,#2406,.T.);
#3107=ORIENTED_EDGE('',*,*,#2408,.F.);
#3108=ORIENTED_EDGE('',*,*,#2409,.F.);
#3109=ORIENTED_EDGE('',*,*,#2410,.T.);
#3110=ORIENTED_EDGE('',*,*,#2409,.T.);
#3111=ORIENTED_EDGE('',*,*,#2411,.F.);
#3112=ORIENTED_EDGE('',*,*,#2412,.F.);
#3113=ORIENTED_EDGE('',*,*,#2413,.T.);
#3114=ORIENTED_EDGE('',*,*,#2412,.T.);
#3115=ORIENTED_EDGE('',*,*,#2414,.F.);
#3116=ORIENTED_EDGE('',*,*,#2368,.F.);
#3117=ORIENTED_EDGE('',*,*,#2414,.T.);
#3118=ORIENTED_EDGE('',*,*,#2411,.T.);
#3119=ORIENTED_EDGE('',*,*,#2408,.T.);
#3120=ORIENTED_EDGE('',*,*,#2405,.T.);
#3121=ORIENTED_EDGE('',*,*,#2402,.T.);
#3122=ORIENTED_EDGE('',*,*,#2399,.T.);
#3123=ORIENTED_EDGE('',*,*,#2396,.T.);
#3124=ORIENTED_EDGE('',*,*,#2393,.T.);
#3125=ORIENTED_EDGE('',*,*,#2390,.T.);
#3126=ORIENTED_EDGE('',*,*,#2387,.T.);
#3127=ORIENTED_EDGE('',*,*,#2384,.T.);
#3128=ORIENTED_EDGE('',*,*,#2381,.T.);
#3129=ORIENTED_EDGE('',*,*,#2378,.T.);
#3130=ORIENTED_EDGE('',*,*,#2375,.T.);
#3131=ORIENTED_EDGE('',*,*,#2372,.T.);
#3132=ORIENTED_EDGE('',*,*,#2369,.T.);
#3133=ORIENTED_EDGE('',*,*,#2413,.F.);
#3134=ORIENTED_EDGE('',*,*,#2367,.T.);
#3135=ORIENTED_EDGE('',*,*,#2371,.T.);
#3136=ORIENTED_EDGE('',*,*,#2374,.F.);
#3137=ORIENTED_EDGE('',*,*,#2377,.T.);
#3138=ORIENTED_EDGE('',*,*,#2380,.T.);
#3139=ORIENTED_EDGE('',*,*,#2383,.F.);
#3140=ORIENTED_EDGE('',*,*,#2386,.F.);
#3141=ORIENTED_EDGE('',*,*,#2389,.T.);
#3142=ORIENTED_EDGE('',*,*,#2392,.T.);
#3143=ORIENTED_EDGE('',*,*,#2395,.F.);
#3144=ORIENTED_EDGE('',*,*,#2398,.F.);
#3145=ORIENTED_EDGE('',*,*,#2401,.T.);
#3146=ORIENTED_EDGE('',*,*,#2404,.T.);
#3147=ORIENTED_EDGE('',*,*,#2407,.F.);
#3148=ORIENTED_EDGE('',*,*,#2410,.F.);
#3149=ORIENTED_EDGE('',*,*,#2415,.T.);
#3150=ORIENTED_EDGE('',*,*,#2416,.T.);
#3151=ORIENTED_EDGE('',*,*,#2417,.F.);
#3152=ORIENTED_EDGE('',*,*,#2418,.F.);
#3153=ORIENTED_EDGE('',*,*,#2419,.T.);
#3154=ORIENTED_EDGE('',*,*,#2418,.T.);
#3155=ORIENTED_EDGE('',*,*,#2420,.F.);
#3156=ORIENTED_EDGE('',*,*,#2416,.F.);
#3157=ORIENTED_EDGE('',*,*,#2421,.F.);
#3158=ORIENTED_EDGE('',*,*,#2422,.T.);
#3159=ORIENTED_EDGE('',*,*,#2423,.T.);
#3160=ORIENTED_EDGE('',*,*,#2422,.F.);
#3161=ORIENTED_EDGE('',*,*,#2421,.T.);
#3162=ORIENTED_EDGE('',*,*,#2420,.T.);
#3163=ORIENTED_EDGE('',*,*,#2417,.T.);
#3164=ORIENTED_EDGE('',*,*,#2423,.F.);
#3165=ORIENTED_EDGE('',*,*,#2419,.F.);
#3166=ORIENTED_EDGE('',*,*,#2415,.F.);
#3167=ORIENTED_EDGE('',*,*,#2424,.F.);
#3168=ORIENTED_EDGE('',*,*,#2425,.T.);
#3169=ORIENTED_EDGE('',*,*,#2426,.F.);
#3170=ORIENTED_EDGE('',*,*,#2427,.F.);
#3171=ORIENTED_EDGE('',*,*,#2428,.F.);
#3172=ORIENTED_EDGE('',*,*,#2427,.T.);
#3173=ORIENTED_EDGE('',*,*,#2429,.F.);
#3174=ORIENTED_EDGE('',*,*,#2430,.F.);
#3175=ORIENTED_EDGE('',*,*,#2431,.F.);
#3176=ORIENTED_EDGE('',*,*,#2430,.T.);
#3177=ORIENTED_EDGE('',*,*,#2432,.F.);
#3178=ORIENTED_EDGE('',*,*,#2433,.F.);
#3179=ORIENTED_EDGE('',*,*,#2434,.F.);
#3180=ORIENTED_EDGE('',*,*,#2433,.T.);
#3181=ORIENTED_EDGE('',*,*,#2435,.F.);
#3182=ORIENTED_EDGE('',*,*,#2436,.F.);
#3183=ORIENTED_EDGE('',*,*,#2437,.F.);
#3184=ORIENTED_EDGE('',*,*,#2436,.T.);
#3185=ORIENTED_EDGE('',*,*,#2438,.F.);
#3186=ORIENTED_EDGE('',*,*,#2439,.F.);
#3187=ORIENTED_EDGE('',*,*,#2440,.F.);
#3188=ORIENTED_EDGE('',*,*,#2439,.T.);
#3189=ORIENTED_EDGE('',*,*,#2441,.F.);
#3190=ORIENTED_EDGE('',*,*,#2442,.F.);
#3191=ORIENTED_EDGE('',*,*,#2443,.F.);
#3192=ORIENTED_EDGE('',*,*,#2442,.T.);
#3193=ORIENTED_EDGE('',*,*,#2444,.F.);
#3194=ORIENTED_EDGE('',*,*,#2445,.F.);
#3195=ORIENTED_EDGE('',*,*,#2446,.F.);
#3196=ORIENTED_EDGE('',*,*,#2445,.T.);
#3197=ORIENTED_EDGE('',*,*,#2447,.F.);
#3198=ORIENTED_EDGE('',*,*,#2448,.F.);
#3199=ORIENTED_EDGE('',*,*,#2449,.F.);
#3200=ORIENTED_EDGE('',*,*,#2448,.T.);
#3201=ORIENTED_EDGE('',*,*,#2450,.F.);
#3202=ORIENTED_EDGE('',*,*,#2425,.F.);
#3203=ORIENTED_EDGE('',*,*,#2451,.F.);
#3204=ORIENTED_EDGE('',*,*,#2452,.T.);
#3205=ORIENTED_EDGE('',*,*,#2453,.F.);
#3206=ORIENTED_EDGE('',*,*,#2454,.F.);
#3207=ORIENTED_EDGE('',*,*,#2455,.F.);
#3208=ORIENTED_EDGE('',*,*,#2454,.T.);
#3209=ORIENTED_EDGE('',*,*,#2456,.F.);
#3210=ORIENTED_EDGE('',*,*,#2457,.F.);
#3211=ORIENTED_EDGE('',*,*,#2458,.F.);
#3212=ORIENTED_EDGE('',*,*,#2457,.T.);
#3213=ORIENTED_EDGE('',*,*,#2459,.F.);
#3214=ORIENTED_EDGE('',*,*,#2460,.F.);
#3215=ORIENTED_EDGE('',*,*,#2461,.F.);
#3216=ORIENTED_EDGE('',*,*,#2460,.T.);
#3217=ORIENTED_EDGE('',*,*,#2462,.F.);
#3218=ORIENTED_EDGE('',*,*,#2463,.F.);
#3219=ORIENTED_EDGE('',*,*,#2464,.F.);
#3220=ORIENTED_EDGE('',*,*,#2463,.T.);
#3221=ORIENTED_EDGE('',*,*,#2465,.F.);
#3222=ORIENTED_EDGE('',*,*,#2466,.F.);
#3223=ORIENTED_EDGE('',*,*,#2467,.F.);
#3224=ORIENTED_EDGE('',*,*,#2466,.T.);
#3225=ORIENTED_EDGE('',*,*,#2468,.F.);
#3226=ORIENTED_EDGE('',*,*,#2469,.F.);
#3227=ORIENTED_EDGE('',*,*,#2470,.F.);
#3228=ORIENTED_EDGE('',*,*,#2469,.T.);
#3229=ORIENTED_EDGE('',*,*,#2471,.F.);
#3230=ORIENTED_EDGE('',*,*,#2472,.F.);
#3231=ORIENTED_EDGE('',*,*,#2473,.F.);
#3232=ORIENTED_EDGE('',*,*,#2472,.T.);
#3233=ORIENTED_EDGE('',*,*,#2474,.F.);
#3234=ORIENTED_EDGE('',*,*,#2475,.F.);
#3235=ORIENTED_EDGE('',*,*,#2476,.F.);
#3236=ORIENTED_EDGE('',*,*,#2475,.T.);
#3237=ORIENTED_EDGE('',*,*,#2477,.F.);
#3238=ORIENTED_EDGE('',*,*,#2478,.F.);
#3239=ORIENTED_EDGE('',*,*,#2479,.F.);
#3240=ORIENTED_EDGE('',*,*,#2478,.T.);
#3241=ORIENTED_EDGE('',*,*,#2480,.F.);
#3242=ORIENTED_EDGE('',*,*,#2481,.F.);
#3243=ORIENTED_EDGE('',*,*,#2482,.F.);
#3244=ORIENTED_EDGE('',*,*,#2481,.T.);
#3245=ORIENTED_EDGE('',*,*,#2483,.F.);
#3246=ORIENTED_EDGE('',*,*,#2484,.F.);
#3247=ORIENTED_EDGE('',*,*,#2485,.F.);
#3248=ORIENTED_EDGE('',*,*,#2484,.T.);
#3249=ORIENTED_EDGE('',*,*,#2486,.F.);
#3250=ORIENTED_EDGE('',*,*,#2487,.F.);
#3251=ORIENTED_EDGE('',*,*,#2488,.F.);
#3252=ORIENTED_EDGE('',*,*,#2487,.T.);
#3253=ORIENTED_EDGE('',*,*,#2489,.F.);
#3254=ORIENTED_EDGE('',*,*,#2490,.F.);
#3255=ORIENTED_EDGE('',*,*,#2491,.F.);
#3256=ORIENTED_EDGE('',*,*,#2490,.T.);
#3257=ORIENTED_EDGE('',*,*,#2492,.F.);
#3258=ORIENTED_EDGE('',*,*,#2493,.F.);
#3259=ORIENTED_EDGE('',*,*,#2494,.F.);
#3260=ORIENTED_EDGE('',*,*,#2493,.T.);
#3261=ORIENTED_EDGE('',*,*,#2495,.F.);
#3262=ORIENTED_EDGE('',*,*,#2496,.F.);
#3263=ORIENTED_EDGE('',*,*,#2497,.F.);
#3264=ORIENTED_EDGE('',*,*,#2496,.T.);
#3265=ORIENTED_EDGE('',*,*,#2498,.F.);
#3266=ORIENTED_EDGE('',*,*,#2499,.F.);
#3267=ORIENTED_EDGE('',*,*,#2500,.F.);
#3268=ORIENTED_EDGE('',*,*,#2499,.T.);
#3269=ORIENTED_EDGE('',*,*,#2501,.F.);
#3270=ORIENTED_EDGE('',*,*,#2502,.F.);
#3271=ORIENTED_EDGE('',*,*,#2503,.F.);
#3272=ORIENTED_EDGE('',*,*,#2502,.T.);
#3273=ORIENTED_EDGE('',*,*,#2504,.F.);
#3274=ORIENTED_EDGE('',*,*,#2452,.F.);
#3275=ORIENTED_EDGE('',*,*,#2504,.T.);
#3276=ORIENTED_EDGE('',*,*,#2501,.T.);
#3277=ORIENTED_EDGE('',*,*,#2498,.T.);
#3278=ORIENTED_EDGE('',*,*,#2495,.T.);
#3279=ORIENTED_EDGE('',*,*,#2492,.T.);
#3280=ORIENTED_EDGE('',*,*,#2489,.T.);
#3281=ORIENTED_EDGE('',*,*,#2486,.T.);
#3282=ORIENTED_EDGE('',*,*,#2483,.T.);
#3283=ORIENTED_EDGE('',*,*,#2480,.T.);
#3284=ORIENTED_EDGE('',*,*,#2477,.T.);
#3285=ORIENTED_EDGE('',*,*,#2474,.T.);
#3286=ORIENTED_EDGE('',*,*,#2471,.T.);
#3287=ORIENTED_EDGE('',*,*,#2468,.T.);
#3288=ORIENTED_EDGE('',*,*,#2465,.T.);
#3289=ORIENTED_EDGE('',*,*,#2462,.T.);
#3290=ORIENTED_EDGE('',*,*,#2459,.T.);
#3291=ORIENTED_EDGE('',*,*,#2456,.T.);
#3292=ORIENTED_EDGE('',*,*,#2453,.T.);
#3293=ORIENTED_EDGE('',*,*,#2450,.T.);
#3294=ORIENTED_EDGE('',*,*,#2447,.T.);
#3295=ORIENTED_EDGE('',*,*,#2444,.T.);
#3296=ORIENTED_EDGE('',*,*,#2441,.T.);
#3297=ORIENTED_EDGE('',*,*,#2438,.T.);
#3298=ORIENTED_EDGE('',*,*,#2435,.T.);
#3299=ORIENTED_EDGE('',*,*,#2432,.T.);
#3300=ORIENTED_EDGE('',*,*,#2429,.T.);
#3301=ORIENTED_EDGE('',*,*,#2426,.T.);
#3302=ORIENTED_EDGE('',*,*,#2503,.T.);
#3303=ORIENTED_EDGE('',*,*,#2451,.T.);
#3304=ORIENTED_EDGE('',*,*,#2455,.T.);
#3305=ORIENTED_EDGE('',*,*,#2458,.T.);
#3306=ORIENTED_EDGE('',*,*,#2461,.T.);
#3307=ORIENTED_EDGE('',*,*,#2464,.T.);
#3308=ORIENTED_EDGE('',*,*,#2467,.T.);
#3309=ORIENTED_EDGE('',*,*,#2470,.T.);
#3310=ORIENTED_EDGE('',*,*,#2473,.T.);
#3311=ORIENTED_EDGE('',*,*,#2476,.T.);
#3312=ORIENTED_EDGE('',*,*,#2479,.T.);
#3313=ORIENTED_EDGE('',*,*,#2482,.T.);
#3314=ORIENTED_EDGE('',*,*,#2485,.T.);
#3315=ORIENTED_EDGE('',*,*,#2488,.T.);
#3316=ORIENTED_EDGE('',*,*,#2491,.T.);
#3317=ORIENTED_EDGE('',*,*,#2494,.T.);
#3318=ORIENTED_EDGE('',*,*,#2497,.T.);
#3319=ORIENTED_EDGE('',*,*,#2500,.T.);
#3320=ORIENTED_EDGE('',*,*,#2449,.T.);
#3321=ORIENTED_EDGE('',*,*,#2424,.T.);
#3322=ORIENTED_EDGE('',*,*,#2428,.T.);
#3323=ORIENTED_EDGE('',*,*,#2431,.T.);
#3324=ORIENTED_EDGE('',*,*,#2434,.T.);
#3325=ORIENTED_EDGE('',*,*,#2437,.T.);
#3326=ORIENTED_EDGE('',*,*,#2440,.T.);
#3327=ORIENTED_EDGE('',*,*,#2443,.T.);
#3328=ORIENTED_EDGE('',*,*,#2446,.T.);
#3329=ORIENTED_EDGE('',*,*,#2505,.F.);
#3330=ORIENTED_EDGE('',*,*,#2506,.T.);
#3331=ORIENTED_EDGE('',*,*,#2507,.F.);
#3332=ORIENTED_EDGE('',*,*,#2508,.F.);
#3333=ORIENTED_EDGE('',*,*,#2509,.F.);
#3334=ORIENTED_EDGE('',*,*,#2508,.T.);
#3335=ORIENTED_EDGE('',*,*,#2510,.F.);
#3336=ORIENTED_EDGE('',*,*,#2511,.F.);
#3337=ORIENTED_EDGE('',*,*,#2512,.F.);
#3338=ORIENTED_EDGE('',*,*,#2511,.T.);
#3339=ORIENTED_EDGE('',*,*,#2513,.F.);
#3340=ORIENTED_EDGE('',*,*,#2514,.F.);
#3341=ORIENTED_EDGE('',*,*,#2515,.F.);
#3342=ORIENTED_EDGE('',*,*,#2514,.T.);
#3343=ORIENTED_EDGE('',*,*,#2516,.F.);
#3344=ORIENTED_EDGE('',*,*,#2517,.F.);
#3345=ORIENTED_EDGE('',*,*,#2518,.F.);
#3346=ORIENTED_EDGE('',*,*,#2517,.T.);
#3347=ORIENTED_EDGE('',*,*,#2519,.F.);
#3348=ORIENTED_EDGE('',*,*,#2520,.F.);
#3349=ORIENTED_EDGE('',*,*,#2521,.F.);
#3350=ORIENTED_EDGE('',*,*,#2520,.T.);
#3351=ORIENTED_EDGE('',*,*,#2522,.F.);
#3352=ORIENTED_EDGE('',*,*,#2523,.F.);
#3353=ORIENTED_EDGE('',*,*,#2524,.F.);
#3354=ORIENTED_EDGE('',*,*,#2523,.T.);
#3355=ORIENTED_EDGE('',*,*,#2525,.F.);
#3356=ORIENTED_EDGE('',*,*,#2526,.F.);
#3357=ORIENTED_EDGE('',*,*,#2527,.F.);
#3358=ORIENTED_EDGE('',*,*,#2526,.T.);
#3359=ORIENTED_EDGE('',*,*,#2528,.F.);
#3360=ORIENTED_EDGE('',*,*,#2529,.F.);
#3361=ORIENTED_EDGE('',*,*,#2530,.F.);
#3362=ORIENTED_EDGE('',*,*,#2529,.T.);
#3363=ORIENTED_EDGE('',*,*,#2531,.F.);
#3364=ORIENTED_EDGE('',*,*,#2532,.F.);
#3365=ORIENTED_EDGE('',*,*,#2533,.F.);
#3366=ORIENTED_EDGE('',*,*,#2532,.T.);
#3367=ORIENTED_EDGE('',*,*,#2534,.F.);
#3368=ORIENTED_EDGE('',*,*,#2535,.F.);
#3369=ORIENTED_EDGE('',*,*,#2536,.F.);
#3370=ORIENTED_EDGE('',*,*,#2535,.T.);
#3371=ORIENTED_EDGE('',*,*,#2537,.F.);
#3372=ORIENTED_EDGE('',*,*,#2538,.F.);
#3373=ORIENTED_EDGE('',*,*,#2539,.F.);
#3374=ORIENTED_EDGE('',*,*,#2538,.T.);
#3375=ORIENTED_EDGE('',*,*,#2540,.F.);
#3376=ORIENTED_EDGE('',*,*,#2541,.F.);
#3377=ORIENTED_EDGE('',*,*,#2542,.F.);
#3378=ORIENTED_EDGE('',*,*,#2541,.T.);
#3379=ORIENTED_EDGE('',*,*,#2543,.F.);
#3380=ORIENTED_EDGE('',*,*,#2544,.F.);
#3381=ORIENTED_EDGE('',*,*,#2545,.F.);
#3382=ORIENTED_EDGE('',*,*,#2544,.T.);
#3383=ORIENTED_EDGE('',*,*,#2546,.F.);
#3384=ORIENTED_EDGE('',*,*,#2547,.F.);
#3385=ORIENTED_EDGE('',*,*,#2548,.F.);
#3386=ORIENTED_EDGE('',*,*,#2547,.T.);
#3387=ORIENTED_EDGE('',*,*,#2549,.F.);
#3388=ORIENTED_EDGE('',*,*,#2550,.F.);
#3389=ORIENTED_EDGE('',*,*,#2551,.F.);
#3390=ORIENTED_EDGE('',*,*,#2550,.T.);
#3391=ORIENTED_EDGE('',*,*,#2552,.F.);
#3392=ORIENTED_EDGE('',*,*,#2553,.F.);
#3393=ORIENTED_EDGE('',*,*,#2554,.F.);
#3394=ORIENTED_EDGE('',*,*,#2553,.T.);
#3395=ORIENTED_EDGE('',*,*,#2555,.F.);
#3396=ORIENTED_EDGE('',*,*,#2556,.F.);
#3397=ORIENTED_EDGE('',*,*,#2557,.F.);
#3398=ORIENTED_EDGE('',*,*,#2556,.T.);
#3399=ORIENTED_EDGE('',*,*,#2558,.F.);
#3400=ORIENTED_EDGE('',*,*,#2559,.F.);
#3401=ORIENTED_EDGE('',*,*,#2560,.F.);
#3402=ORIENTED_EDGE('',*,*,#2559,.T.);
#3403=ORIENTED_EDGE('',*,*,#2561,.F.);
#3404=ORIENTED_EDGE('',*,*,#2562,.F.);
#3405=ORIENTED_EDGE('',*,*,#2563,.F.);
#3406=ORIENTED_EDGE('',*,*,#2562,.T.);
#3407=ORIENTED_EDGE('',*,*,#2564,.F.);
#3408=ORIENTED_EDGE('',*,*,#2565,.F.);
#3409=ORIENTED_EDGE('',*,*,#2566,.F.);
#3410=ORIENTED_EDGE('',*,*,#2565,.T.);
#3411=ORIENTED_EDGE('',*,*,#2567,.F.);
#3412=ORIENTED_EDGE('',*,*,#2568,.F.);
#3413=ORIENTED_EDGE('',*,*,#2569,.F.);
#3414=ORIENTED_EDGE('',*,*,#2568,.T.);
#3415=ORIENTED_EDGE('',*,*,#2570,.F.);
#3416=ORIENTED_EDGE('',*,*,#2571,.F.);
#3417=ORIENTED_EDGE('',*,*,#2572,.F.);
#3418=ORIENTED_EDGE('',*,*,#2571,.T.);
#3419=ORIENTED_EDGE('',*,*,#2573,.F.);
#3420=ORIENTED_EDGE('',*,*,#2574,.F.);
#3421=ORIENTED_EDGE('',*,*,#2575,.F.);
#3422=ORIENTED_EDGE('',*,*,#2574,.T.);
#3423=ORIENTED_EDGE('',*,*,#2576,.F.);
#3424=ORIENTED_EDGE('',*,*,#2577,.F.);
#3425=ORIENTED_EDGE('',*,*,#2578,.F.);
#3426=ORIENTED_EDGE('',*,*,#2577,.T.);
#3427=ORIENTED_EDGE('',*,*,#2579,.F.);
#3428=ORIENTED_EDGE('',*,*,#2580,.F.);
#3429=ORIENTED_EDGE('',*,*,#2581,.F.);
#3430=ORIENTED_EDGE('',*,*,#2580,.T.);
#3431=ORIENTED_EDGE('',*,*,#2582,.F.);
#3432=ORIENTED_EDGE('',*,*,#2583,.F.);
#3433=ORIENTED_EDGE('',*,*,#2584,.F.);
#3434=ORIENTED_EDGE('',*,*,#2583,.T.);
#3435=ORIENTED_EDGE('',*,*,#2585,.F.);
#3436=ORIENTED_EDGE('',*,*,#2586,.F.);
#3437=ORIENTED_EDGE('',*,*,#2587,.F.);
#3438=ORIENTED_EDGE('',*,*,#2586,.T.);
#3439=ORIENTED_EDGE('',*,*,#2588,.F.);
#3440=ORIENTED_EDGE('',*,*,#2589,.F.);
#3441=ORIENTED_EDGE('',*,*,#2590,.F.);
#3442=ORIENTED_EDGE('',*,*,#2589,.T.);
#3443=ORIENTED_EDGE('',*,*,#2591,.F.);
#3444=ORIENTED_EDGE('',*,*,#2592,.F.);
#3445=ORIENTED_EDGE('',*,*,#2593,.F.);
#3446=ORIENTED_EDGE('',*,*,#2592,.T.);
#3447=ORIENTED_EDGE('',*,*,#2594,.F.);
#3448=ORIENTED_EDGE('',*,*,#2506,.F.);
#3449=ORIENTED_EDGE('',*,*,#2594,.T.);
#3450=ORIENTED_EDGE('',*,*,#2591,.T.);
#3451=ORIENTED_EDGE('',*,*,#2588,.T.);
#3452=ORIENTED_EDGE('',*,*,#2585,.T.);
#3453=ORIENTED_EDGE('',*,*,#2582,.T.);
#3454=ORIENTED_EDGE('',*,*,#2579,.T.);
#3455=ORIENTED_EDGE('',*,*,#2576,.T.);
#3456=ORIENTED_EDGE('',*,*,#2573,.T.);
#3457=ORIENTED_EDGE('',*,*,#2570,.T.);
#3458=ORIENTED_EDGE('',*,*,#2567,.T.);
#3459=ORIENTED_EDGE('',*,*,#2564,.T.);
#3460=ORIENTED_EDGE('',*,*,#2561,.T.);
#3461=ORIENTED_EDGE('',*,*,#2558,.T.);
#3462=ORIENTED_EDGE('',*,*,#2555,.T.);
#3463=ORIENTED_EDGE('',*,*,#2552,.T.);
#3464=ORIENTED_EDGE('',*,*,#2549,.T.);
#3465=ORIENTED_EDGE('',*,*,#2546,.T.);
#3466=ORIENTED_EDGE('',*,*,#2543,.T.);
#3467=ORIENTED_EDGE('',*,*,#2540,.T.);
#3468=ORIENTED_EDGE('',*,*,#2537,.T.);
#3469=ORIENTED_EDGE('',*,*,#2534,.T.);
#3470=ORIENTED_EDGE('',*,*,#2531,.T.);
#3471=ORIENTED_EDGE('',*,*,#2528,.T.);
#3472=ORIENTED_EDGE('',*,*,#2525,.T.);
#3473=ORIENTED_EDGE('',*,*,#2522,.T.);
#3474=ORIENTED_EDGE('',*,*,#2519,.T.);
#3475=ORIENTED_EDGE('',*,*,#2516,.T.);
#3476=ORIENTED_EDGE('',*,*,#2513,.T.);
#3477=ORIENTED_EDGE('',*,*,#2510,.T.);
#3478=ORIENTED_EDGE('',*,*,#2507,.T.);
#3479=ORIENTED_EDGE('',*,*,#2593,.T.);
#3480=ORIENTED_EDGE('',*,*,#2505,.T.);
#3481=ORIENTED_EDGE('',*,*,#2509,.T.);
#3482=ORIENTED_EDGE('',*,*,#2512,.T.);
#3483=ORIENTED_EDGE('',*,*,#2515,.T.);
#3484=ORIENTED_EDGE('',*,*,#2518,.T.);
#3485=ORIENTED_EDGE('',*,*,#2521,.T.);
#3486=ORIENTED_EDGE('',*,*,#2524,.T.);
#3487=ORIENTED_EDGE('',*,*,#2527,.T.);
#3488=ORIENTED_EDGE('',*,*,#2530,.T.);
#3489=ORIENTED_EDGE('',*,*,#2533,.T.);
#3490=ORIENTED_EDGE('',*,*,#2536,.T.);
#3491=ORIENTED_EDGE('',*,*,#2539,.T.);
#3492=ORIENTED_EDGE('',*,*,#2542,.T.);
#3493=ORIENTED_EDGE('',*,*,#2545,.T.);
#3494=ORIENTED_EDGE('',*,*,#2548,.T.);
#3495=ORIENTED_EDGE('',*,*,#2551,.T.);
#3496=ORIENTED_EDGE('',*,*,#2554,.T.);
#3497=ORIENTED_EDGE('',*,*,#2557,.T.);
#3498=ORIENTED_EDGE('',*,*,#2560,.T.);
#3499=ORIENTED_EDGE('',*,*,#2563,.T.);
#3500=ORIENTED_EDGE('',*,*,#2566,.T.);
#3501=ORIENTED_EDGE('',*,*,#2569,.T.);
#3502=ORIENTED_EDGE('',*,*,#2572,.T.);
#3503=ORIENTED_EDGE('',*,*,#2575,.T.);
#3504=ORIENTED_EDGE('',*,*,#2578,.T.);
#3505=ORIENTED_EDGE('',*,*,#2581,.T.);
#3506=ORIENTED_EDGE('',*,*,#2584,.T.);
#3507=ORIENTED_EDGE('',*,*,#2587,.T.);
#3508=ORIENTED_EDGE('',*,*,#2590,.T.);
#3509=ORIENTED_EDGE('',*,*,#2595,.F.);
#3510=ORIENTED_EDGE('',*,*,#2596,.T.);
#3511=ORIENTED_EDGE('',*,*,#2597,.F.);
#3512=ORIENTED_EDGE('',*,*,#2598,.F.);
#3513=ORIENTED_EDGE('',*,*,#2599,.F.);
#3514=ORIENTED_EDGE('',*,*,#2598,.T.);
#3515=ORIENTED_EDGE('',*,*,#2600,.F.);
#3516=ORIENTED_EDGE('',*,*,#2601,.F.);
#3517=ORIENTED_EDGE('',*,*,#2602,.F.);
#3518=ORIENTED_EDGE('',*,*,#2601,.T.);
#3519=ORIENTED_EDGE('',*,*,#2603,.F.);
#3520=ORIENTED_EDGE('',*,*,#2604,.F.);
#3521=ORIENTED_EDGE('',*,*,#2605,.F.);
#3522=ORIENTED_EDGE('',*,*,#2604,.T.);
#3523=ORIENTED_EDGE('',*,*,#2606,.F.);
#3524=ORIENTED_EDGE('',*,*,#2607,.F.);
#3525=ORIENTED_EDGE('',*,*,#2608,.F.);
#3526=ORIENTED_EDGE('',*,*,#2607,.T.);
#3527=ORIENTED_EDGE('',*,*,#2609,.F.);
#3528=ORIENTED_EDGE('',*,*,#2610,.F.);
#3529=ORIENTED_EDGE('',*,*,#2611,.F.);
#3530=ORIENTED_EDGE('',*,*,#2610,.T.);
#3531=ORIENTED_EDGE('',*,*,#2612,.F.);
#3532=ORIENTED_EDGE('',*,*,#2613,.F.);
#3533=ORIENTED_EDGE('',*,*,#2614,.F.);
#3534=ORIENTED_EDGE('',*,*,#2613,.T.);
#3535=ORIENTED_EDGE('',*,*,#2615,.F.);
#3536=ORIENTED_EDGE('',*,*,#2616,.F.);
#3537=ORIENTED_EDGE('',*,*,#2617,.F.);
#3538=ORIENTED_EDGE('',*,*,#2616,.T.);
#3539=ORIENTED_EDGE('',*,*,#2618,.F.);
#3540=ORIENTED_EDGE('',*,*,#2619,.F.);
#3541=ORIENTED_EDGE('',*,*,#2620,.F.);
#3542=ORIENTED_EDGE('',*,*,#2619,.T.);
#3543=ORIENTED_EDGE('',*,*,#2621,.F.);
#3544=ORIENTED_EDGE('',*,*,#2596,.F.);
#3545=ORIENTED_EDGE('',*,*,#2622,.F.);
#3546=ORIENTED_EDGE('',*,*,#2623,.T.);
#3547=ORIENTED_EDGE('',*,*,#2624,.F.);
#3548=ORIENTED_EDGE('',*,*,#2625,.F.);
#3549=ORIENTED_EDGE('',*,*,#2626,.F.);
#3550=ORIENTED_EDGE('',*,*,#2625,.T.);
#3551=ORIENTED_EDGE('',*,*,#2627,.F.);
#3552=ORIENTED_EDGE('',*,*,#2628,.F.);
#3553=ORIENTED_EDGE('',*,*,#2629,.F.);
#3554=ORIENTED_EDGE('',*,*,#2628,.T.);
#3555=ORIENTED_EDGE('',*,*,#2630,.F.);
#3556=ORIENTED_EDGE('',*,*,#2631,.F.);
#3557=ORIENTED_EDGE('',*,*,#2632,.F.);
#3558=ORIENTED_EDGE('',*,*,#2631,.T.);
#3559=ORIENTED_EDGE('',*,*,#2633,.F.);
#3560=ORIENTED_EDGE('',*,*,#2634,.F.);
#3561=ORIENTED_EDGE('',*,*,#2635,.F.);
#3562=ORIENTED_EDGE('',*,*,#2634,.T.);
#3563=ORIENTED_EDGE('',*,*,#2636,.F.);
#3564=ORIENTED_EDGE('',*,*,#2637,.F.);
#3565=ORIENTED_EDGE('',*,*,#2638,.F.);
#3566=ORIENTED_EDGE('',*,*,#2637,.T.);
#3567=ORIENTED_EDGE('',*,*,#2639,.F.);
#3568=ORIENTED_EDGE('',*,*,#2640,.F.);
#3569=ORIENTED_EDGE('',*,*,#2641,.F.);
#3570=ORIENTED_EDGE('',*,*,#2640,.T.);
#3571=ORIENTED_EDGE('',*,*,#2642,.F.);
#3572=ORIENTED_EDGE('',*,*,#2643,.F.);
#3573=ORIENTED_EDGE('',*,*,#2644,.F.);
#3574=ORIENTED_EDGE('',*,*,#2643,.T.);
#3575=ORIENTED_EDGE('',*,*,#2645,.F.);
#3576=ORIENTED_EDGE('',*,*,#2646,.F.);
#3577=ORIENTED_EDGE('',*,*,#2647,.F.);
#3578=ORIENTED_EDGE('',*,*,#2646,.T.);
#3579=ORIENTED_EDGE('',*,*,#2648,.F.);
#3580=ORIENTED_EDGE('',*,*,#2649,.F.);
#3581=ORIENTED_EDGE('',*,*,#2650,.F.);
#3582=ORIENTED_EDGE('',*,*,#2649,.T.);
#3583=ORIENTED_EDGE('',*,*,#2651,.F.);
#3584=ORIENTED_EDGE('',*,*,#2652,.F.);
#3585=ORIENTED_EDGE('',*,*,#2653,.F.);
#3586=ORIENTED_EDGE('',*,*,#2652,.T.);
#3587=ORIENTED_EDGE('',*,*,#2654,.F.);
#3588=ORIENTED_EDGE('',*,*,#2655,.F.);
#3589=ORIENTED_EDGE('',*,*,#2656,.F.);
#3590=ORIENTED_EDGE('',*,*,#2655,.T.);
#3591=ORIENTED_EDGE('',*,*,#2657,.F.);
#3592=ORIENTED_EDGE('',*,*,#2658,.F.);
#3593=ORIENTED_EDGE('',*,*,#2659,.F.);
#3594=ORIENTED_EDGE('',*,*,#2658,.T.);
#3595=ORIENTED_EDGE('',*,*,#2660,.F.);
#3596=ORIENTED_EDGE('',*,*,#2661,.F.);
#3597=ORIENTED_EDGE('',*,*,#2662,.F.);
#3598=ORIENTED_EDGE('',*,*,#2661,.T.);
#3599=ORIENTED_EDGE('',*,*,#2663,.F.);
#3600=ORIENTED_EDGE('',*,*,#2664,.F.);
#3601=ORIENTED_EDGE('',*,*,#2665,.F.);
#3602=ORIENTED_EDGE('',*,*,#2664,.T.);
#3603=ORIENTED_EDGE('',*,*,#2666,.F.);
#3604=ORIENTED_EDGE('',*,*,#2667,.F.);
#3605=ORIENTED_EDGE('',*,*,#2668,.F.);
#3606=ORIENTED_EDGE('',*,*,#2667,.T.);
#3607=ORIENTED_EDGE('',*,*,#2669,.F.);
#3608=ORIENTED_EDGE('',*,*,#2670,.F.);
#3609=ORIENTED_EDGE('',*,*,#2671,.F.);
#3610=ORIENTED_EDGE('',*,*,#2670,.T.);
#3611=ORIENTED_EDGE('',*,*,#2672,.F.);
#3612=ORIENTED_EDGE('',*,*,#2673,.F.);
#3613=ORIENTED_EDGE('',*,*,#2674,.F.);
#3614=ORIENTED_EDGE('',*,*,#2673,.T.);
#3615=ORIENTED_EDGE('',*,*,#2675,.F.);
#3616=ORIENTED_EDGE('',*,*,#2623,.F.);
#3617=ORIENTED_EDGE('',*,*,#2675,.T.);
#3618=ORIENTED_EDGE('',*,*,#2672,.T.);
#3619=ORIENTED_EDGE('',*,*,#2669,.T.);
#3620=ORIENTED_EDGE('',*,*,#2666,.T.);
#3621=ORIENTED_EDGE('',*,*,#2663,.T.);
#3622=ORIENTED_EDGE('',*,*,#2660,.T.);
#3623=ORIENTED_EDGE('',*,*,#2657,.T.);
#3624=ORIENTED_EDGE('',*,*,#2654,.T.);
#3625=ORIENTED_EDGE('',*,*,#2651,.T.);
#3626=ORIENTED_EDGE('',*,*,#2648,.T.);
#3627=ORIENTED_EDGE('',*,*,#2645,.T.);
#3628=ORIENTED_EDGE('',*,*,#2642,.T.);
#3629=ORIENTED_EDGE('',*,*,#2639,.T.);
#3630=ORIENTED_EDGE('',*,*,#2636,.T.);
#3631=ORIENTED_EDGE('',*,*,#2633,.T.);
#3632=ORIENTED_EDGE('',*,*,#2630,.T.);
#3633=ORIENTED_EDGE('',*,*,#2627,.T.);
#3634=ORIENTED_EDGE('',*,*,#2624,.T.);
#3635=ORIENTED_EDGE('',*,*,#2621,.T.);
#3636=ORIENTED_EDGE('',*,*,#2618,.T.);
#3637=ORIENTED_EDGE('',*,*,#2615,.T.);
#3638=ORIENTED_EDGE('',*,*,#2612,.T.);
#3639=ORIENTED_EDGE('',*,*,#2609,.T.);
#3640=ORIENTED_EDGE('',*,*,#2606,.T.);
#3641=ORIENTED_EDGE('',*,*,#2603,.T.);
#3642=ORIENTED_EDGE('',*,*,#2600,.T.);
#3643=ORIENTED_EDGE('',*,*,#2597,.T.);
#3644=ORIENTED_EDGE('',*,*,#2674,.T.);
#3645=ORIENTED_EDGE('',*,*,#2622,.T.);
#3646=ORIENTED_EDGE('',*,*,#2626,.T.);
#3647=ORIENTED_EDGE('',*,*,#2629,.T.);
#3648=ORIENTED_EDGE('',*,*,#2632,.T.);
#3649=ORIENTED_EDGE('',*,*,#2635,.T.);
#3650=ORIENTED_EDGE('',*,*,#2638,.T.);
#3651=ORIENTED_EDGE('',*,*,#2641,.T.);
#3652=ORIENTED_EDGE('',*,*,#2644,.T.);
#3653=ORIENTED_EDGE('',*,*,#2647,.T.);
#3654=ORIENTED_EDGE('',*,*,#2650,.T.);
#3655=ORIENTED_EDGE('',*,*,#2653,.T.);
#3656=ORIENTED_EDGE('',*,*,#2656,.T.);
#3657=ORIENTED_EDGE('',*,*,#2659,.T.);
#3658=ORIENTED_EDGE('',*,*,#2662,.T.);
#3659=ORIENTED_EDGE('',*,*,#2665,.T.);
#3660=ORIENTED_EDGE('',*,*,#2668,.T.);
#3661=ORIENTED_EDGE('',*,*,#2671,.T.);
#3662=ORIENTED_EDGE('',*,*,#2620,.T.);
#3663=ORIENTED_EDGE('',*,*,#2595,.T.);
#3664=ORIENTED_EDGE('',*,*,#2599,.T.);
#3665=ORIENTED_EDGE('',*,*,#2602,.T.);
#3666=ORIENTED_EDGE('',*,*,#2605,.T.);
#3667=ORIENTED_EDGE('',*,*,#2608,.T.);
#3668=ORIENTED_EDGE('',*,*,#2611,.T.);
#3669=ORIENTED_EDGE('',*,*,#2614,.T.);
#3670=ORIENTED_EDGE('',*,*,#2617,.T.);
#3671=ORIENTED_EDGE('',*,*,#2676,.F.);
#3672=ORIENTED_EDGE('',*,*,#2677,.T.);
#3673=ORIENTED_EDGE('',*,*,#2678,.F.);
#3674=ORIENTED_EDGE('',*,*,#2679,.F.);
#3675=ORIENTED_EDGE('',*,*,#2680,.F.);
#3676=ORIENTED_EDGE('',*,*,#2679,.T.);
#3677=ORIENTED_EDGE('',*,*,#2681,.F.);
#3678=ORIENTED_EDGE('',*,*,#2682,.F.);
#3679=ORIENTED_EDGE('',*,*,#2683,.F.);
#3680=ORIENTED_EDGE('',*,*,#2682,.T.);
#3681=ORIENTED_EDGE('',*,*,#2684,.F.);
#3682=ORIENTED_EDGE('',*,*,#2685,.F.);
#3683=ORIENTED_EDGE('',*,*,#2686,.F.);
#3684=ORIENTED_EDGE('',*,*,#2685,.T.);
#3685=ORIENTED_EDGE('',*,*,#2687,.F.);
#3686=ORIENTED_EDGE('',*,*,#2688,.F.);
#3687=ORIENTED_EDGE('',*,*,#2689,.F.);
#3688=ORIENTED_EDGE('',*,*,#2688,.T.);
#3689=ORIENTED_EDGE('',*,*,#2690,.F.);
#3690=ORIENTED_EDGE('',*,*,#2691,.F.);
#3691=ORIENTED_EDGE('',*,*,#2692,.F.);
#3692=ORIENTED_EDGE('',*,*,#2691,.T.);
#3693=ORIENTED_EDGE('',*,*,#2693,.F.);
#3694=ORIENTED_EDGE('',*,*,#2694,.F.);
#3695=ORIENTED_EDGE('',*,*,#2695,.F.);
#3696=ORIENTED_EDGE('',*,*,#2694,.T.);
#3697=ORIENTED_EDGE('',*,*,#2696,.F.);
#3698=ORIENTED_EDGE('',*,*,#2697,.F.);
#3699=ORIENTED_EDGE('',*,*,#2698,.F.);
#3700=ORIENTED_EDGE('',*,*,#2697,.T.);
#3701=ORIENTED_EDGE('',*,*,#2699,.F.);
#3702=ORIENTED_EDGE('',*,*,#2677,.F.);
#3703=ORIENTED_EDGE('',*,*,#2699,.T.);
#3704=ORIENTED_EDGE('',*,*,#2696,.T.);
#3705=ORIENTED_EDGE('',*,*,#2693,.T.);
#3706=ORIENTED_EDGE('',*,*,#2690,.T.);
#3707=ORIENTED_EDGE('',*,*,#2687,.T.);
#3708=ORIENTED_EDGE('',*,*,#2684,.T.);
#3709=ORIENTED_EDGE('',*,*,#2681,.T.);
#3710=ORIENTED_EDGE('',*,*,#2678,.T.);
#3711=ORIENTED_EDGE('',*,*,#2698,.T.);
#3712=ORIENTED_EDGE('',*,*,#2676,.T.);
#3713=ORIENTED_EDGE('',*,*,#2680,.T.);
#3714=ORIENTED_EDGE('',*,*,#2683,.T.);
#3715=ORIENTED_EDGE('',*,*,#2686,.T.);
#3716=ORIENTED_EDGE('',*,*,#2689,.T.);
#3717=ORIENTED_EDGE('',*,*,#2692,.T.);
#3718=ORIENTED_EDGE('',*,*,#2695,.T.);
#3719=ORIENTED_EDGE('',*,*,#2700,.F.);
#3720=ORIENTED_EDGE('',*,*,#2701,.T.);
#3721=ORIENTED_EDGE('',*,*,#2702,.F.);
#3722=ORIENTED_EDGE('',*,*,#2703,.F.);
#3723=ORIENTED_EDGE('',*,*,#2704,.F.);
#3724=ORIENTED_EDGE('',*,*,#2703,.T.);
#3725=ORIENTED_EDGE('',*,*,#2705,.F.);
#3726=ORIENTED_EDGE('',*,*,#2706,.F.);
#3727=ORIENTED_EDGE('',*,*,#2707,.F.);
#3728=ORIENTED_EDGE('',*,*,#2706,.T.);
#3729=ORIENTED_EDGE('',*,*,#2708,.F.);
#3730=ORIENTED_EDGE('',*,*,#2709,.F.);
#3731=ORIENTED_EDGE('',*,*,#2710,.F.);
#3732=ORIENTED_EDGE('',*,*,#2709,.T.);
#3733=ORIENTED_EDGE('',*,*,#2711,.F.);
#3734=ORIENTED_EDGE('',*,*,#2712,.F.);
#3735=ORIENTED_EDGE('',*,*,#2713,.F.);
#3736=ORIENTED_EDGE('',*,*,#2712,.T.);
#3737=ORIENTED_EDGE('',*,*,#2714,.F.);
#3738=ORIENTED_EDGE('',*,*,#2715,.F.);
#3739=ORIENTED_EDGE('',*,*,#2716,.F.);
#3740=ORIENTED_EDGE('',*,*,#2715,.T.);
#3741=ORIENTED_EDGE('',*,*,#2717,.F.);
#3742=ORIENTED_EDGE('',*,*,#2718,.F.);
#3743=ORIENTED_EDGE('',*,*,#2719,.F.);
#3744=ORIENTED_EDGE('',*,*,#2718,.T.);
#3745=ORIENTED_EDGE('',*,*,#2720,.F.);
#3746=ORIENTED_EDGE('',*,*,#2721,.F.);
#3747=ORIENTED_EDGE('',*,*,#2722,.F.);
#3748=ORIENTED_EDGE('',*,*,#2721,.T.);
#3749=ORIENTED_EDGE('',*,*,#2723,.F.);
#3750=ORIENTED_EDGE('',*,*,#2724,.F.);
#3751=ORIENTED_EDGE('',*,*,#2725,.F.);
#3752=ORIENTED_EDGE('',*,*,#2724,.T.);
#3753=ORIENTED_EDGE('',*,*,#2726,.F.);
#3754=ORIENTED_EDGE('',*,*,#2727,.F.);
#3755=ORIENTED_EDGE('',*,*,#2728,.F.);
#3756=ORIENTED_EDGE('',*,*,#2727,.T.);
#3757=ORIENTED_EDGE('',*,*,#2729,.F.);
#3758=ORIENTED_EDGE('',*,*,#2730,.F.);
#3759=ORIENTED_EDGE('',*,*,#2731,.F.);
#3760=ORIENTED_EDGE('',*,*,#2730,.T.);
#3761=ORIENTED_EDGE('',*,*,#2732,.F.);
#3762=ORIENTED_EDGE('',*,*,#2733,.F.);
#3763=ORIENTED_EDGE('',*,*,#2734,.F.);
#3764=ORIENTED_EDGE('',*,*,#2733,.T.);
#3765=ORIENTED_EDGE('',*,*,#2735,.F.);
#3766=ORIENTED_EDGE('',*,*,#2736,.F.);
#3767=ORIENTED_EDGE('',*,*,#2737,.F.);
#3768=ORIENTED_EDGE('',*,*,#2736,.T.);
#3769=ORIENTED_EDGE('',*,*,#2738,.F.);
#3770=ORIENTED_EDGE('',*,*,#2701,.F.);
#3771=ORIENTED_EDGE('',*,*,#2738,.T.);
#3772=ORIENTED_EDGE('',*,*,#2735,.T.);
#3773=ORIENTED_EDGE('',*,*,#2732,.T.);
#3774=ORIENTED_EDGE('',*,*,#2729,.T.);
#3775=ORIENTED_EDGE('',*,*,#2726,.T.);
#3776=ORIENTED_EDGE('',*,*,#2723,.T.);
#3777=ORIENTED_EDGE('',*,*,#2720,.T.);
#3778=ORIENTED_EDGE('',*,*,#2717,.T.);
#3779=ORIENTED_EDGE('',*,*,#2714,.T.);
#3780=ORIENTED_EDGE('',*,*,#2711,.T.);
#3781=ORIENTED_EDGE('',*,*,#2708,.T.);
#3782=ORIENTED_EDGE('',*,*,#2705,.T.);
#3783=ORIENTED_EDGE('',*,*,#2702,.T.);
#3784=ORIENTED_EDGE('',*,*,#2737,.T.);
#3785=ORIENTED_EDGE('',*,*,#2700,.T.);
#3786=ORIENTED_EDGE('',*,*,#2704,.T.);
#3787=ORIENTED_EDGE('',*,*,#2707,.T.);
#3788=ORIENTED_EDGE('',*,*,#2710,.T.);
#3789=ORIENTED_EDGE('',*,*,#2713,.T.);
#3790=ORIENTED_EDGE('',*,*,#2716,.T.);
#3791=ORIENTED_EDGE('',*,*,#2719,.T.);
#3792=ORIENTED_EDGE('',*,*,#2722,.T.);
#3793=ORIENTED_EDGE('',*,*,#2725,.T.);
#3794=ORIENTED_EDGE('',*,*,#2728,.T.);
#3795=ORIENTED_EDGE('',*,*,#2731,.T.);
#3796=ORIENTED_EDGE('',*,*,#2734,.T.);
#3797=ORIENTED_EDGE('',*,*,#2739,.F.);
#3798=ORIENTED_EDGE('',*,*,#2740,.T.);
#3799=ORIENTED_EDGE('',*,*,#2741,.F.);
#3800=ORIENTED_EDGE('',*,*,#2742,.F.);
#3801=ORIENTED_EDGE('',*,*,#2743,.F.);
#3802=ORIENTED_EDGE('',*,*,#2742,.T.);
#3803=ORIENTED_EDGE('',*,*,#2744,.F.);
#3804=ORIENTED_EDGE('',*,*,#2745,.F.);
#3805=ORIENTED_EDGE('',*,*,#2746,.F.);
#3806=ORIENTED_EDGE('',*,*,#2745,.T.);
#3807=ORIENTED_EDGE('',*,*,#2747,.F.);
#3808=ORIENTED_EDGE('',*,*,#2748,.F.);
#3809=ORIENTED_EDGE('',*,*,#2749,.F.);
#3810=ORIENTED_EDGE('',*,*,#2748,.T.);
#3811=ORIENTED_EDGE('',*,*,#2750,.F.);
#3812=ORIENTED_EDGE('',*,*,#2740,.F.);
#3813=ORIENTED_EDGE('',*,*,#2750,.T.);
#3814=ORIENTED_EDGE('',*,*,#2747,.T.);
#3815=ORIENTED_EDGE('',*,*,#2744,.T.);
#3816=ORIENTED_EDGE('',*,*,#2741,.T.);
#3817=ORIENTED_EDGE('',*,*,#2749,.T.);
#3818=ORIENTED_EDGE('',*,*,#2739,.T.);
#3819=ORIENTED_EDGE('',*,*,#2743,.T.);
#3820=ORIENTED_EDGE('',*,*,#2746,.T.);
#3821=ORIENTED_EDGE('',*,*,#2751,.F.);
#3822=ORIENTED_EDGE('',*,*,#2752,.T.);
#3823=ORIENTED_EDGE('',*,*,#2753,.F.);
#3824=ORIENTED_EDGE('',*,*,#2754,.F.);
#3825=ORIENTED_EDGE('',*,*,#2755,.F.);
#3826=ORIENTED_EDGE('',*,*,#2754,.T.);
#3827=ORIENTED_EDGE('',*,*,#2756,.F.);
#3828=ORIENTED_EDGE('',*,*,#2757,.F.);
#3829=ORIENTED_EDGE('',*,*,#2758,.F.);
#3830=ORIENTED_EDGE('',*,*,#2757,.T.);
#3831=ORIENTED_EDGE('',*,*,#2759,.F.);
#3832=ORIENTED_EDGE('',*,*,#2760,.F.);
#3833=ORIENTED_EDGE('',*,*,#2761,.F.);
#3834=ORIENTED_EDGE('',*,*,#2760,.T.);
#3835=ORIENTED_EDGE('',*,*,#2762,.F.);
#3836=ORIENTED_EDGE('',*,*,#2763,.F.);
#3837=ORIENTED_EDGE('',*,*,#2764,.F.);
#3838=ORIENTED_EDGE('',*,*,#2763,.T.);
#3839=ORIENTED_EDGE('',*,*,#2765,.F.);
#3840=ORIENTED_EDGE('',*,*,#2766,.F.);
#3841=ORIENTED_EDGE('',*,*,#2767,.F.);
#3842=ORIENTED_EDGE('',*,*,#2766,.T.);
#3843=ORIENTED_EDGE('',*,*,#2768,.F.);
#3844=ORIENTED_EDGE('',*,*,#2769,.F.);
#3845=ORIENTED_EDGE('',*,*,#2770,.F.);
#3846=ORIENTED_EDGE('',*,*,#2769,.T.);
#3847=ORIENTED_EDGE('',*,*,#2771,.F.);
#3848=ORIENTED_EDGE('',*,*,#2772,.F.);
#3849=ORIENTED_EDGE('',*,*,#2773,.F.);
#3850=ORIENTED_EDGE('',*,*,#2772,.T.);
#3851=ORIENTED_EDGE('',*,*,#2774,.F.);
#3852=ORIENTED_EDGE('',*,*,#2775,.F.);
#3853=ORIENTED_EDGE('',*,*,#2776,.F.);
#3854=ORIENTED_EDGE('',*,*,#2775,.T.);
#3855=ORIENTED_EDGE('',*,*,#2777,.F.);
#3856=ORIENTED_EDGE('',*,*,#2752,.F.);
#3857=ORIENTED_EDGE('',*,*,#2778,.F.);
#3858=ORIENTED_EDGE('',*,*,#2779,.T.);
#3859=ORIENTED_EDGE('',*,*,#2780,.F.);
#3860=ORIENTED_EDGE('',*,*,#2781,.F.);
#3861=ORIENTED_EDGE('',*,*,#2782,.F.);
#3862=ORIENTED_EDGE('',*,*,#2781,.T.);
#3863=ORIENTED_EDGE('',*,*,#2783,.F.);
#3864=ORIENTED_EDGE('',*,*,#2784,.F.);
#3865=ORIENTED_EDGE('',*,*,#2785,.F.);
#3866=ORIENTED_EDGE('',*,*,#2784,.T.);
#3867=ORIENTED_EDGE('',*,*,#2786,.F.);
#3868=ORIENTED_EDGE('',*,*,#2787,.F.);
#3869=ORIENTED_EDGE('',*,*,#2788,.F.);
#3870=ORIENTED_EDGE('',*,*,#2787,.T.);
#3871=ORIENTED_EDGE('',*,*,#2789,.F.);
#3872=ORIENTED_EDGE('',*,*,#2790,.F.);
#3873=ORIENTED_EDGE('',*,*,#2791,.F.);
#3874=ORIENTED_EDGE('',*,*,#2790,.T.);
#3875=ORIENTED_EDGE('',*,*,#2792,.F.);
#3876=ORIENTED_EDGE('',*,*,#2793,.F.);
#3877=ORIENTED_EDGE('',*,*,#2794,.F.);
#3878=ORIENTED_EDGE('',*,*,#2793,.T.);
#3879=ORIENTED_EDGE('',*,*,#2795,.F.);
#3880=ORIENTED_EDGE('',*,*,#2796,.F.);
#3881=ORIENTED_EDGE('',*,*,#2797,.F.);
#3882=ORIENTED_EDGE('',*,*,#2796,.T.);
#3883=ORIENTED_EDGE('',*,*,#2798,.F.);
#3884=ORIENTED_EDGE('',*,*,#2799,.F.);
#3885=ORIENTED_EDGE('',*,*,#2800,.F.);
#3886=ORIENTED_EDGE('',*,*,#2799,.T.);
#3887=ORIENTED_EDGE('',*,*,#2801,.F.);
#3888=ORIENTED_EDGE('',*,*,#2802,.F.);
#3889=ORIENTED_EDGE('',*,*,#2803,.F.);
#3890=ORIENTED_EDGE('',*,*,#2802,.T.);
#3891=ORIENTED_EDGE('',*,*,#2804,.F.);
#3892=ORIENTED_EDGE('',*,*,#2805,.F.);
#3893=ORIENTED_EDGE('',*,*,#2806,.F.);
#3894=ORIENTED_EDGE('',*,*,#2805,.T.);
#3895=ORIENTED_EDGE('',*,*,#2807,.F.);
#3896=ORIENTED_EDGE('',*,*,#2808,.F.);
#3897=ORIENTED_EDGE('',*,*,#2809,.F.);
#3898=ORIENTED_EDGE('',*,*,#2808,.T.);
#3899=ORIENTED_EDGE('',*,*,#2810,.F.);
#3900=ORIENTED_EDGE('',*,*,#2811,.F.);
#3901=ORIENTED_EDGE('',*,*,#2812,.F.);
#3902=ORIENTED_EDGE('',*,*,#2811,.T.);
#3903=ORIENTED_EDGE('',*,*,#2813,.F.);
#3904=ORIENTED_EDGE('',*,*,#2814,.F.);
#3905=ORIENTED_EDGE('',*,*,#2815,.F.);
#3906=ORIENTED_EDGE('',*,*,#2814,.T.);
#3907=ORIENTED_EDGE('',*,*,#2816,.F.);
#3908=ORIENTED_EDGE('',*,*,#2817,.F.);
#3909=ORIENTED_EDGE('',*,*,#2818,.F.);
#3910=ORIENTED_EDGE('',*,*,#2817,.T.);
#3911=ORIENTED_EDGE('',*,*,#2819,.F.);
#3912=ORIENTED_EDGE('',*,*,#2820,.F.);
#3913=ORIENTED_EDGE('',*,*,#2821,.F.);
#3914=ORIENTED_EDGE('',*,*,#2820,.T.);
#3915=ORIENTED_EDGE('',*,*,#2822,.F.);
#3916=ORIENTED_EDGE('',*,*,#2823,.F.);
#3917=ORIENTED_EDGE('',*,*,#2824,.F.);
#3918=ORIENTED_EDGE('',*,*,#2823,.T.);
#3919=ORIENTED_EDGE('',*,*,#2825,.F.);
#3920=ORIENTED_EDGE('',*,*,#2826,.F.);
#3921=ORIENTED_EDGE('',*,*,#2827,.F.);
#3922=ORIENTED_EDGE('',*,*,#2826,.T.);
#3923=ORIENTED_EDGE('',*,*,#2828,.F.);
#3924=ORIENTED_EDGE('',*,*,#2829,.F.);
#3925=ORIENTED_EDGE('',*,*,#2830,.F.);
#3926=ORIENTED_EDGE('',*,*,#2829,.T.);
#3927=ORIENTED_EDGE('',*,*,#2831,.F.);
#3928=ORIENTED_EDGE('',*,*,#2779,.F.);
#3929=ORIENTED_EDGE('',*,*,#2831,.T.);
#3930=ORIENTED_EDGE('',*,*,#2828,.T.);
#3931=ORIENTED_EDGE('',*,*,#2825,.T.);
#3932=ORIENTED_EDGE('',*,*,#2822,.T.);
#3933=ORIENTED_EDGE('',*,*,#2819,.T.);
#3934=ORIENTED_EDGE('',*,*,#2816,.T.);
#3935=ORIENTED_EDGE('',*,*,#2813,.T.);
#3936=ORIENTED_EDGE('',*,*,#2810,.T.);
#3937=ORIENTED_EDGE('',*,*,#2807,.T.);
#3938=ORIENTED_EDGE('',*,*,#2804,.T.);
#3939=ORIENTED_EDGE('',*,*,#2801,.T.);
#3940=ORIENTED_EDGE('',*,*,#2798,.T.);
#3941=ORIENTED_EDGE('',*,*,#2795,.T.);
#3942=ORIENTED_EDGE('',*,*,#2792,.T.);
#3943=ORIENTED_EDGE('',*,*,#2789,.T.);
#3944=ORIENTED_EDGE('',*,*,#2786,.T.);
#3945=ORIENTED_EDGE('',*,*,#2783,.T.);
#3946=ORIENTED_EDGE('',*,*,#2780,.T.);
#3947=ORIENTED_EDGE('',*,*,#2777,.T.);
#3948=ORIENTED_EDGE('',*,*,#2774,.T.);
#3949=ORIENTED_EDGE('',*,*,#2771,.T.);
#3950=ORIENTED_EDGE('',*,*,#2768,.T.);
#3951=ORIENTED_EDGE('',*,*,#2765,.T.);
#3952=ORIENTED_EDGE('',*,*,#2762,.T.);
#3953=ORIENTED_EDGE('',*,*,#2759,.T.);
#3954=ORIENTED_EDGE('',*,*,#2756,.T.);
#3955=ORIENTED_EDGE('',*,*,#2753,.T.);
#3956=ORIENTED_EDGE('',*,*,#2830,.T.);
#3957=ORIENTED_EDGE('',*,*,#2778,.T.);
#3958=ORIENTED_EDGE('',*,*,#2782,.T.);
#3959=ORIENTED_EDGE('',*,*,#2785,.T.);
#3960=ORIENTED_EDGE('',*,*,#2788,.T.);
#3961=ORIENTED_EDGE('',*,*,#2791,.T.);
#3962=ORIENTED_EDGE('',*,*,#2794,.T.);
#3963=ORIENTED_EDGE('',*,*,#2797,.T.);
#3964=ORIENTED_EDGE('',*,*,#2800,.T.);
#3965=ORIENTED_EDGE('',*,*,#2803,.T.);
#3966=ORIENTED_EDGE('',*,*,#2806,.T.);
#3967=ORIENTED_EDGE('',*,*,#2809,.T.);
#3968=ORIENTED_EDGE('',*,*,#2812,.T.);
#3969=ORIENTED_EDGE('',*,*,#2815,.T.);
#3970=ORIENTED_EDGE('',*,*,#2818,.T.);
#3971=ORIENTED_EDGE('',*,*,#2821,.T.);
#3972=ORIENTED_EDGE('',*,*,#2824,.T.);
#3973=ORIENTED_EDGE('',*,*,#2827,.T.);
#3974=ORIENTED_EDGE('',*,*,#2776,.T.);
#3975=ORIENTED_EDGE('',*,*,#2751,.T.);
#3976=ORIENTED_EDGE('',*,*,#2755,.T.);
#3977=ORIENTED_EDGE('',*,*,#2758,.T.);
#3978=ORIENTED_EDGE('',*,*,#2761,.T.);
#3979=ORIENTED_EDGE('',*,*,#2764,.T.);
#3980=ORIENTED_EDGE('',*,*,#2767,.T.);
#3981=ORIENTED_EDGE('',*,*,#2770,.T.);
#3982=ORIENTED_EDGE('',*,*,#2773,.T.);
#3983=ORIENTED_EDGE('',*,*,#2832,.F.);
#3984=ORIENTED_EDGE('',*,*,#2833,.T.);
#3985=ORIENTED_EDGE('',*,*,#2834,.F.);
#3986=ORIENTED_EDGE('',*,*,#2835,.F.);
#3987=ORIENTED_EDGE('',*,*,#2836,.F.);
#3988=ORIENTED_EDGE('',*,*,#2835,.T.);
#3989=ORIENTED_EDGE('',*,*,#2837,.F.);
#3990=ORIENTED_EDGE('',*,*,#2838,.F.);
#3991=ORIENTED_EDGE('',*,*,#2839,.F.);
#3992=ORIENTED_EDGE('',*,*,#2838,.T.);
#3993=ORIENTED_EDGE('',*,*,#2840,.F.);
#3994=ORIENTED_EDGE('',*,*,#2841,.F.);
#3995=ORIENTED_EDGE('',*,*,#2842,.F.);
#3996=ORIENTED_EDGE('',*,*,#2841,.T.);
#3997=ORIENTED_EDGE('',*,*,#2843,.F.);
#3998=ORIENTED_EDGE('',*,*,#2844,.F.);
#3999=ORIENTED_EDGE('',*,*,#2845,.F.);
#4000=ORIENTED_EDGE('',*,*,#2844,.T.);
#4001=ORIENTED_EDGE('',*,*,#2846,.F.);
#4002=ORIENTED_EDGE('',*,*,#2847,.F.);
#4003=ORIENTED_EDGE('',*,*,#2848,.F.);
#4004=ORIENTED_EDGE('',*,*,#2847,.T.);
#4005=ORIENTED_EDGE('',*,*,#2849,.F.);
#4006=ORIENTED_EDGE('',*,*,#2850,.F.);
#4007=ORIENTED_EDGE('',*,*,#2851,.F.);
#4008=ORIENTED_EDGE('',*,*,#2850,.T.);
#4009=ORIENTED_EDGE('',*,*,#2852,.F.);
#4010=ORIENTED_EDGE('',*,*,#2853,.F.);
#4011=ORIENTED_EDGE('',*,*,#2854,.F.);
#4012=ORIENTED_EDGE('',*,*,#2853,.T.);
#4013=ORIENTED_EDGE('',*,*,#2855,.F.);
#4014=ORIENTED_EDGE('',*,*,#2856,.F.);
#4015=ORIENTED_EDGE('',*,*,#2857,.F.);
#4016=ORIENTED_EDGE('',*,*,#2856,.T.);
#4017=ORIENTED_EDGE('',*,*,#2858,.F.);
#4018=ORIENTED_EDGE('',*,*,#2859,.F.);
#4019=ORIENTED_EDGE('',*,*,#2860,.F.);
#4020=ORIENTED_EDGE('',*,*,#2859,.T.);
#4021=ORIENTED_EDGE('',*,*,#2861,.F.);
#4022=ORIENTED_EDGE('',*,*,#2862,.F.);
#4023=ORIENTED_EDGE('',*,*,#2863,.F.);
#4024=ORIENTED_EDGE('',*,*,#2862,.T.);
#4025=ORIENTED_EDGE('',*,*,#2864,.F.);
#4026=ORIENTED_EDGE('',*,*,#2865,.F.);
#4027=ORIENTED_EDGE('',*,*,#2866,.F.);
#4028=ORIENTED_EDGE('',*,*,#2865,.T.);
#4029=ORIENTED_EDGE('',*,*,#2867,.F.);
#4030=ORIENTED_EDGE('',*,*,#2868,.F.);
#4031=ORIENTED_EDGE('',*,*,#2869,.F.);
#4032=ORIENTED_EDGE('',*,*,#2868,.T.);
#4033=ORIENTED_EDGE('',*,*,#2870,.F.);
#4034=ORIENTED_EDGE('',*,*,#2833,.F.);
#4035=ORIENTED_EDGE('',*,*,#2870,.T.);
#4036=ORIENTED_EDGE('',*,*,#2867,.T.);
#4037=ORIENTED_EDGE('',*,*,#2864,.T.);
#4038=ORIENTED_EDGE('',*,*,#2861,.T.);
#4039=ORIENTED_EDGE('',*,*,#2858,.T.);
#4040=ORIENTED_EDGE('',*,*,#2855,.T.);
#4041=ORIENTED_EDGE('',*,*,#2852,.T.);
#4042=ORIENTED_EDGE('',*,*,#2849,.T.);
#4043=ORIENTED_EDGE('',*,*,#2846,.T.);
#4044=ORIENTED_EDGE('',*,*,#2843,.T.);
#4045=ORIENTED_EDGE('',*,*,#2840,.T.);
#4046=ORIENTED_EDGE('',*,*,#2837,.T.);
#4047=ORIENTED_EDGE('',*,*,#2834,.T.);
#4048=ORIENTED_EDGE('',*,*,#2869,.T.);
#4049=ORIENTED_EDGE('',*,*,#2832,.T.);
#4050=ORIENTED_EDGE('',*,*,#2836,.T.);
#4051=ORIENTED_EDGE('',*,*,#2839,.T.);
#4052=ORIENTED_EDGE('',*,*,#2842,.T.);
#4053=ORIENTED_EDGE('',*,*,#2845,.T.);
#4054=ORIENTED_EDGE('',*,*,#2848,.T.);
#4055=ORIENTED_EDGE('',*,*,#2851,.T.);
#4056=ORIENTED_EDGE('',*,*,#2854,.T.);
#4057=ORIENTED_EDGE('',*,*,#2857,.T.);
#4058=ORIENTED_EDGE('',*,*,#2860,.T.);
#4059=ORIENTED_EDGE('',*,*,#2863,.T.);
#4060=ORIENTED_EDGE('',*,*,#2866,.T.);
#4061=ORIENTED_EDGE('',*,*,#2871,.F.);
#4062=ORIENTED_EDGE('',*,*,#2872,.T.);
#4063=ORIENTED_EDGE('',*,*,#2873,.F.);
#4064=ORIENTED_EDGE('',*,*,#2874,.F.);
#4065=ORIENTED_EDGE('',*,*,#2875,.F.);
#4066=ORIENTED_EDGE('',*,*,#2874,.T.);
#4067=ORIENTED_EDGE('',*,*,#2876,.F.);
#4068=ORIENTED_EDGE('',*,*,#2877,.F.);
#4069=ORIENTED_EDGE('',*,*,#2878,.F.);
#4070=ORIENTED_EDGE('',*,*,#2877,.T.);
#4071=ORIENTED_EDGE('',*,*,#2879,.F.);
#4072=ORIENTED_EDGE('',*,*,#2880,.F.);
#4073=ORIENTED_EDGE('',*,*,#2881,.F.);
#4074=ORIENTED_EDGE('',*,*,#2880,.T.);
#4075=ORIENTED_EDGE('',*,*,#2882,.F.);
#4076=ORIENTED_EDGE('',*,*,#2883,.F.);
#4077=ORIENTED_EDGE('',*,*,#2884,.F.);
#4078=ORIENTED_EDGE('',*,*,#2883,.T.);
#4079=ORIENTED_EDGE('',*,*,#2885,.F.);
#4080=ORIENTED_EDGE('',*,*,#2886,.F.);
#4081=ORIENTED_EDGE('',*,*,#2887,.F.);
#4082=ORIENTED_EDGE('',*,*,#2886,.T.);
#4083=ORIENTED_EDGE('',*,*,#2888,.F.);
#4084=ORIENTED_EDGE('',*,*,#2889,.F.);
#4085=ORIENTED_EDGE('',*,*,#2890,.F.);
#4086=ORIENTED_EDGE('',*,*,#2889,.T.);
#4087=ORIENTED_EDGE('',*,*,#2891,.F.);
#4088=ORIENTED_EDGE('',*,*,#2892,.F.);
#4089=ORIENTED_EDGE('',*,*,#2893,.F.);
#4090=ORIENTED_EDGE('',*,*,#2892,.T.);
#4091=ORIENTED_EDGE('',*,*,#2894,.F.);
#4092=ORIENTED_EDGE('',*,*,#2895,.F.);
#4093=ORIENTED_EDGE('',*,*,#2896,.F.);
#4094=ORIENTED_EDGE('',*,*,#2895,.T.);
#4095=ORIENTED_EDGE('',*,*,#2897,.F.);
#4096=ORIENTED_EDGE('',*,*,#2872,.F.);
#4097=ORIENTED_EDGE('',*,*,#2898,.F.);
#4098=ORIENTED_EDGE('',*,*,#2899,.T.);
#4099=ORIENTED_EDGE('',*,*,#2900,.F.);
#4100=ORIENTED_EDGE('',*,*,#2901,.F.);
#4101=ORIENTED_EDGE('',*,*,#2902,.F.);
#4102=ORIENTED_EDGE('',*,*,#2901,.T.);
#4103=ORIENTED_EDGE('',*,*,#2903,.F.);
#4104=ORIENTED_EDGE('',*,*,#2904,.F.);
#4105=ORIENTED_EDGE('',*,*,#2905,.F.);
#4106=ORIENTED_EDGE('',*,*,#2904,.T.);
#4107=ORIENTED_EDGE('',*,*,#2906,.F.);
#4108=ORIENTED_EDGE('',*,*,#2907,.F.);
#4109=ORIENTED_EDGE('',*,*,#2908,.F.);
#4110=ORIENTED_EDGE('',*,*,#2907,.T.);
#4111=ORIENTED_EDGE('',*,*,#2909,.F.);
#4112=ORIENTED_EDGE('',*,*,#2910,.F.);
#4113=ORIENTED_EDGE('',*,*,#2911,.F.);
#4114=ORIENTED_EDGE('',*,*,#2910,.T.);
#4115=ORIENTED_EDGE('',*,*,#2912,.F.);
#4116=ORIENTED_EDGE('',*,*,#2913,.F.);
#4117=ORIENTED_EDGE('',*,*,#2914,.F.);
#4118=ORIENTED_EDGE('',*,*,#2913,.T.);
#4119=ORIENTED_EDGE('',*,*,#2915,.F.);
#4120=ORIENTED_EDGE('',*,*,#2916,.F.);
#4121=ORIENTED_EDGE('',*,*,#2917,.F.);
#4122=ORIENTED_EDGE('',*,*,#2916,.T.);
#4123=ORIENTED_EDGE('',*,*,#2918,.F.);
#4124=ORIENTED_EDGE('',*,*,#2919,.F.);
#4125=ORIENTED_EDGE('',*,*,#2920,.F.);
#4126=ORIENTED_EDGE('',*,*,#2919,.T.);
#4127=ORIENTED_EDGE('',*,*,#2921,.F.);
#4128=ORIENTED_EDGE('',*,*,#2922,.F.);
#4129=ORIENTED_EDGE('',*,*,#2923,.F.);
#4130=ORIENTED_EDGE('',*,*,#2922,.T.);
#4131=ORIENTED_EDGE('',*,*,#2924,.F.);
#4132=ORIENTED_EDGE('',*,*,#2925,.F.);
#4133=ORIENTED_EDGE('',*,*,#2926,.F.);
#4134=ORIENTED_EDGE('',*,*,#2925,.T.);
#4135=ORIENTED_EDGE('',*,*,#2927,.F.);
#4136=ORIENTED_EDGE('',*,*,#2928,.F.);
#4137=ORIENTED_EDGE('',*,*,#2929,.F.);
#4138=ORIENTED_EDGE('',*,*,#2928,.T.);
#4139=ORIENTED_EDGE('',*,*,#2930,.F.);
#4140=ORIENTED_EDGE('',*,*,#2931,.F.);
#4141=ORIENTED_EDGE('',*,*,#2932,.F.);
#4142=ORIENTED_EDGE('',*,*,#2931,.T.);
#4143=ORIENTED_EDGE('',*,*,#2933,.F.);
#4144=ORIENTED_EDGE('',*,*,#2899,.F.);
#4145=ORIENTED_EDGE('',*,*,#2933,.T.);
#4146=ORIENTED_EDGE('',*,*,#2930,.T.);
#4147=ORIENTED_EDGE('',*,*,#2927,.T.);
#4148=ORIENTED_EDGE('',*,*,#2924,.T.);
#4149=ORIENTED_EDGE('',*,*,#2921,.T.);
#4150=ORIENTED_EDGE('',*,*,#2918,.T.);
#4151=ORIENTED_EDGE('',*,*,#2915,.T.);
#4152=ORIENTED_EDGE('',*,*,#2912,.T.);
#4153=ORIENTED_EDGE('',*,*,#2909,.T.);
#4154=ORIENTED_EDGE('',*,*,#2906,.T.);
#4155=ORIENTED_EDGE('',*,*,#2903,.T.);
#4156=ORIENTED_EDGE('',*,*,#2900,.T.);
#4157=ORIENTED_EDGE('',*,*,#2897,.T.);
#4158=ORIENTED_EDGE('',*,*,#2894,.T.);
#4159=ORIENTED_EDGE('',*,*,#2891,.T.);
#4160=ORIENTED_EDGE('',*,*,#2888,.T.);
#4161=ORIENTED_EDGE('',*,*,#2885,.T.);
#4162=ORIENTED_EDGE('',*,*,#2882,.T.);
#4163=ORIENTED_EDGE('',*,*,#2879,.T.);
#4164=ORIENTED_EDGE('',*,*,#2876,.T.);
#4165=ORIENTED_EDGE('',*,*,#2873,.T.);
#4166=ORIENTED_EDGE('',*,*,#2932,.T.);
#4167=ORIENTED_EDGE('',*,*,#2898,.T.);
#4168=ORIENTED_EDGE('',*,*,#2902,.T.);
#4169=ORIENTED_EDGE('',*,*,#2905,.T.);
#4170=ORIENTED_EDGE('',*,*,#2908,.T.);
#4171=ORIENTED_EDGE('',*,*,#2911,.T.);
#4172=ORIENTED_EDGE('',*,*,#2914,.T.);
#4173=ORIENTED_EDGE('',*,*,#2917,.T.);
#4174=ORIENTED_EDGE('',*,*,#2920,.T.);
#4175=ORIENTED_EDGE('',*,*,#2923,.T.);
#4176=ORIENTED_EDGE('',*,*,#2926,.T.);
#4177=ORIENTED_EDGE('',*,*,#2929,.T.);
#4178=ORIENTED_EDGE('',*,*,#2896,.T.);
#4179=ORIENTED_EDGE('',*,*,#2871,.T.);
#4180=ORIENTED_EDGE('',*,*,#2875,.T.);
#4181=ORIENTED_EDGE('',*,*,#2878,.T.);
#4182=ORIENTED_EDGE('',*,*,#2881,.T.);
#4183=ORIENTED_EDGE('',*,*,#2884,.T.);
#4184=ORIENTED_EDGE('',*,*,#2887,.T.);
#4185=ORIENTED_EDGE('',*,*,#2890,.T.);
#4186=ORIENTED_EDGE('',*,*,#2893,.T.);
#4187=ORIENTED_EDGE('',*,*,#2934,.F.);
#4188=ORIENTED_EDGE('',*,*,#2935,.T.);
#4189=ORIENTED_EDGE('',*,*,#2936,.F.);
#4190=ORIENTED_EDGE('',*,*,#2937,.F.);
#4191=ORIENTED_EDGE('',*,*,#2938,.F.);
#4192=ORIENTED_EDGE('',*,*,#2937,.T.);
#4193=ORIENTED_EDGE('',*,*,#2939,.F.);
#4194=ORIENTED_EDGE('',*,*,#2940,.F.);
#4195=ORIENTED_EDGE('',*,*,#2941,.F.);
#4196=ORIENTED_EDGE('',*,*,#2940,.T.);
#4197=ORIENTED_EDGE('',*,*,#2942,.F.);
#4198=ORIENTED_EDGE('',*,*,#2943,.F.);
#4199=ORIENTED_EDGE('',*,*,#2944,.F.);
#4200=ORIENTED_EDGE('',*,*,#2943,.T.);
#4201=ORIENTED_EDGE('',*,*,#2945,.F.);
#4202=ORIENTED_EDGE('',*,*,#2946,.F.);
#4203=ORIENTED_EDGE('',*,*,#2947,.F.);
#4204=ORIENTED_EDGE('',*,*,#2946,.T.);
#4205=ORIENTED_EDGE('',*,*,#2948,.F.);
#4206=ORIENTED_EDGE('',*,*,#2949,.F.);
#4207=ORIENTED_EDGE('',*,*,#2950,.F.);
#4208=ORIENTED_EDGE('',*,*,#2949,.T.);
#4209=ORIENTED_EDGE('',*,*,#2951,.F.);
#4210=ORIENTED_EDGE('',*,*,#2952,.F.);
#4211=ORIENTED_EDGE('',*,*,#2953,.F.);
#4212=ORIENTED_EDGE('',*,*,#2952,.T.);
#4213=ORIENTED_EDGE('',*,*,#2954,.F.);
#4214=ORIENTED_EDGE('',*,*,#2955,.F.);
#4215=ORIENTED_EDGE('',*,*,#2956,.F.);
#4216=ORIENTED_EDGE('',*,*,#2955,.T.);
#4217=ORIENTED_EDGE('',*,*,#2957,.F.);
#4218=ORIENTED_EDGE('',*,*,#2935,.F.);
#4219=ORIENTED_EDGE('',*,*,#2957,.T.);
#4220=ORIENTED_EDGE('',*,*,#2954,.T.);
#4221=ORIENTED_EDGE('',*,*,#2951,.T.);
#4222=ORIENTED_EDGE('',*,*,#2948,.T.);
#4223=ORIENTED_EDGE('',*,*,#2945,.T.);
#4224=ORIENTED_EDGE('',*,*,#2942,.T.);
#4225=ORIENTED_EDGE('',*,*,#2939,.T.);
#4226=ORIENTED_EDGE('',*,*,#2936,.T.);
#4227=ORIENTED_EDGE('',*,*,#2956,.T.);
#4228=ORIENTED_EDGE('',*,*,#2934,.T.);
#4229=ORIENTED_EDGE('',*,*,#2938,.T.);
#4230=ORIENTED_EDGE('',*,*,#2941,.T.);
#4231=ORIENTED_EDGE('',*,*,#2944,.T.);
#4232=ORIENTED_EDGE('',*,*,#2947,.T.);
#4233=ORIENTED_EDGE('',*,*,#2950,.T.);
#4234=ORIENTED_EDGE('',*,*,#2953,.T.);
#4235=ORIENTED_EDGE('',*,*,#2958,.F.);
#4236=ORIENTED_EDGE('',*,*,#2959,.T.);
#4237=ORIENTED_EDGE('',*,*,#2960,.T.);
#4238=ORIENTED_EDGE('',*,*,#2959,.F.);
#4239=ORIENTED_EDGE('',*,*,#2958,.T.);
#4240=ORIENTED_EDGE('',*,*,#2960,.F.);
#4241=ORIENTED_EDGE('',*,*,#2961,.T.);
#4242=ORIENTED_EDGE('',*,*,#2962,.T.);
#4243=ORIENTED_EDGE('',*,*,#2963,.F.);
#4244=ORIENTED_EDGE('',*,*,#2964,.F.);
#4245=ORIENTED_EDGE('',*,*,#2965,.T.);
#4246=ORIENTED_EDGE('',*,*,#2964,.T.);
#4247=ORIENTED_EDGE('',*,*,#2966,.F.);
#4248=ORIENTED_EDGE('',*,*,#2967,.F.);
#4249=ORIENTED_EDGE('',*,*,#2968,.T.);
#4250=ORIENTED_EDGE('',*,*,#2967,.T.);
#4251=ORIENTED_EDGE('',*,*,#2969,.F.);
#4252=ORIENTED_EDGE('',*,*,#2962,.F.);
#4253=ORIENTED_EDGE('',*,*,#2970,.F.);
#4254=ORIENTED_EDGE('',*,*,#2971,.T.);
#4255=ORIENTED_EDGE('',*,*,#2972,.T.);
#4256=ORIENTED_EDGE('',*,*,#2971,.F.);
#4257=ORIENTED_EDGE('',*,*,#2970,.T.);
#4258=ORIENTED_EDGE('',*,*,#2969,.T.);
#4259=ORIENTED_EDGE('',*,*,#2966,.T.);
#4260=ORIENTED_EDGE('',*,*,#2963,.T.);
#4261=ORIENTED_EDGE('',*,*,#2972,.F.);
#4262=ORIENTED_EDGE('',*,*,#2968,.F.);
#4263=ORIENTED_EDGE('',*,*,#2961,.F.);
#4264=ORIENTED_EDGE('',*,*,#2965,.F.);
#4265=ORIENTED_EDGE('',*,*,#2973,.T.);
#4266=ORIENTED_EDGE('',*,*,#2974,.T.);
#4267=ORIENTED_EDGE('',*,*,#2975,.F.);
#4268=ORIENTED_EDGE('',*,*,#2976,.F.);
#4269=ORIENTED_EDGE('',*,*,#2977,.T.);
#4270=ORIENTED_EDGE('',*,*,#2976,.T.);
#4271=ORIENTED_EDGE('',*,*,#2978,.F.);
#4272=ORIENTED_EDGE('',*,*,#2979,.F.);
#4273=ORIENTED_EDGE('',*,*,#2980,.T.);
#4274=ORIENTED_EDGE('',*,*,#2979,.T.);
#4275=ORIENTED_EDGE('',*,*,#2981,.F.);
#4276=ORIENTED_EDGE('',*,*,#2974,.F.);
#4277=ORIENTED_EDGE('',*,*,#2982,.F.);
#4278=ORIENTED_EDGE('',*,*,#2983,.T.);
#4279=ORIENTED_EDGE('',*,*,#2984,.T.);
#4280=ORIENTED_EDGE('',*,*,#2983,.F.);
#4281=ORIENTED_EDGE('',*,*,#2982,.T.);
#4282=ORIENTED_EDGE('',*,*,#2981,.T.);
#4283=ORIENTED_EDGE('',*,*,#2978,.T.);
#4284=ORIENTED_EDGE('',*,*,#2975,.T.);
#4285=ORIENTED_EDGE('',*,*,#2984,.F.);
#4286=ORIENTED_EDGE('',*,*,#2980,.F.);
#4287=ORIENTED_EDGE('',*,*,#2973,.F.);
#4288=ORIENTED_EDGE('',*,*,#2977,.F.);
#4289=ORIENTED_EDGE('',*,*,#2985,.T.);
#4290=ORIENTED_EDGE('',*,*,#2986,.T.);
#4291=ORIENTED_EDGE('',*,*,#2987,.T.);
#4292=ORIENTED_EDGE('',*,*,#2988,.T.);
#4293=ORIENTED_EDGE('',*,*,#2988,.F.);
#4294=ORIENTED_EDGE('',*,*,#2989,.T.);
#4295=ORIENTED_EDGE('',*,*,#2990,.F.);
#4296=ORIENTED_EDGE('',*,*,#2991,.F.);
#4297=ORIENTED_EDGE('',*,*,#2987,.F.);
#4298=ORIENTED_EDGE('',*,*,#2992,.F.);
#4299=ORIENTED_EDGE('',*,*,#2993,.F.);
#4300=ORIENTED_EDGE('',*,*,#2994,.F.);
#4301=ORIENTED_EDGE('',*,*,#2995,.F.);
#4302=ORIENTED_EDGE('',*,*,#2996,.F.);
#4303=ORIENTED_EDGE('',*,*,#2997,.F.);
#4304=ORIENTED_EDGE('',*,*,#2989,.F.);
#4305=ORIENTED_EDGE('',*,*,#2998,.T.);
#4306=ORIENTED_EDGE('',*,*,#2999,.T.);
#4307=ORIENTED_EDGE('',*,*,#3000,.T.);
#4308=ORIENTED_EDGE('',*,*,#3001,.T.);
#4309=ORIENTED_EDGE('',*,*,#3002,.T.);
#4310=ORIENTED_EDGE('',*,*,#3003,.T.);
#4311=ORIENTED_EDGE('',*,*,#3004,.T.);
#4312=ORIENTED_EDGE('',*,*,#3005,.T.);
#4313=ORIENTED_EDGE('',*,*,#3006,.T.);
#4314=ORIENTED_EDGE('',*,*,#3007,.T.);
#4315=ORIENTED_EDGE('',*,*,#3008,.T.);
#4316=ORIENTED_EDGE('',*,*,#3009,.T.);
#4317=ORIENTED_EDGE('',*,*,#3010,.T.);
#4318=ORIENTED_EDGE('',*,*,#2990,.T.);
#4319=ORIENTED_EDGE('',*,*,#2997,.T.);
#4320=ORIENTED_EDGE('',*,*,#3011,.T.);
#4321=ORIENTED_EDGE('',*,*,#3011,.F.);
#4322=ORIENTED_EDGE('',*,*,#2996,.T.);
#4323=ORIENTED_EDGE('',*,*,#3012,.F.);
#4324=ORIENTED_EDGE('',*,*,#3013,.F.);
#4325=ORIENTED_EDGE('',*,*,#3014,.T.);
#4326=ORIENTED_EDGE('',*,*,#3015,.T.);
#4327=ORIENTED_EDGE('',*,*,#2993,.T.);
#4328=ORIENTED_EDGE('',*,*,#3016,.T.);
#4329=ORIENTED_EDGE('',*,*,#2986,.F.);
#4330=ORIENTED_EDGE('',*,*,#3017,.F.);
#4331=ORIENTED_EDGE('',*,*,#3016,.F.);
#4332=ORIENTED_EDGE('',*,*,#2992,.T.);
#4333=ORIENTED_EDGE('',*,*,#3018,.T.);
#4334=ORIENTED_EDGE('',*,*,#3012,.T.);
#4335=ORIENTED_EDGE('',*,*,#2995,.T.);
#4336=ORIENTED_EDGE('',*,*,#3019,.T.);
#4337=ORIENTED_EDGE('',*,*,#2998,.F.);
#4338=ORIENTED_EDGE('',*,*,#3020,.T.);
#4339=ORIENTED_EDGE('',*,*,#3021,.T.);
#4340=ORIENTED_EDGE('',*,*,#3020,.F.);
#4341=ORIENTED_EDGE('',*,*,#3021,.F.);
#4342=ORIENTED_EDGE('',*,*,#3022,.T.);
#4343=ORIENTED_EDGE('',*,*,#3023,.F.);
#4344=ORIENTED_EDGE('',*,*,#3022,.F.);
#4345=ORIENTED_EDGE('',*,*,#2999,.F.);
#4346=ORIENTED_EDGE('',*,*,#3024,.T.);
#4347=ORIENTED_EDGE('',*,*,#3025,.T.);
#4348=ORIENTED_EDGE('',*,*,#3024,.F.);
#4349=ORIENTED_EDGE('',*,*,#3025,.F.);
#4350=ORIENTED_EDGE('',*,*,#3026,.T.);
#4351=ORIENTED_EDGE('',*,*,#3027,.F.);
#4352=ORIENTED_EDGE('',*,*,#3026,.F.);
#4353=ORIENTED_EDGE('',*,*,#3000,.F.);
#4354=ORIENTED_EDGE('',*,*,#3028,.T.);
#4355=ORIENTED_EDGE('',*,*,#3029,.T.);
#4356=ORIENTED_EDGE('',*,*,#3028,.F.);
#4357=ORIENTED_EDGE('',*,*,#3029,.F.);
#4358=ORIENTED_EDGE('',*,*,#3030,.T.);
#4359=ORIENTED_EDGE('',*,*,#3031,.F.);
#4360=ORIENTED_EDGE('',*,*,#3030,.F.);
#4361=ORIENTED_EDGE('',*,*,#3001,.F.);
#4362=ORIENTED_EDGE('',*,*,#3032,.T.);
#4363=ORIENTED_EDGE('',*,*,#3033,.T.);
#4364=ORIENTED_EDGE('',*,*,#3032,.F.);
#4365=ORIENTED_EDGE('',*,*,#3033,.F.);
#4366=ORIENTED_EDGE('',*,*,#3034,.T.);
#4367=ORIENTED_EDGE('',*,*,#3035,.F.);
#4368=ORIENTED_EDGE('',*,*,#3034,.F.);
#4369=ORIENTED_EDGE('',*,*,#3036,.F.);
#4370=ORIENTED_EDGE('',*,*,#3037,.T.);
#4371=ORIENTED_EDGE('',*,*,#3009,.F.);
#4372=ORIENTED_EDGE('',*,*,#3037,.F.);
#4373=ORIENTED_EDGE('',*,*,#3038,.F.);
#4374=ORIENTED_EDGE('',*,*,#3039,.T.);
#4375=ORIENTED_EDGE('',*,*,#3008,.F.);
#4376=ORIENTED_EDGE('',*,*,#3039,.F.);
#4377=ORIENTED_EDGE('',*,*,#3040,.F.);
#4378=ORIENTED_EDGE('',*,*,#3041,.T.);
#4379=ORIENTED_EDGE('',*,*,#3007,.F.);
#4380=ORIENTED_EDGE('',*,*,#3041,.F.);
#4381=ORIENTED_EDGE('',*,*,#3042,.F.);
#4382=ORIENTED_EDGE('',*,*,#3043,.T.);
#4383=ORIENTED_EDGE('',*,*,#3006,.F.);
#4384=ORIENTED_EDGE('',*,*,#3043,.F.);
#4385=ORIENTED_EDGE('',*,*,#3044,.F.);
#4386=ORIENTED_EDGE('',*,*,#3045,.T.);
#4387=ORIENTED_EDGE('',*,*,#3005,.F.);
#4388=ORIENTED_EDGE('',*,*,#3045,.F.);
#4389=ORIENTED_EDGE('',*,*,#3046,.F.);
#4390=ORIENTED_EDGE('',*,*,#3047,.T.);
#4391=ORIENTED_EDGE('',*,*,#3004,.F.);
#4392=ORIENTED_EDGE('',*,*,#3047,.F.);
#4393=ORIENTED_EDGE('',*,*,#3048,.F.);
#4394=ORIENTED_EDGE('',*,*,#3049,.T.);
#4395=ORIENTED_EDGE('',*,*,#3003,.F.);
#4396=ORIENTED_EDGE('',*,*,#3049,.F.);
#4397=ORIENTED_EDGE('',*,*,#3050,.F.);
#4398=ORIENTED_EDGE('',*,*,#3051,.T.);
#4399=ORIENTED_EDGE('',*,*,#3002,.F.);
#4400=ORIENTED_EDGE('',*,*,#3051,.F.);
#4401=ORIENTED_EDGE('',*,*,#3015,.F.);
#4402=ORIENTED_EDGE('',*,*,#3052,.F.);
#4403=ORIENTED_EDGE('',*,*,#3019,.F.);
#4404=ORIENTED_EDGE('',*,*,#2994,.T.);
#4405=ORIENTED_EDGE('',*,*,#2985,.F.);
#4406=ORIENTED_EDGE('',*,*,#2991,.T.);
#4407=ORIENTED_EDGE('',*,*,#3010,.F.);
#4408=ORIENTED_EDGE('',*,*,#3013,.T.);
#4409=ORIENTED_EDGE('',*,*,#3018,.F.);
#4410=ORIENTED_EDGE('',*,*,#3052,.T.);
#4411=ORIENTED_EDGE('',*,*,#3014,.F.);
#4412=ORIENTED_EDGE('',*,*,#3017,.T.);
#4413=ORIENTED_EDGE('',*,*,#3023,.T.);
#4414=ORIENTED_EDGE('',*,*,#3027,.T.);
#4415=ORIENTED_EDGE('',*,*,#3031,.T.);
#4416=ORIENTED_EDGE('',*,*,#3035,.T.);
#4417=ORIENTED_EDGE('',*,*,#3050,.T.);
#4418=ORIENTED_EDGE('',*,*,#3048,.T.);
#4419=ORIENTED_EDGE('',*,*,#3046,.T.);
#4420=ORIENTED_EDGE('',*,*,#3044,.T.);
#4421=ORIENTED_EDGE('',*,*,#3042,.T.);
#4422=ORIENTED_EDGE('',*,*,#3040,.T.);
#4423=ORIENTED_EDGE('',*,*,#3038,.T.);
#4424=ORIENTED_EDGE('',*,*,#3036,.T.);
#4425=PLANE('',#4859);
#4426=PLANE('',#4863);
#4427=PLANE('',#4864);
#4428=PLANE('',#4865);
#4429=PLANE('',#4869);
#4430=PLANE('',#4870);
#4431=PLANE('',#4871);
#4432=PLANE('',#4875);
#4433=PLANE('',#4876);
#4434=PLANE('',#4877);
#4435=PLANE('',#4881);
#4436=PLANE('',#4882);
#4437=PLANE('',#4883);
#4438=PLANE('',#4884);
#4439=PLANE('',#4888);
#4440=PLANE('',#4892);
#4441=PLANE('',#4893);
#4442=PLANE('',#4894);
#4443=PLANE('',#4895);
#4444=PLANE('',#4896);
#4445=PLANE('',#4897);
#4446=PLANE('',#4898);
#4447=PLANE('',#4899);
#4448=PLANE('',#4900);
#4449=PLANE('',#4901);
#4450=PLANE('',#4902);
#4451=PLANE('',#4903);
#4452=PLANE('',#4904);
#4453=PLANE('',#4905);
#4454=PLANE('',#4906);
#4455=PLANE('',#4907);
#4456=PLANE('',#4908);
#4457=PLANE('',#4909);
#4458=PLANE('',#4910);
#4459=PLANE('',#4911);
#4460=PLANE('',#4912);
#4461=PLANE('',#4913);
#4462=PLANE('',#4914);
#4463=PLANE('',#4915);
#4464=PLANE('',#4916);
#4465=PLANE('',#4917);
#4466=PLANE('',#4918);
#4467=PLANE('',#4919);
#4468=PLANE('',#4920);
#4469=PLANE('',#4921);
#4470=PLANE('',#4922);
#4471=PLANE('',#4923);
#4472=PLANE('',#4924);
#4473=PLANE('',#4925);
#4474=PLANE('',#4926);
#4475=PLANE('',#4927);
#4476=PLANE('',#4928);
#4477=PLANE('',#4929);
#4478=PLANE('',#4930);
#4479=PLANE('',#4931);
#4480=PLANE('',#4932);
#4481=PLANE('',#4933);
#4482=PLANE('',#4934);
#4483=PLANE('',#4935);
#4484=PLANE('',#4936);
#4485=PLANE('',#4937);
#4486=PLANE('',#4938);
#4487=PLANE('',#4939);
#4488=PLANE('',#4940);
#4489=PLANE('',#4941);
#4490=PLANE('',#4942);
#4491=PLANE('',#4943);
#4492=PLANE('',#4944);
#4493=PLANE('',#4945);
#4494=PLANE('',#4946);
#4495=PLANE('',#4947);
#4496=PLANE('',#4948);
#4497=PLANE('',#4949);
#4498=PLANE('',#4950);
#4499=PLANE('',#4951);
#4500=PLANE('',#4952);
#4501=PLANE('',#4953);
#4502=PLANE('',#4954);
#4503=PLANE('',#4955);
#4504=PLANE('',#4956);
#4505=PLANE('',#4957);
#4506=PLANE('',#4958);
#4507=PLANE('',#4959);
#4508=PLANE('',#4960);
#4509=PLANE('',#4961);
#4510=PLANE('',#4962);
#4511=PLANE('',#4963);
#4512=PLANE('',#4964);
#4513=PLANE('',#4965);
#4514=PLANE('',#4966);
#4515=PLANE('',#4967);
#4516=PLANE('',#4968);
#4517=PLANE('',#4969);
#4518=PLANE('',#4970);
#4519=PLANE('',#4971);
#4520=PLANE('',#4972);
#4521=PLANE('',#4973);
#4522=PLANE('',#4974);
#4523=PLANE('',#4975);
#4524=PLANE('',#4976);
#4525=PLANE('',#4977);
#4526=PLANE('',#4978);
#4527=PLANE('',#4979);
#4528=PLANE('',#4980);
#4529=PLANE('',#4981);
#4530=PLANE('',#4982);
#4531=PLANE('',#4983);
#4532=PLANE('',#4984);
#4533=PLANE('',#4985);
#4534=PLANE('',#4986);
#4535=PLANE('',#4987);
#4536=PLANE('',#4988);
#4537=PLANE('',#4989);
#4538=PLANE('',#4990);
#4539=PLANE('',#4991);
#4540=PLANE('',#4992);
#4541=PLANE('',#4993);
#4542=PLANE('',#4994);
#4543=PLANE('',#4995);
#4544=PLANE('',#4996);
#4545=PLANE('',#4997);
#4546=PLANE('',#4998);
#4547=PLANE('',#4999);
#4548=PLANE('',#5000);
#4549=PLANE('',#5001);
#4550=PLANE('',#5002);
#4551=PLANE('',#5006);
#4552=PLANE('',#5007);
#4553=PLANE('',#5011);
#4554=PLANE('',#5012);
#4555=PLANE('',#5016);
#4556=PLANE('',#5017);
#4557=PLANE('',#5018);
#4558=PLANE('',#5019);
#4559=PLANE('',#5026);
#4560=PLANE('',#5027);
#4561=PLANE('',#5031);
#4562=PLANE('',#5032);
#4563=PLANE('',#5050);
#4564=PLANE('',#5053);
#4565=PLANE('',#5088);
#4566=PLANE('',#5089);
#4567=ADVANCED_FACE('',(#449),#4425,.T.);
#4568=ADVANCED_FACE('',(#450),#422,.F.);
#4569=ADVANCED_FACE('',(#451),#4426,.T.);
#4570=ADVANCED_FACE('',(#452),#4427,.T.);
#4571=ADVANCED_FACE('',(#453),#4428,.T.);
#4572=ADVANCED_FACE('',(#454),#423,.T.);
#4573=ADVANCED_FACE('',(#455),#4429,.T.);
#4574=ADVANCED_FACE('',(#456),#4430,.T.);
#4575=ADVANCED_FACE('',(#457),#4431,.T.);
#4576=ADVANCED_FACE('',(#458),#424,.T.);
#4577=ADVANCED_FACE('',(#459),#4432,.T.);
#4578=ADVANCED_FACE('',(#460),#4433,.T.);
#4579=ADVANCED_FACE('',(#461),#4434,.T.);
#4580=ADVANCED_FACE('',(#462),#425,.T.);
#4581=ADVANCED_FACE('',(#463),#4435,.T.);
#4582=ADVANCED_FACE('',(#464),#4436,.T.);
#4583=ADVANCED_FACE('',(#465),#4437,.T.);
#4584=ADVANCED_FACE('',(#466),#4438,.F.);
#4585=ADVANCED_FACE('',(#467),#426,.F.);
#4586=ADVANCED_FACE('',(#468),#4439,.T.);
#4587=ADVANCED_FACE('',(#469),#427,.T.);
#4588=ADVANCED_FACE('',(#470,#293),#4440,.T.);
#4589=ADVANCED_FACE('',(#471,#294),#4441,.F.);
#4590=ADVANCED_FACE('',(#472),#4442,.T.);
#4591=ADVANCED_FACE('',(#473),#204,.T.);
#4592=ADVANCED_FACE('',(#474),#205,.T.);
#4593=ADVANCED_FACE('',(#475),#206,.T.);
#4594=ADVANCED_FACE('',(#476),#207,.T.);
#4595=ADVANCED_FACE('',(#477),#208,.T.);
#4596=ADVANCED_FACE('',(#478),#209,.T.);
#4597=ADVANCED_FACE('',(#479),#4443,.T.);
#4598=ADVANCED_FACE('',(#480),#4444,.T.);
#4599=ADVANCED_FACE('',(#481),#4445,.T.);
#4600=ADVANCED_FACE('',(#482),#4446,.T.);
#4601=ADVANCED_FACE('',(#483),#210,.T.);
#4602=ADVANCED_FACE('',(#484),#211,.T.);
#4603=ADVANCED_FACE('',(#485),#212,.T.);
#4604=ADVANCED_FACE('',(#486),#213,.T.);
#4605=ADVANCED_FACE('',(#487),#214,.T.);
#4606=ADVANCED_FACE('',(#488),#215,.T.);
#4607=ADVANCED_FACE('',(#489),#216,.T.);
#4608=ADVANCED_FACE('',(#490),#4447,.T.);
#4609=ADVANCED_FACE('',(#491),#4448,.T.);
#4610=ADVANCED_FACE('',(#492),#4449,.T.);
#4611=ADVANCED_FACE('',(#493),#217,.T.);
#4612=ADVANCED_FACE('',(#494),#218,.T.);
#4613=ADVANCED_FACE('',(#495),#219,.T.);
#4614=ADVANCED_FACE('',(#496),#4450,.T.);
#4615=ADVANCED_FACE('',(#497),#4451,.T.);
#4616=ADVANCED_FACE('',(#498),#4452,.T.);
#4617=ADVANCED_FACE('',(#499,#295),#4453,.T.);
#4618=ADVANCED_FACE('',(#500,#296),#4454,.F.);
#4619=ADVANCED_FACE('',(#501),#4455,.T.);
#4620=ADVANCED_FACE('',(#502),#220,.T.);
#4621=ADVANCED_FACE('',(#503),#221,.T.);
#4622=ADVANCED_FACE('',(#504),#222,.T.);
#4623=ADVANCED_FACE('',(#505),#223,.T.);
#4624=ADVANCED_FACE('',(#506),#224,.T.);
#4625=ADVANCED_FACE('',(#507),#225,.T.);
#4626=ADVANCED_FACE('',(#508),#226,.T.);
#4627=ADVANCED_FACE('',(#509),#227,.T.);
#4628=ADVANCED_FACE('',(#510),#228,.T.);
#4629=ADVANCED_FACE('',(#511),#229,.T.);
#4630=ADVANCED_FACE('',(#512),#230,.T.);
#4631=ADVANCED_FACE('',(#513),#231,.T.);
#4632=ADVANCED_FACE('',(#514),#232,.T.);
#4633=ADVANCED_FACE('',(#515),#233,.T.);
#4634=ADVANCED_FACE('',(#516),#4456,.T.);
#4635=ADVANCED_FACE('',(#517),#234,.T.);
#4636=ADVANCED_FACE('',(#518),#235,.T.);
#4637=ADVANCED_FACE('',(#519),#236,.T.);
#4638=ADVANCED_FACE('',(#520),#237,.T.);
#4639=ADVANCED_FACE('',(#521),#238,.T.);
#4640=ADVANCED_FACE('',(#522),#239,.T.);
#4641=ADVANCED_FACE('',(#523),#240,.T.);
#4642=ADVANCED_FACE('',(#524),#241,.T.);
#4643=ADVANCED_FACE('',(#525),#242,.T.);
#4644=ADVANCED_FACE('',(#526),#243,.T.);
#4645=ADVANCED_FACE('',(#527),#244,.T.);
#4646=ADVANCED_FACE('',(#528),#245,.T.);
#4647=ADVANCED_FACE('',(#529),#246,.T.);
#4648=ADVANCED_FACE('',(#530),#247,.T.);
#4649=ADVANCED_FACE('',(#531),#4457,.T.);
#4650=ADVANCED_FACE('',(#532),#4458,.F.);
#4651=ADVANCED_FACE('',(#533),#4459,.T.);
#4652=ADVANCED_FACE('',(#534),#248,.T.);
#4653=ADVANCED_FACE('',(#535),#249,.T.);
#4654=ADVANCED_FACE('',(#536),#250,.T.);
#4655=ADVANCED_FACE('',(#537),#251,.T.);
#4656=ADVANCED_FACE('',(#538),#252,.T.);
#4657=ADVANCED_FACE('',(#539),#253,.T.);
#4658=ADVANCED_FACE('',(#540),#4460,.T.);
#4659=ADVANCED_FACE('',(#541),#4461,.T.);
#4660=ADVANCED_FACE('',(#542),#4462,.T.);
#4661=ADVANCED_FACE('',(#543),#4463,.T.);
#4662=ADVANCED_FACE('',(#544),#254,.T.);
#4663=ADVANCED_FACE('',(#545),#255,.T.);
#4664=ADVANCED_FACE('',(#546),#256,.T.);
#4665=ADVANCED_FACE('',(#547),#257,.T.);
#4666=ADVANCED_FACE('',(#548),#258,.T.);
#4667=ADVANCED_FACE('',(#549),#259,.T.);
#4668=ADVANCED_FACE('',(#550),#260,.T.);
#4669=ADVANCED_FACE('',(#551),#4464,.T.);
#4670=ADVANCED_FACE('',(#552),#4465,.T.);
#4671=ADVANCED_FACE('',(#553),#4466,.T.);
#4672=ADVANCED_FACE('',(#554),#261,.T.);
#4673=ADVANCED_FACE('',(#555),#262,.T.);
#4674=ADVANCED_FACE('',(#556),#263,.T.);
#4675=ADVANCED_FACE('',(#557),#4467,.T.);
#4676=ADVANCED_FACE('',(#558),#4468,.T.);
#4677=ADVANCED_FACE('',(#559),#4469,.T.);
#4678=ADVANCED_FACE('',(#560,#297),#4470,.T.);
#4679=ADVANCED_FACE('',(#561,#298),#4471,.F.);
#4680=ADVANCED_FACE('',(#562),#4472,.T.);
#4681=ADVANCED_FACE('',(#563),#4473,.T.);
#4682=ADVANCED_FACE('',(#564),#4474,.T.);
#4683=ADVANCED_FACE('',(#565),#4475,.T.);
#4684=ADVANCED_FACE('',(#566),#4476,.T.);
#4685=ADVANCED_FACE('',(#567),#4477,.T.);
#4686=ADVANCED_FACE('',(#568),#4478,.T.);
#4687=ADVANCED_FACE('',(#569),#4479,.T.);
#4688=ADVANCED_FACE('',(#570),#4480,.T.);
#4689=ADVANCED_FACE('',(#571),#4481,.F.);
#4690=ADVANCED_FACE('',(#572),#4482,.T.);
#4691=ADVANCED_FACE('',(#573),#4483,.T.);
#4692=ADVANCED_FACE('',(#574),#4484,.T.);
#4693=ADVANCED_FACE('',(#575),#4485,.T.);
#4694=ADVANCED_FACE('',(#576),#4486,.T.);
#4695=ADVANCED_FACE('',(#577),#4487,.T.);
#4696=ADVANCED_FACE('',(#578),#4488,.T.);
#4697=ADVANCED_FACE('',(#579),#4489,.T.);
#4698=ADVANCED_FACE('',(#580),#4490,.T.);
#4699=ADVANCED_FACE('',(#581),#4491,.T.);
#4700=ADVANCED_FACE('',(#582),#4492,.T.);
#4701=ADVANCED_FACE('',(#583),#4493,.T.);
#4702=ADVANCED_FACE('',(#584),#4494,.T.);
#4703=ADVANCED_FACE('',(#585),#4495,.T.);
#4704=ADVANCED_FACE('',(#586),#4496,.F.);
#4705=ADVANCED_FACE('',(#587),#4497,.T.);
#4706=ADVANCED_FACE('',(#588),#4498,.T.);
#4707=ADVANCED_FACE('',(#589),#4499,.T.);
#4708=ADVANCED_FACE('',(#590),#4500,.T.);
#4709=ADVANCED_FACE('',(#591),#4501,.T.);
#4710=ADVANCED_FACE('',(#592),#4502,.F.);
#4711=ADVANCED_FACE('',(#593),#4503,.T.);
#4712=ADVANCED_FACE('',(#594),#264,.T.);
#4713=ADVANCED_FACE('',(#595),#265,.T.);
#4714=ADVANCED_FACE('',(#596),#266,.T.);
#4715=ADVANCED_FACE('',(#597),#267,.T.);
#4716=ADVANCED_FACE('',(#598),#268,.T.);
#4717=ADVANCED_FACE('',(#599),#269,.T.);
#4718=ADVANCED_FACE('',(#600),#4504,.T.);
#4719=ADVANCED_FACE('',(#601),#4505,.T.);
#4720=ADVANCED_FACE('',(#602),#4506,.T.);
#4721=ADVANCED_FACE('',(#603),#4507,.T.);
#4722=ADVANCED_FACE('',(#604),#270,.T.);
#4723=ADVANCED_FACE('',(#605),#271,.T.);
#4724=ADVANCED_FACE('',(#606),#272,.T.);
#4725=ADVANCED_FACE('',(#607),#273,.T.);
#4726=ADVANCED_FACE('',(#608),#274,.T.);
#4727=ADVANCED_FACE('',(#609),#275,.T.);
#4728=ADVANCED_FACE('',(#610),#276,.T.);
#4729=ADVANCED_FACE('',(#611),#4508,.T.);
#4730=ADVANCED_FACE('',(#612),#4509,.T.);
#4731=ADVANCED_FACE('',(#613),#4510,.T.);
#4732=ADVANCED_FACE('',(#614),#277,.T.);
#4733=ADVANCED_FACE('',(#615),#278,.T.);
#4734=ADVANCED_FACE('',(#616),#279,.T.);
#4735=ADVANCED_FACE('',(#617),#4511,.T.);
#4736=ADVANCED_FACE('',(#618),#4512,.T.);
#4737=ADVANCED_FACE('',(#619),#4513,.T.);
#4738=ADVANCED_FACE('',(#620,#299),#4514,.T.);
#4739=ADVANCED_FACE('',(#621,#300),#4515,.F.);
#4740=ADVANCED_FACE('',(#622),#4516,.T.);
#4741=ADVANCED_FACE('',(#623),#4517,.T.);
#4742=ADVANCED_FACE('',(#624),#4518,.T.);
#4743=ADVANCED_FACE('',(#625),#4519,.T.);
#4744=ADVANCED_FACE('',(#626),#4520,.T.);
#4745=ADVANCED_FACE('',(#627),#4521,.T.);
#4746=ADVANCED_FACE('',(#628),#4522,.T.);
#4747=ADVANCED_FACE('',(#629),#4523,.T.);
#4748=ADVANCED_FACE('',(#630),#4524,.T.);
#4749=ADVANCED_FACE('',(#631),#4525,.T.);
#4750=ADVANCED_FACE('',(#632),#4526,.T.);
#4751=ADVANCED_FACE('',(#633),#4527,.T.);
#4752=ADVANCED_FACE('',(#634),#4528,.T.);
#4753=ADVANCED_FACE('',(#635),#4529,.T.);
#4754=ADVANCED_FACE('',(#636),#4530,.F.);
#4755=ADVANCED_FACE('',(#637),#4531,.T.);
#4756=ADVANCED_FACE('',(#638),#4532,.T.);
#4757=ADVANCED_FACE('',(#639),#280,.T.);
#4758=ADVANCED_FACE('',(#640),#281,.T.);
#4759=ADVANCED_FACE('',(#641),#282,.T.);
#4760=ADVANCED_FACE('',(#642),#283,.T.);
#4761=ADVANCED_FACE('',(#643),#284,.T.);
#4762=ADVANCED_FACE('',(#644),#285,.T.);
#4763=ADVANCED_FACE('',(#645),#4533,.T.);
#4764=ADVANCED_FACE('',(#646),#4534,.T.);
#4765=ADVANCED_FACE('',(#647),#4535,.T.);
#4766=ADVANCED_FACE('',(#648),#286,.T.);
#4767=ADVANCED_FACE('',(#649),#287,.T.);
#4768=ADVANCED_FACE('',(#650),#288,.T.);
#4769=ADVANCED_FACE('',(#651),#289,.T.);
#4770=ADVANCED_FACE('',(#652),#290,.T.);
#4771=ADVANCED_FACE('',(#653),#291,.T.);
#4772=ADVANCED_FACE('',(#654),#292,.T.);
#4773=ADVANCED_FACE('',(#655),#4536,.T.);
#4774=ADVANCED_FACE('',(#656),#4537,.T.);
#4775=ADVANCED_FACE('',(#657),#4538,.T.);
#4776=ADVANCED_FACE('',(#658,#301),#4539,.T.);
#4777=ADVANCED_FACE('',(#659,#302),#4540,.F.);
#4778=ADVANCED_FACE('',(#660),#4541,.T.);
#4779=ADVANCED_FACE('',(#661),#4542,.T.);
#4780=ADVANCED_FACE('',(#662),#4543,.T.);
#4781=ADVANCED_FACE('',(#663),#4544,.T.);
#4782=ADVANCED_FACE('',(#664),#4545,.T.);
#4783=ADVANCED_FACE('',(#665),#4546,.T.);
#4784=ADVANCED_FACE('',(#666),#4547,.T.);
#4785=ADVANCED_FACE('',(#667),#4548,.T.);
#4786=ADVANCED_FACE('',(#668),#4549,.T.);
#4787=ADVANCED_FACE('',(#669),#4550,.F.);
#4788=ADVANCED_FACE('',(#670),#428,.T.);
#4789=ADVANCED_FACE('',(#671),#4551,.T.);
#4790=ADVANCED_FACE('',(#672),#4552,.F.);
#4791=ADVANCED_FACE('',(#673),#429,.F.);
#4792=ADVANCED_FACE('',(#674),#4553,.T.);
#4793=ADVANCED_FACE('',(#675),#4554,.T.);
#4794=ADVANCED_FACE('',(#676),#430,.T.);
#4795=ADVANCED_FACE('',(#677,#303),#4555,.T.);
#4796=ADVANCED_FACE('',(#678,#304),#4556,.F.);
#4797=ADVANCED_FACE('',(#679),#4557,.T.);
#4798=ADVANCED_FACE('',(#680),#4558,.T.);
#4799=ADVANCED_FACE('',(#681),#431,.F.);
#4800=ADVANCED_FACE('',(#682),#432,.T.);
#4801=ADVANCED_FACE('',(#683,#305),#4559,.T.);
#4802=ADVANCED_FACE('',(#684,#306),#4560,.F.);
#4803=ADVANCED_FACE('',(#685),#433,.T.);
#4804=ADVANCED_FACE('',(#686),#4561,.T.);
#4805=ADVANCED_FACE('',(#687,#307,#308,#309,#310,#311,#312,#313,#314,#315,
#316,#317,#318),#4562,.T.);
#4806=ADVANCED_FACE('',(#688),#434,.T.);
#4807=ADVANCED_FACE('',(#689),#4563,.T.);
#4808=ADVANCED_FACE('',(#690),#435,.T.);
#4809=ADVANCED_FACE('',(#691),#4564,.T.);
#4810=ADVANCED_FACE('',(#692),#436,.T.);
#4811=ADVANCED_FACE('',(#693),#18,.F.);
#4812=ADVANCED_FACE('',(#694),#437,.F.);
#4813=ADVANCED_FACE('',(#695),#19,.F.);
#4814=ADVANCED_FACE('',(#696),#438,.F.);
#4815=ADVANCED_FACE('',(#697),#20,.F.);
#4816=ADVANCED_FACE('',(#698),#439,.F.);
#4817=ADVANCED_FACE('',(#699),#21,.F.);
#4818=ADVANCED_FACE('',(#700),#440,.F.);
#4819=ADVANCED_FACE('',(#701),#441,.F.);
#4820=ADVANCED_FACE('',(#702),#442,.F.);
#4821=ADVANCED_FACE('',(#703),#443,.F.);
#4822=ADVANCED_FACE('',(#704),#444,.F.);
#4823=ADVANCED_FACE('',(#705),#445,.F.);
#4824=ADVANCED_FACE('',(#706),#446,.F.);
#4825=ADVANCED_FACE('',(#707),#447,.F.);
#4826=ADVANCED_FACE('',(#708),#448,.F.);
#4827=ADVANCED_FACE('',(#709),#4565,.T.);
#4828=ADVANCED_FACE('',(#710,#319,#320,#321,#322,#323,#324,#325,#326,#327,
#328,#329,#330),#4566,.F.);
#4829=CLOSED_SHELL('',(#4567,#4568,#4569,#4570,#4571,#4572,#4573,#4574,
#4575,#4576,#4577,#4578,#4579,#4580,#4581,#4582,#4583,#4584));
#4830=CLOSED_SHELL('',(#4585,#4586,#4587,#4588,#4589));
#4831=CLOSED_SHELL('',(#4590,#4591,#4592,#4593,#4594,#4595,#4596,#4597,
#4598,#4599,#4600,#4601,#4602,#4603,#4604,#4605,#4606,#4607,#4608,#4609,
#4610,#4611,#4612,#4613,#4614,#4615,#4616,#4617,#4618));
#4832=CLOSED_SHELL('',(#4619,#4620,#4621,#4622,#4623,#4624,#4625,#4626,
#4627,#4628,#4629,#4630,#4631,#4632,#4633,#4634,#4635,#4636,#4637,#4638,
#4639,#4640,#4641,#4642,#4643,#4644,#4645,#4646,#4647,#4648,#4649,#4650));
#4833=CLOSED_SHELL('',(#4651,#4652,#4653,#4654,#4655,#4656,#4657,#4658,
#4659,#4660,#4661,#4662,#4663,#4664,#4665,#4666,#4667,#4668,#4669,#4670,
#4671,#4672,#4673,#4674,#4675,#4676,#4677,#4678,#4679));
#4834=CLOSED_SHELL('',(#4680,#4681,#4682,#4683,#4684,#4685,#4686,#4687,
#4688,#4689));
#4835=CLOSED_SHELL('',(#4690,#4691,#4692,#4693,#4694,#4695,#4696,#4697,
#4698,#4699,#4700,#4701,#4702,#4703,#4704));
#4836=CLOSED_SHELL('',(#4705,#4706,#4707,#4708,#4709,#4710));
#4837=CLOSED_SHELL('',(#4711,#4712,#4713,#4714,#4715,#4716,#4717,#4718,
#4719,#4720,#4721,#4722,#4723,#4724,#4725,#4726,#4727,#4728,#4729,#4730,
#4731,#4732,#4733,#4734,#4735,#4736,#4737,#4738,#4739));
#4838=CLOSED_SHELL('',(#4740,#4741,#4742,#4743,#4744,#4745,#4746,#4747,
#4748,#4749,#4750,#4751,#4752,#4753,#4754));
#4839=CLOSED_SHELL('',(#4755,#4756,#4757,#4758,#4759,#4760,#4761,#4762,
#4763,#4764,#4765,#4766,#4767,#4768,#4769,#4770,#4771,#4772,#4773,#4774,
#4775,#4776,#4777));
#4840=CLOSED_SHELL('',(#4778,#4779,#4780,#4781,#4782,#4783,#4784,#4785,
#4786,#4787));
#4841=CLOSED_SHELL('',(#4788,#4789,#4790));
#4842=CLOSED_SHELL('',(#4791,#4792,#4793,#4794,#4795,#4796));
#4843=CLOSED_SHELL('',(#4797,#4798,#4799,#4800,#4801,#4802));
#4844=CLOSED_SHELL('',(#4803,#4804,#4805,#4806,#4807,#4808,#4809,#4810,
#4811,#4812,#4813,#4814,#4815,#4816,#4817,#4818,#4819,#4820,#4821,#4822,
#4823,#4824,#4825,#4826,#4827,#4828));
#4845=DERIVED_UNIT_ELEMENT(#4847,1.);
#4846=DERIVED_UNIT_ELEMENT(#8940,3.);
#4847=(
MASS_UNIT()
NAMED_UNIT(*)
SI_UNIT(.KILO.,.GRAM.)
);
#4848=DERIVED_UNIT((#4845,#4846));
#4849=MEASURE_REPRESENTATION_ITEM('density measure',
POSITIVE_RATIO_MEASURE(7850.),#4848);
#4850=PROPERTY_DEFINITION_REPRESENTATION(#4855,#4852);
#4851=PROPERTY_DEFINITION_REPRESENTATION(#4856,#4853);
#4852=REPRESENTATION('material name',(#4854),#8937);
#4853=REPRESENTATION('density',(#4849),#8937);
#4854=DESCRIPTIVE_REPRESENTATION_ITEM('Steel','Steel');
#4855=PROPERTY_DEFINITION('material property','material name',#8952);
#4856=PROPERTY_DEFINITION('material property','density of part',#8952);
#4857=AXIS2_PLACEMENT_3D('placement',#6012,#5092,#5093);
#4858=AXIS2_PLACEMENT_3D('placement',#6013,#5094,#5095);
#4859=AXIS2_PLACEMENT_3D('',#6014,#5096,#5097);
#4860=AXIS2_PLACEMENT_3D('',#6023,#5102,#5103);
#4861=AXIS2_PLACEMENT_3D('',#6025,#5104,#5105);
#4862=AXIS2_PLACEMENT_3D('',#6027,#5106,#5107);
#4863=AXIS2_PLACEMENT_3D('',#6029,#5109,#5110);
#4864=AXIS2_PLACEMENT_3D('',#6035,#5114,#5115);
#4865=AXIS2_PLACEMENT_3D('',#6041,#5119,#5120);
#4866=AXIS2_PLACEMENT_3D('',#6047,#5124,#5125);
#4867=AXIS2_PLACEMENT_3D('',#6049,#5126,#5127);
#4868=AXIS2_PLACEMENT_3D('',#6051,#5128,#5129);
#4869=AXIS2_PLACEMENT_3D('',#6053,#5131,#5132);
#4870=AXIS2_PLACEMENT_3D('',#6059,#5136,#5137);
#4871=AXIS2_PLACEMENT_3D('',#6065,#5141,#5142);
#4872=AXIS2_PLACEMENT_3D('',#6071,#5146,#5147);
#4873=AXIS2_PLACEMENT_3D('',#6073,#5148,#5149);
#4874=AXIS2_PLACEMENT_3D('',#6075,#5150,#5151);
#4875=AXIS2_PLACEMENT_3D('',#6077,#5153,#5154);
#4876=AXIS2_PLACEMENT_3D('',#6083,#5158,#5159);
#4877=AXIS2_PLACEMENT_3D('',#6089,#5163,#5164);
#4878=AXIS2_PLACEMENT_3D('',#6095,#5168,#5169);
#4879=AXIS2_PLACEMENT_3D('',#6097,#5170,#5171);
#4880=AXIS2_PLACEMENT_3D('',#6099,#5172,#5173);
#4881=AXIS2_PLACEMENT_3D('',#6101,#5175,#5176);
#4882=AXIS2_PLACEMENT_3D('',#6107,#5180,#5181);
#4883=AXIS2_PLACEMENT_3D('',#6110,#5184,#5185);
#4884=AXIS2_PLACEMENT_3D('',#6111,#5186,#5187);
#4885=AXIS2_PLACEMENT_3D('',#6112,#5188,#5189);
#4886=AXIS2_PLACEMENT_3D('',#6115,#5190,#5191);
#4887=AXIS2_PLACEMENT_3D('',#6119,#5193,#5194);
#4888=AXIS2_PLACEMENT_3D('',#6121,#5196,#5197);
#4889=AXIS2_PLACEMENT_3D('',#6124,#5200,#5201);
#4890=AXIS2_PLACEMENT_3D('',#6126,#5202,#5203);
#4891=AXIS2_PLACEMENT_3D('',#6129,#5205,#5206);
#4892=AXIS2_PLACEMENT_3D('',#6130,#5207,#5208);
#4893=AXIS2_PLACEMENT_3D('',#6131,#5209,#5210);
#4894=AXIS2_PLACEMENT_3D('',#6132,#5211,#5212);
#4895=AXIS2_PLACEMENT_3D('',#6279,#5223,#5224);
#4896=AXIS2_PLACEMENT_3D('',#6285,#5228,#5229);
#4897=AXIS2_PLACEMENT_3D('',#6288,#5232,#5233);
#4898=AXIS2_PLACEMENT_3D('',#6297,#5238,#5239);
#4899=AXIS2_PLACEMENT_3D('',#6464,#5250,#5251);
#4900=AXIS2_PLACEMENT_3D('',#6470,#5255,#5256);
#4901=AXIS2_PLACEMENT_3D('',#6476,#5260,#5261);
#4902=AXIS2_PLACEMENT_3D('',#6551,#5268,#5269);
#4903=AXIS2_PLACEMENT_3D('',#6557,#5273,#5274);
#4904=AXIS2_PLACEMENT_3D('',#6563,#5278,#5279);
#4905=AXIS2_PLACEMENT_3D('',#6566,#5282,#5283);
#4906=AXIS2_PLACEMENT_3D('',#6567,#5284,#5285);
#4907=AXIS2_PLACEMENT_3D('',#6568,#5286,#5287);
#4908=AXIS2_PLACEMENT_3D('',#6899,#5306,#5307);
#4909=AXIS2_PLACEMENT_3D('',#7224,#5324,#5325);
#4910=AXIS2_PLACEMENT_3D('',#7225,#5326,#5327);
#4911=AXIS2_PLACEMENT_3D('',#7226,#5328,#5329);
#4912=AXIS2_PLACEMENT_3D('',#7373,#5340,#5341);
#4913=AXIS2_PLACEMENT_3D('',#7379,#5345,#5346);
#4914=AXIS2_PLACEMENT_3D('',#7382,#5349,#5350);
#4915=AXIS2_PLACEMENT_3D('',#7391,#5355,#5356);
#4916=AXIS2_PLACEMENT_3D('',#7558,#5367,#5368);
#4917=AXIS2_PLACEMENT_3D('',#7564,#5372,#5373);
#4918=AXIS2_PLACEMENT_3D('',#7570,#5377,#5378);
#4919=AXIS2_PLACEMENT_3D('',#7645,#5385,#5386);
#4920=AXIS2_PLACEMENT_3D('',#7651,#5390,#5391);
#4921=AXIS2_PLACEMENT_3D('',#7657,#5395,#5396);
#4922=AXIS2_PLACEMENT_3D('',#7660,#5399,#5400);
#4923=AXIS2_PLACEMENT_3D('',#7661,#5401,#5402);
#4924=AXIS2_PLACEMENT_3D('',#7662,#5403,#5404);
#4925=AXIS2_PLACEMENT_3D('',#7671,#5409,#5410);
#4926=AXIS2_PLACEMENT_3D('',#7677,#5414,#5415);
#4927=AXIS2_PLACEMENT_3D('',#7683,#5419,#5420);
#4928=AXIS2_PLACEMENT_3D('',#7689,#5424,#5425);
#4929=AXIS2_PLACEMENT_3D('',#7695,#5429,#5430);
#4930=AXIS2_PLACEMENT_3D('',#7701,#5434,#5435);
#4931=AXIS2_PLACEMENT_3D('',#7707,#5439,#5440);
#4932=AXIS2_PLACEMENT_3D('',#7710,#5443,#5444);
#4933=AXIS2_PLACEMENT_3D('',#7711,#5445,#5446);
#4934=AXIS2_PLACEMENT_3D('',#7712,#5447,#5448);
#4935=AXIS2_PLACEMENT_3D('',#7721,#5453,#5454);
#4936=AXIS2_PLACEMENT_3D('',#7727,#5458,#5459);
#4937=AXIS2_PLACEMENT_3D('',#7733,#5463,#5464);
#4938=AXIS2_PLACEMENT_3D('',#7739,#5468,#5469);
#4939=AXIS2_PLACEMENT_3D('',#7745,#5473,#5474);
#4940=AXIS2_PLACEMENT_3D('',#7751,#5478,#5479);
#4941=AXIS2_PLACEMENT_3D('',#7757,#5483,#5484);
#4942=AXIS2_PLACEMENT_3D('',#7763,#5488,#5489);
#4943=AXIS2_PLACEMENT_3D('',#7769,#5493,#5494);
#4944=AXIS2_PLACEMENT_3D('',#7775,#5498,#5499);
#4945=AXIS2_PLACEMENT_3D('',#7781,#5503,#5504);
#4946=AXIS2_PLACEMENT_3D('',#7787,#5508,#5509);
#4947=AXIS2_PLACEMENT_3D('',#7790,#5512,#5513);
#4948=AXIS2_PLACEMENT_3D('',#7791,#5514,#5515);
#4949=AXIS2_PLACEMENT_3D('',#7792,#5516,#5517);
#4950=AXIS2_PLACEMENT_3D('',#7801,#5522,#5523);
#4951=AXIS2_PLACEMENT_3D('',#7807,#5527,#5528);
#4952=AXIS2_PLACEMENT_3D('',#7813,#5532,#5533);
#4953=AXIS2_PLACEMENT_3D('',#7816,#5536,#5537);
#4954=AXIS2_PLACEMENT_3D('',#7817,#5538,#5539);
#4955=AXIS2_PLACEMENT_3D('',#7818,#5540,#5541);
#4956=AXIS2_PLACEMENT_3D('',#7965,#5552,#5553);
#4957=AXIS2_PLACEMENT_3D('',#7971,#5557,#5558);
#4958=AXIS2_PLACEMENT_3D('',#7974,#5561,#5562);
#4959=AXIS2_PLACEMENT_3D('',#7983,#5567,#5568);
#4960=AXIS2_PLACEMENT_3D('',#8150,#5579,#5580);
#4961=AXIS2_PLACEMENT_3D('',#8156,#5584,#5585);
#4962=AXIS2_PLACEMENT_3D('',#8162,#5589,#5590);
#4963=AXIS2_PLACEMENT_3D('',#8237,#5597,#5598);
#4964=AXIS2_PLACEMENT_3D('',#8243,#5602,#5603);
#4965=AXIS2_PLACEMENT_3D('',#8249,#5607,#5608);
#4966=AXIS2_PLACEMENT_3D('',#8252,#5611,#5612);
#4967=AXIS2_PLACEMENT_3D('',#8253,#5613,#5614);
#4968=AXIS2_PLACEMENT_3D('',#8254,#5615,#5616);
#4969=AXIS2_PLACEMENT_3D('',#8263,#5621,#5622);
#4970=AXIS2_PLACEMENT_3D('',#8269,#5626,#5627);
#4971=AXIS2_PLACEMENT_3D('',#8275,#5631,#5632);
#4972=AXIS2_PLACEMENT_3D('',#8281,#5636,#5637);
#4973=AXIS2_PLACEMENT_3D('',#8287,#5641,#5642);
#4974=AXIS2_PLACEMENT_3D('',#8293,#5646,#5647);
#4975=AXIS2_PLACEMENT_3D('',#8299,#5651,#5652);
#4976=AXIS2_PLACEMENT_3D('',#8305,#5656,#5657);
#4977=AXIS2_PLACEMENT_3D('',#8311,#5661,#5662);
#4978=AXIS2_PLACEMENT_3D('',#8317,#5666,#5667);
#4979=AXIS2_PLACEMENT_3D('',#8323,#5671,#5672);
#4980=AXIS2_PLACEMENT_3D('',#8329,#5676,#5677);
#4981=AXIS2_PLACEMENT_3D('',#8332,#5680,#5681);
#4982=AXIS2_PLACEMENT_3D('',#8333,#5682,#5683);
#4983=AXIS2_PLACEMENT_3D('',#8334,#5684,#5685);
#4984=AXIS2_PLACEMENT_3D('',#8343,#5690,#5691);
#4985=AXIS2_PLACEMENT_3D('',#8487,#5701,#5702);
#4986=AXIS2_PLACEMENT_3D('',#8490,#5705,#5706);
#4987=AXIS2_PLACEMENT_3D('',#8499,#5711,#5712);
#4988=AXIS2_PLACEMENT_3D('',#8666,#5723,#5724);
#4989=AXIS2_PLACEMENT_3D('',#8672,#5728,#5729);
#4990=AXIS2_PLACEMENT_3D('',#8678,#5733,#5734);
#4991=AXIS2_PLACEMENT_3D('',#8681,#5737,#5738);
#4992=AXIS2_PLACEMENT_3D('',#8682,#5739,#5740);
#4993=AXIS2_PLACEMENT_3D('',#8683,#5741,#5742);
#4994=AXIS2_PLACEMENT_3D('',#8692,#5747,#5748);
#4995=AXIS2_PLACEMENT_3D('',#8698,#5752,#5753);
#4996=AXIS2_PLACEMENT_3D('',#8704,#5757,#5758);
#4997=AXIS2_PLACEMENT_3D('',#8710,#5762,#5763);
#4998=AXIS2_PLACEMENT_3D('',#8716,#5767,#5768);
#4999=AXIS2_PLACEMENT_3D('',#8722,#5772,#5773);
#5000=AXIS2_PLACEMENT_3D('',#8728,#5777,#5778);
#5001=AXIS2_PLACEMENT_3D('',#8731,#5781,#5782);
#5002=AXIS2_PLACEMENT_3D('',#8732,#5783,#5784);
#5003=AXIS2_PLACEMENT_3D('',#8733,#5785,#5786);
#5004=AXIS2_PLACEMENT_3D('',#8735,#5787,#5788);
#5005=AXIS2_PLACEMENT_3D('',#8738,#5790,#5791);
#5006=AXIS2_PLACEMENT_3D('',#8739,#5792,#5793);
#5007=AXIS2_PLACEMENT_3D('',#8740,#5794,#5795);
#5008=AXIS2_PLACEMENT_3D('',#8741,#5796,#5797);
#5009=AXIS2_PLACEMENT_3D('',#8744,#5798,#5799);
#5010=AXIS2_PLACEMENT_3D('',#8748,#5801,#5802);
#5011=AXIS2_PLACEMENT_3D('',#8750,#5804,#5805);
#5012=AXIS2_PLACEMENT_3D('',#8756,#5809,#5810);
#5013=AXIS2_PLACEMENT_3D('',#8759,#5813,#5814);
#5014=AXIS2_PLACEMENT_3D('',#8761,#5815,#5816);
#5015=AXIS2_PLACEMENT_3D('',#8764,#5818,#5819);
#5016=AXIS2_PLACEMENT_3D('',#8765,#5820,#5821);
#5017=AXIS2_PLACEMENT_3D('',#8766,#5822,#5823);
#5018=AXIS2_PLACEMENT_3D('',#8767,#5824,#5825);
#5019=AXIS2_PLACEMENT_3D('',#8776,#5830,#5831);
#5020=AXIS2_PLACEMENT_3D('',#8782,#5835,#5836);
#5021=AXIS2_PLACEMENT_3D('',#8783,#5837,#5838);
#5022=AXIS2_PLACEMENT_3D('',#8784,#5839,#5840);
#5023=AXIS2_PLACEMENT_3D('',#8785,#5841,#5842);
#5024=AXIS2_PLACEMENT_3D('',#8787,#5843,#5844);
#5025=AXIS2_PLACEMENT_3D('',#8790,#5846,#5847);
#5026=AXIS2_PLACEMENT_3D('',#8791,#5848,#5849);
#5027=AXIS2_PLACEMENT_3D('',#8792,#5850,#5851);
#5028=AXIS2_PLACEMENT_3D('',#8793,#5852,#5853);
#5029=AXIS2_PLACEMENT_3D('',#8796,#5854,#5855);
#5030=AXIS2_PLACEMENT_3D('',#8800,#5857,#5858);
#5031=AXIS2_PLACEMENT_3D('',#8802,#5860,#5861);
#5032=AXIS2_PLACEMENT_3D('',#8808,#5865,#5866);
#5033=AXIS2_PLACEMENT_3D('',#8812,#5868,#5869);
#5034=AXIS2_PLACEMENT_3D('',#8816,#5871,#5872);
#5035=AXIS2_PLACEMENT_3D('',#8819,#5874,#5875);
#5036=AXIS2_PLACEMENT_3D('',#8821,#5876,#5877);
#5037=AXIS2_PLACEMENT_3D('',#8823,#5878,#5879);
#5038=AXIS2_PLACEMENT_3D('',#8825,#5880,#5881);
#5039=AXIS2_PLACEMENT_3D('',#8827,#5882,#5883);
#5040=AXIS2_PLACEMENT_3D('',#8829,#5884,#5885);
#5041=AXIS2_PLACEMENT_3D('',#8831,#5886,#5887);
#5042=AXIS2_PLACEMENT_3D('',#8833,#5888,#5889);
#5043=AXIS2_PLACEMENT_3D('',#8835,#5890,#5891);
#5044=AXIS2_PLACEMENT_3D('',#8837,#5892,#5893);
#5045=AXIS2_PLACEMENT_3D('',#8839,#5894,#5895);
#5046=AXIS2_PLACEMENT_3D('',#8841,#5896,#5897);
#5047=AXIS2_PLACEMENT_3D('',#8843,#5898,#5899);
#5048=AXIS2_PLACEMENT_3D('',#8844,#5900,#5901);
#5049=AXIS2_PLACEMENT_3D('',#8846,#5902,#5903);
#5050=AXIS2_PLACEMENT_3D('',#8848,#5905,#5906);
#5051=AXIS2_PLACEMENT_3D('',#8852,#5909,#5910);
#5052=AXIS2_PLACEMENT_3D('',#8855,#5911,#5912);
#5053=AXIS2_PLACEMENT_3D('',#8858,#5915,#5916);
#5054=AXIS2_PLACEMENT_3D('',#8860,#5918,#5919);
#5055=AXIS2_PLACEMENT_3D('',#8862,#5920,#5921);
#5056=AXIS2_PLACEMENT_3D('',#8864,#5923,#5924);
#5057=AXIS2_PLACEMENT_3D('',#8867,#5926,#5927);
#5058=AXIS2_PLACEMENT_3D('',#8868,#5928,#5929);
#5059=AXIS2_PLACEMENT_3D('',#8871,#5931,#5932);
#5060=AXIS2_PLACEMENT_3D('',#8872,#5933,#5934);
#5061=AXIS2_PLACEMENT_3D('',#8875,#5936,#5937);
#5062=AXIS2_PLACEMENT_3D('',#8876,#5938,#5939);
#5063=AXIS2_PLACEMENT_3D('',#8879,#5941,#5942);
#5064=AXIS2_PLACEMENT_3D('',#8880,#5943,#5944);
#5065=AXIS2_PLACEMENT_3D('',#8883,#5946,#5947);
#5066=AXIS2_PLACEMENT_3D('',#8884,#5948,#5949);
#5067=AXIS2_PLACEMENT_3D('',#8887,#5951,#5952);
#5068=AXIS2_PLACEMENT_3D('',#8888,#5953,#5954);
#5069=AXIS2_PLACEMENT_3D('',#8891,#5956,#5957);
#5070=AXIS2_PLACEMENT_3D('',#8892,#5958,#5959);
#5071=AXIS2_PLACEMENT_3D('',#8895,#5961,#5962);
#5072=AXIS2_PLACEMENT_3D('',#8896,#5963,#5964);
#5073=AXIS2_PLACEMENT_3D('',#8898,#5965,#5966);
#5074=AXIS2_PLACEMENT_3D('',#8900,#5968,#5969);
#5075=AXIS2_PLACEMENT_3D('',#8902,#5970,#5971);
#5076=AXIS2_PLACEMENT_3D('',#8904,#5973,#5974);
#5077=AXIS2_PLACEMENT_3D('',#8906,#5975,#5976);
#5078=AXIS2_PLACEMENT_3D('',#8908,#5978,#5979);
#5079=AXIS2_PLACEMENT_3D('',#8910,#5980,#5981);
#5080=AXIS2_PLACEMENT_3D('',#8912,#5983,#5984);
#5081=AXIS2_PLACEMENT_3D('',#8914,#5985,#5986);
#5082=AXIS2_PLACEMENT_3D('',#8916,#5988,#5989);
#5083=AXIS2_PLACEMENT_3D('',#8918,#5990,#5991);
#5084=AXIS2_PLACEMENT_3D('',#8920,#5993,#5994);
#5085=AXIS2_PLACEMENT_3D('',#8922,#5995,#5996);
#5086=AXIS2_PLACEMENT_3D('',#8924,#5998,#5999);
#5087=AXIS2_PLACEMENT_3D('',#8926,#6000,#6001);
#5088=AXIS2_PLACEMENT_3D('',#8928,#6003,#6004);
#5089=AXIS2_PLACEMENT_3D('',#8930,#6006,#6007);
#5090=AXIS2_PLACEMENT_3D('',#8931,#6008,#6009);
#5091=AXIS2_PLACEMENT_3D('',#8932,#6010,#6011);
#5092=DIRECTION('axis',(0.,0.,1.));
#5093=DIRECTION('refdir',(1.,0.,0.));
#5094=DIRECTION('axis',(0.,0.,1.));
#5095=DIRECTION('refdir',(1.,0.,0.));
#5096=DIRECTION('center_axis',(0.707106781186555,0.70710678118654,0.));
#5097=DIRECTION('ref_axis',(-0.70710678118654,0.707106781186555,0.));
#5098=DIRECTION('',(0.70710678118654,-0.707106781186555,0.));
#5099=DIRECTION('',(0.,0.,1.));
#5100=DIRECTION('',(-0.70710678118654,0.707106781186555,0.));
#5101=DIRECTION('',(0.,0.,1.));
#5102=DIRECTION('center_axis',(0.,0.,1.));
#5103=DIRECTION('ref_axis',(-1.,-7.6571373978539E-16,0.));
#5104=DIRECTION('center_axis',(0.,0.,1.));
#5105=DIRECTION('ref_axis',(1.,0.,0.));
#5106=DIRECTION('center_axis',(0.,0.,-1.));
#5107=DIRECTION('ref_axis',(1.,0.,0.));
#5108=DIRECTION('',(0.,0.,1.));
#5109=DIRECTION('center_axis',(0.707106781186546,-0.707106781186549,0.));
#5110=DIRECTION('ref_axis',(0.707106781186549,0.707106781186546,0.));
#5111=DIRECTION('',(0.707106781186549,0.707106781186546,0.));
#5112=DIRECTION('',(0.707106781186549,0.707106781186546,0.));
#5113=DIRECTION('',(0.,0.,1.));
#5114=DIRECTION('center_axis',(-0.70710678118655,-0.707106781186545,0.));
#5115=DIRECTION('ref_axis',(0.707106781186545,-0.70710678118655,0.));
#5116=DIRECTION('',(-0.707106781186545,0.70710678118655,0.));
#5117=DIRECTION('',(0.707106781186545,-0.70710678118655,0.));
#5118=DIRECTION('',(0.,0.,1.));
#5119=DIRECTION('center_axis',(-0.707106781186548,0.707106781186547,0.));
#5120=DIRECTION('ref_axis',(-0.707106781186547,-0.707106781186548,0.));
#5121=DIRECTION('',(0.707106781186547,0.707106781186548,0.));
#5122=DIRECTION('',(-0.707106781186547,-0.707106781186548,0.));
#5123=DIRECTION('',(0.,0.,1.));
#5124=DIRECTION('center_axis',(0.,0.,1.));
#5125=DIRECTION('ref_axis',(1.,0.,0.));
#5126=DIRECTION('center_axis',(0.,0.,1.));
#5127=DIRECTION('ref_axis',(1.,0.,0.));
#5128=DIRECTION('center_axis',(0.,0.,1.));
#5129=DIRECTION('ref_axis',(1.,0.,0.));
#5130=DIRECTION('',(0.,0.,1.));
#5131=DIRECTION('center_axis',(0.258819045102519,-0.965925826289069,0.));
#5132=DIRECTION('ref_axis',(0.965925826289069,0.258819045102519,0.));
#5133=DIRECTION('',(0.965925826289069,0.258819045102519,0.));
#5134=DIRECTION('',(0.965925826289069,0.258819045102519,0.));
#5135=DIRECTION('',(0.,0.,1.));
#5136=DIRECTION('center_axis',(-0.965925826289066,-0.25881904510253,0.));
#5137=DIRECTION('ref_axis',(0.25881904510253,-0.965925826289066,0.));
#5138=DIRECTION('',(-0.25881904510253,0.965925826289066,0.));
#5139=DIRECTION('',(0.25881904510253,-0.965925826289066,0.));
#5140=DIRECTION('',(0.,0.,1.));
#5141=DIRECTION('center_axis',(-0.258819045102522,0.965925826289068,0.));
#5142=DIRECTION('ref_axis',(-0.965925826289068,-0.258819045102522,0.));
#5143=DIRECTION('',(0.965925826289068,0.258819045102522,0.));
#5144=DIRECTION('',(-0.965925826289068,-0.258819045102522,0.));
#5145=DIRECTION('',(0.,0.,1.));
#5146=DIRECTION('center_axis',(0.,0.,1.));
#5147=DIRECTION('ref_axis',(-1.,-7.6571373978539E-16,0.));
#5148=DIRECTION('center_axis',(0.,0.,1.));
#5149=DIRECTION('ref_axis',(1.,0.,0.));
#5150=DIRECTION('center_axis',(0.,0.,1.));
#5151=DIRECTION('ref_axis',(1.,0.,0.));
#5152=DIRECTION('',(0.,0.,1.));
#5153=DIRECTION('center_axis',(-0.258819045102524,-0.965925826289067,0.));
#5154=DIRECTION('ref_axis',(0.965925826289067,-0.258819045102524,0.));
#5155=DIRECTION('',(0.965925826289067,-0.258819045102524,0.));
#5156=DIRECTION('',(0.965925826289067,-0.258819045102524,0.));
#5157=DIRECTION('',(0.,0.,1.));
#5158=DIRECTION('center_axis',(-0.965925826289064,0.258819045102538,0.));
#5159=DIRECTION('ref_axis',(-0.258819045102538,-0.965925826289064,0.));
#5160=DIRECTION('',(0.258819045102538,0.965925826289064,0.));
#5161=DIRECTION('',(-0.258819045102538,-0.965925826289064,0.));
#5162=DIRECTION('',(0.,0.,1.));
#5163=DIRECTION('center_axis',(0.258819045102519,0.965925826289069,0.));
#5164=DIRECTION('ref_axis',(-0.965925826289069,0.258819045102519,0.));
#5165=DIRECTION('',(0.965925826289069,-0.258819045102519,0.));
#5166=DIRECTION('',(-0.965925826289069,0.258819045102519,0.));
#5167=DIRECTION('',(0.,0.,1.));
#5168=DIRECTION('center_axis',(0.,0.,1.));
#5169=DIRECTION('ref_axis',(1.,0.,0.));
#5170=DIRECTION('center_axis',(0.,0.,1.));
#5171=DIRECTION('ref_axis',(1.,0.,0.));
#5172=DIRECTION('center_axis',(0.,0.,1.));
#5173=DIRECTION('ref_axis',(1.,0.,0.));
#5174=DIRECTION('',(0.,0.,1.));
#5175=DIRECTION('center_axis',(-0.70710678118655,-0.707106781186545,0.));
#5176=DIRECTION('ref_axis',(0.707106781186545,-0.70710678118655,0.));
#5177=DIRECTION('',(0.707106781186545,-0.70710678118655,0.));
#5178=DIRECTION('',(0.707106781186545,-0.70710678118655,0.));
#5179=DIRECTION('',(0.,0.,1.));
#5180=DIRECTION('center_axis',(-0.707106781186541,0.707106781186554,0.));
#5181=DIRECTION('ref_axis',(-0.707106781186554,-0.707106781186541,0.));
#5182=DIRECTION('',(-0.707106781186554,-0.707106781186541,0.));
#5183=DIRECTION('',(-0.707106781186554,-0.707106781186541,0.));
#5184=DIRECTION('center_axis',(0.,0.,1.));
#5185=DIRECTION('ref_axis',(1.,0.,0.));
#5186=DIRECTION('center_axis',(0.,0.,1.));
#5187=DIRECTION('ref_axis',(1.,0.,0.));
#5188=DIRECTION('center_axis',(0.,0.,1.));
#5189=DIRECTION('ref_axis',(1.,0.,0.));
#5190=DIRECTION('center_axis',(0.,0.,-1.));
#5191=DIRECTION('ref_axis',(1.,0.,0.));
#5192=DIRECTION('',(0.,0.,1.));
#5193=DIRECTION('center_axis',(0.,0.,-1.));
#5194=DIRECTION('ref_axis',(1.,0.,0.));
#5195=DIRECTION('',(0.,0.,1.));
#5196=DIRECTION('center_axis',(0.,1.,0.));
#5197=DIRECTION('ref_axis',(-1.,0.,0.));
#5198=DIRECTION('',(-1.,0.,0.));
#5199=DIRECTION('',(-1.,0.,0.));
#5200=DIRECTION('center_axis',(0.,0.,1.));
#5201=DIRECTION('ref_axis',(1.,0.,0.));
#5202=DIRECTION('center_axis',(0.,0.,1.));
#5203=DIRECTION('ref_axis',(1.,0.,0.));
#5204=DIRECTION('',(0.,0.,-1.));
#5205=DIRECTION('center_axis',(0.,0.,1.));
#5206=DIRECTION('ref_axis',(1.,0.,0.));
#5207=DIRECTION('center_axis',(0.,0.,1.));
#5208=DIRECTION('ref_axis',(1.,0.,0.));
#5209=DIRECTION('center_axis',(0.,0.,1.));
#5210=DIRECTION('ref_axis',(1.,0.,0.));
#5211=DIRECTION('center_axis',(0.,1.,0.));
#5212=DIRECTION('ref_axis',(-1.,0.,0.));
#5213=DIRECTION('',(1.,0.,0.));
#5214=DIRECTION('',(0.,0.,1.));
#5215=DIRECTION('',(-1.,0.,0.));
#5216=DIRECTION('',(0.,0.,1.));
#5217=DIRECTION('',(0.,0.,1.));
#5218=DIRECTION('',(0.,0.,1.));
#5219=DIRECTION('',(0.,0.,1.));
#5220=DIRECTION('',(0.,0.,1.));
#5221=DIRECTION('',(0.,0.,1.));
#5222=DIRECTION('',(0.,0.,1.));
#5223=DIRECTION('center_axis',(0.,-1.,0.));
#5224=DIRECTION('ref_axis',(1.,0.,0.));
#5225=DIRECTION('',(-1.,0.,0.));
#5226=DIRECTION('',(1.,0.,0.));
#5227=DIRECTION('',(0.,0.,1.));
#5228=DIRECTION('center_axis',(1.,0.,0.));
#5229=DIRECTION('ref_axis',(0.,1.,0.));
#5230=DIRECTION('',(0.,-1.,0.));
#5231=DIRECTION('',(0.,1.,0.));
#5232=DIRECTION('center_axis',(-1.,0.,0.));
#5233=DIRECTION('ref_axis',(0.,-1.,0.));
#5234=DIRECTION('',(0.,1.,0.));
#5235=DIRECTION('',(0.,0.,1.));
#5236=DIRECTION('',(0.,-1.,0.));
#5237=DIRECTION('',(0.,0.,1.));
#5238=DIRECTION('center_axis',(0.,1.,0.));
#5239=DIRECTION('ref_axis',(-1.,0.,0.));
#5240=DIRECTION('',(1.,0.,0.));
#5241=DIRECTION('',(-1.,0.,0.));
#5242=DIRECTION('',(0.,0.,1.));
#5243=DIRECTION('',(0.,0.,1.));
#5244=DIRECTION('',(0.,0.,1.));
#5245=DIRECTION('',(0.,0.,1.));
#5246=DIRECTION('',(0.,0.,1.));
#5247=DIRECTION('',(0.,0.,1.));
#5248=DIRECTION('',(0.,0.,1.));
#5249=DIRECTION('',(0.,0.,1.));
#5250=DIRECTION('center_axis',(0.847665066048333,0.530531748155825,0.));
#5251=DIRECTION('ref_axis',(-0.530531748155825,0.847665066048333,0.));
#5252=DIRECTION('',(0.530531748155825,-0.847665066048333,0.));
#5253=DIRECTION('',(-0.530531748155825,0.847665066048333,0.));
#5254=DIRECTION('',(0.,0.,1.));
#5255=DIRECTION('center_axis',(0.,-1.,0.));
#5256=DIRECTION('ref_axis',(1.,0.,0.));
#5257=DIRECTION('',(-1.,0.,0.));
#5258=DIRECTION('',(1.,0.,0.));
#5259=DIRECTION('',(0.,0.,1.));
#5260=DIRECTION('center_axis',(-0.830444978959834,-0.557100652414266,0.));
#5261=DIRECTION('ref_axis',(0.557100652414266,-0.830444978959834,0.));
#5262=DIRECTION('',(-0.557100652414266,0.830444978959834,0.));
#5263=DIRECTION('',(0.557100652414266,-0.830444978959834,0.));
#5264=DIRECTION('',(0.,0.,1.));
#5265=DIRECTION('',(0.,0.,1.));
#5266=DIRECTION('',(0.,0.,1.));
#5267=DIRECTION('',(0.,0.,1.));
#5268=DIRECTION('center_axis',(0.,-1.,0.));
#5269=DIRECTION('ref_axis',(1.,0.,0.));
#5270=DIRECTION('',(-1.,0.,0.));
#5271=DIRECTION('',(1.,0.,0.));
#5272=DIRECTION('',(0.,0.,1.));
#5273=DIRECTION('center_axis',(1.,0.,0.));
#5274=DIRECTION('ref_axis',(0.,1.,0.));
#5275=DIRECTION('',(0.,-1.,0.));
#5276=DIRECTION('',(0.,1.,0.));
#5277=DIRECTION('',(0.,0.,1.));
#5278=DIRECTION('center_axis',(0.,-1.,0.));
#5279=DIRECTION('ref_axis',(1.,0.,0.));
#5280=DIRECTION('',(-1.,0.,0.));
#5281=DIRECTION('',(1.,0.,0.));
#5282=DIRECTION('center_axis',(0.,0.,1.));
#5283=DIRECTION('ref_axis',(1.,0.,0.));
#5284=DIRECTION('center_axis',(0.,0.,1.));
#5285=DIRECTION('ref_axis',(1.,0.,0.));
#5286=DIRECTION('center_axis',(-0.0967665640561408,0.995307104405856,0.));
#5287=DIRECTION('ref_axis',(-0.995307104405856,-0.0967665640561408,0.));
#5288=DIRECTION('',(0.995307104405856,0.0967665640561408,0.));
#5289=DIRECTION('',(0.,0.,1.));
#5290=DIRECTION('',(-0.995307104405856,-0.0967665640561408,0.));
#5291=DIRECTION('',(0.,0.,1.));
#5292=DIRECTION('',(0.,0.,1.));
#5293=DIRECTION('',(0.,0.,1.));
#5294=DIRECTION('',(0.,0.,1.));
#5295=DIRECTION('',(0.,0.,1.));
#5296=DIRECTION('',(0.,0.,1.));
#5297=DIRECTION('',(0.,0.,1.));
#5298=DIRECTION('',(0.,0.,1.));
#5299=DIRECTION('',(0.,0.,1.));
#5300=DIRECTION('',(0.,0.,1.));
#5301=DIRECTION('',(0.,0.,1.));
#5302=DIRECTION('',(0.,0.,1.));
#5303=DIRECTION('',(0.,0.,1.));
#5304=DIRECTION('',(0.,0.,1.));
#5305=DIRECTION('',(0.,0.,1.));
#5306=DIRECTION('center_axis',(0.0438757957546405,-0.999036993582769,0.));
#5307=DIRECTION('ref_axis',(0.999036993582769,0.0438757957546405,0.));
#5308=DIRECTION('',(-0.999036993582769,-0.0438757957546405,0.));
#5309=DIRECTION('',(0.999036993582769,0.0438757957546405,0.));
#5310=DIRECTION('',(0.,0.,1.));
#5311=DIRECTION('',(0.,0.,1.));
#5312=DIRECTION('',(0.,0.,1.));
#5313=DIRECTION('',(0.,0.,1.));
#5314=DIRECTION('',(0.,0.,1.));
#5315=DIRECTION('',(0.,0.,1.));
#5316=DIRECTION('',(0.,0.,1.));
#5317=DIRECTION('',(0.,0.,1.));
#5318=DIRECTION('',(0.,0.,1.));
#5319=DIRECTION('',(0.,0.,1.));
#5320=DIRECTION('',(0.,0.,1.));
#5321=DIRECTION('',(0.,0.,1.));
#5322=DIRECTION('',(0.,0.,1.));
#5323=DIRECTION('',(0.,0.,1.));
#5324=DIRECTION('center_axis',(0.,0.,1.));
#5325=DIRECTION('ref_axis',(1.,0.,0.));
#5326=DIRECTION('center_axis',(0.,0.,1.));
#5327=DIRECTION('ref_axis',(1.,0.,0.));
#5328=DIRECTION('center_axis',(0.,1.,0.));
#5329=DIRECTION('ref_axis',(-1.,0.,0.));
#5330=DIRECTION('',(1.,0.,0.));
#5331=DIRECTION('',(0.,0.,1.));
#5332=DIRECTION('',(-1.,0.,0.));
#5333=DIRECTION('',(0.,0.,1.));
#5334=DIRECTION('',(0.,0.,1.));
#5335=DIRECTION('',(0.,0.,1.));
#5336=DIRECTION('',(0.,0.,1.));
#5337=DIRECTION('',(0.,0.,1.));
#5338=DIRECTION('',(0.,0.,1.));
#5339=DIRECTION('',(0.,0.,1.));
#5340=DIRECTION('center_axis',(0.,-1.,0.));
#5341=DIRECTION('ref_axis',(1.,0.,0.));
#5342=DIRECTION('',(-1.,0.,0.));
#5343=DIRECTION('',(1.,0.,0.));
#5344=DIRECTION('',(0.,0.,1.));
#5345=DIRECTION('center_axis',(1.,0.,0.));
#5346=DIRECTION('ref_axis',(0.,1.,0.));
#5347=DIRECTION('',(0.,-1.,0.));
#5348=DIRECTION('',(0.,1.,0.));
#5349=DIRECTION('center_axis',(-1.,0.,0.));
#5350=DIRECTION('ref_axis',(0.,-1.,0.));
#5351=DIRECTION('',(0.,1.,0.));
#5352=DIRECTION('',(0.,0.,1.));
#5353=DIRECTION('',(0.,-1.,0.));
#5354=DIRECTION('',(0.,0.,1.));
#5355=DIRECTION('center_axis',(0.,1.,0.));
#5356=DIRECTION('ref_axis',(-1.,0.,0.));
#5357=DIRECTION('',(1.,0.,0.));
#5358=DIRECTION('',(-1.,0.,0.));
#5359=DIRECTION('',(0.,0.,1.));
#5360=DIRECTION('',(0.,0.,1.));
#5361=DIRECTION('',(0.,0.,1.));
#5362=DIRECTION('',(0.,0.,1.));
#5363=DIRECTION('',(0.,0.,1.));
#5364=DIRECTION('',(0.,0.,1.));
#5365=DIRECTION('',(0.,0.,1.));
#5366=DIRECTION('',(0.,0.,1.));
#5367=DIRECTION('center_axis',(0.847664833111517,0.530532120333938,0.));
#5368=DIRECTION('ref_axis',(-0.530532120333938,0.847664833111517,0.));
#5369=DIRECTION('',(0.530532120333938,-0.847664833111517,0.));
#5370=DIRECTION('',(-0.530532120333938,0.847664833111517,0.));
#5371=DIRECTION('',(0.,0.,1.));
#5372=DIRECTION('center_axis',(0.,-1.,0.));
#5373=DIRECTION('ref_axis',(1.,0.,0.));
#5374=DIRECTION('',(-1.,0.,0.));
#5375=DIRECTION('',(1.,0.,0.));
#5376=DIRECTION('',(0.,0.,1.));
#5377=DIRECTION('center_axis',(-0.830444978959834,-0.557100652414266,0.));
#5378=DIRECTION('ref_axis',(0.557100652414266,-0.830444978959834,0.));
#5379=DIRECTION('',(-0.557100652414266,0.830444978959834,0.));
#5380=DIRECTION('',(0.557100652414266,-0.830444978959834,0.));
#5381=DIRECTION('',(0.,0.,1.));
#5382=DIRECTION('',(0.,0.,1.));
#5383=DIRECTION('',(0.,0.,1.));
#5384=DIRECTION('',(0.,0.,1.));
#5385=DIRECTION('center_axis',(0.,-1.,0.));
#5386=DIRECTION('ref_axis',(1.,0.,0.));
#5387=DIRECTION('',(-1.,0.,0.));
#5388=DIRECTION('',(1.,0.,0.));
#5389=DIRECTION('',(0.,0.,1.));
#5390=DIRECTION('center_axis',(1.,0.,0.));
#5391=DIRECTION('ref_axis',(0.,1.,0.));
#5392=DIRECTION('',(0.,-1.,0.));
#5393=DIRECTION('',(0.,1.,0.));
#5394=DIRECTION('',(0.,0.,1.));
#5395=DIRECTION('center_axis',(0.,-1.,0.));
#5396=DIRECTION('ref_axis',(1.,0.,0.));
#5397=DIRECTION('',(-1.,0.,0.));
#5398=DIRECTION('',(1.,0.,0.));
#5399=DIRECTION('center_axis',(0.,0.,1.));
#5400=DIRECTION('ref_axis',(1.,0.,0.));
#5401=DIRECTION('center_axis',(0.,0.,1.));
#5402=DIRECTION('ref_axis',(1.,0.,0.));
#5403=DIRECTION('center_axis',(-1.,-2.67255642525899E-16,0.));
#5404=DIRECTION('ref_axis',(2.67255642525899E-16,-1.,0.));
#5405=DIRECTION('',(-2.67255642525899E-16,1.,0.));
#5406=DIRECTION('',(0.,0.,1.));
#5407=DIRECTION('',(2.67255642525899E-16,-1.,0.));
#5408=DIRECTION('',(0.,0.,1.));
#5409=DIRECTION('center_axis',(0.,-1.,0.));
#5410=DIRECTION('ref_axis',(1.,0.,0.));
#5411=DIRECTION('',(-1.,0.,0.));
#5412=DIRECTION('',(1.,0.,0.));
#5413=DIRECTION('',(0.,0.,1.));
#5414=DIRECTION('center_axis',(-1.,0.,0.));
#5415=DIRECTION('ref_axis',(0.,-1.,0.));
#5416=DIRECTION('',(0.,1.,0.));
#5417=DIRECTION('',(0.,-1.,0.));
#5418=DIRECTION('',(0.,0.,1.));
#5419=DIRECTION('center_axis',(0.,1.,0.));
#5420=DIRECTION('ref_axis',(-1.,0.,0.));
#5421=DIRECTION('',(1.,0.,0.));
#5422=DIRECTION('',(-1.,0.,0.));
#5423=DIRECTION('',(0.,0.,1.));
#5424=DIRECTION('center_axis',(1.,0.,0.));
#5425=DIRECTION('ref_axis',(0.,1.,0.));
#5426=DIRECTION('',(0.,-1.,0.));
#5427=DIRECTION('',(0.,1.,0.));
#5428=DIRECTION('',(0.,0.,1.));
#5429=DIRECTION('center_axis',(0.,-1.,0.));
#5430=DIRECTION('ref_axis',(1.,0.,0.));
#5431=DIRECTION('',(-1.,0.,0.));
#5432=DIRECTION('',(1.,0.,0.));
#5433=DIRECTION('',(0.,0.,1.));
#5434=DIRECTION('center_axis',(1.,2.67255642525899E-16,0.));
#5435=DIRECTION('ref_axis',(-2.67255642525899E-16,1.,0.));
#5436=DIRECTION('',(2.67255642525899E-16,-1.,0.));
#5437=DIRECTION('',(-2.67255642525899E-16,1.,0.));
#5438=DIRECTION('',(0.,0.,1.));
#5439=DIRECTION('center_axis',(0.,-1.,0.));
#5440=DIRECTION('ref_axis',(1.,0.,0.));
#5441=DIRECTION('',(-1.,0.,0.));
#5442=DIRECTION('',(1.,0.,0.));
#5443=DIRECTION('center_axis',(0.,0.,1.));
#5444=DIRECTION('ref_axis',(1.,0.,0.));
#5445=DIRECTION('center_axis',(0.,0.,1.));
#5446=DIRECTION('ref_axis',(1.,0.,0.));
#5447=DIRECTION('center_axis',(-1.,-2.22044604925031E-16,0.));
#5448=DIRECTION('ref_axis',(2.22044604925031E-16,-1.,0.));
#5449=DIRECTION('',(-2.22044604925031E-16,1.,0.));
#5450=DIRECTION('',(0.,0.,1.));
#5451=DIRECTION('',(2.22044604925031E-16,-1.,0.));
#5452=DIRECTION('',(0.,0.,1.));
#5453=DIRECTION('center_axis',(0.,1.,0.));
#5454=DIRECTION('ref_axis',(-1.,0.,0.));
#5455=DIRECTION('',(1.,0.,0.));
#5456=DIRECTION('',(-1.,0.,0.));
#5457=DIRECTION('',(0.,0.,1.));
#5458=DIRECTION('center_axis',(0.966395158142825,0.257061078963939,0.));
#5459=DIRECTION('ref_axis',(-0.257061078963939,0.966395158142825,0.));
#5460=DIRECTION('',(0.257061078963939,-0.966395158142825,0.));
#5461=DIRECTION('',(-0.257061078963939,0.966395158142825,0.));
#5462=DIRECTION('',(0.,0.,1.));
#5463=DIRECTION('center_axis',(-0.967112186872063,0.25435018774032,0.));
#5464=DIRECTION('ref_axis',(-0.25435018774032,-0.967112186872063,0.));
#5465=DIRECTION('',(0.25435018774032,0.967112186872063,0.));
#5466=DIRECTION('',(-0.25435018774032,-0.967112186872063,0.));
#5467=DIRECTION('',(0.,0.,1.));
#5468=DIRECTION('center_axis',(0.,1.,0.));
#5469=DIRECTION('ref_axis',(-1.,0.,0.));
#5470=DIRECTION('',(1.,0.,0.));
#5471=DIRECTION('',(-1.,0.,0.));
#5472=DIRECTION('',(0.,0.,1.));
#5473=DIRECTION('center_axis',(1.,2.22044604925031E-16,0.));
#5474=DIRECTION('ref_axis',(-2.22044604925031E-16,1.,0.));
#5475=DIRECTION('',(2.22044604925031E-16,-1.,0.));
#5476=DIRECTION('',(-2.22044604925031E-16,1.,0.));
#5477=DIRECTION('',(0.,0.,1.));
#5478=DIRECTION('center_axis',(0.,-1.,0.));
#5479=DIRECTION('ref_axis',(1.,0.,0.));
#5480=DIRECTION('',(-1.,0.,0.));
#5481=DIRECTION('',(1.,0.,0.));
#5482=DIRECTION('',(0.,0.,1.));
#5483=DIRECTION('center_axis',(-1.,-2.82077453149027E-16,0.));
#5484=DIRECTION('ref_axis',(2.82077453149027E-16,-1.,0.));
#5485=DIRECTION('',(-2.82077453149027E-16,1.,0.));
#5486=DIRECTION('',(2.82077453149027E-16,-1.,0.));
#5487=DIRECTION('',(0.,0.,1.));
#5488=DIRECTION('center_axis',(0.969646257466465,-0.244512035248324,0.));
#5489=DIRECTION('ref_axis',(0.244512035248324,0.969646257466465,0.));
#5490=DIRECTION('',(-0.244512035248324,-0.969646257466465,0.));
#5491=DIRECTION('',(0.244512035248324,0.969646257466465,0.));
#5492=DIRECTION('',(0.,0.,1.));
#5493=DIRECTION('center_axis',(0.,-1.,0.));
#5494=DIRECTION('ref_axis',(1.,0.,0.));
#5495=DIRECTION('',(-1.,0.,0.));
#5496=DIRECTION('',(1.,0.,0.));
#5497=DIRECTION('',(0.,0.,1.));
#5498=DIRECTION('center_axis',(-0.969845117805841,-0.243722070129429,0.));
#5499=DIRECTION('ref_axis',(0.243722070129429,-0.969845117805841,0.));
#5500=DIRECTION('',(-0.243722070129429,0.969845117805841,0.));
#5501=DIRECTION('',(0.243722070129429,-0.969845117805841,0.));
#5502=DIRECTION('',(0.,0.,1.));
#5503=DIRECTION('center_axis',(1.,1.41038726574514E-16,0.));
#5504=DIRECTION('ref_axis',(-1.41038726574514E-16,1.,0.));
#5505=DIRECTION('',(1.41038726574514E-16,-1.,0.));
#5506=DIRECTION('',(-1.41038726574514E-16,1.,0.));
#5507=DIRECTION('',(0.,0.,1.));
#5508=DIRECTION('center_axis',(0.,-1.,0.));
#5509=DIRECTION('ref_axis',(1.,0.,0.));
#5510=DIRECTION('',(-1.,0.,0.));
#5511=DIRECTION('',(1.,0.,0.));
#5512=DIRECTION('center_axis',(0.,0.,1.));
#5513=DIRECTION('ref_axis',(1.,0.,0.));
#5514=DIRECTION('center_axis',(0.,0.,1.));
#5515=DIRECTION('ref_axis',(1.,0.,0.));
#5516=DIRECTION('center_axis',(-1.,-1.66533453693773E-16,0.));
#5517=DIRECTION('ref_axis',(1.66533453693773E-16,-1.,0.));
#5518=DIRECTION('',(-1.66533453693773E-16,1.,0.));
#5519=DIRECTION('',(0.,0.,1.));
#5520=DIRECTION('',(1.66533453693773E-16,-1.,0.));
#5521=DIRECTION('',(0.,0.,1.));
#5522=DIRECTION('center_axis',(0.,1.,0.));
#5523=DIRECTION('ref_axis',(-1.,0.,0.));
#5524=DIRECTION('',(1.,0.,0.));
#5525=DIRECTION('',(-1.,0.,0.));
#5526=DIRECTION('',(0.,0.,1.));
#5527=DIRECTION('center_axis',(1.,1.66533453693773E-16,0.));
#5528=DIRECTION('ref_axis',(-1.66533453693773E-16,1.,0.));
#5529=DIRECTION('',(1.66533453693773E-16,-1.,0.));
#5530=DIRECTION('',(-1.66533453693773E-16,1.,0.));
#5531=DIRECTION('',(0.,0.,1.));
#5532=DIRECTION('center_axis',(0.,-1.,0.));
#5533=DIRECTION('ref_axis',(1.,0.,0.));
#5534=DIRECTION('',(-1.,0.,0.));
#5535=DIRECTION('',(1.,0.,0.));
#5536=DIRECTION('center_axis',(0.,0.,1.));
#5537=DIRECTION('ref_axis',(1.,0.,0.));
#5538=DIRECTION('center_axis',(0.,0.,1.));
#5539=DIRECTION('ref_axis',(1.,0.,0.));
#5540=DIRECTION('center_axis',(0.,1.,0.));
#5541=DIRECTION('ref_axis',(-1.,0.,0.));
#5542=DIRECTION('',(1.,0.,0.));
#5543=DIRECTION('',(0.,0.,1.));
#5544=DIRECTION('',(-1.,0.,0.));
#5545=DIRECTION('',(0.,0.,1.));
#5546=DIRECTION('',(0.,0.,1.));
#5547=DIRECTION('',(0.,0.,1.));
#5548=DIRECTION('',(0.,0.,1.));
#5549=DIRECTION('',(0.,0.,1.));
#5550=DIRECTION('',(0.,0.,1.));
#5551=DIRECTION('',(0.,0.,1.));
#5552=DIRECTION('center_axis',(0.,-1.,0.));
#5553=DIRECTION('ref_axis',(1.,0.,0.));
#5554=DIRECTION('',(-1.,0.,0.));
#5555=DIRECTION('',(1.,0.,0.));
#5556=DIRECTION('',(0.,0.,1.));
#5557=DIRECTION('center_axis',(1.,0.,0.));
#5558=DIRECTION('ref_axis',(0.,1.,0.));
#5559=DIRECTION('',(0.,-1.,0.));
#5560=DIRECTION('',(0.,1.,0.));
#5561=DIRECTION('center_axis',(-1.,-2.22044604925031E-16,0.));
#5562=DIRECTION('ref_axis',(2.22044604925031E-16,-1.,0.));
#5563=DIRECTION('',(-2.22044604925031E-16,1.,0.));
#5564=DIRECTION('',(0.,0.,1.));
#5565=DIRECTION('',(2.22044604925031E-16,-1.,0.));
#5566=DIRECTION('',(0.,0.,1.));
#5567=DIRECTION('center_axis',(0.,1.,0.));
#5568=DIRECTION('ref_axis',(-1.,0.,0.));
#5569=DIRECTION('',(1.,0.,0.));
#5570=DIRECTION('',(-1.,0.,0.));
#5571=DIRECTION('',(0.,0.,1.));
#5572=DIRECTION('',(0.,0.,1.));
#5573=DIRECTION('',(0.,0.,1.));
#5574=DIRECTION('',(0.,0.,1.));
#5575=DIRECTION('',(0.,0.,1.));
#5576=DIRECTION('',(0.,0.,1.));
#5577=DIRECTION('',(0.,0.,1.));
#5578=DIRECTION('',(0.,0.,1.));
#5579=DIRECTION('center_axis',(0.847665298985113,0.530531375977406,0.));
#5580=DIRECTION('ref_axis',(-0.530531375977406,0.847665298985113,0.));
#5581=DIRECTION('',(0.530531375977406,-0.847665298985113,0.));
#5582=DIRECTION('',(-0.530531375977406,0.847665298985113,0.));
#5583=DIRECTION('',(0.,0.,1.));
#5584=DIRECTION('center_axis',(0.,-1.,0.));
#5585=DIRECTION('ref_axis',(1.,0.,0.));
#5586=DIRECTION('',(-1.,0.,0.));
#5587=DIRECTION('',(1.,0.,0.));
#5588=DIRECTION('',(0.,0.,1.));
#5589=DIRECTION('center_axis',(-0.830444558001814,-0.557101279917012,0.));
#5590=DIRECTION('ref_axis',(0.557101279917012,-0.830444558001814,0.));
#5591=DIRECTION('',(-0.557101279917012,0.830444558001814,0.));
#5592=DIRECTION('',(0.557101279917012,-0.830444558001814,0.));
#5593=DIRECTION('',(0.,0.,1.));
#5594=DIRECTION('',(0.,0.,1.));
#5595=DIRECTION('',(0.,0.,1.));
#5596=DIRECTION('',(0.,0.,1.));
#5597=DIRECTION('center_axis',(0.,-1.,0.));
#5598=DIRECTION('ref_axis',(1.,0.,0.));
#5599=DIRECTION('',(-1.,0.,0.));
#5600=DIRECTION('',(1.,0.,0.));
#5601=DIRECTION('',(0.,0.,1.));
#5602=DIRECTION('center_axis',(1.,2.65945590163444E-16,0.));
#5603=DIRECTION('ref_axis',(-2.65945590163444E-16,1.,0.));
#5604=DIRECTION('',(2.65945590163444E-16,-1.,0.));
#5605=DIRECTION('',(-2.65945590163444E-16,1.,0.));
#5606=DIRECTION('',(0.,0.,1.));
#5607=DIRECTION('center_axis',(0.,-1.,0.));
#5608=DIRECTION('ref_axis',(1.,0.,0.));
#5609=DIRECTION('',(-1.,0.,0.));
#5610=DIRECTION('',(1.,0.,0.));
#5611=DIRECTION('center_axis',(0.,0.,1.));
#5612=DIRECTION('ref_axis',(1.,0.,0.));
#5613=DIRECTION('center_axis',(0.,0.,1.));
#5614=DIRECTION('ref_axis',(1.,0.,0.));
#5615=DIRECTION('center_axis',(-0.972663659317224,-0.232218444236517,0.));
#5616=DIRECTION('ref_axis',(0.232218444236517,-0.972663659317224,0.));
#5617=DIRECTION('',(-0.232218444236517,0.972663659317223,0.));
#5618=DIRECTION('',(0.,0.,1.));
#5619=DIRECTION('',(0.232218444236517,-0.972663659317223,0.));
#5620=DIRECTION('',(0.,0.,1.));
#5621=DIRECTION('center_axis',(0.,1.,0.));
#5622=DIRECTION('ref_axis',(-1.,0.,0.));
#5623=DIRECTION('',(1.,0.,0.));
#5624=DIRECTION('',(-1.,0.,0.));
#5625=DIRECTION('',(0.,0.,1.));
#5626=DIRECTION('center_axis',(0.976754232597325,0.214362238053279,0.));
#5627=DIRECTION('ref_axis',(-0.214362238053279,0.976754232597325,0.));
#5628=DIRECTION('',(0.214362238053279,-0.976754232597325,0.));
#5629=DIRECTION('',(-0.214362238053279,0.976754232597325,0.));
#5630=DIRECTION('',(0.,0.,1.));
#5631=DIRECTION('center_axis',(-0.96636226302522,0.257184712999773,0.));
#5632=DIRECTION('ref_axis',(-0.257184712999773,-0.96636226302522,0.));
#5633=DIRECTION('',(0.257184712999773,0.96636226302522,0.));
#5634=DIRECTION('',(-0.257184712999773,-0.96636226302522,0.));
#5635=DIRECTION('',(0.,0.,1.));
#5636=DIRECTION('center_axis',(0.,1.,0.));
#5637=DIRECTION('ref_axis',(-1.,0.,0.));
#5638=DIRECTION('',(1.,0.,0.));
#5639=DIRECTION('',(-1.,0.,0.));
#5640=DIRECTION('',(0.,0.,1.));
#5641=DIRECTION('center_axis',(0.969919276101601,0.243426781284532,0.));
#5642=DIRECTION('ref_axis',(-0.243426781284532,0.969919276101601,0.));
#5643=DIRECTION('',(0.243426781284532,-0.969919276101601,0.));
#5644=DIRECTION('',(-0.243426781284532,0.969919276101601,0.));
#5645=DIRECTION('',(0.,0.,1.));
#5646=DIRECTION('center_axis',(-0.976700473939241,0.214607046032656,0.));
#5647=DIRECTION('ref_axis',(-0.214607046032656,-0.976700473939241,0.));
#5648=DIRECTION('',(0.214607046032656,0.976700473939241,0.));
#5649=DIRECTION('',(-0.214607046032656,-0.976700473939241,0.));
#5650=DIRECTION('',(0.,0.,1.));
#5651=DIRECTION('center_axis',(0.,1.,0.));
#5652=DIRECTION('ref_axis',(-1.,0.,0.));
#5653=DIRECTION('',(1.,0.,0.));
#5654=DIRECTION('',(-1.,0.,0.));
#5655=DIRECTION('',(0.,0.,1.));
#5656=DIRECTION('center_axis',(0.971758097087736,-0.235979237952032,0.));
#5657=DIRECTION('ref_axis',(0.235979237952032,0.971758097087736,0.));
#5658=DIRECTION('',(-0.235979237952032,-0.971758097087736,0.));
#5659=DIRECTION('',(0.235979237952032,0.971758097087736,0.));
#5660=DIRECTION('',(0.,0.,1.));
#5661=DIRECTION('center_axis',(0.,-1.,0.));
#5662=DIRECTION('ref_axis',(1.,0.,0.));
#5663=DIRECTION('',(-1.,0.,0.));
#5664=DIRECTION('',(1.,0.,0.));
#5665=DIRECTION('',(0.,0.,1.));
#5666=DIRECTION('center_axis',(-0.966293405788755,-0.257443302358343,0.));
#5667=DIRECTION('ref_axis',(0.257443302358343,-0.966293405788755,0.));
#5668=DIRECTION('',(-0.257443302358343,0.966293405788755,0.));
#5669=DIRECTION('',(0.257443302358343,-0.966293405788755,0.));
#5670=DIRECTION('',(0.,0.,1.));
#5671=DIRECTION('center_axis',(0.966512502552801,-0.256619528503038,0.));
#5672=DIRECTION('ref_axis',(0.256619528503038,0.966512502552801,0.));
#5673=DIRECTION('',(-0.256619528503038,-0.966512502552801,0.));
#5674=DIRECTION('',(0.256619528503038,0.966512502552801,0.));
#5675=DIRECTION('',(0.,0.,1.));
#5676=DIRECTION('center_axis',(0.,-1.,0.));
#5677=DIRECTION('ref_axis',(1.,0.,0.));
#5678=DIRECTION('',(-1.,0.,0.));
#5679=DIRECTION('',(1.,0.,0.));
#5680=DIRECTION('center_axis',(0.,0.,1.));
#5681=DIRECTION('ref_axis',(1.,0.,0.));
#5682=DIRECTION('center_axis',(0.,0.,1.));
#5683=DIRECTION('ref_axis',(1.,0.,0.));
#5684=DIRECTION('center_axis',(1.,0.,0.));
#5685=DIRECTION('ref_axis',(0.,1.,0.));
#5686=DIRECTION('',(0.,-1.,0.));
#5687=DIRECTION('',(0.,0.,1.));
#5688=DIRECTION('',(0.,1.,0.));
#5689=DIRECTION('',(0.,0.,1.));
#5690=DIRECTION('center_axis',(0.,1.,0.));
#5691=DIRECTION('ref_axis',(-1.,0.,0.));
#5692=DIRECTION('',(1.,0.,0.));
#5693=DIRECTION('',(-1.,0.,0.));
#5694=DIRECTION('',(0.,0.,1.));
#5695=DIRECTION('',(0.,0.,1.));
#5696=DIRECTION('',(0.,0.,1.));
#5697=DIRECTION('',(0.,0.,1.));
#5698=DIRECTION('',(0.,0.,1.));
#5699=DIRECTION('',(0.,0.,1.));
#5700=DIRECTION('',(0.,0.,1.));
#5701=DIRECTION('center_axis',(0.,-1.,0.));
#5702=DIRECTION('ref_axis',(1.,0.,0.));
#5703=DIRECTION('',(-1.,0.,0.));
#5704=DIRECTION('',(1.,0.,0.));
#5705=DIRECTION('center_axis',(-1.,0.,0.));
#5706=DIRECTION('ref_axis',(0.,-1.,0.));
#5707=DIRECTION('',(0.,1.,0.));
#5708=DIRECTION('',(0.,0.,1.));
#5709=DIRECTION('',(0.,-1.,0.));
#5710=DIRECTION('',(0.,0.,1.));
#5711=DIRECTION('center_axis',(0.,1.,0.));
#5712=DIRECTION('ref_axis',(-1.,0.,0.));
#5713=DIRECTION('',(1.,0.,0.));
#5714=DIRECTION('',(-1.,0.,0.));
#5715=DIRECTION('',(0.,0.,1.));
#5716=DIRECTION('',(0.,0.,1.));
#5717=DIRECTION('',(0.,0.,1.));
#5718=DIRECTION('',(0.,0.,1.));
#5719=DIRECTION('',(0.,0.,1.));
#5720=DIRECTION('',(0.,0.,1.));
#5721=DIRECTION('',(0.,0.,1.));
#5722=DIRECTION('',(0.,0.,1.));
#5723=DIRECTION('center_axis',(0.,-1.,0.));
#5724=DIRECTION('ref_axis',(1.,0.,0.));
#5725=DIRECTION('',(-1.,0.,0.));
#5726=DIRECTION('',(1.,0.,0.));
#5727=DIRECTION('',(0.,0.,1.));
#5728=DIRECTION('center_axis',(1.,0.,0.));
#5729=DIRECTION('ref_axis',(0.,1.,0.));
#5730=DIRECTION('',(0.,-1.,0.));
#5731=DIRECTION('',(0.,1.,0.));
#5732=DIRECTION('',(0.,0.,1.));
#5733=DIRECTION('center_axis',(0.,-1.,0.));
#5734=DIRECTION('ref_axis',(1.,0.,0.));
#5735=DIRECTION('',(-1.,0.,0.));
#5736=DIRECTION('',(1.,0.,0.));
#5737=DIRECTION('center_axis',(0.,0.,1.));
#5738=DIRECTION('ref_axis',(1.,0.,0.));
#5739=DIRECTION('center_axis',(0.,0.,1.));
#5740=DIRECTION('ref_axis',(1.,0.,0.));
#5741=DIRECTION('center_axis',(-1.,0.,0.));
#5742=DIRECTION('ref_axis',(0.,-1.,0.));
#5743=DIRECTION('',(0.,1.,0.));
#5744=DIRECTION('',(0.,0.,1.));
#5745=DIRECTION('',(0.,-1.,0.));
#5746=DIRECTION('',(0.,0.,1.));
#5747=DIRECTION('center_axis',(0.,-1.,0.));
#5748=DIRECTION('ref_axis',(1.,0.,0.));
#5749=DIRECTION('',(-1.,0.,0.));
#5750=DIRECTION('',(1.,0.,0.));
#5751=DIRECTION('',(0.,0.,1.));
#5752=DIRECTION('center_axis',(-1.,0.,0.));
#5753=DIRECTION('ref_axis',(0.,-1.,0.));
#5754=DIRECTION('',(0.,1.,0.));
#5755=DIRECTION('',(0.,-1.,0.));
#5756=DIRECTION('',(0.,0.,1.));
#5757=DIRECTION('center_axis',(0.,1.,0.));
#5758=DIRECTION('ref_axis',(-1.,0.,0.));
#5759=DIRECTION('',(1.,0.,0.));
#5760=DIRECTION('',(-1.,0.,0.));
#5761=DIRECTION('',(0.,0.,1.));
#5762=DIRECTION('center_axis',(1.,0.,0.));
#5763=DIRECTION('ref_axis',(0.,1.,0.));
#5764=DIRECTION('',(0.,-1.,0.));
#5765=DIRECTION('',(0.,1.,0.));
#5766=DIRECTION('',(0.,0.,1.));
#5767=DIRECTION('center_axis',(0.,-1.,0.));
#5768=DIRECTION('ref_axis',(1.,0.,0.));
#5769=DIRECTION('',(-1.,0.,0.));
#5770=DIRECTION('',(1.,0.,0.));
#5771=DIRECTION('',(0.,0.,1.));
#5772=DIRECTION('center_axis',(1.,0.,0.));
#5773=DIRECTION('ref_axis',(0.,1.,0.));
#5774=DIRECTION('',(0.,-1.,0.));
#5775=DIRECTION('',(0.,1.,0.));
#5776=DIRECTION('',(0.,0.,1.));
#5777=DIRECTION('center_axis',(0.,-1.,0.));
#5778=DIRECTION('ref_axis',(1.,0.,0.));
#5779=DIRECTION('',(-1.,0.,0.));
#5780=DIRECTION('',(1.,0.,0.));
#5781=DIRECTION('center_axis',(0.,0.,1.));
#5782=DIRECTION('ref_axis',(1.,0.,0.));
#5783=DIRECTION('center_axis',(0.,0.,1.));
#5784=DIRECTION('ref_axis',(1.,0.,0.));
#5785=DIRECTION('center_axis',(0.,0.,1.));
#5786=DIRECTION('ref_axis',(1.,0.,0.));
#5787=DIRECTION('center_axis',(0.,0.,1.));
#5788=DIRECTION('ref_axis',(1.,0.,0.));
#5789=DIRECTION('',(0.,0.,-1.));
#5790=DIRECTION('center_axis',(0.,0.,1.));
#5791=DIRECTION('ref_axis',(1.,0.,0.));
#5792=DIRECTION('center_axis',(0.,0.,1.));
#5793=DIRECTION('ref_axis',(1.,0.,0.));
#5794=DIRECTION('center_axis',(0.,0.,1.));
#5795=DIRECTION('ref_axis',(1.,0.,0.));
#5796=DIRECTION('center_axis',(0.,0.,1.));
#5797=DIRECTION('ref_axis',(6.12323399573677E-17,1.,0.));
#5798=DIRECTION('center_axis',(0.,0.,-1.));
#5799=DIRECTION('ref_axis',(1.,0.,0.));
#5800=DIRECTION('',(0.,0.,1.));
#5801=DIRECTION('center_axis',(0.,0.,-1.));
#5802=DIRECTION('ref_axis',(1.,0.,0.));
#5803=DIRECTION('',(0.,0.,1.));
#5804=DIRECTION('center_axis',(-0.707106781186549,0.707106781186546,0.));
#5805=DIRECTION('ref_axis',(-0.707106781186546,-0.707106781186549,0.));
#5806=DIRECTION('',(-0.707106781186546,-0.707106781186549,0.));
#5807=DIRECTION('',(-0.707106781186546,-0.707106781186549,0.));
#5808=DIRECTION('',(0.,0.,1.));
#5809=DIRECTION('center_axis',(0.707106781186549,0.707106781186546,0.));
#5810=DIRECTION('ref_axis',(-0.707106781186546,0.707106781186549,0.));
#5811=DIRECTION('',(-0.707106781186546,0.707106781186549,0.));
#5812=DIRECTION('',(-0.707106781186546,0.707106781186549,0.));
#5813=DIRECTION('center_axis',(0.,0.,1.));
#5814=DIRECTION('ref_axis',(1.,0.,0.));
#5815=DIRECTION('center_axis',(0.,0.,1.));
#5816=DIRECTION('ref_axis',(1.,0.,0.));
#5817=DIRECTION('',(0.,0.,-1.));
#5818=DIRECTION('center_axis',(0.,0.,1.));
#5819=DIRECTION('ref_axis',(1.,0.,0.));
#5820=DIRECTION('center_axis',(0.,0.,1.));
#5821=DIRECTION('ref_axis',(1.,0.,0.));
#5822=DIRECTION('center_axis',(0.,0.,1.));
#5823=DIRECTION('ref_axis',(1.,0.,0.));
#5824=DIRECTION('center_axis',(0.707106781186552,0.707106781186543,0.));
#5825=DIRECTION('ref_axis',(-0.707106781186543,0.707106781186552,0.));
#5826=DIRECTION('',(-0.707106781186543,0.707106781186552,0.));
#5827=DIRECTION('',(0.,0.,1.));
#5828=DIRECTION('',(-0.707106781186543,0.707106781186552,0.));
#5829=DIRECTION('',(0.,0.,1.));
#5830=DIRECTION('center_axis',(-0.707106781186548,0.707106781186548,0.));
#5831=DIRECTION('ref_axis',(-0.707106781186548,-0.707106781186548,0.));
#5832=DIRECTION('',(-0.707106781186548,-0.707106781186548,0.));
#5833=DIRECTION('',(-0.707106781186548,-0.707106781186548,0.));
#5834=DIRECTION('',(0.,0.,1.));
#5835=DIRECTION('center_axis',(0.,0.,1.));
#5836=DIRECTION('ref_axis',(1.,0.,0.));
#5837=DIRECTION('center_axis',(0.,0.,-1.));
#5838=DIRECTION('ref_axis',(1.,0.,0.));
#5839=DIRECTION('center_axis',(0.,0.,-1.));
#5840=DIRECTION('ref_axis',(1.,0.,0.));
#5841=DIRECTION('center_axis',(0.,0.,1.));
#5842=DIRECTION('ref_axis',(1.,0.,0.));
#5843=DIRECTION('center_axis',(0.,0.,1.));
#5844=DIRECTION('ref_axis',(1.,0.,0.));
#5845=DIRECTION('',(0.,0.,-1.));
#5846=DIRECTION('center_axis',(0.,0.,1.));
#5847=DIRECTION('ref_axis',(1.,0.,0.));
#5848=DIRECTION('center_axis',(0.,0.,1.));
#5849=DIRECTION('ref_axis',(1.,0.,0.));
#5850=DIRECTION('center_axis',(0.,0.,1.));
#5851=DIRECTION('ref_axis',(1.,0.,0.));
#5852=DIRECTION('center_axis',(0.,0.,-1.));
#5853=DIRECTION('ref_axis',(0.707106781186548,0.707106781186547,0.));
#5854=DIRECTION('center_axis',(0.,0.,1.));
#5855=DIRECTION('ref_axis',(0.707106781186548,0.707106781186547,0.));
#5856=DIRECTION('',(0.,0.,1.));
#5857=DIRECTION('center_axis',(0.,0.,-1.));
#5858=DIRECTION('ref_axis',(0.707106781186548,0.707106781186547,0.));
#5859=DIRECTION('',(0.,0.,-1.));
#5860=DIRECTION('center_axis',(1.,0.,0.));
#5861=DIRECTION('ref_axis',(0.,-1.,0.));
#5862=DIRECTION('',(0.,-1.,0.));
#5863=DIRECTION('',(0.,0.,1.));
#5864=DIRECTION('',(0.,-1.,0.));
#5865=DIRECTION('center_axis',(0.,0.,1.));
#5866=DIRECTION('ref_axis',(1.,0.,0.));
#5867=DIRECTION('',(1.,0.,0.));
#5868=DIRECTION('center_axis',(0.,0.,-1.));
#5869=DIRECTION('ref_axis',(-0.707106781186547,0.707106781186548,0.));
#5870=DIRECTION('',(0.,1.,0.));
#5871=DIRECTION('center_axis',(0.,0.,-1.));
#5872=DIRECTION('ref_axis',(-0.707106781186547,-0.707106781186548,0.));
#5873=DIRECTION('',(-1.,0.,0.));
#5874=DIRECTION('center_axis',(0.,0.,-1.));
#5875=DIRECTION('ref_axis',(0.707106781186548,-0.707106781186548,0.));
#5876=DIRECTION('center_axis',(0.,0.,-1.));
#5877=DIRECTION('ref_axis',(1.,0.,0.));
#5878=DIRECTION('center_axis',(0.,0.,-1.));
#5879=DIRECTION('ref_axis',(1.,0.,0.));
#5880=DIRECTION('center_axis',(0.,0.,-1.));
#5881=DIRECTION('ref_axis',(1.,0.,0.));
#5882=DIRECTION('center_axis',(0.,0.,-1.));
#5883=DIRECTION('ref_axis',(1.,0.,0.));
#5884=DIRECTION('center_axis',(0.,0.,-1.));
#5885=DIRECTION('ref_axis',(1.,0.,0.));
#5886=DIRECTION('center_axis',(0.,0.,-1.));
#5887=DIRECTION('ref_axis',(1.,0.,0.));
#5888=DIRECTION('center_axis',(0.,0.,-1.));
#5889=DIRECTION('ref_axis',(1.,0.,0.));
#5890=DIRECTION('center_axis',(0.,0.,-1.));
#5891=DIRECTION('ref_axis',(1.,0.,0.));
#5892=DIRECTION('center_axis',(0.,0.,-1.));
#5893=DIRECTION('ref_axis',(1.,0.,0.));
#5894=DIRECTION('center_axis',(0.,0.,-1.));
#5895=DIRECTION('ref_axis',(1.,0.,0.));
#5896=DIRECTION('center_axis',(0.,0.,-1.));
#5897=DIRECTION('ref_axis',(1.,0.,0.));
#5898=DIRECTION('center_axis',(0.,0.,-1.));
#5899=DIRECTION('ref_axis',(1.,0.,0.));
#5900=DIRECTION('center_axis',(0.,0.,-1.));
#5901=DIRECTION('ref_axis',(0.707106781186548,-0.707106781186548,0.));
#5902=DIRECTION('center_axis',(0.,0.,1.));
#5903=DIRECTION('ref_axis',(0.707106781186548,-0.707106781186548,0.));
#5904=DIRECTION('',(0.,0.,-1.));
#5905=DIRECTION('center_axis',(0.,-1.,0.));
#5906=DIRECTION('ref_axis',(-1.,0.,0.));
#5907=DIRECTION('',(0.,0.,1.));
#5908=DIRECTION('',(-1.,0.,0.));
#5909=DIRECTION('center_axis',(0.,0.,-1.));
#5910=DIRECTION('ref_axis',(-0.707106781186547,0.707106781186548,0.));
#5911=DIRECTION('center_axis',(0.,0.,1.));
#5912=DIRECTION('ref_axis',(-0.707106781186547,0.707106781186548,0.));
#5913=DIRECTION('',(0.,0.,1.));
#5914=DIRECTION('',(0.,0.,-1.));
#5915=DIRECTION('center_axis',(0.,1.,0.));
#5916=DIRECTION('ref_axis',(1.,0.,0.));
#5917=DIRECTION('',(1.,0.,0.));
#5918=DIRECTION('center_axis',(0.,0.,-1.));
#5919=DIRECTION('ref_axis',(-0.707106781186547,-0.707106781186548,0.));
#5920=DIRECTION('center_axis',(0.,0.,1.));
#5921=DIRECTION('ref_axis',(-0.707106781186547,-0.707106781186548,0.));
#5922=DIRECTION('',(0.,0.,-1.));
#5923=DIRECTION('center_axis',(0.,0.,1.));
#5924=DIRECTION('ref_axis',(1.,0.,0.));
#5925=DIRECTION('',(0.707106781186547,-8.65956056235493E-17,-0.707106781186548));
#5926=DIRECTION('center_axis',(0.,0.,-1.));
#5927=DIRECTION('ref_axis',(1.,0.,0.));
#5928=DIRECTION('center_axis',(0.,0.,-1.));
#5929=DIRECTION('ref_axis',(1.,0.,0.));
#5930=DIRECTION('',(0.,0.,-1.));
#5931=DIRECTION('center_axis',(0.,0.,1.));
#5932=DIRECTION('ref_axis',(1.,0.,0.));
#5933=DIRECTION('center_axis',(0.,0.,1.));
#5934=DIRECTION('ref_axis',(1.,0.,0.));
#5935=DIRECTION('',(0.707106781186547,-8.65956056235493E-17,-0.707106781186548));
#5936=DIRECTION('center_axis',(0.,0.,-1.));
#5937=DIRECTION('ref_axis',(1.,0.,0.));
#5938=DIRECTION('center_axis',(0.,0.,-1.));
#5939=DIRECTION('ref_axis',(1.,0.,0.));
#5940=DIRECTION('',(0.,0.,-1.));
#5941=DIRECTION('center_axis',(0.,0.,1.));
#5942=DIRECTION('ref_axis',(1.,0.,0.));
#5943=DIRECTION('center_axis',(0.,0.,1.));
#5944=DIRECTION('ref_axis',(1.,0.,0.));
#5945=DIRECTION('',(0.707106781186547,-8.65956056235493E-17,-0.707106781186548));
#5946=DIRECTION('center_axis',(0.,0.,-1.));
#5947=DIRECTION('ref_axis',(1.,0.,0.));
#5948=DIRECTION('center_axis',(0.,0.,-1.));
#5949=DIRECTION('ref_axis',(1.,0.,0.));
#5950=DIRECTION('',(0.,0.,-1.));
#5951=DIRECTION('center_axis',(0.,0.,1.));
#5952=DIRECTION('ref_axis',(1.,0.,0.));
#5953=DIRECTION('center_axis',(0.,0.,1.));
#5954=DIRECTION('ref_axis',(1.,0.,0.));
#5955=DIRECTION('',(0.707106781186547,-8.65956056235493E-17,-0.707106781186548));
#5956=DIRECTION('center_axis',(0.,0.,-1.));
#5957=DIRECTION('ref_axis',(1.,0.,0.));
#5958=DIRECTION('center_axis',(0.,0.,-1.));
#5959=DIRECTION('ref_axis',(1.,0.,0.));
#5960=DIRECTION('',(0.,0.,-1.));
#5961=DIRECTION('center_axis',(0.,0.,1.));
#5962=DIRECTION('ref_axis',(1.,0.,0.));
#5963=DIRECTION('center_axis',(0.,0.,-1.));
#5964=DIRECTION('ref_axis',(1.,0.,0.));
#5965=DIRECTION('center_axis',(0.,0.,1.));
#5966=DIRECTION('ref_axis',(1.,0.,0.));
#5967=DIRECTION('',(0.,0.,1.));
#5968=DIRECTION('center_axis',(0.,0.,-1.));
#5969=DIRECTION('ref_axis',(1.,0.,0.));
#5970=DIRECTION('center_axis',(0.,0.,1.));
#5971=DIRECTION('ref_axis',(1.,0.,0.));
#5972=DIRECTION('',(0.,0.,1.));
#5973=DIRECTION('center_axis',(0.,0.,-1.));
#5974=DIRECTION('ref_axis',(1.,0.,0.));
#5975=DIRECTION('center_axis',(0.,0.,1.));
#5976=DIRECTION('ref_axis',(1.,0.,0.));
#5977=DIRECTION('',(0.,0.,1.));
#5978=DIRECTION('center_axis',(0.,0.,-1.));
#5979=DIRECTION('ref_axis',(1.,0.,0.));
#5980=DIRECTION('center_axis',(0.,0.,1.));
#5981=DIRECTION('ref_axis',(1.,0.,0.));
#5982=DIRECTION('',(0.,0.,1.));
#5983=DIRECTION('center_axis',(0.,0.,-1.));
#5984=DIRECTION('ref_axis',(1.,0.,0.));
#5985=DIRECTION('center_axis',(0.,0.,1.));
#5986=DIRECTION('ref_axis',(1.,0.,0.));
#5987=DIRECTION('',(0.,0.,1.));
#5988=DIRECTION('center_axis',(0.,0.,-1.));
#5989=DIRECTION('ref_axis',(1.,0.,0.));
#5990=DIRECTION('center_axis',(0.,0.,1.));
#5991=DIRECTION('ref_axis',(1.,0.,0.));
#5992=DIRECTION('',(0.,0.,1.));
#5993=DIRECTION('center_axis',(0.,0.,-1.));
#5994=DIRECTION('ref_axis',(1.,0.,0.));
#5995=DIRECTION('center_axis',(0.,0.,1.));
#5996=DIRECTION('ref_axis',(1.,0.,0.));
#5997=DIRECTION('',(0.,0.,1.));
#5998=DIRECTION('center_axis',(0.,0.,-1.));
#5999=DIRECTION('ref_axis',(1.,0.,0.));
#6000=DIRECTION('center_axis',(0.,0.,1.));
#6001=DIRECTION('ref_axis',(1.,0.,0.));
#6002=DIRECTION('',(0.,0.,1.));
#6003=DIRECTION('center_axis',(-1.,0.,0.));
#6004=DIRECTION('ref_axis',(0.,1.,0.));
#6005=DIRECTION('',(0.,1.,0.));
#6006=DIRECTION('center_axis',(0.,0.,1.));
#6007=DIRECTION('ref_axis',(1.,0.,0.));
#6008=DIRECTION('',(0.,0.,1.));
#6009=DIRECTION('',(1.,0.,0.));
#6010=DIRECTION('center_axis',(0.,0.,1.));
#6011=DIRECTION('ref_axis',(1.,0.,0.));
#6012=CARTESIAN_POINT('',(0.,0.,0.));
#6013=CARTESIAN_POINT('',(0.,0.,0.));
#6014=CARTESIAN_POINT('Origin',(37.8756409116867,8.83146586949985,0.));
#6015=CARTESIAN_POINT('',(35.0398448916085,11.667261889578,0.));
#6016=CARTESIAN_POINT('',(37.8756409116867,8.83146586949985,0.));
#6017=CARTESIAN_POINT('',(37.1679668551564,9.5391399260302,0.));
#6018=CARTESIAN_POINT('',(35.0398448916085,11.667261889578,0.02));
#6019=CARTESIAN_POINT('',(35.0398448916085,11.667261889578,0.));
#6020=CARTESIAN_POINT('',(37.8756409116867,8.83146586949985,0.02));
#6021=CARTESIAN_POINT('',(37.1679668551564,9.5391399260302,0.02));
#6022=CARTESIAN_POINT('',(37.8756409116867,8.83146586949985,0.));
#6023=CARTESIAN_POINT('Origin',(46.,0.,0.));
#6024=CARTESIAN_POINT('',(37.8756409116867,-8.83146586949987,0.));
#6025=CARTESIAN_POINT('Origin',(46.,0.,0.));
#6026=CARTESIAN_POINT('',(37.8756409116867,-8.83146586949987,0.02));
#6027=CARTESIAN_POINT('Origin',(46.,0.,0.02));
#6028=CARTESIAN_POINT('',(37.8756409116867,-8.83146586949987,0.));
#6029=CARTESIAN_POINT('Origin',(35.0398448916085,-11.667261889578,0.));
#6030=CARTESIAN_POINT('',(35.0398448916085,-11.667261889578,0.));
#6031=CARTESIAN_POINT('',(35.0398448916085,-11.667261889578,0.));
#6032=CARTESIAN_POINT('',(35.0398448916085,-11.667261889578,0.02));
#6033=CARTESIAN_POINT('',(35.0398448916085,-11.667261889578,0.02));
#6034=CARTESIAN_POINT('',(35.0398448916085,-11.667261889578,0.));
#6035=CARTESIAN_POINT('Origin',(34.332738110422,-10.9601551083915,0.));
#6036=CARTESIAN_POINT('',(34.332738110422,-10.9601551083915,0.));
#6037=CARTESIAN_POINT('',(34.6862915010152,-11.3137084989848,0.));
#6038=CARTESIAN_POINT('',(34.332738110422,-10.9601551083915,0.02));
#6039=CARTESIAN_POINT('',(34.6862915010152,-11.3137084989848,0.02));
#6040=CARTESIAN_POINT('',(34.332738110422,-10.9601551083915,0.));
#6041=CARTESIAN_POINT('Origin',(36.4608600739698,-8.83203314484365,0.));
#6042=CARTESIAN_POINT('',(36.4608600739698,-8.83203314484365,0.));
#6043=CARTESIAN_POINT('',(34.332738110422,-10.9601551083915,0.));
#6044=CARTESIAN_POINT('',(36.4608600739698,-8.83203314484365,0.02));
#6045=CARTESIAN_POINT('',(34.332738110422,-10.9601551083915,0.02));
#6046=CARTESIAN_POINT('',(36.4608600739698,-8.83203314484365,0.));
#6047=CARTESIAN_POINT('Origin',(46.,0.,0.));
#6048=CARTESIAN_POINT('',(33.5816649664841,-3.84512093377474,0.));
#6049=CARTESIAN_POINT('Origin',(46.,0.,0.));
#6050=CARTESIAN_POINT('',(33.5816649664841,-3.84512093377474,0.02));
#6051=CARTESIAN_POINT('Origin',(46.,0.,0.02));
#6052=CARTESIAN_POINT('',(33.5816649664841,-3.84512093377474,0.));
#6053=CARTESIAN_POINT('Origin',(30.6745963019262,-4.62406763478486,0.));
#6054=CARTESIAN_POINT('',(30.6745963019262,-4.62406763478486,0.));
#6055=CARTESIAN_POINT('',(30.6745963019262,-4.62406763478486,0.));
#6056=CARTESIAN_POINT('',(30.6745963019262,-4.62406763478486,0.02));
#6057=CARTESIAN_POINT('',(30.6745963019262,-4.62406763478486,0.02));
#6058=CARTESIAN_POINT('',(30.6745963019262,-4.62406763478486,0.));
#6059=CARTESIAN_POINT('Origin',(30.4157772568237,-3.65814180849581,0.));
#6060=CARTESIAN_POINT('',(30.4157772568237,-3.65814180849581,0.));
#6061=CARTESIAN_POINT('',(30.5451867793749,-4.14110472164033,0.));
#6062=CARTESIAN_POINT('',(30.4157772568237,-3.65814180849581,0.02));
#6063=CARTESIAN_POINT('',(30.5451867793749,-4.14110472164033,0.02));
#6064=CARTESIAN_POINT('',(30.4157772568237,-3.65814180849581,0.));
#6065=CARTESIAN_POINT('Origin',(33.3228459213816,-2.87919510748567,0.));
#6066=CARTESIAN_POINT('',(33.3228459213816,-2.87919510748567,0.));
#6067=CARTESIAN_POINT('',(30.4157772568237,-3.65814180849581,0.));
#6068=CARTESIAN_POINT('',(33.3228459213816,-2.87919510748567,0.02));
#6069=CARTESIAN_POINT('',(30.4157772568237,-3.65814180849581,0.02));
#6070=CARTESIAN_POINT('',(33.3228459213816,-2.87919510748567,0.));
#6071=CARTESIAN_POINT('Origin',(46.,0.,0.));
#6072=CARTESIAN_POINT('',(33.3228459213816,2.87919510748566,0.));
#6073=CARTESIAN_POINT('Origin',(46.,0.,0.));
#6074=CARTESIAN_POINT('',(33.3228459213816,2.87919510748566,0.02));
#6075=CARTESIAN_POINT('Origin',(46.,0.,0.02));
#6076=CARTESIAN_POINT('',(33.3228459213816,2.87919510748566,0.));
#6077=CARTESIAN_POINT('Origin',(30.4157772568237,3.6581418084958,0.));
#6078=CARTESIAN_POINT('',(30.4157772568237,3.6581418084958,0.));
#6079=CARTESIAN_POINT('',(30.4157772568237,3.6581418084958,0.));
#6080=CARTESIAN_POINT('',(30.4157772568237,3.6581418084958,0.02));
#6081=CARTESIAN_POINT('',(30.4157772568237,3.6581418084958,0.02));
#6082=CARTESIAN_POINT('',(30.4157772568237,3.6581418084958,0.));
#6083=CARTESIAN_POINT('Origin',(30.6745963019262,4.62406763478486,0.));
#6084=CARTESIAN_POINT('',(30.6745963019262,4.62406763478486,0.));
#6085=CARTESIAN_POINT('',(30.5451867793749,4.14110472164033,0.));
#6086=CARTESIAN_POINT('',(30.6745963019262,4.62406763478486,0.02));
#6087=CARTESIAN_POINT('',(30.5451867793749,4.14110472164033,0.02));
#6088=CARTESIAN_POINT('',(30.6745963019262,4.62406763478486,0.));
#6089=CARTESIAN_POINT('Origin',(33.5816649664841,3.84512093377473,0.));
#6090=CARTESIAN_POINT('',(33.5816649664841,3.84512093377473,0.));
#6091=CARTESIAN_POINT('',(30.6745963019262,4.62406763478486,0.));
#6092=CARTESIAN_POINT('',(33.5816649664841,3.84512093377473,0.02));
#6093=CARTESIAN_POINT('',(30.6745963019262,4.62406763478486,0.02));
#6094=CARTESIAN_POINT('',(33.5816649664841,3.84512093377473,0.));
#6095=CARTESIAN_POINT('Origin',(46.,0.,0.));
#6096=CARTESIAN_POINT('',(36.4608600739698,8.83203314484364,0.));
#6097=CARTESIAN_POINT('Origin',(46.,0.,0.));
#6098=CARTESIAN_POINT('',(36.4608600739698,8.83203314484364,0.02));
#6099=CARTESIAN_POINT('Origin',(46.,0.,0.02));
#6100=CARTESIAN_POINT('',(36.4608600739698,8.83203314484364,0.));
#6101=CARTESIAN_POINT('Origin',(34.332738110422,10.9601551083915,0.));
#6102=CARTESIAN_POINT('',(34.332738110422,10.9601551083915,0.));
#6103=CARTESIAN_POINT('',(34.332738110422,10.9601551083915,0.));
#6104=CARTESIAN_POINT('',(34.332738110422,10.9601551083915,0.02));
#6105=CARTESIAN_POINT('',(34.332738110422,10.9601551083915,0.02));
#6106=CARTESIAN_POINT('',(34.332738110422,10.9601551083915,0.));
#6107=CARTESIAN_POINT('Origin',(35.0398448916085,11.667261889578,0.));
#6108=CARTESIAN_POINT('',(34.6862915010152,11.3137084989848,0.));
#6109=CARTESIAN_POINT('',(34.6862915010152,11.3137084989848,0.02));
#6110=CARTESIAN_POINT('Origin',(34.1457090842552,-2.22044604925031E-15,
0.02));
#6111=CARTESIAN_POINT('Origin',(34.1457090842552,-2.22044604925031E-15,
0.));
#6112=CARTESIAN_POINT('Origin',(26.1985205610741,-5.30579042460168,0.));
#6113=CARTESIAN_POINT('',(24.1985205610741,-5.30579042460167,0.));
#6114=CARTESIAN_POINT('',(28.1985205610741,-5.30579042460168,0.));
#6115=CARTESIAN_POINT('Origin',(26.1985205610741,-5.30579042460168,0.));
#6116=CARTESIAN_POINT('',(28.1985205610741,-5.30579042460168,0.02));
#6117=CARTESIAN_POINT('',(28.1985205610741,-5.30579042460168,0.));
#6118=CARTESIAN_POINT('',(24.1985205610741,-5.30579042460167,0.02));
#6119=CARTESIAN_POINT('Origin',(26.1985205610741,-5.30579042460168,0.02));
#6120=CARTESIAN_POINT('',(24.1985205610741,-5.30579042460167,0.));
#6121=CARTESIAN_POINT('Origin',(28.1985205610741,-5.30579042460168,0.));
#6122=CARTESIAN_POINT('',(26.1985205610741,-5.30579042460168,0.));
#6123=CARTESIAN_POINT('',(26.1985205610741,-5.30579042460168,0.02));
#6124=CARTESIAN_POINT('Origin',(26.1985205610741,-5.30579042460168,0.));
#6125=CARTESIAN_POINT('',(23.1985205610741,-5.30579042460168,0.02));
#6126=CARTESIAN_POINT('Origin',(26.1985205610741,-5.30579042460168,0.02));
#6127=CARTESIAN_POINT('',(23.1985205610741,-5.30579042460168,0.));
#6128=CARTESIAN_POINT('',(23.1985205610741,-5.30579042460168,0.));
#6129=CARTESIAN_POINT('Origin',(26.1985205610741,-5.30579042460168,0.));
#6130=CARTESIAN_POINT('Origin',(26.1985205610741,-5.30579042460168,0.02));
#6131=CARTESIAN_POINT('Origin',(26.1985205610741,-5.30579042460168,0.));
#6132=CARTESIAN_POINT('Origin',(47.0989088192582,-55.4895972013474,0.));
#6133=CARTESIAN_POINT('',(46.3519785776734,-55.4895972013474,0.));
#6134=CARTESIAN_POINT('',(47.0989088192582,-55.4895972013474,0.));
#6135=CARTESIAN_POINT('',(46.3519785776734,-55.4895972013474,0.));
#6136=CARTESIAN_POINT('',(46.3519785776734,-55.4895972013474,0.02));
#6137=CARTESIAN_POINT('',(46.3519785776734,-55.4895972013474,0.));
#6138=CARTESIAN_POINT('',(47.0989088192582,-55.4895972013474,0.02));
#6139=CARTESIAN_POINT('',(46.3519785776734,-55.4895972013474,0.02));
#6140=CARTESIAN_POINT('',(47.0989088192582,-55.4895972013474,0.));
#6141=CARTESIAN_POINT('Ctrl Pts',(48.0061391964555,-55.4282056093216,0.));
#6142=CARTESIAN_POINT('Ctrl Pts',(48.0061391964555,-55.4282056093216,0.02));
#6143=CARTESIAN_POINT('Ctrl Pts',(47.9005981296007,-55.4457651719928,0.));
#6144=CARTESIAN_POINT('Ctrl Pts',(47.9005981296007,-55.4457651719928,0.02));
#6145=CARTESIAN_POINT('Ctrl Pts',(47.6006981782422,-55.4956615028515,0.));
#6146=CARTESIAN_POINT('Ctrl Pts',(47.6006981782422,-55.4956615028515,0.02));
#6147=CARTESIAN_POINT('Ctrl Pts',(47.2962289539561,-55.4919818848171,0.));
#6148=CARTESIAN_POINT('Ctrl Pts',(47.2962289539561,-55.4919818848171,0.02));
#6149=CARTESIAN_POINT('Ctrl Pts',(47.0989088192582,-55.4895972013474,0.));
#6150=CARTESIAN_POINT('Ctrl Pts',(47.0989088192582,-55.4895972013474,0.02));
#6151=CARTESIAN_POINT('',(48.0061391964555,-55.4282056093216,0.));
#6152=CARTESIAN_POINT('Ctrl Pts',(47.0989088192582,-55.4895972013474,0.));
#6153=CARTESIAN_POINT('Ctrl Pts',(47.2962289539561,-55.4919818848171,0.));
#6154=CARTESIAN_POINT('Ctrl Pts',(47.6006981782422,-55.4956615028515,0.));
#6155=CARTESIAN_POINT('Ctrl Pts',(47.9005981296007,-55.4457651719928,0.));
#6156=CARTESIAN_POINT('Ctrl Pts',(48.0061391964555,-55.4282056093216,0.));
#6157=CARTESIAN_POINT('',(48.0061391964555,-55.4282056093216,0.02));
#6158=CARTESIAN_POINT('Ctrl Pts',(48.0061391964555,-55.4282056093216,0.02));
#6159=CARTESIAN_POINT('Ctrl Pts',(47.9005981296007,-55.4457651719928,0.02));
#6160=CARTESIAN_POINT('Ctrl Pts',(47.6006981782422,-55.4956615028515,0.02));
#6161=CARTESIAN_POINT('Ctrl Pts',(47.2962289539561,-55.4919818848171,0.02));
#6162=CARTESIAN_POINT('Ctrl Pts',(47.0989088192582,-55.4895972013474,0.02));
#6163=CARTESIAN_POINT('',(48.0061391964555,-55.4282056093216,0.));
#6164=CARTESIAN_POINT('Ctrl Pts',(48.2892225161195,-55.216746211052,0.));
#6165=CARTESIAN_POINT('Ctrl Pts',(48.2892225161195,-55.216746211052,0.02));
#6166=CARTESIAN_POINT('Ctrl Pts',(48.2514515079073,-55.2632068467371,0.));
#6167=CARTESIAN_POINT('Ctrl Pts',(48.2514515079073,-55.2632068467371,0.02));
#6168=CARTESIAN_POINT('Ctrl Pts',(48.1748789406955,-55.3573957582092,0.));
#6169=CARTESIAN_POINT('Ctrl Pts',(48.1748789406955,-55.3573957582092,0.02));
#6170=CARTESIAN_POINT('Ctrl Pts',(48.0628881865169,-55.4043914951357,0.));
#6171=CARTESIAN_POINT('Ctrl Pts',(48.0628881865169,-55.4043914951357,0.02));
#6172=CARTESIAN_POINT('Ctrl Pts',(48.0061391964555,-55.4282056093216,0.));
#6173=CARTESIAN_POINT('Ctrl Pts',(48.0061391964555,-55.4282056093216,0.02));
#6174=CARTESIAN_POINT('',(48.2892225161195,-55.216746211052,0.));
#6175=CARTESIAN_POINT('Ctrl Pts',(48.0061391964555,-55.4282056093216,0.));
#6176=CARTESIAN_POINT('Ctrl Pts',(48.0628881865169,-55.4043914951357,0.));
#6177=CARTESIAN_POINT('Ctrl Pts',(48.1748789406955,-55.3573957582092,0.));
#6178=CARTESIAN_POINT('Ctrl Pts',(48.2514515079073,-55.2632068467371,0.));
#6179=CARTESIAN_POINT('Ctrl Pts',(48.2892225161195,-55.216746211052,0.));
#6180=CARTESIAN_POINT('',(48.2892225161195,-55.216746211052,0.02));
#6181=CARTESIAN_POINT('Ctrl Pts',(48.2892225161195,-55.216746211052,0.02));
#6182=CARTESIAN_POINT('Ctrl Pts',(48.2514515079073,-55.2632068467371,0.02));
#6183=CARTESIAN_POINT('Ctrl Pts',(48.1748789406955,-55.3573957582092,0.02));
#6184=CARTESIAN_POINT('Ctrl Pts',(48.0628881865169,-55.4043914951357,0.02));
#6185=CARTESIAN_POINT('Ctrl Pts',(48.0061391964555,-55.4282056093216,0.02));
#6186=CARTESIAN_POINT('',(48.2892225161195,-55.216746211052,0.));
#6187=CARTESIAN_POINT('Ctrl Pts',(48.3915416374803,-54.8415755033493,0.));
#6188=CARTESIAN_POINT('Ctrl Pts',(48.3915416374803,-54.8415755033493,0.02));
#6189=CARTESIAN_POINT('Ctrl Pts',(48.3883410664736,-54.9118593203334,0.));
#6190=CARTESIAN_POINT('Ctrl Pts',(48.3883410664736,-54.9118593203334,0.02));
#6191=CARTESIAN_POINT('Ctrl Pts',(48.3822858606845,-55.044830272893,0.));
#6192=CARTESIAN_POINT('Ctrl Pts',(48.3822858606845,-55.044830272893,0.02));
#6193=CARTESIAN_POINT('Ctrl Pts',(48.3190391955803,-55.1616658521173,0.));
#6194=CARTESIAN_POINT('Ctrl Pts',(48.3190391955803,-55.1616658521173,0.02));
#6195=CARTESIAN_POINT('Ctrl Pts',(48.2892225161195,-55.216746211052,0.));
#6196=CARTESIAN_POINT('Ctrl Pts',(48.2892225161195,-55.216746211052,0.02));
#6197=CARTESIAN_POINT('',(48.3915416374803,-54.8415755033493,0.));
#6198=CARTESIAN_POINT('Ctrl Pts',(48.2892225161195,-55.216746211052,0.));
#6199=CARTESIAN_POINT('Ctrl Pts',(48.3190391955803,-55.1616658521173,0.));
#6200=CARTESIAN_POINT('Ctrl Pts',(48.3822858606845,-55.044830272893,0.));
#6201=CARTESIAN_POINT('Ctrl Pts',(48.3883410664736,-54.9118593203334,0.));
#6202=CARTESIAN_POINT('Ctrl Pts',(48.3915416374803,-54.8415755033493,0.));
#6203=CARTESIAN_POINT('',(48.3915416374803,-54.8415755033493,0.02));
#6204=CARTESIAN_POINT('Ctrl Pts',(48.3915416374803,-54.8415755033493,0.02));
#6205=CARTESIAN_POINT('Ctrl Pts',(48.3883410664736,-54.9118593203334,0.02));
#6206=CARTESIAN_POINT('Ctrl Pts',(48.3822858606845,-55.044830272893,0.02));
#6207=CARTESIAN_POINT('Ctrl Pts',(48.3190391955803,-55.1616658521173,0.02));
#6208=CARTESIAN_POINT('Ctrl Pts',(48.2892225161195,-55.216746211052,0.02));
#6209=CARTESIAN_POINT('',(48.3915416374803,-54.8415755033493,0.));
#6210=CARTESIAN_POINT('Ctrl Pts',(48.2568214312196,-54.4340037107468,0.));
#6211=CARTESIAN_POINT('Ctrl Pts',(48.2568214312196,-54.4340037107468,0.02));
#6212=CARTESIAN_POINT('Ctrl Pts',(48.29608131958,-54.491922974802,0.));
#6213=CARTESIAN_POINT('Ctrl Pts',(48.29608131958,-54.491922974802,0.02));
#6214=CARTESIAN_POINT('Ctrl Pts',(48.3792879321308,-54.61467589043,0.));
#6215=CARTESIAN_POINT('Ctrl Pts',(48.3792879321308,-54.61467589043,0.02));
#6216=CARTESIAN_POINT('Ctrl Pts',(48.387306512999,-54.7631544806422,0.));
#6217=CARTESIAN_POINT('Ctrl Pts',(48.387306512999,-54.7631544806422,0.02));
#6218=CARTESIAN_POINT('Ctrl Pts',(48.3915416374803,-54.8415755033493,0.));
#6219=CARTESIAN_POINT('Ctrl Pts',(48.3915416374803,-54.8415755033493,0.02));
#6220=CARTESIAN_POINT('',(48.2568214312196,-54.4340037107468,0.));
#6221=CARTESIAN_POINT('Ctrl Pts',(48.3915416374803,-54.8415755033493,0.));
#6222=CARTESIAN_POINT('Ctrl Pts',(48.387306512999,-54.7631544806422,0.));
#6223=CARTESIAN_POINT('Ctrl Pts',(48.3792879321308,-54.61467589043,0.));
#6224=CARTESIAN_POINT('Ctrl Pts',(48.29608131958,-54.491922974802,0.));
#6225=CARTESIAN_POINT('Ctrl Pts',(48.2568214312196,-54.4340037107468,0.));
#6226=CARTESIAN_POINT('',(48.2568214312196,-54.4340037107468,0.02));
#6227=CARTESIAN_POINT('Ctrl Pts',(48.2568214312196,-54.4340037107468,0.02));
#6228=CARTESIAN_POINT('Ctrl Pts',(48.29608131958,-54.491922974802,0.02));
#6229=CARTESIAN_POINT('Ctrl Pts',(48.3792879321308,-54.61467589043,0.02));
#6230=CARTESIAN_POINT('Ctrl Pts',(48.387306512999,-54.7631544806422,0.02));
#6231=CARTESIAN_POINT('Ctrl Pts',(48.3915416374803,-54.8415755033493,0.02));
#6232=CARTESIAN_POINT('',(48.2568214312196,-54.4340037107468,0.));
#6233=CARTESIAN_POINT('Ctrl Pts',(47.8765348568559,-54.2378919124603,0.));
#6234=CARTESIAN_POINT('Ctrl Pts',(47.8765348568559,-54.2378919124603,0.02));
#6235=CARTESIAN_POINT('Ctrl Pts',(47.9524421302767,-54.2548216682033,0.));
#6236=CARTESIAN_POINT('Ctrl Pts',(47.9524421302767,-54.2548216682033,0.02));
#6237=CARTESIAN_POINT('Ctrl Pts',(48.0967157759158,-54.2869993169417,0.));
#6238=CARTESIAN_POINT('Ctrl Pts',(48.0967157759158,-54.2869993169417,0.02));
#6239=CARTESIAN_POINT('Ctrl Pts',(48.2053455005126,-54.386739996203,0.));
#6240=CARTESIAN_POINT('Ctrl Pts',(48.2053455005126,-54.386739996203,0.02));
#6241=CARTESIAN_POINT('Ctrl Pts',(48.2568214312196,-54.4340037107468,0.));
#6242=CARTESIAN_POINT('Ctrl Pts',(48.2568214312196,-54.4340037107468,0.02));
#6243=CARTESIAN_POINT('',(47.8765348568559,-54.2378919124603,0.));
#6244=CARTESIAN_POINT('Ctrl Pts',(48.2568214312196,-54.4340037107468,0.));
#6245=CARTESIAN_POINT('Ctrl Pts',(48.2053455005126,-54.386739996203,0.));
#6246=CARTESIAN_POINT('Ctrl Pts',(48.0967157759158,-54.2869993169417,0.));
#6247=CARTESIAN_POINT('Ctrl Pts',(47.9524421302767,-54.2548216682033,0.));
#6248=CARTESIAN_POINT('Ctrl Pts',(47.8765348568559,-54.2378919124603,0.));
#6249=CARTESIAN_POINT('',(47.8765348568559,-54.2378919124603,0.02));
#6250=CARTESIAN_POINT('Ctrl Pts',(47.8765348568559,-54.2378919124603,0.02));
#6251=CARTESIAN_POINT('Ctrl Pts',(47.9524421302767,-54.2548216682033,0.02));
#6252=CARTESIAN_POINT('Ctrl Pts',(48.0967157759158,-54.2869993169417,0.02));
#6253=CARTESIAN_POINT('Ctrl Pts',(48.2053455005126,-54.386739996203,0.02));
#6254=CARTESIAN_POINT('Ctrl Pts',(48.2568214312196,-54.4340037107468,0.02));
#6255=CARTESIAN_POINT('',(47.8765348568559,-54.2378919124603,0.));
#6256=CARTESIAN_POINT('Ctrl Pts',(47.1398363485932,-54.2208384275437,0.));
#6257=CARTESIAN_POINT('Ctrl Pts',(47.1398363485932,-54.2208384275437,0.02));
#6258=CARTESIAN_POINT('Ctrl Pts',(47.3036188429909,-54.2198958939342,0.));
#6259=CARTESIAN_POINT('Ctrl Pts',(47.3036188429909,-54.2198958939342,0.02));
#6260=CARTESIAN_POINT('Ctrl Pts',(47.5494005921904,-54.218481471959,0.));
#6261=CARTESIAN_POINT('Ctrl Pts',(47.5494005921904,-54.218481471959,0.02));
#6262=CARTESIAN_POINT('Ctrl Pts',(47.7946973934421,-54.2330361043536,0.));
#6263=CARTESIAN_POINT('Ctrl Pts',(47.7946973934421,-54.2330361043536,0.02));
#6264=CARTESIAN_POINT('Ctrl Pts',(47.8765348568559,-54.2378919124603,0.));
#6265=CARTESIAN_POINT('Ctrl Pts',(47.8765348568559,-54.2378919124603,0.02));
#6266=CARTESIAN_POINT('',(47.1398363485932,-54.2208384275437,0.));
#6267=CARTESIAN_POINT('Ctrl Pts',(47.8765348568559,-54.2378919124603,0.));
#6268=CARTESIAN_POINT('Ctrl Pts',(47.7946973934421,-54.2330361043536,0.));
#6269=CARTESIAN_POINT('Ctrl Pts',(47.5494005921904,-54.218481471959,0.));
#6270=CARTESIAN_POINT('Ctrl Pts',(47.3036188429909,-54.2198958939342,0.));
#6271=CARTESIAN_POINT('Ctrl Pts',(47.1398363485932,-54.2208384275437,0.));
#6272=CARTESIAN_POINT('',(47.1398363485932,-54.2208384275437,0.02));
#6273=CARTESIAN_POINT('Ctrl Pts',(47.1398363485932,-54.2208384275437,0.02));
#6274=CARTESIAN_POINT('Ctrl Pts',(47.3036188429909,-54.2198958939342,0.02));
#6275=CARTESIAN_POINT('Ctrl Pts',(47.5494005921904,-54.218481471959,0.02));
#6276=CARTESIAN_POINT('Ctrl Pts',(47.7946973934421,-54.2330361043536,0.02));
#6277=CARTESIAN_POINT('Ctrl Pts',(47.8765348568559,-54.2378919124603,0.02));
#6278=CARTESIAN_POINT('',(47.1398363485932,-54.2208384275437,0.));
#6279=CARTESIAN_POINT('Origin',(46.3519785776734,-54.2208384275437,0.));
#6280=CARTESIAN_POINT('',(46.3519785776734,-54.2208384275437,0.));
#6281=CARTESIAN_POINT('',(47.1398363485932,-54.2208384275437,0.));
#6282=CARTESIAN_POINT('',(46.3519785776734,-54.2208384275437,0.02));
#6283=CARTESIAN_POINT('',(47.1398363485932,-54.2208384275437,0.02));
#6284=CARTESIAN_POINT('',(46.3519785776734,-54.2208384275437,0.));
#6285=CARTESIAN_POINT('Origin',(46.3519785776734,-55.4895972013474,0.));
#6286=CARTESIAN_POINT('',(46.3519785776734,-54.2208384275437,0.));
#6287=CARTESIAN_POINT('',(46.3519785776734,-54.2208384275437,0.02));
#6288=CARTESIAN_POINT('Origin',(45.3424284830689,-53.3749996423721,0.));
#6289=CARTESIAN_POINT('',(45.3424284830689,-58.3749996423721,0.));
#6290=CARTESIAN_POINT('',(45.3424284830689,-53.3749996423721,0.));
#6291=CARTESIAN_POINT('',(45.3424284830689,-58.3749996423721,0.));
#6292=CARTESIAN_POINT('',(45.3424284830689,-58.3749996423721,0.02));
#6293=CARTESIAN_POINT('',(45.3424284830689,-58.3749996423721,0.));
#6294=CARTESIAN_POINT('',(45.3424284830689,-53.3749996423721,0.02));
#6295=CARTESIAN_POINT('',(45.3424284830689,-58.3749996423721,0.02));
#6296=CARTESIAN_POINT('',(45.3424284830689,-53.3749996423721,0.));
#6297=CARTESIAN_POINT('Origin',(47.4672577753663,-53.3749996423721,0.));
#6298=CARTESIAN_POINT('',(47.4672577753663,-53.3749996423721,0.));
#6299=CARTESIAN_POINT('',(45.3424284830689,-53.3749996423721,0.));
#6300=CARTESIAN_POINT('',(47.4672577753663,-53.3749996423721,0.02));
#6301=CARTESIAN_POINT('',(45.3424284830689,-53.3749996423721,0.02));
#6302=CARTESIAN_POINT('',(47.4672577753663,-53.3749996423721,0.));
#6303=CARTESIAN_POINT('Ctrl Pts',(48.6319921389222,-53.5097198486328,0.));
#6304=CARTESIAN_POINT('Ctrl Pts',(48.6319921389222,-53.5097198486328,0.02));
#6305=CARTESIAN_POINT('Ctrl Pts',(48.4750840938486,-53.4707282330742,0.));
#6306=CARTESIAN_POINT('Ctrl Pts',(48.4750840938486,-53.4707282330742,0.02));
#6307=CARTESIAN_POINT('Ctrl Pts',(48.0933492488509,-53.3758672059389,0.));
#6308=CARTESIAN_POINT('Ctrl Pts',(48.0933492488509,-53.3758672059389,0.02));
#6309=CARTESIAN_POINT('Ctrl Pts',(47.6993234584206,-53.3753212115681,0.));
#6310=CARTESIAN_POINT('Ctrl Pts',(47.6993234584206,-53.3753212115681,0.02));
#6311=CARTESIAN_POINT('Ctrl Pts',(47.4672577753663,-53.3749996423721,0.));
#6312=CARTESIAN_POINT('Ctrl Pts',(47.4672577753663,-53.3749996423721,0.02));
#6313=CARTESIAN_POINT('',(48.6319921389222,-53.5097198486328,0.));
#6314=CARTESIAN_POINT('Ctrl Pts',(47.4672577753663,-53.3749996423721,0.));
#6315=CARTESIAN_POINT('Ctrl Pts',(47.6993234584206,-53.3753212115681,0.));
#6316=CARTESIAN_POINT('Ctrl Pts',(48.0933492488509,-53.3758672059389,0.));
#6317=CARTESIAN_POINT('Ctrl Pts',(48.4750840938486,-53.4707282330742,0.));
#6318=CARTESIAN_POINT('Ctrl Pts',(48.6319921389222,-53.5097198486328,0.));
#6319=CARTESIAN_POINT('',(48.6319921389222,-53.5097198486328,0.02));
#6320=CARTESIAN_POINT('Ctrl Pts',(48.6319921389222,-53.5097198486328,0.02));
#6321=CARTESIAN_POINT('Ctrl Pts',(48.4750840938486,-53.4707282330742,0.02));
#6322=CARTESIAN_POINT('Ctrl Pts',(48.0933492488509,-53.3758672059389,0.02));
#6323=CARTESIAN_POINT('Ctrl Pts',(47.6993234584206,-53.3753212115681,0.02));
#6324=CARTESIAN_POINT('Ctrl Pts',(47.4672577753663,-53.3749996423721,0.02));
#6325=CARTESIAN_POINT('',(48.6319921389222,-53.5097198486328,0.));
#6326=CARTESIAN_POINT('Ctrl Pts',(49.2135063782334,-53.9889149665833,0.));
#6327=CARTESIAN_POINT('Ctrl Pts',(49.2135063782334,-53.9889149665833,0.02));
#6328=CARTESIAN_POINT('Ctrl Pts',(49.1355686469361,-53.8831537198768,0.));
#6329=CARTESIAN_POINT('Ctrl Pts',(49.1355686469361,-53.8831537198768,0.02));
#6330=CARTESIAN_POINT('Ctrl Pts',(48.9818287066188,-53.6745291232162,0.));
#6331=CARTESIAN_POINT('Ctrl Pts',(48.9818287066188,-53.6745291232162,0.02));
#6332=CARTESIAN_POINT('Ctrl Pts',(48.7475194383917,-53.564145177996,0.));
#6333=CARTESIAN_POINT('Ctrl Pts',(48.7475194383917,-53.564145177996,0.02));
#6334=CARTESIAN_POINT('Ctrl Pts',(48.6319921389222,-53.5097198486328,0.));
#6335=CARTESIAN_POINT('Ctrl Pts',(48.6319921389222,-53.5097198486328,0.02));
#6336=CARTESIAN_POINT('',(49.2135063782334,-53.9889149665833,0.));
#6337=CARTESIAN_POINT('Ctrl Pts',(48.6319921389222,-53.5097198486328,0.));
#6338=CARTESIAN_POINT('Ctrl Pts',(48.7475194383917,-53.564145177996,0.));
#6339=CARTESIAN_POINT('Ctrl Pts',(48.9818287066188,-53.6745291232162,0.));
#6340=CARTESIAN_POINT('Ctrl Pts',(49.1355686469361,-53.8831537198768,0.));
#6341=CARTESIAN_POINT('Ctrl Pts',(49.2135063782334,-53.9889149665833,0.));
#6342=CARTESIAN_POINT('',(49.2135063782334,-53.9889149665833,0.02));
#6343=CARTESIAN_POINT('Ctrl Pts',(49.2135063782334,-53.9889149665833,0.02));
#6344=CARTESIAN_POINT('Ctrl Pts',(49.1355686469361,-53.8831537198768,0.02));
#6345=CARTESIAN_POINT('Ctrl Pts',(48.9818287066188,-53.6745291232162,0.02));
#6346=CARTESIAN_POINT('Ctrl Pts',(48.7475194383917,-53.564145177996,0.02));
#6347=CARTESIAN_POINT('Ctrl Pts',(48.6319921389222,-53.5097198486328,0.02));
#6348=CARTESIAN_POINT('',(49.2135063782334,-53.9889149665833,0.));
#6349=CARTESIAN_POINT('Ctrl Pts',(49.4317875280976,-54.7767733335495,0.));
#6350=CARTESIAN_POINT('Ctrl Pts',(49.4317875280976,-54.7767733335495,0.02));
#6351=CARTESIAN_POINT('Ctrl Pts',(49.4235270311419,-54.6344357076846,0.));
#6352=CARTESIAN_POINT('Ctrl Pts',(49.4235270311419,-54.6344357076846,0.02));
#6353=CARTESIAN_POINT('Ctrl Pts',(49.4073646270096,-54.3559393599735,0.));
#6354=CARTESIAN_POINT('Ctrl Pts',(49.4073646270096,-54.3559393599735,0.02));
#6355=CARTESIAN_POINT('Ctrl Pts',(49.2771628804942,-54.109433382875,0.));
#6356=CARTESIAN_POINT('Ctrl Pts',(49.2771628804942,-54.109433382875,0.02));
#6357=CARTESIAN_POINT('Ctrl Pts',(49.2135063782334,-53.9889149665833,0.));
#6358=CARTESIAN_POINT('Ctrl Pts',(49.2135063782334,-53.9889149665833,0.02));
#6359=CARTESIAN_POINT('',(49.4317875280976,-54.7767733335495,0.));
#6360=CARTESIAN_POINT('Ctrl Pts',(49.2135063782334,-53.9889149665833,0.));
#6361=CARTESIAN_POINT('Ctrl Pts',(49.2771628804942,-54.109433382875,0.));
#6362=CARTESIAN_POINT('Ctrl Pts',(49.4073646270096,-54.3559393599735,0.));
#6363=CARTESIAN_POINT('Ctrl Pts',(49.4235270311419,-54.6344357076846,0.));
#6364=CARTESIAN_POINT('Ctrl Pts',(49.4317875280976,-54.7767733335495,0.));
#6365=CARTESIAN_POINT('',(49.4317875280976,-54.7767733335495,0.02));
#6366=CARTESIAN_POINT('Ctrl Pts',(49.4317875280976,-54.7767733335495,0.02));
#6367=CARTESIAN_POINT('Ctrl Pts',(49.4235270311419,-54.6344357076846,0.02));
#6368=CARTESIAN_POINT('Ctrl Pts',(49.4073646270096,-54.3559393599735,0.02));
#6369=CARTESIAN_POINT('Ctrl Pts',(49.2771628804942,-54.109433382875,0.02));
#6370=CARTESIAN_POINT('Ctrl Pts',(49.2135063782334,-53.9889149665833,0.02));
#6371=CARTESIAN_POINT('',(49.4317875280976,-54.7767733335495,0.));
#6372=CARTESIAN_POINT('Ctrl Pts',(49.1009555235505,-55.7061730623245,0.));
#6373=CARTESIAN_POINT('Ctrl Pts',(49.1009555235505,-55.7061730623245,0.02));
#6374=CARTESIAN_POINT('Ctrl Pts',(49.1974135395251,-55.5726175627662,0.));
#6375=CARTESIAN_POINT('Ctrl Pts',(49.1974135395251,-55.5726175627662,0.02));
#6376=CARTESIAN_POINT('Ctrl Pts',(49.3975519399511,-55.295506492425,0.));
#6377=CARTESIAN_POINT('Ctrl Pts',(49.3975519399511,-55.295506492425,0.02));
#6378=CARTESIAN_POINT('Ctrl Pts',(49.4201043830203,-54.9537948214131,0.));
#6379=CARTESIAN_POINT('Ctrl Pts',(49.4201043830203,-54.9537948214131,0.02));
#6380=CARTESIAN_POINT('Ctrl Pts',(49.4317875280976,-54.7767733335495,0.));
#6381=CARTESIAN_POINT('Ctrl Pts',(49.4317875280976,-54.7767733335495,0.02));
#6382=CARTESIAN_POINT('',(49.1009555235505,-55.7061730623245,0.));
#6383=CARTESIAN_POINT('Ctrl Pts',(49.4317875280976,-54.7767733335495,0.));
#6384=CARTESIAN_POINT('Ctrl Pts',(49.4201043830203,-54.9537948214131,0.));
#6385=CARTESIAN_POINT('Ctrl Pts',(49.3975519399511,-55.295506492425,0.));
#6386=CARTESIAN_POINT('Ctrl Pts',(49.1974135395251,-55.5726175627662,0.));
#6387=CARTESIAN_POINT('Ctrl Pts',(49.1009555235505,-55.7061730623245,0.));
#6388=CARTESIAN_POINT('',(49.1009555235505,-55.7061730623245,0.02));
#6389=CARTESIAN_POINT('Ctrl Pts',(49.1009555235505,-55.7061730623245,0.02));
#6390=CARTESIAN_POINT('Ctrl Pts',(49.1974135395251,-55.5726175627662,0.02));
#6391=CARTESIAN_POINT('Ctrl Pts',(49.3975519399511,-55.295506492425,0.02));
#6392=CARTESIAN_POINT('Ctrl Pts',(49.4201043830203,-54.9537948214131,0.02));
#6393=CARTESIAN_POINT('Ctrl Pts',(49.4317875280976,-54.7767733335495,0.02));
#6394=CARTESIAN_POINT('',(49.1009555235505,-55.7061730623245,0.));
#6395=CARTESIAN_POINT('Ctrl Pts',(48.1118688955903,-56.1683146953583,0.));
#6396=CARTESIAN_POINT('Ctrl Pts',(48.1118688955903,-56.1683146953583,0.02));
#6397=CARTESIAN_POINT('Ctrl Pts',(48.3122145562476,-56.1308272750014,0.));
#6398=CARTESIAN_POINT('Ctrl Pts',(48.3122145562476,-56.1308272750014,0.02));
#6399=CARTESIAN_POINT('Ctrl Pts',(48.682960267706,-56.061455668522,0.));
#6400=CARTESIAN_POINT('Ctrl Pts',(48.682960267706,-56.061455668522,0.02));
#6401=CARTESIAN_POINT('Ctrl Pts',(48.9693340311579,-55.8180471235609,0.));
#6402=CARTESIAN_POINT('Ctrl Pts',(48.9693340311579,-55.8180471235609,0.02));
#6403=CARTESIAN_POINT('Ctrl Pts',(49.1009555235505,-55.7061730623245,0.));
#6404=CARTESIAN_POINT('Ctrl Pts',(49.1009555235505,-55.7061730623245,0.02));
#6405=CARTESIAN_POINT('',(48.1118688955903,-56.1683146953583,0.));
#6406=CARTESIAN_POINT('Ctrl Pts',(49.1009555235505,-55.7061730623245,0.));
#6407=CARTESIAN_POINT('Ctrl Pts',(48.9693340311579,-55.8180471235609,0.));
#6408=CARTESIAN_POINT('Ctrl Pts',(48.682960267706,-56.061455668522,0.));
#6409=CARTESIAN_POINT('Ctrl Pts',(48.3122145562476,-56.1308272750014,0.));
#6410=CARTESIAN_POINT('Ctrl Pts',(48.1118688955903,-56.1683146953583,0.));
#6411=CARTESIAN_POINT('',(48.1118688955903,-56.1683146953583,0.02));
#6412=CARTESIAN_POINT('Ctrl Pts',(48.1118688955903,-56.1683146953583,0.02));
#6413=CARTESIAN_POINT('Ctrl Pts',(48.3122145562476,-56.1308272750014,0.02));
#6414=CARTESIAN_POINT('Ctrl Pts',(48.682960267706,-56.061455668522,0.02));
#6415=CARTESIAN_POINT('Ctrl Pts',(48.9693340311579,-55.8180471235609,0.02));
#6416=CARTESIAN_POINT('Ctrl Pts',(49.1009555235505,-55.7061730623245,0.02));
#6417=CARTESIAN_POINT('',(48.1118688955903,-56.1683146953583,0.));
#6418=CARTESIAN_POINT('Ctrl Pts',(48.6524556055665,-56.58782351017,0.));
#6419=CARTESIAN_POINT('Ctrl Pts',(48.6524556055665,-56.58782351017,0.02));
#6420=CARTESIAN_POINT('Ctrl Pts',(48.5741990423771,-56.5118114377916,0.));
#6421=CARTESIAN_POINT('Ctrl Pts',(48.5741990423771,-56.5118114377916,0.02));
#6422=CARTESIAN_POINT('Ctrl Pts',(48.4096405967463,-56.3519727230568,0.));
#6423=CARTESIAN_POINT('Ctrl Pts',(48.4096405967463,-56.3519727230568,0.02));
#6424=CARTESIAN_POINT('Ctrl Pts',(48.2143093992165,-56.2314973980106,0.));
#6425=CARTESIAN_POINT('Ctrl Pts',(48.2143093992165,-56.2314973980106,0.02));
#6426=CARTESIAN_POINT('Ctrl Pts',(48.1118688955903,-56.1683146953583,0.));
#6427=CARTESIAN_POINT('Ctrl Pts',(48.1118688955903,-56.1683146953583,0.02));
#6428=CARTESIAN_POINT('',(48.6524556055665,-56.58782351017,0.));
#6429=CARTESIAN_POINT('Ctrl Pts',(48.1118688955903,-56.1683146953583,0.));
#6430=CARTESIAN_POINT('Ctrl Pts',(48.2143093992165,-56.2314973980106,0.));
#6431=CARTESIAN_POINT('Ctrl Pts',(48.4096405967463,-56.3519727230568,0.));
#6432=CARTESIAN_POINT('Ctrl Pts',(48.5741990423771,-56.5118114377916,0.));
#6433=CARTESIAN_POINT('Ctrl Pts',(48.6524556055665,-56.58782351017,0.));
#6434=CARTESIAN_POINT('',(48.6524556055665,-56.58782351017,0.02));
#6435=CARTESIAN_POINT('Ctrl Pts',(48.6524556055665,-56.58782351017,0.02));
#6436=CARTESIAN_POINT('Ctrl Pts',(48.5741990423771,-56.5118114377916,0.02));
#6437=CARTESIAN_POINT('Ctrl Pts',(48.4096405967463,-56.3519727230568,0.02));
#6438=CARTESIAN_POINT('Ctrl Pts',(48.2143093992165,-56.2314973980106,0.02));
#6439=CARTESIAN_POINT('Ctrl Pts',(48.1118688955903,-56.1683146953583,0.02));
#6440=CARTESIAN_POINT('',(48.6524556055665,-56.58782351017,0.));
#6441=CARTESIAN_POINT('Ctrl Pts',(49.2271486893296,-57.399556517601,0.));
#6442=CARTESIAN_POINT('Ctrl Pts',(49.2271486893296,-57.399556517601,0.02));
#6443=CARTESIAN_POINT('Ctrl Pts',(49.1231538408459,-57.2317182961149,0.));
#6444=CARTESIAN_POINT('Ctrl Pts',(49.1231538408459,-57.2317182961149,0.02));
#6445=CARTESIAN_POINT('Ctrl Pts',(48.9481209536333,-56.9492311448793,0.));
#6446=CARTESIAN_POINT('Ctrl Pts',(48.9481209536333,-56.9492311448793,0.02));
#6447=CARTESIAN_POINT('Ctrl Pts',(48.7378110223692,-56.6921580204465,0.));
#6448=CARTESIAN_POINT('Ctrl Pts',(48.7378110223692,-56.6921580204465,0.02));
#6449=CARTESIAN_POINT('Ctrl Pts',(48.6524556055665,-56.58782351017,0.));
#6450=CARTESIAN_POINT('Ctrl Pts',(48.6524556055665,-56.58782351017,0.02));
#6451=CARTESIAN_POINT('',(49.2271486893296,-57.399556517601,0.));
#6452=CARTESIAN_POINT('Ctrl Pts',(48.6524556055665,-56.58782351017,0.));
#6453=CARTESIAN_POINT('Ctrl Pts',(48.7378110223692,-56.6921580204465,0.));
#6454=CARTESIAN_POINT('Ctrl Pts',(48.9481209536333,-56.9492311448793,0.));
#6455=CARTESIAN_POINT('Ctrl Pts',(49.1231538408459,-57.2317182961149,0.));
#6456=CARTESIAN_POINT('Ctrl Pts',(49.2271486893296,-57.399556517601,0.));
#6457=CARTESIAN_POINT('',(49.2271486893296,-57.399556517601,0.02));
#6458=CARTESIAN_POINT('Ctrl Pts',(49.2271486893296,-57.399556517601,0.02));
#6459=CARTESIAN_POINT('Ctrl Pts',(49.1231538408459,-57.2317182961149,0.02));
#6460=CARTESIAN_POINT('Ctrl Pts',(48.9481209536333,-56.9492311448793,0.02));
#6461=CARTESIAN_POINT('Ctrl Pts',(48.7378110223692,-56.6921580204465,0.02));
#6462=CARTESIAN_POINT('Ctrl Pts',(48.6524556055665,-56.58782351017,0.02));
#6463=CARTESIAN_POINT('',(49.2271486893296,-57.399556517601,0.));
#6464=CARTESIAN_POINT('Origin',(49.8376534357667,-58.3749996423721,0.));
#6465=CARTESIAN_POINT('',(49.8376534357667,-58.3749996423721,0.));
#6466=CARTESIAN_POINT('',(49.2271486893296,-57.399556517601,0.));
#6467=CARTESIAN_POINT('',(49.8376534357667,-58.3749996423721,0.02));
#6468=CARTESIAN_POINT('',(49.2271486893296,-57.399556517601,0.02));
#6469=CARTESIAN_POINT('',(49.8376534357667,-58.3749996423721,0.));
#6470=CARTESIAN_POINT('Origin',(48.6302862539887,-58.3749996423721,0.));
#6471=CARTESIAN_POINT('',(48.6302862539887,-58.3749996423721,0.));
#6472=CARTESIAN_POINT('',(49.8376534357667,-58.3749996423721,0.));
#6473=CARTESIAN_POINT('',(48.6302862539887,-58.3749996423721,0.02));
#6474=CARTESIAN_POINT('',(49.8376534357667,-58.3749996423721,0.02));
#6475=CARTESIAN_POINT('',(48.6302862539887,-58.3749996423721,0.));
#6476=CARTESIAN_POINT('Origin',(47.9004094973207,-57.2870050668717,0.));
#6477=CARTESIAN_POINT('',(47.9004094973207,-57.2870050668717,0.));
#6478=CARTESIAN_POINT('',(48.6302862539887,-58.3749996423721,0.));
#6479=CARTESIAN_POINT('',(47.9004094973207,-57.2870050668717,0.02));
#6480=CARTESIAN_POINT('',(48.6302862539887,-58.3749996423721,0.02));
#6481=CARTESIAN_POINT('',(47.9004094973207,-57.2870050668717,0.));
#6482=CARTESIAN_POINT('Ctrl Pts',(47.3683492317796,-56.552011847496,0.));
#6483=CARTESIAN_POINT('Ctrl Pts',(47.3683492317796,-56.552011847496,0.02));
#6484=CARTESIAN_POINT('Ctrl Pts',(47.4376008710072,-56.6377911638356,0.));
#6485=CARTESIAN_POINT('Ctrl Pts',(47.4376008710072,-56.6377911638356,0.02));
#6486=CARTESIAN_POINT('Ctrl Pts',(47.6277667327435,-56.8733422322695,0.));
#6487=CARTESIAN_POINT('Ctrl Pts',(47.6277667327435,-56.8733422322695,0.02));
#6488=CARTESIAN_POINT('Ctrl Pts',(47.7944355389379,-57.1262177887402,0.));
#6489=CARTESIAN_POINT('Ctrl Pts',(47.7944355389379,-57.1262177887402,0.02));
#6490=CARTESIAN_POINT('Ctrl Pts',(47.9004094973207,-57.2870050668717,0.));
#6491=CARTESIAN_POINT('Ctrl Pts',(47.9004094973207,-57.2870050668717,0.02));
#6492=CARTESIAN_POINT('',(47.3683492317796,-56.552011847496,0.));
#6493=CARTESIAN_POINT('Ctrl Pts',(47.9004094973207,-57.2870050668717,0.));
#6494=CARTESIAN_POINT('Ctrl Pts',(47.7944355389379,-57.1262177887402,0.));
#6495=CARTESIAN_POINT('Ctrl Pts',(47.6277667327435,-56.8733422322695,0.));
#6496=CARTESIAN_POINT('Ctrl Pts',(47.4376008710072,-56.6377911638356,0.));
#6497=CARTESIAN_POINT('Ctrl Pts',(47.3683492317796,-56.552011847496,0.));
#6498=CARTESIAN_POINT('',(47.3683492317796,-56.552011847496,0.02));
#6499=CARTESIAN_POINT('Ctrl Pts',(47.3683492317796,-56.552011847496,0.02));
#6500=CARTESIAN_POINT('Ctrl Pts',(47.4376008710072,-56.6377911638356,0.02));
#6501=CARTESIAN_POINT('Ctrl Pts',(47.6277667327435,-56.8733422322695,0.02));
#6502=CARTESIAN_POINT('Ctrl Pts',(47.7944355389379,-57.1262177887402,0.02));
#6503=CARTESIAN_POINT('Ctrl Pts',(47.9004094973207,-57.2870050668717,0.02));
#6504=CARTESIAN_POINT('',(47.3683492317796,-56.552011847496,0.));
#6505=CARTESIAN_POINT('Ctrl Pts',(47.0648024454713,-56.3439630270004,0.));
#6506=CARTESIAN_POINT('Ctrl Pts',(47.0648024454713,-56.3439630270004,0.02));
#6507=CARTESIAN_POINT('Ctrl Pts',(47.1186683180026,-56.3679373696658,0.));
#6508=CARTESIAN_POINT('Ctrl Pts',(47.1186683180026,-56.3679373696658,0.02));
#6509=CARTESIAN_POINT('Ctrl Pts',(47.2324859218917,-56.4185947174216,0.));
#6510=CARTESIAN_POINT('Ctrl Pts',(47.2324859218917,-56.4185947174216,0.02));
#6511=CARTESIAN_POINT('Ctrl Pts',(47.3214753650861,-56.5059819312891,0.));
#6512=CARTESIAN_POINT('Ctrl Pts',(47.3214753650861,-56.5059819312891,0.02));
#6513=CARTESIAN_POINT('Ctrl Pts',(47.3683492317796,-56.552011847496,0.));
#6514=CARTESIAN_POINT('Ctrl Pts',(47.3683492317796,-56.552011847496,0.02));
#6515=CARTESIAN_POINT('',(47.0648024454713,-56.3439630270004,0.));
#6516=CARTESIAN_POINT('Ctrl Pts',(47.3683492317796,-56.552011847496,0.));
#6517=CARTESIAN_POINT('Ctrl Pts',(47.3214753650861,-56.5059819312891,0.));
#6518=CARTESIAN_POINT('Ctrl Pts',(47.2324859218917,-56.4185947174216,0.));
#6519=CARTESIAN_POINT('Ctrl Pts',(47.1186683180026,-56.3679373696658,0.));
#6520=CARTESIAN_POINT('Ctrl Pts',(47.0648024454713,-56.3439630270004,0.));
#6521=CARTESIAN_POINT('',(47.0648024454713,-56.3439630270004,0.02));
#6522=CARTESIAN_POINT('Ctrl Pts',(47.0648024454713,-56.3439630270004,0.02));
#6523=CARTESIAN_POINT('Ctrl Pts',(47.1186683180026,-56.3679373696658,0.02));
#6524=CARTESIAN_POINT('Ctrl Pts',(47.2324859218917,-56.4185947174216,0.02));
#6525=CARTESIAN_POINT('Ctrl Pts',(47.3214753650861,-56.5059819312891,0.02));
#6526=CARTESIAN_POINT('Ctrl Pts',(47.3683492317796,-56.552011847496,0.02));
#6527=CARTESIAN_POINT('',(47.0648024454713,-56.3439630270004,0.));
#6528=CARTESIAN_POINT('Ctrl Pts',(46.556616820395,-56.2876873016358,0.));
#6529=CARTESIAN_POINT('Ctrl Pts',(46.556616820395,-56.2876873016358,0.02));
#6530=CARTESIAN_POINT('Ctrl Pts',(46.6575082217286,-56.2878641410408,0.));
#6531=CARTESIAN_POINT('Ctrl Pts',(46.6575082217286,-56.2878641410408,0.02));
#6532=CARTESIAN_POINT('Ctrl Pts',(46.8292008281774,-56.2881650786625,0.));
#6533=CARTESIAN_POINT('Ctrl Pts',(46.8292008281774,-56.2881650786625,0.02));
#6534=CARTESIAN_POINT('Ctrl Pts',(46.996013562473,-56.3276716339962,0.));
#6535=CARTESIAN_POINT('Ctrl Pts',(46.996013562473,-56.3276716339962,0.02));
#6536=CARTESIAN_POINT('Ctrl Pts',(47.0648024454713,-56.3439630270004,0.));
#6537=CARTESIAN_POINT('Ctrl Pts',(47.0648024454713,-56.3439630270004,0.02));
#6538=CARTESIAN_POINT('',(46.556616820395,-56.2876873016358,0.));
#6539=CARTESIAN_POINT('Ctrl Pts',(47.0648024454713,-56.3439630270004,0.));
#6540=CARTESIAN_POINT('Ctrl Pts',(46.996013562473,-56.3276716339962,0.));
#6541=CARTESIAN_POINT('Ctrl Pts',(46.8292008281774,-56.2881650786625,0.));
#6542=CARTESIAN_POINT('Ctrl Pts',(46.6575082217286,-56.2878641410408,0.));
#6543=CARTESIAN_POINT('Ctrl Pts',(46.556616820395,-56.2876873016358,0.));
#6544=CARTESIAN_POINT('',(46.556616820395,-56.2876873016358,0.02));
#6545=CARTESIAN_POINT('Ctrl Pts',(46.556616820395,-56.2876873016358,0.02));
#6546=CARTESIAN_POINT('Ctrl Pts',(46.6575082217286,-56.2878641410408,0.02));
#6547=CARTESIAN_POINT('Ctrl Pts',(46.8292008281774,-56.2881650786625,0.02));
#6548=CARTESIAN_POINT('Ctrl Pts',(46.996013562473,-56.3276716339962,0.02));
#6549=CARTESIAN_POINT('Ctrl Pts',(47.0648024454713,-56.3439630270004,0.02));
#6550=CARTESIAN_POINT('',(46.556616820395,-56.2876873016358,0.));
#6551=CARTESIAN_POINT('Origin',(46.3519785776734,-56.2876873016358,0.));
#6552=CARTESIAN_POINT('',(46.3519785776734,-56.2876873016358,0.));
#6553=CARTESIAN_POINT('',(46.556616820395,-56.2876873016358,0.));
#6554=CARTESIAN_POINT('',(46.3519785776734,-56.2876873016358,0.02));
#6555=CARTESIAN_POINT('',(46.556616820395,-56.2876873016358,0.02));
#6556=CARTESIAN_POINT('',(46.3519785776734,-56.2876873016358,0.));
#6557=CARTESIAN_POINT('Origin',(46.3519785776734,-58.3749996423721,0.));
#6558=CARTESIAN_POINT('',(46.3519785776734,-58.3749996423721,0.));
#6559=CARTESIAN_POINT('',(46.3519785776734,-56.2876873016358,0.));
#6560=CARTESIAN_POINT('',(46.3519785776734,-58.3749996423721,0.02));
#6561=CARTESIAN_POINT('',(46.3519785776734,-56.2876873016358,0.02));
#6562=CARTESIAN_POINT('',(46.3519785776734,-58.3749996423721,0.));
#6563=CARTESIAN_POINT('Origin',(45.3424284830689,-58.3749996423721,0.));
#6564=CARTESIAN_POINT('',(46.3519785776734,-58.3749996423721,0.));
#6565=CARTESIAN_POINT('',(46.3519785776734,-58.3749996423721,0.02));
#6566=CARTESIAN_POINT('Origin',(52.0000002756715,-55.8767049312592,0.02));
#6567=CARTESIAN_POINT('Origin',(52.0000002756715,-55.8767049312592,0.));
#6568=CARTESIAN_POINT('Origin',(51.1098227873445,-56.6526256799698,0.));
#6569=CARTESIAN_POINT('',(50.1275579109788,-56.7481242418289,0.));
#6570=CARTESIAN_POINT('',(51.1098227873445,-56.6526256799698,0.));
#6571=CARTESIAN_POINT('',(50.1275579109788,-56.7481242418289,0.));
#6572=CARTESIAN_POINT('',(50.1275579109788,-56.7481242418289,0.02));
#6573=CARTESIAN_POINT('',(50.1275579109788,-56.7481242418289,0.));
#6574=CARTESIAN_POINT('',(51.1098227873445,-56.6526256799698,0.02));
#6575=CARTESIAN_POINT('',(50.1275579109788,-56.7481242418289,0.02));
#6576=CARTESIAN_POINT('',(51.1098227873445,-56.6526256799698,0.));
#6577=CARTESIAN_POINT('Ctrl Pts',(51.4696452990174,-57.3790924549103,0.));
#6578=CARTESIAN_POINT('Ctrl Pts',(51.4696452990174,-57.3790924549103,0.02));
#6579=CARTESIAN_POINT('Ctrl Pts',(51.3858504187936,-57.2843427337392,0.));
#6580=CARTESIAN_POINT('Ctrl Pts',(51.3858504187936,-57.2843427337392,0.02));
#6581=CARTESIAN_POINT('Ctrl Pts',(51.201196418299,-57.0755481747725,0.));
#6582=CARTESIAN_POINT('Ctrl Pts',(51.201196418299,-57.0755481747725,0.02));
#6583=CARTESIAN_POINT('Ctrl Pts',(51.1421010378477,-56.8020254366402,0.));
#6584=CARTESIAN_POINT('Ctrl Pts',(51.1421010378477,-56.8020254366402,0.02));
#6585=CARTESIAN_POINT('Ctrl Pts',(51.1098227873445,-56.6526256799698,0.));
#6586=CARTESIAN_POINT('Ctrl Pts',(51.1098227873445,-56.6526256799698,0.02));
#6587=CARTESIAN_POINT('',(51.4696452990174,-57.3790924549103,0.));
#6588=CARTESIAN_POINT('Ctrl Pts',(51.1098227873445,-56.6526256799698,0.));
#6589=CARTESIAN_POINT('Ctrl Pts',(51.1421010378477,-56.8020254366402,0.));
#6590=CARTESIAN_POINT('Ctrl Pts',(51.201196418299,-57.0755481747725,0.));
#6591=CARTESIAN_POINT('Ctrl Pts',(51.3858504187936,-57.2843427337392,0.));
#6592=CARTESIAN_POINT('Ctrl Pts',(51.4696452990174,-57.3790924549103,0.));
#6593=CARTESIAN_POINT('',(51.4696452990174,-57.3790924549103,0.02));
#6594=CARTESIAN_POINT('Ctrl Pts',(51.4696452990174,-57.3790924549103,0.02));
#6595=CARTESIAN_POINT('Ctrl Pts',(51.3858504187936,-57.2843427337392,0.02));
#6596=CARTESIAN_POINT('Ctrl Pts',(51.201196418299,-57.0755481747725,0.02));
#6597=CARTESIAN_POINT('Ctrl Pts',(51.1421010378477,-56.8020254366402,0.02));
#6598=CARTESIAN_POINT('Ctrl Pts',(51.1098227873445,-56.6526256799698,0.02));
#6599=CARTESIAN_POINT('',(51.4696452990174,-57.3790924549103,0.));
#6600=CARTESIAN_POINT('Ctrl Pts',(52.201227940619,-57.6110159158707,0.));
#6601=CARTESIAN_POINT('Ctrl Pts',(52.201227940619,-57.6110159158707,0.02));
#6602=CARTESIAN_POINT('Ctrl Pts',(52.0593335660203,-57.6043445083078,0.));
#6603=CARTESIAN_POINT('Ctrl Pts',(52.0593335660203,-57.6043445083078,0.02));
#6604=CARTESIAN_POINT('Ctrl Pts',(51.7940110243973,-57.5918699136258,0.));
#6605=CARTESIAN_POINT('Ctrl Pts',(51.7940110243973,-57.5918699136258,0.02));
#6606=CARTESIAN_POINT('Ctrl Pts',(51.5726312641581,-57.4466491979057,0.));
#6607=CARTESIAN_POINT('Ctrl Pts',(51.5726312641581,-57.4466491979057,0.02));
#6608=CARTESIAN_POINT('Ctrl Pts',(51.4696452990174,-57.3790924549103,0.));
#6609=CARTESIAN_POINT('Ctrl Pts',(51.4696452990174,-57.3790924549103,0.02));
#6610=CARTESIAN_POINT('',(52.201227940619,-57.6110159158707,0.));
#6611=CARTESIAN_POINT('Ctrl Pts',(51.4696452990174,-57.3790924549103,0.));
#6612=CARTESIAN_POINT('Ctrl Pts',(51.5726312641581,-57.4466491979057,0.));
#6613=CARTESIAN_POINT('Ctrl Pts',(51.7940110243973,-57.5918699136258,0.));
#6614=CARTESIAN_POINT('Ctrl Pts',(52.0593335660203,-57.6043445083078,0.));
#6615=CARTESIAN_POINT('Ctrl Pts',(52.201227940619,-57.6110159158707,0.));
#6616=CARTESIAN_POINT('',(52.201227940619,-57.6110159158707,0.02));
#6617=CARTESIAN_POINT('Ctrl Pts',(52.201227940619,-57.6110159158707,0.02));
#6618=CARTESIAN_POINT('Ctrl Pts',(52.0593335660203,-57.6043445083078,0.02));
#6619=CARTESIAN_POINT('Ctrl Pts',(51.7940110243973,-57.5918699136258,0.02));
#6620=CARTESIAN_POINT('Ctrl Pts',(51.5726312641581,-57.4466491979057,0.02));
#6621=CARTESIAN_POINT('Ctrl Pts',(51.4696452990174,-57.3790924549103,0.02));
#6622=CARTESIAN_POINT('',(52.201227940619,-57.6110159158707,0.));
#6623=CARTESIAN_POINT('Ctrl Pts',(52.9362211599946,-57.4046723842621,0.));
#6624=CARTESIAN_POINT('Ctrl Pts',(52.9362211599946,-57.4046723842621,0.02));
#6625=CARTESIAN_POINT('Ctrl Pts',(52.8362977016694,-57.464663070392,0.));
#6626=CARTESIAN_POINT('Ctrl Pts',(52.8362977016694,-57.464663070392,0.02));
#6627=CARTESIAN_POINT('Ctrl Pts',(52.6113158317218,-57.5997346238705,0.));
#6628=CARTESIAN_POINT('Ctrl Pts',(52.6113158317218,-57.5997346238705,0.02));
#6629=CARTESIAN_POINT('Ctrl Pts',(52.3477394793964,-57.6069854641402,0.));
#6630=CARTESIAN_POINT('Ctrl Pts',(52.3477394793964,-57.6069854641402,0.02));
#6631=CARTESIAN_POINT('Ctrl Pts',(52.201227940619,-57.6110159158707,0.));
#6632=CARTESIAN_POINT('Ctrl Pts',(52.201227940619,-57.6110159158707,0.02));
#6633=CARTESIAN_POINT('',(52.9362211599946,-57.4046723842621,0.));
#6634=CARTESIAN_POINT('Ctrl Pts',(52.201227940619,-57.6110159158707,0.));
#6635=CARTESIAN_POINT('Ctrl Pts',(52.3477394793964,-57.6069854641402,0.));
#6636=CARTESIAN_POINT('Ctrl Pts',(52.6113158317218,-57.5997346238705,0.));
#6637=CARTESIAN_POINT('Ctrl Pts',(52.8362977016694,-57.464663070392,0.));
#6638=CARTESIAN_POINT('Ctrl Pts',(52.9362211599946,-57.4046723842621,0.));
#6639=CARTESIAN_POINT('',(52.9362211599946,-57.4046723842621,0.02));
#6640=CARTESIAN_POINT('Ctrl Pts',(52.9362211599946,-57.4046723842621,0.02));
#6641=CARTESIAN_POINT('Ctrl Pts',(52.8362977016694,-57.464663070392,0.02));
#6642=CARTESIAN_POINT('Ctrl Pts',(52.6113158317218,-57.5997346238705,0.02));
#6643=CARTESIAN_POINT('Ctrl Pts',(52.3477394793964,-57.6069854641402,0.02));
#6644=CARTESIAN_POINT('Ctrl Pts',(52.201227940619,-57.6110159158707,0.02));
#6645=CARTESIAN_POINT('',(52.9362211599946,-57.4046723842621,0.));
#6646=CARTESIAN_POINT('Ctrl Pts',(53.1834922209382,-56.9220666885376,0.));
#6647=CARTESIAN_POINT('Ctrl Pts',(53.1834922209382,-56.9220666885376,0.02));
#6648=CARTESIAN_POINT('Ctrl Pts',(53.1714836138085,-57.0126213007675,0.));
#6649=CARTESIAN_POINT('Ctrl Pts',(53.1714836138085,-57.0126213007675,0.02));
#6650=CARTESIAN_POINT('Ctrl Pts',(53.1463557260345,-57.2021059020166,0.));
#6651=CARTESIAN_POINT('Ctrl Pts',(53.1463557260345,-57.2021059020166,0.02));
#6652=CARTESIAN_POINT('Ctrl Pts',(53.0083000735182,-57.3351894227879,0.));
#6653=CARTESIAN_POINT('Ctrl Pts',(53.0083000735182,-57.3351894227879,0.02));
#6654=CARTESIAN_POINT('Ctrl Pts',(52.9362211599946,-57.4046723842621,0.));
#6655=CARTESIAN_POINT('Ctrl Pts',(52.9362211599946,-57.4046723842621,0.02));
#6656=CARTESIAN_POINT('',(53.1834922209382,-56.9220666885376,0.));
#6657=CARTESIAN_POINT('Ctrl Pts',(52.9362211599946,-57.4046723842621,0.));
#6658=CARTESIAN_POINT('Ctrl Pts',(53.0083000735182,-57.3351894227879,0.));
#6659=CARTESIAN_POINT('Ctrl Pts',(53.1463557260345,-57.2021059020166,0.));
#6660=CARTESIAN_POINT('Ctrl Pts',(53.1714836138085,-57.0126213007675,0.));
#6661=CARTESIAN_POINT('Ctrl Pts',(53.1834922209382,-56.9220666885376,0.));
#6662=CARTESIAN_POINT('',(53.1834922209382,-56.9220666885376,0.02));
#6663=CARTESIAN_POINT('Ctrl Pts',(53.1834922209382,-56.9220666885376,0.02));
#6664=CARTESIAN_POINT('Ctrl Pts',(53.1714836138085,-57.0126213007675,0.02));
#6665=CARTESIAN_POINT('Ctrl Pts',(53.1463557260345,-57.2021059020166,0.02));
#6666=CARTESIAN_POINT('Ctrl Pts',(53.0083000735182,-57.3351894227879,0.02));
#6667=CARTESIAN_POINT('Ctrl Pts',(52.9362211599946,-57.4046723842621,0.02));
#6668=CARTESIAN_POINT('',(53.1834922209382,-56.9220666885376,0.));
#6669=CARTESIAN_POINT('Ctrl Pts',(53.0794678106904,-56.6202245950699,0.));
#6670=CARTESIAN_POINT('Ctrl Pts',(53.0794678106904,-56.6202245950699,0.02));
#6671=CARTESIAN_POINT('Ctrl Pts',(53.1098029341481,-56.6646127132099,0.));
#6672=CARTESIAN_POINT('Ctrl Pts',(53.1098029341481,-56.6646127132099,0.02));
#6673=CARTESIAN_POINT('Ctrl Pts',(53.1719902733112,-56.7556088471609,0.));
#6674=CARTESIAN_POINT('Ctrl Pts',(53.1719902733112,-56.7556088471609,0.02));
#6675=CARTESIAN_POINT('Ctrl Pts',(53.179596386708,-56.8656856148841,0.));
#6676=CARTESIAN_POINT('Ctrl Pts',(53.179596386708,-56.8656856148841,0.02));
#6677=CARTESIAN_POINT('Ctrl Pts',(53.1834922209382,-56.9220666885376,0.));
#6678=CARTESIAN_POINT('Ctrl Pts',(53.1834922209382,-56.9220666885376,0.02));
#6679=CARTESIAN_POINT('',(53.0794678106904,-56.6202245950699,0.));
#6680=CARTESIAN_POINT('Ctrl Pts',(53.1834922209382,-56.9220666885376,0.));
#6681=CARTESIAN_POINT('Ctrl Pts',(53.179596386708,-56.8656856148841,0.));
#6682=CARTESIAN_POINT('Ctrl Pts',(53.1719902733112,-56.7556088471609,0.));
#6683=CARTESIAN_POINT('Ctrl Pts',(53.1098029341481,-56.6646127132099,0.));
#6684=CARTESIAN_POINT('Ctrl Pts',(53.0794678106904,-56.6202245950699,0.));
#6685=CARTESIAN_POINT('',(53.0794678106904,-56.6202245950699,0.02));
#6686=CARTESIAN_POINT('Ctrl Pts',(53.0794678106904,-56.6202245950699,0.02));
#6687=CARTESIAN_POINT('Ctrl Pts',(53.1098029341481,-56.6646127132099,0.02));
#6688=CARTESIAN_POINT('Ctrl Pts',(53.1719902733112,-56.7556088471609,0.02));
#6689=CARTESIAN_POINT('Ctrl Pts',(53.179596386708,-56.8656856148841,0.02));
#6690=CARTESIAN_POINT('Ctrl Pts',(53.1834922209382,-56.9220666885376,0.02));
#6691=CARTESIAN_POINT('',(53.0794678106904,-56.6202245950699,0.));
#6692=CARTESIAN_POINT('Ctrl Pts',(52.7162347212434,-56.4036493301392,0.));
#6693=CARTESIAN_POINT('Ctrl Pts',(52.7162347212434,-56.4036493301392,0.02));
#6694=CARTESIAN_POINT('Ctrl Pts',(52.7928033172958,-56.4320514998654,0.));
#6695=CARTESIAN_POINT('Ctrl Pts',(52.7928033172958,-56.4320514998654,0.02));
#6696=CARTESIAN_POINT('Ctrl Pts',(52.9276369942652,-56.4820663777072,0.));
#6697=CARTESIAN_POINT('Ctrl Pts',(52.9276369942652,-56.4820663777072,0.02));
#6698=CARTESIAN_POINT('Ctrl Pts',(53.0336548033902,-56.5785371196967,0.));
#6699=CARTESIAN_POINT('Ctrl Pts',(53.0336548033902,-56.5785371196967,0.02));
#6700=CARTESIAN_POINT('Ctrl Pts',(53.0794678106904,-56.6202245950699,0.));
#6701=CARTESIAN_POINT('Ctrl Pts',(53.0794678106904,-56.6202245950699,0.02));
#6702=CARTESIAN_POINT('',(52.7162347212434,-56.4036493301392,0.));
#6703=CARTESIAN_POINT('Ctrl Pts',(53.0794678106904,-56.6202245950699,0.));
#6704=CARTESIAN_POINT('Ctrl Pts',(53.0336548033902,-56.5785371196967,0.));
#6705=CARTESIAN_POINT('Ctrl Pts',(52.9276369942652,-56.4820663777072,0.));
#6706=CARTESIAN_POINT('Ctrl Pts',(52.7928033172958,-56.4320514998654,0.));
#6707=CARTESIAN_POINT('Ctrl Pts',(52.7162347212434,-56.4036493301392,0.));
#6708=CARTESIAN_POINT('',(52.7162347212434,-56.4036493301392,0.02));
#6709=CARTESIAN_POINT('Ctrl Pts',(52.7162347212434,-56.4036493301392,0.02));
#6710=CARTESIAN_POINT('Ctrl Pts',(52.7928033172958,-56.4320514998654,0.02));
#6711=CARTESIAN_POINT('Ctrl Pts',(52.9276369942652,-56.4820663777072,0.02));
#6712=CARTESIAN_POINT('Ctrl Pts',(53.0336548033902,-56.5785371196967,0.02));
#6713=CARTESIAN_POINT('Ctrl Pts',(53.0794678106904,-56.6202245950699,0.02));
#6714=CARTESIAN_POINT('',(52.7162347212434,-56.4036493301392,0.));
#6715=CARTESIAN_POINT('Ctrl Pts',(51.9079122915864,-56.185368180275,0.));
#6716=CARTESIAN_POINT('Ctrl Pts',(51.9079122915864,-56.185368180275,0.02));
#6717=CARTESIAN_POINT('Ctrl Pts',(52.0809419044532,-56.2278597220065,0.));
#6718=CARTESIAN_POINT('Ctrl Pts',(52.0809419044532,-56.2278597220065,0.02));
#6719=CARTESIAN_POINT('Ctrl Pts',(52.3520812925997,-56.2944444553108,0.));
#6720=CARTESIAN_POINT('Ctrl Pts',(52.3520812925997,-56.2944444553108,0.02));
#6721=CARTESIAN_POINT('Ctrl Pts',(52.6194788864567,-56.3746335142888,0.));
#6722=CARTESIAN_POINT('Ctrl Pts',(52.6194788864567,-56.3746335142888,0.02));
#6723=CARTESIAN_POINT('Ctrl Pts',(52.7162347212434,-56.4036493301392,0.));
#6724=CARTESIAN_POINT('Ctrl Pts',(52.7162347212434,-56.4036493301392,0.02));
#6725=CARTESIAN_POINT('',(51.9079122915864,-56.185368180275,0.));
#6726=CARTESIAN_POINT('Ctrl Pts',(52.7162347212434,-56.4036493301392,0.));
#6727=CARTESIAN_POINT('Ctrl Pts',(52.6194788864567,-56.3746335142888,0.));
#6728=CARTESIAN_POINT('Ctrl Pts',(52.3520812925997,-56.2944444553108,0.));
#6729=CARTESIAN_POINT('Ctrl Pts',(52.0809419044532,-56.2278597220065,0.));
#6730=CARTESIAN_POINT('Ctrl Pts',(51.9079122915864,-56.185368180275,0.));
#6731=CARTESIAN_POINT('',(51.9079122915864,-56.185368180275,0.02));
#6732=CARTESIAN_POINT('Ctrl Pts',(51.9079122915864,-56.185368180275,0.02));
#6733=CARTESIAN_POINT('Ctrl Pts',(52.0809419044532,-56.2278597220065,0.02));
#6734=CARTESIAN_POINT('Ctrl Pts',(52.3520812925997,-56.2944444553108,0.02));
#6735=CARTESIAN_POINT('Ctrl Pts',(52.6194788864567,-56.3746335142888,0.02));
#6736=CARTESIAN_POINT('Ctrl Pts',(52.7162347212434,-56.4036493301392,0.02));
#6737=CARTESIAN_POINT('',(51.9079122915864,-56.185368180275,0.));
#6738=CARTESIAN_POINT('Ctrl Pts',(50.7687578573823,-55.6908254623413,0.));
#6739=CARTESIAN_POINT('Ctrl Pts',(50.7687578573823,-55.6908254623413,0.02));
#6740=CARTESIAN_POINT('Ctrl Pts',(50.9147973013739,-55.7885054810319,0.));
#6741=CARTESIAN_POINT('Ctrl Pts',(50.9147973013739,-55.7885054810319,0.02));
#6742=CARTESIAN_POINT('Ctrl Pts',(51.2633499527757,-56.0216385892731,0.));
#6743=CARTESIAN_POINT('Ctrl Pts',(51.2633499527757,-56.0216385892731,0.02));
#6744=CARTESIAN_POINT('Ctrl Pts',(51.6710397208745,-56.1251985942055,0.));
#6745=CARTESIAN_POINT('Ctrl Pts',(51.6710397208745,-56.1251985942055,0.02));
#6746=CARTESIAN_POINT('Ctrl Pts',(51.9079122915864,-56.185368180275,0.));
#6747=CARTESIAN_POINT('Ctrl Pts',(51.9079122915864,-56.185368180275,0.02));
#6748=CARTESIAN_POINT('',(50.7687578573823,-55.6908254623413,0.));
#6749=CARTESIAN_POINT('Ctrl Pts',(51.9079122915864,-56.185368180275,0.));
#6750=CARTESIAN_POINT('Ctrl Pts',(51.6710397208745,-56.1251985942055,0.));
#6751=CARTESIAN_POINT('Ctrl Pts',(51.2633499527757,-56.0216385892731,0.));
#6752=CARTESIAN_POINT('Ctrl Pts',(50.9147973013739,-55.7885054810319,0.));
#6753=CARTESIAN_POINT('Ctrl Pts',(50.7687578573823,-55.6908254623413,0.));
#6754=CARTESIAN_POINT('',(50.7687578573823,-55.6908254623413,0.02));
#6755=CARTESIAN_POINT('Ctrl Pts',(50.7687578573823,-55.6908254623413,0.02));
#6756=CARTESIAN_POINT('Ctrl Pts',(50.9147973013739,-55.7885054810319,0.02));
#6757=CARTESIAN_POINT('Ctrl Pts',(51.2633499527757,-56.0216385892731,0.02));
#6758=CARTESIAN_POINT('Ctrl Pts',(51.6710397208745,-56.1251985942055,0.02));
#6759=CARTESIAN_POINT('Ctrl Pts',(51.9079122915864,-56.185368180275,0.02));
#6760=CARTESIAN_POINT('',(50.7687578573823,-55.6908254623413,0.));
#6761=CARTESIAN_POINT('Ctrl Pts',(50.308322109282,-54.6846865415573,0.));
#6762=CARTESIAN_POINT('Ctrl Pts',(50.308322109282,-54.6846865415573,0.02));
#6763=CARTESIAN_POINT('Ctrl Pts',(50.3283907759191,-54.8757571447683,0.));
#6764=CARTESIAN_POINT('Ctrl Pts',(50.3283907759191,-54.8757571447683,0.02));
#6765=CARTESIAN_POINT('Ctrl Pts',(50.3690041047494,-55.2624302296478,0.));
#6766=CARTESIAN_POINT('Ctrl Pts',(50.3690041047494,-55.2624302296478,0.02));
#6767=CARTESIAN_POINT('Ctrl Pts',(50.6344695056747,-55.5469156446126,0.));
#6768=CARTESIAN_POINT('Ctrl Pts',(50.6344695056747,-55.5469156446126,0.02));
#6769=CARTESIAN_POINT('Ctrl Pts',(50.7687578573823,-55.6908254623413,0.));
#6770=CARTESIAN_POINT('Ctrl Pts',(50.7687578573823,-55.6908254623413,0.02));
#6771=CARTESIAN_POINT('',(50.308322109282,-54.6846865415573,0.));
#6772=CARTESIAN_POINT('Ctrl Pts',(50.7687578573823,-55.6908254623413,0.));
#6773=CARTESIAN_POINT('Ctrl Pts',(50.6344695056747,-55.5469156446126,0.));
#6774=CARTESIAN_POINT('Ctrl Pts',(50.3690041047494,-55.2624302296478,0.));
#6775=CARTESIAN_POINT('Ctrl Pts',(50.3283907759191,-54.8757571447683,0.));
#6776=CARTESIAN_POINT('Ctrl Pts',(50.308322109282,-54.6846865415573,0.));
#6777=CARTESIAN_POINT('',(50.308322109282,-54.6846865415573,0.02));
#6778=CARTESIAN_POINT('Ctrl Pts',(50.308322109282,-54.6846865415573,0.02));
#6779=CARTESIAN_POINT('Ctrl Pts',(50.3283907759191,-54.8757571447683,0.02));
#6780=CARTESIAN_POINT('Ctrl Pts',(50.3690041047494,-55.2624302296478,0.02));
#6781=CARTESIAN_POINT('Ctrl Pts',(50.6344695056747,-55.5469156446126,0.02));
#6782=CARTESIAN_POINT('Ctrl Pts',(50.7687578573823,-55.6908254623413,0.02));
#6783=CARTESIAN_POINT('',(50.308322109282,-54.6846865415573,0.));
#6784=CARTESIAN_POINT('Ctrl Pts',(50.5248973742127,-53.970156788826,0.));
#6785=CARTESIAN_POINT('Ctrl Pts',(50.5248973742127,-53.970156788826,0.02));
#6786=CARTESIAN_POINT('Ctrl Pts',(50.4617316925929,-54.0824040635294,0.));
#6787=CARTESIAN_POINT('Ctrl Pts',(50.4617316925929,-54.0824040635294,0.02));
#6788=CARTESIAN_POINT('Ctrl Pts',(50.33666988476,-54.3046425756255,0.));
#6789=CARTESIAN_POINT('Ctrl Pts',(50.33666988476,-54.3046425756255,0.02));
#6790=CARTESIAN_POINT('Ctrl Pts',(50.3177072016976,-54.5588654609925,0.));
#6791=CARTESIAN_POINT('Ctrl Pts',(50.3177072016976,-54.5588654609925,0.02));
#6792=CARTESIAN_POINT('Ctrl Pts',(50.308322109282,-54.6846865415573,0.));
#6793=CARTESIAN_POINT('Ctrl Pts',(50.308322109282,-54.6846865415573,0.02));
#6794=CARTESIAN_POINT('',(50.5248973742127,-53.970156788826,0.));
#6795=CARTESIAN_POINT('Ctrl Pts',(50.308322109282,-54.6846865415573,0.));
#6796=CARTESIAN_POINT('Ctrl Pts',(50.3177072016976,-54.5588654609925,0.));
#6797=CARTESIAN_POINT('Ctrl Pts',(50.33666988476,-54.3046425756255,0.));
#6798=CARTESIAN_POINT('Ctrl Pts',(50.4617316925929,-54.0824040635294,0.));
#6799=CARTESIAN_POINT('Ctrl Pts',(50.5248973742127,-53.970156788826,0.));
#6800=CARTESIAN_POINT('',(50.5248973742127,-53.970156788826,0.02));
#6801=CARTESIAN_POINT('Ctrl Pts',(50.5248973742127,-53.970156788826,0.02));
#6802=CARTESIAN_POINT('Ctrl Pts',(50.4617316925929,-54.0824040635294,0.02));
#6803=CARTESIAN_POINT('Ctrl Pts',(50.33666988476,-54.3046425756255,0.02));
#6804=CARTESIAN_POINT('Ctrl Pts',(50.3177072016976,-54.5588654609925,0.02));
#6805=CARTESIAN_POINT('Ctrl Pts',(50.308322109282,-54.6846865415573,0.02));
#6806=CARTESIAN_POINT('',(50.5248973742127,-53.970156788826,0.));
#6807=CARTESIAN_POINT('Ctrl Pts',(51.1490450277925,-53.4636770486832,0.));
#6808=CARTESIAN_POINT('Ctrl Pts',(51.1490450277925,-53.4636770486832,0.02));
#6809=CARTESIAN_POINT('Ctrl Pts',(51.0222859176083,-53.5265483297609,0.));
#6810=CARTESIAN_POINT('Ctrl Pts',(51.0222859176083,-53.5265483297609,0.02));
#6811=CARTESIAN_POINT('Ctrl Pts',(50.7760126423735,-53.6486974698641,0.));
#6812=CARTESIAN_POINT('Ctrl Pts',(50.7760126423735,-53.6486974698641,0.02));
#6813=CARTESIAN_POINT('Ctrl Pts',(50.6069445641936,-53.865126003533,0.));
#6814=CARTESIAN_POINT('Ctrl Pts',(50.6069445641936,-53.865126003533,0.02));
#6815=CARTESIAN_POINT('Ctrl Pts',(50.5248973742127,-53.970156788826,0.));
#6816=CARTESIAN_POINT('Ctrl Pts',(50.5248973742127,-53.970156788826,0.02));
#6817=CARTESIAN_POINT('',(51.1490450277925,-53.4636770486832,0.));
#6818=CARTESIAN_POINT('Ctrl Pts',(50.5248973742127,-53.970156788826,0.));
#6819=CARTESIAN_POINT('Ctrl Pts',(50.6069445641936,-53.865126003533,0.));
#6820=CARTESIAN_POINT('Ctrl Pts',(50.7760126423735,-53.6486974698641,0.));
#6821=CARTESIAN_POINT('Ctrl Pts',(51.0222859176083,-53.5265483297609,0.));
#6822=CARTESIAN_POINT('Ctrl Pts',(51.1490450277925,-53.4636770486832,0.));
#6823=CARTESIAN_POINT('',(51.1490450277925,-53.4636770486832,0.02));
#6824=CARTESIAN_POINT('Ctrl Pts',(51.1490450277925,-53.4636770486832,0.02));
#6825=CARTESIAN_POINT('Ctrl Pts',(51.0222859176083,-53.5265483297609,0.02));
#6826=CARTESIAN_POINT('Ctrl Pts',(50.7760126423735,-53.6486974698641,0.02));
#6827=CARTESIAN_POINT('Ctrl Pts',(50.6069445641936,-53.865126003533,0.02));
#6828=CARTESIAN_POINT('Ctrl Pts',(50.5248973742127,-53.970156788826,0.02));
#6829=CARTESIAN_POINT('',(51.1490450277925,-53.4636770486832,0.));
#6830=CARTESIAN_POINT('Ctrl Pts',(52.1330151930451,-53.2897340059281,0.));
#6831=CARTESIAN_POINT('Ctrl Pts',(52.1330151930451,-53.2897340059281,0.02));
#6832=CARTESIAN_POINT('Ctrl Pts',(51.9532216743076,-53.294817489043,0.));
#6833=CARTESIAN_POINT('Ctrl Pts',(51.9532216743076,-53.294817489043,0.02));
#6834=CARTESIAN_POINT('Ctrl Pts',(51.6163258634509,-53.3043428833844,0.));
#6835=CARTESIAN_POINT('Ctrl Pts',(51.6163258634509,-53.3043428833844,0.02));
#6836=CARTESIAN_POINT('Ctrl Pts',(51.2976506396421,-53.4130052699242,0.));
#6837=CARTESIAN_POINT('Ctrl Pts',(51.2976506396421,-53.4130052699242,0.02));
#6838=CARTESIAN_POINT('Ctrl Pts',(51.1490450277925,-53.4636770486832,0.));
#6839=CARTESIAN_POINT('Ctrl Pts',(51.1490450277925,-53.4636770486832,0.02));
#6840=CARTESIAN_POINT('',(52.1330151930451,-53.2897340059281,0.));
#6841=CARTESIAN_POINT('Ctrl Pts',(51.1490450277925,-53.4636770486832,0.));
#6842=CARTESIAN_POINT('Ctrl Pts',(51.2976506396421,-53.4130052699242,0.));
#6843=CARTESIAN_POINT('Ctrl Pts',(51.6163258634509,-53.3043428833844,0.));
#6844=CARTESIAN_POINT('Ctrl Pts',(51.9532216743076,-53.294817489043,0.));
#6845=CARTESIAN_POINT('Ctrl Pts',(52.1330151930451,-53.2897340059281,0.));
#6846=CARTESIAN_POINT('',(52.1330151930451,-53.2897340059281,0.02));
#6847=CARTESIAN_POINT('Ctrl Pts',(52.1330151930451,-53.2897340059281,0.02));
#6848=CARTESIAN_POINT('Ctrl Pts',(51.9532216743076,-53.294817489043,0.02));
#6849=CARTESIAN_POINT('Ctrl Pts',(51.6163258634509,-53.3043428833844,0.02));
#6850=CARTESIAN_POINT('Ctrl Pts',(51.2976506396421,-53.4130052699242,0.02));
#6851=CARTESIAN_POINT('Ctrl Pts',(51.1490450277925,-53.4636770486832,0.02));
#6852=CARTESIAN_POINT('',(52.1330151930451,-53.2897340059281,0.));
#6853=CARTESIAN_POINT('Ctrl Pts',(53.5501370802522,-53.7024216651917,0.));
#6854=CARTESIAN_POINT('Ctrl Pts',(53.5501370802522,-53.7024216651917,0.02));
#6855=CARTESIAN_POINT('Ctrl Pts',(53.3580072376399,-53.5824218217021,0.));
#6856=CARTESIAN_POINT('Ctrl Pts',(53.3580072376399,-53.5824218217021,0.02));
#6857=CARTESIAN_POINT('Ctrl Pts',(52.92682334109,-53.3131143606761,0.));
#6858=CARTESIAN_POINT('Ctrl Pts',(52.92682334109,-53.3131143606761,0.02));
#6859=CARTESIAN_POINT('Ctrl Pts',(52.4161430817313,-53.2980730869678,0.));
#6860=CARTESIAN_POINT('Ctrl Pts',(52.4161430817313,-53.2980730869678,0.02));
#6861=CARTESIAN_POINT('Ctrl Pts',(52.1330151930451,-53.2897340059281,0.));
#6862=CARTESIAN_POINT('Ctrl Pts',(52.1330151930451,-53.2897340059281,0.02));
#6863=CARTESIAN_POINT('',(53.5501370802522,-53.7024216651917,0.));
#6864=CARTESIAN_POINT('Ctrl Pts',(52.1330151930451,-53.2897340059281,0.));
#6865=CARTESIAN_POINT('Ctrl Pts',(52.4161430817313,-53.2980730869678,0.));
#6866=CARTESIAN_POINT('Ctrl Pts',(52.92682334109,-53.3131143606761,0.));
#6867=CARTESIAN_POINT('Ctrl Pts',(53.3580072376399,-53.5824218217021,0.));
#6868=CARTESIAN_POINT('Ctrl Pts',(53.5501370802522,-53.7024216651917,0.));
#6869=CARTESIAN_POINT('',(53.5501370802522,-53.7024216651917,0.02));
#6870=CARTESIAN_POINT('Ctrl Pts',(53.5501370802522,-53.7024216651917,0.02));
#6871=CARTESIAN_POINT('Ctrl Pts',(53.3580072376399,-53.5824218217021,0.02));
#6872=CARTESIAN_POINT('Ctrl Pts',(52.92682334109,-53.3131143606761,0.02));
#6873=CARTESIAN_POINT('Ctrl Pts',(52.4161430817313,-53.2980730869678,0.02));
#6874=CARTESIAN_POINT('Ctrl Pts',(52.1330151930451,-53.2897340059281,0.02));
#6875=CARTESIAN_POINT('',(53.5501370802522,-53.7024216651917,0.));
#6876=CARTESIAN_POINT('Ctrl Pts',(54.0497956648469,-54.8040591478348,0.));
#6877=CARTESIAN_POINT('Ctrl Pts',(54.0497956648469,-54.8040591478348,0.02));
#6878=CARTESIAN_POINT('Ctrl Pts',(54.0251214575009,-54.5877908394741,0.));
#6879=CARTESIAN_POINT('Ctrl Pts',(54.0251214575009,-54.5877908394741,0.02));
#6880=CARTESIAN_POINT('Ctrl Pts',(53.9770061209459,-54.1660620967003,0.));
#6881=CARTESIAN_POINT('Ctrl Pts',(53.9770061209459,-54.1660620967003,0.02));
#6882=CARTESIAN_POINT('Ctrl Pts',(53.6899747906728,-53.8543052880828,0.));
#6883=CARTESIAN_POINT('Ctrl Pts',(53.6899747906728,-53.8543052880828,0.02));
#6884=CARTESIAN_POINT('Ctrl Pts',(53.5501370802522,-53.7024216651917,0.));
#6885=CARTESIAN_POINT('Ctrl Pts',(53.5501370802522,-53.7024216651917,0.02));
#6886=CARTESIAN_POINT('',(54.0497956648469,-54.8040591478348,0.));
#6887=CARTESIAN_POINT('Ctrl Pts',(53.5501370802522,-53.7024216651917,0.));
#6888=CARTESIAN_POINT('Ctrl Pts',(53.6899747906728,-53.8543052880828,0.));
#6889=CARTESIAN_POINT('Ctrl Pts',(53.9770061209459,-54.1660620967003,0.));
#6890=CARTESIAN_POINT('Ctrl Pts',(54.0251214575009,-54.5877908394741,0.));
#6891=CARTESIAN_POINT('Ctrl Pts',(54.0497956648469,-54.8040591478348,0.));
#6892=CARTESIAN_POINT('',(54.0497956648469,-54.8040591478348,0.02));
#6893=CARTESIAN_POINT('Ctrl Pts',(54.0497956648469,-54.8040591478348,0.02));
#6894=CARTESIAN_POINT('Ctrl Pts',(54.0251214575009,-54.5877908394741,0.02));
#6895=CARTESIAN_POINT('Ctrl Pts',(53.9770061209459,-54.1660620967003,0.02));
#6896=CARTESIAN_POINT('Ctrl Pts',(53.6899747906728,-53.8543052880828,0.02));
#6897=CARTESIAN_POINT('Ctrl Pts',(53.5501370802522,-53.7024216651917,0.02));
#6898=CARTESIAN_POINT('',(54.0497956648469,-54.8040591478348,0.));
#6899=CARTESIAN_POINT('Origin',(53.0402455702424,-54.8483966588974,0.));
#6900=CARTESIAN_POINT('',(53.0402455702424,-54.8483966588974,0.));
#6901=CARTESIAN_POINT('',(54.0497956648469,-54.8040591478348,0.));
#6902=CARTESIAN_POINT('',(53.0402455702424,-54.8483966588974,0.02));
#6903=CARTESIAN_POINT('',(54.0497956648469,-54.8040591478348,0.02));
#6904=CARTESIAN_POINT('',(53.0402455702424,-54.8483966588974,0.));
#6905=CARTESIAN_POINT('Ctrl Pts',(52.7622781172395,-54.294167637825,0.));
#6906=CARTESIAN_POINT('Ctrl Pts',(52.7622781172395,-54.294167637825,0.02));
#6907=CARTESIAN_POINT('Ctrl Pts',(52.8279179785346,-54.3648434788137,0.));
#6908=CARTESIAN_POINT('Ctrl Pts',(52.8279179785346,-54.3648434788137,0.02));
#6909=CARTESIAN_POINT('Ctrl Pts',(52.9736297825044,-54.5217344911397,0.));
#6910=CARTESIAN_POINT('Ctrl Pts',(52.9736297825044,-54.5217344911397,0.02));
#6911=CARTESIAN_POINT('Ctrl Pts',(53.0166209488236,-54.7325491952983,0.));
#6912=CARTESIAN_POINT('Ctrl Pts',(53.0166209488236,-54.7325491952983,0.02));
#6913=CARTESIAN_POINT('Ctrl Pts',(53.0402455702424,-54.8483966588974,0.));
#6914=CARTESIAN_POINT('Ctrl Pts',(53.0402455702424,-54.8483966588974,0.02));
#6915=CARTESIAN_POINT('',(52.7622781172395,-54.294167637825,0.));
#6916=CARTESIAN_POINT('Ctrl Pts',(53.0402455702424,-54.8483966588974,0.));
#6917=CARTESIAN_POINT('Ctrl Pts',(53.0166209488236,-54.7325491952983,0.));
#6918=CARTESIAN_POINT('Ctrl Pts',(52.9736297825044,-54.5217344911397,0.));
#6919=CARTESIAN_POINT('Ctrl Pts',(52.8279179785346,-54.3648434788137,0.));
#6920=CARTESIAN_POINT('Ctrl Pts',(52.7622781172395,-54.294167637825,0.));
#6921=CARTESIAN_POINT('',(52.7622781172395,-54.294167637825,0.02));
#6922=CARTESIAN_POINT('Ctrl Pts',(52.7622781172395,-54.294167637825,0.02));
#6923=CARTESIAN_POINT('Ctrl Pts',(52.8279179785346,-54.3648434788137,0.02));
#6924=CARTESIAN_POINT('Ctrl Pts',(52.9736297825044,-54.5217344911397,0.02));
#6925=CARTESIAN_POINT('Ctrl Pts',(53.0166209488236,-54.7325491952983,0.02));
#6926=CARTESIAN_POINT('Ctrl Pts',(53.0402455702424,-54.8483966588974,0.02));
#6927=CARTESIAN_POINT('',(52.7622781172395,-54.294167637825,0.));
#6928=CARTESIAN_POINT('Ctrl Pts',(52.1227822676301,-54.1253410577774,0.));
#6929=CARTESIAN_POINT('Ctrl Pts',(52.1227822676301,-54.1253410577774,0.02));
#6930=CARTESIAN_POINT('Ctrl Pts',(52.250297871319,-54.1283109515365,0.));
#6931=CARTESIAN_POINT('Ctrl Pts',(52.250297871319,-54.1283109515365,0.02));
#6932=CARTESIAN_POINT('Ctrl Pts',(52.4780175766724,-54.1336146423179,0.));
#6933=CARTESIAN_POINT('Ctrl Pts',(52.4780175766724,-54.1336146423179,0.02));
#6934=CARTESIAN_POINT('Ctrl Pts',(52.6754162563541,-54.2451072514181,0.));
#6935=CARTESIAN_POINT('Ctrl Pts',(52.6754162563541,-54.2451072514181,0.02));
#6936=CARTESIAN_POINT('Ctrl Pts',(52.7622781172395,-54.294167637825,0.));
#6937=CARTESIAN_POINT('Ctrl Pts',(52.7622781172395,-54.294167637825,0.02));
#6938=CARTESIAN_POINT('',(52.1227822676301,-54.1253410577774,0.));
#6939=CARTESIAN_POINT('Ctrl Pts',(52.7622781172395,-54.294167637825,0.));
#6940=CARTESIAN_POINT('Ctrl Pts',(52.6754162563541,-54.2451072514181,0.));
#6941=CARTESIAN_POINT('Ctrl Pts',(52.4780175766724,-54.1336146423179,0.));
#6942=CARTESIAN_POINT('Ctrl Pts',(52.250297871319,-54.1283109515365,0.));
#6943=CARTESIAN_POINT('Ctrl Pts',(52.1227822676301,-54.1253410577774,0.));
#6944=CARTESIAN_POINT('',(52.1227822676301,-54.1253410577774,0.02));
#6945=CARTESIAN_POINT('Ctrl Pts',(52.1227822676301,-54.1253410577774,0.02));
#6946=CARTESIAN_POINT('Ctrl Pts',(52.250297871319,-54.1283109515365,0.02));
#6947=CARTESIAN_POINT('Ctrl Pts',(52.4780175766724,-54.1336146423179,0.02));
#6948=CARTESIAN_POINT('Ctrl Pts',(52.6754162563541,-54.2451072514181,0.02));
#6949=CARTESIAN_POINT('Ctrl Pts',(52.7622781172395,-54.294167637825,0.02));
#6950=CARTESIAN_POINT('',(52.1227822676301,-54.1253410577774,0.));
#6951=CARTESIAN_POINT('Ctrl Pts',(51.4338336363435,-54.3061052560806,0.));
#6952=CARTESIAN_POINT('Ctrl Pts',(51.4338336363435,-54.3061052560806,0.02));
#6953=CARTESIAN_POINT('Ctrl Pts',(51.5306792149675,-54.2535068213389,0.));
#6954=CARTESIAN_POINT('Ctrl Pts',(51.5306792149675,-54.2535068213389,0.02));
#6955=CARTESIAN_POINT('Ctrl Pts',(51.7447310892541,-54.137251709841,0.));
#6956=CARTESIAN_POINT('Ctrl Pts',(51.7447310892541,-54.137251709841,0.02));
#6957=CARTESIAN_POINT('Ctrl Pts',(51.989019594863,-54.1295553037461,0.));
#6958=CARTESIAN_POINT('Ctrl Pts',(51.989019594863,-54.1295553037461,0.02));
#6959=CARTESIAN_POINT('Ctrl Pts',(52.1227822676301,-54.1253410577774,0.));
#6960=CARTESIAN_POINT('Ctrl Pts',(52.1227822676301,-54.1253410577774,0.02));
#6961=CARTESIAN_POINT('',(51.4338336363435,-54.3061052560806,0.));
#6962=CARTESIAN_POINT('Ctrl Pts',(52.1227822676301,-54.1253410577774,0.));
#6963=CARTESIAN_POINT('Ctrl Pts',(51.989019594863,-54.1295553037461,0.));
#6964=CARTESIAN_POINT('Ctrl Pts',(51.7447310892541,-54.137251709841,0.));
#6965=CARTESIAN_POINT('Ctrl Pts',(51.5306792149675,-54.2535068213389,0.));
#6966=CARTESIAN_POINT('Ctrl Pts',(51.4338336363435,-54.3061052560806,0.));
#6967=CARTESIAN_POINT('',(51.4338336363435,-54.3061052560806,0.02));
#6968=CARTESIAN_POINT('Ctrl Pts',(51.4338336363435,-54.3061052560806,0.02));
#6969=CARTESIAN_POINT('Ctrl Pts',(51.5306792149675,-54.2535068213389,0.02));
#6970=CARTESIAN_POINT('Ctrl Pts',(51.7447310892541,-54.137251709841,0.02));
#6971=CARTESIAN_POINT('Ctrl Pts',(51.989019594863,-54.1295553037461,0.02));
#6972=CARTESIAN_POINT('Ctrl Pts',(52.1227822676301,-54.1253410577774,0.02));
#6973=CARTESIAN_POINT('',(51.4338336363435,-54.3061052560806,0.));
#6974=CARTESIAN_POINT('Ctrl Pts',(51.2735329046845,-54.6164737939835,0.));
#6975=CARTESIAN_POINT('Ctrl Pts',(51.2735329046845,-54.6164737939835,0.02));
#6976=CARTESIAN_POINT('Ctrl Pts',(51.2803499863321,-54.5548410471481,0.));
#6977=CARTESIAN_POINT('Ctrl Pts',(51.2803499863321,-54.5548410471481,0.02));
#6978=CARTESIAN_POINT('Ctrl Pts',(51.2940552807621,-54.4309324619827,0.));
#6979=CARTESIAN_POINT('Ctrl Pts',(51.2940552807621,-54.4309324619827,0.02));
#6980=CARTESIAN_POINT('Ctrl Pts',(51.387079917043,-54.3478580447834,0.));
#6981=CARTESIAN_POINT('Ctrl Pts',(51.387079917043,-54.3478580447834,0.02));
#6982=CARTESIAN_POINT('Ctrl Pts',(51.4338336363435,-54.3061052560806,0.));
#6983=CARTESIAN_POINT('Ctrl Pts',(51.4338336363435,-54.3061052560806,0.02));
#6984=CARTESIAN_POINT('',(51.2735329046845,-54.6164737939835,0.));
#6985=CARTESIAN_POINT('Ctrl Pts',(51.4338336363435,-54.3061052560806,0.));
#6986=CARTESIAN_POINT('Ctrl Pts',(51.387079917043,-54.3478580447834,0.));
#6987=CARTESIAN_POINT('Ctrl Pts',(51.2940552807621,-54.4309324619827,0.));
#6988=CARTESIAN_POINT('Ctrl Pts',(51.2803499863321,-54.5548410471481,0.));
#6989=CARTESIAN_POINT('Ctrl Pts',(51.2735329046845,-54.6164737939835,0.));
#6990=CARTESIAN_POINT('',(51.2735329046845,-54.6164737939835,0.02));
#6991=CARTESIAN_POINT('Ctrl Pts',(51.2735329046845,-54.6164737939835,0.02));
#6992=CARTESIAN_POINT('Ctrl Pts',(51.2803499863321,-54.5548410471481,0.02));
#6993=CARTESIAN_POINT('Ctrl Pts',(51.2940552807621,-54.4309324619827,0.02));
#6994=CARTESIAN_POINT('Ctrl Pts',(51.387079917043,-54.3478580447834,0.02));
#6995=CARTESIAN_POINT('Ctrl Pts',(51.4338336363435,-54.3061052560806,0.02));
#6996=CARTESIAN_POINT('',(51.2735329046845,-54.6164737939835,0.));
#6997=CARTESIAN_POINT('Ctrl Pts',(51.4236019030213,-54.9200205802918,0.));
#6998=CARTESIAN_POINT('Ctrl Pts',(51.4236019030213,-54.9200205802918,0.02));
#6999=CARTESIAN_POINT('Ctrl Pts',(51.379842707065,-54.8767266154142,0.));
#7000=CARTESIAN_POINT('Ctrl Pts',(51.379842707065,-54.8767266154142,0.02));
#7001=CARTESIAN_POINT('Ctrl Pts',(51.2947848307225,-54.7925730419661,0.));
#7002=CARTESIAN_POINT('Ctrl Pts',(51.2947848307225,-54.7925730419661,0.02));
#7003=CARTESIAN_POINT('Ctrl Pts',(51.2804789352172,-54.6740304950125,0.));
#7004=CARTESIAN_POINT('Ctrl Pts',(51.2804789352172,-54.6740304950125,0.02));
#7005=CARTESIAN_POINT('Ctrl Pts',(51.2735329046845,-54.6164737939835,0.));
#7006=CARTESIAN_POINT('Ctrl Pts',(51.2735329046845,-54.6164737939835,0.02));
#7007=CARTESIAN_POINT('',(51.4236019030213,-54.9200205802918,0.));
#7008=CARTESIAN_POINT('Ctrl Pts',(51.2735329046845,-54.6164737939835,0.));
#7009=CARTESIAN_POINT('Ctrl Pts',(51.2804789352172,-54.6740304950125,0.));
#7010=CARTESIAN_POINT('Ctrl Pts',(51.2947848307225,-54.7925730419661,0.));
#7011=CARTESIAN_POINT('Ctrl Pts',(51.379842707065,-54.8767266154142,0.));
#7012=CARTESIAN_POINT('Ctrl Pts',(51.4236019030213,-54.9200205802918,0.));
#7013=CARTESIAN_POINT('',(51.4236019030213,-54.9200205802918,0.02));
#7014=CARTESIAN_POINT('Ctrl Pts',(51.4236019030213,-54.9200205802918,0.02));
#7015=CARTESIAN_POINT('Ctrl Pts',(51.379842707065,-54.8767266154142,0.02));
#7016=CARTESIAN_POINT('Ctrl Pts',(51.2947848307225,-54.7925730419661,0.02));
#7017=CARTESIAN_POINT('Ctrl Pts',(51.2804789352172,-54.6740304950125,0.02));
#7018=CARTESIAN_POINT('Ctrl Pts',(51.2735329046845,-54.6164737939835,0.02));
#7019=CARTESIAN_POINT('',(51.4236019030213,-54.9200205802918,0.));
#7020=CARTESIAN_POINT('Ctrl Pts',(52.3512957468629,-55.2542637586594,0.));
#7021=CARTESIAN_POINT('Ctrl Pts',(52.3512957468629,-55.2542637586594,0.02));
#7022=CARTESIAN_POINT('Ctrl Pts',(52.1467797470102,-55.2088212150404,0.));
#7023=CARTESIAN_POINT('Ctrl Pts',(52.1467797470102,-55.2088212150404,0.02));
#7024=CARTESIAN_POINT('Ctrl Pts',(51.8222898426757,-55.1367210045812,0.));
#7025=CARTESIAN_POINT('Ctrl Pts',(51.8222898426757,-55.1367210045812,0.02));
#7026=CARTESIAN_POINT('Ctrl Pts',(51.531219548916,-54.9785144227356,0.));
#7027=CARTESIAN_POINT('Ctrl Pts',(51.531219548916,-54.9785144227356,0.02));
#7028=CARTESIAN_POINT('Ctrl Pts',(51.4236019030213,-54.9200205802918,0.));
#7029=CARTESIAN_POINT('Ctrl Pts',(51.4236019030213,-54.9200205802918,0.02));
#7030=CARTESIAN_POINT('',(52.3512957468629,-55.2542637586594,0.));
#7031=CARTESIAN_POINT('Ctrl Pts',(51.4236019030213,-54.9200205802918,0.));
#7032=CARTESIAN_POINT('Ctrl Pts',(51.531219548916,-54.9785144227356,0.));
#7033=CARTESIAN_POINT('Ctrl Pts',(51.8222898426757,-55.1367210045812,0.));
#7034=CARTESIAN_POINT('Ctrl Pts',(52.1467797470102,-55.2088212150404,0.));
#7035=CARTESIAN_POINT('Ctrl Pts',(52.3512957468629,-55.2542637586594,0.));
#7036=CARTESIAN_POINT('',(52.3512957468629,-55.2542637586594,0.02));
#7037=CARTESIAN_POINT('Ctrl Pts',(52.3512957468629,-55.2542637586594,0.02));
#7038=CARTESIAN_POINT('Ctrl Pts',(52.1467797470102,-55.2088212150404,0.02));
#7039=CARTESIAN_POINT('Ctrl Pts',(51.8222898426757,-55.1367210045812,0.02));
#7040=CARTESIAN_POINT('Ctrl Pts',(51.531219548916,-54.9785144227356,0.02));
#7041=CARTESIAN_POINT('Ctrl Pts',(51.4236019030213,-54.9200205802918,0.02));
#7042=CARTESIAN_POINT('',(52.3512957468629,-55.2542637586594,0.));
#7043=CARTESIAN_POINT('Ctrl Pts',(53.4409962072968,-55.6140862703324,0.));
#7044=CARTESIAN_POINT('Ctrl Pts',(53.4409962072968,-55.6140862703324,0.02));
#7045=CARTESIAN_POINT('Ctrl Pts',(53.2926435361379,-55.549334374183,0.));
#7046=CARTESIAN_POINT('Ctrl Pts',(53.2926435361379,-55.549334374183,0.02));
#7047=CARTESIAN_POINT('Ctrl Pts',(52.9408513822136,-55.3957866905512,0.));
#7048=CARTESIAN_POINT('Ctrl Pts',(52.9408513822136,-55.3957866905512,0.02));
#7049=CARTESIAN_POINT('Ctrl Pts',(52.5673117041528,-55.306118426443,0.));
#7050=CARTESIAN_POINT('Ctrl Pts',(52.5673117041528,-55.306118426443,0.02));
#7051=CARTESIAN_POINT('Ctrl Pts',(52.3512957468629,-55.2542637586594,0.));
#7052=CARTESIAN_POINT('Ctrl Pts',(52.3512957468629,-55.2542637586594,0.02));
#7053=CARTESIAN_POINT('',(53.4409962072968,-55.6140862703324,0.));
#7054=CARTESIAN_POINT('Ctrl Pts',(52.3512957468629,-55.2542637586594,0.));
#7055=CARTESIAN_POINT('Ctrl Pts',(52.5673117041528,-55.306118426443,0.));
#7056=CARTESIAN_POINT('Ctrl Pts',(52.9408513822136,-55.3957866905512,0.));
#7057=CARTESIAN_POINT('Ctrl Pts',(53.2926435361379,-55.549334374183,0.));
#7058=CARTESIAN_POINT('Ctrl Pts',(53.4409962072968,-55.6140862703324,0.));
#7059=CARTESIAN_POINT('',(53.4409962072968,-55.6140862703324,0.02));
#7060=CARTESIAN_POINT('Ctrl Pts',(53.4409962072968,-55.6140862703324,0.02));
#7061=CARTESIAN_POINT('Ctrl Pts',(53.2926435361379,-55.549334374183,0.02));
#7062=CARTESIAN_POINT('Ctrl Pts',(52.9408513822136,-55.3957866905512,0.02));
#7063=CARTESIAN_POINT('Ctrl Pts',(52.5673117041528,-55.306118426443,0.02));
#7064=CARTESIAN_POINT('Ctrl Pts',(52.3512957468629,-55.2542637586594,0.02));
#7065=CARTESIAN_POINT('',(53.4409962072968,-55.6140862703324,0.));
#7066=CARTESIAN_POINT('Ctrl Pts',(53.9935193434358,-56.1222712993622,0.));
#7067=CARTESIAN_POINT('Ctrl Pts',(53.9935193434358,-56.1222712993622,0.02));
#7068=CARTESIAN_POINT('Ctrl Pts',(53.9198429282495,-56.020116344478,0.));
#7069=CARTESIAN_POINT('Ctrl Pts',(53.9198429282495,-56.020116344478,0.02));
#7070=CARTESIAN_POINT('Ctrl Pts',(53.7704769096876,-55.8130150780978,0.));
#7071=CARTESIAN_POINT('Ctrl Pts',(53.7704769096876,-55.8130150780978,0.02));
#7072=CARTESIAN_POINT('Ctrl Pts',(53.5518055417591,-55.6809890316592,0.));
#7073=CARTESIAN_POINT('Ctrl Pts',(53.5518055417591,-55.6809890316592,0.02));
#7074=CARTESIAN_POINT('Ctrl Pts',(53.4409962072968,-55.6140862703324,0.));
#7075=CARTESIAN_POINT('Ctrl Pts',(53.4409962072968,-55.6140862703324,0.02));
#7076=CARTESIAN_POINT('',(53.9935193434358,-56.1222712993622,0.));
#7077=CARTESIAN_POINT('Ctrl Pts',(53.4409962072968,-55.6140862703324,0.));
#7078=CARTESIAN_POINT('Ctrl Pts',(53.5518055417591,-55.6809890316592,0.));
#7079=CARTESIAN_POINT('Ctrl Pts',(53.7704769096876,-55.8130150780978,0.));
#7080=CARTESIAN_POINT('Ctrl Pts',(53.9198429282495,-56.020116344478,0.));
#7081=CARTESIAN_POINT('Ctrl Pts',(53.9935193434358,-56.1222712993622,0.));
#7082=CARTESIAN_POINT('',(53.9935193434358,-56.1222712993622,0.02));
#7083=CARTESIAN_POINT('Ctrl Pts',(53.9935193434358,-56.1222712993622,0.02));
#7084=CARTESIAN_POINT('Ctrl Pts',(53.9198429282495,-56.020116344478,0.02));
#7085=CARTESIAN_POINT('Ctrl Pts',(53.7704769096876,-55.8130150780978,0.02));
#7086=CARTESIAN_POINT('Ctrl Pts',(53.5518055417591,-55.6809890316592,0.02));
#7087=CARTESIAN_POINT('Ctrl Pts',(53.4409962072968,-55.6140862703324,0.02));
#7088=CARTESIAN_POINT('',(53.9935193434358,-56.1222712993622,0.));
#7089=CARTESIAN_POINT('Ctrl Pts',(54.1930423155427,-56.9186561107636,0.));
#7090=CARTESIAN_POINT('Ctrl Pts',(54.1930423155427,-56.9186561107636,0.02));
#7091=CARTESIAN_POINT('Ctrl Pts',(54.1868739547498,-56.7705648648008,0.));
#7092=CARTESIAN_POINT('Ctrl Pts',(54.1868739547498,-56.7705648648008,0.02));
#7093=CARTESIAN_POINT('Ctrl Pts',(54.1752241599237,-56.4908742486197,0.));
#7094=CARTESIAN_POINT('Ctrl Pts',(54.1752241599237,-56.4908742486197,0.02));
#7095=CARTESIAN_POINT('Ctrl Pts',(54.0516589534583,-56.2402122110959,0.));
#7096=CARTESIAN_POINT('Ctrl Pts',(54.0516589534583,-56.2402122110959,0.02));
#7097=CARTESIAN_POINT('Ctrl Pts',(53.9935193434358,-56.1222712993622,0.));
#7098=CARTESIAN_POINT('Ctrl Pts',(53.9935193434358,-56.1222712993622,0.02));
#7099=CARTESIAN_POINT('',(54.1930423155427,-56.9186561107636,0.));
#7100=CARTESIAN_POINT('Ctrl Pts',(53.9935193434358,-56.1222712993622,0.));
#7101=CARTESIAN_POINT('Ctrl Pts',(54.0516589534583,-56.2402122110959,0.));
#7102=CARTESIAN_POINT('Ctrl Pts',(54.1752241599237,-56.4908742486197,0.));
#7103=CARTESIAN_POINT('Ctrl Pts',(54.1868739547498,-56.7705648648008,0.));
#7104=CARTESIAN_POINT('Ctrl Pts',(54.1930423155427,-56.9186561107636,0.));
#7105=CARTESIAN_POINT('',(54.1930423155427,-56.9186561107636,0.02));
#7106=CARTESIAN_POINT('Ctrl Pts',(54.1930423155427,-56.9186561107636,0.02));
#7107=CARTESIAN_POINT('Ctrl Pts',(54.1868739547498,-56.7705648648008,0.02));
#7108=CARTESIAN_POINT('Ctrl Pts',(54.1752241599237,-56.4908742486197,0.02));
#7109=CARTESIAN_POINT('Ctrl Pts',(54.0516589534583,-56.2402122110959,0.02));
#7110=CARTESIAN_POINT('Ctrl Pts',(53.9935193434358,-56.1222712993622,0.02));
#7111=CARTESIAN_POINT('',(54.1930423155427,-56.9186561107636,0.));
#7112=CARTESIAN_POINT('Ctrl Pts',(53.9542971029878,-57.7235673666001,0.));
#7113=CARTESIAN_POINT('Ctrl Pts',(53.9542971029878,-57.7235673666001,0.02));
#7114=CARTESIAN_POINT('Ctrl Pts',(54.0239297669027,-57.5968988627755,0.));
#7115=CARTESIAN_POINT('Ctrl Pts',(54.0239297669027,-57.5968988627755,0.02));
#7116=CARTESIAN_POINT('Ctrl Pts',(54.1619416004918,-57.3458420815472,0.));
#7117=CARTESIAN_POINT('Ctrl Pts',(54.1619416004918,-57.3458420815472,0.02));
#7118=CARTESIAN_POINT('Ctrl Pts',(54.1827383728425,-57.060186611206,0.));
#7119=CARTESIAN_POINT('Ctrl Pts',(54.1827383728425,-57.060186611206,0.02));
#7120=CARTESIAN_POINT('Ctrl Pts',(54.1930423155427,-56.9186561107636,0.));
#7121=CARTESIAN_POINT('Ctrl Pts',(54.1930423155427,-56.9186561107636,0.02));
#7122=CARTESIAN_POINT('',(53.9542971029878,-57.7235673666001,0.));
#7123=CARTESIAN_POINT('Ctrl Pts',(54.1930423155427,-56.9186561107636,0.));
#7124=CARTESIAN_POINT('Ctrl Pts',(54.1827383728425,-57.060186611206,0.));
#7125=CARTESIAN_POINT('Ctrl Pts',(54.1619416004918,-57.3458420815472,0.));
#7126=CARTESIAN_POINT('Ctrl Pts',(54.0239297669027,-57.5968988627755,0.));
#7127=CARTESIAN_POINT('Ctrl Pts',(53.9542971029878,-57.7235673666001,0.));
#7128=CARTESIAN_POINT('',(53.9542971029878,-57.7235673666001,0.02));
#7129=CARTESIAN_POINT('Ctrl Pts',(53.9542971029878,-57.7235673666001,0.02));
#7130=CARTESIAN_POINT('Ctrl Pts',(54.0239297669027,-57.5968988627755,0.02));
#7131=CARTESIAN_POINT('Ctrl Pts',(54.1619416004918,-57.3458420815472,0.02));
#7132=CARTESIAN_POINT('Ctrl Pts',(54.1827383728425,-57.060186611206,0.02));
#7133=CARTESIAN_POINT('Ctrl Pts',(54.1930423155427,-56.9186561107636,0.02));
#7134=CARTESIAN_POINT('',(53.9542971029878,-57.7235673666001,0.));
#7135=CARTESIAN_POINT('Ctrl Pts',(53.2789907827973,-58.2812069654465,0.));
#7136=CARTESIAN_POINT('Ctrl Pts',(53.2789907827973,-58.2812069654465,0.02));
#7137=CARTESIAN_POINT('Ctrl Pts',(53.4155803725021,-58.2134251188322,0.));
#7138=CARTESIAN_POINT('Ctrl Pts',(53.4155803725021,-58.2134251188322,0.02));
#7139=CARTESIAN_POINT('Ctrl Pts',(53.6842926678925,-58.0800780926868,0.));
#7140=CARTESIAN_POINT('Ctrl Pts',(53.6842926678925,-58.0800780926868,0.02));
#7141=CARTESIAN_POINT('Ctrl Pts',(53.86529859633,-57.8410799630802,0.));
#7142=CARTESIAN_POINT('Ctrl Pts',(53.86529859633,-57.8410799630802,0.02));
#7143=CARTESIAN_POINT('Ctrl Pts',(53.9542971029878,-57.7235673666001,0.));
#7144=CARTESIAN_POINT('Ctrl Pts',(53.9542971029878,-57.7235673666001,0.02));
#7145=CARTESIAN_POINT('',(53.2789907827973,-58.2812069654465,0.));
#7146=CARTESIAN_POINT('Ctrl Pts',(53.9542971029878,-57.7235673666001,0.));
#7147=CARTESIAN_POINT('Ctrl Pts',(53.86529859633,-57.8410799630802,0.));
#7148=CARTESIAN_POINT('Ctrl Pts',(53.6842926678925,-58.0800780926868,0.));
#7149=CARTESIAN_POINT('Ctrl Pts',(53.4155803725021,-58.2134251188322,0.));
#7150=CARTESIAN_POINT('Ctrl Pts',(53.2789907827973,-58.2812069654465,0.));
#7151=CARTESIAN_POINT('',(53.2789907827973,-58.2812069654465,0.02));
#7152=CARTESIAN_POINT('Ctrl Pts',(53.2789907827973,-58.2812069654465,0.02));
#7153=CARTESIAN_POINT('Ctrl Pts',(53.4155803725021,-58.2134251188322,0.02));
#7154=CARTESIAN_POINT('Ctrl Pts',(53.6842926678925,-58.0800780926868,0.02));
#7155=CARTESIAN_POINT('Ctrl Pts',(53.86529859633,-57.8410799630802,0.02));
#7156=CARTESIAN_POINT('Ctrl Pts',(53.9542971029878,-57.7235673666001,0.02));
#7157=CARTESIAN_POINT('',(53.2789907827973,-58.2812069654465,0.));
#7158=CARTESIAN_POINT('Ctrl Pts',(52.1909962072968,-58.4636758565903,0.));
#7159=CARTESIAN_POINT('Ctrl Pts',(52.1909962072968,-58.4636758565903,0.02));
#7160=CARTESIAN_POINT('Ctrl Pts',(52.3920673315267,-58.4588849512316,0.));
#7161=CARTESIAN_POINT('Ctrl Pts',(52.3920673315267,-58.4588849512316,0.02));
#7162=CARTESIAN_POINT('Ctrl Pts',(52.76387628438,-58.450025889487,0.));
#7163=CARTESIAN_POINT('Ctrl Pts',(52.76387628438,-58.450025889487,0.02));
#7164=CARTESIAN_POINT('Ctrl Pts',(53.1168858105535,-58.3343337694481,0.));
#7165=CARTESIAN_POINT('Ctrl Pts',(53.1168858105535,-58.3343337694481,0.02));
#7166=CARTESIAN_POINT('Ctrl Pts',(53.2789907827973,-58.2812069654465,0.));
#7167=CARTESIAN_POINT('Ctrl Pts',(53.2789907827973,-58.2812069654465,0.02));
#7168=CARTESIAN_POINT('',(52.1909962072968,-58.4636758565903,0.));
#7169=CARTESIAN_POINT('Ctrl Pts',(53.2789907827973,-58.2812069654465,0.));
#7170=CARTESIAN_POINT('Ctrl Pts',(53.1168858105535,-58.3343337694481,0.));
#7171=CARTESIAN_POINT('Ctrl Pts',(52.76387628438,-58.450025889487,0.));
#7172=CARTESIAN_POINT('Ctrl Pts',(52.3920673315267,-58.4588849512316,0.));
#7173=CARTESIAN_POINT('Ctrl Pts',(52.1909962072968,-58.4636758565903,0.));
#7174=CARTESIAN_POINT('',(52.1909962072968,-58.4636758565903,0.02));
#7175=CARTESIAN_POINT('Ctrl Pts',(52.1909962072968,-58.4636758565903,0.02));
#7176=CARTESIAN_POINT('Ctrl Pts',(52.3920673315267,-58.4588849512316,0.02));
#7177=CARTESIAN_POINT('Ctrl Pts',(52.76387628438,-58.450025889487,0.02));
#7178=CARTESIAN_POINT('Ctrl Pts',(53.1168858105535,-58.3343337694481,0.02));
#7179=CARTESIAN_POINT('Ctrl Pts',(53.2789907827973,-58.2812069654465,0.02));
#7180=CARTESIAN_POINT('',(52.1909962072968,-58.4636758565903,0.));
#7181=CARTESIAN_POINT('Ctrl Pts',(50.7346520796418,-58.0254088640213,0.));
#7182=CARTESIAN_POINT('Ctrl Pts',(50.7346520796418,-58.0254088640213,0.02));
#7183=CARTESIAN_POINT('Ctrl Pts',(50.9349694855969,-58.1529423198326,0.));
#7184=CARTESIAN_POINT('Ctrl Pts',(50.9349694855969,-58.1529423198326,0.02));
#7185=CARTESIAN_POINT('Ctrl Pts',(51.3771367410734,-58.4344511476284,0.));
#7186=CARTESIAN_POINT('Ctrl Pts',(51.3771367410734,-58.4344511476284,0.02));
#7187=CARTESIAN_POINT('Ctrl Pts',(51.9032376293322,-58.4533427941375,0.));
#7188=CARTESIAN_POINT('Ctrl Pts',(51.9032376293322,-58.4533427941375,0.02));
#7189=CARTESIAN_POINT('Ctrl Pts',(52.1909962072968,-58.4636758565903,0.));
#7190=CARTESIAN_POINT('Ctrl Pts',(52.1909962072968,-58.4636758565903,0.02));
#7191=CARTESIAN_POINT('',(50.7346520796418,-58.0254088640213,0.));
#7192=CARTESIAN_POINT('Ctrl Pts',(52.1909962072968,-58.4636758565903,0.));
#7193=CARTESIAN_POINT('Ctrl Pts',(51.9032376293322,-58.4533427941375,0.));
#7194=CARTESIAN_POINT('Ctrl Pts',(51.3771367410734,-58.4344511476284,0.));
#7195=CARTESIAN_POINT('Ctrl Pts',(50.9349694855969,-58.1529423198326,0.));
#7196=CARTESIAN_POINT('Ctrl Pts',(50.7346520796418,-58.0254088640213,0.));
#7197=CARTESIAN_POINT('',(50.7346520796418,-58.0254088640213,0.02));
#7198=CARTESIAN_POINT('Ctrl Pts',(50.7346520796418,-58.0254088640213,0.02));
#7199=CARTESIAN_POINT('Ctrl Pts',(50.9349694855969,-58.1529423198326,0.02));
#7200=CARTESIAN_POINT('Ctrl Pts',(51.3771367410734,-58.4344511476284,0.02));
#7201=CARTESIAN_POINT('Ctrl Pts',(51.9032376293322,-58.4533427941375,0.02));
#7202=CARTESIAN_POINT('Ctrl Pts',(52.1909962072968,-58.4636758565903,0.02));
#7203=CARTESIAN_POINT('',(50.7346520796418,-58.0254088640213,0.));
#7204=CARTESIAN_POINT('Ctrl Pts',(50.1275579109788,-56.7481242418289,0.));
#7205=CARTESIAN_POINT('Ctrl Pts',(50.1275579109788,-56.7481242418289,0.02));
#7206=CARTESIAN_POINT('Ctrl Pts',(50.1716185566562,-57.005686892481,0.));
#7207=CARTESIAN_POINT('Ctrl Pts',(50.1716185566562,-57.005686892481,0.02));
#7208=CARTESIAN_POINT('Ctrl Pts',(50.2544773571237,-57.490049569199,0.));
#7209=CARTESIAN_POINT('Ctrl Pts',(50.2544773571237,-57.490049569199,0.02));
#7210=CARTESIAN_POINT('Ctrl Pts',(50.5815174465164,-57.8546750761764,0.));
#7211=CARTESIAN_POINT('Ctrl Pts',(50.5815174465164,-57.8546750761764,0.02));
#7212=CARTESIAN_POINT('Ctrl Pts',(50.7346520796418,-58.0254088640213,0.));
#7213=CARTESIAN_POINT('Ctrl Pts',(50.7346520796418,-58.0254088640213,0.02));
#7214=CARTESIAN_POINT('Ctrl Pts',(50.7346520796418,-58.0254088640213,0.));
#7215=CARTESIAN_POINT('Ctrl Pts',(50.5815174465164,-57.8546750761764,0.));
#7216=CARTESIAN_POINT('Ctrl Pts',(50.2544773571237,-57.490049569199,0.));
#7217=CARTESIAN_POINT('Ctrl Pts',(50.1716185566562,-57.005686892481,0.));
#7218=CARTESIAN_POINT('Ctrl Pts',(50.1275579109788,-56.7481242418289,0.));
#7219=CARTESIAN_POINT('Ctrl Pts',(50.1275579109788,-56.7481242418289,0.02));
#7220=CARTESIAN_POINT('Ctrl Pts',(50.1716185566562,-57.005686892481,0.02));
#7221=CARTESIAN_POINT('Ctrl Pts',(50.2544773571237,-57.490049569199,0.02));
#7222=CARTESIAN_POINT('Ctrl Pts',(50.5815174465164,-57.8546750761764,0.02));
#7223=CARTESIAN_POINT('Ctrl Pts',(50.7346520796418,-58.0254088640213,0.02));
#7224=CARTESIAN_POINT('Origin',(52.0000002756715,-55.8767049312592,0.02));
#7225=CARTESIAN_POINT('Origin',(52.0000002756715,-55.8767049312592,0.));
#7226=CARTESIAN_POINT('Origin',(31.1364258080721,-55.4895972013474,0.));
#7227=CARTESIAN_POINT('',(30.3894961625338,-55.4895972013474,0.));
#7228=CARTESIAN_POINT('',(31.1364258080721,-55.4895972013474,0.));
#7229=CARTESIAN_POINT('',(30.3894961625338,-55.4895972013474,0.));
#7230=CARTESIAN_POINT('',(30.3894961625338,-55.4895972013474,0.02));
#7231=CARTESIAN_POINT('',(30.3894961625338,-55.4895972013474,0.));
#7232=CARTESIAN_POINT('',(31.1364258080721,-55.4895972013474,0.02));
#7233=CARTESIAN_POINT('',(30.3894961625338,-55.4895972013474,0.02));
#7234=CARTESIAN_POINT('',(31.1364258080721,-55.4895972013474,0.));
#7235=CARTESIAN_POINT('Ctrl Pts',(32.0436573773623,-55.4282056093216,0.));
#7236=CARTESIAN_POINT('Ctrl Pts',(32.0436573773623,-55.4282056093216,0.02));
#7237=CARTESIAN_POINT('Ctrl Pts',(31.9381157141236,-55.4457651781613,0.));
#7238=CARTESIAN_POINT('Ctrl Pts',(31.9381157141236,-55.4457651781613,0.02));
#7239=CARTESIAN_POINT('Ctrl Pts',(31.6382153373945,-55.4956613153703,0.));
#7240=CARTESIAN_POINT('Ctrl Pts',(31.6382153373945,-55.4956613153703,0.02));
#7241=CARTESIAN_POINT('Ctrl Pts',(31.3337457345883,-55.4919818077679,0.));
#7242=CARTESIAN_POINT('Ctrl Pts',(31.3337457345883,-55.4919818077679,0.02));
#7243=CARTESIAN_POINT('Ctrl Pts',(31.1364258080721,-55.4895972013474,0.));
#7244=CARTESIAN_POINT('Ctrl Pts',(31.1364258080721,-55.4895972013474,0.02));
#7245=CARTESIAN_POINT('',(32.0436573773623,-55.4282056093216,0.));
#7246=CARTESIAN_POINT('Ctrl Pts',(31.1364258080721,-55.4895972013474,0.));
#7247=CARTESIAN_POINT('Ctrl Pts',(31.3337457345883,-55.4919818077679,0.));
#7248=CARTESIAN_POINT('Ctrl Pts',(31.6382153373945,-55.4956613153703,0.));
#7249=CARTESIAN_POINT('Ctrl Pts',(31.9381157141236,-55.4457651781613,0.));
#7250=CARTESIAN_POINT('Ctrl Pts',(32.0436573773623,-55.4282056093216,0.));
#7251=CARTESIAN_POINT('',(32.0436573773623,-55.4282056093216,0.02));
#7252=CARTESIAN_POINT('Ctrl Pts',(32.0436573773623,-55.4282056093216,0.02));
#7253=CARTESIAN_POINT('Ctrl Pts',(31.9381157141236,-55.4457651781613,0.02));
#7254=CARTESIAN_POINT('Ctrl Pts',(31.6382153373945,-55.4956613153703,0.02));
#7255=CARTESIAN_POINT('Ctrl Pts',(31.3337457345883,-55.4919818077679,0.02));
#7256=CARTESIAN_POINT('Ctrl Pts',(31.1364258080721,-55.4895972013474,0.02));
#7257=CARTESIAN_POINT('',(32.0436573773623,-55.4282056093216,0.));
#7258=CARTESIAN_POINT('Ctrl Pts',(32.3267401009798,-55.216746211052,0.));
#7259=CARTESIAN_POINT('Ctrl Pts',(32.3267401009798,-55.216746211052,0.02));
#7260=CARTESIAN_POINT('Ctrl Pts',(32.2889695271902,-55.2632068826758,0.));
#7261=CARTESIAN_POINT('Ctrl Pts',(32.2889695271902,-55.2632068826758,0.02));
#7262=CARTESIAN_POINT('Ctrl Pts',(32.2123975469545,-55.357396228306,0.));
#7263=CARTESIAN_POINT('Ctrl Pts',(32.2123975469545,-55.357396228306,0.02));
#7264=CARTESIAN_POINT('Ctrl Pts',(32.1004066511111,-55.4043915942181,0.));
#7265=CARTESIAN_POINT('Ctrl Pts',(32.1004066511111,-55.4043915942181,0.02));
#7266=CARTESIAN_POINT('Ctrl Pts',(32.0436573773623,-55.4282056093216,0.));
#7267=CARTESIAN_POINT('Ctrl Pts',(32.0436573773623,-55.4282056093216,0.02));
#7268=CARTESIAN_POINT('',(32.3267401009798,-55.216746211052,0.));
#7269=CARTESIAN_POINT('Ctrl Pts',(32.0436573773623,-55.4282056093216,0.));
#7270=CARTESIAN_POINT('Ctrl Pts',(32.1004066511111,-55.4043915942181,0.));
#7271=CARTESIAN_POINT('Ctrl Pts',(32.2123975469545,-55.357396228306,0.));
#7272=CARTESIAN_POINT('Ctrl Pts',(32.2889695271902,-55.2632068826758,0.));
#7273=CARTESIAN_POINT('Ctrl Pts',(32.3267401009798,-55.216746211052,0.));
#7274=CARTESIAN_POINT('',(32.3267401009798,-55.216746211052,0.02));
#7275=CARTESIAN_POINT('Ctrl Pts',(32.3267401009798,-55.216746211052,0.02));
#7276=CARTESIAN_POINT('Ctrl Pts',(32.2889695271902,-55.2632068826758,0.02));
#7277=CARTESIAN_POINT('Ctrl Pts',(32.2123975469545,-55.357396228306,0.02));
#7278=CARTESIAN_POINT('Ctrl Pts',(32.1004066511111,-55.4043915942181,0.02));
#7279=CARTESIAN_POINT('Ctrl Pts',(32.0436573773623,-55.4282056093216,0.02));
#7280=CARTESIAN_POINT('',(32.3267401009798,-55.216746211052,0.));
#7281=CARTESIAN_POINT('Ctrl Pts',(32.4290586262941,-54.8415755033493,0.));
#7282=CARTESIAN_POINT('Ctrl Pts',(32.4290586262941,-54.8415755033493,0.02));
#7283=CARTESIAN_POINT('Ctrl Pts',(32.4258580098361,-54.9118592990981,0.));
#7284=CARTESIAN_POINT('Ctrl Pts',(32.4258580098361,-54.9118592990981,0.02));
#7285=CARTESIAN_POINT('Ctrl Pts',(32.4198027218533,-55.0448301281097,0.));
#7286=CARTESIAN_POINT('Ctrl Pts',(32.4198027218533,-55.0448301281097,0.02));
#7287=CARTESIAN_POINT('Ctrl Pts',(32.3565565343314,-55.1616658320448,0.));
#7288=CARTESIAN_POINT('Ctrl Pts',(32.3565565343314,-55.1616658320448,0.02));
#7289=CARTESIAN_POINT('Ctrl Pts',(32.3267401009798,-55.216746211052,0.));
#7290=CARTESIAN_POINT('Ctrl Pts',(32.3267401009798,-55.216746211052,0.02));
#7291=CARTESIAN_POINT('',(32.4290586262941,-54.8415755033493,0.));
#7292=CARTESIAN_POINT('Ctrl Pts',(32.3267401009798,-55.216746211052,0.));
#7293=CARTESIAN_POINT('Ctrl Pts',(32.3565565343314,-55.1616658320448,0.));
#7294=CARTESIAN_POINT('Ctrl Pts',(32.4198027218533,-55.0448301281097,0.));
#7295=CARTESIAN_POINT('Ctrl Pts',(32.4258580098361,-54.9118592990981,0.));
#7296=CARTESIAN_POINT('Ctrl Pts',(32.4290586262941,-54.8415755033493,0.));
#7297=CARTESIAN_POINT('',(32.4290586262941,-54.8415755033493,0.02));
#7298=CARTESIAN_POINT('Ctrl Pts',(32.4290586262941,-54.8415755033493,0.02));
#7299=CARTESIAN_POINT('Ctrl Pts',(32.4258580098361,-54.9118592990981,0.02));
#7300=CARTESIAN_POINT('Ctrl Pts',(32.4198027218533,-55.0448301281097,0.02));
#7301=CARTESIAN_POINT('Ctrl Pts',(32.3565565343314,-55.1616658320448,0.02));
#7302=CARTESIAN_POINT('Ctrl Pts',(32.3267401009798,-55.216746211052,0.02));
#7303=CARTESIAN_POINT('',(32.4290586262941,-54.8415755033493,0.));
#7304=CARTESIAN_POINT('Ctrl Pts',(32.2943390160799,-54.4340037107468,0.));
#7305=CARTESIAN_POINT('Ctrl Pts',(32.2943390160799,-54.4340037107468,0.02));
#7306=CARTESIAN_POINT('Ctrl Pts',(32.3335983695884,-54.4919230295907,0.));
#7307=CARTESIAN_POINT('Ctrl Pts',(32.3335983695884,-54.4919230295907,0.02));
#7308=CARTESIAN_POINT('Ctrl Pts',(32.4168039899519,-54.6146762698954,0.));
#7309=CARTESIAN_POINT('Ctrl Pts',(32.4168039899519,-54.6146762698954,0.02));
#7310=CARTESIAN_POINT('Ctrl Pts',(32.4248231758365,-54.7631545339034,0.));
#7311=CARTESIAN_POINT('Ctrl Pts',(32.4248231758365,-54.7631545339034,0.02));
#7312=CARTESIAN_POINT('Ctrl Pts',(32.4290586262941,-54.8415755033493,0.));
#7313=CARTESIAN_POINT('Ctrl Pts',(32.4290586262941,-54.8415755033493,0.02));
#7314=CARTESIAN_POINT('',(32.2943390160799,-54.4340037107468,0.));
#7315=CARTESIAN_POINT('Ctrl Pts',(32.4290586262941,-54.8415755033493,0.));
#7316=CARTESIAN_POINT('Ctrl Pts',(32.4248231758365,-54.7631545339034,0.));
#7317=CARTESIAN_POINT('Ctrl Pts',(32.4168039899519,-54.6146762698954,0.));
#7318=CARTESIAN_POINT('Ctrl Pts',(32.3335983695884,-54.4919230295907,0.));
#7319=CARTESIAN_POINT('Ctrl Pts',(32.2943390160799,-54.4340037107468,0.));
#7320=CARTESIAN_POINT('',(32.2943390160799,-54.4340037107468,0.02));
#7321=CARTESIAN_POINT('Ctrl Pts',(32.2943390160799,-54.4340037107468,0.02));
#7322=CARTESIAN_POINT('Ctrl Pts',(32.3335983695884,-54.4919230295907,0.02));
#7323=CARTESIAN_POINT('Ctrl Pts',(32.4168039899519,-54.6146762698954,0.02));
#7324=CARTESIAN_POINT('Ctrl Pts',(32.4248231758365,-54.7631545339034,0.02));
#7325=CARTESIAN_POINT('Ctrl Pts',(32.4290586262941,-54.8415755033493,0.02));
#7326=CARTESIAN_POINT('',(32.2943390160799,-54.4340037107468,0.));
#7327=CARTESIAN_POINT('Ctrl Pts',(31.9140530377626,-54.2378919124603,0.));
#7328=CARTESIAN_POINT('Ctrl Pts',(31.9140530377626,-54.2378919124603,0.02));
#7329=CARTESIAN_POINT('Ctrl Pts',(31.9899598545979,-54.2548217789843,0.));
#7330=CARTESIAN_POINT('Ctrl Pts',(31.9899598545979,-54.2548217789843,0.02));
#7331=CARTESIAN_POINT('Ctrl Pts',(32.1342331280206,-54.2869997488144,0.));
#7332=CARTESIAN_POINT('Ctrl Pts',(32.1342331280206,-54.2869997488144,0.02));
#7333=CARTESIAN_POINT('Ctrl Pts',(32.2428628773316,-54.3867400127485,0.));
#7334=CARTESIAN_POINT('Ctrl Pts',(32.2428628773316,-54.3867400127485,0.02));
#7335=CARTESIAN_POINT('Ctrl Pts',(32.2943390160799,-54.4340037107468,0.));
#7336=CARTESIAN_POINT('Ctrl Pts',(32.2943390160799,-54.4340037107468,0.02));
#7337=CARTESIAN_POINT('',(31.9140530377626,-54.2378919124603,0.));
#7338=CARTESIAN_POINT('Ctrl Pts',(32.2943390160799,-54.4340037107468,0.));
#7339=CARTESIAN_POINT('Ctrl Pts',(32.2428628773316,-54.3867400127485,0.));
#7340=CARTESIAN_POINT('Ctrl Pts',(32.1342331280206,-54.2869997488144,0.));
#7341=CARTESIAN_POINT('Ctrl Pts',(31.9899598545979,-54.2548217789843,0.));
#7342=CARTESIAN_POINT('Ctrl Pts',(31.9140530377626,-54.2378919124603,0.));
#7343=CARTESIAN_POINT('',(31.9140530377626,-54.2378919124603,0.02));
#7344=CARTESIAN_POINT('Ctrl Pts',(31.9140530377626,-54.2378919124603,0.02));
#7345=CARTESIAN_POINT('Ctrl Pts',(31.9899598545979,-54.2548217789843,0.02));
#7346=CARTESIAN_POINT('Ctrl Pts',(32.1342331280206,-54.2869997488144,0.02));
#7347=CARTESIAN_POINT('Ctrl Pts',(32.2428628773316,-54.3867400127485,0.02));
#7348=CARTESIAN_POINT('Ctrl Pts',(32.2943390160799,-54.4340037107468,0.02));
#7349=CARTESIAN_POINT('',(31.9140530377626,-54.2378919124603,0.));
#7350=CARTESIAN_POINT('Ctrl Pts',(31.1773539334536,-54.2208384275437,0.));
#7351=CARTESIAN_POINT('Ctrl Pts',(31.1773539334536,-54.2208384275437,0.02));
#7352=CARTESIAN_POINT('Ctrl Pts',(31.3411366266546,-54.2198958895341,0.));
#7353=CARTESIAN_POINT('Ctrl Pts',(31.3411366266546,-54.2198958895341,0.02));
#7354=CARTESIAN_POINT('Ctrl Pts',(31.5869185746819,-54.2184814615287,0.));
#7355=CARTESIAN_POINT('Ctrl Pts',(31.5869185746819,-54.2184814615287,0.02));
#7356=CARTESIAN_POINT('Ctrl Pts',(31.8322155743355,-54.2330361046886,0.));
#7357=CARTESIAN_POINT('Ctrl Pts',(31.8322155743355,-54.2330361046886,0.02));
#7358=CARTESIAN_POINT('Ctrl Pts',(31.9140530377626,-54.2378919124603,0.));
#7359=CARTESIAN_POINT('Ctrl Pts',(31.9140530377626,-54.2378919124603,0.02));
#7360=CARTESIAN_POINT('',(31.1773539334536,-54.2208384275437,0.));
#7361=CARTESIAN_POINT('Ctrl Pts',(31.9140530377626,-54.2378919124603,0.));
#7362=CARTESIAN_POINT('Ctrl Pts',(31.8322155743355,-54.2330361046886,0.));
#7363=CARTESIAN_POINT('Ctrl Pts',(31.5869185746819,-54.2184814615287,0.));
#7364=CARTESIAN_POINT('Ctrl Pts',(31.3411366266546,-54.2198958895341,0.));
#7365=CARTESIAN_POINT('Ctrl Pts',(31.1773539334536,-54.2208384275437,0.));
#7366=CARTESIAN_POINT('',(31.1773539334536,-54.2208384275437,0.02));
#7367=CARTESIAN_POINT('Ctrl Pts',(31.1773539334536,-54.2208384275437,0.02));
#7368=CARTESIAN_POINT('Ctrl Pts',(31.3411366266546,-54.2198958895341,0.02));
#7369=CARTESIAN_POINT('Ctrl Pts',(31.5869185746819,-54.2184814615287,0.02));
#7370=CARTESIAN_POINT('Ctrl Pts',(31.8322155743355,-54.2330361046886,0.02));
#7371=CARTESIAN_POINT('Ctrl Pts',(31.9140530377626,-54.2378919124603,0.02));
#7372=CARTESIAN_POINT('',(31.1773539334536,-54.2208384275437,0.));
#7373=CARTESIAN_POINT('Origin',(30.3894961625338,-54.2208384275437,0.));
#7374=CARTESIAN_POINT('',(30.3894961625338,-54.2208384275437,0.));
#7375=CARTESIAN_POINT('',(31.1773539334536,-54.2208384275437,0.));
#7376=CARTESIAN_POINT('',(30.3894961625338,-54.2208384275437,0.02));
#7377=CARTESIAN_POINT('',(31.1773539334536,-54.2208384275437,0.02));
#7378=CARTESIAN_POINT('',(30.3894961625338,-54.2208384275437,0.));
#7379=CARTESIAN_POINT('Origin',(30.3894961625338,-55.4895972013474,0.));
#7380=CARTESIAN_POINT('',(30.3894961625338,-54.2208384275437,0.));
#7381=CARTESIAN_POINT('',(30.3894961625338,-54.2208384275437,0.02));
#7382=CARTESIAN_POINT('Origin',(29.3799460679293,-53.3749996423721,0.));
#7383=CARTESIAN_POINT('',(29.3799460679293,-58.3749996423721,0.));
#7384=CARTESIAN_POINT('',(29.3799460679293,-53.3749996423721,0.));
#7385=CARTESIAN_POINT('',(29.3799460679293,-58.3749996423721,0.));
#7386=CARTESIAN_POINT('',(29.3799460679293,-58.3749996423721,0.02));
#7387=CARTESIAN_POINT('',(29.3799460679293,-58.3749996423721,0.));
#7388=CARTESIAN_POINT('',(29.3799460679293,-53.3749996423721,0.02));
#7389=CARTESIAN_POINT('',(29.3799460679293,-58.3749996423721,0.02));
#7390=CARTESIAN_POINT('',(29.3799460679293,-53.3749996423721,0.));
#7391=CARTESIAN_POINT('Origin',(31.5047753602266,-53.3749996423721,0.));
#7392=CARTESIAN_POINT('',(31.5047753602266,-53.3749996423721,0.));
#7393=CARTESIAN_POINT('',(29.3799460679293,-53.3749996423721,0.));
#7394=CARTESIAN_POINT('',(31.5047753602266,-53.3749996423721,0.02));
#7395=CARTESIAN_POINT('',(29.3799460679293,-53.3749996423721,0.02));
#7396=CARTESIAN_POINT('',(31.5047753602266,-53.3749996423721,0.));
#7397=CARTESIAN_POINT('Ctrl Pts',(32.6695097237825,-53.5097198486328,0.));
#7398=CARTESIAN_POINT('Ctrl Pts',(32.6695097237825,-53.5097198486328,0.02));
#7399=CARTESIAN_POINT('Ctrl Pts',(32.512602076422,-53.4707282393438,0.));
#7400=CARTESIAN_POINT('Ctrl Pts',(32.512602076422,-53.4707282393438,0.02));
#7401=CARTESIAN_POINT('Ctrl Pts',(32.1308672704703,-53.3758669967205,0.));
#7402=CARTESIAN_POINT('Ctrl Pts',(32.1308672704703,-53.3758669967205,0.02));
#7403=CARTESIAN_POINT('Ctrl Pts',(31.7368414530999,-53.3753211343631,0.));
#7404=CARTESIAN_POINT('Ctrl Pts',(31.7368414530999,-53.3753211343631,0.02));
#7405=CARTESIAN_POINT('Ctrl Pts',(31.5047753602266,-53.3749996423721,0.));
#7406=CARTESIAN_POINT('Ctrl Pts',(31.5047753602266,-53.3749996423721,0.02));
#7407=CARTESIAN_POINT('',(32.6695097237825,-53.5097198486328,0.));
#7408=CARTESIAN_POINT('Ctrl Pts',(31.5047753602266,-53.3749996423721,0.));
#7409=CARTESIAN_POINT('Ctrl Pts',(31.7368414530999,-53.3753211343631,0.));
#7410=CARTESIAN_POINT('Ctrl Pts',(32.1308672704703,-53.3758669967205,0.));
#7411=CARTESIAN_POINT('Ctrl Pts',(32.512602076422,-53.4707282393438,0.));
#7412=CARTESIAN_POINT('Ctrl Pts',(32.6695097237825,-53.5097198486328,0.));
#7413=CARTESIAN_POINT('',(32.6695097237825,-53.5097198486328,0.02));
#7414=CARTESIAN_POINT('Ctrl Pts',(32.6695097237825,-53.5097198486328,0.02));
#7415=CARTESIAN_POINT('Ctrl Pts',(32.512602076422,-53.4707282393438,0.02));
#7416=CARTESIAN_POINT('Ctrl Pts',(32.1308672704703,-53.3758669967205,0.02));
#7417=CARTESIAN_POINT('Ctrl Pts',(31.7368414530999,-53.3753211343631,0.02));
#7418=CARTESIAN_POINT('Ctrl Pts',(31.5047753602266,-53.3749996423721,0.02));
#7419=CARTESIAN_POINT('',(32.6695097237825,-53.5097198486328,0.));
#7420=CARTESIAN_POINT('Ctrl Pts',(33.2510233670473,-53.9889149665833,0.));
#7421=CARTESIAN_POINT('Ctrl Pts',(33.2510233670473,-53.9889149665833,0.02));
#7422=CARTESIAN_POINT('Ctrl Pts',(33.1730856276454,-53.8831537365029,0.));
#7423=CARTESIAN_POINT('Ctrl Pts',(33.1730856276454,-53.8831537365029,0.02));
#7424=CARTESIAN_POINT('Ctrl Pts',(33.019345775418,-53.6745293138714,0.));
#7425=CARTESIAN_POINT('Ctrl Pts',(33.019345775418,-53.6745293138714,0.02));
#7426=CARTESIAN_POINT('Ctrl Pts',(32.785036798975,-53.5641452155841,0.));
#7427=CARTESIAN_POINT('Ctrl Pts',(32.785036798975,-53.5641452155841,0.02));
#7428=CARTESIAN_POINT('Ctrl Pts',(32.6695097237825,-53.5097198486328,0.));
#7429=CARTESIAN_POINT('Ctrl Pts',(32.6695097237825,-53.5097198486328,0.02));
#7430=CARTESIAN_POINT('',(33.2510233670473,-53.9889149665833,0.));
#7431=CARTESIAN_POINT('Ctrl Pts',(32.6695097237825,-53.5097198486328,0.));
#7432=CARTESIAN_POINT('Ctrl Pts',(32.785036798975,-53.5641452155841,0.));
#7433=CARTESIAN_POINT('Ctrl Pts',(33.019345775418,-53.6745293138714,0.));
#7434=CARTESIAN_POINT('Ctrl Pts',(33.1730856276454,-53.8831537365029,0.));
#7435=CARTESIAN_POINT('Ctrl Pts',(33.2510233670473,-53.9889149665833,0.));
#7436=CARTESIAN_POINT('',(33.2510233670473,-53.9889149665833,0.02));
#7437=CARTESIAN_POINT('Ctrl Pts',(33.2510233670473,-53.9889149665833,0.02));
#7438=CARTESIAN_POINT('Ctrl Pts',(33.1730856276454,-53.8831537365029,0.02));
#7439=CARTESIAN_POINT('Ctrl Pts',(33.019345775418,-53.6745293138714,0.02));
#7440=CARTESIAN_POINT('Ctrl Pts',(32.785036798975,-53.5641452155841,0.02));
#7441=CARTESIAN_POINT('Ctrl Pts',(32.6695097237825,-53.5097198486328,0.02));
#7442=CARTESIAN_POINT('',(33.2510233670473,-53.9889149665833,0.));
#7443=CARTESIAN_POINT('Ctrl Pts',(33.469305112958,-54.7767733335495,0.));
#7444=CARTESIAN_POINT('Ctrl Pts',(33.469305112958,-54.7767733335495,0.02));
#7445=CARTESIAN_POINT('Ctrl Pts',(33.4610446574534,-54.6344356888313,0.));
#7446=CARTESIAN_POINT('Ctrl Pts',(33.4610446574534,-54.6344356888313,0.02));
#7447=CARTESIAN_POINT('Ctrl Pts',(33.4448823296969,-54.3559392227767,0.));
#7448=CARTESIAN_POINT('Ctrl Pts',(33.4448823296969,-54.3559392227767,0.02));
#7449=CARTESIAN_POINT('Ctrl Pts',(33.3146801167922,-54.1094333625733,0.));
#7450=CARTESIAN_POINT('Ctrl Pts',(33.3146801167922,-54.1094333625733,0.02));
#7451=CARTESIAN_POINT('Ctrl Pts',(33.2510233670473,-53.9889149665833,0.));
#7452=CARTESIAN_POINT('Ctrl Pts',(33.2510233670473,-53.9889149665833,0.02));
#7453=CARTESIAN_POINT('',(33.469305112958,-54.7767733335495,0.));
#7454=CARTESIAN_POINT('Ctrl Pts',(33.2510233670473,-53.9889149665833,0.));
#7455=CARTESIAN_POINT('Ctrl Pts',(33.3146801167922,-54.1094333625733,0.));
#7456=CARTESIAN_POINT('Ctrl Pts',(33.4448823296969,-54.3559392227767,0.));
#7457=CARTESIAN_POINT('Ctrl Pts',(33.4610446574534,-54.6344356888313,0.));
#7458=CARTESIAN_POINT('Ctrl Pts',(33.469305112958,-54.7767733335495,0.));
#7459=CARTESIAN_POINT('',(33.469305112958,-54.7767733335495,0.02));
#7460=CARTESIAN_POINT('Ctrl Pts',(33.469305112958,-54.7767733335495,0.02));
#7461=CARTESIAN_POINT('Ctrl Pts',(33.4610446574534,-54.6344356888313,0.02));
#7462=CARTESIAN_POINT('Ctrl Pts',(33.4448823296969,-54.3559392227767,0.02));
#7463=CARTESIAN_POINT('Ctrl Pts',(33.3146801167922,-54.1094333625733,0.02));
#7464=CARTESIAN_POINT('Ctrl Pts',(33.2510233670473,-53.9889149665833,0.02));
#7465=CARTESIAN_POINT('',(33.469305112958,-54.7767733335495,0.));
#7466=CARTESIAN_POINT('Ctrl Pts',(33.1384731084108,-55.7061730623245,0.));
#7467=CARTESIAN_POINT('Ctrl Pts',(33.1384731084108,-55.7061730623245,0.02));
#7468=CARTESIAN_POINT('Ctrl Pts',(33.2349314162549,-55.5726175960913,0.));
#7469=CARTESIAN_POINT('Ctrl Pts',(33.2349314162549,-55.5726175960913,0.02));
#7470=CARTESIAN_POINT('Ctrl Pts',(33.4350703379651,-55.2955067116286,0.));
#7471=CARTESIAN_POINT('Ctrl Pts',(33.4350703379651,-55.2955067116286,0.02));
#7472=CARTESIAN_POINT('Ctrl Pts',(33.4576222483913,-54.9537948505171,0.));
#7473=CARTESIAN_POINT('Ctrl Pts',(33.4576222483913,-54.9537948505171,0.02));
#7474=CARTESIAN_POINT('Ctrl Pts',(33.469305112958,-54.7767733335495,0.));
#7475=CARTESIAN_POINT('Ctrl Pts',(33.469305112958,-54.7767733335495,0.02));
#7476=CARTESIAN_POINT('',(33.1384731084108,-55.7061730623245,0.));
#7477=CARTESIAN_POINT('Ctrl Pts',(33.469305112958,-54.7767733335495,0.));
#7478=CARTESIAN_POINT('Ctrl Pts',(33.4576222483913,-54.9537948505171,0.));
#7479=CARTESIAN_POINT('Ctrl Pts',(33.4350703379651,-55.2955067116286,0.));
#7480=CARTESIAN_POINT('Ctrl Pts',(33.2349314162549,-55.5726175960913,0.));
#7481=CARTESIAN_POINT('Ctrl Pts',(33.1384731084108,-55.7061730623245,0.));
#7482=CARTESIAN_POINT('',(33.1384731084108,-55.7061730623245,0.02));
#7483=CARTESIAN_POINT('Ctrl Pts',(33.1384731084108,-55.7061730623245,0.02));
#7484=CARTESIAN_POINT('Ctrl Pts',(33.2349314162549,-55.5726175960913,0.02));
#7485=CARTESIAN_POINT('Ctrl Pts',(33.4350703379651,-55.2955067116286,0.02));
#7486=CARTESIAN_POINT('Ctrl Pts',(33.4576222483913,-54.9537948505171,0.02));
#7487=CARTESIAN_POINT('Ctrl Pts',(33.469305112958,-54.7767733335495,0.02));
#7488=CARTESIAN_POINT('',(33.1384731084108,-55.7061730623245,0.));
#7489=CARTESIAN_POINT('Ctrl Pts',(32.1493864804506,-56.1683146953583,0.));
#7490=CARTESIAN_POINT('Ctrl Pts',(32.1493864804506,-56.1683146953583,0.02));
#7491=CARTESIAN_POINT('Ctrl Pts',(32.3497319016734,-56.1308271998937,0.));
#7492=CARTESIAN_POINT('Ctrl Pts',(32.3497319016734,-56.1308271998937,0.02));
#7493=CARTESIAN_POINT('Ctrl Pts',(32.7204774946132,-56.061455393695,0.));
#7494=CARTESIAN_POINT('Ctrl Pts',(32.7204774946132,-56.061455393695,0.02));
#7495=CARTESIAN_POINT('Ctrl Pts',(33.0068514104876,-55.8180471159115,0.));
#7496=CARTESIAN_POINT('Ctrl Pts',(33.0068514104876,-55.8180471159115,0.02));
#7497=CARTESIAN_POINT('Ctrl Pts',(33.1384731084108,-55.7061730623245,0.));
#7498=CARTESIAN_POINT('Ctrl Pts',(33.1384731084108,-55.7061730623245,0.02));
#7499=CARTESIAN_POINT('',(32.1493864804506,-56.1683146953583,0.));
#7500=CARTESIAN_POINT('Ctrl Pts',(33.1384731084108,-55.7061730623245,0.));
#7501=CARTESIAN_POINT('Ctrl Pts',(33.0068514104876,-55.8180471159115,0.));
#7502=CARTESIAN_POINT('Ctrl Pts',(32.7204774946132,-56.061455393695,0.));
#7503=CARTESIAN_POINT('Ctrl Pts',(32.3497319016734,-56.1308271998937,0.));
#7504=CARTESIAN_POINT('Ctrl Pts',(32.1493864804506,-56.1683146953583,0.));
#7505=CARTESIAN_POINT('',(32.1493864804506,-56.1683146953583,0.02));
#7506=CARTESIAN_POINT('Ctrl Pts',(32.1493864804506,-56.1683146953583,0.02));
#7507=CARTESIAN_POINT('Ctrl Pts',(32.3497319016734,-56.1308271998937,0.02));
#7508=CARTESIAN_POINT('Ctrl Pts',(32.7204774946132,-56.061455393695,0.02));
#7509=CARTESIAN_POINT('Ctrl Pts',(33.0068514104876,-55.8180471159115,0.02));
#7510=CARTESIAN_POINT('Ctrl Pts',(33.1384731084108,-55.7061730623245,0.02));
#7511=CARTESIAN_POINT('',(32.1493864804506,-56.1683146953583,0.));
#7512=CARTESIAN_POINT('Ctrl Pts',(32.6899731904268,-56.58782351017,0.));
#7513=CARTESIAN_POINT('Ctrl Pts',(32.6899731904268,-56.58782351017,0.02));
#7514=CARTESIAN_POINT('Ctrl Pts',(32.6117161736027,-56.5118115079089,0.));
#7515=CARTESIAN_POINT('Ctrl Pts',(32.6117161736027,-56.5118115079089,0.02));
#7516=CARTESIAN_POINT('Ctrl Pts',(32.4471572451699,-56.3519733982064,0.));
#7517=CARTESIAN_POINT('Ctrl Pts',(32.4471572451699,-56.3519733982064,0.02));
#7518=CARTESIAN_POINT('Ctrl Pts',(32.2518264874768,-56.2314975226849,0.));
#7519=CARTESIAN_POINT('Ctrl Pts',(32.2518264874768,-56.2314975226849,0.02));
#7520=CARTESIAN_POINT('Ctrl Pts',(32.1493864804506,-56.1683146953583,0.));
#7521=CARTESIAN_POINT('Ctrl Pts',(32.1493864804506,-56.1683146953583,0.02));
#7522=CARTESIAN_POINT('',(32.6899731904268,-56.58782351017,0.));
#7523=CARTESIAN_POINT('Ctrl Pts',(32.1493864804506,-56.1683146953583,0.));
#7524=CARTESIAN_POINT('Ctrl Pts',(32.2518264874768,-56.2314975226849,0.));
#7525=CARTESIAN_POINT('Ctrl Pts',(32.4471572451699,-56.3519733982064,0.));
#7526=CARTESIAN_POINT('Ctrl Pts',(32.6117161736027,-56.5118115079089,0.));
#7527=CARTESIAN_POINT('Ctrl Pts',(32.6899731904268,-56.58782351017,0.));
#7528=CARTESIAN_POINT('',(32.6899731904268,-56.58782351017,0.02));
#7529=CARTESIAN_POINT('Ctrl Pts',(32.6899731904268,-56.58782351017,0.02));
#7530=CARTESIAN_POINT('Ctrl Pts',(32.6117161736027,-56.5118115079089,0.02));
#7531=CARTESIAN_POINT('Ctrl Pts',(32.4471572451699,-56.3519733982064,0.02));
#7532=CARTESIAN_POINT('Ctrl Pts',(32.2518264874768,-56.2314975226849,0.02));
#7533=CARTESIAN_POINT('Ctrl Pts',(32.1493864804506,-56.1683146953583,0.02));
#7534=CARTESIAN_POINT('',(32.6899731904268,-56.58782351017,0.));
#7535=CARTESIAN_POINT('Ctrl Pts',(33.2646656781435,-57.399556517601,0.));
#7536=CARTESIAN_POINT('Ctrl Pts',(33.2646656781435,-57.399556517601,0.02));
#7537=CARTESIAN_POINT('Ctrl Pts',(33.1606713548154,-57.231718205714,0.));
#7538=CARTESIAN_POINT('Ctrl Pts',(33.1606713548154,-57.231718205714,0.02));
#7539=CARTESIAN_POINT('Ctrl Pts',(32.9856392080384,-56.9492306708097,0.));
#7540=CARTESIAN_POINT('Ctrl Pts',(32.9856392080384,-56.9492306708097,0.02));
#7541=CARTESIAN_POINT('Ctrl Pts',(32.7753288733638,-56.6921579726284,0.));
#7542=CARTESIAN_POINT('Ctrl Pts',(32.7753288733638,-56.6921579726284,0.02));
#7543=CARTESIAN_POINT('Ctrl Pts',(32.6899731904268,-56.58782351017,0.));
#7544=CARTESIAN_POINT('Ctrl Pts',(32.6899731904268,-56.58782351017,0.02));
#7545=CARTESIAN_POINT('',(33.2646656781435,-57.399556517601,0.));
#7546=CARTESIAN_POINT('Ctrl Pts',(32.6899731904268,-56.58782351017,0.));
#7547=CARTESIAN_POINT('Ctrl Pts',(32.7753288733638,-56.6921579726284,0.));
#7548=CARTESIAN_POINT('Ctrl Pts',(32.9856392080384,-56.9492306708097,0.));
#7549=CARTESIAN_POINT('Ctrl Pts',(33.1606713548154,-57.231718205714,0.));
#7550=CARTESIAN_POINT('Ctrl Pts',(33.2646656781435,-57.399556517601,0.));
#7551=CARTESIAN_POINT('',(33.2646656781435,-57.399556517601,0.02));
#7552=CARTESIAN_POINT('Ctrl Pts',(33.2646656781435,-57.399556517601,0.02));
#7553=CARTESIAN_POINT('Ctrl Pts',(33.1606713548154,-57.231718205714,0.02));
#7554=CARTESIAN_POINT('Ctrl Pts',(32.9856392080384,-56.9492306708097,0.02));
#7555=CARTESIAN_POINT('Ctrl Pts',(32.7753288733638,-56.6921579726284,0.02));
#7556=CARTESIAN_POINT('Ctrl Pts',(32.6899731904268,-56.58782351017,0.02));
#7557=CARTESIAN_POINT('',(33.2646656781435,-57.399556517601,0.));
#7558=CARTESIAN_POINT('Origin',(33.875171020627,-58.3749996423721,0.));
#7559=CARTESIAN_POINT('',(33.875171020627,-58.3749996423721,0.));
#7560=CARTESIAN_POINT('',(33.2646656781435,-57.399556517601,0.));
#7561=CARTESIAN_POINT('',(33.875171020627,-58.3749996423721,0.02));
#7562=CARTESIAN_POINT('',(33.2646656781435,-57.399556517601,0.02));
#7563=CARTESIAN_POINT('',(33.875171020627,-58.3749996423721,0.));
#7564=CARTESIAN_POINT('Origin',(32.6678038388491,-58.3749996423721,0.));
#7565=CARTESIAN_POINT('',(32.6678038388491,-58.3749996423721,0.));
#7566=CARTESIAN_POINT('',(33.875171020627,-58.3749996423721,0.));
#7567=CARTESIAN_POINT('',(32.6678038388491,-58.3749996423721,0.02));
#7568=CARTESIAN_POINT('',(33.875171020627,-58.3749996423721,0.02));
#7569=CARTESIAN_POINT('',(32.6678038388491,-58.3749996423721,0.));
#7570=CARTESIAN_POINT('Origin',(31.937927082181,-57.2870050668717,0.));
#7571=CARTESIAN_POINT('',(31.937927082181,-57.2870050668717,0.));
#7572=CARTESIAN_POINT('',(32.6678038388491,-58.3749996423721,0.));
#7573=CARTESIAN_POINT('',(31.937927082181,-57.2870050668717,0.02));
#7574=CARTESIAN_POINT('',(32.6678038388491,-58.3749996423721,0.02));
#7575=CARTESIAN_POINT('',(31.937927082181,-57.2870050668717,0.));
#7576=CARTESIAN_POINT('Ctrl Pts',(31.4058674126863,-56.552011847496,0.));
#7577=CARTESIAN_POINT('Ctrl Pts',(31.4058674126863,-56.552011847496,0.02));
#7578=CARTESIAN_POINT('Ctrl Pts',(31.4751188290211,-56.6377911828214,0.));
#7579=CARTESIAN_POINT('Ctrl Pts',(31.4751188290211,-56.6377911828214,0.02));
#7580=CARTESIAN_POINT('Ctrl Pts',(31.6652842136411,-56.8733424705486,0.));
#7581=CARTESIAN_POINT('Ctrl Pts',(31.6652842136411,-56.8733424705486,0.02));
#7582=CARTESIAN_POINT('Ctrl Pts',(31.8319530570586,-57.1262178414083,0.));
#7583=CARTESIAN_POINT('Ctrl Pts',(31.8319530570586,-57.1262178414083,0.02));
#7584=CARTESIAN_POINT('Ctrl Pts',(31.937927082181,-57.2870050668717,0.));
#7585=CARTESIAN_POINT('Ctrl Pts',(31.937927082181,-57.2870050668717,0.02));
#7586=CARTESIAN_POINT('',(31.4058674126863,-56.552011847496,0.));
#7587=CARTESIAN_POINT('Ctrl Pts',(31.937927082181,-57.2870050668717,0.));
#7588=CARTESIAN_POINT('Ctrl Pts',(31.8319530570586,-57.1262178414083,0.));
#7589=CARTESIAN_POINT('Ctrl Pts',(31.6652842136411,-56.8733424705486,0.));
#7590=CARTESIAN_POINT('Ctrl Pts',(31.4751188290211,-56.6377911828214,0.));
#7591=CARTESIAN_POINT('Ctrl Pts',(31.4058674126863,-56.552011847496,0.));
#7592=CARTESIAN_POINT('',(31.4058674126863,-56.552011847496,0.02));
#7593=CARTESIAN_POINT('Ctrl Pts',(31.4058674126863,-56.552011847496,0.02));
#7594=CARTESIAN_POINT('Ctrl Pts',(31.4751188290211,-56.6377911828214,0.02));
#7595=CARTESIAN_POINT('Ctrl Pts',(31.6652842136411,-56.8733424705486,0.02));
#7596=CARTESIAN_POINT('Ctrl Pts',(31.8319530570586,-57.1262178414083,0.02));
#7597=CARTESIAN_POINT('Ctrl Pts',(31.937927082181,-57.2870050668717,0.02));
#7598=CARTESIAN_POINT('',(31.4058674126863,-56.552011847496,0.));
#7599=CARTESIAN_POINT('Ctrl Pts',(31.1023200303316,-56.3439630270004,0.));
#7600=CARTESIAN_POINT('Ctrl Pts',(31.1023200303316,-56.3439630270004,0.02));
#7601=CARTESIAN_POINT('Ctrl Pts',(31.1561863573455,-56.3679372819016,0.));
#7602=CARTESIAN_POINT('Ctrl Pts',(31.1561863573455,-56.3679372819016,0.02));
#7603=CARTESIAN_POINT('Ctrl Pts',(31.2700044208573,-56.4185942213711,0.));
#7604=CARTESIAN_POINT('Ctrl Pts',(31.2700044208573,-56.4185942213711,0.02));
#7605=CARTESIAN_POINT('Ctrl Pts',(31.3589937770748,-56.505981879313,0.));
#7606=CARTESIAN_POINT('Ctrl Pts',(31.3589937770748,-56.505981879313,0.02));
#7607=CARTESIAN_POINT('Ctrl Pts',(31.4058674126863,-56.552011847496,0.));
#7608=CARTESIAN_POINT('Ctrl Pts',(31.4058674126863,-56.552011847496,0.02));
#7609=CARTESIAN_POINT('',(31.1023200303316,-56.3439630270004,0.));
#7610=CARTESIAN_POINT('Ctrl Pts',(31.4058674126863,-56.552011847496,0.));
#7611=CARTESIAN_POINT('Ctrl Pts',(31.3589937770748,-56.505981879313,0.));
#7612=CARTESIAN_POINT('Ctrl Pts',(31.2700044208573,-56.4185942213711,0.));
#7613=CARTESIAN_POINT('Ctrl Pts',(31.1561863573455,-56.3679372819016,0.));
#7614=CARTESIAN_POINT('Ctrl Pts',(31.1023200303316,-56.3439630270004,0.));
#7615=CARTESIAN_POINT('',(31.1023200303316,-56.3439630270004,0.02));
#7616=CARTESIAN_POINT('Ctrl Pts',(31.1023200303316,-56.3439630270004,0.02));
#7617=CARTESIAN_POINT('Ctrl Pts',(31.1561863573455,-56.3679372819016,0.02));
#7618=CARTESIAN_POINT('Ctrl Pts',(31.2700044208573,-56.4185942213711,0.02));
#7619=CARTESIAN_POINT('Ctrl Pts',(31.3589937770748,-56.505981879313,0.02));
#7620=CARTESIAN_POINT('Ctrl Pts',(31.4058674126863,-56.552011847496,0.02));
#7621=CARTESIAN_POINT('',(31.1023200303316,-56.3439630270004,0.));
#7622=CARTESIAN_POINT('Ctrl Pts',(30.5941344052553,-56.2876873016358,0.));
#7623=CARTESIAN_POINT('Ctrl Pts',(30.5941344052553,-56.2876873016358,0.02));
#7624=CARTESIAN_POINT('Ctrl Pts',(30.695025806589,-56.2878641410408,0.));
#7625=CARTESIAN_POINT('Ctrl Pts',(30.695025806589,-56.2878641410408,0.02));
#7626=CARTESIAN_POINT('Ctrl Pts',(30.8667184130377,-56.2881650786625,0.));
#7627=CARTESIAN_POINT('Ctrl Pts',(30.8667184130377,-56.2881650786625,0.02));
#7628=CARTESIAN_POINT('Ctrl Pts',(31.0335311473333,-56.3276716339962,0.));
#7629=CARTESIAN_POINT('Ctrl Pts',(31.0335311473333,-56.3276716339962,0.02));
#7630=CARTESIAN_POINT('Ctrl Pts',(31.1023200303316,-56.3439630270004,0.));
#7631=CARTESIAN_POINT('Ctrl Pts',(31.1023200303316,-56.3439630270004,0.02));
#7632=CARTESIAN_POINT('',(30.5941344052553,-56.2876873016358,0.));
#7633=CARTESIAN_POINT('Ctrl Pts',(31.1023200303316,-56.3439630270004,0.));
#7634=CARTESIAN_POINT('Ctrl Pts',(31.0335311473333,-56.3276716339962,0.));
#7635=CARTESIAN_POINT('Ctrl Pts',(30.8667184130377,-56.2881650786625,0.));
#7636=CARTESIAN_POINT('Ctrl Pts',(30.695025806589,-56.2878641410408,0.));
#7637=CARTESIAN_POINT('Ctrl Pts',(30.5941344052553,-56.2876873016358,0.));
#7638=CARTESIAN_POINT('',(30.5941344052553,-56.2876873016358,0.02));
#7639=CARTESIAN_POINT('Ctrl Pts',(30.5941344052553,-56.2876873016358,0.02));
#7640=CARTESIAN_POINT('Ctrl Pts',(30.695025806589,-56.2878641410408,0.02));
#7641=CARTESIAN_POINT('Ctrl Pts',(30.8667184130377,-56.2881650786625,0.02));
#7642=CARTESIAN_POINT('Ctrl Pts',(31.0335311473333,-56.3276716339962,0.02));
#7643=CARTESIAN_POINT('Ctrl Pts',(31.1023200303316,-56.3439630270004,0.02));
#7644=CARTESIAN_POINT('',(30.5941344052553,-56.2876873016358,0.));
#7645=CARTESIAN_POINT('Origin',(30.3894961625338,-56.2876873016358,0.));
#7646=CARTESIAN_POINT('',(30.3894961625338,-56.2876873016358,0.));
#7647=CARTESIAN_POINT('',(30.5941344052553,-56.2876873016358,0.));
#7648=CARTESIAN_POINT('',(30.3894961625338,-56.2876873016358,0.02));
#7649=CARTESIAN_POINT('',(30.5941344052553,-56.2876873016358,0.02));
#7650=CARTESIAN_POINT('',(30.3894961625338,-56.2876873016358,0.));
#7651=CARTESIAN_POINT('Origin',(30.3894961625338,-58.3749996423721,0.));
#7652=CARTESIAN_POINT('',(30.3894961625338,-58.3749996423721,0.));
#7653=CARTESIAN_POINT('',(30.3894961625338,-56.2876873016358,0.));
#7654=CARTESIAN_POINT('',(30.3894961625338,-58.3749996423721,0.02));
#7655=CARTESIAN_POINT('',(30.3894961625338,-56.2876873016358,0.02));
#7656=CARTESIAN_POINT('',(30.3894961625338,-58.3749996423721,0.));
#7657=CARTESIAN_POINT('Origin',(29.3799460679293,-58.3749996423721,0.));
#7658=CARTESIAN_POINT('',(30.3894961625338,-58.3749996423721,0.));
#7659=CARTESIAN_POINT('',(30.3894961625338,-58.3749996423721,0.02));
#7660=CARTESIAN_POINT('Origin',(26.0000003129244,-55.8725010145067,0.02));
#7661=CARTESIAN_POINT('Origin',(26.0000003129244,-55.8725010145067,0.));
#7662=CARTESIAN_POINT('Origin',(-6.72919528931379,-54.2208384275437,0.));
#7663=CARTESIAN_POINT('',(-6.72919528931379,-58.3749996423721,0.));
#7664=CARTESIAN_POINT('',(-6.72919528931379,-54.2208384275437,0.));
#7665=CARTESIAN_POINT('',(-6.72919528931379,-58.3749996423721,0.));
#7666=CARTESIAN_POINT('',(-6.72919528931379,-58.3749996423721,0.02));
#7667=CARTESIAN_POINT('',(-6.72919528931379,-58.3749996423721,0.));
#7668=CARTESIAN_POINT('',(-6.72919528931379,-54.2208384275437,0.02));
#7669=CARTESIAN_POINT('',(-6.72919528931379,-58.3749996423721,0.02));
#7670=CARTESIAN_POINT('',(-6.72919528931379,-54.2208384275437,0.));
#7671=CARTESIAN_POINT('Origin',(-8.21282433718443,-54.2208384275437,0.));
#7672=CARTESIAN_POINT('',(-8.21282433718443,-54.2208384275437,0.));
#7673=CARTESIAN_POINT('',(-6.72919528931379,-54.2208384275437,0.));
#7674=CARTESIAN_POINT('',(-8.21282433718443,-54.2208384275437,0.02));
#7675=CARTESIAN_POINT('',(-6.72919528931379,-54.2208384275437,0.02));
#7676=CARTESIAN_POINT('',(-8.21282433718443,-54.2208384275437,0.));
#7677=CARTESIAN_POINT('Origin',(-8.21282433718443,-53.3749996423721,0.));
#7678=CARTESIAN_POINT('',(-8.21282433718443,-53.3749996423721,0.));
#7679=CARTESIAN_POINT('',(-8.21282433718443,-54.2208384275437,0.));
#7680=CARTESIAN_POINT('',(-8.21282433718443,-53.3749996423721,0.02));
#7681=CARTESIAN_POINT('',(-8.21282433718443,-54.2208384275437,0.02));
#7682=CARTESIAN_POINT('',(-8.21282433718443,-53.3749996423721,0.));
#7683=CARTESIAN_POINT('Origin',(-4.23942702263594,-53.3749996423721,0.));
#7684=CARTESIAN_POINT('',(-4.23942702263594,-53.3749996423721,0.));
#7685=CARTESIAN_POINT('',(-8.21282433718443,-53.3749996423721,0.));
#7686=CARTESIAN_POINT('',(-4.23942702263594,-53.3749996423721,0.02));
#7687=CARTESIAN_POINT('',(-8.21282433718443,-53.3749996423721,0.02));
#7688=CARTESIAN_POINT('',(-4.23942702263594,-53.3749996423721,0.));
#7689=CARTESIAN_POINT('Origin',(-4.23942702263594,-54.2208384275437,0.));
#7690=CARTESIAN_POINT('',(-4.23942702263594,-54.2208384275437,0.));
#7691=CARTESIAN_POINT('',(-4.23942702263594,-53.3749996423721,0.));
#7692=CARTESIAN_POINT('',(-4.23942702263594,-54.2208384275437,0.02));
#7693=CARTESIAN_POINT('',(-4.23942702263594,-53.3749996423721,0.02));
#7694=CARTESIAN_POINT('',(-4.23942702263594,-54.2208384275437,0.));
#7695=CARTESIAN_POINT('Origin',(-5.7196451947093,-54.2208384275437,0.));
#7696=CARTESIAN_POINT('',(-5.7196451947093,-54.2208384275437,0.));
#7697=CARTESIAN_POINT('',(-4.23942702263594,-54.2208384275437,0.));
#7698=CARTESIAN_POINT('',(-5.7196451947093,-54.2208384275437,0.02));
#7699=CARTESIAN_POINT('',(-4.23942702263594,-54.2208384275437,0.02));
#7700=CARTESIAN_POINT('',(-5.7196451947093,-54.2208384275437,0.));
#7701=CARTESIAN_POINT('Origin',(-5.7196451947093,-58.3749996423721,0.));
#7702=CARTESIAN_POINT('',(-5.7196451947093,-58.3749996423721,0.));
#7703=CARTESIAN_POINT('',(-5.7196451947093,-54.2208384275437,0.));
#7704=CARTESIAN_POINT('',(-5.7196451947093,-58.3749996423721,0.02));
#7705=CARTESIAN_POINT('',(-5.7196451947093,-54.2208384275437,0.02));
#7706=CARTESIAN_POINT('',(-5.7196451947093,-58.3749996423721,0.));
#7707=CARTESIAN_POINT('Origin',(-6.72919528931379,-58.3749996423721,0.));
#7708=CARTESIAN_POINT('',(-5.7196451947093,-58.3749996423721,0.));
#7709=CARTESIAN_POINT('',(-5.7196451947093,-58.3749996423721,0.02));
#7710=CARTESIAN_POINT('Origin',(2.75671482308226E-7,-55.8749996423721,0.02));
#7711=CARTESIAN_POINT('Origin',(2.75671482308226E-7,-55.8749996423721,0.));
#7712=CARTESIAN_POINT('Origin',(3.38335616141558,-53.3749996423721,0.));
#7713=CARTESIAN_POINT('',(3.38335616141558,-58.3749996423721,0.));
#7714=CARTESIAN_POINT('',(3.38335616141558,-53.3749996423721,0.));
#7715=CARTESIAN_POINT('',(3.38335616141558,-58.3749996423721,0.));
#7716=CARTESIAN_POINT('',(3.38335616141558,-58.3749996423721,0.02));
#7717=CARTESIAN_POINT('',(3.38335616141558,-58.3749996423721,0.));
#7718=CARTESIAN_POINT('',(3.38335616141558,-53.3749996423721,0.02));
#7719=CARTESIAN_POINT('',(3.38335616141558,-58.3749996423721,0.02));
#7720=CARTESIAN_POINT('',(3.38335616141558,-53.3749996423721,0.));
#7721=CARTESIAN_POINT('Origin',(4.89427191764116,-53.3749996423721,0.));
#7722=CARTESIAN_POINT('',(4.89427191764116,-53.3749996423721,0.));
#7723=CARTESIAN_POINT('',(3.38335616141558,-53.3749996423721,0.));
#7724=CARTESIAN_POINT('',(4.89427191764116,-53.3749996423721,0.02));
#7725=CARTESIAN_POINT('',(3.38335616141558,-53.3749996423721,0.02));
#7726=CARTESIAN_POINT('',(4.89427191764116,-53.3749996423721,0.));
#7727=CARTESIAN_POINT('Origin',(5.80150229483843,-56.7856405973435,0.));
#7728=CARTESIAN_POINT('',(5.80150229483843,-56.7856405973435,0.));
#7729=CARTESIAN_POINT('',(4.89427191764116,-53.3749996423721,0.));
#7730=CARTESIAN_POINT('',(5.80150229483843,-56.7856405973435,0.02));
#7731=CARTESIAN_POINT('',(4.89427191764116,-53.3749996423721,0.02));
#7732=CARTESIAN_POINT('',(5.80150229483843,-56.7856405973435,0.));
#7733=CARTESIAN_POINT('Origin',(6.69849974662066,-53.3749996423721,0.));
#7734=CARTESIAN_POINT('',(6.69849974662066,-53.3749996423721,0.));
#7735=CARTESIAN_POINT('',(5.80150229483843,-56.7856405973435,0.));
#7736=CARTESIAN_POINT('',(6.69849974662066,-53.3749996423721,0.02));
#7737=CARTESIAN_POINT('',(5.80150229483843,-56.7856405973435,0.02));
#7738=CARTESIAN_POINT('',(6.69849974662066,-53.3749996423721,0.));
#7739=CARTESIAN_POINT('Origin',(8.21282488852739,-53.3749996423721,0.));
#7740=CARTESIAN_POINT('',(8.21282488852739,-53.3749996423721,0.));
#7741=CARTESIAN_POINT('',(6.69849974662065,-53.3749996423721,0.));
#7742=CARTESIAN_POINT('',(8.21282488852739,-53.3749996423721,0.02));
#7743=CARTESIAN_POINT('',(6.69849974662065,-53.3749996423721,0.02));
#7744=CARTESIAN_POINT('',(8.21282488852739,-53.3749996423721,0.));
#7745=CARTESIAN_POINT('Origin',(8.21282488852739,-58.3749996423721,0.));
#7746=CARTESIAN_POINT('',(8.21282488852739,-58.3749996423721,0.));
#7747=CARTESIAN_POINT('',(8.21282488852739,-53.3749996423721,0.));
#7748=CARTESIAN_POINT('',(8.21282488852739,-58.3749996423721,0.02));
#7749=CARTESIAN_POINT('',(8.21282488852739,-53.3749996423721,0.02));
#7750=CARTESIAN_POINT('',(8.21282488852739,-58.3749996423721,0.));
#7751=CARTESIAN_POINT('Origin',(7.2748981192708,-58.3749996423721,0.));
#7752=CARTESIAN_POINT('',(7.2748981192708,-58.3749996423721,0.));
#7753=CARTESIAN_POINT('',(8.2128248885274,-58.3749996423721,0.));
#7754=CARTESIAN_POINT('',(7.2748981192708,-58.3749996423721,0.02));
#7755=CARTESIAN_POINT('',(8.2128248885274,-58.3749996423721,0.02));
#7756=CARTESIAN_POINT('',(7.2748981192708,-58.3749996423721,0.));
#7757=CARTESIAN_POINT('Origin',(7.2748981192708,-54.4391195774079,0.));
#7758=CARTESIAN_POINT('',(7.2748981192708,-54.4391195774079,0.));
#7759=CARTESIAN_POINT('',(7.2748981192708,-58.3749996423721,0.));
#7760=CARTESIAN_POINT('',(7.2748981192708,-54.4391195774079,0.02));
#7761=CARTESIAN_POINT('',(7.2748981192708,-58.3749996423721,0.02));
#7762=CARTESIAN_POINT('',(7.2748981192708,-54.4391195774079,0.));
#7763=CARTESIAN_POINT('Origin',(6.28240210562944,-58.3749996423721,0.));
#7764=CARTESIAN_POINT('',(6.28240210562944,-58.3749996423721,0.));
#7765=CARTESIAN_POINT('',(7.2748981192708,-54.4391195774079,0.));
#7766=CARTESIAN_POINT('',(6.28240210562944,-58.3749996423721,0.02));
#7767=CARTESIAN_POINT('',(7.2748981192708,-54.4391195774079,0.02));
#7768=CARTESIAN_POINT('',(6.28240210562944,-58.3749996423721,0.));
#7769=CARTESIAN_POINT('Origin',(5.31036955863238,-58.3749996423721,0.));
#7770=CARTESIAN_POINT('',(5.31036955863238,-58.3749996423721,0.));
#7771=CARTESIAN_POINT('',(6.28240210562945,-58.3749996423721,0.));
#7772=CARTESIAN_POINT('',(5.31036955863238,-58.3749996423721,0.02));
#7773=CARTESIAN_POINT('',(6.28240210562945,-58.3749996423721,0.02));
#7774=CARTESIAN_POINT('',(5.31036955863238,-58.3749996423721,0.));
#7775=CARTESIAN_POINT('Origin',(4.32128293067217,-54.4391195774079,0.));
#7776=CARTESIAN_POINT('',(4.32128293067217,-54.4391195774079,0.));
#7777=CARTESIAN_POINT('',(5.31036955863238,-58.3749996423721,0.));
#7778=CARTESIAN_POINT('',(4.32128293067217,-54.4391195774079,0.02));
#7779=CARTESIAN_POINT('',(5.31036955863238,-58.3749996423721,0.02));
#7780=CARTESIAN_POINT('',(4.32128293067217,-54.4391195774079,0.));
#7781=CARTESIAN_POINT('Origin',(4.32128293067217,-58.3749996423721,0.));
#7782=CARTESIAN_POINT('',(4.32128293067217,-58.3749996423721,0.));
#7783=CARTESIAN_POINT('',(4.32128293067217,-54.4391195774079,0.));
#7784=CARTESIAN_POINT('',(4.32128293067217,-58.3749996423721,0.02));
#7785=CARTESIAN_POINT('',(4.32128293067217,-54.4391195774079,0.02));
#7786=CARTESIAN_POINT('',(4.32128293067217,-58.3749996423721,0.));
#7787=CARTESIAN_POINT('Origin',(3.38335616141558,-58.3749996423721,0.));
#7788=CARTESIAN_POINT('',(4.32128293067217,-58.3749996423721,0.));
#7789=CARTESIAN_POINT('',(4.32128293067217,-58.3749996423721,0.02));
#7790=CARTESIAN_POINT('Origin',(2.75671482308226E-7,-55.8749996423721,0.02));
#7791=CARTESIAN_POINT('Origin',(2.75671482308226E-7,-55.8749996423721,0.));
#7792=CARTESIAN_POINT('Origin',(1.42564875632525,-53.3749996423721,0.));
#7793=CARTESIAN_POINT('',(1.42564875632525,-58.3749996423721,0.));
#7794=CARTESIAN_POINT('',(1.42564875632525,-53.3749996423721,0.));
#7795=CARTESIAN_POINT('',(1.42564875632525,-58.3749996423721,0.));
#7796=CARTESIAN_POINT('',(1.42564875632525,-58.3749996423721,0.02));
#7797=CARTESIAN_POINT('',(1.42564875632525,-58.3749996423721,0.));
#7798=CARTESIAN_POINT('',(1.42564875632525,-53.3749996423721,0.02));
#7799=CARTESIAN_POINT('',(1.42564875632525,-58.3749996423721,0.02));
#7800=CARTESIAN_POINT('',(1.42564875632525,-53.3749996423721,0.));
#7801=CARTESIAN_POINT('Origin',(2.43519885092974,-53.3749996423721,0.));
#7802=CARTESIAN_POINT('',(2.43519885092974,-53.3749996423721,0.));
#7803=CARTESIAN_POINT('',(1.42564875632524,-53.3749996423721,0.));
#7804=CARTESIAN_POINT('',(2.43519885092974,-53.3749996423721,0.02));
#7805=CARTESIAN_POINT('',(1.42564875632524,-53.3749996423721,0.02));
#7806=CARTESIAN_POINT('',(2.43519885092974,-53.3749996423721,0.));
#7807=CARTESIAN_POINT('Origin',(2.43519885092974,-58.3749996423721,0.));
#7808=CARTESIAN_POINT('',(2.43519885092974,-58.3749996423721,0.));
#7809=CARTESIAN_POINT('',(2.43519885092974,-53.3749996423721,0.));
#7810=CARTESIAN_POINT('',(2.43519885092974,-58.3749996423721,0.02));
#7811=CARTESIAN_POINT('',(2.43519885092974,-53.3749996423721,0.02));
#7812=CARTESIAN_POINT('',(2.43519885092974,-58.3749996423721,0.));
#7813=CARTESIAN_POINT('Origin',(1.42564875632525,-58.3749996423721,0.));
#7814=CARTESIAN_POINT('',(2.43519885092974,-58.3749996423721,0.));
#7815=CARTESIAN_POINT('',(2.43519885092974,-58.3749996423721,0.02));
#7816=CARTESIAN_POINT('Origin',(2.75671482308226E-7,-55.8749996423721,0.02));
#7817=CARTESIAN_POINT('Origin',(2.75671482308226E-7,-55.8749996423721,0.));
#7818=CARTESIAN_POINT('Origin',(-1.82810383290052,-55.4895972013474,0.));
#7819=CARTESIAN_POINT('',(-2.57503467053175,-55.4895972013474,0.));
#7820=CARTESIAN_POINT('',(-1.82810383290052,-55.4895972013474,0.));
#7821=CARTESIAN_POINT('',(-2.57503467053175,-55.4895972013474,0.));
#7822=CARTESIAN_POINT('',(-2.57503467053175,-55.4895972013474,0.02));
#7823=CARTESIAN_POINT('',(-2.57503467053175,-55.4895972013474,0.));
#7824=CARTESIAN_POINT('',(-1.82810383290052,-55.4895972013474,0.02));
#7825=CARTESIAN_POINT('',(-2.57503467053175,-55.4895972013474,0.02));
#7826=CARTESIAN_POINT('',(-1.82810383290052,-55.4895972013474,0.));
#7827=CARTESIAN_POINT('Ctrl Pts',(-0.920874051749705,-55.4282056093216,
0.));
#7828=CARTESIAN_POINT('Ctrl Pts',(-0.920874051749705,-55.4282056093216,
0.02));
#7829=CARTESIAN_POINT('Ctrl Pts',(-1.02641531721485,-55.4457651756382,0.));
#7830=CARTESIAN_POINT('Ctrl Pts',(-1.02641531721485,-55.4457651756382,0.02));
#7831=CARTESIAN_POINT('Ctrl Pts',(-1.32631508283288,-55.4956613920563,0.));
#7832=CARTESIAN_POINT('Ctrl Pts',(-1.32631508283288,-55.4956613920563,0.02));
#7833=CARTESIAN_POINT('Ctrl Pts',(-1.6307841002611,-55.4919818392836,0.));
#7834=CARTESIAN_POINT('Ctrl Pts',(-1.6307841002611,-55.4919818392836,0.02));
#7835=CARTESIAN_POINT('Ctrl Pts',(-1.82810383290052,-55.4895972013474,0.));
#7836=CARTESIAN_POINT('Ctrl Pts',(-1.82810383290052,-55.4895972013474,0.02));
#7837=CARTESIAN_POINT('',(-0.920874051749705,-55.4282056093216,0.));
#7838=CARTESIAN_POINT('Ctrl Pts',(-1.82810383290052,-55.4895972013474,0.));
#7839=CARTESIAN_POINT('Ctrl Pts',(-1.6307841002611,-55.4919818392836,0.));
#7840=CARTESIAN_POINT('Ctrl Pts',(-1.32631508283288,-55.4956613920563,0.));
#7841=CARTESIAN_POINT('Ctrl Pts',(-1.02641531721485,-55.4457651756382,0.));
#7842=CARTESIAN_POINT('Ctrl Pts',(-0.920874051749705,-55.4282056093216,
0.));
#7843=CARTESIAN_POINT('',(-0.920874051749705,-55.4282056093216,0.02));
#7844=CARTESIAN_POINT('Ctrl Pts',(-0.920874051749705,-55.4282056093216,
0.02));
#7845=CARTESIAN_POINT('Ctrl Pts',(-1.02641531721485,-55.4457651756382,0.02));
#7846=CARTESIAN_POINT('Ctrl Pts',(-1.32631508283288,-55.4956613920563,0.02));
#7847=CARTESIAN_POINT('Ctrl Pts',(-1.6307841002611,-55.4919818392836,0.02));
#7848=CARTESIAN_POINT('Ctrl Pts',(-1.82810383290052,-55.4895972013474,0.02));
#7849=CARTESIAN_POINT('',(-0.920874051749705,-55.4282056093216,0.));
#7850=CARTESIAN_POINT('Ctrl Pts',(-0.637790136039256,-55.216746211052,0.));
#7851=CARTESIAN_POINT('Ctrl Pts',(-0.637790136039256,-55.216746211052,0.02));
#7852=CARTESIAN_POINT('Ctrl Pts',(-0.675561138387202,-55.2632068605761,
0.));
#7853=CARTESIAN_POINT('Ctrl Pts',(-0.675561138387202,-55.2632068605761,
0.02));
#7854=CARTESIAN_POINT('Ctrl Pts',(-0.752133806814779,-55.3573959392287,
0.));
#7855=CARTESIAN_POINT('Ctrl Pts',(-0.752133806814779,-55.3573959392287,
0.02));
#7856=CARTESIAN_POINT('Ctrl Pts',(-0.864124839144267,-55.4043915332891,
0.));
#7857=CARTESIAN_POINT('Ctrl Pts',(-0.864124839144267,-55.4043915332891,
0.02));
#7858=CARTESIAN_POINT('Ctrl Pts',(-0.920874051749705,-55.4282056093216,
0.));
#7859=CARTESIAN_POINT('Ctrl Pts',(-0.920874051749705,-55.4282056093216,
0.02));
#7860=CARTESIAN_POINT('',(-0.637790136039256,-55.216746211052,0.));
#7861=CARTESIAN_POINT('Ctrl Pts',(-0.920874051749705,-55.4282056093216,
0.));
#7862=CARTESIAN_POINT('Ctrl Pts',(-0.864124839144267,-55.4043915332891,
0.));
#7863=CARTESIAN_POINT('Ctrl Pts',(-0.752133806814779,-55.3573959392287,
0.));
#7864=CARTESIAN_POINT('Ctrl Pts',(-0.675561138387202,-55.2632068605761,
0.));
#7865=CARTESIAN_POINT('Ctrl Pts',(-0.637790136039256,-55.216746211052,0.));
#7866=CARTESIAN_POINT('',(-0.637790136039256,-55.216746211052,0.02));
#7867=CARTESIAN_POINT('Ctrl Pts',(-0.637790136039256,-55.216746211052,0.02));
#7868=CARTESIAN_POINT('Ctrl Pts',(-0.675561138387202,-55.2632068605761,
0.02));
#7869=CARTESIAN_POINT('Ctrl Pts',(-0.752133806814779,-55.3573959392287,
0.02));
#7870=CARTESIAN_POINT('Ctrl Pts',(-0.864124839144267,-55.4043915332891,
0.02));
#7871=CARTESIAN_POINT('Ctrl Pts',(-0.920874051749705,-55.4282056093216,
0.02));
#7872=CARTESIAN_POINT('',(-0.637790136039256,-55.216746211052,0.));
#7873=CARTESIAN_POINT('Ctrl Pts',(-0.535470418632029,-54.8415755033493,
0.));
#7874=CARTESIAN_POINT('Ctrl Pts',(-0.535470418632029,-54.8415755033493,
0.02));
#7875=CARTESIAN_POINT('Ctrl Pts',(-0.538670944187467,-54.9118593415688,
0.));
#7876=CARTESIAN_POINT('Ctrl Pts',(-0.538670944187467,-54.9118593415688,
0.02));
#7877=CARTESIAN_POINT('Ctrl Pts',(-0.544726067783436,-55.0448304176769,
0.));
#7878=CARTESIAN_POINT('Ctrl Pts',(-0.544726067783436,-55.0448304176769,
0.02));
#7879=CARTESIAN_POINT('Ctrl Pts',(-0.607973210469039,-55.1616658721899,
0.));
#7880=CARTESIAN_POINT('Ctrl Pts',(-0.607973210469039,-55.1616658721899,
0.02));
#7881=CARTESIAN_POINT('Ctrl Pts',(-0.637790136039256,-55.216746211052,0.));
#7882=CARTESIAN_POINT('Ctrl Pts',(-0.637790136039256,-55.216746211052,0.02));
#7883=CARTESIAN_POINT('',(-0.535470418632029,-54.8415755033493,0.));
#7884=CARTESIAN_POINT('Ctrl Pts',(-0.637790136039256,-55.216746211052,0.));
#7885=CARTESIAN_POINT('Ctrl Pts',(-0.607973210469039,-55.1616658721899,
0.));
#7886=CARTESIAN_POINT('Ctrl Pts',(-0.544726067783436,-55.0448304176769,
0.));
#7887=CARTESIAN_POINT('Ctrl Pts',(-0.538670944187467,-54.9118593415688,
0.));
#7888=CARTESIAN_POINT('Ctrl Pts',(-0.535470418632029,-54.8415755033493,
0.));
#7889=CARTESIAN_POINT('',(-0.535470418632029,-54.8415755033493,0.02));
#7890=CARTESIAN_POINT('Ctrl Pts',(-0.535470418632029,-54.8415755033493,
0.02));
#7891=CARTESIAN_POINT('Ctrl Pts',(-0.538670944187467,-54.9118593415688,
0.02));
#7892=CARTESIAN_POINT('Ctrl Pts',(-0.544726067783436,-55.0448304176769,
0.02));
#7893=CARTESIAN_POINT('Ctrl Pts',(-0.607973210469039,-55.1616658721899,
0.02));
#7894=CARTESIAN_POINT('Ctrl Pts',(-0.637790136039256,-55.216746211052,0.02));
#7895=CARTESIAN_POINT('',(-0.535470418632029,-54.8415755033493,0.));
#7896=CARTESIAN_POINT('Ctrl Pts',(-0.67019122093916,-54.4340037107468,0.));
#7897=CARTESIAN_POINT('Ctrl Pts',(-0.67019122093916,-54.4340037107468,0.02));
#7898=CARTESIAN_POINT('Ctrl Pts',(-0.630931374671919,-54.4919229812341,
0.));
#7899=CARTESIAN_POINT('Ctrl Pts',(-0.630931374671919,-54.4919229812341,
0.02));
#7900=CARTESIAN_POINT('Ctrl Pts',(-0.547724834736332,-54.614675934978,0.));
#7901=CARTESIAN_POINT('Ctrl Pts',(-0.547724834736332,-54.614675934978,0.02));
#7902=CARTESIAN_POINT('Ctrl Pts',(-0.539705789258134,-54.7631544868949,
0.));
#7903=CARTESIAN_POINT('Ctrl Pts',(-0.539705789258134,-54.7631544868949,
0.02));
#7904=CARTESIAN_POINT('Ctrl Pts',(-0.535470418632029,-54.8415755033493,
0.));
#7905=CARTESIAN_POINT('Ctrl Pts',(-0.535470418632029,-54.8415755033493,
0.02));
#7906=CARTESIAN_POINT('',(-0.67019122093916,-54.4340037107468,0.));
#7907=CARTESIAN_POINT('Ctrl Pts',(-0.535470418632029,-54.8415755033493,
0.));
#7908=CARTESIAN_POINT('Ctrl Pts',(-0.539705789258134,-54.7631544868949,
0.));
#7909=CARTESIAN_POINT('Ctrl Pts',(-0.547724834736332,-54.614675934978,0.));
#7910=CARTESIAN_POINT('Ctrl Pts',(-0.630931374671919,-54.4919229812341,
0.));
#7911=CARTESIAN_POINT('Ctrl Pts',(-0.67019122093916,-54.4340037107468,0.));
#7912=CARTESIAN_POINT('',(-0.67019122093916,-54.4340037107468,0.02));
#7913=CARTESIAN_POINT('Ctrl Pts',(-0.67019122093916,-54.4340037107468,0.02));
#7914=CARTESIAN_POINT('Ctrl Pts',(-0.630931374671919,-54.4919229812341,
0.02));
#7915=CARTESIAN_POINT('Ctrl Pts',(-0.547724834736332,-54.614675934978,0.02));
#7916=CARTESIAN_POINT('Ctrl Pts',(-0.539705789258134,-54.7631544868949,
0.02));
#7917=CARTESIAN_POINT('Ctrl Pts',(-0.535470418632029,-54.8415755033493,
0.02));
#7918=CARTESIAN_POINT('',(-0.67019122093916,-54.4340037107468,0.));
#7919=CARTESIAN_POINT('Ctrl Pts',(-1.05047839134932,-54.2378919124603,0.));
#7920=CARTESIAN_POINT('Ctrl Pts',(-1.05047839134932,-54.2378919124603,0.02));
#7921=CARTESIAN_POINT('Ctrl Pts',(-0.97457114342054,-54.2548217030848,0.));
#7922=CARTESIAN_POINT('Ctrl Pts',(-0.97457114342054,-54.2548217030848,0.02));
#7923=CARTESIAN_POINT('Ctrl Pts',(-0.830297390185479,-54.2869994529246,
0.));
#7924=CARTESIAN_POINT('Ctrl Pts',(-0.830297390185479,-54.2869994529246,
0.02));
#7925=CARTESIAN_POINT('Ctrl Pts',(-0.721667358827787,-54.3867400014126,
0.));
#7926=CARTESIAN_POINT('Ctrl Pts',(-0.721667358827787,-54.3867400014126,
0.02));
#7927=CARTESIAN_POINT('Ctrl Pts',(-0.67019122093916,-54.4340037107468,0.));
#7928=CARTESIAN_POINT('Ctrl Pts',(-0.67019122093916,-54.4340037107468,0.02));
#7929=CARTESIAN_POINT('',(-1.05047839134932,-54.2378919124603,0.));
#7930=CARTESIAN_POINT('Ctrl Pts',(-0.67019122093916,-54.4340037107468,0.));
#7931=CARTESIAN_POINT('Ctrl Pts',(-0.721667358827787,-54.3867400014126,
0.));
#7932=CARTESIAN_POINT('Ctrl Pts',(-0.830297390185479,-54.2869994529246,
0.));
#7933=CARTESIAN_POINT('Ctrl Pts',(-0.97457114342054,-54.2548217030848,0.));
#7934=CARTESIAN_POINT('Ctrl Pts',(-1.05047839134932,-54.2378919124603,0.));
#7935=CARTESIAN_POINT('',(-1.05047839134932,-54.2378919124603,0.02));
#7936=CARTESIAN_POINT('Ctrl Pts',(-1.05047839134932,-54.2378919124603,0.02));
#7937=CARTESIAN_POINT('Ctrl Pts',(-0.97457114342054,-54.2548217030848,0.02));
#7938=CARTESIAN_POINT('Ctrl Pts',(-0.830297390185479,-54.2869994529246,
0.02));
#7939=CARTESIAN_POINT('Ctrl Pts',(-0.721667358827787,-54.3867400014126,
0.02));
#7940=CARTESIAN_POINT('Ctrl Pts',(-0.67019122093916,-54.4340037107468,0.02));
#7941=CARTESIAN_POINT('',(-1.05047839134932,-54.2378919124603,0.));
#7942=CARTESIAN_POINT('Ctrl Pts',(-1.7871763035655,-54.2208384275437,0.));
#7943=CARTESIAN_POINT('Ctrl Pts',(-1.7871763035655,-54.2208384275437,0.02));
#7944=CARTESIAN_POINT('Ctrl Pts',(-1.62339360953313,-54.2198958719802,0.));
#7945=CARTESIAN_POINT('Ctrl Pts',(-1.62339360953313,-54.2198958719802,0.02));
#7946=CARTESIAN_POINT('Ctrl Pts',(-1.37761205724368,-54.218481419917,0.));
#7947=CARTESIAN_POINT('Ctrl Pts',(-1.37761205724368,-54.218481419917,0.02));
#7948=CARTESIAN_POINT('Ctrl Pts',(-1.13231545737795,-54.2330361060255,0.));
#7949=CARTESIAN_POINT('Ctrl Pts',(-1.13231545737795,-54.2330361060255,0.02));
#7950=CARTESIAN_POINT('Ctrl Pts',(-1.05047839134932,-54.2378919124603,0.));
#7951=CARTESIAN_POINT('Ctrl Pts',(-1.05047839134932,-54.2378919124603,0.02));
#7952=CARTESIAN_POINT('',(-1.7871763035655,-54.2208384275437,0.));
#7953=CARTESIAN_POINT('Ctrl Pts',(-1.05047839134932,-54.2378919124603,0.));
#7954=CARTESIAN_POINT('Ctrl Pts',(-1.13231545737795,-54.2330361060255,0.));
#7955=CARTESIAN_POINT('Ctrl Pts',(-1.37761205724368,-54.218481419917,0.));
#7956=CARTESIAN_POINT('Ctrl Pts',(-1.62339360953313,-54.2198958719802,0.));
#7957=CARTESIAN_POINT('Ctrl Pts',(-1.7871763035655,-54.2208384275437,0.));
#7958=CARTESIAN_POINT('',(-1.7871763035655,-54.2208384275437,0.02));
#7959=CARTESIAN_POINT('Ctrl Pts',(-1.7871763035655,-54.2208384275437,0.02));
#7960=CARTESIAN_POINT('Ctrl Pts',(-1.62339360953313,-54.2198958719802,0.02));
#7961=CARTESIAN_POINT('Ctrl Pts',(-1.37761205724368,-54.218481419917,0.02));
#7962=CARTESIAN_POINT('Ctrl Pts',(-1.13231545737795,-54.2330361060255,0.02));
#7963=CARTESIAN_POINT('Ctrl Pts',(-1.05047839134932,-54.2378919124603,0.02));
#7964=CARTESIAN_POINT('',(-1.7871763035655,-54.2208384275437,0.));
#7965=CARTESIAN_POINT('Origin',(-2.57503467053175,-54.2208384275437,0.));
#7966=CARTESIAN_POINT('',(-2.57503467053175,-54.2208384275437,0.));
#7967=CARTESIAN_POINT('',(-1.7871763035655,-54.2208384275437,0.));
#7968=CARTESIAN_POINT('',(-2.57503467053175,-54.2208384275437,0.02));
#7969=CARTESIAN_POINT('',(-1.7871763035655,-54.2208384275437,0.02));
#7970=CARTESIAN_POINT('',(-2.57503467053175,-54.2208384275437,0.));
#7971=CARTESIAN_POINT('Origin',(-2.57503467053175,-55.4895972013474,0.));
#7972=CARTESIAN_POINT('',(-2.57503467053175,-54.2208384275437,0.));
#7973=CARTESIAN_POINT('',(-2.57503467053175,-54.2208384275437,0.02));
#7974=CARTESIAN_POINT('Origin',(-3.58458416908979,-53.3749996423721,0.));
#7975=CARTESIAN_POINT('',(-3.58458416908979,-58.3749996423721,0.));
#7976=CARTESIAN_POINT('',(-3.58458416908979,-53.3749996423721,0.));
#7977=CARTESIAN_POINT('',(-3.58458416908979,-58.3749996423721,0.));
#7978=CARTESIAN_POINT('',(-3.58458416908979,-58.3749996423721,0.02));
#7979=CARTESIAN_POINT('',(-3.58458416908979,-58.3749996423721,0.));
#7980=CARTESIAN_POINT('',(-3.58458416908979,-53.3749996423721,0.02));
#7981=CARTESIAN_POINT('',(-3.58458416908979,-58.3749996423721,0.02));
#7982=CARTESIAN_POINT('',(-3.58458416908979,-53.3749996423721,0.));
#7983=CARTESIAN_POINT('Origin',(-1.45975487679243,-53.3749996423721,0.));
#7984=CARTESIAN_POINT('',(-1.45975487679243,-53.3749996423721,0.));
#7985=CARTESIAN_POINT('',(-3.58458416908979,-53.3749996423721,0.));
#7986=CARTESIAN_POINT('',(-1.45975487679243,-53.3749996423721,0.02));
#7987=CARTESIAN_POINT('',(-3.58458416908979,-53.3749996423721,0.02));
#7988=CARTESIAN_POINT('',(-1.45975487679243,-53.3749996423721,0.));
#7989=CARTESIAN_POINT('Ctrl Pts',(-0.295020513236524,-53.5097198486328,
0.));
#7990=CARTESIAN_POINT('Ctrl Pts',(-0.295020513236524,-53.5097198486328,
0.02));
#7991=CARTESIAN_POINT('Ctrl Pts',(-0.4519285583101,-53.4707282330742,0.));
#7992=CARTESIAN_POINT('Ctrl Pts',(-0.4519285583101,-53.4707282330742,0.02));
#7993=CARTESIAN_POINT('Ctrl Pts',(-0.833663403307838,-53.3758672059389,
0.));
#7994=CARTESIAN_POINT('Ctrl Pts',(-0.833663403307838,-53.3758672059389,
0.02));
#7995=CARTESIAN_POINT('Ctrl Pts',(-1.22768919373813,-53.3753212115681,0.));
#7996=CARTESIAN_POINT('Ctrl Pts',(-1.22768919373813,-53.3753212115681,0.02));
#7997=CARTESIAN_POINT('Ctrl Pts',(-1.45975487679243,-53.3749996423721,0.));
#7998=CARTESIAN_POINT('Ctrl Pts',(-1.45975487679243,-53.3749996423721,0.02));
#7999=CARTESIAN_POINT('',(-0.295020513236524,-53.5097198486328,0.));
#8000=CARTESIAN_POINT('Ctrl Pts',(-1.45975487679243,-53.3749996423721,0.));
#8001=CARTESIAN_POINT('Ctrl Pts',(-1.22768919373813,-53.3753212115681,0.));
#8002=CARTESIAN_POINT('Ctrl Pts',(-0.833663403307838,-53.3758672059389,
0.));
#8003=CARTESIAN_POINT('Ctrl Pts',(-0.4519285583101,-53.4707282330742,0.));
#8004=CARTESIAN_POINT('Ctrl Pts',(-0.295020513236524,-53.5097198486328,
0.));
#8005=CARTESIAN_POINT('',(-0.295020513236524,-53.5097198486328,0.02));
#8006=CARTESIAN_POINT('Ctrl Pts',(-0.295020513236524,-53.5097198486328,
0.02));
#8007=CARTESIAN_POINT('Ctrl Pts',(-0.4519285583101,-53.4707282330742,0.02));
#8008=CARTESIAN_POINT('Ctrl Pts',(-0.833663403307838,-53.3758672059389,
0.02));
#8009=CARTESIAN_POINT('Ctrl Pts',(-1.22768919373813,-53.3753212115681,0.02));
#8010=CARTESIAN_POINT('Ctrl Pts',(-1.45975487679243,-53.3749996423721,0.02));
#8011=CARTESIAN_POINT('',(-0.295020513236524,-53.5097198486328,0.));
#8012=CARTESIAN_POINT('Ctrl Pts',(0.286494322121142,-53.9889149665833,0.));
#8013=CARTESIAN_POINT('Ctrl Pts',(0.286494322121142,-53.9889149665833,0.02));
#8014=CARTESIAN_POINT('Ctrl Pts',(0.208556598928338,-53.8831537032507,0.));
#8015=CARTESIAN_POINT('Ctrl Pts',(0.208556598928338,-53.8831537032507,0.02));
#8016=CARTESIAN_POINT('Ctrl Pts',(0.0548165705208969,-53.6745289325612,
0.));
#8017=CARTESIAN_POINT('Ctrl Pts',(0.0548165705208969,-53.6745289325612,
0.02));
#8018=CARTESIAN_POINT('Ctrl Pts',(-0.179492989489904,-53.5641451404078,
0.));
#8019=CARTESIAN_POINT('Ctrl Pts',(-0.179492989489904,-53.5641451404078,
0.02));
#8020=CARTESIAN_POINT('Ctrl Pts',(-0.295020513236524,-53.5097198486328,
0.));
#8021=CARTESIAN_POINT('Ctrl Pts',(-0.295020513236524,-53.5097198486328,
0.02));
#8022=CARTESIAN_POINT('',(0.286494322121142,-53.9889149665833,0.));
#8023=CARTESIAN_POINT('Ctrl Pts',(-0.295020513236524,-53.5097198486328,
0.));
#8024=CARTESIAN_POINT('Ctrl Pts',(-0.179492989489904,-53.5641451404078,
0.));
#8025=CARTESIAN_POINT('Ctrl Pts',(0.0548165705208969,-53.6745289325612,
0.));
#8026=CARTESIAN_POINT('Ctrl Pts',(0.208556598928338,-53.8831537032507,0.));
#8027=CARTESIAN_POINT('Ctrl Pts',(0.286494322121142,-53.9889149665833,0.));
#8028=CARTESIAN_POINT('',(0.286494322121142,-53.9889149665833,0.02));
#8029=CARTESIAN_POINT('Ctrl Pts',(0.286494322121142,-53.9889149665833,0.02));
#8030=CARTESIAN_POINT('Ctrl Pts',(0.208556598928338,-53.8831537032507,0.02));
#8031=CARTESIAN_POINT('Ctrl Pts',(0.0548165705208969,-53.6745289325612,
0.02));
#8032=CARTESIAN_POINT('Ctrl Pts',(-0.179492989489904,-53.5641451404078,
0.02));
#8033=CARTESIAN_POINT('Ctrl Pts',(-0.295020513236524,-53.5097198486328,
0.02));
#8034=CARTESIAN_POINT('',(0.286494322121142,-53.9889149665833,0.));
#8035=CARTESIAN_POINT('Ctrl Pts',(0.504773683845998,-54.7767733335495,0.));
#8036=CARTESIAN_POINT('Ctrl Pts',(0.504773683845998,-54.7767733335495,0.02));
#8037=CARTESIAN_POINT('Ctrl Pts',(0.496513637256488,-54.6344357150366,0.));
#8038=CARTESIAN_POINT('Ctrl Pts',(0.496513637256488,-54.6344357150366,0.02));
#8039=CARTESIAN_POINT('Ctrl Pts',(0.480352116149545,-54.3559394134748,0.));
#8040=CARTESIAN_POINT('Ctrl Pts',(0.480352116149545,-54.3559394134748,0.02));
#8041=CARTESIAN_POINT('Ctrl Pts',(0.350150669960443,-54.1094333907918,0.));
#8042=CARTESIAN_POINT('Ctrl Pts',(0.350150669960443,-54.1094333907918,0.02));
#8043=CARTESIAN_POINT('Ctrl Pts',(0.286494322121142,-53.9889149665833,0.));
#8044=CARTESIAN_POINT('Ctrl Pts',(0.286494322121142,-53.9889149665833,0.02));
#8045=CARTESIAN_POINT('',(0.504773683845998,-54.7767733335495,0.));
#8046=CARTESIAN_POINT('Ctrl Pts',(0.286494322121142,-53.9889149665833,0.));
#8047=CARTESIAN_POINT('Ctrl Pts',(0.350150669960443,-54.1094333907918,0.));
#8048=CARTESIAN_POINT('Ctrl Pts',(0.480352116149545,-54.3559394134748,0.));
#8049=CARTESIAN_POINT('Ctrl Pts',(0.496513637256488,-54.6344357150366,0.));
#8050=CARTESIAN_POINT('Ctrl Pts',(0.504773683845998,-54.7767733335495,0.));
#8051=CARTESIAN_POINT('',(0.504773683845998,-54.7767733335495,0.02));
#8052=CARTESIAN_POINT('Ctrl Pts',(0.504773683845998,-54.7767733335495,0.02));
#8053=CARTESIAN_POINT('Ctrl Pts',(0.496513637256488,-54.6344357150366,0.02));
#8054=CARTESIAN_POINT('Ctrl Pts',(0.480352116149545,-54.3559394134748,0.02));
#8055=CARTESIAN_POINT('Ctrl Pts',(0.350150669960443,-54.1094333907918,0.02));
#8056=CARTESIAN_POINT('Ctrl Pts',(0.286494322121142,-53.9889149665833,0.02));
#8057=CARTESIAN_POINT('',(0.504773683845998,-54.7767733335495,0.));
#8058=CARTESIAN_POINT('Ctrl Pts',(0.173941679298879,-55.7061730623245,0.));
#8059=CARTESIAN_POINT('Ctrl Pts',(0.173941679298879,-55.7061730623245,0.02));
#8060=CARTESIAN_POINT('Ctrl Pts',(0.270399987142924,-55.5726175960913,0.));
#8061=CARTESIAN_POINT('Ctrl Pts',(0.270399987142924,-55.5726175960913,0.02));
#8062=CARTESIAN_POINT('Ctrl Pts',(0.470538908853149,-55.2955067116286,0.));
#8063=CARTESIAN_POINT('Ctrl Pts',(0.470538908853149,-55.2955067116286,0.02));
#8064=CARTESIAN_POINT('Ctrl Pts',(0.493090819279389,-54.9537948505171,0.));
#8065=CARTESIAN_POINT('Ctrl Pts',(0.493090819279389,-54.9537948505171,0.02));
#8066=CARTESIAN_POINT('Ctrl Pts',(0.504773683845998,-54.7767733335495,0.));
#8067=CARTESIAN_POINT('Ctrl Pts',(0.504773683845998,-54.7767733335495,0.02));
#8068=CARTESIAN_POINT('',(0.173941679298879,-55.7061730623245,0.));
#8069=CARTESIAN_POINT('Ctrl Pts',(0.504773683845998,-54.7767733335495,0.));
#8070=CARTESIAN_POINT('Ctrl Pts',(0.493090819279389,-54.9537948505171,0.));
#8071=CARTESIAN_POINT('Ctrl Pts',(0.470538908853149,-55.2955067116286,0.));
#8072=CARTESIAN_POINT('Ctrl Pts',(0.270399987142924,-55.5726175960913,0.));
#8073=CARTESIAN_POINT('Ctrl Pts',(0.173941679298879,-55.7061730623245,0.));
#8074=CARTESIAN_POINT('',(0.173941679298879,-55.7061730623245,0.02));
#8075=CARTESIAN_POINT('Ctrl Pts',(0.173941679298879,-55.7061730623245,0.02));
#8076=CARTESIAN_POINT('Ctrl Pts',(0.270399987142924,-55.5726175960913,0.02));
#8077=CARTESIAN_POINT('Ctrl Pts',(0.470538908853149,-55.2955067116286,0.02));
#8078=CARTESIAN_POINT('Ctrl Pts',(0.493090819279389,-54.9537948505171,0.02));
#8079=CARTESIAN_POINT('Ctrl Pts',(0.504773683845998,-54.7767733335495,0.02));
#8080=CARTESIAN_POINT('',(0.173941679298879,-55.7061730623245,0.));
#8081=CARTESIAN_POINT('Ctrl Pts',(-0.815142564475535,-56.1683146953583,
0.));
#8082=CARTESIAN_POINT('Ctrl Pts',(-0.815142564475535,-56.1683146953583,
0.02));
#8083=CARTESIAN_POINT('Ctrl Pts',(-0.614797520964476,-56.1308271991186,
0.));
#8084=CARTESIAN_POINT('Ctrl Pts',(-0.614797520964476,-56.1308271991186,
0.02));
#8085=CARTESIAN_POINT('Ctrl Pts',(-0.244052623642723,-56.0614553908588,
0.));
#8086=CARTESIAN_POINT('Ctrl Pts',(-0.244052623642723,-56.0614553908588,
0.02));
#8087=CARTESIAN_POINT('Ctrl Pts',(0.0423203931903138,-55.8180471158325,
0.));
#8088=CARTESIAN_POINT('Ctrl Pts',(0.0423203931903138,-55.8180471158325,
0.02));
#8089=CARTESIAN_POINT('Ctrl Pts',(0.173941679298879,-55.7061730623245,0.));
#8090=CARTESIAN_POINT('Ctrl Pts',(0.173941679298879,-55.7061730623245,0.02));
#8091=CARTESIAN_POINT('',(-0.815142564475535,-56.1683146953583,0.));
#8092=CARTESIAN_POINT('Ctrl Pts',(0.173941679298879,-55.7061730623245,0.));
#8093=CARTESIAN_POINT('Ctrl Pts',(0.0423203931903138,-55.8180471158325,
0.));
#8094=CARTESIAN_POINT('Ctrl Pts',(-0.244052623642723,-56.0614553908588,
0.));
#8095=CARTESIAN_POINT('Ctrl Pts',(-0.614797520964476,-56.1308271991186,
0.));
#8096=CARTESIAN_POINT('Ctrl Pts',(-0.815142564475535,-56.1683146953583,
0.));
#8097=CARTESIAN_POINT('',(-0.815142564475535,-56.1683146953583,0.02));
#8098=CARTESIAN_POINT('Ctrl Pts',(-0.815142564475535,-56.1683146953583,
0.02));
#8099=CARTESIAN_POINT('Ctrl Pts',(-0.614797520964476,-56.1308271991186,
0.02));
#8100=CARTESIAN_POINT('Ctrl Pts',(-0.244052623642723,-56.0614553908588,
0.02));
#8101=CARTESIAN_POINT('Ctrl Pts',(0.0423203931903138,-55.8180471158325,
0.02));
#8102=CARTESIAN_POINT('Ctrl Pts',(0.173941679298879,-55.7061730623245,0.02));
#8103=CARTESIAN_POINT('',(-0.815142564475535,-56.1683146953583,0.));
#8104=CARTESIAN_POINT('Ctrl Pts',(-0.274557046592234,-56.58782351017,0.));
#8105=CARTESIAN_POINT('Ctrl Pts',(-0.274557046592234,-56.58782351017,0.02));
#8106=CARTESIAN_POINT('Ctrl Pts',(-0.352813633003839,-56.5118114731382,
0.));
#8107=CARTESIAN_POINT('Ctrl Pts',(-0.352813633003839,-56.5118114731382,
0.02));
#8108=CARTESIAN_POINT('Ctrl Pts',(-0.517371889979854,-56.3519730634054,
0.));
#8109=CARTESIAN_POINT('Ctrl Pts',(-0.517371889979854,-56.3519730634054,
0.02));
#8110=CARTESIAN_POINT('Ctrl Pts',(-0.712702501983182,-56.2314974608601,
0.));
#8111=CARTESIAN_POINT('Ctrl Pts',(-0.712702501983182,-56.2314974608601,
0.02));
#8112=CARTESIAN_POINT('Ctrl Pts',(-0.815142564475535,-56.1683146953583,
0.));
#8113=CARTESIAN_POINT('Ctrl Pts',(-0.815142564475535,-56.1683146953583,
0.02));
#8114=CARTESIAN_POINT('',(-0.274557046592234,-56.58782351017,0.));
#8115=CARTESIAN_POINT('Ctrl Pts',(-0.815142564475535,-56.1683146953583,
0.));
#8116=CARTESIAN_POINT('Ctrl Pts',(-0.712702501983182,-56.2314974608601,
0.));
#8117=CARTESIAN_POINT('Ctrl Pts',(-0.517371889979854,-56.3519730634054,
0.));
#8118=CARTESIAN_POINT('Ctrl Pts',(-0.352813633003839,-56.5118114731382,
0.));
#8119=CARTESIAN_POINT('Ctrl Pts',(-0.274557046592234,-56.58782351017,0.));
#8120=CARTESIAN_POINT('',(-0.274557046592234,-56.58782351017,0.02));
#8121=CARTESIAN_POINT('Ctrl Pts',(-0.274557046592234,-56.58782351017,0.02));
#8122=CARTESIAN_POINT('Ctrl Pts',(-0.352813633003839,-56.5118114731382,
0.02));
#8123=CARTESIAN_POINT('Ctrl Pts',(-0.517371889979854,-56.3519730634054,
0.02));
#8124=CARTESIAN_POINT('Ctrl Pts',(-0.712702501983182,-56.2314974608601,
0.02));
#8125=CARTESIAN_POINT('Ctrl Pts',(-0.815142564475535,-56.1683146953583,
0.02));
#8126=CARTESIAN_POINT('',(-0.274557046592234,-56.58782351017,0.));
#8127=CARTESIAN_POINT('Ctrl Pts',(0.300136633217336,-57.399556517601,0.));
#8128=CARTESIAN_POINT('Ctrl Pts',(0.300136633217336,-57.399556517601,0.02));
#8129=CARTESIAN_POINT('Ctrl Pts',(0.196141836449142,-57.2317182552069,0.));
#8130=CARTESIAN_POINT('Ctrl Pts',(0.196141836449142,-57.2317182552069,0.02));
#8131=CARTESIAN_POINT('Ctrl Pts',(0.0211089713649604,-56.9492309303547,
0.));
#8132=CARTESIAN_POINT('Ctrl Pts',(0.0211089713649604,-56.9492309303547,
0.02));
#8133=CARTESIAN_POINT('Ctrl Pts',(-0.189201403436272,-56.692157998808,0.));
#8134=CARTESIAN_POINT('Ctrl Pts',(-0.189201403436272,-56.692157998808,0.02));
#8135=CARTESIAN_POINT('Ctrl Pts',(-0.274557046592234,-56.58782351017,0.));
#8136=CARTESIAN_POINT('Ctrl Pts',(-0.274557046592234,-56.58782351017,0.02));
#8137=CARTESIAN_POINT('',(0.300136633217336,-57.399556517601,0.));
#8138=CARTESIAN_POINT('Ctrl Pts',(-0.274557046592234,-56.58782351017,0.));
#8139=CARTESIAN_POINT('Ctrl Pts',(-0.189201403436272,-56.692157998808,0.));
#8140=CARTESIAN_POINT('Ctrl Pts',(0.0211089713649604,-56.9492309303547,
0.));
#8141=CARTESIAN_POINT('Ctrl Pts',(0.196141836449142,-57.2317182552069,0.));
#8142=CARTESIAN_POINT('Ctrl Pts',(0.300136633217336,-57.399556517601,0.));
#8143=CARTESIAN_POINT('',(0.300136633217336,-57.399556517601,0.02));
#8144=CARTESIAN_POINT('Ctrl Pts',(0.300136633217336,-57.399556517601,0.02));
#8145=CARTESIAN_POINT('Ctrl Pts',(0.196141836449142,-57.2317182552069,0.02));
#8146=CARTESIAN_POINT('Ctrl Pts',(0.0211089713649604,-56.9492309303547,
0.02));
#8147=CARTESIAN_POINT('Ctrl Pts',(-0.189201403436272,-56.692157998808,0.02));
#8148=CARTESIAN_POINT('Ctrl Pts',(-0.274557046592234,-56.58782351017,0.02));
#8149=CARTESIAN_POINT('',(0.300136633217336,-57.399556517601,0.));
#8150=CARTESIAN_POINT('Origin',(0.910640783607961,-58.3749996423721,0.));
#8151=CARTESIAN_POINT('',(0.910640783607961,-58.3749996423721,0.));
#8152=CARTESIAN_POINT('',(0.300136633217336,-57.399556517601,0.));
#8153=CARTESIAN_POINT('',(0.910640783607962,-58.3749996423721,0.02));
#8154=CARTESIAN_POINT('',(0.300136633217336,-57.399556517601,0.02));
#8155=CARTESIAN_POINT('',(0.910640783607961,-58.3749996423721,0.));
#8156=CARTESIAN_POINT('Origin',(-0.296725206077098,-58.3749996423721,0.));
#8157=CARTESIAN_POINT('',(-0.296725206077098,-58.3749996423721,0.));
#8158=CARTESIAN_POINT('',(0.910640783607961,-58.3749996423721,0.));
#8159=CARTESIAN_POINT('',(-0.296725206077098,-58.3749996423721,0.02));
#8160=CARTESIAN_POINT('',(0.910640783607961,-58.3749996423721,0.02));
#8161=CARTESIAN_POINT('',(-0.296725206077098,-58.3749996423721,0.));
#8162=CARTESIAN_POINT('Origin',(-1.02660315483808,-57.2870050668717,0.));
#8163=CARTESIAN_POINT('',(-1.02660315483808,-57.2870050668717,0.));
#8164=CARTESIAN_POINT('',(-0.296725206077098,-58.3749996423721,0.));
#8165=CARTESIAN_POINT('',(-1.02660315483808,-57.2870050668717,0.02));
#8166=CARTESIAN_POINT('',(-0.296725206077098,-58.3749996423721,0.02));
#8167=CARTESIAN_POINT('',(-1.02660315483808,-57.2870050668717,0.));
#8168=CARTESIAN_POINT('Ctrl Pts',(-1.55866342037916,-56.552011847496,0.));
#8169=CARTESIAN_POINT('Ctrl Pts',(-1.55866342037916,-56.552011847496,0.02));
#8170=CARTESIAN_POINT('Ctrl Pts',(-1.48941178115155,-56.6377911638356,0.));
#8171=CARTESIAN_POINT('Ctrl Pts',(-1.48941178115155,-56.6377911638356,0.02));
#8172=CARTESIAN_POINT('Ctrl Pts',(-1.29924591941526,-56.8733422322695,0.));
#8173=CARTESIAN_POINT('Ctrl Pts',(-1.29924591941526,-56.8733422322695,0.02));
#8174=CARTESIAN_POINT('Ctrl Pts',(-1.13257711322079,-57.1262177887402,0.));
#8175=CARTESIAN_POINT('Ctrl Pts',(-1.13257711322079,-57.1262177887402,0.02));
#8176=CARTESIAN_POINT('Ctrl Pts',(-1.02660315483808,-57.2870050668717,0.));
#8177=CARTESIAN_POINT('Ctrl Pts',(-1.02660315483808,-57.2870050668717,0.02));
#8178=CARTESIAN_POINT('',(-1.55866342037916,-56.552011847496,0.));
#8179=CARTESIAN_POINT('Ctrl Pts',(-1.02660315483808,-57.2870050668717,0.));
#8180=CARTESIAN_POINT('Ctrl Pts',(-1.13257711322079,-57.1262177887402,0.));
#8181=CARTESIAN_POINT('Ctrl Pts',(-1.29924591941526,-56.8733422322695,0.));
#8182=CARTESIAN_POINT('Ctrl Pts',(-1.48941178115155,-56.6377911638356,0.));
#8183=CARTESIAN_POINT('Ctrl Pts',(-1.55866342037916,-56.552011847496,0.));
#8184=CARTESIAN_POINT('',(-1.55866342037916,-56.552011847496,0.02));
#8185=CARTESIAN_POINT('Ctrl Pts',(-1.55866342037916,-56.552011847496,0.02));
#8186=CARTESIAN_POINT('Ctrl Pts',(-1.48941178115155,-56.6377911638356,0.02));
#8187=CARTESIAN_POINT('Ctrl Pts',(-1.29924591941526,-56.8733422322695,0.02));
#8188=CARTESIAN_POINT('Ctrl Pts',(-1.13257711322079,-57.1262177887402,0.02));
#8189=CARTESIAN_POINT('Ctrl Pts',(-1.02660315483808,-57.2870050668717,0.02));
#8190=CARTESIAN_POINT('',(-1.55866342037916,-56.552011847496,0.));
#8191=CARTESIAN_POINT('Ctrl Pts',(-1.86221020668745,-56.3439630270004,0.));
#8192=CARTESIAN_POINT('Ctrl Pts',(-1.86221020668745,-56.3439630270004,0.02));
#8193=CARTESIAN_POINT('Ctrl Pts',(-1.80834433415608,-56.3679373696658,0.));
#8194=CARTESIAN_POINT('Ctrl Pts',(-1.80834433415608,-56.3679373696658,0.02));
#8195=CARTESIAN_POINT('Ctrl Pts',(-1.69452673026707,-56.4185947174216,0.));
#8196=CARTESIAN_POINT('Ctrl Pts',(-1.69452673026707,-56.4185947174216,0.02));
#8197=CARTESIAN_POINT('Ctrl Pts',(-1.6055372870726,-56.5059819312891,0.));
#8198=CARTESIAN_POINT('Ctrl Pts',(-1.6055372870726,-56.5059819312891,0.02));
#8199=CARTESIAN_POINT('Ctrl Pts',(-1.55866342037916,-56.552011847496,0.));
#8200=CARTESIAN_POINT('Ctrl Pts',(-1.55866342037916,-56.552011847496,0.02));
#8201=CARTESIAN_POINT('',(-1.86221020668745,-56.3439630270004,0.));
#8202=CARTESIAN_POINT('Ctrl Pts',(-1.55866342037916,-56.552011847496,0.));
#8203=CARTESIAN_POINT('Ctrl Pts',(-1.6055372870726,-56.5059819312891,0.));
#8204=CARTESIAN_POINT('Ctrl Pts',(-1.69452673026707,-56.4185947174216,0.));
#8205=CARTESIAN_POINT('Ctrl Pts',(-1.80834433415608,-56.3679373696658,0.));
#8206=CARTESIAN_POINT('Ctrl Pts',(-1.86221020668745,-56.3439630270004,0.));
#8207=CARTESIAN_POINT('',(-1.86221020668745,-56.3439630270004,0.02));
#8208=CARTESIAN_POINT('Ctrl Pts',(-1.86221020668745,-56.3439630270004,0.02));
#8209=CARTESIAN_POINT('Ctrl Pts',(-1.80834433415608,-56.3679373696658,0.02));
#8210=CARTESIAN_POINT('Ctrl Pts',(-1.69452673026707,-56.4185947174216,0.02));
#8211=CARTESIAN_POINT('Ctrl Pts',(-1.6055372870726,-56.5059819312891,0.02));
#8212=CARTESIAN_POINT('Ctrl Pts',(-1.55866342037916,-56.552011847496,0.02));
#8213=CARTESIAN_POINT('',(-1.86221020668745,-56.3439630270004,0.));
#8214=CARTESIAN_POINT('Ctrl Pts',(-2.37039583176374,-56.2876873016358,0.));
#8215=CARTESIAN_POINT('Ctrl Pts',(-2.37039583176374,-56.2876873016358,0.02));
#8216=CARTESIAN_POINT('Ctrl Pts',(-2.26950443043011,-56.2878641410408,0.));
#8217=CARTESIAN_POINT('Ctrl Pts',(-2.26950443043011,-56.2878641410408,0.02));
#8218=CARTESIAN_POINT('Ctrl Pts',(-2.09781182398135,-56.2881650786625,0.));
#8219=CARTESIAN_POINT('Ctrl Pts',(-2.09781182398135,-56.2881650786625,0.02));
#8220=CARTESIAN_POINT('Ctrl Pts',(-1.93099908968576,-56.3276716339962,0.));
#8221=CARTESIAN_POINT('Ctrl Pts',(-1.93099908968576,-56.3276716339962,0.02));
#8222=CARTESIAN_POINT('Ctrl Pts',(-1.86221020668745,-56.3439630270004,0.));
#8223=CARTESIAN_POINT('Ctrl Pts',(-1.86221020668745,-56.3439630270004,0.02));
#8224=CARTESIAN_POINT('',(-2.37039583176374,-56.2876873016358,0.));
#8225=CARTESIAN_POINT('Ctrl Pts',(-1.86221020668745,-56.3439630270004,0.));
#8226=CARTESIAN_POINT('Ctrl Pts',(-1.93099908968576,-56.3276716339962,0.));
#8227=CARTESIAN_POINT('Ctrl Pts',(-2.09781182398135,-56.2881650786625,0.));
#8228=CARTESIAN_POINT('Ctrl Pts',(-2.26950443043011,-56.2878641410408,0.));
#8229=CARTESIAN_POINT('Ctrl Pts',(-2.37039583176374,-56.2876873016358,0.));
#8230=CARTESIAN_POINT('',(-2.37039583176374,-56.2876873016358,0.02));
#8231=CARTESIAN_POINT('Ctrl Pts',(-2.37039583176374,-56.2876873016358,0.02));
#8232=CARTESIAN_POINT('Ctrl Pts',(-2.26950443043011,-56.2878641410408,0.02));
#8233=CARTESIAN_POINT('Ctrl Pts',(-2.09781182398135,-56.2881650786625,0.02));
#8234=CARTESIAN_POINT('Ctrl Pts',(-1.93099908968576,-56.3276716339962,0.02));
#8235=CARTESIAN_POINT('Ctrl Pts',(-1.86221020668745,-56.3439630270004,0.02));
#8236=CARTESIAN_POINT('',(-2.37039583176374,-56.2876873016358,0.));
#8237=CARTESIAN_POINT('Origin',(-2.57503467053175,-56.2876873016358,0.));
#8238=CARTESIAN_POINT('',(-2.57503467053175,-56.2876873016358,0.));
#8239=CARTESIAN_POINT('',(-2.37039583176374,-56.2876873016358,0.));
#8240=CARTESIAN_POINT('',(-2.57503467053175,-56.2876873016358,0.02));
#8241=CARTESIAN_POINT('',(-2.37039583176374,-56.2876873016358,0.02));
#8242=CARTESIAN_POINT('',(-2.57503467053175,-56.2876873016358,0.));
#8243=CARTESIAN_POINT('Origin',(-2.57503467053175,-58.3749996423721,0.));
#8244=CARTESIAN_POINT('',(-2.57503467053175,-58.3749996423721,0.));
#8245=CARTESIAN_POINT('',(-2.57503467053175,-56.2876873016358,0.));
#8246=CARTESIAN_POINT('',(-2.57503467053175,-58.3749996423721,0.02));
#8247=CARTESIAN_POINT('',(-2.57503467053175,-56.2876873016358,0.02));
#8248=CARTESIAN_POINT('',(-2.57503467053175,-58.3749996423721,0.));
#8249=CARTESIAN_POINT('Origin',(-3.58458416908979,-58.3749996423721,0.));
#8250=CARTESIAN_POINT('',(-2.57503467053175,-58.3749996423721,0.));
#8251=CARTESIAN_POINT('',(-2.57503467053175,-58.3749996423721,0.02));
#8252=CARTESIAN_POINT('Origin',(2.75671482308226E-7,-55.8749996423721,0.02));
#8253=CARTESIAN_POINT('Origin',(2.75671482308226E-7,-55.8749996423721,0.));
#8254=CARTESIAN_POINT('Origin',(22.2994542866945,-53.3749996423721,0.));
#8255=CARTESIAN_POINT('',(23.4931785613298,-58.3749996423721,0.));
#8256=CARTESIAN_POINT('',(22.2994542866945,-53.3749996423721,0.));
#8257=CARTESIAN_POINT('',(23.4931785613298,-58.3749996423721,0.));
#8258=CARTESIAN_POINT('',(23.4931785613298,-58.3749996423721,0.02));
#8259=CARTESIAN_POINT('',(23.4931785613298,-58.3749996423721,0.));
#8260=CARTESIAN_POINT('',(22.2994542866945,-53.3749996423721,0.02));
#8261=CARTESIAN_POINT('',(23.4931785613298,-58.3749996423721,0.02));
#8262=CARTESIAN_POINT('',(22.2994542866945,-53.3749996423721,0.));
#8263=CARTESIAN_POINT('Origin',(23.3328784257174,-53.3749996423721,0.));
#8264=CARTESIAN_POINT('',(23.3328784257174,-53.3749996423721,0.));
#8265=CARTESIAN_POINT('',(22.2994542866945,-53.3749996423721,0.));
#8266=CARTESIAN_POINT('',(23.3328784257174,-53.3749996423721,0.02));
#8267=CARTESIAN_POINT('',(22.2994542866945,-53.3749996423721,0.02));
#8268=CARTESIAN_POINT('',(23.3328784257174,-53.3749996423721,0.));
#8269=CARTESIAN_POINT('Origin',(24.0866304188967,-56.8095152378082,0.));
#8270=CARTESIAN_POINT('',(24.0866304188967,-56.8095152378082,0.));
#8271=CARTESIAN_POINT('',(23.3328784257174,-53.3749996423721,0.));
#8272=CARTESIAN_POINT('',(24.0866304188967,-56.8095152378082,0.02));
#8273=CARTESIAN_POINT('',(23.3328784257174,-53.3749996423721,0.02));
#8274=CARTESIAN_POINT('',(24.0866304188967,-56.8095152378082,0.));
#8275=CARTESIAN_POINT('Origin',(25.000681951642,-53.3749996423721,0.));
#8276=CARTESIAN_POINT('',(25.000681951642,-53.3749996423721,0.));
#8277=CARTESIAN_POINT('',(24.0866304188967,-56.8095152378082,0.));
#8278=CARTESIAN_POINT('',(25.000681951642,-53.3749996423721,0.02));
#8279=CARTESIAN_POINT('',(24.0866304188967,-56.8095152378082,0.02));
#8280=CARTESIAN_POINT('',(25.000681951642,-53.3749996423721,0.));
#8281=CARTESIAN_POINT('Origin',(26.2012279778719,-53.3749996423721,0.));
#8282=CARTESIAN_POINT('',(26.2012279778719,-53.3749996423721,0.));
#8283=CARTESIAN_POINT('',(25.000681951642,-53.3749996423721,0.));
#8284=CARTESIAN_POINT('',(26.2012279778719,-53.3749996423721,0.02));
#8285=CARTESIAN_POINT('',(25.000681951642,-53.3749996423721,0.02));
#8286=CARTESIAN_POINT('',(26.2012279778719,-53.3749996423721,0.));
#8287=CARTESIAN_POINT('Origin',(27.0777619630098,-56.86749625206,0.));
#8288=CARTESIAN_POINT('',(27.0777619630098,-56.86749625206,0.));
#8289=CARTESIAN_POINT('',(26.2012279778719,-53.3749996423721,0.));
#8290=CARTESIAN_POINT('',(27.0777619630098,-56.86749625206,0.02));
#8291=CARTESIAN_POINT('',(26.2012279778719,-53.3749996423721,0.02));
#8292=CARTESIAN_POINT('',(27.0777619630098,-56.86749625206,0.));
#8293=CARTESIAN_POINT('Origin',(27.8451562672853,-53.3749996423721,0.));
#8294=CARTESIAN_POINT('',(27.8451562672853,-53.3749996423721,0.));
#8295=CARTESIAN_POINT('',(27.0777619630098,-56.86749625206,0.));
#8296=CARTESIAN_POINT('',(27.8451562672853,-53.3749996423721,0.02));
#8297=CARTESIAN_POINT('',(27.0777619630098,-56.86749625206,0.02));
#8298=CARTESIAN_POINT('',(27.8451562672853,-53.3749996423721,0.));
#8299=CARTESIAN_POINT('Origin',(28.8615275174379,-53.3749996423721,0.));
#8300=CARTESIAN_POINT('',(28.8615275174379,-53.3749996423721,0.));
#8301=CARTESIAN_POINT('',(27.8451562672853,-53.3749996423721,0.));
#8302=CARTESIAN_POINT('',(28.8615275174379,-53.3749996423721,0.02));
#8303=CARTESIAN_POINT('',(27.8451562672853,-53.3749996423721,0.02));
#8304=CARTESIAN_POINT('',(28.8615275174379,-53.3749996423721,0.));
#8305=CARTESIAN_POINT('Origin',(27.6473403722048,-58.3749996423721,0.));
#8306=CARTESIAN_POINT('',(27.6473403722048,-58.3749996423721,0.));
#8307=CARTESIAN_POINT('',(28.8615275174379,-53.3749996423721,0.));
#8308=CARTESIAN_POINT('',(27.6473403722048,-58.3749996423721,0.02));
#8309=CARTESIAN_POINT('',(28.8615275174379,-53.3749996423721,0.02));
#8310=CARTESIAN_POINT('',(27.6473403722048,-58.3749996423721,0.));
#8311=CARTESIAN_POINT('Origin',(26.5763986855745,-58.3749996423721,0.));
#8312=CARTESIAN_POINT('',(26.5763986855745,-58.3749996423721,0.));
#8313=CARTESIAN_POINT('',(27.6473403722048,-58.3749996423721,0.));
#8314=CARTESIAN_POINT('',(26.5763986855745,-58.3749996423721,0.02));
#8315=CARTESIAN_POINT('',(27.6473403722048,-58.3749996423721,0.02));
#8316=CARTESIAN_POINT('',(26.5763986855745,-58.3749996423721,0.));
#8317=CARTESIAN_POINT('Origin',(25.5804909020662,-54.6369372606278,0.));
#8318=CARTESIAN_POINT('',(25.5804909020662,-54.6369372606278,0.));
#8319=CARTESIAN_POINT('',(26.5763986855745,-58.3749996423721,0.));
#8320=CARTESIAN_POINT('',(25.5804909020662,-54.6369372606278,0.02));
#8321=CARTESIAN_POINT('',(26.5763986855745,-58.3749996423721,0.02));
#8322=CARTESIAN_POINT('',(25.5804909020662,-54.6369372606278,0.));
#8323=CARTESIAN_POINT('Origin',(24.5879948884249,-58.3749996423721,0.));
#8324=CARTESIAN_POINT('',(24.5879948884249,-58.3749996423721,0.));
#8325=CARTESIAN_POINT('',(25.5804909020662,-54.6369372606278,0.));
#8326=CARTESIAN_POINT('',(24.5879948884249,-58.3749996423721,0.02));
#8327=CARTESIAN_POINT('',(25.5804909020662,-54.6369372606278,0.02));
#8328=CARTESIAN_POINT('',(24.5879948884249,-58.3749996423721,0.));
#8329=CARTESIAN_POINT('Origin',(23.4931785613298,-58.3749996423721,0.));
#8330=CARTESIAN_POINT('',(24.5879948884249,-58.3749996423721,0.));
#8331=CARTESIAN_POINT('',(24.5879948884249,-58.3749996423721,0.02));
#8332=CARTESIAN_POINT('Origin',(26.0000003129244,-55.8725010145067,0.02));
#8333=CARTESIAN_POINT('Origin',(26.0000003129244,-55.8725010145067,0.));
#8334=CARTESIAN_POINT('Origin',(19.134379401803,-55.6396650075913,0.));
#8335=CARTESIAN_POINT('',(19.134379401803,-54.2208384275437,0.));
#8336=CARTESIAN_POINT('',(19.134379401803,-55.6396650075913,0.));
#8337=CARTESIAN_POINT('',(19.134379401803,-54.2208384275437,0.));
#8338=CARTESIAN_POINT('',(19.134379401803,-54.2208384275437,0.02));
#8339=CARTESIAN_POINT('',(19.134379401803,-54.2208384275437,0.));
#8340=CARTESIAN_POINT('',(19.134379401803,-55.6396650075913,0.02));
#8341=CARTESIAN_POINT('',(19.134379401803,-54.2208384275437,0.02));
#8342=CARTESIAN_POINT('',(19.134379401803,-55.6396650075913,0.));
#8343=CARTESIAN_POINT('Origin',(19.6869028359652,-55.6396650075913,0.));
#8344=CARTESIAN_POINT('',(19.6869028359652,-55.6396650075913,0.));
#8345=CARTESIAN_POINT('',(19.134379401803,-55.6396650075913,0.));
#8346=CARTESIAN_POINT('',(19.6869028359652,-55.6396650075913,0.02));
#8347=CARTESIAN_POINT('',(19.134379401803,-55.6396650075913,0.02));
#8348=CARTESIAN_POINT('',(19.6869028359652,-55.6396650075913,0.));
#8349=CARTESIAN_POINT('Ctrl Pts',(20.4849935323,-55.5612205266953,0.));
#8350=CARTESIAN_POINT('Ctrl Pts',(20.4849935323,-55.5612205266953,0.02));
#8351=CARTESIAN_POINT('Ctrl Pts',(20.3852949750051,-55.5837979707017,0.));
#8352=CARTESIAN_POINT('Ctrl Pts',(20.3852949750051,-55.5837979707017,0.02));
#8353=CARTESIAN_POINT('Ctrl Pts',(20.1231508663951,-55.6431623596593,0.));
#8354=CARTESIAN_POINT('Ctrl Pts',(20.1231508663951,-55.6431623596593,0.02));
#8355=CARTESIAN_POINT('Ctrl Pts',(19.8538088124927,-55.6410030742906,0.));
#8356=CARTESIAN_POINT('Ctrl Pts',(19.8538088124927,-55.6410030742906,0.02));
#8357=CARTESIAN_POINT('Ctrl Pts',(19.6869028359652,-55.6396650075913,0.));
#8358=CARTESIAN_POINT('Ctrl Pts',(19.6869028359652,-55.6396650075913,0.02));
#8359=CARTESIAN_POINT('',(20.4849935323,-55.5612205266953,0.));
#8360=CARTESIAN_POINT('Ctrl Pts',(19.6869028359652,-55.6396650075913,0.));
#8361=CARTESIAN_POINT('Ctrl Pts',(19.8538088124927,-55.6410030742906,0.));
#8362=CARTESIAN_POINT('Ctrl Pts',(20.1231508663951,-55.6431623596593,0.));
#8363=CARTESIAN_POINT('Ctrl Pts',(20.3852949750051,-55.5837979707017,0.));
#8364=CARTESIAN_POINT('Ctrl Pts',(20.4849935323,-55.5612205266953,0.));
#8365=CARTESIAN_POINT('',(20.4849935323,-55.5612205266953,0.02));
#8366=CARTESIAN_POINT('Ctrl Pts',(20.4849935323,-55.5612205266953,0.02));
#8367=CARTESIAN_POINT('Ctrl Pts',(20.3852949750051,-55.5837979707017,0.02));
#8368=CARTESIAN_POINT('Ctrl Pts',(20.1231508663951,-55.6431623596593,0.02));
#8369=CARTESIAN_POINT('Ctrl Pts',(19.8538088124927,-55.6410030742906,0.02));
#8370=CARTESIAN_POINT('Ctrl Pts',(19.6869028359652,-55.6396650075913,0.02));
#8371=CARTESIAN_POINT('',(20.4849935323,-55.5612205266953,0.));
#8372=CARTESIAN_POINT('Ctrl Pts',(20.8004773408175,-55.3156541585922,0.));
#8373=CARTESIAN_POINT('Ctrl Pts',(20.8004773408175,-55.3156541585922,0.02));
#8374=CARTESIAN_POINT('Ctrl Pts',(20.7582056578057,-55.3678828887858,0.));
#8375=CARTESIAN_POINT('Ctrl Pts',(20.7582056578057,-55.3678828887858,0.02));
#8376=CARTESIAN_POINT('Ctrl Pts',(20.6721738575343,-55.4741793824268,0.));
#8377=CARTESIAN_POINT('Ctrl Pts',(20.6721738575343,-55.4741793824268,0.02));
#8378=CARTESIAN_POINT('Ctrl Pts',(20.5481024926788,-55.5318740870089,0.));
#8379=CARTESIAN_POINT('Ctrl Pts',(20.5481024926788,-55.5318740870089,0.02));
#8380=CARTESIAN_POINT('Ctrl Pts',(20.4849935323,-55.5612205266953,0.));
#8381=CARTESIAN_POINT('Ctrl Pts',(20.4849935323,-55.5612205266953,0.02));
#8382=CARTESIAN_POINT('',(20.8004773408175,-55.3156541585922,0.));
#8383=CARTESIAN_POINT('Ctrl Pts',(20.4849935323,-55.5612205266953,0.));
#8384=CARTESIAN_POINT('Ctrl Pts',(20.5481024926788,-55.5318740870089,0.));
#8385=CARTESIAN_POINT('Ctrl Pts',(20.6721738575343,-55.4741793824268,0.));
#8386=CARTESIAN_POINT('Ctrl Pts',(20.7582056578057,-55.3678828887858,0.));
#8387=CARTESIAN_POINT('Ctrl Pts',(20.8004773408175,-55.3156541585922,0.));
#8388=CARTESIAN_POINT('',(20.8004773408175,-55.3156541585922,0.02));
#8389=CARTESIAN_POINT('Ctrl Pts',(20.8004773408175,-55.3156541585922,0.02));
#8390=CARTESIAN_POINT('Ctrl Pts',(20.7582056578057,-55.3678828887858,0.02));
#8391=CARTESIAN_POINT('Ctrl Pts',(20.6721738575343,-55.4741793824268,0.02));
#8392=CARTESIAN_POINT('Ctrl Pts',(20.5481024926788,-55.5318740870089,0.02));
#8393=CARTESIAN_POINT('Ctrl Pts',(20.4849935323,-55.5612205266953,0.02));
#8394=CARTESIAN_POINT('',(20.8004773408175,-55.3156541585922,0.));
#8395=CARTESIAN_POINT('Ctrl Pts',(20.9147340804338,-54.9268411397934,0.));
#8396=CARTESIAN_POINT('Ctrl Pts',(20.9147340804338,-54.9268411397934,0.02));
#8397=CARTESIAN_POINT('Ctrl Pts',(20.9104528503048,-54.9977521879225,0.));
#8398=CARTESIAN_POINT('Ctrl Pts',(20.9104528503048,-54.9977521879225,0.02));
#8399=CARTESIAN_POINT('Ctrl Pts',(20.9020933290276,-55.1362129568482,0.));
#8400=CARTESIAN_POINT('Ctrl Pts',(20.9020933290276,-55.1362129568482,0.02));
#8401=CARTESIAN_POINT('Ctrl Pts',(20.8337966715045,-55.2568163630336,0.));
#8402=CARTESIAN_POINT('Ctrl Pts',(20.8337966715045,-55.2568163630336,0.02));
#8403=CARTESIAN_POINT('Ctrl Pts',(20.8004773408175,-55.3156541585922,0.));
#8404=CARTESIAN_POINT('Ctrl Pts',(20.8004773408175,-55.3156541585922,0.02));
#8405=CARTESIAN_POINT('',(20.9147340804338,-54.9268411397934,0.));
#8406=CARTESIAN_POINT('Ctrl Pts',(20.8004773408175,-55.3156541585922,0.));
#8407=CARTESIAN_POINT('Ctrl Pts',(20.8337966715045,-55.2568163630336,0.));
#8408=CARTESIAN_POINT('Ctrl Pts',(20.9020933290276,-55.1362129568482,0.));
#8409=CARTESIAN_POINT('Ctrl Pts',(20.9104528503048,-54.9977521879225,0.));
#8410=CARTESIAN_POINT('Ctrl Pts',(20.9147340804338,-54.9268411397934,0.));
#8411=CARTESIAN_POINT('',(20.9147340804338,-54.9268411397934,0.02));
#8412=CARTESIAN_POINT('Ctrl Pts',(20.9147340804338,-54.9268411397934,0.02));
#8413=CARTESIAN_POINT('Ctrl Pts',(20.9104528503048,-54.9977521879225,0.02));
#8414=CARTESIAN_POINT('Ctrl Pts',(20.9020933290276,-55.1362129568482,0.02));
#8415=CARTESIAN_POINT('Ctrl Pts',(20.8337966715045,-55.2568163630336,0.02));
#8416=CARTESIAN_POINT('Ctrl Pts',(20.8004773408175,-55.3156541585922,0.02));
#8417=CARTESIAN_POINT('',(20.9147340804338,-54.9268411397934,0.));
#8418=CARTESIAN_POINT('Ctrl Pts',(20.7544339448214,-54.4766365289688,0.));
#8419=CARTESIAN_POINT('Ctrl Pts',(20.7544339448214,-54.4766365289688,0.02));
#8420=CARTESIAN_POINT('Ctrl Pts',(20.8011708814598,-54.5412876395869,0.));
#8421=CARTESIAN_POINT('Ctrl Pts',(20.8011708814598,-54.5412876395869,0.02));
#8422=CARTESIAN_POINT('Ctrl Pts',(20.8981887260497,-54.675492229225,0.));
#8423=CARTESIAN_POINT('Ctrl Pts',(20.8981887260497,-54.675492229225,0.02));
#8424=CARTESIAN_POINT('Ctrl Pts',(20.9090862699367,-54.8410423722007,0.));
#8425=CARTESIAN_POINT('Ctrl Pts',(20.9090862699367,-54.8410423722007,0.02));
#8426=CARTESIAN_POINT('Ctrl Pts',(20.9147340804338,-54.9268411397934,0.));
#8427=CARTESIAN_POINT('Ctrl Pts',(20.9147340804338,-54.9268411397934,0.02));
#8428=CARTESIAN_POINT('',(20.7544339448214,-54.4766365289688,0.));
#8429=CARTESIAN_POINT('Ctrl Pts',(20.9147340804338,-54.9268411397934,0.));
#8430=CARTESIAN_POINT('Ctrl Pts',(20.9090862699367,-54.8410423722007,0.));
#8431=CARTESIAN_POINT('Ctrl Pts',(20.8981887260497,-54.675492229225,0.));
#8432=CARTESIAN_POINT('Ctrl Pts',(20.8011708814598,-54.5412876395869,0.));
#8433=CARTESIAN_POINT('Ctrl Pts',(20.7544339448214,-54.4766365289688,0.));
#8434=CARTESIAN_POINT('',(20.7544339448214,-54.4766365289688,0.02));
#8435=CARTESIAN_POINT('Ctrl Pts',(20.7544339448214,-54.4766365289688,0.02));
#8436=CARTESIAN_POINT('Ctrl Pts',(20.8011708814598,-54.5412876395869,0.02));
#8437=CARTESIAN_POINT('Ctrl Pts',(20.8981887260497,-54.675492229225,0.02));
#8438=CARTESIAN_POINT('Ctrl Pts',(20.9090862699367,-54.8410423722007,0.02));
#8439=CARTESIAN_POINT('Ctrl Pts',(20.9147340804338,-54.9268411397934,0.02));
#8440=CARTESIAN_POINT('',(20.7544339448214,-54.4766365289688,0.));
#8441=CARTESIAN_POINT('Ctrl Pts',(20.3485680371523,-54.254945397377,0.));
#8442=CARTESIAN_POINT('Ctrl Pts',(20.3485680371523,-54.254945397377,0.02));
#8443=CARTESIAN_POINT('Ctrl Pts',(20.4265516063818,-54.2749169129598,0.));
#8444=CARTESIAN_POINT('Ctrl Pts',(20.4265516063818,-54.2749169129598,0.02));
#8445=CARTESIAN_POINT('Ctrl Pts',(20.5807259517336,-54.3144008115693,0.));
#8446=CARTESIAN_POINT('Ctrl Pts',(20.5807259517336,-54.3144008115693,0.02));
#8447=CARTESIAN_POINT('Ctrl Pts',(20.6969819020498,-54.4229788174875,0.));
#8448=CARTESIAN_POINT('Ctrl Pts',(20.6969819020498,-54.4229788174875,0.02));
#8449=CARTESIAN_POINT('Ctrl Pts',(20.7544339448214,-54.4766365289688,0.));
#8450=CARTESIAN_POINT('Ctrl Pts',(20.7544339448214,-54.4766365289688,0.02));
#8451=CARTESIAN_POINT('',(20.3485680371523,-54.254945397377,0.));
#8452=CARTESIAN_POINT('Ctrl Pts',(20.7544339448214,-54.4766365289688,0.));
#8453=CARTESIAN_POINT('Ctrl Pts',(20.6969819020498,-54.4229788174875,0.));
#8454=CARTESIAN_POINT('Ctrl Pts',(20.5807259517336,-54.3144008115693,0.));
#8455=CARTESIAN_POINT('Ctrl Pts',(20.4265516063818,-54.2749169129598,0.));
#8456=CARTESIAN_POINT('Ctrl Pts',(20.3485680371523,-54.254945397377,0.));
#8457=CARTESIAN_POINT('',(20.3485680371523,-54.254945397377,0.02));
#8458=CARTESIAN_POINT('Ctrl Pts',(20.3485680371523,-54.254945397377,0.02));
#8459=CARTESIAN_POINT('Ctrl Pts',(20.4265516063818,-54.2749169129598,0.02));
#8460=CARTESIAN_POINT('Ctrl Pts',(20.5807259517336,-54.3144008115693,0.02));
#8461=CARTESIAN_POINT('Ctrl Pts',(20.6969819020498,-54.4229788174875,0.02));
#8462=CARTESIAN_POINT('Ctrl Pts',(20.7544339448214,-54.4766365289688,0.02));
#8463=CARTESIAN_POINT('',(20.3485680371523,-54.254945397377,0.));
#8464=CARTESIAN_POINT('Ctrl Pts',(19.6221006661653,-54.2208384275437,0.));
#8465=CARTESIAN_POINT('Ctrl Pts',(19.6221006661653,-54.2208384275437,0.02));
#8466=CARTESIAN_POINT('Ctrl Pts',(19.7737897866518,-54.220137968715,0.));
#8467=CARTESIAN_POINT('Ctrl Pts',(19.7737897866518,-54.220137968715,0.02));
#8468=CARTESIAN_POINT('Ctrl Pts',(20.0166490882408,-54.2190165109508,0.));
#8469=CARTESIAN_POINT('Ctrl Pts',(20.0166490882408,-54.2190165109508,0.02));
#8470=CARTESIAN_POINT('Ctrl Pts',(20.2579739062396,-54.2451389483897,0.));
#8471=CARTESIAN_POINT('Ctrl Pts',(20.2579739062396,-54.2451389483897,0.02));
#8472=CARTESIAN_POINT('Ctrl Pts',(20.3485680371523,-54.254945397377,0.));
#8473=CARTESIAN_POINT('Ctrl Pts',(20.3485680371523,-54.254945397377,0.02));
#8474=CARTESIAN_POINT('',(19.6221006661653,-54.2208384275437,0.));
#8475=CARTESIAN_POINT('Ctrl Pts',(20.3485680371523,-54.254945397377,0.));
#8476=CARTESIAN_POINT('Ctrl Pts',(20.2579739062396,-54.2451389483897,0.));
#8477=CARTESIAN_POINT('Ctrl Pts',(20.0166490882408,-54.2190165109508,0.));
#8478=CARTESIAN_POINT('Ctrl Pts',(19.7737897866518,-54.220137968715,0.));
#8479=CARTESIAN_POINT('Ctrl Pts',(19.6221006661653,-54.2208384275437,0.));
#8480=CARTESIAN_POINT('',(19.6221006661653,-54.2208384275437,0.02));
#8481=CARTESIAN_POINT('Ctrl Pts',(19.6221006661653,-54.2208384275437,0.02));
#8482=CARTESIAN_POINT('Ctrl Pts',(19.7737897866518,-54.220137968715,0.02));
#8483=CARTESIAN_POINT('Ctrl Pts',(20.0166490882408,-54.2190165109508,0.02));
#8484=CARTESIAN_POINT('Ctrl Pts',(20.2579739062396,-54.2451389483897,0.02));
#8485=CARTESIAN_POINT('Ctrl Pts',(20.3485680371523,-54.254945397377,0.02));
#8486=CARTESIAN_POINT('',(19.6221006661653,-54.2208384275437,0.));
#8487=CARTESIAN_POINT('Origin',(19.134379401803,-54.2208384275437,0.));
#8488=CARTESIAN_POINT('',(19.6221006661653,-54.2208384275437,0.));
#8489=CARTESIAN_POINT('',(19.6221006661653,-54.2208384275437,0.02));
#8490=CARTESIAN_POINT('Origin',(18.1248296052217,-53.3749996423721,0.));
#8491=CARTESIAN_POINT('',(18.1248296052217,-58.3749996423721,0.));
#8492=CARTESIAN_POINT('',(18.1248296052217,-53.3749996423721,0.));
#8493=CARTESIAN_POINT('',(18.1248296052217,-58.3749996423721,0.));
#8494=CARTESIAN_POINT('',(18.1248296052217,-58.3749996423721,0.02));
#8495=CARTESIAN_POINT('',(18.1248296052217,-58.3749996423721,0.));
#8496=CARTESIAN_POINT('',(18.1248296052217,-53.3749996423721,0.02));
#8497=CARTESIAN_POINT('',(18.1248296052217,-58.3749996423721,0.02));
#8498=CARTESIAN_POINT('',(18.1248296052217,-53.3749996423721,0.));
#8499=CARTESIAN_POINT('Origin',(19.7448838502169,-53.3749996423721,0.));
#8500=CARTESIAN_POINT('',(19.7448838502169,-53.3749996423721,0.));
#8501=CARTESIAN_POINT('',(18.1248296052217,-53.3749996423721,0.));
#8502=CARTESIAN_POINT('',(19.7448838502169,-53.3749996423721,0.02));
#8503=CARTESIAN_POINT('',(18.1248296052217,-53.3749996423721,0.02));
#8504=CARTESIAN_POINT('',(19.7448838502169,-53.3749996423721,0.));
#8505=CARTESIAN_POINT('Ctrl Pts',(20.9454298764467,-53.4500335454941,0.));
#8506=CARTESIAN_POINT('Ctrl Pts',(20.9454298764467,-53.4500335454941,0.02));
#8507=CARTESIAN_POINT('Ctrl Pts',(20.7989839887158,-53.4284921945974,0.));
#8508=CARTESIAN_POINT('Ctrl Pts',(20.7989839887158,-53.4284921945974,0.02));
#8509=CARTESIAN_POINT('Ctrl Pts',(20.4013491379374,-53.3700023866412,0.));
#8510=CARTESIAN_POINT('Ctrl Pts',(20.4013491379374,-53.3700023866412,0.02));
#8511=CARTESIAN_POINT('Ctrl Pts',(19.999031172472,-53.3730649792812,0.));
#8512=CARTESIAN_POINT('Ctrl Pts',(19.999031172472,-53.3730649792812,0.02));
#8513=CARTESIAN_POINT('Ctrl Pts',(19.7448838502169,-53.3749996423721,0.));
#8514=CARTESIAN_POINT('Ctrl Pts',(19.7448838502169,-53.3749996423721,0.02));
#8515=CARTESIAN_POINT('',(20.9454298764467,-53.4500335454941,0.));
#8516=CARTESIAN_POINT('Ctrl Pts',(19.7448838502169,-53.3749996423721,0.));
#8517=CARTESIAN_POINT('Ctrl Pts',(19.999031172472,-53.3730649792812,0.));
#8518=CARTESIAN_POINT('Ctrl Pts',(20.4013491379374,-53.3700023866412,0.));
#8519=CARTESIAN_POINT('Ctrl Pts',(20.7989839887158,-53.4284921945974,0.));
#8520=CARTESIAN_POINT('Ctrl Pts',(20.9454298764467,-53.4500335454941,0.));
#8521=CARTESIAN_POINT('',(20.9454298764467,-53.4500335454941,0.02));
#8522=CARTESIAN_POINT('Ctrl Pts',(20.9454298764467,-53.4500335454941,0.02));
#8523=CARTESIAN_POINT('Ctrl Pts',(20.7989839887158,-53.4284921945974,0.02));
#8524=CARTESIAN_POINT('Ctrl Pts',(20.4013491379374,-53.3700023866412,0.02));
#8525=CARTESIAN_POINT('Ctrl Pts',(19.999031172472,-53.3730649792812,0.02));
#8526=CARTESIAN_POINT('Ctrl Pts',(19.7448838502169,-53.3749996423721,0.02));
#8527=CARTESIAN_POINT('',(20.9454298764467,-53.4500335454941,0.));
#8528=CARTESIAN_POINT('Ctrl Pts',(21.6650748997927,-53.9394603967667,0.));
#8529=CARTESIAN_POINT('Ctrl Pts',(21.6650748997927,-53.9394603967667,0.02));
#8530=CARTESIAN_POINT('Ctrl Pts',(21.5639793003335,-53.8252152431406,0.));
#8531=CARTESIAN_POINT('Ctrl Pts',(21.5639793003335,-53.8252152431406,0.02));
#8532=CARTESIAN_POINT('Ctrl Pts',(21.3654471042055,-53.6008598669651,0.));
#8533=CARTESIAN_POINT('Ctrl Pts',(21.3654471042055,-53.6008598669651,0.02));
#8534=CARTESIAN_POINT('Ctrl Pts',(21.0837047561337,-53.4996874408029,0.));
#8535=CARTESIAN_POINT('Ctrl Pts',(21.0837047561337,-53.4996874408029,0.02));
#8536=CARTESIAN_POINT('Ctrl Pts',(20.9454298764467,-53.4500335454941,0.));
#8537=CARTESIAN_POINT('Ctrl Pts',(20.9454298764467,-53.4500335454941,0.02));
#8538=CARTESIAN_POINT('',(21.6650748997927,-53.9394603967667,0.));
#8539=CARTESIAN_POINT('Ctrl Pts',(20.9454298764467,-53.4500335454941,0.));
#8540=CARTESIAN_POINT('Ctrl Pts',(21.0837047561337,-53.4996874408029,0.));
#8541=CARTESIAN_POINT('Ctrl Pts',(21.3654471042055,-53.6008598669651,0.));
#8542=CARTESIAN_POINT('Ctrl Pts',(21.5639793003335,-53.8252152431406,0.));
#8543=CARTESIAN_POINT('Ctrl Pts',(21.6650748997927,-53.9394603967667,0.));
#8544=CARTESIAN_POINT('',(21.6650748997927,-53.9394603967667,0.02));
#8545=CARTESIAN_POINT('Ctrl Pts',(21.6650748997927,-53.9394603967667,0.02));
#8546=CARTESIAN_POINT('Ctrl Pts',(21.5639793003335,-53.8252152431406,0.02));
#8547=CARTESIAN_POINT('Ctrl Pts',(21.3654471042055,-53.6008598669651,0.02));
#8548=CARTESIAN_POINT('Ctrl Pts',(21.0837047561337,-53.4996874408029,0.02));
#8549=CARTESIAN_POINT('Ctrl Pts',(20.9454298764467,-53.4500335454941,0.02));
#8550=CARTESIAN_POINT('',(21.6650748997927,-53.9394603967667,0.));
#8551=CARTESIAN_POINT('Ctrl Pts',(21.9549799710512,-54.9131988286972,0.));
#8552=CARTESIAN_POINT('Ctrl Pts',(21.9549799710512,-54.9131988286972,0.02));
#8553=CARTESIAN_POINT('Ctrl Pts',(21.9461535311532,-54.7278392548033,0.));
#8554=CARTESIAN_POINT('Ctrl Pts',(21.9461535311532,-54.7278392548033,0.02));
#8555=CARTESIAN_POINT('Ctrl Pts',(21.9295206094588,-54.3785397282115,0.));
#8556=CARTESIAN_POINT('Ctrl Pts',(21.9295206094588,-54.3785397282115,0.02));
#8557=CARTESIAN_POINT('Ctrl Pts',(21.7495446627069,-54.0797119708024,0.));
#8558=CARTESIAN_POINT('Ctrl Pts',(21.7495446627069,-54.0797119708024,0.02));
#8559=CARTESIAN_POINT('Ctrl Pts',(21.6650748997927,-53.9394603967667,0.));
#8560=CARTESIAN_POINT('Ctrl Pts',(21.6650748997927,-53.9394603967667,0.02));
#8561=CARTESIAN_POINT('',(21.9549799710512,-54.9131988286972,0.));
#8562=CARTESIAN_POINT('Ctrl Pts',(21.6650748997927,-53.9394603967667,0.));
#8563=CARTESIAN_POINT('Ctrl Pts',(21.7495446627069,-54.0797119708024,0.));
#8564=CARTESIAN_POINT('Ctrl Pts',(21.9295206094588,-54.3785397282115,0.));
#8565=CARTESIAN_POINT('Ctrl Pts',(21.9461535311532,-54.7278392548033,0.));
#8566=CARTESIAN_POINT('Ctrl Pts',(21.9549799710512,-54.9131988286972,0.));
#8567=CARTESIAN_POINT('',(21.9549799710512,-54.9131988286972,0.02));
#8568=CARTESIAN_POINT('Ctrl Pts',(21.9549799710512,-54.9131988286972,0.02));
#8569=CARTESIAN_POINT('Ctrl Pts',(21.9461535311532,-54.7278392548033,0.02));
#8570=CARTESIAN_POINT('Ctrl Pts',(21.9295206094588,-54.3785397282115,0.02));
#8571=CARTESIAN_POINT('Ctrl Pts',(21.7495446627069,-54.0797119708024,0.02));
#8572=CARTESIAN_POINT('Ctrl Pts',(21.6650748997927,-53.9394603967667,0.02));
#8573=CARTESIAN_POINT('',(21.9549799710512,-54.9131988286972,0.));
#8574=CARTESIAN_POINT('Ctrl Pts',(21.7878580838442,-55.6874142885208,0.));
#8575=CARTESIAN_POINT('Ctrl Pts',(21.7878580838442,-55.6874142885208,0.02));
#8576=CARTESIAN_POINT('Ctrl Pts',(21.8365430008551,-55.5721502683425,0.));
#8577=CARTESIAN_POINT('Ctrl Pts',(21.8365430008551,-55.5721502683425,0.02));
#8578=CARTESIAN_POINT('Ctrl Pts',(21.9409298176567,-55.3250091639332,0.));
#8579=CARTESIAN_POINT('Ctrl Pts',(21.9409298176567,-55.3250091639332,0.02));
#8580=CARTESIAN_POINT('Ctrl Pts',(21.9500913052346,-55.0564857418185,0.));
#8581=CARTESIAN_POINT('Ctrl Pts',(21.9500913052346,-55.0564857418185,0.02));
#8582=CARTESIAN_POINT('Ctrl Pts',(21.9549799710512,-54.9131988286972,0.));
#8583=CARTESIAN_POINT('Ctrl Pts',(21.9549799710512,-54.9131988286972,0.02));
#8584=CARTESIAN_POINT('',(21.7878580838442,-55.6874142885208,0.));
#8585=CARTESIAN_POINT('Ctrl Pts',(21.9549799710512,-54.9131988286972,0.));
#8586=CARTESIAN_POINT('Ctrl Pts',(21.9500913052346,-55.0564857418185,0.));
#8587=CARTESIAN_POINT('Ctrl Pts',(21.9409298176567,-55.3250091639332,0.));
#8588=CARTESIAN_POINT('Ctrl Pts',(21.8365430008551,-55.5721502683425,0.));
#8589=CARTESIAN_POINT('Ctrl Pts',(21.7878580838442,-55.6874142885208,0.));
#8590=CARTESIAN_POINT('',(21.7878580838442,-55.6874142885208,0.02));
#8591=CARTESIAN_POINT('Ctrl Pts',(21.7878580838442,-55.6874142885208,0.02));
#8592=CARTESIAN_POINT('Ctrl Pts',(21.8365430008551,-55.5721502683425,0.02));
#8593=CARTESIAN_POINT('Ctrl Pts',(21.9409298176567,-55.3250091639332,0.02));
#8594=CARTESIAN_POINT('Ctrl Pts',(21.9500913052346,-55.0564857418185,0.02));
#8595=CARTESIAN_POINT('Ctrl Pts',(21.9549799710512,-54.9131988286972,0.02));
#8596=CARTESIAN_POINT('',(21.7878580838442,-55.6874142885208,0.));
#8597=CARTESIAN_POINT('Ctrl Pts',(21.3632334023714,-56.1802517175675,0.));
#8598=CARTESIAN_POINT('Ctrl Pts',(21.3632334023714,-56.1802517175675,0.02));
#8599=CARTESIAN_POINT('Ctrl Pts',(21.4461455947987,-56.1133420930514,0.));
#8600=CARTESIAN_POINT('Ctrl Pts',(21.4461455947987,-56.1133420930514,0.02));
#8601=CARTESIAN_POINT('Ctrl Pts',(21.6175632848532,-55.97500908145,0.));
#8602=CARTESIAN_POINT('Ctrl Pts',(21.6175632848532,-55.97500908145,0.02));
#8603=CARTESIAN_POINT('Ctrl Pts',(21.7298716222959,-55.7853421436314,0.));
#8604=CARTESIAN_POINT('Ctrl Pts',(21.7298716222959,-55.7853421436314,0.02));
#8605=CARTESIAN_POINT('Ctrl Pts',(21.7878580838442,-55.6874142885208,0.));
#8606=CARTESIAN_POINT('Ctrl Pts',(21.7878580838442,-55.6874142885208,0.02));
#8607=CARTESIAN_POINT('',(21.3632334023714,-56.1802517175675,0.));
#8608=CARTESIAN_POINT('Ctrl Pts',(21.7878580838442,-55.6874142885208,0.));
#8609=CARTESIAN_POINT('Ctrl Pts',(21.7298716222959,-55.7853421436314,0.));
#8610=CARTESIAN_POINT('Ctrl Pts',(21.6175632848532,-55.97500908145,0.));
#8611=CARTESIAN_POINT('Ctrl Pts',(21.4461455947987,-56.1133420930514,0.));
#8612=CARTESIAN_POINT('Ctrl Pts',(21.3632334023714,-56.1802517175675,0.));
#8613=CARTESIAN_POINT('',(21.3632334023714,-56.1802517175675,0.02));
#8614=CARTESIAN_POINT('Ctrl Pts',(21.3632334023714,-56.1802517175675,0.02));
#8615=CARTESIAN_POINT('Ctrl Pts',(21.4461455947987,-56.1133420930514,0.02));
#8616=CARTESIAN_POINT('Ctrl Pts',(21.6175632848532,-55.97500908145,0.02));
#8617=CARTESIAN_POINT('Ctrl Pts',(21.7298716222959,-55.7853421436314,0.02));
#8618=CARTESIAN_POINT('Ctrl Pts',(21.7878580838442,-55.6874142885208,0.02));
#8619=CARTESIAN_POINT('',(21.3632334023714,-56.1802517175675,0.));
#8620=CARTESIAN_POINT('Ctrl Pts',(20.8396995812654,-56.4172916412354,0.));
#8621=CARTESIAN_POINT('Ctrl Pts',(20.8396995812654,-56.4172916412354,0.02));
#8622=CARTESIAN_POINT('Ctrl Pts',(20.9294700858768,-56.3918984914027,0.));
#8623=CARTESIAN_POINT('Ctrl Pts',(20.9294700858768,-56.3918984914027,0.02));
#8624=CARTESIAN_POINT('Ctrl Pts',(21.1157806339999,-56.3391973098244,0.));
#8625=CARTESIAN_POINT('Ctrl Pts',(21.1157806339999,-56.3391973098244,0.02));
#8626=CARTESIAN_POINT('Ctrl Pts',(21.2787750284729,-56.2345016107842,0.));
#8627=CARTESIAN_POINT('Ctrl Pts',(21.2787750284729,-56.2345016107842,0.02));
#8628=CARTESIAN_POINT('Ctrl Pts',(21.3632334023714,-56.1802517175675,0.));
#8629=CARTESIAN_POINT('Ctrl Pts',(21.3632334023714,-56.1802517175675,0.02));
#8630=CARTESIAN_POINT('',(20.8396995812654,-56.4172916412354,0.));
#8631=CARTESIAN_POINT('Ctrl Pts',(21.3632334023714,-56.1802517175675,0.));
#8632=CARTESIAN_POINT('Ctrl Pts',(21.2787750284729,-56.2345016107842,0.));
#8633=CARTESIAN_POINT('Ctrl Pts',(21.1157806339999,-56.3391973098244,0.));
#8634=CARTESIAN_POINT('Ctrl Pts',(20.9294700858768,-56.3918984914027,0.));
#8635=CARTESIAN_POINT('Ctrl Pts',(20.8396995812654,-56.4172916412354,0.));
#8636=CARTESIAN_POINT('',(20.8396995812654,-56.4172916412354,0.02));
#8637=CARTESIAN_POINT('Ctrl Pts',(20.8396995812654,-56.4172916412354,0.02));
#8638=CARTESIAN_POINT('Ctrl Pts',(20.9294700858768,-56.3918984914027,0.02));
#8639=CARTESIAN_POINT('Ctrl Pts',(21.1157806339999,-56.3391973098244,0.02));
#8640=CARTESIAN_POINT('Ctrl Pts',(21.2787750284729,-56.2345016107842,0.02));
#8641=CARTESIAN_POINT('Ctrl Pts',(21.3632334023714,-56.1802517175675,0.02));
#8642=CARTESIAN_POINT('',(20.8396995812654,-56.4172916412354,0.));
#8643=CARTESIAN_POINT('Ctrl Pts',(19.7926331311464,-56.4889149665833,0.));
#8644=CARTESIAN_POINT('Ctrl Pts',(19.7926331311464,-56.4889149665833,0.02));
#8645=CARTESIAN_POINT('Ctrl Pts',(19.9945427293746,-56.488221000257,0.));
#8646=CARTESIAN_POINT('Ctrl Pts',(19.9945427293746,-56.488221000257,0.02));
#8647=CARTESIAN_POINT('Ctrl Pts',(20.3452728837197,-56.4870155354409,0.));
#8648=CARTESIAN_POINT('Ctrl Pts',(20.3452728837197,-56.4870155354409,0.02));
#8649=CARTESIAN_POINT('Ctrl Pts',(20.6924055137227,-56.4380630033674,0.));
#8650=CARTESIAN_POINT('Ctrl Pts',(20.6924055137227,-56.4380630033674,0.02));
#8651=CARTESIAN_POINT('Ctrl Pts',(20.8396995812654,-56.4172916412354,0.));
#8652=CARTESIAN_POINT('Ctrl Pts',(20.8396995812654,-56.4172916412354,0.02));
#8653=CARTESIAN_POINT('',(19.7926331311464,-56.4889149665833,0.));
#8654=CARTESIAN_POINT('Ctrl Pts',(20.8396995812654,-56.4172916412354,0.));
#8655=CARTESIAN_POINT('Ctrl Pts',(20.6924055137227,-56.4380630033674,0.));
#8656=CARTESIAN_POINT('Ctrl Pts',(20.3452728837197,-56.4870155354409,0.));
#8657=CARTESIAN_POINT('Ctrl Pts',(19.9945427293746,-56.488221000257,0.));
#8658=CARTESIAN_POINT('Ctrl Pts',(19.7926331311464,-56.4889149665833,0.));
#8659=CARTESIAN_POINT('',(19.7926331311464,-56.4889149665833,0.02));
#8660=CARTESIAN_POINT('Ctrl Pts',(19.7926331311464,-56.4889149665833,0.02));
#8661=CARTESIAN_POINT('Ctrl Pts',(19.9945427293746,-56.488221000257,0.02));
#8662=CARTESIAN_POINT('Ctrl Pts',(20.3452728837197,-56.4870155354409,0.02));
#8663=CARTESIAN_POINT('Ctrl Pts',(20.6924055137227,-56.4380630033674,0.02));
#8664=CARTESIAN_POINT('Ctrl Pts',(20.8396995812654,-56.4172916412354,0.02));
#8665=CARTESIAN_POINT('',(19.7926331311464,-56.4889149665833,0.));
#8666=CARTESIAN_POINT('Origin',(19.134379401803,-56.4889149665833,0.));
#8667=CARTESIAN_POINT('',(19.134379401803,-56.4889149665833,0.));
#8668=CARTESIAN_POINT('',(19.7926331311464,-56.4889149665833,0.));
#8669=CARTESIAN_POINT('',(19.134379401803,-56.4889149665833,0.02));
#8670=CARTESIAN_POINT('',(19.7926331311464,-56.4889149665833,0.02));
#8671=CARTESIAN_POINT('',(19.134379401803,-56.4889149665833,0.));
#8672=CARTESIAN_POINT('Origin',(19.134379401803,-58.3749996423721,0.));
#8673=CARTESIAN_POINT('',(19.134379401803,-58.3749996423721,0.));
#8674=CARTESIAN_POINT('',(19.134379401803,-56.4889149665833,0.));
#8675=CARTESIAN_POINT('',(19.134379401803,-58.3749996423721,0.02));
#8676=CARTESIAN_POINT('',(19.134379401803,-56.4889149665833,0.02));
#8677=CARTESIAN_POINT('',(19.134379401803,-58.3749996423721,0.));
#8678=CARTESIAN_POINT('Origin',(18.1248296052217,-58.3749996423721,0.));
#8679=CARTESIAN_POINT('',(19.134379401803,-58.3749996423721,0.));
#8680=CARTESIAN_POINT('',(19.134379401803,-58.3749996423721,0.02));
#8681=CARTESIAN_POINT('Origin',(26.0000003129244,-55.8725010145067,0.02));
#8682=CARTESIAN_POINT('Origin',(26.0000003129244,-55.8725010145067,0.));
#8683=CARTESIAN_POINT('Origin',(56.1678038015962,-54.2208384275437,0.));
#8684=CARTESIAN_POINT('',(56.1678038015962,-58.3749996423721,0.));
#8685=CARTESIAN_POINT('',(56.1678038015962,-54.2208384275437,0.));
#8686=CARTESIAN_POINT('',(56.1678038015962,-58.3749996423721,0.));
#8687=CARTESIAN_POINT('',(56.1678038015962,-58.3749996423721,0.02));
#8688=CARTESIAN_POINT('',(56.1678038015962,-58.3749996423721,0.));
#8689=CARTESIAN_POINT('',(56.1678038015962,-54.2208384275437,0.02));
#8690=CARTESIAN_POINT('',(56.1678038015962,-58.3749996423721,0.02));
#8691=CARTESIAN_POINT('',(56.1678038015962,-54.2208384275437,0.));
#8692=CARTESIAN_POINT('Origin',(54.6841750517488,-54.2208384275437,0.));
#8693=CARTESIAN_POINT('',(54.6841750517488,-54.2208384275437,0.));
#8694=CARTESIAN_POINT('',(56.1678038015962,-54.2208384275437,0.));
#8695=CARTESIAN_POINT('',(54.6841750517488,-54.2208384275437,0.02));
#8696=CARTESIAN_POINT('',(56.1678038015962,-54.2208384275437,0.02));
#8697=CARTESIAN_POINT('',(54.6841750517488,-54.2208384275437,0.));
#8698=CARTESIAN_POINT('Origin',(54.6841750517488,-53.3749996423721,0.));
#8699=CARTESIAN_POINT('',(54.6841750517488,-53.3749996423721,0.));
#8700=CARTESIAN_POINT('',(54.6841750517488,-54.2208384275437,0.));
#8701=CARTESIAN_POINT('',(54.6841750517488,-53.3749996423721,0.02));
#8702=CARTESIAN_POINT('',(54.6841750517488,-54.2208384275437,0.02));
#8703=CARTESIAN_POINT('',(54.6841750517488,-53.3749996423721,0.));
#8704=CARTESIAN_POINT('Origin',(58.657572068274,-53.3749996423721,0.));
#8705=CARTESIAN_POINT('',(58.657572068274,-53.3749996423721,0.));
#8706=CARTESIAN_POINT('',(54.6841750517488,-53.3749996423721,0.));
#8707=CARTESIAN_POINT('',(58.657572068274,-53.3749996423721,0.02));
#8708=CARTESIAN_POINT('',(54.6841750517488,-53.3749996423721,0.02));
#8709=CARTESIAN_POINT('',(58.657572068274,-53.3749996423721,0.));
#8710=CARTESIAN_POINT('Origin',(58.657572068274,-54.2208384275437,0.));
#8711=CARTESIAN_POINT('',(58.657572068274,-54.2208384275437,0.));
#8712=CARTESIAN_POINT('',(58.657572068274,-53.3749996423721,0.));
#8713=CARTESIAN_POINT('',(58.657572068274,-54.2208384275437,0.02));
#8714=CARTESIAN_POINT('',(58.657572068274,-53.3749996423721,0.02));
#8715=CARTESIAN_POINT('',(58.657572068274,-54.2208384275437,0.));
#8716=CARTESIAN_POINT('Origin',(57.1773538962007,-54.2208384275437,0.));
#8717=CARTESIAN_POINT('',(57.1773538962007,-54.2208384275437,0.));
#8718=CARTESIAN_POINT('',(58.657572068274,-54.2208384275437,0.));
#8719=CARTESIAN_POINT('',(57.1773538962007,-54.2208384275437,0.02));
#8720=CARTESIAN_POINT('',(58.657572068274,-54.2208384275437,0.02));
#8721=CARTESIAN_POINT('',(57.1773538962007,-54.2208384275437,0.));
#8722=CARTESIAN_POINT('Origin',(57.1773538962007,-58.3749996423721,0.));
#8723=CARTESIAN_POINT('',(57.1773538962007,-58.3749996423721,0.));
#8724=CARTESIAN_POINT('',(57.1773538962007,-54.2208384275437,0.));
#8725=CARTESIAN_POINT('',(57.1773538962007,-58.3749996423721,0.02));
#8726=CARTESIAN_POINT('',(57.1773538962007,-54.2208384275437,0.02));
#8727=CARTESIAN_POINT('',(57.1773538962007,-58.3749996423721,0.));
#8728=CARTESIAN_POINT('Origin',(56.1678038015962,-58.3749996423721,0.));
#8729=CARTESIAN_POINT('',(57.1773538962007,-58.3749996423721,0.));
#8730=CARTESIAN_POINT('',(57.1773538962007,-58.3749996423721,0.02));
#8731=CARTESIAN_POINT('Origin',(52.0000002756715,-55.8767049312592,0.02));
#8732=CARTESIAN_POINT('Origin',(52.0000002756715,-55.8767049312592,0.));
#8733=CARTESIAN_POINT('Origin',(31.5043109856758,14.4956890143242,0.));
#8734=CARTESIAN_POINT('',(28.5043109856758,14.4956890143242,0.02));
#8735=CARTESIAN_POINT('Origin',(31.5043109856758,14.4956890143242,0.02));
#8736=CARTESIAN_POINT('',(28.5043109856758,14.4956890143242,0.));
#8737=CARTESIAN_POINT('',(28.5043109856758,14.4956890143242,0.));
#8738=CARTESIAN_POINT('Origin',(31.5043109856758,14.4956890143242,0.));
#8739=CARTESIAN_POINT('Origin',(31.5043109856758,14.4956890143242,0.02));
#8740=CARTESIAN_POINT('Origin',(31.5043109856758,14.4956890143242,0.));
#8741=CARTESIAN_POINT('Origin',(31.5043109856758,-14.4956890143242,0.));
#8742=CARTESIAN_POINT('',(30.0900974233027,-15.9099025766973,0.));
#8743=CARTESIAN_POINT('',(32.9185245480489,-15.9099025766973,0.));
#8744=CARTESIAN_POINT('Origin',(31.5043109856758,-14.4956890143242,0.));
#8745=CARTESIAN_POINT('',(32.9185245480489,-15.9099025766973,0.02));
#8746=CARTESIAN_POINT('',(32.9185245480489,-15.9099025766973,0.));
#8747=CARTESIAN_POINT('',(30.0900974233027,-15.9099025766973,0.02));
#8748=CARTESIAN_POINT('Origin',(31.5043109856758,-14.4956890143242,0.02));
#8749=CARTESIAN_POINT('',(30.0900974233027,-15.9099025766973,0.));
#8750=CARTESIAN_POINT('Origin',(31.5043109856758,-14.4956890143242,0.));
#8751=CARTESIAN_POINT('',(31.5043109856758,-14.4956890143242,0.));
#8752=CARTESIAN_POINT('',(31.5043109856758,-14.4956890143242,0.));
#8753=CARTESIAN_POINT('',(31.5043109856758,-14.4956890143242,0.02));
#8754=CARTESIAN_POINT('',(31.5043109856758,-14.4956890143242,0.02));
#8755=CARTESIAN_POINT('',(31.5043109856758,-14.4956890143242,0.));
#8756=CARTESIAN_POINT('Origin',(32.9185245480489,-15.9099025766973,0.));
#8757=CARTESIAN_POINT('',(31.5043109856758,-14.4956890143242,0.));
#8758=CARTESIAN_POINT('',(31.5043109856758,-14.4956890143242,0.02));
#8759=CARTESIAN_POINT('Origin',(31.5043109856758,-14.4956890143242,0.));
#8760=CARTESIAN_POINT('',(28.5043109856758,-14.4956890143242,0.02));
#8761=CARTESIAN_POINT('Origin',(31.5043109856758,-14.4956890143242,0.02));
#8762=CARTESIAN_POINT('',(28.5043109856758,-14.4956890143242,0.));
#8763=CARTESIAN_POINT('',(28.5043109856758,-14.4956890143242,0.));
#8764=CARTESIAN_POINT('Origin',(31.5043109856758,-14.4956890143242,0.));
#8765=CARTESIAN_POINT('Origin',(31.5043109856758,-14.4956890143242,0.02));
#8766=CARTESIAN_POINT('Origin',(31.5043109856758,-14.4956890143242,0.));
#8767=CARTESIAN_POINT('Origin',(26.1985205610741,5.30579042460168,0.));
#8768=CARTESIAN_POINT('',(26.1985205610741,5.30579042460168,0.));
#8769=CARTESIAN_POINT('',(24.784306998701,6.72000398697478,0.));
#8770=CARTESIAN_POINT('',(26.1985205610741,5.30579042460168,0.));
#8771=CARTESIAN_POINT('',(24.784306998701,6.72000398697478,0.02));
#8772=CARTESIAN_POINT('',(24.784306998701,6.72000398697478,0.));
#8773=CARTESIAN_POINT('',(26.1985205610741,5.30579042460168,0.02));
#8774=CARTESIAN_POINT('',(26.1985205610741,5.30579042460168,0.02));
#8775=CARTESIAN_POINT('',(26.1985205610741,5.30579042460168,0.));
#8776=CARTESIAN_POINT('Origin',(27.6127341234472,6.72000398697477,0.));
#8777=CARTESIAN_POINT('',(27.6127341234472,6.72000398697477,0.));
#8778=CARTESIAN_POINT('',(26.1985205610741,5.30579042460167,0.));
#8779=CARTESIAN_POINT('',(27.6127341234472,6.72000398697477,0.02));
#8780=CARTESIAN_POINT('',(26.1985205610741,5.30579042460167,0.02));
#8781=CARTESIAN_POINT('',(27.6127341234472,6.72000398697477,0.));
#8782=CARTESIAN_POINT('Origin',(26.1985205610741,5.30579042460167,0.));
#8783=CARTESIAN_POINT('Origin',(26.1985205610741,5.30579042460167,0.));
#8784=CARTESIAN_POINT('Origin',(26.1985205610741,5.30579042460167,0.02));
#8785=CARTESIAN_POINT('Origin',(26.1985205610741,5.30579042460167,0.));
#8786=CARTESIAN_POINT('',(23.1985205610741,5.30579042460167,0.02));
#8787=CARTESIAN_POINT('Origin',(26.1985205610741,5.30579042460167,0.02));
#8788=CARTESIAN_POINT('',(23.1985205610741,5.30579042460167,0.));
#8789=CARTESIAN_POINT('',(23.1985205610741,5.30579042460167,0.));
#8790=CARTESIAN_POINT('Origin',(26.1985205610741,5.30579042460167,0.));
#8791=CARTESIAN_POINT('Origin',(26.1985205610741,5.30579042460167,0.02));
#8792=CARTESIAN_POINT('Origin',(26.1985205610741,5.30579042460167,0.));
#8793=CARTESIAN_POINT('Origin',(68.,16.,0.));
#8794=CARTESIAN_POINT('',(72.,16.,-3.));
#8795=CARTESIAN_POINT('',(68.,20.,-3.));
#8796=CARTESIAN_POINT('Origin',(68.,16.,-3.));
#8797=CARTESIAN_POINT('',(68.,20.,0.));
#8798=CARTESIAN_POINT('',(68.,20.,0.));
#8799=CARTESIAN_POINT('',(72.,16.,0.));
#8800=CARTESIAN_POINT('Origin',(68.,16.,0.));
#8801=CARTESIAN_POINT('',(72.,16.,0.));
#8802=CARTESIAN_POINT('Origin',(72.,20.,0.));
#8803=CARTESIAN_POINT('',(72.,-73.,0.));
#8804=CARTESIAN_POINT('',(72.,20.,0.));
#8805=CARTESIAN_POINT('',(72.,-73.,-3.));
#8806=CARTESIAN_POINT('',(72.,-73.,0.));
#8807=CARTESIAN_POINT('',(72.,20.,-3.));
#8808=CARTESIAN_POINT('Origin',(26.,-28.5,0.));
#8809=CARTESIAN_POINT('',(-16.,20.,0.));
#8810=CARTESIAN_POINT('',(-20.,20.,0.));
#8811=CARTESIAN_POINT('',(-20.,16.,0.));
#8812=CARTESIAN_POINT('Origin',(-16.,16.,0.));
#8813=CARTESIAN_POINT('',(-20.,-73.,0.));
#8814=CARTESIAN_POINT('',(-20.,-77.,0.));
#8815=CARTESIAN_POINT('',(-16.,-77.,0.));
#8816=CARTESIAN_POINT('Origin',(-16.,-73.,0.));
#8817=CARTESIAN_POINT('',(68.,-77.,0.));
#8818=CARTESIAN_POINT('',(72.,-77.,0.));
#8819=CARTESIAN_POINT('Origin',(68.,-73.,0.));
#8820=CARTESIAN_POINT('',(64.85,16.,0.));
#8821=CARTESIAN_POINT('Origin',(68.,16.,0.));
#8822=CARTESIAN_POINT('',(-19.15,-73.,3.46944695195361E-15));
#8823=CARTESIAN_POINT('Origin',(-16.,-73.,0.));
#8824=CARTESIAN_POINT('',(-19.15,16.,0.));
#8825=CARTESIAN_POINT('Origin',(-16.,16.,0.));
#8826=CARTESIAN_POINT('',(64.85,-73.,3.46944695195361E-15));
#8827=CARTESIAN_POINT('Origin',(68.,-73.,0.));
#8828=CARTESIAN_POINT('',(20.,-36.75,0.));
#8829=CARTESIAN_POINT('Origin',(26.,-36.75,0.));
#8830=CARTESIAN_POINT('',(21.875,-67.25,0.));
#8831=CARTESIAN_POINT('Origin',(26.,-67.25,0.));
#8832=CARTESIAN_POINT('',(-4.125,-67.25,0.));
#8833=CARTESIAN_POINT('Origin',(0.,-67.25,0.));
#8834=CARTESIAN_POINT('',(-6.,-36.75,0.));
#8835=CARTESIAN_POINT('Origin',(-1.2490009027033E-15,-36.75,0.));
#8836=CARTESIAN_POINT('',(47.875,-67.25,0.));
#8837=CARTESIAN_POINT('Origin',(52.,-67.25,0.));
#8838=CARTESIAN_POINT('',(-3.5,-4.28626379701574E-16,0.));
#8839=CARTESIAN_POINT('Origin',(0.,0.,0.));
#8840=CARTESIAN_POINT('',(46.,-36.75,0.));
#8841=CARTESIAN_POINT('Origin',(52.,-36.75,0.));
#8842=CARTESIAN_POINT('',(42.5,-4.28626379701573E-16,0.));
#8843=CARTESIAN_POINT('Origin',(46.,0.,0.));
#8844=CARTESIAN_POINT('Origin',(68.,-73.,0.));
#8845=CARTESIAN_POINT('',(68.,-77.,-3.));
#8846=CARTESIAN_POINT('Origin',(68.,-73.,-3.));
#8847=CARTESIAN_POINT('',(68.,-77.,0.));
#8848=CARTESIAN_POINT('Origin',(72.,-77.,0.));
#8849=CARTESIAN_POINT('',(-16.,-77.,-3.));
#8850=CARTESIAN_POINT('',(-16.,-77.,0.));
#8851=CARTESIAN_POINT('',(72.,-77.,-3.));
#8852=CARTESIAN_POINT('Origin',(-16.,16.,0.));
#8853=CARTESIAN_POINT('',(-16.,20.,-3.));
#8854=CARTESIAN_POINT('',(-20.,16.,-3.));
#8855=CARTESIAN_POINT('Origin',(-16.,16.,-3.));
#8856=CARTESIAN_POINT('',(-20.,16.,0.));
#8857=CARTESIAN_POINT('',(-16.,20.,0.));
#8858=CARTESIAN_POINT('Origin',(-20.,20.,0.));
#8859=CARTESIAN_POINT('',(-20.,20.,-3.));
#8860=CARTESIAN_POINT('Origin',(-16.,-73.,0.));
#8861=CARTESIAN_POINT('',(-20.,-73.,-3.));
#8862=CARTESIAN_POINT('Origin',(-16.,-73.,-3.));
#8863=CARTESIAN_POINT('',(-20.,-73.,0.));
#8864=CARTESIAN_POINT('Origin',(68.,16.,-0.725));
#8865=CARTESIAN_POINT('',(66.3,16.,-1.45));
#8866=CARTESIAN_POINT('',(65.575,16.,-0.725));
#8867=CARTESIAN_POINT('Origin',(68.,16.,-1.45));
#8868=CARTESIAN_POINT('Origin',(68.,16.,-15.));
#8869=CARTESIAN_POINT('',(66.3,16.,-3.));
#8870=CARTESIAN_POINT('',(66.3,16.,-15.));
#8871=CARTESIAN_POINT('Origin',(68.,16.,-3.));
#8872=CARTESIAN_POINT('Origin',(-16.,-73.,-0.725));
#8873=CARTESIAN_POINT('',(-17.7,-73.,-1.45));
#8874=CARTESIAN_POINT('',(-18.425,-73.,-0.725));
#8875=CARTESIAN_POINT('Origin',(-16.,-73.,-1.45));
#8876=CARTESIAN_POINT('Origin',(-16.,-73.,-15.));
#8877=CARTESIAN_POINT('',(-17.7,-73.,-3.));
#8878=CARTESIAN_POINT('',(-17.7,-73.,-15.));
#8879=CARTESIAN_POINT('Origin',(-16.,-73.,-3.));
#8880=CARTESIAN_POINT('Origin',(-16.,16.,-0.725));
#8881=CARTESIAN_POINT('',(-17.7,16.,-1.45));
#8882=CARTESIAN_POINT('',(-18.425,16.,-0.725));
#8883=CARTESIAN_POINT('Origin',(-16.,16.,-1.45));
#8884=CARTESIAN_POINT('Origin',(-16.,16.,-15.));
#8885=CARTESIAN_POINT('',(-17.7,16.,-3.));
#8886=CARTESIAN_POINT('',(-17.7,16.,-15.));
#8887=CARTESIAN_POINT('Origin',(-16.,16.,-3.));
#8888=CARTESIAN_POINT('Origin',(68.,-73.,-0.725));
#8889=CARTESIAN_POINT('',(66.3,-73.,-1.45));
#8890=CARTESIAN_POINT('',(65.575,-73.,-0.725));
#8891=CARTESIAN_POINT('Origin',(68.,-73.,-1.45));
#8892=CARTESIAN_POINT('Origin',(68.,-73.,-15.));
#8893=CARTESIAN_POINT('',(66.3,-73.,-3.));
#8894=CARTESIAN_POINT('',(66.3,-73.,-15.));
#8895=CARTESIAN_POINT('Origin',(68.,-73.,-3.));
#8896=CARTESIAN_POINT('Origin',(46.,0.,0.));
#8897=CARTESIAN_POINT('',(42.5,0.,-3.));
#8898=CARTESIAN_POINT('Origin',(46.,0.,-3.));
#8899=CARTESIAN_POINT('',(42.5,4.28626379701573E-16,0.));
#8900=CARTESIAN_POINT('Origin',(52.,-36.75,0.));
#8901=CARTESIAN_POINT('',(46.,-36.75,-3.));
#8902=CARTESIAN_POINT('Origin',(52.,-36.75,-3.));
#8903=CARTESIAN_POINT('',(46.,-36.75,0.));
#8904=CARTESIAN_POINT('Origin',(0.,0.,0.));
#8905=CARTESIAN_POINT('',(-3.5,0.,-3.));
#8906=CARTESIAN_POINT('Origin',(0.,0.,-3.));
#8907=CARTESIAN_POINT('',(-3.5,4.28626379701574E-16,0.));
#8908=CARTESIAN_POINT('Origin',(52.,-67.25,0.));
#8909=CARTESIAN_POINT('',(47.875,-67.25,-3.));
#8910=CARTESIAN_POINT('Origin',(52.,-67.25,-3.));
#8911=CARTESIAN_POINT('',(47.875,-67.25,0.));
#8912=CARTESIAN_POINT('Origin',(-1.2490009027033E-15,-36.75,0.));
#8913=CARTESIAN_POINT('',(-6.,-36.75,-3.));
#8914=CARTESIAN_POINT('Origin',(-1.2490009027033E-15,-36.75,-3.));
#8915=CARTESIAN_POINT('',(-6.,-36.75,0.));
#8916=CARTESIAN_POINT('Origin',(0.,-67.25,0.));
#8917=CARTESIAN_POINT('',(-4.125,-67.25,-3.));
#8918=CARTESIAN_POINT('Origin',(0.,-67.25,-3.));
#8919=CARTESIAN_POINT('',(-4.125,-67.25,0.));
#8920=CARTESIAN_POINT('Origin',(26.,-67.25,0.));
#8921=CARTESIAN_POINT('',(21.875,-67.25,-3.));
#8922=CARTESIAN_POINT('Origin',(26.,-67.25,-3.));
#8923=CARTESIAN_POINT('',(21.875,-67.25,0.));
#8924=CARTESIAN_POINT('Origin',(26.,-36.75,0.));
#8925=CARTESIAN_POINT('',(20.,-36.75,-3.));
#8926=CARTESIAN_POINT('Origin',(26.,-36.75,-3.));
#8927=CARTESIAN_POINT('',(20.,-36.75,0.));
#8928=CARTESIAN_POINT('Origin',(-20.,-77.,0.));
#8929=CARTESIAN_POINT('',(-20.,-77.,-3.));
#8930=CARTESIAN_POINT('Origin',(26.,-28.5,-3.));
#8931=CARTESIAN_POINT('',(0.,0.,0.));
#8932=CARTESIAN_POINT('Origin',(0.,0.,0.));
#8933=UNCERTAINTY_MEASURE_WITH_UNIT(LENGTH_MEASURE(0.01),#8939,
'DISTANCE_ACCURACY_VALUE',
'Maximum model space distance between geometric entities at asserted c
onnectivities');
#8934=UNCERTAINTY_MEASURE_WITH_UNIT(LENGTH_MEASURE(0.01),#8939,
'DISTANCE_ACCURACY_VALUE',
'Maximum model space distance between geometric entities at asserted c
onnectivities');
#8935=UNCERTAINTY_MEASURE_WITH_UNIT(LENGTH_MEASURE(0.01),#8939,
'DISTANCE_ACCURACY_VALUE',
'Maximum model space distance between geometric entities at asserted c
onnectivities');
#8936=(
GEOMETRIC_REPRESENTATION_CONTEXT(3)
GLOBAL_UNCERTAINTY_ASSIGNED_CONTEXT((#8933))
GLOBAL_UNIT_ASSIGNED_CONTEXT((#8939,#8941,#8942))
REPRESENTATION_CONTEXT('','3D')
);
#8937=(
GEOMETRIC_REPRESENTATION_CONTEXT(3)
GLOBAL_UNCERTAINTY_ASSIGNED_CONTEXT((#8934))
GLOBAL_UNIT_ASSIGNED_CONTEXT((#8939,#8941,#8942))
REPRESENTATION_CONTEXT('','3D')
);
#8938=(
GEOMETRIC_REPRESENTATION_CONTEXT(3)
GLOBAL_UNCERTAINTY_ASSIGNED_CONTEXT((#8935))
GLOBAL_UNIT_ASSIGNED_CONTEXT((#8939,#8941,#8942))
REPRESENTATION_CONTEXT('','3D')
);
#8939=(
LENGTH_UNIT()
NAMED_UNIT(*)
SI_UNIT(.MILLI.,.METRE.)
);
#8940=(
LENGTH_UNIT()
NAMED_UNIT(*)
SI_UNIT($,.METRE.)
);
#8941=(
NAMED_UNIT(*)
PLANE_ANGLE_UNIT()
SI_UNIT($,.RADIAN.)
);
#8942=(
NAMED_UNIT(*)
SI_UNIT($,.STERADIAN.)
SOLID_ANGLE_UNIT()
);
#8943=SHAPE_DEFINITION_REPRESENTATION(#8945,#8948);
#8944=SHAPE_DEFINITION_REPRESENTATION(#8946,#8949);
#8945=PRODUCT_DEFINITION_SHAPE('',$,#8951);
#8946=PRODUCT_DEFINITION_SHAPE('',$,#8952);
#8947=PRODUCT_DEFINITION_SHAPE($,$,#17);
#8948=SHAPE_REPRESENTATION('',(#4857,#5090),#8936);
#8949=SHAPE_REPRESENTATION('',(#4858),#8937);
#8950=PRODUCT_DEFINITION_CONTEXT('part definition',#8958,'design');
#8951=PRODUCT_DEFINITION('F-Plate','F-Plate v4',#8953,#8950);
#8952=PRODUCT_DEFINITION('Labels','Labels',#8954,#8950);
#8953=PRODUCT_DEFINITION_FORMATION('',$,#8960);
#8954=PRODUCT_DEFINITION_FORMATION('',$,#8961);
#8955=PRODUCT_RELATED_PRODUCT_CATEGORY('F-Plate v4','F-Plate v4',(#8960));
#8956=PRODUCT_RELATED_PRODUCT_CATEGORY('Labels','Labels',(#8961));
#8957=APPLICATION_PROTOCOL_DEFINITION('international standard',
'automotive_design',2009,#8958);
#8958=APPLICATION_CONTEXT(
'Core Data for Automotive Mechanical Design Process');
#8959=PRODUCT_CONTEXT('part definition',#8958,'mechanical');
#8960=PRODUCT('F-Plate','F-Plate v4',$,(#8959));
#8961=PRODUCT('Labels','Labels',$,(#8959));
#8962=PRESENTATION_STYLE_ASSIGNMENT((#8966));
#8963=PRESENTATION_STYLE_ASSIGNMENT((#8967));
#8964=PRESENTATION_STYLE_ASSIGNMENT((#8968));
#8965=PRESENTATION_STYLE_ASSIGNMENT((NULL_STYLE(.NULL.)));
#8966=SURFACE_STYLE_USAGE(.BOTH.,#8969);
#8967=SURFACE_STYLE_USAGE(.BOTH.,#8970);
#8968=SURFACE_STYLE_USAGE(.BOTH.,#8971);
#8969=SURFACE_SIDE_STYLE('',(#8972));
#8970=SURFACE_SIDE_STYLE('',(#8973));
#8971=SURFACE_SIDE_STYLE('',(#8974));
#8972=SURFACE_STYLE_FILL_AREA(#8975);
#8973=SURFACE_STYLE_FILL_AREA(#8976);
#8974=SURFACE_STYLE_FILL_AREA(#8977);
#8975=FILL_AREA_STYLE('Steel - Satin',(#8978));
#8976=FILL_AREA_STYLE('Plastic - Glossy (White)',(#8979));
#8977=FILL_AREA_STYLE('Plastic - Matte (Grey)',(#8980));
#8978=FILL_AREA_STYLE_COLOUR('Steel - Satin',#8981);
#8979=FILL_AREA_STYLE_COLOUR('Plastic - Glossy (White)',#8982);
#8980=FILL_AREA_STYLE_COLOUR('Plastic - Matte (Grey)',#8983);
#8981=COLOUR_RGB('Steel - Satin',0.627450980392157,0.627450980392157,0.627450980392157);
#8982=COLOUR_RGB('Plastic - Glossy (White)',1.,1.,1.);
#8983=COLOUR_RGB('Plastic - Matte (Grey)',0.47843137254902,0.474509803921569,
0.474509803921569);
ENDSEC;
END-ISO-10303-21;
