ISO-10303-21;
HEADER;
/* Generated by software containing ST-Developer
 * from STEP Tools, Inc. (www.steptools.com) 
 */

FILE_DESCRIPTION(
/* description */ (''),
/* implementation_level */ '2;1');

FILE_NAME(
/* name */ 
'C:/Users/anton/Documents/Kerbal Space Program/Kerbal_Control_Panel/KC
P2/CAD/STEPs/GaugeTower_FrontPlate_v16_FlatPattern.step',
/* time_stamp */ '2020-11-12T08:32:23-08:00',
/* author */ (''),
/* organization */ (''),
/* preprocessor_version */ 'ST-DEVELOPER v18.1',
/* originating_system */ 'Autodesk Translation Framework v9.3.0.1241',
/* authorisation */ '');

FILE_SCHEMA (('AUTOMOTIVE_DESIGN { 1 0 10303 214 3 1 1 }'));
ENDSEC;

DATA;
#10=MECHANICAL_DESIGN_GEOMETRIC_PRESENTATION_REPRESENTATION('',(#2389,#2390,
#2391,#2392,#2393,#2394,#2395,#2396,#2397,#2398,#2399,#2400,#2401,#2402,
#2403,#2404,#2405,#2406,#2407,#2408,#2409,#2410,#2411,#2412,#2413,#2414,
#2415,#2416,#2417,#2418,#2419,#2420,#2421,#2422,#2423,#2424,#2425,#2426,
#2427,#2428,#2429,#2430,#2431,#2432),#4637);
#11=SHAPE_REPRESENTATION_RELATIONSHIP('SRR','None',#4644,#12);
#12=ADVANCED_BREP_SHAPE_REPRESENTATION('',(#34,#35),#4636);
#13=B_SPLINE_CURVE_WITH_KNOTS('',3,(#4143,#4144,#4145,#4146,#4147,#4148,
#4149),.UNSPECIFIED.,.F.,.F.,(4,3,4),(1.21034105681104,1.90765129082368,
1.93102223995174),.UNSPECIFIED.);
#14=B_SPLINE_CURVE_WITH_KNOTS('',3,(#4153,#4154,#4155,#4156,#4157,#4158,
#4159),.UNSPECIFIED.,.F.,.F.,(4,3,4),(-1.93102223995174,-1.90765129082368,
-1.21034105681104),.UNSPECIFIED.);
#15=B_SPLINE_CURVE_WITH_KNOTS('',3,(#4229,#4230,#4231,#4232,#4233,#4234,
#4235,#4236,#4237,#4238,#4239,#4240,#4241,#4242,#4243,#4244,#4245,#4246,
#4247),.UNSPECIFIED.,.F.,.F.,(4,3,3,3,3,3,4),(-4.27219247518208,-3.87072207236365,
-3.38611655217687,-3.14159265358979,-2.9036392044473,-2.55473626583403,
-2.01058028115409),.UNSPECIFIED.);
#16=B_SPLINE_CURVE_WITH_KNOTS('',3,(#4248,#4249,#4250,#4251,#4252,#4253,
#4254,#4255,#4256,#4257,#4258,#4259,#4260,#4261,#4262,#4263,#4264,#4265,
#4266),.UNSPECIFIED.,.F.,.F.,(4,3,3,3,3,3,4),(2.01058028115409,2.55473626583403,
2.9036392044473,3.14159265358979,3.38611655217687,3.87072207236365,4.27219247518208),
 .UNSPECIFIED.);
#17=B_SPLINE_CURVE_WITH_KNOTS('',3,(#4320,#4321,#4322,#4323,#4324,#4325,
#4326,#4327,#4328,#4329,#4330,#4331,#4332,#4333,#4334,#4335,#4336,#4337,
#4338,#4339,#4340,#4341),.UNSPECIFIED.,.F.,.F.,(4,3,3,3,3,3,3,4),(-1.13102478228108,
-1.10957948328472,-0.444214639032293,-0.107095029261846,0.12217472855633,
0.444277768064981,0.95654497115852,1.13087191424705),.UNSPECIFIED.);
#18=B_SPLINE_CURVE_WITH_KNOTS('',3,(#4342,#4343,#4344,#4345,#4346,#4347,
#4348,#4349,#4350,#4351,#4352,#4353,#4354,#4355,#4356,#4357,#4358,#4359,
#4360,#4361,#4362,#4363),.UNSPECIFIED.,.F.,.F.,(4,3,3,3,3,3,3,4),(-1.13087191424705,
-0.95654497115852,-0.444277768064981,-0.12217472855633,0.107095029261846,
0.444214639032293,1.10957948328472,1.13102478228108),.UNSPECIFIED.);
#19=B_SPLINE_CURVE_WITH_KNOTS('',3,(#4406,#4407,#4408,#4409),
 .UNSPECIFIED.,.F.,.F.,(4,4),(-1.96008764135706,-1.18147437863158),
 .UNSPECIFIED.);
#20=B_SPLINE_CURVE_WITH_KNOTS('',3,(#4411,#4412,#4413,#4414),
 .UNSPECIFIED.,.F.,.F.,(4,4),(1.18147437863158,1.96008764135706),
 .UNSPECIFIED.);
#21=B_SPLINE_CURVE_WITH_KNOTS('',3,(#4471,#4472,#4473,#4474,#4475,#4476,
#4477,#4478,#4479,#4480,#4481,#4482,#4483,#4484,#4485,#4486,#4487,#4488,
#4489,#4490,#4491,#4492),.UNSPECIFIED.,.F.,.F.,(4,3,3,3,3,3,3,4),(-1.15772426830604,
-0.982624401067381,-0.467097269235235,-0.145420698021115,0.0805096580753789,
0.425769532031656,1.02285489778018,1.1577349281194),.UNSPECIFIED.);
#22=B_SPLINE_CURVE_WITH_KNOTS('',3,(#4496,#4497,#4498,#4499,#4500,#4501,
#4502,#4503,#4504,#4505,#4506,#4507,#4508,#4509,#4510,#4511,#4512,#4513,
#4514,#4515,#4516,#4517),.UNSPECIFIED.,.F.,.F.,(4,3,3,3,3,3,3,4),(-1.1577349281194,
-1.02285489778018,-0.425769532031656,-0.0805096580753789,0.145420698021115,
0.467097269235235,0.982624401067381,1.15772426830604),.UNSPECIFIED.);
#23=B_SPLINE_CURVE_WITH_KNOTS('',3,(#4546,#4547,#4548,#4549,#4550,#4551,
#4552,#4553,#4554,#4555),.UNSPECIFIED.,.F.,.F.,(4,3,3,4),(1.98377485486099,
2.52462197220673,2.9000104796614,3.14159265358979),.UNSPECIFIED.);
#24=B_SPLINE_CURVE_WITH_KNOTS('',3,(#4557,#4558,#4559,#4560,#4561,#4562,
#4563,#4564,#4565,#4566),.UNSPECIFIED.,.F.,.F.,(4,3,3,4),(-3.14159265358979,
-2.9000104796614,-2.52462197220673,-1.9837748548611),.UNSPECIFIED.);
#25=B_SPLINE_CURVE_WITH_KNOTS('',3,(#4589,#4590,#4591,#4592,#4593,#4594,
#4595,#4596,#4597,#4598),.UNSPECIFIED.,.F.,.F.,(4,3,3,4),(-3.14159265358979,
-2.88700902865894,-2.38837370749099,-1.98417301921043),.UNSPECIFIED.);
#26=B_SPLINE_CURVE_WITH_KNOTS('',3,(#4600,#4601,#4602,#4603,#4604,#4605,
#4606,#4607,#4608,#4609),.UNSPECIFIED.,.F.,.F.,(4,3,3,4),(1.98417301921044,
2.38837370749099,2.88700902865894,3.14159265358979),.UNSPECIFIED.);
#27=B_SPLINE_SURFACE_WITH_KNOTS('',3,1,((#4127,#4128),(#4129,#4130),(#4131,
#4132),(#4133,#4134),(#4135,#4136),(#4137,#4138),(#4139,#4140)),
 .UNSPECIFIED.,.F.,.F.,.F.,(4,3,4),(2,2),(-1.93102223995174,-1.90765129082368,
-1.21034105681104),(0.,0.002),.UNSPECIFIED.);
#28=B_SPLINE_SURFACE_WITH_KNOTS('',3,1,((#4191,#4192),(#4193,#4194),(#4195,
#4196),(#4197,#4198),(#4199,#4200),(#4201,#4202),(#4203,#4204),(#4205,#4206),
(#4207,#4208),(#4209,#4210),(#4211,#4212),(#4213,#4214),(#4215,#4216),(#4217,
#4218),(#4219,#4220),(#4221,#4222),(#4223,#4224),(#4225,#4226),(#4227,#4228)),
 .UNSPECIFIED.,.F.,.F.,.F.,(4,3,3,3,3,3,4),(2,2),(2.01058028115409,2.55473626583403,
2.9036392044473,3.14159265358979,3.38611655217687,3.87072207236365,4.27219247518208),
(0.,0.002),.UNSPECIFIED.);
#29=B_SPLINE_SURFACE_WITH_KNOTS('',3,1,((#4276,#4277),(#4278,#4279),(#4280,
#4281),(#4282,#4283),(#4284,#4285),(#4286,#4287),(#4288,#4289),(#4290,#4291),
(#4292,#4293),(#4294,#4295),(#4296,#4297),(#4298,#4299),(#4300,#4301),(#4302,
#4303),(#4304,#4305),(#4306,#4307),(#4308,#4309),(#4310,#4311),(#4312,#4313),
(#4314,#4315),(#4316,#4317),(#4318,#4319)),.UNSPECIFIED.,.F.,.F.,.F.,(4,
3,3,3,3,3,3,4),(2,2),(-1.13087191424705,-0.95654497115852,-0.444277768064981,
-0.12217472855633,0.107095029261846,0.444214639032293,1.10957948328472,
1.13102478228108),(0.,0.002),.UNSPECIFIED.);
#30=B_SPLINE_SURFACE_WITH_KNOTS('',3,1,((#4397,#4398),(#4399,#4400),(#4401,
#4402),(#4403,#4404)),.UNSPECIFIED.,.F.,.F.,.F.,(4,4),(2,2),(1.18147437863158,
1.96008764135706),(0.,0.002),.UNSPECIFIED.);
#31=B_SPLINE_SURFACE_WITH_KNOTS('',3,1,((#4425,#4426),(#4427,#4428),(#4429,
#4430),(#4431,#4432),(#4433,#4434),(#4435,#4436),(#4437,#4438),(#4439,#4440),
(#4441,#4442),(#4443,#4444),(#4445,#4446),(#4447,#4448),(#4449,#4450),(#4451,
#4452),(#4453,#4454),(#4455,#4456),(#4457,#4458),(#4459,#4460),(#4461,#4462),
(#4463,#4464),(#4465,#4466),(#4467,#4468)),.UNSPECIFIED.,.F.,.F.,.F.,(4,
3,3,3,3,3,3,4),(2,2),(-1.1577349281194,-1.02285489778018,-0.425769532031656,
-0.0805096580753789,0.145420698021115,0.467097269235235,0.982624401067381,
1.15772426830604),(0.,0.002),.UNSPECIFIED.);
#32=B_SPLINE_SURFACE_WITH_KNOTS('',3,1,((#4525,#4526),(#4527,#4528),(#4529,
#4530),(#4531,#4532),(#4533,#4534),(#4535,#4536),(#4537,#4538),(#4539,#4540),
(#4541,#4542),(#4543,#4544)),.UNSPECIFIED.,.F.,.F.,.F.,(4,3,3,4),(2,2),
(-3.14159265358979,-2.9000104796614,-2.52462197220673,-1.9837748548611),
(0.,0.002),.UNSPECIFIED.);
#33=B_SPLINE_SURFACE_WITH_KNOTS('',3,1,((#4568,#4569),(#4570,#4571),(#4572,
#4573),(#4574,#4575),(#4576,#4577),(#4578,#4579),(#4580,#4581),(#4582,#4583),
(#4584,#4585),(#4586,#4587)),.UNSPECIFIED.,.F.,.F.,.F.,(4,3,3,4),(2,2),
(1.98417301921044,2.38837370749099,2.88700902865894,3.14159265358979),(0.,
0.002),.UNSPECIFIED.);
#34=MANIFOLD_SOLID_BREP('Plate',#2564);
#35=MANIFOLD_SOLID_BREP('Signature',#2565);
#36=FACE_BOUND('',#405,.T.);
#37=FACE_BOUND('',#406,.T.);
#38=FACE_BOUND('',#407,.T.);
#39=FACE_BOUND('',#408,.T.);
#40=FACE_BOUND('',#409,.T.);
#41=FACE_BOUND('',#410,.T.);
#42=FACE_BOUND('',#411,.T.);
#43=FACE_BOUND('',#412,.T.);
#44=FACE_BOUND('',#413,.T.);
#45=FACE_BOUND('',#414,.T.);
#46=FACE_BOUND('',#415,.T.);
#47=FACE_BOUND('',#416,.T.);
#48=FACE_BOUND('',#417,.T.);
#49=FACE_BOUND('',#418,.T.);
#50=FACE_BOUND('',#419,.T.);
#51=FACE_BOUND('',#420,.T.);
#52=FACE_BOUND('',#421,.T.);
#53=FACE_BOUND('',#422,.T.);
#54=FACE_BOUND('',#423,.T.);
#55=FACE_BOUND('',#424,.T.);
#56=FACE_BOUND('',#425,.T.);
#57=FACE_BOUND('',#426,.T.);
#58=FACE_BOUND('',#427,.T.);
#59=FACE_BOUND('',#428,.T.);
#60=FACE_BOUND('',#429,.T.);
#61=FACE_BOUND('',#430,.T.);
#62=FACE_BOUND('',#431,.T.);
#63=FACE_BOUND('',#432,.T.);
#64=FACE_BOUND('',#433,.T.);
#65=FACE_BOUND('',#434,.T.);
#66=FACE_BOUND('',#435,.T.);
#67=FACE_BOUND('',#436,.T.);
#68=FACE_BOUND('',#437,.T.);
#69=FACE_BOUND('',#438,.T.);
#70=FACE_BOUND('',#454,.T.);
#71=FACE_BOUND('',#455,.T.);
#72=FACE_BOUND('',#461,.T.);
#73=FACE_BOUND('',#462,.T.);
#74=FACE_BOUND('',#471,.T.);
#75=FACE_BOUND('',#472,.T.);
#76=FACE_BOUND('',#479,.T.);
#77=FACE_BOUND('',#480,.T.);
#78=FACE_BOUND('',#507,.T.);
#79=FACE_BOUND('',#508,.T.);
#80=FACE_BOUND('',#509,.T.);
#81=FACE_BOUND('',#510,.T.);
#82=FACE_BOUND('',#511,.T.);
#83=FACE_BOUND('',#512,.T.);
#84=FACE_BOUND('',#513,.T.);
#85=FACE_BOUND('',#514,.T.);
#86=FACE_BOUND('',#515,.T.);
#87=FACE_BOUND('',#516,.T.);
#88=FACE_BOUND('',#517,.T.);
#89=FACE_BOUND('',#518,.T.);
#90=FACE_BOUND('',#519,.T.);
#91=FACE_BOUND('',#520,.T.);
#92=FACE_BOUND('',#521,.T.);
#93=FACE_BOUND('',#522,.T.);
#94=FACE_BOUND('',#523,.T.);
#95=FACE_BOUND('',#524,.T.);
#96=FACE_BOUND('',#525,.T.);
#97=FACE_BOUND('',#526,.T.);
#98=FACE_BOUND('',#527,.T.);
#99=FACE_BOUND('',#528,.T.);
#100=FACE_BOUND('',#529,.T.);
#101=FACE_BOUND('',#530,.T.);
#102=FACE_BOUND('',#531,.T.);
#103=FACE_BOUND('',#532,.T.);
#104=FACE_BOUND('',#533,.T.);
#105=FACE_BOUND('',#534,.T.);
#106=FACE_BOUND('',#535,.T.);
#107=FACE_BOUND('',#536,.T.);
#108=FACE_BOUND('',#537,.T.);
#109=FACE_BOUND('',#538,.T.);
#110=FACE_BOUND('',#539,.T.);
#111=FACE_BOUND('',#540,.T.);
#112=FACE_BOUND('',#567,.T.);
#113=FACE_BOUND('',#568,.T.);
#114=FACE_BOUND('',#569,.T.);
#115=FACE_BOUND('',#570,.T.);
#116=FACE_BOUND('',#571,.T.);
#117=FACE_BOUND('',#573,.T.);
#118=FACE_BOUND('',#574,.T.);
#119=FACE_BOUND('',#575,.T.);
#120=FACE_BOUND('',#576,.T.);
#121=FACE_BOUND('',#577,.T.);
#122=PLANE('',#2662);
#123=PLANE('',#2666);
#124=PLANE('',#2670);
#125=PLANE('',#2674);
#126=PLANE('',#2678);
#127=PLANE('',#2682);
#128=PLANE('',#2711);
#129=PLANE('',#2714);
#130=PLANE('',#2717);
#131=PLANE('',#2720);
#132=PLANE('',#2723);
#133=PLANE('',#2726);
#134=PLANE('',#2730);
#135=PLANE('',#2731);
#136=PLANE('',#2735);
#137=PLANE('',#2739);
#138=PLANE('',#2740);
#139=PLANE('',#2744);
#140=PLANE('',#2745);
#141=PLANE('',#2746);
#142=PLANE('',#2747);
#143=PLANE('',#2748);
#144=PLANE('',#2749);
#145=PLANE('',#2750);
#146=PLANE('',#2751);
#147=PLANE('',#2752);
#148=PLANE('',#2753);
#149=PLANE('',#2754);
#150=PLANE('',#2755);
#151=PLANE('',#2756);
#152=PLANE('',#2797);
#153=PLANE('',#2798);
#154=PLANE('',#2799);
#155=PLANE('',#2800);
#156=PLANE('',#2801);
#157=PLANE('',#2802);
#158=PLANE('',#2809);
#159=PLANE('',#2810);
#160=PLANE('',#2826);
#161=PLANE('',#2833);
#162=PLANE('',#2840);
#163=PLANE('',#2841);
#164=PLANE('',#2845);
#165=PLANE('',#2846);
#166=CYLINDRICAL_SURFACE('',#2582,2.248);
#167=CYLINDRICAL_SURFACE('',#2587,2.248);
#168=CYLINDRICAL_SURFACE('',#2592,2.248);
#169=CYLINDRICAL_SURFACE('',#2597,2.248);
#170=CYLINDRICAL_SURFACE('',#2602,1.632);
#171=CYLINDRICAL_SURFACE('',#2607,1.632);
#172=CYLINDRICAL_SURFACE('',#2612,1.632);
#173=CYLINDRICAL_SURFACE('',#2617,1.632);
#174=CYLINDRICAL_SURFACE('',#2622,1.632);
#175=CYLINDRICAL_SURFACE('',#2627,1.632);
#176=CYLINDRICAL_SURFACE('',#2632,1.632);
#177=CYLINDRICAL_SURFACE('',#2637,1.632);
#178=CYLINDRICAL_SURFACE('',#2642,2.248);
#179=CYLINDRICAL_SURFACE('',#2647,2.248);
#180=CYLINDRICAL_SURFACE('',#2652,2.248);
#181=CYLINDRICAL_SURFACE('',#2657,2.248);
#182=CYLINDRICAL_SURFACE('',#2659,1.);
#183=CYLINDRICAL_SURFACE('',#2663,1.);
#184=CYLINDRICAL_SURFACE('',#2667,1.);
#185=CYLINDRICAL_SURFACE('',#2671,1.);
#186=CYLINDRICAL_SURFACE('',#2675,1.);
#187=CYLINDRICAL_SURFACE('',#2679,1.);
#188=CYLINDRICAL_SURFACE('',#2709,1.);
#189=CYLINDRICAL_SURFACE('',#2712,1.);
#190=CYLINDRICAL_SURFACE('',#2715,1.);
#191=CYLINDRICAL_SURFACE('',#2718,1.);
#192=CYLINDRICAL_SURFACE('',#2721,1.);
#193=CYLINDRICAL_SURFACE('',#2724,1.);
#194=CYLINDRICAL_SURFACE('',#2727,6.);
#195=CYLINDRICAL_SURFACE('',#2733,6.);
#196=CYLINDRICAL_SURFACE('',#2736,6.);
#197=CYLINDRICAL_SURFACE('',#2742,6.);
#198=CYLINDRICAL_SURFACE('',#2757,1.5);
#199=CYLINDRICAL_SURFACE('',#2759,1.5);
#200=CYLINDRICAL_SURFACE('',#2761,32.);
#201=CYLINDRICAL_SURFACE('',#2763,1.5);
#202=CYLINDRICAL_SURFACE('',#2765,1.5);
#203=CYLINDRICAL_SURFACE('',#2767,1.5);
#204=CYLINDRICAL_SURFACE('',#2769,32.);
#205=CYLINDRICAL_SURFACE('',#2771,1.5);
#206=CYLINDRICAL_SURFACE('',#2773,1.5);
#207=CYLINDRICAL_SURFACE('',#2775,1.5);
#208=CYLINDRICAL_SURFACE('',#2777,32.);
#209=CYLINDRICAL_SURFACE('',#2779,1.5);
#210=CYLINDRICAL_SURFACE('',#2781,1.5);
#211=CYLINDRICAL_SURFACE('',#2783,1.5);
#212=CYLINDRICAL_SURFACE('',#2785,1.5);
#213=CYLINDRICAL_SURFACE('',#2787,1.5);
#214=CYLINDRICAL_SURFACE('',#2789,1.5);
#215=CYLINDRICAL_SURFACE('',#2791,1.5);
#216=CYLINDRICAL_SURFACE('',#2793,1.5);
#217=CYLINDRICAL_SURFACE('',#2795,32.);
#218=CYLINDRICAL_SURFACE('',#2803,10.5);
#219=CYLINDRICAL_SURFACE('',#2806,6.00000000000006);
#220=CYLINDRICAL_SURFACE('',#2811,11.5);
#221=CYLINDRICAL_SURFACE('',#2814,11.5);
#222=CYLINDRICAL_SURFACE('',#2817,0.499999999999996);
#223=CYLINDRICAL_SURFACE('',#2820,5.00000000000009);
#224=CYLINDRICAL_SURFACE('',#2823,0.500000000000002);
#225=CYLINDRICAL_SURFACE('',#2827,10.5);
#226=CYLINDRICAL_SURFACE('',#2830,10.5);
#227=CYLINDRICAL_SURFACE('',#2834,11.5);
#228=CYLINDRICAL_SURFACE('',#2837,11.5);
#229=CYLINDRICAL_SURFACE('',#2842,11.5);
#230=FACE_OUTER_BOUND('',#361,.T.);
#231=FACE_OUTER_BOUND('',#362,.T.);
#232=FACE_OUTER_BOUND('',#363,.T.);
#233=FACE_OUTER_BOUND('',#364,.T.);
#234=FACE_OUTER_BOUND('',#365,.T.);
#235=FACE_OUTER_BOUND('',#366,.T.);
#236=FACE_OUTER_BOUND('',#367,.T.);
#237=FACE_OUTER_BOUND('',#368,.T.);
#238=FACE_OUTER_BOUND('',#369,.T.);
#239=FACE_OUTER_BOUND('',#370,.T.);
#240=FACE_OUTER_BOUND('',#371,.T.);
#241=FACE_OUTER_BOUND('',#372,.T.);
#242=FACE_OUTER_BOUND('',#373,.T.);
#243=FACE_OUTER_BOUND('',#374,.T.);
#244=FACE_OUTER_BOUND('',#375,.T.);
#245=FACE_OUTER_BOUND('',#376,.T.);
#246=FACE_OUTER_BOUND('',#377,.T.);
#247=FACE_OUTER_BOUND('',#378,.T.);
#248=FACE_OUTER_BOUND('',#379,.T.);
#249=FACE_OUTER_BOUND('',#380,.T.);
#250=FACE_OUTER_BOUND('',#381,.T.);
#251=FACE_OUTER_BOUND('',#382,.T.);
#252=FACE_OUTER_BOUND('',#383,.T.);
#253=FACE_OUTER_BOUND('',#384,.T.);
#254=FACE_OUTER_BOUND('',#385,.T.);
#255=FACE_OUTER_BOUND('',#386,.T.);
#256=FACE_OUTER_BOUND('',#387,.T.);
#257=FACE_OUTER_BOUND('',#388,.T.);
#258=FACE_OUTER_BOUND('',#389,.T.);
#259=FACE_OUTER_BOUND('',#390,.T.);
#260=FACE_OUTER_BOUND('',#391,.T.);
#261=FACE_OUTER_BOUND('',#392,.T.);
#262=FACE_OUTER_BOUND('',#393,.T.);
#263=FACE_OUTER_BOUND('',#394,.T.);
#264=FACE_OUTER_BOUND('',#395,.T.);
#265=FACE_OUTER_BOUND('',#396,.T.);
#266=FACE_OUTER_BOUND('',#397,.T.);
#267=FACE_OUTER_BOUND('',#398,.T.);
#268=FACE_OUTER_BOUND('',#399,.T.);
#269=FACE_OUTER_BOUND('',#400,.T.);
#270=FACE_OUTER_BOUND('',#401,.T.);
#271=FACE_OUTER_BOUND('',#402,.T.);
#272=FACE_OUTER_BOUND('',#403,.T.);
#273=FACE_OUTER_BOUND('',#404,.T.);
#274=FACE_OUTER_BOUND('',#439,.T.);
#275=FACE_OUTER_BOUND('',#440,.T.);
#276=FACE_OUTER_BOUND('',#441,.T.);
#277=FACE_OUTER_BOUND('',#442,.T.);
#278=FACE_OUTER_BOUND('',#443,.T.);
#279=FACE_OUTER_BOUND('',#444,.T.);
#280=FACE_OUTER_BOUND('',#445,.T.);
#281=FACE_OUTER_BOUND('',#446,.T.);
#282=FACE_OUTER_BOUND('',#447,.T.);
#283=FACE_OUTER_BOUND('',#448,.T.);
#284=FACE_OUTER_BOUND('',#449,.T.);
#285=FACE_OUTER_BOUND('',#450,.T.);
#286=FACE_OUTER_BOUND('',#451,.T.);
#287=FACE_OUTER_BOUND('',#452,.T.);
#288=FACE_OUTER_BOUND('',#453,.T.);
#289=FACE_OUTER_BOUND('',#456,.T.);
#290=FACE_OUTER_BOUND('',#457,.T.);
#291=FACE_OUTER_BOUND('',#458,.T.);
#292=FACE_OUTER_BOUND('',#459,.T.);
#293=FACE_OUTER_BOUND('',#460,.T.);
#294=FACE_OUTER_BOUND('',#463,.T.);
#295=FACE_OUTER_BOUND('',#464,.T.);
#296=FACE_OUTER_BOUND('',#465,.T.);
#297=FACE_OUTER_BOUND('',#466,.T.);
#298=FACE_OUTER_BOUND('',#467,.T.);
#299=FACE_OUTER_BOUND('',#468,.T.);
#300=FACE_OUTER_BOUND('',#469,.T.);
#301=FACE_OUTER_BOUND('',#470,.T.);
#302=FACE_OUTER_BOUND('',#473,.T.);
#303=FACE_OUTER_BOUND('',#474,.T.);
#304=FACE_OUTER_BOUND('',#475,.T.);
#305=FACE_OUTER_BOUND('',#476,.T.);
#306=FACE_OUTER_BOUND('',#477,.T.);
#307=FACE_OUTER_BOUND('',#478,.T.);
#308=FACE_OUTER_BOUND('',#481,.T.);
#309=FACE_OUTER_BOUND('',#482,.T.);
#310=FACE_OUTER_BOUND('',#483,.T.);
#311=FACE_OUTER_BOUND('',#484,.T.);
#312=FACE_OUTER_BOUND('',#485,.T.);
#313=FACE_OUTER_BOUND('',#486,.T.);
#314=FACE_OUTER_BOUND('',#487,.T.);
#315=FACE_OUTER_BOUND('',#488,.T.);
#316=FACE_OUTER_BOUND('',#489,.T.);
#317=FACE_OUTER_BOUND('',#490,.T.);
#318=FACE_OUTER_BOUND('',#491,.T.);
#319=FACE_OUTER_BOUND('',#492,.T.);
#320=FACE_OUTER_BOUND('',#493,.T.);
#321=FACE_OUTER_BOUND('',#494,.T.);
#322=FACE_OUTER_BOUND('',#495,.T.);
#323=FACE_OUTER_BOUND('',#496,.T.);
#324=FACE_OUTER_BOUND('',#497,.T.);
#325=FACE_OUTER_BOUND('',#498,.T.);
#326=FACE_OUTER_BOUND('',#499,.T.);
#327=FACE_OUTER_BOUND('',#500,.T.);
#328=FACE_OUTER_BOUND('',#501,.T.);
#329=FACE_OUTER_BOUND('',#502,.T.);
#330=FACE_OUTER_BOUND('',#503,.T.);
#331=FACE_OUTER_BOUND('',#504,.T.);
#332=FACE_OUTER_BOUND('',#505,.T.);
#333=FACE_OUTER_BOUND('',#506,.T.);
#334=FACE_OUTER_BOUND('',#541,.T.);
#335=FACE_OUTER_BOUND('',#542,.T.);
#336=FACE_OUTER_BOUND('',#543,.T.);
#337=FACE_OUTER_BOUND('',#544,.T.);
#338=FACE_OUTER_BOUND('',#545,.T.);
#339=FACE_OUTER_BOUND('',#546,.T.);
#340=FACE_OUTER_BOUND('',#547,.T.);
#341=FACE_OUTER_BOUND('',#548,.T.);
#342=FACE_OUTER_BOUND('',#549,.T.);
#343=FACE_OUTER_BOUND('',#550,.T.);
#344=FACE_OUTER_BOUND('',#551,.T.);
#345=FACE_OUTER_BOUND('',#552,.T.);
#346=FACE_OUTER_BOUND('',#553,.T.);
#347=FACE_OUTER_BOUND('',#554,.T.);
#348=FACE_OUTER_BOUND('',#555,.T.);
#349=FACE_OUTER_BOUND('',#556,.T.);
#350=FACE_OUTER_BOUND('',#557,.T.);
#351=FACE_OUTER_BOUND('',#558,.T.);
#352=FACE_OUTER_BOUND('',#559,.T.);
#353=FACE_OUTER_BOUND('',#560,.T.);
#354=FACE_OUTER_BOUND('',#561,.T.);
#355=FACE_OUTER_BOUND('',#562,.T.);
#356=FACE_OUTER_BOUND('',#563,.T.);
#357=FACE_OUTER_BOUND('',#564,.T.);
#358=FACE_OUTER_BOUND('',#565,.T.);
#359=FACE_OUTER_BOUND('',#566,.T.);
#360=FACE_OUTER_BOUND('',#572,.T.);
#361=EDGE_LOOP('',(#1675,#1676,#1677,#1678));
#362=EDGE_LOOP('',(#1679,#1680,#1681,#1682));
#363=EDGE_LOOP('',(#1683,#1684,#1685,#1686));
#364=EDGE_LOOP('',(#1687,#1688,#1689,#1690));
#365=EDGE_LOOP('',(#1691,#1692,#1693,#1694));
#366=EDGE_LOOP('',(#1695,#1696,#1697,#1698));
#367=EDGE_LOOP('',(#1699,#1700,#1701,#1702));
#368=EDGE_LOOP('',(#1703,#1704,#1705,#1706));
#369=EDGE_LOOP('',(#1707,#1708,#1709,#1710));
#370=EDGE_LOOP('',(#1711,#1712,#1713,#1714));
#371=EDGE_LOOP('',(#1715,#1716,#1717,#1718));
#372=EDGE_LOOP('',(#1719,#1720,#1721,#1722));
#373=EDGE_LOOP('',(#1723,#1724,#1725,#1726));
#374=EDGE_LOOP('',(#1727,#1728,#1729,#1730));
#375=EDGE_LOOP('',(#1731,#1732,#1733,#1734));
#376=EDGE_LOOP('',(#1735,#1736,#1737,#1738));
#377=EDGE_LOOP('',(#1739,#1740,#1741,#1742));
#378=EDGE_LOOP('',(#1743,#1744,#1745,#1746));
#379=EDGE_LOOP('',(#1747,#1748,#1749,#1750));
#380=EDGE_LOOP('',(#1751,#1752,#1753,#1754));
#381=EDGE_LOOP('',(#1755,#1756,#1757,#1758));
#382=EDGE_LOOP('',(#1759,#1760,#1761,#1762));
#383=EDGE_LOOP('',(#1763,#1764,#1765,#1766));
#384=EDGE_LOOP('',(#1767,#1768,#1769,#1770));
#385=EDGE_LOOP('',(#1771,#1772,#1773,#1774));
#386=EDGE_LOOP('',(#1775,#1776,#1777,#1778));
#387=EDGE_LOOP('',(#1779,#1780,#1781,#1782));
#388=EDGE_LOOP('',(#1783,#1784,#1785,#1786));
#389=EDGE_LOOP('',(#1787,#1788,#1789,#1790));
#390=EDGE_LOOP('',(#1791,#1792,#1793,#1794));
#391=EDGE_LOOP('',(#1795,#1796,#1797,#1798));
#392=EDGE_LOOP('',(#1799,#1800,#1801,#1802));
#393=EDGE_LOOP('',(#1803,#1804,#1805,#1806));
#394=EDGE_LOOP('',(#1807,#1808,#1809,#1810));
#395=EDGE_LOOP('',(#1811,#1812,#1813,#1814));
#396=EDGE_LOOP('',(#1815,#1816,#1817,#1818));
#397=EDGE_LOOP('',(#1819,#1820,#1821,#1822));
#398=EDGE_LOOP('',(#1823,#1824,#1825,#1826));
#399=EDGE_LOOP('',(#1827,#1828,#1829,#1830));
#400=EDGE_LOOP('',(#1831,#1832,#1833,#1834));
#401=EDGE_LOOP('',(#1835,#1836,#1837,#1838));
#402=EDGE_LOOP('',(#1839,#1840,#1841,#1842));
#403=EDGE_LOOP('',(#1843,#1844,#1845,#1846));
#404=EDGE_LOOP('',(#1847,#1848,#1849,#1850,#1851,#1852,#1853,#1854,#1855,
#1856,#1857,#1858,#1859,#1860));
#405=EDGE_LOOP('',(#1861));
#406=EDGE_LOOP('',(#1862));
#407=EDGE_LOOP('',(#1863));
#408=EDGE_LOOP('',(#1864));
#409=EDGE_LOOP('',(#1865));
#410=EDGE_LOOP('',(#1866));
#411=EDGE_LOOP('',(#1867));
#412=EDGE_LOOP('',(#1868));
#413=EDGE_LOOP('',(#1869));
#414=EDGE_LOOP('',(#1870));
#415=EDGE_LOOP('',(#1871));
#416=EDGE_LOOP('',(#1872));
#417=EDGE_LOOP('',(#1873));
#418=EDGE_LOOP('',(#1874));
#419=EDGE_LOOP('',(#1875));
#420=EDGE_LOOP('',(#1876));
#421=EDGE_LOOP('',(#1877));
#422=EDGE_LOOP('',(#1878));
#423=EDGE_LOOP('',(#1879));
#424=EDGE_LOOP('',(#1880));
#425=EDGE_LOOP('',(#1881));
#426=EDGE_LOOP('',(#1882));
#427=EDGE_LOOP('',(#1883));
#428=EDGE_LOOP('',(#1884));
#429=EDGE_LOOP('',(#1885));
#430=EDGE_LOOP('',(#1886));
#431=EDGE_LOOP('',(#1887));
#432=EDGE_LOOP('',(#1888));
#433=EDGE_LOOP('',(#1889));
#434=EDGE_LOOP('',(#1890));
#435=EDGE_LOOP('',(#1891));
#436=EDGE_LOOP('',(#1892));
#437=EDGE_LOOP('',(#1893,#1894,#1895,#1896,#1897,#1898,#1899,#1900));
#438=EDGE_LOOP('',(#1901,#1902,#1903,#1904,#1905,#1906,#1907,#1908));
#439=EDGE_LOOP('',(#1909,#1910,#1911,#1912));
#440=EDGE_LOOP('',(#1913,#1914,#1915,#1916));
#441=EDGE_LOOP('',(#1917,#1918,#1919,#1920));
#442=EDGE_LOOP('',(#1921,#1922,#1923,#1924));
#443=EDGE_LOOP('',(#1925,#1926,#1927,#1928));
#444=EDGE_LOOP('',(#1929,#1930,#1931,#1932));
#445=EDGE_LOOP('',(#1933,#1934,#1935,#1936));
#446=EDGE_LOOP('',(#1937,#1938,#1939,#1940));
#447=EDGE_LOOP('',(#1941,#1942,#1943,#1944));
#448=EDGE_LOOP('',(#1945,#1946,#1947,#1948));
#449=EDGE_LOOP('',(#1949,#1950,#1951,#1952));
#450=EDGE_LOOP('',(#1953,#1954,#1955,#1956));
#451=EDGE_LOOP('',(#1957,#1958,#1959,#1960));
#452=EDGE_LOOP('',(#1961,#1962,#1963,#1964));
#453=EDGE_LOOP('',(#1965,#1966,#1967,#1968,#1969,#1970));
#454=EDGE_LOOP('',(#1971));
#455=EDGE_LOOP('',(#1972));
#456=EDGE_LOOP('',(#1973,#1974,#1975,#1976));
#457=EDGE_LOOP('',(#1977,#1978,#1979,#1980));
#458=EDGE_LOOP('',(#1981,#1982,#1983,#1984));
#459=EDGE_LOOP('',(#1985,#1986,#1987,#1988));
#460=EDGE_LOOP('',(#1989,#1990,#1991,#1992,#1993,#1994));
#461=EDGE_LOOP('',(#1995));
#462=EDGE_LOOP('',(#1996));
#463=EDGE_LOOP('',(#1997,#1998,#1999,#2000));
#464=EDGE_LOOP('',(#2001,#2002,#2003,#2004));
#465=EDGE_LOOP('',(#2005,#2006,#2007,#2008));
#466=EDGE_LOOP('',(#2009,#2010,#2011,#2012));
#467=EDGE_LOOP('',(#2013,#2014,#2015,#2016));
#468=EDGE_LOOP('',(#2017,#2018,#2019,#2020));
#469=EDGE_LOOP('',(#2021,#2022,#2023,#2024));
#470=EDGE_LOOP('',(#2025,#2026,#2027,#2028,#2029,#2030));
#471=EDGE_LOOP('',(#2031));
#472=EDGE_LOOP('',(#2032));
#473=EDGE_LOOP('',(#2033,#2034,#2035,#2036));
#474=EDGE_LOOP('',(#2037,#2038,#2039,#2040));
#475=EDGE_LOOP('',(#2041,#2042,#2043,#2044));
#476=EDGE_LOOP('',(#2045,#2046,#2047,#2048));
#477=EDGE_LOOP('',(#2049,#2050,#2051,#2052));
#478=EDGE_LOOP('',(#2053,#2054,#2055,#2056,#2057,#2058));
#479=EDGE_LOOP('',(#2059));
#480=EDGE_LOOP('',(#2060));
#481=EDGE_LOOP('',(#2061,#2062,#2063,#2064));
#482=EDGE_LOOP('',(#2065,#2066,#2067,#2068));
#483=EDGE_LOOP('',(#2069,#2070,#2071,#2072));
#484=EDGE_LOOP('',(#2073,#2074,#2075,#2076));
#485=EDGE_LOOP('',(#2077,#2078,#2079,#2080));
#486=EDGE_LOOP('',(#2081,#2082,#2083,#2084));
#487=EDGE_LOOP('',(#2085,#2086,#2087,#2088));
#488=EDGE_LOOP('',(#2089,#2090,#2091,#2092));
#489=EDGE_LOOP('',(#2093,#2094,#2095,#2096));
#490=EDGE_LOOP('',(#2097,#2098,#2099,#2100));
#491=EDGE_LOOP('',(#2101,#2102,#2103,#2104));
#492=EDGE_LOOP('',(#2105,#2106,#2107,#2108));
#493=EDGE_LOOP('',(#2109,#2110,#2111,#2112));
#494=EDGE_LOOP('',(#2113,#2114,#2115,#2116));
#495=EDGE_LOOP('',(#2117,#2118,#2119,#2120));
#496=EDGE_LOOP('',(#2121,#2122,#2123,#2124));
#497=EDGE_LOOP('',(#2125,#2126,#2127,#2128));
#498=EDGE_LOOP('',(#2129,#2130,#2131,#2132));
#499=EDGE_LOOP('',(#2133,#2134,#2135,#2136));
#500=EDGE_LOOP('',(#2137,#2138,#2139,#2140));
#501=EDGE_LOOP('',(#2141,#2142,#2143,#2144));
#502=EDGE_LOOP('',(#2145,#2146,#2147,#2148));
#503=EDGE_LOOP('',(#2149,#2150,#2151,#2152));
#504=EDGE_LOOP('',(#2153,#2154,#2155,#2156));
#505=EDGE_LOOP('',(#2157,#2158,#2159,#2160));
#506=EDGE_LOOP('',(#2161,#2162,#2163,#2164,#2165,#2166,#2167,#2168,#2169,
#2170,#2171,#2172,#2173,#2174));
#507=EDGE_LOOP('',(#2175));
#508=EDGE_LOOP('',(#2176));
#509=EDGE_LOOP('',(#2177));
#510=EDGE_LOOP('',(#2178));
#511=EDGE_LOOP('',(#2179));
#512=EDGE_LOOP('',(#2180));
#513=EDGE_LOOP('',(#2181));
#514=EDGE_LOOP('',(#2182));
#515=EDGE_LOOP('',(#2183));
#516=EDGE_LOOP('',(#2184));
#517=EDGE_LOOP('',(#2185));
#518=EDGE_LOOP('',(#2186));
#519=EDGE_LOOP('',(#2187,#2188,#2189,#2190,#2191,#2192,#2193,#2194));
#520=EDGE_LOOP('',(#2195,#2196,#2197,#2198,#2199,#2200,#2201,#2202));
#521=EDGE_LOOP('',(#2203));
#522=EDGE_LOOP('',(#2204));
#523=EDGE_LOOP('',(#2205));
#524=EDGE_LOOP('',(#2206));
#525=EDGE_LOOP('',(#2207));
#526=EDGE_LOOP('',(#2208));
#527=EDGE_LOOP('',(#2209));
#528=EDGE_LOOP('',(#2210));
#529=EDGE_LOOP('',(#2211));
#530=EDGE_LOOP('',(#2212));
#531=EDGE_LOOP('',(#2213));
#532=EDGE_LOOP('',(#2214));
#533=EDGE_LOOP('',(#2215));
#534=EDGE_LOOP('',(#2216));
#535=EDGE_LOOP('',(#2217));
#536=EDGE_LOOP('',(#2218));
#537=EDGE_LOOP('',(#2219));
#538=EDGE_LOOP('',(#2220));
#539=EDGE_LOOP('',(#2221));
#540=EDGE_LOOP('',(#2222));
#541=EDGE_LOOP('',(#2223,#2224,#2225,#2226));
#542=EDGE_LOOP('',(#2227,#2228,#2229,#2230));
#543=EDGE_LOOP('',(#2231,#2232,#2233,#2234));
#544=EDGE_LOOP('',(#2235,#2236,#2237,#2238));
#545=EDGE_LOOP('',(#2239,#2240,#2241,#2242));
#546=EDGE_LOOP('',(#2243,#2244,#2245,#2246));
#547=EDGE_LOOP('',(#2247,#2248,#2249,#2250));
#548=EDGE_LOOP('',(#2251,#2252,#2253,#2254));
#549=EDGE_LOOP('',(#2255,#2256,#2257,#2258));
#550=EDGE_LOOP('',(#2259,#2260,#2261,#2262));
#551=EDGE_LOOP('',(#2263,#2264,#2265,#2266));
#552=EDGE_LOOP('',(#2267,#2268,#2269,#2270));
#553=EDGE_LOOP('',(#2271,#2272,#2273,#2274));
#554=EDGE_LOOP('',(#2275,#2276,#2277,#2278));
#555=EDGE_LOOP('',(#2279,#2280,#2281,#2282));
#556=EDGE_LOOP('',(#2283,#2284,#2285,#2286));
#557=EDGE_LOOP('',(#2287,#2288,#2289,#2290));
#558=EDGE_LOOP('',(#2291,#2292,#2293,#2294));
#559=EDGE_LOOP('',(#2295,#2296,#2297,#2298));
#560=EDGE_LOOP('',(#2299,#2300,#2301,#2302));
#561=EDGE_LOOP('',(#2303,#2304,#2305,#2306));
#562=EDGE_LOOP('',(#2307,#2308,#2309,#2310));
#563=EDGE_LOOP('',(#2311,#2312,#2313,#2314));
#564=EDGE_LOOP('',(#2315,#2316,#2317,#2318));
#565=EDGE_LOOP('',(#2319,#2320,#2321,#2322));
#566=EDGE_LOOP('',(#2323,#2324,#2325,#2326,#2327,#2328,#2329,#2330));
#567=EDGE_LOOP('',(#2331,#2332,#2333,#2334,#2335,#2336,#2337,#2338));
#568=EDGE_LOOP('',(#2339,#2340));
#569=EDGE_LOOP('',(#2341,#2342));
#570=EDGE_LOOP('',(#2343,#2344,#2345));
#571=EDGE_LOOP('',(#2346,#2347));
#572=EDGE_LOOP('',(#2348,#2349,#2350,#2351,#2352,#2353,#2354,#2355));
#573=EDGE_LOOP('',(#2356,#2357,#2358,#2359,#2360,#2361,#2362,#2363));
#574=EDGE_LOOP('',(#2364,#2365));
#575=EDGE_LOOP('',(#2366,#2367));
#576=EDGE_LOOP('',(#2368,#2369,#2370));
#577=EDGE_LOOP('',(#2371,#2372));
#578=LINE('',#3581,#769);
#579=LINE('',#3585,#770);
#580=LINE('',#3591,#771);
#581=LINE('',#3595,#772);
#582=LINE('',#3601,#773);
#583=LINE('',#3605,#774);
#584=LINE('',#3611,#775);
#585=LINE('',#3615,#776);
#586=LINE('',#3621,#777);
#587=LINE('',#3625,#778);
#588=LINE('',#3631,#779);
#589=LINE('',#3635,#780);
#590=LINE('',#3641,#781);
#591=LINE('',#3645,#782);
#592=LINE('',#3651,#783);
#593=LINE('',#3655,#784);
#594=LINE('',#3661,#785);
#595=LINE('',#3665,#786);
#596=LINE('',#3671,#787);
#597=LINE('',#3675,#788);
#598=LINE('',#3681,#789);
#599=LINE('',#3685,#790);
#600=LINE('',#3691,#791);
#601=LINE('',#3695,#792);
#602=LINE('',#3701,#793);
#603=LINE('',#3705,#794);
#604=LINE('',#3711,#795);
#605=LINE('',#3715,#796);
#606=LINE('',#3721,#797);
#607=LINE('',#3725,#798);
#608=LINE('',#3731,#799);
#609=LINE('',#3735,#800);
#610=LINE('',#3742,#801);
#611=LINE('',#3745,#802);
#612=LINE('',#3748,#803);
#613=LINE('',#3750,#804);
#614=LINE('',#3751,#805);
#615=LINE('',#3757,#806);
#616=LINE('',#3760,#807);
#617=LINE('',#3762,#808);
#618=LINE('',#3763,#809);
#619=LINE('',#3769,#810);
#620=LINE('',#3772,#811);
#621=LINE('',#3774,#812);
#622=LINE('',#3775,#813);
#623=LINE('',#3780,#814);
#624=LINE('',#3783,#815);
#625=LINE('',#3784,#816);
#626=LINE('',#3790,#817);
#627=LINE('',#3793,#818);
#628=LINE('',#3796,#819);
#629=LINE('',#3798,#820);
#630=LINE('',#3799,#821);
#631=LINE('',#3805,#822);
#632=LINE('',#3808,#823);
#633=LINE('',#3810,#824);
#634=LINE('',#3812,#825);
#635=LINE('',#3814,#826);
#636=LINE('',#3816,#827);
#637=LINE('',#3818,#828);
#638=LINE('',#3820,#829);
#639=LINE('',#3824,#830);
#640=LINE('',#3827,#831);
#641=LINE('',#3872,#832);
#642=LINE('',#3876,#833);
#643=LINE('',#3880,#834);
#644=LINE('',#3883,#835);
#645=LINE('',#3886,#836);
#646=LINE('',#3889,#837);
#647=LINE('',#3892,#838);
#648=LINE('',#3893,#839);
#649=LINE('',#3896,#840);
#650=LINE('',#3899,#841);
#651=LINE('',#3902,#842);
#652=LINE('',#3903,#843);
#653=LINE('',#3906,#844);
#654=LINE('',#3910,#845);
#655=LINE('',#3911,#846);
#656=LINE('',#3914,#847);
#657=LINE('',#3918,#848);
#658=LINE('',#3919,#849);
#659=LINE('',#3922,#850);
#660=LINE('',#3925,#851);
#661=LINE('',#3928,#852);
#662=LINE('',#3932,#853);
#663=LINE('',#3933,#854);
#664=LINE('',#3939,#855);
#665=LINE('',#3942,#856);
#666=LINE('',#3945,#857);
#667=LINE('',#3947,#858);
#668=LINE('',#3948,#859);
#669=LINE('',#3951,#860);
#670=LINE('',#3953,#861);
#671=LINE('',#3955,#862);
#672=LINE('',#3960,#863);
#673=LINE('',#3963,#864);
#674=LINE('',#3964,#865);
#675=LINE('',#3970,#866);
#676=LINE('',#3973,#867);
#677=LINE('',#3976,#868);
#678=LINE('',#3978,#869);
#679=LINE('',#3979,#870);
#680=LINE('',#3982,#871);
#681=LINE('',#3986,#872);
#682=LINE('',#3987,#873);
#683=LINE('',#3992,#874);
#684=LINE('',#3993,#875);
#685=LINE('',#3996,#876);
#686=LINE('',#3997,#877);
#687=LINE('',#4000,#878);
#688=LINE('',#4001,#879);
#689=LINE('',#4002,#880);
#690=LINE('',#4004,#881);
#691=LINE('',#4005,#882);
#692=LINE('',#4008,#883);
#693=LINE('',#4009,#884);
#694=LINE('',#4012,#885);
#695=LINE('',#4013,#886);
#696=LINE('',#4015,#887);
#697=LINE('',#4018,#888);
#698=LINE('',#4019,#889);
#699=LINE('',#4020,#890);
#700=LINE('',#4023,#891);
#701=LINE('',#4024,#892);
#702=LINE('',#4027,#893);
#703=LINE('',#4028,#894);
#704=LINE('',#4030,#895);
#705=LINE('',#4032,#896);
#706=LINE('',#4037,#897);
#707=LINE('',#4041,#898);
#708=LINE('',#4045,#899);
#709=LINE('',#4049,#900);
#710=LINE('',#4053,#901);
#711=LINE('',#4057,#902);
#712=LINE('',#4061,#903);
#713=LINE('',#4065,#904);
#714=LINE('',#4069,#905);
#715=LINE('',#4073,#906);
#716=LINE('',#4077,#907);
#717=LINE('',#4081,#908);
#718=LINE('',#4085,#909);
#719=LINE('',#4089,#910);
#720=LINE('',#4093,#911);
#721=LINE('',#4097,#912);
#722=LINE('',#4101,#913);
#723=LINE('',#4105,#914);
#724=LINE('',#4109,#915);
#725=LINE('',#4113,#916);
#726=LINE('',#4115,#917);
#727=LINE('',#4118,#918);
#728=LINE('',#4119,#919);
#729=LINE('',#4121,#920);
#730=LINE('',#4123,#921);
#731=LINE('',#4125,#922);
#732=LINE('',#4151,#923);
#733=LINE('',#4160,#924);
#734=LINE('',#4169,#925);
#735=LINE('',#4172,#926);
#736=LINE('',#4175,#927);
#737=LINE('',#4177,#928);
#738=LINE('',#4178,#929);
#739=LINE('',#4180,#930);
#740=LINE('',#4181,#931);
#741=LINE('',#4187,#932);
#742=LINE('',#4190,#933);
#743=LINE('',#4272,#934);
#744=LINE('',#4275,#935);
#745=LINE('',#4369,#936);
#746=LINE('',#4372,#937);
#747=LINE('',#4378,#938);
#748=LINE('',#4384,#939);
#749=LINE('',#4387,#940);
#750=LINE('',#4389,#941);
#751=LINE('',#4390,#942);
#752=LINE('',#4396,#943);
#753=LINE('',#4415,#944);
#754=LINE('',#4421,#945);
#755=LINE('',#4423,#946);
#756=LINE('',#4424,#947);
#757=LINE('',#4494,#948);
#758=LINE('',#4518,#949);
#759=LINE('',#4524,#950);
#760=LINE('',#4567,#951);
#761=LINE('',#4610,#952);
#762=LINE('',#4616,#953);
#763=LINE('',#4619,#954);
#764=LINE('',#4621,#955);
#765=LINE('',#4622,#956);
#766=LINE('',#4625,#957);
#767=LINE('',#4627,#958);
#768=LINE('',#4628,#959);
#769=VECTOR('',#2853,3.23225);
#770=VECTOR('',#2858,2.248);
#771=VECTOR('',#2865,3.23225);
#772=VECTOR('',#2870,2.248);
#773=VECTOR('',#2877,3.23225);
#774=VECTOR('',#2882,2.248);
#775=VECTOR('',#2889,3.23225);
#776=VECTOR('',#2894,2.248);
#777=VECTOR('',#2901,2.24475);
#778=VECTOR('',#2906,1.632);
#779=VECTOR('',#2913,2.24475);
#780=VECTOR('',#2918,1.632);
#781=VECTOR('',#2925,2.24475);
#782=VECTOR('',#2930,1.632);
#783=VECTOR('',#2937,2.24475);
#784=VECTOR('',#2942,1.632);
#785=VECTOR('',#2949,2.24475);
#786=VECTOR('',#2954,1.632);
#787=VECTOR('',#2961,2.24475);
#788=VECTOR('',#2966,1.632);
#789=VECTOR('',#2973,2.24475);
#790=VECTOR('',#2978,1.632);
#791=VECTOR('',#2985,2.24475);
#792=VECTOR('',#2990,1.632);
#793=VECTOR('',#2997,3.23225);
#794=VECTOR('',#3002,2.248);
#795=VECTOR('',#3009,3.23225);
#796=VECTOR('',#3014,2.248);
#797=VECTOR('',#3021,3.23225);
#798=VECTOR('',#3026,2.248);
#799=VECTOR('',#3033,3.23225);
#800=VECTOR('',#3038,2.248);
#801=VECTOR('',#3045,10.);
#802=VECTOR('',#3048,10.);
#803=VECTOR('',#3051,10.);
#804=VECTOR('',#3052,10.);
#805=VECTOR('',#3053,10.);
#806=VECTOR('',#3058,10.);
#807=VECTOR('',#3061,10.);
#808=VECTOR('',#3064,10.);
#809=VECTOR('',#3065,10.);
#810=VECTOR('',#3070,10.);
#811=VECTOR('',#3073,10.);
#812=VECTOR('',#3076,10.);
#813=VECTOR('',#3077,10.);
#814=VECTOR('',#3082,10.);
#815=VECTOR('',#3087,10.);
#816=VECTOR('',#3088,10.);
#817=VECTOR('',#3093,10.);
#818=VECTOR('',#3096,10.);
#819=VECTOR('',#3099,10.);
#820=VECTOR('',#3100,10.);
#821=VECTOR('',#3101,10.);
#822=VECTOR('',#3108,10.);
#823=VECTOR('',#3111,10.);
#824=VECTOR('',#3112,10.);
#825=VECTOR('',#3113,10.);
#826=VECTOR('',#3114,10.);
#827=VECTOR('',#3115,10.);
#828=VECTOR('',#3116,10.);
#829=VECTOR('',#3117,10.);
#830=VECTOR('',#3120,10.);
#831=VECTOR('',#3123,10.);
#832=VECTOR('',#3166,10.);
#833=VECTOR('',#3169,10.);
#834=VECTOR('',#3172,10.);
#835=VECTOR('',#3175,10.);
#836=VECTOR('',#3178,10.);
#837=VECTOR('',#3181,10.);
#838=VECTOR('',#3184,10.);
#839=VECTOR('',#3185,10.);
#840=VECTOR('',#3188,10.);
#841=VECTOR('',#3191,10.);
#842=VECTOR('',#3194,10.);
#843=VECTOR('',#3195,10.);
#844=VECTOR('',#3198,10.);
#845=VECTOR('',#3203,10.);
#846=VECTOR('',#3204,10.);
#847=VECTOR('',#3207,10.);
#848=VECTOR('',#3212,10.);
#849=VECTOR('',#3213,10.);
#850=VECTOR('',#3216,10.);
#851=VECTOR('',#3221,10.);
#852=VECTOR('',#3224,10.);
#853=VECTOR('',#3229,10.);
#854=VECTOR('',#3230,10.);
#855=VECTOR('',#3235,10.);
#856=VECTOR('',#3238,10.);
#857=VECTOR('',#3241,10.);
#858=VECTOR('',#3242,10.);
#859=VECTOR('',#3243,10.);
#860=VECTOR('',#3246,4.32);
#861=VECTOR('',#3247,10.);
#862=VECTOR('',#3248,4.32);
#863=VECTOR('',#3255,10.);
#864=VECTOR('',#3258,10.);
#865=VECTOR('',#3259,10.);
#866=VECTOR('',#3264,10.);
#867=VECTOR('',#3267,10.);
#868=VECTOR('',#3270,4.32);
#869=VECTOR('',#3271,10.);
#870=VECTOR('',#3272,10.);
#871=VECTOR('',#3275,10.);
#872=VECTOR('',#3278,4.32);
#873=VECTOR('',#3279,10.);
#874=VECTOR('',#3284,10.);
#875=VECTOR('',#3285,10.);
#876=VECTOR('',#3288,4.32);
#877=VECTOR('',#3289,10.);
#878=VECTOR('',#3292,10.);
#879=VECTOR('',#3293,4.32000000000003);
#880=VECTOR('',#3294,4.32000000000003);
#881=VECTOR('',#3297,4.32);
#882=VECTOR('',#3298,10.);
#883=VECTOR('',#3301,4.32000000000003);
#884=VECTOR('',#3302,10.);
#885=VECTOR('',#3305,10.);
#886=VECTOR('',#3306,4.32000000000003);
#887=VECTOR('',#3309,10.);
#888=VECTOR('',#3314,10.);
#889=VECTOR('',#3315,4.32000000000024);
#890=VECTOR('',#3316,4.32000000000024);
#891=VECTOR('',#3319,4.32000000000024);
#892=VECTOR('',#3320,10.);
#893=VECTOR('',#3323,10.);
#894=VECTOR('',#3324,4.32000000000024);
#895=VECTOR('',#3327,10.);
#896=VECTOR('',#3330,10.);
#897=VECTOR('',#3337,1.5);
#898=VECTOR('',#3342,1.5);
#899=VECTOR('',#3347,32.);
#900=VECTOR('',#3352,1.5);
#901=VECTOR('',#3357,1.5);
#902=VECTOR('',#3362,1.5);
#903=VECTOR('',#3367,32.);
#904=VECTOR('',#3372,1.5);
#905=VECTOR('',#3377,1.5);
#906=VECTOR('',#3382,1.5);
#907=VECTOR('',#3387,32.);
#908=VECTOR('',#3392,1.5);
#909=VECTOR('',#3397,1.5);
#910=VECTOR('',#3402,1.5);
#911=VECTOR('',#3407,1.5);
#912=VECTOR('',#3412,1.5);
#913=VECTOR('',#3417,1.5);
#914=VECTOR('',#3422,1.5);
#915=VECTOR('',#3427,1.5);
#916=VECTOR('',#3432,32.);
#917=VECTOR('',#3435,10.);
#918=VECTOR('',#3438,10.);
#919=VECTOR('',#3439,10.);
#920=VECTOR('',#3442,10.);
#921=VECTOR('',#3445,10.);
#922=VECTOR('',#3448,10.);
#923=VECTOR('',#3451,10.);
#924=VECTOR('',#3452,10.);
#925=VECTOR('',#3463,10.);
#926=VECTOR('',#3466,10.);
#927=VECTOR('',#3469,10.);
#928=VECTOR('',#3470,10.);
#929=VECTOR('',#3471,10.);
#930=VECTOR('',#3474,10.);
#931=VECTOR('',#3475,10.);
#932=VECTOR('',#3480,10.);
#933=VECTOR('',#3483,10.);
#934=VECTOR('',#3488,10.);
#935=VECTOR('',#3491,10.);
#936=VECTOR('',#3496,10.);
#937=VECTOR('',#3499,10.);
#938=VECTOR('',#3506,10.);
#939=VECTOR('',#3513,10.);
#940=VECTOR('',#3516,10.);
#941=VECTOR('',#3517,10.);
#942=VECTOR('',#3518,10.);
#943=VECTOR('',#3525,10.);
#944=VECTOR('',#3526,10.);
#945=VECTOR('',#3533,10.);
#946=VECTOR('',#3536,10.);
#947=VECTOR('',#3537,10.);
#948=VECTOR('',#3538,10.);
#949=VECTOR('',#3539,10.);
#950=VECTOR('',#3546,10.);
#951=VECTOR('',#3547,10.);
#952=VECTOR('',#3548,10.);
#953=VECTOR('',#3555,10.);
#954=VECTOR('',#3558,10.);
#955=VECTOR('',#3559,10.);
#956=VECTOR('',#3560,10.);
#957=VECTOR('',#3563,10.);
#958=VECTOR('',#3564,10.);
#959=VECTOR('',#3565,10.);
#960=CIRCLE('',#2580,4.2165);
#961=CIRCLE('',#2581,2.248);
#962=CIRCLE('',#2583,2.248);
#963=CIRCLE('',#2585,4.2165);
#964=CIRCLE('',#2586,2.248);
#965=CIRCLE('',#2588,2.248);
#966=CIRCLE('',#2590,4.2165);
#967=CIRCLE('',#2591,2.248);
#968=CIRCLE('',#2593,2.248);
#969=CIRCLE('',#2595,4.2165);
#970=CIRCLE('',#2596,2.248);
#971=CIRCLE('',#2598,2.248);
#972=CIRCLE('',#2600,2.8575);
#973=CIRCLE('',#2601,1.632);
#974=CIRCLE('',#2603,1.632);
#975=CIRCLE('',#2605,2.8575);
#976=CIRCLE('',#2606,1.632);
#977=CIRCLE('',#2608,1.632);
#978=CIRCLE('',#2610,2.8575);
#979=CIRCLE('',#2611,1.632);
#980=CIRCLE('',#2613,1.632);
#981=CIRCLE('',#2615,2.8575);
#982=CIRCLE('',#2616,1.632);
#983=CIRCLE('',#2618,1.632);
#984=CIRCLE('',#2620,2.8575);
#985=CIRCLE('',#2621,1.632);
#986=CIRCLE('',#2623,1.632);
#987=CIRCLE('',#2625,2.8575);
#988=CIRCLE('',#2626,1.632);
#989=CIRCLE('',#2628,1.632);
#990=CIRCLE('',#2630,2.8575);
#991=CIRCLE('',#2631,1.632);
#992=CIRCLE('',#2633,1.632);
#993=CIRCLE('',#2635,2.8575);
#994=CIRCLE('',#2636,1.632);
#995=CIRCLE('',#2638,1.632);
#996=CIRCLE('',#2640,4.21650000000118);
#997=CIRCLE('',#2641,2.248);
#998=CIRCLE('',#2643,2.248);
#999=CIRCLE('',#2645,4.2165);
#1000=CIRCLE('',#2646,2.248);
#1001=CIRCLE('',#2648,2.248);
#1002=CIRCLE('',#2650,4.2165);
#1003=CIRCLE('',#2651,2.248);
#1004=CIRCLE('',#2653,2.248);
#1005=CIRCLE('',#2655,4.21650000000118);
#1006=CIRCLE('',#2656,2.248);
#1007=CIRCLE('',#2658,2.248);
#1008=CIRCLE('',#2660,1.);
#1009=CIRCLE('',#2661,1.);
#1010=CIRCLE('',#2664,1.);
#1011=CIRCLE('',#2665,1.);
#1012=CIRCLE('',#2668,1.);
#1013=CIRCLE('',#2669,1.);
#1014=CIRCLE('',#2672,1.);
#1015=CIRCLE('',#2673,1.);
#1016=CIRCLE('',#2676,1.);
#1017=CIRCLE('',#2677,1.);
#1018=CIRCLE('',#2680,1.);
#1019=CIRCLE('',#2681,1.);
#1020=CIRCLE('',#2683,1.);
#1021=CIRCLE('',#2684,1.);
#1022=CIRCLE('',#2685,1.5);
#1023=CIRCLE('',#2686,1.5);
#1024=CIRCLE('',#2687,32.);
#1025=CIRCLE('',#2688,1.5);
#1026=CIRCLE('',#2689,1.5);
#1027=CIRCLE('',#2690,1.5);
#1028=CIRCLE('',#2691,32.);
#1029=CIRCLE('',#2692,1.5);
#1030=CIRCLE('',#2693,1.5);
#1031=CIRCLE('',#2694,1.5);
#1032=CIRCLE('',#2695,32.);
#1033=CIRCLE('',#2696,1.5);
#1034=CIRCLE('',#2697,1.5);
#1035=CIRCLE('',#2698,1.5);
#1036=CIRCLE('',#2699,1.5);
#1037=CIRCLE('',#2700,1.5);
#1038=CIRCLE('',#2701,1.5);
#1039=CIRCLE('',#2702,1.5);
#1040=CIRCLE('',#2703,1.5);
#1041=CIRCLE('',#2704,32.);
#1042=CIRCLE('',#2705,1.);
#1043=CIRCLE('',#2706,1.);
#1044=CIRCLE('',#2707,1.);
#1045=CIRCLE('',#2708,1.);
#1046=CIRCLE('',#2710,1.);
#1047=CIRCLE('',#2713,1.);
#1048=CIRCLE('',#2716,1.);
#1049=CIRCLE('',#2719,1.);
#1050=CIRCLE('',#2722,1.);
#1051=CIRCLE('',#2725,1.);
#1052=CIRCLE('',#2728,6.);
#1053=CIRCLE('',#2729,6.);
#1054=CIRCLE('',#2732,6.);
#1055=CIRCLE('',#2734,6.);
#1056=CIRCLE('',#2737,6.);
#1057=CIRCLE('',#2738,6.);
#1058=CIRCLE('',#2741,6.);
#1059=CIRCLE('',#2743,6.);
#1060=CIRCLE('',#2758,1.5);
#1061=CIRCLE('',#2760,1.5);
#1062=CIRCLE('',#2762,32.);
#1063=CIRCLE('',#2764,1.5);
#1064=CIRCLE('',#2766,1.5);
#1065=CIRCLE('',#2768,1.5);
#1066=CIRCLE('',#2770,32.);
#1067=CIRCLE('',#2772,1.5);
#1068=CIRCLE('',#2774,1.5);
#1069=CIRCLE('',#2776,1.5);
#1070=CIRCLE('',#2778,32.);
#1071=CIRCLE('',#2780,1.5);
#1072=CIRCLE('',#2782,1.5);
#1073=CIRCLE('',#2784,1.5);
#1074=CIRCLE('',#2786,1.5);
#1075=CIRCLE('',#2788,1.5);
#1076=CIRCLE('',#2790,1.5);
#1077=CIRCLE('',#2792,1.5);
#1078=CIRCLE('',#2794,1.5);
#1079=CIRCLE('',#2796,32.);
#1080=CIRCLE('',#2804,10.5);
#1081=CIRCLE('',#2805,10.5);
#1082=CIRCLE('',#2807,6.00000000000006);
#1083=CIRCLE('',#2808,6.00000000000006);
#1084=CIRCLE('',#2812,11.5);
#1085=CIRCLE('',#2813,11.5);
#1086=CIRCLE('',#2815,11.5);
#1087=CIRCLE('',#2816,11.5);
#1088=CIRCLE('',#2818,0.499999999999996);
#1089=CIRCLE('',#2819,0.499999999999996);
#1090=CIRCLE('',#2821,5.00000000000009);
#1091=CIRCLE('',#2822,5.00000000000009);
#1092=CIRCLE('',#2824,0.500000000000002);
#1093=CIRCLE('',#2825,0.500000000000002);
#1094=CIRCLE('',#2828,10.5);
#1095=CIRCLE('',#2829,10.5);
#1096=CIRCLE('',#2831,10.5);
#1097=CIRCLE('',#2832,10.5);
#1098=CIRCLE('',#2835,11.5);
#1099=CIRCLE('',#2836,11.5);
#1100=CIRCLE('',#2838,11.5);
#1101=CIRCLE('',#2839,11.5);
#1102=CIRCLE('',#2843,11.5);
#1103=CIRCLE('',#2844,11.5);
#1104=VERTEX_POINT('',#3578);
#1105=VERTEX_POINT('',#3580);
#1106=VERTEX_POINT('',#3584);
#1107=VERTEX_POINT('',#3588);
#1108=VERTEX_POINT('',#3590);
#1109=VERTEX_POINT('',#3594);
#1110=VERTEX_POINT('',#3598);
#1111=VERTEX_POINT('',#3600);
#1112=VERTEX_POINT('',#3604);
#1113=VERTEX_POINT('',#3608);
#1114=VERTEX_POINT('',#3610);
#1115=VERTEX_POINT('',#3614);
#1116=VERTEX_POINT('',#3618);
#1117=VERTEX_POINT('',#3620);
#1118=VERTEX_POINT('',#3624);
#1119=VERTEX_POINT('',#3628);
#1120=VERTEX_POINT('',#3630);
#1121=VERTEX_POINT('',#3634);
#1122=VERTEX_POINT('',#3638);
#1123=VERTEX_POINT('',#3640);
#1124=VERTEX_POINT('',#3644);
#1125=VERTEX_POINT('',#3648);
#1126=VERTEX_POINT('',#3650);
#1127=VERTEX_POINT('',#3654);
#1128=VERTEX_POINT('',#3658);
#1129=VERTEX_POINT('',#3660);
#1130=VERTEX_POINT('',#3664);
#1131=VERTEX_POINT('',#3668);
#1132=VERTEX_POINT('',#3670);
#1133=VERTEX_POINT('',#3674);
#1134=VERTEX_POINT('',#3678);
#1135=VERTEX_POINT('',#3680);
#1136=VERTEX_POINT('',#3684);
#1137=VERTEX_POINT('',#3688);
#1138=VERTEX_POINT('',#3690);
#1139=VERTEX_POINT('',#3694);
#1140=VERTEX_POINT('',#3698);
#1141=VERTEX_POINT('',#3700);
#1142=VERTEX_POINT('',#3704);
#1143=VERTEX_POINT('',#3708);
#1144=VERTEX_POINT('',#3710);
#1145=VERTEX_POINT('',#3714);
#1146=VERTEX_POINT('',#3718);
#1147=VERTEX_POINT('',#3720);
#1148=VERTEX_POINT('',#3724);
#1149=VERTEX_POINT('',#3728);
#1150=VERTEX_POINT('',#3730);
#1151=VERTEX_POINT('',#3734);
#1152=VERTEX_POINT('',#3738);
#1153=VERTEX_POINT('',#3739);
#1154=VERTEX_POINT('',#3741);
#1155=VERTEX_POINT('',#3743);
#1156=VERTEX_POINT('',#3747);
#1157=VERTEX_POINT('',#3749);
#1158=VERTEX_POINT('',#3753);
#1159=VERTEX_POINT('',#3754);
#1160=VERTEX_POINT('',#3756);
#1161=VERTEX_POINT('',#3758);
#1162=VERTEX_POINT('',#3765);
#1163=VERTEX_POINT('',#3766);
#1164=VERTEX_POINT('',#3768);
#1165=VERTEX_POINT('',#3770);
#1166=VERTEX_POINT('',#3777);
#1167=VERTEX_POINT('',#3779);
#1168=VERTEX_POINT('',#3786);
#1169=VERTEX_POINT('',#3787);
#1170=VERTEX_POINT('',#3789);
#1171=VERTEX_POINT('',#3791);
#1172=VERTEX_POINT('',#3795);
#1173=VERTEX_POINT('',#3797);
#1174=VERTEX_POINT('',#3801);
#1175=VERTEX_POINT('',#3803);
#1176=VERTEX_POINT('',#3807);
#1177=VERTEX_POINT('',#3809);
#1178=VERTEX_POINT('',#3811);
#1179=VERTEX_POINT('',#3813);
#1180=VERTEX_POINT('',#3815);
#1181=VERTEX_POINT('',#3817);
#1182=VERTEX_POINT('',#3819);
#1183=VERTEX_POINT('',#3821);
#1184=VERTEX_POINT('',#3823);
#1185=VERTEX_POINT('',#3825);
#1186=VERTEX_POINT('',#3828);
#1187=VERTEX_POINT('',#3830);
#1188=VERTEX_POINT('',#3832);
#1189=VERTEX_POINT('',#3834);
#1190=VERTEX_POINT('',#3836);
#1191=VERTEX_POINT('',#3838);
#1192=VERTEX_POINT('',#3840);
#1193=VERTEX_POINT('',#3842);
#1194=VERTEX_POINT('',#3844);
#1195=VERTEX_POINT('',#3846);
#1196=VERTEX_POINT('',#3848);
#1197=VERTEX_POINT('',#3850);
#1198=VERTEX_POINT('',#3852);
#1199=VERTEX_POINT('',#3854);
#1200=VERTEX_POINT('',#3856);
#1201=VERTEX_POINT('',#3858);
#1202=VERTEX_POINT('',#3860);
#1203=VERTEX_POINT('',#3862);
#1204=VERTEX_POINT('',#3864);
#1205=VERTEX_POINT('',#3866);
#1206=VERTEX_POINT('',#3868);
#1207=VERTEX_POINT('',#3869);
#1208=VERTEX_POINT('',#3871);
#1209=VERTEX_POINT('',#3873);
#1210=VERTEX_POINT('',#3875);
#1211=VERTEX_POINT('',#3877);
#1212=VERTEX_POINT('',#3879);
#1213=VERTEX_POINT('',#3881);
#1214=VERTEX_POINT('',#3885);
#1215=VERTEX_POINT('',#3887);
#1216=VERTEX_POINT('',#3891);
#1217=VERTEX_POINT('',#3895);
#1218=VERTEX_POINT('',#3897);
#1219=VERTEX_POINT('',#3901);
#1220=VERTEX_POINT('',#3905);
#1221=VERTEX_POINT('',#3909);
#1222=VERTEX_POINT('',#3913);
#1223=VERTEX_POINT('',#3917);
#1224=VERTEX_POINT('',#3921);
#1225=VERTEX_POINT('',#3927);
#1226=VERTEX_POINT('',#3931);
#1227=VERTEX_POINT('',#3935);
#1228=VERTEX_POINT('',#3936);
#1229=VERTEX_POINT('',#3938);
#1230=VERTEX_POINT('',#3940);
#1231=VERTEX_POINT('',#3944);
#1232=VERTEX_POINT('',#3946);
#1233=VERTEX_POINT('',#3950);
#1234=VERTEX_POINT('',#3952);
#1235=VERTEX_POINT('',#3954);
#1236=VERTEX_POINT('',#3958);
#1237=VERTEX_POINT('',#3962);
#1238=VERTEX_POINT('',#3966);
#1239=VERTEX_POINT('',#3967);
#1240=VERTEX_POINT('',#3969);
#1241=VERTEX_POINT('',#3971);
#1242=VERTEX_POINT('',#3975);
#1243=VERTEX_POINT('',#3977);
#1244=VERTEX_POINT('',#3981);
#1245=VERTEX_POINT('',#3983);
#1246=VERTEX_POINT('',#3985);
#1247=VERTEX_POINT('',#3989);
#1248=VERTEX_POINT('',#3990);
#1249=VERTEX_POINT('',#3995);
#1250=VERTEX_POINT('',#3999);
#1251=VERTEX_POINT('',#4007);
#1252=VERTEX_POINT('',#4011);
#1253=VERTEX_POINT('',#4022);
#1254=VERTEX_POINT('',#4026);
#1255=VERTEX_POINT('',#4035);
#1256=VERTEX_POINT('',#4039);
#1257=VERTEX_POINT('',#4043);
#1258=VERTEX_POINT('',#4047);
#1259=VERTEX_POINT('',#4051);
#1260=VERTEX_POINT('',#4055);
#1261=VERTEX_POINT('',#4059);
#1262=VERTEX_POINT('',#4063);
#1263=VERTEX_POINT('',#4067);
#1264=VERTEX_POINT('',#4071);
#1265=VERTEX_POINT('',#4075);
#1266=VERTEX_POINT('',#4079);
#1267=VERTEX_POINT('',#4083);
#1268=VERTEX_POINT('',#4087);
#1269=VERTEX_POINT('',#4091);
#1270=VERTEX_POINT('',#4095);
#1271=VERTEX_POINT('',#4099);
#1272=VERTEX_POINT('',#4103);
#1273=VERTEX_POINT('',#4107);
#1274=VERTEX_POINT('',#4111);
#1275=VERTEX_POINT('',#4117);
#1276=VERTEX_POINT('',#4141);
#1277=VERTEX_POINT('',#4142);
#1278=VERTEX_POINT('',#4150);
#1279=VERTEX_POINT('',#4152);
#1280=VERTEX_POINT('',#4165);
#1281=VERTEX_POINT('',#4166);
#1282=VERTEX_POINT('',#4168);
#1283=VERTEX_POINT('',#4170);
#1284=VERTEX_POINT('',#4174);
#1285=VERTEX_POINT('',#4176);
#1286=VERTEX_POINT('',#4183);
#1287=VERTEX_POINT('',#4184);
#1288=VERTEX_POINT('',#4186);
#1289=VERTEX_POINT('',#4188);
#1290=VERTEX_POINT('',#4268);
#1291=VERTEX_POINT('',#4269);
#1292=VERTEX_POINT('',#4271);
#1293=VERTEX_POINT('',#4273);
#1294=VERTEX_POINT('',#4365);
#1295=VERTEX_POINT('',#4366);
#1296=VERTEX_POINT('',#4368);
#1297=VERTEX_POINT('',#4370);
#1298=VERTEX_POINT('',#4374);
#1299=VERTEX_POINT('',#4376);
#1300=VERTEX_POINT('',#4380);
#1301=VERTEX_POINT('',#4382);
#1302=VERTEX_POINT('',#4386);
#1303=VERTEX_POINT('',#4388);
#1304=VERTEX_POINT('',#4392);
#1305=VERTEX_POINT('',#4394);
#1306=VERTEX_POINT('',#4405);
#1307=VERTEX_POINT('',#4410);
#1308=VERTEX_POINT('',#4417);
#1309=VERTEX_POINT('',#4419);
#1310=VERTEX_POINT('',#4469);
#1311=VERTEX_POINT('',#4470);
#1312=VERTEX_POINT('',#4493);
#1313=VERTEX_POINT('',#4495);
#1314=VERTEX_POINT('',#4520);
#1315=VERTEX_POINT('',#4522);
#1316=VERTEX_POINT('',#4545);
#1317=VERTEX_POINT('',#4556);
#1318=VERTEX_POINT('',#4588);
#1319=VERTEX_POINT('',#4599);
#1320=VERTEX_POINT('',#4612);
#1321=VERTEX_POINT('',#4614);
#1322=VERTEX_POINT('',#4618);
#1323=VERTEX_POINT('',#4620);
#1324=VERTEX_POINT('',#4624);
#1325=VERTEX_POINT('',#4626);
#1326=EDGE_CURVE('',#1104,#1104,#960,.T.);
#1327=EDGE_CURVE('',#1104,#1105,#578,.T.);
#1328=EDGE_CURVE('',#1105,#1105,#961,.T.);
#1329=EDGE_CURVE('',#1105,#1106,#579,.T.);
#1330=EDGE_CURVE('',#1106,#1106,#962,.T.);
#1331=EDGE_CURVE('',#1107,#1107,#963,.T.);
#1332=EDGE_CURVE('',#1107,#1108,#580,.T.);
#1333=EDGE_CURVE('',#1108,#1108,#964,.T.);
#1334=EDGE_CURVE('',#1108,#1109,#581,.T.);
#1335=EDGE_CURVE('',#1109,#1109,#965,.T.);
#1336=EDGE_CURVE('',#1110,#1110,#966,.T.);
#1337=EDGE_CURVE('',#1110,#1111,#582,.T.);
#1338=EDGE_CURVE('',#1111,#1111,#967,.T.);
#1339=EDGE_CURVE('',#1111,#1112,#583,.T.);
#1340=EDGE_CURVE('',#1112,#1112,#968,.T.);
#1341=EDGE_CURVE('',#1113,#1113,#969,.T.);
#1342=EDGE_CURVE('',#1113,#1114,#584,.T.);
#1343=EDGE_CURVE('',#1114,#1114,#970,.T.);
#1344=EDGE_CURVE('',#1114,#1115,#585,.T.);
#1345=EDGE_CURVE('',#1115,#1115,#971,.T.);
#1346=EDGE_CURVE('',#1116,#1116,#972,.T.);
#1347=EDGE_CURVE('',#1116,#1117,#586,.T.);
#1348=EDGE_CURVE('',#1117,#1117,#973,.T.);
#1349=EDGE_CURVE('',#1117,#1118,#587,.T.);
#1350=EDGE_CURVE('',#1118,#1118,#974,.T.);
#1351=EDGE_CURVE('',#1119,#1119,#975,.T.);
#1352=EDGE_CURVE('',#1119,#1120,#588,.T.);
#1353=EDGE_CURVE('',#1120,#1120,#976,.T.);
#1354=EDGE_CURVE('',#1120,#1121,#589,.T.);
#1355=EDGE_CURVE('',#1121,#1121,#977,.T.);
#1356=EDGE_CURVE('',#1122,#1122,#978,.T.);
#1357=EDGE_CURVE('',#1122,#1123,#590,.T.);
#1358=EDGE_CURVE('',#1123,#1123,#979,.T.);
#1359=EDGE_CURVE('',#1123,#1124,#591,.T.);
#1360=EDGE_CURVE('',#1124,#1124,#980,.T.);
#1361=EDGE_CURVE('',#1125,#1125,#981,.T.);
#1362=EDGE_CURVE('',#1125,#1126,#592,.T.);
#1363=EDGE_CURVE('',#1126,#1126,#982,.T.);
#1364=EDGE_CURVE('',#1126,#1127,#593,.T.);
#1365=EDGE_CURVE('',#1127,#1127,#983,.T.);
#1366=EDGE_CURVE('',#1128,#1128,#984,.T.);
#1367=EDGE_CURVE('',#1128,#1129,#594,.T.);
#1368=EDGE_CURVE('',#1129,#1129,#985,.T.);
#1369=EDGE_CURVE('',#1129,#1130,#595,.T.);
#1370=EDGE_CURVE('',#1130,#1130,#986,.T.);
#1371=EDGE_CURVE('',#1131,#1131,#987,.T.);
#1372=EDGE_CURVE('',#1131,#1132,#596,.T.);
#1373=EDGE_CURVE('',#1132,#1132,#988,.T.);
#1374=EDGE_CURVE('',#1132,#1133,#597,.T.);
#1375=EDGE_CURVE('',#1133,#1133,#989,.T.);
#1376=EDGE_CURVE('',#1134,#1134,#990,.T.);
#1377=EDGE_CURVE('',#1134,#1135,#598,.T.);
#1378=EDGE_CURVE('',#1135,#1135,#991,.T.);
#1379=EDGE_CURVE('',#1135,#1136,#599,.T.);
#1380=EDGE_CURVE('',#1136,#1136,#992,.T.);
#1381=EDGE_CURVE('',#1137,#1137,#993,.T.);
#1382=EDGE_CURVE('',#1137,#1138,#600,.T.);
#1383=EDGE_CURVE('',#1138,#1138,#994,.T.);
#1384=EDGE_CURVE('',#1138,#1139,#601,.T.);
#1385=EDGE_CURVE('',#1139,#1139,#995,.T.);
#1386=EDGE_CURVE('',#1140,#1140,#996,.T.);
#1387=EDGE_CURVE('',#1140,#1141,#602,.T.);
#1388=EDGE_CURVE('',#1141,#1141,#997,.T.);
#1389=EDGE_CURVE('',#1141,#1142,#603,.T.);
#1390=EDGE_CURVE('',#1142,#1142,#998,.T.);
#1391=EDGE_CURVE('',#1143,#1143,#999,.T.);
#1392=EDGE_CURVE('',#1143,#1144,#604,.T.);
#1393=EDGE_CURVE('',#1144,#1144,#1000,.T.);
#1394=EDGE_CURVE('',#1144,#1145,#605,.T.);
#1395=EDGE_CURVE('',#1145,#1145,#1001,.T.);
#1396=EDGE_CURVE('',#1146,#1146,#1002,.T.);
#1397=EDGE_CURVE('',#1146,#1147,#606,.T.);
#1398=EDGE_CURVE('',#1147,#1147,#1003,.T.);
#1399=EDGE_CURVE('',#1147,#1148,#607,.T.);
#1400=EDGE_CURVE('',#1148,#1148,#1004,.T.);
#1401=EDGE_CURVE('',#1149,#1149,#1005,.T.);
#1402=EDGE_CURVE('',#1149,#1150,#608,.T.);
#1403=EDGE_CURVE('',#1150,#1150,#1006,.T.);
#1404=EDGE_CURVE('',#1150,#1151,#609,.T.);
#1405=EDGE_CURVE('',#1151,#1151,#1007,.T.);
#1406=EDGE_CURVE('',#1152,#1153,#1008,.T.);
#1407=EDGE_CURVE('',#1153,#1154,#610,.T.);
#1408=EDGE_CURVE('',#1154,#1155,#1009,.T.);
#1409=EDGE_CURVE('',#1155,#1152,#611,.T.);
#1410=EDGE_CURVE('',#1153,#1156,#612,.T.);
#1411=EDGE_CURVE('',#1157,#1156,#613,.T.);
#1412=EDGE_CURVE('',#1154,#1157,#614,.T.);
#1413=EDGE_CURVE('',#1158,#1159,#1010,.T.);
#1414=EDGE_CURVE('',#1159,#1160,#615,.T.);
#1415=EDGE_CURVE('',#1160,#1161,#1011,.T.);
#1416=EDGE_CURVE('',#1161,#1158,#616,.T.);
#1417=EDGE_CURVE('',#1160,#1155,#617,.T.);
#1418=EDGE_CURVE('',#1159,#1152,#618,.T.);
#1419=EDGE_CURVE('',#1162,#1163,#1012,.T.);
#1420=EDGE_CURVE('',#1163,#1164,#619,.T.);
#1421=EDGE_CURVE('',#1164,#1165,#1013,.T.);
#1422=EDGE_CURVE('',#1165,#1162,#620,.T.);
#1423=EDGE_CURVE('',#1164,#1161,#621,.T.);
#1424=EDGE_CURVE('',#1163,#1158,#622,.T.);
#1425=EDGE_CURVE('',#1156,#1166,#1014,.T.);
#1426=EDGE_CURVE('',#1166,#1167,#623,.T.);
#1427=EDGE_CURVE('',#1167,#1157,#1015,.T.);
#1428=EDGE_CURVE('',#1167,#1165,#624,.T.);
#1429=EDGE_CURVE('',#1166,#1162,#625,.T.);
#1430=EDGE_CURVE('',#1168,#1169,#1016,.T.);
#1431=EDGE_CURVE('',#1169,#1170,#626,.T.);
#1432=EDGE_CURVE('',#1170,#1171,#1017,.T.);
#1433=EDGE_CURVE('',#1171,#1168,#627,.T.);
#1434=EDGE_CURVE('',#1169,#1172,#628,.T.);
#1435=EDGE_CURVE('',#1173,#1172,#629,.T.);
#1436=EDGE_CURVE('',#1170,#1173,#630,.T.);
#1437=EDGE_CURVE('',#1174,#1173,#1018,.T.);
#1438=EDGE_CURVE('',#1172,#1175,#1019,.T.);
#1439=EDGE_CURVE('',#1175,#1174,#631,.T.);
#1440=EDGE_CURVE('',#1176,#1168,#632,.T.);
#1441=EDGE_CURVE('',#1177,#1176,#633,.T.);
#1442=EDGE_CURVE('',#1178,#1177,#634,.T.);
#1443=EDGE_CURVE('',#1179,#1178,#635,.T.);
#1444=EDGE_CURVE('',#1180,#1179,#636,.T.);
#1445=EDGE_CURVE('',#1181,#1180,#637,.T.);
#1446=EDGE_CURVE('',#1182,#1181,#638,.T.);
#1447=EDGE_CURVE('',#1183,#1182,#1020,.T.);
#1448=EDGE_CURVE('',#1184,#1183,#639,.T.);
#1449=EDGE_CURVE('',#1185,#1184,#1021,.T.);
#1450=EDGE_CURVE('',#1175,#1185,#640,.T.);
#1451=EDGE_CURVE('',#1186,#1186,#1022,.T.);
#1452=EDGE_CURVE('',#1187,#1187,#1023,.T.);
#1453=EDGE_CURVE('',#1188,#1188,#1024,.T.);
#1454=EDGE_CURVE('',#1189,#1189,#1025,.T.);
#1455=EDGE_CURVE('',#1190,#1190,#1026,.T.);
#1456=EDGE_CURVE('',#1191,#1191,#1027,.T.);
#1457=EDGE_CURVE('',#1192,#1192,#1028,.T.);
#1458=EDGE_CURVE('',#1193,#1193,#1029,.T.);
#1459=EDGE_CURVE('',#1194,#1194,#1030,.T.);
#1460=EDGE_CURVE('',#1195,#1195,#1031,.T.);
#1461=EDGE_CURVE('',#1196,#1196,#1032,.T.);
#1462=EDGE_CURVE('',#1197,#1197,#1033,.T.);
#1463=EDGE_CURVE('',#1198,#1198,#1034,.T.);
#1464=EDGE_CURVE('',#1199,#1199,#1035,.T.);
#1465=EDGE_CURVE('',#1200,#1200,#1036,.T.);
#1466=EDGE_CURVE('',#1201,#1201,#1037,.T.);
#1467=EDGE_CURVE('',#1202,#1202,#1038,.T.);
#1468=EDGE_CURVE('',#1203,#1203,#1039,.T.);
#1469=EDGE_CURVE('',#1204,#1204,#1040,.T.);
#1470=EDGE_CURVE('',#1205,#1205,#1041,.T.);
#1471=EDGE_CURVE('',#1206,#1207,#1042,.T.);
#1472=EDGE_CURVE('',#1208,#1206,#641,.T.);
#1473=EDGE_CURVE('',#1209,#1208,#1043,.T.);
#1474=EDGE_CURVE('',#1210,#1209,#642,.T.);
#1475=EDGE_CURVE('',#1211,#1210,#1044,.T.);
#1476=EDGE_CURVE('',#1212,#1211,#643,.T.);
#1477=EDGE_CURVE('',#1213,#1212,#1045,.T.);
#1478=EDGE_CURVE('',#1207,#1213,#644,.T.);
#1479=EDGE_CURVE('',#1184,#1214,#645,.T.);
#1480=EDGE_CURVE('',#1214,#1215,#1046,.T.);
#1481=EDGE_CURVE('',#1215,#1185,#646,.T.);
#1482=EDGE_CURVE('',#1216,#1183,#647,.T.);
#1483=EDGE_CURVE('',#1214,#1216,#648,.T.);
#1484=EDGE_CURVE('',#1208,#1217,#649,.T.);
#1485=EDGE_CURVE('',#1217,#1218,#1047,.T.);
#1486=EDGE_CURVE('',#1218,#1209,#650,.T.);
#1487=EDGE_CURVE('',#1219,#1206,#651,.T.);
#1488=EDGE_CURVE('',#1217,#1219,#652,.T.);
#1489=EDGE_CURVE('',#1207,#1220,#653,.T.);
#1490=EDGE_CURVE('',#1220,#1219,#1048,.T.);
#1491=EDGE_CURVE('',#1221,#1213,#654,.T.);
#1492=EDGE_CURVE('',#1220,#1221,#655,.T.);
#1493=EDGE_CURVE('',#1212,#1222,#656,.T.);
#1494=EDGE_CURVE('',#1222,#1221,#1049,.T.);
#1495=EDGE_CURVE('',#1223,#1211,#657,.T.);
#1496=EDGE_CURVE('',#1222,#1223,#658,.T.);
#1497=EDGE_CURVE('',#1210,#1224,#659,.T.);
#1498=EDGE_CURVE('',#1224,#1223,#1050,.T.);
#1499=EDGE_CURVE('',#1224,#1218,#660,.T.);
#1500=EDGE_CURVE('',#1182,#1225,#661,.T.);
#1501=EDGE_CURVE('',#1225,#1216,#1051,.T.);
#1502=EDGE_CURVE('',#1181,#1226,#662,.T.);
#1503=EDGE_CURVE('',#1225,#1226,#663,.T.);
#1504=EDGE_CURVE('',#1227,#1228,#1052,.T.);
#1505=EDGE_CURVE('',#1228,#1229,#664,.T.);
#1506=EDGE_CURVE('',#1229,#1230,#1053,.T.);
#1507=EDGE_CURVE('',#1230,#1227,#665,.T.);
#1508=EDGE_CURVE('',#1231,#1230,#666,.T.);
#1509=EDGE_CURVE('',#1232,#1231,#667,.T.);
#1510=EDGE_CURVE('',#1227,#1232,#668,.T.);
#1511=EDGE_CURVE('',#1229,#1233,#669,.T.);
#1512=EDGE_CURVE('',#1233,#1234,#670,.T.);
#1513=EDGE_CURVE('',#1235,#1234,#671,.T.);
#1514=EDGE_CURVE('',#1231,#1235,#1054,.T.);
#1515=EDGE_CURVE('',#1236,#1232,#1055,.T.);
#1516=EDGE_CURVE('',#1235,#1236,#672,.T.);
#1517=EDGE_CURVE('',#1234,#1237,#673,.T.);
#1518=EDGE_CURVE('',#1236,#1237,#674,.T.);
#1519=EDGE_CURVE('',#1238,#1239,#1056,.T.);
#1520=EDGE_CURVE('',#1239,#1240,#675,.T.);
#1521=EDGE_CURVE('',#1240,#1241,#1057,.T.);
#1522=EDGE_CURVE('',#1241,#1238,#676,.T.);
#1523=EDGE_CURVE('',#1241,#1242,#677,.T.);
#1524=EDGE_CURVE('',#1242,#1243,#678,.T.);
#1525=EDGE_CURVE('',#1238,#1243,#679,.T.);
#1526=EDGE_CURVE('',#1240,#1244,#680,.T.);
#1527=EDGE_CURVE('',#1245,#1244,#1058,.T.);
#1528=EDGE_CURVE('',#1245,#1246,#681,.T.);
#1529=EDGE_CURVE('',#1246,#1242,#682,.T.);
#1530=EDGE_CURVE('',#1247,#1248,#1059,.T.);
#1531=EDGE_CURVE('',#1248,#1245,#683,.T.);
#1532=EDGE_CURVE('',#1244,#1247,#684,.T.);
#1533=EDGE_CURVE('',#1249,#1248,#685,.T.);
#1534=EDGE_CURVE('',#1249,#1246,#686,.T.);
#1535=EDGE_CURVE('',#1237,#1250,#687,.T.);
#1536=EDGE_CURVE('',#1237,#1180,#688,.T.);
#1537=EDGE_CURVE('',#1179,#1250,#689,.T.);
#1538=EDGE_CURVE('',#1250,#1228,#690,.T.);
#1539=EDGE_CURVE('',#1250,#1233,#691,.T.);
#1540=EDGE_CURVE('',#1234,#1251,#692,.T.);
#1541=EDGE_CURVE('',#1180,#1251,#693,.T.);
#1542=EDGE_CURVE('',#1179,#1252,#694,.T.);
#1543=EDGE_CURVE('',#1233,#1252,#695,.T.);
#1544=EDGE_CURVE('',#1251,#1252,#696,.T.);
#1545=EDGE_CURVE('',#1243,#1249,#697,.T.);
#1546=EDGE_CURVE('',#1243,#1178,#698,.T.);
#1547=EDGE_CURVE('',#1177,#1249,#699,.T.);
#1548=EDGE_CURVE('',#1242,#1253,#700,.T.);
#1549=EDGE_CURVE('',#1178,#1253,#701,.T.);
#1550=EDGE_CURVE('',#1177,#1254,#702,.T.);
#1551=EDGE_CURVE('',#1246,#1254,#703,.T.);
#1552=EDGE_CURVE('',#1247,#1239,#704,.T.);
#1553=EDGE_CURVE('',#1253,#1254,#705,.T.);
#1554=EDGE_CURVE('',#1255,#1255,#1060,.T.);
#1555=EDGE_CURVE('',#1255,#1186,#706,.T.);
#1556=EDGE_CURVE('',#1256,#1256,#1061,.T.);
#1557=EDGE_CURVE('',#1256,#1187,#707,.T.);
#1558=EDGE_CURVE('',#1257,#1257,#1062,.T.);
#1559=EDGE_CURVE('',#1257,#1188,#708,.T.);
#1560=EDGE_CURVE('',#1258,#1258,#1063,.T.);
#1561=EDGE_CURVE('',#1258,#1189,#709,.T.);
#1562=EDGE_CURVE('',#1259,#1259,#1064,.T.);
#1563=EDGE_CURVE('',#1259,#1190,#710,.T.);
#1564=EDGE_CURVE('',#1260,#1260,#1065,.T.);
#1565=EDGE_CURVE('',#1260,#1191,#711,.T.);
#1566=EDGE_CURVE('',#1261,#1261,#1066,.T.);
#1567=EDGE_CURVE('',#1261,#1192,#712,.T.);
#1568=EDGE_CURVE('',#1262,#1262,#1067,.T.);
#1569=EDGE_CURVE('',#1262,#1193,#713,.T.);
#1570=EDGE_CURVE('',#1263,#1263,#1068,.T.);
#1571=EDGE_CURVE('',#1263,#1194,#714,.T.);
#1572=EDGE_CURVE('',#1264,#1264,#1069,.T.);
#1573=EDGE_CURVE('',#1264,#1195,#715,.T.);
#1574=EDGE_CURVE('',#1265,#1265,#1070,.T.);
#1575=EDGE_CURVE('',#1265,#1196,#716,.T.);
#1576=EDGE_CURVE('',#1266,#1266,#1071,.T.);
#1577=EDGE_CURVE('',#1266,#1197,#717,.T.);
#1578=EDGE_CURVE('',#1267,#1267,#1072,.T.);
#1579=EDGE_CURVE('',#1267,#1198,#718,.T.);
#1580=EDGE_CURVE('',#1268,#1268,#1073,.T.);
#1581=EDGE_CURVE('',#1268,#1199,#719,.T.);
#1582=EDGE_CURVE('',#1269,#1269,#1074,.T.);
#1583=EDGE_CURVE('',#1269,#1200,#720,.T.);
#1584=EDGE_CURVE('',#1270,#1270,#1075,.T.);
#1585=EDGE_CURVE('',#1270,#1201,#721,.T.);
#1586=EDGE_CURVE('',#1271,#1271,#1076,.T.);
#1587=EDGE_CURVE('',#1271,#1202,#722,.T.);
#1588=EDGE_CURVE('',#1272,#1272,#1077,.T.);
#1589=EDGE_CURVE('',#1272,#1203,#723,.T.);
#1590=EDGE_CURVE('',#1273,#1273,#1078,.T.);
#1591=EDGE_CURVE('',#1273,#1204,#724,.T.);
#1592=EDGE_CURVE('',#1274,#1274,#1079,.T.);
#1593=EDGE_CURVE('',#1274,#1205,#725,.T.);
#1594=EDGE_CURVE('',#1174,#1215,#726,.T.);
#1595=EDGE_CURVE('',#1275,#1171,#727,.T.);
#1596=EDGE_CURVE('',#1176,#1275,#728,.T.);
#1597=EDGE_CURVE('',#1254,#1275,#729,.T.);
#1598=EDGE_CURVE('',#1252,#1253,#730,.T.);
#1599=EDGE_CURVE('',#1226,#1251,#731,.T.);
#1600=EDGE_CURVE('',#1276,#1277,#13,.T.);
#1601=EDGE_CURVE('',#1276,#1278,#732,.T.);
#1602=EDGE_CURVE('',#1279,#1278,#14,.T.);
#1603=EDGE_CURVE('',#1277,#1279,#733,.T.);
#1604=EDGE_CURVE('',#1277,#1276,#1080,.T.);
#1605=EDGE_CURVE('',#1278,#1279,#1081,.T.);
#1606=EDGE_CURVE('',#1280,#1281,#1082,.T.);
#1607=EDGE_CURVE('',#1280,#1282,#734,.T.);
#1608=EDGE_CURVE('',#1283,#1282,#1083,.T.);
#1609=EDGE_CURVE('',#1281,#1283,#735,.T.);
#1610=EDGE_CURVE('',#1281,#1284,#736,.T.);
#1611=EDGE_CURVE('',#1285,#1283,#737,.T.);
#1612=EDGE_CURVE('',#1284,#1285,#738,.T.);
#1613=EDGE_CURVE('',#1284,#1280,#739,.T.);
#1614=EDGE_CURVE('',#1282,#1285,#740,.T.);
#1615=EDGE_CURVE('',#1286,#1287,#1084,.T.);
#1616=EDGE_CURVE('',#1286,#1288,#741,.T.);
#1617=EDGE_CURVE('',#1289,#1288,#1085,.T.);
#1618=EDGE_CURVE('',#1287,#1289,#742,.T.);
#1619=EDGE_CURVE('',#1287,#1286,#15,.T.);
#1620=EDGE_CURVE('',#1288,#1289,#16,.T.);
#1621=EDGE_CURVE('',#1290,#1291,#1086,.T.);
#1622=EDGE_CURVE('',#1290,#1292,#743,.T.);
#1623=EDGE_CURVE('',#1293,#1292,#1087,.T.);
#1624=EDGE_CURVE('',#1291,#1293,#744,.T.);
#1625=EDGE_CURVE('',#1291,#1290,#17,.T.);
#1626=EDGE_CURVE('',#1292,#1293,#18,.T.);
#1627=EDGE_CURVE('',#1294,#1295,#1088,.T.);
#1628=EDGE_CURVE('',#1294,#1296,#745,.T.);
#1629=EDGE_CURVE('',#1297,#1296,#1089,.T.);
#1630=EDGE_CURVE('',#1295,#1297,#746,.T.);
#1631=EDGE_CURVE('',#1295,#1298,#1090,.T.);
#1632=EDGE_CURVE('',#1299,#1297,#1091,.T.);
#1633=EDGE_CURVE('',#1298,#1299,#747,.T.);
#1634=EDGE_CURVE('',#1298,#1300,#1092,.T.);
#1635=EDGE_CURVE('',#1301,#1299,#1093,.T.);
#1636=EDGE_CURVE('',#1300,#1301,#748,.T.);
#1637=EDGE_CURVE('',#1300,#1302,#749,.T.);
#1638=EDGE_CURVE('',#1303,#1301,#750,.T.);
#1639=EDGE_CURVE('',#1302,#1303,#751,.T.);
#1640=EDGE_CURVE('',#1302,#1304,#1094,.T.);
#1641=EDGE_CURVE('',#1305,#1303,#1095,.T.);
#1642=EDGE_CURVE('',#1304,#1305,#752,.T.);
#1643=EDGE_CURVE('',#1304,#1306,#19,.T.);
#1644=EDGE_CURVE('',#1307,#1305,#20,.T.);
#1645=EDGE_CURVE('',#1306,#1307,#753,.T.);
#1646=EDGE_CURVE('',#1306,#1308,#1096,.T.);
#1647=EDGE_CURVE('',#1309,#1307,#1097,.T.);
#1648=EDGE_CURVE('',#1308,#1309,#754,.T.);
#1649=EDGE_CURVE('',#1308,#1294,#755,.T.);
#1650=EDGE_CURVE('',#1296,#1309,#756,.T.);
#1651=EDGE_CURVE('',#1310,#1311,#21,.T.);
#1652=EDGE_CURVE('',#1310,#1312,#757,.T.);
#1653=EDGE_CURVE('',#1313,#1312,#22,.T.);
#1654=EDGE_CURVE('',#1311,#1313,#758,.T.);
#1655=EDGE_CURVE('',#1311,#1314,#1098,.T.);
#1656=EDGE_CURVE('',#1315,#1313,#1099,.T.);
#1657=EDGE_CURVE('',#1314,#1315,#759,.T.);
#1658=EDGE_CURVE('',#1314,#1316,#23,.T.);
#1659=EDGE_CURVE('',#1317,#1315,#24,.T.);
#1660=EDGE_CURVE('',#1316,#1317,#760,.T.);
#1661=EDGE_CURVE('',#1316,#1318,#25,.T.);
#1662=EDGE_CURVE('',#1319,#1317,#26,.T.);
#1663=EDGE_CURVE('',#1318,#1319,#761,.T.);
#1664=EDGE_CURVE('',#1318,#1320,#1100,.T.);
#1665=EDGE_CURVE('',#1321,#1319,#1101,.T.);
#1666=EDGE_CURVE('',#1320,#1321,#762,.T.);
#1667=EDGE_CURVE('',#1320,#1322,#763,.T.);
#1668=EDGE_CURVE('',#1323,#1321,#764,.T.);
#1669=EDGE_CURVE('',#1322,#1323,#765,.T.);
#1670=EDGE_CURVE('',#1324,#1322,#766,.T.);
#1671=EDGE_CURVE('',#1325,#1323,#767,.T.);
#1672=EDGE_CURVE('',#1324,#1325,#768,.T.);
#1673=EDGE_CURVE('',#1324,#1310,#1102,.T.);
#1674=EDGE_CURVE('',#1312,#1325,#1103,.T.);
#1675=ORIENTED_EDGE('',*,*,#1326,.F.);
#1676=ORIENTED_EDGE('',*,*,#1327,.T.);
#1677=ORIENTED_EDGE('',*,*,#1328,.T.);
#1678=ORIENTED_EDGE('',*,*,#1327,.F.);
#1679=ORIENTED_EDGE('',*,*,#1328,.F.);
#1680=ORIENTED_EDGE('',*,*,#1329,.T.);
#1681=ORIENTED_EDGE('',*,*,#1330,.F.);
#1682=ORIENTED_EDGE('',*,*,#1329,.F.);
#1683=ORIENTED_EDGE('',*,*,#1331,.F.);
#1684=ORIENTED_EDGE('',*,*,#1332,.T.);
#1685=ORIENTED_EDGE('',*,*,#1333,.T.);
#1686=ORIENTED_EDGE('',*,*,#1332,.F.);
#1687=ORIENTED_EDGE('',*,*,#1333,.F.);
#1688=ORIENTED_EDGE('',*,*,#1334,.T.);
#1689=ORIENTED_EDGE('',*,*,#1335,.F.);
#1690=ORIENTED_EDGE('',*,*,#1334,.F.);
#1691=ORIENTED_EDGE('',*,*,#1336,.F.);
#1692=ORIENTED_EDGE('',*,*,#1337,.T.);
#1693=ORIENTED_EDGE('',*,*,#1338,.T.);
#1694=ORIENTED_EDGE('',*,*,#1337,.F.);
#1695=ORIENTED_EDGE('',*,*,#1338,.F.);
#1696=ORIENTED_EDGE('',*,*,#1339,.T.);
#1697=ORIENTED_EDGE('',*,*,#1340,.F.);
#1698=ORIENTED_EDGE('',*,*,#1339,.F.);
#1699=ORIENTED_EDGE('',*,*,#1341,.F.);
#1700=ORIENTED_EDGE('',*,*,#1342,.T.);
#1701=ORIENTED_EDGE('',*,*,#1343,.T.);
#1702=ORIENTED_EDGE('',*,*,#1342,.F.);
#1703=ORIENTED_EDGE('',*,*,#1343,.F.);
#1704=ORIENTED_EDGE('',*,*,#1344,.T.);
#1705=ORIENTED_EDGE('',*,*,#1345,.F.);
#1706=ORIENTED_EDGE('',*,*,#1344,.F.);
#1707=ORIENTED_EDGE('',*,*,#1346,.F.);
#1708=ORIENTED_EDGE('',*,*,#1347,.T.);
#1709=ORIENTED_EDGE('',*,*,#1348,.T.);
#1710=ORIENTED_EDGE('',*,*,#1347,.F.);
#1711=ORIENTED_EDGE('',*,*,#1348,.F.);
#1712=ORIENTED_EDGE('',*,*,#1349,.T.);
#1713=ORIENTED_EDGE('',*,*,#1350,.F.);
#1714=ORIENTED_EDGE('',*,*,#1349,.F.);
#1715=ORIENTED_EDGE('',*,*,#1351,.F.);
#1716=ORIENTED_EDGE('',*,*,#1352,.T.);
#1717=ORIENTED_EDGE('',*,*,#1353,.T.);
#1718=ORIENTED_EDGE('',*,*,#1352,.F.);
#1719=ORIENTED_EDGE('',*,*,#1353,.F.);
#1720=ORIENTED_EDGE('',*,*,#1354,.T.);
#1721=ORIENTED_EDGE('',*,*,#1355,.F.);
#1722=ORIENTED_EDGE('',*,*,#1354,.F.);
#1723=ORIENTED_EDGE('',*,*,#1356,.F.);
#1724=ORIENTED_EDGE('',*,*,#1357,.T.);
#1725=ORIENTED_EDGE('',*,*,#1358,.T.);
#1726=ORIENTED_EDGE('',*,*,#1357,.F.);
#1727=ORIENTED_EDGE('',*,*,#1358,.F.);
#1728=ORIENTED_EDGE('',*,*,#1359,.T.);
#1729=ORIENTED_EDGE('',*,*,#1360,.F.);
#1730=ORIENTED_EDGE('',*,*,#1359,.F.);
#1731=ORIENTED_EDGE('',*,*,#1361,.F.);
#1732=ORIENTED_EDGE('',*,*,#1362,.T.);
#1733=ORIENTED_EDGE('',*,*,#1363,.T.);
#1734=ORIENTED_EDGE('',*,*,#1362,.F.);
#1735=ORIENTED_EDGE('',*,*,#1363,.F.);
#1736=ORIENTED_EDGE('',*,*,#1364,.T.);
#1737=ORIENTED_EDGE('',*,*,#1365,.F.);
#1738=ORIENTED_EDGE('',*,*,#1364,.F.);
#1739=ORIENTED_EDGE('',*,*,#1366,.F.);
#1740=ORIENTED_EDGE('',*,*,#1367,.T.);
#1741=ORIENTED_EDGE('',*,*,#1368,.T.);
#1742=ORIENTED_EDGE('',*,*,#1367,.F.);
#1743=ORIENTED_EDGE('',*,*,#1368,.F.);
#1744=ORIENTED_EDGE('',*,*,#1369,.T.);
#1745=ORIENTED_EDGE('',*,*,#1370,.F.);
#1746=ORIENTED_EDGE('',*,*,#1369,.F.);
#1747=ORIENTED_EDGE('',*,*,#1371,.F.);
#1748=ORIENTED_EDGE('',*,*,#1372,.T.);
#1749=ORIENTED_EDGE('',*,*,#1373,.T.);
#1750=ORIENTED_EDGE('',*,*,#1372,.F.);
#1751=ORIENTED_EDGE('',*,*,#1373,.F.);
#1752=ORIENTED_EDGE('',*,*,#1374,.T.);
#1753=ORIENTED_EDGE('',*,*,#1375,.F.);
#1754=ORIENTED_EDGE('',*,*,#1374,.F.);
#1755=ORIENTED_EDGE('',*,*,#1376,.F.);
#1756=ORIENTED_EDGE('',*,*,#1377,.T.);
#1757=ORIENTED_EDGE('',*,*,#1378,.T.);
#1758=ORIENTED_EDGE('',*,*,#1377,.F.);
#1759=ORIENTED_EDGE('',*,*,#1378,.F.);
#1760=ORIENTED_EDGE('',*,*,#1379,.T.);
#1761=ORIENTED_EDGE('',*,*,#1380,.F.);
#1762=ORIENTED_EDGE('',*,*,#1379,.F.);
#1763=ORIENTED_EDGE('',*,*,#1381,.F.);
#1764=ORIENTED_EDGE('',*,*,#1382,.T.);
#1765=ORIENTED_EDGE('',*,*,#1383,.T.);
#1766=ORIENTED_EDGE('',*,*,#1382,.F.);
#1767=ORIENTED_EDGE('',*,*,#1383,.F.);
#1768=ORIENTED_EDGE('',*,*,#1384,.T.);
#1769=ORIENTED_EDGE('',*,*,#1385,.F.);
#1770=ORIENTED_EDGE('',*,*,#1384,.F.);
#1771=ORIENTED_EDGE('',*,*,#1386,.F.);
#1772=ORIENTED_EDGE('',*,*,#1387,.T.);
#1773=ORIENTED_EDGE('',*,*,#1388,.T.);
#1774=ORIENTED_EDGE('',*,*,#1387,.F.);
#1775=ORIENTED_EDGE('',*,*,#1388,.F.);
#1776=ORIENTED_EDGE('',*,*,#1389,.T.);
#1777=ORIENTED_EDGE('',*,*,#1390,.F.);
#1778=ORIENTED_EDGE('',*,*,#1389,.F.);
#1779=ORIENTED_EDGE('',*,*,#1391,.F.);
#1780=ORIENTED_EDGE('',*,*,#1392,.T.);
#1781=ORIENTED_EDGE('',*,*,#1393,.T.);
#1782=ORIENTED_EDGE('',*,*,#1392,.F.);
#1783=ORIENTED_EDGE('',*,*,#1393,.F.);
#1784=ORIENTED_EDGE('',*,*,#1394,.T.);
#1785=ORIENTED_EDGE('',*,*,#1395,.F.);
#1786=ORIENTED_EDGE('',*,*,#1394,.F.);
#1787=ORIENTED_EDGE('',*,*,#1396,.F.);
#1788=ORIENTED_EDGE('',*,*,#1397,.T.);
#1789=ORIENTED_EDGE('',*,*,#1398,.T.);
#1790=ORIENTED_EDGE('',*,*,#1397,.F.);
#1791=ORIENTED_EDGE('',*,*,#1398,.F.);
#1792=ORIENTED_EDGE('',*,*,#1399,.T.);
#1793=ORIENTED_EDGE('',*,*,#1400,.F.);
#1794=ORIENTED_EDGE('',*,*,#1399,.F.);
#1795=ORIENTED_EDGE('',*,*,#1401,.F.);
#1796=ORIENTED_EDGE('',*,*,#1402,.T.);
#1797=ORIENTED_EDGE('',*,*,#1403,.T.);
#1798=ORIENTED_EDGE('',*,*,#1402,.F.);
#1799=ORIENTED_EDGE('',*,*,#1403,.F.);
#1800=ORIENTED_EDGE('',*,*,#1404,.T.);
#1801=ORIENTED_EDGE('',*,*,#1405,.F.);
#1802=ORIENTED_EDGE('',*,*,#1404,.F.);
#1803=ORIENTED_EDGE('',*,*,#1406,.T.);
#1804=ORIENTED_EDGE('',*,*,#1407,.T.);
#1805=ORIENTED_EDGE('',*,*,#1408,.T.);
#1806=ORIENTED_EDGE('',*,*,#1409,.T.);
#1807=ORIENTED_EDGE('',*,*,#1407,.F.);
#1808=ORIENTED_EDGE('',*,*,#1410,.T.);
#1809=ORIENTED_EDGE('',*,*,#1411,.F.);
#1810=ORIENTED_EDGE('',*,*,#1412,.F.);
#1811=ORIENTED_EDGE('',*,*,#1413,.T.);
#1812=ORIENTED_EDGE('',*,*,#1414,.T.);
#1813=ORIENTED_EDGE('',*,*,#1415,.T.);
#1814=ORIENTED_EDGE('',*,*,#1416,.T.);
#1815=ORIENTED_EDGE('',*,*,#1409,.F.);
#1816=ORIENTED_EDGE('',*,*,#1417,.F.);
#1817=ORIENTED_EDGE('',*,*,#1414,.F.);
#1818=ORIENTED_EDGE('',*,*,#1418,.T.);
#1819=ORIENTED_EDGE('',*,*,#1419,.T.);
#1820=ORIENTED_EDGE('',*,*,#1420,.T.);
#1821=ORIENTED_EDGE('',*,*,#1421,.T.);
#1822=ORIENTED_EDGE('',*,*,#1422,.T.);
#1823=ORIENTED_EDGE('',*,*,#1416,.F.);
#1824=ORIENTED_EDGE('',*,*,#1423,.F.);
#1825=ORIENTED_EDGE('',*,*,#1420,.F.);
#1826=ORIENTED_EDGE('',*,*,#1424,.T.);
#1827=ORIENTED_EDGE('',*,*,#1425,.T.);
#1828=ORIENTED_EDGE('',*,*,#1426,.T.);
#1829=ORIENTED_EDGE('',*,*,#1427,.T.);
#1830=ORIENTED_EDGE('',*,*,#1411,.T.);
#1831=ORIENTED_EDGE('',*,*,#1422,.F.);
#1832=ORIENTED_EDGE('',*,*,#1428,.F.);
#1833=ORIENTED_EDGE('',*,*,#1426,.F.);
#1834=ORIENTED_EDGE('',*,*,#1429,.T.);
#1835=ORIENTED_EDGE('',*,*,#1430,.T.);
#1836=ORIENTED_EDGE('',*,*,#1431,.T.);
#1837=ORIENTED_EDGE('',*,*,#1432,.T.);
#1838=ORIENTED_EDGE('',*,*,#1433,.T.);
#1839=ORIENTED_EDGE('',*,*,#1431,.F.);
#1840=ORIENTED_EDGE('',*,*,#1434,.T.);
#1841=ORIENTED_EDGE('',*,*,#1435,.F.);
#1842=ORIENTED_EDGE('',*,*,#1436,.F.);
#1843=ORIENTED_EDGE('',*,*,#1437,.T.);
#1844=ORIENTED_EDGE('',*,*,#1435,.T.);
#1845=ORIENTED_EDGE('',*,*,#1438,.T.);
#1846=ORIENTED_EDGE('',*,*,#1439,.T.);
#1847=ORIENTED_EDGE('',*,*,#1438,.F.);
#1848=ORIENTED_EDGE('',*,*,#1434,.F.);
#1849=ORIENTED_EDGE('',*,*,#1430,.F.);
#1850=ORIENTED_EDGE('',*,*,#1440,.F.);
#1851=ORIENTED_EDGE('',*,*,#1441,.F.);
#1852=ORIENTED_EDGE('',*,*,#1442,.F.);
#1853=ORIENTED_EDGE('',*,*,#1443,.F.);
#1854=ORIENTED_EDGE('',*,*,#1444,.F.);
#1855=ORIENTED_EDGE('',*,*,#1445,.F.);
#1856=ORIENTED_EDGE('',*,*,#1446,.F.);
#1857=ORIENTED_EDGE('',*,*,#1447,.F.);
#1858=ORIENTED_EDGE('',*,*,#1448,.F.);
#1859=ORIENTED_EDGE('',*,*,#1449,.F.);
#1860=ORIENTED_EDGE('',*,*,#1450,.F.);
#1861=ORIENTED_EDGE('',*,*,#1346,.T.);
#1862=ORIENTED_EDGE('',*,*,#1351,.T.);
#1863=ORIENTED_EDGE('',*,*,#1356,.T.);
#1864=ORIENTED_EDGE('',*,*,#1361,.T.);
#1865=ORIENTED_EDGE('',*,*,#1366,.T.);
#1866=ORIENTED_EDGE('',*,*,#1371,.T.);
#1867=ORIENTED_EDGE('',*,*,#1376,.T.);
#1868=ORIENTED_EDGE('',*,*,#1381,.T.);
#1869=ORIENTED_EDGE('',*,*,#1386,.T.);
#1870=ORIENTED_EDGE('',*,*,#1391,.T.);
#1871=ORIENTED_EDGE('',*,*,#1396,.T.);
#1872=ORIENTED_EDGE('',*,*,#1401,.T.);
#1873=ORIENTED_EDGE('',*,*,#1451,.F.);
#1874=ORIENTED_EDGE('',*,*,#1452,.F.);
#1875=ORIENTED_EDGE('',*,*,#1453,.F.);
#1876=ORIENTED_EDGE('',*,*,#1454,.F.);
#1877=ORIENTED_EDGE('',*,*,#1455,.F.);
#1878=ORIENTED_EDGE('',*,*,#1456,.F.);
#1879=ORIENTED_EDGE('',*,*,#1457,.F.);
#1880=ORIENTED_EDGE('',*,*,#1458,.F.);
#1881=ORIENTED_EDGE('',*,*,#1459,.F.);
#1882=ORIENTED_EDGE('',*,*,#1460,.F.);
#1883=ORIENTED_EDGE('',*,*,#1461,.F.);
#1884=ORIENTED_EDGE('',*,*,#1462,.F.);
#1885=ORIENTED_EDGE('',*,*,#1463,.F.);
#1886=ORIENTED_EDGE('',*,*,#1464,.F.);
#1887=ORIENTED_EDGE('',*,*,#1465,.F.);
#1888=ORIENTED_EDGE('',*,*,#1466,.F.);
#1889=ORIENTED_EDGE('',*,*,#1467,.F.);
#1890=ORIENTED_EDGE('',*,*,#1468,.F.);
#1891=ORIENTED_EDGE('',*,*,#1469,.F.);
#1892=ORIENTED_EDGE('',*,*,#1470,.F.);
#1893=ORIENTED_EDGE('',*,*,#1471,.F.);
#1894=ORIENTED_EDGE('',*,*,#1472,.F.);
#1895=ORIENTED_EDGE('',*,*,#1473,.F.);
#1896=ORIENTED_EDGE('',*,*,#1474,.F.);
#1897=ORIENTED_EDGE('',*,*,#1475,.F.);
#1898=ORIENTED_EDGE('',*,*,#1476,.F.);
#1899=ORIENTED_EDGE('',*,*,#1477,.F.);
#1900=ORIENTED_EDGE('',*,*,#1478,.F.);
#1901=ORIENTED_EDGE('',*,*,#1406,.F.);
#1902=ORIENTED_EDGE('',*,*,#1418,.F.);
#1903=ORIENTED_EDGE('',*,*,#1413,.F.);
#1904=ORIENTED_EDGE('',*,*,#1424,.F.);
#1905=ORIENTED_EDGE('',*,*,#1419,.F.);
#1906=ORIENTED_EDGE('',*,*,#1429,.F.);
#1907=ORIENTED_EDGE('',*,*,#1425,.F.);
#1908=ORIENTED_EDGE('',*,*,#1410,.F.);
#1909=ORIENTED_EDGE('',*,*,#1449,.T.);
#1910=ORIENTED_EDGE('',*,*,#1479,.T.);
#1911=ORIENTED_EDGE('',*,*,#1480,.T.);
#1912=ORIENTED_EDGE('',*,*,#1481,.T.);
#1913=ORIENTED_EDGE('',*,*,#1479,.F.);
#1914=ORIENTED_EDGE('',*,*,#1448,.T.);
#1915=ORIENTED_EDGE('',*,*,#1482,.F.);
#1916=ORIENTED_EDGE('',*,*,#1483,.F.);
#1917=ORIENTED_EDGE('',*,*,#1473,.T.);
#1918=ORIENTED_EDGE('',*,*,#1484,.T.);
#1919=ORIENTED_EDGE('',*,*,#1485,.T.);
#1920=ORIENTED_EDGE('',*,*,#1486,.T.);
#1921=ORIENTED_EDGE('',*,*,#1484,.F.);
#1922=ORIENTED_EDGE('',*,*,#1472,.T.);
#1923=ORIENTED_EDGE('',*,*,#1487,.F.);
#1924=ORIENTED_EDGE('',*,*,#1488,.F.);
#1925=ORIENTED_EDGE('',*,*,#1471,.T.);
#1926=ORIENTED_EDGE('',*,*,#1489,.T.);
#1927=ORIENTED_EDGE('',*,*,#1490,.T.);
#1928=ORIENTED_EDGE('',*,*,#1487,.T.);
#1929=ORIENTED_EDGE('',*,*,#1489,.F.);
#1930=ORIENTED_EDGE('',*,*,#1478,.T.);
#1931=ORIENTED_EDGE('',*,*,#1491,.F.);
#1932=ORIENTED_EDGE('',*,*,#1492,.F.);
#1933=ORIENTED_EDGE('',*,*,#1477,.T.);
#1934=ORIENTED_EDGE('',*,*,#1493,.T.);
#1935=ORIENTED_EDGE('',*,*,#1494,.T.);
#1936=ORIENTED_EDGE('',*,*,#1491,.T.);
#1937=ORIENTED_EDGE('',*,*,#1493,.F.);
#1938=ORIENTED_EDGE('',*,*,#1476,.T.);
#1939=ORIENTED_EDGE('',*,*,#1495,.F.);
#1940=ORIENTED_EDGE('',*,*,#1496,.F.);
#1941=ORIENTED_EDGE('',*,*,#1475,.T.);
#1942=ORIENTED_EDGE('',*,*,#1497,.T.);
#1943=ORIENTED_EDGE('',*,*,#1498,.T.);
#1944=ORIENTED_EDGE('',*,*,#1495,.T.);
#1945=ORIENTED_EDGE('',*,*,#1486,.F.);
#1946=ORIENTED_EDGE('',*,*,#1499,.F.);
#1947=ORIENTED_EDGE('',*,*,#1497,.F.);
#1948=ORIENTED_EDGE('',*,*,#1474,.T.);
#1949=ORIENTED_EDGE('',*,*,#1447,.T.);
#1950=ORIENTED_EDGE('',*,*,#1500,.T.);
#1951=ORIENTED_EDGE('',*,*,#1501,.T.);
#1952=ORIENTED_EDGE('',*,*,#1482,.T.);
#1953=ORIENTED_EDGE('',*,*,#1500,.F.);
#1954=ORIENTED_EDGE('',*,*,#1446,.T.);
#1955=ORIENTED_EDGE('',*,*,#1502,.T.);
#1956=ORIENTED_EDGE('',*,*,#1503,.F.);
#1957=ORIENTED_EDGE('',*,*,#1504,.T.);
#1958=ORIENTED_EDGE('',*,*,#1505,.T.);
#1959=ORIENTED_EDGE('',*,*,#1506,.T.);
#1960=ORIENTED_EDGE('',*,*,#1507,.T.);
#1961=ORIENTED_EDGE('',*,*,#1507,.F.);
#1962=ORIENTED_EDGE('',*,*,#1508,.F.);
#1963=ORIENTED_EDGE('',*,*,#1509,.F.);
#1964=ORIENTED_EDGE('',*,*,#1510,.F.);
#1965=ORIENTED_EDGE('',*,*,#1506,.F.);
#1966=ORIENTED_EDGE('',*,*,#1511,.T.);
#1967=ORIENTED_EDGE('',*,*,#1512,.T.);
#1968=ORIENTED_EDGE('',*,*,#1513,.F.);
#1969=ORIENTED_EDGE('',*,*,#1514,.F.);
#1970=ORIENTED_EDGE('',*,*,#1508,.T.);
#1971=ORIENTED_EDGE('',*,*,#1335,.T.);
#1972=ORIENTED_EDGE('',*,*,#1340,.T.);
#1973=ORIENTED_EDGE('',*,*,#1515,.T.);
#1974=ORIENTED_EDGE('',*,*,#1509,.T.);
#1975=ORIENTED_EDGE('',*,*,#1514,.T.);
#1976=ORIENTED_EDGE('',*,*,#1516,.T.);
#1977=ORIENTED_EDGE('',*,*,#1516,.F.);
#1978=ORIENTED_EDGE('',*,*,#1513,.T.);
#1979=ORIENTED_EDGE('',*,*,#1517,.T.);
#1980=ORIENTED_EDGE('',*,*,#1518,.F.);
#1981=ORIENTED_EDGE('',*,*,#1519,.T.);
#1982=ORIENTED_EDGE('',*,*,#1520,.T.);
#1983=ORIENTED_EDGE('',*,*,#1521,.T.);
#1984=ORIENTED_EDGE('',*,*,#1522,.T.);
#1985=ORIENTED_EDGE('',*,*,#1522,.F.);
#1986=ORIENTED_EDGE('',*,*,#1523,.T.);
#1987=ORIENTED_EDGE('',*,*,#1524,.T.);
#1988=ORIENTED_EDGE('',*,*,#1525,.F.);
#1989=ORIENTED_EDGE('',*,*,#1521,.F.);
#1990=ORIENTED_EDGE('',*,*,#1526,.T.);
#1991=ORIENTED_EDGE('',*,*,#1527,.F.);
#1992=ORIENTED_EDGE('',*,*,#1528,.T.);
#1993=ORIENTED_EDGE('',*,*,#1529,.T.);
#1994=ORIENTED_EDGE('',*,*,#1523,.F.);
#1995=ORIENTED_EDGE('',*,*,#1330,.T.);
#1996=ORIENTED_EDGE('',*,*,#1345,.T.);
#1997=ORIENTED_EDGE('',*,*,#1530,.T.);
#1998=ORIENTED_EDGE('',*,*,#1531,.T.);
#1999=ORIENTED_EDGE('',*,*,#1527,.T.);
#2000=ORIENTED_EDGE('',*,*,#1532,.T.);
#2001=ORIENTED_EDGE('',*,*,#1531,.F.);
#2002=ORIENTED_EDGE('',*,*,#1533,.F.);
#2003=ORIENTED_EDGE('',*,*,#1534,.T.);
#2004=ORIENTED_EDGE('',*,*,#1528,.F.);
#2005=ORIENTED_EDGE('',*,*,#1535,.F.);
#2006=ORIENTED_EDGE('',*,*,#1536,.T.);
#2007=ORIENTED_EDGE('',*,*,#1444,.T.);
#2008=ORIENTED_EDGE('',*,*,#1537,.T.);
#2009=ORIENTED_EDGE('',*,*,#1505,.F.);
#2010=ORIENTED_EDGE('',*,*,#1538,.F.);
#2011=ORIENTED_EDGE('',*,*,#1539,.T.);
#2012=ORIENTED_EDGE('',*,*,#1511,.F.);
#2013=ORIENTED_EDGE('',*,*,#1517,.F.);
#2014=ORIENTED_EDGE('',*,*,#1540,.T.);
#2015=ORIENTED_EDGE('',*,*,#1541,.F.);
#2016=ORIENTED_EDGE('',*,*,#1536,.F.);
#2017=ORIENTED_EDGE('',*,*,#1539,.F.);
#2018=ORIENTED_EDGE('',*,*,#1537,.F.);
#2019=ORIENTED_EDGE('',*,*,#1542,.T.);
#2020=ORIENTED_EDGE('',*,*,#1543,.F.);
#2021=ORIENTED_EDGE('',*,*,#1512,.F.);
#2022=ORIENTED_EDGE('',*,*,#1543,.T.);
#2023=ORIENTED_EDGE('',*,*,#1544,.F.);
#2024=ORIENTED_EDGE('',*,*,#1540,.F.);
#2025=ORIENTED_EDGE('',*,*,#1504,.F.);
#2026=ORIENTED_EDGE('',*,*,#1510,.T.);
#2027=ORIENTED_EDGE('',*,*,#1515,.F.);
#2028=ORIENTED_EDGE('',*,*,#1518,.T.);
#2029=ORIENTED_EDGE('',*,*,#1535,.T.);
#2030=ORIENTED_EDGE('',*,*,#1538,.T.);
#2031=ORIENTED_EDGE('',*,*,#1331,.T.);
#2032=ORIENTED_EDGE('',*,*,#1336,.T.);
#2033=ORIENTED_EDGE('',*,*,#1545,.F.);
#2034=ORIENTED_EDGE('',*,*,#1546,.T.);
#2035=ORIENTED_EDGE('',*,*,#1442,.T.);
#2036=ORIENTED_EDGE('',*,*,#1547,.T.);
#2037=ORIENTED_EDGE('',*,*,#1524,.F.);
#2038=ORIENTED_EDGE('',*,*,#1548,.T.);
#2039=ORIENTED_EDGE('',*,*,#1549,.F.);
#2040=ORIENTED_EDGE('',*,*,#1546,.F.);
#2041=ORIENTED_EDGE('',*,*,#1534,.F.);
#2042=ORIENTED_EDGE('',*,*,#1547,.F.);
#2043=ORIENTED_EDGE('',*,*,#1550,.T.);
#2044=ORIENTED_EDGE('',*,*,#1551,.F.);
#2045=ORIENTED_EDGE('',*,*,#1520,.F.);
#2046=ORIENTED_EDGE('',*,*,#1552,.F.);
#2047=ORIENTED_EDGE('',*,*,#1532,.F.);
#2048=ORIENTED_EDGE('',*,*,#1526,.F.);
#2049=ORIENTED_EDGE('',*,*,#1529,.F.);
#2050=ORIENTED_EDGE('',*,*,#1551,.T.);
#2051=ORIENTED_EDGE('',*,*,#1553,.F.);
#2052=ORIENTED_EDGE('',*,*,#1548,.F.);
#2053=ORIENTED_EDGE('',*,*,#1519,.F.);
#2054=ORIENTED_EDGE('',*,*,#1525,.T.);
#2055=ORIENTED_EDGE('',*,*,#1545,.T.);
#2056=ORIENTED_EDGE('',*,*,#1533,.T.);
#2057=ORIENTED_EDGE('',*,*,#1530,.F.);
#2058=ORIENTED_EDGE('',*,*,#1552,.T.);
#2059=ORIENTED_EDGE('',*,*,#1326,.T.);
#2060=ORIENTED_EDGE('',*,*,#1341,.T.);
#2061=ORIENTED_EDGE('',*,*,#1554,.F.);
#2062=ORIENTED_EDGE('',*,*,#1555,.T.);
#2063=ORIENTED_EDGE('',*,*,#1451,.T.);
#2064=ORIENTED_EDGE('',*,*,#1555,.F.);
#2065=ORIENTED_EDGE('',*,*,#1556,.F.);
#2066=ORIENTED_EDGE('',*,*,#1557,.T.);
#2067=ORIENTED_EDGE('',*,*,#1452,.T.);
#2068=ORIENTED_EDGE('',*,*,#1557,.F.);
#2069=ORIENTED_EDGE('',*,*,#1558,.F.);
#2070=ORIENTED_EDGE('',*,*,#1559,.T.);
#2071=ORIENTED_EDGE('',*,*,#1453,.T.);
#2072=ORIENTED_EDGE('',*,*,#1559,.F.);
#2073=ORIENTED_EDGE('',*,*,#1560,.F.);
#2074=ORIENTED_EDGE('',*,*,#1561,.T.);
#2075=ORIENTED_EDGE('',*,*,#1454,.T.);
#2076=ORIENTED_EDGE('',*,*,#1561,.F.);
#2077=ORIENTED_EDGE('',*,*,#1562,.F.);
#2078=ORIENTED_EDGE('',*,*,#1563,.T.);
#2079=ORIENTED_EDGE('',*,*,#1455,.T.);
#2080=ORIENTED_EDGE('',*,*,#1563,.F.);
#2081=ORIENTED_EDGE('',*,*,#1564,.F.);
#2082=ORIENTED_EDGE('',*,*,#1565,.T.);
#2083=ORIENTED_EDGE('',*,*,#1456,.T.);
#2084=ORIENTED_EDGE('',*,*,#1565,.F.);
#2085=ORIENTED_EDGE('',*,*,#1566,.F.);
#2086=ORIENTED_EDGE('',*,*,#1567,.T.);
#2087=ORIENTED_EDGE('',*,*,#1457,.T.);
#2088=ORIENTED_EDGE('',*,*,#1567,.F.);
#2089=ORIENTED_EDGE('',*,*,#1568,.F.);
#2090=ORIENTED_EDGE('',*,*,#1569,.T.);
#2091=ORIENTED_EDGE('',*,*,#1458,.T.);
#2092=ORIENTED_EDGE('',*,*,#1569,.F.);
#2093=ORIENTED_EDGE('',*,*,#1570,.F.);
#2094=ORIENTED_EDGE('',*,*,#1571,.T.);
#2095=ORIENTED_EDGE('',*,*,#1459,.T.);
#2096=ORIENTED_EDGE('',*,*,#1571,.F.);
#2097=ORIENTED_EDGE('',*,*,#1572,.F.);
#2098=ORIENTED_EDGE('',*,*,#1573,.T.);
#2099=ORIENTED_EDGE('',*,*,#1460,.T.);
#2100=ORIENTED_EDGE('',*,*,#1573,.F.);
#2101=ORIENTED_EDGE('',*,*,#1574,.F.);
#2102=ORIENTED_EDGE('',*,*,#1575,.T.);
#2103=ORIENTED_EDGE('',*,*,#1461,.T.);
#2104=ORIENTED_EDGE('',*,*,#1575,.F.);
#2105=ORIENTED_EDGE('',*,*,#1576,.F.);
#2106=ORIENTED_EDGE('',*,*,#1577,.T.);
#2107=ORIENTED_EDGE('',*,*,#1462,.T.);
#2108=ORIENTED_EDGE('',*,*,#1577,.F.);
#2109=ORIENTED_EDGE('',*,*,#1578,.F.);
#2110=ORIENTED_EDGE('',*,*,#1579,.T.);
#2111=ORIENTED_EDGE('',*,*,#1463,.T.);
#2112=ORIENTED_EDGE('',*,*,#1579,.F.);
#2113=ORIENTED_EDGE('',*,*,#1580,.F.);
#2114=ORIENTED_EDGE('',*,*,#1581,.T.);
#2115=ORIENTED_EDGE('',*,*,#1464,.T.);
#2116=ORIENTED_EDGE('',*,*,#1581,.F.);
#2117=ORIENTED_EDGE('',*,*,#1582,.F.);
#2118=ORIENTED_EDGE('',*,*,#1583,.T.);
#2119=ORIENTED_EDGE('',*,*,#1465,.T.);
#2120=ORIENTED_EDGE('',*,*,#1583,.F.);
#2121=ORIENTED_EDGE('',*,*,#1584,.F.);
#2122=ORIENTED_EDGE('',*,*,#1585,.T.);
#2123=ORIENTED_EDGE('',*,*,#1466,.T.);
#2124=ORIENTED_EDGE('',*,*,#1585,.F.);
#2125=ORIENTED_EDGE('',*,*,#1586,.F.);
#2126=ORIENTED_EDGE('',*,*,#1587,.T.);
#2127=ORIENTED_EDGE('',*,*,#1467,.T.);
#2128=ORIENTED_EDGE('',*,*,#1587,.F.);
#2129=ORIENTED_EDGE('',*,*,#1588,.F.);
#2130=ORIENTED_EDGE('',*,*,#1589,.T.);
#2131=ORIENTED_EDGE('',*,*,#1468,.T.);
#2132=ORIENTED_EDGE('',*,*,#1589,.F.);
#2133=ORIENTED_EDGE('',*,*,#1590,.F.);
#2134=ORIENTED_EDGE('',*,*,#1591,.T.);
#2135=ORIENTED_EDGE('',*,*,#1469,.T.);
#2136=ORIENTED_EDGE('',*,*,#1591,.F.);
#2137=ORIENTED_EDGE('',*,*,#1592,.F.);
#2138=ORIENTED_EDGE('',*,*,#1593,.T.);
#2139=ORIENTED_EDGE('',*,*,#1470,.T.);
#2140=ORIENTED_EDGE('',*,*,#1593,.F.);
#2141=ORIENTED_EDGE('',*,*,#1439,.F.);
#2142=ORIENTED_EDGE('',*,*,#1450,.T.);
#2143=ORIENTED_EDGE('',*,*,#1481,.F.);
#2144=ORIENTED_EDGE('',*,*,#1594,.F.);
#2145=ORIENTED_EDGE('',*,*,#1433,.F.);
#2146=ORIENTED_EDGE('',*,*,#1595,.F.);
#2147=ORIENTED_EDGE('',*,*,#1596,.F.);
#2148=ORIENTED_EDGE('',*,*,#1440,.T.);
#2149=ORIENTED_EDGE('',*,*,#1441,.T.);
#2150=ORIENTED_EDGE('',*,*,#1596,.T.);
#2151=ORIENTED_EDGE('',*,*,#1597,.F.);
#2152=ORIENTED_EDGE('',*,*,#1550,.F.);
#2153=ORIENTED_EDGE('',*,*,#1443,.T.);
#2154=ORIENTED_EDGE('',*,*,#1549,.T.);
#2155=ORIENTED_EDGE('',*,*,#1598,.F.);
#2156=ORIENTED_EDGE('',*,*,#1542,.F.);
#2157=ORIENTED_EDGE('',*,*,#1445,.T.);
#2158=ORIENTED_EDGE('',*,*,#1541,.T.);
#2159=ORIENTED_EDGE('',*,*,#1599,.F.);
#2160=ORIENTED_EDGE('',*,*,#1502,.F.);
#2161=ORIENTED_EDGE('',*,*,#1437,.F.);
#2162=ORIENTED_EDGE('',*,*,#1594,.T.);
#2163=ORIENTED_EDGE('',*,*,#1480,.F.);
#2164=ORIENTED_EDGE('',*,*,#1483,.T.);
#2165=ORIENTED_EDGE('',*,*,#1501,.F.);
#2166=ORIENTED_EDGE('',*,*,#1503,.T.);
#2167=ORIENTED_EDGE('',*,*,#1599,.T.);
#2168=ORIENTED_EDGE('',*,*,#1544,.T.);
#2169=ORIENTED_EDGE('',*,*,#1598,.T.);
#2170=ORIENTED_EDGE('',*,*,#1553,.T.);
#2171=ORIENTED_EDGE('',*,*,#1597,.T.);
#2172=ORIENTED_EDGE('',*,*,#1595,.T.);
#2173=ORIENTED_EDGE('',*,*,#1432,.F.);
#2174=ORIENTED_EDGE('',*,*,#1436,.T.);
#2175=ORIENTED_EDGE('',*,*,#1350,.T.);
#2176=ORIENTED_EDGE('',*,*,#1355,.T.);
#2177=ORIENTED_EDGE('',*,*,#1360,.T.);
#2178=ORIENTED_EDGE('',*,*,#1365,.T.);
#2179=ORIENTED_EDGE('',*,*,#1370,.T.);
#2180=ORIENTED_EDGE('',*,*,#1375,.T.);
#2181=ORIENTED_EDGE('',*,*,#1380,.T.);
#2182=ORIENTED_EDGE('',*,*,#1385,.T.);
#2183=ORIENTED_EDGE('',*,*,#1390,.T.);
#2184=ORIENTED_EDGE('',*,*,#1395,.T.);
#2185=ORIENTED_EDGE('',*,*,#1400,.T.);
#2186=ORIENTED_EDGE('',*,*,#1405,.T.);
#2187=ORIENTED_EDGE('',*,*,#1412,.T.);
#2188=ORIENTED_EDGE('',*,*,#1427,.F.);
#2189=ORIENTED_EDGE('',*,*,#1428,.T.);
#2190=ORIENTED_EDGE('',*,*,#1421,.F.);
#2191=ORIENTED_EDGE('',*,*,#1423,.T.);
#2192=ORIENTED_EDGE('',*,*,#1415,.F.);
#2193=ORIENTED_EDGE('',*,*,#1417,.T.);
#2194=ORIENTED_EDGE('',*,*,#1408,.F.);
#2195=ORIENTED_EDGE('',*,*,#1492,.T.);
#2196=ORIENTED_EDGE('',*,*,#1494,.F.);
#2197=ORIENTED_EDGE('',*,*,#1496,.T.);
#2198=ORIENTED_EDGE('',*,*,#1498,.F.);
#2199=ORIENTED_EDGE('',*,*,#1499,.T.);
#2200=ORIENTED_EDGE('',*,*,#1485,.F.);
#2201=ORIENTED_EDGE('',*,*,#1488,.T.);
#2202=ORIENTED_EDGE('',*,*,#1490,.F.);
#2203=ORIENTED_EDGE('',*,*,#1592,.T.);
#2204=ORIENTED_EDGE('',*,*,#1590,.T.);
#2205=ORIENTED_EDGE('',*,*,#1588,.T.);
#2206=ORIENTED_EDGE('',*,*,#1586,.T.);
#2207=ORIENTED_EDGE('',*,*,#1584,.T.);
#2208=ORIENTED_EDGE('',*,*,#1582,.T.);
#2209=ORIENTED_EDGE('',*,*,#1580,.T.);
#2210=ORIENTED_EDGE('',*,*,#1578,.T.);
#2211=ORIENTED_EDGE('',*,*,#1576,.T.);
#2212=ORIENTED_EDGE('',*,*,#1574,.T.);
#2213=ORIENTED_EDGE('',*,*,#1572,.T.);
#2214=ORIENTED_EDGE('',*,*,#1570,.T.);
#2215=ORIENTED_EDGE('',*,*,#1568,.T.);
#2216=ORIENTED_EDGE('',*,*,#1566,.T.);
#2217=ORIENTED_EDGE('',*,*,#1564,.T.);
#2218=ORIENTED_EDGE('',*,*,#1562,.T.);
#2219=ORIENTED_EDGE('',*,*,#1560,.T.);
#2220=ORIENTED_EDGE('',*,*,#1558,.T.);
#2221=ORIENTED_EDGE('',*,*,#1556,.T.);
#2222=ORIENTED_EDGE('',*,*,#1554,.T.);
#2223=ORIENTED_EDGE('',*,*,#1600,.F.);
#2224=ORIENTED_EDGE('',*,*,#1601,.T.);
#2225=ORIENTED_EDGE('',*,*,#1602,.F.);
#2226=ORIENTED_EDGE('',*,*,#1603,.F.);
#2227=ORIENTED_EDGE('',*,*,#1604,.F.);
#2228=ORIENTED_EDGE('',*,*,#1603,.T.);
#2229=ORIENTED_EDGE('',*,*,#1605,.F.);
#2230=ORIENTED_EDGE('',*,*,#1601,.F.);
#2231=ORIENTED_EDGE('',*,*,#1606,.F.);
#2232=ORIENTED_EDGE('',*,*,#1607,.T.);
#2233=ORIENTED_EDGE('',*,*,#1608,.F.);
#2234=ORIENTED_EDGE('',*,*,#1609,.F.);
#2235=ORIENTED_EDGE('',*,*,#1610,.F.);
#2236=ORIENTED_EDGE('',*,*,#1609,.T.);
#2237=ORIENTED_EDGE('',*,*,#1611,.F.);
#2238=ORIENTED_EDGE('',*,*,#1612,.F.);
#2239=ORIENTED_EDGE('',*,*,#1613,.F.);
#2240=ORIENTED_EDGE('',*,*,#1612,.T.);
#2241=ORIENTED_EDGE('',*,*,#1614,.F.);
#2242=ORIENTED_EDGE('',*,*,#1607,.F.);
#2243=ORIENTED_EDGE('',*,*,#1615,.F.);
#2244=ORIENTED_EDGE('',*,*,#1616,.T.);
#2245=ORIENTED_EDGE('',*,*,#1617,.F.);
#2246=ORIENTED_EDGE('',*,*,#1618,.F.);
#2247=ORIENTED_EDGE('',*,*,#1619,.F.);
#2248=ORIENTED_EDGE('',*,*,#1618,.T.);
#2249=ORIENTED_EDGE('',*,*,#1620,.F.);
#2250=ORIENTED_EDGE('',*,*,#1616,.F.);
#2251=ORIENTED_EDGE('',*,*,#1621,.F.);
#2252=ORIENTED_EDGE('',*,*,#1622,.T.);
#2253=ORIENTED_EDGE('',*,*,#1623,.F.);
#2254=ORIENTED_EDGE('',*,*,#1624,.F.);
#2255=ORIENTED_EDGE('',*,*,#1625,.F.);
#2256=ORIENTED_EDGE('',*,*,#1624,.T.);
#2257=ORIENTED_EDGE('',*,*,#1626,.F.);
#2258=ORIENTED_EDGE('',*,*,#1622,.F.);
#2259=ORIENTED_EDGE('',*,*,#1627,.F.);
#2260=ORIENTED_EDGE('',*,*,#1628,.T.);
#2261=ORIENTED_EDGE('',*,*,#1629,.F.);
#2262=ORIENTED_EDGE('',*,*,#1630,.F.);
#2263=ORIENTED_EDGE('',*,*,#1631,.F.);
#2264=ORIENTED_EDGE('',*,*,#1630,.T.);
#2265=ORIENTED_EDGE('',*,*,#1632,.F.);
#2266=ORIENTED_EDGE('',*,*,#1633,.F.);
#2267=ORIENTED_EDGE('',*,*,#1634,.F.);
#2268=ORIENTED_EDGE('',*,*,#1633,.T.);
#2269=ORIENTED_EDGE('',*,*,#1635,.F.);
#2270=ORIENTED_EDGE('',*,*,#1636,.F.);
#2271=ORIENTED_EDGE('',*,*,#1637,.F.);
#2272=ORIENTED_EDGE('',*,*,#1636,.T.);
#2273=ORIENTED_EDGE('',*,*,#1638,.F.);
#2274=ORIENTED_EDGE('',*,*,#1639,.F.);
#2275=ORIENTED_EDGE('',*,*,#1640,.F.);
#2276=ORIENTED_EDGE('',*,*,#1639,.T.);
#2277=ORIENTED_EDGE('',*,*,#1641,.F.);
#2278=ORIENTED_EDGE('',*,*,#1642,.F.);
#2279=ORIENTED_EDGE('',*,*,#1643,.F.);
#2280=ORIENTED_EDGE('',*,*,#1642,.T.);
#2281=ORIENTED_EDGE('',*,*,#1644,.F.);
#2282=ORIENTED_EDGE('',*,*,#1645,.F.);
#2283=ORIENTED_EDGE('',*,*,#1646,.F.);
#2284=ORIENTED_EDGE('',*,*,#1645,.T.);
#2285=ORIENTED_EDGE('',*,*,#1647,.F.);
#2286=ORIENTED_EDGE('',*,*,#1648,.F.);
#2287=ORIENTED_EDGE('',*,*,#1649,.F.);
#2288=ORIENTED_EDGE('',*,*,#1648,.T.);
#2289=ORIENTED_EDGE('',*,*,#1650,.F.);
#2290=ORIENTED_EDGE('',*,*,#1628,.F.);
#2291=ORIENTED_EDGE('',*,*,#1651,.F.);
#2292=ORIENTED_EDGE('',*,*,#1652,.T.);
#2293=ORIENTED_EDGE('',*,*,#1653,.F.);
#2294=ORIENTED_EDGE('',*,*,#1654,.F.);
#2295=ORIENTED_EDGE('',*,*,#1655,.F.);
#2296=ORIENTED_EDGE('',*,*,#1654,.T.);
#2297=ORIENTED_EDGE('',*,*,#1656,.F.);
#2298=ORIENTED_EDGE('',*,*,#1657,.F.);
#2299=ORIENTED_EDGE('',*,*,#1658,.F.);
#2300=ORIENTED_EDGE('',*,*,#1657,.T.);
#2301=ORIENTED_EDGE('',*,*,#1659,.F.);
#2302=ORIENTED_EDGE('',*,*,#1660,.F.);
#2303=ORIENTED_EDGE('',*,*,#1661,.F.);
#2304=ORIENTED_EDGE('',*,*,#1660,.T.);
#2305=ORIENTED_EDGE('',*,*,#1662,.F.);
#2306=ORIENTED_EDGE('',*,*,#1663,.F.);
#2307=ORIENTED_EDGE('',*,*,#1664,.F.);
#2308=ORIENTED_EDGE('',*,*,#1663,.T.);
#2309=ORIENTED_EDGE('',*,*,#1665,.F.);
#2310=ORIENTED_EDGE('',*,*,#1666,.F.);
#2311=ORIENTED_EDGE('',*,*,#1667,.F.);
#2312=ORIENTED_EDGE('',*,*,#1666,.T.);
#2313=ORIENTED_EDGE('',*,*,#1668,.F.);
#2314=ORIENTED_EDGE('',*,*,#1669,.F.);
#2315=ORIENTED_EDGE('',*,*,#1670,.T.);
#2316=ORIENTED_EDGE('',*,*,#1669,.T.);
#2317=ORIENTED_EDGE('',*,*,#1671,.F.);
#2318=ORIENTED_EDGE('',*,*,#1672,.F.);
#2319=ORIENTED_EDGE('',*,*,#1673,.F.);
#2320=ORIENTED_EDGE('',*,*,#1672,.T.);
#2321=ORIENTED_EDGE('',*,*,#1674,.F.);
#2322=ORIENTED_EDGE('',*,*,#1652,.F.);
#2323=ORIENTED_EDGE('',*,*,#1673,.T.);
#2324=ORIENTED_EDGE('',*,*,#1651,.T.);
#2325=ORIENTED_EDGE('',*,*,#1655,.T.);
#2326=ORIENTED_EDGE('',*,*,#1658,.T.);
#2327=ORIENTED_EDGE('',*,*,#1661,.T.);
#2328=ORIENTED_EDGE('',*,*,#1664,.T.);
#2329=ORIENTED_EDGE('',*,*,#1667,.T.);
#2330=ORIENTED_EDGE('',*,*,#1670,.F.);
#2331=ORIENTED_EDGE('',*,*,#1649,.T.);
#2332=ORIENTED_EDGE('',*,*,#1627,.T.);
#2333=ORIENTED_EDGE('',*,*,#1631,.T.);
#2334=ORIENTED_EDGE('',*,*,#1634,.T.);
#2335=ORIENTED_EDGE('',*,*,#1637,.T.);
#2336=ORIENTED_EDGE('',*,*,#1640,.T.);
#2337=ORIENTED_EDGE('',*,*,#1643,.T.);
#2338=ORIENTED_EDGE('',*,*,#1646,.T.);
#2339=ORIENTED_EDGE('',*,*,#1625,.T.);
#2340=ORIENTED_EDGE('',*,*,#1621,.T.);
#2341=ORIENTED_EDGE('',*,*,#1619,.T.);
#2342=ORIENTED_EDGE('',*,*,#1615,.T.);
#2343=ORIENTED_EDGE('',*,*,#1613,.T.);
#2344=ORIENTED_EDGE('',*,*,#1606,.T.);
#2345=ORIENTED_EDGE('',*,*,#1610,.T.);
#2346=ORIENTED_EDGE('',*,*,#1604,.T.);
#2347=ORIENTED_EDGE('',*,*,#1600,.T.);
#2348=ORIENTED_EDGE('',*,*,#1674,.T.);
#2349=ORIENTED_EDGE('',*,*,#1671,.T.);
#2350=ORIENTED_EDGE('',*,*,#1668,.T.);
#2351=ORIENTED_EDGE('',*,*,#1665,.T.);
#2352=ORIENTED_EDGE('',*,*,#1662,.T.);
#2353=ORIENTED_EDGE('',*,*,#1659,.T.);
#2354=ORIENTED_EDGE('',*,*,#1656,.T.);
#2355=ORIENTED_EDGE('',*,*,#1653,.T.);
#2356=ORIENTED_EDGE('',*,*,#1650,.T.);
#2357=ORIENTED_EDGE('',*,*,#1647,.T.);
#2358=ORIENTED_EDGE('',*,*,#1644,.T.);
#2359=ORIENTED_EDGE('',*,*,#1641,.T.);
#2360=ORIENTED_EDGE('',*,*,#1638,.T.);
#2361=ORIENTED_EDGE('',*,*,#1635,.T.);
#2362=ORIENTED_EDGE('',*,*,#1632,.T.);
#2363=ORIENTED_EDGE('',*,*,#1629,.T.);
#2364=ORIENTED_EDGE('',*,*,#1626,.T.);
#2365=ORIENTED_EDGE('',*,*,#1623,.T.);
#2366=ORIENTED_EDGE('',*,*,#1620,.T.);
#2367=ORIENTED_EDGE('',*,*,#1617,.T.);
#2368=ORIENTED_EDGE('',*,*,#1614,.T.);
#2369=ORIENTED_EDGE('',*,*,#1611,.T.);
#2370=ORIENTED_EDGE('',*,*,#1608,.T.);
#2371=ORIENTED_EDGE('',*,*,#1605,.T.);
#2372=ORIENTED_EDGE('',*,*,#1602,.T.);
#2373=CONICAL_SURFACE('',#2579,3.23225,0.715584993317675);
#2374=CONICAL_SURFACE('',#2584,3.23225,0.715584993317675);
#2375=CONICAL_SURFACE('',#2589,3.23225,0.715584993317675);
#2376=CONICAL_SURFACE('',#2594,3.23225,0.715584993317675);
#2377=CONICAL_SURFACE('',#2599,2.24475,0.715584993317675);
#2378=CONICAL_SURFACE('',#2604,2.24475,0.715584993317675);
#2379=CONICAL_SURFACE('',#2609,2.24475,0.715584993317675);
#2380=CONICAL_SURFACE('',#2614,2.24475,0.715584993317675);
#2381=CONICAL_SURFACE('',#2619,2.24475,0.715584993317675);
#2382=CONICAL_SURFACE('',#2624,2.24475,0.715584993317675);
#2383=CONICAL_SURFACE('',#2629,2.24475,0.715584993317675);
#2384=CONICAL_SURFACE('',#2634,2.24475,0.715584993317675);
#2385=CONICAL_SURFACE('',#2639,3.23225,0.715584993317675);
#2386=CONICAL_SURFACE('',#2644,3.23225,0.715584993317675);
#2387=CONICAL_SURFACE('',#2649,3.23225,0.715584993317675);
#2388=CONICAL_SURFACE('',#2654,3.23225,0.715584993317675);
#2389=STYLED_ITEM('',(#4655),#2433);
#2390=STYLED_ITEM('',(#4655),#2435);
#2391=STYLED_ITEM('',(#4655),#2437);
#2392=STYLED_ITEM('',(#4655),#2439);
#2393=STYLED_ITEM('',(#4655),#2441);
#2394=STYLED_ITEM('',(#4655),#2443);
#2395=STYLED_ITEM('',(#4655),#2445);
#2396=STYLED_ITEM('',(#4655),#2447);
#2397=STYLED_ITEM('',(#4655),#2449);
#2398=STYLED_ITEM('',(#4655),#2451);
#2399=STYLED_ITEM('',(#4655),#2453);
#2400=STYLED_ITEM('',(#4655),#2455);
#2401=STYLED_ITEM('',(#4655),#2457);
#2402=STYLED_ITEM('',(#4655),#2459);
#2403=STYLED_ITEM('',(#4655),#2461);
#2404=STYLED_ITEM('',(#4655),#2463);
#2405=STYLED_ITEM('',(#4655),#2476);
#2406=STYLED_ITEM('',(#4655),#2489);
#2407=STYLED_ITEM('',(#4655),#2490);
#2408=STYLED_ITEM('',(#4655),#2492);
#2409=STYLED_ITEM('',(#4655),#2493);
#2410=STYLED_ITEM('',(#4655),#2494);
#2411=STYLED_ITEM('',(#4655),#2495);
#2412=STYLED_ITEM('',(#4655),#2497);
#2413=STYLED_ITEM('',(#4655),#2498);
#2414=STYLED_ITEM('',(#4655),#2499);
#2415=STYLED_ITEM('',(#4655),#2500);
#2416=STYLED_ITEM('',(#4655),#2501);
#2417=STYLED_ITEM('',(#4655),#2502);
#2418=STYLED_ITEM('',(#4655),#2504);
#2419=STYLED_ITEM('',(#4655),#2505);
#2420=STYLED_ITEM('',(#4655),#2506);
#2421=STYLED_ITEM('',(#4655),#2507);
#2422=STYLED_ITEM('',(#4655),#2508);
#2423=STYLED_ITEM('',(#4655),#2510);
#2424=STYLED_ITEM('',(#4656),#2513);
#2425=STYLED_ITEM('',(#4656),#2517);
#2426=STYLED_ITEM('',(#4656),#2521);
#2427=STYLED_ITEM('',(#4656),#2530);
#2428=STYLED_ITEM('',(#4655),#2533);
#2429=STYLED_ITEM('',(#4655),#2534);
#2430=STYLED_ITEM('',(#4655),#2535);
#2431=STYLED_ITEM('',(#4654),#34);
#2432=STYLED_ITEM('',(#4657),#35);
#2433=ADVANCED_FACE('',(#230),#2373,.F.);
#2434=ADVANCED_FACE('',(#231),#166,.F.);
#2435=ADVANCED_FACE('',(#232),#2374,.F.);
#2436=ADVANCED_FACE('',(#233),#167,.F.);
#2437=ADVANCED_FACE('',(#234),#2375,.F.);
#2438=ADVANCED_FACE('',(#235),#168,.F.);
#2439=ADVANCED_FACE('',(#236),#2376,.F.);
#2440=ADVANCED_FACE('',(#237),#169,.F.);
#2441=ADVANCED_FACE('',(#238),#2377,.F.);
#2442=ADVANCED_FACE('',(#239),#170,.F.);
#2443=ADVANCED_FACE('',(#240),#2378,.F.);
#2444=ADVANCED_FACE('',(#241),#171,.F.);
#2445=ADVANCED_FACE('',(#242),#2379,.F.);
#2446=ADVANCED_FACE('',(#243),#172,.F.);
#2447=ADVANCED_FACE('',(#244),#2380,.F.);
#2448=ADVANCED_FACE('',(#245),#173,.F.);
#2449=ADVANCED_FACE('',(#246),#2381,.F.);
#2450=ADVANCED_FACE('',(#247),#174,.F.);
#2451=ADVANCED_FACE('',(#248),#2382,.F.);
#2452=ADVANCED_FACE('',(#249),#175,.F.);
#2453=ADVANCED_FACE('',(#250),#2383,.F.);
#2454=ADVANCED_FACE('',(#251),#176,.F.);
#2455=ADVANCED_FACE('',(#252),#2384,.F.);
#2456=ADVANCED_FACE('',(#253),#177,.F.);
#2457=ADVANCED_FACE('',(#254),#2385,.F.);
#2458=ADVANCED_FACE('',(#255),#178,.F.);
#2459=ADVANCED_FACE('',(#256),#2386,.F.);
#2460=ADVANCED_FACE('',(#257),#179,.F.);
#2461=ADVANCED_FACE('',(#258),#2387,.F.);
#2462=ADVANCED_FACE('',(#259),#180,.F.);
#2463=ADVANCED_FACE('',(#260),#2388,.F.);
#2464=ADVANCED_FACE('',(#261),#181,.F.);
#2465=ADVANCED_FACE('',(#262),#182,.F.);
#2466=ADVANCED_FACE('',(#263),#122,.T.);
#2467=ADVANCED_FACE('',(#264),#183,.F.);
#2468=ADVANCED_FACE('',(#265),#123,.T.);
#2469=ADVANCED_FACE('',(#266),#184,.F.);
#2470=ADVANCED_FACE('',(#267),#124,.T.);
#2471=ADVANCED_FACE('',(#268),#185,.F.);
#2472=ADVANCED_FACE('',(#269),#125,.T.);
#2473=ADVANCED_FACE('',(#270),#186,.F.);
#2474=ADVANCED_FACE('',(#271),#126,.T.);
#2475=ADVANCED_FACE('',(#272),#187,.T.);
#2476=ADVANCED_FACE('',(#273,#36,#37,#38,#39,#40,#41,#42,#43,#44,#45,#46,
#47,#48,#49,#50,#51,#52,#53,#54,#55,#56,#57,#58,#59,#60,#61,#62,#63,#64,
#65,#66,#67,#68,#69),#127,.F.);
#2477=ADVANCED_FACE('',(#274),#188,.F.);
#2478=ADVANCED_FACE('',(#275),#128,.T.);
#2479=ADVANCED_FACE('',(#276),#189,.F.);
#2480=ADVANCED_FACE('',(#277),#129,.T.);
#2481=ADVANCED_FACE('',(#278),#190,.F.);
#2482=ADVANCED_FACE('',(#279),#130,.T.);
#2483=ADVANCED_FACE('',(#280),#191,.F.);
#2484=ADVANCED_FACE('',(#281),#131,.T.);
#2485=ADVANCED_FACE('',(#282),#192,.F.);
#2486=ADVANCED_FACE('',(#283),#132,.T.);
#2487=ADVANCED_FACE('',(#284),#193,.F.);
#2488=ADVANCED_FACE('',(#285),#133,.T.);
#2489=ADVANCED_FACE('',(#286),#194,.T.);
#2490=ADVANCED_FACE('',(#287),#134,.T.);
#2491=ADVANCED_FACE('',(#288,#70,#71),#135,.T.);
#2492=ADVANCED_FACE('',(#289),#195,.T.);
#2493=ADVANCED_FACE('',(#290),#136,.T.);
#2494=ADVANCED_FACE('',(#291),#196,.T.);
#2495=ADVANCED_FACE('',(#292),#137,.T.);
#2496=ADVANCED_FACE('',(#293,#72,#73),#138,.T.);
#2497=ADVANCED_FACE('',(#294),#197,.T.);
#2498=ADVANCED_FACE('',(#295),#139,.T.);
#2499=ADVANCED_FACE('',(#296),#140,.F.);
#2500=ADVANCED_FACE('',(#297),#141,.T.);
#2501=ADVANCED_FACE('',(#298),#142,.T.);
#2502=ADVANCED_FACE('',(#299),#143,.T.);
#2503=ADVANCED_FACE('',(#300),#144,.T.);
#2504=ADVANCED_FACE('',(#301,#74,#75),#145,.F.);
#2505=ADVANCED_FACE('',(#302),#146,.F.);
#2506=ADVANCED_FACE('',(#303),#147,.T.);
#2507=ADVANCED_FACE('',(#304),#148,.T.);
#2508=ADVANCED_FACE('',(#305),#149,.T.);
#2509=ADVANCED_FACE('',(#306),#150,.T.);
#2510=ADVANCED_FACE('',(#307,#76,#77),#151,.F.);
#2511=ADVANCED_FACE('',(#308),#198,.F.);
#2512=ADVANCED_FACE('',(#309),#199,.F.);
#2513=ADVANCED_FACE('',(#310),#200,.F.);
#2514=ADVANCED_FACE('',(#311),#201,.F.);
#2515=ADVANCED_FACE('',(#312),#202,.F.);
#2516=ADVANCED_FACE('',(#313),#203,.F.);
#2517=ADVANCED_FACE('',(#314),#204,.F.);
#2518=ADVANCED_FACE('',(#315),#205,.F.);
#2519=ADVANCED_FACE('',(#316),#206,.F.);
#2520=ADVANCED_FACE('',(#317),#207,.F.);
#2521=ADVANCED_FACE('',(#318),#208,.F.);
#2522=ADVANCED_FACE('',(#319),#209,.F.);
#2523=ADVANCED_FACE('',(#320),#210,.F.);
#2524=ADVANCED_FACE('',(#321),#211,.F.);
#2525=ADVANCED_FACE('',(#322),#212,.F.);
#2526=ADVANCED_FACE('',(#323),#213,.F.);
#2527=ADVANCED_FACE('',(#324),#214,.F.);
#2528=ADVANCED_FACE('',(#325),#215,.F.);
#2529=ADVANCED_FACE('',(#326),#216,.F.);
#2530=ADVANCED_FACE('',(#327),#217,.F.);
#2531=ADVANCED_FACE('',(#328),#152,.T.);
#2532=ADVANCED_FACE('',(#329),#153,.T.);
#2533=ADVANCED_FACE('',(#330),#154,.T.);
#2534=ADVANCED_FACE('',(#331),#155,.T.);
#2535=ADVANCED_FACE('',(#332),#156,.T.);
#2536=ADVANCED_FACE('',(#333,#78,#79,#80,#81,#82,#83,#84,#85,#86,#87,#88,
#89,#90,#91,#92,#93,#94,#95,#96,#97,#98,#99,#100,#101,#102,#103,#104,#105,
#106,#107,#108,#109,#110,#111),#157,.T.);
#2537=ADVANCED_FACE('',(#334),#27,.T.);
#2538=ADVANCED_FACE('',(#335),#218,.F.);
#2539=ADVANCED_FACE('',(#336),#219,.T.);
#2540=ADVANCED_FACE('',(#337),#158,.T.);
#2541=ADVANCED_FACE('',(#338),#159,.T.);
#2542=ADVANCED_FACE('',(#339),#220,.T.);
#2543=ADVANCED_FACE('',(#340),#28,.T.);
#2544=ADVANCED_FACE('',(#341),#221,.T.);
#2545=ADVANCED_FACE('',(#342),#29,.T.);
#2546=ADVANCED_FACE('',(#343),#222,.T.);
#2547=ADVANCED_FACE('',(#344),#223,.F.);
#2548=ADVANCED_FACE('',(#345),#224,.T.);
#2549=ADVANCED_FACE('',(#346),#160,.T.);
#2550=ADVANCED_FACE('',(#347),#225,.F.);
#2551=ADVANCED_FACE('',(#348),#30,.T.);
#2552=ADVANCED_FACE('',(#349),#226,.F.);
#2553=ADVANCED_FACE('',(#350),#161,.T.);
#2554=ADVANCED_FACE('',(#351),#31,.T.);
#2555=ADVANCED_FACE('',(#352),#227,.T.);
#2556=ADVANCED_FACE('',(#353),#32,.T.);
#2557=ADVANCED_FACE('',(#354),#33,.T.);
#2558=ADVANCED_FACE('',(#355),#228,.T.);
#2559=ADVANCED_FACE('',(#356),#162,.T.);
#2560=ADVANCED_FACE('',(#357),#163,.T.);
#2561=ADVANCED_FACE('',(#358),#229,.T.);
#2562=ADVANCED_FACE('',(#359,#112,#113,#114,#115,#116),#164,.T.);
#2563=ADVANCED_FACE('',(#360,#117,#118,#119,#120,#121),#165,.F.);
#2564=CLOSED_SHELL('',(#2433,#2434,#2435,#2436,#2437,#2438,#2439,#2440,
#2441,#2442,#2443,#2444,#2445,#2446,#2447,#2448,#2449,#2450,#2451,#2452,
#2453,#2454,#2455,#2456,#2457,#2458,#2459,#2460,#2461,#2462,#2463,#2464,
#2465,#2466,#2467,#2468,#2469,#2470,#2471,#2472,#2473,#2474,#2475,#2476,
#2477,#2478,#2479,#2480,#2481,#2482,#2483,#2484,#2485,#2486,#2487,#2488,
#2489,#2490,#2491,#2492,#2493,#2494,#2495,#2496,#2497,#2498,#2499,#2500,
#2501,#2502,#2503,#2504,#2505,#2506,#2507,#2508,#2509,#2510,#2511,#2512,
#2513,#2514,#2515,#2516,#2517,#2518,#2519,#2520,#2521,#2522,#2523,#2524,
#2525,#2526,#2527,#2528,#2529,#2530,#2531,#2532,#2533,#2534,#2535,#2536));
#2565=CLOSED_SHELL('',(#2537,#2538,#2539,#2540,#2541,#2542,#2543,#2544,
#2545,#2546,#2547,#2548,#2549,#2550,#2551,#2552,#2553,#2554,#2555,#2556,
#2557,#2558,#2559,#2560,#2561,#2562,#2563));
#2566=DERIVED_UNIT_ELEMENT(#2568,1.);
#2567=DERIVED_UNIT_ELEMENT(#4639,3.);
#2568=(
MASS_UNIT()
NAMED_UNIT(*)
SI_UNIT(.KILO.,.GRAM.)
);
#2569=DERIVED_UNIT((#2566,#2567));
#2570=MEASURE_REPRESENTATION_ITEM('density measure',
POSITIVE_RATIO_MEASURE(7850.),#2569);
#2571=PROPERTY_DEFINITION_REPRESENTATION(#2576,#2573);
#2572=PROPERTY_DEFINITION_REPRESENTATION(#2577,#2574);
#2573=REPRESENTATION('material name',(#2575),#4636);
#2574=REPRESENTATION('density',(#2570),#4636);
#2575=DESCRIPTIVE_REPRESENTATION_ITEM('Steel','Steel');
#2576=PROPERTY_DEFINITION('material property','material name',#4646);
#2577=PROPERTY_DEFINITION('material property','density of part',#4646);
#2578=AXIS2_PLACEMENT_3D('placement',#3576,#2847,#2848);
#2579=AXIS2_PLACEMENT_3D('',#3577,#2849,#2850);
#2580=AXIS2_PLACEMENT_3D('',#3579,#2851,#2852);
#2581=AXIS2_PLACEMENT_3D('',#3582,#2854,#2855);
#2582=AXIS2_PLACEMENT_3D('',#3583,#2856,#2857);
#2583=AXIS2_PLACEMENT_3D('',#3586,#2859,#2860);
#2584=AXIS2_PLACEMENT_3D('',#3587,#2861,#2862);
#2585=AXIS2_PLACEMENT_3D('',#3589,#2863,#2864);
#2586=AXIS2_PLACEMENT_3D('',#3592,#2866,#2867);
#2587=AXIS2_PLACEMENT_3D('',#3593,#2868,#2869);
#2588=AXIS2_PLACEMENT_3D('',#3596,#2871,#2872);
#2589=AXIS2_PLACEMENT_3D('',#3597,#2873,#2874);
#2590=AXIS2_PLACEMENT_3D('',#3599,#2875,#2876);
#2591=AXIS2_PLACEMENT_3D('',#3602,#2878,#2879);
#2592=AXIS2_PLACEMENT_3D('',#3603,#2880,#2881);
#2593=AXIS2_PLACEMENT_3D('',#3606,#2883,#2884);
#2594=AXIS2_PLACEMENT_3D('',#3607,#2885,#2886);
#2595=AXIS2_PLACEMENT_3D('',#3609,#2887,#2888);
#2596=AXIS2_PLACEMENT_3D('',#3612,#2890,#2891);
#2597=AXIS2_PLACEMENT_3D('',#3613,#2892,#2893);
#2598=AXIS2_PLACEMENT_3D('',#3616,#2895,#2896);
#2599=AXIS2_PLACEMENT_3D('',#3617,#2897,#2898);
#2600=AXIS2_PLACEMENT_3D('',#3619,#2899,#2900);
#2601=AXIS2_PLACEMENT_3D('',#3622,#2902,#2903);
#2602=AXIS2_PLACEMENT_3D('',#3623,#2904,#2905);
#2603=AXIS2_PLACEMENT_3D('',#3626,#2907,#2908);
#2604=AXIS2_PLACEMENT_3D('',#3627,#2909,#2910);
#2605=AXIS2_PLACEMENT_3D('',#3629,#2911,#2912);
#2606=AXIS2_PLACEMENT_3D('',#3632,#2914,#2915);
#2607=AXIS2_PLACEMENT_3D('',#3633,#2916,#2917);
#2608=AXIS2_PLACEMENT_3D('',#3636,#2919,#2920);
#2609=AXIS2_PLACEMENT_3D('',#3637,#2921,#2922);
#2610=AXIS2_PLACEMENT_3D('',#3639,#2923,#2924);
#2611=AXIS2_PLACEMENT_3D('',#3642,#2926,#2927);
#2612=AXIS2_PLACEMENT_3D('',#3643,#2928,#2929);
#2613=AXIS2_PLACEMENT_3D('',#3646,#2931,#2932);
#2614=AXIS2_PLACEMENT_3D('',#3647,#2933,#2934);
#2615=AXIS2_PLACEMENT_3D('',#3649,#2935,#2936);
#2616=AXIS2_PLACEMENT_3D('',#3652,#2938,#2939);
#2617=AXIS2_PLACEMENT_3D('',#3653,#2940,#2941);
#2618=AXIS2_PLACEMENT_3D('',#3656,#2943,#2944);
#2619=AXIS2_PLACEMENT_3D('',#3657,#2945,#2946);
#2620=AXIS2_PLACEMENT_3D('',#3659,#2947,#2948);
#2621=AXIS2_PLACEMENT_3D('',#3662,#2950,#2951);
#2622=AXIS2_PLACEMENT_3D('',#3663,#2952,#2953);
#2623=AXIS2_PLACEMENT_3D('',#3666,#2955,#2956);
#2624=AXIS2_PLACEMENT_3D('',#3667,#2957,#2958);
#2625=AXIS2_PLACEMENT_3D('',#3669,#2959,#2960);
#2626=AXIS2_PLACEMENT_3D('',#3672,#2962,#2963);
#2627=AXIS2_PLACEMENT_3D('',#3673,#2964,#2965);
#2628=AXIS2_PLACEMENT_3D('',#3676,#2967,#2968);
#2629=AXIS2_PLACEMENT_3D('',#3677,#2969,#2970);
#2630=AXIS2_PLACEMENT_3D('',#3679,#2971,#2972);
#2631=AXIS2_PLACEMENT_3D('',#3682,#2974,#2975);
#2632=AXIS2_PLACEMENT_3D('',#3683,#2976,#2977);
#2633=AXIS2_PLACEMENT_3D('',#3686,#2979,#2980);
#2634=AXIS2_PLACEMENT_3D('',#3687,#2981,#2982);
#2635=AXIS2_PLACEMENT_3D('',#3689,#2983,#2984);
#2636=AXIS2_PLACEMENT_3D('',#3692,#2986,#2987);
#2637=AXIS2_PLACEMENT_3D('',#3693,#2988,#2989);
#2638=AXIS2_PLACEMENT_3D('',#3696,#2991,#2992);
#2639=AXIS2_PLACEMENT_3D('',#3697,#2993,#2994);
#2640=AXIS2_PLACEMENT_3D('',#3699,#2995,#2996);
#2641=AXIS2_PLACEMENT_3D('',#3702,#2998,#2999);
#2642=AXIS2_PLACEMENT_3D('',#3703,#3000,#3001);
#2643=AXIS2_PLACEMENT_3D('',#3706,#3003,#3004);
#2644=AXIS2_PLACEMENT_3D('',#3707,#3005,#3006);
#2645=AXIS2_PLACEMENT_3D('',#3709,#3007,#3008);
#2646=AXIS2_PLACEMENT_3D('',#3712,#3010,#3011);
#2647=AXIS2_PLACEMENT_3D('',#3713,#3012,#3013);
#2648=AXIS2_PLACEMENT_3D('',#3716,#3015,#3016);
#2649=AXIS2_PLACEMENT_3D('',#3717,#3017,#3018);
#2650=AXIS2_PLACEMENT_3D('',#3719,#3019,#3020);
#2651=AXIS2_PLACEMENT_3D('',#3722,#3022,#3023);
#2652=AXIS2_PLACEMENT_3D('',#3723,#3024,#3025);
#2653=AXIS2_PLACEMENT_3D('',#3726,#3027,#3028);
#2654=AXIS2_PLACEMENT_3D('',#3727,#3029,#3030);
#2655=AXIS2_PLACEMENT_3D('',#3729,#3031,#3032);
#2656=AXIS2_PLACEMENT_3D('',#3732,#3034,#3035);
#2657=AXIS2_PLACEMENT_3D('',#3733,#3036,#3037);
#2658=AXIS2_PLACEMENT_3D('',#3736,#3039,#3040);
#2659=AXIS2_PLACEMENT_3D('',#3737,#3041,#3042);
#2660=AXIS2_PLACEMENT_3D('',#3740,#3043,#3044);
#2661=AXIS2_PLACEMENT_3D('',#3744,#3046,#3047);
#2662=AXIS2_PLACEMENT_3D('',#3746,#3049,#3050);
#2663=AXIS2_PLACEMENT_3D('',#3752,#3054,#3055);
#2664=AXIS2_PLACEMENT_3D('',#3755,#3056,#3057);
#2665=AXIS2_PLACEMENT_3D('',#3759,#3059,#3060);
#2666=AXIS2_PLACEMENT_3D('',#3761,#3062,#3063);
#2667=AXIS2_PLACEMENT_3D('',#3764,#3066,#3067);
#2668=AXIS2_PLACEMENT_3D('',#3767,#3068,#3069);
#2669=AXIS2_PLACEMENT_3D('',#3771,#3071,#3072);
#2670=AXIS2_PLACEMENT_3D('',#3773,#3074,#3075);
#2671=AXIS2_PLACEMENT_3D('',#3776,#3078,#3079);
#2672=AXIS2_PLACEMENT_3D('',#3778,#3080,#3081);
#2673=AXIS2_PLACEMENT_3D('',#3781,#3083,#3084);
#2674=AXIS2_PLACEMENT_3D('',#3782,#3085,#3086);
#2675=AXIS2_PLACEMENT_3D('',#3785,#3089,#3090);
#2676=AXIS2_PLACEMENT_3D('',#3788,#3091,#3092);
#2677=AXIS2_PLACEMENT_3D('',#3792,#3094,#3095);
#2678=AXIS2_PLACEMENT_3D('',#3794,#3097,#3098);
#2679=AXIS2_PLACEMENT_3D('',#3800,#3102,#3103);
#2680=AXIS2_PLACEMENT_3D('',#3802,#3104,#3105);
#2681=AXIS2_PLACEMENT_3D('',#3804,#3106,#3107);
#2682=AXIS2_PLACEMENT_3D('',#3806,#3109,#3110);
#2683=AXIS2_PLACEMENT_3D('',#3822,#3118,#3119);
#2684=AXIS2_PLACEMENT_3D('',#3826,#3121,#3122);
#2685=AXIS2_PLACEMENT_3D('',#3829,#3124,#3125);
#2686=AXIS2_PLACEMENT_3D('',#3831,#3126,#3127);
#2687=AXIS2_PLACEMENT_3D('',#3833,#3128,#3129);
#2688=AXIS2_PLACEMENT_3D('',#3835,#3130,#3131);
#2689=AXIS2_PLACEMENT_3D('',#3837,#3132,#3133);
#2690=AXIS2_PLACEMENT_3D('',#3839,#3134,#3135);
#2691=AXIS2_PLACEMENT_3D('',#3841,#3136,#3137);
#2692=AXIS2_PLACEMENT_3D('',#3843,#3138,#3139);
#2693=AXIS2_PLACEMENT_3D('',#3845,#3140,#3141);
#2694=AXIS2_PLACEMENT_3D('',#3847,#3142,#3143);
#2695=AXIS2_PLACEMENT_3D('',#3849,#3144,#3145);
#2696=AXIS2_PLACEMENT_3D('',#3851,#3146,#3147);
#2697=AXIS2_PLACEMENT_3D('',#3853,#3148,#3149);
#2698=AXIS2_PLACEMENT_3D('',#3855,#3150,#3151);
#2699=AXIS2_PLACEMENT_3D('',#3857,#3152,#3153);
#2700=AXIS2_PLACEMENT_3D('',#3859,#3154,#3155);
#2701=AXIS2_PLACEMENT_3D('',#3861,#3156,#3157);
#2702=AXIS2_PLACEMENT_3D('',#3863,#3158,#3159);
#2703=AXIS2_PLACEMENT_3D('',#3865,#3160,#3161);
#2704=AXIS2_PLACEMENT_3D('',#3867,#3162,#3163);
#2705=AXIS2_PLACEMENT_3D('',#3870,#3164,#3165);
#2706=AXIS2_PLACEMENT_3D('',#3874,#3167,#3168);
#2707=AXIS2_PLACEMENT_3D('',#3878,#3170,#3171);
#2708=AXIS2_PLACEMENT_3D('',#3882,#3173,#3174);
#2709=AXIS2_PLACEMENT_3D('',#3884,#3176,#3177);
#2710=AXIS2_PLACEMENT_3D('',#3888,#3179,#3180);
#2711=AXIS2_PLACEMENT_3D('',#3890,#3182,#3183);
#2712=AXIS2_PLACEMENT_3D('',#3894,#3186,#3187);
#2713=AXIS2_PLACEMENT_3D('',#3898,#3189,#3190);
#2714=AXIS2_PLACEMENT_3D('',#3900,#3192,#3193);
#2715=AXIS2_PLACEMENT_3D('',#3904,#3196,#3197);
#2716=AXIS2_PLACEMENT_3D('',#3907,#3199,#3200);
#2717=AXIS2_PLACEMENT_3D('',#3908,#3201,#3202);
#2718=AXIS2_PLACEMENT_3D('',#3912,#3205,#3206);
#2719=AXIS2_PLACEMENT_3D('',#3915,#3208,#3209);
#2720=AXIS2_PLACEMENT_3D('',#3916,#3210,#3211);
#2721=AXIS2_PLACEMENT_3D('',#3920,#3214,#3215);
#2722=AXIS2_PLACEMENT_3D('',#3923,#3217,#3218);
#2723=AXIS2_PLACEMENT_3D('',#3924,#3219,#3220);
#2724=AXIS2_PLACEMENT_3D('',#3926,#3222,#3223);
#2725=AXIS2_PLACEMENT_3D('',#3929,#3225,#3226);
#2726=AXIS2_PLACEMENT_3D('',#3930,#3227,#3228);
#2727=AXIS2_PLACEMENT_3D('',#3934,#3231,#3232);
#2728=AXIS2_PLACEMENT_3D('',#3937,#3233,#3234);
#2729=AXIS2_PLACEMENT_3D('',#3941,#3236,#3237);
#2730=AXIS2_PLACEMENT_3D('',#3943,#3239,#3240);
#2731=AXIS2_PLACEMENT_3D('',#3949,#3244,#3245);
#2732=AXIS2_PLACEMENT_3D('',#3956,#3249,#3250);
#2733=AXIS2_PLACEMENT_3D('',#3957,#3251,#3252);
#2734=AXIS2_PLACEMENT_3D('',#3959,#3253,#3254);
#2735=AXIS2_PLACEMENT_3D('',#3961,#3256,#3257);
#2736=AXIS2_PLACEMENT_3D('',#3965,#3260,#3261);
#2737=AXIS2_PLACEMENT_3D('',#3968,#3262,#3263);
#2738=AXIS2_PLACEMENT_3D('',#3972,#3265,#3266);
#2739=AXIS2_PLACEMENT_3D('',#3974,#3268,#3269);
#2740=AXIS2_PLACEMENT_3D('',#3980,#3273,#3274);
#2741=AXIS2_PLACEMENT_3D('',#3984,#3276,#3277);
#2742=AXIS2_PLACEMENT_3D('',#3988,#3280,#3281);
#2743=AXIS2_PLACEMENT_3D('',#3991,#3282,#3283);
#2744=AXIS2_PLACEMENT_3D('',#3994,#3286,#3287);
#2745=AXIS2_PLACEMENT_3D('',#3998,#3290,#3291);
#2746=AXIS2_PLACEMENT_3D('',#4003,#3295,#3296);
#2747=AXIS2_PLACEMENT_3D('',#4006,#3299,#3300);
#2748=AXIS2_PLACEMENT_3D('',#4010,#3303,#3304);
#2749=AXIS2_PLACEMENT_3D('',#4014,#3307,#3308);
#2750=AXIS2_PLACEMENT_3D('',#4016,#3310,#3311);
#2751=AXIS2_PLACEMENT_3D('',#4017,#3312,#3313);
#2752=AXIS2_PLACEMENT_3D('',#4021,#3317,#3318);
#2753=AXIS2_PLACEMENT_3D('',#4025,#3321,#3322);
#2754=AXIS2_PLACEMENT_3D('',#4029,#3325,#3326);
#2755=AXIS2_PLACEMENT_3D('',#4031,#3328,#3329);
#2756=AXIS2_PLACEMENT_3D('',#4033,#3331,#3332);
#2757=AXIS2_PLACEMENT_3D('',#4034,#3333,#3334);
#2758=AXIS2_PLACEMENT_3D('',#4036,#3335,#3336);
#2759=AXIS2_PLACEMENT_3D('',#4038,#3338,#3339);
#2760=AXIS2_PLACEMENT_3D('',#4040,#3340,#3341);
#2761=AXIS2_PLACEMENT_3D('',#4042,#3343,#3344);
#2762=AXIS2_PLACEMENT_3D('',#4044,#3345,#3346);
#2763=AXIS2_PLACEMENT_3D('',#4046,#3348,#3349);
#2764=AXIS2_PLACEMENT_3D('',#4048,#3350,#3351);
#2765=AXIS2_PLACEMENT_3D('',#4050,#3353,#3354);
#2766=AXIS2_PLACEMENT_3D('',#4052,#3355,#3356);
#2767=AXIS2_PLACEMENT_3D('',#4054,#3358,#3359);
#2768=AXIS2_PLACEMENT_3D('',#4056,#3360,#3361);
#2769=AXIS2_PLACEMENT_3D('',#4058,#3363,#3364);
#2770=AXIS2_PLACEMENT_3D('',#4060,#3365,#3366);
#2771=AXIS2_PLACEMENT_3D('',#4062,#3368,#3369);
#2772=AXIS2_PLACEMENT_3D('',#4064,#3370,#3371);
#2773=AXIS2_PLACEMENT_3D('',#4066,#3373,#3374);
#2774=AXIS2_PLACEMENT_3D('',#4068,#3375,#3376);
#2775=AXIS2_PLACEMENT_3D('',#4070,#3378,#3379);
#2776=AXIS2_PLACEMENT_3D('',#4072,#3380,#3381);
#2777=AXIS2_PLACEMENT_3D('',#4074,#3383,#3384);
#2778=AXIS2_PLACEMENT_3D('',#4076,#3385,#3386);
#2779=AXIS2_PLACEMENT_3D('',#4078,#3388,#3389);
#2780=AXIS2_PLACEMENT_3D('',#4080,#3390,#3391);
#2781=AXIS2_PLACEMENT_3D('',#4082,#3393,#3394);
#2782=AXIS2_PLACEMENT_3D('',#4084,#3395,#3396);
#2783=AXIS2_PLACEMENT_3D('',#4086,#3398,#3399);
#2784=AXIS2_PLACEMENT_3D('',#4088,#3400,#3401);
#2785=AXIS2_PLACEMENT_3D('',#4090,#3403,#3404);
#2786=AXIS2_PLACEMENT_3D('',#4092,#3405,#3406);
#2787=AXIS2_PLACEMENT_3D('',#4094,#3408,#3409);
#2788=AXIS2_PLACEMENT_3D('',#4096,#3410,#3411);
#2789=AXIS2_PLACEMENT_3D('',#4098,#3413,#3414);
#2790=AXIS2_PLACEMENT_3D('',#4100,#3415,#3416);
#2791=AXIS2_PLACEMENT_3D('',#4102,#3418,#3419);
#2792=AXIS2_PLACEMENT_3D('',#4104,#3420,#3421);
#2793=AXIS2_PLACEMENT_3D('',#4106,#3423,#3424);
#2794=AXIS2_PLACEMENT_3D('',#4108,#3425,#3426);
#2795=AXIS2_PLACEMENT_3D('',#4110,#3428,#3429);
#2796=AXIS2_PLACEMENT_3D('',#4112,#3430,#3431);
#2797=AXIS2_PLACEMENT_3D('',#4114,#3433,#3434);
#2798=AXIS2_PLACEMENT_3D('',#4116,#3436,#3437);
#2799=AXIS2_PLACEMENT_3D('',#4120,#3440,#3441);
#2800=AXIS2_PLACEMENT_3D('',#4122,#3443,#3444);
#2801=AXIS2_PLACEMENT_3D('',#4124,#3446,#3447);
#2802=AXIS2_PLACEMENT_3D('',#4126,#3449,#3450);
#2803=AXIS2_PLACEMENT_3D('',#4161,#3453,#3454);
#2804=AXIS2_PLACEMENT_3D('',#4162,#3455,#3456);
#2805=AXIS2_PLACEMENT_3D('',#4163,#3457,#3458);
#2806=AXIS2_PLACEMENT_3D('',#4164,#3459,#3460);
#2807=AXIS2_PLACEMENT_3D('',#4167,#3461,#3462);
#2808=AXIS2_PLACEMENT_3D('',#4171,#3464,#3465);
#2809=AXIS2_PLACEMENT_3D('',#4173,#3467,#3468);
#2810=AXIS2_PLACEMENT_3D('',#4179,#3472,#3473);
#2811=AXIS2_PLACEMENT_3D('',#4182,#3476,#3477);
#2812=AXIS2_PLACEMENT_3D('',#4185,#3478,#3479);
#2813=AXIS2_PLACEMENT_3D('',#4189,#3481,#3482);
#2814=AXIS2_PLACEMENT_3D('',#4267,#3484,#3485);
#2815=AXIS2_PLACEMENT_3D('',#4270,#3486,#3487);
#2816=AXIS2_PLACEMENT_3D('',#4274,#3489,#3490);
#2817=AXIS2_PLACEMENT_3D('',#4364,#3492,#3493);
#2818=AXIS2_PLACEMENT_3D('',#4367,#3494,#3495);
#2819=AXIS2_PLACEMENT_3D('',#4371,#3497,#3498);
#2820=AXIS2_PLACEMENT_3D('',#4373,#3500,#3501);
#2821=AXIS2_PLACEMENT_3D('',#4375,#3502,#3503);
#2822=AXIS2_PLACEMENT_3D('',#4377,#3504,#3505);
#2823=AXIS2_PLACEMENT_3D('',#4379,#3507,#3508);
#2824=AXIS2_PLACEMENT_3D('',#4381,#3509,#3510);
#2825=AXIS2_PLACEMENT_3D('',#4383,#3511,#3512);
#2826=AXIS2_PLACEMENT_3D('',#4385,#3514,#3515);
#2827=AXIS2_PLACEMENT_3D('',#4391,#3519,#3520);
#2828=AXIS2_PLACEMENT_3D('',#4393,#3521,#3522);
#2829=AXIS2_PLACEMENT_3D('',#4395,#3523,#3524);
#2830=AXIS2_PLACEMENT_3D('',#4416,#3527,#3528);
#2831=AXIS2_PLACEMENT_3D('',#4418,#3529,#3530);
#2832=AXIS2_PLACEMENT_3D('',#4420,#3531,#3532);
#2833=AXIS2_PLACEMENT_3D('',#4422,#3534,#3535);
#2834=AXIS2_PLACEMENT_3D('',#4519,#3540,#3541);
#2835=AXIS2_PLACEMENT_3D('',#4521,#3542,#3543);
#2836=AXIS2_PLACEMENT_3D('',#4523,#3544,#3545);
#2837=AXIS2_PLACEMENT_3D('',#4611,#3549,#3550);
#2838=AXIS2_PLACEMENT_3D('',#4613,#3551,#3552);
#2839=AXIS2_PLACEMENT_3D('',#4615,#3553,#3554);
#2840=AXIS2_PLACEMENT_3D('',#4617,#3556,#3557);
#2841=AXIS2_PLACEMENT_3D('',#4623,#3561,#3562);
#2842=AXIS2_PLACEMENT_3D('',#4629,#3566,#3567);
#2843=AXIS2_PLACEMENT_3D('',#4630,#3568,#3569);
#2844=AXIS2_PLACEMENT_3D('',#4631,#3570,#3571);
#2845=AXIS2_PLACEMENT_3D('',#4632,#3572,#3573);
#2846=AXIS2_PLACEMENT_3D('',#4633,#3574,#3575);
#2847=DIRECTION('axis',(0.,0.,1.));
#2848=DIRECTION('refdir',(1.,0.,0.));
#2849=DIRECTION('center_axis',(0.,-1.,1.53240244029071E-15));
#2850=DIRECTION('ref_axis',(0.,-1.53240244029071E-15,-1.));
#2851=DIRECTION('center_axis',(0.,1.,-1.53240244029071E-15));
#2852=DIRECTION('ref_axis',(0.,-1.53240244029071E-15,-1.));
#2853=DIRECTION('',(-8.03440589904945E-17,0.754709580222771,-0.656059028990508));
#2854=DIRECTION('center_axis',(0.,1.,-1.53240244029071E-15));
#2855=DIRECTION('ref_axis',(0.,-1.53240244029071E-15,-1.));
#2856=DIRECTION('center_axis',(0.,1.,-1.53240244029071E-15));
#2857=DIRECTION('ref_axis',(0.,-1.53240244029071E-15,-1.));
#2858=DIRECTION('',(0.,1.,-1.53240244029071E-15));
#2859=DIRECTION('center_axis',(0.,-1.,1.53240244029071E-15));
#2860=DIRECTION('ref_axis',(0.,-1.53240244029071E-15,-1.));
#2861=DIRECTION('center_axis',(0.,-1.,7.71081894854956E-16));
#2862=DIRECTION('ref_axis',(0.,-7.71081894854958E-16,-1.));
#2863=DIRECTION('center_axis',(0.,1.,-7.71081894854956E-16));
#2864=DIRECTION('ref_axis',(0.,-7.71081894854958E-16,-1.));
#2865=DIRECTION('',(-8.03440589904945E-17,0.754709580222772,-0.656059028990508));
#2866=DIRECTION('center_axis',(0.,1.,-7.71081894854956E-16));
#2867=DIRECTION('ref_axis',(0.,-7.71081894854957E-16,-1.));
#2868=DIRECTION('center_axis',(0.,1.,-7.71081894854956E-16));
#2869=DIRECTION('ref_axis',(0.,-7.71081894854957E-16,-1.));
#2870=DIRECTION('',(0.,1.,-7.71081894854956E-16));
#2871=DIRECTION('center_axis',(0.,-1.,7.71081894854956E-16));
#2872=DIRECTION('ref_axis',(0.,-7.71081894854957E-16,-1.));
#2873=DIRECTION('center_axis',(0.,-1.,7.71081894854956E-16));
#2874=DIRECTION('ref_axis',(0.,-7.71081894854958E-16,-1.));
#2875=DIRECTION('center_axis',(0.,1.,-7.71081894854956E-16));
#2876=DIRECTION('ref_axis',(0.,-7.71081894854958E-16,-1.));
#2877=DIRECTION('',(-8.03440589904945E-17,0.754709580222772,-0.656059028990508));
#2878=DIRECTION('center_axis',(0.,1.,-7.71081894854956E-16));
#2879=DIRECTION('ref_axis',(0.,-7.71081894854957E-16,-1.));
#2880=DIRECTION('center_axis',(0.,1.,-7.71081894854956E-16));
#2881=DIRECTION('ref_axis',(0.,-7.71081894854957E-16,-1.));
#2882=DIRECTION('',(0.,1.,-7.71081894854956E-16));
#2883=DIRECTION('center_axis',(0.,-1.,7.71081894854956E-16));
#2884=DIRECTION('ref_axis',(0.,-7.71081894854957E-16,-1.));
#2885=DIRECTION('center_axis',(0.,-1.,1.53240244029071E-15));
#2886=DIRECTION('ref_axis',(0.,-1.53240244029071E-15,-1.));
#2887=DIRECTION('center_axis',(0.,1.,-1.53240244029071E-15));
#2888=DIRECTION('ref_axis',(0.,-1.53240244029071E-15,-1.));
#2889=DIRECTION('',(-8.03440589904945E-17,0.754709580222771,-0.656059028990508));
#2890=DIRECTION('center_axis',(0.,1.,-1.53240244029071E-15));
#2891=DIRECTION('ref_axis',(0.,-1.53240244029071E-15,-1.));
#2892=DIRECTION('center_axis',(0.,1.,-1.53240244029071E-15));
#2893=DIRECTION('ref_axis',(0.,-1.53240244029071E-15,-1.));
#2894=DIRECTION('',(0.,1.,-1.53240244029071E-15));
#2895=DIRECTION('center_axis',(0.,-1.,1.53240244029071E-15));
#2896=DIRECTION('ref_axis',(0.,-1.53240244029071E-15,-1.));
#2897=DIRECTION('center_axis',(0.,-1.,0.));
#2898=DIRECTION('ref_axis',(0.,0.,-1.));
#2899=DIRECTION('center_axis',(0.,1.,0.));
#2900=DIRECTION('ref_axis',(0.,0.,-1.));
#2901=DIRECTION('',(-8.03440589904945E-17,0.754709580222772,-0.656059028990507));
#2902=DIRECTION('center_axis',(0.,1.,0.));
#2903=DIRECTION('ref_axis',(0.,0.,-1.));
#2904=DIRECTION('center_axis',(0.,1.,0.));
#2905=DIRECTION('ref_axis',(0.,0.,-1.));
#2906=DIRECTION('',(0.,1.,0.));
#2907=DIRECTION('center_axis',(0.,-1.,0.));
#2908=DIRECTION('ref_axis',(0.,0.,-1.));
#2909=DIRECTION('center_axis',(0.,-1.,0.));
#2910=DIRECTION('ref_axis',(0.,0.,-1.));
#2911=DIRECTION('center_axis',(0.,1.,0.));
#2912=DIRECTION('ref_axis',(0.,0.,-1.));
#2913=DIRECTION('',(-8.03440589904945E-17,0.754709580222772,-0.656059028990507));
#2914=DIRECTION('center_axis',(0.,1.,0.));
#2915=DIRECTION('ref_axis',(0.,0.,-1.));
#2916=DIRECTION('center_axis',(0.,1.,0.));
#2917=DIRECTION('ref_axis',(0.,0.,-1.));
#2918=DIRECTION('',(0.,1.,0.));
#2919=DIRECTION('center_axis',(0.,-1.,0.));
#2920=DIRECTION('ref_axis',(0.,0.,-1.));
#2921=DIRECTION('center_axis',(0.,-1.,0.));
#2922=DIRECTION('ref_axis',(0.,0.,-1.));
#2923=DIRECTION('center_axis',(0.,1.,0.));
#2924=DIRECTION('ref_axis',(0.,0.,-1.));
#2925=DIRECTION('',(-8.03440589904945E-17,0.754709580222772,-0.656059028990507));
#2926=DIRECTION('center_axis',(0.,1.,0.));
#2927=DIRECTION('ref_axis',(0.,0.,-1.));
#2928=DIRECTION('center_axis',(0.,1.,0.));
#2929=DIRECTION('ref_axis',(0.,0.,-1.));
#2930=DIRECTION('',(0.,1.,0.));
#2931=DIRECTION('center_axis',(0.,-1.,0.));
#2932=DIRECTION('ref_axis',(0.,0.,-1.));
#2933=DIRECTION('center_axis',(0.,-1.,0.));
#2934=DIRECTION('ref_axis',(0.,0.,-1.));
#2935=DIRECTION('center_axis',(0.,1.,0.));
#2936=DIRECTION('ref_axis',(0.,0.,-1.));
#2937=DIRECTION('',(-8.03440589904945E-17,0.754709580222772,-0.656059028990507));
#2938=DIRECTION('center_axis',(0.,1.,0.));
#2939=DIRECTION('ref_axis',(0.,0.,-1.));
#2940=DIRECTION('center_axis',(0.,1.,0.));
#2941=DIRECTION('ref_axis',(0.,0.,-1.));
#2942=DIRECTION('',(0.,1.,0.));
#2943=DIRECTION('center_axis',(0.,-1.,0.));
#2944=DIRECTION('ref_axis',(0.,0.,-1.));
#2945=DIRECTION('center_axis',(0.,-1.,0.));
#2946=DIRECTION('ref_axis',(0.,0.,-1.));
#2947=DIRECTION('center_axis',(0.,1.,0.));
#2948=DIRECTION('ref_axis',(0.,0.,-1.));
#2949=DIRECTION('',(-8.03440589904945E-17,0.754709580222772,-0.656059028990507));
#2950=DIRECTION('center_axis',(0.,1.,0.));
#2951=DIRECTION('ref_axis',(0.,0.,-1.));
#2952=DIRECTION('center_axis',(0.,1.,0.));
#2953=DIRECTION('ref_axis',(0.,0.,-1.));
#2954=DIRECTION('',(0.,1.,0.));
#2955=DIRECTION('center_axis',(0.,-1.,0.));
#2956=DIRECTION('ref_axis',(0.,0.,-1.));
#2957=DIRECTION('center_axis',(0.,-1.,0.));
#2958=DIRECTION('ref_axis',(0.,0.,-1.));
#2959=DIRECTION('center_axis',(0.,1.,0.));
#2960=DIRECTION('ref_axis',(0.,0.,-1.));
#2961=DIRECTION('',(-8.03440589904945E-17,0.754709580222772,-0.656059028990507));
#2962=DIRECTION('center_axis',(0.,1.,0.));
#2963=DIRECTION('ref_axis',(0.,0.,-1.));
#2964=DIRECTION('center_axis',(0.,1.,0.));
#2965=DIRECTION('ref_axis',(0.,0.,-1.));
#2966=DIRECTION('',(0.,1.,0.));
#2967=DIRECTION('center_axis',(0.,-1.,0.));
#2968=DIRECTION('ref_axis',(0.,0.,-1.));
#2969=DIRECTION('center_axis',(0.,-1.,0.));
#2970=DIRECTION('ref_axis',(0.,0.,-1.));
#2971=DIRECTION('center_axis',(0.,1.,0.));
#2972=DIRECTION('ref_axis',(0.,0.,-1.));
#2973=DIRECTION('',(-8.03440589904945E-17,0.754709580222772,-0.656059028990507));
#2974=DIRECTION('center_axis',(0.,1.,0.));
#2975=DIRECTION('ref_axis',(0.,0.,-1.));
#2976=DIRECTION('center_axis',(0.,1.,0.));
#2977=DIRECTION('ref_axis',(0.,0.,-1.));
#2978=DIRECTION('',(0.,1.,0.));
#2979=DIRECTION('center_axis',(0.,-1.,0.));
#2980=DIRECTION('ref_axis',(0.,0.,-1.));
#2981=DIRECTION('center_axis',(0.,-1.,0.));
#2982=DIRECTION('ref_axis',(0.,0.,-1.));
#2983=DIRECTION('center_axis',(0.,1.,0.));
#2984=DIRECTION('ref_axis',(0.,0.,-1.));
#2985=DIRECTION('',(-8.03440589904945E-17,0.754709580222772,-0.656059028990507));
#2986=DIRECTION('center_axis',(0.,1.,0.));
#2987=DIRECTION('ref_axis',(0.,0.,-1.));
#2988=DIRECTION('center_axis',(0.,1.,0.));
#2989=DIRECTION('ref_axis',(0.,0.,-1.));
#2990=DIRECTION('',(0.,1.,0.));
#2991=DIRECTION('center_axis',(0.,-1.,0.));
#2992=DIRECTION('ref_axis',(0.,0.,-1.));
#2993=DIRECTION('center_axis',(0.,-1.,0.));
#2994=DIRECTION('ref_axis',(0.,0.,-1.));
#2995=DIRECTION('center_axis',(0.,1.,0.));
#2996=DIRECTION('ref_axis',(0.,0.,-1.));
#2997=DIRECTION('',(-8.03440589904945E-17,0.754709580222772,-0.656059028990507));
#2998=DIRECTION('center_axis',(0.,1.,0.));
#2999=DIRECTION('ref_axis',(0.,0.,-1.));
#3000=DIRECTION('center_axis',(0.,1.,0.));
#3001=DIRECTION('ref_axis',(0.,0.,-1.));
#3002=DIRECTION('',(0.,1.,0.));
#3003=DIRECTION('center_axis',(0.,-1.,0.));
#3004=DIRECTION('ref_axis',(0.,0.,-1.));
#3005=DIRECTION('center_axis',(0.,-1.,0.));
#3006=DIRECTION('ref_axis',(0.,0.,-1.));
#3007=DIRECTION('center_axis',(0.,1.,0.));
#3008=DIRECTION('ref_axis',(0.,0.,-1.));
#3009=DIRECTION('',(-8.03440589904945E-17,0.754709580222772,-0.656059028990507));
#3010=DIRECTION('center_axis',(0.,1.,0.));
#3011=DIRECTION('ref_axis',(0.,0.,-1.));
#3012=DIRECTION('center_axis',(0.,1.,0.));
#3013=DIRECTION('ref_axis',(0.,0.,-1.));
#3014=DIRECTION('',(0.,1.,0.));
#3015=DIRECTION('center_axis',(0.,-1.,0.));
#3016=DIRECTION('ref_axis',(0.,0.,-1.));
#3017=DIRECTION('center_axis',(0.,-1.,0.));
#3018=DIRECTION('ref_axis',(0.,0.,-1.));
#3019=DIRECTION('center_axis',(0.,1.,0.));
#3020=DIRECTION('ref_axis',(0.,0.,-1.));
#3021=DIRECTION('',(-8.03440589904945E-17,0.754709580222772,-0.656059028990507));
#3022=DIRECTION('center_axis',(0.,1.,0.));
#3023=DIRECTION('ref_axis',(0.,0.,-1.));
#3024=DIRECTION('center_axis',(0.,1.,0.));
#3025=DIRECTION('ref_axis',(0.,0.,-1.));
#3026=DIRECTION('',(0.,1.,0.));
#3027=DIRECTION('center_axis',(0.,-1.,0.));
#3028=DIRECTION('ref_axis',(0.,0.,-1.));
#3029=DIRECTION('center_axis',(0.,-1.,0.));
#3030=DIRECTION('ref_axis',(0.,0.,-1.));
#3031=DIRECTION('center_axis',(0.,1.,0.));
#3032=DIRECTION('ref_axis',(0.,0.,-1.));
#3033=DIRECTION('',(-8.03440589904945E-17,0.754709580222772,-0.656059028990507));
#3034=DIRECTION('center_axis',(0.,1.,0.));
#3035=DIRECTION('ref_axis',(0.,0.,-1.));
#3036=DIRECTION('center_axis',(0.,1.,0.));
#3037=DIRECTION('ref_axis',(0.,0.,-1.));
#3038=DIRECTION('',(0.,1.,0.));
#3039=DIRECTION('center_axis',(0.,-1.,0.));
#3040=DIRECTION('ref_axis',(0.,0.,-1.));
#3041=DIRECTION('center_axis',(0.,1.,0.));
#3042=DIRECTION('ref_axis',(-0.70710678118657,0.,-0.707106781186526));
#3043=DIRECTION('center_axis',(0.,-1.,0.));
#3044=DIRECTION('ref_axis',(-0.70710678118657,0.,-0.707106781186526));
#3045=DIRECTION('',(0.,1.,0.));
#3046=DIRECTION('center_axis',(0.,1.,0.));
#3047=DIRECTION('ref_axis',(-0.70710678118657,0.,-0.707106781186526));
#3048=DIRECTION('',(0.,-1.,0.));
#3049=DIRECTION('center_axis',(0.,0.,1.));
#3050=DIRECTION('ref_axis',(1.,0.,0.));
#3051=DIRECTION('',(1.,0.,0.));
#3052=DIRECTION('',(0.,-1.,0.));
#3053=DIRECTION('',(1.,0.,0.));
#3054=DIRECTION('center_axis',(0.,1.,0.));
#3055=DIRECTION('ref_axis',(-0.707106781186544,0.,0.707106781186551));
#3056=DIRECTION('center_axis',(0.,-1.,0.));
#3057=DIRECTION('ref_axis',(-0.707106781186544,0.,0.707106781186551));
#3058=DIRECTION('',(0.,1.,0.));
#3059=DIRECTION('center_axis',(0.,1.,0.));
#3060=DIRECTION('ref_axis',(-0.707106781186544,0.,0.707106781186551));
#3061=DIRECTION('',(0.,-1.,0.));
#3062=DIRECTION('center_axis',(1.,0.,-1.67580833905685E-16));
#3063=DIRECTION('ref_axis',(-1.67580833905685E-16,0.,-1.));
#3064=DIRECTION('',(-1.67580833905685E-16,0.,-1.));
#3065=DIRECTION('',(-1.67580833905685E-16,0.,-1.));
#3066=DIRECTION('center_axis',(0.,1.,0.));
#3067=DIRECTION('ref_axis',(0.707106781186541,0.,0.707106781186554));
#3068=DIRECTION('center_axis',(0.,-1.,0.));
#3069=DIRECTION('ref_axis',(0.707106781186541,0.,0.707106781186554));
#3070=DIRECTION('',(0.,1.,0.));
#3071=DIRECTION('center_axis',(0.,1.,0.));
#3072=DIRECTION('ref_axis',(0.707106781186541,0.,0.707106781186554));
#3073=DIRECTION('',(0.,-1.,0.));
#3074=DIRECTION('center_axis',(-6.45947941600061E-14,0.,-1.));
#3075=DIRECTION('ref_axis',(-1.,0.,6.45947941600061E-14));
#3076=DIRECTION('',(-1.,0.,6.45947941600061E-14));
#3077=DIRECTION('',(-1.,0.,6.45947941600061E-14));
#3078=DIRECTION('center_axis',(0.,1.,0.));
#3079=DIRECTION('ref_axis',(0.707106781186566,0.,-0.707106781186529));
#3080=DIRECTION('center_axis',(0.,-1.,0.));
#3081=DIRECTION('ref_axis',(0.707106781186566,0.,-0.707106781186529));
#3082=DIRECTION('',(0.,1.,0.));
#3083=DIRECTION('center_axis',(0.,1.,0.));
#3084=DIRECTION('ref_axis',(0.707106781186566,0.,-0.707106781186529));
#3085=DIRECTION('center_axis',(-1.,0.,6.70323335622749E-15));
#3086=DIRECTION('ref_axis',(6.70323335622749E-15,0.,1.));
#3087=DIRECTION('',(6.70323335622749E-15,0.,1.));
#3088=DIRECTION('',(6.70323335622749E-15,0.,1.));
#3089=DIRECTION('center_axis',(0.,1.,0.));
#3090=DIRECTION('ref_axis',(-0.707106781186548,0.,0.707106781186548));
#3091=DIRECTION('center_axis',(0.,-1.,0.));
#3092=DIRECTION('ref_axis',(-0.707106781186548,0.,0.707106781186548));
#3093=DIRECTION('',(0.,1.,0.));
#3094=DIRECTION('center_axis',(0.,1.,0.));
#3095=DIRECTION('ref_axis',(-0.707106781186548,0.,0.707106781186548));
#3096=DIRECTION('',(0.,-1.,0.));
#3097=DIRECTION('center_axis',(1.,0.,0.));
#3098=DIRECTION('ref_axis',(0.,0.,-1.));
#3099=DIRECTION('',(0.,0.,-1.));
#3100=DIRECTION('',(0.,-1.,0.));
#3101=DIRECTION('',(0.,0.,-1.));
#3102=DIRECTION('center_axis',(0.,1.,0.));
#3103=DIRECTION('ref_axis',(0.707106781186541,0.,-0.707106781186554));
#3104=DIRECTION('center_axis',(0.,-1.,0.));
#3105=DIRECTION('ref_axis',(0.707106781186541,0.,-0.707106781186554));
#3106=DIRECTION('center_axis',(0.,1.,0.));
#3107=DIRECTION('ref_axis',(0.707106781186541,0.,-0.707106781186554));
#3108=DIRECTION('',(0.,1.,0.));
#3109=DIRECTION('center_axis',(0.,1.,0.));
#3110=DIRECTION('ref_axis',(1.,0.,0.));
#3111=DIRECTION('',(-1.,0.,0.));
#3112=DIRECTION('',(0.,0.,-1.));
#3113=DIRECTION('',(1.,0.,0.));
#3114=DIRECTION('',(0.,0.,1.));
#3115=DIRECTION('',(-1.,0.,0.));
#3116=DIRECTION('',(0.,0.,-1.));
#3117=DIRECTION('',(1.,0.,0.));
#3118=DIRECTION('center_axis',(0.,-1.,0.));
#3119=DIRECTION('ref_axis',(-0.707106781186543,0.,-0.707106781186552));
#3120=DIRECTION('',(0.,0.,-1.));
#3121=DIRECTION('center_axis',(0.,-1.,0.));
#3122=DIRECTION('ref_axis',(-0.707106781186543,0.,0.707106781186552));
#3123=DIRECTION('',(-1.,0.,0.));
#3124=DIRECTION('center_axis',(0.,-1.,0.));
#3125=DIRECTION('ref_axis',(1.,0.,0.));
#3126=DIRECTION('center_axis',(0.,-1.,0.));
#3127=DIRECTION('ref_axis',(1.,0.,0.));
#3128=DIRECTION('center_axis',(0.,-1.,0.));
#3129=DIRECTION('ref_axis',(1.,0.,0.));
#3130=DIRECTION('center_axis',(0.,-1.,0.));
#3131=DIRECTION('ref_axis',(1.,0.,0.));
#3132=DIRECTION('center_axis',(0.,-1.,0.));
#3133=DIRECTION('ref_axis',(1.,0.,0.));
#3134=DIRECTION('center_axis',(0.,-1.,0.));
#3135=DIRECTION('ref_axis',(1.,0.,0.));
#3136=DIRECTION('center_axis',(0.,-1.,0.));
#3137=DIRECTION('ref_axis',(1.,0.,0.));
#3138=DIRECTION('center_axis',(0.,-1.,0.));
#3139=DIRECTION('ref_axis',(1.,0.,0.));
#3140=DIRECTION('center_axis',(0.,-1.,0.));
#3141=DIRECTION('ref_axis',(1.,0.,0.));
#3142=DIRECTION('center_axis',(0.,-1.,0.));
#3143=DIRECTION('ref_axis',(1.,0.,0.));
#3144=DIRECTION('center_axis',(0.,-1.,0.));
#3145=DIRECTION('ref_axis',(1.,0.,0.));
#3146=DIRECTION('center_axis',(0.,-1.,0.));
#3147=DIRECTION('ref_axis',(1.,0.,0.));
#3148=DIRECTION('center_axis',(0.,-1.,0.));
#3149=DIRECTION('ref_axis',(1.,0.,0.));
#3150=DIRECTION('center_axis',(0.,-1.,0.));
#3151=DIRECTION('ref_axis',(1.,0.,0.));
#3152=DIRECTION('center_axis',(0.,-1.,0.));
#3153=DIRECTION('ref_axis',(1.,0.,0.));
#3154=DIRECTION('center_axis',(0.,-1.,0.));
#3155=DIRECTION('ref_axis',(1.,0.,0.));
#3156=DIRECTION('center_axis',(0.,-1.,0.));
#3157=DIRECTION('ref_axis',(1.,0.,0.));
#3158=DIRECTION('center_axis',(0.,-1.,0.));
#3159=DIRECTION('ref_axis',(1.,0.,0.));
#3160=DIRECTION('center_axis',(0.,-1.,0.));
#3161=DIRECTION('ref_axis',(1.,0.,0.));
#3162=DIRECTION('center_axis',(0.,-1.,0.));
#3163=DIRECTION('ref_axis',(1.,0.,0.));
#3164=DIRECTION('center_axis',(0.,-1.,0.));
#3165=DIRECTION('ref_axis',(0.707106781186543,0.,0.707106781186552));
#3166=DIRECTION('',(0.,0.,1.));
#3167=DIRECTION('center_axis',(0.,-1.,0.));
#3168=DIRECTION('ref_axis',(0.707106781186543,0.,-0.707106781186552));
#3169=DIRECTION('',(1.,0.,0.));
#3170=DIRECTION('center_axis',(0.,-1.,0.));
#3171=DIRECTION('ref_axis',(-0.707106781186541,0.,-0.707106781186554));
#3172=DIRECTION('',(0.,0.,-1.));
#3173=DIRECTION('center_axis',(0.,-1.,0.));
#3174=DIRECTION('ref_axis',(-0.707106781186544,0.,0.707106781186551));
#3175=DIRECTION('',(-1.,0.,0.));
#3176=DIRECTION('center_axis',(0.,1.,0.));
#3177=DIRECTION('ref_axis',(-0.707106781186543,0.,0.707106781186552));
#3178=DIRECTION('',(0.,1.,0.));
#3179=DIRECTION('center_axis',(0.,1.,0.));
#3180=DIRECTION('ref_axis',(-0.707106781186543,0.,0.707106781186552));
#3181=DIRECTION('',(0.,-1.,0.));
#3182=DIRECTION('center_axis',(1.,0.,0.));
#3183=DIRECTION('ref_axis',(0.,0.,-1.));
#3184=DIRECTION('',(0.,-1.,0.));
#3185=DIRECTION('',(0.,0.,-1.));
#3186=DIRECTION('center_axis',(0.,1.,0.));
#3187=DIRECTION('ref_axis',(0.707106781186543,0.,-0.707106781186552));
#3188=DIRECTION('',(0.,1.,0.));
#3189=DIRECTION('center_axis',(0.,1.,0.));
#3190=DIRECTION('ref_axis',(0.707106781186543,0.,-0.707106781186552));
#3191=DIRECTION('',(0.,-1.,0.));
#3192=DIRECTION('center_axis',(-1.,0.,0.));
#3193=DIRECTION('ref_axis',(0.,0.,1.));
#3194=DIRECTION('',(0.,-1.,0.));
#3195=DIRECTION('',(0.,0.,1.));
#3196=DIRECTION('center_axis',(0.,1.,0.));
#3197=DIRECTION('ref_axis',(0.707106781186543,0.,0.707106781186552));
#3198=DIRECTION('',(0.,1.,0.));
#3199=DIRECTION('center_axis',(0.,1.,0.));
#3200=DIRECTION('ref_axis',(0.707106781186543,0.,0.707106781186552));
#3201=DIRECTION('center_axis',(0.,0.,-1.));
#3202=DIRECTION('ref_axis',(-1.,0.,0.));
#3203=DIRECTION('',(0.,-1.,0.));
#3204=DIRECTION('',(-1.,0.,0.));
#3205=DIRECTION('center_axis',(0.,1.,0.));
#3206=DIRECTION('ref_axis',(-0.707106781186544,0.,0.707106781186551));
#3207=DIRECTION('',(0.,1.,0.));
#3208=DIRECTION('center_axis',(0.,1.,0.));
#3209=DIRECTION('ref_axis',(-0.707106781186544,0.,0.707106781186551));
#3210=DIRECTION('center_axis',(1.,0.,0.));
#3211=DIRECTION('ref_axis',(0.,0.,-1.));
#3212=DIRECTION('',(0.,-1.,0.));
#3213=DIRECTION('',(0.,0.,-1.));
#3214=DIRECTION('center_axis',(0.,1.,0.));
#3215=DIRECTION('ref_axis',(-0.707106781186541,0.,-0.707106781186554));
#3216=DIRECTION('',(0.,1.,0.));
#3217=DIRECTION('center_axis',(0.,1.,0.));
#3218=DIRECTION('ref_axis',(-0.707106781186541,0.,-0.707106781186554));
#3219=DIRECTION('center_axis',(0.,0.,1.));
#3220=DIRECTION('ref_axis',(1.,0.,0.));
#3221=DIRECTION('',(1.,0.,0.));
#3222=DIRECTION('center_axis',(0.,1.,0.));
#3223=DIRECTION('ref_axis',(-0.707106781186543,0.,-0.707106781186552));
#3224=DIRECTION('',(0.,1.,0.));
#3225=DIRECTION('center_axis',(0.,1.,0.));
#3226=DIRECTION('ref_axis',(-0.707106781186543,0.,-0.707106781186552));
#3227=DIRECTION('center_axis',(0.,0.,1.));
#3228=DIRECTION('ref_axis',(1.,0.,0.));
#3229=DIRECTION('',(0.,1.,0.));
#3230=DIRECTION('',(1.,0.,0.));
#3231=DIRECTION('center_axis',(0.,-1.,1.72828700570922E-15));
#3232=DIRECTION('ref_axis',(-0.707106781186547,-7.45915549349692E-15,-0.707106781186548));
#3233=DIRECTION('center_axis',(0.,1.,-1.72828700570922E-15));
#3234=DIRECTION('ref_axis',(-0.707106781186547,-7.45915549349692E-15,-0.707106781186548));
#3235=DIRECTION('',(0.,1.,-1.72828700570922E-15));
#3236=DIRECTION('center_axis',(0.,-1.,1.69767083573054E-15));
#3237=DIRECTION('ref_axis',(-0.707106781186547,-7.45915549349692E-15,-0.707106781186548));
#3238=DIRECTION('',(0.,-1.,1.72828700570922E-15));
#3239=DIRECTION('center_axis',(0.,-1.72828700570922E-15,-1.));
#3240=DIRECTION('ref_axis',(1.,0.,0.));
#3241=DIRECTION('',(-1.,0.,0.));
#3242=DIRECTION('',(0.,1.,-1.72828700570922E-15));
#3243=DIRECTION('',(1.,0.,0.));
#3244=DIRECTION('center_axis',(0.,1.,0.));
#3245=DIRECTION('ref_axis',(0.,0.,-1.));
#3246=DIRECTION('',(0.,1.66705466575186E-15,1.));
#3247=DIRECTION('',(1.,0.,0.));
#3248=DIRECTION('',(0.,1.66705466575186E-15,1.));
#3249=DIRECTION('center_axis',(0.,-1.,1.69767083573054E-15));
#3250=DIRECTION('ref_axis',(0.707106781186547,-7.45915549349691E-15,-0.707106781186547));
#3251=DIRECTION('center_axis',(0.,-1.,1.72828700570922E-15));
#3252=DIRECTION('ref_axis',(0.707106781186547,-7.45915549349691E-15,-0.707106781186547));
#3253=DIRECTION('center_axis',(0.,1.,-1.72828700570922E-15));
#3254=DIRECTION('ref_axis',(0.707106781186547,-7.45915549349691E-15,-0.707106781186547));
#3255=DIRECTION('',(0.,-1.,1.72828700570922E-15));
#3256=DIRECTION('center_axis',(1.,0.,0.));
#3257=DIRECTION('ref_axis',(0.,1.72828700570922E-15,1.));
#3258=DIRECTION('',(0.,-1.,1.72828700570922E-15));
#3259=DIRECTION('',(0.,1.72828700570922E-15,1.));
#3260=DIRECTION('center_axis',(0.,-1.,1.4592638120083E-15));
#3261=DIRECTION('ref_axis',(-0.707106781186547,1.07515313982298E-15,0.707106781186547));
#3262=DIRECTION('center_axis',(0.,1.,-1.4592638120083E-15));
#3263=DIRECTION('ref_axis',(-0.707106781186547,1.07515313982298E-15,0.707106781186547));
#3264=DIRECTION('',(0.,1.,-1.4592638120083E-15));
#3265=DIRECTION('center_axis',(0.,-1.,1.48987998198699E-15));
#3266=DIRECTION('ref_axis',(-0.707106781186547,1.07515313982298E-15,0.707106781186547));
#3267=DIRECTION('',(0.,-1.,1.4592638120083E-15));
#3268=DIRECTION('center_axis',(-1.,0.,0.));
#3269=DIRECTION('ref_axis',(0.,-1.4592638120083E-15,-1.));
#3270=DIRECTION('',(0.,-1.52049615196567E-15,-1.));
#3271=DIRECTION('',(0.,-1.,1.4592638120083E-15));
#3272=DIRECTION('',(0.,-1.4592638120083E-15,-1.));
#3273=DIRECTION('center_axis',(0.,1.,0.));
#3274=DIRECTION('ref_axis',(0.,0.,-1.));
#3275=DIRECTION('',(1.,0.,0.));
#3276=DIRECTION('center_axis',(0.,-1.,1.48987998198699E-15));
#3277=DIRECTION('ref_axis',(0.707106781186547,1.07515313982298E-15,0.707106781186548));
#3278=DIRECTION('',(0.,-1.52049615196567E-15,-1.));
#3279=DIRECTION('',(-1.,0.,0.));
#3280=DIRECTION('center_axis',(0.,-1.,1.4592638120083E-15));
#3281=DIRECTION('ref_axis',(0.707106781186547,1.07515313982298E-15,0.707106781186548));
#3282=DIRECTION('center_axis',(0.,1.,-1.4592638120083E-15));
#3283=DIRECTION('ref_axis',(0.707106781186547,1.07515313982298E-15,0.707106781186548));
#3284=DIRECTION('',(0.,1.,-1.4592638120083E-15));
#3285=DIRECTION('',(0.,-1.,1.4592638120083E-15));
#3286=DIRECTION('center_axis',(1.,0.,0.));
#3287=DIRECTION('ref_axis',(0.,1.52049615196567E-15,1.));
#3288=DIRECTION('',(0.,1.52049615196567E-15,1.));
#3289=DIRECTION('',(0.,1.,-1.4592638120083E-15));
#3290=DIRECTION('center_axis',(0.,1.,0.));
#3291=DIRECTION('ref_axis',(1.,0.,0.));
#3292=DIRECTION('',(-1.,0.,0.));
#3293=DIRECTION('',(0.,0.,1.));
#3294=DIRECTION('',(0.,0.,-1.));
#3295=DIRECTION('center_axis',(-1.,0.,0.));
#3296=DIRECTION('ref_axis',(0.,-1.66705466575186E-15,-1.));
#3297=DIRECTION('',(0.,-1.66705466575186E-15,-1.));
#3298=DIRECTION('',(0.,1.,-1.72828700570922E-15));
#3299=DIRECTION('center_axis',(1.,0.,0.));
#3300=DIRECTION('ref_axis',(0.,1.,0.));
#3301=DIRECTION('',(0.,0.,1.));
#3302=DIRECTION('',(0.,1.,0.));
#3303=DIRECTION('center_axis',(-1.,0.,0.));
#3304=DIRECTION('ref_axis',(0.,-1.,0.));
#3305=DIRECTION('',(0.,1.,0.));
#3306=DIRECTION('',(0.,0.,1.));
#3307=DIRECTION('center_axis',(0.,1.,0.));
#3308=DIRECTION('ref_axis',(0.,0.,-1.));
#3309=DIRECTION('',(-1.,0.,0.));
#3310=DIRECTION('center_axis',(0.,1.,0.));
#3311=DIRECTION('ref_axis',(1.,0.,0.));
#3312=DIRECTION('center_axis',(0.,1.,0.));
#3313=DIRECTION('ref_axis',(1.,0.,0.));
#3314=DIRECTION('',(1.,0.,0.));
#3315=DIRECTION('',(0.,2.28258363779215E-30,-1.));
#3316=DIRECTION('',(0.,-3.42387545668823E-31,1.));
#3317=DIRECTION('center_axis',(-1.,0.,0.));
#3318=DIRECTION('ref_axis',(0.,-1.,0.));
#3319=DIRECTION('',(0.,2.16845445590254E-30,-1.));
#3320=DIRECTION('',(0.,1.,0.));
#3321=DIRECTION('center_axis',(1.,0.,0.));
#3322=DIRECTION('ref_axis',(0.,1.,0.));
#3323=DIRECTION('',(0.,1.,0.));
#3324=DIRECTION('',(0.,2.16845445590254E-30,-1.));
#3325=DIRECTION('center_axis',(0.,1.4592638120083E-15,1.));
#3326=DIRECTION('ref_axis',(-1.,0.,0.));
#3327=DIRECTION('',(-1.,0.,0.));
#3328=DIRECTION('center_axis',(0.,1.,0.));
#3329=DIRECTION('ref_axis',(0.,0.,-1.));
#3330=DIRECTION('',(1.,0.,0.));
#3331=DIRECTION('center_axis',(0.,1.,0.));
#3332=DIRECTION('ref_axis',(1.,0.,0.));
#3333=DIRECTION('center_axis',(0.,1.,0.));
#3334=DIRECTION('ref_axis',(1.,0.,0.));
#3335=DIRECTION('center_axis',(0.,-1.,0.));
#3336=DIRECTION('ref_axis',(1.,0.,0.));
#3337=DIRECTION('',(0.,-1.,0.));
#3338=DIRECTION('center_axis',(0.,1.,0.));
#3339=DIRECTION('ref_axis',(1.,0.,0.));
#3340=DIRECTION('center_axis',(0.,-1.,0.));
#3341=DIRECTION('ref_axis',(1.,0.,0.));
#3342=DIRECTION('',(0.,-1.,0.));
#3343=DIRECTION('center_axis',(0.,1.,0.));
#3344=DIRECTION('ref_axis',(1.,0.,0.));
#3345=DIRECTION('center_axis',(0.,-1.,0.));
#3346=DIRECTION('ref_axis',(1.,0.,0.));
#3347=DIRECTION('',(0.,-1.,0.));
#3348=DIRECTION('center_axis',(0.,1.,0.));
#3349=DIRECTION('ref_axis',(1.,0.,0.));
#3350=DIRECTION('center_axis',(0.,-1.,0.));
#3351=DIRECTION('ref_axis',(1.,0.,0.));
#3352=DIRECTION('',(0.,-1.,0.));
#3353=DIRECTION('center_axis',(0.,1.,0.));
#3354=DIRECTION('ref_axis',(1.,0.,0.));
#3355=DIRECTION('center_axis',(0.,-1.,0.));
#3356=DIRECTION('ref_axis',(1.,0.,0.));
#3357=DIRECTION('',(0.,-1.,0.));
#3358=DIRECTION('center_axis',(0.,1.,0.));
#3359=DIRECTION('ref_axis',(1.,0.,0.));
#3360=DIRECTION('center_axis',(0.,-1.,0.));
#3361=DIRECTION('ref_axis',(1.,0.,0.));
#3362=DIRECTION('',(0.,-1.,0.));
#3363=DIRECTION('center_axis',(0.,1.,0.));
#3364=DIRECTION('ref_axis',(1.,0.,0.));
#3365=DIRECTION('center_axis',(0.,-1.,0.));
#3366=DIRECTION('ref_axis',(1.,0.,0.));
#3367=DIRECTION('',(0.,-1.,0.));
#3368=DIRECTION('center_axis',(0.,1.,0.));
#3369=DIRECTION('ref_axis',(1.,0.,0.));
#3370=DIRECTION('center_axis',(0.,-1.,0.));
#3371=DIRECTION('ref_axis',(1.,0.,0.));
#3372=DIRECTION('',(0.,-1.,0.));
#3373=DIRECTION('center_axis',(0.,1.,0.));
#3374=DIRECTION('ref_axis',(1.,0.,0.));
#3375=DIRECTION('center_axis',(0.,-1.,0.));
#3376=DIRECTION('ref_axis',(1.,0.,0.));
#3377=DIRECTION('',(0.,-1.,0.));
#3378=DIRECTION('center_axis',(0.,1.,0.));
#3379=DIRECTION('ref_axis',(1.,0.,0.));
#3380=DIRECTION('center_axis',(0.,-1.,0.));
#3381=DIRECTION('ref_axis',(1.,0.,0.));
#3382=DIRECTION('',(0.,-1.,0.));
#3383=DIRECTION('center_axis',(0.,1.,0.));
#3384=DIRECTION('ref_axis',(1.,0.,0.));
#3385=DIRECTION('center_axis',(0.,-1.,0.));
#3386=DIRECTION('ref_axis',(1.,0.,0.));
#3387=DIRECTION('',(0.,-1.,0.));
#3388=DIRECTION('center_axis',(0.,1.,0.));
#3389=DIRECTION('ref_axis',(1.,0.,0.));
#3390=DIRECTION('center_axis',(0.,-1.,0.));
#3391=DIRECTION('ref_axis',(1.,0.,0.));
#3392=DIRECTION('',(0.,-1.,0.));
#3393=DIRECTION('center_axis',(0.,1.,0.));
#3394=DIRECTION('ref_axis',(1.,0.,0.));
#3395=DIRECTION('center_axis',(0.,-1.,0.));
#3396=DIRECTION('ref_axis',(1.,0.,0.));
#3397=DIRECTION('',(0.,-1.,0.));
#3398=DIRECTION('center_axis',(0.,1.,0.));
#3399=DIRECTION('ref_axis',(1.,0.,0.));
#3400=DIRECTION('center_axis',(0.,-1.,0.));
#3401=DIRECTION('ref_axis',(1.,0.,0.));
#3402=DIRECTION('',(0.,-1.,0.));
#3403=DIRECTION('center_axis',(0.,1.,0.));
#3404=DIRECTION('ref_axis',(1.,0.,0.));
#3405=DIRECTION('center_axis',(0.,-1.,0.));
#3406=DIRECTION('ref_axis',(1.,0.,0.));
#3407=DIRECTION('',(0.,-1.,0.));
#3408=DIRECTION('center_axis',(0.,1.,0.));
#3409=DIRECTION('ref_axis',(1.,0.,0.));
#3410=DIRECTION('center_axis',(0.,-1.,0.));
#3411=DIRECTION('ref_axis',(1.,0.,0.));
#3412=DIRECTION('',(0.,-1.,0.));
#3413=DIRECTION('center_axis',(0.,1.,0.));
#3414=DIRECTION('ref_axis',(1.,0.,0.));
#3415=DIRECTION('center_axis',(0.,-1.,0.));
#3416=DIRECTION('ref_axis',(1.,0.,0.));
#3417=DIRECTION('',(0.,-1.,0.));
#3418=DIRECTION('center_axis',(0.,1.,0.));
#3419=DIRECTION('ref_axis',(1.,0.,0.));
#3420=DIRECTION('center_axis',(0.,-1.,0.));
#3421=DIRECTION('ref_axis',(1.,0.,0.));
#3422=DIRECTION('',(0.,-1.,0.));
#3423=DIRECTION('center_axis',(0.,1.,0.));
#3424=DIRECTION('ref_axis',(1.,0.,0.));
#3425=DIRECTION('center_axis',(0.,-1.,0.));
#3426=DIRECTION('ref_axis',(1.,0.,0.));
#3427=DIRECTION('',(0.,-1.,0.));
#3428=DIRECTION('center_axis',(0.,1.,0.));
#3429=DIRECTION('ref_axis',(1.,0.,0.));
#3430=DIRECTION('center_axis',(0.,-1.,0.));
#3431=DIRECTION('ref_axis',(1.,0.,0.));
#3432=DIRECTION('',(0.,-1.,0.));
#3433=DIRECTION('center_axis',(0.,0.,-1.));
#3434=DIRECTION('ref_axis',(-1.,0.,0.));
#3435=DIRECTION('',(-1.,0.,0.));
#3436=DIRECTION('center_axis',(0.,0.,-1.));
#3437=DIRECTION('ref_axis',(-1.,0.,0.));
#3438=DIRECTION('',(-1.,0.,0.));
#3439=DIRECTION('',(0.,1.,0.));
#3440=DIRECTION('center_axis',(1.,0.,0.));
#3441=DIRECTION('ref_axis',(0.,0.,-1.));
#3442=DIRECTION('',(0.,0.,-1.));
#3443=DIRECTION('center_axis',(-1.,0.,0.));
#3444=DIRECTION('ref_axis',(0.,0.,1.));
#3445=DIRECTION('',(0.,0.,1.));
#3446=DIRECTION('center_axis',(1.,0.,0.));
#3447=DIRECTION('ref_axis',(0.,0.,-1.));
#3448=DIRECTION('',(0.,0.,-1.));
#3449=DIRECTION('center_axis',(0.,1.,0.));
#3450=DIRECTION('ref_axis',(0.,0.,-1.));
#3451=DIRECTION('',(0.,-1.,0.));
#3452=DIRECTION('',(0.,-1.,0.));
#3453=DIRECTION('center_axis',(0.,-1.,0.));
#3454=DIRECTION('ref_axis',(1.,0.,0.));
#3455=DIRECTION('center_axis',(0.,-1.,0.));
#3456=DIRECTION('ref_axis',(1.,0.,0.));
#3457=DIRECTION('center_axis',(0.,1.,0.));
#3458=DIRECTION('ref_axis',(1.,0.,0.));
#3459=DIRECTION('center_axis',(0.,-1.,0.));
#3460=DIRECTION('ref_axis',(-0.653721908461662,0.,0.756734871931539));
#3461=DIRECTION('center_axis',(0.,1.,0.));
#3462=DIRECTION('ref_axis',(-0.653721908461662,0.,0.756734871931539));
#3463=DIRECTION('',(0.,-1.,0.));
#3464=DIRECTION('center_axis',(0.,-1.,0.));
#3465=DIRECTION('ref_axis',(-0.653721908461662,0.,0.756734871931539));
#3466=DIRECTION('',(0.,-1.,0.));
#3467=DIRECTION('center_axis',(-0.970142500145332,0.,-0.242535625036332));
#3468=DIRECTION('ref_axis',(0.242535625036332,0.,-0.970142500145332));
#3469=DIRECTION('',(-0.242535625036332,0.,0.970142500145332));
#3470=DIRECTION('',(0.242535625036332,0.,-0.970142500145332));
#3471=DIRECTION('',(0.,-1.,0.));
#3472=DIRECTION('center_axis',(0.970142500145332,0.,-0.242535625036333));
#3473=DIRECTION('ref_axis',(0.242535625036333,0.,0.970142500145332));
#3474=DIRECTION('',(-0.242535625036333,0.,-0.970142500145332));
#3475=DIRECTION('',(0.242535625036333,0.,0.970142500145332));
#3476=DIRECTION('center_axis',(0.,-1.,0.));
#3477=DIRECTION('ref_axis',(-0.927092514225873,0.,-0.374832589386714));
#3478=DIRECTION('center_axis',(0.,1.,0.));
#3479=DIRECTION('ref_axis',(1.,0.,0.));
#3480=DIRECTION('',(0.,-1.,0.));
#3481=DIRECTION('center_axis',(0.,-1.,0.));
#3482=DIRECTION('ref_axis',(1.,0.,0.));
#3483=DIRECTION('',(0.,-1.,0.));
#3484=DIRECTION('center_axis',(0.,-1.,0.));
#3485=DIRECTION('ref_axis',(1.,0.,0.));
#3486=DIRECTION('center_axis',(0.,1.,0.));
#3487=DIRECTION('ref_axis',(1.,0.,0.));
#3488=DIRECTION('',(0.,-1.,0.));
#3489=DIRECTION('center_axis',(0.,-1.,0.));
#3490=DIRECTION('ref_axis',(1.,0.,0.));
#3491=DIRECTION('',(0.,-1.,0.));
#3492=DIRECTION('center_axis',(0.,-1.,0.));
#3493=DIRECTION('ref_axis',(0.970142500145337,0.,0.242535625036313));
#3494=DIRECTION('center_axis',(0.,1.,0.));
#3495=DIRECTION('ref_axis',(0.970142500145337,0.,0.242535625036313));
#3496=DIRECTION('',(0.,-1.,0.));
#3497=DIRECTION('center_axis',(0.,-1.,0.));
#3498=DIRECTION('ref_axis',(0.970142500145337,0.,0.242535625036313));
#3499=DIRECTION('',(0.,-1.,0.));
#3500=DIRECTION('center_axis',(0.,-1.,0.));
#3501=DIRECTION('ref_axis',(-0.909090909090896,0.,0.416597790450559));
#3502=DIRECTION('center_axis',(0.,-1.,0.));
#3503=DIRECTION('ref_axis',(-0.909090909090896,0.,0.416597790450559));
#3504=DIRECTION('center_axis',(0.,1.,0.));
#3505=DIRECTION('ref_axis',(-0.909090909090896,0.,0.416597790450559));
#3506=DIRECTION('',(0.,-1.,0.));
#3507=DIRECTION('center_axis',(0.,-1.,0.));
#3508=DIRECTION('ref_axis',(0.909090909090867,0.,-0.416597790450622));
#3509=DIRECTION('center_axis',(0.,1.,0.));
#3510=DIRECTION('ref_axis',(0.909090909090867,0.,-0.416597790450622));
#3511=DIRECTION('center_axis',(0.,-1.,0.));
#3512=DIRECTION('ref_axis',(0.909090909090867,0.,-0.416597790450622));
#3513=DIRECTION('',(0.,-1.,0.));
#3514=DIRECTION('center_axis',(-0.970142500145332,0.,0.242535625036334));
#3515=DIRECTION('ref_axis',(-0.242535625036334,0.,-0.970142500145332));
#3516=DIRECTION('',(0.242535625036334,0.,0.970142500145332));
#3517=DIRECTION('',(-0.242535625036334,0.,-0.970142500145332));
#3518=DIRECTION('',(0.,-1.,0.));
#3519=DIRECTION('center_axis',(0.,-1.,0.));
#3520=DIRECTION('ref_axis',(-0.975390665834604,0.,0.220483670603353));
#3521=DIRECTION('center_axis',(0.,-1.,0.));
#3522=DIRECTION('ref_axis',(1.,0.,0.));
#3523=DIRECTION('center_axis',(0.,1.,0.));
#3524=DIRECTION('ref_axis',(1.,0.,0.));
#3525=DIRECTION('',(0.,-1.,0.));
#3526=DIRECTION('',(0.,-1.,0.));
#3527=DIRECTION('center_axis',(0.,-1.,0.));
#3528=DIRECTION('ref_axis',(1.,0.,0.));
#3529=DIRECTION('center_axis',(0.,-1.,0.));
#3530=DIRECTION('ref_axis',(1.,0.,0.));
#3531=DIRECTION('center_axis',(0.,1.,0.));
#3532=DIRECTION('ref_axis',(1.,0.,0.));
#3533=DIRECTION('',(0.,-1.,0.));
#3534=DIRECTION('center_axis',(0.970142500145332,0.,0.242535625036332));
#3535=DIRECTION('ref_axis',(-0.242535625036332,0.,0.970142500145332));
#3536=DIRECTION('',(0.242535625036332,0.,-0.970142500145332));
#3537=DIRECTION('',(-0.242535625036332,0.,0.970142500145332));
#3538=DIRECTION('',(0.,-1.,0.));
#3539=DIRECTION('',(0.,-1.,0.));
#3540=DIRECTION('center_axis',(0.,-1.,0.));
#3541=DIRECTION('ref_axis',(1.,0.,0.));
#3542=DIRECTION('center_axis',(0.,1.,0.));
#3543=DIRECTION('ref_axis',(1.,0.,0.));
#3544=DIRECTION('center_axis',(0.,-1.,0.));
#3545=DIRECTION('ref_axis',(1.,0.,0.));
#3546=DIRECTION('',(0.,-1.,0.));
#3547=DIRECTION('',(0.,-1.,0.));
#3548=DIRECTION('',(0.,-1.,0.));
#3549=DIRECTION('center_axis',(0.,-1.,0.));
#3550=DIRECTION('ref_axis',(1.,0.,0.));
#3551=DIRECTION('center_axis',(0.,1.,0.));
#3552=DIRECTION('ref_axis',(1.,0.,0.));
#3553=DIRECTION('center_axis',(0.,-1.,0.));
#3554=DIRECTION('ref_axis',(1.,0.,0.));
#3555=DIRECTION('',(0.,-1.,0.));
#3556=DIRECTION('center_axis',(-0.970142500145332,0.,0.242535625036334));
#3557=DIRECTION('ref_axis',(-0.242535625036334,0.,-0.970142500145332));
#3558=DIRECTION('',(0.242535625036334,0.,0.970142500145332));
#3559=DIRECTION('',(-0.242535625036334,0.,-0.970142500145332));
#3560=DIRECTION('',(0.,-1.,0.));
#3561=DIRECTION('center_axis',(0.970142500145332,0.,0.242535625036332));
#3562=DIRECTION('ref_axis',(-0.242535625036332,0.,0.970142500145332));
#3563=DIRECTION('',(-0.242535625036332,0.,0.970142500145332));
#3564=DIRECTION('',(-0.242535625036332,0.,0.970142500145332));
#3565=DIRECTION('',(0.,-1.,0.));
#3566=DIRECTION('center_axis',(0.,-1.,0.));
#3567=DIRECTION('ref_axis',(1.,0.,0.));
#3568=DIRECTION('center_axis',(0.,1.,0.));
#3569=DIRECTION('ref_axis',(1.,0.,0.));
#3570=DIRECTION('center_axis',(0.,-1.,0.));
#3571=DIRECTION('ref_axis',(1.,0.,0.));
#3572=DIRECTION('center_axis',(0.,1.,0.));
#3573=DIRECTION('ref_axis',(1.,0.,0.));
#3574=DIRECTION('center_axis',(0.,1.,0.));
#3575=DIRECTION('ref_axis',(1.,0.,0.));
#3576=CARTESIAN_POINT('',(0.,0.,0.));
#3577=CARTESIAN_POINT('Origin',(-25.,1.13225010480734,71.8858401317543));
#3578=CARTESIAN_POINT('',(-25.,3.4555691641458E-14,76.1023401317543));
#3579=CARTESIAN_POINT('Origin',(-25.,8.88178419700125E-15,71.8858401317543));
#3580=CARTESIAN_POINT('',(-25.,2.2645002096146,74.1338401317543));
#3581=CARTESIAN_POINT('',(-25.,1.13225010480734,75.1180901317543));
#3582=CARTESIAN_POINT('Origin',(-25.,2.26450020961459,71.8858401317543));
#3583=CARTESIAN_POINT('Origin',(-25.,6.00000000000002,71.8858401317543));
#3584=CARTESIAN_POINT('',(-25.,3.,74.1338401317543));
#3585=CARTESIAN_POINT('',(-25.,6.00000000000003,74.1338401317543));
#3586=CARTESIAN_POINT('Origin',(-25.,3.00000000000005,71.8858401317543));
#3587=CARTESIAN_POINT('Origin',(-25.,1.13225010480726,-536.885840131754));
#3588=CARTESIAN_POINT('',(-25.,-8.04911692853238E-15,-532.669340131754));
#3589=CARTESIAN_POINT('Origin',(-25.,0.,-536.885840131754));
#3590=CARTESIAN_POINT('',(-25.,2.26450020961452,-534.637840131754));
#3591=CARTESIAN_POINT('',(-25.,1.13225010480726,-533.653590131754));
#3592=CARTESIAN_POINT('Origin',(-25.,2.26450020961451,-536.885840131754));
#3593=CARTESIAN_POINT('Origin',(-25.,6.00000000000001,-536.885840131754));
#3594=CARTESIAN_POINT('',(-25.,2.99999999999997,-534.637840131754));
#3595=CARTESIAN_POINT('',(-25.,6.00000000000002,-534.637840131754));
#3596=CARTESIAN_POINT('Origin',(-25.,2.99999999999997,-536.885840131754));
#3597=CARTESIAN_POINT('Origin',(42.,1.13225010480726,-536.885840131754));
#3598=CARTESIAN_POINT('',(42.,-8.04911692853238E-15,-532.669340131754));
#3599=CARTESIAN_POINT('Origin',(42.,0.,-536.885840131754));
#3600=CARTESIAN_POINT('',(42.,2.26450020961452,-534.637840131754));
#3601=CARTESIAN_POINT('',(42.,1.13225010480726,-533.653590131754));
#3602=CARTESIAN_POINT('Origin',(42.,2.26450020961451,-536.885840131754));
#3603=CARTESIAN_POINT('Origin',(42.,6.00000000000001,-536.885840131754));
#3604=CARTESIAN_POINT('',(42.,2.99999999999997,-534.637840131754));
#3605=CARTESIAN_POINT('',(42.,6.00000000000002,-534.637840131754));
#3606=CARTESIAN_POINT('Origin',(42.,2.99999999999997,-536.885840131754));
#3607=CARTESIAN_POINT('Origin',(42.,1.13225010480734,71.8858401317543));
#3608=CARTESIAN_POINT('',(42.,3.4555691641458E-14,76.1023401317543));
#3609=CARTESIAN_POINT('Origin',(42.,8.88178419700125E-15,71.8858401317543));
#3610=CARTESIAN_POINT('',(42.,2.2645002096146,74.1338401317543));
#3611=CARTESIAN_POINT('',(42.,1.13225010480734,75.1180901317543));
#3612=CARTESIAN_POINT('Origin',(42.,2.26450020961459,71.8858401317543));
#3613=CARTESIAN_POINT('Origin',(42.,6.00000000000002,71.8858401317543));
#3614=CARTESIAN_POINT('',(42.,3.,74.1338401317543));
#3615=CARTESIAN_POINT('',(42.,6.00000000000003,74.1338401317543));
#3616=CARTESIAN_POINT('Origin',(42.,3.00000000000005,71.8858401317543));
#3617=CARTESIAN_POINT('Origin',(-10.5,0.704888241524674,-412.5));
#3618=CARTESIAN_POINT('',(-10.5,-9.57567358739198E-15,-409.6425));
#3619=CARTESIAN_POINT('Origin',(-10.5,0.,-412.5));
#3620=CARTESIAN_POINT('',(-10.5,1.40977648304935,-410.868));
#3621=CARTESIAN_POINT('',(-10.5,0.704888241524674,-410.25525));
#3622=CARTESIAN_POINT('Origin',(-10.5,1.40977648304935,-412.5));
#3623=CARTESIAN_POINT('Origin',(-10.5,6.,-412.5));
#3624=CARTESIAN_POINT('',(-10.5,3.,-410.868));
#3625=CARTESIAN_POINT('',(-10.5,6.,-410.868));
#3626=CARTESIAN_POINT('Origin',(-10.5,3.,-412.5));
#3627=CARTESIAN_POINT('Origin',(-10.5,0.704888241524674,-366.5));
#3628=CARTESIAN_POINT('',(-10.5,-9.57567358739198E-15,-363.6425));
#3629=CARTESIAN_POINT('Origin',(-10.5,0.,-366.5));
#3630=CARTESIAN_POINT('',(-10.5,1.40977648304935,-364.868));
#3631=CARTESIAN_POINT('',(-10.5,0.704888241524674,-364.25525));
#3632=CARTESIAN_POINT('Origin',(-10.5,1.40977648304935,-366.5));
#3633=CARTESIAN_POINT('Origin',(-10.5,6.,-366.5));
#3634=CARTESIAN_POINT('',(-10.5,3.,-364.868));
#3635=CARTESIAN_POINT('',(-10.5,6.,-364.868));
#3636=CARTESIAN_POINT('Origin',(-10.5,3.,-366.5));
#3637=CARTESIAN_POINT('Origin',(-26.0000000000001,0.704888241524674,-353.));
#3638=CARTESIAN_POINT('',(-26.0000000000001,-9.57567358739198E-15,-350.1425));
#3639=CARTESIAN_POINT('Origin',(-26.0000000000001,0.,-353.));
#3640=CARTESIAN_POINT('',(-26.0000000000001,1.40977648304935,-351.368));
#3641=CARTESIAN_POINT('',(-26.0000000000001,0.704888241524674,-350.75525));
#3642=CARTESIAN_POINT('Origin',(-26.0000000000001,1.40977648304935,-353.));
#3643=CARTESIAN_POINT('Origin',(-26.0000000000001,6.,-353.));
#3644=CARTESIAN_POINT('',(-26.0000000000001,3.,-351.368));
#3645=CARTESIAN_POINT('',(-26.0000000000001,6.,-351.368));
#3646=CARTESIAN_POINT('Origin',(-26.0000000000001,3.,-353.));
#3647=CARTESIAN_POINT('Origin',(26.,0.704888241524674,-301.));
#3648=CARTESIAN_POINT('',(26.,-8.32667268468867E-16,-298.1425));
#3649=CARTESIAN_POINT('Origin',(26.,0.,-301.));
#3650=CARTESIAN_POINT('',(26.,1.40977648304936,-299.368));
#3651=CARTESIAN_POINT('',(26.,0.704888241524674,-298.75525));
#3652=CARTESIAN_POINT('Origin',(26.,1.40977648304935,-301.));
#3653=CARTESIAN_POINT('Origin',(26.,6.,-301.));
#3654=CARTESIAN_POINT('',(26.,3.,-299.368));
#3655=CARTESIAN_POINT('',(26.,6.,-299.368));
#3656=CARTESIAN_POINT('Origin',(26.,3.,-301.));
#3657=CARTESIAN_POINT('Origin',(-26.0000000000001,0.704888241524674,-301.));
#3658=CARTESIAN_POINT('',(-26.0000000000001,-8.32667268468867E-16,-298.1425));
#3659=CARTESIAN_POINT('Origin',(-26.0000000000001,0.,-301.));
#3660=CARTESIAN_POINT('',(-26.0000000000001,1.40977648304936,-299.368));
#3661=CARTESIAN_POINT('',(-26.0000000000001,0.704888241524674,-298.75525));
#3662=CARTESIAN_POINT('Origin',(-26.0000000000001,1.40977648304935,-301.));
#3663=CARTESIAN_POINT('Origin',(-26.0000000000001,6.,-301.));
#3664=CARTESIAN_POINT('',(-26.0000000000001,3.,-299.368));
#3665=CARTESIAN_POINT('',(-26.0000000000001,6.,-299.368));
#3666=CARTESIAN_POINT('Origin',(-26.0000000000001,3.,-301.));
#3667=CARTESIAN_POINT('Origin',(26.,0.704888241524674,-353.));
#3668=CARTESIAN_POINT('',(26.,-9.57567358739198E-15,-350.1425));
#3669=CARTESIAN_POINT('Origin',(26.,0.,-353.));
#3670=CARTESIAN_POINT('',(26.,1.40977648304935,-351.368));
#3671=CARTESIAN_POINT('',(26.,0.704888241524674,-350.75525));
#3672=CARTESIAN_POINT('Origin',(26.,1.40977648304935,-353.));
#3673=CARTESIAN_POINT('Origin',(26.,6.,-353.));
#3674=CARTESIAN_POINT('',(26.,3.,-351.368));
#3675=CARTESIAN_POINT('',(26.,6.,-351.368));
#3676=CARTESIAN_POINT('Origin',(26.,3.,-353.));
#3677=CARTESIAN_POINT('Origin',(10.5000000000001,0.704888241524674,-366.5));
#3678=CARTESIAN_POINT('',(10.5000000000001,-9.57567358739198E-15,-363.6425));
#3679=CARTESIAN_POINT('Origin',(10.5000000000001,0.,-366.5));
#3680=CARTESIAN_POINT('',(10.5000000000001,1.40977648304935,-364.868));
#3681=CARTESIAN_POINT('',(10.5000000000001,0.704888241524674,-364.25525));
#3682=CARTESIAN_POINT('Origin',(10.5000000000001,1.40977648304935,-366.5));
#3683=CARTESIAN_POINT('Origin',(10.5000000000001,6.,-366.5));
#3684=CARTESIAN_POINT('',(10.5000000000001,3.,-364.868));
#3685=CARTESIAN_POINT('',(10.5000000000001,6.,-364.868));
#3686=CARTESIAN_POINT('Origin',(10.5000000000001,3.,-366.5));
#3687=CARTESIAN_POINT('Origin',(10.5000000000001,0.704888241524674,-412.5));
#3688=CARTESIAN_POINT('',(10.5000000000001,-9.57567358739198E-15,-409.6425));
#3689=CARTESIAN_POINT('Origin',(10.5000000000001,0.,-412.5));
#3690=CARTESIAN_POINT('',(10.5000000000001,1.40977648304935,-410.868));
#3691=CARTESIAN_POINT('',(10.5000000000001,0.704888241524674,-410.25525));
#3692=CARTESIAN_POINT('Origin',(10.5000000000001,1.40977648304935,-412.5));
#3693=CARTESIAN_POINT('Origin',(10.5000000000001,6.,-412.5));
#3694=CARTESIAN_POINT('',(10.5000000000001,3.,-410.868));
#3695=CARTESIAN_POINT('',(10.5000000000001,6.,-410.868));
#3696=CARTESIAN_POINT('Origin',(10.5000000000001,3.,-412.5));
#3697=CARTESIAN_POINT('Origin',(-31.06,1.13225010480863,-389.5));
#3698=CARTESIAN_POINT('',(-31.06,-1.31838984174237E-14,-385.283499999999));
#3699=CARTESIAN_POINT('Origin',(-31.06,0.,-389.5));
#3700=CARTESIAN_POINT('',(-31.06,2.26450020961591,-387.252));
#3701=CARTESIAN_POINT('',(-31.06,1.13225010480863,-386.26775));
#3702=CARTESIAN_POINT('Origin',(-31.06,2.26450020961591,-389.5));
#3703=CARTESIAN_POINT('Origin',(-31.06,6.00000000000136,-389.5));
#3704=CARTESIAN_POINT('',(-31.06,3.,-387.252));
#3705=CARTESIAN_POINT('',(-31.06,6.00000000000136,-387.252));
#3706=CARTESIAN_POINT('Origin',(-31.06,3.,-389.5));
#3707=CARTESIAN_POINT('Origin',(-31.06,1.13225010480728,-187.5));
#3708=CARTESIAN_POINT('',(-31.06,-1.11022302462516E-15,-183.2835));
#3709=CARTESIAN_POINT('Origin',(-31.06,0.,-187.5));
#3710=CARTESIAN_POINT('',(-31.06,2.26450020961457,-185.252));
#3711=CARTESIAN_POINT('',(-31.06,1.13225010480728,-184.26775));
#3712=CARTESIAN_POINT('Origin',(-31.06,2.26450020961456,-187.5));
#3713=CARTESIAN_POINT('Origin',(-31.06,6.,-187.5));
#3714=CARTESIAN_POINT('',(-31.06,3.,-185.252));
#3715=CARTESIAN_POINT('',(-31.06,6.,-185.252));
#3716=CARTESIAN_POINT('Origin',(-31.06,3.,-187.5));
#3717=CARTESIAN_POINT('Origin',(-31.06,1.13225010480728,-37.5));
#3718=CARTESIAN_POINT('',(-31.06,-1.11022302462516E-15,-33.2835));
#3719=CARTESIAN_POINT('Origin',(-31.06,0.,-37.5));
#3720=CARTESIAN_POINT('',(-31.06,2.26450020961456,-35.252));
#3721=CARTESIAN_POINT('',(-31.06,1.13225010480728,-34.26775));
#3722=CARTESIAN_POINT('Origin',(-31.06,2.26450020961456,-37.5));
#3723=CARTESIAN_POINT('Origin',(-31.06,6.,-37.5));
#3724=CARTESIAN_POINT('',(-31.06,3.,-35.2520000000001));
#3725=CARTESIAN_POINT('',(-31.06,6.,-35.252));
#3726=CARTESIAN_POINT('Origin',(-31.06,3.,-37.5));
#3727=CARTESIAN_POINT('Origin',(48.06,1.13225010480863,-389.5));
#3728=CARTESIAN_POINT('',(48.06,-1.31838984174237E-14,-385.283499999999));
#3729=CARTESIAN_POINT('Origin',(48.06,0.,-389.5));
#3730=CARTESIAN_POINT('',(48.06,2.26450020961591,-387.252));
#3731=CARTESIAN_POINT('',(48.06,1.13225010480863,-386.26775));
#3732=CARTESIAN_POINT('Origin',(48.06,2.26450020961591,-389.5));
#3733=CARTESIAN_POINT('Origin',(48.06,6.00000000000136,-389.5));
#3734=CARTESIAN_POINT('',(48.06,3.,-387.252));
#3735=CARTESIAN_POINT('',(48.06,6.00000000000136,-387.252));
#3736=CARTESIAN_POINT('Origin',(48.06,3.,-389.5));
#3737=CARTESIAN_POINT('Origin',(-33.,0.,-498.));
#3738=CARTESIAN_POINT('',(-34.,0.,-498.));
#3739=CARTESIAN_POINT('',(-33.,0.,-499.));
#3740=CARTESIAN_POINT('Origin',(-33.,0.,-498.));
#3741=CARTESIAN_POINT('',(-33.,3.,-499.));
#3742=CARTESIAN_POINT('',(-33.,0.,-499.));
#3743=CARTESIAN_POINT('',(-34.,3.,-498.));
#3744=CARTESIAN_POINT('Origin',(-33.,3.,-498.));
#3745=CARTESIAN_POINT('',(-34.,0.,-498.));
#3746=CARTESIAN_POINT('Origin',(-34.,0.,-499.));
#3747=CARTESIAN_POINT('',(-29.4999999999999,0.,-499.));
#3748=CARTESIAN_POINT('',(-34.,0.,-499.));
#3749=CARTESIAN_POINT('',(-29.4999999999999,3.,-499.));
#3750=CARTESIAN_POINT('',(-29.4999999999999,0.,-499.));
#3751=CARTESIAN_POINT('',(-34.,3.,-499.));
#3752=CARTESIAN_POINT('Origin',(-33.,0.,-473.5));
#3753=CARTESIAN_POINT('',(-32.9999999999999,0.,-472.5));
#3754=CARTESIAN_POINT('',(-34.,0.,-473.5));
#3755=CARTESIAN_POINT('Origin',(-33.,0.,-473.5));
#3756=CARTESIAN_POINT('',(-34.,3.,-473.5));
#3757=CARTESIAN_POINT('',(-34.,0.,-473.5));
#3758=CARTESIAN_POINT('',(-32.9999999999999,3.,-472.5));
#3759=CARTESIAN_POINT('Origin',(-33.,3.,-473.5));
#3760=CARTESIAN_POINT('',(-32.9999999999999,0.,-472.5));
#3761=CARTESIAN_POINT('Origin',(-34.,0.,-472.5));
#3762=CARTESIAN_POINT('',(-34.,3.,-472.5));
#3763=CARTESIAN_POINT('',(-34.,0.,-472.5));
#3764=CARTESIAN_POINT('Origin',(-29.4999999999997,0.,-473.5));
#3765=CARTESIAN_POINT('',(-28.4999999999998,0.,-473.5));
#3766=CARTESIAN_POINT('',(-29.4999999999997,0.,-472.5));
#3767=CARTESIAN_POINT('Origin',(-29.4999999999997,0.,-473.5));
#3768=CARTESIAN_POINT('',(-29.4999999999997,3.,-472.5));
#3769=CARTESIAN_POINT('',(-29.4999999999997,0.,-472.5));
#3770=CARTESIAN_POINT('',(-28.4999999999998,3.,-473.5));
#3771=CARTESIAN_POINT('Origin',(-29.4999999999997,3.,-473.5));
#3772=CARTESIAN_POINT('',(-28.4999999999998,0.,-473.5));
#3773=CARTESIAN_POINT('Origin',(-28.4999999999997,0.,-472.500000000001));
#3774=CARTESIAN_POINT('',(-28.4999999999997,3.,-472.500000000001));
#3775=CARTESIAN_POINT('',(-28.4999999999997,0.,-472.500000000001));
#3776=CARTESIAN_POINT('Origin',(-29.4999999999999,0.,-498.));
#3777=CARTESIAN_POINT('',(-28.4999999999999,0.,-498.));
#3778=CARTESIAN_POINT('Origin',(-29.4999999999999,0.,-498.));
#3779=CARTESIAN_POINT('',(-28.4999999999999,3.,-498.));
#3780=CARTESIAN_POINT('',(-28.4999999999999,0.,-498.));
#3781=CARTESIAN_POINT('Origin',(-29.4999999999999,3.,-498.));
#3782=CARTESIAN_POINT('Origin',(-28.4999999999999,0.,-499.));
#3783=CARTESIAN_POINT('',(-28.4999999999999,3.,-499.));
#3784=CARTESIAN_POINT('',(-28.4999999999999,0.,-499.));
#3785=CARTESIAN_POINT('Origin',(38.5,0.,24.5));
#3786=CARTESIAN_POINT('',(38.5,0.,25.5));
#3787=CARTESIAN_POINT('',(37.5,0.,24.5));
#3788=CARTESIAN_POINT('Origin',(38.5,0.,24.5));
#3789=CARTESIAN_POINT('',(37.5,3.,24.5));
#3790=CARTESIAN_POINT('',(37.5,0.,24.5));
#3791=CARTESIAN_POINT('',(38.5,3.,25.5));
#3792=CARTESIAN_POINT('Origin',(38.5,3.,24.5));
#3793=CARTESIAN_POINT('',(38.5,0.,25.5));
#3794=CARTESIAN_POINT('Origin',(37.5,0.,25.5));
#3795=CARTESIAN_POINT('',(37.5,0.,-266.5));
#3796=CARTESIAN_POINT('',(37.5,0.,25.5));
#3797=CARTESIAN_POINT('',(37.5,3.,-266.5));
#3798=CARTESIAN_POINT('',(37.5,0.,-266.5));
#3799=CARTESIAN_POINT('',(37.5,3.,25.5));
#3800=CARTESIAN_POINT('Origin',(36.5,0.,-266.5));
#3801=CARTESIAN_POINT('',(36.5,3.,-267.5));
#3802=CARTESIAN_POINT('Origin',(36.5,3.,-266.5));
#3803=CARTESIAN_POINT('',(36.5,0.,-267.5));
#3804=CARTESIAN_POINT('Origin',(36.5,0.,-266.5));
#3805=CARTESIAN_POINT('',(36.5,0.,-267.5));
#3806=CARTESIAN_POINT('Origin',(8.5,0.,-232.5));
#3807=CARTESIAN_POINT('',(57.,0.,25.5));
#3808=CARTESIAN_POINT('',(57.,0.,25.5));
#3809=CARTESIAN_POINT('',(57.,0.,40.));
#3810=CARTESIAN_POINT('',(57.,0.,40.));
#3811=CARTESIAN_POINT('',(-40.,0.,40.));
#3812=CARTESIAN_POINT('',(-40.,0.,40.));
#3813=CARTESIAN_POINT('',(-40.,0.,-505.));
#3814=CARTESIAN_POINT('',(-40.,0.,-505.));
#3815=CARTESIAN_POINT('',(57.,0.,-505.));
#3816=CARTESIAN_POINT('',(57.,0.,-505.));
#3817=CARTESIAN_POINT('',(57.,0.,-292.));
#3818=CARTESIAN_POINT('',(57.,0.,40.));
#3819=CARTESIAN_POINT('',(20.5,0.,-292.));
#3820=CARTESIAN_POINT('',(19.5,0.,-292.));
#3821=CARTESIAN_POINT('',(19.5,0.,-291.));
#3822=CARTESIAN_POINT('Origin',(20.5,0.,-291.));
#3823=CARTESIAN_POINT('',(19.5,0.,-268.5));
#3824=CARTESIAN_POINT('',(19.5,0.,-267.5));
#3825=CARTESIAN_POINT('',(20.5,0.,-267.5));
#3826=CARTESIAN_POINT('Origin',(20.5,0.,-268.5));
#3827=CARTESIAN_POINT('',(37.5,0.,-267.5));
#3828=CARTESIAN_POINT('',(26.253941161572,0.,27.7539411615719));
#3829=CARTESIAN_POINT('Origin',(27.753941161572,0.,27.7539411615719));
#3830=CARTESIAN_POINT('',(-29.253941161572,0.,27.7539411615719));
#3831=CARTESIAN_POINT('Origin',(-27.753941161572,0.,27.7539411615719));
#3832=CARTESIAN_POINT('',(-32.,0.,0.));
#3833=CARTESIAN_POINT('Origin',(0.,0.,0.));
#3834=CARTESIAN_POINT('',(-29.253941161572,0.,-27.7539411615719));
#3835=CARTESIAN_POINT('Origin',(-27.753941161572,0.,-27.7539411615719));
#3836=CARTESIAN_POINT('',(26.253941161572,0.,-27.7539411615719));
#3837=CARTESIAN_POINT('Origin',(27.753941161572,0.,-27.7539411615719));
#3838=CARTESIAN_POINT('',(-29.253941161572,0.,-47.2460588384281));
#3839=CARTESIAN_POINT('Origin',(-27.753941161572,0.,-47.2460588384281));
#3840=CARTESIAN_POINT('',(-32.,0.,-75.));
#3841=CARTESIAN_POINT('Origin',(0.,0.,-75.));
#3842=CARTESIAN_POINT('',(26.253941161572,0.,-47.2460588384281));
#3843=CARTESIAN_POINT('Origin',(27.753941161572,0.,-47.2460588384281));
#3844=CARTESIAN_POINT('',(-29.253941161572,0.,-102.753941161572));
#3845=CARTESIAN_POINT('Origin',(-27.753941161572,0.,-102.753941161572));
#3846=CARTESIAN_POINT('',(-29.253941161572,0.,-122.246058838428));
#3847=CARTESIAN_POINT('Origin',(-27.753941161572,0.,-122.246058838428));
#3848=CARTESIAN_POINT('',(-32.,0.,-150.));
#3849=CARTESIAN_POINT('Origin',(0.,0.,-150.));
#3850=CARTESIAN_POINT('',(26.253941161572,0.,-122.246058838428));
#3851=CARTESIAN_POINT('Origin',(27.753941161572,0.,-122.246058838428));
#3852=CARTESIAN_POINT('',(-29.253941161572,0.,-177.753941161572));
#3853=CARTESIAN_POINT('Origin',(-27.753941161572,0.,-177.753941161572));
#3854=CARTESIAN_POINT('',(-29.253941161572,0.,-197.246058838428));
#3855=CARTESIAN_POINT('Origin',(-27.753941161572,0.,-197.246058838428));
#3856=CARTESIAN_POINT('',(26.253941161572,0.,-252.753941161572));
#3857=CARTESIAN_POINT('Origin',(27.753941161572,0.,-252.753941161572));
#3858=CARTESIAN_POINT('',(26.253941161572,0.,-177.753941161572));
#3859=CARTESIAN_POINT('Origin',(27.753941161572,0.,-177.753941161572));
#3860=CARTESIAN_POINT('',(26.253941161572,0.,-102.753941161572));
#3861=CARTESIAN_POINT('Origin',(27.753941161572,0.,-102.753941161572));
#3862=CARTESIAN_POINT('',(26.253941161572,0.,-197.246058838428));
#3863=CARTESIAN_POINT('Origin',(27.753941161572,0.,-197.246058838428));
#3864=CARTESIAN_POINT('',(-29.253941161572,0.,-252.753941161572));
#3865=CARTESIAN_POINT('Origin',(-27.753941161572,0.,-252.753941161572));
#3866=CARTESIAN_POINT('',(-32.,0.,-225.));
#3867=CARTESIAN_POINT('Origin',(0.,0.,-225.));
#3868=CARTESIAN_POINT('',(17.,0.,-271.));
#3869=CARTESIAN_POINT('',(16.,0.,-270.));
#3870=CARTESIAN_POINT('Origin',(16.,0.,-271.));
#3871=CARTESIAN_POINT('',(17.,0.,-288.5));
#3872=CARTESIAN_POINT('',(17.,0.,-270.));
#3873=CARTESIAN_POINT('',(16.,0.,-289.5));
#3874=CARTESIAN_POINT('Origin',(16.,0.,-288.5));
#3875=CARTESIAN_POINT('',(-20.1,0.,-289.5));
#3876=CARTESIAN_POINT('',(17.,0.,-289.5));
#3877=CARTESIAN_POINT('',(-21.1,0.,-288.5));
#3878=CARTESIAN_POINT('Origin',(-20.1,0.,-288.5));
#3879=CARTESIAN_POINT('',(-21.1,0.,-271.));
#3880=CARTESIAN_POINT('',(-21.1,0.,-289.5));
#3881=CARTESIAN_POINT('',(-20.1,0.,-270.));
#3882=CARTESIAN_POINT('Origin',(-20.1,0.,-271.));
#3883=CARTESIAN_POINT('',(-21.1,0.,-270.));
#3884=CARTESIAN_POINT('Origin',(20.5,0.,-268.5));
#3885=CARTESIAN_POINT('',(19.5,3.,-268.5));
#3886=CARTESIAN_POINT('',(19.5,0.,-268.5));
#3887=CARTESIAN_POINT('',(20.5,3.,-267.5));
#3888=CARTESIAN_POINT('Origin',(20.5,3.,-268.5));
#3889=CARTESIAN_POINT('',(20.5,0.,-267.5));
#3890=CARTESIAN_POINT('Origin',(19.5,0.,-267.5));
#3891=CARTESIAN_POINT('',(19.5,3.,-291.));
#3892=CARTESIAN_POINT('',(19.5,0.,-291.));
#3893=CARTESIAN_POINT('',(19.5,3.,-267.5));
#3894=CARTESIAN_POINT('Origin',(16.,0.,-288.5));
#3895=CARTESIAN_POINT('',(17.,3.,-288.5));
#3896=CARTESIAN_POINT('',(17.,0.,-288.5));
#3897=CARTESIAN_POINT('',(16.,3.,-289.5));
#3898=CARTESIAN_POINT('Origin',(16.,3.,-288.5));
#3899=CARTESIAN_POINT('',(16.,0.,-289.5));
#3900=CARTESIAN_POINT('Origin',(17.,0.,-289.5));
#3901=CARTESIAN_POINT('',(17.,3.,-271.));
#3902=CARTESIAN_POINT('',(17.,0.,-271.));
#3903=CARTESIAN_POINT('',(17.,3.,-270.));
#3904=CARTESIAN_POINT('Origin',(16.,0.,-271.));
#3905=CARTESIAN_POINT('',(16.,3.,-270.));
#3906=CARTESIAN_POINT('',(16.,0.,-270.));
#3907=CARTESIAN_POINT('Origin',(16.,3.,-271.));
#3908=CARTESIAN_POINT('Origin',(17.,0.,-270.));
#3909=CARTESIAN_POINT('',(-20.1,3.,-270.));
#3910=CARTESIAN_POINT('',(-20.1,0.,-270.));
#3911=CARTESIAN_POINT('',(-21.1,3.,-270.));
#3912=CARTESIAN_POINT('Origin',(-20.1,0.,-271.));
#3913=CARTESIAN_POINT('',(-21.1,3.,-271.));
#3914=CARTESIAN_POINT('',(-21.1,0.,-271.));
#3915=CARTESIAN_POINT('Origin',(-20.1,3.,-271.));
#3916=CARTESIAN_POINT('Origin',(-21.1,0.,-270.));
#3917=CARTESIAN_POINT('',(-21.1,3.,-288.5));
#3918=CARTESIAN_POINT('',(-21.1,0.,-288.5));
#3919=CARTESIAN_POINT('',(-21.1,3.,-289.5));
#3920=CARTESIAN_POINT('Origin',(-20.1,0.,-288.5));
#3921=CARTESIAN_POINT('',(-20.1,3.,-289.5));
#3922=CARTESIAN_POINT('',(-20.1,0.,-289.5));
#3923=CARTESIAN_POINT('Origin',(-20.1,3.,-288.5));
#3924=CARTESIAN_POINT('Origin',(-21.1,0.,-289.5));
#3925=CARTESIAN_POINT('',(17.,3.,-289.5));
#3926=CARTESIAN_POINT('Origin',(20.5,0.,-291.));
#3927=CARTESIAN_POINT('',(20.5,3.,-292.));
#3928=CARTESIAN_POINT('',(20.5,0.,-292.));
#3929=CARTESIAN_POINT('Origin',(20.5,3.,-291.));
#3930=CARTESIAN_POINT('Origin',(19.5,0.,-292.));
#3931=CARTESIAN_POINT('',(57.,3.,-292.));
#3932=CARTESIAN_POINT('',(57.,0.,-292.));
#3933=CARTESIAN_POINT('',(19.5,3.,-292.));
#3934=CARTESIAN_POINT('Origin',(-34.,2.9999999999999,-539.785840131754));
#3935=CARTESIAN_POINT('',(-34.,0.,-545.785840131754));
#3936=CARTESIAN_POINT('',(-40.,-7.105427357601E-14,-539.785840131754));
#3937=CARTESIAN_POINT('Origin',(-34.,0.,-539.785840131754));
#3938=CARTESIAN_POINT('',(-40.,2.99999999999997,-539.785840131754));
#3939=CARTESIAN_POINT('',(-40.,2.9999999999999,-539.785840131754));
#3940=CARTESIAN_POINT('',(-34.,3.00000000000004,-545.785840131754));
#3941=CARTESIAN_POINT('Origin',(-34.,2.99999999999997,-539.785840131754));
#3942=CARTESIAN_POINT('',(-34.,2.99999999999997,-545.785840131754));
#3943=CARTESIAN_POINT('Origin',(-40.,3.00000000000004,-545.785840131754));
#3944=CARTESIAN_POINT('',(51.,3.00000000000004,-545.785840131754));
#3945=CARTESIAN_POINT('',(57.,3.00000000000004,-545.785840131754));
#3946=CARTESIAN_POINT('',(51.,0.,-545.785840131754));
#3947=CARTESIAN_POINT('',(51.,3.00000000000011,-545.785840131754));
#3948=CARTESIAN_POINT('',(57.,0.,-545.785840131754));
#3949=CARTESIAN_POINT('Origin',(8.5,3.,-232.5));
#3950=CARTESIAN_POINT('',(-40.,3.00000000000004,-511.785840131754));
#3951=CARTESIAN_POINT('',(-40.,3.00000000000011,-498.214159868246));
#3952=CARTESIAN_POINT('',(57.,3.00000000000004,-511.785840131754));
#3953=CARTESIAN_POINT('',(8.49999999999998,3.00000000000004,-511.785840131754));
#3954=CARTESIAN_POINT('',(57.,2.99999999999997,-539.785840131754));
#3955=CARTESIAN_POINT('',(57.,3.00000000000011,-498.214159868246));
#3956=CARTESIAN_POINT('Origin',(51.,2.99999999999997,-539.785840131754));
#3957=CARTESIAN_POINT('Origin',(51.,3.00000000000004,-539.785840131754));
#3958=CARTESIAN_POINT('',(57.,-7.105427357601E-14,-539.785840131754));
#3959=CARTESIAN_POINT('Origin',(51.,0.,-539.785840131754));
#3960=CARTESIAN_POINT('',(57.,3.00000000000004,-539.785840131754));
#3961=CARTESIAN_POINT('Origin',(57.,3.00000000000004,-545.785840131754));
#3962=CARTESIAN_POINT('',(57.,7.105427357601E-14,-511.785840131754));
#3963=CARTESIAN_POINT('',(57.,2.34000000000009,-511.785840131754));
#3964=CARTESIAN_POINT('',(57.,7.105427357601E-14,-511.785840131754));
#3965=CARTESIAN_POINT('Origin',(-34.,3.,74.7858401317543));
#3966=CARTESIAN_POINT('',(-40.,2.66453525910038E-14,74.7858401317543));
#3967=CARTESIAN_POINT('',(-34.,7.105427357601E-14,80.7858401317543));
#3968=CARTESIAN_POINT('Origin',(-34.,2.66453525910038E-14,74.7858401317543));
#3969=CARTESIAN_POINT('',(-34.,3.00000000000004,80.7858401317543));
#3970=CARTESIAN_POINT('',(-34.,3.00000000000004,80.7858401317543));
#3971=CARTESIAN_POINT('',(-40.,3.,74.7858401317543));
#3972=CARTESIAN_POINT('Origin',(-34.,3.,74.7858401317543));
#3973=CARTESIAN_POINT('',(-40.,3.,74.7858401317543));
#3974=CARTESIAN_POINT('Origin',(-40.,3.00000000000004,80.7858401317543));
#3975=CARTESIAN_POINT('',(-40.,3.00000000000002,46.7858401317543));
#3976=CARTESIAN_POINT('',(-40.,3.,33.2141598682464));
#3977=CARTESIAN_POINT('',(-40.,-1.77635683940025E-14,46.7858401317543));
#3978=CARTESIAN_POINT('',(-40.,2.34,46.7858401317543));
#3979=CARTESIAN_POINT('',(-40.,-1.77635683940025E-14,46.7858401317543));
#3980=CARTESIAN_POINT('Origin',(8.5,3.,-232.5));
#3981=CARTESIAN_POINT('',(51.,3.00000000000004,80.7858401317543));
#3982=CARTESIAN_POINT('',(-40.,3.00000000000004,80.7858401317543));
#3983=CARTESIAN_POINT('',(57.,3.,74.7858401317543));
#3984=CARTESIAN_POINT('Origin',(51.,3.,74.7858401317543));
#3985=CARTESIAN_POINT('',(57.,3.00000000000002,46.7858401317543));
#3986=CARTESIAN_POINT('',(57.,3.,33.2141598682464));
#3987=CARTESIAN_POINT('',(8.49999999999998,3.00000000000002,46.7858401317543));
#3988=CARTESIAN_POINT('Origin',(51.,3.,74.7858401317543));
#3989=CARTESIAN_POINT('',(51.,7.105427357601E-14,80.7858401317543));
#3990=CARTESIAN_POINT('',(57.,2.66453525910038E-14,74.7858401317543));
#3991=CARTESIAN_POINT('Origin',(51.,2.66453525910038E-14,74.7858401317543));
#3992=CARTESIAN_POINT('',(57.,3.,74.7858401317543));
#3993=CARTESIAN_POINT('',(51.,3.00000000000004,80.7858401317543));
#3994=CARTESIAN_POINT('Origin',(57.,2.99999999999997,40.0000000000004));
#3995=CARTESIAN_POINT('',(57.,-1.77635683940025E-14,46.7858401317543));
#3996=CARTESIAN_POINT('',(57.,-4.44089209850063E-14,33.2141598682464));
#3997=CARTESIAN_POINT('',(57.,2.34,46.7858401317543));
#3998=CARTESIAN_POINT('Origin',(8.5,0.,-232.5));
#3999=CARTESIAN_POINT('',(-40.,7.105427357601E-14,-511.785840131754));
#4000=CARTESIAN_POINT('',(8.49999999999998,7.105427357601E-14,-511.785840131754));
#4001=CARTESIAN_POINT('',(57.,1.33226762955019E-14,-511.785840131754));
#4002=CARTESIAN_POINT('',(-40.,2.88657986402541E-14,-505.));
#4003=CARTESIAN_POINT('Origin',(-40.,3.00000000000004,-505.));
#4004=CARTESIAN_POINT('',(-40.,7.105427357601E-14,-498.214159868246));
#4005=CARTESIAN_POINT('',(-40.,2.34000000000009,-511.785840131754));
#4006=CARTESIAN_POINT('Origin',(57.,1.68,-505.));
#4007=CARTESIAN_POINT('',(57.,3.,-505.));
#4008=CARTESIAN_POINT('',(57.,3.00000000000006,-511.785840131754));
#4009=CARTESIAN_POINT('',(57.,0.,-505.));
#4010=CARTESIAN_POINT('Origin',(-40.,1.68,-505.));
#4011=CARTESIAN_POINT('',(-40.,3.,-505.));
#4012=CARTESIAN_POINT('',(-40.,0.,-505.));
#4013=CARTESIAN_POINT('',(-40.,3.00000000000006,-511.785840131754));
#4014=CARTESIAN_POINT('Origin',(8.5,3.,-232.5));
#4015=CARTESIAN_POINT('',(57.,3.,-505.));
#4016=CARTESIAN_POINT('Origin',(8.5,0.,-232.5));
#4017=CARTESIAN_POINT('Origin',(8.5,0.,-232.5));
#4018=CARTESIAN_POINT('',(8.49999999999998,-1.77635683940025E-14,46.7858401317543));
#4019=CARTESIAN_POINT('',(-40.,8.88178419700125E-15,46.7858401317543));
#4020=CARTESIAN_POINT('',(57.,2.22044604925031E-15,40.));
#4021=CARTESIAN_POINT('Origin',(-40.,1.67999999999976,40.));
#4022=CARTESIAN_POINT('',(-40.,3.,40.));
#4023=CARTESIAN_POINT('',(-40.,3.00000000000001,46.7858401317543));
#4024=CARTESIAN_POINT('',(-40.,0.,40.));
#4025=CARTESIAN_POINT('Origin',(57.,1.67999999999976,40.));
#4026=CARTESIAN_POINT('',(57.,3.,40.));
#4027=CARTESIAN_POINT('',(57.,0.,40.));
#4028=CARTESIAN_POINT('',(57.,3.00000000000001,46.7858401317543));
#4029=CARTESIAN_POINT('Origin',(57.,3.00000000000004,80.7858401317543));
#4030=CARTESIAN_POINT('',(-40.,7.105427357601E-14,80.7858401317543));
#4031=CARTESIAN_POINT('Origin',(8.5,3.,-232.5));
#4032=CARTESIAN_POINT('',(-40.,3.,40.));
#4033=CARTESIAN_POINT('Origin',(8.5,0.,-232.5));
#4034=CARTESIAN_POINT('Origin',(27.753941161572,0.,27.7539411615719));
#4035=CARTESIAN_POINT('',(26.253941161572,3.,27.753941161572));
#4036=CARTESIAN_POINT('Origin',(27.753941161572,3.,27.7539411615719));
#4037=CARTESIAN_POINT('',(26.253941161572,0.,27.7539411615719));
#4038=CARTESIAN_POINT('Origin',(-27.753941161572,0.,27.7539411615719));
#4039=CARTESIAN_POINT('',(-29.253941161572,3.,27.753941161572));
#4040=CARTESIAN_POINT('Origin',(-27.753941161572,3.,27.7539411615719));
#4041=CARTESIAN_POINT('',(-29.253941161572,0.,27.7539411615719));
#4042=CARTESIAN_POINT('Origin',(0.,0.,0.));
#4043=CARTESIAN_POINT('',(-32.,3.,0.));
#4044=CARTESIAN_POINT('Origin',(0.,3.,0.));
#4045=CARTESIAN_POINT('',(-32.,0.,3.91886975727153E-15));
#4046=CARTESIAN_POINT('Origin',(-27.753941161572,0.,-27.7539411615719));
#4047=CARTESIAN_POINT('',(-29.253941161572,3.,-27.753941161572));
#4048=CARTESIAN_POINT('Origin',(-27.753941161572,3.,-27.7539411615719));
#4049=CARTESIAN_POINT('',(-29.253941161572,0.,-27.7539411615719));
#4050=CARTESIAN_POINT('Origin',(27.753941161572,0.,-27.7539411615719));
#4051=CARTESIAN_POINT('',(26.253941161572,3.,-27.753941161572));
#4052=CARTESIAN_POINT('Origin',(27.753941161572,3.,-27.7539411615719));
#4053=CARTESIAN_POINT('',(26.253941161572,0.,-27.7539411615719));
#4054=CARTESIAN_POINT('Origin',(-27.753941161572,0.,-47.2460588384281));
#4055=CARTESIAN_POINT('',(-29.253941161572,3.,-47.246058838428));
#4056=CARTESIAN_POINT('Origin',(-27.753941161572,3.,-47.2460588384281));
#4057=CARTESIAN_POINT('',(-29.253941161572,0.,-47.2460588384281));
#4058=CARTESIAN_POINT('Origin',(0.,0.,-75.));
#4059=CARTESIAN_POINT('',(-32.,3.,-75.));
#4060=CARTESIAN_POINT('Origin',(0.,3.,-75.));
#4061=CARTESIAN_POINT('',(-32.,0.,-75.));
#4062=CARTESIAN_POINT('Origin',(27.753941161572,0.,-47.2460588384281));
#4063=CARTESIAN_POINT('',(26.253941161572,3.,-47.246058838428));
#4064=CARTESIAN_POINT('Origin',(27.753941161572,3.,-47.2460588384281));
#4065=CARTESIAN_POINT('',(26.253941161572,0.,-47.2460588384281));
#4066=CARTESIAN_POINT('Origin',(-27.753941161572,0.,-102.753941161572));
#4067=CARTESIAN_POINT('',(-29.253941161572,3.,-102.753941161572));
#4068=CARTESIAN_POINT('Origin',(-27.753941161572,3.,-102.753941161572));
#4069=CARTESIAN_POINT('',(-29.253941161572,0.,-102.753941161572));
#4070=CARTESIAN_POINT('Origin',(-27.753941161572,0.,-122.246058838428));
#4071=CARTESIAN_POINT('',(-29.253941161572,3.,-122.246058838428));
#4072=CARTESIAN_POINT('Origin',(-27.753941161572,3.,-122.246058838428));
#4073=CARTESIAN_POINT('',(-29.253941161572,0.,-122.246058838428));
#4074=CARTESIAN_POINT('Origin',(0.,0.,-150.));
#4075=CARTESIAN_POINT('',(-32.,3.,-150.));
#4076=CARTESIAN_POINT('Origin',(0.,3.,-150.));
#4077=CARTESIAN_POINT('',(-32.,0.,-150.));
#4078=CARTESIAN_POINT('Origin',(27.753941161572,0.,-122.246058838428));
#4079=CARTESIAN_POINT('',(26.253941161572,3.,-122.246058838428));
#4080=CARTESIAN_POINT('Origin',(27.753941161572,3.,-122.246058838428));
#4081=CARTESIAN_POINT('',(26.253941161572,0.,-122.246058838428));
#4082=CARTESIAN_POINT('Origin',(-27.753941161572,0.,-177.753941161572));
#4083=CARTESIAN_POINT('',(-29.253941161572,3.,-177.753941161572));
#4084=CARTESIAN_POINT('Origin',(-27.753941161572,3.,-177.753941161572));
#4085=CARTESIAN_POINT('',(-29.253941161572,0.,-177.753941161572));
#4086=CARTESIAN_POINT('Origin',(-27.753941161572,0.,-197.246058838428));
#4087=CARTESIAN_POINT('',(-29.253941161572,3.,-197.246058838428));
#4088=CARTESIAN_POINT('Origin',(-27.753941161572,3.,-197.246058838428));
#4089=CARTESIAN_POINT('',(-29.253941161572,0.,-197.246058838428));
#4090=CARTESIAN_POINT('Origin',(27.753941161572,0.,-252.753941161572));
#4091=CARTESIAN_POINT('',(26.253941161572,3.,-252.753941161572));
#4092=CARTESIAN_POINT('Origin',(27.753941161572,3.,-252.753941161572));
#4093=CARTESIAN_POINT('',(26.253941161572,0.,-252.753941161572));
#4094=CARTESIAN_POINT('Origin',(27.753941161572,0.,-177.753941161572));
#4095=CARTESIAN_POINT('',(26.253941161572,3.,-177.753941161572));
#4096=CARTESIAN_POINT('Origin',(27.753941161572,3.,-177.753941161572));
#4097=CARTESIAN_POINT('',(26.253941161572,0.,-177.753941161572));
#4098=CARTESIAN_POINT('Origin',(27.753941161572,0.,-102.753941161572));
#4099=CARTESIAN_POINT('',(26.253941161572,3.,-102.753941161572));
#4100=CARTESIAN_POINT('Origin',(27.753941161572,3.,-102.753941161572));
#4101=CARTESIAN_POINT('',(26.253941161572,0.,-102.753941161572));
#4102=CARTESIAN_POINT('Origin',(27.753941161572,0.,-197.246058838428));
#4103=CARTESIAN_POINT('',(26.253941161572,3.,-197.246058838428));
#4104=CARTESIAN_POINT('Origin',(27.753941161572,3.,-197.246058838428));
#4105=CARTESIAN_POINT('',(26.253941161572,0.,-197.246058838428));
#4106=CARTESIAN_POINT('Origin',(-27.753941161572,0.,-252.753941161572));
#4107=CARTESIAN_POINT('',(-29.253941161572,3.,-252.753941161572));
#4108=CARTESIAN_POINT('Origin',(-27.753941161572,3.,-252.753941161572));
#4109=CARTESIAN_POINT('',(-29.253941161572,0.,-252.753941161572));
#4110=CARTESIAN_POINT('Origin',(0.,0.,-225.));
#4111=CARTESIAN_POINT('',(-32.,3.,-225.));
#4112=CARTESIAN_POINT('Origin',(0.,3.,-225.));
#4113=CARTESIAN_POINT('',(-32.,0.,-225.));
#4114=CARTESIAN_POINT('Origin',(37.5,0.,-267.5));
#4115=CARTESIAN_POINT('',(37.5,3.,-267.5));
#4116=CARTESIAN_POINT('Origin',(57.,0.,25.5));
#4117=CARTESIAN_POINT('',(57.,3.,25.5));
#4118=CARTESIAN_POINT('',(57.,3.,25.5));
#4119=CARTESIAN_POINT('',(57.,0.,25.5));
#4120=CARTESIAN_POINT('Origin',(57.,0.,40.));
#4121=CARTESIAN_POINT('',(57.,3.,40.));
#4122=CARTESIAN_POINT('Origin',(-40.,0.,-505.));
#4123=CARTESIAN_POINT('',(-40.,3.,-505.));
#4124=CARTESIAN_POINT('Origin',(57.,0.,-292.));
#4125=CARTESIAN_POINT('',(57.,3.,40.));
#4126=CARTESIAN_POINT('Origin',(8.5,3.,-232.5));
#4127=CARTESIAN_POINT('Ctrl Pts',(-6.09388702656627,0.,-335.550704117641));
#4128=CARTESIAN_POINT('Ctrl Pts',(-6.09388702656627,-0.02,-335.550704117641));
#4129=CARTESIAN_POINT('Ctrl Pts',(-5.91838634269308,0.,-335.496187999666));
#4130=CARTESIAN_POINT('Ctrl Pts',(-5.91838634269308,-0.02,-335.496187999666));
#4131=CARTESIAN_POINT('Ctrl Pts',(-5.74229396060663,0.,-335.440917223878));
#4132=CARTESIAN_POINT('Ctrl Pts',(-5.74229396060663,-0.02,-335.440917223878));
#4133=CARTESIAN_POINT('Ctrl Pts',(-5.56564948469562,0.,-335.384901367689));
#4134=CARTESIAN_POINT('Ctrl Pts',(-5.56564948469562,-0.02,-335.384901367689));
#4135=CARTESIAN_POINT('Ctrl Pts',(-0.295174581875262,0.,-333.713577298912));
#4136=CARTESIAN_POINT('Ctrl Pts',(-0.295174581875262,-0.02,-333.713577298912));
#4137=CARTESIAN_POINT('Ctrl Pts',(5.41910375662522,0.,-331.376550252752));
#4138=CARTESIAN_POINT('Ctrl Pts',(5.41910375662522,-0.02,-331.376550252752));
#4139=CARTESIAN_POINT('Ctrl Pts',(10.3242675305625,0.,-328.912981954272));
#4140=CARTESIAN_POINT('Ctrl Pts',(10.3242675305625,-0.02,-328.912981954272));
#4141=CARTESIAN_POINT('',(10.3242675305626,0.,-328.912981954272));
#4142=CARTESIAN_POINT('',(-6.09388702656627,0.,-335.550704117641));
#4143=CARTESIAN_POINT('Ctrl Pts',(10.3242675305625,0.,-328.912981954272));
#4144=CARTESIAN_POINT('Ctrl Pts',(5.41910375662522,0.,-331.376550252752));
#4145=CARTESIAN_POINT('Ctrl Pts',(-0.295174581875262,0.,-333.713577298912));
#4146=CARTESIAN_POINT('Ctrl Pts',(-5.56564948469562,0.,-335.384901367689));
#4147=CARTESIAN_POINT('Ctrl Pts',(-5.74229396060663,0.,-335.440917223878));
#4148=CARTESIAN_POINT('Ctrl Pts',(-5.91838634269309,0.,-335.496187999666));
#4149=CARTESIAN_POINT('Ctrl Pts',(-6.09388702656627,0.,-335.550704117641));
#4150=CARTESIAN_POINT('',(10.3242675305626,-0.02,-328.912981954272));
#4151=CARTESIAN_POINT('',(10.3242675305626,0.,-328.912981954272));
#4152=CARTESIAN_POINT('',(-6.09388702656627,-0.02,-335.550704117641));
#4153=CARTESIAN_POINT('Ctrl Pts',(-6.09388702656627,-0.02,-335.550704117641));
#4154=CARTESIAN_POINT('Ctrl Pts',(-5.91838634269309,-0.02,-335.496187999666));
#4155=CARTESIAN_POINT('Ctrl Pts',(-5.74229396060663,-0.02,-335.440917223878));
#4156=CARTESIAN_POINT('Ctrl Pts',(-5.56564948469562,-0.02,-335.384901367689));
#4157=CARTESIAN_POINT('Ctrl Pts',(-0.295174581875262,-0.02,-333.713577298912));
#4158=CARTESIAN_POINT('Ctrl Pts',(5.41910375662522,-0.02,-331.376550252752));
#4159=CARTESIAN_POINT('Ctrl Pts',(10.3242675305625,-0.02,-328.912981954272));
#4160=CARTESIAN_POINT('',(-6.09388702656627,0.,-335.550704117641));
#4161=CARTESIAN_POINT('Origin',(5.55111512312578E-16,0.,-327.));
#4162=CARTESIAN_POINT('Origin',(5.55111512312578E-16,0.,-327.));
#4163=CARTESIAN_POINT('Origin',(5.55111512312578E-16,-0.02,-327.));
#4164=CARTESIAN_POINT('Origin',(2.77555829392829E-16,0.,-329.291287847478));
#4165=CARTESIAN_POINT('',(-3.92233145077001,0.,-324.750878615889));
#4166=CARTESIAN_POINT('',(3.92233145077001,0.,-324.750878615889));
#4167=CARTESIAN_POINT('Origin',(2.77555829392829E-16,0.,-329.291287847478));
#4168=CARTESIAN_POINT('',(-3.92233145077001,-0.02,-324.750878615889));
#4169=CARTESIAN_POINT('',(-3.92233145077001,0.,-324.750878615889));
#4170=CARTESIAN_POINT('',(3.92233145077001,-0.02,-324.750878615889));
#4171=CARTESIAN_POINT('Origin',(2.77555829392829E-16,-0.02,-329.291287847478));
#4172=CARTESIAN_POINT('',(3.92233145077001,0.,-324.750878615889));
#4173=CARTESIAN_POINT('Origin',(1.11022302462516E-14,0.,-309.061552812809));
#4174=CARTESIAN_POINT('',(1.11022302462516E-14,0.,-309.061552812809));
#4175=CARTESIAN_POINT('',(3.92233145077001,0.,-324.750878615889));
#4176=CARTESIAN_POINT('',(1.11022302462516E-14,-0.02,-309.061552812809));
#4177=CARTESIAN_POINT('',(3.92233145077001,-0.02,-324.750878615889));
#4178=CARTESIAN_POINT('',(1.11022302462516E-14,0.,-309.061552812809));
#4179=CARTESIAN_POINT('Origin',(-3.92233145077001,0.,-324.750878615889));
#4180=CARTESIAN_POINT('',(-3.92233145077001,0.,-324.750878615889));
#4181=CARTESIAN_POINT('',(-3.92233145077001,-0.02,-324.750878615889));
#4182=CARTESIAN_POINT('Origin',(5.55111512312578E-16,0.,-327.));
#4183=CARTESIAN_POINT('',(-8.14267280176189,0.,-335.120768414593));
#4184=CARTESIAN_POINT('',(-11.4985973100414,0.,-326.820389584076));
#4185=CARTESIAN_POINT('Origin',(5.55111512312578E-16,0.,-327.));
#4186=CARTESIAN_POINT('',(-8.14267280176189,-0.02,-335.120768414593));
#4187=CARTESIAN_POINT('',(-8.14267280176189,0.,-335.120768414593));
#4188=CARTESIAN_POINT('',(-11.4985973100414,-0.02,-326.820389584076));
#4189=CARTESIAN_POINT('Origin',(5.55111512312578E-16,-0.02,-327.));
#4190=CARTESIAN_POINT('',(-11.4985973100414,0.,-326.820389584076));
#4191=CARTESIAN_POINT('Ctrl Pts',(-8.14267280176192,0.,-335.120768414593));
#4192=CARTESIAN_POINT('Ctrl Pts',(-8.14267280176192,-0.02,-335.120768414593));
#4193=CARTESIAN_POINT('Ctrl Pts',(-12.0814525441339,0.,-336.25544675017));
#4194=CARTESIAN_POINT('Ctrl Pts',(-12.0814525441339,-0.02,-336.25544675017));
#4195=CARTESIAN_POINT('Ctrl Pts',(-15.6117815058924,0.,-336.956454750043));
#4196=CARTESIAN_POINT('Ctrl Pts',(-15.6117815058924,-0.02,-336.956454750043));
#4197=CARTESIAN_POINT('Ctrl Pts',(-18.1926318365045,0.,-337.123111232095));
#4198=CARTESIAN_POINT('Ctrl Pts',(-18.1926318365045,-0.02,-337.123111232095));
#4199=CARTESIAN_POINT('Ctrl Pts',(-19.8474262149973,0.,-337.229968342857));
#4200=CARTESIAN_POINT('Ctrl Pts',(-19.8474262149973,-0.02,-337.229968342857));
#4201=CARTESIAN_POINT('Ctrl Pts',(-21.1183163616269,0.,-337.110078956941));
#4202=CARTESIAN_POINT('Ctrl Pts',(-21.1183163616269,-0.02,-337.110078956941));
#4203=CARTESIAN_POINT('Ctrl Pts',(-21.8680769131991,0.,-336.834085411674));
#4204=CARTESIAN_POINT('Ctrl Pts',(-21.8680769131991,-0.02,-336.834085411674));
#4205=CARTESIAN_POINT('Ctrl Pts',(-22.3794171443438,0.,-336.645856512546));
#4206=CARTESIAN_POINT('Ctrl Pts',(-22.3794171443438,-0.02,-336.645856512546));
#4207=CARTESIAN_POINT('Ctrl Pts',(-22.6201125565952,0.,-336.415202270948));
#4208=CARTESIAN_POINT('Ctrl Pts',(-22.6201125565952,-0.02,-336.415202270948));
#4209=CARTESIAN_POINT('Ctrl Pts',(-22.7160044368863,0.,-336.17786153869));
#4210=CARTESIAN_POINT('Ctrl Pts',(-22.7160044368863,-0.02,-336.17786153869));
#4211=CARTESIAN_POINT('Ctrl Pts',(-22.8145441155341,0.,-335.933967275529));
#4212=CARTESIAN_POINT('Ctrl Pts',(-22.8145441155341,-0.02,-335.933967275529));
#4213=CARTESIAN_POINT('Ctrl Pts',(-22.7976962415904,0.,-335.586997720164));
#4214=CARTESIAN_POINT('Ctrl Pts',(-22.7976962415904,-0.02,-335.586997720164));
#4215=CARTESIAN_POINT('Ctrl Pts',(-22.5417739079066,0.,-335.075871340746));
#4216=CARTESIAN_POINT('Ctrl Pts',(-22.5417739079066,-0.02,-335.075871340746));
#4217=CARTESIAN_POINT('Ctrl Pts',(-22.0345785934244,0.,-334.062904238511));
#4218=CARTESIAN_POINT('Ctrl Pts',(-22.0345785934244,-0.02,-334.062904238511));
#4219=CARTESIAN_POINT('Ctrl Pts',(-20.5819513826281,0.,-332.592150441518));
#4220=CARTESIAN_POINT('Ctrl Pts',(-20.5819513826281,-0.02,-332.592150441518));
#4221=CARTESIAN_POINT('Ctrl Pts',(-18.3662075086553,0.,-330.992071147649));
#4222=CARTESIAN_POINT('Ctrl Pts',(-18.3662075086553,-0.02,-330.992071147649));
#4223=CARTESIAN_POINT('Ctrl Pts',(-16.5305792531549,0.,-329.666488891789));
#4224=CARTESIAN_POINT('Ctrl Pts',(-16.5305792531549,-0.02,-329.666488891789));
#4225=CARTESIAN_POINT('Ctrl Pts',(-14.1701880562532,0.,-328.236736655417));
#4226=CARTESIAN_POINT('Ctrl Pts',(-14.1701880562532,-0.02,-328.236736655417));
#4227=CARTESIAN_POINT('Ctrl Pts',(-11.4985973100443,0.,-326.820389584078));
#4228=CARTESIAN_POINT('Ctrl Pts',(-11.4985973100443,-0.02,-326.820389584078));
#4229=CARTESIAN_POINT('Ctrl Pts',(-11.4985973100443,0.,-326.820389584078));
#4230=CARTESIAN_POINT('Ctrl Pts',(-14.1701880562532,0.,-328.236736655417));
#4231=CARTESIAN_POINT('Ctrl Pts',(-16.5305792531549,0.,-329.666488891789));
#4232=CARTESIAN_POINT('Ctrl Pts',(-18.3662075086553,0.,-330.992071147649));
#4233=CARTESIAN_POINT('Ctrl Pts',(-20.5819513826281,0.,-332.592150441518));
#4234=CARTESIAN_POINT('Ctrl Pts',(-22.0345785934244,0.,-334.062904238511));
#4235=CARTESIAN_POINT('Ctrl Pts',(-22.5417739079066,0.,-335.075871340746));
#4236=CARTESIAN_POINT('Ctrl Pts',(-22.7976962415904,0.,-335.586997720164));
#4237=CARTESIAN_POINT('Ctrl Pts',(-22.8145441155341,0.,-335.933967275529));
#4238=CARTESIAN_POINT('Ctrl Pts',(-22.7160044368863,0.,-336.17786153869));
#4239=CARTESIAN_POINT('Ctrl Pts',(-22.6201125565952,0.,-336.415202270948));
#4240=CARTESIAN_POINT('Ctrl Pts',(-22.3794171443438,0.,-336.645856512546));
#4241=CARTESIAN_POINT('Ctrl Pts',(-21.8680769131991,0.,-336.834085411674));
#4242=CARTESIAN_POINT('Ctrl Pts',(-21.1183163616269,0.,-337.110078956941));
#4243=CARTESIAN_POINT('Ctrl Pts',(-19.8474262149973,0.,-337.229968342857));
#4244=CARTESIAN_POINT('Ctrl Pts',(-18.1926318365045,0.,-337.123111232095));
#4245=CARTESIAN_POINT('Ctrl Pts',(-15.6117815058924,0.,-336.956454750043));
#4246=CARTESIAN_POINT('Ctrl Pts',(-12.0814525441339,0.,-336.25544675017));
#4247=CARTESIAN_POINT('Ctrl Pts',(-8.14267280176192,0.,-335.120768414593));
#4248=CARTESIAN_POINT('Ctrl Pts',(-8.14267280176192,-0.02,-335.120768414593));
#4249=CARTESIAN_POINT('Ctrl Pts',(-12.0814525441339,-0.02,-336.25544675017));
#4250=CARTESIAN_POINT('Ctrl Pts',(-15.6117815058924,-0.02,-336.956454750043));
#4251=CARTESIAN_POINT('Ctrl Pts',(-18.1926318365045,-0.02,-337.123111232095));
#4252=CARTESIAN_POINT('Ctrl Pts',(-19.8474262149973,-0.02,-337.229968342857));
#4253=CARTESIAN_POINT('Ctrl Pts',(-21.1183163616269,-0.02,-337.110078956941));
#4254=CARTESIAN_POINT('Ctrl Pts',(-21.8680769131991,-0.02,-336.834085411674));
#4255=CARTESIAN_POINT('Ctrl Pts',(-22.3794171443438,-0.02,-336.645856512546));
#4256=CARTESIAN_POINT('Ctrl Pts',(-22.6201125565952,-0.02,-336.415202270948));
#4257=CARTESIAN_POINT('Ctrl Pts',(-22.7160044368863,-0.02,-336.17786153869));
#4258=CARTESIAN_POINT('Ctrl Pts',(-22.8145441155341,-0.02,-335.933967275529));
#4259=CARTESIAN_POINT('Ctrl Pts',(-22.7976962415904,-0.02,-335.586997720164));
#4260=CARTESIAN_POINT('Ctrl Pts',(-22.5417739079066,-0.02,-335.075871340746));
#4261=CARTESIAN_POINT('Ctrl Pts',(-22.0345785934244,-0.02,-334.062904238511));
#4262=CARTESIAN_POINT('Ctrl Pts',(-20.5819513826281,-0.02,-332.592150441518));
#4263=CARTESIAN_POINT('Ctrl Pts',(-18.3662075086553,-0.02,-330.992071147649));
#4264=CARTESIAN_POINT('Ctrl Pts',(-16.5305792531549,-0.02,-329.666488891789));
#4265=CARTESIAN_POINT('Ctrl Pts',(-14.1701880562532,-0.02,-328.236736655417));
#4266=CARTESIAN_POINT('Ctrl Pts',(-11.4985973100443,-0.02,-326.820389584078));
#4267=CARTESIAN_POINT('Origin',(5.55111512312578E-16,0.,-327.));
#4268=CARTESIAN_POINT('',(8.14443189556638,0.,-318.880995806228));
#4269=CARTESIAN_POINT('',(11.4985065567045,0.,-327.185329343127));
#4270=CARTESIAN_POINT('Origin',(5.55111512312578E-16,0.,-327.));
#4271=CARTESIAN_POINT('',(8.14443189556638,-0.02,-318.880995806228));
#4272=CARTESIAN_POINT('',(8.14443189556638,0.,-318.880995806228));
#4273=CARTESIAN_POINT('',(11.4985065567045,-0.02,-327.185329343127));
#4274=CARTESIAN_POINT('Origin',(5.55111512312578E-16,-0.02,-327.));
#4275=CARTESIAN_POINT('',(11.4985065567045,0.,-327.185329343127));
#4276=CARTESIAN_POINT('Ctrl Pts',(8.14443189556638,0.,-318.880995806228));
#4277=CARTESIAN_POINT('Ctrl Pts',(8.14443189556638,-0.02,-318.880995806228));
#4278=CARTESIAN_POINT('Ctrl Pts',(9.40727879405445,0.,-318.51567508942));
#4279=CARTESIAN_POINT('Ctrl Pts',(9.40727879405445,-0.02,-318.51567508942));
#4280=CARTESIAN_POINT('Ctrl Pts',(10.6291487408527,0.,-318.193702722002));
#4281=CARTESIAN_POINT('Ctrl Pts',(10.6291487408527,-0.02,-318.193702722002));
#4282=CARTESIAN_POINT('Ctrl Pts',(11.7897797123921,0.,-317.921898035225));
#4283=CARTESIAN_POINT('Ctrl Pts',(11.7897797123921,-0.02,-317.921898035225));
#4284=CARTESIAN_POINT('Ctrl Pts',(15.20034362799,0.,-317.123188299279));
#4285=CARTESIAN_POINT('Ctrl Pts',(15.20034362799,-0.02,-317.123188299279));
#4286=CARTESIAN_POINT('Ctrl Pts',(18.0841674339156,0.,-316.756782927139));
#4287=CARTESIAN_POINT('Ctrl Pts',(18.0841674339156,-0.02,-316.756782927139));
#4288=CARTESIAN_POINT('Ctrl Pts',(20.0193396396118,0.,-316.851594116883));
#4289=CARTESIAN_POINT('Ctrl Pts',(20.0193396396118,-0.02,-316.851594116883));
#4290=CARTESIAN_POINT('Ctrl Pts',(21.2361359632163,0.,-316.911209435239));
#4291=CARTESIAN_POINT('Ctrl Pts',(21.2361359632163,-0.02,-316.911209435239));
#4292=CARTESIAN_POINT('Ctrl Pts',(22.0664424638927,0.,-317.170179036484));
#4293=CARTESIAN_POINT('Ctrl Pts',(22.0664424638927,-0.02,-317.170179036484));
#4294=CARTESIAN_POINT('Ctrl Pts',(22.4421910563357,0.,-317.47264802306));
#4295=CARTESIAN_POINT('Ctrl Pts',(22.4421910563357,-0.02,-317.47264802306));
#4296=CARTESIAN_POINT('Ctrl Pts',(22.7096451881605,0.,-317.687942456188));
#4297=CARTESIAN_POINT('Ctrl Pts',(22.7096451881605,-0.02,-317.687942456188));
#4298=CARTESIAN_POINT('Ctrl Pts',(22.7910671853695,0.,-317.875809222562));
#4299=CARTESIAN_POINT('Ctrl Pts',(22.7910671853695,-0.02,-317.875809222562));
#4300=CARTESIAN_POINT('Ctrl Pts',(22.7682705781049,0.,-318.198325060165));
#4301=CARTESIAN_POINT('Ctrl Pts',(22.7682705781049,-0.02,-318.198325060165));
#4302=CARTESIAN_POINT('Ctrl Pts',(22.7347503117675,0.,-318.67255425791));
#4303=CARTESIAN_POINT('Ctrl Pts',(22.7347503117675,-0.02,-318.67255425791));
#4304=CARTESIAN_POINT('Ctrl Pts',(22.3234664597646,0.,-319.463536439827));
#4305=CARTESIAN_POINT('Ctrl Pts',(22.3234664597646,-0.02,-319.463536439827));
#4306=CARTESIAN_POINT('Ctrl Pts',(21.4508731233656,0.,-320.393028224495));
#4307=CARTESIAN_POINT('Ctrl Pts',(21.4508731233656,-0.02,-320.393028224495));
#4308=CARTESIAN_POINT('Ctrl Pts',(19.7286566976755,0.,-322.227543745443));
#4309=CARTESIAN_POINT('Ctrl Pts',(19.7286566976755,-0.02,-322.227543745443));
#4310=CARTESIAN_POINT('Ctrl Pts',(16.2982237068403,0.,-324.609155658154));
#4311=CARTESIAN_POINT('Ctrl Pts',(16.2982237068403,-0.02,-324.609155658154));
#4312=CARTESIAN_POINT('Ctrl Pts',(11.9242802582664,0.,-326.958327316581));
#4313=CARTESIAN_POINT('Ctrl Pts',(11.9242802582664,-0.02,-326.958327316581));
#4314=CARTESIAN_POINT('Ctrl Pts',(11.7833041819707,0.,-327.03404320245));
#4315=CARTESIAN_POINT('Ctrl Pts',(11.7833041819707,-0.02,-327.03404320245));
#4316=CARTESIAN_POINT('Ctrl Pts',(11.6413670708424,0.,-327.109715719706));
#4317=CARTESIAN_POINT('Ctrl Pts',(11.6413670708424,-0.02,-327.109715719706));
#4318=CARTESIAN_POINT('Ctrl Pts',(11.4985065567045,0.,-327.185329343127));
#4319=CARTESIAN_POINT('Ctrl Pts',(11.4985065567045,-0.02,-327.185329343127));
#4320=CARTESIAN_POINT('Ctrl Pts',(11.4985065567045,0.,-327.185329343127));
#4321=CARTESIAN_POINT('Ctrl Pts',(11.6413670708424,0.,-327.109715719706));
#4322=CARTESIAN_POINT('Ctrl Pts',(11.7833041819707,0.,-327.03404320245));
#4323=CARTESIAN_POINT('Ctrl Pts',(11.9242802582664,0.,-326.958327316581));
#4324=CARTESIAN_POINT('Ctrl Pts',(16.2982237068403,0.,-324.609155658154));
#4325=CARTESIAN_POINT('Ctrl Pts',(19.7286566976755,0.,-322.227543745443));
#4326=CARTESIAN_POINT('Ctrl Pts',(21.4508731233656,0.,-320.393028224495));
#4327=CARTESIAN_POINT('Ctrl Pts',(22.3234664597646,0.,-319.463536439827));
#4328=CARTESIAN_POINT('Ctrl Pts',(22.7347503117675,0.,-318.67255425791));
#4329=CARTESIAN_POINT('Ctrl Pts',(22.7682705781049,0.,-318.198325060165));
#4330=CARTESIAN_POINT('Ctrl Pts',(22.7910671853695,0.,-317.875809222562));
#4331=CARTESIAN_POINT('Ctrl Pts',(22.7096451881605,0.,-317.687942456188));
#4332=CARTESIAN_POINT('Ctrl Pts',(22.4421910563357,0.,-317.47264802306));
#4333=CARTESIAN_POINT('Ctrl Pts',(22.0664424638927,0.,-317.170179036484));
#4334=CARTESIAN_POINT('Ctrl Pts',(21.2361359632163,0.,-316.911209435239));
#4335=CARTESIAN_POINT('Ctrl Pts',(20.0193396396118,0.,-316.851594116883));
#4336=CARTESIAN_POINT('Ctrl Pts',(18.0841674339156,0.,-316.756782927139));
#4337=CARTESIAN_POINT('Ctrl Pts',(15.20034362799,0.,-317.123188299279));
#4338=CARTESIAN_POINT('Ctrl Pts',(11.7897797123921,0.,-317.921898035225));
#4339=CARTESIAN_POINT('Ctrl Pts',(10.6291487408527,0.,-318.193702722002));
#4340=CARTESIAN_POINT('Ctrl Pts',(9.40727879405445,0.,-318.51567508942));
#4341=CARTESIAN_POINT('Ctrl Pts',(8.14443189556638,0.,-318.880995806228));
#4342=CARTESIAN_POINT('Ctrl Pts',(8.14443189556638,-0.02,-318.880995806228));
#4343=CARTESIAN_POINT('Ctrl Pts',(9.40727879405445,-0.02,-318.51567508942));
#4344=CARTESIAN_POINT('Ctrl Pts',(10.6291487408527,-0.02,-318.193702722002));
#4345=CARTESIAN_POINT('Ctrl Pts',(11.7897797123921,-0.02,-317.921898035225));
#4346=CARTESIAN_POINT('Ctrl Pts',(15.20034362799,-0.02,-317.123188299279));
#4347=CARTESIAN_POINT('Ctrl Pts',(18.0841674339156,-0.02,-316.756782927139));
#4348=CARTESIAN_POINT('Ctrl Pts',(20.0193396396118,-0.02,-316.851594116883));
#4349=CARTESIAN_POINT('Ctrl Pts',(21.2361359632163,-0.02,-316.911209435239));
#4350=CARTESIAN_POINT('Ctrl Pts',(22.0664424638927,-0.02,-317.170179036484));
#4351=CARTESIAN_POINT('Ctrl Pts',(22.4421910563357,-0.02,-317.47264802306));
#4352=CARTESIAN_POINT('Ctrl Pts',(22.7096451881605,-0.02,-317.687942456188));
#4353=CARTESIAN_POINT('Ctrl Pts',(22.7910671853695,-0.02,-317.875809222562));
#4354=CARTESIAN_POINT('Ctrl Pts',(22.7682705781049,-0.02,-318.198325060165));
#4355=CARTESIAN_POINT('Ctrl Pts',(22.7347503117675,-0.02,-318.67255425791));
#4356=CARTESIAN_POINT('Ctrl Pts',(22.3234664597646,-0.02,-319.463536439827));
#4357=CARTESIAN_POINT('Ctrl Pts',(21.4508731233656,-0.02,-320.393028224495));
#4358=CARTESIAN_POINT('Ctrl Pts',(19.7286566976755,-0.02,-322.227543745443));
#4359=CARTESIAN_POINT('Ctrl Pts',(16.2982237068403,-0.02,-324.609155658154));
#4360=CARTESIAN_POINT('Ctrl Pts',(11.9242802582664,-0.02,-326.958327316581));
#4361=CARTESIAN_POINT('Ctrl Pts',(11.7833041819707,-0.02,-327.03404320245));
#4362=CARTESIAN_POINT('Ctrl Pts',(11.6413670708424,-0.02,-327.109715719706));
#4363=CARTESIAN_POINT('Ctrl Pts',(11.4985065567045,-0.02,-327.185329343127));
#4364=CARTESIAN_POINT('Origin',(5.,0.,-327.));
#4365=CARTESIAN_POINT('',(5.48507125007267,0.,-326.878732187482));
#4366=CARTESIAN_POINT('',(4.54545454545457,0.,-327.208298895225));
#4367=CARTESIAN_POINT('Origin',(5.,0.,-327.));
#4368=CARTESIAN_POINT('',(5.48507125007267,-0.02,-326.878732187482));
#4369=CARTESIAN_POINT('',(5.48507125007267,0.,-326.878732187482));
#4370=CARTESIAN_POINT('',(4.54545454545457,-0.02,-327.208298895225));
#4371=CARTESIAN_POINT('Origin',(5.,-0.02,-327.));
#4372=CARTESIAN_POINT('',(4.54545454545457,0.,-327.208298895225));
#4373=CARTESIAN_POINT('Origin',(2.77555829392829E-16,0.,-329.291287847478));
#4374=CARTESIAN_POINT('',(-4.54545454545456,0.,-327.208298895225));
#4375=CARTESIAN_POINT('Origin',(2.77555829392829E-16,0.,-329.291287847478));
#4376=CARTESIAN_POINT('',(-4.54545454545456,-0.02,-327.208298895225));
#4377=CARTESIAN_POINT('Origin',(2.77555829392829E-16,-0.02,-329.291287847478));
#4378=CARTESIAN_POINT('',(-4.54545454545456,0.,-327.208298895225));
#4379=CARTESIAN_POINT('Origin',(-5.,0.,-327.));
#4380=CARTESIAN_POINT('',(-5.48507125007267,0.,-326.878732187482));
#4381=CARTESIAN_POINT('Origin',(-5.,0.,-327.));
#4382=CARTESIAN_POINT('',(-5.48507125007267,-0.02,-326.878732187482));
#4383=CARTESIAN_POINT('Origin',(-5.,-0.02,-327.));
#4384=CARTESIAN_POINT('',(-5.48507125007267,0.,-326.878732187482));
#4385=CARTESIAN_POINT('Origin',(-2.99979656599962,0.,-316.93763345119));
#4386=CARTESIAN_POINT('',(-2.99979656599961,0.,-316.93763345119));
#4387=CARTESIAN_POINT('',(-5.48507125007267,0.,-326.878732187482));
#4388=CARTESIAN_POINT('',(-2.99979656599961,-0.02,-316.93763345119));
#4389=CARTESIAN_POINT('',(-5.48507125007267,-0.02,-326.878732187482));
#4390=CARTESIAN_POINT('',(-2.99979656599961,0.,-316.93763345119));
#4391=CARTESIAN_POINT('Origin',(5.55111512312578E-16,0.,-327.));
#4392=CARTESIAN_POINT('',(-7.03611715145535,0.,-334.793783127018));
#4393=CARTESIAN_POINT('Origin',(5.55111512312578E-16,0.,-327.));
#4394=CARTESIAN_POINT('',(-7.03611715145535,-0.02,-334.793783127018));
#4395=CARTESIAN_POINT('Origin',(5.55111512312578E-16,-0.02,-327.));
#4396=CARTESIAN_POINT('',(-7.03611715145535,0.,-334.793783127018));
#4397=CARTESIAN_POINT('Ctrl Pts',(10.4754370283177,0.,-327.717787618833));
#4398=CARTESIAN_POINT('Ctrl Pts',(10.4754370283177,-0.02,-327.717787618833));
#4399=CARTESIAN_POINT('Ctrl Pts',(5.13843159780744,0.,-330.449907333907));
#4400=CARTESIAN_POINT('Ctrl Pts',(5.13843159780744,-0.02,-330.449907333907));
#4401=CARTESIAN_POINT('Ctrl Pts',(-1.29910114140926,0.,-333.05624947274));
#4402=CARTESIAN_POINT('Ctrl Pts',(-1.29910114140926,-0.02,-333.05624947274));
#4403=CARTESIAN_POINT('Ctrl Pts',(-7.03611715145535,0.,-334.793783127018));
#4404=CARTESIAN_POINT('Ctrl Pts',(-7.03611715145535,-0.02,-334.793783127018));
#4405=CARTESIAN_POINT('',(10.4754370283177,0.,-327.717787618833));
#4406=CARTESIAN_POINT('Ctrl Pts',(-7.03611715145535,0.,-334.793783127018));
#4407=CARTESIAN_POINT('Ctrl Pts',(-1.29910114140926,0.,-333.05624947274));
#4408=CARTESIAN_POINT('Ctrl Pts',(5.13843159780745,0.,-330.449907333907));
#4409=CARTESIAN_POINT('Ctrl Pts',(10.4754370283177,0.,-327.717787618833));
#4410=CARTESIAN_POINT('',(10.4754370283177,-0.02,-327.717787618833));
#4411=CARTESIAN_POINT('Ctrl Pts',(10.4754370283177,-0.02,-327.717787618833));
#4412=CARTESIAN_POINT('Ctrl Pts',(5.13843159780745,-0.02,-330.449907333907));
#4413=CARTESIAN_POINT('Ctrl Pts',(-1.29910114140926,-0.02,-333.05624947274));
#4414=CARTESIAN_POINT('Ctrl Pts',(-7.03611715145535,-0.02,-334.793783127018));
#4415=CARTESIAN_POINT('',(10.4754370283177,0.,-327.717787618833));
#4416=CARTESIAN_POINT('Origin',(5.55111512312578E-16,0.,-327.));
#4417=CARTESIAN_POINT('',(2.99979656599962,0.,-316.93763345119));
#4418=CARTESIAN_POINT('Origin',(5.55111512312578E-16,0.,-327.));
#4419=CARTESIAN_POINT('',(2.99979656599962,-0.02,-316.93763345119));
#4420=CARTESIAN_POINT('Origin',(5.55111512312578E-16,-0.02,-327.));
#4421=CARTESIAN_POINT('',(2.99979656599962,0.,-316.93763345119));
#4422=CARTESIAN_POINT('Origin',(5.48507125007267,0.,-326.878732187482));
#4423=CARTESIAN_POINT('',(5.48507125007267,0.,-326.878732187482));
#4424=CARTESIAN_POINT('',(5.48507125007267,-0.02,-326.878732187482));
#4425=CARTESIAN_POINT('Ctrl Pts',(11.4200732451119,0.,-328.353487006321));
#4426=CARTESIAN_POINT('Ctrl Pts',(11.4200732451119,-0.02,-328.353487006321));
#4427=CARTESIAN_POINT('Ctrl Pts',(12.3438807840019,0.,-327.873861851935));
#4428=CARTESIAN_POINT('Ctrl Pts',(12.3438807840019,-0.02,-327.873861851935));
#4429=CARTESIAN_POINT('Ctrl Pts',(13.2338789564359,0.,-327.39102403664));
#4430=CARTESIAN_POINT('Ctrl Pts',(13.2338789564359,-0.02,-327.39102403664));
#4431=CARTESIAN_POINT('Ctrl Pts',(14.0810002638361,0.,-326.908875530217));
#4432=CARTESIAN_POINT('Ctrl Pts',(14.0810002638361,-0.02,-326.908875530217));
#4433=CARTESIAN_POINT('Ctrl Pts',(17.831027116516,0.,-324.774506071826));
#4434=CARTESIAN_POINT('Ctrl Pts',(17.831027116516,-0.02,-324.774506071826));
#4435=CARTESIAN_POINT('Ctrl Pts',(20.7303135106302,0.,-322.683747771528));
#4436=CARTESIAN_POINT('Ctrl Pts',(20.7303135106302,-0.02,-322.683747771528));
#4437=CARTESIAN_POINT('Ctrl Pts',(22.3319732673105,0.,-320.912509347862));
#4438=CARTESIAN_POINT('Ctrl Pts',(22.3319732673105,-0.02,-320.912509347862));
#4439=CARTESIAN_POINT('Ctrl Pts',(23.2581203099851,0.,-319.88830478687));
#4440=CARTESIAN_POINT('Ctrl Pts',(23.2581203099851,-0.02,-319.88830478687));
#4441=CARTESIAN_POINT('Ctrl Pts',(23.7992877108398,0.,-318.962654791158));
#4442=CARTESIAN_POINT('Ctrl Pts',(23.7992877108398,-0.02,-318.962654791158));
#4443=CARTESIAN_POINT('Ctrl Pts',(23.7699485932991,0.,-318.059060751118));
#4444=CARTESIAN_POINT('Ctrl Pts',(23.7699485932991,-0.02,-318.059060751118));
#4445=CARTESIAN_POINT('Ctrl Pts',(23.7507497295634,0.,-317.467768977493));
#4446=CARTESIAN_POINT('Ctrl Pts',(23.7507497295634,-0.02,-317.467768977493));
#4447=CARTESIAN_POINT('Ctrl Pts',(23.4249932735711,0.,-316.928049119378));
#4448=CARTESIAN_POINT('Ctrl Pts',(23.4249932735711,-0.02,-316.928049119378));
#4449=CARTESIAN_POINT('Ctrl Pts',(22.918486181432,0.,-316.58190868162));
#4450=CARTESIAN_POINT('Ctrl Pts',(22.918486181432,-0.02,-316.58190868162));
#4451=CARTESIAN_POINT('Ctrl Pts',(22.1973282657363,0.,-316.089078629474));
#4452=CARTESIAN_POINT('Ctrl Pts',(22.1973282657363,-0.02,-316.089078629474));
#4453=CARTESIAN_POINT('Ctrl Pts',(21.1477939427902,0.,-315.879316559024));
#4454=CARTESIAN_POINT('Ctrl Pts',(21.1477939427902,-0.02,-315.879316559024));
#4455=CARTESIAN_POINT('Ctrl Pts',(19.7825006364265,0.,-315.841935479621));
#4456=CARTESIAN_POINT('Ctrl Pts',(19.7825006364265,-0.02,-315.841935479621));
#4457=CARTESIAN_POINT('Ctrl Pts',(17.5944465307678,0.,-315.782027602037));
#4458=CARTESIAN_POINT('Ctrl Pts',(17.5944465307678,-0.02,-315.782027602037));
#4459=CARTESIAN_POINT('Ctrl Pts',(14.5651624958874,0.,-316.216389102716));
#4460=CARTESIAN_POINT('Ctrl Pts',(14.5651624958874,-0.02,-316.216389102716));
#4461=CARTESIAN_POINT('Ctrl Pts',(11.0288609434322,0.,-317.075379772139));
#4462=CARTESIAN_POINT('Ctrl Pts',(11.0288609434322,-0.02,-317.075379772139));
#4463=CARTESIAN_POINT('Ctrl Pts',(9.82774873397356,0.,-317.367137747399));
#4464=CARTESIAN_POINT('Ctrl Pts',(9.82774873397356,-0.02,-317.367137747399));
#4465=CARTESIAN_POINT('Ctrl Pts',(8.56951316612287,0.,-317.708619688111));
#4466=CARTESIAN_POINT('Ctrl Pts',(8.56951316612287,-0.02,-317.708619688111));
#4467=CARTESIAN_POINT('Ctrl Pts',(7.27422211811113,0.,-318.092941418381));
#4468=CARTESIAN_POINT('Ctrl Pts',(7.27422211811113,-0.02,-318.092941418381));
#4469=CARTESIAN_POINT('',(7.27422211811113,0.,-318.092941418381));
#4470=CARTESIAN_POINT('',(11.4200732451119,0.,-328.353487006321));
#4471=CARTESIAN_POINT('Ctrl Pts',(7.27422211811113,0.,-318.092941418381));
#4472=CARTESIAN_POINT('Ctrl Pts',(8.56951316612287,0.,-317.708619688111));
#4473=CARTESIAN_POINT('Ctrl Pts',(9.82774873397357,0.,-317.367137747399));
#4474=CARTESIAN_POINT('Ctrl Pts',(11.0288609434322,0.,-317.075379772139));
#4475=CARTESIAN_POINT('Ctrl Pts',(14.5651624958874,0.,-316.216389102716));
#4476=CARTESIAN_POINT('Ctrl Pts',(17.5944465307678,0.,-315.782027602037));
#4477=CARTESIAN_POINT('Ctrl Pts',(19.7825006364265,0.,-315.841935479621));
#4478=CARTESIAN_POINT('Ctrl Pts',(21.1477939427902,0.,-315.879316559024));
#4479=CARTESIAN_POINT('Ctrl Pts',(22.1973282657363,0.,-316.089078629474));
#4480=CARTESIAN_POINT('Ctrl Pts',(22.918486181432,0.,-316.58190868162));
#4481=CARTESIAN_POINT('Ctrl Pts',(23.4249932735711,0.,-316.928049119378));
#4482=CARTESIAN_POINT('Ctrl Pts',(23.7507497295634,0.,-317.467768977493));
#4483=CARTESIAN_POINT('Ctrl Pts',(23.7699485932991,0.,-318.059060751118));
#4484=CARTESIAN_POINT('Ctrl Pts',(23.7992877108398,0.,-318.962654791158));
#4485=CARTESIAN_POINT('Ctrl Pts',(23.2581203099851,0.,-319.88830478687));
#4486=CARTESIAN_POINT('Ctrl Pts',(22.3319732673105,0.,-320.912509347862));
#4487=CARTESIAN_POINT('Ctrl Pts',(20.7303135106302,0.,-322.683747771528));
#4488=CARTESIAN_POINT('Ctrl Pts',(17.831027116516,0.,-324.774506071826));
#4489=CARTESIAN_POINT('Ctrl Pts',(14.0810002638361,0.,-326.908875530217));
#4490=CARTESIAN_POINT('Ctrl Pts',(13.2338789564359,0.,-327.39102403664));
#4491=CARTESIAN_POINT('Ctrl Pts',(12.3438807840019,0.,-327.873861851935));
#4492=CARTESIAN_POINT('Ctrl Pts',(11.4200732451119,0.,-328.353487006321));
#4493=CARTESIAN_POINT('',(7.27422211811113,-0.02,-318.092941418381));
#4494=CARTESIAN_POINT('',(7.27422211811113,0.,-318.092941418381));
#4495=CARTESIAN_POINT('',(11.4200732451119,-0.02,-328.353487006321));
#4496=CARTESIAN_POINT('Ctrl Pts',(11.4200732451119,-0.02,-328.353487006321));
#4497=CARTESIAN_POINT('Ctrl Pts',(12.3438807840019,-0.02,-327.873861851935));
#4498=CARTESIAN_POINT('Ctrl Pts',(13.2338789564359,-0.02,-327.39102403664));
#4499=CARTESIAN_POINT('Ctrl Pts',(14.0810002638361,-0.02,-326.908875530217));
#4500=CARTESIAN_POINT('Ctrl Pts',(17.831027116516,-0.02,-324.774506071826));
#4501=CARTESIAN_POINT('Ctrl Pts',(20.7303135106302,-0.02,-322.683747771528));
#4502=CARTESIAN_POINT('Ctrl Pts',(22.3319732673105,-0.02,-320.912509347862));
#4503=CARTESIAN_POINT('Ctrl Pts',(23.2581203099851,-0.02,-319.88830478687));
#4504=CARTESIAN_POINT('Ctrl Pts',(23.7992877108398,-0.02,-318.962654791158));
#4505=CARTESIAN_POINT('Ctrl Pts',(23.7699485932991,-0.02,-318.059060751118));
#4506=CARTESIAN_POINT('Ctrl Pts',(23.7507497295634,-0.02,-317.467768977493));
#4507=CARTESIAN_POINT('Ctrl Pts',(23.4249932735711,-0.02,-316.928049119378));
#4508=CARTESIAN_POINT('Ctrl Pts',(22.918486181432,-0.02,-316.58190868162));
#4509=CARTESIAN_POINT('Ctrl Pts',(22.1973282657363,-0.02,-316.089078629474));
#4510=CARTESIAN_POINT('Ctrl Pts',(21.1477939427902,-0.02,-315.879316559024));
#4511=CARTESIAN_POINT('Ctrl Pts',(19.7825006364265,-0.02,-315.841935479621));
#4512=CARTESIAN_POINT('Ctrl Pts',(17.5944465307678,-0.02,-315.782027602037));
#4513=CARTESIAN_POINT('Ctrl Pts',(14.5651624958874,-0.02,-316.216389102716));
#4514=CARTESIAN_POINT('Ctrl Pts',(11.0288609434322,-0.02,-317.075379772139));
#4515=CARTESIAN_POINT('Ctrl Pts',(9.82774873397357,-0.02,-317.367137747399));
#4516=CARTESIAN_POINT('Ctrl Pts',(8.56951316612287,-0.02,-317.708619688111));
#4517=CARTESIAN_POINT('Ctrl Pts',(7.27422211811113,-0.02,-318.092941418381));
#4518=CARTESIAN_POINT('',(11.4200732451119,0.,-328.353487006321));
#4519=CARTESIAN_POINT('Origin',(5.55111512312578E-16,0.,-327.));
#4520=CARTESIAN_POINT('',(-7.27280151382802,0.,-335.908218572782));
#4521=CARTESIAN_POINT('Origin',(5.55111512312578E-16,0.,-327.));
#4522=CARTESIAN_POINT('',(-7.27280151382802,-0.02,-335.908218572782));
#4523=CARTESIAN_POINT('Origin',(5.55111512312578E-16,-0.02,-327.));
#4524=CARTESIAN_POINT('',(-7.27280151382802,0.,-335.908218572782));
#4525=CARTESIAN_POINT('Ctrl Pts',(-23.6431882914531,0.,-336.552468132106));
#4526=CARTESIAN_POINT('Ctrl Pts',(-23.6431882914531,-0.02,-336.552468132106));
#4527=CARTESIAN_POINT('Ctrl Pts',(-23.408715487512,0.,-337.132808686624));
#4528=CARTESIAN_POINT('Ctrl Pts',(-23.408715487512,-0.02,-337.132808686624));
#4529=CARTESIAN_POINT('Ctrl Pts',(-22.8713109998504,0.,-337.5363481266));
#4530=CARTESIAN_POINT('Ctrl Pts',(-22.8713109998504,-0.02,-337.5363481266));
#4531=CARTESIAN_POINT('Ctrl Pts',(-22.1826117458168,0.,-337.783765167136));
#4532=CARTESIAN_POINT('Ctrl Pts',(-22.1826117458168,-0.02,-337.783765167136));
#4533=CARTESIAN_POINT('Ctrl Pts',(-21.1124591726662,0.,-338.168220328107));
#4534=CARTESIAN_POINT('Ctrl Pts',(-21.1124591726662,-0.02,-338.168220328107));
#4535=CARTESIAN_POINT('Ctrl Pts',(-19.5982395918549,0.,-338.247894005018));
#4536=CARTESIAN_POINT('Ctrl Pts',(-19.5982395918549,-0.02,-338.247894005018));
#4537=CARTESIAN_POINT('Ctrl Pts',(-17.6724750675271,0.,-338.087232819039));
#4538=CARTESIAN_POINT('Ctrl Pts',(-17.6724750675271,-0.02,-338.087232819039));
#4539=CARTESIAN_POINT('Ctrl Pts',(-14.8978984063198,0.,-337.855757593825));
#4540=CARTESIAN_POINT('Ctrl Pts',(-14.8978984063198,-0.02,-337.855757593825));
#4541=CARTESIAN_POINT('Ctrl Pts',(-11.2677280224483,0.,-337.08985357909));
#4542=CARTESIAN_POINT('Ctrl Pts',(-11.2677280224483,-0.02,-337.08985357909));
#4543=CARTESIAN_POINT('Ctrl Pts',(-7.27280151383045,0.,-335.908218572783));
#4544=CARTESIAN_POINT('Ctrl Pts',(-7.27280151383045,-0.02,-335.908218572783));
#4545=CARTESIAN_POINT('',(-23.6431882914531,0.,-336.552468132106));
#4546=CARTESIAN_POINT('Ctrl Pts',(-7.27280151382802,0.,-335.908218572782));
#4547=CARTESIAN_POINT('Ctrl Pts',(-11.2677280224468,0.,-337.08985357909));
#4548=CARTESIAN_POINT('Ctrl Pts',(-14.8978984063192,0.,-337.855757593825));
#4549=CARTESIAN_POINT('Ctrl Pts',(-17.6724750675271,0.,-338.087232819039));
#4550=CARTESIAN_POINT('Ctrl Pts',(-19.5982395918549,0.,-338.247894005018));
#4551=CARTESIAN_POINT('Ctrl Pts',(-21.1124591726662,0.,-338.168220328107));
#4552=CARTESIAN_POINT('Ctrl Pts',(-22.1826117458168,0.,-337.783765167136));
#4553=CARTESIAN_POINT('Ctrl Pts',(-22.8713109998504,0.,-337.5363481266));
#4554=CARTESIAN_POINT('Ctrl Pts',(-23.408715487512,0.,-337.132808686624));
#4555=CARTESIAN_POINT('Ctrl Pts',(-23.6431882914531,0.,-336.552468132106));
#4556=CARTESIAN_POINT('',(-23.6431882914531,-0.02,-336.552468132106));
#4557=CARTESIAN_POINT('Ctrl Pts',(-23.6431882914531,-0.02,-336.552468132106));
#4558=CARTESIAN_POINT('Ctrl Pts',(-23.408715487512,-0.02,-337.132808686624));
#4559=CARTESIAN_POINT('Ctrl Pts',(-22.8713109998504,-0.02,-337.5363481266));
#4560=CARTESIAN_POINT('Ctrl Pts',(-22.1826117458168,-0.02,-337.783765167136));
#4561=CARTESIAN_POINT('Ctrl Pts',(-21.1124591726662,-0.02,-338.168220328107));
#4562=CARTESIAN_POINT('Ctrl Pts',(-19.5982395918549,-0.02,-338.247894005018));
#4563=CARTESIAN_POINT('Ctrl Pts',(-17.6724750675271,-0.02,-338.087232819039));
#4564=CARTESIAN_POINT('Ctrl Pts',(-14.8978984063198,-0.02,-337.855757593825));
#4565=CARTESIAN_POINT('Ctrl Pts',(-11.2677280224483,-0.02,-337.08985357909));
#4566=CARTESIAN_POINT('Ctrl Pts',(-7.27280151383045,-0.02,-335.908218572783));
#4567=CARTESIAN_POINT('',(-23.6431882914531,0.,-336.552468132106));
#4568=CARTESIAN_POINT('Ctrl Pts',(-11.4202627761172,0.,-325.648113124394));
#4569=CARTESIAN_POINT('Ctrl Pts',(-11.4202627761172,-0.02,-325.648113124394));
#4570=CARTESIAN_POINT('Ctrl Pts',(-14.1823243131194,0.,-327.087338201868));
#4571=CARTESIAN_POINT('Ctrl Pts',(-14.1823243131194,-0.02,-327.087338201868));
#4572=CARTESIAN_POINT('Ctrl Pts',(-16.6486256199388,0.,-328.553651255269));
#4573=CARTESIAN_POINT('Ctrl Pts',(-16.6486256199388,-0.02,-328.553651255269));
#4574=CARTESIAN_POINT('Ctrl Pts',(-18.6068054062317,0.,-329.935236880972));
#4575=CARTESIAN_POINT('Ctrl Pts',(-18.6068054062317,-0.02,-329.935236880972));
#4576=CARTESIAN_POINT('Ctrl Pts',(-21.0224806758518,0.,-331.63960654725));
#4577=CARTESIAN_POINT('Ctrl Pts',(-21.0224806758518,-0.02,-331.63960654725));
#4578=CARTESIAN_POINT('Ctrl Pts',(-22.6764524396683,0.,-333.184905976549));
#4579=CARTESIAN_POINT('Ctrl Pts',(-22.6764524396683,-0.02,-333.184905976549));
#4580=CARTESIAN_POINT('Ctrl Pts',(-23.3936940966525,0.,-334.545929960137));
#4581=CARTESIAN_POINT('Ctrl Pts',(-23.3936940966525,-0.02,-334.545929960137));
#4582=CARTESIAN_POINT('Ctrl Pts',(-23.7598895369569,0.,-335.24081538973));
#4583=CARTESIAN_POINT('Ctrl Pts',(-23.7598895369569,-0.02,-335.24081538973));
#4584=CARTESIAN_POINT('Ctrl Pts',(-23.8902799348651,0.,-335.940894853908));
#4585=CARTESIAN_POINT('Ctrl Pts',(-23.8902799348651,-0.02,-335.940894853908));
#4586=CARTESIAN_POINT('Ctrl Pts',(-23.6431882914531,0.,-336.552468132106));
#4587=CARTESIAN_POINT('Ctrl Pts',(-23.6431882914531,-0.02,-336.552468132106));
#4588=CARTESIAN_POINT('',(-11.420262776117,0.,-325.648113124394));
#4589=CARTESIAN_POINT('Ctrl Pts',(-23.6431882914531,0.,-336.552468132106));
#4590=CARTESIAN_POINT('Ctrl Pts',(-23.8902799348651,0.,-335.940894853908));
#4591=CARTESIAN_POINT('Ctrl Pts',(-23.7598895369569,0.,-335.24081538973));
#4592=CARTESIAN_POINT('Ctrl Pts',(-23.3936940966525,0.,-334.545929960137));
#4593=CARTESIAN_POINT('Ctrl Pts',(-22.6764524396683,0.,-333.184905976549));
#4594=CARTESIAN_POINT('Ctrl Pts',(-21.0224806758518,0.,-331.63960654725));
#4595=CARTESIAN_POINT('Ctrl Pts',(-18.6068054062317,0.,-329.935236880972));
#4596=CARTESIAN_POINT('Ctrl Pts',(-16.6486256199387,0.,-328.553651255269));
#4597=CARTESIAN_POINT('Ctrl Pts',(-14.1823243131194,0.,-327.087338201868));
#4598=CARTESIAN_POINT('Ctrl Pts',(-11.420262776117,0.,-325.648113124394));
#4599=CARTESIAN_POINT('',(-11.420262776117,-0.02,-325.648113124394));
#4600=CARTESIAN_POINT('Ctrl Pts',(-11.4202627761172,-0.02,-325.648113124394));
#4601=CARTESIAN_POINT('Ctrl Pts',(-14.1823243131194,-0.02,-327.087338201868));
#4602=CARTESIAN_POINT('Ctrl Pts',(-16.6486256199388,-0.02,-328.553651255269));
#4603=CARTESIAN_POINT('Ctrl Pts',(-18.6068054062317,-0.02,-329.935236880972));
#4604=CARTESIAN_POINT('Ctrl Pts',(-21.0224806758518,-0.02,-331.63960654725));
#4605=CARTESIAN_POINT('Ctrl Pts',(-22.6764524396683,-0.02,-333.184905976549));
#4606=CARTESIAN_POINT('Ctrl Pts',(-23.3936940966525,-0.02,-334.545929960137));
#4607=CARTESIAN_POINT('Ctrl Pts',(-23.7598895369569,-0.02,-335.24081538973));
#4608=CARTESIAN_POINT('Ctrl Pts',(-23.8902799348651,-0.02,-335.940894853908));
#4609=CARTESIAN_POINT('Ctrl Pts',(-23.6431882914531,-0.02,-336.552468132106));
#4610=CARTESIAN_POINT('',(-11.420262776117,0.,-325.648113124394));
#4611=CARTESIAN_POINT('Origin',(5.55111512312578E-16,0.,-327.));
#4612=CARTESIAN_POINT('',(-2.7220901381953,0.,-315.826807739972));
#4613=CARTESIAN_POINT('Origin',(5.55111512312578E-16,0.,-327.));
#4614=CARTESIAN_POINT('',(-2.7220901381953,-0.02,-315.826807739972));
#4615=CARTESIAN_POINT('Origin',(5.55111512312578E-16,-0.02,-327.));
#4616=CARTESIAN_POINT('',(-2.7220901381953,0.,-315.826807739972));
#4617=CARTESIAN_POINT('Origin',(1.55431223447522E-14,0.,-304.938447187191));
#4618=CARTESIAN_POINT('',(1.55431223447522E-14,0.,-304.938447187191));
#4619=CARTESIAN_POINT('',(-5.48507125007267,0.,-326.878732187482));
#4620=CARTESIAN_POINT('',(1.55431223447522E-14,-0.02,-304.938447187191));
#4621=CARTESIAN_POINT('',(-5.48507125007267,-0.02,-326.878732187482));
#4622=CARTESIAN_POINT('',(1.55431223447522E-14,0.,-304.938447187191));
#4623=CARTESIAN_POINT('Origin',(2.72209013819532,0.,-315.826807739972));
#4624=CARTESIAN_POINT('',(2.72209013819533,0.,-315.826807739972));
#4625=CARTESIAN_POINT('',(5.48507125007267,0.,-326.878732187482));
#4626=CARTESIAN_POINT('',(2.72209013819533,-0.02,-315.826807739972));
#4627=CARTESIAN_POINT('',(5.48507125007267,-0.02,-326.878732187482));
#4628=CARTESIAN_POINT('',(2.72209013819533,0.,-315.826807739972));
#4629=CARTESIAN_POINT('Origin',(5.55111512312578E-16,0.,-327.));
#4630=CARTESIAN_POINT('Origin',(5.55111512312578E-16,0.,-327.));
#4631=CARTESIAN_POINT('Origin',(5.55111512312578E-16,-0.02,-327.));
#4632=CARTESIAN_POINT('Origin',(-0.045496112012664,0.,-321.719223593596));
#4633=CARTESIAN_POINT('Origin',(-0.045496112012664,-0.02,-321.719223593596));
#4634=UNCERTAINTY_MEASURE_WITH_UNIT(LENGTH_MEASURE(0.01),#4638,
'DISTANCE_ACCURACY_VALUE',
'Maximum model space distance between geometric entities at asserted c
onnectivities');
#4635=UNCERTAINTY_MEASURE_WITH_UNIT(LENGTH_MEASURE(0.01),#4638,
'DISTANCE_ACCURACY_VALUE',
'Maximum model space distance between geometric entities at asserted c
onnectivities');
#4636=(
GEOMETRIC_REPRESENTATION_CONTEXT(3)
GLOBAL_UNCERTAINTY_ASSIGNED_CONTEXT((#4634))
GLOBAL_UNIT_ASSIGNED_CONTEXT((#4638,#4640,#4641))
REPRESENTATION_CONTEXT('','3D')
);
#4637=(
GEOMETRIC_REPRESENTATION_CONTEXT(3)
GLOBAL_UNCERTAINTY_ASSIGNED_CONTEXT((#4635))
GLOBAL_UNIT_ASSIGNED_CONTEXT((#4638,#4640,#4641))
REPRESENTATION_CONTEXT('','3D')
);
#4638=(
LENGTH_UNIT()
NAMED_UNIT(*)
SI_UNIT(.MILLI.,.METRE.)
);
#4639=(
LENGTH_UNIT()
NAMED_UNIT(*)
SI_UNIT($,.METRE.)
);
#4640=(
NAMED_UNIT(*)
PLANE_ANGLE_UNIT()
SI_UNIT($,.RADIAN.)
);
#4641=(
NAMED_UNIT(*)
SI_UNIT($,.STERADIAN.)
SOLID_ANGLE_UNIT()
);
#4642=SHAPE_DEFINITION_REPRESENTATION(#4643,#4644);
#4643=PRODUCT_DEFINITION_SHAPE('',$,#4646);
#4644=SHAPE_REPRESENTATION('',(#2578),#4636);
#4645=PRODUCT_DEFINITION_CONTEXT('part definition',#4650,'design');
#4646=PRODUCT_DEFINITION('Front Plate','Front Plate',#4647,#4645);
#4647=PRODUCT_DEFINITION_FORMATION('',$,#4652);
#4648=PRODUCT_RELATED_PRODUCT_CATEGORY('Front Plate','Front Plate',(#4652));
#4649=APPLICATION_PROTOCOL_DEFINITION('international standard',
'automotive_design',2009,#4650);
#4650=APPLICATION_CONTEXT(
'Core Data for Automotive Mechanical Design Process');
#4651=PRODUCT_CONTEXT('part definition',#4650,'mechanical');
#4652=PRODUCT('Front Plate','Front Plate',$,(#4651));
#4653=PRESENTATION_STYLE_ASSIGNMENT((#4658));
#4654=PRESENTATION_STYLE_ASSIGNMENT((#4659));
#4655=PRESENTATION_STYLE_ASSIGNMENT((#4660));
#4656=PRESENTATION_STYLE_ASSIGNMENT((#4661));
#4657=PRESENTATION_STYLE_ASSIGNMENT((#4662));
#4658=SURFACE_STYLE_USAGE(.BOTH.,#4663);
#4659=SURFACE_STYLE_USAGE(.BOTH.,#4664);
#4660=SURFACE_STYLE_USAGE(.BOTH.,#4665);
#4661=SURFACE_STYLE_USAGE(.BOTH.,#4666);
#4662=SURFACE_STYLE_USAGE(.BOTH.,#4667);
#4663=SURFACE_SIDE_STYLE('',(#4668));
#4664=SURFACE_SIDE_STYLE('',(#4669));
#4665=SURFACE_SIDE_STYLE('',(#4670));
#4666=SURFACE_SIDE_STYLE('',(#4671));
#4667=SURFACE_SIDE_STYLE('',(#4672));
#4668=SURFACE_STYLE_FILL_AREA(#4673);
#4669=SURFACE_STYLE_FILL_AREA(#4674);
#4670=SURFACE_STYLE_FILL_AREA(#4675);
#4671=SURFACE_STYLE_FILL_AREA(#4676);
#4672=SURFACE_STYLE_FILL_AREA(#4677);
#4673=FILL_AREA_STYLE('Steel - Satin',(#4678));
#4674=FILL_AREA_STYLE('Aluminum - Satin',(#4679));
#4675=FILL_AREA_STYLE('Plastic - Matte (Black) (1)',(#4680));
#4676=FILL_AREA_STYLE('Plastic - Matte (Black)',(#4681));
#4677=FILL_AREA_STYLE('Plastic - Glossy (White)',(#4682));
#4678=FILL_AREA_STYLE_COLOUR('Steel - Satin',#4683);
#4679=FILL_AREA_STYLE_COLOUR('Aluminum - Satin',#4684);
#4680=FILL_AREA_STYLE_COLOUR('Plastic - Matte (Black) (1)',#4685);
#4681=FILL_AREA_STYLE_COLOUR('Plastic - Matte (Black)',#4686);
#4682=FILL_AREA_STYLE_COLOUR('Plastic - Glossy (White)',#4687);
#4683=COLOUR_RGB('Steel - Satin',0.627450980392157,0.627450980392157,0.627450980392157);
#4684=COLOUR_RGB('Aluminum - Satin',0.96078431372549,0.96078431372549,0.964705882352941);
#4685=COLOUR_RGB('Plastic - Matte (Black) (1)',0.47843137254902,0.474509803921569,
0.474509803921569);
#4686=COLOUR_RGB('Plastic - Matte (Black)',0.0980392156862745,0.0980392156862745,
0.0980392156862745);
#4687=COLOUR_RGB('Plastic - Glossy (White)',1.,1.,1.);
ENDSEC;
END-ISO-10303-21;
