ISO-10303-21;
HEADER;
/* Generated by software containing ST-Developer
 * from STEP Tools, Inc. (www.steptools.com) 
 */

FILE_DESCRIPTION(
/* description */ (''),
/* implementation_level */ '2;1');

FILE_NAME(
/* name */ 
'C:/Users/anton/Documents/Kerbal Space Program/Kerbal_Control_Panel/KC
P2/CAD/STEPs/ModuleG_v2.step',
/* time_stamp */ '2020-11-12T07:54:59-08:00',
/* author */ (''),
/* organization */ (''),
/* preprocessor_version */ 'ST-DEVELOPER v18.1',
/* originating_system */ 'Autodesk Translation Framework v9.3.0.1241',
/* authorisation */ '');

FILE_SCHEMA (('AUTOMOTIVE_DESIGN { 1 0 10303 214 3 1 1 }'));
ENDSEC;

DATA;
#10=MECHANICAL_DESIGN_GEOMETRIC_PRESENTATION_REPRESENTATION('',(#254,#255,
#256,#257,#258,#259,#260,#261,#262,#263,#264,#265,#266,#267),#10272);
#11=SHAPE_REPRESENTATION_RELATIONSHIP('SRR','None',#10279,#12);
#12=ADVANCED_BREP_SHAPE_REPRESENTATION('',(#250,#251,#252,#253),#10271);
#13=B_SPLINE_SURFACE_WITH_KNOTS('',3,1,((#7584,#7585),(#7586,#7587),(#7588,
#7589),(#7590,#7591),(#7592,#7593)),.UNSPECIFIED.,.F.,.F.,.F.,(4,1,4),(2,
2),(-0.106308574004909,-0.0491495117990974,0.),(0.,0.002),.UNSPECIFIED.);
#14=B_SPLINE_SURFACE_WITH_KNOTS('',3,1,((#7603,#7604),(#7605,#7606),(#7607,
#7608),(#7609,#7610),(#7611,#7612)),.UNSPECIFIED.,.F.,.F.,.F.,(4,1,4),(2,
2),(-0.161681962538838,-0.0842325979911912,0.),(0.,0.002),.UNSPECIFIED.);
#15=B_SPLINE_SURFACE_WITH_KNOTS('',3,1,((#7620,#7621),(#7622,#7623),(#7624,
#7625),(#7626,#7627),(#7628,#7629)),.UNSPECIFIED.,.F.,.F.,.F.,(4,1,4),(2,
2),(-0.187285653579466,-0.0908266301386133,0.),(0.,0.002),.UNSPECIFIED.);
#16=B_SPLINE_SURFACE_WITH_KNOTS('',3,1,((#7637,#7638),(#7639,#7640),(#7641,
#7642),(#7643,#7644),(#7645,#7646)),.UNSPECIFIED.,.F.,.F.,.F.,(4,1,4),(2,
2),(-0.208112691797754,-0.112053355831657,0.),(0.,0.002),.UNSPECIFIED.);
#17=B_SPLINE_SURFACE_WITH_KNOTS('',3,1,((#7654,#7655),(#7656,#7657),(#7658,
#7659),(#7660,#7661),(#7662,#7663)),.UNSPECIFIED.,.F.,.F.,.F.,(4,1,4),(2,
2),(-0.200526783020998,-0.0937994137850697,0.),(0.,0.002),.UNSPECIFIED.);
#18=B_SPLINE_SURFACE_WITH_KNOTS('',3,1,((#7671,#7672),(#7673,#7674),(#7675,
#7676),(#7677,#7678),(#7679,#7680)),.UNSPECIFIED.,.F.,.F.,.F.,(4,1,4),(2,
2),(-0.1813625271647,-0.0923040144202597,0.),(0.,0.002),.UNSPECIFIED.);
#19=B_SPLINE_SURFACE_WITH_KNOTS('',3,1,((#7688,#7689),(#7690,#7691),(#7692,
#7693),(#7694,#7695),(#7696,#7697)),.UNSPECIFIED.,.F.,.F.,.F.,(4,1,4),(2,
2),(-0.140570812200083,-0.0664454449533785,0.),(0.,0.002),.UNSPECIFIED.);
#20=B_SPLINE_SURFACE_WITH_KNOTS('',3,1,((#7705,#7706),(#7707,#7708),(#7709,
#7710),(#7711,#7712),(#7713,#7714)),.UNSPECIFIED.,.F.,.F.,.F.,(4,1,4),(2,
2),(-0.144759351229863,-0.077366170955897,0.),(0.,0.002),.UNSPECIFIED.);
#21=B_SPLINE_SURFACE_WITH_KNOTS('',3,1,((#7730,#7731),(#7732,#7733),(#7734,
#7735),(#7736,#7737),(#7738,#7739)),.UNSPECIFIED.,.F.,.F.,.F.,(4,1,4),(2,
2),(-0.0727608054662001,-0.0373833905342769,0.),(0.,0.002),
 .UNSPECIFIED.);
#22=B_SPLINE_SURFACE_WITH_KNOTS('',3,1,((#7747,#7748),(#7749,#7750),(#7751,
#7752),(#7753,#7754),(#7755,#7756)),.UNSPECIFIED.,.F.,.F.,.F.,(4,1,4),(2,
2),(-0.0730856068630485,-0.0354439865699334,0.),(0.,0.002),
 .UNSPECIFIED.);
#23=B_SPLINE_SURFACE_WITH_KNOTS('',3,1,((#7764,#7765),(#7766,#7767),(#7768,
#7769),(#7770,#7771),(#7772,#7773)),.UNSPECIFIED.,.F.,.F.,.F.,(4,1,4),(2,
2),(-0.101174902701041,-0.0513285210864446,0.),(0.,0.002),.UNSPECIFIED.);
#24=B_SPLINE_SURFACE_WITH_KNOTS('',3,1,((#7781,#7782),(#7783,#7784),(#7785,
#7786),(#7787,#7788),(#7789,#7790)),.UNSPECIFIED.,.F.,.F.,.F.,(4,1,4),(2,
2),(-0.135841416619419,-0.0583613424243573,0.),(0.,0.002),.UNSPECIFIED.);
#25=B_SPLINE_SURFACE_WITH_KNOTS('',3,1,((#7798,#7799),(#7800,#7801),(#7802,
#7803),(#7804,#7805),(#7806,#7807)),.UNSPECIFIED.,.F.,.F.,.F.,(4,1,4),(2,
2),(-0.141270923627382,-0.0816198343817509,0.),(0.,0.002),.UNSPECIFIED.);
#26=B_SPLINE_SURFACE_WITH_KNOTS('',3,1,((#7815,#7816),(#7817,#7818),(#7819,
#7820),(#7821,#7822),(#7823,#7824)),.UNSPECIFIED.,.F.,.F.,.F.,(4,1,4),(2,
2),(-0.0999596374598164,-0.0494923159927761,0.),(0.,0.002),
 .UNSPECIFIED.);
#27=B_SPLINE_SURFACE_WITH_KNOTS('',3,1,((#7832,#7833),(#7834,#7835),(#7836,
#7837),(#7838,#7839),(#7840,#7841)),.UNSPECIFIED.,.F.,.F.,.F.,(4,1,4),(2,
2),(-0.0751167096575759,-0.0379742849459392,0.),(0.,0.002),
 .UNSPECIFIED.);
#28=B_SPLINE_SURFACE_WITH_KNOTS('',3,1,((#7849,#7850),(#7851,#7852),(#7853,
#7854),(#7855,#7856),(#7857,#7858)),.UNSPECIFIED.,.F.,.F.,.F.,(4,1,4),(2,
2),(-0.0916972660721121,-0.0412690345093754,0.),(0.,0.002),
 .UNSPECIFIED.);
#29=B_SPLINE_SURFACE_WITH_KNOTS('',3,1,((#8059,#8060),(#8061,#8062),(#8063,
#8064),(#8065,#8066),(#8067,#8068)),.UNSPECIFIED.,.F.,.F.,.F.,(4,1,4),(2,
2),(-0.0410047380711682,-0.0200046154650423,0.),(0.,0.002),
 .UNSPECIFIED.);
#30=B_SPLINE_SURFACE_WITH_KNOTS('',3,1,((#8087,#8088),(#8089,#8090),(#8091,
#8092),(#8093,#8094),(#8095,#8096)),.UNSPECIFIED.,.F.,.F.,.F.,(4,1,4),(2,
2),(-0.0404525271647966,-0.0205761051334015,0.),(0.,0.002),
 .UNSPECIFIED.);
#31=B_SPLINE_SURFACE_WITH_KNOTS('',3,1,((#8112,#8113),(#8114,#8115),(#8116,
#8117),(#8118,#8119),(#8120,#8121)),.UNSPECIFIED.,.F.,.F.,.F.,(4,1,4),(2,
2),(-0.0804188702758693,-0.049834110964836,0.),(0.,0.002),.UNSPECIFIED.);
#32=B_SPLINE_SURFACE_WITH_KNOTS('',3,1,((#8149,#8150),(#8151,#8152),(#8153,
#8154),(#8155,#8156),(#8157,#8158)),.UNSPECIFIED.,.F.,.F.,.F.,(4,1,4),(2,
2),(-0.0798010858150602,-0.0425826959902514,0.),(0.,0.002),
 .UNSPECIFIED.);
#33=B_SPLINE_SURFACE_WITH_KNOTS('',3,1,((#8177,#8178),(#8179,#8180),(#8181,
#8182),(#8183,#8184),(#8185,#8186)),.UNSPECIFIED.,.F.,.F.,.F.,(4,1,4),(2,
2),(-0.103020905535668,-0.0483517829883892,0.),(0.,0.002),.UNSPECIFIED.);
#34=B_SPLINE_SURFACE_WITH_KNOTS('',3,1,((#8202,#8203),(#8204,#8205),(#8206,
#8207),(#8208,#8209),(#8210,#8211)),.UNSPECIFIED.,.F.,.F.,.F.,(4,1,4),(2,
2),(-0.0882903304241429,-0.0433316490416514,0.),(0.,0.002),
 .UNSPECIFIED.);
#35=B_SPLINE_SURFACE_WITH_KNOTS('',3,1,((#8227,#8228),(#8229,#8230),(#8231,
#8232),(#8233,#8234),(#8235,#8236)),.UNSPECIFIED.,.F.,.F.,.F.,(4,1,4),(2,
2),(-0.120436175270285,-0.0760804439378967,0.),(0.,0.002),.UNSPECIFIED.);
#36=B_SPLINE_SURFACE_WITH_KNOTS('',3,1,((#8264,#8265),(#8266,#8267),(#8268,
#8269),(#8270,#8271),(#8272,#8273)),.UNSPECIFIED.,.F.,.F.,.F.,(4,1,4),(2,
2),(-0.048658798221131,-0.0252181656029184,0.),(0.,0.002),.UNSPECIFIED.);
#37=B_SPLINE_SURFACE_WITH_KNOTS('',3,1,((#8289,#8290),(#8291,#8292),(#8293,
#8294),(#8295,#8296),(#8297,#8298)),.UNSPECIFIED.,.F.,.F.,.F.,(4,1,4),(2,
2),(-0.0469132234269841,-0.0231838500441945,0.),(0.,0.002),
 .UNSPECIFIED.);
#38=B_SPLINE_SURFACE_WITH_KNOTS('',3,1,((#8313,#8314),(#8315,#8316),(#8317,
#8318),(#8319,#8320),(#8321,#8322)),.UNSPECIFIED.,.F.,.F.,.F.,(4,1,4),(2,
2),(-0.0727747534682477,-0.0273198819645234,0.),(0.,0.002),
 .UNSPECIFIED.);
#39=B_SPLINE_SURFACE_WITH_KNOTS('',3,1,((#8341,#8342),(#8343,#8344),(#8345,
#8346),(#8347,#8348),(#8349,#8350)),.UNSPECIFIED.,.F.,.F.,.F.,(4,1,4),(2,
2),(-0.0655223178401961,-0.0338301452101352,0.),(0.,0.002),
 .UNSPECIFIED.);
#40=B_SPLINE_SURFACE_WITH_KNOTS('',3,1,((#8365,#8366),(#8367,#8368),(#8369,
#8370),(#8371,#8372),(#8373,#8374)),.UNSPECIFIED.,.F.,.F.,.F.,(4,1,4),(2,
2),(-0.0577510592527742,-0.0299246050747654,0.),(0.,0.002),
 .UNSPECIFIED.);
#41=B_SPLINE_SURFACE_WITH_KNOTS('',3,1,((#8390,#8391),(#8392,#8393),(#8394,
#8395),(#8396,#8397),(#8398,#8399)),.UNSPECIFIED.,.F.,.F.,.F.,(4,1,4),(2,
2),(-0.105057995666064,-0.0445778304085508,0.),(0.,0.002),.UNSPECIFIED.);
#42=B_SPLINE_SURFACE_WITH_KNOTS('',3,1,((#8660,#8661),(#8662,#8663),(#8664,
#8665),(#8666,#8667),(#8668,#8669)),.UNSPECIFIED.,.F.,.F.,.F.,(4,1,4),(2,
2),(-0.106308574004909,-0.0491495117990974,0.),(0.,0.002),.UNSPECIFIED.);
#43=B_SPLINE_SURFACE_WITH_KNOTS('',3,1,((#8679,#8680),(#8681,#8682),(#8683,
#8684),(#8685,#8686),(#8687,#8688)),.UNSPECIFIED.,.F.,.F.,.F.,(4,1,4),(2,
2),(-0.161681962538838,-0.0842325979911912,0.),(0.,0.002),.UNSPECIFIED.);
#44=B_SPLINE_SURFACE_WITH_KNOTS('',3,1,((#8696,#8697),(#8698,#8699),(#8700,
#8701),(#8702,#8703),(#8704,#8705)),.UNSPECIFIED.,.F.,.F.,.F.,(4,1,4),(2,
2),(-0.187285653579466,-0.0908266301386133,0.),(0.,0.002),.UNSPECIFIED.);
#45=B_SPLINE_SURFACE_WITH_KNOTS('',3,1,((#8713,#8714),(#8715,#8716),(#8717,
#8718),(#8719,#8720),(#8721,#8722)),.UNSPECIFIED.,.F.,.F.,.F.,(4,1,4),(2,
2),(-0.208112691797754,-0.112053355831657,0.),(0.,0.002),.UNSPECIFIED.);
#46=B_SPLINE_SURFACE_WITH_KNOTS('',3,1,((#8730,#8731),(#8732,#8733),(#8734,
#8735),(#8736,#8737),(#8738,#8739)),.UNSPECIFIED.,.F.,.F.,.F.,(4,1,4),(2,
2),(-0.200526783020998,-0.0937994137850697,0.),(0.,0.002),.UNSPECIFIED.);
#47=B_SPLINE_SURFACE_WITH_KNOTS('',3,1,((#8747,#8748),(#8749,#8750),(#8751,
#8752),(#8753,#8754),(#8755,#8756)),.UNSPECIFIED.,.F.,.F.,.F.,(4,1,4),(2,
2),(-0.181362761499673,-0.0923042487552325,0.),(0.,0.002),.UNSPECIFIED.);
#48=B_SPLINE_SURFACE_WITH_KNOTS('',3,1,((#8764,#8765),(#8766,#8767),(#8768,
#8769),(#8770,#8771),(#8772,#8773)),.UNSPECIFIED.,.F.,.F.,.F.,(4,1,4),(2,
2),(-0.14057059910529,-0.0664452318585856,0.),(0.,0.002),.UNSPECIFIED.);
#49=B_SPLINE_SURFACE_WITH_KNOTS('',3,1,((#8781,#8782),(#8783,#8784),(#8785,
#8786),(#8787,#8788),(#8789,#8790)),.UNSPECIFIED.,.F.,.F.,.F.,(4,1,4),(2,
2),(-0.144759351229863,-0.077366170955897,0.),(0.,0.002),.UNSPECIFIED.);
#50=B_SPLINE_SURFACE_WITH_KNOTS('',3,1,((#8806,#8807),(#8808,#8809),(#8810,
#8811),(#8812,#8813),(#8814,#8815)),.UNSPECIFIED.,.F.,.F.,.F.,(4,1,4),(2,
2),(-0.0727608054662001,-0.0373833905342769,0.),(0.,0.002),
 .UNSPECIFIED.);
#51=B_SPLINE_SURFACE_WITH_KNOTS('',3,1,((#8823,#8824),(#8825,#8826),(#8827,
#8828),(#8829,#8830),(#8831,#8832)),.UNSPECIFIED.,.F.,.F.,.F.,(4,1,4),(2,
2),(-0.0730856068630485,-0.0354439865699334,0.),(0.,0.002),
 .UNSPECIFIED.);
#52=B_SPLINE_SURFACE_WITH_KNOTS('',3,1,((#8840,#8841),(#8842,#8843),(#8844,
#8845),(#8846,#8847),(#8848,#8849)),.UNSPECIFIED.,.F.,.F.,.F.,(4,1,4),(2,
2),(-0.101174902701041,-0.0513285210864446,0.),(0.,0.002),.UNSPECIFIED.);
#53=B_SPLINE_SURFACE_WITH_KNOTS('',3,1,((#8857,#8858),(#8859,#8860),(#8861,
#8862),(#8863,#8864),(#8865,#8866)),.UNSPECIFIED.,.F.,.F.,.F.,(4,1,4),(2,
2),(-0.135841416619419,-0.0583613424243573,0.),(0.,0.002),.UNSPECIFIED.);
#54=B_SPLINE_SURFACE_WITH_KNOTS('',3,1,((#8874,#8875),(#8876,#8877),(#8878,
#8879),(#8880,#8881),(#8882,#8883)),.UNSPECIFIED.,.F.,.F.,.F.,(4,1,4),(2,
2),(-0.141270923627382,-0.0816198343817509,0.),(0.,0.002),.UNSPECIFIED.);
#55=B_SPLINE_SURFACE_WITH_KNOTS('',3,1,((#8891,#8892),(#8893,#8894),(#8895,
#8896),(#8897,#8898),(#8899,#8900)),.UNSPECIFIED.,.F.,.F.,.F.,(4,1,4),(2,
2),(-0.0999596374598164,-0.0494923159927761,0.),(0.,0.002),
 .UNSPECIFIED.);
#56=B_SPLINE_SURFACE_WITH_KNOTS('',3,1,((#8908,#8909),(#8910,#8911),(#8912,
#8913),(#8914,#8915),(#8916,#8917)),.UNSPECIFIED.,.F.,.F.,.F.,(4,1,4),(2,
2),(-0.0751167096575759,-0.0379742849459392,0.),(0.,0.002),
 .UNSPECIFIED.);
#57=B_SPLINE_SURFACE_WITH_KNOTS('',3,1,((#8925,#8926),(#8927,#8928),(#8929,
#8930),(#8931,#8932),(#8933,#8934)),.UNSPECIFIED.,.F.,.F.,.F.,(4,1,4),(2,
2),(-0.0916972660721121,-0.0412690345093754,0.),(0.,0.002),
 .UNSPECIFIED.);
#58=B_SPLINE_SURFACE_WITH_KNOTS('',3,1,((#9115,#9116),(#9117,#9118),(#9119,
#9120),(#9121,#9122),(#9123,#9124)),.UNSPECIFIED.,.F.,.F.,.F.,(4,1,4),(2,
2),(-0.152555068213588,-0.083494257522022,0.),(0.,0.002),.UNSPECIFIED.);
#59=B_SPLINE_SURFACE_WITH_KNOTS('',3,1,((#9143,#9144),(#9145,#9146),(#9147,
#9148),(#9149,#9150),(#9151,#9152)),.UNSPECIFIED.,.F.,.F.,.F.,(4,1,4),(2,
2),(-0.123146257923018,-0.0571121355769757,0.),(0.,0.002),.UNSPECIFIED.);
#60=B_SPLINE_SURFACE_WITH_KNOTS('',3,1,((#9168,#9169),(#9170,#9171),(#9172,
#9173),(#9174,#9175),(#9176,#9177)),.UNSPECIFIED.,.F.,.F.,.F.,(4,1,4),(2,
2),(-0.135219672977526,-0.0671042982277447,0.),(0.,0.002),.UNSPECIFIED.);
#61=B_SPLINE_SURFACE_WITH_KNOTS('',3,1,((#9193,#9194),(#9195,#9196),(#9197,
#9198),(#9199,#9200),(#9201,#9202)),.UNSPECIFIED.,.F.,.F.,.F.,(4,1,4),(2,
2),(-0.143746401789556,-0.0742079643937649,0.),(0.,0.002),.UNSPECIFIED.);
#62=B_SPLINE_SURFACE_WITH_KNOTS('',3,1,((#9218,#9219),(#9220,#9221),(#9222,
#9223),(#9224,#9225),(#9226,#9227)),.UNSPECIFIED.,.F.,.F.,.F.,(4,1,4),(2,
2),(-0.137252892037016,-0.0675873044054994,0.),(0.,0.002),.UNSPECIFIED.);
#63=B_SPLINE_SURFACE_WITH_KNOTS('',3,1,((#9243,#9244),(#9245,#9246),(#9247,
#9248),(#9249,#9250),(#9251,#9252)),.UNSPECIFIED.,.F.,.F.,.F.,(4,1,4),(2,
2),(-0.130209596154563,-0.0648674549159494,0.),(0.,0.002),.UNSPECIFIED.);
#64=B_SPLINE_SURFACE_WITH_KNOTS('',3,1,((#9268,#9269),(#9270,#9271),(#9272,
#9273),(#9274,#9275),(#9276,#9277)),.UNSPECIFIED.,.F.,.F.,.F.,(4,1,4),(2,
2),(-0.141865256531474,-0.0738735148683044,0.),(0.,0.002),.UNSPECIFIED.);
#65=B_SPLINE_SURFACE_WITH_KNOTS('',3,1,((#9293,#9294),(#9295,#9296),(#9297,
#9298),(#9299,#9300),(#9301,#9302)),.UNSPECIFIED.,.F.,.F.,.F.,(4,1,4),(2,
2),(-0.124691116535946,-0.063064796027327,0.),(0.,0.002),.UNSPECIFIED.);
#66=B_SPLINE_SURFACE_WITH_KNOTS('',3,1,((#9318,#9319),(#9320,#9321),(#9322,
#9323),(#9324,#9325),(#9326,#9327)),.UNSPECIFIED.,.F.,.F.,.F.,(4,1,4),(2,
2),(-0.107143546332166,-0.0483888909771982,0.),(0.,0.002),.UNSPECIFIED.);
#67=B_SPLINE_SURFACE_WITH_KNOTS('',3,1,((#9361,#9362),(#9363,#9364),(#9365,
#9366),(#9367,#9368),(#9369,#9370)),.UNSPECIFIED.,.F.,.F.,.F.,(4,1,4),(2,
2),(-0.129436499925303,-0.0633552085212725,0.),(0.,0.002),.UNSPECIFIED.);
#68=B_SPLINE_SURFACE_WITH_KNOTS('',3,1,((#9392,#9393),(#9394,#9395),(#9396,
#9397),(#9398,#9399),(#9400,#9401)),.UNSPECIFIED.,.F.,.F.,.F.,(4,1,4),(2,
2),(-0.0714538086809591,-0.0363001538156918,0.),(0.,0.002),
 .UNSPECIFIED.);
#69=B_SPLINE_SURFACE_WITH_KNOTS('',3,1,((#9417,#9418),(#9419,#9420),(#9421,
#9422),(#9423,#9424),(#9425,#9426)),.UNSPECIFIED.,.F.,.F.,.F.,(4,1,4),(2,
2),(-0.076860858639542,-0.0364753211290267,0.),(0.,0.002),.UNSPECIFIED.);
#70=B_SPLINE_SURFACE_WITH_KNOTS('',3,1,((#9442,#9443),(#9444,#9445),(#9446,
#9447),(#9448,#9449),(#9450,#9451)),.UNSPECIFIED.,.F.,.F.,.F.,(4,1,4),(2,
2),(-0.115897895412483,-0.0603066297050174,0.),(0.,0.002),.UNSPECIFIED.);
#71=B_SPLINE_SURFACE_WITH_KNOTS('',3,1,((#9467,#9468),(#9469,#9470),(#9471,
#9472),(#9473,#9474),(#9475,#9476)),.UNSPECIFIED.,.F.,.F.,.F.,(4,1,4),(2,
2),(-0.132812255864993,-0.0597660557225472,0.),(0.,0.002),.UNSPECIFIED.);
#72=B_SPLINE_SURFACE_WITH_KNOTS('',3,1,((#9492,#9493),(#9494,#9495),(#9496,
#9497),(#9498,#9499),(#9500,#9501)),.UNSPECIFIED.,.F.,.F.,.F.,(4,1,4),(2,
2),(-0.141570234007727,-0.078516015995958,0.),(0.,0.002),.UNSPECIFIED.);
#73=B_SPLINE_SURFACE_WITH_KNOTS('',3,1,((#9517,#9518),(#9519,#9520),(#9521,
#9522),(#9523,#9524),(#9525,#9526)),.UNSPECIFIED.,.F.,.F.,.F.,(4,1,4),(2,
2),(-0.115634564991052,-0.0565954818415213,0.),(0.,0.002),.UNSPECIFIED.);
#74=B_SPLINE_SURFACE_WITH_KNOTS('',3,1,((#9542,#9543),(#9544,#9545),(#9546,
#9547),(#9548,#9549),(#9550,#9551)),.UNSPECIFIED.,.F.,.F.,.F.,(4,1,4),(2,
2),(-0.0651011805310673,-0.0319139951855225,0.),(0.,0.002),
 .UNSPECIFIED.);
#75=B_SPLINE_SURFACE_WITH_KNOTS('',3,1,((#9567,#9568),(#9569,#9570),(#9571,
#9572),(#9573,#9574),(#9575,#9576)),.UNSPECIFIED.,.F.,.F.,.F.,(4,1,4),(2,
2),(-0.0626726014174226,-0.032673309524224,0.),(0.,0.002),.UNSPECIFIED.);
#76=B_SPLINE_SURFACE_WITH_KNOTS('',3,1,((#9688,#9689),(#9690,#9691),(#9692,
#9693),(#9694,#9695),(#9696,#9697)),.UNSPECIFIED.,.F.,.F.,.F.,(4,1,4),(2,
2),(-0.0923738022072902,-0.040426430466488,0.),(0.,0.002),.UNSPECIFIED.);
#77=B_SPLINE_SURFACE_WITH_KNOTS('',3,1,((#9716,#9717),(#9718,#9719),(#9720,
#9721),(#9722,#9723),(#9724,#9725)),.UNSPECIFIED.,.F.,.F.,.F.,(4,1,4),(2,
2),(-0.0554967001143392,-0.0243438272771697,0.),(0.,0.002),
 .UNSPECIFIED.);
#78=B_SPLINE_SURFACE_WITH_KNOTS('',3,1,((#9741,#9742),(#9743,#9744),(#9745,
#9746),(#9747,#9748),(#9749,#9750)),.UNSPECIFIED.,.F.,.F.,.F.,(4,1,4),(2,
2),(-0.0461139033450193,-0.0239415909733165,0.),(0.,0.002),
 .UNSPECIFIED.);
#79=B_SPLINE_SURFACE_WITH_KNOTS('',3,1,((#9766,#9767),(#9768,#9769),(#9770,
#9771),(#9772,#9773),(#9774,#9775)),.UNSPECIFIED.,.F.,.F.,.F.,(4,1,4),(2,
2),(-0.0613288488177726,-0.0364279877380029,0.),(0.,0.002),
 .UNSPECIFIED.);
#80=B_SPLINE_SURFACE_WITH_KNOTS('',3,1,((#9803,#9804),(#9805,#9806),(#9807,
#9808),(#9809,#9810),(#9811,#9812)),.UNSPECIFIED.,.F.,.F.,.F.,(4,1,4),(2,
2),(-0.107875295252123,-0.0575972044189694,0.),(0.,0.002),.UNSPECIFIED.);
#81=B_SPLINE_SURFACE_WITH_KNOTS('',3,1,((#9831,#9832),(#9833,#9834),(#9835,
#9836),(#9837,#9838),(#9839,#9840)),.UNSPECIFIED.,.F.,.F.,.F.,(4,1,4),(2,
2),(-0.119698790917679,-0.0548951658913072,0.),(0.,0.002),.UNSPECIFIED.);
#82=B_SPLINE_SURFACE_WITH_KNOTS('',3,1,((#9856,#9857),(#9858,#9859),(#9860,
#9861),(#9862,#9863),(#9864,#9865)),.UNSPECIFIED.,.F.,.F.,.F.,(4,1,4),(2,
2),(-0.0945841143317521,-0.0460094522364789,0.),(0.,0.002),
 .UNSPECIFIED.);
#83=B_SPLINE_SURFACE_WITH_KNOTS('',3,1,((#9881,#9882),(#9883,#9884),(#9885,
#9886),(#9887,#9888),(#9889,#9890)),.UNSPECIFIED.,.F.,.F.,.F.,(4,1,4),(2,
2),(-0.0891204455487265,-0.0446295094162651,0.),(0.,0.002),
 .UNSPECIFIED.);
#84=B_SPLINE_SURFACE_WITH_KNOTS('',3,1,((#9906,#9907),(#9908,#9909),(#9910,
#9911),(#9912,#9913),(#9914,#9915)),.UNSPECIFIED.,.F.,.F.,.F.,(4,1,4),(2,
2),(-0.0958426166451843,-0.0550482874350028,0.),(0.,0.002),
 .UNSPECIFIED.);
#85=B_SPLINE_SURFACE_WITH_KNOTS('',3,1,((#9937,#9938),(#9939,#9940),(#9941,
#9942),(#9943,#9944),(#9945,#9946)),.UNSPECIFIED.,.F.,.F.,.F.,(4,1,4),(2,
2),(-0.0898531976752791,-0.0513086589607657,0.),(0.,0.002),
 .UNSPECIFIED.);
#86=B_SPLINE_SURFACE_WITH_KNOTS('',3,1,((#9962,#9963),(#9964,#9965),(#9966,
#9967),(#9968,#9969),(#9970,#9971)),.UNSPECIFIED.,.F.,.F.,.F.,(4,1,4),(2,
2),(-0.0567054840793019,-0.0302318530043779,0.),(0.,0.002),
 .UNSPECIFIED.);
#87=B_SPLINE_SURFACE_WITH_KNOTS('',3,1,((#9987,#9988),(#9989,#9990),(#9991,
#9992),(#9993,#9994),(#9995,#9996)),.UNSPECIFIED.,.F.,.F.,.F.,(4,1,4),(2,
2),(-0.0528181142919424,-0.0254752989023317,0.),(0.,0.002),
 .UNSPECIFIED.);
#88=B_SPLINE_SURFACE_WITH_KNOTS('',3,1,((#10012,#10013),(#10014,#10015),
(#10016,#10017),(#10018,#10019),(#10020,#10021)),.UNSPECIFIED.,.F.,.F.,
 .F.,(4,1,4),(2,2),(-0.0830966484688137,-0.03149716340524,0.),(0.,0.002),
 .UNSPECIFIED.);
#89=B_SPLINE_SURFACE_WITH_KNOTS('',3,1,((#10040,#10041),(#10042,#10043),
(#10044,#10045),(#10046,#10047),(#10048,#10049)),.UNSPECIFIED.,.F.,.F.,
 .F.,(4,1,4),(2,2),(-0.104022864231117,-0.0543654094363757,0.),(0.,0.002),
 .UNSPECIFIED.);
#90=B_SPLINE_SURFACE_WITH_KNOTS('',3,1,((#10065,#10066),(#10067,#10068),
(#10069,#10070),(#10071,#10072),(#10073,#10074)),.UNSPECIFIED.,.F.,.F.,
 .F.,(4,1,4),(2,2),(-0.081939970849357,-0.0383537411524413,0.),(0.,0.002),
 .UNSPECIFIED.);
#91=B_SPLINE_SURFACE_WITH_KNOTS('',3,1,((#10090,#10091),(#10092,#10093),
(#10094,#10095),(#10096,#10097),(#10098,#10099)),.UNSPECIFIED.,.F.,.F.,
 .F.,(4,1,4),(2,2),(-0.0902249241473224,-0.039848734541519,0.),(0.,0.002),
 .UNSPECIFIED.);
#92=B_SPLINE_CURVE_WITH_KNOTS('',3,(#7456,#7457,#7458,#7459,#7460,#7461,
#7462),.UNSPECIFIED.,.F.,.F.,(4,3,4),(0.,0.0791057851732214,0.148014332346012),
 .UNSPECIFIED.);
#93=B_SPLINE_CURVE_WITH_KNOTS('',3,(#7464,#7465,#7466,#7467,#7468,#7469,
#7470),.UNSPECIFIED.,.F.,.F.,(4,3,4),(0.,0.0729215164069259,0.154271474822325),
 .UNSPECIFIED.);
#94=B_SPLINE_CURVE_WITH_KNOTS('',3,(#7472,#7473,#7474,#7475,#7476,#7477,
#7478),.UNSPECIFIED.,.F.,.F.,(4,3,4),(0.,0.0949164894730087,0.186495620028506),
 .UNSPECIFIED.);
#95=B_SPLINE_CURVE_WITH_KNOTS('',3,(#7480,#7481,#7482,#7483,#7484,#7485,
#7486),.UNSPECIFIED.,.F.,.F.,(4,3,4),(0.,0.104383572832502,0.223153868619075),
 .UNSPECIFIED.);
#96=B_SPLINE_CURVE_WITH_KNOTS('',3,(#7488,#7489,#7490,#7491,#7492,#7493,
#7494),.UNSPECIFIED.,.F.,.F.,(4,3,4),(0.,0.115382736083345,0.214296230711466),
 .UNSPECIFIED.);
#97=B_SPLINE_CURVE_WITH_KNOTS('',3,(#7496,#7497,#7498,#7499,#7500,#7501,
#7502),.UNSPECIFIED.,.F.,.F.,(4,3,4),(0.,0.0979977221478956,0.202072535486097),
 .UNSPECIFIED.);
#98=B_SPLINE_CURVE_WITH_KNOTS('',3,(#7504,#7505,#7506,#7507,#7508,#7509,
#7510),.UNSPECIFIED.,.F.,.F.,(4,3,4),(0.,0.0864371647582306,0.165913562773704),
 .UNSPECIFIED.);
#99=B_SPLINE_CURVE_WITH_KNOTS('',3,(#7512,#7513,#7514,#7515,#7516,#7517,
#7518),.UNSPECIFIED.,.F.,.F.,(4,3,4),(0.,0.0545440866361851,0.117976839615314),
 .UNSPECIFIED.);
#100=B_SPLINE_CURVE_WITH_KNOTS('',3,(#7522,#7523,#7524,#7525,#7526,#7527,
#7528),.UNSPECIFIED.,.F.,.F.,(4,3,4),(0.,0.0381152687487841,0.0741852896456615),
 .UNSPECIFIED.);
#101=B_SPLINE_CURVE_WITH_KNOTS('',3,(#7530,#7531,#7532,#7533,#7534,#7535,
#7536),.UNSPECIFIED.,.F.,.F.,(4,3,4),(0.,0.037908990544598,0.0781684524693893),
 .UNSPECIFIED.);
#102=B_SPLINE_CURVE_WITH_KNOTS('',3,(#7538,#7539,#7540,#7541,#7542,#7543,
#7544),.UNSPECIFIED.,.F.,.F.,(4,3,4),(0.,0.0529286895811944,0.10432903393909),
 .UNSPECIFIED.);
#103=B_SPLINE_CURVE_WITH_KNOTS('',3,(#7546,#7547,#7548,#7549,#7550,#7551,
#7552),.UNSPECIFIED.,.F.,.F.,(4,3,4),(0.,0.0665430945360293,0.154885200588558),
 .UNSPECIFIED.);
#104=B_SPLINE_CURVE_WITH_KNOTS('',3,(#7554,#7555,#7556,#7557,#7558,#7559,
#7560),.UNSPECIFIED.,.F.,.F.,(4,3,4),(0.,0.0848637942260619,0.146885701051121),
 .UNSPECIFIED.);
#105=B_SPLINE_CURVE_WITH_KNOTS('',3,(#7562,#7563,#7564,#7565,#7566,#7567,
#7568),.UNSPECIFIED.,.F.,.F.,(4,3,4),(0.,0.0519683332173757,0.104960449790994),
 .UNSPECIFIED.);
#106=B_SPLINE_CURVE_WITH_KNOTS('',3,(#7570,#7571,#7572,#7573,#7574,#7575,
#7576),.UNSPECIFIED.,.F.,.F.,(4,3,4),(0.,0.0387994604745985,0.0767489845164989),
 .UNSPECIFIED.);
#107=B_SPLINE_CURVE_WITH_KNOTS('',3,(#7577,#7578,#7579,#7580,#7581,#7582,
#7583),.UNSPECIFIED.,.F.,.F.,(4,3,4),(0.,0.0465207304809182,0.103366212742599),
 .UNSPECIFIED.);
#108=B_SPLINE_CURVE_WITH_KNOTS('',3,(#7597,#7598,#7599,#7600,#7601),
 .UNSPECIFIED.,.F.,.F.,(4,1,4),(-0.106308574004909,-0.0491495117990974,
0.),.UNSPECIFIED.);
#109=B_SPLINE_CURVE_WITH_KNOTS('',3,(#7615,#7616,#7617,#7618,#7619),
 .UNSPECIFIED.,.F.,.F.,(4,1,4),(-0.161681962538838,-0.0842325979911912,
0.),.UNSPECIFIED.);
#110=B_SPLINE_CURVE_WITH_KNOTS('',3,(#7632,#7633,#7634,#7635,#7636),
 .UNSPECIFIED.,.F.,.F.,(4,1,4),(-0.187285653579466,-0.0908266301386133,
0.),.UNSPECIFIED.);
#111=B_SPLINE_CURVE_WITH_KNOTS('',3,(#7649,#7650,#7651,#7652,#7653),
 .UNSPECIFIED.,.F.,.F.,(4,1,4),(-0.208112691797754,-0.112053355831657,0.),
 .UNSPECIFIED.);
#112=B_SPLINE_CURVE_WITH_KNOTS('',3,(#7666,#7667,#7668,#7669,#7670),
 .UNSPECIFIED.,.F.,.F.,(4,1,4),(-0.200526783020998,-0.0937994137850697,
0.),.UNSPECIFIED.);
#113=B_SPLINE_CURVE_WITH_KNOTS('',3,(#7683,#7684,#7685,#7686,#7687),
 .UNSPECIFIED.,.F.,.F.,(4,1,4),(-0.1813625271647,-0.0923040144202597,0.),
 .UNSPECIFIED.);
#114=B_SPLINE_CURVE_WITH_KNOTS('',3,(#7700,#7701,#7702,#7703,#7704),
 .UNSPECIFIED.,.F.,.F.,(4,1,4),(-0.140570812200083,-0.0664454449533785,
0.),.UNSPECIFIED.);
#115=B_SPLINE_CURVE_WITH_KNOTS('',3,(#7717,#7718,#7719,#7720,#7721),
 .UNSPECIFIED.,.F.,.F.,(4,1,4),(-0.144759351229863,-0.077366170955897,0.),
 .UNSPECIFIED.);
#116=B_SPLINE_CURVE_WITH_KNOTS('',3,(#7741,#7742,#7743,#7744,#7745),
 .UNSPECIFIED.,.F.,.F.,(4,1,4),(-0.0727608054662001,-0.0373833905342769,
0.),.UNSPECIFIED.);
#117=B_SPLINE_CURVE_WITH_KNOTS('',3,(#7758,#7759,#7760,#7761,#7762),
 .UNSPECIFIED.,.F.,.F.,(4,1,4),(-0.0730856068630485,-0.0354439865699334,
0.),.UNSPECIFIED.);
#118=B_SPLINE_CURVE_WITH_KNOTS('',3,(#7775,#7776,#7777,#7778,#7779),
 .UNSPECIFIED.,.F.,.F.,(4,1,4),(-0.101174902701041,-0.0513285210864446,
0.),.UNSPECIFIED.);
#119=B_SPLINE_CURVE_WITH_KNOTS('',3,(#7792,#7793,#7794,#7795,#7796),
 .UNSPECIFIED.,.F.,.F.,(4,1,4),(-0.135841416619419,-0.0583613424243573,
0.),.UNSPECIFIED.);
#120=B_SPLINE_CURVE_WITH_KNOTS('',3,(#7809,#7810,#7811,#7812,#7813),
 .UNSPECIFIED.,.F.,.F.,(4,1,4),(-0.141270923627382,-0.0816198343817509,
0.),.UNSPECIFIED.);
#121=B_SPLINE_CURVE_WITH_KNOTS('',3,(#7826,#7827,#7828,#7829,#7830),
 .UNSPECIFIED.,.F.,.F.,(4,1,4),(-0.0999596374598164,-0.0494923159927761,
0.),.UNSPECIFIED.);
#122=B_SPLINE_CURVE_WITH_KNOTS('',3,(#7843,#7844,#7845,#7846,#7847),
 .UNSPECIFIED.,.F.,.F.,(4,1,4),(-0.0751167096575759,-0.0379742849459392,
0.),.UNSPECIFIED.);
#123=B_SPLINE_CURVE_WITH_KNOTS('',3,(#7859,#7860,#7861,#7862,#7863),
 .UNSPECIFIED.,.F.,.F.,(4,1,4),(-0.0916972660721121,-0.0412690345093754,
0.),.UNSPECIFIED.);
#124=B_SPLINE_CURVE_WITH_KNOTS('',3,(#8071,#8072,#8073,#8074,#8075,#8076,
#8077),.UNSPECIFIED.,.F.,.F.,(4,3,4),(0.,0.0211461807765903,0.043344677405316),
 .UNSPECIFIED.);
#125=B_SPLINE_CURVE_WITH_KNOTS('',3,(#8081,#8082,#8083,#8084,#8085),
 .UNSPECIFIED.,.F.,.F.,(4,1,4),(-0.0410047380711682,-0.0200046154650423,
0.),.UNSPECIFIED.);
#126=B_SPLINE_CURVE_WITH_KNOTS('',3,(#8098,#8099,#8100,#8101,#8102,#8103,
#8104),.UNSPECIFIED.,.F.,.F.,(4,3,4),(0.,0.020885473240943,0.0410607434279379),
 .UNSPECIFIED.);
#127=B_SPLINE_CURVE_WITH_KNOTS('',3,(#8107,#8108,#8109,#8110,#8111),
 .UNSPECIFIED.,.F.,.F.,(4,1,4),(-0.0404525271647966,-0.0205761051334015,
0.),.UNSPECIFIED.);
#128=B_SPLINE_CURVE_WITH_KNOTS('',3,(#8123,#8124,#8125,#8126,#8127,#8128,
#8129),.UNSPECIFIED.,.F.,.F.,(4,3,4),(0.,0.0520136797471324,0.0839361088854736),
 .UNSPECIFIED.);
#129=B_SPLINE_CURVE_WITH_KNOTS('',3,(#8132,#8133,#8134,#8135,#8136),
 .UNSPECIFIED.,.F.,.F.,(4,1,4),(-0.0804188702758693,-0.049834110964836,
0.),.UNSPECIFIED.);
#130=B_SPLINE_CURVE_WITH_KNOTS('',3,(#8161,#8162,#8163,#8164,#8165,#8166,
#8167),.UNSPECIFIED.,.F.,.F.,(4,3,4),(0.,0.0431824052332936,0.0809249566188029),
 .UNSPECIFIED.);
#131=B_SPLINE_CURVE_WITH_KNOTS('',3,(#8171,#8172,#8173,#8174,#8175),
 .UNSPECIFIED.,.F.,.F.,(4,1,4),(-0.0798010858150602,-0.0425826959902514,
0.),.UNSPECIFIED.);
#132=B_SPLINE_CURVE_WITH_KNOTS('',3,(#8188,#8189,#8190,#8191,#8192,#8193,
#8194),.UNSPECIFIED.,.F.,.F.,(4,3,4),(0.,0.0533877400455154,0.113750786094333),
 .UNSPECIFIED.);
#133=B_SPLINE_CURVE_WITH_KNOTS('',3,(#8197,#8198,#8199,#8200,#8201),
 .UNSPECIFIED.,.F.,.F.,(4,1,4),(-0.103020905535668,-0.0483517829883892,
0.),.UNSPECIFIED.);
#134=B_SPLINE_CURVE_WITH_KNOTS('',3,(#8213,#8214,#8215,#8216,#8217,#8218,
#8219),.UNSPECIFIED.,.F.,.F.,(4,3,4),(0.,0.0455433273989965,0.092796732033143),
 .UNSPECIFIED.);
#135=B_SPLINE_CURVE_WITH_KNOTS('',3,(#8222,#8223,#8224,#8225,#8226),
 .UNSPECIFIED.,.F.,.F.,(4,1,4),(-0.0882903304241429,-0.0433316490416514,
0.),.UNSPECIFIED.);
#136=B_SPLINE_CURVE_WITH_KNOTS('',3,(#8238,#8239,#8240,#8241,#8242,#8243,
#8244),.UNSPECIFIED.,.F.,.F.,(4,3,4),(0.,0.0797114654631607,0.126184122077533),
 .UNSPECIFIED.);
#137=B_SPLINE_CURVE_WITH_KNOTS('',3,(#8247,#8248,#8249,#8250,#8251),
 .UNSPECIFIED.,.F.,.F.,(4,1,4),(-0.120436175270285,-0.0760804439378967,
0.),.UNSPECIFIED.);
#138=B_SPLINE_CURVE_WITH_KNOTS('',3,(#8275,#8276,#8277,#8278,#8279,#8280,
#8281),.UNSPECIFIED.,.F.,.F.,(4,3,4),(0.,0.0258274064774891,0.0498343368883992),
 .UNSPECIFIED.);
#139=B_SPLINE_CURVE_WITH_KNOTS('',3,(#8283,#8284,#8285,#8286,#8287),
 .UNSPECIFIED.,.F.,.F.,(4,1,4),(-0.048658798221131,-0.0252181656029184,
0.),.UNSPECIFIED.);
#140=B_SPLINE_CURVE_WITH_KNOTS('',3,(#8300,#8301,#8302,#8303,#8304,#8305),
 .UNSPECIFIED.,.F.,.F.,(4,2,4),(0.,0.0243848283914814,0.0487632138077626),
 .UNSPECIFIED.);
#141=B_SPLINE_CURVE_WITH_KNOTS('',3,(#8307,#8308,#8309,#8310,#8311),
 .UNSPECIFIED.,.F.,.F.,(4,1,4),(-0.0469132234269841,-0.0231838500441945,
0.),.UNSPECIFIED.);
#142=B_SPLINE_CURVE_WITH_KNOTS('',3,(#8324,#8325,#8326,#8327,#8328,#8329,
#8330),.UNSPECIFIED.,.F.,.F.,(4,3,4),(0.,0.0298272199029306,0.079453805030993),
 .UNSPECIFIED.);
#143=B_SPLINE_CURVE_WITH_KNOTS('',3,(#8332,#8333,#8334,#8335,#8336),
 .UNSPECIFIED.,.F.,.F.,(4,1,4),(-0.0727747534682477,-0.0273198819645234,
0.),.UNSPECIFIED.);
#144=B_SPLINE_CURVE_WITH_KNOTS('',3,(#8352,#8353,#8354,#8355,#8356,#8357),
 .UNSPECIFIED.,.F.,.F.,(4,2,4),(0.,0.03306358985521,0.0661932719389097),
 .UNSPECIFIED.);
#145=B_SPLINE_CURVE_WITH_KNOTS('',3,(#8359,#8360,#8361,#8362,#8363),
 .UNSPECIFIED.,.F.,.F.,(4,1,4),(-0.0655223178401961,-0.0338301452101352,
0.),.UNSPECIFIED.);
#146=B_SPLINE_CURVE_WITH_KNOTS('',3,(#8376,#8377,#8378,#8379,#8380,#8381,
#8382),.UNSPECIFIED.,.F.,.F.,(4,3,4),(0.,0.0301511420591073,0.0581882496776097),
 .UNSPECIFIED.);
#147=B_SPLINE_CURVE_WITH_KNOTS('',3,(#8384,#8385,#8386,#8387,#8388),
 .UNSPECIFIED.,.F.,.F.,(4,1,4),(-0.0577510592527742,-0.0299246050747654,
0.),.UNSPECIFIED.);
#148=B_SPLINE_CURVE_WITH_KNOTS('',3,(#8401,#8402,#8403,#8404,#8405,#8406,
#8407),.UNSPECIFIED.,.F.,.F.,(4,3,4),(0.,0.0501076479362681,0.11809029312282),
 .UNSPECIFIED.);
#149=B_SPLINE_CURVE_WITH_KNOTS('',3,(#8409,#8410,#8411,#8412,#8413),
 .UNSPECIFIED.,.F.,.F.,(4,1,4),(-0.105057995666064,-0.0445778304085508,
0.),.UNSPECIFIED.);
#150=B_SPLINE_CURVE_WITH_KNOTS('',3,(#8460,#8461,#8462,#8463,#8464,#8465,
#8466),.UNSPECIFIED.,.F.,.F.,(4,3,4),(0.,0.0791057851732004,0.148014332345972),
 .UNSPECIFIED.);
#151=B_SPLINE_CURVE_WITH_KNOTS('',3,(#8468,#8469,#8470,#8471,#8472,#8473,
#8474),.UNSPECIFIED.,.F.,.F.,(4,3,4),(0.,0.0729214003505058,0.15427149019035),
 .UNSPECIFIED.);
#152=B_SPLINE_CURVE_WITH_KNOTS('',3,(#8476,#8477,#8478,#8479,#8480,#8481,
#8482),.UNSPECIFIED.,.F.,.F.,(4,3,4),(0.,0.0949167439766441,0.186495887592453),
 .UNSPECIFIED.);
#153=B_SPLINE_CURVE_WITH_KNOTS('',3,(#8484,#8485,#8486,#8487,#8488,#8489,
#8490),.UNSPECIFIED.,.F.,.F.,(4,3,4),(0.,0.1043835728325,0.223153868619071),
 .UNSPECIFIED.);
#154=B_SPLINE_CURVE_WITH_KNOTS('',3,(#8492,#8493,#8494,#8495,#8496,#8497,
#8498),.UNSPECIFIED.,.F.,.F.,(4,3,4),(0.,0.115382736083324,0.214296230711427),
 .UNSPECIFIED.);
#155=B_SPLINE_CURVE_WITH_KNOTS('',3,(#8500,#8501,#8502,#8503,#8504,#8505,
#8506),.UNSPECIFIED.,.F.,.F.,(4,3,4),(0.,0.0979977221478892,0.202072535486084),
 .UNSPECIFIED.);
#156=B_SPLINE_CURVE_WITH_KNOTS('',3,(#8508,#8509,#8510,#8511,#8512,#8513,
#8514),.UNSPECIFIED.,.F.,.F.,(4,3,4),(0.,0.0864371647582354,0.165913562773713),
 .UNSPECIFIED.);
#157=B_SPLINE_CURVE_WITH_KNOTS('',3,(#8516,#8517,#8518,#8519,#8520,#8521,
#8522),.UNSPECIFIED.,.F.,.F.,(4,3,4),(0.,0.0545440866361702,0.117976839615281),
 .UNSPECIFIED.);
#158=B_SPLINE_CURVE_WITH_KNOTS('',3,(#8526,#8527,#8528,#8529,#8530,#8531,
#8532),.UNSPECIFIED.,.F.,.F.,(4,3,4),(0.,0.0381152687487615,0.0741852896456176),
 .UNSPECIFIED.);
#159=B_SPLINE_CURVE_WITH_KNOTS('',3,(#8534,#8535,#8536,#8537,#8538,#8539,
#8540),.UNSPECIFIED.,.F.,.F.,(4,3,4),(0.,0.0379089905446212,0.0781684524694372),
 .UNSPECIFIED.);
#160=B_SPLINE_CURVE_WITH_KNOTS('',3,(#8542,#8543,#8544,#8545,#8546,#8547,
#8548),.UNSPECIFIED.,.F.,.F.,(4,3,4),(0.,0.0529286895811903,0.104329033939082),
 .UNSPECIFIED.);
#161=B_SPLINE_CURVE_WITH_KNOTS('',3,(#8550,#8551,#8552,#8553,#8554,#8555,
#8556),.UNSPECIFIED.,.F.,.F.,(4,3,4),(0.,0.0665430945360552,0.154885200588619),
 .UNSPECIFIED.);
#162=B_SPLINE_CURVE_WITH_KNOTS('',3,(#8558,#8559,#8560,#8561,#8562,#8563,
#8564),.UNSPECIFIED.,.F.,.F.,(4,3,4),(0.,0.0848637942261359,0.146885701051249),
 .UNSPECIFIED.);
#163=B_SPLINE_CURVE_WITH_KNOTS('',3,(#8566,#8567,#8568,#8569,#8570,#8571,
#8572),.UNSPECIFIED.,.F.,.F.,(4,3,4),(0.,0.0519683332173256,0.104960449790893),
 .UNSPECIFIED.);
#164=B_SPLINE_CURVE_WITH_KNOTS('',3,(#8574,#8575,#8576,#8577,#8578,#8579),
 .UNSPECIFIED.,.F.,.F.,(4,2,4),(0.,0.0383698885884098,0.0767489845164922),
 .UNSPECIFIED.);
#165=B_SPLINE_CURVE_WITH_KNOTS('',3,(#8580,#8581,#8582,#8583,#8584,#8585,
#8586),.UNSPECIFIED.,.F.,.F.,(4,3,4),(0.,0.0465207304809278,0.103366212742621),
 .UNSPECIFIED.);
#166=B_SPLINE_CURVE_WITH_KNOTS('',3,(#8673,#8674,#8675,#8676,#8677),
 .UNSPECIFIED.,.F.,.F.,(4,1,4),(-0.106308574004909,-0.0491495117990974,
0.),.UNSPECIFIED.);
#167=B_SPLINE_CURVE_WITH_KNOTS('',3,(#8691,#8692,#8693,#8694,#8695),
 .UNSPECIFIED.,.F.,.F.,(4,1,4),(-0.161681962538838,-0.0842325979911912,
0.),.UNSPECIFIED.);
#168=B_SPLINE_CURVE_WITH_KNOTS('',3,(#8708,#8709,#8710,#8711,#8712),
 .UNSPECIFIED.,.F.,.F.,(4,1,4),(-0.187285653579466,-0.0908266301386133,
0.),.UNSPECIFIED.);
#169=B_SPLINE_CURVE_WITH_KNOTS('',3,(#8725,#8726,#8727,#8728,#8729),
 .UNSPECIFIED.,.F.,.F.,(4,1,4),(-0.208112691797754,-0.112053355831657,0.),
 .UNSPECIFIED.);
#170=B_SPLINE_CURVE_WITH_KNOTS('',3,(#8742,#8743,#8744,#8745,#8746),
 .UNSPECIFIED.,.F.,.F.,(4,1,4),(-0.200526783020998,-0.0937994137850697,
0.),.UNSPECIFIED.);
#171=B_SPLINE_CURVE_WITH_KNOTS('',3,(#8759,#8760,#8761,#8762,#8763),
 .UNSPECIFIED.,.F.,.F.,(4,1,4),(-0.181362761499673,-0.0923042487552325,
0.),.UNSPECIFIED.);
#172=B_SPLINE_CURVE_WITH_KNOTS('',3,(#8776,#8777,#8778,#8779,#8780),
 .UNSPECIFIED.,.F.,.F.,(4,1,4),(-0.14057059910529,-0.0664452318585856,0.),
 .UNSPECIFIED.);
#173=B_SPLINE_CURVE_WITH_KNOTS('',3,(#8793,#8794,#8795,#8796,#8797),
 .UNSPECIFIED.,.F.,.F.,(4,1,4),(-0.144759351229863,-0.077366170955897,0.),
 .UNSPECIFIED.);
#174=B_SPLINE_CURVE_WITH_KNOTS('',3,(#8817,#8818,#8819,#8820,#8821),
 .UNSPECIFIED.,.F.,.F.,(4,1,4),(-0.0727608054662001,-0.0373833905342769,
0.),.UNSPECIFIED.);
#175=B_SPLINE_CURVE_WITH_KNOTS('',3,(#8834,#8835,#8836,#8837,#8838),
 .UNSPECIFIED.,.F.,.F.,(4,1,4),(-0.0730856068630485,-0.0354439865699334,
0.),.UNSPECIFIED.);
#176=B_SPLINE_CURVE_WITH_KNOTS('',3,(#8851,#8852,#8853,#8854,#8855),
 .UNSPECIFIED.,.F.,.F.,(4,1,4),(-0.101174902701041,-0.0513285210864446,
0.),.UNSPECIFIED.);
#177=B_SPLINE_CURVE_WITH_KNOTS('',3,(#8868,#8869,#8870,#8871,#8872),
 .UNSPECIFIED.,.F.,.F.,(4,1,4),(-0.135841416619419,-0.0583613424243573,
0.),.UNSPECIFIED.);
#178=B_SPLINE_CURVE_WITH_KNOTS('',3,(#8885,#8886,#8887,#8888,#8889),
 .UNSPECIFIED.,.F.,.F.,(4,1,4),(-0.141270923627382,-0.0816198343817509,
0.),.UNSPECIFIED.);
#179=B_SPLINE_CURVE_WITH_KNOTS('',3,(#8902,#8903,#8904,#8905,#8906),
 .UNSPECIFIED.,.F.,.F.,(4,1,4),(-0.0999596374598164,-0.0494923159927761,
0.),.UNSPECIFIED.);
#180=B_SPLINE_CURVE_WITH_KNOTS('',3,(#8919,#8920,#8921,#8922,#8923),
 .UNSPECIFIED.,.F.,.F.,(4,1,4),(-0.0751167096575759,-0.0379742849459392,
0.),.UNSPECIFIED.);
#181=B_SPLINE_CURVE_WITH_KNOTS('',3,(#8935,#8936,#8937,#8938,#8939),
 .UNSPECIFIED.,.F.,.F.,(4,1,4),(-0.0916972660721121,-0.0412690345093754,
0.),.UNSPECIFIED.);
#182=B_SPLINE_CURVE_WITH_KNOTS('',3,(#9127,#9128,#9129,#9130,#9131,#9132,
#9133),.UNSPECIFIED.,.F.,.F.,(4,3,4),(0.,0.0856052185952597,0.156412073714105),
 .UNSPECIFIED.);
#183=B_SPLINE_CURVE_WITH_KNOTS('',3,(#9137,#9138,#9139,#9140,#9141),
 .UNSPECIFIED.,.F.,.F.,(4,1,4),(-0.152555068213588,-0.083494257522022,0.),
 .UNSPECIFIED.);
#184=B_SPLINE_CURVE_WITH_KNOTS('',3,(#9154,#9155,#9156,#9157,#9158,#9159,
#9160),.UNSPECIFIED.,.F.,.F.,(4,3,4),(0.,0.06311691675895,0.136093879732923),
 .UNSPECIFIED.);
#185=B_SPLINE_CURVE_WITH_KNOTS('',3,(#9163,#9164,#9165,#9166,#9167),
 .UNSPECIFIED.,.F.,.F.,(4,1,4),(-0.123146257923018,-0.0571121355769757,
0.),.UNSPECIFIED.);
#186=B_SPLINE_CURVE_WITH_KNOTS('',3,(#9179,#9180,#9181,#9182,#9183,#9184,
#9185),.UNSPECIFIED.,.F.,.F.,(4,3,4),(0.,0.0690510414792095,0.139142491526956),
 .UNSPECIFIED.);
#187=B_SPLINE_CURVE_WITH_KNOTS('',3,(#9188,#9189,#9190,#9191,#9192),
 .UNSPECIFIED.,.F.,.F.,(4,1,4),(-0.135219672977526,-0.0671042982277447,
0.),.UNSPECIFIED.);
#188=B_SPLINE_CURVE_WITH_KNOTS('',3,(#9204,#9205,#9206,#9207,#9208,#9209,
#9210),.UNSPECIFIED.,.F.,.F.,(4,3,4),(0.,0.0750300399723867,0.145338823942506),
 .UNSPECIFIED.);
#189=B_SPLINE_CURVE_WITH_KNOTS('',3,(#9213,#9214,#9215,#9216,#9217),
 .UNSPECIFIED.,.F.,.F.,(4,1,4),(-0.143746401789556,-0.0742079643937649,
0.),.UNSPECIFIED.);
#190=B_SPLINE_CURVE_WITH_KNOTS('',3,(#9229,#9230,#9231,#9232,#9233,#9234,
#9235),.UNSPECIFIED.,.F.,.F.,(4,3,4),(0.,0.0700103209318686,0.142173431902053),
 .UNSPECIFIED.);
#191=B_SPLINE_CURVE_WITH_KNOTS('',3,(#9238,#9239,#9240,#9241,#9242),
 .UNSPECIFIED.,.F.,.F.,(4,1,4),(-0.137252892037016,-0.0675873044054994,
0.),.UNSPECIFIED.);
#192=B_SPLINE_CURVE_WITH_KNOTS('',3,(#9254,#9255,#9256,#9257,#9258,#9259,
#9260),.UNSPECIFIED.,.F.,.F.,(4,3,4),(0.,0.0663073764744863,0.133099976313216),
 .UNSPECIFIED.);
#193=B_SPLINE_CURVE_WITH_KNOTS('',3,(#9263,#9264,#9265,#9266,#9267),
 .UNSPECIFIED.,.F.,.F.,(4,1,4),(-0.130209596154563,-0.0648674549159494,
0.),.UNSPECIFIED.);
#194=B_SPLINE_CURVE_WITH_KNOTS('',3,(#9279,#9280,#9281,#9282,#9283,#9284,
#9285),.UNSPECIFIED.,.F.,.F.,(4,3,4),(0.,0.0748019461387562,0.143648197827679),
 .UNSPECIFIED.);
#195=B_SPLINE_CURVE_WITH_KNOTS('',3,(#9288,#9289,#9290,#9291,#9292),
 .UNSPECIFIED.,.F.,.F.,(4,1,4),(-0.141865256531474,-0.0738735148683044,
0.),.UNSPECIFIED.);
#196=B_SPLINE_CURVE_WITH_KNOTS('',3,(#9304,#9305,#9306,#9307,#9308,#9309,
#9310),.UNSPECIFIED.,.F.,.F.,(4,3,4),(0.,0.0634190682359309,0.125391580186527),
 .UNSPECIFIED.);
#197=B_SPLINE_CURVE_WITH_KNOTS('',3,(#9313,#9314,#9315,#9316,#9317),
 .UNSPECIFIED.,.F.,.F.,(4,1,4),(-0.124691116535946,-0.063064796027327,0.),
 .UNSPECIFIED.);
#198=B_SPLINE_CURVE_WITH_KNOTS('',3,(#9329,#9330,#9331,#9332,#9333,#9334,
#9335),.UNSPECIFIED.,.F.,.F.,(4,3,4),(0.,0.0540585549023006,0.119697417420744),
 .UNSPECIFIED.);
#199=B_SPLINE_CURVE_WITH_KNOTS('',3,(#9338,#9339,#9340,#9341,#9342),
 .UNSPECIFIED.,.F.,.F.,(4,1,4),(-0.107143546332166,-0.0483888909771982,
0.),.UNSPECIFIED.);
#200=B_SPLINE_CURVE_WITH_KNOTS('',3,(#9372,#9373,#9374,#9375,#9376,#9377,
#9378),.UNSPECIFIED.,.F.,.F.,(4,3,4),(0.,0.0670655826533049,0.137016900215556),
 .UNSPECIFIED.);
#201=B_SPLINE_CURVE_WITH_KNOTS('',3,(#9380,#9381,#9382,#9383,#9384),
 .UNSPECIFIED.,.F.,.F.,(4,1,4),(-0.129436499925303,-0.0633552085212725,
0.),.UNSPECIFIED.);
#202=B_SPLINE_CURVE_WITH_KNOTS('',3,(#9403,#9404,#9405,#9406,#9407,#9408,
#9409),.UNSPECIFIED.,.F.,.F.,(4,3,4),(0.,0.0369616684479131,0.0727559447603375),
 .UNSPECIFIED.);
#203=B_SPLINE_CURVE_WITH_KNOTS('',3,(#9411,#9412,#9413,#9414,#9415),
 .UNSPECIFIED.,.F.,.F.,(4,1,4),(-0.0714538086809591,-0.0363001538156918,
0.),.UNSPECIFIED.);
#204=B_SPLINE_CURVE_WITH_KNOTS('',3,(#9428,#9429,#9430,#9431,#9432,#9433,
#9434),.UNSPECIFIED.,.F.,.F.,(4,3,4),(0.,0.0398545062176985,0.0839814831982265),
 .UNSPECIFIED.);
#205=B_SPLINE_CURVE_WITH_KNOTS('',3,(#9436,#9437,#9438,#9439,#9440),
 .UNSPECIFIED.,.F.,.F.,(4,1,4),(-0.076860858639542,-0.0364753211290267,
0.),.UNSPECIFIED.);
#206=B_SPLINE_CURVE_WITH_KNOTS('',3,(#9453,#9454,#9455,#9456,#9457,#9458,
#9459),.UNSPECIFIED.,.F.,.F.,(4,3,4),(0.,0.0621500858829038,0.119440668277544),
 .UNSPECIFIED.);
#207=B_SPLINE_CURVE_WITH_KNOTS('',3,(#9461,#9462,#9463,#9464,#9465),
 .UNSPECIFIED.,.F.,.F.,(4,1,4),(-0.115897895412483,-0.0603066297050174,
0.),.UNSPECIFIED.);
#208=B_SPLINE_CURVE_WITH_KNOTS('',3,(#9478,#9479,#9480,#9481,#9482,#9483,
#9484),.UNSPECIFIED.,.F.,.F.,(4,3,4),(0.,0.0677895242402607,0.15064202463284),
 .UNSPECIFIED.);
#209=B_SPLINE_CURVE_WITH_KNOTS('',3,(#9486,#9487,#9488,#9489,#9490),
 .UNSPECIFIED.,.F.,.F.,(4,1,4),(-0.132812255864993,-0.0597660557225472,
0.),.UNSPECIFIED.);
#210=B_SPLINE_CURVE_WITH_KNOTS('',3,(#9503,#9504,#9505,#9506,#9507,#9508,
#9509),.UNSPECIFIED.,.F.,.F.,(4,3,4),(0.,0.0811004003408396,0.146230071772415),
 .UNSPECIFIED.);
#211=B_SPLINE_CURVE_WITH_KNOTS('',3,(#9511,#9512,#9513,#9514,#9515),
 .UNSPECIFIED.,.F.,.F.,(4,1,4),(-0.141570234007727,-0.078516015995958,0.),
 .UNSPECIFIED.);
#212=B_SPLINE_CURVE_WITH_KNOTS('',3,(#9528,#9529,#9530,#9531,#9532,#9533,
#9534),.UNSPECIFIED.,.F.,.F.,(4,3,4),(0.,0.0604126249447713,0.123433662514224),
 .UNSPECIFIED.);
#213=B_SPLINE_CURVE_WITH_KNOTS('',3,(#9536,#9537,#9538,#9539,#9540),
 .UNSPECIFIED.,.F.,.F.,(4,1,4),(-0.115634564991052,-0.0565954818415213,
0.),.UNSPECIFIED.);
#214=B_SPLINE_CURVE_WITH_KNOTS('',3,(#9553,#9554,#9555,#9556,#9557,#9558,
#9559),.UNSPECIFIED.,.F.,.F.,(4,3,4),(0.,0.0332106603204737,0.0677462404976457),
 .UNSPECIFIED.);
#215=B_SPLINE_CURVE_WITH_KNOTS('',3,(#9561,#9562,#9563,#9564,#9565),
 .UNSPECIFIED.,.F.,.F.,(4,1,4),(-0.0651011805310673,-0.0319139951855225,
0.),.UNSPECIFIED.);
#216=B_SPLINE_CURVE_WITH_KNOTS('',3,(#9578,#9579,#9580,#9581,#9582,#9583,
#9584),.UNSPECIFIED.,.F.,.F.,(4,3,4),(0.,0.0328390613195617,0.0629905397087891),
 .UNSPECIFIED.);
#217=B_SPLINE_CURVE_WITH_KNOTS('',3,(#9586,#9587,#9588,#9589,#9590),
 .UNSPECIFIED.,.F.,.F.,(4,1,4),(-0.0626726014174226,-0.032673309524224,
0.),.UNSPECIFIED.);
#218=B_SPLINE_CURVE_WITH_KNOTS('',3,(#9700,#9701,#9702,#9703,#9704,#9705,
#9706),.UNSPECIFIED.,.F.,.F.,(4,3,4),(0.,0.0454232268397333,0.103791408820738),
 .UNSPECIFIED.);
#219=B_SPLINE_CURVE_WITH_KNOTS('',3,(#9710,#9711,#9712,#9713,#9714),
 .UNSPECIFIED.,.F.,.F.,(4,1,4),(-0.0923738022072902,-0.040426430466488,
0.),.UNSPECIFIED.);
#220=B_SPLINE_CURVE_WITH_KNOTS('',3,(#9727,#9728,#9729,#9730,#9731,#9732,
#9733),.UNSPECIFIED.,.F.,.F.,(4,3,4),(0.,0.0275191873140181,0.0627355784432741),
 .UNSPECIFIED.);
#221=B_SPLINE_CURVE_WITH_KNOTS('',3,(#9736,#9737,#9738,#9739,#9740),
 .UNSPECIFIED.,.F.,.F.,(4,1,4),(-0.0554967001143392,-0.0243438272771697,
0.),.UNSPECIFIED.);
#222=B_SPLINE_CURVE_WITH_KNOTS('',3,(#9752,#9753,#9754,#9755,#9756,#9757,
#9758),.UNSPECIFIED.,.F.,.F.,(4,3,4),(0.,0.0242131132744546,0.0466368825056213),
 .UNSPECIFIED.);
#223=B_SPLINE_CURVE_WITH_KNOTS('',3,(#9761,#9762,#9763,#9764,#9765),
 .UNSPECIFIED.,.F.,.F.,(4,1,4),(-0.0461139033450193,-0.0239415909733165,
0.),.UNSPECIFIED.);
#224=B_SPLINE_CURVE_WITH_KNOTS('',3,(#9777,#9778,#9779,#9780,#9781,#9782,
#9783),.UNSPECIFIED.,.F.,.F.,(4,3,4),(0.,0.0374526363012291,0.0630539102534304),
 .UNSPECIFIED.);
#225=B_SPLINE_CURVE_WITH_KNOTS('',3,(#9786,#9787,#9788,#9789,#9790),
 .UNSPECIFIED.,.F.,.F.,(4,1,4),(-0.0613288488177726,-0.0364279877380029,
0.),.UNSPECIFIED.);
#226=B_SPLINE_CURVE_WITH_KNOTS('',3,(#9815,#9816,#9817,#9818,#9819,#9820,
#9821),.UNSPECIFIED.,.F.,.F.,(4,3,4),(0.,0.0580935399454777,0.108804894909022),
 .UNSPECIFIED.);
#227=B_SPLINE_CURVE_WITH_KNOTS('',3,(#9825,#9826,#9827,#9828,#9829),
 .UNSPECIFIED.,.F.,.F.,(4,1,4),(-0.107875295252123,-0.0575972044189694,
0.),.UNSPECIFIED.);
#228=B_SPLINE_CURVE_WITH_KNOTS('',3,(#9842,#9843,#9844,#9845,#9846,#9847,
#9848),.UNSPECIFIED.,.F.,.F.,(4,3,4),(0.,0.0608031597249763,0.132581158739274),
 .UNSPECIFIED.);
#229=B_SPLINE_CURVE_WITH_KNOTS('',3,(#9851,#9852,#9853,#9854,#9855),
 .UNSPECIFIED.,.F.,.F.,(4,1,4),(-0.119698790917679,-0.0548951658913072,
0.),.UNSPECIFIED.);
#230=B_SPLINE_CURVE_WITH_KNOTS('',3,(#9867,#9868,#9869,#9870,#9871,#9872,
#9873),.UNSPECIFIED.,.F.,.F.,(4,3,4),(0.,0.0484970602052205,0.099698024302223),
 .UNSPECIFIED.);
#231=B_SPLINE_CURVE_WITH_KNOTS('',3,(#9876,#9877,#9878,#9879,#9880),
 .UNSPECIFIED.,.F.,.F.,(4,1,4),(-0.0945841143317521,-0.0460094522364789,
0.),.UNSPECIFIED.);
#232=B_SPLINE_CURVE_WITH_KNOTS('',3,(#9892,#9893,#9894,#9895,#9896,#9897,
#9898),.UNSPECIFIED.,.F.,.F.,(4,3,4),(0.,0.0451231024659795,0.0901060990565886),
 .UNSPECIFIED.);
#233=B_SPLINE_CURVE_WITH_KNOTS('',3,(#9901,#9902,#9903,#9904,#9905),
 .UNSPECIFIED.,.F.,.F.,(4,1,4),(-0.0891204455487265,-0.0446295094162651,
0.),.UNSPECIFIED.);
#234=B_SPLINE_CURVE_WITH_KNOTS('',3,(#9917,#9918,#9919,#9920,#9921,#9922,
#9923),.UNSPECIFIED.,.F.,.F.,(4,3,4),(0.,0.0561694882522235,0.0977946995366645),
 .UNSPECIFIED.);
#235=B_SPLINE_CURVE_WITH_KNOTS('',3,(#9926,#9927,#9928,#9929,#9930),
 .UNSPECIFIED.,.F.,.F.,(4,1,4),(-0.0958426166451843,-0.0550482874350028,
0.),.UNSPECIFIED.);
#236=B_SPLINE_CURVE_WITH_KNOTS('',3,(#9948,#9949,#9950,#9951,#9952,#9953,
#9954),.UNSPECIFIED.,.F.,.F.,(4,3,4),(0.,0.0523309049185814,0.0916433841658401),
 .UNSPECIFIED.);
#237=B_SPLINE_CURVE_WITH_KNOTS('',3,(#9956,#9957,#9958,#9959,#9960),
 .UNSPECIFIED.,.F.,.F.,(4,1,4),(-0.0898531976752791,-0.0513086589607657,
0.),.UNSPECIFIED.);
#238=B_SPLINE_CURVE_WITH_KNOTS('',3,(#9973,#9974,#9975,#9976,#9977,#9978,
#9979),.UNSPECIFIED.,.F.,.F.,(4,3,4),(0.,0.0306621620089448,0.0575126089486942),
 .UNSPECIFIED.);
#239=B_SPLINE_CURVE_WITH_KNOTS('',3,(#9981,#9982,#9983,#9984,#9985),
 .UNSPECIFIED.,.F.,.F.,(4,1,4),(-0.0567054840793019,-0.0302318530043779,
0.),.UNSPECIFIED.);
#240=B_SPLINE_CURVE_WITH_KNOTS('',3,(#9998,#9999,#10000,#10001,#10002,#10003,
#10004),.UNSPECIFIED.,.F.,.F.,(4,3,4),(0.,0.0272587695647809,0.0565157964132282),
 .UNSPECIFIED.);
#241=B_SPLINE_CURVE_WITH_KNOTS('',3,(#10006,#10007,#10008,#10009,#10010),
 .UNSPECIFIED.,.F.,.F.,(4,1,4),(-0.0528181142919424,-0.0254752989023317,
0.),.UNSPECIFIED.);
#242=B_SPLINE_CURVE_WITH_KNOTS('',3,(#10023,#10024,#10025,#10026,#10027,
#10028,#10029),.UNSPECIFIED.,.F.,.F.,(4,3,4),(0.,0.0345252140131938,0.0910853315663226),
 .UNSPECIFIED.);
#243=B_SPLINE_CURVE_WITH_KNOTS('',3,(#10031,#10032,#10033,#10034,#10035),
 .UNSPECIFIED.,.F.,.F.,(4,1,4),(-0.0830966484688137,-0.03149716340524,0.),
 .UNSPECIFIED.);
#244=B_SPLINE_CURVE_WITH_KNOTS('',3,(#10051,#10052,#10053,#10054,#10055,
#10056,#10057),.UNSPECIFIED.,.F.,.F.,(4,3,4),(0.,0.0549649516490084,0.105170029291255),
 .UNSPECIFIED.);
#245=B_SPLINE_CURVE_WITH_KNOTS('',3,(#10059,#10060,#10061,#10062,#10063),
 .UNSPECIFIED.,.F.,.F.,(4,1,4),(-0.104022864231117,-0.0543654094363757,
0.),.UNSPECIFIED.);
#246=B_SPLINE_CURVE_WITH_KNOTS('',3,(#10076,#10077,#10078,#10079,#10080,
#10081,#10082),.UNSPECIFIED.,.F.,.F.,(4,3,4),(0.,0.0420960611703176,0.089935164641664),
 .UNSPECIFIED.);
#247=B_SPLINE_CURVE_WITH_KNOTS('',3,(#10084,#10085,#10086,#10087,#10088),
 .UNSPECIFIED.,.F.,.F.,(4,1,4),(-0.081939970849357,-0.0383537411524413,
0.),.UNSPECIFIED.);
#248=B_SPLINE_CURVE_WITH_KNOTS('',3,(#10101,#10102,#10103,#10104,#10105,
#10106,#10107),.UNSPECIFIED.,.F.,.F.,(4,3,4),(0.,0.0447105571887016,0.101232992147643),
 .UNSPECIFIED.);
#249=B_SPLINE_CURVE_WITH_KNOTS('',3,(#10109,#10110,#10111,#10112,#10113),
 .UNSPECIFIED.,.F.,.F.,(4,1,4),(-0.0902249241473224,-0.039848734541519,
0.),.UNSPECIFIED.);
#250=MANIFOLD_SOLID_BREP('Plate',#5698);
#251=MANIFOLD_SOLID_BREP('MACH',#5699);
#252=MANIFOLD_SOLID_BREP('PITCH',#5700);
#253=MANIFOLD_SOLID_BREP('HEADING',#5701);
#254=STYLED_ITEM('',(#10290),#5416);
#255=STYLED_ITEM('',(#10290),#5420);
#256=STYLED_ITEM('',(#10290),#5425);
#257=STYLED_ITEM('',(#10289),#250);
#258=STYLED_ITEM('',(#10291),#5445);
#259=STYLED_ITEM('',(#10291),#5501);
#260=STYLED_ITEM('',(#10290),#251);
#261=STYLED_ITEM('',(#10292),#5534);
#262=STYLED_ITEM('',(#10292),#5581);
#263=STYLED_ITEM('',(#10290),#252);
#264=STYLED_ITEM('',(#10293),#5669);
#265=STYLED_ITEM('',(#10293),#5682);
#266=STYLED_ITEM('',(#10293),#5696);
#267=STYLED_ITEM('',(#10290),#253);
#268=FACE_BOUND('',#861,.T.);
#269=FACE_BOUND('',#862,.T.);
#270=FACE_BOUND('',#863,.T.);
#271=FACE_BOUND('',#864,.T.);
#272=FACE_BOUND('',#865,.T.);
#273=FACE_BOUND('',#866,.T.);
#274=FACE_BOUND('',#867,.T.);
#275=FACE_BOUND('',#868,.T.);
#276=FACE_BOUND('',#869,.T.);
#277=FACE_BOUND('',#870,.T.);
#278=FACE_BOUND('',#871,.T.);
#279=FACE_BOUND('',#872,.T.);
#280=FACE_BOUND('',#873,.T.);
#281=FACE_BOUND('',#874,.T.);
#282=FACE_BOUND('',#875,.T.);
#283=FACE_BOUND('',#876,.T.);
#284=FACE_BOUND('',#877,.T.);
#285=FACE_BOUND('',#878,.T.);
#286=FACE_BOUND('',#879,.T.);
#287=FACE_BOUND('',#880,.T.);
#288=FACE_BOUND('',#881,.T.);
#289=FACE_BOUND('',#906,.T.);
#290=FACE_BOUND('',#907,.T.);
#291=FACE_BOUND('',#908,.T.);
#292=FACE_BOUND('',#909,.T.);
#293=FACE_BOUND('',#910,.T.);
#294=FACE_BOUND('',#911,.T.);
#295=FACE_BOUND('',#912,.T.);
#296=FACE_BOUND('',#913,.T.);
#297=FACE_BOUND('',#914,.T.);
#298=FACE_BOUND('',#915,.T.);
#299=FACE_BOUND('',#916,.T.);
#300=FACE_BOUND('',#917,.T.);
#301=FACE_BOUND('',#918,.T.);
#302=FACE_BOUND('',#919,.T.);
#303=FACE_BOUND('',#920,.T.);
#304=FACE_BOUND('',#921,.T.);
#305=FACE_BOUND('',#922,.T.);
#306=FACE_BOUND('',#923,.T.);
#307=FACE_BOUND('',#924,.T.);
#308=FACE_BOUND('',#925,.T.);
#309=FACE_BOUND('',#926,.T.);
#310=FACE_BOUND('',#939,.T.);
#311=FACE_BOUND('',#941,.T.);
#312=FACE_BOUND('',#942,.T.);
#313=FACE_BOUND('',#943,.T.);
#314=FACE_BOUND('',#944,.T.);
#315=FACE_BOUND('',#1000,.T.);
#316=FACE_BOUND('',#1012,.T.);
#317=FACE_BOUND('',#1035,.T.);
#318=FACE_BOUND('',#1037,.T.);
#319=FACE_BOUND('',#1038,.T.);
#320=FACE_BOUND('',#1039,.T.);
#321=FACE_BOUND('',#1040,.T.);
#322=FACE_BOUND('',#1041,.T.);
#323=FACE_BOUND('',#1099,.T.);
#324=FACE_BOUND('',#1177,.T.);
#325=FACE_BOUND('',#1179,.T.);
#326=FACE_BOUND('',#1180,.T.);
#327=FACE_BOUND('',#1181,.T.);
#328=FACE_BOUND('',#1182,.T.);
#329=FACE_BOUND('',#1183,.T.);
#330=FACE_BOUND('',#1184,.T.);
#331=FACE_BOUND('',#1185,.T.);
#332=FACE_BOUND('',#1198,.T.);
#333=PLANE('',#5738);
#334=PLANE('',#5739);
#335=PLANE('',#5762);
#336=PLANE('',#5765);
#337=PLANE('',#5802);
#338=PLANE('',#5803);
#339=PLANE('',#5804);
#340=PLANE('',#5805);
#341=PLANE('',#5806);
#342=PLANE('',#5807);
#343=PLANE('',#5808);
#344=PLANE('',#5809);
#345=PLANE('',#5810);
#346=PLANE('',#5811);
#347=PLANE('',#5812);
#348=PLANE('',#5813);
#349=PLANE('',#5814);
#350=PLANE('',#5815);
#351=PLANE('',#5816);
#352=PLANE('',#5817);
#353=PLANE('',#5818);
#354=PLANE('',#5819);
#355=PLANE('',#5820);
#356=PLANE('',#5821);
#357=PLANE('',#5822);
#358=PLANE('',#5823);
#359=PLANE('',#5824);
#360=PLANE('',#5825);
#361=PLANE('',#5826);
#362=PLANE('',#5827);
#363=PLANE('',#5828);
#364=PLANE('',#5829);
#365=PLANE('',#5830);
#366=PLANE('',#5831);
#367=PLANE('',#5832);
#368=PLANE('',#5833);
#369=PLANE('',#5834);
#370=PLANE('',#5835);
#371=PLANE('',#5836);
#372=PLANE('',#5837);
#373=PLANE('',#5838);
#374=PLANE('',#5839);
#375=PLANE('',#5840);
#376=PLANE('',#5841);
#377=PLANE('',#5842);
#378=PLANE('',#5843);
#379=PLANE('',#5844);
#380=PLANE('',#5845);
#381=PLANE('',#5846);
#382=PLANE('',#5847);
#383=PLANE('',#5848);
#384=PLANE('',#5849);
#385=PLANE('',#5850);
#386=PLANE('',#5851);
#387=PLANE('',#5852);
#388=PLANE('',#5853);
#389=PLANE('',#5854);
#390=PLANE('',#5855);
#391=PLANE('',#5856);
#392=PLANE('',#5857);
#393=PLANE('',#5858);
#394=PLANE('',#5859);
#395=PLANE('',#5860);
#396=PLANE('',#5861);
#397=PLANE('',#5862);
#398=PLANE('',#5863);
#399=PLANE('',#5864);
#400=PLANE('',#5865);
#401=PLANE('',#5866);
#402=PLANE('',#5867);
#403=PLANE('',#5868);
#404=PLANE('',#5869);
#405=PLANE('',#5870);
#406=PLANE('',#5871);
#407=PLANE('',#5872);
#408=PLANE('',#5873);
#409=PLANE('',#5874);
#410=PLANE('',#5875);
#411=PLANE('',#5876);
#412=PLANE('',#5877);
#413=PLANE('',#5878);
#414=PLANE('',#5879);
#415=PLANE('',#5880);
#416=PLANE('',#5881);
#417=PLANE('',#5882);
#418=PLANE('',#5883);
#419=PLANE('',#5884);
#420=PLANE('',#5885);
#421=PLANE('',#5886);
#422=PLANE('',#5887);
#423=PLANE('',#5888);
#424=PLANE('',#5889);
#425=PLANE('',#5890);
#426=PLANE('',#5891);
#427=PLANE('',#5892);
#428=PLANE('',#5893);
#429=PLANE('',#5894);
#430=PLANE('',#5895);
#431=PLANE('',#5896);
#432=PLANE('',#5897);
#433=PLANE('',#5898);
#434=PLANE('',#5899);
#435=PLANE('',#5900);
#436=PLANE('',#5901);
#437=PLANE('',#5902);
#438=PLANE('',#5903);
#439=PLANE('',#5904);
#440=PLANE('',#5905);
#441=PLANE('',#5906);
#442=PLANE('',#5907);
#443=PLANE('',#5908);
#444=PLANE('',#5909);
#445=PLANE('',#5910);
#446=PLANE('',#5911);
#447=PLANE('',#5912);
#448=PLANE('',#5913);
#449=PLANE('',#5914);
#450=PLANE('',#5915);
#451=PLANE('',#5916);
#452=PLANE('',#5917);
#453=PLANE('',#5918);
#454=PLANE('',#5919);
#455=PLANE('',#5920);
#456=PLANE('',#5921);
#457=PLANE('',#5922);
#458=PLANE('',#5923);
#459=PLANE('',#5924);
#460=PLANE('',#5925);
#461=PLANE('',#5926);
#462=PLANE('',#5927);
#463=PLANE('',#5928);
#464=PLANE('',#5929);
#465=PLANE('',#5930);
#466=PLANE('',#5931);
#467=PLANE('',#5932);
#468=PLANE('',#5933);
#469=PLANE('',#5934);
#470=PLANE('',#5935);
#471=PLANE('',#5936);
#472=PLANE('',#5937);
#473=PLANE('',#5938);
#474=PLANE('',#5939);
#475=PLANE('',#5940);
#476=PLANE('',#5941);
#477=PLANE('',#5942);
#478=PLANE('',#5943);
#479=PLANE('',#5944);
#480=PLANE('',#5945);
#481=PLANE('',#5946);
#482=PLANE('',#5947);
#483=PLANE('',#5948);
#484=PLANE('',#5949);
#485=PLANE('',#5950);
#486=PLANE('',#5951);
#487=PLANE('',#5952);
#488=PLANE('',#5953);
#489=PLANE('',#5954);
#490=PLANE('',#5955);
#491=PLANE('',#5956);
#492=PLANE('',#5957);
#493=PLANE('',#5958);
#494=PLANE('',#5959);
#495=PLANE('',#5960);
#496=PLANE('',#5961);
#497=PLANE('',#5962);
#498=PLANE('',#5963);
#499=PLANE('',#5964);
#500=PLANE('',#5965);
#501=PLANE('',#5966);
#502=PLANE('',#5967);
#503=PLANE('',#5968);
#504=PLANE('',#5969);
#505=PLANE('',#5970);
#506=PLANE('',#5971);
#507=PLANE('',#5972);
#508=PLANE('',#5973);
#509=PLANE('',#5974);
#510=PLANE('',#5975);
#511=PLANE('',#5976);
#512=PLANE('',#5977);
#513=PLANE('',#5978);
#514=PLANE('',#5979);
#515=PLANE('',#5980);
#516=PLANE('',#5981);
#517=PLANE('',#5982);
#518=PLANE('',#5983);
#519=PLANE('',#5984);
#520=PLANE('',#5985);
#521=PLANE('',#5986);
#522=PLANE('',#5987);
#523=PLANE('',#5988);
#524=PLANE('',#5989);
#525=CYLINDRICAL_SURFACE('',#5718,1.7);
#526=CYLINDRICAL_SURFACE('',#5723,1.7);
#527=CYLINDRICAL_SURFACE('',#5728,1.7);
#528=CYLINDRICAL_SURFACE('',#5733,1.7);
#529=CYLINDRICAL_SURFACE('',#5735,4.5);
#530=CYLINDRICAL_SURFACE('',#5760,4.5);
#531=CYLINDRICAL_SURFACE('',#5763,4.5);
#532=CYLINDRICAL_SURFACE('',#5766,4.5);
#533=CYLINDRICAL_SURFACE('',#5768,3.125);
#534=CYLINDRICAL_SURFACE('',#5770,1.49999999999999);
#535=CYLINDRICAL_SURFACE('',#5772,32.);
#536=CYLINDRICAL_SURFACE('',#5774,1.5);
#537=CYLINDRICAL_SURFACE('',#5776,1.5);
#538=CYLINDRICAL_SURFACE('',#5778,1.5);
#539=CYLINDRICAL_SURFACE('',#5780,32.);
#540=CYLINDRICAL_SURFACE('',#5782,1.5);
#541=CYLINDRICAL_SURFACE('',#5784,1.5);
#542=CYLINDRICAL_SURFACE('',#5786,1.5);
#543=CYLINDRICAL_SURFACE('',#5788,1.5);
#544=CYLINDRICAL_SURFACE('',#5790,32.);
#545=CYLINDRICAL_SURFACE('',#5792,1.49999999999999);
#546=CYLINDRICAL_SURFACE('',#5794,1.5);
#547=CYLINDRICAL_SURFACE('',#5796,4.125);
#548=CYLINDRICAL_SURFACE('',#5798,1.5);
#549=CYLINDRICAL_SURFACE('',#5800,1.5);
#550=FACE_OUTER_BOUND('',#850,.T.);
#551=FACE_OUTER_BOUND('',#851,.T.);
#552=FACE_OUTER_BOUND('',#852,.T.);
#553=FACE_OUTER_BOUND('',#853,.T.);
#554=FACE_OUTER_BOUND('',#854,.T.);
#555=FACE_OUTER_BOUND('',#855,.T.);
#556=FACE_OUTER_BOUND('',#856,.T.);
#557=FACE_OUTER_BOUND('',#857,.T.);
#558=FACE_OUTER_BOUND('',#858,.T.);
#559=FACE_OUTER_BOUND('',#859,.T.);
#560=FACE_OUTER_BOUND('',#860,.T.);
#561=FACE_OUTER_BOUND('',#882,.T.);
#562=FACE_OUTER_BOUND('',#883,.T.);
#563=FACE_OUTER_BOUND('',#884,.T.);
#564=FACE_OUTER_BOUND('',#885,.T.);
#565=FACE_OUTER_BOUND('',#886,.T.);
#566=FACE_OUTER_BOUND('',#887,.T.);
#567=FACE_OUTER_BOUND('',#888,.T.);
#568=FACE_OUTER_BOUND('',#889,.T.);
#569=FACE_OUTER_BOUND('',#890,.T.);
#570=FACE_OUTER_BOUND('',#891,.T.);
#571=FACE_OUTER_BOUND('',#892,.T.);
#572=FACE_OUTER_BOUND('',#893,.T.);
#573=FACE_OUTER_BOUND('',#894,.T.);
#574=FACE_OUTER_BOUND('',#895,.T.);
#575=FACE_OUTER_BOUND('',#896,.T.);
#576=FACE_OUTER_BOUND('',#897,.T.);
#577=FACE_OUTER_BOUND('',#898,.T.);
#578=FACE_OUTER_BOUND('',#899,.T.);
#579=FACE_OUTER_BOUND('',#900,.T.);
#580=FACE_OUTER_BOUND('',#901,.T.);
#581=FACE_OUTER_BOUND('',#902,.T.);
#582=FACE_OUTER_BOUND('',#903,.T.);
#583=FACE_OUTER_BOUND('',#904,.T.);
#584=FACE_OUTER_BOUND('',#905,.T.);
#585=FACE_OUTER_BOUND('',#927,.T.);
#586=FACE_OUTER_BOUND('',#928,.T.);
#587=FACE_OUTER_BOUND('',#929,.T.);
#588=FACE_OUTER_BOUND('',#930,.T.);
#589=FACE_OUTER_BOUND('',#931,.T.);
#590=FACE_OUTER_BOUND('',#932,.T.);
#591=FACE_OUTER_BOUND('',#933,.T.);
#592=FACE_OUTER_BOUND('',#934,.T.);
#593=FACE_OUTER_BOUND('',#935,.T.);
#594=FACE_OUTER_BOUND('',#936,.T.);
#595=FACE_OUTER_BOUND('',#937,.T.);
#596=FACE_OUTER_BOUND('',#938,.T.);
#597=FACE_OUTER_BOUND('',#940,.T.);
#598=FACE_OUTER_BOUND('',#945,.T.);
#599=FACE_OUTER_BOUND('',#946,.T.);
#600=FACE_OUTER_BOUND('',#947,.T.);
#601=FACE_OUTER_BOUND('',#948,.T.);
#602=FACE_OUTER_BOUND('',#949,.T.);
#603=FACE_OUTER_BOUND('',#950,.T.);
#604=FACE_OUTER_BOUND('',#951,.T.);
#605=FACE_OUTER_BOUND('',#952,.T.);
#606=FACE_OUTER_BOUND('',#953,.T.);
#607=FACE_OUTER_BOUND('',#954,.T.);
#608=FACE_OUTER_BOUND('',#955,.T.);
#609=FACE_OUTER_BOUND('',#956,.T.);
#610=FACE_OUTER_BOUND('',#957,.T.);
#611=FACE_OUTER_BOUND('',#958,.T.);
#612=FACE_OUTER_BOUND('',#959,.T.);
#613=FACE_OUTER_BOUND('',#960,.T.);
#614=FACE_OUTER_BOUND('',#961,.T.);
#615=FACE_OUTER_BOUND('',#962,.T.);
#616=FACE_OUTER_BOUND('',#963,.T.);
#617=FACE_OUTER_BOUND('',#964,.T.);
#618=FACE_OUTER_BOUND('',#965,.T.);
#619=FACE_OUTER_BOUND('',#966,.T.);
#620=FACE_OUTER_BOUND('',#967,.T.);
#621=FACE_OUTER_BOUND('',#968,.T.);
#622=FACE_OUTER_BOUND('',#969,.T.);
#623=FACE_OUTER_BOUND('',#970,.T.);
#624=FACE_OUTER_BOUND('',#971,.T.);
#625=FACE_OUTER_BOUND('',#972,.T.);
#626=FACE_OUTER_BOUND('',#973,.T.);
#627=FACE_OUTER_BOUND('',#974,.T.);
#628=FACE_OUTER_BOUND('',#975,.T.);
#629=FACE_OUTER_BOUND('',#976,.T.);
#630=FACE_OUTER_BOUND('',#977,.T.);
#631=FACE_OUTER_BOUND('',#978,.T.);
#632=FACE_OUTER_BOUND('',#979,.T.);
#633=FACE_OUTER_BOUND('',#980,.T.);
#634=FACE_OUTER_BOUND('',#981,.T.);
#635=FACE_OUTER_BOUND('',#982,.T.);
#636=FACE_OUTER_BOUND('',#983,.T.);
#637=FACE_OUTER_BOUND('',#984,.T.);
#638=FACE_OUTER_BOUND('',#985,.T.);
#639=FACE_OUTER_BOUND('',#986,.T.);
#640=FACE_OUTER_BOUND('',#987,.T.);
#641=FACE_OUTER_BOUND('',#988,.T.);
#642=FACE_OUTER_BOUND('',#989,.T.);
#643=FACE_OUTER_BOUND('',#990,.T.);
#644=FACE_OUTER_BOUND('',#991,.T.);
#645=FACE_OUTER_BOUND('',#992,.T.);
#646=FACE_OUTER_BOUND('',#993,.T.);
#647=FACE_OUTER_BOUND('',#994,.T.);
#648=FACE_OUTER_BOUND('',#995,.T.);
#649=FACE_OUTER_BOUND('',#996,.T.);
#650=FACE_OUTER_BOUND('',#997,.T.);
#651=FACE_OUTER_BOUND('',#998,.T.);
#652=FACE_OUTER_BOUND('',#999,.T.);
#653=FACE_OUTER_BOUND('',#1001,.T.);
#654=FACE_OUTER_BOUND('',#1002,.T.);
#655=FACE_OUTER_BOUND('',#1003,.T.);
#656=FACE_OUTER_BOUND('',#1004,.T.);
#657=FACE_OUTER_BOUND('',#1005,.T.);
#658=FACE_OUTER_BOUND('',#1006,.T.);
#659=FACE_OUTER_BOUND('',#1007,.T.);
#660=FACE_OUTER_BOUND('',#1008,.T.);
#661=FACE_OUTER_BOUND('',#1009,.T.);
#662=FACE_OUTER_BOUND('',#1010,.T.);
#663=FACE_OUTER_BOUND('',#1011,.T.);
#664=FACE_OUTER_BOUND('',#1013,.T.);
#665=FACE_OUTER_BOUND('',#1014,.T.);
#666=FACE_OUTER_BOUND('',#1015,.T.);
#667=FACE_OUTER_BOUND('',#1016,.T.);
#668=FACE_OUTER_BOUND('',#1017,.T.);
#669=FACE_OUTER_BOUND('',#1018,.T.);
#670=FACE_OUTER_BOUND('',#1019,.T.);
#671=FACE_OUTER_BOUND('',#1020,.T.);
#672=FACE_OUTER_BOUND('',#1021,.T.);
#673=FACE_OUTER_BOUND('',#1022,.T.);
#674=FACE_OUTER_BOUND('',#1023,.T.);
#675=FACE_OUTER_BOUND('',#1024,.T.);
#676=FACE_OUTER_BOUND('',#1025,.T.);
#677=FACE_OUTER_BOUND('',#1026,.T.);
#678=FACE_OUTER_BOUND('',#1027,.T.);
#679=FACE_OUTER_BOUND('',#1028,.T.);
#680=FACE_OUTER_BOUND('',#1029,.T.);
#681=FACE_OUTER_BOUND('',#1030,.T.);
#682=FACE_OUTER_BOUND('',#1031,.T.);
#683=FACE_OUTER_BOUND('',#1032,.T.);
#684=FACE_OUTER_BOUND('',#1033,.T.);
#685=FACE_OUTER_BOUND('',#1034,.T.);
#686=FACE_OUTER_BOUND('',#1036,.T.);
#687=FACE_OUTER_BOUND('',#1042,.T.);
#688=FACE_OUTER_BOUND('',#1043,.T.);
#689=FACE_OUTER_BOUND('',#1044,.T.);
#690=FACE_OUTER_BOUND('',#1045,.T.);
#691=FACE_OUTER_BOUND('',#1046,.T.);
#692=FACE_OUTER_BOUND('',#1047,.T.);
#693=FACE_OUTER_BOUND('',#1048,.T.);
#694=FACE_OUTER_BOUND('',#1049,.T.);
#695=FACE_OUTER_BOUND('',#1050,.T.);
#696=FACE_OUTER_BOUND('',#1051,.T.);
#697=FACE_OUTER_BOUND('',#1052,.T.);
#698=FACE_OUTER_BOUND('',#1053,.T.);
#699=FACE_OUTER_BOUND('',#1054,.T.);
#700=FACE_OUTER_BOUND('',#1055,.T.);
#701=FACE_OUTER_BOUND('',#1056,.T.);
#702=FACE_OUTER_BOUND('',#1057,.T.);
#703=FACE_OUTER_BOUND('',#1058,.T.);
#704=FACE_OUTER_BOUND('',#1059,.T.);
#705=FACE_OUTER_BOUND('',#1060,.T.);
#706=FACE_OUTER_BOUND('',#1061,.T.);
#707=FACE_OUTER_BOUND('',#1062,.T.);
#708=FACE_OUTER_BOUND('',#1063,.T.);
#709=FACE_OUTER_BOUND('',#1064,.T.);
#710=FACE_OUTER_BOUND('',#1065,.T.);
#711=FACE_OUTER_BOUND('',#1066,.T.);
#712=FACE_OUTER_BOUND('',#1067,.T.);
#713=FACE_OUTER_BOUND('',#1068,.T.);
#714=FACE_OUTER_BOUND('',#1069,.T.);
#715=FACE_OUTER_BOUND('',#1070,.T.);
#716=FACE_OUTER_BOUND('',#1071,.T.);
#717=FACE_OUTER_BOUND('',#1072,.T.);
#718=FACE_OUTER_BOUND('',#1073,.T.);
#719=FACE_OUTER_BOUND('',#1074,.T.);
#720=FACE_OUTER_BOUND('',#1075,.T.);
#721=FACE_OUTER_BOUND('',#1076,.T.);
#722=FACE_OUTER_BOUND('',#1077,.T.);
#723=FACE_OUTER_BOUND('',#1078,.T.);
#724=FACE_OUTER_BOUND('',#1079,.T.);
#725=FACE_OUTER_BOUND('',#1080,.T.);
#726=FACE_OUTER_BOUND('',#1081,.T.);
#727=FACE_OUTER_BOUND('',#1082,.T.);
#728=FACE_OUTER_BOUND('',#1083,.T.);
#729=FACE_OUTER_BOUND('',#1084,.T.);
#730=FACE_OUTER_BOUND('',#1085,.T.);
#731=FACE_OUTER_BOUND('',#1086,.T.);
#732=FACE_OUTER_BOUND('',#1087,.T.);
#733=FACE_OUTER_BOUND('',#1088,.T.);
#734=FACE_OUTER_BOUND('',#1089,.T.);
#735=FACE_OUTER_BOUND('',#1090,.T.);
#736=FACE_OUTER_BOUND('',#1091,.T.);
#737=FACE_OUTER_BOUND('',#1092,.T.);
#738=FACE_OUTER_BOUND('',#1093,.T.);
#739=FACE_OUTER_BOUND('',#1094,.T.);
#740=FACE_OUTER_BOUND('',#1095,.T.);
#741=FACE_OUTER_BOUND('',#1096,.T.);
#742=FACE_OUTER_BOUND('',#1097,.T.);
#743=FACE_OUTER_BOUND('',#1098,.T.);
#744=FACE_OUTER_BOUND('',#1100,.T.);
#745=FACE_OUTER_BOUND('',#1101,.T.);
#746=FACE_OUTER_BOUND('',#1102,.T.);
#747=FACE_OUTER_BOUND('',#1103,.T.);
#748=FACE_OUTER_BOUND('',#1104,.T.);
#749=FACE_OUTER_BOUND('',#1105,.T.);
#750=FACE_OUTER_BOUND('',#1106,.T.);
#751=FACE_OUTER_BOUND('',#1107,.T.);
#752=FACE_OUTER_BOUND('',#1108,.T.);
#753=FACE_OUTER_BOUND('',#1109,.T.);
#754=FACE_OUTER_BOUND('',#1110,.T.);
#755=FACE_OUTER_BOUND('',#1111,.T.);
#756=FACE_OUTER_BOUND('',#1112,.T.);
#757=FACE_OUTER_BOUND('',#1113,.T.);
#758=FACE_OUTER_BOUND('',#1114,.T.);
#759=FACE_OUTER_BOUND('',#1115,.T.);
#760=FACE_OUTER_BOUND('',#1116,.T.);
#761=FACE_OUTER_BOUND('',#1117,.T.);
#762=FACE_OUTER_BOUND('',#1118,.T.);
#763=FACE_OUTER_BOUND('',#1119,.T.);
#764=FACE_OUTER_BOUND('',#1120,.T.);
#765=FACE_OUTER_BOUND('',#1121,.T.);
#766=FACE_OUTER_BOUND('',#1122,.T.);
#767=FACE_OUTER_BOUND('',#1123,.T.);
#768=FACE_OUTER_BOUND('',#1124,.T.);
#769=FACE_OUTER_BOUND('',#1125,.T.);
#770=FACE_OUTER_BOUND('',#1126,.T.);
#771=FACE_OUTER_BOUND('',#1127,.T.);
#772=FACE_OUTER_BOUND('',#1128,.T.);
#773=FACE_OUTER_BOUND('',#1129,.T.);
#774=FACE_OUTER_BOUND('',#1130,.T.);
#775=FACE_OUTER_BOUND('',#1131,.T.);
#776=FACE_OUTER_BOUND('',#1132,.T.);
#777=FACE_OUTER_BOUND('',#1133,.T.);
#778=FACE_OUTER_BOUND('',#1134,.T.);
#779=FACE_OUTER_BOUND('',#1135,.T.);
#780=FACE_OUTER_BOUND('',#1136,.T.);
#781=FACE_OUTER_BOUND('',#1137,.T.);
#782=FACE_OUTER_BOUND('',#1138,.T.);
#783=FACE_OUTER_BOUND('',#1139,.T.);
#784=FACE_OUTER_BOUND('',#1140,.T.);
#785=FACE_OUTER_BOUND('',#1141,.T.);
#786=FACE_OUTER_BOUND('',#1142,.T.);
#787=FACE_OUTER_BOUND('',#1143,.T.);
#788=FACE_OUTER_BOUND('',#1144,.T.);
#789=FACE_OUTER_BOUND('',#1145,.T.);
#790=FACE_OUTER_BOUND('',#1146,.T.);
#791=FACE_OUTER_BOUND('',#1147,.T.);
#792=FACE_OUTER_BOUND('',#1148,.T.);
#793=FACE_OUTER_BOUND('',#1149,.T.);
#794=FACE_OUTER_BOUND('',#1150,.T.);
#795=FACE_OUTER_BOUND('',#1151,.T.);
#796=FACE_OUTER_BOUND('',#1152,.T.);
#797=FACE_OUTER_BOUND('',#1153,.T.);
#798=FACE_OUTER_BOUND('',#1154,.T.);
#799=FACE_OUTER_BOUND('',#1155,.T.);
#800=FACE_OUTER_BOUND('',#1156,.T.);
#801=FACE_OUTER_BOUND('',#1157,.T.);
#802=FACE_OUTER_BOUND('',#1158,.T.);
#803=FACE_OUTER_BOUND('',#1159,.T.);
#804=FACE_OUTER_BOUND('',#1160,.T.);
#805=FACE_OUTER_BOUND('',#1161,.T.);
#806=FACE_OUTER_BOUND('',#1162,.T.);
#807=FACE_OUTER_BOUND('',#1163,.T.);
#808=FACE_OUTER_BOUND('',#1164,.T.);
#809=FACE_OUTER_BOUND('',#1165,.T.);
#810=FACE_OUTER_BOUND('',#1166,.T.);
#811=FACE_OUTER_BOUND('',#1167,.T.);
#812=FACE_OUTER_BOUND('',#1168,.T.);
#813=FACE_OUTER_BOUND('',#1169,.T.);
#814=FACE_OUTER_BOUND('',#1170,.T.);
#815=FACE_OUTER_BOUND('',#1171,.T.);
#816=FACE_OUTER_BOUND('',#1172,.T.);
#817=FACE_OUTER_BOUND('',#1173,.T.);
#818=FACE_OUTER_BOUND('',#1174,.T.);
#819=FACE_OUTER_BOUND('',#1175,.T.);
#820=FACE_OUTER_BOUND('',#1176,.T.);
#821=FACE_OUTER_BOUND('',#1178,.T.);
#822=FACE_OUTER_BOUND('',#1186,.T.);
#823=FACE_OUTER_BOUND('',#1187,.T.);
#824=FACE_OUTER_BOUND('',#1188,.T.);
#825=FACE_OUTER_BOUND('',#1189,.T.);
#826=FACE_OUTER_BOUND('',#1190,.T.);
#827=FACE_OUTER_BOUND('',#1191,.T.);
#828=FACE_OUTER_BOUND('',#1192,.T.);
#829=FACE_OUTER_BOUND('',#1193,.T.);
#830=FACE_OUTER_BOUND('',#1194,.T.);
#831=FACE_OUTER_BOUND('',#1195,.T.);
#832=FACE_OUTER_BOUND('',#1196,.T.);
#833=FACE_OUTER_BOUND('',#1197,.T.);
#834=FACE_OUTER_BOUND('',#1199,.T.);
#835=FACE_OUTER_BOUND('',#1200,.T.);
#836=FACE_OUTER_BOUND('',#1201,.T.);
#837=FACE_OUTER_BOUND('',#1202,.T.);
#838=FACE_OUTER_BOUND('',#1203,.T.);
#839=FACE_OUTER_BOUND('',#1204,.T.);
#840=FACE_OUTER_BOUND('',#1205,.T.);
#841=FACE_OUTER_BOUND('',#1206,.T.);
#842=FACE_OUTER_BOUND('',#1207,.T.);
#843=FACE_OUTER_BOUND('',#1208,.T.);
#844=FACE_OUTER_BOUND('',#1209,.T.);
#845=FACE_OUTER_BOUND('',#1210,.T.);
#846=FACE_OUTER_BOUND('',#1211,.T.);
#847=FACE_OUTER_BOUND('',#1212,.T.);
#848=FACE_OUTER_BOUND('',#1213,.T.);
#849=FACE_OUTER_BOUND('',#1214,.T.);
#850=EDGE_LOOP('',(#3788,#3789,#3790,#3791));
#851=EDGE_LOOP('',(#3792,#3793,#3794,#3795));
#852=EDGE_LOOP('',(#3796,#3797,#3798,#3799));
#853=EDGE_LOOP('',(#3800,#3801,#3802,#3803));
#854=EDGE_LOOP('',(#3804,#3805,#3806,#3807));
#855=EDGE_LOOP('',(#3808,#3809,#3810,#3811));
#856=EDGE_LOOP('',(#3812,#3813,#3814,#3815));
#857=EDGE_LOOP('',(#3816,#3817,#3818,#3819));
#858=EDGE_LOOP('',(#3820,#3821,#3822,#3823));
#859=EDGE_LOOP('',(#3824,#3825,#3826,#3827));
#860=EDGE_LOOP('',(#3828,#3829,#3830,#3831,#3832,#3833,#3834,#3835));
#861=EDGE_LOOP('',(#3836));
#862=EDGE_LOOP('',(#3837));
#863=EDGE_LOOP('',(#3838));
#864=EDGE_LOOP('',(#3839));
#865=EDGE_LOOP('',(#3840));
#866=EDGE_LOOP('',(#3841));
#867=EDGE_LOOP('',(#3842));
#868=EDGE_LOOP('',(#3843));
#869=EDGE_LOOP('',(#3844));
#870=EDGE_LOOP('',(#3845));
#871=EDGE_LOOP('',(#3846));
#872=EDGE_LOOP('',(#3847));
#873=EDGE_LOOP('',(#3848));
#874=EDGE_LOOP('',(#3849));
#875=EDGE_LOOP('',(#3850));
#876=EDGE_LOOP('',(#3851));
#877=EDGE_LOOP('',(#3852));
#878=EDGE_LOOP('',(#3853));
#879=EDGE_LOOP('',(#3854));
#880=EDGE_LOOP('',(#3855));
#881=EDGE_LOOP('',(#3856));
#882=EDGE_LOOP('',(#3857,#3858,#3859,#3860));
#883=EDGE_LOOP('',(#3861,#3862,#3863,#3864));
#884=EDGE_LOOP('',(#3865,#3866,#3867,#3868));
#885=EDGE_LOOP('',(#3869,#3870,#3871,#3872));
#886=EDGE_LOOP('',(#3873,#3874,#3875,#3876));
#887=EDGE_LOOP('',(#3877,#3878,#3879,#3880));
#888=EDGE_LOOP('',(#3881,#3882,#3883,#3884));
#889=EDGE_LOOP('',(#3885,#3886,#3887,#3888));
#890=EDGE_LOOP('',(#3889,#3890,#3891,#3892));
#891=EDGE_LOOP('',(#3893,#3894,#3895,#3896));
#892=EDGE_LOOP('',(#3897,#3898,#3899,#3900));
#893=EDGE_LOOP('',(#3901,#3902,#3903,#3904));
#894=EDGE_LOOP('',(#3905,#3906,#3907,#3908));
#895=EDGE_LOOP('',(#3909,#3910,#3911,#3912));
#896=EDGE_LOOP('',(#3913,#3914,#3915,#3916));
#897=EDGE_LOOP('',(#3917,#3918,#3919,#3920));
#898=EDGE_LOOP('',(#3921,#3922,#3923,#3924));
#899=EDGE_LOOP('',(#3925,#3926,#3927,#3928));
#900=EDGE_LOOP('',(#3929,#3930,#3931,#3932));
#901=EDGE_LOOP('',(#3933,#3934,#3935,#3936));
#902=EDGE_LOOP('',(#3937,#3938,#3939,#3940));
#903=EDGE_LOOP('',(#3941,#3942,#3943,#3944));
#904=EDGE_LOOP('',(#3945,#3946,#3947,#3948));
#905=EDGE_LOOP('',(#3949,#3950,#3951,#3952,#3953,#3954,#3955,#3956));
#906=EDGE_LOOP('',(#3957));
#907=EDGE_LOOP('',(#3958));
#908=EDGE_LOOP('',(#3959));
#909=EDGE_LOOP('',(#3960));
#910=EDGE_LOOP('',(#3961));
#911=EDGE_LOOP('',(#3962));
#912=EDGE_LOOP('',(#3963));
#913=EDGE_LOOP('',(#3964));
#914=EDGE_LOOP('',(#3965));
#915=EDGE_LOOP('',(#3966));
#916=EDGE_LOOP('',(#3967));
#917=EDGE_LOOP('',(#3968));
#918=EDGE_LOOP('',(#3969));
#919=EDGE_LOOP('',(#3970));
#920=EDGE_LOOP('',(#3971));
#921=EDGE_LOOP('',(#3972));
#922=EDGE_LOOP('',(#3973));
#923=EDGE_LOOP('',(#3974));
#924=EDGE_LOOP('',(#3975));
#925=EDGE_LOOP('',(#3976));
#926=EDGE_LOOP('',(#3977));
#927=EDGE_LOOP('',(#3978,#3979,#3980,#3981));
#928=EDGE_LOOP('',(#3982,#3983,#3984,#3985));
#929=EDGE_LOOP('',(#3986,#3987,#3988,#3989));
#930=EDGE_LOOP('',(#3990,#3991,#3992,#3993));
#931=EDGE_LOOP('',(#3994,#3995,#3996,#3997));
#932=EDGE_LOOP('',(#3998,#3999,#4000,#4001));
#933=EDGE_LOOP('',(#4002,#4003,#4004,#4005));
#934=EDGE_LOOP('',(#4006,#4007,#4008,#4009));
#935=EDGE_LOOP('',(#4010,#4011,#4012,#4013));
#936=EDGE_LOOP('',(#4014,#4015,#4016,#4017));
#937=EDGE_LOOP('',(#4018,#4019,#4020,#4021));
#938=EDGE_LOOP('',(#4022,#4023,#4024,#4025,#4026,#4027,#4028,#4029));
#939=EDGE_LOOP('',(#4030,#4031,#4032));
#940=EDGE_LOOP('',(#4033,#4034,#4035,#4036));
#941=EDGE_LOOP('',(#4037,#4038,#4039,#4040,#4041,#4042,#4043,#4044,#4045,
#4046,#4047,#4048,#4049));
#942=EDGE_LOOP('',(#4050,#4051,#4052,#4053,#4054,#4055,#4056,#4057,#4058,
#4059,#4060,#4061));
#943=EDGE_LOOP('',(#4062,#4063,#4064,#4065,#4066,#4067,#4068,#4069,#4070,
#4071,#4072,#4073,#4074,#4075,#4076,#4077,#4078,#4079));
#944=EDGE_LOOP('',(#4080,#4081,#4082,#4083,#4084,#4085,#4086,#4087));
#945=EDGE_LOOP('',(#4088,#4089,#4090,#4091));
#946=EDGE_LOOP('',(#4092,#4093,#4094,#4095));
#947=EDGE_LOOP('',(#4096,#4097,#4098,#4099));
#948=EDGE_LOOP('',(#4100,#4101,#4102,#4103));
#949=EDGE_LOOP('',(#4104,#4105,#4106,#4107));
#950=EDGE_LOOP('',(#4108,#4109,#4110,#4111));
#951=EDGE_LOOP('',(#4112,#4113,#4114,#4115));
#952=EDGE_LOOP('',(#4116,#4117,#4118,#4119));
#953=EDGE_LOOP('',(#4120,#4121,#4122,#4123));
#954=EDGE_LOOP('',(#4124,#4125,#4126,#4127));
#955=EDGE_LOOP('',(#4128,#4129,#4130,#4131));
#956=EDGE_LOOP('',(#4132,#4133,#4134,#4135));
#957=EDGE_LOOP('',(#4136,#4137,#4138,#4139));
#958=EDGE_LOOP('',(#4140,#4141,#4142,#4143));
#959=EDGE_LOOP('',(#4144,#4145,#4146,#4147));
#960=EDGE_LOOP('',(#4148,#4149,#4150,#4151));
#961=EDGE_LOOP('',(#4152,#4153,#4154,#4155));
#962=EDGE_LOOP('',(#4156,#4157,#4158,#4159));
#963=EDGE_LOOP('',(#4160,#4161,#4162,#4163,#4164,#4165,#4166,#4167,#4168,
#4169,#4170,#4171,#4172,#4173,#4174,#4175,#4176,#4177));
#964=EDGE_LOOP('',(#4178,#4179,#4180,#4181));
#965=EDGE_LOOP('',(#4182,#4183,#4184,#4185));
#966=EDGE_LOOP('',(#4186,#4187,#4188,#4189));
#967=EDGE_LOOP('',(#4190,#4191,#4192,#4193));
#968=EDGE_LOOP('',(#4194,#4195,#4196,#4197));
#969=EDGE_LOOP('',(#4198,#4199,#4200,#4201));
#970=EDGE_LOOP('',(#4202,#4203,#4204,#4205));
#971=EDGE_LOOP('',(#4206,#4207,#4208,#4209));
#972=EDGE_LOOP('',(#4210,#4211,#4212,#4213));
#973=EDGE_LOOP('',(#4214,#4215,#4216,#4217));
#974=EDGE_LOOP('',(#4218,#4219,#4220,#4221));
#975=EDGE_LOOP('',(#4222,#4223,#4224,#4225));
#976=EDGE_LOOP('',(#4226,#4227,#4228,#4229,#4230,#4231,#4232,#4233,#4234,
#4235,#4236,#4237));
#977=EDGE_LOOP('',(#4238,#4239,#4240,#4241));
#978=EDGE_LOOP('',(#4242,#4243,#4244,#4245));
#979=EDGE_LOOP('',(#4246,#4247,#4248,#4249));
#980=EDGE_LOOP('',(#4250,#4251,#4252,#4253));
#981=EDGE_LOOP('',(#4254,#4255,#4256,#4257));
#982=EDGE_LOOP('',(#4258,#4259,#4260,#4261));
#983=EDGE_LOOP('',(#4262,#4263,#4264,#4265));
#984=EDGE_LOOP('',(#4266,#4267,#4268,#4269));
#985=EDGE_LOOP('',(#4270,#4271,#4272,#4273));
#986=EDGE_LOOP('',(#4274,#4275,#4276,#4277));
#987=EDGE_LOOP('',(#4278,#4279,#4280,#4281));
#988=EDGE_LOOP('',(#4282,#4283,#4284,#4285));
#989=EDGE_LOOP('',(#4286,#4287,#4288,#4289));
#990=EDGE_LOOP('',(#4290,#4291,#4292,#4293,#4294,#4295,#4296,#4297,#4298,
#4299,#4300,#4301,#4302));
#991=EDGE_LOOP('',(#4303,#4304,#4305,#4306));
#992=EDGE_LOOP('',(#4307,#4308,#4309,#4310));
#993=EDGE_LOOP('',(#4311,#4312,#4313,#4314));
#994=EDGE_LOOP('',(#4315,#4316,#4317,#4318));
#995=EDGE_LOOP('',(#4319,#4320,#4321,#4322));
#996=EDGE_LOOP('',(#4323,#4324,#4325,#4326));
#997=EDGE_LOOP('',(#4327,#4328,#4329,#4330));
#998=EDGE_LOOP('',(#4331,#4332,#4333,#4334));
#999=EDGE_LOOP('',(#4335,#4336,#4337,#4338));
#1000=EDGE_LOOP('',(#4339,#4340,#4341,#4342));
#1001=EDGE_LOOP('',(#4343,#4344,#4345));
#1002=EDGE_LOOP('',(#4346,#4347,#4348,#4349));
#1003=EDGE_LOOP('',(#4350,#4351,#4352,#4353));
#1004=EDGE_LOOP('',(#4354,#4355,#4356,#4357));
#1005=EDGE_LOOP('',(#4358,#4359,#4360,#4361));
#1006=EDGE_LOOP('',(#4362,#4363,#4364,#4365));
#1007=EDGE_LOOP('',(#4366,#4367,#4368,#4369));
#1008=EDGE_LOOP('',(#4370,#4371,#4372,#4373));
#1009=EDGE_LOOP('',(#4374,#4375,#4376,#4377));
#1010=EDGE_LOOP('',(#4378,#4379,#4380,#4381));
#1011=EDGE_LOOP('',(#4382,#4383,#4384,#4385));
#1012=EDGE_LOOP('',(#4386,#4387,#4388,#4389));
#1013=EDGE_LOOP('',(#4390,#4391,#4392,#4393));
#1014=EDGE_LOOP('',(#4394,#4395,#4396,#4397));
#1015=EDGE_LOOP('',(#4398,#4399,#4400,#4401));
#1016=EDGE_LOOP('',(#4402,#4403,#4404,#4405));
#1017=EDGE_LOOP('',(#4406,#4407,#4408,#4409));
#1018=EDGE_LOOP('',(#4410,#4411,#4412,#4413));
#1019=EDGE_LOOP('',(#4414,#4415,#4416,#4417));
#1020=EDGE_LOOP('',(#4418,#4419,#4420,#4421));
#1021=EDGE_LOOP('',(#4422,#4423,#4424,#4425));
#1022=EDGE_LOOP('',(#4426,#4427,#4428,#4429));
#1023=EDGE_LOOP('',(#4430,#4431,#4432,#4433));
#1024=EDGE_LOOP('',(#4434,#4435,#4436,#4437));
#1025=EDGE_LOOP('',(#4438,#4439,#4440,#4441));
#1026=EDGE_LOOP('',(#4442,#4443,#4444,#4445));
#1027=EDGE_LOOP('',(#4446,#4447,#4448,#4449));
#1028=EDGE_LOOP('',(#4450,#4451,#4452,#4453));
#1029=EDGE_LOOP('',(#4454,#4455,#4456,#4457));
#1030=EDGE_LOOP('',(#4458,#4459,#4460,#4461));
#1031=EDGE_LOOP('',(#4462,#4463,#4464,#4465));
#1032=EDGE_LOOP('',(#4466,#4467,#4468,#4469));
#1033=EDGE_LOOP('',(#4470,#4471,#4472,#4473));
#1034=EDGE_LOOP('',(#4474,#4475,#4476,#4477,#4478,#4479,#4480,#4481,#4482,
#4483,#4484,#4485));
#1035=EDGE_LOOP('',(#4486,#4487,#4488,#4489,#4490,#4491,#4492,#4493,#4494));
#1036=EDGE_LOOP('',(#4495,#4496,#4497,#4498));
#1037=EDGE_LOOP('',(#4499,#4500,#4501,#4502));
#1038=EDGE_LOOP('',(#4503,#4504,#4505,#4506,#4507,#4508,#4509,#4510));
#1039=EDGE_LOOP('',(#4511,#4512,#4513,#4514,#4515,#4516,#4517,#4518,#4519,
#4520,#4521,#4522,#4523,#4524,#4525,#4526,#4527,#4528));
#1040=EDGE_LOOP('',(#4529,#4530,#4531,#4532,#4533,#4534,#4535,#4536,#4537,
#4538,#4539,#4540));
#1041=EDGE_LOOP('',(#4541,#4542,#4543,#4544,#4545,#4546,#4547,#4548,#4549,
#4550,#4551,#4552));
#1042=EDGE_LOOP('',(#4553,#4554,#4555,#4556));
#1043=EDGE_LOOP('',(#4557,#4558,#4559,#4560));
#1044=EDGE_LOOP('',(#4561,#4562,#4563,#4564));
#1045=EDGE_LOOP('',(#4565,#4566,#4567,#4568));
#1046=EDGE_LOOP('',(#4569,#4570,#4571,#4572));
#1047=EDGE_LOOP('',(#4573,#4574,#4575,#4576));
#1048=EDGE_LOOP('',(#4577,#4578,#4579,#4580));
#1049=EDGE_LOOP('',(#4581,#4582,#4583,#4584));
#1050=EDGE_LOOP('',(#4585,#4586,#4587,#4588));
#1051=EDGE_LOOP('',(#4589,#4590,#4591,#4592));
#1052=EDGE_LOOP('',(#4593,#4594,#4595,#4596));
#1053=EDGE_LOOP('',(#4597,#4598,#4599,#4600));
#1054=EDGE_LOOP('',(#4601,#4602,#4603,#4604,#4605,#4606,#4607,#4608,#4609,
#4610,#4611,#4612));
#1055=EDGE_LOOP('',(#4613,#4614,#4615,#4616));
#1056=EDGE_LOOP('',(#4617,#4618,#4619,#4620));
#1057=EDGE_LOOP('',(#4621,#4622,#4623,#4624));
#1058=EDGE_LOOP('',(#4625,#4626,#4627,#4628));
#1059=EDGE_LOOP('',(#4629,#4630,#4631,#4632));
#1060=EDGE_LOOP('',(#4633,#4634,#4635,#4636));
#1061=EDGE_LOOP('',(#4637,#4638,#4639,#4640));
#1062=EDGE_LOOP('',(#4641,#4642,#4643,#4644));
#1063=EDGE_LOOP('',(#4645,#4646,#4647,#4648));
#1064=EDGE_LOOP('',(#4649,#4650,#4651,#4652));
#1065=EDGE_LOOP('',(#4653,#4654,#4655,#4656));
#1066=EDGE_LOOP('',(#4657,#4658,#4659,#4660));
#1067=EDGE_LOOP('',(#4661,#4662,#4663,#4664));
#1068=EDGE_LOOP('',(#4665,#4666,#4667,#4668));
#1069=EDGE_LOOP('',(#4669,#4670,#4671,#4672));
#1070=EDGE_LOOP('',(#4673,#4674,#4675,#4676));
#1071=EDGE_LOOP('',(#4677,#4678,#4679,#4680));
#1072=EDGE_LOOP('',(#4681,#4682,#4683,#4684));
#1073=EDGE_LOOP('',(#4685,#4686,#4687,#4688,#4689,#4690,#4691,#4692,#4693,
#4694,#4695,#4696,#4697,#4698,#4699,#4700,#4701,#4702));
#1074=EDGE_LOOP('',(#4703,#4704,#4705,#4706));
#1075=EDGE_LOOP('',(#4707,#4708,#4709,#4710));
#1076=EDGE_LOOP('',(#4711,#4712,#4713,#4714));
#1077=EDGE_LOOP('',(#4715,#4716,#4717,#4718));
#1078=EDGE_LOOP('',(#4719,#4720,#4721,#4722));
#1079=EDGE_LOOP('',(#4723,#4724,#4725,#4726));
#1080=EDGE_LOOP('',(#4727,#4728,#4729,#4730));
#1081=EDGE_LOOP('',(#4731,#4732,#4733,#4734));
#1082=EDGE_LOOP('',(#4735,#4736,#4737,#4738,#4739,#4740,#4741,#4742));
#1083=EDGE_LOOP('',(#4743,#4744,#4745,#4746));
#1084=EDGE_LOOP('',(#4747,#4748,#4749,#4750));
#1085=EDGE_LOOP('',(#4751,#4752,#4753,#4754));
#1086=EDGE_LOOP('',(#4755,#4756,#4757,#4758));
#1087=EDGE_LOOP('',(#4759,#4760,#4761,#4762));
#1088=EDGE_LOOP('',(#4763,#4764,#4765,#4766,#4767,#4768,#4769,#4770,#4771));
#1089=EDGE_LOOP('',(#4772,#4773,#4774,#4775));
#1090=EDGE_LOOP('',(#4776,#4777,#4778,#4779));
#1091=EDGE_LOOP('',(#4780,#4781,#4782,#4783));
#1092=EDGE_LOOP('',(#4784,#4785,#4786,#4787));
#1093=EDGE_LOOP('',(#4788,#4789,#4790,#4791));
#1094=EDGE_LOOP('',(#4792,#4793,#4794,#4795));
#1095=EDGE_LOOP('',(#4796,#4797,#4798,#4799));
#1096=EDGE_LOOP('',(#4800,#4801,#4802,#4803));
#1097=EDGE_LOOP('',(#4804,#4805,#4806,#4807));
#1098=EDGE_LOOP('',(#4808,#4809,#4810,#4811));
#1099=EDGE_LOOP('',(#4812,#4813,#4814,#4815));
#1100=EDGE_LOOP('',(#4816,#4817,#4818,#4819));
#1101=EDGE_LOOP('',(#4820,#4821,#4822,#4823));
#1102=EDGE_LOOP('',(#4824,#4825,#4826,#4827));
#1103=EDGE_LOOP('',(#4828,#4829,#4830,#4831));
#1104=EDGE_LOOP('',(#4832,#4833,#4834,#4835));
#1105=EDGE_LOOP('',(#4836,#4837,#4838,#4839));
#1106=EDGE_LOOP('',(#4840,#4841,#4842,#4843));
#1107=EDGE_LOOP('',(#4844,#4845,#4846,#4847));
#1108=EDGE_LOOP('',(#4848,#4849,#4850,#4851));
#1109=EDGE_LOOP('',(#4852,#4853,#4854,#4855));
#1110=EDGE_LOOP('',(#4856,#4857,#4858,#4859));
#1111=EDGE_LOOP('',(#4860,#4861,#4862,#4863));
#1112=EDGE_LOOP('',(#4864,#4865,#4866,#4867,#4868,#4869,#4870,#4871,#4872,
#4873,#4874,#4875));
#1113=EDGE_LOOP('',(#4876,#4877,#4878,#4879));
#1114=EDGE_LOOP('',(#4880,#4881,#4882,#4883));
#1115=EDGE_LOOP('',(#4884,#4885,#4886,#4887));
#1116=EDGE_LOOP('',(#4888,#4889,#4890,#4891));
#1117=EDGE_LOOP('',(#4892,#4893,#4894,#4895));
#1118=EDGE_LOOP('',(#4896,#4897,#4898,#4899));
#1119=EDGE_LOOP('',(#4900,#4901,#4902,#4903));
#1120=EDGE_LOOP('',(#4904,#4905,#4906,#4907));
#1121=EDGE_LOOP('',(#4908,#4909,#4910,#4911));
#1122=EDGE_LOOP('',(#4912,#4913,#4914,#4915));
#1123=EDGE_LOOP('',(#4916,#4917,#4918,#4919));
#1124=EDGE_LOOP('',(#4920,#4921,#4922,#4923));
#1125=EDGE_LOOP('',(#4924,#4925,#4926,#4927));
#1126=EDGE_LOOP('',(#4928,#4929,#4930,#4931));
#1127=EDGE_LOOP('',(#4932,#4933,#4934,#4935));
#1128=EDGE_LOOP('',(#4936,#4937,#4938,#4939));
#1129=EDGE_LOOP('',(#4940,#4941,#4942,#4943));
#1130=EDGE_LOOP('',(#4944,#4945,#4946,#4947));
#1131=EDGE_LOOP('',(#4948,#4949,#4950,#4951));
#1132=EDGE_LOOP('',(#4952,#4953,#4954,#4955));
#1133=EDGE_LOOP('',(#4956,#4957,#4958,#4959));
#1134=EDGE_LOOP('',(#4960,#4961,#4962,#4963));
#1135=EDGE_LOOP('',(#4964,#4965,#4966,#4967));
#1136=EDGE_LOOP('',(#4968,#4969,#4970,#4971));
#1137=EDGE_LOOP('',(#4972,#4973,#4974,#4975,#4976,#4977,#4978,#4979,#4980,
#4981,#4982,#4983,#4984,#4985,#4986,#4987,#4988,#4989,#4990,#4991,#4992,
#4993,#4994,#4995));
#1138=EDGE_LOOP('',(#4996,#4997,#4998,#4999));
#1139=EDGE_LOOP('',(#5000,#5001,#5002,#5003));
#1140=EDGE_LOOP('',(#5004,#5005,#5006,#5007));
#1141=EDGE_LOOP('',(#5008,#5009,#5010,#5011));
#1142=EDGE_LOOP('',(#5012,#5013,#5014,#5015));
#1143=EDGE_LOOP('',(#5016,#5017,#5018,#5019));
#1144=EDGE_LOOP('',(#5020,#5021,#5022,#5023));
#1145=EDGE_LOOP('',(#5024,#5025,#5026,#5027));
#1146=EDGE_LOOP('',(#5028,#5029,#5030,#5031));
#1147=EDGE_LOOP('',(#5032,#5033,#5034,#5035));
#1148=EDGE_LOOP('',(#5036,#5037,#5038,#5039));
#1149=EDGE_LOOP('',(#5040,#5041,#5042,#5043));
#1150=EDGE_LOOP('',(#5044,#5045,#5046,#5047));
#1151=EDGE_LOOP('',(#5048,#5049,#5050,#5051));
#1152=EDGE_LOOP('',(#5052,#5053,#5054,#5055));
#1153=EDGE_LOOP('',(#5056,#5057,#5058,#5059,#5060,#5061,#5062,#5063,#5064,
#5065));
#1154=EDGE_LOOP('',(#5066,#5067,#5068,#5069));
#1155=EDGE_LOOP('',(#5070,#5071,#5072,#5073));
#1156=EDGE_LOOP('',(#5074,#5075,#5076,#5077));
#1157=EDGE_LOOP('',(#5078,#5079,#5080,#5081));
#1158=EDGE_LOOP('',(#5082,#5083,#5084,#5085));
#1159=EDGE_LOOP('',(#5086,#5087,#5088,#5089));
#1160=EDGE_LOOP('',(#5090,#5091,#5092,#5093));
#1161=EDGE_LOOP('',(#5094,#5095,#5096,#5097));
#1162=EDGE_LOOP('',(#5098,#5099,#5100,#5101));
#1163=EDGE_LOOP('',(#5102,#5103,#5104,#5105));
#1164=EDGE_LOOP('',(#5106,#5107,#5108,#5109));
#1165=EDGE_LOOP('',(#5110,#5111,#5112,#5113));
#1166=EDGE_LOOP('',(#5114,#5115,#5116,#5117));
#1167=EDGE_LOOP('',(#5118,#5119,#5120,#5121));
#1168=EDGE_LOOP('',(#5122,#5123,#5124,#5125));
#1169=EDGE_LOOP('',(#5126,#5127,#5128,#5129));
#1170=EDGE_LOOP('',(#5130,#5131,#5132,#5133));
#1171=EDGE_LOOP('',(#5134,#5135,#5136,#5137));
#1172=EDGE_LOOP('',(#5138,#5139,#5140,#5141));
#1173=EDGE_LOOP('',(#5142,#5143,#5144,#5145));
#1174=EDGE_LOOP('',(#5146,#5147,#5148,#5149));
#1175=EDGE_LOOP('',(#5150,#5151,#5152,#5153));
#1176=EDGE_LOOP('',(#5154,#5155,#5156,#5157,#5158,#5159,#5160,#5161,#5162,
#5163,#5164));
#1177=EDGE_LOOP('',(#5165,#5166,#5167,#5168,#5169,#5170,#5171,#5172,#5173,
#5174,#5175));
#1178=EDGE_LOOP('',(#5176,#5177,#5178,#5179));
#1179=EDGE_LOOP('',(#5180,#5181,#5182,#5183,#5184,#5185,#5186,#5187,#5188,
#5189,#5190,#5191));
#1180=EDGE_LOOP('',(#5192,#5193,#5194,#5195,#5196,#5197,#5198,#5199,#5200,
#5201,#5202,#5203,#5204,#5205,#5206,#5207,#5208,#5209,#5210,#5211,#5212,
#5213,#5214,#5215));
#1181=EDGE_LOOP('',(#5216,#5217,#5218,#5219));
#1182=EDGE_LOOP('',(#5220,#5221,#5222,#5223,#5224,#5225,#5226,#5227,#5228,
#5229));
#1183=EDGE_LOOP('',(#5230,#5231,#5232,#5233,#5234,#5235,#5236,#5237));
#1184=EDGE_LOOP('',(#5238,#5239,#5240,#5241,#5242,#5243,#5244,#5245,#5246,
#5247,#5248,#5249));
#1185=EDGE_LOOP('',(#5250,#5251,#5252,#5253,#5254,#5255,#5256,#5257,#5258,
#5259,#5260));
#1186=EDGE_LOOP('',(#5261,#5262,#5263,#5264));
#1187=EDGE_LOOP('',(#5265,#5266,#5267,#5268));
#1188=EDGE_LOOP('',(#5269,#5270,#5271,#5272));
#1189=EDGE_LOOP('',(#5273,#5274,#5275,#5276));
#1190=EDGE_LOOP('',(#5277,#5278,#5279,#5280));
#1191=EDGE_LOOP('',(#5281,#5282,#5283,#5284));
#1192=EDGE_LOOP('',(#5285,#5286,#5287,#5288));
#1193=EDGE_LOOP('',(#5289,#5290,#5291,#5292));
#1194=EDGE_LOOP('',(#5293,#5294,#5295,#5296));
#1195=EDGE_LOOP('',(#5297,#5298,#5299,#5300));
#1196=EDGE_LOOP('',(#5301,#5302,#5303,#5304));
#1197=EDGE_LOOP('',(#5305,#5306,#5307,#5308,#5309,#5310,#5311,#5312));
#1198=EDGE_LOOP('',(#5313,#5314,#5315));
#1199=EDGE_LOOP('',(#5316,#5317,#5318,#5319,#5320,#5321,#5322,#5323,#5324,
#5325,#5326));
#1200=EDGE_LOOP('',(#5327,#5328,#5329,#5330));
#1201=EDGE_LOOP('',(#5331,#5332,#5333,#5334));
#1202=EDGE_LOOP('',(#5335,#5336,#5337,#5338));
#1203=EDGE_LOOP('',(#5339,#5340,#5341,#5342));
#1204=EDGE_LOOP('',(#5343,#5344,#5345,#5346));
#1205=EDGE_LOOP('',(#5347,#5348,#5349,#5350));
#1206=EDGE_LOOP('',(#5351,#5352,#5353,#5354));
#1207=EDGE_LOOP('',(#5355,#5356,#5357,#5358));
#1208=EDGE_LOOP('',(#5359,#5360,#5361,#5362));
#1209=EDGE_LOOP('',(#5363,#5364,#5365,#5366));
#1210=EDGE_LOOP('',(#5367,#5368,#5369,#5370));
#1211=EDGE_LOOP('',(#5371,#5372,#5373,#5374));
#1212=EDGE_LOOP('',(#5375,#5376,#5377,#5378,#5379,#5380,#5381,#5382,#5383,
#5384,#5385,#5386));
#1213=EDGE_LOOP('',(#5387,#5388,#5389));
#1214=EDGE_LOOP('',(#5390,#5391,#5392,#5393));
#1215=LINE('',#7138,#1806);
#1216=LINE('',#7142,#1807);
#1217=LINE('',#7148,#1808);
#1218=LINE('',#7152,#1809);
#1219=LINE('',#7158,#1810);
#1220=LINE('',#7162,#1811);
#1221=LINE('',#7168,#1812);
#1222=LINE('',#7172,#1813);
#1223=LINE('',#7179,#1814);
#1224=LINE('',#7182,#1815);
#1225=LINE('',#7185,#1816);
#1226=LINE('',#7187,#1817);
#1227=LINE('',#7188,#1818);
#1228=LINE('',#7191,#1819);
#1229=LINE('',#7195,#1820);
#1230=LINE('',#7199,#1821);
#1231=LINE('',#7237,#1822);
#1232=LINE('',#7241,#1823);
#1233=LINE('',#7242,#1824);
#1234=LINE('',#7245,#1825);
#1235=LINE('',#7248,#1826);
#1236=LINE('',#7250,#1827);
#1237=LINE('',#7253,#1828);
#1238=LINE('',#7257,#1829);
#1239=LINE('',#7261,#1830);
#1240=LINE('',#7265,#1831);
#1241=LINE('',#7269,#1832);
#1242=LINE('',#7273,#1833);
#1243=LINE('',#7277,#1834);
#1244=LINE('',#7281,#1835);
#1245=LINE('',#7285,#1836);
#1246=LINE('',#7289,#1837);
#1247=LINE('',#7293,#1838);
#1248=LINE('',#7297,#1839);
#1249=LINE('',#7301,#1840);
#1250=LINE('',#7305,#1841);
#1251=LINE('',#7309,#1842);
#1252=LINE('',#7313,#1843);
#1253=LINE('',#7317,#1844);
#1254=LINE('',#7321,#1845);
#1255=LINE('',#7324,#1846);
#1256=LINE('',#7329,#1847);
#1257=LINE('',#7331,#1848);
#1258=LINE('',#7333,#1849);
#1259=LINE('',#7334,#1850);
#1260=LINE('',#7337,#1851);
#1261=LINE('',#7339,#1852);
#1262=LINE('',#7340,#1853);
#1263=LINE('',#7344,#1854);
#1264=LINE('',#7346,#1855);
#1265=LINE('',#7348,#1856);
#1266=LINE('',#7349,#1857);
#1267=LINE('',#7352,#1858);
#1268=LINE('',#7354,#1859);
#1269=LINE('',#7355,#1860);
#1270=LINE('',#7358,#1861);
#1271=LINE('',#7360,#1862);
#1272=LINE('',#7361,#1863);
#1273=LINE('',#7364,#1864);
#1274=LINE('',#7366,#1865);
#1275=LINE('',#7367,#1866);
#1276=LINE('',#7369,#1867);
#1277=LINE('',#7370,#1868);
#1278=LINE('',#7373,#1869);
#1279=LINE('',#7375,#1870);
#1280=LINE('',#7376,#1871);
#1281=LINE('',#7379,#1872);
#1282=LINE('',#7381,#1873);
#1283=LINE('',#7382,#1874);
#1284=LINE('',#7385,#1875);
#1285=LINE('',#7387,#1876);
#1286=LINE('',#7388,#1877);
#1287=LINE('',#7390,#1878);
#1288=LINE('',#7391,#1879);
#1289=LINE('',#7396,#1880);
#1290=LINE('',#7398,#1881);
#1291=LINE('',#7400,#1882);
#1292=LINE('',#7401,#1883);
#1293=LINE('',#7404,#1884);
#1294=LINE('',#7406,#1885);
#1295=LINE('',#7408,#1886);
#1296=LINE('',#7410,#1887);
#1297=LINE('',#7412,#1888);
#1298=LINE('',#7414,#1889);
#1299=LINE('',#7416,#1890);
#1300=LINE('',#7418,#1891);
#1301=LINE('',#7420,#1892);
#1302=LINE('',#7422,#1893);
#1303=LINE('',#7424,#1894);
#1304=LINE('',#7426,#1895);
#1305=LINE('',#7427,#1896);
#1306=LINE('',#7430,#1897);
#1307=LINE('',#7432,#1898);
#1308=LINE('',#7434,#1899);
#1309=LINE('',#7436,#1900);
#1310=LINE('',#7438,#1901);
#1311=LINE('',#7440,#1902);
#1312=LINE('',#7442,#1903);
#1313=LINE('',#7444,#1904);
#1314=LINE('',#7446,#1905);
#1315=LINE('',#7448,#1906);
#1316=LINE('',#7450,#1907);
#1317=LINE('',#7451,#1908);
#1318=LINE('',#7454,#1909);
#1319=LINE('',#7520,#1910);
#1320=LINE('',#7595,#1911);
#1321=LINE('',#7602,#1912);
#1322=LINE('',#7614,#1913);
#1323=LINE('',#7631,#1914);
#1324=LINE('',#7648,#1915);
#1325=LINE('',#7665,#1916);
#1326=LINE('',#7682,#1917);
#1327=LINE('',#7699,#1918);
#1328=LINE('',#7716,#1919);
#1329=LINE('',#7724,#1920);
#1330=LINE('',#7725,#1921);
#1331=LINE('',#7728,#1922);
#1332=LINE('',#7729,#1923);
#1333=LINE('',#7746,#1924);
#1334=LINE('',#7763,#1925);
#1335=LINE('',#7780,#1926);
#1336=LINE('',#7797,#1927);
#1337=LINE('',#7814,#1928);
#1338=LINE('',#7831,#1929);
#1339=LINE('',#7848,#1930);
#1340=LINE('',#7867,#1931);
#1341=LINE('',#7869,#1932);
#1342=LINE('',#7870,#1933);
#1343=LINE('',#7873,#1934);
#1344=LINE('',#7874,#1935);
#1345=LINE('',#7877,#1936);
#1346=LINE('',#7878,#1937);
#1347=LINE('',#7881,#1938);
#1348=LINE('',#7882,#1939);
#1349=LINE('',#7885,#1940);
#1350=LINE('',#7886,#1941);
#1351=LINE('',#7889,#1942);
#1352=LINE('',#7890,#1943);
#1353=LINE('',#7893,#1944);
#1354=LINE('',#7894,#1945);
#1355=LINE('',#7897,#1946);
#1356=LINE('',#7898,#1947);
#1357=LINE('',#7901,#1948);
#1358=LINE('',#7902,#1949);
#1359=LINE('',#7905,#1950);
#1360=LINE('',#7906,#1951);
#1361=LINE('',#7909,#1952);
#1362=LINE('',#7910,#1953);
#1363=LINE('',#7912,#1954);
#1364=LINE('',#7916,#1955);
#1365=LINE('',#7918,#1956);
#1366=LINE('',#7919,#1957);
#1367=LINE('',#7922,#1958);
#1368=LINE('',#7923,#1959);
#1369=LINE('',#7926,#1960);
#1370=LINE('',#7927,#1961);
#1371=LINE('',#7930,#1962);
#1372=LINE('',#7931,#1963);
#1373=LINE('',#7934,#1964);
#1374=LINE('',#7935,#1965);
#1375=LINE('',#7938,#1966);
#1376=LINE('',#7939,#1967);
#1377=LINE('',#7942,#1968);
#1378=LINE('',#7943,#1969);
#1379=LINE('',#7946,#1970);
#1380=LINE('',#7947,#1971);
#1381=LINE('',#7950,#1972);
#1382=LINE('',#7951,#1973);
#1383=LINE('',#7954,#1974);
#1384=LINE('',#7955,#1975);
#1385=LINE('',#7958,#1976);
#1386=LINE('',#7959,#1977);
#1387=LINE('',#7962,#1978);
#1388=LINE('',#7963,#1979);
#1389=LINE('',#7965,#1980);
#1390=LINE('',#7969,#1981);
#1391=LINE('',#7971,#1982);
#1392=LINE('',#7972,#1983);
#1393=LINE('',#7975,#1984);
#1394=LINE('',#7976,#1985);
#1395=LINE('',#7979,#1986);
#1396=LINE('',#7980,#1987);
#1397=LINE('',#7982,#1988);
#1398=LINE('',#7986,#1989);
#1399=LINE('',#7988,#1990);
#1400=LINE('',#7990,#1991);
#1401=LINE('',#7991,#1992);
#1402=LINE('',#7994,#1993);
#1403=LINE('',#7996,#1994);
#1404=LINE('',#7997,#1995);
#1405=LINE('',#8000,#1996);
#1406=LINE('',#8002,#1997);
#1407=LINE('',#8003,#1998);
#1408=LINE('',#8005,#1999);
#1409=LINE('',#8006,#2000);
#1410=LINE('',#8013,#2001);
#1411=LINE('',#8015,#2002);
#1412=LINE('',#8017,#2003);
#1413=LINE('',#8018,#2004);
#1414=LINE('',#8021,#2005);
#1415=LINE('',#8023,#2006);
#1416=LINE('',#8024,#2007);
#1417=LINE('',#8027,#2008);
#1418=LINE('',#8029,#2009);
#1419=LINE('',#8030,#2010);
#1420=LINE('',#8032,#2011);
#1421=LINE('',#8033,#2012);
#1422=LINE('',#8037,#2013);
#1423=LINE('',#8039,#2014);
#1424=LINE('',#8041,#2015);
#1425=LINE('',#8042,#2016);
#1426=LINE('',#8045,#2017);
#1427=LINE('',#8047,#2018);
#1428=LINE('',#8048,#2019);
#1429=LINE('',#8051,#2020);
#1430=LINE('',#8053,#2021);
#1431=LINE('',#8054,#2022);
#1432=LINE('',#8056,#2023);
#1433=LINE('',#8057,#2024);
#1434=LINE('',#8079,#2025);
#1435=LINE('',#8086,#2026);
#1436=LINE('',#8106,#2027);
#1437=LINE('',#8131,#2028);
#1438=LINE('',#8139,#2029);
#1439=LINE('',#8141,#2030);
#1440=LINE('',#8142,#2031);
#1441=LINE('',#8145,#2032);
#1442=LINE('',#8147,#2033);
#1443=LINE('',#8148,#2034);
#1444=LINE('',#8169,#2035);
#1445=LINE('',#8176,#2036);
#1446=LINE('',#8196,#2037);
#1447=LINE('',#8221,#2038);
#1448=LINE('',#8246,#2039);
#1449=LINE('',#8254,#2040);
#1450=LINE('',#8256,#2041);
#1451=LINE('',#8257,#2042);
#1452=LINE('',#8260,#2043);
#1453=LINE('',#8262,#2044);
#1454=LINE('',#8263,#2045);
#1455=LINE('',#8288,#2046);
#1456=LINE('',#8312,#2047);
#1457=LINE('',#8337,#2048);
#1458=LINE('',#8339,#2049);
#1459=LINE('',#8340,#2050);
#1460=LINE('',#8364,#2051);
#1461=LINE('',#8389,#2052);
#1462=LINE('',#8414,#2053);
#1463=LINE('',#8417,#2054);
#1464=LINE('',#8419,#2055);
#1465=LINE('',#8420,#2056);
#1466=LINE('',#8423,#2057);
#1467=LINE('',#8425,#2058);
#1468=LINE('',#8426,#2059);
#1469=LINE('',#8428,#2060);
#1470=LINE('',#8429,#2061);
#1471=LINE('',#8434,#2062);
#1472=LINE('',#8436,#2063);
#1473=LINE('',#8438,#2064);
#1474=LINE('',#8439,#2065);
#1475=LINE('',#8442,#2066);
#1476=LINE('',#8444,#2067);
#1477=LINE('',#8446,#2068);
#1478=LINE('',#8448,#2069);
#1479=LINE('',#8450,#2070);
#1480=LINE('',#8452,#2071);
#1481=LINE('',#8454,#2072);
#1482=LINE('',#8455,#2073);
#1483=LINE('',#8458,#2074);
#1484=LINE('',#8524,#2075);
#1485=LINE('',#8589,#2076);
#1486=LINE('',#8591,#2077);
#1487=LINE('',#8593,#2078);
#1488=LINE('',#8595,#2079);
#1489=LINE('',#8597,#2080);
#1490=LINE('',#8599,#2081);
#1491=LINE('',#8601,#2082);
#1492=LINE('',#8603,#2083);
#1493=LINE('',#8605,#2084);
#1494=LINE('',#8607,#2085);
#1495=LINE('',#8609,#2086);
#1496=LINE('',#8610,#2087);
#1497=LINE('',#8613,#2088);
#1498=LINE('',#8615,#2089);
#1499=LINE('',#8616,#2090);
#1500=LINE('',#8619,#2091);
#1501=LINE('',#8620,#2092);
#1502=LINE('',#8623,#2093);
#1503=LINE('',#8624,#2094);
#1504=LINE('',#8627,#2095);
#1505=LINE('',#8628,#2096);
#1506=LINE('',#8631,#2097);
#1507=LINE('',#8632,#2098);
#1508=LINE('',#8635,#2099);
#1509=LINE('',#8636,#2100);
#1510=LINE('',#8639,#2101);
#1511=LINE('',#8640,#2102);
#1512=LINE('',#8643,#2103);
#1513=LINE('',#8644,#2104);
#1514=LINE('',#8647,#2105);
#1515=LINE('',#8648,#2106);
#1516=LINE('',#8651,#2107);
#1517=LINE('',#8652,#2108);
#1518=LINE('',#8655,#2109);
#1519=LINE('',#8656,#2110);
#1520=LINE('',#8658,#2111);
#1521=LINE('',#8671,#2112);
#1522=LINE('',#8678,#2113);
#1523=LINE('',#8690,#2114);
#1524=LINE('',#8707,#2115);
#1525=LINE('',#8724,#2116);
#1526=LINE('',#8741,#2117);
#1527=LINE('',#8758,#2118);
#1528=LINE('',#8775,#2119);
#1529=LINE('',#8792,#2120);
#1530=LINE('',#8800,#2121);
#1531=LINE('',#8801,#2122);
#1532=LINE('',#8804,#2123);
#1533=LINE('',#8805,#2124);
#1534=LINE('',#8822,#2125);
#1535=LINE('',#8839,#2126);
#1536=LINE('',#8856,#2127);
#1537=LINE('',#8873,#2128);
#1538=LINE('',#8890,#2129);
#1539=LINE('',#8907,#2130);
#1540=LINE('',#8924,#2131);
#1541=LINE('',#8943,#2132);
#1542=LINE('',#8945,#2133);
#1543=LINE('',#8946,#2134);
#1544=LINE('',#8949,#2135);
#1545=LINE('',#8950,#2136);
#1546=LINE('',#8953,#2137);
#1547=LINE('',#8954,#2138);
#1548=LINE('',#8957,#2139);
#1549=LINE('',#8958,#2140);
#1550=LINE('',#8961,#2141);
#1551=LINE('',#8962,#2142);
#1552=LINE('',#8965,#2143);
#1553=LINE('',#8966,#2144);
#1554=LINE('',#8969,#2145);
#1555=LINE('',#8970,#2146);
#1556=LINE('',#8972,#2147);
#1557=LINE('',#8976,#2148);
#1558=LINE('',#8978,#2149);
#1559=LINE('',#8979,#2150);
#1560=LINE('',#8982,#2151);
#1561=LINE('',#8983,#2152);
#1562=LINE('',#8986,#2153);
#1563=LINE('',#8987,#2154);
#1564=LINE('',#8989,#2155);
#1565=LINE('',#8996,#2156);
#1566=LINE('',#8998,#2157);
#1567=LINE('',#9000,#2158);
#1568=LINE('',#9001,#2159);
#1569=LINE('',#9004,#2160);
#1570=LINE('',#9006,#2161);
#1571=LINE('',#9007,#2162);
#1572=LINE('',#9010,#2163);
#1573=LINE('',#9012,#2164);
#1574=LINE('',#9013,#2165);
#1575=LINE('',#9015,#2166);
#1576=LINE('',#9016,#2167);
#1577=LINE('',#9020,#2168);
#1578=LINE('',#9022,#2169);
#1579=LINE('',#9024,#2170);
#1580=LINE('',#9025,#2171);
#1581=LINE('',#9028,#2172);
#1582=LINE('',#9030,#2173);
#1583=LINE('',#9031,#2174);
#1584=LINE('',#9034,#2175);
#1585=LINE('',#9036,#2176);
#1586=LINE('',#9037,#2177);
#1587=LINE('',#9039,#2178);
#1588=LINE('',#9040,#2179);
#1589=LINE('',#9045,#2180);
#1590=LINE('',#9047,#2181);
#1591=LINE('',#9049,#2182);
#1592=LINE('',#9050,#2183);
#1593=LINE('',#9053,#2184);
#1594=LINE('',#9055,#2185);
#1595=LINE('',#9056,#2186);
#1596=LINE('',#9059,#2187);
#1597=LINE('',#9061,#2188);
#1598=LINE('',#9062,#2189);
#1599=LINE('',#9065,#2190);
#1600=LINE('',#9067,#2191);
#1601=LINE('',#9068,#2192);
#1602=LINE('',#9071,#2193);
#1603=LINE('',#9073,#2194);
#1604=LINE('',#9074,#2195);
#1605=LINE('',#9077,#2196);
#1606=LINE('',#9079,#2197);
#1607=LINE('',#9080,#2198);
#1608=LINE('',#9083,#2199);
#1609=LINE('',#9085,#2200);
#1610=LINE('',#9086,#2201);
#1611=LINE('',#9089,#2202);
#1612=LINE('',#9091,#2203);
#1613=LINE('',#9092,#2204);
#1614=LINE('',#9095,#2205);
#1615=LINE('',#9097,#2206);
#1616=LINE('',#9098,#2207);
#1617=LINE('',#9101,#2208);
#1618=LINE('',#9103,#2209);
#1619=LINE('',#9104,#2210);
#1620=LINE('',#9107,#2211);
#1621=LINE('',#9109,#2212);
#1622=LINE('',#9110,#2213);
#1623=LINE('',#9112,#2214);
#1624=LINE('',#9113,#2215);
#1625=LINE('',#9135,#2216);
#1626=LINE('',#9142,#2217);
#1627=LINE('',#9162,#2218);
#1628=LINE('',#9187,#2219);
#1629=LINE('',#9212,#2220);
#1630=LINE('',#9237,#2221);
#1631=LINE('',#9262,#2222);
#1632=LINE('',#9287,#2223);
#1633=LINE('',#9312,#2224);
#1634=LINE('',#9337,#2225);
#1635=LINE('',#9345,#2226);
#1636=LINE('',#9347,#2227);
#1637=LINE('',#9348,#2228);
#1638=LINE('',#9351,#2229);
#1639=LINE('',#9353,#2230);
#1640=LINE('',#9354,#2231);
#1641=LINE('',#9357,#2232);
#1642=LINE('',#9359,#2233);
#1643=LINE('',#9360,#2234);
#1644=LINE('',#9385,#2235);
#1645=LINE('',#9388,#2236);
#1646=LINE('',#9390,#2237);
#1647=LINE('',#9391,#2238);
#1648=LINE('',#9416,#2239);
#1649=LINE('',#9441,#2240);
#1650=LINE('',#9466,#2241);
#1651=LINE('',#9491,#2242);
#1652=LINE('',#9516,#2243);
#1653=LINE('',#9541,#2244);
#1654=LINE('',#9566,#2245);
#1655=LINE('',#9591,#2246);
#1656=LINE('',#9594,#2247);
#1657=LINE('',#9596,#2248);
#1658=LINE('',#9597,#2249);
#1659=LINE('',#9599,#2250);
#1660=LINE('',#9600,#2251);
#1661=LINE('',#9605,#2252);
#1662=LINE('',#9607,#2253);
#1663=LINE('',#9609,#2254);
#1664=LINE('',#9610,#2255);
#1665=LINE('',#9613,#2256);
#1666=LINE('',#9615,#2257);
#1667=LINE('',#9616,#2258);
#1668=LINE('',#9619,#2259);
#1669=LINE('',#9621,#2260);
#1670=LINE('',#9622,#2261);
#1671=LINE('',#9624,#2262);
#1672=LINE('',#9625,#2263);
#1673=LINE('',#9630,#2264);
#1674=LINE('',#9632,#2265);
#1675=LINE('',#9634,#2266);
#1676=LINE('',#9635,#2267);
#1677=LINE('',#9638,#2268);
#1678=LINE('',#9640,#2269);
#1679=LINE('',#9641,#2270);
#1680=LINE('',#9644,#2271);
#1681=LINE('',#9646,#2272);
#1682=LINE('',#9647,#2273);
#1683=LINE('',#9650,#2274);
#1684=LINE('',#9652,#2275);
#1685=LINE('',#9653,#2276);
#1686=LINE('',#9656,#2277);
#1687=LINE('',#9658,#2278);
#1688=LINE('',#9659,#2279);
#1689=LINE('',#9662,#2280);
#1690=LINE('',#9664,#2281);
#1691=LINE('',#9665,#2282);
#1692=LINE('',#9668,#2283);
#1693=LINE('',#9670,#2284);
#1694=LINE('',#9671,#2285);
#1695=LINE('',#9674,#2286);
#1696=LINE('',#9676,#2287);
#1697=LINE('',#9677,#2288);
#1698=LINE('',#9680,#2289);
#1699=LINE('',#9682,#2290);
#1700=LINE('',#9683,#2291);
#1701=LINE('',#9685,#2292);
#1702=LINE('',#9686,#2293);
#1703=LINE('',#9708,#2294);
#1704=LINE('',#9715,#2295);
#1705=LINE('',#9735,#2296);
#1706=LINE('',#9760,#2297);
#1707=LINE('',#9785,#2298);
#1708=LINE('',#9793,#2299);
#1709=LINE('',#9795,#2300);
#1710=LINE('',#9796,#2301);
#1711=LINE('',#9799,#2302);
#1712=LINE('',#9801,#2303);
#1713=LINE('',#9802,#2304);
#1714=LINE('',#9823,#2305);
#1715=LINE('',#9830,#2306);
#1716=LINE('',#9850,#2307);
#1717=LINE('',#9875,#2308);
#1718=LINE('',#9900,#2309);
#1719=LINE('',#9925,#2310);
#1720=LINE('',#9933,#2311);
#1721=LINE('',#9935,#2312);
#1722=LINE('',#9936,#2313);
#1723=LINE('',#9961,#2314);
#1724=LINE('',#9986,#2315);
#1725=LINE('',#10011,#2316);
#1726=LINE('',#10036,#2317);
#1727=LINE('',#10038,#2318);
#1728=LINE('',#10039,#2319);
#1729=LINE('',#10064,#2320);
#1730=LINE('',#10089,#2321);
#1731=LINE('',#10114,#2322);
#1732=LINE('',#10117,#2323);
#1733=LINE('',#10119,#2324);
#1734=LINE('',#10120,#2325);
#1735=LINE('',#10122,#2326);
#1736=LINE('',#10123,#2327);
#1737=LINE('',#10128,#2328);
#1738=LINE('',#10130,#2329);
#1739=LINE('',#10132,#2330);
#1740=LINE('',#10134,#2331);
#1741=LINE('',#10136,#2332);
#1742=LINE('',#10138,#2333);
#1743=LINE('',#10140,#2334);
#1744=LINE('',#10141,#2335);
#1745=LINE('',#10144,#2336);
#1746=LINE('',#10146,#2337);
#1747=LINE('',#10148,#2338);
#1748=LINE('',#10150,#2339);
#1749=LINE('',#10152,#2340);
#1750=LINE('',#10154,#2341);
#1751=LINE('',#10156,#2342);
#1752=LINE('',#10158,#2343);
#1753=LINE('',#10160,#2344);
#1754=LINE('',#10162,#2345);
#1755=LINE('',#10164,#2346);
#1756=LINE('',#10165,#2347);
#1757=LINE('',#10169,#2348);
#1758=LINE('',#10171,#2349);
#1759=LINE('',#10173,#2350);
#1760=LINE('',#10174,#2351);
#1761=LINE('',#10177,#2352);
#1762=LINE('',#10179,#2353);
#1763=LINE('',#10180,#2354);
#1764=LINE('',#10183,#2355);
#1765=LINE('',#10185,#2356);
#1766=LINE('',#10186,#2357);
#1767=LINE('',#10189,#2358);
#1768=LINE('',#10190,#2359);
#1769=LINE('',#10193,#2360);
#1770=LINE('',#10194,#2361);
#1771=LINE('',#10197,#2362);
#1772=LINE('',#10198,#2363);
#1773=LINE('',#10200,#2364);
#1774=LINE('',#10201,#2365);
#1775=LINE('',#10204,#2366);
#1776=LINE('',#10205,#2367);
#1777=LINE('',#10208,#2368);
#1778=LINE('',#10209,#2369);
#1779=LINE('',#10212,#2370);
#1780=LINE('',#10213,#2371);
#1781=LINE('',#10215,#2372);
#1782=LINE('',#10220,#2373);
#1783=LINE('',#10222,#2374);
#1784=LINE('',#10223,#2375);
#1785=LINE('',#10226,#2376);
#1786=LINE('',#10227,#2377);
#1787=LINE('',#10230,#2378);
#1788=LINE('',#10231,#2379);
#1789=LINE('',#10234,#2380);
#1790=LINE('',#10235,#2381);
#1791=LINE('',#10238,#2382);
#1792=LINE('',#10239,#2383);
#1793=LINE('',#10242,#2384);
#1794=LINE('',#10243,#2385);
#1795=LINE('',#10246,#2386);
#1796=LINE('',#10247,#2387);
#1797=LINE('',#10250,#2388);
#1798=LINE('',#10251,#2389);
#1799=LINE('',#10254,#2390);
#1800=LINE('',#10255,#2391);
#1801=LINE('',#10258,#2392);
#1802=LINE('',#10259,#2393);
#1803=LINE('',#10262,#2394);
#1804=LINE('',#10263,#2395);
#1805=LINE('',#10265,#2396);
#1806=VECTOR('',#5996,2.425);
#1807=VECTOR('',#6001,1.7);
#1808=VECTOR('',#6008,2.425);
#1809=VECTOR('',#6013,1.7);
#1810=VECTOR('',#6020,2.425);
#1811=VECTOR('',#6025,1.7);
#1812=VECTOR('',#6032,2.425);
#1813=VECTOR('',#6037,1.7);
#1814=VECTOR('',#6044,10.);
#1815=VECTOR('',#6047,10.);
#1816=VECTOR('',#6050,10.);
#1817=VECTOR('',#6051,10.);
#1818=VECTOR('',#6052,10.);
#1819=VECTOR('',#6055,10.);
#1820=VECTOR('',#6058,10.);
#1821=VECTOR('',#6061,10.);
#1822=VECTOR('',#6100,10.);
#1823=VECTOR('',#6105,10.);
#1824=VECTOR('',#6106,10.);
#1825=VECTOR('',#6109,10.);
#1826=VECTOR('',#6112,10.);
#1827=VECTOR('',#6115,10.);
#1828=VECTOR('',#6118,10.);
#1829=VECTOR('',#6123,3.125);
#1830=VECTOR('',#6128,1.49999999999999);
#1831=VECTOR('',#6133,32.);
#1832=VECTOR('',#6138,1.5);
#1833=VECTOR('',#6143,1.5);
#1834=VECTOR('',#6148,1.5);
#1835=VECTOR('',#6153,32.);
#1836=VECTOR('',#6158,1.5);
#1837=VECTOR('',#6163,1.5);
#1838=VECTOR('',#6168,1.5);
#1839=VECTOR('',#6173,1.5);
#1840=VECTOR('',#6178,32.);
#1841=VECTOR('',#6183,1.49999999999999);
#1842=VECTOR('',#6188,1.5);
#1843=VECTOR('',#6193,4.125);
#1844=VECTOR('',#6198,1.5);
#1845=VECTOR('',#6203,1.5);
#1846=VECTOR('',#6208,10.);
#1847=VECTOR('',#6213,10.);
#1848=VECTOR('',#6214,10.);
#1849=VECTOR('',#6215,10.);
#1850=VECTOR('',#6216,10.);
#1851=VECTOR('',#6219,10.);
#1852=VECTOR('',#6220,10.);
#1853=VECTOR('',#6221,10.);
#1854=VECTOR('',#6224,10.);
#1855=VECTOR('',#6225,10.);
#1856=VECTOR('',#6226,10.);
#1857=VECTOR('',#6227,10.);
#1858=VECTOR('',#6230,10.);
#1859=VECTOR('',#6231,10.);
#1860=VECTOR('',#6232,10.);
#1861=VECTOR('',#6235,10.);
#1862=VECTOR('',#6236,10.);
#1863=VECTOR('',#6237,10.);
#1864=VECTOR('',#6240,10.);
#1865=VECTOR('',#6241,10.);
#1866=VECTOR('',#6242,10.);
#1867=VECTOR('',#6245,10.);
#1868=VECTOR('',#6246,10.);
#1869=VECTOR('',#6249,10.);
#1870=VECTOR('',#6250,10.);
#1871=VECTOR('',#6251,10.);
#1872=VECTOR('',#6254,10.);
#1873=VECTOR('',#6255,10.);
#1874=VECTOR('',#6256,10.);
#1875=VECTOR('',#6259,10.);
#1876=VECTOR('',#6260,10.);
#1877=VECTOR('',#6261,10.);
#1878=VECTOR('',#6264,10.);
#1879=VECTOR('',#6265,10.);
#1880=VECTOR('',#6270,10.);
#1881=VECTOR('',#6271,10.);
#1882=VECTOR('',#6272,10.);
#1883=VECTOR('',#6273,10.);
#1884=VECTOR('',#6274,10.);
#1885=VECTOR('',#6275,10.);
#1886=VECTOR('',#6276,10.);
#1887=VECTOR('',#6277,10.);
#1888=VECTOR('',#6278,10.);
#1889=VECTOR('',#6279,10.);
#1890=VECTOR('',#6280,10.);
#1891=VECTOR('',#6281,10.);
#1892=VECTOR('',#6282,10.);
#1893=VECTOR('',#6283,10.);
#1894=VECTOR('',#6284,10.);
#1895=VECTOR('',#6285,10.);
#1896=VECTOR('',#6286,10.);
#1897=VECTOR('',#6287,10.);
#1898=VECTOR('',#6288,10.);
#1899=VECTOR('',#6289,10.);
#1900=VECTOR('',#6290,10.);
#1901=VECTOR('',#6291,10.);
#1902=VECTOR('',#6292,10.);
#1903=VECTOR('',#6293,10.);
#1904=VECTOR('',#6294,10.);
#1905=VECTOR('',#6295,10.);
#1906=VECTOR('',#6296,10.);
#1907=VECTOR('',#6297,10.);
#1908=VECTOR('',#6298,10.);
#1909=VECTOR('',#6299,10.);
#1910=VECTOR('',#6300,10.);
#1911=VECTOR('',#6301,10.);
#1912=VECTOR('',#6302,10.);
#1913=VECTOR('',#6303,10.);
#1914=VECTOR('',#6304,10.);
#1915=VECTOR('',#6305,10.);
#1916=VECTOR('',#6306,10.);
#1917=VECTOR('',#6307,10.);
#1918=VECTOR('',#6308,10.);
#1919=VECTOR('',#6309,10.);
#1920=VECTOR('',#6312,10.);
#1921=VECTOR('',#6313,10.);
#1922=VECTOR('',#6316,10.);
#1923=VECTOR('',#6317,10.);
#1924=VECTOR('',#6318,10.);
#1925=VECTOR('',#6319,10.);
#1926=VECTOR('',#6320,10.);
#1927=VECTOR('',#6321,10.);
#1928=VECTOR('',#6322,10.);
#1929=VECTOR('',#6323,10.);
#1930=VECTOR('',#6324,10.);
#1931=VECTOR('',#6329,10.);
#1932=VECTOR('',#6330,10.);
#1933=VECTOR('',#6331,10.);
#1934=VECTOR('',#6334,10.);
#1935=VECTOR('',#6335,10.);
#1936=VECTOR('',#6338,10.);
#1937=VECTOR('',#6339,10.);
#1938=VECTOR('',#6342,10.);
#1939=VECTOR('',#6343,10.);
#1940=VECTOR('',#6346,10.);
#1941=VECTOR('',#6347,10.);
#1942=VECTOR('',#6350,10.);
#1943=VECTOR('',#6351,10.);
#1944=VECTOR('',#6354,10.);
#1945=VECTOR('',#6355,10.);
#1946=VECTOR('',#6358,10.);
#1947=VECTOR('',#6359,10.);
#1948=VECTOR('',#6362,10.);
#1949=VECTOR('',#6363,10.);
#1950=VECTOR('',#6366,10.);
#1951=VECTOR('',#6367,10.);
#1952=VECTOR('',#6370,10.);
#1953=VECTOR('',#6371,10.);
#1954=VECTOR('',#6374,10.);
#1955=VECTOR('',#6379,10.);
#1956=VECTOR('',#6380,10.);
#1957=VECTOR('',#6381,10.);
#1958=VECTOR('',#6384,10.);
#1959=VECTOR('',#6385,10.);
#1960=VECTOR('',#6388,10.);
#1961=VECTOR('',#6389,10.);
#1962=VECTOR('',#6392,10.);
#1963=VECTOR('',#6393,10.);
#1964=VECTOR('',#6396,10.);
#1965=VECTOR('',#6397,10.);
#1966=VECTOR('',#6400,10.);
#1967=VECTOR('',#6401,10.);
#1968=VECTOR('',#6404,10.);
#1969=VECTOR('',#6405,10.);
#1970=VECTOR('',#6408,10.);
#1971=VECTOR('',#6409,10.);
#1972=VECTOR('',#6412,10.);
#1973=VECTOR('',#6413,10.);
#1974=VECTOR('',#6416,10.);
#1975=VECTOR('',#6417,10.);
#1976=VECTOR('',#6420,10.);
#1977=VECTOR('',#6421,10.);
#1978=VECTOR('',#6424,10.);
#1979=VECTOR('',#6425,10.);
#1980=VECTOR('',#6428,10.);
#1981=VECTOR('',#6433,10.);
#1982=VECTOR('',#6434,10.);
#1983=VECTOR('',#6435,10.);
#1984=VECTOR('',#6438,10.);
#1985=VECTOR('',#6439,10.);
#1986=VECTOR('',#6442,10.);
#1987=VECTOR('',#6443,10.);
#1988=VECTOR('',#6446,10.);
#1989=VECTOR('',#6449,10.);
#1990=VECTOR('',#6450,10.);
#1991=VECTOR('',#6451,10.);
#1992=VECTOR('',#6452,10.);
#1993=VECTOR('',#6455,10.);
#1994=VECTOR('',#6456,10.);
#1995=VECTOR('',#6457,10.);
#1996=VECTOR('',#6460,10.);
#1997=VECTOR('',#6461,10.);
#1998=VECTOR('',#6462,10.);
#1999=VECTOR('',#6465,10.);
#2000=VECTOR('',#6466,10.);
#2001=VECTOR('',#6475,10.);
#2002=VECTOR('',#6476,10.);
#2003=VECTOR('',#6477,10.);
#2004=VECTOR('',#6478,10.);
#2005=VECTOR('',#6481,10.);
#2006=VECTOR('',#6482,10.);
#2007=VECTOR('',#6483,10.);
#2008=VECTOR('',#6486,10.);
#2009=VECTOR('',#6487,10.);
#2010=VECTOR('',#6488,10.);
#2011=VECTOR('',#6491,10.);
#2012=VECTOR('',#6492,10.);
#2013=VECTOR('',#6495,10.);
#2014=VECTOR('',#6496,10.);
#2015=VECTOR('',#6497,10.);
#2016=VECTOR('',#6498,10.);
#2017=VECTOR('',#6501,10.);
#2018=VECTOR('',#6502,10.);
#2019=VECTOR('',#6503,10.);
#2020=VECTOR('',#6506,10.);
#2021=VECTOR('',#6507,10.);
#2022=VECTOR('',#6508,10.);
#2023=VECTOR('',#6511,10.);
#2024=VECTOR('',#6512,10.);
#2025=VECTOR('',#6515,10.);
#2026=VECTOR('',#6516,10.);
#2027=VECTOR('',#6517,10.);
#2028=VECTOR('',#6518,10.);
#2029=VECTOR('',#6521,10.);
#2030=VECTOR('',#6522,10.);
#2031=VECTOR('',#6523,10.);
#2032=VECTOR('',#6526,10.);
#2033=VECTOR('',#6527,10.);
#2034=VECTOR('',#6528,10.);
#2035=VECTOR('',#6529,10.);
#2036=VECTOR('',#6530,10.);
#2037=VECTOR('',#6531,10.);
#2038=VECTOR('',#6532,10.);
#2039=VECTOR('',#6533,10.);
#2040=VECTOR('',#6536,10.);
#2041=VECTOR('',#6537,10.);
#2042=VECTOR('',#6538,10.);
#2043=VECTOR('',#6541,10.);
#2044=VECTOR('',#6542,10.);
#2045=VECTOR('',#6543,10.);
#2046=VECTOR('',#6544,10.);
#2047=VECTOR('',#6545,10.);
#2048=VECTOR('',#6546,10.);
#2049=VECTOR('',#6549,10.);
#2050=VECTOR('',#6550,10.);
#2051=VECTOR('',#6551,10.);
#2052=VECTOR('',#6552,10.);
#2053=VECTOR('',#6553,10.);
#2054=VECTOR('',#6556,10.);
#2055=VECTOR('',#6557,10.);
#2056=VECTOR('',#6558,10.);
#2057=VECTOR('',#6561,10.);
#2058=VECTOR('',#6562,10.);
#2059=VECTOR('',#6563,10.);
#2060=VECTOR('',#6566,10.);
#2061=VECTOR('',#6567,10.);
#2062=VECTOR('',#6572,10.);
#2063=VECTOR('',#6573,10.);
#2064=VECTOR('',#6574,10.);
#2065=VECTOR('',#6575,10.);
#2066=VECTOR('',#6576,10.);
#2067=VECTOR('',#6577,10.);
#2068=VECTOR('',#6578,10.);
#2069=VECTOR('',#6579,10.);
#2070=VECTOR('',#6580,10.);
#2071=VECTOR('',#6581,10.);
#2072=VECTOR('',#6582,10.);
#2073=VECTOR('',#6583,10.);
#2074=VECTOR('',#6584,10.);
#2075=VECTOR('',#6585,10.);
#2076=VECTOR('',#6586,10.);
#2077=VECTOR('',#6587,10.);
#2078=VECTOR('',#6588,10.);
#2079=VECTOR('',#6589,10.);
#2080=VECTOR('',#6590,10.);
#2081=VECTOR('',#6591,10.);
#2082=VECTOR('',#6592,10.);
#2083=VECTOR('',#6593,10.);
#2084=VECTOR('',#6594,10.);
#2085=VECTOR('',#6595,10.);
#2086=VECTOR('',#6596,10.);
#2087=VECTOR('',#6597,10.);
#2088=VECTOR('',#6600,10.);
#2089=VECTOR('',#6601,10.);
#2090=VECTOR('',#6602,10.);
#2091=VECTOR('',#6605,10.);
#2092=VECTOR('',#6606,10.);
#2093=VECTOR('',#6609,10.);
#2094=VECTOR('',#6610,10.);
#2095=VECTOR('',#6613,10.);
#2096=VECTOR('',#6614,10.);
#2097=VECTOR('',#6617,10.);
#2098=VECTOR('',#6618,10.);
#2099=VECTOR('',#6621,10.);
#2100=VECTOR('',#6622,10.);
#2101=VECTOR('',#6625,10.);
#2102=VECTOR('',#6626,10.);
#2103=VECTOR('',#6629,10.);
#2104=VECTOR('',#6630,10.);
#2105=VECTOR('',#6633,10.);
#2106=VECTOR('',#6634,10.);
#2107=VECTOR('',#6637,10.);
#2108=VECTOR('',#6638,10.);
#2109=VECTOR('',#6641,10.);
#2110=VECTOR('',#6642,10.);
#2111=VECTOR('',#6645,10.);
#2112=VECTOR('',#6648,10.);
#2113=VECTOR('',#6649,10.);
#2114=VECTOR('',#6650,10.);
#2115=VECTOR('',#6651,10.);
#2116=VECTOR('',#6652,10.);
#2117=VECTOR('',#6653,10.);
#2118=VECTOR('',#6654,10.);
#2119=VECTOR('',#6655,10.);
#2120=VECTOR('',#6656,10.);
#2121=VECTOR('',#6659,10.);
#2122=VECTOR('',#6660,10.);
#2123=VECTOR('',#6663,10.);
#2124=VECTOR('',#6664,10.);
#2125=VECTOR('',#6665,10.);
#2126=VECTOR('',#6666,10.);
#2127=VECTOR('',#6667,10.);
#2128=VECTOR('',#6668,10.);
#2129=VECTOR('',#6669,10.);
#2130=VECTOR('',#6670,10.);
#2131=VECTOR('',#6671,10.);
#2132=VECTOR('',#6676,10.);
#2133=VECTOR('',#6677,10.);
#2134=VECTOR('',#6678,10.);
#2135=VECTOR('',#6681,10.);
#2136=VECTOR('',#6682,10.);
#2137=VECTOR('',#6685,10.);
#2138=VECTOR('',#6686,10.);
#2139=VECTOR('',#6689,10.);
#2140=VECTOR('',#6690,10.);
#2141=VECTOR('',#6693,10.);
#2142=VECTOR('',#6694,10.);
#2143=VECTOR('',#6697,10.);
#2144=VECTOR('',#6698,10.);
#2145=VECTOR('',#6701,10.);
#2146=VECTOR('',#6702,10.);
#2147=VECTOR('',#6705,10.);
#2148=VECTOR('',#6710,10.);
#2149=VECTOR('',#6711,10.);
#2150=VECTOR('',#6712,10.);
#2151=VECTOR('',#6715,10.);
#2152=VECTOR('',#6716,10.);
#2153=VECTOR('',#6719,10.);
#2154=VECTOR('',#6720,10.);
#2155=VECTOR('',#6723,10.);
#2156=VECTOR('',#6732,10.);
#2157=VECTOR('',#6733,10.);
#2158=VECTOR('',#6734,10.);
#2159=VECTOR('',#6735,10.);
#2160=VECTOR('',#6738,10.);
#2161=VECTOR('',#6739,10.);
#2162=VECTOR('',#6740,10.);
#2163=VECTOR('',#6743,10.);
#2164=VECTOR('',#6744,10.);
#2165=VECTOR('',#6745,10.);
#2166=VECTOR('',#6748,10.);
#2167=VECTOR('',#6749,10.);
#2168=VECTOR('',#6752,10.);
#2169=VECTOR('',#6753,10.);
#2170=VECTOR('',#6754,10.);
#2171=VECTOR('',#6755,10.);
#2172=VECTOR('',#6758,10.);
#2173=VECTOR('',#6759,10.);
#2174=VECTOR('',#6760,10.);
#2175=VECTOR('',#6763,10.);
#2176=VECTOR('',#6764,10.);
#2177=VECTOR('',#6765,10.);
#2178=VECTOR('',#6768,10.);
#2179=VECTOR('',#6769,10.);
#2180=VECTOR('',#6774,10.);
#2181=VECTOR('',#6775,10.);
#2182=VECTOR('',#6776,10.);
#2183=VECTOR('',#6777,10.);
#2184=VECTOR('',#6780,10.);
#2185=VECTOR('',#6781,10.);
#2186=VECTOR('',#6782,10.);
#2187=VECTOR('',#6785,10.);
#2188=VECTOR('',#6786,10.);
#2189=VECTOR('',#6787,10.);
#2190=VECTOR('',#6790,10.);
#2191=VECTOR('',#6791,10.);
#2192=VECTOR('',#6792,10.);
#2193=VECTOR('',#6795,10.);
#2194=VECTOR('',#6796,10.);
#2195=VECTOR('',#6797,10.);
#2196=VECTOR('',#6800,10.);
#2197=VECTOR('',#6801,10.);
#2198=VECTOR('',#6802,10.);
#2199=VECTOR('',#6805,10.);
#2200=VECTOR('',#6806,10.);
#2201=VECTOR('',#6807,10.);
#2202=VECTOR('',#6810,10.);
#2203=VECTOR('',#6811,10.);
#2204=VECTOR('',#6812,10.);
#2205=VECTOR('',#6815,10.);
#2206=VECTOR('',#6816,10.);
#2207=VECTOR('',#6817,10.);
#2208=VECTOR('',#6820,10.);
#2209=VECTOR('',#6821,10.);
#2210=VECTOR('',#6822,10.);
#2211=VECTOR('',#6825,10.);
#2212=VECTOR('',#6826,10.);
#2213=VECTOR('',#6827,10.);
#2214=VECTOR('',#6830,10.);
#2215=VECTOR('',#6831,10.);
#2216=VECTOR('',#6834,10.);
#2217=VECTOR('',#6835,10.);
#2218=VECTOR('',#6836,10.);
#2219=VECTOR('',#6837,10.);
#2220=VECTOR('',#6838,10.);
#2221=VECTOR('',#6839,10.);
#2222=VECTOR('',#6840,10.);
#2223=VECTOR('',#6841,10.);
#2224=VECTOR('',#6842,10.);
#2225=VECTOR('',#6843,10.);
#2226=VECTOR('',#6846,10.);
#2227=VECTOR('',#6847,10.);
#2228=VECTOR('',#6848,10.);
#2229=VECTOR('',#6851,10.);
#2230=VECTOR('',#6852,10.);
#2231=VECTOR('',#6853,10.);
#2232=VECTOR('',#6856,10.);
#2233=VECTOR('',#6857,10.);
#2234=VECTOR('',#6858,10.);
#2235=VECTOR('',#6859,10.);
#2236=VECTOR('',#6862,10.);
#2237=VECTOR('',#6863,10.);
#2238=VECTOR('',#6864,10.);
#2239=VECTOR('',#6865,10.);
#2240=VECTOR('',#6866,10.);
#2241=VECTOR('',#6867,10.);
#2242=VECTOR('',#6868,10.);
#2243=VECTOR('',#6869,10.);
#2244=VECTOR('',#6870,10.);
#2245=VECTOR('',#6871,10.);
#2246=VECTOR('',#6872,10.);
#2247=VECTOR('',#6875,10.);
#2248=VECTOR('',#6876,10.);
#2249=VECTOR('',#6877,10.);
#2250=VECTOR('',#6880,10.);
#2251=VECTOR('',#6881,10.);
#2252=VECTOR('',#6886,10.);
#2253=VECTOR('',#6887,10.);
#2254=VECTOR('',#6888,10.);
#2255=VECTOR('',#6889,10.);
#2256=VECTOR('',#6892,10.);
#2257=VECTOR('',#6893,10.);
#2258=VECTOR('',#6894,10.);
#2259=VECTOR('',#6897,10.);
#2260=VECTOR('',#6898,10.);
#2261=VECTOR('',#6899,10.);
#2262=VECTOR('',#6902,10.);
#2263=VECTOR('',#6903,10.);
#2264=VECTOR('',#6908,10.);
#2265=VECTOR('',#6909,10.);
#2266=VECTOR('',#6910,10.);
#2267=VECTOR('',#6911,10.);
#2268=VECTOR('',#6914,10.);
#2269=VECTOR('',#6915,10.);
#2270=VECTOR('',#6916,10.);
#2271=VECTOR('',#6919,10.);
#2272=VECTOR('',#6920,10.);
#2273=VECTOR('',#6921,10.);
#2274=VECTOR('',#6924,10.);
#2275=VECTOR('',#6925,10.);
#2276=VECTOR('',#6926,10.);
#2277=VECTOR('',#6929,10.);
#2278=VECTOR('',#6930,10.);
#2279=VECTOR('',#6931,10.);
#2280=VECTOR('',#6934,10.);
#2281=VECTOR('',#6935,10.);
#2282=VECTOR('',#6936,10.);
#2283=VECTOR('',#6939,10.);
#2284=VECTOR('',#6940,10.);
#2285=VECTOR('',#6941,10.);
#2286=VECTOR('',#6944,10.);
#2287=VECTOR('',#6945,10.);
#2288=VECTOR('',#6946,10.);
#2289=VECTOR('',#6949,10.);
#2290=VECTOR('',#6950,10.);
#2291=VECTOR('',#6951,10.);
#2292=VECTOR('',#6954,10.);
#2293=VECTOR('',#6955,10.);
#2294=VECTOR('',#6958,10.);
#2295=VECTOR('',#6959,10.);
#2296=VECTOR('',#6960,10.);
#2297=VECTOR('',#6961,10.);
#2298=VECTOR('',#6962,10.);
#2299=VECTOR('',#6965,10.);
#2300=VECTOR('',#6966,10.);
#2301=VECTOR('',#6967,10.);
#2302=VECTOR('',#6970,10.);
#2303=VECTOR('',#6971,10.);
#2304=VECTOR('',#6972,10.);
#2305=VECTOR('',#6973,10.);
#2306=VECTOR('',#6974,10.);
#2307=VECTOR('',#6975,10.);
#2308=VECTOR('',#6976,10.);
#2309=VECTOR('',#6977,10.);
#2310=VECTOR('',#6978,10.);
#2311=VECTOR('',#6981,10.);
#2312=VECTOR('',#6982,10.);
#2313=VECTOR('',#6983,10.);
#2314=VECTOR('',#6984,10.);
#2315=VECTOR('',#6985,10.);
#2316=VECTOR('',#6986,10.);
#2317=VECTOR('',#6987,10.);
#2318=VECTOR('',#6990,10.);
#2319=VECTOR('',#6991,10.);
#2320=VECTOR('',#6992,10.);
#2321=VECTOR('',#6993,10.);
#2322=VECTOR('',#6994,10.);
#2323=VECTOR('',#6997,10.);
#2324=VECTOR('',#6998,10.);
#2325=VECTOR('',#6999,10.);
#2326=VECTOR('',#7002,10.);
#2327=VECTOR('',#7003,10.);
#2328=VECTOR('',#7008,10.);
#2329=VECTOR('',#7009,10.);
#2330=VECTOR('',#7010,10.);
#2331=VECTOR('',#7011,10.);
#2332=VECTOR('',#7012,10.);
#2333=VECTOR('',#7013,10.);
#2334=VECTOR('',#7014,10.);
#2335=VECTOR('',#7015,10.);
#2336=VECTOR('',#7016,10.);
#2337=VECTOR('',#7017,10.);
#2338=VECTOR('',#7018,10.);
#2339=VECTOR('',#7019,10.);
#2340=VECTOR('',#7020,10.);
#2341=VECTOR('',#7021,10.);
#2342=VECTOR('',#7022,10.);
#2343=VECTOR('',#7023,10.);
#2344=VECTOR('',#7024,10.);
#2345=VECTOR('',#7025,10.);
#2346=VECTOR('',#7026,10.);
#2347=VECTOR('',#7027,10.);
#2348=VECTOR('',#7030,10.);
#2349=VECTOR('',#7031,10.);
#2350=VECTOR('',#7032,10.);
#2351=VECTOR('',#7033,10.);
#2352=VECTOR('',#7036,10.);
#2353=VECTOR('',#7037,10.);
#2354=VECTOR('',#7038,10.);
#2355=VECTOR('',#7041,10.);
#2356=VECTOR('',#7042,10.);
#2357=VECTOR('',#7043,10.);
#2358=VECTOR('',#7046,10.);
#2359=VECTOR('',#7047,10.);
#2360=VECTOR('',#7050,10.);
#2361=VECTOR('',#7051,10.);
#2362=VECTOR('',#7054,10.);
#2363=VECTOR('',#7055,10.);
#2364=VECTOR('',#7058,10.);
#2365=VECTOR('',#7059,10.);
#2366=VECTOR('',#7062,10.);
#2367=VECTOR('',#7063,10.);
#2368=VECTOR('',#7066,10.);
#2369=VECTOR('',#7067,10.);
#2370=VECTOR('',#7070,10.);
#2371=VECTOR('',#7071,10.);
#2372=VECTOR('',#7074,10.);
#2373=VECTOR('',#7081,10.);
#2374=VECTOR('',#7082,10.);
#2375=VECTOR('',#7083,10.);
#2376=VECTOR('',#7086,10.);
#2377=VECTOR('',#7087,10.);
#2378=VECTOR('',#7090,10.);
#2379=VECTOR('',#7091,10.);
#2380=VECTOR('',#7094,10.);
#2381=VECTOR('',#7095,10.);
#2382=VECTOR('',#7098,10.);
#2383=VECTOR('',#7099,10.);
#2384=VECTOR('',#7102,10.);
#2385=VECTOR('',#7103,10.);
#2386=VECTOR('',#7106,10.);
#2387=VECTOR('',#7107,10.);
#2388=VECTOR('',#7110,10.);
#2389=VECTOR('',#7111,10.);
#2390=VECTOR('',#7114,10.);
#2391=VECTOR('',#7115,10.);
#2392=VECTOR('',#7118,10.);
#2393=VECTOR('',#7119,10.);
#2394=VECTOR('',#7122,10.);
#2395=VECTOR('',#7123,10.);
#2396=VECTOR('',#7126,10.);
#2397=CIRCLE('',#5716,3.15);
#2398=CIRCLE('',#5717,1.7);
#2399=CIRCLE('',#5719,1.7);
#2400=CIRCLE('',#5721,3.15);
#2401=CIRCLE('',#5722,1.7);
#2402=CIRCLE('',#5724,1.7);
#2403=CIRCLE('',#5726,3.15);
#2404=CIRCLE('',#5727,1.7);
#2405=CIRCLE('',#5729,1.7);
#2406=CIRCLE('',#5731,3.15);
#2407=CIRCLE('',#5732,1.7);
#2408=CIRCLE('',#5734,1.7);
#2409=CIRCLE('',#5736,4.5);
#2410=CIRCLE('',#5737,4.5);
#2411=CIRCLE('',#5740,4.5);
#2412=CIRCLE('',#5741,4.5);
#2413=CIRCLE('',#5742,4.5);
#2414=CIRCLE('',#5743,1.5);
#2415=CIRCLE('',#5744,1.5);
#2416=CIRCLE('',#5745,4.125);
#2417=CIRCLE('',#5746,1.5);
#2418=CIRCLE('',#5747,1.49999999999999);
#2419=CIRCLE('',#5748,32.);
#2420=CIRCLE('',#5749,1.5);
#2421=CIRCLE('',#5750,1.5);
#2422=CIRCLE('',#5751,1.5);
#2423=CIRCLE('',#5752,1.5);
#2424=CIRCLE('',#5753,32.);
#2425=CIRCLE('',#5754,1.5);
#2426=CIRCLE('',#5755,1.5);
#2427=CIRCLE('',#5756,1.5);
#2428=CIRCLE('',#5757,32.);
#2429=CIRCLE('',#5758,1.49999999999999);
#2430=CIRCLE('',#5759,3.125);
#2431=CIRCLE('',#5761,4.5);
#2432=CIRCLE('',#5764,4.5);
#2433=CIRCLE('',#5767,4.5);
#2434=CIRCLE('',#5769,3.125);
#2435=CIRCLE('',#5771,1.49999999999999);
#2436=CIRCLE('',#5773,32.);
#2437=CIRCLE('',#5775,1.5);
#2438=CIRCLE('',#5777,1.5);
#2439=CIRCLE('',#5779,1.5);
#2440=CIRCLE('',#5781,32.);
#2441=CIRCLE('',#5783,1.5);
#2442=CIRCLE('',#5785,1.5);
#2443=CIRCLE('',#5787,1.5);
#2444=CIRCLE('',#5789,1.5);
#2445=CIRCLE('',#5791,32.);
#2446=CIRCLE('',#5793,1.49999999999999);
#2447=CIRCLE('',#5795,1.5);
#2448=CIRCLE('',#5797,4.125);
#2449=CIRCLE('',#5799,1.5);
#2450=CIRCLE('',#5801,1.5);
#2451=VERTEX_POINT('',#7135);
#2452=VERTEX_POINT('',#7137);
#2453=VERTEX_POINT('',#7141);
#2454=VERTEX_POINT('',#7145);
#2455=VERTEX_POINT('',#7147);
#2456=VERTEX_POINT('',#7151);
#2457=VERTEX_POINT('',#7155);
#2458=VERTEX_POINT('',#7157);
#2459=VERTEX_POINT('',#7161);
#2460=VERTEX_POINT('',#7165);
#2461=VERTEX_POINT('',#7167);
#2462=VERTEX_POINT('',#7171);
#2463=VERTEX_POINT('',#7175);
#2464=VERTEX_POINT('',#7176);
#2465=VERTEX_POINT('',#7178);
#2466=VERTEX_POINT('',#7180);
#2467=VERTEX_POINT('',#7184);
#2468=VERTEX_POINT('',#7186);
#2469=VERTEX_POINT('',#7190);
#2470=VERTEX_POINT('',#7192);
#2471=VERTEX_POINT('',#7194);
#2472=VERTEX_POINT('',#7196);
#2473=VERTEX_POINT('',#7198);
#2474=VERTEX_POINT('',#7201);
#2475=VERTEX_POINT('',#7203);
#2476=VERTEX_POINT('',#7205);
#2477=VERTEX_POINT('',#7207);
#2478=VERTEX_POINT('',#7209);
#2479=VERTEX_POINT('',#7211);
#2480=VERTEX_POINT('',#7213);
#2481=VERTEX_POINT('',#7215);
#2482=VERTEX_POINT('',#7217);
#2483=VERTEX_POINT('',#7219);
#2484=VERTEX_POINT('',#7221);
#2485=VERTEX_POINT('',#7223);
#2486=VERTEX_POINT('',#7225);
#2487=VERTEX_POINT('',#7227);
#2488=VERTEX_POINT('',#7229);
#2489=VERTEX_POINT('',#7231);
#2490=VERTEX_POINT('',#7233);
#2491=VERTEX_POINT('',#7236);
#2492=VERTEX_POINT('',#7240);
#2493=VERTEX_POINT('',#7244);
#2494=VERTEX_POINT('',#7246);
#2495=VERTEX_POINT('',#7252);
#2496=VERTEX_POINT('',#7256);
#2497=VERTEX_POINT('',#7260);
#2498=VERTEX_POINT('',#7264);
#2499=VERTEX_POINT('',#7268);
#2500=VERTEX_POINT('',#7272);
#2501=VERTEX_POINT('',#7276);
#2502=VERTEX_POINT('',#7280);
#2503=VERTEX_POINT('',#7284);
#2504=VERTEX_POINT('',#7288);
#2505=VERTEX_POINT('',#7292);
#2506=VERTEX_POINT('',#7296);
#2507=VERTEX_POINT('',#7300);
#2508=VERTEX_POINT('',#7304);
#2509=VERTEX_POINT('',#7308);
#2510=VERTEX_POINT('',#7312);
#2511=VERTEX_POINT('',#7316);
#2512=VERTEX_POINT('',#7320);
#2513=VERTEX_POINT('',#7327);
#2514=VERTEX_POINT('',#7328);
#2515=VERTEX_POINT('',#7330);
#2516=VERTEX_POINT('',#7332);
#2517=VERTEX_POINT('',#7336);
#2518=VERTEX_POINT('',#7338);
#2519=VERTEX_POINT('',#7342);
#2520=VERTEX_POINT('',#7343);
#2521=VERTEX_POINT('',#7345);
#2522=VERTEX_POINT('',#7347);
#2523=VERTEX_POINT('',#7351);
#2524=VERTEX_POINT('',#7353);
#2525=VERTEX_POINT('',#7357);
#2526=VERTEX_POINT('',#7359);
#2527=VERTEX_POINT('',#7363);
#2528=VERTEX_POINT('',#7365);
#2529=VERTEX_POINT('',#7372);
#2530=VERTEX_POINT('',#7374);
#2531=VERTEX_POINT('',#7378);
#2532=VERTEX_POINT('',#7380);
#2533=VERTEX_POINT('',#7384);
#2534=VERTEX_POINT('',#7386);
#2535=VERTEX_POINT('',#7394);
#2536=VERTEX_POINT('',#7395);
#2537=VERTEX_POINT('',#7397);
#2538=VERTEX_POINT('',#7399);
#2539=VERTEX_POINT('',#7402);
#2540=VERTEX_POINT('',#7403);
#2541=VERTEX_POINT('',#7405);
#2542=VERTEX_POINT('',#7407);
#2543=VERTEX_POINT('',#7409);
#2544=VERTEX_POINT('',#7411);
#2545=VERTEX_POINT('',#7413);
#2546=VERTEX_POINT('',#7415);
#2547=VERTEX_POINT('',#7417);
#2548=VERTEX_POINT('',#7419);
#2549=VERTEX_POINT('',#7421);
#2550=VERTEX_POINT('',#7423);
#2551=VERTEX_POINT('',#7425);
#2552=VERTEX_POINT('',#7428);
#2553=VERTEX_POINT('',#7429);
#2554=VERTEX_POINT('',#7431);
#2555=VERTEX_POINT('',#7433);
#2556=VERTEX_POINT('',#7435);
#2557=VERTEX_POINT('',#7437);
#2558=VERTEX_POINT('',#7439);
#2559=VERTEX_POINT('',#7441);
#2560=VERTEX_POINT('',#7443);
#2561=VERTEX_POINT('',#7445);
#2562=VERTEX_POINT('',#7447);
#2563=VERTEX_POINT('',#7449);
#2564=VERTEX_POINT('',#7452);
#2565=VERTEX_POINT('',#7453);
#2566=VERTEX_POINT('',#7455);
#2567=VERTEX_POINT('',#7463);
#2568=VERTEX_POINT('',#7471);
#2569=VERTEX_POINT('',#7479);
#2570=VERTEX_POINT('',#7487);
#2571=VERTEX_POINT('',#7495);
#2572=VERTEX_POINT('',#7503);
#2573=VERTEX_POINT('',#7511);
#2574=VERTEX_POINT('',#7519);
#2575=VERTEX_POINT('',#7521);
#2576=VERTEX_POINT('',#7529);
#2577=VERTEX_POINT('',#7537);
#2578=VERTEX_POINT('',#7545);
#2579=VERTEX_POINT('',#7553);
#2580=VERTEX_POINT('',#7561);
#2581=VERTEX_POINT('',#7569);
#2582=VERTEX_POINT('',#7594);
#2583=VERTEX_POINT('',#7596);
#2584=VERTEX_POINT('',#7613);
#2585=VERTEX_POINT('',#7630);
#2586=VERTEX_POINT('',#7647);
#2587=VERTEX_POINT('',#7664);
#2588=VERTEX_POINT('',#7681);
#2589=VERTEX_POINT('',#7698);
#2590=VERTEX_POINT('',#7715);
#2591=VERTEX_POINT('',#7723);
#2592=VERTEX_POINT('',#7727);
#2593=VERTEX_POINT('',#7740);
#2594=VERTEX_POINT('',#7757);
#2595=VERTEX_POINT('',#7774);
#2596=VERTEX_POINT('',#7791);
#2597=VERTEX_POINT('',#7808);
#2598=VERTEX_POINT('',#7825);
#2599=VERTEX_POINT('',#7842);
#2600=VERTEX_POINT('',#7866);
#2601=VERTEX_POINT('',#7868);
#2602=VERTEX_POINT('',#7872);
#2603=VERTEX_POINT('',#7876);
#2604=VERTEX_POINT('',#7880);
#2605=VERTEX_POINT('',#7884);
#2606=VERTEX_POINT('',#7888);
#2607=VERTEX_POINT('',#7892);
#2608=VERTEX_POINT('',#7896);
#2609=VERTEX_POINT('',#7900);
#2610=VERTEX_POINT('',#7904);
#2611=VERTEX_POINT('',#7908);
#2612=VERTEX_POINT('',#7915);
#2613=VERTEX_POINT('',#7917);
#2614=VERTEX_POINT('',#7921);
#2615=VERTEX_POINT('',#7925);
#2616=VERTEX_POINT('',#7929);
#2617=VERTEX_POINT('',#7933);
#2618=VERTEX_POINT('',#7937);
#2619=VERTEX_POINT('',#7941);
#2620=VERTEX_POINT('',#7945);
#2621=VERTEX_POINT('',#7949);
#2622=VERTEX_POINT('',#7953);
#2623=VERTEX_POINT('',#7957);
#2624=VERTEX_POINT('',#7961);
#2625=VERTEX_POINT('',#7968);
#2626=VERTEX_POINT('',#7970);
#2627=VERTEX_POINT('',#7974);
#2628=VERTEX_POINT('',#7978);
#2629=VERTEX_POINT('',#7984);
#2630=VERTEX_POINT('',#7985);
#2631=VERTEX_POINT('',#7987);
#2632=VERTEX_POINT('',#7989);
#2633=VERTEX_POINT('',#7993);
#2634=VERTEX_POINT('',#7995);
#2635=VERTEX_POINT('',#7999);
#2636=VERTEX_POINT('',#8001);
#2637=VERTEX_POINT('',#8011);
#2638=VERTEX_POINT('',#8012);
#2639=VERTEX_POINT('',#8014);
#2640=VERTEX_POINT('',#8016);
#2641=VERTEX_POINT('',#8020);
#2642=VERTEX_POINT('',#8022);
#2643=VERTEX_POINT('',#8026);
#2644=VERTEX_POINT('',#8028);
#2645=VERTEX_POINT('',#8035);
#2646=VERTEX_POINT('',#8036);
#2647=VERTEX_POINT('',#8038);
#2648=VERTEX_POINT('',#8040);
#2649=VERTEX_POINT('',#8044);
#2650=VERTEX_POINT('',#8046);
#2651=VERTEX_POINT('',#8050);
#2652=VERTEX_POINT('',#8052);
#2653=VERTEX_POINT('',#8069);
#2654=VERTEX_POINT('',#8070);
#2655=VERTEX_POINT('',#8078);
#2656=VERTEX_POINT('',#8080);
#2657=VERTEX_POINT('',#8097);
#2658=VERTEX_POINT('',#8105);
#2659=VERTEX_POINT('',#8122);
#2660=VERTEX_POINT('',#8130);
#2661=VERTEX_POINT('',#8138);
#2662=VERTEX_POINT('',#8140);
#2663=VERTEX_POINT('',#8144);
#2664=VERTEX_POINT('',#8146);
#2665=VERTEX_POINT('',#8159);
#2666=VERTEX_POINT('',#8160);
#2667=VERTEX_POINT('',#8168);
#2668=VERTEX_POINT('',#8170);
#2669=VERTEX_POINT('',#8187);
#2670=VERTEX_POINT('',#8195);
#2671=VERTEX_POINT('',#8212);
#2672=VERTEX_POINT('',#8220);
#2673=VERTEX_POINT('',#8237);
#2674=VERTEX_POINT('',#8245);
#2675=VERTEX_POINT('',#8253);
#2676=VERTEX_POINT('',#8255);
#2677=VERTEX_POINT('',#8259);
#2678=VERTEX_POINT('',#8261);
#2679=VERTEX_POINT('',#8274);
#2680=VERTEX_POINT('',#8282);
#2681=VERTEX_POINT('',#8299);
#2682=VERTEX_POINT('',#8306);
#2683=VERTEX_POINT('',#8323);
#2684=VERTEX_POINT('',#8331);
#2685=VERTEX_POINT('',#8351);
#2686=VERTEX_POINT('',#8358);
#2687=VERTEX_POINT('',#8375);
#2688=VERTEX_POINT('',#8383);
#2689=VERTEX_POINT('',#8400);
#2690=VERTEX_POINT('',#8408);
#2691=VERTEX_POINT('',#8416);
#2692=VERTEX_POINT('',#8418);
#2693=VERTEX_POINT('',#8422);
#2694=VERTEX_POINT('',#8424);
#2695=VERTEX_POINT('',#8432);
#2696=VERTEX_POINT('',#8433);
#2697=VERTEX_POINT('',#8435);
#2698=VERTEX_POINT('',#8437);
#2699=VERTEX_POINT('',#8440);
#2700=VERTEX_POINT('',#8441);
#2701=VERTEX_POINT('',#8443);
#2702=VERTEX_POINT('',#8445);
#2703=VERTEX_POINT('',#8447);
#2704=VERTEX_POINT('',#8449);
#2705=VERTEX_POINT('',#8451);
#2706=VERTEX_POINT('',#8453);
#2707=VERTEX_POINT('',#8456);
#2708=VERTEX_POINT('',#8457);
#2709=VERTEX_POINT('',#8459);
#2710=VERTEX_POINT('',#8467);
#2711=VERTEX_POINT('',#8475);
#2712=VERTEX_POINT('',#8483);
#2713=VERTEX_POINT('',#8491);
#2714=VERTEX_POINT('',#8499);
#2715=VERTEX_POINT('',#8507);
#2716=VERTEX_POINT('',#8515);
#2717=VERTEX_POINT('',#8523);
#2718=VERTEX_POINT('',#8525);
#2719=VERTEX_POINT('',#8533);
#2720=VERTEX_POINT('',#8541);
#2721=VERTEX_POINT('',#8549);
#2722=VERTEX_POINT('',#8557);
#2723=VERTEX_POINT('',#8565);
#2724=VERTEX_POINT('',#8573);
#2725=VERTEX_POINT('',#8587);
#2726=VERTEX_POINT('',#8588);
#2727=VERTEX_POINT('',#8590);
#2728=VERTEX_POINT('',#8592);
#2729=VERTEX_POINT('',#8594);
#2730=VERTEX_POINT('',#8596);
#2731=VERTEX_POINT('',#8598);
#2732=VERTEX_POINT('',#8600);
#2733=VERTEX_POINT('',#8602);
#2734=VERTEX_POINT('',#8604);
#2735=VERTEX_POINT('',#8606);
#2736=VERTEX_POINT('',#8608);
#2737=VERTEX_POINT('',#8612);
#2738=VERTEX_POINT('',#8614);
#2739=VERTEX_POINT('',#8618);
#2740=VERTEX_POINT('',#8622);
#2741=VERTEX_POINT('',#8626);
#2742=VERTEX_POINT('',#8630);
#2743=VERTEX_POINT('',#8634);
#2744=VERTEX_POINT('',#8638);
#2745=VERTEX_POINT('',#8642);
#2746=VERTEX_POINT('',#8646);
#2747=VERTEX_POINT('',#8650);
#2748=VERTEX_POINT('',#8654);
#2749=VERTEX_POINT('',#8670);
#2750=VERTEX_POINT('',#8672);
#2751=VERTEX_POINT('',#8689);
#2752=VERTEX_POINT('',#8706);
#2753=VERTEX_POINT('',#8723);
#2754=VERTEX_POINT('',#8740);
#2755=VERTEX_POINT('',#8757);
#2756=VERTEX_POINT('',#8774);
#2757=VERTEX_POINT('',#8791);
#2758=VERTEX_POINT('',#8799);
#2759=VERTEX_POINT('',#8803);
#2760=VERTEX_POINT('',#8816);
#2761=VERTEX_POINT('',#8833);
#2762=VERTEX_POINT('',#8850);
#2763=VERTEX_POINT('',#8867);
#2764=VERTEX_POINT('',#8884);
#2765=VERTEX_POINT('',#8901);
#2766=VERTEX_POINT('',#8918);
#2767=VERTEX_POINT('',#8942);
#2768=VERTEX_POINT('',#8944);
#2769=VERTEX_POINT('',#8948);
#2770=VERTEX_POINT('',#8952);
#2771=VERTEX_POINT('',#8956);
#2772=VERTEX_POINT('',#8960);
#2773=VERTEX_POINT('',#8964);
#2774=VERTEX_POINT('',#8968);
#2775=VERTEX_POINT('',#8975);
#2776=VERTEX_POINT('',#8977);
#2777=VERTEX_POINT('',#8981);
#2778=VERTEX_POINT('',#8985);
#2779=VERTEX_POINT('',#8994);
#2780=VERTEX_POINT('',#8995);
#2781=VERTEX_POINT('',#8997);
#2782=VERTEX_POINT('',#8999);
#2783=VERTEX_POINT('',#9003);
#2784=VERTEX_POINT('',#9005);
#2785=VERTEX_POINT('',#9009);
#2786=VERTEX_POINT('',#9011);
#2787=VERTEX_POINT('',#9018);
#2788=VERTEX_POINT('',#9019);
#2789=VERTEX_POINT('',#9021);
#2790=VERTEX_POINT('',#9023);
#2791=VERTEX_POINT('',#9027);
#2792=VERTEX_POINT('',#9029);
#2793=VERTEX_POINT('',#9033);
#2794=VERTEX_POINT('',#9035);
#2795=VERTEX_POINT('',#9043);
#2796=VERTEX_POINT('',#9044);
#2797=VERTEX_POINT('',#9046);
#2798=VERTEX_POINT('',#9048);
#2799=VERTEX_POINT('',#9052);
#2800=VERTEX_POINT('',#9054);
#2801=VERTEX_POINT('',#9058);
#2802=VERTEX_POINT('',#9060);
#2803=VERTEX_POINT('',#9064);
#2804=VERTEX_POINT('',#9066);
#2805=VERTEX_POINT('',#9070);
#2806=VERTEX_POINT('',#9072);
#2807=VERTEX_POINT('',#9076);
#2808=VERTEX_POINT('',#9078);
#2809=VERTEX_POINT('',#9082);
#2810=VERTEX_POINT('',#9084);
#2811=VERTEX_POINT('',#9088);
#2812=VERTEX_POINT('',#9090);
#2813=VERTEX_POINT('',#9094);
#2814=VERTEX_POINT('',#9096);
#2815=VERTEX_POINT('',#9100);
#2816=VERTEX_POINT('',#9102);
#2817=VERTEX_POINT('',#9106);
#2818=VERTEX_POINT('',#9108);
#2819=VERTEX_POINT('',#9125);
#2820=VERTEX_POINT('',#9126);
#2821=VERTEX_POINT('',#9134);
#2822=VERTEX_POINT('',#9136);
#2823=VERTEX_POINT('',#9153);
#2824=VERTEX_POINT('',#9161);
#2825=VERTEX_POINT('',#9178);
#2826=VERTEX_POINT('',#9186);
#2827=VERTEX_POINT('',#9203);
#2828=VERTEX_POINT('',#9211);
#2829=VERTEX_POINT('',#9228);
#2830=VERTEX_POINT('',#9236);
#2831=VERTEX_POINT('',#9253);
#2832=VERTEX_POINT('',#9261);
#2833=VERTEX_POINT('',#9278);
#2834=VERTEX_POINT('',#9286);
#2835=VERTEX_POINT('',#9303);
#2836=VERTEX_POINT('',#9311);
#2837=VERTEX_POINT('',#9328);
#2838=VERTEX_POINT('',#9336);
#2839=VERTEX_POINT('',#9344);
#2840=VERTEX_POINT('',#9346);
#2841=VERTEX_POINT('',#9350);
#2842=VERTEX_POINT('',#9352);
#2843=VERTEX_POINT('',#9356);
#2844=VERTEX_POINT('',#9358);
#2845=VERTEX_POINT('',#9371);
#2846=VERTEX_POINT('',#9379);
#2847=VERTEX_POINT('',#9387);
#2848=VERTEX_POINT('',#9389);
#2849=VERTEX_POINT('',#9402);
#2850=VERTEX_POINT('',#9410);
#2851=VERTEX_POINT('',#9427);
#2852=VERTEX_POINT('',#9435);
#2853=VERTEX_POINT('',#9452);
#2854=VERTEX_POINT('',#9460);
#2855=VERTEX_POINT('',#9477);
#2856=VERTEX_POINT('',#9485);
#2857=VERTEX_POINT('',#9502);
#2858=VERTEX_POINT('',#9510);
#2859=VERTEX_POINT('',#9527);
#2860=VERTEX_POINT('',#9535);
#2861=VERTEX_POINT('',#9552);
#2862=VERTEX_POINT('',#9560);
#2863=VERTEX_POINT('',#9577);
#2864=VERTEX_POINT('',#9585);
#2865=VERTEX_POINT('',#9593);
#2866=VERTEX_POINT('',#9595);
#2867=VERTEX_POINT('',#9603);
#2868=VERTEX_POINT('',#9604);
#2869=VERTEX_POINT('',#9606);
#2870=VERTEX_POINT('',#9608);
#2871=VERTEX_POINT('',#9612);
#2872=VERTEX_POINT('',#9614);
#2873=VERTEX_POINT('',#9618);
#2874=VERTEX_POINT('',#9620);
#2875=VERTEX_POINT('',#9628);
#2876=VERTEX_POINT('',#9629);
#2877=VERTEX_POINT('',#9631);
#2878=VERTEX_POINT('',#9633);
#2879=VERTEX_POINT('',#9637);
#2880=VERTEX_POINT('',#9639);
#2881=VERTEX_POINT('',#9643);
#2882=VERTEX_POINT('',#9645);
#2883=VERTEX_POINT('',#9649);
#2884=VERTEX_POINT('',#9651);
#2885=VERTEX_POINT('',#9655);
#2886=VERTEX_POINT('',#9657);
#2887=VERTEX_POINT('',#9661);
#2888=VERTEX_POINT('',#9663);
#2889=VERTEX_POINT('',#9667);
#2890=VERTEX_POINT('',#9669);
#2891=VERTEX_POINT('',#9673);
#2892=VERTEX_POINT('',#9675);
#2893=VERTEX_POINT('',#9679);
#2894=VERTEX_POINT('',#9681);
#2895=VERTEX_POINT('',#9698);
#2896=VERTEX_POINT('',#9699);
#2897=VERTEX_POINT('',#9707);
#2898=VERTEX_POINT('',#9709);
#2899=VERTEX_POINT('',#9726);
#2900=VERTEX_POINT('',#9734);
#2901=VERTEX_POINT('',#9751);
#2902=VERTEX_POINT('',#9759);
#2903=VERTEX_POINT('',#9776);
#2904=VERTEX_POINT('',#9784);
#2905=VERTEX_POINT('',#9792);
#2906=VERTEX_POINT('',#9794);
#2907=VERTEX_POINT('',#9798);
#2908=VERTEX_POINT('',#9800);
#2909=VERTEX_POINT('',#9813);
#2910=VERTEX_POINT('',#9814);
#2911=VERTEX_POINT('',#9822);
#2912=VERTEX_POINT('',#9824);
#2913=VERTEX_POINT('',#9841);
#2914=VERTEX_POINT('',#9849);
#2915=VERTEX_POINT('',#9866);
#2916=VERTEX_POINT('',#9874);
#2917=VERTEX_POINT('',#9891);
#2918=VERTEX_POINT('',#9899);
#2919=VERTEX_POINT('',#9916);
#2920=VERTEX_POINT('',#9924);
#2921=VERTEX_POINT('',#9932);
#2922=VERTEX_POINT('',#9934);
#2923=VERTEX_POINT('',#9947);
#2924=VERTEX_POINT('',#9955);
#2925=VERTEX_POINT('',#9972);
#2926=VERTEX_POINT('',#9980);
#2927=VERTEX_POINT('',#9997);
#2928=VERTEX_POINT('',#10005);
#2929=VERTEX_POINT('',#10022);
#2930=VERTEX_POINT('',#10030);
#2931=VERTEX_POINT('',#10050);
#2932=VERTEX_POINT('',#10058);
#2933=VERTEX_POINT('',#10075);
#2934=VERTEX_POINT('',#10083);
#2935=VERTEX_POINT('',#10100);
#2936=VERTEX_POINT('',#10108);
#2937=VERTEX_POINT('',#10116);
#2938=VERTEX_POINT('',#10118);
#2939=VERTEX_POINT('',#10126);
#2940=VERTEX_POINT('',#10127);
#2941=VERTEX_POINT('',#10129);
#2942=VERTEX_POINT('',#10131);
#2943=VERTEX_POINT('',#10133);
#2944=VERTEX_POINT('',#10135);
#2945=VERTEX_POINT('',#10137);
#2946=VERTEX_POINT('',#10139);
#2947=VERTEX_POINT('',#10142);
#2948=VERTEX_POINT('',#10143);
#2949=VERTEX_POINT('',#10145);
#2950=VERTEX_POINT('',#10147);
#2951=VERTEX_POINT('',#10149);
#2952=VERTEX_POINT('',#10151);
#2953=VERTEX_POINT('',#10153);
#2954=VERTEX_POINT('',#10155);
#2955=VERTEX_POINT('',#10157);
#2956=VERTEX_POINT('',#10159);
#2957=VERTEX_POINT('',#10161);
#2958=VERTEX_POINT('',#10163);
#2959=VERTEX_POINT('',#10167);
#2960=VERTEX_POINT('',#10168);
#2961=VERTEX_POINT('',#10170);
#2962=VERTEX_POINT('',#10172);
#2963=VERTEX_POINT('',#10176);
#2964=VERTEX_POINT('',#10178);
#2965=VERTEX_POINT('',#10182);
#2966=VERTEX_POINT('',#10184);
#2967=VERTEX_POINT('',#10188);
#2968=VERTEX_POINT('',#10192);
#2969=VERTEX_POINT('',#10196);
#2970=VERTEX_POINT('',#10203);
#2971=VERTEX_POINT('',#10207);
#2972=VERTEX_POINT('',#10211);
#2973=VERTEX_POINT('',#10219);
#2974=VERTEX_POINT('',#10221);
#2975=VERTEX_POINT('',#10225);
#2976=VERTEX_POINT('',#10229);
#2977=VERTEX_POINT('',#10233);
#2978=VERTEX_POINT('',#10237);
#2979=VERTEX_POINT('',#10241);
#2980=VERTEX_POINT('',#10245);
#2981=VERTEX_POINT('',#10249);
#2982=VERTEX_POINT('',#10253);
#2983=VERTEX_POINT('',#10257);
#2984=VERTEX_POINT('',#10261);
#2985=EDGE_CURVE('',#2451,#2451,#2397,.T.);
#2986=EDGE_CURVE('',#2451,#2452,#1215,.T.);
#2987=EDGE_CURVE('',#2452,#2452,#2398,.T.);
#2988=EDGE_CURVE('',#2452,#2453,#1216,.T.);
#2989=EDGE_CURVE('',#2453,#2453,#2399,.T.);
#2990=EDGE_CURVE('',#2454,#2454,#2400,.T.);
#2991=EDGE_CURVE('',#2454,#2455,#1217,.T.);
#2992=EDGE_CURVE('',#2455,#2455,#2401,.T.);
#2993=EDGE_CURVE('',#2455,#2456,#1218,.T.);
#2994=EDGE_CURVE('',#2456,#2456,#2402,.T.);
#2995=EDGE_CURVE('',#2457,#2457,#2403,.T.);
#2996=EDGE_CURVE('',#2457,#2458,#1219,.T.);
#2997=EDGE_CURVE('',#2458,#2458,#2404,.T.);
#2998=EDGE_CURVE('',#2458,#2459,#1220,.T.);
#2999=EDGE_CURVE('',#2459,#2459,#2405,.T.);
#3000=EDGE_CURVE('',#2460,#2460,#2406,.T.);
#3001=EDGE_CURVE('',#2460,#2461,#1221,.T.);
#3002=EDGE_CURVE('',#2461,#2461,#2407,.T.);
#3003=EDGE_CURVE('',#2461,#2462,#1222,.T.);
#3004=EDGE_CURVE('',#2462,#2462,#2408,.T.);
#3005=EDGE_CURVE('',#2463,#2464,#2409,.T.);
#3006=EDGE_CURVE('',#2464,#2465,#1223,.T.);
#3007=EDGE_CURVE('',#2465,#2466,#2410,.T.);
#3008=EDGE_CURVE('',#2466,#2463,#1224,.T.);
#3009=EDGE_CURVE('',#2467,#2464,#1225,.T.);
#3010=EDGE_CURVE('',#2468,#2467,#1226,.T.);
#3011=EDGE_CURVE('',#2468,#2465,#1227,.T.);
#3012=EDGE_CURVE('',#2463,#2469,#1228,.T.);
#3013=EDGE_CURVE('',#2470,#2469,#2411,.T.);
#3014=EDGE_CURVE('',#2470,#2471,#1229,.T.);
#3015=EDGE_CURVE('',#2472,#2471,#2412,.T.);
#3016=EDGE_CURVE('',#2472,#2473,#1230,.T.);
#3017=EDGE_CURVE('',#2467,#2473,#2413,.T.);
#3018=EDGE_CURVE('',#2474,#2474,#2414,.T.);
#3019=EDGE_CURVE('',#2475,#2475,#2415,.T.);
#3020=EDGE_CURVE('',#2476,#2476,#2416,.T.);
#3021=EDGE_CURVE('',#2477,#2477,#2417,.T.);
#3022=EDGE_CURVE('',#2478,#2478,#2418,.T.);
#3023=EDGE_CURVE('',#2479,#2479,#2419,.T.);
#3024=EDGE_CURVE('',#2480,#2480,#2420,.T.);
#3025=EDGE_CURVE('',#2481,#2481,#2421,.T.);
#3026=EDGE_CURVE('',#2482,#2482,#2422,.T.);
#3027=EDGE_CURVE('',#2483,#2483,#2423,.T.);
#3028=EDGE_CURVE('',#2484,#2484,#2424,.T.);
#3029=EDGE_CURVE('',#2485,#2485,#2425,.T.);
#3030=EDGE_CURVE('',#2486,#2486,#2426,.T.);
#3031=EDGE_CURVE('',#2487,#2487,#2427,.T.);
#3032=EDGE_CURVE('',#2488,#2488,#2428,.T.);
#3033=EDGE_CURVE('',#2489,#2489,#2429,.T.);
#3034=EDGE_CURVE('',#2490,#2490,#2430,.T.);
#3035=EDGE_CURVE('',#2473,#2491,#1231,.T.);
#3036=EDGE_CURVE('',#2491,#2468,#2431,.T.);
#3037=EDGE_CURVE('',#2492,#2472,#1232,.T.);
#3038=EDGE_CURVE('',#2492,#2491,#1233,.T.);
#3039=EDGE_CURVE('',#2469,#2493,#1234,.T.);
#3040=EDGE_CURVE('',#2493,#2494,#2432,.T.);
#3041=EDGE_CURVE('',#2494,#2470,#1235,.T.);
#3042=EDGE_CURVE('',#2466,#2493,#1236,.T.);
#3043=EDGE_CURVE('',#2471,#2495,#1237,.T.);
#3044=EDGE_CURVE('',#2495,#2492,#2433,.T.);
#3045=EDGE_CURVE('',#2490,#2496,#1238,.T.);
#3046=EDGE_CURVE('',#2496,#2496,#2434,.T.);
#3047=EDGE_CURVE('',#2489,#2497,#1239,.T.);
#3048=EDGE_CURVE('',#2497,#2497,#2435,.T.);
#3049=EDGE_CURVE('',#2488,#2498,#1240,.T.);
#3050=EDGE_CURVE('',#2498,#2498,#2436,.T.);
#3051=EDGE_CURVE('',#2487,#2499,#1241,.T.);
#3052=EDGE_CURVE('',#2499,#2499,#2437,.T.);
#3053=EDGE_CURVE('',#2486,#2500,#1242,.T.);
#3054=EDGE_CURVE('',#2500,#2500,#2438,.T.);
#3055=EDGE_CURVE('',#2485,#2501,#1243,.T.);
#3056=EDGE_CURVE('',#2501,#2501,#2439,.T.);
#3057=EDGE_CURVE('',#2484,#2502,#1244,.T.);
#3058=EDGE_CURVE('',#2502,#2502,#2440,.T.);
#3059=EDGE_CURVE('',#2483,#2503,#1245,.T.);
#3060=EDGE_CURVE('',#2503,#2503,#2441,.T.);
#3061=EDGE_CURVE('',#2482,#2504,#1246,.T.);
#3062=EDGE_CURVE('',#2504,#2504,#2442,.T.);
#3063=EDGE_CURVE('',#2481,#2505,#1247,.T.);
#3064=EDGE_CURVE('',#2505,#2505,#2443,.T.);
#3065=EDGE_CURVE('',#2480,#2506,#1248,.T.);
#3066=EDGE_CURVE('',#2506,#2506,#2444,.T.);
#3067=EDGE_CURVE('',#2479,#2507,#1249,.T.);
#3068=EDGE_CURVE('',#2507,#2507,#2445,.T.);
#3069=EDGE_CURVE('',#2478,#2508,#1250,.T.);
#3070=EDGE_CURVE('',#2508,#2508,#2446,.T.);
#3071=EDGE_CURVE('',#2477,#2509,#1251,.T.);
#3072=EDGE_CURVE('',#2509,#2509,#2447,.T.);
#3073=EDGE_CURVE('',#2476,#2510,#1252,.T.);
#3074=EDGE_CURVE('',#2510,#2510,#2448,.T.);
#3075=EDGE_CURVE('',#2475,#2511,#1253,.T.);
#3076=EDGE_CURVE('',#2511,#2511,#2449,.T.);
#3077=EDGE_CURVE('',#2474,#2512,#1254,.T.);
#3078=EDGE_CURVE('',#2512,#2512,#2450,.T.);
#3079=EDGE_CURVE('',#2494,#2495,#1255,.T.);
#3080=EDGE_CURVE('',#2513,#2514,#1256,.T.);
#3081=EDGE_CURVE('',#2513,#2515,#1257,.T.);
#3082=EDGE_CURVE('',#2516,#2515,#1258,.T.);
#3083=EDGE_CURVE('',#2514,#2516,#1259,.T.);
#3084=EDGE_CURVE('',#2517,#2513,#1260,.T.);
#3085=EDGE_CURVE('',#2517,#2518,#1261,.T.);
#3086=EDGE_CURVE('',#2515,#2518,#1262,.T.);
#3087=EDGE_CURVE('',#2519,#2520,#1263,.T.);
#3088=EDGE_CURVE('',#2519,#2521,#1264,.T.);
#3089=EDGE_CURVE('',#2522,#2521,#1265,.T.);
#3090=EDGE_CURVE('',#2520,#2522,#1266,.T.);
#3091=EDGE_CURVE('',#2523,#2519,#1267,.T.);
#3092=EDGE_CURVE('',#2523,#2524,#1268,.T.);
#3093=EDGE_CURVE('',#2521,#2524,#1269,.T.);
#3094=EDGE_CURVE('',#2525,#2523,#1270,.T.);
#3095=EDGE_CURVE('',#2525,#2526,#1271,.T.);
#3096=EDGE_CURVE('',#2524,#2526,#1272,.T.);
#3097=EDGE_CURVE('',#2527,#2525,#1273,.T.);
#3098=EDGE_CURVE('',#2527,#2528,#1274,.T.);
#3099=EDGE_CURVE('',#2526,#2528,#1275,.T.);
#3100=EDGE_CURVE('',#2514,#2517,#1276,.T.);
#3101=EDGE_CURVE('',#2518,#2516,#1277,.T.);
#3102=EDGE_CURVE('',#2520,#2529,#1278,.T.);
#3103=EDGE_CURVE('',#2530,#2522,#1279,.T.);
#3104=EDGE_CURVE('',#2529,#2530,#1280,.T.);
#3105=EDGE_CURVE('',#2529,#2531,#1281,.T.);
#3106=EDGE_CURVE('',#2532,#2530,#1282,.T.);
#3107=EDGE_CURVE('',#2531,#2532,#1283,.T.);
#3108=EDGE_CURVE('',#2531,#2533,#1284,.T.);
#3109=EDGE_CURVE('',#2534,#2532,#1285,.T.);
#3110=EDGE_CURVE('',#2533,#2534,#1286,.T.);
#3111=EDGE_CURVE('',#2533,#2527,#1287,.T.);
#3112=EDGE_CURVE('',#2528,#2534,#1288,.T.);
#3113=EDGE_CURVE('',#2535,#2536,#1289,.T.);
#3114=EDGE_CURVE('',#2536,#2537,#1290,.T.);
#3115=EDGE_CURVE('',#2537,#2538,#1291,.T.);
#3116=EDGE_CURVE('',#2538,#2535,#1292,.T.);
#3117=EDGE_CURVE('',#2539,#2540,#1293,.T.);
#3118=EDGE_CURVE('',#2540,#2541,#1294,.T.);
#3119=EDGE_CURVE('',#2541,#2542,#1295,.T.);
#3120=EDGE_CURVE('',#2542,#2543,#1296,.T.);
#3121=EDGE_CURVE('',#2543,#2544,#1297,.T.);
#3122=EDGE_CURVE('',#2544,#2545,#1298,.T.);
#3123=EDGE_CURVE('',#2545,#2546,#1299,.T.);
#3124=EDGE_CURVE('',#2546,#2547,#1300,.T.);
#3125=EDGE_CURVE('',#2547,#2548,#1301,.T.);
#3126=EDGE_CURVE('',#2548,#2549,#1302,.T.);
#3127=EDGE_CURVE('',#2549,#2550,#1303,.T.);
#3128=EDGE_CURVE('',#2550,#2551,#1304,.T.);
#3129=EDGE_CURVE('',#2551,#2539,#1305,.T.);
#3130=EDGE_CURVE('',#2552,#2553,#1306,.T.);
#3131=EDGE_CURVE('',#2553,#2554,#1307,.T.);
#3132=EDGE_CURVE('',#2554,#2555,#1308,.T.);
#3133=EDGE_CURVE('',#2555,#2556,#1309,.T.);
#3134=EDGE_CURVE('',#2556,#2557,#1310,.T.);
#3135=EDGE_CURVE('',#2557,#2558,#1311,.T.);
#3136=EDGE_CURVE('',#2558,#2559,#1312,.T.);
#3137=EDGE_CURVE('',#2559,#2560,#1313,.T.);
#3138=EDGE_CURVE('',#2560,#2561,#1314,.T.);
#3139=EDGE_CURVE('',#2561,#2562,#1315,.T.);
#3140=EDGE_CURVE('',#2562,#2563,#1316,.T.);
#3141=EDGE_CURVE('',#2563,#2552,#1317,.T.);
#3142=EDGE_CURVE('',#2564,#2565,#1318,.T.);
#3143=EDGE_CURVE('',#2565,#2566,#92,.T.);
#3144=EDGE_CURVE('',#2566,#2567,#93,.T.);
#3145=EDGE_CURVE('',#2567,#2568,#94,.T.);
#3146=EDGE_CURVE('',#2568,#2569,#95,.T.);
#3147=EDGE_CURVE('',#2569,#2570,#96,.T.);
#3148=EDGE_CURVE('',#2570,#2571,#97,.T.);
#3149=EDGE_CURVE('',#2571,#2572,#98,.T.);
#3150=EDGE_CURVE('',#2572,#2573,#99,.T.);
#3151=EDGE_CURVE('',#2573,#2574,#1319,.T.);
#3152=EDGE_CURVE('',#2574,#2575,#100,.T.);
#3153=EDGE_CURVE('',#2575,#2576,#101,.T.);
#3154=EDGE_CURVE('',#2576,#2577,#102,.T.);
#3155=EDGE_CURVE('',#2577,#2578,#103,.T.);
#3156=EDGE_CURVE('',#2578,#2579,#104,.T.);
#3157=EDGE_CURVE('',#2579,#2580,#105,.T.);
#3158=EDGE_CURVE('',#2580,#2581,#106,.T.);
#3159=EDGE_CURVE('',#2581,#2564,#107,.T.);
#3160=EDGE_CURVE('',#2572,#2582,#1320,.T.);
#3161=EDGE_CURVE('',#2583,#2582,#108,.T.);
#3162=EDGE_CURVE('',#2573,#2583,#1321,.T.);
#3163=EDGE_CURVE('',#2571,#2584,#1322,.T.);
#3164=EDGE_CURVE('',#2582,#2584,#109,.T.);
#3165=EDGE_CURVE('',#2570,#2585,#1323,.T.);
#3166=EDGE_CURVE('',#2584,#2585,#110,.T.);
#3167=EDGE_CURVE('',#2569,#2586,#1324,.T.);
#3168=EDGE_CURVE('',#2585,#2586,#111,.T.);
#3169=EDGE_CURVE('',#2568,#2587,#1325,.T.);
#3170=EDGE_CURVE('',#2586,#2587,#112,.T.);
#3171=EDGE_CURVE('',#2567,#2588,#1326,.T.);
#3172=EDGE_CURVE('',#2587,#2588,#113,.T.);
#3173=EDGE_CURVE('',#2566,#2589,#1327,.T.);
#3174=EDGE_CURVE('',#2588,#2589,#114,.T.);
#3175=EDGE_CURVE('',#2565,#2590,#1328,.T.);
#3176=EDGE_CURVE('',#2589,#2590,#115,.T.);
#3177=EDGE_CURVE('',#2564,#2591,#1329,.T.);
#3178=EDGE_CURVE('',#2590,#2591,#1330,.T.);
#3179=EDGE_CURVE('',#2592,#2583,#1331,.T.);
#3180=EDGE_CURVE('',#2574,#2592,#1332,.T.);
#3181=EDGE_CURVE('',#2593,#2592,#116,.T.);
#3182=EDGE_CURVE('',#2575,#2593,#1333,.T.);
#3183=EDGE_CURVE('',#2594,#2593,#117,.T.);
#3184=EDGE_CURVE('',#2576,#2594,#1334,.T.);
#3185=EDGE_CURVE('',#2595,#2594,#118,.T.);
#3186=EDGE_CURVE('',#2577,#2595,#1335,.T.);
#3187=EDGE_CURVE('',#2596,#2595,#119,.T.);
#3188=EDGE_CURVE('',#2578,#2596,#1336,.T.);
#3189=EDGE_CURVE('',#2597,#2596,#120,.T.);
#3190=EDGE_CURVE('',#2579,#2597,#1337,.T.);
#3191=EDGE_CURVE('',#2598,#2597,#121,.T.);
#3192=EDGE_CURVE('',#2580,#2598,#1338,.T.);
#3193=EDGE_CURVE('',#2599,#2598,#122,.T.);
#3194=EDGE_CURVE('',#2581,#2599,#1339,.T.);
#3195=EDGE_CURVE('',#2591,#2599,#123,.T.);
#3196=EDGE_CURVE('',#2557,#2600,#1340,.T.);
#3197=EDGE_CURVE('',#2601,#2600,#1341,.T.);
#3198=EDGE_CURVE('',#2558,#2601,#1342,.T.);
#3199=EDGE_CURVE('',#2556,#2602,#1343,.T.);
#3200=EDGE_CURVE('',#2600,#2602,#1344,.T.);
#3201=EDGE_CURVE('',#2555,#2603,#1345,.T.);
#3202=EDGE_CURVE('',#2602,#2603,#1346,.T.);
#3203=EDGE_CURVE('',#2554,#2604,#1347,.T.);
#3204=EDGE_CURVE('',#2603,#2604,#1348,.T.);
#3205=EDGE_CURVE('',#2553,#2605,#1349,.T.);
#3206=EDGE_CURVE('',#2604,#2605,#1350,.T.);
#3207=EDGE_CURVE('',#2552,#2606,#1351,.T.);
#3208=EDGE_CURVE('',#2605,#2606,#1352,.T.);
#3209=EDGE_CURVE('',#2607,#2601,#1353,.T.);
#3210=EDGE_CURVE('',#2559,#2607,#1354,.T.);
#3211=EDGE_CURVE('',#2608,#2607,#1355,.T.);
#3212=EDGE_CURVE('',#2560,#2608,#1356,.T.);
#3213=EDGE_CURVE('',#2609,#2608,#1357,.T.);
#3214=EDGE_CURVE('',#2561,#2609,#1358,.T.);
#3215=EDGE_CURVE('',#2610,#2609,#1359,.T.);
#3216=EDGE_CURVE('',#2562,#2610,#1360,.T.);
#3217=EDGE_CURVE('',#2611,#2610,#1361,.T.);
#3218=EDGE_CURVE('',#2563,#2611,#1362,.T.);
#3219=EDGE_CURVE('',#2606,#2611,#1363,.T.);
#3220=EDGE_CURVE('',#2545,#2612,#1364,.T.);
#3221=EDGE_CURVE('',#2613,#2612,#1365,.T.);
#3222=EDGE_CURVE('',#2546,#2613,#1366,.T.);
#3223=EDGE_CURVE('',#2544,#2614,#1367,.T.);
#3224=EDGE_CURVE('',#2612,#2614,#1368,.T.);
#3225=EDGE_CURVE('',#2543,#2615,#1369,.T.);
#3226=EDGE_CURVE('',#2614,#2615,#1370,.T.);
#3227=EDGE_CURVE('',#2542,#2616,#1371,.T.);
#3228=EDGE_CURVE('',#2615,#2616,#1372,.T.);
#3229=EDGE_CURVE('',#2541,#2617,#1373,.T.);
#3230=EDGE_CURVE('',#2616,#2617,#1374,.T.);
#3231=EDGE_CURVE('',#2540,#2618,#1375,.T.);
#3232=EDGE_CURVE('',#2617,#2618,#1376,.T.);
#3233=EDGE_CURVE('',#2539,#2619,#1377,.T.);
#3234=EDGE_CURVE('',#2618,#2619,#1378,.T.);
#3235=EDGE_CURVE('',#2620,#2613,#1379,.T.);
#3236=EDGE_CURVE('',#2547,#2620,#1380,.T.);
#3237=EDGE_CURVE('',#2621,#2620,#1381,.T.);
#3238=EDGE_CURVE('',#2548,#2621,#1382,.T.);
#3239=EDGE_CURVE('',#2622,#2621,#1383,.T.);
#3240=EDGE_CURVE('',#2549,#2622,#1384,.T.);
#3241=EDGE_CURVE('',#2623,#2622,#1385,.T.);
#3242=EDGE_CURVE('',#2550,#2623,#1386,.T.);
#3243=EDGE_CURVE('',#2624,#2623,#1387,.T.);
#3244=EDGE_CURVE('',#2551,#2624,#1388,.T.);
#3245=EDGE_CURVE('',#2619,#2624,#1389,.T.);
#3246=EDGE_CURVE('',#2536,#2625,#1390,.T.);
#3247=EDGE_CURVE('',#2626,#2625,#1391,.T.);
#3248=EDGE_CURVE('',#2537,#2626,#1392,.T.);
#3249=EDGE_CURVE('',#2535,#2627,#1393,.T.);
#3250=EDGE_CURVE('',#2625,#2627,#1394,.T.);
#3251=EDGE_CURVE('',#2628,#2626,#1395,.T.);
#3252=EDGE_CURVE('',#2538,#2628,#1396,.T.);
#3253=EDGE_CURVE('',#2627,#2628,#1397,.T.);
#3254=EDGE_CURVE('',#2629,#2630,#1398,.T.);
#3255=EDGE_CURVE('',#2629,#2631,#1399,.T.);
#3256=EDGE_CURVE('',#2632,#2631,#1400,.T.);
#3257=EDGE_CURVE('',#2630,#2632,#1401,.T.);
#3258=EDGE_CURVE('',#2630,#2633,#1402,.T.);
#3259=EDGE_CURVE('',#2634,#2632,#1403,.T.);
#3260=EDGE_CURVE('',#2633,#2634,#1404,.T.);
#3261=EDGE_CURVE('',#2633,#2635,#1405,.T.);
#3262=EDGE_CURVE('',#2636,#2634,#1406,.T.);
#3263=EDGE_CURVE('',#2635,#2636,#1407,.T.);
#3264=EDGE_CURVE('',#2635,#2629,#1408,.T.);
#3265=EDGE_CURVE('',#2631,#2636,#1409,.T.);
#3266=EDGE_CURVE('',#2637,#2638,#1410,.T.);
#3267=EDGE_CURVE('',#2637,#2639,#1411,.T.);
#3268=EDGE_CURVE('',#2640,#2639,#1412,.T.);
#3269=EDGE_CURVE('',#2638,#2640,#1413,.T.);
#3270=EDGE_CURVE('',#2641,#2637,#1414,.T.);
#3271=EDGE_CURVE('',#2641,#2642,#1415,.T.);
#3272=EDGE_CURVE('',#2639,#2642,#1416,.T.);
#3273=EDGE_CURVE('',#2638,#2643,#1417,.T.);
#3274=EDGE_CURVE('',#2644,#2640,#1418,.T.);
#3275=EDGE_CURVE('',#2643,#2644,#1419,.T.);
#3276=EDGE_CURVE('',#2643,#2641,#1420,.T.);
#3277=EDGE_CURVE('',#2642,#2644,#1421,.T.);
#3278=EDGE_CURVE('',#2645,#2646,#1422,.T.);
#3279=EDGE_CURVE('',#2645,#2647,#1423,.T.);
#3280=EDGE_CURVE('',#2648,#2647,#1424,.T.);
#3281=EDGE_CURVE('',#2646,#2648,#1425,.T.);
#3282=EDGE_CURVE('',#2646,#2649,#1426,.T.);
#3283=EDGE_CURVE('',#2650,#2648,#1427,.T.);
#3284=EDGE_CURVE('',#2649,#2650,#1428,.T.);
#3285=EDGE_CURVE('',#2649,#2651,#1429,.T.);
#3286=EDGE_CURVE('',#2652,#2650,#1430,.T.);
#3287=EDGE_CURVE('',#2651,#2652,#1431,.T.);
#3288=EDGE_CURVE('',#2651,#2645,#1432,.T.);
#3289=EDGE_CURVE('',#2647,#2652,#1433,.T.);
#3290=EDGE_CURVE('',#2653,#2654,#124,.T.);
#3291=EDGE_CURVE('',#2653,#2655,#1434,.T.);
#3292=EDGE_CURVE('',#2656,#2655,#125,.T.);
#3293=EDGE_CURVE('',#2654,#2656,#1435,.T.);
#3294=EDGE_CURVE('',#2657,#2653,#126,.T.);
#3295=EDGE_CURVE('',#2657,#2658,#1436,.T.);
#3296=EDGE_CURVE('',#2655,#2658,#127,.T.);
#3297=EDGE_CURVE('',#2659,#2657,#128,.T.);
#3298=EDGE_CURVE('',#2659,#2660,#1437,.T.);
#3299=EDGE_CURVE('',#2658,#2660,#129,.T.);
#3300=EDGE_CURVE('',#2661,#2659,#1438,.T.);
#3301=EDGE_CURVE('',#2661,#2662,#1439,.T.);
#3302=EDGE_CURVE('',#2660,#2662,#1440,.T.);
#3303=EDGE_CURVE('',#2663,#2661,#1441,.T.);
#3304=EDGE_CURVE('',#2663,#2664,#1442,.T.);
#3305=EDGE_CURVE('',#2662,#2664,#1443,.T.);
#3306=EDGE_CURVE('',#2665,#2666,#130,.T.);
#3307=EDGE_CURVE('',#2665,#2667,#1444,.T.);
#3308=EDGE_CURVE('',#2668,#2667,#131,.T.);
#3309=EDGE_CURVE('',#2666,#2668,#1445,.T.);
#3310=EDGE_CURVE('',#2669,#2665,#132,.T.);
#3311=EDGE_CURVE('',#2669,#2670,#1446,.T.);
#3312=EDGE_CURVE('',#2667,#2670,#133,.T.);
#3313=EDGE_CURVE('',#2671,#2669,#134,.T.);
#3314=EDGE_CURVE('',#2671,#2672,#1447,.T.);
#3315=EDGE_CURVE('',#2670,#2672,#135,.T.);
#3316=EDGE_CURVE('',#2673,#2671,#136,.T.);
#3317=EDGE_CURVE('',#2673,#2674,#1448,.T.);
#3318=EDGE_CURVE('',#2672,#2674,#137,.T.);
#3319=EDGE_CURVE('',#2675,#2673,#1449,.T.);
#3320=EDGE_CURVE('',#2675,#2676,#1450,.T.);
#3321=EDGE_CURVE('',#2674,#2676,#1451,.T.);
#3322=EDGE_CURVE('',#2677,#2675,#1452,.T.);
#3323=EDGE_CURVE('',#2677,#2678,#1453,.T.);
#3324=EDGE_CURVE('',#2676,#2678,#1454,.T.);
#3325=EDGE_CURVE('',#2654,#2679,#138,.T.);
#3326=EDGE_CURVE('',#2680,#2656,#139,.T.);
#3327=EDGE_CURVE('',#2679,#2680,#1455,.T.);
#3328=EDGE_CURVE('',#2679,#2681,#140,.T.);
#3329=EDGE_CURVE('',#2682,#2680,#141,.T.);
#3330=EDGE_CURVE('',#2681,#2682,#1456,.T.);
#3331=EDGE_CURVE('',#2681,#2683,#142,.T.);
#3332=EDGE_CURVE('',#2684,#2682,#143,.T.);
#3333=EDGE_CURVE('',#2683,#2684,#1457,.T.);
#3334=EDGE_CURVE('',#2683,#2663,#1458,.T.);
#3335=EDGE_CURVE('',#2664,#2684,#1459,.T.);
#3336=EDGE_CURVE('',#2666,#2685,#144,.T.);
#3337=EDGE_CURVE('',#2686,#2668,#145,.T.);
#3338=EDGE_CURVE('',#2685,#2686,#1460,.T.);
#3339=EDGE_CURVE('',#2685,#2687,#146,.T.);
#3340=EDGE_CURVE('',#2688,#2686,#147,.T.);
#3341=EDGE_CURVE('',#2687,#2688,#1461,.T.);
#3342=EDGE_CURVE('',#2687,#2689,#148,.T.);
#3343=EDGE_CURVE('',#2690,#2688,#149,.T.);
#3344=EDGE_CURVE('',#2689,#2690,#1462,.T.);
#3345=EDGE_CURVE('',#2689,#2691,#1463,.T.);
#3346=EDGE_CURVE('',#2692,#2690,#1464,.T.);
#3347=EDGE_CURVE('',#2691,#2692,#1465,.T.);
#3348=EDGE_CURVE('',#2691,#2693,#1466,.T.);
#3349=EDGE_CURVE('',#2694,#2692,#1467,.T.);
#3350=EDGE_CURVE('',#2693,#2694,#1468,.T.);
#3351=EDGE_CURVE('',#2693,#2677,#1469,.T.);
#3352=EDGE_CURVE('',#2678,#2694,#1470,.T.);
#3353=EDGE_CURVE('',#2695,#2696,#1471,.T.);
#3354=EDGE_CURVE('',#2696,#2697,#1472,.T.);
#3355=EDGE_CURVE('',#2697,#2698,#1473,.T.);
#3356=EDGE_CURVE('',#2698,#2695,#1474,.T.);
#3357=EDGE_CURVE('',#2699,#2700,#1475,.T.);
#3358=EDGE_CURVE('',#2700,#2701,#1476,.T.);
#3359=EDGE_CURVE('',#2701,#2702,#1477,.T.);
#3360=EDGE_CURVE('',#2702,#2703,#1478,.T.);
#3361=EDGE_CURVE('',#2703,#2704,#1479,.T.);
#3362=EDGE_CURVE('',#2704,#2705,#1480,.T.);
#3363=EDGE_CURVE('',#2705,#2706,#1481,.T.);
#3364=EDGE_CURVE('',#2706,#2699,#1482,.T.);
#3365=EDGE_CURVE('',#2707,#2708,#1483,.T.);
#3366=EDGE_CURVE('',#2708,#2709,#150,.T.);
#3367=EDGE_CURVE('',#2709,#2710,#151,.T.);
#3368=EDGE_CURVE('',#2710,#2711,#152,.T.);
#3369=EDGE_CURVE('',#2711,#2712,#153,.T.);
#3370=EDGE_CURVE('',#2712,#2713,#154,.T.);
#3371=EDGE_CURVE('',#2713,#2714,#155,.T.);
#3372=EDGE_CURVE('',#2714,#2715,#156,.T.);
#3373=EDGE_CURVE('',#2715,#2716,#157,.T.);
#3374=EDGE_CURVE('',#2716,#2717,#1484,.T.);
#3375=EDGE_CURVE('',#2717,#2718,#158,.T.);
#3376=EDGE_CURVE('',#2718,#2719,#159,.T.);
#3377=EDGE_CURVE('',#2719,#2720,#160,.T.);
#3378=EDGE_CURVE('',#2720,#2721,#161,.T.);
#3379=EDGE_CURVE('',#2721,#2722,#162,.T.);
#3380=EDGE_CURVE('',#2722,#2723,#163,.T.);
#3381=EDGE_CURVE('',#2723,#2724,#164,.T.);
#3382=EDGE_CURVE('',#2724,#2707,#165,.T.);
#3383=EDGE_CURVE('',#2725,#2726,#1485,.T.);
#3384=EDGE_CURVE('',#2726,#2727,#1486,.T.);
#3385=EDGE_CURVE('',#2727,#2728,#1487,.T.);
#3386=EDGE_CURVE('',#2728,#2729,#1488,.T.);
#3387=EDGE_CURVE('',#2729,#2730,#1489,.T.);
#3388=EDGE_CURVE('',#2730,#2731,#1490,.T.);
#3389=EDGE_CURVE('',#2731,#2732,#1491,.T.);
#3390=EDGE_CURVE('',#2732,#2733,#1492,.T.);
#3391=EDGE_CURVE('',#2733,#2734,#1493,.T.);
#3392=EDGE_CURVE('',#2734,#2735,#1494,.T.);
#3393=EDGE_CURVE('',#2735,#2736,#1495,.T.);
#3394=EDGE_CURVE('',#2736,#2725,#1496,.T.);
#3395=EDGE_CURVE('',#2730,#2737,#1497,.T.);
#3396=EDGE_CURVE('',#2738,#2737,#1498,.T.);
#3397=EDGE_CURVE('',#2731,#2738,#1499,.T.);
#3398=EDGE_CURVE('',#2729,#2739,#1500,.T.);
#3399=EDGE_CURVE('',#2737,#2739,#1501,.T.);
#3400=EDGE_CURVE('',#2728,#2740,#1502,.T.);
#3401=EDGE_CURVE('',#2739,#2740,#1503,.T.);
#3402=EDGE_CURVE('',#2727,#2741,#1504,.T.);
#3403=EDGE_CURVE('',#2740,#2741,#1505,.T.);
#3404=EDGE_CURVE('',#2726,#2742,#1506,.T.);
#3405=EDGE_CURVE('',#2741,#2742,#1507,.T.);
#3406=EDGE_CURVE('',#2725,#2743,#1508,.T.);
#3407=EDGE_CURVE('',#2742,#2743,#1509,.T.);
#3408=EDGE_CURVE('',#2744,#2738,#1510,.T.);
#3409=EDGE_CURVE('',#2732,#2744,#1511,.T.);
#3410=EDGE_CURVE('',#2745,#2744,#1512,.T.);
#3411=EDGE_CURVE('',#2733,#2745,#1513,.T.);
#3412=EDGE_CURVE('',#2746,#2745,#1514,.T.);
#3413=EDGE_CURVE('',#2734,#2746,#1515,.T.);
#3414=EDGE_CURVE('',#2747,#2746,#1516,.T.);
#3415=EDGE_CURVE('',#2735,#2747,#1517,.T.);
#3416=EDGE_CURVE('',#2748,#2747,#1518,.T.);
#3417=EDGE_CURVE('',#2736,#2748,#1519,.T.);
#3418=EDGE_CURVE('',#2743,#2748,#1520,.T.);
#3419=EDGE_CURVE('',#2715,#2749,#1521,.T.);
#3420=EDGE_CURVE('',#2750,#2749,#166,.T.);
#3421=EDGE_CURVE('',#2716,#2750,#1522,.T.);
#3422=EDGE_CURVE('',#2714,#2751,#1523,.T.);
#3423=EDGE_CURVE('',#2749,#2751,#167,.T.);
#3424=EDGE_CURVE('',#2713,#2752,#1524,.T.);
#3425=EDGE_CURVE('',#2751,#2752,#168,.T.);
#3426=EDGE_CURVE('',#2712,#2753,#1525,.T.);
#3427=EDGE_CURVE('',#2752,#2753,#169,.T.);
#3428=EDGE_CURVE('',#2711,#2754,#1526,.T.);
#3429=EDGE_CURVE('',#2753,#2754,#170,.T.);
#3430=EDGE_CURVE('',#2710,#2755,#1527,.T.);
#3431=EDGE_CURVE('',#2754,#2755,#171,.T.);
#3432=EDGE_CURVE('',#2709,#2756,#1528,.T.);
#3433=EDGE_CURVE('',#2755,#2756,#172,.T.);
#3434=EDGE_CURVE('',#2708,#2757,#1529,.T.);
#3435=EDGE_CURVE('',#2756,#2757,#173,.T.);
#3436=EDGE_CURVE('',#2707,#2758,#1530,.T.);
#3437=EDGE_CURVE('',#2757,#2758,#1531,.T.);
#3438=EDGE_CURVE('',#2759,#2750,#1532,.T.);
#3439=EDGE_CURVE('',#2717,#2759,#1533,.T.);
#3440=EDGE_CURVE('',#2760,#2759,#174,.T.);
#3441=EDGE_CURVE('',#2718,#2760,#1534,.T.);
#3442=EDGE_CURVE('',#2761,#2760,#175,.T.);
#3443=EDGE_CURVE('',#2719,#2761,#1535,.T.);
#3444=EDGE_CURVE('',#2762,#2761,#176,.T.);
#3445=EDGE_CURVE('',#2720,#2762,#1536,.T.);
#3446=EDGE_CURVE('',#2763,#2762,#177,.T.);
#3447=EDGE_CURVE('',#2721,#2763,#1537,.T.);
#3448=EDGE_CURVE('',#2764,#2763,#178,.T.);
#3449=EDGE_CURVE('',#2722,#2764,#1538,.T.);
#3450=EDGE_CURVE('',#2765,#2764,#179,.T.);
#3451=EDGE_CURVE('',#2723,#2765,#1539,.T.);
#3452=EDGE_CURVE('',#2766,#2765,#180,.T.);
#3453=EDGE_CURVE('',#2724,#2766,#1540,.T.);
#3454=EDGE_CURVE('',#2758,#2766,#181,.T.);
#3455=EDGE_CURVE('',#2702,#2767,#1541,.T.);
#3456=EDGE_CURVE('',#2768,#2767,#1542,.T.);
#3457=EDGE_CURVE('',#2703,#2768,#1543,.T.);
#3458=EDGE_CURVE('',#2701,#2769,#1544,.T.);
#3459=EDGE_CURVE('',#2767,#2769,#1545,.T.);
#3460=EDGE_CURVE('',#2700,#2770,#1546,.T.);
#3461=EDGE_CURVE('',#2769,#2770,#1547,.T.);
#3462=EDGE_CURVE('',#2699,#2771,#1548,.T.);
#3463=EDGE_CURVE('',#2770,#2771,#1549,.T.);
#3464=EDGE_CURVE('',#2772,#2768,#1550,.T.);
#3465=EDGE_CURVE('',#2704,#2772,#1551,.T.);
#3466=EDGE_CURVE('',#2773,#2772,#1552,.T.);
#3467=EDGE_CURVE('',#2705,#2773,#1553,.T.);
#3468=EDGE_CURVE('',#2774,#2773,#1554,.T.);
#3469=EDGE_CURVE('',#2706,#2774,#1555,.T.);
#3470=EDGE_CURVE('',#2771,#2774,#1556,.T.);
#3471=EDGE_CURVE('',#2696,#2775,#1557,.T.);
#3472=EDGE_CURVE('',#2776,#2775,#1558,.T.);
#3473=EDGE_CURVE('',#2697,#2776,#1559,.T.);
#3474=EDGE_CURVE('',#2695,#2777,#1560,.T.);
#3475=EDGE_CURVE('',#2775,#2777,#1561,.T.);
#3476=EDGE_CURVE('',#2778,#2776,#1562,.T.);
#3477=EDGE_CURVE('',#2698,#2778,#1563,.T.);
#3478=EDGE_CURVE('',#2777,#2778,#1564,.T.);
#3479=EDGE_CURVE('',#2779,#2780,#1565,.T.);
#3480=EDGE_CURVE('',#2779,#2781,#1566,.T.);
#3481=EDGE_CURVE('',#2782,#2781,#1567,.T.);
#3482=EDGE_CURVE('',#2780,#2782,#1568,.T.);
#3483=EDGE_CURVE('',#2783,#2779,#1569,.T.);
#3484=EDGE_CURVE('',#2783,#2784,#1570,.T.);
#3485=EDGE_CURVE('',#2781,#2784,#1571,.T.);
#3486=EDGE_CURVE('',#2780,#2785,#1572,.T.);
#3487=EDGE_CURVE('',#2786,#2782,#1573,.T.);
#3488=EDGE_CURVE('',#2785,#2786,#1574,.T.);
#3489=EDGE_CURVE('',#2785,#2783,#1575,.T.);
#3490=EDGE_CURVE('',#2784,#2786,#1576,.T.);
#3491=EDGE_CURVE('',#2787,#2788,#1577,.T.);
#3492=EDGE_CURVE('',#2787,#2789,#1578,.T.);
#3493=EDGE_CURVE('',#2790,#2789,#1579,.T.);
#3494=EDGE_CURVE('',#2788,#2790,#1580,.T.);
#3495=EDGE_CURVE('',#2788,#2791,#1581,.T.);
#3496=EDGE_CURVE('',#2792,#2790,#1582,.T.);
#3497=EDGE_CURVE('',#2791,#2792,#1583,.T.);
#3498=EDGE_CURVE('',#2791,#2793,#1584,.T.);
#3499=EDGE_CURVE('',#2794,#2792,#1585,.T.);
#3500=EDGE_CURVE('',#2793,#2794,#1586,.T.);
#3501=EDGE_CURVE('',#2793,#2787,#1587,.T.);
#3502=EDGE_CURVE('',#2789,#2794,#1588,.T.);
#3503=EDGE_CURVE('',#2795,#2796,#1589,.T.);
#3504=EDGE_CURVE('',#2795,#2797,#1590,.T.);
#3505=EDGE_CURVE('',#2798,#2797,#1591,.T.);
#3506=EDGE_CURVE('',#2796,#2798,#1592,.T.);
#3507=EDGE_CURVE('',#2799,#2795,#1593,.T.);
#3508=EDGE_CURVE('',#2799,#2800,#1594,.T.);
#3509=EDGE_CURVE('',#2797,#2800,#1595,.T.);
#3510=EDGE_CURVE('',#2801,#2799,#1596,.T.);
#3511=EDGE_CURVE('',#2801,#2802,#1597,.T.);
#3512=EDGE_CURVE('',#2800,#2802,#1598,.T.);
#3513=EDGE_CURVE('',#2803,#2801,#1599,.T.);
#3514=EDGE_CURVE('',#2803,#2804,#1600,.T.);
#3515=EDGE_CURVE('',#2802,#2804,#1601,.T.);
#3516=EDGE_CURVE('',#2805,#2803,#1602,.T.);
#3517=EDGE_CURVE('',#2805,#2806,#1603,.T.);
#3518=EDGE_CURVE('',#2804,#2806,#1604,.T.);
#3519=EDGE_CURVE('',#2807,#2805,#1605,.T.);
#3520=EDGE_CURVE('',#2807,#2808,#1606,.T.);
#3521=EDGE_CURVE('',#2806,#2808,#1607,.T.);
#3522=EDGE_CURVE('',#2796,#2809,#1608,.T.);
#3523=EDGE_CURVE('',#2810,#2798,#1609,.T.);
#3524=EDGE_CURVE('',#2809,#2810,#1610,.T.);
#3525=EDGE_CURVE('',#2809,#2811,#1611,.T.);
#3526=EDGE_CURVE('',#2812,#2810,#1612,.T.);
#3527=EDGE_CURVE('',#2811,#2812,#1613,.T.);
#3528=EDGE_CURVE('',#2811,#2813,#1614,.T.);
#3529=EDGE_CURVE('',#2814,#2812,#1615,.T.);
#3530=EDGE_CURVE('',#2813,#2814,#1616,.T.);
#3531=EDGE_CURVE('',#2813,#2815,#1617,.T.);
#3532=EDGE_CURVE('',#2816,#2814,#1618,.T.);
#3533=EDGE_CURVE('',#2815,#2816,#1619,.T.);
#3534=EDGE_CURVE('',#2815,#2817,#1620,.T.);
#3535=EDGE_CURVE('',#2818,#2816,#1621,.T.);
#3536=EDGE_CURVE('',#2817,#2818,#1622,.T.);
#3537=EDGE_CURVE('',#2817,#2807,#1623,.T.);
#3538=EDGE_CURVE('',#2808,#2818,#1624,.T.);
#3539=EDGE_CURVE('',#2819,#2820,#182,.T.);
#3540=EDGE_CURVE('',#2819,#2821,#1625,.T.);
#3541=EDGE_CURVE('',#2822,#2821,#183,.T.);
#3542=EDGE_CURVE('',#2820,#2822,#1626,.T.);
#3543=EDGE_CURVE('',#2823,#2819,#184,.T.);
#3544=EDGE_CURVE('',#2823,#2824,#1627,.T.);
#3545=EDGE_CURVE('',#2821,#2824,#185,.T.);
#3546=EDGE_CURVE('',#2825,#2823,#186,.T.);
#3547=EDGE_CURVE('',#2825,#2826,#1628,.T.);
#3548=EDGE_CURVE('',#2824,#2826,#187,.T.);
#3549=EDGE_CURVE('',#2827,#2825,#188,.T.);
#3550=EDGE_CURVE('',#2827,#2828,#1629,.T.);
#3551=EDGE_CURVE('',#2826,#2828,#189,.T.);
#3552=EDGE_CURVE('',#2829,#2827,#190,.T.);
#3553=EDGE_CURVE('',#2829,#2830,#1630,.T.);
#3554=EDGE_CURVE('',#2828,#2830,#191,.T.);
#3555=EDGE_CURVE('',#2831,#2829,#192,.T.);
#3556=EDGE_CURVE('',#2831,#2832,#1631,.T.);
#3557=EDGE_CURVE('',#2830,#2832,#193,.T.);
#3558=EDGE_CURVE('',#2833,#2831,#194,.T.);
#3559=EDGE_CURVE('',#2833,#2834,#1632,.T.);
#3560=EDGE_CURVE('',#2832,#2834,#195,.T.);
#3561=EDGE_CURVE('',#2835,#2833,#196,.T.);
#3562=EDGE_CURVE('',#2835,#2836,#1633,.T.);
#3563=EDGE_CURVE('',#2834,#2836,#197,.T.);
#3564=EDGE_CURVE('',#2837,#2835,#198,.T.);
#3565=EDGE_CURVE('',#2837,#2838,#1634,.T.);
#3566=EDGE_CURVE('',#2836,#2838,#199,.T.);
#3567=EDGE_CURVE('',#2839,#2837,#1635,.T.);
#3568=EDGE_CURVE('',#2839,#2840,#1636,.T.);
#3569=EDGE_CURVE('',#2838,#2840,#1637,.T.);
#3570=EDGE_CURVE('',#2841,#2839,#1638,.T.);
#3571=EDGE_CURVE('',#2841,#2842,#1639,.T.);
#3572=EDGE_CURVE('',#2840,#2842,#1640,.T.);
#3573=EDGE_CURVE('',#2843,#2841,#1641,.T.);
#3574=EDGE_CURVE('',#2843,#2844,#1642,.T.);
#3575=EDGE_CURVE('',#2842,#2844,#1643,.T.);
#3576=EDGE_CURVE('',#2820,#2845,#200,.T.);
#3577=EDGE_CURVE('',#2846,#2822,#201,.T.);
#3578=EDGE_CURVE('',#2845,#2846,#1644,.T.);
#3579=EDGE_CURVE('',#2845,#2847,#1645,.T.);
#3580=EDGE_CURVE('',#2848,#2846,#1646,.T.);
#3581=EDGE_CURVE('',#2847,#2848,#1647,.T.);
#3582=EDGE_CURVE('',#2847,#2849,#202,.T.);
#3583=EDGE_CURVE('',#2850,#2848,#203,.T.);
#3584=EDGE_CURVE('',#2849,#2850,#1648,.T.);
#3585=EDGE_CURVE('',#2849,#2851,#204,.T.);
#3586=EDGE_CURVE('',#2852,#2850,#205,.T.);
#3587=EDGE_CURVE('',#2851,#2852,#1649,.T.);
#3588=EDGE_CURVE('',#2851,#2853,#206,.T.);
#3589=EDGE_CURVE('',#2854,#2852,#207,.T.);
#3590=EDGE_CURVE('',#2853,#2854,#1650,.T.);
#3591=EDGE_CURVE('',#2853,#2855,#208,.T.);
#3592=EDGE_CURVE('',#2856,#2854,#209,.T.);
#3593=EDGE_CURVE('',#2855,#2856,#1651,.T.);
#3594=EDGE_CURVE('',#2855,#2857,#210,.T.);
#3595=EDGE_CURVE('',#2858,#2856,#211,.T.);
#3596=EDGE_CURVE('',#2857,#2858,#1652,.T.);
#3597=EDGE_CURVE('',#2857,#2859,#212,.T.);
#3598=EDGE_CURVE('',#2860,#2858,#213,.T.);
#3599=EDGE_CURVE('',#2859,#2860,#1653,.T.);
#3600=EDGE_CURVE('',#2859,#2861,#214,.T.);
#3601=EDGE_CURVE('',#2862,#2860,#215,.T.);
#3602=EDGE_CURVE('',#2861,#2862,#1654,.T.);
#3603=EDGE_CURVE('',#2861,#2863,#216,.T.);
#3604=EDGE_CURVE('',#2864,#2862,#217,.T.);
#3605=EDGE_CURVE('',#2863,#2864,#1655,.T.);
#3606=EDGE_CURVE('',#2863,#2865,#1656,.T.);
#3607=EDGE_CURVE('',#2866,#2864,#1657,.T.);
#3608=EDGE_CURVE('',#2865,#2866,#1658,.T.);
#3609=EDGE_CURVE('',#2865,#2843,#1659,.T.);
#3610=EDGE_CURVE('',#2844,#2866,#1660,.T.);
#3611=EDGE_CURVE('',#2867,#2868,#1661,.T.);
#3612=EDGE_CURVE('',#2867,#2869,#1662,.T.);
#3613=EDGE_CURVE('',#2870,#2869,#1663,.T.);
#3614=EDGE_CURVE('',#2868,#2870,#1664,.T.);
#3615=EDGE_CURVE('',#2871,#2867,#1665,.T.);
#3616=EDGE_CURVE('',#2871,#2872,#1666,.T.);
#3617=EDGE_CURVE('',#2869,#2872,#1667,.T.);
#3618=EDGE_CURVE('',#2868,#2873,#1668,.T.);
#3619=EDGE_CURVE('',#2874,#2870,#1669,.T.);
#3620=EDGE_CURVE('',#2873,#2874,#1670,.T.);
#3621=EDGE_CURVE('',#2873,#2871,#1671,.T.);
#3622=EDGE_CURVE('',#2872,#2874,#1672,.T.);
#3623=EDGE_CURVE('',#2875,#2876,#1673,.T.);
#3624=EDGE_CURVE('',#2875,#2877,#1674,.T.);
#3625=EDGE_CURVE('',#2878,#2877,#1675,.T.);
#3626=EDGE_CURVE('',#2876,#2878,#1676,.T.);
#3627=EDGE_CURVE('',#2879,#2875,#1677,.T.);
#3628=EDGE_CURVE('',#2879,#2880,#1678,.T.);
#3629=EDGE_CURVE('',#2877,#2880,#1679,.T.);
#3630=EDGE_CURVE('',#2881,#2879,#1680,.T.);
#3631=EDGE_CURVE('',#2881,#2882,#1681,.T.);
#3632=EDGE_CURVE('',#2880,#2882,#1682,.T.);
#3633=EDGE_CURVE('',#2883,#2881,#1683,.T.);
#3634=EDGE_CURVE('',#2883,#2884,#1684,.T.);
#3635=EDGE_CURVE('',#2882,#2884,#1685,.T.);
#3636=EDGE_CURVE('',#2885,#2883,#1686,.T.);
#3637=EDGE_CURVE('',#2885,#2886,#1687,.T.);
#3638=EDGE_CURVE('',#2884,#2886,#1688,.T.);
#3639=EDGE_CURVE('',#2876,#2887,#1689,.T.);
#3640=EDGE_CURVE('',#2888,#2878,#1690,.T.);
#3641=EDGE_CURVE('',#2887,#2888,#1691,.T.);
#3642=EDGE_CURVE('',#2887,#2889,#1692,.T.);
#3643=EDGE_CURVE('',#2890,#2888,#1693,.T.);
#3644=EDGE_CURVE('',#2889,#2890,#1694,.T.);
#3645=EDGE_CURVE('',#2889,#2891,#1695,.T.);
#3646=EDGE_CURVE('',#2892,#2890,#1696,.T.);
#3647=EDGE_CURVE('',#2891,#2892,#1697,.T.);
#3648=EDGE_CURVE('',#2891,#2893,#1698,.T.);
#3649=EDGE_CURVE('',#2894,#2892,#1699,.T.);
#3650=EDGE_CURVE('',#2893,#2894,#1700,.T.);
#3651=EDGE_CURVE('',#2893,#2885,#1701,.T.);
#3652=EDGE_CURVE('',#2886,#2894,#1702,.T.);
#3653=EDGE_CURVE('',#2895,#2896,#218,.T.);
#3654=EDGE_CURVE('',#2895,#2897,#1703,.T.);
#3655=EDGE_CURVE('',#2898,#2897,#219,.T.);
#3656=EDGE_CURVE('',#2896,#2898,#1704,.T.);
#3657=EDGE_CURVE('',#2899,#2895,#220,.T.);
#3658=EDGE_CURVE('',#2899,#2900,#1705,.T.);
#3659=EDGE_CURVE('',#2897,#2900,#221,.T.);
#3660=EDGE_CURVE('',#2901,#2899,#222,.T.);
#3661=EDGE_CURVE('',#2901,#2902,#1706,.T.);
#3662=EDGE_CURVE('',#2900,#2902,#223,.T.);
#3663=EDGE_CURVE('',#2903,#2901,#224,.T.);
#3664=EDGE_CURVE('',#2903,#2904,#1707,.T.);
#3665=EDGE_CURVE('',#2902,#2904,#225,.T.);
#3666=EDGE_CURVE('',#2905,#2903,#1708,.T.);
#3667=EDGE_CURVE('',#2905,#2906,#1709,.T.);
#3668=EDGE_CURVE('',#2904,#2906,#1710,.T.);
#3669=EDGE_CURVE('',#2907,#2905,#1711,.T.);
#3670=EDGE_CURVE('',#2907,#2908,#1712,.T.);
#3671=EDGE_CURVE('',#2906,#2908,#1713,.T.);
#3672=EDGE_CURVE('',#2909,#2910,#226,.T.);
#3673=EDGE_CURVE('',#2909,#2911,#1714,.T.);
#3674=EDGE_CURVE('',#2912,#2911,#227,.T.);
#3675=EDGE_CURVE('',#2910,#2912,#1715,.T.);
#3676=EDGE_CURVE('',#2913,#2909,#228,.T.);
#3677=EDGE_CURVE('',#2913,#2914,#1716,.T.);
#3678=EDGE_CURVE('',#2911,#2914,#229,.T.);
#3679=EDGE_CURVE('',#2915,#2913,#230,.T.);
#3680=EDGE_CURVE('',#2915,#2916,#1717,.T.);
#3681=EDGE_CURVE('',#2914,#2916,#231,.T.);
#3682=EDGE_CURVE('',#2917,#2915,#232,.T.);
#3683=EDGE_CURVE('',#2917,#2918,#1718,.T.);
#3684=EDGE_CURVE('',#2916,#2918,#233,.T.);
#3685=EDGE_CURVE('',#2919,#2917,#234,.T.);
#3686=EDGE_CURVE('',#2919,#2920,#1719,.T.);
#3687=EDGE_CURVE('',#2918,#2920,#235,.T.);
#3688=EDGE_CURVE('',#2921,#2919,#1720,.T.);
#3689=EDGE_CURVE('',#2921,#2922,#1721,.T.);
#3690=EDGE_CURVE('',#2920,#2922,#1722,.T.);
#3691=EDGE_CURVE('',#2896,#2923,#236,.T.);
#3692=EDGE_CURVE('',#2924,#2898,#237,.T.);
#3693=EDGE_CURVE('',#2923,#2924,#1723,.T.);
#3694=EDGE_CURVE('',#2923,#2925,#238,.T.);
#3695=EDGE_CURVE('',#2926,#2924,#239,.T.);
#3696=EDGE_CURVE('',#2925,#2926,#1724,.T.);
#3697=EDGE_CURVE('',#2925,#2927,#240,.T.);
#3698=EDGE_CURVE('',#2928,#2926,#241,.T.);
#3699=EDGE_CURVE('',#2927,#2928,#1725,.T.);
#3700=EDGE_CURVE('',#2927,#2929,#242,.T.);
#3701=EDGE_CURVE('',#2930,#2928,#243,.T.);
#3702=EDGE_CURVE('',#2929,#2930,#1726,.T.);
#3703=EDGE_CURVE('',#2929,#2907,#1727,.T.);
#3704=EDGE_CURVE('',#2908,#2930,#1728,.T.);
#3705=EDGE_CURVE('',#2910,#2931,#244,.T.);
#3706=EDGE_CURVE('',#2932,#2912,#245,.T.);
#3707=EDGE_CURVE('',#2931,#2932,#1729,.T.);
#3708=EDGE_CURVE('',#2931,#2933,#246,.T.);
#3709=EDGE_CURVE('',#2934,#2932,#247,.T.);
#3710=EDGE_CURVE('',#2933,#2934,#1730,.T.);
#3711=EDGE_CURVE('',#2933,#2935,#248,.T.);
#3712=EDGE_CURVE('',#2936,#2934,#249,.T.);
#3713=EDGE_CURVE('',#2935,#2936,#1731,.T.);
#3714=EDGE_CURVE('',#2935,#2937,#1732,.T.);
#3715=EDGE_CURVE('',#2938,#2936,#1733,.T.);
#3716=EDGE_CURVE('',#2937,#2938,#1734,.T.);
#3717=EDGE_CURVE('',#2937,#2921,#1735,.T.);
#3718=EDGE_CURVE('',#2922,#2938,#1736,.T.);
#3719=EDGE_CURVE('',#2939,#2940,#1737,.T.);
#3720=EDGE_CURVE('',#2940,#2941,#1738,.T.);
#3721=EDGE_CURVE('',#2941,#2942,#1739,.T.);
#3722=EDGE_CURVE('',#2942,#2943,#1740,.T.);
#3723=EDGE_CURVE('',#2943,#2944,#1741,.T.);
#3724=EDGE_CURVE('',#2944,#2945,#1742,.T.);
#3725=EDGE_CURVE('',#2945,#2946,#1743,.T.);
#3726=EDGE_CURVE('',#2946,#2939,#1744,.T.);
#3727=EDGE_CURVE('',#2947,#2948,#1745,.T.);
#3728=EDGE_CURVE('',#2948,#2949,#1746,.T.);
#3729=EDGE_CURVE('',#2949,#2950,#1747,.T.);
#3730=EDGE_CURVE('',#2950,#2951,#1748,.T.);
#3731=EDGE_CURVE('',#2951,#2952,#1749,.T.);
#3732=EDGE_CURVE('',#2952,#2953,#1750,.T.);
#3733=EDGE_CURVE('',#2953,#2954,#1751,.T.);
#3734=EDGE_CURVE('',#2954,#2955,#1752,.T.);
#3735=EDGE_CURVE('',#2955,#2956,#1753,.T.);
#3736=EDGE_CURVE('',#2956,#2957,#1754,.T.);
#3737=EDGE_CURVE('',#2957,#2958,#1755,.T.);
#3738=EDGE_CURVE('',#2958,#2947,#1756,.T.);
#3739=EDGE_CURVE('',#2959,#2960,#1757,.T.);
#3740=EDGE_CURVE('',#2959,#2961,#1758,.T.);
#3741=EDGE_CURVE('',#2962,#2961,#1759,.T.);
#3742=EDGE_CURVE('',#2960,#2962,#1760,.T.);
#3743=EDGE_CURVE('',#2963,#2959,#1761,.T.);
#3744=EDGE_CURVE('',#2963,#2964,#1762,.T.);
#3745=EDGE_CURVE('',#2961,#2964,#1763,.T.);
#3746=EDGE_CURVE('',#2942,#2965,#1764,.T.);
#3747=EDGE_CURVE('',#2966,#2965,#1765,.T.);
#3748=EDGE_CURVE('',#2943,#2966,#1766,.T.);
#3749=EDGE_CURVE('',#2941,#2967,#1767,.T.);
#3750=EDGE_CURVE('',#2965,#2967,#1768,.T.);
#3751=EDGE_CURVE('',#2940,#2968,#1769,.T.);
#3752=EDGE_CURVE('',#2967,#2968,#1770,.T.);
#3753=EDGE_CURVE('',#2939,#2969,#1771,.T.);
#3754=EDGE_CURVE('',#2968,#2969,#1772,.T.);
#3755=EDGE_CURVE('',#2960,#2963,#1773,.T.);
#3756=EDGE_CURVE('',#2964,#2962,#1774,.T.);
#3757=EDGE_CURVE('',#2970,#2966,#1775,.T.);
#3758=EDGE_CURVE('',#2944,#2970,#1776,.T.);
#3759=EDGE_CURVE('',#2971,#2970,#1777,.T.);
#3760=EDGE_CURVE('',#2945,#2971,#1778,.T.);
#3761=EDGE_CURVE('',#2972,#2971,#1779,.T.);
#3762=EDGE_CURVE('',#2946,#2972,#1780,.T.);
#3763=EDGE_CURVE('',#2969,#2972,#1781,.T.);
#3764=EDGE_CURVE('',#2952,#2973,#1782,.T.);
#3765=EDGE_CURVE('',#2974,#2973,#1783,.T.);
#3766=EDGE_CURVE('',#2953,#2974,#1784,.T.);
#3767=EDGE_CURVE('',#2951,#2975,#1785,.T.);
#3768=EDGE_CURVE('',#2973,#2975,#1786,.T.);
#3769=EDGE_CURVE('',#2950,#2976,#1787,.T.);
#3770=EDGE_CURVE('',#2975,#2976,#1788,.T.);
#3771=EDGE_CURVE('',#2949,#2977,#1789,.T.);
#3772=EDGE_CURVE('',#2976,#2977,#1790,.T.);
#3773=EDGE_CURVE('',#2948,#2978,#1791,.T.);
#3774=EDGE_CURVE('',#2977,#2978,#1792,.T.);
#3775=EDGE_CURVE('',#2947,#2979,#1793,.T.);
#3776=EDGE_CURVE('',#2978,#2979,#1794,.T.);
#3777=EDGE_CURVE('',#2980,#2974,#1795,.T.);
#3778=EDGE_CURVE('',#2954,#2980,#1796,.T.);
#3779=EDGE_CURVE('',#2981,#2980,#1797,.T.);
#3780=EDGE_CURVE('',#2955,#2981,#1798,.T.);
#3781=EDGE_CURVE('',#2982,#2981,#1799,.T.);
#3782=EDGE_CURVE('',#2956,#2982,#1800,.T.);
#3783=EDGE_CURVE('',#2983,#2982,#1801,.T.);
#3784=EDGE_CURVE('',#2957,#2983,#1802,.T.);
#3785=EDGE_CURVE('',#2984,#2983,#1803,.T.);
#3786=EDGE_CURVE('',#2958,#2984,#1804,.T.);
#3787=EDGE_CURVE('',#2979,#2984,#1805,.T.);
#3788=ORIENTED_EDGE('',*,*,#2985,.F.);
#3789=ORIENTED_EDGE('',*,*,#2986,.T.);
#3790=ORIENTED_EDGE('',*,*,#2987,.T.);
#3791=ORIENTED_EDGE('',*,*,#2986,.F.);
#3792=ORIENTED_EDGE('',*,*,#2987,.F.);
#3793=ORIENTED_EDGE('',*,*,#2988,.T.);
#3794=ORIENTED_EDGE('',*,*,#2989,.F.);
#3795=ORIENTED_EDGE('',*,*,#2988,.F.);
#3796=ORIENTED_EDGE('',*,*,#2990,.F.);
#3797=ORIENTED_EDGE('',*,*,#2991,.T.);
#3798=ORIENTED_EDGE('',*,*,#2992,.T.);
#3799=ORIENTED_EDGE('',*,*,#2991,.F.);
#3800=ORIENTED_EDGE('',*,*,#2992,.F.);
#3801=ORIENTED_EDGE('',*,*,#2993,.T.);
#3802=ORIENTED_EDGE('',*,*,#2994,.F.);
#3803=ORIENTED_EDGE('',*,*,#2993,.F.);
#3804=ORIENTED_EDGE('',*,*,#2995,.F.);
#3805=ORIENTED_EDGE('',*,*,#2996,.T.);
#3806=ORIENTED_EDGE('',*,*,#2997,.T.);
#3807=ORIENTED_EDGE('',*,*,#2996,.F.);
#3808=ORIENTED_EDGE('',*,*,#2997,.F.);
#3809=ORIENTED_EDGE('',*,*,#2998,.T.);
#3810=ORIENTED_EDGE('',*,*,#2999,.F.);
#3811=ORIENTED_EDGE('',*,*,#2998,.F.);
#3812=ORIENTED_EDGE('',*,*,#3000,.F.);
#3813=ORIENTED_EDGE('',*,*,#3001,.T.);
#3814=ORIENTED_EDGE('',*,*,#3002,.T.);
#3815=ORIENTED_EDGE('',*,*,#3001,.F.);
#3816=ORIENTED_EDGE('',*,*,#3002,.F.);
#3817=ORIENTED_EDGE('',*,*,#3003,.T.);
#3818=ORIENTED_EDGE('',*,*,#3004,.F.);
#3819=ORIENTED_EDGE('',*,*,#3003,.F.);
#3820=ORIENTED_EDGE('',*,*,#3005,.T.);
#3821=ORIENTED_EDGE('',*,*,#3006,.T.);
#3822=ORIENTED_EDGE('',*,*,#3007,.T.);
#3823=ORIENTED_EDGE('',*,*,#3008,.T.);
#3824=ORIENTED_EDGE('',*,*,#3006,.F.);
#3825=ORIENTED_EDGE('',*,*,#3009,.F.);
#3826=ORIENTED_EDGE('',*,*,#3010,.F.);
#3827=ORIENTED_EDGE('',*,*,#3011,.T.);
#3828=ORIENTED_EDGE('',*,*,#3005,.F.);
#3829=ORIENTED_EDGE('',*,*,#3012,.T.);
#3830=ORIENTED_EDGE('',*,*,#3013,.F.);
#3831=ORIENTED_EDGE('',*,*,#3014,.T.);
#3832=ORIENTED_EDGE('',*,*,#3015,.F.);
#3833=ORIENTED_EDGE('',*,*,#3016,.T.);
#3834=ORIENTED_EDGE('',*,*,#3017,.F.);
#3835=ORIENTED_EDGE('',*,*,#3009,.T.);
#3836=ORIENTED_EDGE('',*,*,#2989,.T.);
#3837=ORIENTED_EDGE('',*,*,#2994,.T.);
#3838=ORIENTED_EDGE('',*,*,#2999,.T.);
#3839=ORIENTED_EDGE('',*,*,#3004,.T.);
#3840=ORIENTED_EDGE('',*,*,#3018,.T.);
#3841=ORIENTED_EDGE('',*,*,#3019,.T.);
#3842=ORIENTED_EDGE('',*,*,#3020,.T.);
#3843=ORIENTED_EDGE('',*,*,#3021,.T.);
#3844=ORIENTED_EDGE('',*,*,#3022,.T.);
#3845=ORIENTED_EDGE('',*,*,#3023,.T.);
#3846=ORIENTED_EDGE('',*,*,#3024,.T.);
#3847=ORIENTED_EDGE('',*,*,#3025,.T.);
#3848=ORIENTED_EDGE('',*,*,#3026,.T.);
#3849=ORIENTED_EDGE('',*,*,#3027,.T.);
#3850=ORIENTED_EDGE('',*,*,#3028,.T.);
#3851=ORIENTED_EDGE('',*,*,#3029,.T.);
#3852=ORIENTED_EDGE('',*,*,#3030,.T.);
#3853=ORIENTED_EDGE('',*,*,#3031,.T.);
#3854=ORIENTED_EDGE('',*,*,#3032,.T.);
#3855=ORIENTED_EDGE('',*,*,#3033,.T.);
#3856=ORIENTED_EDGE('',*,*,#3034,.T.);
#3857=ORIENTED_EDGE('',*,*,#3017,.T.);
#3858=ORIENTED_EDGE('',*,*,#3035,.T.);
#3859=ORIENTED_EDGE('',*,*,#3036,.T.);
#3860=ORIENTED_EDGE('',*,*,#3010,.T.);
#3861=ORIENTED_EDGE('',*,*,#3035,.F.);
#3862=ORIENTED_EDGE('',*,*,#3016,.F.);
#3863=ORIENTED_EDGE('',*,*,#3037,.F.);
#3864=ORIENTED_EDGE('',*,*,#3038,.T.);
#3865=ORIENTED_EDGE('',*,*,#3013,.T.);
#3866=ORIENTED_EDGE('',*,*,#3039,.T.);
#3867=ORIENTED_EDGE('',*,*,#3040,.T.);
#3868=ORIENTED_EDGE('',*,*,#3041,.T.);
#3869=ORIENTED_EDGE('',*,*,#3008,.F.);
#3870=ORIENTED_EDGE('',*,*,#3042,.T.);
#3871=ORIENTED_EDGE('',*,*,#3039,.F.);
#3872=ORIENTED_EDGE('',*,*,#3012,.F.);
#3873=ORIENTED_EDGE('',*,*,#3015,.T.);
#3874=ORIENTED_EDGE('',*,*,#3043,.T.);
#3875=ORIENTED_EDGE('',*,*,#3044,.T.);
#3876=ORIENTED_EDGE('',*,*,#3037,.T.);
#3877=ORIENTED_EDGE('',*,*,#3034,.F.);
#3878=ORIENTED_EDGE('',*,*,#3045,.T.);
#3879=ORIENTED_EDGE('',*,*,#3046,.F.);
#3880=ORIENTED_EDGE('',*,*,#3045,.F.);
#3881=ORIENTED_EDGE('',*,*,#3033,.F.);
#3882=ORIENTED_EDGE('',*,*,#3047,.T.);
#3883=ORIENTED_EDGE('',*,*,#3048,.F.);
#3884=ORIENTED_EDGE('',*,*,#3047,.F.);
#3885=ORIENTED_EDGE('',*,*,#3032,.F.);
#3886=ORIENTED_EDGE('',*,*,#3049,.T.);
#3887=ORIENTED_EDGE('',*,*,#3050,.F.);
#3888=ORIENTED_EDGE('',*,*,#3049,.F.);
#3889=ORIENTED_EDGE('',*,*,#3031,.F.);
#3890=ORIENTED_EDGE('',*,*,#3051,.T.);
#3891=ORIENTED_EDGE('',*,*,#3052,.F.);
#3892=ORIENTED_EDGE('',*,*,#3051,.F.);
#3893=ORIENTED_EDGE('',*,*,#3030,.F.);
#3894=ORIENTED_EDGE('',*,*,#3053,.T.);
#3895=ORIENTED_EDGE('',*,*,#3054,.F.);
#3896=ORIENTED_EDGE('',*,*,#3053,.F.);
#3897=ORIENTED_EDGE('',*,*,#3029,.F.);
#3898=ORIENTED_EDGE('',*,*,#3055,.T.);
#3899=ORIENTED_EDGE('',*,*,#3056,.F.);
#3900=ORIENTED_EDGE('',*,*,#3055,.F.);
#3901=ORIENTED_EDGE('',*,*,#3028,.F.);
#3902=ORIENTED_EDGE('',*,*,#3057,.T.);
#3903=ORIENTED_EDGE('',*,*,#3058,.F.);
#3904=ORIENTED_EDGE('',*,*,#3057,.F.);
#3905=ORIENTED_EDGE('',*,*,#3027,.F.);
#3906=ORIENTED_EDGE('',*,*,#3059,.T.);
#3907=ORIENTED_EDGE('',*,*,#3060,.F.);
#3908=ORIENTED_EDGE('',*,*,#3059,.F.);
#3909=ORIENTED_EDGE('',*,*,#3026,.F.);
#3910=ORIENTED_EDGE('',*,*,#3061,.T.);
#3911=ORIENTED_EDGE('',*,*,#3062,.F.);
#3912=ORIENTED_EDGE('',*,*,#3061,.F.);
#3913=ORIENTED_EDGE('',*,*,#3025,.F.);
#3914=ORIENTED_EDGE('',*,*,#3063,.T.);
#3915=ORIENTED_EDGE('',*,*,#3064,.F.);
#3916=ORIENTED_EDGE('',*,*,#3063,.F.);
#3917=ORIENTED_EDGE('',*,*,#3024,.F.);
#3918=ORIENTED_EDGE('',*,*,#3065,.T.);
#3919=ORIENTED_EDGE('',*,*,#3066,.F.);
#3920=ORIENTED_EDGE('',*,*,#3065,.F.);
#3921=ORIENTED_EDGE('',*,*,#3023,.F.);
#3922=ORIENTED_EDGE('',*,*,#3067,.T.);
#3923=ORIENTED_EDGE('',*,*,#3068,.F.);
#3924=ORIENTED_EDGE('',*,*,#3067,.F.);
#3925=ORIENTED_EDGE('',*,*,#3022,.F.);
#3926=ORIENTED_EDGE('',*,*,#3069,.T.);
#3927=ORIENTED_EDGE('',*,*,#3070,.F.);
#3928=ORIENTED_EDGE('',*,*,#3069,.F.);
#3929=ORIENTED_EDGE('',*,*,#3021,.F.);
#3930=ORIENTED_EDGE('',*,*,#3071,.T.);
#3931=ORIENTED_EDGE('',*,*,#3072,.F.);
#3932=ORIENTED_EDGE('',*,*,#3071,.F.);
#3933=ORIENTED_EDGE('',*,*,#3020,.F.);
#3934=ORIENTED_EDGE('',*,*,#3073,.T.);
#3935=ORIENTED_EDGE('',*,*,#3074,.F.);
#3936=ORIENTED_EDGE('',*,*,#3073,.F.);
#3937=ORIENTED_EDGE('',*,*,#3019,.F.);
#3938=ORIENTED_EDGE('',*,*,#3075,.T.);
#3939=ORIENTED_EDGE('',*,*,#3076,.F.);
#3940=ORIENTED_EDGE('',*,*,#3075,.F.);
#3941=ORIENTED_EDGE('',*,*,#3018,.F.);
#3942=ORIENTED_EDGE('',*,*,#3077,.T.);
#3943=ORIENTED_EDGE('',*,*,#3078,.F.);
#3944=ORIENTED_EDGE('',*,*,#3077,.F.);
#3945=ORIENTED_EDGE('',*,*,#3041,.F.);
#3946=ORIENTED_EDGE('',*,*,#3079,.T.);
#3947=ORIENTED_EDGE('',*,*,#3043,.F.);
#3948=ORIENTED_EDGE('',*,*,#3014,.F.);
#3949=ORIENTED_EDGE('',*,*,#3007,.F.);
#3950=ORIENTED_EDGE('',*,*,#3011,.F.);
#3951=ORIENTED_EDGE('',*,*,#3036,.F.);
#3952=ORIENTED_EDGE('',*,*,#3038,.F.);
#3953=ORIENTED_EDGE('',*,*,#3044,.F.);
#3954=ORIENTED_EDGE('',*,*,#3079,.F.);
#3955=ORIENTED_EDGE('',*,*,#3040,.F.);
#3956=ORIENTED_EDGE('',*,*,#3042,.F.);
#3957=ORIENTED_EDGE('',*,*,#2985,.T.);
#3958=ORIENTED_EDGE('',*,*,#2990,.T.);
#3959=ORIENTED_EDGE('',*,*,#2995,.T.);
#3960=ORIENTED_EDGE('',*,*,#3000,.T.);
#3961=ORIENTED_EDGE('',*,*,#3078,.T.);
#3962=ORIENTED_EDGE('',*,*,#3076,.T.);
#3963=ORIENTED_EDGE('',*,*,#3074,.T.);
#3964=ORIENTED_EDGE('',*,*,#3072,.T.);
#3965=ORIENTED_EDGE('',*,*,#3070,.T.);
#3966=ORIENTED_EDGE('',*,*,#3068,.T.);
#3967=ORIENTED_EDGE('',*,*,#3066,.T.);
#3968=ORIENTED_EDGE('',*,*,#3064,.T.);
#3969=ORIENTED_EDGE('',*,*,#3062,.T.);
#3970=ORIENTED_EDGE('',*,*,#3060,.T.);
#3971=ORIENTED_EDGE('',*,*,#3058,.T.);
#3972=ORIENTED_EDGE('',*,*,#3056,.T.);
#3973=ORIENTED_EDGE('',*,*,#3054,.T.);
#3974=ORIENTED_EDGE('',*,*,#3052,.T.);
#3975=ORIENTED_EDGE('',*,*,#3050,.T.);
#3976=ORIENTED_EDGE('',*,*,#3048,.T.);
#3977=ORIENTED_EDGE('',*,*,#3046,.T.);
#3978=ORIENTED_EDGE('',*,*,#3080,.F.);
#3979=ORIENTED_EDGE('',*,*,#3081,.T.);
#3980=ORIENTED_EDGE('',*,*,#3082,.F.);
#3981=ORIENTED_EDGE('',*,*,#3083,.F.);
#3982=ORIENTED_EDGE('',*,*,#3084,.F.);
#3983=ORIENTED_EDGE('',*,*,#3085,.T.);
#3984=ORIENTED_EDGE('',*,*,#3086,.F.);
#3985=ORIENTED_EDGE('',*,*,#3081,.F.);
#3986=ORIENTED_EDGE('',*,*,#3087,.F.);
#3987=ORIENTED_EDGE('',*,*,#3088,.T.);
#3988=ORIENTED_EDGE('',*,*,#3089,.F.);
#3989=ORIENTED_EDGE('',*,*,#3090,.F.);
#3990=ORIENTED_EDGE('',*,*,#3091,.F.);
#3991=ORIENTED_EDGE('',*,*,#3092,.T.);
#3992=ORIENTED_EDGE('',*,*,#3093,.F.);
#3993=ORIENTED_EDGE('',*,*,#3088,.F.);
#3994=ORIENTED_EDGE('',*,*,#3094,.F.);
#3995=ORIENTED_EDGE('',*,*,#3095,.T.);
#3996=ORIENTED_EDGE('',*,*,#3096,.F.);
#3997=ORIENTED_EDGE('',*,*,#3092,.F.);
#3998=ORIENTED_EDGE('',*,*,#3097,.F.);
#3999=ORIENTED_EDGE('',*,*,#3098,.T.);
#4000=ORIENTED_EDGE('',*,*,#3099,.F.);
#4001=ORIENTED_EDGE('',*,*,#3095,.F.);
#4002=ORIENTED_EDGE('',*,*,#3100,.F.);
#4003=ORIENTED_EDGE('',*,*,#3083,.T.);
#4004=ORIENTED_EDGE('',*,*,#3101,.F.);
#4005=ORIENTED_EDGE('',*,*,#3085,.F.);
#4006=ORIENTED_EDGE('',*,*,#3102,.F.);
#4007=ORIENTED_EDGE('',*,*,#3090,.T.);
#4008=ORIENTED_EDGE('',*,*,#3103,.F.);
#4009=ORIENTED_EDGE('',*,*,#3104,.F.);
#4010=ORIENTED_EDGE('',*,*,#3105,.F.);
#4011=ORIENTED_EDGE('',*,*,#3104,.T.);
#4012=ORIENTED_EDGE('',*,*,#3106,.F.);
#4013=ORIENTED_EDGE('',*,*,#3107,.F.);
#4014=ORIENTED_EDGE('',*,*,#3108,.F.);
#4015=ORIENTED_EDGE('',*,*,#3107,.T.);
#4016=ORIENTED_EDGE('',*,*,#3109,.F.);
#4017=ORIENTED_EDGE('',*,*,#3110,.F.);
#4018=ORIENTED_EDGE('',*,*,#3111,.F.);
#4019=ORIENTED_EDGE('',*,*,#3110,.T.);
#4020=ORIENTED_EDGE('',*,*,#3112,.F.);
#4021=ORIENTED_EDGE('',*,*,#3098,.F.);
#4022=ORIENTED_EDGE('',*,*,#3112,.T.);
#4023=ORIENTED_EDGE('',*,*,#3109,.T.);
#4024=ORIENTED_EDGE('',*,*,#3106,.T.);
#4025=ORIENTED_EDGE('',*,*,#3103,.T.);
#4026=ORIENTED_EDGE('',*,*,#3089,.T.);
#4027=ORIENTED_EDGE('',*,*,#3093,.T.);
#4028=ORIENTED_EDGE('',*,*,#3096,.T.);
#4029=ORIENTED_EDGE('',*,*,#3099,.T.);
#4030=ORIENTED_EDGE('',*,*,#3101,.T.);
#4031=ORIENTED_EDGE('',*,*,#3082,.T.);
#4032=ORIENTED_EDGE('',*,*,#3086,.T.);
#4033=ORIENTED_EDGE('',*,*,#3113,.T.);
#4034=ORIENTED_EDGE('',*,*,#3114,.T.);
#4035=ORIENTED_EDGE('',*,*,#3115,.T.);
#4036=ORIENTED_EDGE('',*,*,#3116,.T.);
#4037=ORIENTED_EDGE('',*,*,#3117,.T.);
#4038=ORIENTED_EDGE('',*,*,#3118,.T.);
#4039=ORIENTED_EDGE('',*,*,#3119,.T.);
#4040=ORIENTED_EDGE('',*,*,#3120,.T.);
#4041=ORIENTED_EDGE('',*,*,#3121,.T.);
#4042=ORIENTED_EDGE('',*,*,#3122,.T.);
#4043=ORIENTED_EDGE('',*,*,#3123,.T.);
#4044=ORIENTED_EDGE('',*,*,#3124,.T.);
#4045=ORIENTED_EDGE('',*,*,#3125,.T.);
#4046=ORIENTED_EDGE('',*,*,#3126,.T.);
#4047=ORIENTED_EDGE('',*,*,#3127,.T.);
#4048=ORIENTED_EDGE('',*,*,#3128,.T.);
#4049=ORIENTED_EDGE('',*,*,#3129,.T.);
#4050=ORIENTED_EDGE('',*,*,#3130,.T.);
#4051=ORIENTED_EDGE('',*,*,#3131,.T.);
#4052=ORIENTED_EDGE('',*,*,#3132,.T.);
#4053=ORIENTED_EDGE('',*,*,#3133,.T.);
#4054=ORIENTED_EDGE('',*,*,#3134,.T.);
#4055=ORIENTED_EDGE('',*,*,#3135,.T.);
#4056=ORIENTED_EDGE('',*,*,#3136,.T.);
#4057=ORIENTED_EDGE('',*,*,#3137,.T.);
#4058=ORIENTED_EDGE('',*,*,#3138,.T.);
#4059=ORIENTED_EDGE('',*,*,#3139,.T.);
#4060=ORIENTED_EDGE('',*,*,#3140,.T.);
#4061=ORIENTED_EDGE('',*,*,#3141,.T.);
#4062=ORIENTED_EDGE('',*,*,#3142,.T.);
#4063=ORIENTED_EDGE('',*,*,#3143,.T.);
#4064=ORIENTED_EDGE('',*,*,#3144,.T.);
#4065=ORIENTED_EDGE('',*,*,#3145,.T.);
#4066=ORIENTED_EDGE('',*,*,#3146,.T.);
#4067=ORIENTED_EDGE('',*,*,#3147,.T.);
#4068=ORIENTED_EDGE('',*,*,#3148,.T.);
#4069=ORIENTED_EDGE('',*,*,#3149,.T.);
#4070=ORIENTED_EDGE('',*,*,#3150,.T.);
#4071=ORIENTED_EDGE('',*,*,#3151,.T.);
#4072=ORIENTED_EDGE('',*,*,#3152,.T.);
#4073=ORIENTED_EDGE('',*,*,#3153,.T.);
#4074=ORIENTED_EDGE('',*,*,#3154,.T.);
#4075=ORIENTED_EDGE('',*,*,#3155,.T.);
#4076=ORIENTED_EDGE('',*,*,#3156,.T.);
#4077=ORIENTED_EDGE('',*,*,#3157,.T.);
#4078=ORIENTED_EDGE('',*,*,#3158,.T.);
#4079=ORIENTED_EDGE('',*,*,#3159,.T.);
#4080=ORIENTED_EDGE('',*,*,#3097,.T.);
#4081=ORIENTED_EDGE('',*,*,#3094,.T.);
#4082=ORIENTED_EDGE('',*,*,#3091,.T.);
#4083=ORIENTED_EDGE('',*,*,#3087,.T.);
#4084=ORIENTED_EDGE('',*,*,#3102,.T.);
#4085=ORIENTED_EDGE('',*,*,#3105,.T.);
#4086=ORIENTED_EDGE('',*,*,#3108,.T.);
#4087=ORIENTED_EDGE('',*,*,#3111,.T.);
#4088=ORIENTED_EDGE('',*,*,#3150,.F.);
#4089=ORIENTED_EDGE('',*,*,#3160,.T.);
#4090=ORIENTED_EDGE('',*,*,#3161,.F.);
#4091=ORIENTED_EDGE('',*,*,#3162,.F.);
#4092=ORIENTED_EDGE('',*,*,#3149,.F.);
#4093=ORIENTED_EDGE('',*,*,#3163,.T.);
#4094=ORIENTED_EDGE('',*,*,#3164,.F.);
#4095=ORIENTED_EDGE('',*,*,#3160,.F.);
#4096=ORIENTED_EDGE('',*,*,#3148,.F.);
#4097=ORIENTED_EDGE('',*,*,#3165,.T.);
#4098=ORIENTED_EDGE('',*,*,#3166,.F.);
#4099=ORIENTED_EDGE('',*,*,#3163,.F.);
#4100=ORIENTED_EDGE('',*,*,#3147,.F.);
#4101=ORIENTED_EDGE('',*,*,#3167,.T.);
#4102=ORIENTED_EDGE('',*,*,#3168,.F.);
#4103=ORIENTED_EDGE('',*,*,#3165,.F.);
#4104=ORIENTED_EDGE('',*,*,#3146,.F.);
#4105=ORIENTED_EDGE('',*,*,#3169,.T.);
#4106=ORIENTED_EDGE('',*,*,#3170,.F.);
#4107=ORIENTED_EDGE('',*,*,#3167,.F.);
#4108=ORIENTED_EDGE('',*,*,#3145,.F.);
#4109=ORIENTED_EDGE('',*,*,#3171,.T.);
#4110=ORIENTED_EDGE('',*,*,#3172,.F.);
#4111=ORIENTED_EDGE('',*,*,#3169,.F.);
#4112=ORIENTED_EDGE('',*,*,#3144,.F.);
#4113=ORIENTED_EDGE('',*,*,#3173,.T.);
#4114=ORIENTED_EDGE('',*,*,#3174,.F.);
#4115=ORIENTED_EDGE('',*,*,#3171,.F.);
#4116=ORIENTED_EDGE('',*,*,#3143,.F.);
#4117=ORIENTED_EDGE('',*,*,#3175,.T.);
#4118=ORIENTED_EDGE('',*,*,#3176,.F.);
#4119=ORIENTED_EDGE('',*,*,#3173,.F.);
#4120=ORIENTED_EDGE('',*,*,#3142,.F.);
#4121=ORIENTED_EDGE('',*,*,#3177,.T.);
#4122=ORIENTED_EDGE('',*,*,#3178,.F.);
#4123=ORIENTED_EDGE('',*,*,#3175,.F.);
#4124=ORIENTED_EDGE('',*,*,#3151,.F.);
#4125=ORIENTED_EDGE('',*,*,#3162,.T.);
#4126=ORIENTED_EDGE('',*,*,#3179,.F.);
#4127=ORIENTED_EDGE('',*,*,#3180,.F.);
#4128=ORIENTED_EDGE('',*,*,#3152,.F.);
#4129=ORIENTED_EDGE('',*,*,#3180,.T.);
#4130=ORIENTED_EDGE('',*,*,#3181,.F.);
#4131=ORIENTED_EDGE('',*,*,#3182,.F.);
#4132=ORIENTED_EDGE('',*,*,#3153,.F.);
#4133=ORIENTED_EDGE('',*,*,#3182,.T.);
#4134=ORIENTED_EDGE('',*,*,#3183,.F.);
#4135=ORIENTED_EDGE('',*,*,#3184,.F.);
#4136=ORIENTED_EDGE('',*,*,#3154,.F.);
#4137=ORIENTED_EDGE('',*,*,#3184,.T.);
#4138=ORIENTED_EDGE('',*,*,#3185,.F.);
#4139=ORIENTED_EDGE('',*,*,#3186,.F.);
#4140=ORIENTED_EDGE('',*,*,#3155,.F.);
#4141=ORIENTED_EDGE('',*,*,#3186,.T.);
#4142=ORIENTED_EDGE('',*,*,#3187,.F.);
#4143=ORIENTED_EDGE('',*,*,#3188,.F.);
#4144=ORIENTED_EDGE('',*,*,#3156,.F.);
#4145=ORIENTED_EDGE('',*,*,#3188,.T.);
#4146=ORIENTED_EDGE('',*,*,#3189,.F.);
#4147=ORIENTED_EDGE('',*,*,#3190,.F.);
#4148=ORIENTED_EDGE('',*,*,#3157,.F.);
#4149=ORIENTED_EDGE('',*,*,#3190,.T.);
#4150=ORIENTED_EDGE('',*,*,#3191,.F.);
#4151=ORIENTED_EDGE('',*,*,#3192,.F.);
#4152=ORIENTED_EDGE('',*,*,#3158,.F.);
#4153=ORIENTED_EDGE('',*,*,#3192,.T.);
#4154=ORIENTED_EDGE('',*,*,#3193,.F.);
#4155=ORIENTED_EDGE('',*,*,#3194,.F.);
#4156=ORIENTED_EDGE('',*,*,#3159,.F.);
#4157=ORIENTED_EDGE('',*,*,#3194,.T.);
#4158=ORIENTED_EDGE('',*,*,#3195,.F.);
#4159=ORIENTED_EDGE('',*,*,#3177,.F.);
#4160=ORIENTED_EDGE('',*,*,#3195,.T.);
#4161=ORIENTED_EDGE('',*,*,#3193,.T.);
#4162=ORIENTED_EDGE('',*,*,#3191,.T.);
#4163=ORIENTED_EDGE('',*,*,#3189,.T.);
#4164=ORIENTED_EDGE('',*,*,#3187,.T.);
#4165=ORIENTED_EDGE('',*,*,#3185,.T.);
#4166=ORIENTED_EDGE('',*,*,#3183,.T.);
#4167=ORIENTED_EDGE('',*,*,#3181,.T.);
#4168=ORIENTED_EDGE('',*,*,#3179,.T.);
#4169=ORIENTED_EDGE('',*,*,#3161,.T.);
#4170=ORIENTED_EDGE('',*,*,#3164,.T.);
#4171=ORIENTED_EDGE('',*,*,#3166,.T.);
#4172=ORIENTED_EDGE('',*,*,#3168,.T.);
#4173=ORIENTED_EDGE('',*,*,#3170,.T.);
#4174=ORIENTED_EDGE('',*,*,#3172,.T.);
#4175=ORIENTED_EDGE('',*,*,#3174,.T.);
#4176=ORIENTED_EDGE('',*,*,#3176,.T.);
#4177=ORIENTED_EDGE('',*,*,#3178,.T.);
#4178=ORIENTED_EDGE('',*,*,#3135,.F.);
#4179=ORIENTED_EDGE('',*,*,#3196,.T.);
#4180=ORIENTED_EDGE('',*,*,#3197,.F.);
#4181=ORIENTED_EDGE('',*,*,#3198,.F.);
#4182=ORIENTED_EDGE('',*,*,#3134,.F.);
#4183=ORIENTED_EDGE('',*,*,#3199,.T.);
#4184=ORIENTED_EDGE('',*,*,#3200,.F.);
#4185=ORIENTED_EDGE('',*,*,#3196,.F.);
#4186=ORIENTED_EDGE('',*,*,#3133,.F.);
#4187=ORIENTED_EDGE('',*,*,#3201,.T.);
#4188=ORIENTED_EDGE('',*,*,#3202,.F.);
#4189=ORIENTED_EDGE('',*,*,#3199,.F.);
#4190=ORIENTED_EDGE('',*,*,#3132,.F.);
#4191=ORIENTED_EDGE('',*,*,#3203,.T.);
#4192=ORIENTED_EDGE('',*,*,#3204,.F.);
#4193=ORIENTED_EDGE('',*,*,#3201,.F.);
#4194=ORIENTED_EDGE('',*,*,#3131,.F.);
#4195=ORIENTED_EDGE('',*,*,#3205,.T.);
#4196=ORIENTED_EDGE('',*,*,#3206,.F.);
#4197=ORIENTED_EDGE('',*,*,#3203,.F.);
#4198=ORIENTED_EDGE('',*,*,#3130,.F.);
#4199=ORIENTED_EDGE('',*,*,#3207,.T.);
#4200=ORIENTED_EDGE('',*,*,#3208,.F.);
#4201=ORIENTED_EDGE('',*,*,#3205,.F.);
#4202=ORIENTED_EDGE('',*,*,#3136,.F.);
#4203=ORIENTED_EDGE('',*,*,#3198,.T.);
#4204=ORIENTED_EDGE('',*,*,#3209,.F.);
#4205=ORIENTED_EDGE('',*,*,#3210,.F.);
#4206=ORIENTED_EDGE('',*,*,#3137,.F.);
#4207=ORIENTED_EDGE('',*,*,#3210,.T.);
#4208=ORIENTED_EDGE('',*,*,#3211,.F.);
#4209=ORIENTED_EDGE('',*,*,#3212,.F.);
#4210=ORIENTED_EDGE('',*,*,#3138,.F.);
#4211=ORIENTED_EDGE('',*,*,#3212,.T.);
#4212=ORIENTED_EDGE('',*,*,#3213,.F.);
#4213=ORIENTED_EDGE('',*,*,#3214,.F.);
#4214=ORIENTED_EDGE('',*,*,#3139,.F.);
#4215=ORIENTED_EDGE('',*,*,#3214,.T.);
#4216=ORIENTED_EDGE('',*,*,#3215,.F.);
#4217=ORIENTED_EDGE('',*,*,#3216,.F.);
#4218=ORIENTED_EDGE('',*,*,#3140,.F.);
#4219=ORIENTED_EDGE('',*,*,#3216,.T.);
#4220=ORIENTED_EDGE('',*,*,#3217,.F.);
#4221=ORIENTED_EDGE('',*,*,#3218,.F.);
#4222=ORIENTED_EDGE('',*,*,#3141,.F.);
#4223=ORIENTED_EDGE('',*,*,#3218,.T.);
#4224=ORIENTED_EDGE('',*,*,#3219,.F.);
#4225=ORIENTED_EDGE('',*,*,#3207,.F.);
#4226=ORIENTED_EDGE('',*,*,#3219,.T.);
#4227=ORIENTED_EDGE('',*,*,#3217,.T.);
#4228=ORIENTED_EDGE('',*,*,#3215,.T.);
#4229=ORIENTED_EDGE('',*,*,#3213,.T.);
#4230=ORIENTED_EDGE('',*,*,#3211,.T.);
#4231=ORIENTED_EDGE('',*,*,#3209,.T.);
#4232=ORIENTED_EDGE('',*,*,#3197,.T.);
#4233=ORIENTED_EDGE('',*,*,#3200,.T.);
#4234=ORIENTED_EDGE('',*,*,#3202,.T.);
#4235=ORIENTED_EDGE('',*,*,#3204,.T.);
#4236=ORIENTED_EDGE('',*,*,#3206,.T.);
#4237=ORIENTED_EDGE('',*,*,#3208,.T.);
#4238=ORIENTED_EDGE('',*,*,#3123,.F.);
#4239=ORIENTED_EDGE('',*,*,#3220,.T.);
#4240=ORIENTED_EDGE('',*,*,#3221,.F.);
#4241=ORIENTED_EDGE('',*,*,#3222,.F.);
#4242=ORIENTED_EDGE('',*,*,#3122,.F.);
#4243=ORIENTED_EDGE('',*,*,#3223,.T.);
#4244=ORIENTED_EDGE('',*,*,#3224,.F.);
#4245=ORIENTED_EDGE('',*,*,#3220,.F.);
#4246=ORIENTED_EDGE('',*,*,#3121,.F.);
#4247=ORIENTED_EDGE('',*,*,#3225,.T.);
#4248=ORIENTED_EDGE('',*,*,#3226,.F.);
#4249=ORIENTED_EDGE('',*,*,#3223,.F.);
#4250=ORIENTED_EDGE('',*,*,#3120,.F.);
#4251=ORIENTED_EDGE('',*,*,#3227,.T.);
#4252=ORIENTED_EDGE('',*,*,#3228,.F.);
#4253=ORIENTED_EDGE('',*,*,#3225,.F.);
#4254=ORIENTED_EDGE('',*,*,#3119,.F.);
#4255=ORIENTED_EDGE('',*,*,#3229,.T.);
#4256=ORIENTED_EDGE('',*,*,#3230,.F.);
#4257=ORIENTED_EDGE('',*,*,#3227,.F.);
#4258=ORIENTED_EDGE('',*,*,#3118,.F.);
#4259=ORIENTED_EDGE('',*,*,#3231,.T.);
#4260=ORIENTED_EDGE('',*,*,#3232,.F.);
#4261=ORIENTED_EDGE('',*,*,#3229,.F.);
#4262=ORIENTED_EDGE('',*,*,#3117,.F.);
#4263=ORIENTED_EDGE('',*,*,#3233,.T.);
#4264=ORIENTED_EDGE('',*,*,#3234,.F.);
#4265=ORIENTED_EDGE('',*,*,#3231,.F.);
#4266=ORIENTED_EDGE('',*,*,#3124,.F.);
#4267=ORIENTED_EDGE('',*,*,#3222,.T.);
#4268=ORIENTED_EDGE('',*,*,#3235,.F.);
#4269=ORIENTED_EDGE('',*,*,#3236,.F.);
#4270=ORIENTED_EDGE('',*,*,#3125,.F.);
#4271=ORIENTED_EDGE('',*,*,#3236,.T.);
#4272=ORIENTED_EDGE('',*,*,#3237,.F.);
#4273=ORIENTED_EDGE('',*,*,#3238,.F.);
#4274=ORIENTED_EDGE('',*,*,#3126,.F.);
#4275=ORIENTED_EDGE('',*,*,#3238,.T.);
#4276=ORIENTED_EDGE('',*,*,#3239,.F.);
#4277=ORIENTED_EDGE('',*,*,#3240,.F.);
#4278=ORIENTED_EDGE('',*,*,#3127,.F.);
#4279=ORIENTED_EDGE('',*,*,#3240,.T.);
#4280=ORIENTED_EDGE('',*,*,#3241,.F.);
#4281=ORIENTED_EDGE('',*,*,#3242,.F.);
#4282=ORIENTED_EDGE('',*,*,#3128,.F.);
#4283=ORIENTED_EDGE('',*,*,#3242,.T.);
#4284=ORIENTED_EDGE('',*,*,#3243,.F.);
#4285=ORIENTED_EDGE('',*,*,#3244,.F.);
#4286=ORIENTED_EDGE('',*,*,#3129,.F.);
#4287=ORIENTED_EDGE('',*,*,#3244,.T.);
#4288=ORIENTED_EDGE('',*,*,#3245,.F.);
#4289=ORIENTED_EDGE('',*,*,#3233,.F.);
#4290=ORIENTED_EDGE('',*,*,#3245,.T.);
#4291=ORIENTED_EDGE('',*,*,#3243,.T.);
#4292=ORIENTED_EDGE('',*,*,#3241,.T.);
#4293=ORIENTED_EDGE('',*,*,#3239,.T.);
#4294=ORIENTED_EDGE('',*,*,#3237,.T.);
#4295=ORIENTED_EDGE('',*,*,#3235,.T.);
#4296=ORIENTED_EDGE('',*,*,#3221,.T.);
#4297=ORIENTED_EDGE('',*,*,#3224,.T.);
#4298=ORIENTED_EDGE('',*,*,#3226,.T.);
#4299=ORIENTED_EDGE('',*,*,#3228,.T.);
#4300=ORIENTED_EDGE('',*,*,#3230,.T.);
#4301=ORIENTED_EDGE('',*,*,#3232,.T.);
#4302=ORIENTED_EDGE('',*,*,#3234,.T.);
#4303=ORIENTED_EDGE('',*,*,#3114,.F.);
#4304=ORIENTED_EDGE('',*,*,#3246,.T.);
#4305=ORIENTED_EDGE('',*,*,#3247,.F.);
#4306=ORIENTED_EDGE('',*,*,#3248,.F.);
#4307=ORIENTED_EDGE('',*,*,#3113,.F.);
#4308=ORIENTED_EDGE('',*,*,#3249,.T.);
#4309=ORIENTED_EDGE('',*,*,#3250,.F.);
#4310=ORIENTED_EDGE('',*,*,#3246,.F.);
#4311=ORIENTED_EDGE('',*,*,#3115,.F.);
#4312=ORIENTED_EDGE('',*,*,#3248,.T.);
#4313=ORIENTED_EDGE('',*,*,#3251,.F.);
#4314=ORIENTED_EDGE('',*,*,#3252,.F.);
#4315=ORIENTED_EDGE('',*,*,#3116,.F.);
#4316=ORIENTED_EDGE('',*,*,#3252,.T.);
#4317=ORIENTED_EDGE('',*,*,#3253,.F.);
#4318=ORIENTED_EDGE('',*,*,#3249,.F.);
#4319=ORIENTED_EDGE('',*,*,#3254,.F.);
#4320=ORIENTED_EDGE('',*,*,#3255,.T.);
#4321=ORIENTED_EDGE('',*,*,#3256,.F.);
#4322=ORIENTED_EDGE('',*,*,#3257,.F.);
#4323=ORIENTED_EDGE('',*,*,#3258,.F.);
#4324=ORIENTED_EDGE('',*,*,#3257,.T.);
#4325=ORIENTED_EDGE('',*,*,#3259,.F.);
#4326=ORIENTED_EDGE('',*,*,#3260,.F.);
#4327=ORIENTED_EDGE('',*,*,#3261,.F.);
#4328=ORIENTED_EDGE('',*,*,#3260,.T.);
#4329=ORIENTED_EDGE('',*,*,#3262,.F.);
#4330=ORIENTED_EDGE('',*,*,#3263,.F.);
#4331=ORIENTED_EDGE('',*,*,#3264,.F.);
#4332=ORIENTED_EDGE('',*,*,#3263,.T.);
#4333=ORIENTED_EDGE('',*,*,#3265,.F.);
#4334=ORIENTED_EDGE('',*,*,#3255,.F.);
#4335=ORIENTED_EDGE('',*,*,#3265,.T.);
#4336=ORIENTED_EDGE('',*,*,#3262,.T.);
#4337=ORIENTED_EDGE('',*,*,#3259,.T.);
#4338=ORIENTED_EDGE('',*,*,#3256,.T.);
#4339=ORIENTED_EDGE('',*,*,#3250,.T.);
#4340=ORIENTED_EDGE('',*,*,#3253,.T.);
#4341=ORIENTED_EDGE('',*,*,#3251,.T.);
#4342=ORIENTED_EDGE('',*,*,#3247,.T.);
#4343=ORIENTED_EDGE('',*,*,#3084,.T.);
#4344=ORIENTED_EDGE('',*,*,#3080,.T.);
#4345=ORIENTED_EDGE('',*,*,#3100,.T.);
#4346=ORIENTED_EDGE('',*,*,#3264,.T.);
#4347=ORIENTED_EDGE('',*,*,#3254,.T.);
#4348=ORIENTED_EDGE('',*,*,#3258,.T.);
#4349=ORIENTED_EDGE('',*,*,#3261,.T.);
#4350=ORIENTED_EDGE('',*,*,#3266,.F.);
#4351=ORIENTED_EDGE('',*,*,#3267,.T.);
#4352=ORIENTED_EDGE('',*,*,#3268,.F.);
#4353=ORIENTED_EDGE('',*,*,#3269,.F.);
#4354=ORIENTED_EDGE('',*,*,#3270,.F.);
#4355=ORIENTED_EDGE('',*,*,#3271,.T.);
#4356=ORIENTED_EDGE('',*,*,#3272,.F.);
#4357=ORIENTED_EDGE('',*,*,#3267,.F.);
#4358=ORIENTED_EDGE('',*,*,#3273,.F.);
#4359=ORIENTED_EDGE('',*,*,#3269,.T.);
#4360=ORIENTED_EDGE('',*,*,#3274,.F.);
#4361=ORIENTED_EDGE('',*,*,#3275,.F.);
#4362=ORIENTED_EDGE('',*,*,#3276,.F.);
#4363=ORIENTED_EDGE('',*,*,#3275,.T.);
#4364=ORIENTED_EDGE('',*,*,#3277,.F.);
#4365=ORIENTED_EDGE('',*,*,#3271,.F.);
#4366=ORIENTED_EDGE('',*,*,#3278,.F.);
#4367=ORIENTED_EDGE('',*,*,#3279,.T.);
#4368=ORIENTED_EDGE('',*,*,#3280,.F.);
#4369=ORIENTED_EDGE('',*,*,#3281,.F.);
#4370=ORIENTED_EDGE('',*,*,#3282,.F.);
#4371=ORIENTED_EDGE('',*,*,#3281,.T.);
#4372=ORIENTED_EDGE('',*,*,#3283,.F.);
#4373=ORIENTED_EDGE('',*,*,#3284,.F.);
#4374=ORIENTED_EDGE('',*,*,#3285,.F.);
#4375=ORIENTED_EDGE('',*,*,#3284,.T.);
#4376=ORIENTED_EDGE('',*,*,#3286,.F.);
#4377=ORIENTED_EDGE('',*,*,#3287,.F.);
#4378=ORIENTED_EDGE('',*,*,#3288,.F.);
#4379=ORIENTED_EDGE('',*,*,#3287,.T.);
#4380=ORIENTED_EDGE('',*,*,#3289,.F.);
#4381=ORIENTED_EDGE('',*,*,#3279,.F.);
#4382=ORIENTED_EDGE('',*,*,#3289,.T.);
#4383=ORIENTED_EDGE('',*,*,#3286,.T.);
#4384=ORIENTED_EDGE('',*,*,#3283,.T.);
#4385=ORIENTED_EDGE('',*,*,#3280,.T.);
#4386=ORIENTED_EDGE('',*,*,#3277,.T.);
#4387=ORIENTED_EDGE('',*,*,#3274,.T.);
#4388=ORIENTED_EDGE('',*,*,#3268,.T.);
#4389=ORIENTED_EDGE('',*,*,#3272,.T.);
#4390=ORIENTED_EDGE('',*,*,#3290,.F.);
#4391=ORIENTED_EDGE('',*,*,#3291,.T.);
#4392=ORIENTED_EDGE('',*,*,#3292,.F.);
#4393=ORIENTED_EDGE('',*,*,#3293,.F.);
#4394=ORIENTED_EDGE('',*,*,#3294,.F.);
#4395=ORIENTED_EDGE('',*,*,#3295,.T.);
#4396=ORIENTED_EDGE('',*,*,#3296,.F.);
#4397=ORIENTED_EDGE('',*,*,#3291,.F.);
#4398=ORIENTED_EDGE('',*,*,#3297,.F.);
#4399=ORIENTED_EDGE('',*,*,#3298,.T.);
#4400=ORIENTED_EDGE('',*,*,#3299,.F.);
#4401=ORIENTED_EDGE('',*,*,#3295,.F.);
#4402=ORIENTED_EDGE('',*,*,#3300,.F.);
#4403=ORIENTED_EDGE('',*,*,#3301,.T.);
#4404=ORIENTED_EDGE('',*,*,#3302,.F.);
#4405=ORIENTED_EDGE('',*,*,#3298,.F.);
#4406=ORIENTED_EDGE('',*,*,#3303,.F.);
#4407=ORIENTED_EDGE('',*,*,#3304,.T.);
#4408=ORIENTED_EDGE('',*,*,#3305,.F.);
#4409=ORIENTED_EDGE('',*,*,#3301,.F.);
#4410=ORIENTED_EDGE('',*,*,#3306,.F.);
#4411=ORIENTED_EDGE('',*,*,#3307,.T.);
#4412=ORIENTED_EDGE('',*,*,#3308,.F.);
#4413=ORIENTED_EDGE('',*,*,#3309,.F.);
#4414=ORIENTED_EDGE('',*,*,#3310,.F.);
#4415=ORIENTED_EDGE('',*,*,#3311,.T.);
#4416=ORIENTED_EDGE('',*,*,#3312,.F.);
#4417=ORIENTED_EDGE('',*,*,#3307,.F.);
#4418=ORIENTED_EDGE('',*,*,#3313,.F.);
#4419=ORIENTED_EDGE('',*,*,#3314,.T.);
#4420=ORIENTED_EDGE('',*,*,#3315,.F.);
#4421=ORIENTED_EDGE('',*,*,#3311,.F.);
#4422=ORIENTED_EDGE('',*,*,#3316,.F.);
#4423=ORIENTED_EDGE('',*,*,#3317,.T.);
#4424=ORIENTED_EDGE('',*,*,#3318,.F.);
#4425=ORIENTED_EDGE('',*,*,#3314,.F.);
#4426=ORIENTED_EDGE('',*,*,#3319,.F.);
#4427=ORIENTED_EDGE('',*,*,#3320,.T.);
#4428=ORIENTED_EDGE('',*,*,#3321,.F.);
#4429=ORIENTED_EDGE('',*,*,#3317,.F.);
#4430=ORIENTED_EDGE('',*,*,#3322,.F.);
#4431=ORIENTED_EDGE('',*,*,#3323,.T.);
#4432=ORIENTED_EDGE('',*,*,#3324,.F.);
#4433=ORIENTED_EDGE('',*,*,#3320,.F.);
#4434=ORIENTED_EDGE('',*,*,#3325,.F.);
#4435=ORIENTED_EDGE('',*,*,#3293,.T.);
#4436=ORIENTED_EDGE('',*,*,#3326,.F.);
#4437=ORIENTED_EDGE('',*,*,#3327,.F.);
#4438=ORIENTED_EDGE('',*,*,#3328,.F.);
#4439=ORIENTED_EDGE('',*,*,#3327,.T.);
#4440=ORIENTED_EDGE('',*,*,#3329,.F.);
#4441=ORIENTED_EDGE('',*,*,#3330,.F.);
#4442=ORIENTED_EDGE('',*,*,#3331,.F.);
#4443=ORIENTED_EDGE('',*,*,#3330,.T.);
#4444=ORIENTED_EDGE('',*,*,#3332,.F.);
#4445=ORIENTED_EDGE('',*,*,#3333,.F.);
#4446=ORIENTED_EDGE('',*,*,#3334,.F.);
#4447=ORIENTED_EDGE('',*,*,#3333,.T.);
#4448=ORIENTED_EDGE('',*,*,#3335,.F.);
#4449=ORIENTED_EDGE('',*,*,#3304,.F.);
#4450=ORIENTED_EDGE('',*,*,#3336,.F.);
#4451=ORIENTED_EDGE('',*,*,#3309,.T.);
#4452=ORIENTED_EDGE('',*,*,#3337,.F.);
#4453=ORIENTED_EDGE('',*,*,#3338,.F.);
#4454=ORIENTED_EDGE('',*,*,#3339,.F.);
#4455=ORIENTED_EDGE('',*,*,#3338,.T.);
#4456=ORIENTED_EDGE('',*,*,#3340,.F.);
#4457=ORIENTED_EDGE('',*,*,#3341,.F.);
#4458=ORIENTED_EDGE('',*,*,#3342,.F.);
#4459=ORIENTED_EDGE('',*,*,#3341,.T.);
#4460=ORIENTED_EDGE('',*,*,#3343,.F.);
#4461=ORIENTED_EDGE('',*,*,#3344,.F.);
#4462=ORIENTED_EDGE('',*,*,#3345,.F.);
#4463=ORIENTED_EDGE('',*,*,#3344,.T.);
#4464=ORIENTED_EDGE('',*,*,#3346,.F.);
#4465=ORIENTED_EDGE('',*,*,#3347,.F.);
#4466=ORIENTED_EDGE('',*,*,#3348,.F.);
#4467=ORIENTED_EDGE('',*,*,#3347,.T.);
#4468=ORIENTED_EDGE('',*,*,#3349,.F.);
#4469=ORIENTED_EDGE('',*,*,#3350,.F.);
#4470=ORIENTED_EDGE('',*,*,#3351,.F.);
#4471=ORIENTED_EDGE('',*,*,#3350,.T.);
#4472=ORIENTED_EDGE('',*,*,#3352,.F.);
#4473=ORIENTED_EDGE('',*,*,#3323,.F.);
#4474=ORIENTED_EDGE('',*,*,#3352,.T.);
#4475=ORIENTED_EDGE('',*,*,#3349,.T.);
#4476=ORIENTED_EDGE('',*,*,#3346,.T.);
#4477=ORIENTED_EDGE('',*,*,#3343,.T.);
#4478=ORIENTED_EDGE('',*,*,#3340,.T.);
#4479=ORIENTED_EDGE('',*,*,#3337,.T.);
#4480=ORIENTED_EDGE('',*,*,#3308,.T.);
#4481=ORIENTED_EDGE('',*,*,#3312,.T.);
#4482=ORIENTED_EDGE('',*,*,#3315,.T.);
#4483=ORIENTED_EDGE('',*,*,#3318,.T.);
#4484=ORIENTED_EDGE('',*,*,#3321,.T.);
#4485=ORIENTED_EDGE('',*,*,#3324,.T.);
#4486=ORIENTED_EDGE('',*,*,#3335,.T.);
#4487=ORIENTED_EDGE('',*,*,#3332,.T.);
#4488=ORIENTED_EDGE('',*,*,#3329,.T.);
#4489=ORIENTED_EDGE('',*,*,#3326,.T.);
#4490=ORIENTED_EDGE('',*,*,#3292,.T.);
#4491=ORIENTED_EDGE('',*,*,#3296,.T.);
#4492=ORIENTED_EDGE('',*,*,#3299,.T.);
#4493=ORIENTED_EDGE('',*,*,#3302,.T.);
#4494=ORIENTED_EDGE('',*,*,#3305,.T.);
#4495=ORIENTED_EDGE('',*,*,#3276,.T.);
#4496=ORIENTED_EDGE('',*,*,#3270,.T.);
#4497=ORIENTED_EDGE('',*,*,#3266,.T.);
#4498=ORIENTED_EDGE('',*,*,#3273,.T.);
#4499=ORIENTED_EDGE('',*,*,#3353,.T.);
#4500=ORIENTED_EDGE('',*,*,#3354,.T.);
#4501=ORIENTED_EDGE('',*,*,#3355,.T.);
#4502=ORIENTED_EDGE('',*,*,#3356,.T.);
#4503=ORIENTED_EDGE('',*,*,#3357,.T.);
#4504=ORIENTED_EDGE('',*,*,#3358,.T.);
#4505=ORIENTED_EDGE('',*,*,#3359,.T.);
#4506=ORIENTED_EDGE('',*,*,#3360,.T.);
#4507=ORIENTED_EDGE('',*,*,#3361,.T.);
#4508=ORIENTED_EDGE('',*,*,#3362,.T.);
#4509=ORIENTED_EDGE('',*,*,#3363,.T.);
#4510=ORIENTED_EDGE('',*,*,#3364,.T.);
#4511=ORIENTED_EDGE('',*,*,#3365,.T.);
#4512=ORIENTED_EDGE('',*,*,#3366,.T.);
#4513=ORIENTED_EDGE('',*,*,#3367,.T.);
#4514=ORIENTED_EDGE('',*,*,#3368,.T.);
#4515=ORIENTED_EDGE('',*,*,#3369,.T.);
#4516=ORIENTED_EDGE('',*,*,#3370,.T.);
#4517=ORIENTED_EDGE('',*,*,#3371,.T.);
#4518=ORIENTED_EDGE('',*,*,#3372,.T.);
#4519=ORIENTED_EDGE('',*,*,#3373,.T.);
#4520=ORIENTED_EDGE('',*,*,#3374,.T.);
#4521=ORIENTED_EDGE('',*,*,#3375,.T.);
#4522=ORIENTED_EDGE('',*,*,#3376,.T.);
#4523=ORIENTED_EDGE('',*,*,#3377,.T.);
#4524=ORIENTED_EDGE('',*,*,#3378,.T.);
#4525=ORIENTED_EDGE('',*,*,#3379,.T.);
#4526=ORIENTED_EDGE('',*,*,#3380,.T.);
#4527=ORIENTED_EDGE('',*,*,#3381,.T.);
#4528=ORIENTED_EDGE('',*,*,#3382,.T.);
#4529=ORIENTED_EDGE('',*,*,#3383,.T.);
#4530=ORIENTED_EDGE('',*,*,#3384,.T.);
#4531=ORIENTED_EDGE('',*,*,#3385,.T.);
#4532=ORIENTED_EDGE('',*,*,#3386,.T.);
#4533=ORIENTED_EDGE('',*,*,#3387,.T.);
#4534=ORIENTED_EDGE('',*,*,#3388,.T.);
#4535=ORIENTED_EDGE('',*,*,#3389,.T.);
#4536=ORIENTED_EDGE('',*,*,#3390,.T.);
#4537=ORIENTED_EDGE('',*,*,#3391,.T.);
#4538=ORIENTED_EDGE('',*,*,#3392,.T.);
#4539=ORIENTED_EDGE('',*,*,#3393,.T.);
#4540=ORIENTED_EDGE('',*,*,#3394,.T.);
#4541=ORIENTED_EDGE('',*,*,#3322,.T.);
#4542=ORIENTED_EDGE('',*,*,#3319,.T.);
#4543=ORIENTED_EDGE('',*,*,#3316,.T.);
#4544=ORIENTED_EDGE('',*,*,#3313,.T.);
#4545=ORIENTED_EDGE('',*,*,#3310,.T.);
#4546=ORIENTED_EDGE('',*,*,#3306,.T.);
#4547=ORIENTED_EDGE('',*,*,#3336,.T.);
#4548=ORIENTED_EDGE('',*,*,#3339,.T.);
#4549=ORIENTED_EDGE('',*,*,#3342,.T.);
#4550=ORIENTED_EDGE('',*,*,#3345,.T.);
#4551=ORIENTED_EDGE('',*,*,#3348,.T.);
#4552=ORIENTED_EDGE('',*,*,#3351,.T.);
#4553=ORIENTED_EDGE('',*,*,#3388,.F.);
#4554=ORIENTED_EDGE('',*,*,#3395,.T.);
#4555=ORIENTED_EDGE('',*,*,#3396,.F.);
#4556=ORIENTED_EDGE('',*,*,#3397,.F.);
#4557=ORIENTED_EDGE('',*,*,#3387,.F.);
#4558=ORIENTED_EDGE('',*,*,#3398,.T.);
#4559=ORIENTED_EDGE('',*,*,#3399,.F.);
#4560=ORIENTED_EDGE('',*,*,#3395,.F.);
#4561=ORIENTED_EDGE('',*,*,#3386,.F.);
#4562=ORIENTED_EDGE('',*,*,#3400,.T.);
#4563=ORIENTED_EDGE('',*,*,#3401,.F.);
#4564=ORIENTED_EDGE('',*,*,#3398,.F.);
#4565=ORIENTED_EDGE('',*,*,#3385,.F.);
#4566=ORIENTED_EDGE('',*,*,#3402,.T.);
#4567=ORIENTED_EDGE('',*,*,#3403,.F.);
#4568=ORIENTED_EDGE('',*,*,#3400,.F.);
#4569=ORIENTED_EDGE('',*,*,#3384,.F.);
#4570=ORIENTED_EDGE('',*,*,#3404,.T.);
#4571=ORIENTED_EDGE('',*,*,#3405,.F.);
#4572=ORIENTED_EDGE('',*,*,#3402,.F.);
#4573=ORIENTED_EDGE('',*,*,#3383,.F.);
#4574=ORIENTED_EDGE('',*,*,#3406,.T.);
#4575=ORIENTED_EDGE('',*,*,#3407,.F.);
#4576=ORIENTED_EDGE('',*,*,#3404,.F.);
#4577=ORIENTED_EDGE('',*,*,#3389,.F.);
#4578=ORIENTED_EDGE('',*,*,#3397,.T.);
#4579=ORIENTED_EDGE('',*,*,#3408,.F.);
#4580=ORIENTED_EDGE('',*,*,#3409,.F.);
#4581=ORIENTED_EDGE('',*,*,#3390,.F.);
#4582=ORIENTED_EDGE('',*,*,#3409,.T.);
#4583=ORIENTED_EDGE('',*,*,#3410,.F.);
#4584=ORIENTED_EDGE('',*,*,#3411,.F.);
#4585=ORIENTED_EDGE('',*,*,#3391,.F.);
#4586=ORIENTED_EDGE('',*,*,#3411,.T.);
#4587=ORIENTED_EDGE('',*,*,#3412,.F.);
#4588=ORIENTED_EDGE('',*,*,#3413,.F.);
#4589=ORIENTED_EDGE('',*,*,#3392,.F.);
#4590=ORIENTED_EDGE('',*,*,#3413,.T.);
#4591=ORIENTED_EDGE('',*,*,#3414,.F.);
#4592=ORIENTED_EDGE('',*,*,#3415,.F.);
#4593=ORIENTED_EDGE('',*,*,#3393,.F.);
#4594=ORIENTED_EDGE('',*,*,#3415,.T.);
#4595=ORIENTED_EDGE('',*,*,#3416,.F.);
#4596=ORIENTED_EDGE('',*,*,#3417,.F.);
#4597=ORIENTED_EDGE('',*,*,#3394,.F.);
#4598=ORIENTED_EDGE('',*,*,#3417,.T.);
#4599=ORIENTED_EDGE('',*,*,#3418,.F.);
#4600=ORIENTED_EDGE('',*,*,#3406,.F.);
#4601=ORIENTED_EDGE('',*,*,#3418,.T.);
#4602=ORIENTED_EDGE('',*,*,#3416,.T.);
#4603=ORIENTED_EDGE('',*,*,#3414,.T.);
#4604=ORIENTED_EDGE('',*,*,#3412,.T.);
#4605=ORIENTED_EDGE('',*,*,#3410,.T.);
#4606=ORIENTED_EDGE('',*,*,#3408,.T.);
#4607=ORIENTED_EDGE('',*,*,#3396,.T.);
#4608=ORIENTED_EDGE('',*,*,#3399,.T.);
#4609=ORIENTED_EDGE('',*,*,#3401,.T.);
#4610=ORIENTED_EDGE('',*,*,#3403,.T.);
#4611=ORIENTED_EDGE('',*,*,#3405,.T.);
#4612=ORIENTED_EDGE('',*,*,#3407,.T.);
#4613=ORIENTED_EDGE('',*,*,#3373,.F.);
#4614=ORIENTED_EDGE('',*,*,#3419,.T.);
#4615=ORIENTED_EDGE('',*,*,#3420,.F.);
#4616=ORIENTED_EDGE('',*,*,#3421,.F.);
#4617=ORIENTED_EDGE('',*,*,#3372,.F.);
#4618=ORIENTED_EDGE('',*,*,#3422,.T.);
#4619=ORIENTED_EDGE('',*,*,#3423,.F.);
#4620=ORIENTED_EDGE('',*,*,#3419,.F.);
#4621=ORIENTED_EDGE('',*,*,#3371,.F.);
#4622=ORIENTED_EDGE('',*,*,#3424,.T.);
#4623=ORIENTED_EDGE('',*,*,#3425,.F.);
#4624=ORIENTED_EDGE('',*,*,#3422,.F.);
#4625=ORIENTED_EDGE('',*,*,#3370,.F.);
#4626=ORIENTED_EDGE('',*,*,#3426,.T.);
#4627=ORIENTED_EDGE('',*,*,#3427,.F.);
#4628=ORIENTED_EDGE('',*,*,#3424,.F.);
#4629=ORIENTED_EDGE('',*,*,#3369,.F.);
#4630=ORIENTED_EDGE('',*,*,#3428,.T.);
#4631=ORIENTED_EDGE('',*,*,#3429,.F.);
#4632=ORIENTED_EDGE('',*,*,#3426,.F.);
#4633=ORIENTED_EDGE('',*,*,#3368,.F.);
#4634=ORIENTED_EDGE('',*,*,#3430,.T.);
#4635=ORIENTED_EDGE('',*,*,#3431,.F.);
#4636=ORIENTED_EDGE('',*,*,#3428,.F.);
#4637=ORIENTED_EDGE('',*,*,#3367,.F.);
#4638=ORIENTED_EDGE('',*,*,#3432,.T.);
#4639=ORIENTED_EDGE('',*,*,#3433,.F.);
#4640=ORIENTED_EDGE('',*,*,#3430,.F.);
#4641=ORIENTED_EDGE('',*,*,#3366,.F.);
#4642=ORIENTED_EDGE('',*,*,#3434,.T.);
#4643=ORIENTED_EDGE('',*,*,#3435,.F.);
#4644=ORIENTED_EDGE('',*,*,#3432,.F.);
#4645=ORIENTED_EDGE('',*,*,#3365,.F.);
#4646=ORIENTED_EDGE('',*,*,#3436,.T.);
#4647=ORIENTED_EDGE('',*,*,#3437,.F.);
#4648=ORIENTED_EDGE('',*,*,#3434,.F.);
#4649=ORIENTED_EDGE('',*,*,#3374,.F.);
#4650=ORIENTED_EDGE('',*,*,#3421,.T.);
#4651=ORIENTED_EDGE('',*,*,#3438,.F.);
#4652=ORIENTED_EDGE('',*,*,#3439,.F.);
#4653=ORIENTED_EDGE('',*,*,#3375,.F.);
#4654=ORIENTED_EDGE('',*,*,#3439,.T.);
#4655=ORIENTED_EDGE('',*,*,#3440,.F.);
#4656=ORIENTED_EDGE('',*,*,#3441,.F.);
#4657=ORIENTED_EDGE('',*,*,#3376,.F.);
#4658=ORIENTED_EDGE('',*,*,#3441,.T.);
#4659=ORIENTED_EDGE('',*,*,#3442,.F.);
#4660=ORIENTED_EDGE('',*,*,#3443,.F.);
#4661=ORIENTED_EDGE('',*,*,#3377,.F.);
#4662=ORIENTED_EDGE('',*,*,#3443,.T.);
#4663=ORIENTED_EDGE('',*,*,#3444,.F.);
#4664=ORIENTED_EDGE('',*,*,#3445,.F.);
#4665=ORIENTED_EDGE('',*,*,#3378,.F.);
#4666=ORIENTED_EDGE('',*,*,#3445,.T.);
#4667=ORIENTED_EDGE('',*,*,#3446,.F.);
#4668=ORIENTED_EDGE('',*,*,#3447,.F.);
#4669=ORIENTED_EDGE('',*,*,#3379,.F.);
#4670=ORIENTED_EDGE('',*,*,#3447,.T.);
#4671=ORIENTED_EDGE('',*,*,#3448,.F.);
#4672=ORIENTED_EDGE('',*,*,#3449,.F.);
#4673=ORIENTED_EDGE('',*,*,#3380,.F.);
#4674=ORIENTED_EDGE('',*,*,#3449,.T.);
#4675=ORIENTED_EDGE('',*,*,#3450,.F.);
#4676=ORIENTED_EDGE('',*,*,#3451,.F.);
#4677=ORIENTED_EDGE('',*,*,#3381,.F.);
#4678=ORIENTED_EDGE('',*,*,#3451,.T.);
#4679=ORIENTED_EDGE('',*,*,#3452,.F.);
#4680=ORIENTED_EDGE('',*,*,#3453,.F.);
#4681=ORIENTED_EDGE('',*,*,#3382,.F.);
#4682=ORIENTED_EDGE('',*,*,#3453,.T.);
#4683=ORIENTED_EDGE('',*,*,#3454,.F.);
#4684=ORIENTED_EDGE('',*,*,#3436,.F.);
#4685=ORIENTED_EDGE('',*,*,#3454,.T.);
#4686=ORIENTED_EDGE('',*,*,#3452,.T.);
#4687=ORIENTED_EDGE('',*,*,#3450,.T.);
#4688=ORIENTED_EDGE('',*,*,#3448,.T.);
#4689=ORIENTED_EDGE('',*,*,#3446,.T.);
#4690=ORIENTED_EDGE('',*,*,#3444,.T.);
#4691=ORIENTED_EDGE('',*,*,#3442,.T.);
#4692=ORIENTED_EDGE('',*,*,#3440,.T.);
#4693=ORIENTED_EDGE('',*,*,#3438,.T.);
#4694=ORIENTED_EDGE('',*,*,#3420,.T.);
#4695=ORIENTED_EDGE('',*,*,#3423,.T.);
#4696=ORIENTED_EDGE('',*,*,#3425,.T.);
#4697=ORIENTED_EDGE('',*,*,#3427,.T.);
#4698=ORIENTED_EDGE('',*,*,#3429,.T.);
#4699=ORIENTED_EDGE('',*,*,#3431,.T.);
#4700=ORIENTED_EDGE('',*,*,#3433,.T.);
#4701=ORIENTED_EDGE('',*,*,#3435,.T.);
#4702=ORIENTED_EDGE('',*,*,#3437,.T.);
#4703=ORIENTED_EDGE('',*,*,#3360,.F.);
#4704=ORIENTED_EDGE('',*,*,#3455,.T.);
#4705=ORIENTED_EDGE('',*,*,#3456,.F.);
#4706=ORIENTED_EDGE('',*,*,#3457,.F.);
#4707=ORIENTED_EDGE('',*,*,#3359,.F.);
#4708=ORIENTED_EDGE('',*,*,#3458,.T.);
#4709=ORIENTED_EDGE('',*,*,#3459,.F.);
#4710=ORIENTED_EDGE('',*,*,#3455,.F.);
#4711=ORIENTED_EDGE('',*,*,#3358,.F.);
#4712=ORIENTED_EDGE('',*,*,#3460,.T.);
#4713=ORIENTED_EDGE('',*,*,#3461,.F.);
#4714=ORIENTED_EDGE('',*,*,#3458,.F.);
#4715=ORIENTED_EDGE('',*,*,#3357,.F.);
#4716=ORIENTED_EDGE('',*,*,#3462,.T.);
#4717=ORIENTED_EDGE('',*,*,#3463,.F.);
#4718=ORIENTED_EDGE('',*,*,#3460,.F.);
#4719=ORIENTED_EDGE('',*,*,#3361,.F.);
#4720=ORIENTED_EDGE('',*,*,#3457,.T.);
#4721=ORIENTED_EDGE('',*,*,#3464,.F.);
#4722=ORIENTED_EDGE('',*,*,#3465,.F.);
#4723=ORIENTED_EDGE('',*,*,#3362,.F.);
#4724=ORIENTED_EDGE('',*,*,#3465,.T.);
#4725=ORIENTED_EDGE('',*,*,#3466,.F.);
#4726=ORIENTED_EDGE('',*,*,#3467,.F.);
#4727=ORIENTED_EDGE('',*,*,#3363,.F.);
#4728=ORIENTED_EDGE('',*,*,#3467,.T.);
#4729=ORIENTED_EDGE('',*,*,#3468,.F.);
#4730=ORIENTED_EDGE('',*,*,#3469,.F.);
#4731=ORIENTED_EDGE('',*,*,#3364,.F.);
#4732=ORIENTED_EDGE('',*,*,#3469,.T.);
#4733=ORIENTED_EDGE('',*,*,#3470,.F.);
#4734=ORIENTED_EDGE('',*,*,#3462,.F.);
#4735=ORIENTED_EDGE('',*,*,#3470,.T.);
#4736=ORIENTED_EDGE('',*,*,#3468,.T.);
#4737=ORIENTED_EDGE('',*,*,#3466,.T.);
#4738=ORIENTED_EDGE('',*,*,#3464,.T.);
#4739=ORIENTED_EDGE('',*,*,#3456,.T.);
#4740=ORIENTED_EDGE('',*,*,#3459,.T.);
#4741=ORIENTED_EDGE('',*,*,#3461,.T.);
#4742=ORIENTED_EDGE('',*,*,#3463,.T.);
#4743=ORIENTED_EDGE('',*,*,#3354,.F.);
#4744=ORIENTED_EDGE('',*,*,#3471,.T.);
#4745=ORIENTED_EDGE('',*,*,#3472,.F.);
#4746=ORIENTED_EDGE('',*,*,#3473,.F.);
#4747=ORIENTED_EDGE('',*,*,#3353,.F.);
#4748=ORIENTED_EDGE('',*,*,#3474,.T.);
#4749=ORIENTED_EDGE('',*,*,#3475,.F.);
#4750=ORIENTED_EDGE('',*,*,#3471,.F.);
#4751=ORIENTED_EDGE('',*,*,#3355,.F.);
#4752=ORIENTED_EDGE('',*,*,#3473,.T.);
#4753=ORIENTED_EDGE('',*,*,#3476,.F.);
#4754=ORIENTED_EDGE('',*,*,#3477,.F.);
#4755=ORIENTED_EDGE('',*,*,#3356,.F.);
#4756=ORIENTED_EDGE('',*,*,#3477,.T.);
#4757=ORIENTED_EDGE('',*,*,#3478,.F.);
#4758=ORIENTED_EDGE('',*,*,#3474,.F.);
#4759=ORIENTED_EDGE('',*,*,#3478,.T.);
#4760=ORIENTED_EDGE('',*,*,#3476,.T.);
#4761=ORIENTED_EDGE('',*,*,#3472,.T.);
#4762=ORIENTED_EDGE('',*,*,#3475,.T.);
#4763=ORIENTED_EDGE('',*,*,#3303,.T.);
#4764=ORIENTED_EDGE('',*,*,#3300,.T.);
#4765=ORIENTED_EDGE('',*,*,#3297,.T.);
#4766=ORIENTED_EDGE('',*,*,#3294,.T.);
#4767=ORIENTED_EDGE('',*,*,#3290,.T.);
#4768=ORIENTED_EDGE('',*,*,#3325,.T.);
#4769=ORIENTED_EDGE('',*,*,#3328,.T.);
#4770=ORIENTED_EDGE('',*,*,#3331,.T.);
#4771=ORIENTED_EDGE('',*,*,#3334,.T.);
#4772=ORIENTED_EDGE('',*,*,#3288,.T.);
#4773=ORIENTED_EDGE('',*,*,#3278,.T.);
#4774=ORIENTED_EDGE('',*,*,#3282,.T.);
#4775=ORIENTED_EDGE('',*,*,#3285,.T.);
#4776=ORIENTED_EDGE('',*,*,#3479,.F.);
#4777=ORIENTED_EDGE('',*,*,#3480,.T.);
#4778=ORIENTED_EDGE('',*,*,#3481,.F.);
#4779=ORIENTED_EDGE('',*,*,#3482,.F.);
#4780=ORIENTED_EDGE('',*,*,#3483,.F.);
#4781=ORIENTED_EDGE('',*,*,#3484,.T.);
#4782=ORIENTED_EDGE('',*,*,#3485,.F.);
#4783=ORIENTED_EDGE('',*,*,#3480,.F.);
#4784=ORIENTED_EDGE('',*,*,#3486,.F.);
#4785=ORIENTED_EDGE('',*,*,#3482,.T.);
#4786=ORIENTED_EDGE('',*,*,#3487,.F.);
#4787=ORIENTED_EDGE('',*,*,#3488,.F.);
#4788=ORIENTED_EDGE('',*,*,#3489,.F.);
#4789=ORIENTED_EDGE('',*,*,#3488,.T.);
#4790=ORIENTED_EDGE('',*,*,#3490,.F.);
#4791=ORIENTED_EDGE('',*,*,#3484,.F.);
#4792=ORIENTED_EDGE('',*,*,#3491,.F.);
#4793=ORIENTED_EDGE('',*,*,#3492,.T.);
#4794=ORIENTED_EDGE('',*,*,#3493,.F.);
#4795=ORIENTED_EDGE('',*,*,#3494,.F.);
#4796=ORIENTED_EDGE('',*,*,#3495,.F.);
#4797=ORIENTED_EDGE('',*,*,#3494,.T.);
#4798=ORIENTED_EDGE('',*,*,#3496,.F.);
#4799=ORIENTED_EDGE('',*,*,#3497,.F.);
#4800=ORIENTED_EDGE('',*,*,#3498,.F.);
#4801=ORIENTED_EDGE('',*,*,#3497,.T.);
#4802=ORIENTED_EDGE('',*,*,#3499,.F.);
#4803=ORIENTED_EDGE('',*,*,#3500,.F.);
#4804=ORIENTED_EDGE('',*,*,#3501,.F.);
#4805=ORIENTED_EDGE('',*,*,#3500,.T.);
#4806=ORIENTED_EDGE('',*,*,#3502,.F.);
#4807=ORIENTED_EDGE('',*,*,#3492,.F.);
#4808=ORIENTED_EDGE('',*,*,#3502,.T.);
#4809=ORIENTED_EDGE('',*,*,#3499,.T.);
#4810=ORIENTED_EDGE('',*,*,#3496,.T.);
#4811=ORIENTED_EDGE('',*,*,#3493,.T.);
#4812=ORIENTED_EDGE('',*,*,#3490,.T.);
#4813=ORIENTED_EDGE('',*,*,#3487,.T.);
#4814=ORIENTED_EDGE('',*,*,#3481,.T.);
#4815=ORIENTED_EDGE('',*,*,#3485,.T.);
#4816=ORIENTED_EDGE('',*,*,#3503,.F.);
#4817=ORIENTED_EDGE('',*,*,#3504,.T.);
#4818=ORIENTED_EDGE('',*,*,#3505,.F.);
#4819=ORIENTED_EDGE('',*,*,#3506,.F.);
#4820=ORIENTED_EDGE('',*,*,#3507,.F.);
#4821=ORIENTED_EDGE('',*,*,#3508,.T.);
#4822=ORIENTED_EDGE('',*,*,#3509,.F.);
#4823=ORIENTED_EDGE('',*,*,#3504,.F.);
#4824=ORIENTED_EDGE('',*,*,#3510,.F.);
#4825=ORIENTED_EDGE('',*,*,#3511,.T.);
#4826=ORIENTED_EDGE('',*,*,#3512,.F.);
#4827=ORIENTED_EDGE('',*,*,#3508,.F.);
#4828=ORIENTED_EDGE('',*,*,#3513,.F.);
#4829=ORIENTED_EDGE('',*,*,#3514,.T.);
#4830=ORIENTED_EDGE('',*,*,#3515,.F.);
#4831=ORIENTED_EDGE('',*,*,#3511,.F.);
#4832=ORIENTED_EDGE('',*,*,#3516,.F.);
#4833=ORIENTED_EDGE('',*,*,#3517,.T.);
#4834=ORIENTED_EDGE('',*,*,#3518,.F.);
#4835=ORIENTED_EDGE('',*,*,#3514,.F.);
#4836=ORIENTED_EDGE('',*,*,#3519,.F.);
#4837=ORIENTED_EDGE('',*,*,#3520,.T.);
#4838=ORIENTED_EDGE('',*,*,#3521,.F.);
#4839=ORIENTED_EDGE('',*,*,#3517,.F.);
#4840=ORIENTED_EDGE('',*,*,#3522,.F.);
#4841=ORIENTED_EDGE('',*,*,#3506,.T.);
#4842=ORIENTED_EDGE('',*,*,#3523,.F.);
#4843=ORIENTED_EDGE('',*,*,#3524,.F.);
#4844=ORIENTED_EDGE('',*,*,#3525,.F.);
#4845=ORIENTED_EDGE('',*,*,#3524,.T.);
#4846=ORIENTED_EDGE('',*,*,#3526,.F.);
#4847=ORIENTED_EDGE('',*,*,#3527,.F.);
#4848=ORIENTED_EDGE('',*,*,#3528,.F.);
#4849=ORIENTED_EDGE('',*,*,#3527,.T.);
#4850=ORIENTED_EDGE('',*,*,#3529,.F.);
#4851=ORIENTED_EDGE('',*,*,#3530,.F.);
#4852=ORIENTED_EDGE('',*,*,#3531,.F.);
#4853=ORIENTED_EDGE('',*,*,#3530,.T.);
#4854=ORIENTED_EDGE('',*,*,#3532,.F.);
#4855=ORIENTED_EDGE('',*,*,#3533,.F.);
#4856=ORIENTED_EDGE('',*,*,#3534,.F.);
#4857=ORIENTED_EDGE('',*,*,#3533,.T.);
#4858=ORIENTED_EDGE('',*,*,#3535,.F.);
#4859=ORIENTED_EDGE('',*,*,#3536,.F.);
#4860=ORIENTED_EDGE('',*,*,#3537,.F.);
#4861=ORIENTED_EDGE('',*,*,#3536,.T.);
#4862=ORIENTED_EDGE('',*,*,#3538,.F.);
#4863=ORIENTED_EDGE('',*,*,#3520,.F.);
#4864=ORIENTED_EDGE('',*,*,#3538,.T.);
#4865=ORIENTED_EDGE('',*,*,#3535,.T.);
#4866=ORIENTED_EDGE('',*,*,#3532,.T.);
#4867=ORIENTED_EDGE('',*,*,#3529,.T.);
#4868=ORIENTED_EDGE('',*,*,#3526,.T.);
#4869=ORIENTED_EDGE('',*,*,#3523,.T.);
#4870=ORIENTED_EDGE('',*,*,#3505,.T.);
#4871=ORIENTED_EDGE('',*,*,#3509,.T.);
#4872=ORIENTED_EDGE('',*,*,#3512,.T.);
#4873=ORIENTED_EDGE('',*,*,#3515,.T.);
#4874=ORIENTED_EDGE('',*,*,#3518,.T.);
#4875=ORIENTED_EDGE('',*,*,#3521,.T.);
#4876=ORIENTED_EDGE('',*,*,#3539,.F.);
#4877=ORIENTED_EDGE('',*,*,#3540,.T.);
#4878=ORIENTED_EDGE('',*,*,#3541,.F.);
#4879=ORIENTED_EDGE('',*,*,#3542,.F.);
#4880=ORIENTED_EDGE('',*,*,#3543,.F.);
#4881=ORIENTED_EDGE('',*,*,#3544,.T.);
#4882=ORIENTED_EDGE('',*,*,#3545,.F.);
#4883=ORIENTED_EDGE('',*,*,#3540,.F.);
#4884=ORIENTED_EDGE('',*,*,#3546,.F.);
#4885=ORIENTED_EDGE('',*,*,#3547,.T.);
#4886=ORIENTED_EDGE('',*,*,#3548,.F.);
#4887=ORIENTED_EDGE('',*,*,#3544,.F.);
#4888=ORIENTED_EDGE('',*,*,#3549,.F.);
#4889=ORIENTED_EDGE('',*,*,#3550,.T.);
#4890=ORIENTED_EDGE('',*,*,#3551,.F.);
#4891=ORIENTED_EDGE('',*,*,#3547,.F.);
#4892=ORIENTED_EDGE('',*,*,#3552,.F.);
#4893=ORIENTED_EDGE('',*,*,#3553,.T.);
#4894=ORIENTED_EDGE('',*,*,#3554,.F.);
#4895=ORIENTED_EDGE('',*,*,#3550,.F.);
#4896=ORIENTED_EDGE('',*,*,#3555,.F.);
#4897=ORIENTED_EDGE('',*,*,#3556,.T.);
#4898=ORIENTED_EDGE('',*,*,#3557,.F.);
#4899=ORIENTED_EDGE('',*,*,#3553,.F.);
#4900=ORIENTED_EDGE('',*,*,#3558,.F.);
#4901=ORIENTED_EDGE('',*,*,#3559,.T.);
#4902=ORIENTED_EDGE('',*,*,#3560,.F.);
#4903=ORIENTED_EDGE('',*,*,#3556,.F.);
#4904=ORIENTED_EDGE('',*,*,#3561,.F.);
#4905=ORIENTED_EDGE('',*,*,#3562,.T.);
#4906=ORIENTED_EDGE('',*,*,#3563,.F.);
#4907=ORIENTED_EDGE('',*,*,#3559,.F.);
#4908=ORIENTED_EDGE('',*,*,#3564,.F.);
#4909=ORIENTED_EDGE('',*,*,#3565,.T.);
#4910=ORIENTED_EDGE('',*,*,#3566,.F.);
#4911=ORIENTED_EDGE('',*,*,#3562,.F.);
#4912=ORIENTED_EDGE('',*,*,#3567,.F.);
#4913=ORIENTED_EDGE('',*,*,#3568,.T.);
#4914=ORIENTED_EDGE('',*,*,#3569,.F.);
#4915=ORIENTED_EDGE('',*,*,#3565,.F.);
#4916=ORIENTED_EDGE('',*,*,#3570,.F.);
#4917=ORIENTED_EDGE('',*,*,#3571,.T.);
#4918=ORIENTED_EDGE('',*,*,#3572,.F.);
#4919=ORIENTED_EDGE('',*,*,#3568,.F.);
#4920=ORIENTED_EDGE('',*,*,#3573,.F.);
#4921=ORIENTED_EDGE('',*,*,#3574,.T.);
#4922=ORIENTED_EDGE('',*,*,#3575,.F.);
#4923=ORIENTED_EDGE('',*,*,#3571,.F.);
#4924=ORIENTED_EDGE('',*,*,#3576,.F.);
#4925=ORIENTED_EDGE('',*,*,#3542,.T.);
#4926=ORIENTED_EDGE('',*,*,#3577,.F.);
#4927=ORIENTED_EDGE('',*,*,#3578,.F.);
#4928=ORIENTED_EDGE('',*,*,#3579,.F.);
#4929=ORIENTED_EDGE('',*,*,#3578,.T.);
#4930=ORIENTED_EDGE('',*,*,#3580,.F.);
#4931=ORIENTED_EDGE('',*,*,#3581,.F.);
#4932=ORIENTED_EDGE('',*,*,#3582,.F.);
#4933=ORIENTED_EDGE('',*,*,#3581,.T.);
#4934=ORIENTED_EDGE('',*,*,#3583,.F.);
#4935=ORIENTED_EDGE('',*,*,#3584,.F.);
#4936=ORIENTED_EDGE('',*,*,#3585,.F.);
#4937=ORIENTED_EDGE('',*,*,#3584,.T.);
#4938=ORIENTED_EDGE('',*,*,#3586,.F.);
#4939=ORIENTED_EDGE('',*,*,#3587,.F.);
#4940=ORIENTED_EDGE('',*,*,#3588,.F.);
#4941=ORIENTED_EDGE('',*,*,#3587,.T.);
#4942=ORIENTED_EDGE('',*,*,#3589,.F.);
#4943=ORIENTED_EDGE('',*,*,#3590,.F.);
#4944=ORIENTED_EDGE('',*,*,#3591,.F.);
#4945=ORIENTED_EDGE('',*,*,#3590,.T.);
#4946=ORIENTED_EDGE('',*,*,#3592,.F.);
#4947=ORIENTED_EDGE('',*,*,#3593,.F.);
#4948=ORIENTED_EDGE('',*,*,#3594,.F.);
#4949=ORIENTED_EDGE('',*,*,#3593,.T.);
#4950=ORIENTED_EDGE('',*,*,#3595,.F.);
#4951=ORIENTED_EDGE('',*,*,#3596,.F.);
#4952=ORIENTED_EDGE('',*,*,#3597,.F.);
#4953=ORIENTED_EDGE('',*,*,#3596,.T.);
#4954=ORIENTED_EDGE('',*,*,#3598,.F.);
#4955=ORIENTED_EDGE('',*,*,#3599,.F.);
#4956=ORIENTED_EDGE('',*,*,#3600,.F.);
#4957=ORIENTED_EDGE('',*,*,#3599,.T.);
#4958=ORIENTED_EDGE('',*,*,#3601,.F.);
#4959=ORIENTED_EDGE('',*,*,#3602,.F.);
#4960=ORIENTED_EDGE('',*,*,#3603,.F.);
#4961=ORIENTED_EDGE('',*,*,#3602,.T.);
#4962=ORIENTED_EDGE('',*,*,#3604,.F.);
#4963=ORIENTED_EDGE('',*,*,#3605,.F.);
#4964=ORIENTED_EDGE('',*,*,#3606,.F.);
#4965=ORIENTED_EDGE('',*,*,#3605,.T.);
#4966=ORIENTED_EDGE('',*,*,#3607,.F.);
#4967=ORIENTED_EDGE('',*,*,#3608,.F.);
#4968=ORIENTED_EDGE('',*,*,#3609,.F.);
#4969=ORIENTED_EDGE('',*,*,#3608,.T.);
#4970=ORIENTED_EDGE('',*,*,#3610,.F.);
#4971=ORIENTED_EDGE('',*,*,#3574,.F.);
#4972=ORIENTED_EDGE('',*,*,#3610,.T.);
#4973=ORIENTED_EDGE('',*,*,#3607,.T.);
#4974=ORIENTED_EDGE('',*,*,#3604,.T.);
#4975=ORIENTED_EDGE('',*,*,#3601,.T.);
#4976=ORIENTED_EDGE('',*,*,#3598,.T.);
#4977=ORIENTED_EDGE('',*,*,#3595,.T.);
#4978=ORIENTED_EDGE('',*,*,#3592,.T.);
#4979=ORIENTED_EDGE('',*,*,#3589,.T.);
#4980=ORIENTED_EDGE('',*,*,#3586,.T.);
#4981=ORIENTED_EDGE('',*,*,#3583,.T.);
#4982=ORIENTED_EDGE('',*,*,#3580,.T.);
#4983=ORIENTED_EDGE('',*,*,#3577,.T.);
#4984=ORIENTED_EDGE('',*,*,#3541,.T.);
#4985=ORIENTED_EDGE('',*,*,#3545,.T.);
#4986=ORIENTED_EDGE('',*,*,#3548,.T.);
#4987=ORIENTED_EDGE('',*,*,#3551,.T.);
#4988=ORIENTED_EDGE('',*,*,#3554,.T.);
#4989=ORIENTED_EDGE('',*,*,#3557,.T.);
#4990=ORIENTED_EDGE('',*,*,#3560,.T.);
#4991=ORIENTED_EDGE('',*,*,#3563,.T.);
#4992=ORIENTED_EDGE('',*,*,#3566,.T.);
#4993=ORIENTED_EDGE('',*,*,#3569,.T.);
#4994=ORIENTED_EDGE('',*,*,#3572,.T.);
#4995=ORIENTED_EDGE('',*,*,#3575,.T.);
#4996=ORIENTED_EDGE('',*,*,#3611,.F.);
#4997=ORIENTED_EDGE('',*,*,#3612,.T.);
#4998=ORIENTED_EDGE('',*,*,#3613,.F.);
#4999=ORIENTED_EDGE('',*,*,#3614,.F.);
#5000=ORIENTED_EDGE('',*,*,#3615,.F.);
#5001=ORIENTED_EDGE('',*,*,#3616,.T.);
#5002=ORIENTED_EDGE('',*,*,#3617,.F.);
#5003=ORIENTED_EDGE('',*,*,#3612,.F.);
#5004=ORIENTED_EDGE('',*,*,#3618,.F.);
#5005=ORIENTED_EDGE('',*,*,#3614,.T.);
#5006=ORIENTED_EDGE('',*,*,#3619,.F.);
#5007=ORIENTED_EDGE('',*,*,#3620,.F.);
#5008=ORIENTED_EDGE('',*,*,#3621,.F.);
#5009=ORIENTED_EDGE('',*,*,#3620,.T.);
#5010=ORIENTED_EDGE('',*,*,#3622,.F.);
#5011=ORIENTED_EDGE('',*,*,#3616,.F.);
#5012=ORIENTED_EDGE('',*,*,#3622,.T.);
#5013=ORIENTED_EDGE('',*,*,#3619,.T.);
#5014=ORIENTED_EDGE('',*,*,#3613,.T.);
#5015=ORIENTED_EDGE('',*,*,#3617,.T.);
#5016=ORIENTED_EDGE('',*,*,#3623,.F.);
#5017=ORIENTED_EDGE('',*,*,#3624,.T.);
#5018=ORIENTED_EDGE('',*,*,#3625,.F.);
#5019=ORIENTED_EDGE('',*,*,#3626,.F.);
#5020=ORIENTED_EDGE('',*,*,#3627,.F.);
#5021=ORIENTED_EDGE('',*,*,#3628,.T.);
#5022=ORIENTED_EDGE('',*,*,#3629,.F.);
#5023=ORIENTED_EDGE('',*,*,#3624,.F.);
#5024=ORIENTED_EDGE('',*,*,#3630,.F.);
#5025=ORIENTED_EDGE('',*,*,#3631,.T.);
#5026=ORIENTED_EDGE('',*,*,#3632,.F.);
#5027=ORIENTED_EDGE('',*,*,#3628,.F.);
#5028=ORIENTED_EDGE('',*,*,#3633,.F.);
#5029=ORIENTED_EDGE('',*,*,#3634,.T.);
#5030=ORIENTED_EDGE('',*,*,#3635,.F.);
#5031=ORIENTED_EDGE('',*,*,#3631,.F.);
#5032=ORIENTED_EDGE('',*,*,#3636,.F.);
#5033=ORIENTED_EDGE('',*,*,#3637,.T.);
#5034=ORIENTED_EDGE('',*,*,#3638,.F.);
#5035=ORIENTED_EDGE('',*,*,#3634,.F.);
#5036=ORIENTED_EDGE('',*,*,#3639,.F.);
#5037=ORIENTED_EDGE('',*,*,#3626,.T.);
#5038=ORIENTED_EDGE('',*,*,#3640,.F.);
#5039=ORIENTED_EDGE('',*,*,#3641,.F.);
#5040=ORIENTED_EDGE('',*,*,#3642,.F.);
#5041=ORIENTED_EDGE('',*,*,#3641,.T.);
#5042=ORIENTED_EDGE('',*,*,#3643,.F.);
#5043=ORIENTED_EDGE('',*,*,#3644,.F.);
#5044=ORIENTED_EDGE('',*,*,#3645,.F.);
#5045=ORIENTED_EDGE('',*,*,#3644,.T.);
#5046=ORIENTED_EDGE('',*,*,#3646,.F.);
#5047=ORIENTED_EDGE('',*,*,#3647,.F.);
#5048=ORIENTED_EDGE('',*,*,#3648,.F.);
#5049=ORIENTED_EDGE('',*,*,#3647,.T.);
#5050=ORIENTED_EDGE('',*,*,#3649,.F.);
#5051=ORIENTED_EDGE('',*,*,#3650,.F.);
#5052=ORIENTED_EDGE('',*,*,#3651,.F.);
#5053=ORIENTED_EDGE('',*,*,#3650,.T.);
#5054=ORIENTED_EDGE('',*,*,#3652,.F.);
#5055=ORIENTED_EDGE('',*,*,#3637,.F.);
#5056=ORIENTED_EDGE('',*,*,#3652,.T.);
#5057=ORIENTED_EDGE('',*,*,#3649,.T.);
#5058=ORIENTED_EDGE('',*,*,#3646,.T.);
#5059=ORIENTED_EDGE('',*,*,#3643,.T.);
#5060=ORIENTED_EDGE('',*,*,#3640,.T.);
#5061=ORIENTED_EDGE('',*,*,#3625,.T.);
#5062=ORIENTED_EDGE('',*,*,#3629,.T.);
#5063=ORIENTED_EDGE('',*,*,#3632,.T.);
#5064=ORIENTED_EDGE('',*,*,#3635,.T.);
#5065=ORIENTED_EDGE('',*,*,#3638,.T.);
#5066=ORIENTED_EDGE('',*,*,#3653,.F.);
#5067=ORIENTED_EDGE('',*,*,#3654,.T.);
#5068=ORIENTED_EDGE('',*,*,#3655,.F.);
#5069=ORIENTED_EDGE('',*,*,#3656,.F.);
#5070=ORIENTED_EDGE('',*,*,#3657,.F.);
#5071=ORIENTED_EDGE('',*,*,#3658,.T.);
#5072=ORIENTED_EDGE('',*,*,#3659,.F.);
#5073=ORIENTED_EDGE('',*,*,#3654,.F.);
#5074=ORIENTED_EDGE('',*,*,#3660,.F.);
#5075=ORIENTED_EDGE('',*,*,#3661,.T.);
#5076=ORIENTED_EDGE('',*,*,#3662,.F.);
#5077=ORIENTED_EDGE('',*,*,#3658,.F.);
#5078=ORIENTED_EDGE('',*,*,#3663,.F.);
#5079=ORIENTED_EDGE('',*,*,#3664,.T.);
#5080=ORIENTED_EDGE('',*,*,#3665,.F.);
#5081=ORIENTED_EDGE('',*,*,#3661,.F.);
#5082=ORIENTED_EDGE('',*,*,#3666,.F.);
#5083=ORIENTED_EDGE('',*,*,#3667,.T.);
#5084=ORIENTED_EDGE('',*,*,#3668,.F.);
#5085=ORIENTED_EDGE('',*,*,#3664,.F.);
#5086=ORIENTED_EDGE('',*,*,#3669,.F.);
#5087=ORIENTED_EDGE('',*,*,#3670,.T.);
#5088=ORIENTED_EDGE('',*,*,#3671,.F.);
#5089=ORIENTED_EDGE('',*,*,#3667,.F.);
#5090=ORIENTED_EDGE('',*,*,#3672,.F.);
#5091=ORIENTED_EDGE('',*,*,#3673,.T.);
#5092=ORIENTED_EDGE('',*,*,#3674,.F.);
#5093=ORIENTED_EDGE('',*,*,#3675,.F.);
#5094=ORIENTED_EDGE('',*,*,#3676,.F.);
#5095=ORIENTED_EDGE('',*,*,#3677,.T.);
#5096=ORIENTED_EDGE('',*,*,#3678,.F.);
#5097=ORIENTED_EDGE('',*,*,#3673,.F.);
#5098=ORIENTED_EDGE('',*,*,#3679,.F.);
#5099=ORIENTED_EDGE('',*,*,#3680,.T.);
#5100=ORIENTED_EDGE('',*,*,#3681,.F.);
#5101=ORIENTED_EDGE('',*,*,#3677,.F.);
#5102=ORIENTED_EDGE('',*,*,#3682,.F.);
#5103=ORIENTED_EDGE('',*,*,#3683,.T.);
#5104=ORIENTED_EDGE('',*,*,#3684,.F.);
#5105=ORIENTED_EDGE('',*,*,#3680,.F.);
#5106=ORIENTED_EDGE('',*,*,#3685,.F.);
#5107=ORIENTED_EDGE('',*,*,#3686,.T.);
#5108=ORIENTED_EDGE('',*,*,#3687,.F.);
#5109=ORIENTED_EDGE('',*,*,#3683,.F.);
#5110=ORIENTED_EDGE('',*,*,#3688,.F.);
#5111=ORIENTED_EDGE('',*,*,#3689,.T.);
#5112=ORIENTED_EDGE('',*,*,#3690,.F.);
#5113=ORIENTED_EDGE('',*,*,#3686,.F.);
#5114=ORIENTED_EDGE('',*,*,#3691,.F.);
#5115=ORIENTED_EDGE('',*,*,#3656,.T.);
#5116=ORIENTED_EDGE('',*,*,#3692,.F.);
#5117=ORIENTED_EDGE('',*,*,#3693,.F.);
#5118=ORIENTED_EDGE('',*,*,#3694,.F.);
#5119=ORIENTED_EDGE('',*,*,#3693,.T.);
#5120=ORIENTED_EDGE('',*,*,#3695,.F.);
#5121=ORIENTED_EDGE('',*,*,#3696,.F.);
#5122=ORIENTED_EDGE('',*,*,#3697,.F.);
#5123=ORIENTED_EDGE('',*,*,#3696,.T.);
#5124=ORIENTED_EDGE('',*,*,#3698,.F.);
#5125=ORIENTED_EDGE('',*,*,#3699,.F.);
#5126=ORIENTED_EDGE('',*,*,#3700,.F.);
#5127=ORIENTED_EDGE('',*,*,#3699,.T.);
#5128=ORIENTED_EDGE('',*,*,#3701,.F.);
#5129=ORIENTED_EDGE('',*,*,#3702,.F.);
#5130=ORIENTED_EDGE('',*,*,#3703,.F.);
#5131=ORIENTED_EDGE('',*,*,#3702,.T.);
#5132=ORIENTED_EDGE('',*,*,#3704,.F.);
#5133=ORIENTED_EDGE('',*,*,#3670,.F.);
#5134=ORIENTED_EDGE('',*,*,#3705,.F.);
#5135=ORIENTED_EDGE('',*,*,#3675,.T.);
#5136=ORIENTED_EDGE('',*,*,#3706,.F.);
#5137=ORIENTED_EDGE('',*,*,#3707,.F.);
#5138=ORIENTED_EDGE('',*,*,#3708,.F.);
#5139=ORIENTED_EDGE('',*,*,#3707,.T.);
#5140=ORIENTED_EDGE('',*,*,#3709,.F.);
#5141=ORIENTED_EDGE('',*,*,#3710,.F.);
#5142=ORIENTED_EDGE('',*,*,#3711,.F.);
#5143=ORIENTED_EDGE('',*,*,#3710,.T.);
#5144=ORIENTED_EDGE('',*,*,#3712,.F.);
#5145=ORIENTED_EDGE('',*,*,#3713,.F.);
#5146=ORIENTED_EDGE('',*,*,#3714,.F.);
#5147=ORIENTED_EDGE('',*,*,#3713,.T.);
#5148=ORIENTED_EDGE('',*,*,#3715,.F.);
#5149=ORIENTED_EDGE('',*,*,#3716,.F.);
#5150=ORIENTED_EDGE('',*,*,#3717,.F.);
#5151=ORIENTED_EDGE('',*,*,#3716,.T.);
#5152=ORIENTED_EDGE('',*,*,#3718,.F.);
#5153=ORIENTED_EDGE('',*,*,#3689,.F.);
#5154=ORIENTED_EDGE('',*,*,#3718,.T.);
#5155=ORIENTED_EDGE('',*,*,#3715,.T.);
#5156=ORIENTED_EDGE('',*,*,#3712,.T.);
#5157=ORIENTED_EDGE('',*,*,#3709,.T.);
#5158=ORIENTED_EDGE('',*,*,#3706,.T.);
#5159=ORIENTED_EDGE('',*,*,#3674,.T.);
#5160=ORIENTED_EDGE('',*,*,#3678,.T.);
#5161=ORIENTED_EDGE('',*,*,#3681,.T.);
#5162=ORIENTED_EDGE('',*,*,#3684,.T.);
#5163=ORIENTED_EDGE('',*,*,#3687,.T.);
#5164=ORIENTED_EDGE('',*,*,#3690,.T.);
#5165=ORIENTED_EDGE('',*,*,#3704,.T.);
#5166=ORIENTED_EDGE('',*,*,#3701,.T.);
#5167=ORIENTED_EDGE('',*,*,#3698,.T.);
#5168=ORIENTED_EDGE('',*,*,#3695,.T.);
#5169=ORIENTED_EDGE('',*,*,#3692,.T.);
#5170=ORIENTED_EDGE('',*,*,#3655,.T.);
#5171=ORIENTED_EDGE('',*,*,#3659,.T.);
#5172=ORIENTED_EDGE('',*,*,#3662,.T.);
#5173=ORIENTED_EDGE('',*,*,#3665,.T.);
#5174=ORIENTED_EDGE('',*,*,#3668,.T.);
#5175=ORIENTED_EDGE('',*,*,#3671,.T.);
#5176=ORIENTED_EDGE('',*,*,#3489,.T.);
#5177=ORIENTED_EDGE('',*,*,#3483,.T.);
#5178=ORIENTED_EDGE('',*,*,#3479,.T.);
#5179=ORIENTED_EDGE('',*,*,#3486,.T.);
#5180=ORIENTED_EDGE('',*,*,#3519,.T.);
#5181=ORIENTED_EDGE('',*,*,#3516,.T.);
#5182=ORIENTED_EDGE('',*,*,#3513,.T.);
#5183=ORIENTED_EDGE('',*,*,#3510,.T.);
#5184=ORIENTED_EDGE('',*,*,#3507,.T.);
#5185=ORIENTED_EDGE('',*,*,#3503,.T.);
#5186=ORIENTED_EDGE('',*,*,#3522,.T.);
#5187=ORIENTED_EDGE('',*,*,#3525,.T.);
#5188=ORIENTED_EDGE('',*,*,#3528,.T.);
#5189=ORIENTED_EDGE('',*,*,#3531,.T.);
#5190=ORIENTED_EDGE('',*,*,#3534,.T.);
#5191=ORIENTED_EDGE('',*,*,#3537,.T.);
#5192=ORIENTED_EDGE('',*,*,#3573,.T.);
#5193=ORIENTED_EDGE('',*,*,#3570,.T.);
#5194=ORIENTED_EDGE('',*,*,#3567,.T.);
#5195=ORIENTED_EDGE('',*,*,#3564,.T.);
#5196=ORIENTED_EDGE('',*,*,#3561,.T.);
#5197=ORIENTED_EDGE('',*,*,#3558,.T.);
#5198=ORIENTED_EDGE('',*,*,#3555,.T.);
#5199=ORIENTED_EDGE('',*,*,#3552,.T.);
#5200=ORIENTED_EDGE('',*,*,#3549,.T.);
#5201=ORIENTED_EDGE('',*,*,#3546,.T.);
#5202=ORIENTED_EDGE('',*,*,#3543,.T.);
#5203=ORIENTED_EDGE('',*,*,#3539,.T.);
#5204=ORIENTED_EDGE('',*,*,#3576,.T.);
#5205=ORIENTED_EDGE('',*,*,#3579,.T.);
#5206=ORIENTED_EDGE('',*,*,#3582,.T.);
#5207=ORIENTED_EDGE('',*,*,#3585,.T.);
#5208=ORIENTED_EDGE('',*,*,#3588,.T.);
#5209=ORIENTED_EDGE('',*,*,#3591,.T.);
#5210=ORIENTED_EDGE('',*,*,#3594,.T.);
#5211=ORIENTED_EDGE('',*,*,#3597,.T.);
#5212=ORIENTED_EDGE('',*,*,#3600,.T.);
#5213=ORIENTED_EDGE('',*,*,#3603,.T.);
#5214=ORIENTED_EDGE('',*,*,#3606,.T.);
#5215=ORIENTED_EDGE('',*,*,#3609,.T.);
#5216=ORIENTED_EDGE('',*,*,#3615,.T.);
#5217=ORIENTED_EDGE('',*,*,#3611,.T.);
#5218=ORIENTED_EDGE('',*,*,#3618,.T.);
#5219=ORIENTED_EDGE('',*,*,#3621,.T.);
#5220=ORIENTED_EDGE('',*,*,#3636,.T.);
#5221=ORIENTED_EDGE('',*,*,#3633,.T.);
#5222=ORIENTED_EDGE('',*,*,#3630,.T.);
#5223=ORIENTED_EDGE('',*,*,#3627,.T.);
#5224=ORIENTED_EDGE('',*,*,#3623,.T.);
#5225=ORIENTED_EDGE('',*,*,#3639,.T.);
#5226=ORIENTED_EDGE('',*,*,#3642,.T.);
#5227=ORIENTED_EDGE('',*,*,#3645,.T.);
#5228=ORIENTED_EDGE('',*,*,#3648,.T.);
#5229=ORIENTED_EDGE('',*,*,#3651,.T.);
#5230=ORIENTED_EDGE('',*,*,#3719,.T.);
#5231=ORIENTED_EDGE('',*,*,#3720,.T.);
#5232=ORIENTED_EDGE('',*,*,#3721,.T.);
#5233=ORIENTED_EDGE('',*,*,#3722,.T.);
#5234=ORIENTED_EDGE('',*,*,#3723,.T.);
#5235=ORIENTED_EDGE('',*,*,#3724,.T.);
#5236=ORIENTED_EDGE('',*,*,#3725,.T.);
#5237=ORIENTED_EDGE('',*,*,#3726,.T.);
#5238=ORIENTED_EDGE('',*,*,#3727,.T.);
#5239=ORIENTED_EDGE('',*,*,#3728,.T.);
#5240=ORIENTED_EDGE('',*,*,#3729,.T.);
#5241=ORIENTED_EDGE('',*,*,#3730,.T.);
#5242=ORIENTED_EDGE('',*,*,#3731,.T.);
#5243=ORIENTED_EDGE('',*,*,#3732,.T.);
#5244=ORIENTED_EDGE('',*,*,#3733,.T.);
#5245=ORIENTED_EDGE('',*,*,#3734,.T.);
#5246=ORIENTED_EDGE('',*,*,#3735,.T.);
#5247=ORIENTED_EDGE('',*,*,#3736,.T.);
#5248=ORIENTED_EDGE('',*,*,#3737,.T.);
#5249=ORIENTED_EDGE('',*,*,#3738,.T.);
#5250=ORIENTED_EDGE('',*,*,#3688,.T.);
#5251=ORIENTED_EDGE('',*,*,#3685,.T.);
#5252=ORIENTED_EDGE('',*,*,#3682,.T.);
#5253=ORIENTED_EDGE('',*,*,#3679,.T.);
#5254=ORIENTED_EDGE('',*,*,#3676,.T.);
#5255=ORIENTED_EDGE('',*,*,#3672,.T.);
#5256=ORIENTED_EDGE('',*,*,#3705,.T.);
#5257=ORIENTED_EDGE('',*,*,#3708,.T.);
#5258=ORIENTED_EDGE('',*,*,#3711,.T.);
#5259=ORIENTED_EDGE('',*,*,#3714,.T.);
#5260=ORIENTED_EDGE('',*,*,#3717,.T.);
#5261=ORIENTED_EDGE('',*,*,#3739,.F.);
#5262=ORIENTED_EDGE('',*,*,#3740,.T.);
#5263=ORIENTED_EDGE('',*,*,#3741,.F.);
#5264=ORIENTED_EDGE('',*,*,#3742,.F.);
#5265=ORIENTED_EDGE('',*,*,#3743,.F.);
#5266=ORIENTED_EDGE('',*,*,#3744,.T.);
#5267=ORIENTED_EDGE('',*,*,#3745,.F.);
#5268=ORIENTED_EDGE('',*,*,#3740,.F.);
#5269=ORIENTED_EDGE('',*,*,#3722,.F.);
#5270=ORIENTED_EDGE('',*,*,#3746,.T.);
#5271=ORIENTED_EDGE('',*,*,#3747,.F.);
#5272=ORIENTED_EDGE('',*,*,#3748,.F.);
#5273=ORIENTED_EDGE('',*,*,#3721,.F.);
#5274=ORIENTED_EDGE('',*,*,#3749,.T.);
#5275=ORIENTED_EDGE('',*,*,#3750,.F.);
#5276=ORIENTED_EDGE('',*,*,#3746,.F.);
#5277=ORIENTED_EDGE('',*,*,#3720,.F.);
#5278=ORIENTED_EDGE('',*,*,#3751,.T.);
#5279=ORIENTED_EDGE('',*,*,#3752,.F.);
#5280=ORIENTED_EDGE('',*,*,#3749,.F.);
#5281=ORIENTED_EDGE('',*,*,#3719,.F.);
#5282=ORIENTED_EDGE('',*,*,#3753,.T.);
#5283=ORIENTED_EDGE('',*,*,#3754,.F.);
#5284=ORIENTED_EDGE('',*,*,#3751,.F.);
#5285=ORIENTED_EDGE('',*,*,#3755,.F.);
#5286=ORIENTED_EDGE('',*,*,#3742,.T.);
#5287=ORIENTED_EDGE('',*,*,#3756,.F.);
#5288=ORIENTED_EDGE('',*,*,#3744,.F.);
#5289=ORIENTED_EDGE('',*,*,#3723,.F.);
#5290=ORIENTED_EDGE('',*,*,#3748,.T.);
#5291=ORIENTED_EDGE('',*,*,#3757,.F.);
#5292=ORIENTED_EDGE('',*,*,#3758,.F.);
#5293=ORIENTED_EDGE('',*,*,#3724,.F.);
#5294=ORIENTED_EDGE('',*,*,#3758,.T.);
#5295=ORIENTED_EDGE('',*,*,#3759,.F.);
#5296=ORIENTED_EDGE('',*,*,#3760,.F.);
#5297=ORIENTED_EDGE('',*,*,#3725,.F.);
#5298=ORIENTED_EDGE('',*,*,#3760,.T.);
#5299=ORIENTED_EDGE('',*,*,#3761,.F.);
#5300=ORIENTED_EDGE('',*,*,#3762,.F.);
#5301=ORIENTED_EDGE('',*,*,#3726,.F.);
#5302=ORIENTED_EDGE('',*,*,#3762,.T.);
#5303=ORIENTED_EDGE('',*,*,#3763,.F.);
#5304=ORIENTED_EDGE('',*,*,#3753,.F.);
#5305=ORIENTED_EDGE('',*,*,#3763,.T.);
#5306=ORIENTED_EDGE('',*,*,#3761,.T.);
#5307=ORIENTED_EDGE('',*,*,#3759,.T.);
#5308=ORIENTED_EDGE('',*,*,#3757,.T.);
#5309=ORIENTED_EDGE('',*,*,#3747,.T.);
#5310=ORIENTED_EDGE('',*,*,#3750,.T.);
#5311=ORIENTED_EDGE('',*,*,#3752,.T.);
#5312=ORIENTED_EDGE('',*,*,#3754,.T.);
#5313=ORIENTED_EDGE('',*,*,#3756,.T.);
#5314=ORIENTED_EDGE('',*,*,#3741,.T.);
#5315=ORIENTED_EDGE('',*,*,#3745,.T.);
#5316=ORIENTED_EDGE('',*,*,#3669,.T.);
#5317=ORIENTED_EDGE('',*,*,#3666,.T.);
#5318=ORIENTED_EDGE('',*,*,#3663,.T.);
#5319=ORIENTED_EDGE('',*,*,#3660,.T.);
#5320=ORIENTED_EDGE('',*,*,#3657,.T.);
#5321=ORIENTED_EDGE('',*,*,#3653,.T.);
#5322=ORIENTED_EDGE('',*,*,#3691,.T.);
#5323=ORIENTED_EDGE('',*,*,#3694,.T.);
#5324=ORIENTED_EDGE('',*,*,#3697,.T.);
#5325=ORIENTED_EDGE('',*,*,#3700,.T.);
#5326=ORIENTED_EDGE('',*,*,#3703,.T.);
#5327=ORIENTED_EDGE('',*,*,#3732,.F.);
#5328=ORIENTED_EDGE('',*,*,#3764,.T.);
#5329=ORIENTED_EDGE('',*,*,#3765,.F.);
#5330=ORIENTED_EDGE('',*,*,#3766,.F.);
#5331=ORIENTED_EDGE('',*,*,#3731,.F.);
#5332=ORIENTED_EDGE('',*,*,#3767,.T.);
#5333=ORIENTED_EDGE('',*,*,#3768,.F.);
#5334=ORIENTED_EDGE('',*,*,#3764,.F.);
#5335=ORIENTED_EDGE('',*,*,#3730,.F.);
#5336=ORIENTED_EDGE('',*,*,#3769,.T.);
#5337=ORIENTED_EDGE('',*,*,#3770,.F.);
#5338=ORIENTED_EDGE('',*,*,#3767,.F.);
#5339=ORIENTED_EDGE('',*,*,#3729,.F.);
#5340=ORIENTED_EDGE('',*,*,#3771,.T.);
#5341=ORIENTED_EDGE('',*,*,#3772,.F.);
#5342=ORIENTED_EDGE('',*,*,#3769,.F.);
#5343=ORIENTED_EDGE('',*,*,#3728,.F.);
#5344=ORIENTED_EDGE('',*,*,#3773,.T.);
#5345=ORIENTED_EDGE('',*,*,#3774,.F.);
#5346=ORIENTED_EDGE('',*,*,#3771,.F.);
#5347=ORIENTED_EDGE('',*,*,#3727,.F.);
#5348=ORIENTED_EDGE('',*,*,#3775,.T.);
#5349=ORIENTED_EDGE('',*,*,#3776,.F.);
#5350=ORIENTED_EDGE('',*,*,#3773,.F.);
#5351=ORIENTED_EDGE('',*,*,#3733,.F.);
#5352=ORIENTED_EDGE('',*,*,#3766,.T.);
#5353=ORIENTED_EDGE('',*,*,#3777,.F.);
#5354=ORIENTED_EDGE('',*,*,#3778,.F.);
#5355=ORIENTED_EDGE('',*,*,#3734,.F.);
#5356=ORIENTED_EDGE('',*,*,#3778,.T.);
#5357=ORIENTED_EDGE('',*,*,#3779,.F.);
#5358=ORIENTED_EDGE('',*,*,#3780,.F.);
#5359=ORIENTED_EDGE('',*,*,#3735,.F.);
#5360=ORIENTED_EDGE('',*,*,#3780,.T.);
#5361=ORIENTED_EDGE('',*,*,#3781,.F.);
#5362=ORIENTED_EDGE('',*,*,#3782,.F.);
#5363=ORIENTED_EDGE('',*,*,#3736,.F.);
#5364=ORIENTED_EDGE('',*,*,#3782,.T.);
#5365=ORIENTED_EDGE('',*,*,#3783,.F.);
#5366=ORIENTED_EDGE('',*,*,#3784,.F.);
#5367=ORIENTED_EDGE('',*,*,#3737,.F.);
#5368=ORIENTED_EDGE('',*,*,#3784,.T.);
#5369=ORIENTED_EDGE('',*,*,#3785,.F.);
#5370=ORIENTED_EDGE('',*,*,#3786,.F.);
#5371=ORIENTED_EDGE('',*,*,#3738,.F.);
#5372=ORIENTED_EDGE('',*,*,#3786,.T.);
#5373=ORIENTED_EDGE('',*,*,#3787,.F.);
#5374=ORIENTED_EDGE('',*,*,#3775,.F.);
#5375=ORIENTED_EDGE('',*,*,#3787,.T.);
#5376=ORIENTED_EDGE('',*,*,#3785,.T.);
#5377=ORIENTED_EDGE('',*,*,#3783,.T.);
#5378=ORIENTED_EDGE('',*,*,#3781,.T.);
#5379=ORIENTED_EDGE('',*,*,#3779,.T.);
#5380=ORIENTED_EDGE('',*,*,#3777,.T.);
#5381=ORIENTED_EDGE('',*,*,#3765,.T.);
#5382=ORIENTED_EDGE('',*,*,#3768,.T.);
#5383=ORIENTED_EDGE('',*,*,#3770,.T.);
#5384=ORIENTED_EDGE('',*,*,#3772,.T.);
#5385=ORIENTED_EDGE('',*,*,#3774,.T.);
#5386=ORIENTED_EDGE('',*,*,#3776,.T.);
#5387=ORIENTED_EDGE('',*,*,#3743,.T.);
#5388=ORIENTED_EDGE('',*,*,#3739,.T.);
#5389=ORIENTED_EDGE('',*,*,#3755,.T.);
#5390=ORIENTED_EDGE('',*,*,#3501,.T.);
#5391=ORIENTED_EDGE('',*,*,#3491,.T.);
#5392=ORIENTED_EDGE('',*,*,#3495,.T.);
#5393=ORIENTED_EDGE('',*,*,#3498,.T.);
#5394=CONICAL_SURFACE('',#5715,2.425,0.785398163397448);
#5395=CONICAL_SURFACE('',#5720,2.425,0.785398163397448);
#5396=CONICAL_SURFACE('',#5725,2.425,0.785398163397448);
#5397=CONICAL_SURFACE('',#5730,2.425,0.785398163397448);
#5398=ADVANCED_FACE('',(#550),#5394,.F.);
#5399=ADVANCED_FACE('',(#551),#525,.F.);
#5400=ADVANCED_FACE('',(#552),#5395,.F.);
#5401=ADVANCED_FACE('',(#553),#526,.F.);
#5402=ADVANCED_FACE('',(#554),#5396,.F.);
#5403=ADVANCED_FACE('',(#555),#527,.F.);
#5404=ADVANCED_FACE('',(#556),#5397,.F.);
#5405=ADVANCED_FACE('',(#557),#528,.F.);
#5406=ADVANCED_FACE('',(#558),#529,.T.);
#5407=ADVANCED_FACE('',(#559),#333,.T.);
#5408=ADVANCED_FACE('',(#560,#268,#269,#270,#271,#272,#273,#274,#275,#276,
#277,#278,#279,#280,#281,#282,#283,#284,#285,#286,#287,#288),#334,.F.);
#5409=ADVANCED_FACE('',(#561),#530,.T.);
#5410=ADVANCED_FACE('',(#562),#335,.T.);
#5411=ADVANCED_FACE('',(#563),#531,.T.);
#5412=ADVANCED_FACE('',(#564),#336,.T.);
#5413=ADVANCED_FACE('',(#565),#532,.T.);
#5414=ADVANCED_FACE('',(#566),#533,.F.);
#5415=ADVANCED_FACE('',(#567),#534,.F.);
#5416=ADVANCED_FACE('',(#568),#535,.F.);
#5417=ADVANCED_FACE('',(#569),#536,.F.);
#5418=ADVANCED_FACE('',(#570),#537,.F.);
#5419=ADVANCED_FACE('',(#571),#538,.F.);
#5420=ADVANCED_FACE('',(#572),#539,.F.);
#5421=ADVANCED_FACE('',(#573),#540,.F.);
#5422=ADVANCED_FACE('',(#574),#541,.F.);
#5423=ADVANCED_FACE('',(#575),#542,.F.);
#5424=ADVANCED_FACE('',(#576),#543,.F.);
#5425=ADVANCED_FACE('',(#577),#544,.F.);
#5426=ADVANCED_FACE('',(#578),#545,.F.);
#5427=ADVANCED_FACE('',(#579),#546,.F.);
#5428=ADVANCED_FACE('',(#580),#547,.F.);
#5429=ADVANCED_FACE('',(#581),#548,.F.);
#5430=ADVANCED_FACE('',(#582),#549,.F.);
#5431=ADVANCED_FACE('',(#583),#337,.T.);
#5432=ADVANCED_FACE('',(#584,#289,#290,#291,#292,#293,#294,#295,#296,#297,
#298,#299,#300,#301,#302,#303,#304,#305,#306,#307,#308,#309),#338,.T.);
#5433=ADVANCED_FACE('',(#585),#339,.T.);
#5434=ADVANCED_FACE('',(#586),#340,.T.);
#5435=ADVANCED_FACE('',(#587),#341,.T.);
#5436=ADVANCED_FACE('',(#588),#342,.T.);
#5437=ADVANCED_FACE('',(#589),#343,.T.);
#5438=ADVANCED_FACE('',(#590),#344,.T.);
#5439=ADVANCED_FACE('',(#591),#345,.T.);
#5440=ADVANCED_FACE('',(#592),#346,.T.);
#5441=ADVANCED_FACE('',(#593),#347,.T.);
#5442=ADVANCED_FACE('',(#594),#348,.T.);
#5443=ADVANCED_FACE('',(#595),#349,.T.);
#5444=ADVANCED_FACE('',(#596,#310),#350,.T.);
#5445=ADVANCED_FACE('',(#597,#311,#312,#313,#314),#351,.T.);
#5446=ADVANCED_FACE('',(#598),#13,.T.);
#5447=ADVANCED_FACE('',(#599),#14,.T.);
#5448=ADVANCED_FACE('',(#600),#15,.T.);
#5449=ADVANCED_FACE('',(#601),#16,.T.);
#5450=ADVANCED_FACE('',(#602),#17,.T.);
#5451=ADVANCED_FACE('',(#603),#18,.T.);
#5452=ADVANCED_FACE('',(#604),#19,.T.);
#5453=ADVANCED_FACE('',(#605),#20,.T.);
#5454=ADVANCED_FACE('',(#606),#352,.T.);
#5455=ADVANCED_FACE('',(#607),#353,.T.);
#5456=ADVANCED_FACE('',(#608),#21,.T.);
#5457=ADVANCED_FACE('',(#609),#22,.T.);
#5458=ADVANCED_FACE('',(#610),#23,.T.);
#5459=ADVANCED_FACE('',(#611),#24,.T.);
#5460=ADVANCED_FACE('',(#612),#25,.T.);
#5461=ADVANCED_FACE('',(#613),#26,.T.);
#5462=ADVANCED_FACE('',(#614),#27,.T.);
#5463=ADVANCED_FACE('',(#615),#28,.T.);
#5464=ADVANCED_FACE('',(#616),#354,.T.);
#5465=ADVANCED_FACE('',(#617),#355,.T.);
#5466=ADVANCED_FACE('',(#618),#356,.T.);
#5467=ADVANCED_FACE('',(#619),#357,.T.);
#5468=ADVANCED_FACE('',(#620),#358,.T.);
#5469=ADVANCED_FACE('',(#621),#359,.T.);
#5470=ADVANCED_FACE('',(#622),#360,.T.);
#5471=ADVANCED_FACE('',(#623),#361,.T.);
#5472=ADVANCED_FACE('',(#624),#362,.T.);
#5473=ADVANCED_FACE('',(#625),#363,.T.);
#5474=ADVANCED_FACE('',(#626),#364,.T.);
#5475=ADVANCED_FACE('',(#627),#365,.T.);
#5476=ADVANCED_FACE('',(#628),#366,.T.);
#5477=ADVANCED_FACE('',(#629),#367,.T.);
#5478=ADVANCED_FACE('',(#630),#368,.T.);
#5479=ADVANCED_FACE('',(#631),#369,.T.);
#5480=ADVANCED_FACE('',(#632),#370,.T.);
#5481=ADVANCED_FACE('',(#633),#371,.T.);
#5482=ADVANCED_FACE('',(#634),#372,.T.);
#5483=ADVANCED_FACE('',(#635),#373,.T.);
#5484=ADVANCED_FACE('',(#636),#374,.T.);
#5485=ADVANCED_FACE('',(#637),#375,.T.);
#5486=ADVANCED_FACE('',(#638),#376,.T.);
#5487=ADVANCED_FACE('',(#639),#377,.T.);
#5488=ADVANCED_FACE('',(#640),#378,.T.);
#5489=ADVANCED_FACE('',(#641),#379,.T.);
#5490=ADVANCED_FACE('',(#642),#380,.T.);
#5491=ADVANCED_FACE('',(#643),#381,.T.);
#5492=ADVANCED_FACE('',(#644),#382,.T.);
#5493=ADVANCED_FACE('',(#645),#383,.T.);
#5494=ADVANCED_FACE('',(#646),#384,.T.);
#5495=ADVANCED_FACE('',(#647),#385,.T.);
#5496=ADVANCED_FACE('',(#648),#386,.T.);
#5497=ADVANCED_FACE('',(#649),#387,.T.);
#5498=ADVANCED_FACE('',(#650),#388,.T.);
#5499=ADVANCED_FACE('',(#651),#389,.T.);
#5500=ADVANCED_FACE('',(#652,#315),#390,.T.);
#5501=ADVANCED_FACE('',(#653),#391,.T.);
#5502=ADVANCED_FACE('',(#654),#392,.F.);
#5503=ADVANCED_FACE('',(#655),#393,.T.);
#5504=ADVANCED_FACE('',(#656),#394,.T.);
#5505=ADVANCED_FACE('',(#657),#395,.T.);
#5506=ADVANCED_FACE('',(#658),#396,.T.);
#5507=ADVANCED_FACE('',(#659),#397,.T.);
#5508=ADVANCED_FACE('',(#660),#398,.T.);
#5509=ADVANCED_FACE('',(#661),#399,.T.);
#5510=ADVANCED_FACE('',(#662),#400,.T.);
#5511=ADVANCED_FACE('',(#663,#316),#401,.T.);
#5512=ADVANCED_FACE('',(#664),#29,.T.);
#5513=ADVANCED_FACE('',(#665),#30,.T.);
#5514=ADVANCED_FACE('',(#666),#31,.T.);
#5515=ADVANCED_FACE('',(#667),#402,.T.);
#5516=ADVANCED_FACE('',(#668),#403,.T.);
#5517=ADVANCED_FACE('',(#669),#32,.T.);
#5518=ADVANCED_FACE('',(#670),#33,.T.);
#5519=ADVANCED_FACE('',(#671),#34,.T.);
#5520=ADVANCED_FACE('',(#672),#35,.T.);
#5521=ADVANCED_FACE('',(#673),#404,.T.);
#5522=ADVANCED_FACE('',(#674),#405,.T.);
#5523=ADVANCED_FACE('',(#675),#36,.T.);
#5524=ADVANCED_FACE('',(#676),#37,.T.);
#5525=ADVANCED_FACE('',(#677),#38,.T.);
#5526=ADVANCED_FACE('',(#678),#406,.T.);
#5527=ADVANCED_FACE('',(#679),#39,.T.);
#5528=ADVANCED_FACE('',(#680),#40,.T.);
#5529=ADVANCED_FACE('',(#681),#41,.T.);
#5530=ADVANCED_FACE('',(#682),#407,.T.);
#5531=ADVANCED_FACE('',(#683),#408,.T.);
#5532=ADVANCED_FACE('',(#684),#409,.T.);
#5533=ADVANCED_FACE('',(#685,#317),#410,.T.);
#5534=ADVANCED_FACE('',(#686,#318,#319,#320,#321,#322),#411,.T.);
#5535=ADVANCED_FACE('',(#687),#412,.T.);
#5536=ADVANCED_FACE('',(#688),#413,.T.);
#5537=ADVANCED_FACE('',(#689),#414,.T.);
#5538=ADVANCED_FACE('',(#690),#415,.T.);
#5539=ADVANCED_FACE('',(#691),#416,.T.);
#5540=ADVANCED_FACE('',(#692),#417,.T.);
#5541=ADVANCED_FACE('',(#693),#418,.T.);
#5542=ADVANCED_FACE('',(#694),#419,.T.);
#5543=ADVANCED_FACE('',(#695),#420,.T.);
#5544=ADVANCED_FACE('',(#696),#421,.T.);
#5545=ADVANCED_FACE('',(#697),#422,.T.);
#5546=ADVANCED_FACE('',(#698),#423,.T.);
#5547=ADVANCED_FACE('',(#699),#424,.T.);
#5548=ADVANCED_FACE('',(#700),#42,.T.);
#5549=ADVANCED_FACE('',(#701),#43,.T.);
#5550=ADVANCED_FACE('',(#702),#44,.T.);
#5551=ADVANCED_FACE('',(#703),#45,.T.);
#5552=ADVANCED_FACE('',(#704),#46,.T.);
#5553=ADVANCED_FACE('',(#705),#47,.T.);
#5554=ADVANCED_FACE('',(#706),#48,.T.);
#5555=ADVANCED_FACE('',(#707),#49,.T.);
#5556=ADVANCED_FACE('',(#708),#425,.T.);
#5557=ADVANCED_FACE('',(#709),#426,.T.);
#5558=ADVANCED_FACE('',(#710),#50,.T.);
#5559=ADVANCED_FACE('',(#711),#51,.T.);
#5560=ADVANCED_FACE('',(#712),#52,.T.);
#5561=ADVANCED_FACE('',(#713),#53,.T.);
#5562=ADVANCED_FACE('',(#714),#54,.T.);
#5563=ADVANCED_FACE('',(#715),#55,.T.);
#5564=ADVANCED_FACE('',(#716),#56,.T.);
#5565=ADVANCED_FACE('',(#717),#57,.T.);
#5566=ADVANCED_FACE('',(#718),#427,.T.);
#5567=ADVANCED_FACE('',(#719),#428,.T.);
#5568=ADVANCED_FACE('',(#720),#429,.T.);
#5569=ADVANCED_FACE('',(#721),#430,.T.);
#5570=ADVANCED_FACE('',(#722),#431,.T.);
#5571=ADVANCED_FACE('',(#723),#432,.T.);
#5572=ADVANCED_FACE('',(#724),#433,.T.);
#5573=ADVANCED_FACE('',(#725),#434,.T.);
#5574=ADVANCED_FACE('',(#726),#435,.T.);
#5575=ADVANCED_FACE('',(#727),#436,.T.);
#5576=ADVANCED_FACE('',(#728),#437,.T.);
#5577=ADVANCED_FACE('',(#729),#438,.T.);
#5578=ADVANCED_FACE('',(#730),#439,.T.);
#5579=ADVANCED_FACE('',(#731),#440,.T.);
#5580=ADVANCED_FACE('',(#732),#441,.T.);
#5581=ADVANCED_FACE('',(#733),#442,.T.);
#5582=ADVANCED_FACE('',(#734),#443,.F.);
#5583=ADVANCED_FACE('',(#735),#444,.T.);
#5584=ADVANCED_FACE('',(#736),#445,.T.);
#5585=ADVANCED_FACE('',(#737),#446,.T.);
#5586=ADVANCED_FACE('',(#738),#447,.T.);
#5587=ADVANCED_FACE('',(#739),#448,.T.);
#5588=ADVANCED_FACE('',(#740),#449,.T.);
#5589=ADVANCED_FACE('',(#741),#450,.T.);
#5590=ADVANCED_FACE('',(#742),#451,.T.);
#5591=ADVANCED_FACE('',(#743,#323),#452,.T.);
#5592=ADVANCED_FACE('',(#744),#453,.T.);
#5593=ADVANCED_FACE('',(#745),#454,.T.);
#5594=ADVANCED_FACE('',(#746),#455,.T.);
#5595=ADVANCED_FACE('',(#747),#456,.T.);
#5596=ADVANCED_FACE('',(#748),#457,.T.);
#5597=ADVANCED_FACE('',(#749),#458,.T.);
#5598=ADVANCED_FACE('',(#750),#459,.T.);
#5599=ADVANCED_FACE('',(#751),#460,.T.);
#5600=ADVANCED_FACE('',(#752),#461,.T.);
#5601=ADVANCED_FACE('',(#753),#462,.T.);
#5602=ADVANCED_FACE('',(#754),#463,.T.);
#5603=ADVANCED_FACE('',(#755),#464,.T.);
#5604=ADVANCED_FACE('',(#756),#465,.T.);
#5605=ADVANCED_FACE('',(#757),#58,.T.);
#5606=ADVANCED_FACE('',(#758),#59,.T.);
#5607=ADVANCED_FACE('',(#759),#60,.T.);
#5608=ADVANCED_FACE('',(#760),#61,.T.);
#5609=ADVANCED_FACE('',(#761),#62,.T.);
#5610=ADVANCED_FACE('',(#762),#63,.T.);
#5611=ADVANCED_FACE('',(#763),#64,.T.);
#5612=ADVANCED_FACE('',(#764),#65,.T.);
#5613=ADVANCED_FACE('',(#765),#66,.T.);
#5614=ADVANCED_FACE('',(#766),#466,.T.);
#5615=ADVANCED_FACE('',(#767),#467,.T.);
#5616=ADVANCED_FACE('',(#768),#468,.T.);
#5617=ADVANCED_FACE('',(#769),#67,.T.);
#5618=ADVANCED_FACE('',(#770),#469,.T.);
#5619=ADVANCED_FACE('',(#771),#68,.T.);
#5620=ADVANCED_FACE('',(#772),#69,.T.);
#5621=ADVANCED_FACE('',(#773),#70,.T.);
#5622=ADVANCED_FACE('',(#774),#71,.T.);
#5623=ADVANCED_FACE('',(#775),#72,.T.);
#5624=ADVANCED_FACE('',(#776),#73,.T.);
#5625=ADVANCED_FACE('',(#777),#74,.T.);
#5626=ADVANCED_FACE('',(#778),#75,.T.);
#5627=ADVANCED_FACE('',(#779),#470,.T.);
#5628=ADVANCED_FACE('',(#780),#471,.T.);
#5629=ADVANCED_FACE('',(#781),#472,.T.);
#5630=ADVANCED_FACE('',(#782),#473,.T.);
#5631=ADVANCED_FACE('',(#783),#474,.T.);
#5632=ADVANCED_FACE('',(#784),#475,.T.);
#5633=ADVANCED_FACE('',(#785),#476,.T.);
#5634=ADVANCED_FACE('',(#786),#477,.T.);
#5635=ADVANCED_FACE('',(#787),#478,.T.);
#5636=ADVANCED_FACE('',(#788),#479,.T.);
#5637=ADVANCED_FACE('',(#789),#480,.T.);
#5638=ADVANCED_FACE('',(#790),#481,.T.);
#5639=ADVANCED_FACE('',(#791),#482,.T.);
#5640=ADVANCED_FACE('',(#792),#483,.T.);
#5641=ADVANCED_FACE('',(#793),#484,.T.);
#5642=ADVANCED_FACE('',(#794),#485,.T.);
#5643=ADVANCED_FACE('',(#795),#486,.T.);
#5644=ADVANCED_FACE('',(#796),#487,.T.);
#5645=ADVANCED_FACE('',(#797),#488,.T.);
#5646=ADVANCED_FACE('',(#798),#76,.T.);
#5647=ADVANCED_FACE('',(#799),#77,.T.);
#5648=ADVANCED_FACE('',(#800),#78,.T.);
#5649=ADVANCED_FACE('',(#801),#79,.T.);
#5650=ADVANCED_FACE('',(#802),#489,.T.);
#5651=ADVANCED_FACE('',(#803),#490,.T.);
#5652=ADVANCED_FACE('',(#804),#80,.T.);
#5653=ADVANCED_FACE('',(#805),#81,.T.);
#5654=ADVANCED_FACE('',(#806),#82,.T.);
#5655=ADVANCED_FACE('',(#807),#83,.T.);
#5656=ADVANCED_FACE('',(#808),#84,.T.);
#5657=ADVANCED_FACE('',(#809),#491,.T.);
#5658=ADVANCED_FACE('',(#810),#85,.T.);
#5659=ADVANCED_FACE('',(#811),#86,.T.);
#5660=ADVANCED_FACE('',(#812),#87,.T.);
#5661=ADVANCED_FACE('',(#813),#88,.T.);
#5662=ADVANCED_FACE('',(#814),#492,.T.);
#5663=ADVANCED_FACE('',(#815),#89,.T.);
#5664=ADVANCED_FACE('',(#816),#90,.T.);
#5665=ADVANCED_FACE('',(#817),#91,.T.);
#5666=ADVANCED_FACE('',(#818),#493,.T.);
#5667=ADVANCED_FACE('',(#819),#494,.T.);
#5668=ADVANCED_FACE('',(#820,#324),#495,.T.);
#5669=ADVANCED_FACE('',(#821,#325,#326,#327,#328,#329,#330,#331),#496,.T.);
#5670=ADVANCED_FACE('',(#822),#497,.T.);
#5671=ADVANCED_FACE('',(#823),#498,.T.);
#5672=ADVANCED_FACE('',(#824),#499,.T.);
#5673=ADVANCED_FACE('',(#825),#500,.T.);
#5674=ADVANCED_FACE('',(#826),#501,.T.);
#5675=ADVANCED_FACE('',(#827),#502,.T.);
#5676=ADVANCED_FACE('',(#828),#503,.T.);
#5677=ADVANCED_FACE('',(#829),#504,.T.);
#5678=ADVANCED_FACE('',(#830),#505,.T.);
#5679=ADVANCED_FACE('',(#831),#506,.T.);
#5680=ADVANCED_FACE('',(#832),#507,.T.);
#5681=ADVANCED_FACE('',(#833,#332),#508,.T.);
#5682=ADVANCED_FACE('',(#834),#509,.T.);
#5683=ADVANCED_FACE('',(#835),#510,.T.);
#5684=ADVANCED_FACE('',(#836),#511,.T.);
#5685=ADVANCED_FACE('',(#837),#512,.T.);
#5686=ADVANCED_FACE('',(#838),#513,.T.);
#5687=ADVANCED_FACE('',(#839),#514,.T.);
#5688=ADVANCED_FACE('',(#840),#515,.T.);
#5689=ADVANCED_FACE('',(#841),#516,.T.);
#5690=ADVANCED_FACE('',(#842),#517,.T.);
#5691=ADVANCED_FACE('',(#843),#518,.T.);
#5692=ADVANCED_FACE('',(#844),#519,.T.);
#5693=ADVANCED_FACE('',(#845),#520,.T.);
#5694=ADVANCED_FACE('',(#846),#521,.T.);
#5695=ADVANCED_FACE('',(#847),#522,.T.);
#5696=ADVANCED_FACE('',(#848),#523,.T.);
#5697=ADVANCED_FACE('',(#849),#524,.F.);
#5698=CLOSED_SHELL('',(#5398,#5399,#5400,#5401,#5402,#5403,#5404,#5405,
#5406,#5407,#5408,#5409,#5410,#5411,#5412,#5413,#5414,#5415,#5416,#5417,
#5418,#5419,#5420,#5421,#5422,#5423,#5424,#5425,#5426,#5427,#5428,#5429,
#5430,#5431,#5432));
#5699=CLOSED_SHELL('',(#5433,#5434,#5435,#5436,#5437,#5438,#5439,#5440,
#5441,#5442,#5443,#5444,#5445,#5446,#5447,#5448,#5449,#5450,#5451,#5452,
#5453,#5454,#5455,#5456,#5457,#5458,#5459,#5460,#5461,#5462,#5463,#5464,
#5465,#5466,#5467,#5468,#5469,#5470,#5471,#5472,#5473,#5474,#5475,#5476,
#5477,#5478,#5479,#5480,#5481,#5482,#5483,#5484,#5485,#5486,#5487,#5488,
#5489,#5490,#5491,#5492,#5493,#5494,#5495,#5496,#5497,#5498,#5499,#5500,
#5501,#5502));
#5700=CLOSED_SHELL('',(#5503,#5504,#5505,#5506,#5507,#5508,#5509,#5510,
#5511,#5512,#5513,#5514,#5515,#5516,#5517,#5518,#5519,#5520,#5521,#5522,
#5523,#5524,#5525,#5526,#5527,#5528,#5529,#5530,#5531,#5532,#5533,#5534,
#5535,#5536,#5537,#5538,#5539,#5540,#5541,#5542,#5543,#5544,#5545,#5546,
#5547,#5548,#5549,#5550,#5551,#5552,#5553,#5554,#5555,#5556,#5557,#5558,
#5559,#5560,#5561,#5562,#5563,#5564,#5565,#5566,#5567,#5568,#5569,#5570,
#5571,#5572,#5573,#5574,#5575,#5576,#5577,#5578,#5579,#5580,#5581,#5582));
#5701=CLOSED_SHELL('',(#5583,#5584,#5585,#5586,#5587,#5588,#5589,#5590,
#5591,#5592,#5593,#5594,#5595,#5596,#5597,#5598,#5599,#5600,#5601,#5602,
#5603,#5604,#5605,#5606,#5607,#5608,#5609,#5610,#5611,#5612,#5613,#5614,
#5615,#5616,#5617,#5618,#5619,#5620,#5621,#5622,#5623,#5624,#5625,#5626,
#5627,#5628,#5629,#5630,#5631,#5632,#5633,#5634,#5635,#5636,#5637,#5638,
#5639,#5640,#5641,#5642,#5643,#5644,#5645,#5646,#5647,#5648,#5649,#5650,
#5651,#5652,#5653,#5654,#5655,#5656,#5657,#5658,#5659,#5660,#5661,#5662,
#5663,#5664,#5665,#5666,#5667,#5668,#5669,#5670,#5671,#5672,#5673,#5674,
#5675,#5676,#5677,#5678,#5679,#5680,#5681,#5682,#5683,#5684,#5685,#5686,
#5687,#5688,#5689,#5690,#5691,#5692,#5693,#5694,#5695,#5696,#5697));
#5702=DERIVED_UNIT_ELEMENT(#5704,1.);
#5703=DERIVED_UNIT_ELEMENT(#10274,3.);
#5704=(
MASS_UNIT()
NAMED_UNIT(*)
SI_UNIT(.KILO.,.GRAM.)
);
#5705=DERIVED_UNIT((#5702,#5703));
#5706=MEASURE_REPRESENTATION_ITEM('density measure',
POSITIVE_RATIO_MEASURE(7850.),#5705);
#5707=PROPERTY_DEFINITION_REPRESENTATION(#5712,#5709);
#5708=PROPERTY_DEFINITION_REPRESENTATION(#5713,#5710);
#5709=REPRESENTATION('material name',(#5711),#10271);
#5710=REPRESENTATION('density',(#5706),#10271);
#5711=DESCRIPTIVE_REPRESENTATION_ITEM('Steel','Steel');
#5712=PROPERTY_DEFINITION('material property','material name',#10281);
#5713=PROPERTY_DEFINITION('material property','density of part',#10281);
#5714=AXIS2_PLACEMENT_3D('placement',#7133,#5990,#5991);
#5715=AXIS2_PLACEMENT_3D('',#7134,#5992,#5993);
#5716=AXIS2_PLACEMENT_3D('',#7136,#5994,#5995);
#5717=AXIS2_PLACEMENT_3D('',#7139,#5997,#5998);
#5718=AXIS2_PLACEMENT_3D('',#7140,#5999,#6000);
#5719=AXIS2_PLACEMENT_3D('',#7143,#6002,#6003);
#5720=AXIS2_PLACEMENT_3D('',#7144,#6004,#6005);
#5721=AXIS2_PLACEMENT_3D('',#7146,#6006,#6007);
#5722=AXIS2_PLACEMENT_3D('',#7149,#6009,#6010);
#5723=AXIS2_PLACEMENT_3D('',#7150,#6011,#6012);
#5724=AXIS2_PLACEMENT_3D('',#7153,#6014,#6015);
#5725=AXIS2_PLACEMENT_3D('',#7154,#6016,#6017);
#5726=AXIS2_PLACEMENT_3D('',#7156,#6018,#6019);
#5727=AXIS2_PLACEMENT_3D('',#7159,#6021,#6022);
#5728=AXIS2_PLACEMENT_3D('',#7160,#6023,#6024);
#5729=AXIS2_PLACEMENT_3D('',#7163,#6026,#6027);
#5730=AXIS2_PLACEMENT_3D('',#7164,#6028,#6029);
#5731=AXIS2_PLACEMENT_3D('',#7166,#6030,#6031);
#5732=AXIS2_PLACEMENT_3D('',#7169,#6033,#6034);
#5733=AXIS2_PLACEMENT_3D('',#7170,#6035,#6036);
#5734=AXIS2_PLACEMENT_3D('',#7173,#6038,#6039);
#5735=AXIS2_PLACEMENT_3D('',#7174,#6040,#6041);
#5736=AXIS2_PLACEMENT_3D('',#7177,#6042,#6043);
#5737=AXIS2_PLACEMENT_3D('',#7181,#6045,#6046);
#5738=AXIS2_PLACEMENT_3D('',#7183,#6048,#6049);
#5739=AXIS2_PLACEMENT_3D('',#7189,#6053,#6054);
#5740=AXIS2_PLACEMENT_3D('',#7193,#6056,#6057);
#5741=AXIS2_PLACEMENT_3D('',#7197,#6059,#6060);
#5742=AXIS2_PLACEMENT_3D('',#7200,#6062,#6063);
#5743=AXIS2_PLACEMENT_3D('',#7202,#6064,#6065);
#5744=AXIS2_PLACEMENT_3D('',#7204,#6066,#6067);
#5745=AXIS2_PLACEMENT_3D('',#7206,#6068,#6069);
#5746=AXIS2_PLACEMENT_3D('',#7208,#6070,#6071);
#5747=AXIS2_PLACEMENT_3D('',#7210,#6072,#6073);
#5748=AXIS2_PLACEMENT_3D('',#7212,#6074,#6075);
#5749=AXIS2_PLACEMENT_3D('',#7214,#6076,#6077);
#5750=AXIS2_PLACEMENT_3D('',#7216,#6078,#6079);
#5751=AXIS2_PLACEMENT_3D('',#7218,#6080,#6081);
#5752=AXIS2_PLACEMENT_3D('',#7220,#6082,#6083);
#5753=AXIS2_PLACEMENT_3D('',#7222,#6084,#6085);
#5754=AXIS2_PLACEMENT_3D('',#7224,#6086,#6087);
#5755=AXIS2_PLACEMENT_3D('',#7226,#6088,#6089);
#5756=AXIS2_PLACEMENT_3D('',#7228,#6090,#6091);
#5757=AXIS2_PLACEMENT_3D('',#7230,#6092,#6093);
#5758=AXIS2_PLACEMENT_3D('',#7232,#6094,#6095);
#5759=AXIS2_PLACEMENT_3D('',#7234,#6096,#6097);
#5760=AXIS2_PLACEMENT_3D('',#7235,#6098,#6099);
#5761=AXIS2_PLACEMENT_3D('',#7238,#6101,#6102);
#5762=AXIS2_PLACEMENT_3D('',#7239,#6103,#6104);
#5763=AXIS2_PLACEMENT_3D('',#7243,#6107,#6108);
#5764=AXIS2_PLACEMENT_3D('',#7247,#6110,#6111);
#5765=AXIS2_PLACEMENT_3D('',#7249,#6113,#6114);
#5766=AXIS2_PLACEMENT_3D('',#7251,#6116,#6117);
#5767=AXIS2_PLACEMENT_3D('',#7254,#6119,#6120);
#5768=AXIS2_PLACEMENT_3D('',#7255,#6121,#6122);
#5769=AXIS2_PLACEMENT_3D('',#7258,#6124,#6125);
#5770=AXIS2_PLACEMENT_3D('',#7259,#6126,#6127);
#5771=AXIS2_PLACEMENT_3D('',#7262,#6129,#6130);
#5772=AXIS2_PLACEMENT_3D('',#7263,#6131,#6132);
#5773=AXIS2_PLACEMENT_3D('',#7266,#6134,#6135);
#5774=AXIS2_PLACEMENT_3D('',#7267,#6136,#6137);
#5775=AXIS2_PLACEMENT_3D('',#7270,#6139,#6140);
#5776=AXIS2_PLACEMENT_3D('',#7271,#6141,#6142);
#5777=AXIS2_PLACEMENT_3D('',#7274,#6144,#6145);
#5778=AXIS2_PLACEMENT_3D('',#7275,#6146,#6147);
#5779=AXIS2_PLACEMENT_3D('',#7278,#6149,#6150);
#5780=AXIS2_PLACEMENT_3D('',#7279,#6151,#6152);
#5781=AXIS2_PLACEMENT_3D('',#7282,#6154,#6155);
#5782=AXIS2_PLACEMENT_3D('',#7283,#6156,#6157);
#5783=AXIS2_PLACEMENT_3D('',#7286,#6159,#6160);
#5784=AXIS2_PLACEMENT_3D('',#7287,#6161,#6162);
#5785=AXIS2_PLACEMENT_3D('',#7290,#6164,#6165);
#5786=AXIS2_PLACEMENT_3D('',#7291,#6166,#6167);
#5787=AXIS2_PLACEMENT_3D('',#7294,#6169,#6170);
#5788=AXIS2_PLACEMENT_3D('',#7295,#6171,#6172);
#5789=AXIS2_PLACEMENT_3D('',#7298,#6174,#6175);
#5790=AXIS2_PLACEMENT_3D('',#7299,#6176,#6177);
#5791=AXIS2_PLACEMENT_3D('',#7302,#6179,#6180);
#5792=AXIS2_PLACEMENT_3D('',#7303,#6181,#6182);
#5793=AXIS2_PLACEMENT_3D('',#7306,#6184,#6185);
#5794=AXIS2_PLACEMENT_3D('',#7307,#6186,#6187);
#5795=AXIS2_PLACEMENT_3D('',#7310,#6189,#6190);
#5796=AXIS2_PLACEMENT_3D('',#7311,#6191,#6192);
#5797=AXIS2_PLACEMENT_3D('',#7314,#6194,#6195);
#5798=AXIS2_PLACEMENT_3D('',#7315,#6196,#6197);
#5799=AXIS2_PLACEMENT_3D('',#7318,#6199,#6200);
#5800=AXIS2_PLACEMENT_3D('',#7319,#6201,#6202);
#5801=AXIS2_PLACEMENT_3D('',#7322,#6204,#6205);
#5802=AXIS2_PLACEMENT_3D('',#7323,#6206,#6207);
#5803=AXIS2_PLACEMENT_3D('',#7325,#6209,#6210);
#5804=AXIS2_PLACEMENT_3D('',#7326,#6211,#6212);
#5805=AXIS2_PLACEMENT_3D('',#7335,#6217,#6218);
#5806=AXIS2_PLACEMENT_3D('',#7341,#6222,#6223);
#5807=AXIS2_PLACEMENT_3D('',#7350,#6228,#6229);
#5808=AXIS2_PLACEMENT_3D('',#7356,#6233,#6234);
#5809=AXIS2_PLACEMENT_3D('',#7362,#6238,#6239);
#5810=AXIS2_PLACEMENT_3D('',#7368,#6243,#6244);
#5811=AXIS2_PLACEMENT_3D('',#7371,#6247,#6248);
#5812=AXIS2_PLACEMENT_3D('',#7377,#6252,#6253);
#5813=AXIS2_PLACEMENT_3D('',#7383,#6257,#6258);
#5814=AXIS2_PLACEMENT_3D('',#7389,#6262,#6263);
#5815=AXIS2_PLACEMENT_3D('',#7392,#6266,#6267);
#5816=AXIS2_PLACEMENT_3D('',#7393,#6268,#6269);
#5817=AXIS2_PLACEMENT_3D('',#7722,#6310,#6311);
#5818=AXIS2_PLACEMENT_3D('',#7726,#6314,#6315);
#5819=AXIS2_PLACEMENT_3D('',#7864,#6325,#6326);
#5820=AXIS2_PLACEMENT_3D('',#7865,#6327,#6328);
#5821=AXIS2_PLACEMENT_3D('',#7871,#6332,#6333);
#5822=AXIS2_PLACEMENT_3D('',#7875,#6336,#6337);
#5823=AXIS2_PLACEMENT_3D('',#7879,#6340,#6341);
#5824=AXIS2_PLACEMENT_3D('',#7883,#6344,#6345);
#5825=AXIS2_PLACEMENT_3D('',#7887,#6348,#6349);
#5826=AXIS2_PLACEMENT_3D('',#7891,#6352,#6353);
#5827=AXIS2_PLACEMENT_3D('',#7895,#6356,#6357);
#5828=AXIS2_PLACEMENT_3D('',#7899,#6360,#6361);
#5829=AXIS2_PLACEMENT_3D('',#7903,#6364,#6365);
#5830=AXIS2_PLACEMENT_3D('',#7907,#6368,#6369);
#5831=AXIS2_PLACEMENT_3D('',#7911,#6372,#6373);
#5832=AXIS2_PLACEMENT_3D('',#7913,#6375,#6376);
#5833=AXIS2_PLACEMENT_3D('',#7914,#6377,#6378);
#5834=AXIS2_PLACEMENT_3D('',#7920,#6382,#6383);
#5835=AXIS2_PLACEMENT_3D('',#7924,#6386,#6387);
#5836=AXIS2_PLACEMENT_3D('',#7928,#6390,#6391);
#5837=AXIS2_PLACEMENT_3D('',#7932,#6394,#6395);
#5838=AXIS2_PLACEMENT_3D('',#7936,#6398,#6399);
#5839=AXIS2_PLACEMENT_3D('',#7940,#6402,#6403);
#5840=AXIS2_PLACEMENT_3D('',#7944,#6406,#6407);
#5841=AXIS2_PLACEMENT_3D('',#7948,#6410,#6411);
#5842=AXIS2_PLACEMENT_3D('',#7952,#6414,#6415);
#5843=AXIS2_PLACEMENT_3D('',#7956,#6418,#6419);
#5844=AXIS2_PLACEMENT_3D('',#7960,#6422,#6423);
#5845=AXIS2_PLACEMENT_3D('',#7964,#6426,#6427);
#5846=AXIS2_PLACEMENT_3D('',#7966,#6429,#6430);
#5847=AXIS2_PLACEMENT_3D('',#7967,#6431,#6432);
#5848=AXIS2_PLACEMENT_3D('',#7973,#6436,#6437);
#5849=AXIS2_PLACEMENT_3D('',#7977,#6440,#6441);
#5850=AXIS2_PLACEMENT_3D('',#7981,#6444,#6445);
#5851=AXIS2_PLACEMENT_3D('',#7983,#6447,#6448);
#5852=AXIS2_PLACEMENT_3D('',#7992,#6453,#6454);
#5853=AXIS2_PLACEMENT_3D('',#7998,#6458,#6459);
#5854=AXIS2_PLACEMENT_3D('',#8004,#6463,#6464);
#5855=AXIS2_PLACEMENT_3D('',#8007,#6467,#6468);
#5856=AXIS2_PLACEMENT_3D('',#8008,#6469,#6470);
#5857=AXIS2_PLACEMENT_3D('',#8009,#6471,#6472);
#5858=AXIS2_PLACEMENT_3D('',#8010,#6473,#6474);
#5859=AXIS2_PLACEMENT_3D('',#8019,#6479,#6480);
#5860=AXIS2_PLACEMENT_3D('',#8025,#6484,#6485);
#5861=AXIS2_PLACEMENT_3D('',#8031,#6489,#6490);
#5862=AXIS2_PLACEMENT_3D('',#8034,#6493,#6494);
#5863=AXIS2_PLACEMENT_3D('',#8043,#6499,#6500);
#5864=AXIS2_PLACEMENT_3D('',#8049,#6504,#6505);
#5865=AXIS2_PLACEMENT_3D('',#8055,#6509,#6510);
#5866=AXIS2_PLACEMENT_3D('',#8058,#6513,#6514);
#5867=AXIS2_PLACEMENT_3D('',#8137,#6519,#6520);
#5868=AXIS2_PLACEMENT_3D('',#8143,#6524,#6525);
#5869=AXIS2_PLACEMENT_3D('',#8252,#6534,#6535);
#5870=AXIS2_PLACEMENT_3D('',#8258,#6539,#6540);
#5871=AXIS2_PLACEMENT_3D('',#8338,#6547,#6548);
#5872=AXIS2_PLACEMENT_3D('',#8415,#6554,#6555);
#5873=AXIS2_PLACEMENT_3D('',#8421,#6559,#6560);
#5874=AXIS2_PLACEMENT_3D('',#8427,#6564,#6565);
#5875=AXIS2_PLACEMENT_3D('',#8430,#6568,#6569);
#5876=AXIS2_PLACEMENT_3D('',#8431,#6570,#6571);
#5877=AXIS2_PLACEMENT_3D('',#8611,#6598,#6599);
#5878=AXIS2_PLACEMENT_3D('',#8617,#6603,#6604);
#5879=AXIS2_PLACEMENT_3D('',#8621,#6607,#6608);
#5880=AXIS2_PLACEMENT_3D('',#8625,#6611,#6612);
#5881=AXIS2_PLACEMENT_3D('',#8629,#6615,#6616);
#5882=AXIS2_PLACEMENT_3D('',#8633,#6619,#6620);
#5883=AXIS2_PLACEMENT_3D('',#8637,#6623,#6624);
#5884=AXIS2_PLACEMENT_3D('',#8641,#6627,#6628);
#5885=AXIS2_PLACEMENT_3D('',#8645,#6631,#6632);
#5886=AXIS2_PLACEMENT_3D('',#8649,#6635,#6636);
#5887=AXIS2_PLACEMENT_3D('',#8653,#6639,#6640);
#5888=AXIS2_PLACEMENT_3D('',#8657,#6643,#6644);
#5889=AXIS2_PLACEMENT_3D('',#8659,#6646,#6647);
#5890=AXIS2_PLACEMENT_3D('',#8798,#6657,#6658);
#5891=AXIS2_PLACEMENT_3D('',#8802,#6661,#6662);
#5892=AXIS2_PLACEMENT_3D('',#8940,#6672,#6673);
#5893=AXIS2_PLACEMENT_3D('',#8941,#6674,#6675);
#5894=AXIS2_PLACEMENT_3D('',#8947,#6679,#6680);
#5895=AXIS2_PLACEMENT_3D('',#8951,#6683,#6684);
#5896=AXIS2_PLACEMENT_3D('',#8955,#6687,#6688);
#5897=AXIS2_PLACEMENT_3D('',#8959,#6691,#6692);
#5898=AXIS2_PLACEMENT_3D('',#8963,#6695,#6696);
#5899=AXIS2_PLACEMENT_3D('',#8967,#6699,#6700);
#5900=AXIS2_PLACEMENT_3D('',#8971,#6703,#6704);
#5901=AXIS2_PLACEMENT_3D('',#8973,#6706,#6707);
#5902=AXIS2_PLACEMENT_3D('',#8974,#6708,#6709);
#5903=AXIS2_PLACEMENT_3D('',#8980,#6713,#6714);
#5904=AXIS2_PLACEMENT_3D('',#8984,#6717,#6718);
#5905=AXIS2_PLACEMENT_3D('',#8988,#6721,#6722);
#5906=AXIS2_PLACEMENT_3D('',#8990,#6724,#6725);
#5907=AXIS2_PLACEMENT_3D('',#8991,#6726,#6727);
#5908=AXIS2_PLACEMENT_3D('',#8992,#6728,#6729);
#5909=AXIS2_PLACEMENT_3D('',#8993,#6730,#6731);
#5910=AXIS2_PLACEMENT_3D('',#9002,#6736,#6737);
#5911=AXIS2_PLACEMENT_3D('',#9008,#6741,#6742);
#5912=AXIS2_PLACEMENT_3D('',#9014,#6746,#6747);
#5913=AXIS2_PLACEMENT_3D('',#9017,#6750,#6751);
#5914=AXIS2_PLACEMENT_3D('',#9026,#6756,#6757);
#5915=AXIS2_PLACEMENT_3D('',#9032,#6761,#6762);
#5916=AXIS2_PLACEMENT_3D('',#9038,#6766,#6767);
#5917=AXIS2_PLACEMENT_3D('',#9041,#6770,#6771);
#5918=AXIS2_PLACEMENT_3D('',#9042,#6772,#6773);
#5919=AXIS2_PLACEMENT_3D('',#9051,#6778,#6779);
#5920=AXIS2_PLACEMENT_3D('',#9057,#6783,#6784);
#5921=AXIS2_PLACEMENT_3D('',#9063,#6788,#6789);
#5922=AXIS2_PLACEMENT_3D('',#9069,#6793,#6794);
#5923=AXIS2_PLACEMENT_3D('',#9075,#6798,#6799);
#5924=AXIS2_PLACEMENT_3D('',#9081,#6803,#6804);
#5925=AXIS2_PLACEMENT_3D('',#9087,#6808,#6809);
#5926=AXIS2_PLACEMENT_3D('',#9093,#6813,#6814);
#5927=AXIS2_PLACEMENT_3D('',#9099,#6818,#6819);
#5928=AXIS2_PLACEMENT_3D('',#9105,#6823,#6824);
#5929=AXIS2_PLACEMENT_3D('',#9111,#6828,#6829);
#5930=AXIS2_PLACEMENT_3D('',#9114,#6832,#6833);
#5931=AXIS2_PLACEMENT_3D('',#9343,#6844,#6845);
#5932=AXIS2_PLACEMENT_3D('',#9349,#6849,#6850);
#5933=AXIS2_PLACEMENT_3D('',#9355,#6854,#6855);
#5934=AXIS2_PLACEMENT_3D('',#9386,#6860,#6861);
#5935=AXIS2_PLACEMENT_3D('',#9592,#6873,#6874);
#5936=AXIS2_PLACEMENT_3D('',#9598,#6878,#6879);
#5937=AXIS2_PLACEMENT_3D('',#9601,#6882,#6883);
#5938=AXIS2_PLACEMENT_3D('',#9602,#6884,#6885);
#5939=AXIS2_PLACEMENT_3D('',#9611,#6890,#6891);
#5940=AXIS2_PLACEMENT_3D('',#9617,#6895,#6896);
#5941=AXIS2_PLACEMENT_3D('',#9623,#6900,#6901);
#5942=AXIS2_PLACEMENT_3D('',#9626,#6904,#6905);
#5943=AXIS2_PLACEMENT_3D('',#9627,#6906,#6907);
#5944=AXIS2_PLACEMENT_3D('',#9636,#6912,#6913);
#5945=AXIS2_PLACEMENT_3D('',#9642,#6917,#6918);
#5946=AXIS2_PLACEMENT_3D('',#9648,#6922,#6923);
#5947=AXIS2_PLACEMENT_3D('',#9654,#6927,#6928);
#5948=AXIS2_PLACEMENT_3D('',#9660,#6932,#6933);
#5949=AXIS2_PLACEMENT_3D('',#9666,#6937,#6938);
#5950=AXIS2_PLACEMENT_3D('',#9672,#6942,#6943);
#5951=AXIS2_PLACEMENT_3D('',#9678,#6947,#6948);
#5952=AXIS2_PLACEMENT_3D('',#9684,#6952,#6953);
#5953=AXIS2_PLACEMENT_3D('',#9687,#6956,#6957);
#5954=AXIS2_PLACEMENT_3D('',#9791,#6963,#6964);
#5955=AXIS2_PLACEMENT_3D('',#9797,#6968,#6969);
#5956=AXIS2_PLACEMENT_3D('',#9931,#6979,#6980);
#5957=AXIS2_PLACEMENT_3D('',#10037,#6988,#6989);
#5958=AXIS2_PLACEMENT_3D('',#10115,#6995,#6996);
#5959=AXIS2_PLACEMENT_3D('',#10121,#7000,#7001);
#5960=AXIS2_PLACEMENT_3D('',#10124,#7004,#7005);
#5961=AXIS2_PLACEMENT_3D('',#10125,#7006,#7007);
#5962=AXIS2_PLACEMENT_3D('',#10166,#7028,#7029);
#5963=AXIS2_PLACEMENT_3D('',#10175,#7034,#7035);
#5964=AXIS2_PLACEMENT_3D('',#10181,#7039,#7040);
#5965=AXIS2_PLACEMENT_3D('',#10187,#7044,#7045);
#5966=AXIS2_PLACEMENT_3D('',#10191,#7048,#7049);
#5967=AXIS2_PLACEMENT_3D('',#10195,#7052,#7053);
#5968=AXIS2_PLACEMENT_3D('',#10199,#7056,#7057);
#5969=AXIS2_PLACEMENT_3D('',#10202,#7060,#7061);
#5970=AXIS2_PLACEMENT_3D('',#10206,#7064,#7065);
#5971=AXIS2_PLACEMENT_3D('',#10210,#7068,#7069);
#5972=AXIS2_PLACEMENT_3D('',#10214,#7072,#7073);
#5973=AXIS2_PLACEMENT_3D('',#10216,#7075,#7076);
#5974=AXIS2_PLACEMENT_3D('',#10217,#7077,#7078);
#5975=AXIS2_PLACEMENT_3D('',#10218,#7079,#7080);
#5976=AXIS2_PLACEMENT_3D('',#10224,#7084,#7085);
#5977=AXIS2_PLACEMENT_3D('',#10228,#7088,#7089);
#5978=AXIS2_PLACEMENT_3D('',#10232,#7092,#7093);
#5979=AXIS2_PLACEMENT_3D('',#10236,#7096,#7097);
#5980=AXIS2_PLACEMENT_3D('',#10240,#7100,#7101);
#5981=AXIS2_PLACEMENT_3D('',#10244,#7104,#7105);
#5982=AXIS2_PLACEMENT_3D('',#10248,#7108,#7109);
#5983=AXIS2_PLACEMENT_3D('',#10252,#7112,#7113);
#5984=AXIS2_PLACEMENT_3D('',#10256,#7116,#7117);
#5985=AXIS2_PLACEMENT_3D('',#10260,#7120,#7121);
#5986=AXIS2_PLACEMENT_3D('',#10264,#7124,#7125);
#5987=AXIS2_PLACEMENT_3D('',#10266,#7127,#7128);
#5988=AXIS2_PLACEMENT_3D('',#10267,#7129,#7130);
#5989=AXIS2_PLACEMENT_3D('',#10268,#7131,#7132);
#5990=DIRECTION('axis',(0.,0.,1.));
#5991=DIRECTION('refdir',(1.,0.,0.));
#5992=DIRECTION('center_axis',(0.,0.,1.));
#5993=DIRECTION('ref_axis',(1.,0.,0.));
#5994=DIRECTION('center_axis',(0.,0.,-1.));
#5995=DIRECTION('ref_axis',(1.,0.,0.));
#5996=DIRECTION('',(0.707106781186547,-8.65956056235493E-17,-0.707106781186548));
#5997=DIRECTION('center_axis',(0.,0.,-1.));
#5998=DIRECTION('ref_axis',(1.,0.,0.));
#5999=DIRECTION('center_axis',(0.,0.,-1.));
#6000=DIRECTION('ref_axis',(1.,0.,0.));
#6001=DIRECTION('',(0.,0.,-1.));
#6002=DIRECTION('center_axis',(0.,0.,1.));
#6003=DIRECTION('ref_axis',(1.,0.,0.));
#6004=DIRECTION('center_axis',(0.,0.,1.));
#6005=DIRECTION('ref_axis',(1.,0.,0.));
#6006=DIRECTION('center_axis',(0.,0.,-1.));
#6007=DIRECTION('ref_axis',(1.,0.,0.));
#6008=DIRECTION('',(0.707106781186547,-8.65956056235493E-17,-0.707106781186548));
#6009=DIRECTION('center_axis',(0.,0.,-1.));
#6010=DIRECTION('ref_axis',(1.,0.,0.));
#6011=DIRECTION('center_axis',(0.,0.,-1.));
#6012=DIRECTION('ref_axis',(1.,0.,0.));
#6013=DIRECTION('',(0.,0.,-1.));
#6014=DIRECTION('center_axis',(0.,0.,1.));
#6015=DIRECTION('ref_axis',(1.,0.,0.));
#6016=DIRECTION('center_axis',(0.,0.,1.));
#6017=DIRECTION('ref_axis',(1.,0.,0.));
#6018=DIRECTION('center_axis',(0.,0.,-1.));
#6019=DIRECTION('ref_axis',(1.,0.,0.));
#6020=DIRECTION('',(0.707106781186547,-8.65956056235493E-17,-0.707106781186548));
#6021=DIRECTION('center_axis',(0.,0.,-1.));
#6022=DIRECTION('ref_axis',(1.,0.,0.));
#6023=DIRECTION('center_axis',(0.,0.,-1.));
#6024=DIRECTION('ref_axis',(1.,0.,0.));
#6025=DIRECTION('',(0.,0.,-1.));
#6026=DIRECTION('center_axis',(0.,0.,1.));
#6027=DIRECTION('ref_axis',(1.,0.,0.));
#6028=DIRECTION('center_axis',(0.,0.,1.));
#6029=DIRECTION('ref_axis',(1.,0.,0.));
#6030=DIRECTION('center_axis',(0.,0.,-1.));
#6031=DIRECTION('ref_axis',(1.,0.,0.));
#6032=DIRECTION('',(0.707106781186547,-8.65956056235493E-17,-0.707106781186548));
#6033=DIRECTION('center_axis',(0.,0.,-1.));
#6034=DIRECTION('ref_axis',(1.,0.,0.));
#6035=DIRECTION('center_axis',(0.,0.,-1.));
#6036=DIRECTION('ref_axis',(1.,0.,0.));
#6037=DIRECTION('',(0.,0.,-1.));
#6038=DIRECTION('center_axis',(0.,0.,1.));
#6039=DIRECTION('ref_axis',(1.,0.,0.));
#6040=DIRECTION('center_axis',(0.,0.,-1.));
#6041=DIRECTION('ref_axis',(-0.707106781186548,0.707106781186548,0.));
#6042=DIRECTION('center_axis',(0.,0.,1.));
#6043=DIRECTION('ref_axis',(-0.707106781186548,0.707106781186548,0.));
#6044=DIRECTION('',(0.,0.,1.));
#6045=DIRECTION('center_axis',(0.,0.,-1.));
#6046=DIRECTION('ref_axis',(-0.707106781186548,0.707106781186548,0.));
#6047=DIRECTION('',(0.,0.,-1.));
#6048=DIRECTION('center_axis',(-1.,0.,0.));
#6049=DIRECTION('ref_axis',(0.,1.,0.));
#6050=DIRECTION('',(0.,1.,0.));
#6051=DIRECTION('',(0.,0.,-1.));
#6052=DIRECTION('',(0.,1.,0.));
#6053=DIRECTION('center_axis',(0.,0.,1.));
#6054=DIRECTION('ref_axis',(1.,0.,0.));
#6055=DIRECTION('',(1.,0.,0.));
#6056=DIRECTION('center_axis',(0.,0.,1.));
#6057=DIRECTION('ref_axis',(0.70710678118655,0.707106781186545,0.));
#6058=DIRECTION('',(0.,-1.,0.));
#6059=DIRECTION('center_axis',(0.,0.,1.));
#6060=DIRECTION('ref_axis',(0.707106781186549,-0.707106781186546,0.));
#6061=DIRECTION('',(-1.,-3.86164530304402E-17,0.));
#6062=DIRECTION('center_axis',(0.,0.,1.));
#6063=DIRECTION('ref_axis',(-0.707106781186548,-0.707106781186548,0.));
#6064=DIRECTION('center_axis',(0.,0.,1.));
#6065=DIRECTION('ref_axis',(1.,0.,0.));
#6066=DIRECTION('center_axis',(0.,0.,1.));
#6067=DIRECTION('ref_axis',(1.,0.,0.));
#6068=DIRECTION('center_axis',(0.,0.,1.));
#6069=DIRECTION('ref_axis',(1.,0.,0.));
#6070=DIRECTION('center_axis',(0.,0.,1.));
#6071=DIRECTION('ref_axis',(1.,0.,0.));
#6072=DIRECTION('center_axis',(0.,0.,1.));
#6073=DIRECTION('ref_axis',(1.,0.,0.));
#6074=DIRECTION('center_axis',(0.,0.,1.));
#6075=DIRECTION('ref_axis',(1.,0.,0.));
#6076=DIRECTION('center_axis',(0.,0.,1.));
#6077=DIRECTION('ref_axis',(1.,0.,0.));
#6078=DIRECTION('center_axis',(0.,0.,1.));
#6079=DIRECTION('ref_axis',(1.,0.,0.));
#6080=DIRECTION('center_axis',(0.,0.,1.));
#6081=DIRECTION('ref_axis',(1.,0.,0.));
#6082=DIRECTION('center_axis',(0.,0.,1.));
#6083=DIRECTION('ref_axis',(1.,0.,0.));
#6084=DIRECTION('center_axis',(0.,0.,1.));
#6085=DIRECTION('ref_axis',(1.,0.,0.));
#6086=DIRECTION('center_axis',(0.,0.,1.));
#6087=DIRECTION('ref_axis',(1.,0.,0.));
#6088=DIRECTION('center_axis',(0.,0.,1.));
#6089=DIRECTION('ref_axis',(1.,0.,0.));
#6090=DIRECTION('center_axis',(0.,0.,1.));
#6091=DIRECTION('ref_axis',(1.,0.,0.));
#6092=DIRECTION('center_axis',(0.,0.,1.));
#6093=DIRECTION('ref_axis',(1.,0.,0.));
#6094=DIRECTION('center_axis',(0.,0.,1.));
#6095=DIRECTION('ref_axis',(1.,0.,0.));
#6096=DIRECTION('center_axis',(0.,0.,1.));
#6097=DIRECTION('ref_axis',(1.,0.,0.));
#6098=DIRECTION('center_axis',(0.,0.,-1.));
#6099=DIRECTION('ref_axis',(-0.707106781186548,-0.707106781186548,0.));
#6100=DIRECTION('',(0.,0.,1.));
#6101=DIRECTION('center_axis',(0.,0.,-1.));
#6102=DIRECTION('ref_axis',(-0.707106781186548,-0.707106781186548,0.));
#6103=DIRECTION('center_axis',(3.86164530304402E-17,-1.,0.));
#6104=DIRECTION('ref_axis',(-1.,-3.86164530304402E-17,0.));
#6105=DIRECTION('',(0.,0.,-1.));
#6106=DIRECTION('',(-1.,-3.86164530304402E-17,0.));
#6107=DIRECTION('center_axis',(0.,0.,-1.));
#6108=DIRECTION('ref_axis',(0.70710678118655,0.707106781186545,0.));
#6109=DIRECTION('',(0.,0.,1.));
#6110=DIRECTION('center_axis',(0.,0.,-1.));
#6111=DIRECTION('ref_axis',(0.70710678118655,0.707106781186545,0.));
#6112=DIRECTION('',(0.,0.,-1.));
#6113=DIRECTION('center_axis',(0.,1.,0.));
#6114=DIRECTION('ref_axis',(1.,0.,0.));
#6115=DIRECTION('',(1.,0.,0.));
#6116=DIRECTION('center_axis',(0.,0.,-1.));
#6117=DIRECTION('ref_axis',(0.707106781186549,-0.707106781186546,0.));
#6118=DIRECTION('',(0.,0.,1.));
#6119=DIRECTION('center_axis',(0.,0.,-1.));
#6120=DIRECTION('ref_axis',(0.707106781186549,-0.707106781186546,0.));
#6121=DIRECTION('center_axis',(0.,0.,-1.));
#6122=DIRECTION('ref_axis',(1.,0.,0.));
#6123=DIRECTION('',(0.,0.,1.));
#6124=DIRECTION('center_axis',(0.,0.,-1.));
#6125=DIRECTION('ref_axis',(1.,0.,0.));
#6126=DIRECTION('center_axis',(0.,0.,-1.));
#6127=DIRECTION('ref_axis',(1.,0.,0.));
#6128=DIRECTION('',(0.,0.,1.));
#6129=DIRECTION('center_axis',(0.,0.,-1.));
#6130=DIRECTION('ref_axis',(1.,0.,0.));
#6131=DIRECTION('center_axis',(0.,0.,-1.));
#6132=DIRECTION('ref_axis',(1.,0.,0.));
#6133=DIRECTION('',(0.,0.,1.));
#6134=DIRECTION('center_axis',(0.,0.,-1.));
#6135=DIRECTION('ref_axis',(1.,0.,0.));
#6136=DIRECTION('center_axis',(0.,0.,-1.));
#6137=DIRECTION('ref_axis',(1.,0.,0.));
#6138=DIRECTION('',(0.,0.,1.));
#6139=DIRECTION('center_axis',(0.,0.,-1.));
#6140=DIRECTION('ref_axis',(1.,0.,0.));
#6141=DIRECTION('center_axis',(0.,0.,-1.));
#6142=DIRECTION('ref_axis',(1.,0.,0.));
#6143=DIRECTION('',(0.,0.,1.));
#6144=DIRECTION('center_axis',(0.,0.,-1.));
#6145=DIRECTION('ref_axis',(1.,0.,0.));
#6146=DIRECTION('center_axis',(0.,0.,-1.));
#6147=DIRECTION('ref_axis',(1.,0.,0.));
#6148=DIRECTION('',(0.,0.,1.));
#6149=DIRECTION('center_axis',(0.,0.,-1.));
#6150=DIRECTION('ref_axis',(1.,0.,0.));
#6151=DIRECTION('center_axis',(0.,0.,-1.));
#6152=DIRECTION('ref_axis',(1.,0.,0.));
#6153=DIRECTION('',(0.,0.,1.));
#6154=DIRECTION('center_axis',(0.,0.,-1.));
#6155=DIRECTION('ref_axis',(1.,0.,0.));
#6156=DIRECTION('center_axis',(0.,0.,-1.));
#6157=DIRECTION('ref_axis',(1.,0.,0.));
#6158=DIRECTION('',(0.,0.,1.));
#6159=DIRECTION('center_axis',(0.,0.,-1.));
#6160=DIRECTION('ref_axis',(1.,0.,0.));
#6161=DIRECTION('center_axis',(0.,0.,-1.));
#6162=DIRECTION('ref_axis',(1.,0.,0.));
#6163=DIRECTION('',(0.,0.,1.));
#6164=DIRECTION('center_axis',(0.,0.,-1.));
#6165=DIRECTION('ref_axis',(1.,0.,0.));
#6166=DIRECTION('center_axis',(0.,0.,-1.));
#6167=DIRECTION('ref_axis',(1.,0.,0.));
#6168=DIRECTION('',(0.,0.,1.));
#6169=DIRECTION('center_axis',(0.,0.,-1.));
#6170=DIRECTION('ref_axis',(1.,0.,0.));
#6171=DIRECTION('center_axis',(0.,0.,-1.));
#6172=DIRECTION('ref_axis',(1.,0.,0.));
#6173=DIRECTION('',(0.,0.,1.));
#6174=DIRECTION('center_axis',(0.,0.,-1.));
#6175=DIRECTION('ref_axis',(1.,0.,0.));
#6176=DIRECTION('center_axis',(0.,0.,-1.));
#6177=DIRECTION('ref_axis',(1.,0.,0.));
#6178=DIRECTION('',(0.,0.,1.));
#6179=DIRECTION('center_axis',(0.,0.,-1.));
#6180=DIRECTION('ref_axis',(1.,0.,0.));
#6181=DIRECTION('center_axis',(0.,0.,-1.));
#6182=DIRECTION('ref_axis',(1.,0.,0.));
#6183=DIRECTION('',(0.,0.,1.));
#6184=DIRECTION('center_axis',(0.,0.,-1.));
#6185=DIRECTION('ref_axis',(1.,0.,0.));
#6186=DIRECTION('center_axis',(0.,0.,-1.));
#6187=DIRECTION('ref_axis',(1.,0.,0.));
#6188=DIRECTION('',(0.,0.,1.));
#6189=DIRECTION('center_axis',(0.,0.,-1.));
#6190=DIRECTION('ref_axis',(1.,0.,0.));
#6191=DIRECTION('center_axis',(0.,0.,-1.));
#6192=DIRECTION('ref_axis',(1.,0.,0.));
#6193=DIRECTION('',(0.,0.,1.));
#6194=DIRECTION('center_axis',(0.,0.,-1.));
#6195=DIRECTION('ref_axis',(1.,0.,0.));
#6196=DIRECTION('center_axis',(0.,0.,-1.));
#6197=DIRECTION('ref_axis',(1.,0.,0.));
#6198=DIRECTION('',(0.,0.,1.));
#6199=DIRECTION('center_axis',(0.,0.,-1.));
#6200=DIRECTION('ref_axis',(1.,0.,0.));
#6201=DIRECTION('center_axis',(0.,0.,-1.));
#6202=DIRECTION('ref_axis',(1.,0.,0.));
#6203=DIRECTION('',(0.,0.,1.));
#6204=DIRECTION('center_axis',(0.,0.,-1.));
#6205=DIRECTION('ref_axis',(1.,0.,0.));
#6206=DIRECTION('center_axis',(1.,0.,0.));
#6207=DIRECTION('ref_axis',(0.,-1.,0.));
#6208=DIRECTION('',(0.,-1.,0.));
#6209=DIRECTION('center_axis',(0.,0.,1.));
#6210=DIRECTION('ref_axis',(1.,0.,0.));
#6211=DIRECTION('center_axis',(0.939692621605734,-0.342020141073217,0.));
#6212=DIRECTION('ref_axis',(0.342020141073217,0.939692621605734,0.));
#6213=DIRECTION('',(-0.342020141073217,-0.939692621605734,0.));
#6214=DIRECTION('',(0.,0.,1.));
#6215=DIRECTION('',(0.342020141073217,0.939692621605734,0.));
#6216=DIRECTION('',(0.,0.,1.));
#6217=DIRECTION('center_axis',(-0.937457167219875,-0.348100645831184,0.));
#6218=DIRECTION('ref_axis',(0.348100645831184,-0.937457167219875,0.));
#6219=DIRECTION('',(-0.348100645831184,0.937457167219875,0.));
#6220=DIRECTION('',(0.,0.,1.));
#6221=DIRECTION('',(0.348100645831184,-0.937457167219875,0.));
#6222=DIRECTION('center_axis',(0.939875974623414,-0.341515962036457,0.));
#6223=DIRECTION('ref_axis',(0.341515962036457,0.939875974623414,0.));
#6224=DIRECTION('',(-0.341515962036457,-0.939875974623414,0.));
#6225=DIRECTION('',(0.,0.,1.));
#6226=DIRECTION('',(0.341515962036457,0.939875974623414,0.));
#6227=DIRECTION('',(0.,0.,1.));
#6228=DIRECTION('center_axis',(0.,-1.,0.));
#6229=DIRECTION('ref_axis',(1.,0.,0.));
#6230=DIRECTION('',(-1.,0.,0.));
#6231=DIRECTION('',(0.,0.,1.));
#6232=DIRECTION('',(1.,0.,0.));
#6233=DIRECTION('center_axis',(-0.93341813253722,-0.358790453957083,0.));
#6234=DIRECTION('ref_axis',(0.358790453957083,-0.93341813253722,0.));
#6235=DIRECTION('',(-0.358790453957083,0.93341813253722,0.));
#6236=DIRECTION('',(0.,0.,1.));
#6237=DIRECTION('',(0.358790453957083,-0.93341813253722,0.));
#6238=DIRECTION('center_axis',(0.,-1.,0.));
#6239=DIRECTION('ref_axis',(1.,0.,0.));
#6240=DIRECTION('',(-1.,0.,0.));
#6241=DIRECTION('',(0.,0.,1.));
#6242=DIRECTION('',(1.,0.,0.));
#6243=DIRECTION('center_axis',(0.,1.,0.));
#6244=DIRECTION('ref_axis',(-1.,0.,0.));
#6245=DIRECTION('',(1.,0.,0.));
#6246=DIRECTION('',(-1.,0.,0.));
#6247=DIRECTION('center_axis',(0.,-1.,0.));
#6248=DIRECTION('ref_axis',(1.,0.,0.));
#6249=DIRECTION('',(-1.,0.,0.));
#6250=DIRECTION('',(1.,0.,0.));
#6251=DIRECTION('',(0.,0.,1.));
#6252=DIRECTION('center_axis',(-0.931813640456464,0.362937101243827,0.));
#6253=DIRECTION('ref_axis',(-0.362937101243827,-0.931813640456464,0.));
#6254=DIRECTION('',(0.362937101243827,0.931813640456464,0.));
#6255=DIRECTION('',(-0.362937101243827,-0.931813640456464,0.));
#6256=DIRECTION('',(0.,0.,1.));
#6257=DIRECTION('center_axis',(0.,1.,0.));
#6258=DIRECTION('ref_axis',(-1.,0.,0.));
#6259=DIRECTION('',(1.,0.,0.));
#6260=DIRECTION('',(-1.,0.,0.));
#6261=DIRECTION('',(0.,0.,1.));
#6262=DIRECTION('center_axis',(0.928345480668075,0.371718534005449,0.));
#6263=DIRECTION('ref_axis',(-0.371718534005449,0.928345480668075,0.));
#6264=DIRECTION('',(0.371718534005449,-0.928345480668075,0.));
#6265=DIRECTION('',(-0.371718534005449,0.928345480668075,0.));
#6266=DIRECTION('center_axis',(0.,0.,1.));
#6267=DIRECTION('ref_axis',(1.,0.,0.));
#6268=DIRECTION('center_axis',(0.,0.,1.));
#6269=DIRECTION('ref_axis',(1.,0.,0.));
#6270=DIRECTION('',(-1.,0.,0.));
#6271=DIRECTION('',(0.,-1.,0.));
#6272=DIRECTION('',(1.,0.,0.));
#6273=DIRECTION('',(0.,1.,0.));
#6274=DIRECTION('',(0.,1.,0.));
#6275=DIRECTION('',(1.,0.,0.));
#6276=DIRECTION('',(0.257061078963939,-0.966395158142825,0.));
#6277=DIRECTION('',(0.254350820056869,0.967112020572797,0.));
#6278=DIRECTION('',(1.,0.,0.));
#6279=DIRECTION('',(0.,-1.,0.));
#6280=DIRECTION('',(-1.,0.,0.));
#6281=DIRECTION('',(0.,1.,0.));
#6282=DIRECTION('',(-0.244512311374879,-0.969646187836633,0.));
#6283=DIRECTION('',(-1.,0.,0.));
#6284=DIRECTION('',(-0.243722070129428,0.969845117805841,0.));
#6285=DIRECTION('',(0.,-1.,0.));
#6286=DIRECTION('',(-1.,0.,0.));
#6287=DIRECTION('',(0.,1.,0.));
#6288=DIRECTION('',(1.,0.,0.));
#6289=DIRECTION('',(0.,-1.,0.));
#6290=DIRECTION('',(1.,0.,0.));
#6291=DIRECTION('',(0.,1.,0.));
#6292=DIRECTION('',(1.,0.,0.));
#6293=DIRECTION('',(0.,-1.,0.));
#6294=DIRECTION('',(-1.,0.,0.));
#6295=DIRECTION('',(0.,1.,0.));
#6296=DIRECTION('',(-1.,0.,0.));
#6297=DIRECTION('',(0.,-1.,0.));
#6298=DIRECTION('',(-1.,0.,0.));
#6299=DIRECTION('',(0.953230768220386,-0.302243449090255,0.));
#6300=DIRECTION('',(-0.972628118084081,-0.232367260844163,0.));
#6301=DIRECTION('',(0.,0.,1.));
#6302=DIRECTION('',(0.,0.,1.));
#6303=DIRECTION('',(0.,0.,1.));
#6304=DIRECTION('',(0.,0.,1.));
#6305=DIRECTION('',(0.,0.,1.));
#6306=DIRECTION('',(0.,0.,1.));
#6307=DIRECTION('',(0.,0.,1.));
#6308=DIRECTION('',(0.,0.,1.));
#6309=DIRECTION('',(0.,0.,1.));
#6310=DIRECTION('center_axis',(0.302243449090255,0.953230768220386,0.));
#6311=DIRECTION('ref_axis',(-0.953230768220386,0.302243449090255,0.));
#6312=DIRECTION('',(0.,0.,1.));
#6313=DIRECTION('',(-0.953230768220386,0.302243449090255,0.));
#6314=DIRECTION('center_axis',(0.232367260844163,-0.972628118084081,0.));
#6315=DIRECTION('ref_axis',(0.972628118084081,0.232367260844163,0.));
#6316=DIRECTION('',(0.972628118084081,0.232367260844163,0.));
#6317=DIRECTION('',(0.,0.,1.));
#6318=DIRECTION('',(0.,0.,1.));
#6319=DIRECTION('',(0.,0.,1.));
#6320=DIRECTION('',(0.,0.,1.));
#6321=DIRECTION('',(0.,0.,1.));
#6322=DIRECTION('',(0.,0.,1.));
#6323=DIRECTION('',(0.,0.,1.));
#6324=DIRECTION('',(0.,0.,1.));
#6325=DIRECTION('center_axis',(0.,0.,1.));
#6326=DIRECTION('ref_axis',(1.,0.,0.));
#6327=DIRECTION('center_axis',(0.,1.,0.));
#6328=DIRECTION('ref_axis',(-1.,0.,0.));
#6329=DIRECTION('',(0.,0.,1.));
#6330=DIRECTION('',(-1.,0.,0.));
#6331=DIRECTION('',(0.,0.,1.));
#6332=DIRECTION('center_axis',(-1.,0.,0.));
#6333=DIRECTION('ref_axis',(0.,-1.,0.));
#6334=DIRECTION('',(0.,0.,1.));
#6335=DIRECTION('',(0.,-1.,0.));
#6336=DIRECTION('center_axis',(0.,1.,0.));
#6337=DIRECTION('ref_axis',(-1.,0.,0.));
#6338=DIRECTION('',(0.,0.,1.));
#6339=DIRECTION('',(-1.,0.,0.));
#6340=DIRECTION('center_axis',(1.,0.,0.));
#6341=DIRECTION('ref_axis',(0.,1.,0.));
#6342=DIRECTION('',(0.,0.,1.));
#6343=DIRECTION('',(0.,1.,0.));
#6344=DIRECTION('center_axis',(0.,1.,0.));
#6345=DIRECTION('ref_axis',(-1.,0.,0.));
#6346=DIRECTION('',(0.,0.,1.));
#6347=DIRECTION('',(-1.,0.,0.));
#6348=DIRECTION('center_axis',(-1.,0.,0.));
#6349=DIRECTION('ref_axis',(0.,-1.,0.));
#6350=DIRECTION('',(0.,0.,1.));
#6351=DIRECTION('',(0.,-1.,0.));
#6352=DIRECTION('center_axis',(1.,0.,0.));
#6353=DIRECTION('ref_axis',(0.,1.,0.));
#6354=DIRECTION('',(0.,1.,0.));
#6355=DIRECTION('',(0.,0.,1.));
#6356=DIRECTION('center_axis',(0.,-1.,0.));
#6357=DIRECTION('ref_axis',(1.,0.,0.));
#6358=DIRECTION('',(1.,0.,0.));
#6359=DIRECTION('',(0.,0.,1.));
#6360=DIRECTION('center_axis',(-1.,0.,0.));
#6361=DIRECTION('ref_axis',(0.,-1.,0.));
#6362=DIRECTION('',(0.,-1.,0.));
#6363=DIRECTION('',(0.,0.,1.));
#6364=DIRECTION('center_axis',(0.,-1.,0.));
#6365=DIRECTION('ref_axis',(1.,0.,0.));
#6366=DIRECTION('',(1.,0.,0.));
#6367=DIRECTION('',(0.,0.,1.));
#6368=DIRECTION('center_axis',(1.,0.,0.));
#6369=DIRECTION('ref_axis',(0.,1.,0.));
#6370=DIRECTION('',(0.,1.,0.));
#6371=DIRECTION('',(0.,0.,1.));
#6372=DIRECTION('center_axis',(0.,-1.,0.));
#6373=DIRECTION('ref_axis',(1.,0.,0.));
#6374=DIRECTION('',(1.,0.,0.));
#6375=DIRECTION('center_axis',(0.,0.,1.));
#6376=DIRECTION('ref_axis',(1.,0.,0.));
#6377=DIRECTION('center_axis',(0.,-1.,0.));
#6378=DIRECTION('ref_axis',(1.,0.,0.));
#6379=DIRECTION('',(0.,0.,1.));
#6380=DIRECTION('',(1.,0.,0.));
#6381=DIRECTION('',(0.,0.,1.));
#6382=DIRECTION('center_axis',(1.,0.,0.));
#6383=DIRECTION('ref_axis',(0.,1.,0.));
#6384=DIRECTION('',(0.,0.,1.));
#6385=DIRECTION('',(0.,1.,0.));
#6386=DIRECTION('center_axis',(0.,1.,0.));
#6387=DIRECTION('ref_axis',(-1.,0.,0.));
#6388=DIRECTION('',(0.,0.,1.));
#6389=DIRECTION('',(-1.,0.,0.));
#6390=DIRECTION('center_axis',(-0.967112020572797,0.254350820056869,0.));
#6391=DIRECTION('ref_axis',(-0.254350820056869,-0.967112020572797,0.));
#6392=DIRECTION('',(0.,0.,1.));
#6393=DIRECTION('',(-0.254350820056869,-0.967112020572797,0.));
#6394=DIRECTION('center_axis',(0.966395158142825,0.257061078963939,0.));
#6395=DIRECTION('ref_axis',(-0.257061078963939,0.966395158142825,0.));
#6396=DIRECTION('',(0.,0.,1.));
#6397=DIRECTION('',(-0.257061078963939,0.966395158142825,0.));
#6398=DIRECTION('center_axis',(0.,1.,0.));
#6399=DIRECTION('ref_axis',(-1.,0.,0.));
#6400=DIRECTION('',(0.,0.,1.));
#6401=DIRECTION('',(-1.,0.,0.));
#6402=DIRECTION('center_axis',(-1.,0.,0.));
#6403=DIRECTION('ref_axis',(0.,-1.,0.));
#6404=DIRECTION('',(0.,0.,1.));
#6405=DIRECTION('',(0.,-1.,0.));
#6406=DIRECTION('center_axis',(-1.,0.,0.));
#6407=DIRECTION('ref_axis',(0.,-1.,0.));
#6408=DIRECTION('',(0.,-1.,0.));
#6409=DIRECTION('',(0.,0.,1.));
#6410=DIRECTION('center_axis',(0.969646187836633,-0.244512311374879,0.));
#6411=DIRECTION('ref_axis',(0.244512311374879,0.969646187836633,0.));
#6412=DIRECTION('',(0.244512311374879,0.969646187836633,0.));
#6413=DIRECTION('',(0.,0.,1.));
#6414=DIRECTION('center_axis',(0.,-1.,0.));
#6415=DIRECTION('ref_axis',(1.,0.,0.));
#6416=DIRECTION('',(1.,0.,0.));
#6417=DIRECTION('',(0.,0.,1.));
#6418=DIRECTION('center_axis',(-0.969845117805841,-0.243722070129428,0.));
#6419=DIRECTION('ref_axis',(0.243722070129428,-0.969845117805841,0.));
#6420=DIRECTION('',(0.243722070129428,-0.969845117805841,0.));
#6421=DIRECTION('',(0.,0.,1.));
#6422=DIRECTION('center_axis',(1.,0.,0.));
#6423=DIRECTION('ref_axis',(0.,1.,0.));
#6424=DIRECTION('',(0.,1.,0.));
#6425=DIRECTION('',(0.,0.,1.));
#6426=DIRECTION('center_axis',(0.,-1.,0.));
#6427=DIRECTION('ref_axis',(1.,0.,0.));
#6428=DIRECTION('',(1.,0.,0.));
#6429=DIRECTION('center_axis',(0.,0.,1.));
#6430=DIRECTION('ref_axis',(1.,0.,0.));
#6431=DIRECTION('center_axis',(1.,0.,0.));
#6432=DIRECTION('ref_axis',(0.,1.,0.));
#6433=DIRECTION('',(0.,0.,1.));
#6434=DIRECTION('',(0.,1.,0.));
#6435=DIRECTION('',(0.,0.,1.));
#6436=DIRECTION('center_axis',(0.,-1.,0.));
#6437=DIRECTION('ref_axis',(1.,0.,0.));
#6438=DIRECTION('',(0.,0.,1.));
#6439=DIRECTION('',(1.,0.,0.));
#6440=DIRECTION('center_axis',(0.,1.,0.));
#6441=DIRECTION('ref_axis',(-1.,0.,0.));
#6442=DIRECTION('',(-1.,0.,0.));
#6443=DIRECTION('',(0.,0.,1.));
#6444=DIRECTION('center_axis',(-1.,0.,0.));
#6445=DIRECTION('ref_axis',(0.,-1.,0.));
#6446=DIRECTION('',(0.,-1.,0.));
#6447=DIRECTION('center_axis',(1.,0.,0.));
#6448=DIRECTION('ref_axis',(0.,1.,0.));
#6449=DIRECTION('',(0.,-1.,0.));
#6450=DIRECTION('',(0.,0.,1.));
#6451=DIRECTION('',(0.,1.,0.));
#6452=DIRECTION('',(0.,0.,1.));
#6453=DIRECTION('center_axis',(0.,-1.,0.));
#6454=DIRECTION('ref_axis',(1.,0.,0.));
#6455=DIRECTION('',(-1.,0.,0.));
#6456=DIRECTION('',(1.,0.,0.));
#6457=DIRECTION('',(0.,0.,1.));
#6458=DIRECTION('center_axis',(-1.,0.,0.));
#6459=DIRECTION('ref_axis',(0.,-1.,0.));
#6460=DIRECTION('',(0.,1.,0.));
#6461=DIRECTION('',(0.,-1.,0.));
#6462=DIRECTION('',(0.,0.,1.));
#6463=DIRECTION('center_axis',(0.,1.,0.));
#6464=DIRECTION('ref_axis',(-1.,0.,0.));
#6465=DIRECTION('',(1.,0.,0.));
#6466=DIRECTION('',(-1.,0.,0.));
#6467=DIRECTION('center_axis',(0.,0.,1.));
#6468=DIRECTION('ref_axis',(1.,0.,0.));
#6469=DIRECTION('center_axis',(0.,0.,1.));
#6470=DIRECTION('ref_axis',(1.,0.,0.));
#6471=DIRECTION('center_axis',(0.,0.,1.));
#6472=DIRECTION('ref_axis',(1.,0.,0.));
#6473=DIRECTION('center_axis',(0.,1.,0.));
#6474=DIRECTION('ref_axis',(-1.,0.,0.));
#6475=DIRECTION('',(1.,0.,0.));
#6476=DIRECTION('',(0.,0.,1.));
#6477=DIRECTION('',(-1.,0.,0.));
#6478=DIRECTION('',(0.,0.,1.));
#6479=DIRECTION('center_axis',(1.,0.,0.));
#6480=DIRECTION('ref_axis',(0.,1.,0.));
#6481=DIRECTION('',(0.,-1.,0.));
#6482=DIRECTION('',(0.,0.,1.));
#6483=DIRECTION('',(0.,1.,0.));
#6484=DIRECTION('center_axis',(-1.,0.,0.));
#6485=DIRECTION('ref_axis',(0.,-1.,0.));
#6486=DIRECTION('',(0.,1.,0.));
#6487=DIRECTION('',(0.,-1.,0.));
#6488=DIRECTION('',(0.,0.,1.));
#6489=DIRECTION('center_axis',(0.,-1.,0.));
#6490=DIRECTION('ref_axis',(1.,0.,0.));
#6491=DIRECTION('',(-1.,0.,0.));
#6492=DIRECTION('',(1.,0.,0.));
#6493=DIRECTION('center_axis',(1.,0.,0.));
#6494=DIRECTION('ref_axis',(0.,1.,0.));
#6495=DIRECTION('',(0.,-1.,0.));
#6496=DIRECTION('',(0.,0.,1.));
#6497=DIRECTION('',(0.,1.,0.));
#6498=DIRECTION('',(0.,0.,1.));
#6499=DIRECTION('center_axis',(0.,-1.,0.));
#6500=DIRECTION('ref_axis',(1.,0.,0.));
#6501=DIRECTION('',(-1.,0.,0.));
#6502=DIRECTION('',(1.,0.,0.));
#6503=DIRECTION('',(0.,0.,1.));
#6504=DIRECTION('center_axis',(-1.,0.,0.));
#6505=DIRECTION('ref_axis',(0.,-1.,0.));
#6506=DIRECTION('',(0.,1.,0.));
#6507=DIRECTION('',(0.,-1.,0.));
#6508=DIRECTION('',(0.,0.,1.));
#6509=DIRECTION('center_axis',(0.,1.,0.));
#6510=DIRECTION('ref_axis',(-1.,0.,0.));
#6511=DIRECTION('',(1.,0.,0.));
#6512=DIRECTION('',(-1.,0.,0.));
#6513=DIRECTION('center_axis',(0.,0.,1.));
#6514=DIRECTION('ref_axis',(1.,0.,0.));
#6515=DIRECTION('',(0.,0.,1.));
#6516=DIRECTION('',(0.,0.,1.));
#6517=DIRECTION('',(0.,0.,1.));
#6518=DIRECTION('',(0.,0.,1.));
#6519=DIRECTION('center_axis',(0.,1.,0.));
#6520=DIRECTION('ref_axis',(-1.,0.,0.));
#6521=DIRECTION('',(1.,0.,0.));
#6522=DIRECTION('',(0.,0.,1.));
#6523=DIRECTION('',(-1.,0.,0.));
#6524=DIRECTION('center_axis',(1.,0.,0.));
#6525=DIRECTION('ref_axis',(0.,1.,0.));
#6526=DIRECTION('',(0.,-1.,0.));
#6527=DIRECTION('',(0.,0.,1.));
#6528=DIRECTION('',(0.,1.,0.));
#6529=DIRECTION('',(0.,0.,1.));
#6530=DIRECTION('',(0.,0.,1.));
#6531=DIRECTION('',(0.,0.,1.));
#6532=DIRECTION('',(0.,0.,1.));
#6533=DIRECTION('',(0.,0.,1.));
#6534=DIRECTION('center_axis',(0.,1.,0.));
#6535=DIRECTION('ref_axis',(-1.,0.,0.));
#6536=DIRECTION('',(1.,0.,0.));
#6537=DIRECTION('',(0.,0.,1.));
#6538=DIRECTION('',(-1.,0.,0.));
#6539=DIRECTION('center_axis',(-1.,0.,0.));
#6540=DIRECTION('ref_axis',(0.,-1.,0.));
#6541=DIRECTION('',(0.,1.,0.));
#6542=DIRECTION('',(0.,0.,1.));
#6543=DIRECTION('',(0.,-1.,0.));
#6544=DIRECTION('',(0.,0.,1.));
#6545=DIRECTION('',(0.,0.,1.));
#6546=DIRECTION('',(0.,0.,1.));
#6547=DIRECTION('center_axis',(0.,-1.,0.));
#6548=DIRECTION('ref_axis',(1.,0.,0.));
#6549=DIRECTION('',(-1.,0.,0.));
#6550=DIRECTION('',(1.,0.,0.));
#6551=DIRECTION('',(0.,0.,1.));
#6552=DIRECTION('',(0.,0.,1.));
#6553=DIRECTION('',(0.,0.,1.));
#6554=DIRECTION('center_axis',(0.,-1.,0.));
#6555=DIRECTION('ref_axis',(1.,0.,0.));
#6556=DIRECTION('',(-1.,0.,0.));
#6557=DIRECTION('',(1.,0.,0.));
#6558=DIRECTION('',(0.,0.,1.));
#6559=DIRECTION('center_axis',(1.,0.,0.));
#6560=DIRECTION('ref_axis',(0.,1.,0.));
#6561=DIRECTION('',(0.,-1.,0.));
#6562=DIRECTION('',(0.,1.,0.));
#6563=DIRECTION('',(0.,0.,1.));
#6564=DIRECTION('center_axis',(0.,-1.,0.));
#6565=DIRECTION('ref_axis',(1.,0.,0.));
#6566=DIRECTION('',(-1.,0.,0.));
#6567=DIRECTION('',(1.,0.,0.));
#6568=DIRECTION('center_axis',(0.,0.,1.));
#6569=DIRECTION('ref_axis',(1.,0.,0.));
#6570=DIRECTION('center_axis',(0.,0.,1.));
#6571=DIRECTION('ref_axis',(1.,0.,0.));
#6572=DIRECTION('',(0.,1.,0.));
#6573=DIRECTION('',(1.,0.,0.));
#6574=DIRECTION('',(0.,-1.,0.));
#6575=DIRECTION('',(-1.,0.,0.));
#6576=DIRECTION('',(0.,1.,0.));
#6577=DIRECTION('',(-1.,0.,0.));
#6578=DIRECTION('',(0.,1.,0.));
#6579=DIRECTION('',(1.,0.,0.));
#6580=DIRECTION('',(0.,-1.,0.));
#6581=DIRECTION('',(-1.,0.,0.));
#6582=DIRECTION('',(0.,-1.,0.));
#6583=DIRECTION('',(-1.,0.,0.));
#6584=DIRECTION('',(0.953230768220386,-0.302243449090255,0.));
#6585=DIRECTION('',(-0.972628118084081,-0.232367260844163,0.));
#6586=DIRECTION('',(0.,1.,0.));
#6587=DIRECTION('',(1.,0.,0.));
#6588=DIRECTION('',(0.,-1.,0.));
#6589=DIRECTION('',(1.,0.,0.));
#6590=DIRECTION('',(0.,1.,0.));
#6591=DIRECTION('',(1.,0.,0.));
#6592=DIRECTION('',(0.,-1.,0.));
#6593=DIRECTION('',(-1.,0.,0.));
#6594=DIRECTION('',(0.,1.,0.));
#6595=DIRECTION('',(-1.,0.,0.));
#6596=DIRECTION('',(0.,-1.,0.));
#6597=DIRECTION('',(-1.,0.,0.));
#6598=DIRECTION('center_axis',(0.,1.,0.));
#6599=DIRECTION('ref_axis',(-1.,0.,0.));
#6600=DIRECTION('',(0.,0.,1.));
#6601=DIRECTION('',(-1.,0.,0.));
#6602=DIRECTION('',(0.,0.,1.));
#6603=DIRECTION('center_axis',(-1.,0.,0.));
#6604=DIRECTION('ref_axis',(0.,-1.,0.));
#6605=DIRECTION('',(0.,0.,1.));
#6606=DIRECTION('',(0.,-1.,0.));
#6607=DIRECTION('center_axis',(0.,1.,0.));
#6608=DIRECTION('ref_axis',(-1.,0.,0.));
#6609=DIRECTION('',(0.,0.,1.));
#6610=DIRECTION('',(-1.,0.,0.));
#6611=DIRECTION('center_axis',(1.,0.,0.));
#6612=DIRECTION('ref_axis',(0.,1.,0.));
#6613=DIRECTION('',(0.,0.,1.));
#6614=DIRECTION('',(0.,1.,0.));
#6615=DIRECTION('center_axis',(0.,1.,0.));
#6616=DIRECTION('ref_axis',(-1.,0.,0.));
#6617=DIRECTION('',(0.,0.,1.));
#6618=DIRECTION('',(-1.,0.,0.));
#6619=DIRECTION('center_axis',(-1.,0.,0.));
#6620=DIRECTION('ref_axis',(0.,-1.,0.));
#6621=DIRECTION('',(0.,0.,1.));
#6622=DIRECTION('',(0.,-1.,0.));
#6623=DIRECTION('center_axis',(1.,0.,0.));
#6624=DIRECTION('ref_axis',(0.,1.,0.));
#6625=DIRECTION('',(0.,1.,0.));
#6626=DIRECTION('',(0.,0.,1.));
#6627=DIRECTION('center_axis',(0.,-1.,0.));
#6628=DIRECTION('ref_axis',(1.,0.,0.));
#6629=DIRECTION('',(1.,0.,0.));
#6630=DIRECTION('',(0.,0.,1.));
#6631=DIRECTION('center_axis',(-1.,0.,0.));
#6632=DIRECTION('ref_axis',(0.,-1.,0.));
#6633=DIRECTION('',(0.,-1.,0.));
#6634=DIRECTION('',(0.,0.,1.));
#6635=DIRECTION('center_axis',(0.,-1.,0.));
#6636=DIRECTION('ref_axis',(1.,0.,0.));
#6637=DIRECTION('',(1.,0.,0.));
#6638=DIRECTION('',(0.,0.,1.));
#6639=DIRECTION('center_axis',(1.,0.,0.));
#6640=DIRECTION('ref_axis',(0.,1.,0.));
#6641=DIRECTION('',(0.,1.,0.));
#6642=DIRECTION('',(0.,0.,1.));
#6643=DIRECTION('center_axis',(0.,-1.,0.));
#6644=DIRECTION('ref_axis',(1.,0.,0.));
#6645=DIRECTION('',(1.,0.,0.));
#6646=DIRECTION('center_axis',(0.,0.,1.));
#6647=DIRECTION('ref_axis',(1.,0.,0.));
#6648=DIRECTION('',(0.,0.,1.));
#6649=DIRECTION('',(0.,0.,1.));
#6650=DIRECTION('',(0.,0.,1.));
#6651=DIRECTION('',(0.,0.,1.));
#6652=DIRECTION('',(0.,0.,1.));
#6653=DIRECTION('',(0.,0.,1.));
#6654=DIRECTION('',(0.,0.,1.));
#6655=DIRECTION('',(0.,0.,1.));
#6656=DIRECTION('',(0.,0.,1.));
#6657=DIRECTION('center_axis',(0.302243449090255,0.953230768220386,0.));
#6658=DIRECTION('ref_axis',(-0.953230768220386,0.302243449090255,0.));
#6659=DIRECTION('',(0.,0.,1.));
#6660=DIRECTION('',(-0.953230768220386,0.302243449090255,0.));
#6661=DIRECTION('center_axis',(0.232367260844163,-0.972628118084081,0.));
#6662=DIRECTION('ref_axis',(0.972628118084081,0.232367260844163,0.));
#6663=DIRECTION('',(0.972628118084081,0.232367260844163,0.));
#6664=DIRECTION('',(0.,0.,1.));
#6665=DIRECTION('',(0.,0.,1.));
#6666=DIRECTION('',(0.,0.,1.));
#6667=DIRECTION('',(0.,0.,1.));
#6668=DIRECTION('',(0.,0.,1.));
#6669=DIRECTION('',(0.,0.,1.));
#6670=DIRECTION('',(0.,0.,1.));
#6671=DIRECTION('',(0.,0.,1.));
#6672=DIRECTION('center_axis',(0.,0.,1.));
#6673=DIRECTION('ref_axis',(1.,0.,0.));
#6674=DIRECTION('center_axis',(0.,1.,0.));
#6675=DIRECTION('ref_axis',(-1.,0.,0.));
#6676=DIRECTION('',(0.,0.,1.));
#6677=DIRECTION('',(-1.,0.,0.));
#6678=DIRECTION('',(0.,0.,1.));
#6679=DIRECTION('center_axis',(-1.,0.,0.));
#6680=DIRECTION('ref_axis',(0.,-1.,0.));
#6681=DIRECTION('',(0.,0.,1.));
#6682=DIRECTION('',(0.,-1.,0.));
#6683=DIRECTION('center_axis',(0.,-1.,0.));
#6684=DIRECTION('ref_axis',(1.,0.,0.));
#6685=DIRECTION('',(0.,0.,1.));
#6686=DIRECTION('',(1.,0.,0.));
#6687=DIRECTION('center_axis',(-1.,0.,0.));
#6688=DIRECTION('ref_axis',(0.,-1.,0.));
#6689=DIRECTION('',(0.,0.,1.));
#6690=DIRECTION('',(0.,-1.,0.));
#6691=DIRECTION('center_axis',(1.,0.,0.));
#6692=DIRECTION('ref_axis',(0.,1.,0.));
#6693=DIRECTION('',(0.,1.,0.));
#6694=DIRECTION('',(0.,0.,1.));
#6695=DIRECTION('center_axis',(0.,-1.,0.));
#6696=DIRECTION('ref_axis',(1.,0.,0.));
#6697=DIRECTION('',(1.,0.,0.));
#6698=DIRECTION('',(0.,0.,1.));
#6699=DIRECTION('center_axis',(1.,0.,0.));
#6700=DIRECTION('ref_axis',(0.,1.,0.));
#6701=DIRECTION('',(0.,1.,0.));
#6702=DIRECTION('',(0.,0.,1.));
#6703=DIRECTION('center_axis',(0.,-1.,0.));
#6704=DIRECTION('ref_axis',(1.,0.,0.));
#6705=DIRECTION('',(1.,0.,0.));
#6706=DIRECTION('center_axis',(0.,0.,1.));
#6707=DIRECTION('ref_axis',(1.,0.,0.));
#6708=DIRECTION('center_axis',(0.,1.,0.));
#6709=DIRECTION('ref_axis',(-1.,0.,0.));
#6710=DIRECTION('',(0.,0.,1.));
#6711=DIRECTION('',(-1.,0.,0.));
#6712=DIRECTION('',(0.,0.,1.));
#6713=DIRECTION('center_axis',(-1.,0.,0.));
#6714=DIRECTION('ref_axis',(0.,-1.,0.));
#6715=DIRECTION('',(0.,0.,1.));
#6716=DIRECTION('',(0.,-1.,0.));
#6717=DIRECTION('center_axis',(1.,0.,0.));
#6718=DIRECTION('ref_axis',(0.,1.,0.));
#6719=DIRECTION('',(0.,1.,0.));
#6720=DIRECTION('',(0.,0.,1.));
#6721=DIRECTION('center_axis',(0.,-1.,0.));
#6722=DIRECTION('ref_axis',(1.,0.,0.));
#6723=DIRECTION('',(1.,0.,0.));
#6724=DIRECTION('center_axis',(0.,0.,1.));
#6725=DIRECTION('ref_axis',(1.,0.,0.));
#6726=DIRECTION('center_axis',(0.,0.,1.));
#6727=DIRECTION('ref_axis',(1.,0.,0.));
#6728=DIRECTION('center_axis',(0.,0.,1.));
#6729=DIRECTION('ref_axis',(1.,0.,0.));
#6730=DIRECTION('center_axis',(0.,1.,0.));
#6731=DIRECTION('ref_axis',(-1.,0.,0.));
#6732=DIRECTION('',(1.,0.,0.));
#6733=DIRECTION('',(0.,0.,1.));
#6734=DIRECTION('',(-1.,0.,0.));
#6735=DIRECTION('',(0.,0.,1.));
#6736=DIRECTION('center_axis',(1.,0.,0.));
#6737=DIRECTION('ref_axis',(0.,1.,0.));
#6738=DIRECTION('',(0.,-1.,0.));
#6739=DIRECTION('',(0.,0.,1.));
#6740=DIRECTION('',(0.,1.,0.));
#6741=DIRECTION('center_axis',(-1.,0.,0.));
#6742=DIRECTION('ref_axis',(0.,-1.,0.));
#6743=DIRECTION('',(0.,1.,0.));
#6744=DIRECTION('',(0.,-1.,0.));
#6745=DIRECTION('',(0.,0.,1.));
#6746=DIRECTION('center_axis',(0.,-1.,0.));
#6747=DIRECTION('ref_axis',(1.,0.,0.));
#6748=DIRECTION('',(-1.,0.,0.));
#6749=DIRECTION('',(1.,0.,0.));
#6750=DIRECTION('center_axis',(1.,0.,0.));
#6751=DIRECTION('ref_axis',(0.,1.,0.));
#6752=DIRECTION('',(0.,-1.,0.));
#6753=DIRECTION('',(0.,0.,1.));
#6754=DIRECTION('',(0.,1.,0.));
#6755=DIRECTION('',(0.,0.,1.));
#6756=DIRECTION('center_axis',(0.,-1.,0.));
#6757=DIRECTION('ref_axis',(1.,0.,0.));
#6758=DIRECTION('',(-1.,0.,0.));
#6759=DIRECTION('',(1.,0.,0.));
#6760=DIRECTION('',(0.,0.,1.));
#6761=DIRECTION('center_axis',(-1.,0.,0.));
#6762=DIRECTION('ref_axis',(0.,-1.,0.));
#6763=DIRECTION('',(0.,1.,0.));
#6764=DIRECTION('',(0.,-1.,0.));
#6765=DIRECTION('',(0.,0.,1.));
#6766=DIRECTION('center_axis',(0.,1.,0.));
#6767=DIRECTION('ref_axis',(-1.,0.,0.));
#6768=DIRECTION('',(1.,0.,0.));
#6769=DIRECTION('',(-1.,0.,0.));
#6770=DIRECTION('center_axis',(0.,0.,1.));
#6771=DIRECTION('ref_axis',(1.,0.,0.));
#6772=DIRECTION('center_axis',(0.,1.,0.));
#6773=DIRECTION('ref_axis',(-1.,0.,0.));
#6774=DIRECTION('',(1.,0.,0.));
#6775=DIRECTION('',(0.,0.,1.));
#6776=DIRECTION('',(-1.,0.,0.));
#6777=DIRECTION('',(0.,0.,1.));
#6778=DIRECTION('center_axis',(1.,0.,0.));
#6779=DIRECTION('ref_axis',(0.,1.,0.));
#6780=DIRECTION('',(0.,-1.,0.));
#6781=DIRECTION('',(0.,0.,1.));
#6782=DIRECTION('',(0.,1.,0.));
#6783=DIRECTION('center_axis',(0.,-1.,0.));
#6784=DIRECTION('ref_axis',(1.,0.,0.));
#6785=DIRECTION('',(-1.,0.,0.));
#6786=DIRECTION('',(0.,0.,1.));
#6787=DIRECTION('',(1.,0.,0.));
#6788=DIRECTION('center_axis',(1.,0.,0.));
#6789=DIRECTION('ref_axis',(0.,1.,0.));
#6790=DIRECTION('',(0.,-1.,0.));
#6791=DIRECTION('',(0.,0.,1.));
#6792=DIRECTION('',(0.,1.,0.));
#6793=DIRECTION('center_axis',(0.,1.,0.));
#6794=DIRECTION('ref_axis',(-1.,0.,0.));
#6795=DIRECTION('',(1.,0.,0.));
#6796=DIRECTION('',(0.,0.,1.));
#6797=DIRECTION('',(-1.,0.,0.));
#6798=DIRECTION('center_axis',(-1.,0.,0.));
#6799=DIRECTION('ref_axis',(0.,-1.,0.));
#6800=DIRECTION('',(0.,1.,0.));
#6801=DIRECTION('',(0.,0.,1.));
#6802=DIRECTION('',(0.,-1.,0.));
#6803=DIRECTION('center_axis',(1.,0.,0.));
#6804=DIRECTION('ref_axis',(0.,1.,0.));
#6805=DIRECTION('',(0.,-1.,0.));
#6806=DIRECTION('',(0.,1.,0.));
#6807=DIRECTION('',(0.,0.,1.));
#6808=DIRECTION('center_axis',(0.,-1.,0.));
#6809=DIRECTION('ref_axis',(1.,0.,0.));
#6810=DIRECTION('',(-1.,0.,0.));
#6811=DIRECTION('',(1.,0.,0.));
#6812=DIRECTION('',(0.,0.,1.));
#6813=DIRECTION('center_axis',(1.,0.,0.));
#6814=DIRECTION('ref_axis',(0.,1.,0.));
#6815=DIRECTION('',(0.,-1.,0.));
#6816=DIRECTION('',(0.,1.,0.));
#6817=DIRECTION('',(0.,0.,1.));
#6818=DIRECTION('center_axis',(0.,1.,0.));
#6819=DIRECTION('ref_axis',(-1.,0.,0.));
#6820=DIRECTION('',(1.,0.,0.));
#6821=DIRECTION('',(-1.,0.,0.));
#6822=DIRECTION('',(0.,0.,1.));
#6823=DIRECTION('center_axis',(1.,0.,0.));
#6824=DIRECTION('ref_axis',(0.,1.,0.));
#6825=DIRECTION('',(0.,-1.,0.));
#6826=DIRECTION('',(0.,1.,0.));
#6827=DIRECTION('',(0.,0.,1.));
#6828=DIRECTION('center_axis',(0.,-1.,0.));
#6829=DIRECTION('ref_axis',(1.,0.,0.));
#6830=DIRECTION('',(-1.,0.,0.));
#6831=DIRECTION('',(1.,0.,0.));
#6832=DIRECTION('center_axis',(0.,0.,1.));
#6833=DIRECTION('ref_axis',(1.,0.,0.));
#6834=DIRECTION('',(0.,0.,1.));
#6835=DIRECTION('',(0.,0.,1.));
#6836=DIRECTION('',(0.,0.,1.));
#6837=DIRECTION('',(0.,0.,1.));
#6838=DIRECTION('',(0.,0.,1.));
#6839=DIRECTION('',(0.,0.,1.));
#6840=DIRECTION('',(0.,0.,1.));
#6841=DIRECTION('',(0.,0.,1.));
#6842=DIRECTION('',(0.,0.,1.));
#6843=DIRECTION('',(0.,0.,1.));
#6844=DIRECTION('center_axis',(1.,0.,0.));
#6845=DIRECTION('ref_axis',(0.,1.,0.));
#6846=DIRECTION('',(0.,-1.,0.));
#6847=DIRECTION('',(0.,0.,1.));
#6848=DIRECTION('',(0.,1.,0.));
#6849=DIRECTION('center_axis',(0.,1.,0.));
#6850=DIRECTION('ref_axis',(-1.,0.,0.));
#6851=DIRECTION('',(1.,0.,0.));
#6852=DIRECTION('',(0.,0.,1.));
#6853=DIRECTION('',(-1.,0.,0.));
#6854=DIRECTION('center_axis',(-1.,0.,0.));
#6855=DIRECTION('ref_axis',(0.,-1.,0.));
#6856=DIRECTION('',(0.,1.,0.));
#6857=DIRECTION('',(0.,0.,1.));
#6858=DIRECTION('',(0.,-1.,0.));
#6859=DIRECTION('',(0.,0.,1.));
#6860=DIRECTION('center_axis',(0.183885223147806,-0.982947722265982,0.));
#6861=DIRECTION('ref_axis',(0.982947722265982,0.183885223147806,0.));
#6862=DIRECTION('',(-0.982947722265982,-0.183885223147806,0.));
#6863=DIRECTION('',(0.982947722265982,0.183885223147806,0.));
#6864=DIRECTION('',(0.,0.,1.));
#6865=DIRECTION('',(0.,0.,1.));
#6866=DIRECTION('',(0.,0.,1.));
#6867=DIRECTION('',(0.,0.,1.));
#6868=DIRECTION('',(0.,0.,1.));
#6869=DIRECTION('',(0.,0.,1.));
#6870=DIRECTION('',(0.,0.,1.));
#6871=DIRECTION('',(0.,0.,1.));
#6872=DIRECTION('',(0.,0.,1.));
#6873=DIRECTION('center_axis',(-1.,0.,0.));
#6874=DIRECTION('ref_axis',(0.,-1.,0.));
#6875=DIRECTION('',(0.,1.,0.));
#6876=DIRECTION('',(0.,-1.,0.));
#6877=DIRECTION('',(0.,0.,1.));
#6878=DIRECTION('center_axis',(0.,-1.,0.));
#6879=DIRECTION('ref_axis',(1.,0.,0.));
#6880=DIRECTION('',(-1.,0.,0.));
#6881=DIRECTION('',(1.,0.,0.));
#6882=DIRECTION('center_axis',(0.,0.,1.));
#6883=DIRECTION('ref_axis',(1.,0.,0.));
#6884=DIRECTION('center_axis',(0.,1.,0.));
#6885=DIRECTION('ref_axis',(-1.,0.,0.));
#6886=DIRECTION('',(1.,0.,0.));
#6887=DIRECTION('',(0.,0.,1.));
#6888=DIRECTION('',(-1.,0.,0.));
#6889=DIRECTION('',(0.,0.,1.));
#6890=DIRECTION('center_axis',(-1.,0.,0.));
#6891=DIRECTION('ref_axis',(0.,-1.,0.));
#6892=DIRECTION('',(0.,1.,0.));
#6893=DIRECTION('',(0.,0.,1.));
#6894=DIRECTION('',(0.,-1.,0.));
#6895=DIRECTION('center_axis',(1.,0.,0.));
#6896=DIRECTION('ref_axis',(0.,1.,0.));
#6897=DIRECTION('',(0.,-1.,0.));
#6898=DIRECTION('',(0.,1.,0.));
#6899=DIRECTION('',(0.,0.,1.));
#6900=DIRECTION('center_axis',(0.,-1.,0.));
#6901=DIRECTION('ref_axis',(1.,0.,0.));
#6902=DIRECTION('',(-1.,0.,0.));
#6903=DIRECTION('',(1.,0.,0.));
#6904=DIRECTION('center_axis',(0.,0.,1.));
#6905=DIRECTION('ref_axis',(1.,0.,0.));
#6906=DIRECTION('center_axis',(0.,1.,0.));
#6907=DIRECTION('ref_axis',(-1.,0.,0.));
#6908=DIRECTION('',(1.,0.,0.));
#6909=DIRECTION('',(0.,0.,1.));
#6910=DIRECTION('',(-1.,0.,0.));
#6911=DIRECTION('',(0.,0.,1.));
#6912=DIRECTION('center_axis',(-1.,0.,0.));
#6913=DIRECTION('ref_axis',(0.,-1.,0.));
#6914=DIRECTION('',(0.,1.,0.));
#6915=DIRECTION('',(0.,0.,1.));
#6916=DIRECTION('',(0.,-1.,0.));
#6917=DIRECTION('center_axis',(0.852613751191187,0.522541664635168,0.));
#6918=DIRECTION('ref_axis',(-0.522541664635168,0.852613751191187,0.));
#6919=DIRECTION('',(0.522541664635168,-0.852613751191187,0.));
#6920=DIRECTION('',(0.,0.,1.));
#6921=DIRECTION('',(-0.522541664635168,0.852613751191187,0.));
#6922=DIRECTION('center_axis',(0.,1.,0.));
#6923=DIRECTION('ref_axis',(-1.,0.,0.));
#6924=DIRECTION('',(1.,0.,0.));
#6925=DIRECTION('',(0.,0.,1.));
#6926=DIRECTION('',(-1.,0.,0.));
#6927=DIRECTION('center_axis',(-1.,0.,0.));
#6928=DIRECTION('ref_axis',(0.,-1.,0.));
#6929=DIRECTION('',(0.,1.,0.));
#6930=DIRECTION('',(0.,0.,1.));
#6931=DIRECTION('',(0.,-1.,0.));
#6932=DIRECTION('center_axis',(1.,0.,0.));
#6933=DIRECTION('ref_axis',(0.,1.,0.));
#6934=DIRECTION('',(0.,-1.,0.));
#6935=DIRECTION('',(0.,1.,0.));
#6936=DIRECTION('',(0.,0.,1.));
#6937=DIRECTION('center_axis',(0.,-1.,0.));
#6938=DIRECTION('ref_axis',(1.,0.,0.));
#6939=DIRECTION('',(-1.,0.,0.));
#6940=DIRECTION('',(1.,0.,0.));
#6941=DIRECTION('',(0.,0.,1.));
#6942=DIRECTION('center_axis',(-0.850587685770323,-0.525833232894124,0.));
#6943=DIRECTION('ref_axis',(0.525833232894124,-0.850587685770323,0.));
#6944=DIRECTION('',(-0.525833232894124,0.850587685770323,0.));
#6945=DIRECTION('',(0.525833232894124,-0.850587685770323,0.));
#6946=DIRECTION('',(0.,0.,1.));
#6947=DIRECTION('center_axis',(1.,0.,0.));
#6948=DIRECTION('ref_axis',(0.,1.,0.));
#6949=DIRECTION('',(0.,-1.,0.));
#6950=DIRECTION('',(0.,1.,0.));
#6951=DIRECTION('',(0.,0.,1.));
#6952=DIRECTION('center_axis',(0.,-1.,0.));
#6953=DIRECTION('ref_axis',(1.,0.,0.));
#6954=DIRECTION('',(-1.,0.,0.));
#6955=DIRECTION('',(1.,0.,0.));
#6956=DIRECTION('center_axis',(0.,0.,1.));
#6957=DIRECTION('ref_axis',(1.,0.,0.));
#6958=DIRECTION('',(0.,0.,1.));
#6959=DIRECTION('',(0.,0.,1.));
#6960=DIRECTION('',(0.,0.,1.));
#6961=DIRECTION('',(0.,0.,1.));
#6962=DIRECTION('',(0.,0.,1.));
#6963=DIRECTION('center_axis',(0.,1.,0.));
#6964=DIRECTION('ref_axis',(-1.,0.,0.));
#6965=DIRECTION('',(1.,0.,0.));
#6966=DIRECTION('',(0.,0.,1.));
#6967=DIRECTION('',(-1.,0.,0.));
#6968=DIRECTION('center_axis',(1.,0.,0.));
#6969=DIRECTION('ref_axis',(0.,1.,0.));
#6970=DIRECTION('',(0.,-1.,0.));
#6971=DIRECTION('',(0.,0.,1.));
#6972=DIRECTION('',(0.,1.,0.));
#6973=DIRECTION('',(0.,0.,1.));
#6974=DIRECTION('',(0.,0.,1.));
#6975=DIRECTION('',(0.,0.,1.));
#6976=DIRECTION('',(0.,0.,1.));
#6977=DIRECTION('',(0.,0.,1.));
#6978=DIRECTION('',(0.,0.,1.));
#6979=DIRECTION('center_axis',(0.,1.,0.));
#6980=DIRECTION('ref_axis',(-1.,0.,0.));
#6981=DIRECTION('',(1.,0.,0.));
#6982=DIRECTION('',(0.,0.,1.));
#6983=DIRECTION('',(-1.,0.,0.));
#6984=DIRECTION('',(0.,0.,1.));
#6985=DIRECTION('',(0.,0.,1.));
#6986=DIRECTION('',(0.,0.,1.));
#6987=DIRECTION('',(0.,0.,1.));
#6988=DIRECTION('center_axis',(0.,-1.,0.));
#6989=DIRECTION('ref_axis',(1.,0.,0.));
#6990=DIRECTION('',(-1.,0.,0.));
#6991=DIRECTION('',(1.,0.,0.));
#6992=DIRECTION('',(0.,0.,1.));
#6993=DIRECTION('',(0.,0.,1.));
#6994=DIRECTION('',(0.,0.,1.));
#6995=DIRECTION('center_axis',(0.,-1.,0.));
#6996=DIRECTION('ref_axis',(1.,0.,0.));
#6997=DIRECTION('',(-1.,0.,0.));
#6998=DIRECTION('',(1.,0.,0.));
#6999=DIRECTION('',(0.,0.,1.));
#7000=DIRECTION('center_axis',(-1.,0.,0.));
#7001=DIRECTION('ref_axis',(0.,-1.,0.));
#7002=DIRECTION('',(0.,1.,0.));
#7003=DIRECTION('',(0.,-1.,0.));
#7004=DIRECTION('center_axis',(0.,0.,1.));
#7005=DIRECTION('ref_axis',(1.,0.,0.));
#7006=DIRECTION('center_axis',(0.,0.,1.));
#7007=DIRECTION('ref_axis',(1.,0.,0.));
#7008=DIRECTION('',(-1.,0.,0.));
#7009=DIRECTION('',(-0.358792161170993,0.933417476310706,0.));
#7010=DIRECTION('',(-1.,0.,0.));
#7011=DIRECTION('',(-0.341516833483757,-0.93987565797143,0.));
#7012=DIRECTION('',(-1.,0.,0.));
#7013=DIRECTION('',(0.362936908345998,0.931813715589253,0.));
#7014=DIRECTION('',(1.,0.,0.));
#7015=DIRECTION('',(0.371718534005449,-0.928345480668075,0.));
#7016=DIRECTION('',(0.,1.,0.));
#7017=DIRECTION('',(1.,0.,0.));
#7018=DIRECTION('',(0.,-1.,0.));
#7019=DIRECTION('',(1.,0.,0.));
#7020=DIRECTION('',(0.,1.,0.));
#7021=DIRECTION('',(1.,0.,0.));
#7022=DIRECTION('',(0.,-1.,0.));
#7023=DIRECTION('',(-1.,0.,0.));
#7024=DIRECTION('',(0.,1.,0.));
#7025=DIRECTION('',(-1.,0.,0.));
#7026=DIRECTION('',(0.,-1.,0.));
#7027=DIRECTION('',(-1.,0.,0.));
#7028=DIRECTION('center_axis',(0.939692621605734,-0.342020141073217,0.));
#7029=DIRECTION('ref_axis',(0.342020141073217,0.939692621605734,0.));
#7030=DIRECTION('',(-0.342020141073217,-0.939692621605734,0.));
#7031=DIRECTION('',(0.,0.,1.));
#7032=DIRECTION('',(0.342020141073217,0.939692621605734,0.));
#7033=DIRECTION('',(0.,0.,1.));
#7034=DIRECTION('center_axis',(-0.937457560328311,-0.348099587163344,0.));
#7035=DIRECTION('ref_axis',(0.348099587163344,-0.937457560328311,0.));
#7036=DIRECTION('',(-0.348099587163344,0.937457560328311,0.));
#7037=DIRECTION('',(0.,0.,1.));
#7038=DIRECTION('',(0.348099587163344,-0.937457560328311,0.));
#7039=DIRECTION('center_axis',(0.93987565797143,-0.341516833483757,0.));
#7040=DIRECTION('ref_axis',(0.341516833483757,0.93987565797143,0.));
#7041=DIRECTION('',(0.,0.,1.));
#7042=DIRECTION('',(0.341516833483757,0.93987565797143,0.));
#7043=DIRECTION('',(0.,0.,1.));
#7044=DIRECTION('center_axis',(0.,-1.,0.));
#7045=DIRECTION('ref_axis',(1.,0.,0.));
#7046=DIRECTION('',(0.,0.,1.));
#7047=DIRECTION('',(1.,0.,0.));
#7048=DIRECTION('center_axis',(-0.933417476310706,-0.358792161170993,0.));
#7049=DIRECTION('ref_axis',(0.358792161170993,-0.933417476310706,0.));
#7050=DIRECTION('',(0.,0.,1.));
#7051=DIRECTION('',(0.358792161170993,-0.933417476310706,0.));
#7052=DIRECTION('center_axis',(0.,-1.,0.));
#7053=DIRECTION('ref_axis',(1.,0.,0.));
#7054=DIRECTION('',(0.,0.,1.));
#7055=DIRECTION('',(1.,0.,0.));
#7056=DIRECTION('center_axis',(0.,1.,0.));
#7057=DIRECTION('ref_axis',(-1.,0.,0.));
#7058=DIRECTION('',(1.,0.,0.));
#7059=DIRECTION('',(-1.,0.,0.));
#7060=DIRECTION('center_axis',(0.,-1.,0.));
#7061=DIRECTION('ref_axis',(1.,0.,0.));
#7062=DIRECTION('',(1.,0.,0.));
#7063=DIRECTION('',(0.,0.,1.));
#7064=DIRECTION('center_axis',(-0.931813715589253,0.362936908345998,0.));
#7065=DIRECTION('ref_axis',(-0.362936908345998,-0.931813715589253,0.));
#7066=DIRECTION('',(-0.362936908345998,-0.931813715589253,0.));
#7067=DIRECTION('',(0.,0.,1.));
#7068=DIRECTION('center_axis',(0.,1.,0.));
#7069=DIRECTION('ref_axis',(-1.,0.,0.));
#7070=DIRECTION('',(-1.,0.,0.));
#7071=DIRECTION('',(0.,0.,1.));
#7072=DIRECTION('center_axis',(0.928345480668075,0.371718534005449,0.));
#7073=DIRECTION('ref_axis',(-0.371718534005449,0.928345480668075,0.));
#7074=DIRECTION('',(-0.371718534005449,0.928345480668075,0.));
#7075=DIRECTION('center_axis',(0.,0.,1.));
#7076=DIRECTION('ref_axis',(1.,0.,0.));
#7077=DIRECTION('center_axis',(0.,0.,1.));
#7078=DIRECTION('ref_axis',(1.,0.,0.));
#7079=DIRECTION('center_axis',(0.,1.,0.));
#7080=DIRECTION('ref_axis',(-1.,0.,0.));
#7081=DIRECTION('',(0.,0.,1.));
#7082=DIRECTION('',(-1.,0.,0.));
#7083=DIRECTION('',(0.,0.,1.));
#7084=DIRECTION('center_axis',(-1.,0.,0.));
#7085=DIRECTION('ref_axis',(0.,-1.,0.));
#7086=DIRECTION('',(0.,0.,1.));
#7087=DIRECTION('',(0.,-1.,0.));
#7088=DIRECTION('center_axis',(0.,1.,0.));
#7089=DIRECTION('ref_axis',(-1.,0.,0.));
#7090=DIRECTION('',(0.,0.,1.));
#7091=DIRECTION('',(-1.,0.,0.));
#7092=DIRECTION('center_axis',(1.,0.,0.));
#7093=DIRECTION('ref_axis',(0.,1.,0.));
#7094=DIRECTION('',(0.,0.,1.));
#7095=DIRECTION('',(0.,1.,0.));
#7096=DIRECTION('center_axis',(0.,1.,0.));
#7097=DIRECTION('ref_axis',(-1.,0.,0.));
#7098=DIRECTION('',(0.,0.,1.));
#7099=DIRECTION('',(-1.,0.,0.));
#7100=DIRECTION('center_axis',(-1.,0.,0.));
#7101=DIRECTION('ref_axis',(0.,-1.,0.));
#7102=DIRECTION('',(0.,0.,1.));
#7103=DIRECTION('',(0.,-1.,0.));
#7104=DIRECTION('center_axis',(1.,0.,0.));
#7105=DIRECTION('ref_axis',(0.,1.,0.));
#7106=DIRECTION('',(0.,1.,0.));
#7107=DIRECTION('',(0.,0.,1.));
#7108=DIRECTION('center_axis',(0.,-1.,0.));
#7109=DIRECTION('ref_axis',(1.,0.,0.));
#7110=DIRECTION('',(1.,0.,0.));
#7111=DIRECTION('',(0.,0.,1.));
#7112=DIRECTION('center_axis',(-1.,0.,0.));
#7113=DIRECTION('ref_axis',(0.,-1.,0.));
#7114=DIRECTION('',(0.,-1.,0.));
#7115=DIRECTION('',(0.,0.,1.));
#7116=DIRECTION('center_axis',(0.,-1.,0.));
#7117=DIRECTION('ref_axis',(1.,0.,0.));
#7118=DIRECTION('',(1.,0.,0.));
#7119=DIRECTION('',(0.,0.,1.));
#7120=DIRECTION('center_axis',(1.,0.,0.));
#7121=DIRECTION('ref_axis',(0.,1.,0.));
#7122=DIRECTION('',(0.,1.,0.));
#7123=DIRECTION('',(0.,0.,1.));
#7124=DIRECTION('center_axis',(0.,-1.,0.));
#7125=DIRECTION('ref_axis',(1.,0.,0.));
#7126=DIRECTION('',(1.,0.,0.));
#7127=DIRECTION('center_axis',(0.,0.,1.));
#7128=DIRECTION('ref_axis',(1.,0.,0.));
#7129=DIRECTION('center_axis',(0.,0.,1.));
#7130=DIRECTION('ref_axis',(1.,0.,0.));
#7131=DIRECTION('center_axis',(0.,0.,1.));
#7132=DIRECTION('ref_axis',(1.,0.,0.));
#7133=CARTESIAN_POINT('',(0.,0.,0.));
#7134=CARTESIAN_POINT('Origin',(186.,-53.,-0.725));
#7135=CARTESIAN_POINT('',(182.85,-53.,7.7715611723761E-15));
#7136=CARTESIAN_POINT('Origin',(186.,-53.,0.));
#7137=CARTESIAN_POINT('',(184.3,-53.,-1.45));
#7138=CARTESIAN_POINT('',(183.575,-53.,-0.725));
#7139=CARTESIAN_POINT('Origin',(186.,-53.,-1.45));
#7140=CARTESIAN_POINT('Origin',(186.,-53.,-6.));
#7141=CARTESIAN_POINT('',(184.3,-53.,-3.));
#7142=CARTESIAN_POINT('',(184.3,-53.,-6.));
#7143=CARTESIAN_POINT('Origin',(186.,-53.,-3.));
#7144=CARTESIAN_POINT('Origin',(-36.,36.,-0.725));
#7145=CARTESIAN_POINT('',(-39.15,36.,-2.77555756156289E-16));
#7146=CARTESIAN_POINT('Origin',(-36.,36.,0.));
#7147=CARTESIAN_POINT('',(-37.7,36.,-1.45));
#7148=CARTESIAN_POINT('',(-38.425,36.,-0.725));
#7149=CARTESIAN_POINT('Origin',(-36.,36.,-1.45));
#7150=CARTESIAN_POINT('Origin',(-36.,36.,-6.));
#7151=CARTESIAN_POINT('',(-37.7,36.,-3.));
#7152=CARTESIAN_POINT('',(-37.7,36.,-6.));
#7153=CARTESIAN_POINT('Origin',(-36.,36.,-3.));
#7154=CARTESIAN_POINT('Origin',(-36.,-53.,-0.725));
#7155=CARTESIAN_POINT('',(-39.15,-53.,3.46944695195361E-15));
#7156=CARTESIAN_POINT('Origin',(-36.,-53.,0.));
#7157=CARTESIAN_POINT('',(-37.7,-53.,-1.45));
#7158=CARTESIAN_POINT('',(-38.425,-53.,-0.725));
#7159=CARTESIAN_POINT('Origin',(-36.,-53.,-1.45));
#7160=CARTESIAN_POINT('Origin',(-36.,-53.,-6.));
#7161=CARTESIAN_POINT('',(-37.7,-53.,-3.));
#7162=CARTESIAN_POINT('',(-37.7,-53.,-6.));
#7163=CARTESIAN_POINT('Origin',(-36.,-53.,-3.));
#7164=CARTESIAN_POINT('Origin',(186.,36.,-0.725));
#7165=CARTESIAN_POINT('',(182.85,36.,7.7715611723761E-15));
#7166=CARTESIAN_POINT('Origin',(186.,36.,0.));
#7167=CARTESIAN_POINT('',(184.3,36.,-1.45));
#7168=CARTESIAN_POINT('',(183.575,36.,-0.725));
#7169=CARTESIAN_POINT('Origin',(186.,36.,-1.45));
#7170=CARTESIAN_POINT('Origin',(186.,36.,-6.));
#7171=CARTESIAN_POINT('',(184.3,36.,-3.));
#7172=CARTESIAN_POINT('',(184.3,36.,-6.));
#7173=CARTESIAN_POINT('Origin',(186.,36.,-3.));
#7174=CARTESIAN_POINT('Origin',(-35.5,35.5,0.));
#7175=CARTESIAN_POINT('',(-35.5,40.,-3.));
#7176=CARTESIAN_POINT('',(-40.,35.5,-3.));
#7177=CARTESIAN_POINT('Origin',(-35.5,35.5,-3.));
#7178=CARTESIAN_POINT('',(-40.,35.5,0.));
#7179=CARTESIAN_POINT('',(-40.,35.5,0.));
#7180=CARTESIAN_POINT('',(-35.5,40.,0.));
#7181=CARTESIAN_POINT('Origin',(-35.5,35.5,0.));
#7182=CARTESIAN_POINT('',(-35.5,40.,0.));
#7183=CARTESIAN_POINT('Origin',(-40.,-57.,0.));
#7184=CARTESIAN_POINT('',(-40.,-52.5,-3.));
#7185=CARTESIAN_POINT('',(-40.,-57.,-3.));
#7186=CARTESIAN_POINT('',(-40.,-52.5,0.));
#7187=CARTESIAN_POINT('',(-40.,-52.5,0.));
#7188=CARTESIAN_POINT('',(-40.,-57.,0.));
#7189=CARTESIAN_POINT('Origin',(75.,-8.50000000000001,-3.));
#7190=CARTESIAN_POINT('',(185.5,40.,-3.));
#7191=CARTESIAN_POINT('',(-40.,40.,-3.));
#7192=CARTESIAN_POINT('',(190.,35.5,-3.));
#7193=CARTESIAN_POINT('Origin',(185.5,35.5,-3.));
#7194=CARTESIAN_POINT('',(190.,-52.5,-3.));
#7195=CARTESIAN_POINT('',(190.,40.,-3.));
#7196=CARTESIAN_POINT('',(185.5,-57.,-3.));
#7197=CARTESIAN_POINT('Origin',(185.5,-52.5,-3.));
#7198=CARTESIAN_POINT('',(-35.5,-57.,-3.));
#7199=CARTESIAN_POINT('',(190.,-57.,-3.));
#7200=CARTESIAN_POINT('Origin',(-35.5,-52.5,-3.));
#7201=CARTESIAN_POINT('',(-29.253941161572,27.753941161572,-3.));
#7202=CARTESIAN_POINT('Origin',(-27.753941161572,27.753941161572,-3.));
#7203=CARTESIAN_POINT('',(26.253941161572,27.753941161572,-3.));
#7204=CARTESIAN_POINT('Origin',(27.753941161572,27.753941161572,-3.));
#7205=CARTESIAN_POINT('',(108.375,-46.,-3.));
#7206=CARTESIAN_POINT('Origin',(112.5,-46.,-3.));
#7207=CARTESIAN_POINT('',(45.746058838428,27.753941161572,-3.));
#7208=CARTESIAN_POINT('Origin',(47.246058838428,27.753941161572,-3.));
#7209=CARTESIAN_POINT('',(176.253941161572,-27.753941161572,-3.));
#7210=CARTESIAN_POINT('Origin',(177.753941161572,-27.753941161572,-3.));
#7211=CARTESIAN_POINT('',(-32.,-4.44089209850063E-15,-3.));
#7212=CARTESIAN_POINT('Origin',(0.,0.,-3.));
#7213=CARTESIAN_POINT('',(120.746058838428,27.753941161572,-3.));
#7214=CARTESIAN_POINT('Origin',(122.246058838428,27.753941161572,-3.));
#7215=CARTESIAN_POINT('',(120.746058838428,-27.753941161572,-3.));
#7216=CARTESIAN_POINT('Origin',(122.246058838428,-27.753941161572,-3.));
#7217=CARTESIAN_POINT('',(26.253941161572,-27.753941161572,-3.));
#7218=CARTESIAN_POINT('Origin',(27.753941161572,-27.753941161572,-3.));
#7219=CARTESIAN_POINT('',(-29.253941161572,-27.753941161572,-3.));
#7220=CARTESIAN_POINT('Origin',(-27.753941161572,-27.753941161572,-3.));
#7221=CARTESIAN_POINT('',(43.,-4.44089209850063E-15,-3.));
#7222=CARTESIAN_POINT('Origin',(75.,0.,-3.));
#7223=CARTESIAN_POINT('',(45.746058838428,-27.753941161572,-3.));
#7224=CARTESIAN_POINT('Origin',(47.246058838428,-27.753941161572,-3.));
#7225=CARTESIAN_POINT('',(101.253941161572,27.753941161572,-3.));
#7226=CARTESIAN_POINT('Origin',(102.753941161572,27.753941161572,-3.));
#7227=CARTESIAN_POINT('',(101.253941161572,-27.753941161572,-3.));
#7228=CARTESIAN_POINT('Origin',(102.753941161572,-27.753941161572,-3.));
#7229=CARTESIAN_POINT('',(118.,-4.44089209850063E-15,-3.));
#7230=CARTESIAN_POINT('Origin',(150.,0.,-3.));
#7231=CARTESIAN_POINT('',(176.253941161572,27.753941161572,-3.));
#7232=CARTESIAN_POINT('Origin',(177.753941161572,27.753941161572,-3.));
#7233=CARTESIAN_POINT('',(34.375,-46.,-3.));
#7234=CARTESIAN_POINT('Origin',(37.5,-46.,-3.));
#7235=CARTESIAN_POINT('Origin',(-35.5,-52.5,0.));
#7236=CARTESIAN_POINT('',(-35.5,-57.,0.));
#7237=CARTESIAN_POINT('',(-35.5,-57.,0.));
#7238=CARTESIAN_POINT('Origin',(-35.5,-52.5,0.));
#7239=CARTESIAN_POINT('Origin',(190.,-57.,0.));
#7240=CARTESIAN_POINT('',(185.5,-57.,0.));
#7241=CARTESIAN_POINT('',(185.5,-57.,0.));
#7242=CARTESIAN_POINT('',(190.,-57.,0.));
#7243=CARTESIAN_POINT('Origin',(185.5,35.5,0.));
#7244=CARTESIAN_POINT('',(185.5,40.,0.));
#7245=CARTESIAN_POINT('',(185.5,40.,0.));
#7246=CARTESIAN_POINT('',(190.,35.5,0.));
#7247=CARTESIAN_POINT('Origin',(185.5,35.5,0.));
#7248=CARTESIAN_POINT('',(190.,35.5,0.));
#7249=CARTESIAN_POINT('Origin',(-40.,40.,0.));
#7250=CARTESIAN_POINT('',(-40.,40.,0.));
#7251=CARTESIAN_POINT('Origin',(185.5,-52.5,0.));
#7252=CARTESIAN_POINT('',(190.,-52.5,0.));
#7253=CARTESIAN_POINT('',(190.,-52.5,0.));
#7254=CARTESIAN_POINT('Origin',(185.5,-52.5,0.));
#7255=CARTESIAN_POINT('Origin',(37.5,-46.,0.));
#7256=CARTESIAN_POINT('',(34.375,-46.,0.));
#7257=CARTESIAN_POINT('',(34.375,-46.,0.));
#7258=CARTESIAN_POINT('Origin',(37.5,-46.,0.));
#7259=CARTESIAN_POINT('Origin',(177.753941161572,27.753941161572,0.));
#7260=CARTESIAN_POINT('',(176.253941161572,27.753941161572,0.));
#7261=CARTESIAN_POINT('',(176.253941161572,27.753941161572,0.));
#7262=CARTESIAN_POINT('Origin',(177.753941161572,27.753941161572,0.));
#7263=CARTESIAN_POINT('Origin',(150.,0.,0.));
#7264=CARTESIAN_POINT('',(118.,-3.91886975727153E-15,0.));
#7265=CARTESIAN_POINT('',(118.,3.91886975727153E-15,0.));
#7266=CARTESIAN_POINT('Origin',(150.,0.,0.));
#7267=CARTESIAN_POINT('Origin',(102.753941161572,-27.753941161572,0.));
#7268=CARTESIAN_POINT('',(101.253941161572,-27.753941161572,0.));
#7269=CARTESIAN_POINT('',(101.253941161572,-27.753941161572,0.));
#7270=CARTESIAN_POINT('Origin',(102.753941161572,-27.753941161572,0.));
#7271=CARTESIAN_POINT('Origin',(102.753941161572,27.753941161572,0.));
#7272=CARTESIAN_POINT('',(101.253941161572,27.753941161572,0.));
#7273=CARTESIAN_POINT('',(101.253941161572,27.753941161572,0.));
#7274=CARTESIAN_POINT('Origin',(102.753941161572,27.753941161572,0.));
#7275=CARTESIAN_POINT('Origin',(47.246058838428,-27.753941161572,0.));
#7276=CARTESIAN_POINT('',(45.746058838428,-27.753941161572,0.));
#7277=CARTESIAN_POINT('',(45.746058838428,-27.753941161572,0.));
#7278=CARTESIAN_POINT('Origin',(47.246058838428,-27.753941161572,0.));
#7279=CARTESIAN_POINT('Origin',(75.,0.,0.));
#7280=CARTESIAN_POINT('',(43.,-3.91886975727153E-15,0.));
#7281=CARTESIAN_POINT('',(43.,3.91886975727153E-15,0.));
#7282=CARTESIAN_POINT('Origin',(75.,0.,0.));
#7283=CARTESIAN_POINT('Origin',(-27.753941161572,-27.753941161572,0.));
#7284=CARTESIAN_POINT('',(-29.253941161572,-27.753941161572,0.));
#7285=CARTESIAN_POINT('',(-29.253941161572,-27.753941161572,0.));
#7286=CARTESIAN_POINT('Origin',(-27.753941161572,-27.753941161572,0.));
#7287=CARTESIAN_POINT('Origin',(27.753941161572,-27.753941161572,0.));
#7288=CARTESIAN_POINT('',(26.253941161572,-27.753941161572,0.));
#7289=CARTESIAN_POINT('',(26.253941161572,-27.753941161572,0.));
#7290=CARTESIAN_POINT('Origin',(27.753941161572,-27.753941161572,0.));
#7291=CARTESIAN_POINT('Origin',(122.246058838428,-27.753941161572,0.));
#7292=CARTESIAN_POINT('',(120.746058838428,-27.753941161572,0.));
#7293=CARTESIAN_POINT('',(120.746058838428,-27.753941161572,0.));
#7294=CARTESIAN_POINT('Origin',(122.246058838428,-27.753941161572,0.));
#7295=CARTESIAN_POINT('Origin',(122.246058838428,27.753941161572,0.));
#7296=CARTESIAN_POINT('',(120.746058838428,27.753941161572,0.));
#7297=CARTESIAN_POINT('',(120.746058838428,27.753941161572,0.));
#7298=CARTESIAN_POINT('Origin',(122.246058838428,27.753941161572,0.));
#7299=CARTESIAN_POINT('Origin',(0.,0.,0.));
#7300=CARTESIAN_POINT('',(-32.,-3.91886975727153E-15,0.));
#7301=CARTESIAN_POINT('',(-32.,3.91886975727153E-15,0.));
#7302=CARTESIAN_POINT('Origin',(0.,0.,0.));
#7303=CARTESIAN_POINT('Origin',(177.753941161572,-27.753941161572,0.));
#7304=CARTESIAN_POINT('',(176.253941161572,-27.753941161572,0.));
#7305=CARTESIAN_POINT('',(176.253941161572,-27.753941161572,0.));
#7306=CARTESIAN_POINT('Origin',(177.753941161572,-27.753941161572,0.));
#7307=CARTESIAN_POINT('Origin',(47.246058838428,27.753941161572,0.));
#7308=CARTESIAN_POINT('',(45.746058838428,27.753941161572,0.));
#7309=CARTESIAN_POINT('',(45.746058838428,27.753941161572,0.));
#7310=CARTESIAN_POINT('Origin',(47.246058838428,27.753941161572,0.));
#7311=CARTESIAN_POINT('Origin',(112.5,-46.,0.));
#7312=CARTESIAN_POINT('',(108.375,-46.,0.));
#7313=CARTESIAN_POINT('',(108.375,-46.,0.));
#7314=CARTESIAN_POINT('Origin',(112.5,-46.,0.));
#7315=CARTESIAN_POINT('Origin',(27.753941161572,27.753941161572,0.));
#7316=CARTESIAN_POINT('',(26.253941161572,27.753941161572,0.));
#7317=CARTESIAN_POINT('',(26.253941161572,27.753941161572,0.));
#7318=CARTESIAN_POINT('Origin',(27.753941161572,27.753941161572,0.));
#7319=CARTESIAN_POINT('Origin',(-27.753941161572,27.753941161572,0.));
#7320=CARTESIAN_POINT('',(-29.253941161572,27.753941161572,0.));
#7321=CARTESIAN_POINT('',(-29.253941161572,27.753941161572,0.));
#7322=CARTESIAN_POINT('Origin',(-27.753941161572,27.753941161572,0.));
#7323=CARTESIAN_POINT('Origin',(190.,40.,0.));
#7324=CARTESIAN_POINT('',(190.,40.,0.));
#7325=CARTESIAN_POINT('Origin',(75.,-8.50000000000001,0.));
#7326=CARTESIAN_POINT('Origin',(-2.84276857227087,-46.5218275785446,0.));
#7327=CARTESIAN_POINT('',(-2.16746225208044,-44.6664386987686,0.01));
#7328=CARTESIAN_POINT('',(-2.84276857227087,-46.5218275785446,0.01));
#7329=CARTESIAN_POINT('',(-2.59264212336731,-45.8346108030483,0.01));
#7330=CARTESIAN_POINT('',(-2.16746225208044,-44.6664386987686,0.02));
#7331=CARTESIAN_POINT('',(-2.16746225208044,-44.6664386987686,0.));
#7332=CARTESIAN_POINT('',(-2.84276857227087,-46.5218275785446,0.02));
#7333=CARTESIAN_POINT('',(-2.16746225208044,-44.6664386987686,0.02));
#7334=CARTESIAN_POINT('',(-2.84276857227087,-46.5218275785446,0.));
#7335=CARTESIAN_POINT('Origin',(-2.16746225208044,-44.6664386987686,0.));
#7336=CARTESIAN_POINT('',(-1.47851123660803,-46.5218275785446,0.01));
#7337=CARTESIAN_POINT('',(-1.81855199210843,-45.6060762083351,0.01));
#7338=CARTESIAN_POINT('',(-1.47851123660803,-46.5218275785446,0.02));
#7339=CARTESIAN_POINT('',(-1.47851123660803,-46.5218275785446,0.));
#7340=CARTESIAN_POINT('',(-1.47851123660803,-46.5218275785446,0.02));
#7341=CARTESIAN_POINT('Origin',(-3.56582417339087,-48.4999996423721,0.));
#7342=CARTESIAN_POINT('',(-3.1531371101737,-47.3642557859421,0.01));
#7343=CARTESIAN_POINT('',(-3.56582417339087,-48.4999996423721,0.01));
#7344=CARTESIAN_POINT('',(-2.9566492642106,-46.8235073985899,0.01));
#7345=CARTESIAN_POINT('',(-3.1531371101737,-47.3642557859421,0.02));
#7346=CARTESIAN_POINT('',(-3.1531371101737,-47.3642557859421,0.));
#7347=CARTESIAN_POINT('',(-3.56582417339087,-48.4999996423721,0.02));
#7348=CARTESIAN_POINT('',(-3.1531371101737,-47.3642557859421,0.02));
#7349=CARTESIAN_POINT('',(-3.56582417339087,-48.4999996423721,0.));
#7350=CARTESIAN_POINT('Origin',(-3.1531371101737,-47.3642557859421,0.));
#7351=CARTESIAN_POINT('',(-1.15450038760901,-47.3642557859421,0.01));
#7352=CARTESIAN_POINT('',(-1.57656855508685,-47.3642557859421,0.01));
#7353=CARTESIAN_POINT('',(-1.15450038760901,-47.3642557859421,0.02));
#7354=CARTESIAN_POINT('',(-1.15450038760901,-47.3642557859421,0.));
#7355=CARTESIAN_POINT('',(-1.15450038760901,-47.3642557859421,0.02));
#7356=CARTESIAN_POINT('Origin',(-1.15450038760901,-47.3642557859421,0.));
#7357=CARTESIAN_POINT('',(-0.71793927997351,-48.4999996423721,0.01));
#7358=CARTESIAN_POINT('',(-1.3086362947932,-46.9632605837174,0.01));
#7359=CARTESIAN_POINT('',(-0.71793927997351,-48.4999996423721,0.02));
#7360=CARTESIAN_POINT('',(-0.71793927997351,-48.4999996423721,0.));
#7361=CARTESIAN_POINT('',(-0.71793927997351,-48.4999996423721,0.02));
#7362=CARTESIAN_POINT('Origin',(-0.71793927997351,-48.4999996423721,0.));
#7363=CARTESIAN_POINT('',(0.380288220942018,-48.4999996423721,0.01));
#7364=CARTESIAN_POINT('',(-0.358969639986755,-48.4999996423721,0.01));
#7365=CARTESIAN_POINT('',(0.380288220942018,-48.4999996423721,0.02));
#7366=CARTESIAN_POINT('',(0.380288220942018,-48.4999996423721,0.));
#7367=CARTESIAN_POINT('',(0.380288220942018,-48.4999996423721,0.02));
#7368=CARTESIAN_POINT('Origin',(-1.47851123660803,-46.5218275785446,0.));
#7369=CARTESIAN_POINT('',(-0.739255618304016,-46.5218275785446,0.01));
#7370=CARTESIAN_POINT('',(-2.84276857227087,-46.5218275785446,0.02));
#7371=CARTESIAN_POINT('Origin',(-4.63676586002112,-48.4999996423721,0.));
#7372=CARTESIAN_POINT('',(-4.63676586002112,-48.4999996423721,0.01));
#7373=CARTESIAN_POINT('',(-2.31838293001056,-48.4999996423721,0.01));
#7374=CARTESIAN_POINT('',(-4.63676586002112,-48.4999996423721,0.02));
#7375=CARTESIAN_POINT('',(-3.56582417339087,-48.4999996423721,0.02));
#7376=CARTESIAN_POINT('',(-4.63676586002112,-48.4999996423721,0.));
#7377=CARTESIAN_POINT('Origin',(-2.68928899616003,-43.4999996423721,0.));
#7378=CARTESIAN_POINT('',(-2.68928899616003,-43.4999996423721,0.01));
#7379=CARTESIAN_POINT('',(-2.93490516991884,-44.1306006480032,0.01));
#7380=CARTESIAN_POINT('',(-2.68928899616003,-43.4999996423721,0.02));
#7381=CARTESIAN_POINT('',(-4.63676586002112,-48.4999996423721,0.02));
#7382=CARTESIAN_POINT('',(-2.68928899616003,-43.4999996423721,0.));
#7383=CARTESIAN_POINT('Origin',(-1.62176027148962,-43.4999996423721,0.));
#7384=CARTESIAN_POINT('',(-1.62176027148962,-43.4999996423721,0.01));
#7385=CARTESIAN_POINT('',(-0.810880135744811,-43.4999996423721,0.01));
#7386=CARTESIAN_POINT('',(-1.62176027148962,-43.4999996423721,0.02));
#7387=CARTESIAN_POINT('',(-2.68928899616003,-43.4999996423721,0.02));
#7388=CARTESIAN_POINT('',(-1.62176027148962,-43.4999996423721,0.));
#7389=CARTESIAN_POINT('Origin',(0.380288220942017,-48.4999996423721,0.));
#7390=CARTESIAN_POINT('',(-0.0773388431939077,-47.3571025900133,0.01));
#7391=CARTESIAN_POINT('',(-1.62176027148962,-43.4999996423721,0.02));
#7392=CARTESIAN_POINT('Origin',(-1.41561034006088E-7,-45.9999999403953,
0.02));
#7393=CARTESIAN_POINT('Origin',(0.,-46.,0.01));
#7394=CARTESIAN_POINT('',(22.5,-40.5,0.01));
#7395=CARTESIAN_POINT('',(-22.5,-40.5,0.01));
#7396=CARTESIAN_POINT('',(-22.5,-40.5,0.01));
#7397=CARTESIAN_POINT('',(-22.5,-51.5,0.01));
#7398=CARTESIAN_POINT('',(-22.5,-51.5,0.01));
#7399=CARTESIAN_POINT('',(22.5,-51.5,0.01));
#7400=CARTESIAN_POINT('',(22.5,-51.5,0.01));
#7401=CARTESIAN_POINT('',(22.5,-40.5,0.01));
#7402=CARTESIAN_POINT('',(-9.96077670902014,-48.4999996423721,0.01));
#7403=CARTESIAN_POINT('',(-9.96077670902014,-43.4999996423721,0.01));
#7404=CARTESIAN_POINT('',(-9.96077670902014,-44.7499998211861,0.01));
#7405=CARTESIAN_POINT('',(-8.44986333698035,-43.4999996423721,0.01));
#7406=CARTESIAN_POINT('',(-4.22493166849017,-43.4999996423721,0.01));
#7407=CARTESIAN_POINT('',(-7.54263295978308,-46.9106405973434,0.01));
#7408=CARTESIAN_POINT('',(-7.40653470886754,-47.4222882230617,0.01));
#7409=CARTESIAN_POINT('',(-6.64563312381506,-43.4999996423721,0.01));
#7410=CARTESIAN_POINT('',(-6.73814791390429,-43.851766409061,0.01));
#7411=CARTESIAN_POINT('',(-5.13130917400122,-43.4999996423721,0.01));
#7412=CARTESIAN_POINT('',(-2.56565458700061,-43.4999996423721,0.01));
#7413=CARTESIAN_POINT('',(-5.13130917400122,-48.4999996423721,0.01));
#7414=CARTESIAN_POINT('',(-5.13130917400122,-47.2499998211861,0.01));
#7415=CARTESIAN_POINT('',(-6.06923475116492,-48.4999996423721,0.01));
#7416=CARTESIAN_POINT('',(-3.03461737558246,-48.4999996423721,0.01));
#7417=CARTESIAN_POINT('',(-6.06923475116492,-44.5641195774078,0.01));
#7418=CARTESIAN_POINT('',(-6.06923475116492,-45.2820597887039,0.01));
#7419=CARTESIAN_POINT('',(-7.06173195689917,-48.4999996423721,0.01));
#7420=CARTESIAN_POINT('',(-6.55427165285675,-46.487598113278,0.01));
#7421=CARTESIAN_POINT('',(-8.03376450389624,-48.4999996423721,0.01));
#7422=CARTESIAN_POINT('',(-4.01688225194812,-48.4999996423721,0.01));
#7423=CARTESIAN_POINT('',(-9.02285113185645,-44.5641195774078,0.01));
#7424=CARTESIAN_POINT('',(-8.58516899718763,-46.3057914794804,0.01));
#7425=CARTESIAN_POINT('',(-9.02285113185645,-48.4999996423721,0.01));
#7426=CARTESIAN_POINT('',(-9.02285113185645,-47.2499998211861,0.01));
#7427=CARTESIAN_POINT('',(-4.98038835451007,-48.4999996423721,0.01));
#7428=CARTESIAN_POINT('',(5.96350774914026,-48.4999996423721,0.01));
#7429=CARTESIAN_POINT('',(5.96350774914026,-43.4999996423721,0.01));
#7430=CARTESIAN_POINT('',(5.96350774914026,-44.7499998211861,0.01));
#7431=CARTESIAN_POINT('',(6.97305784374475,-43.4999996423721,0.01));
#7432=CARTESIAN_POINT('',(3.48652892187238,-43.4999996423721,0.01));
#7433=CARTESIAN_POINT('',(6.97305784374475,-45.4679399728775,0.01));
#7434=CARTESIAN_POINT('',(6.97305784374475,-45.7339699864387,0.01));
#7435=CARTESIAN_POINT('',(8.95122633129358,-45.4679399728775,0.01));
#7436=CARTESIAN_POINT('',(4.47561316564679,-45.4679399728775,0.01));
#7437=CARTESIAN_POINT('',(8.95122633129358,-43.4999996423721,0.01));
#7438=CARTESIAN_POINT('',(8.95122633129358,-44.7499998211861,0.01));
#7439=CARTESIAN_POINT('',(9.96077642589807,-43.4999996423721,0.01));
#7440=CARTESIAN_POINT('',(4.98038821294904,-43.4999996423721,0.01));
#7441=CARTESIAN_POINT('',(9.96077642589807,-48.4999996423721,0.01));
#7442=CARTESIAN_POINT('',(9.96077642589807,-47.2499998211861,0.01));
#7443=CARTESIAN_POINT('',(8.95122633129358,-48.4999996423721,0.01));
#7444=CARTESIAN_POINT('',(4.47561316564679,-48.4999996423721,0.01));
#7445=CARTESIAN_POINT('',(8.95122633129358,-46.313778758049,0.01));
#7446=CARTESIAN_POINT('',(8.95122633129358,-46.1568893790245,0.01));
#7447=CARTESIAN_POINT('',(6.97305784374475,-46.313778758049,0.01));
#7448=CARTESIAN_POINT('',(3.48652892187238,-46.313778758049,0.01));
#7449=CARTESIAN_POINT('',(6.97305784374475,-48.4999996423721,0.01));
#7450=CARTESIAN_POINT('',(6.97305784374475,-47.2499998211861,0.01));
#7451=CARTESIAN_POINT('',(2.98175387457013,-48.4999996423721,0.01));
#7452=CARTESIAN_POINT('',(4.11493883281946,-46.6616642475128,0.01));
#7453=CARTESIAN_POINT('',(5.09379491955042,-46.9720327854156,0.01));
#7454=CARTESIAN_POINT('',(2.63953425884903,-46.1938537423264,0.01));
#7455=CARTESIAN_POINT('',(4.34515819698572,-48.1879258155823,0.01));
#7456=CARTESIAN_POINT('Ctrl Pts',(5.09379491955042,-46.9720327854156,0.01));
#7457=CARTESIAN_POINT('Ctrl Pts',(5.01309984036709,-47.2219169538394,0.01));
#7458=CARTESIAN_POINT('Ctrl Pts',(4.93240476118377,-47.4718011222632,0.01));
#7459=CARTESIAN_POINT('Ctrl Pts',(4.79408369213342,-47.6852828264236,0.01));
#7460=CARTESIAN_POINT('Ctrl Pts',(4.67359308716977,-47.8712453833903,0.01));
#7461=CARTESIAN_POINT('Ctrl Pts',(4.50937564207774,-48.0295855994863,0.01));
#7462=CARTESIAN_POINT('Ctrl Pts',(4.34515819698572,-48.1879258155823,0.01));
#7463=CARTESIAN_POINT('',(3.01671133190393,-48.5852658748627,0.01));
#7464=CARTESIAN_POINT('Ctrl Pts',(4.34515819698572,-48.1879258155823,0.01));
#7465=CARTESIAN_POINT('Ctrl Pts',(4.15228625266564,-48.3037230964434,0.01));
#7466=CARTESIAN_POINT('Ctrl Pts',(3.95941430834556,-48.4195203773045,0.01));
#7467=CARTESIAN_POINT('Ctrl Pts',(3.75127897411585,-48.4859311580658,0.01));
#7468=CARTESIAN_POINT('Ctrl Pts',(3.519086863767,-48.5600178545507,0.01));
#7469=CARTESIAN_POINT('Ctrl Pts',(3.26789909783546,-48.5726418647067,0.01));
#7470=CARTESIAN_POINT('Ctrl Pts',(3.01671133190393,-48.5852658748627,0.01));
#7471=CARTESIAN_POINT('',(1.37960539013147,-47.9048424959183,0.01));
#7472=CARTESIAN_POINT('Ctrl Pts',(3.01671133190393,-48.5852658748627,0.01));
#7473=CARTESIAN_POINT('Ctrl Pts',(2.70151335344999,-48.5589995156655,0.01));
#7474=CARTESIAN_POINT('Ctrl Pts',(2.38631537499604,-48.5327331564684,0.01));
#7475=CARTESIAN_POINT('Ctrl Pts',(2.10948095470666,-48.4151595830917,0.01));
#7476=CARTESIAN_POINT('Ctrl Pts',(1.84238031014326,-48.3017200144148,0.01));
#7477=CARTESIAN_POINT('Ctrl Pts',(1.61099285013736,-48.1032812551666,0.01));
#7478=CARTESIAN_POINT('Ctrl Pts',(1.37960539013147,-47.9048424959183,0.01));
#7479=CARTESIAN_POINT('',(0.73840484768152,-46.0443383455276,0.01));
#7480=CARTESIAN_POINT('Ctrl Pts',(1.37960539013147,-47.9048424959183,0.01));
#7481=CARTESIAN_POINT('Ctrl Pts',(1.19279748959143,-47.6459091760998,0.01));
#7482=CARTESIAN_POINT('Ctrl Pts',(1.00598958905139,-47.3869758562813,0.01));
#7483=CARTESIAN_POINT('Ctrl Pts',(0.898705579340455,-47.0995050668716,0.01));
#7484=CARTESIAN_POINT('Ctrl Pts',(0.776635092378067,-46.7724134588561,0.01));
#7485=CARTESIAN_POINT('Ctrl Pts',(0.757519970029792,-46.4083759021919,0.01));
#7486=CARTESIAN_POINT('Ctrl Pts',(0.73840484768152,-46.0443383455276,0.01));
#7487=CARTESIAN_POINT('',(1.38301477581262,-44.1053885221481,0.01));
#7488=CARTESIAN_POINT('Ctrl Pts',(0.73840484768152,-46.0443383455276,0.01));
#7489=CARTESIAN_POINT('Ctrl Pts',(0.755975552032937,-45.6620918058752,0.01));
#7490=CARTESIAN_POINT('Ctrl Pts',(0.773546256384353,-45.2798452662228,0.01));
#7491=CARTESIAN_POINT('Ctrl Pts',(0.899556733667845,-44.9354535341263,0.01));
#7492=CARTESIAN_POINT('Ctrl Pts',(1.00758101087743,-44.640218814453,0.01));
#7493=CARTESIAN_POINT('Ctrl Pts',(1.19529789334503,-44.3728036683006,0.01));
#7494=CARTESIAN_POINT('Ctrl Pts',(1.38301477581262,-44.1053885221481,0.01));
#7495=CARTESIAN_POINT('',(3.07810411602258,-43.414734005928,0.01));
#7496=CARTESIAN_POINT('Ctrl Pts',(1.38301477581262,-44.1053885221481,0.01));
#7497=CARTESIAN_POINT('Ctrl Pts',(1.61978413145392,-43.9039981561091,0.01));
#7498=CARTESIAN_POINT('Ctrl Pts',(1.85655348709522,-43.7026077900701,0.01));
#7499=CARTESIAN_POINT('Ctrl Pts',(2.12909326702356,-43.587397634983,0.01));
#7500=CARTESIAN_POINT('Ctrl Pts',(2.41853394076157,-43.4650430014003,0.01));
#7501=CARTESIAN_POINT('Ctrl Pts',(2.74831902839207,-43.4398885036642,0.01));
#7502=CARTESIAN_POINT('Ctrl Pts',(3.07810411602258,-43.414734005928,0.01));
#7503=CARTESIAN_POINT('',(4.56855402141809,-43.9570254087448,0.01));
#7504=CARTESIAN_POINT('Ctrl Pts',(3.07810411602258,-43.414734005928,0.01));
#7505=CARTESIAN_POINT('Ctrl Pts',(3.36516184747706,-43.4332885040878,0.01));
#7506=CARTESIAN_POINT('Ctrl Pts',(3.65221957893153,-43.4518430022476,0.01));
#7507=CARTESIAN_POINT('Ctrl Pts',(3.90944824367761,-43.5503068566322,0.01));
#7508=CARTESIAN_POINT('Ctrl Pts',(4.14596233802037,-43.6408414374817,0.01));
#7509=CARTESIAN_POINT('Ctrl Pts',(4.35725817971923,-43.7989334231133,0.01));
#7510=CARTESIAN_POINT('Ctrl Pts',(4.56855402141809,-43.9570254087448,0.01));
#7511=CARTESIAN_POINT('',(5.08015260845422,-44.8778992891312,0.01));
#7512=CARTESIAN_POINT('Ctrl Pts',(4.56855402141809,-43.9570254087448,0.01));
#7513=CARTESIAN_POINT('Ctrl Pts',(4.67690374862819,-44.0821498380473,0.01));
#7514=CARTESIAN_POINT('Ctrl Pts',(4.78525347583828,-44.2072742673497,0.01));
#7515=CARTESIAN_POINT('Ctrl Pts',(4.8669873252511,-44.3475443124771,0.01));
#7516=CARTESIAN_POINT('Ctrl Pts',(4.96204076549694,-44.5106731807316,0.01));
#7517=CARTESIAN_POINT('Ctrl Pts',(5.02109668697559,-44.6942862349314,0.01));
#7518=CARTESIAN_POINT('Ctrl Pts',(5.08015260845422,-44.8778992891312,0.01));
#7519=CARTESIAN_POINT('',(4.08083305507898,-45.1166433095932,0.01));
#7520=CARTESIAN_POINT('',(2.05076551977287,-45.6016398090127,0.01));
#7521=CARTESIAN_POINT('',(3.71077881008386,-44.5027285814285,0.01));
#7522=CARTESIAN_POINT('Ctrl Pts',(4.08083305507898,-45.1166433095932,0.01));
#7523=CARTESIAN_POINT('Ctrl Pts',(4.04459965089911,-44.9949640598731,0.01));
#7524=CARTESIAN_POINT('Ctrl Pts',(4.00836624671923,-44.873284810153,0.01));
#7525=CARTESIAN_POINT('Ctrl Pts',(3.94398317486047,-44.7687584161758,0.01));
#7526=CARTESIAN_POINT('Ctrl Pts',(3.88305486912933,-44.6698408605925,0.01));
#7527=CARTESIAN_POINT('Ctrl Pts',(3.7969168396066,-44.5862847210105,0.01));
#7528=CARTESIAN_POINT('Ctrl Pts',(3.71077881008386,-44.5027285814285,0.01));
#7529=CARTESIAN_POINT('',(3.02694425731897,-44.2776256799698,0.01));
#7530=CARTESIAN_POINT('Ctrl Pts',(3.71077881008386,-44.5027285814285,0.01));
#7531=CARTESIAN_POINT('Ctrl Pts',(3.61003257806241,-44.4370900342071,0.01));
#7532=CARTESIAN_POINT('Ctrl Pts',(3.50928634604096,-44.3714514869857,0.01));
#7533=CARTESIAN_POINT('Ctrl Pts',(3.39912996441125,-44.3339014053345,0.01));
#7534=CARTESIAN_POINT('Ctrl Pts',(3.28214355595555,-44.2940231057334,0.01));
#7535=CARTESIAN_POINT('Ctrl Pts',(3.15454390663726,-44.2858243928516,0.01));
#7536=CARTESIAN_POINT('Ctrl Pts',(3.02694425731897,-44.2776256799698,0.01));
#7537=CARTESIAN_POINT('',(2.12483034282922,-44.6766710281372,0.01));
#7538=CARTESIAN_POINT('Ctrl Pts',(3.02694425731897,-44.2776256799698,0.01));
#7539=CARTESIAN_POINT('Ctrl Pts',(2.85124599988226,-44.293256629675,0.01));
#7540=CARTESIAN_POINT('Ctrl Pts',(2.67554774244555,-44.3088875793802,0.01));
#7541=CARTESIAN_POINT('Ctrl Pts',(2.52344713360071,-44.3773871660233,0.01));
#7542=CARTESIAN_POINT('Ctrl Pts',(2.37573851406881,-44.4439087891673,0.01));
#7543=CARTESIAN_POINT('Ctrl Pts',(2.25028442844902,-44.5602899086522,0.01));
#7544=CARTESIAN_POINT('Ctrl Pts',(2.12483034282922,-44.6766710281372,0.01));
#7545=CARTESIAN_POINT('',(1.77865133434534,-45.9693038463592,0.01));
#7546=CARTESIAN_POINT('Ctrl Pts',(2.12483034282922,-44.6766710281372,0.01));
#7547=CARTESIAN_POINT('Ctrl Pts',(2.02436295203725,-44.8467964521102,0.01));
#7548=CARTESIAN_POINT('Ctrl Pts',(1.92389556124527,-45.0169218760831,0.01));
#7549=CARTESIAN_POINT('Ctrl Pts',(1.86519727855921,-45.1993519067764,0.01));
#7550=CARTESIAN_POINT('Ctrl Pts',(1.78726988503612,-45.4415446276146,0.01));
#7551=CARTESIAN_POINT('Ctrl Pts',(1.78296060969072,-45.7054242369869,0.01));
#7552=CARTESIAN_POINT('Ctrl Pts',(1.77865133434534,-45.9693038463592,0.01));
#7553=CARTESIAN_POINT('',(2.11971388012171,-47.319917678833,0.01));
#7554=CARTESIAN_POINT('Ctrl Pts',(1.77865133434534,-45.9693038463592,0.01));
#7555=CARTESIAN_POINT('Ctrl Pts',(1.78158097035059,-46.247044286015,0.01));
#7556=CARTESIAN_POINT('Ctrl Pts',(1.78451060635586,-46.5247847256708,0.01));
#7557=CARTESIAN_POINT('Ctrl Pts',(1.86391697078944,-46.7810362577438,0.01));
#7558=CARTESIAN_POINT('Ctrl Pts',(1.92195036631612,-46.9683152828093,0.01));
#7559=CARTESIAN_POINT('Ctrl Pts',(2.02083212321891,-47.1441164808211,0.01));
#7560=CARTESIAN_POINT('Ctrl Pts',(2.11971388012171,-47.319917678833,0.01));
#7561=CARTESIAN_POINT('',(3.00648079067468,-47.7223736047745,0.01));
#7562=CARTESIAN_POINT('Ctrl Pts',(2.11971388012171,-47.319917678833,0.01));
#7563=CARTESIAN_POINT('Ctrl Pts',(2.2428006265984,-47.4372975712645,0.01));
#7564=CARTESIAN_POINT('Ctrl Pts',(2.36588737307509,-47.5546774636961,0.01));
#7565=CARTESIAN_POINT('Ctrl Pts',(2.51193866878748,-47.6217597723007,0.01));
#7566=CARTESIAN_POINT('Ctrl Pts',(2.66086719523734,-47.6901636116683,0.01));
#7567=CARTESIAN_POINT('Ctrl Pts',(2.83367399295601,-47.7062686082214,0.01));
#7568=CARTESIAN_POINT('Ctrl Pts',(3.00648079067468,-47.7223736047745,0.01));
#7569=CARTESIAN_POINT('',(3.69884119182825,-47.4665755033493,0.01));
#7570=CARTESIAN_POINT('Ctrl Pts',(3.00648079067468,-47.7223736047745,0.01));
#7571=CARTESIAN_POINT('Ctrl Pts',(3.13539564732932,-47.7121955593118,0.01));
#7572=CARTESIAN_POINT('Ctrl Pts',(3.26431050398397,-47.7020175138492,0.01));
#7573=CARTESIAN_POINT('Ctrl Pts',(3.38080034404993,-47.6584243774414,0.01));
#7574=CARTESIAN_POINT('Ctrl Pts',(3.4947383713355,-47.6157861871693,0.01));
#7575=CARTESIAN_POINT('Ctrl Pts',(3.59678978158188,-47.5411808452593,0.01));
#7576=CARTESIAN_POINT('Ctrl Pts',(3.69884119182825,-47.4665755033493,0.01));
#7577=CARTESIAN_POINT('Ctrl Pts',(3.69884119182825,-47.4665755033493,0.01));
#7578=CARTESIAN_POINT('Ctrl Pts',(3.79024977906784,-47.3613853139588,0.01));
#7579=CARTESIAN_POINT('Ctrl Pts',(3.88165836630743,-47.2561951245683,0.01));
#7580=CARTESIAN_POINT('Ctrl Pts',(3.94781694561242,-47.1374487876892,0.01));
#7581=CARTESIAN_POINT('Ctrl Pts',(4.02865867590045,-46.9923480397663,0.01));
#7582=CARTESIAN_POINT('Ctrl Pts',(4.07179875435995,-46.8270061436396,0.01));
#7583=CARTESIAN_POINT('Ctrl Pts',(4.11493883281946,-46.6616642475128,0.01));
#7584=CARTESIAN_POINT('Ctrl Pts',(5.08015260845422,-44.8778992891312,0.));
#7585=CARTESIAN_POINT('Ctrl Pts',(5.08015260845422,-44.8778992891312,0.02));
#7586=CARTESIAN_POINT('Ctrl Pts',(5.02109668697559,-44.6942862349314,0.));
#7587=CARTESIAN_POINT('Ctrl Pts',(5.02109668697559,-44.6942862349314,0.02));
#7588=CARTESIAN_POINT('Ctrl Pts',(4.91126019637092,-44.3527893452451,0.));
#7589=CARTESIAN_POINT('Ctrl Pts',(4.91126019637092,-44.3527893452451,0.02));
#7590=CARTESIAN_POINT('Ctrl Pts',(4.67690374862819,-44.0821498380473,0.));
#7591=CARTESIAN_POINT('Ctrl Pts',(4.67690374862819,-44.0821498380473,0.02));
#7592=CARTESIAN_POINT('Ctrl Pts',(4.56855402141809,-43.9570254087448,0.));
#7593=CARTESIAN_POINT('Ctrl Pts',(4.56855402141809,-43.9570254087448,0.02));
#7594=CARTESIAN_POINT('',(4.56855402141809,-43.9570254087448,0.02));
#7595=CARTESIAN_POINT('',(4.56855402141809,-43.9570254087448,0.));
#7596=CARTESIAN_POINT('',(5.08015260845422,-44.8778992891312,0.02));
#7597=CARTESIAN_POINT('Ctrl Pts',(5.08015260845422,-44.8778992891312,0.02));
#7598=CARTESIAN_POINT('Ctrl Pts',(5.02109668697559,-44.6942862349314,0.02));
#7599=CARTESIAN_POINT('Ctrl Pts',(4.91126019637092,-44.3527893452451,0.02));
#7600=CARTESIAN_POINT('Ctrl Pts',(4.67690374862819,-44.0821498380473,0.02));
#7601=CARTESIAN_POINT('Ctrl Pts',(4.56855402141809,-43.9570254087448,0.02));
#7602=CARTESIAN_POINT('',(5.08015260845422,-44.8778992891312,0.));
#7603=CARTESIAN_POINT('Ctrl Pts',(4.56855402141809,-43.9570254087448,0.));
#7604=CARTESIAN_POINT('Ctrl Pts',(4.56855402141809,-43.9570254087448,0.02));
#7605=CARTESIAN_POINT('Ctrl Pts',(4.35725817971923,-43.7989334231133,0.));
#7606=CARTESIAN_POINT('Ctrl Pts',(4.35725817971923,-43.7989334231133,0.02));
#7607=CARTESIAN_POINT('Ctrl Pts',(3.91616061149903,-43.4689033105635,0.));
#7608=CARTESIAN_POINT('Ctrl Pts',(3.91616061149903,-43.4689033105635,0.02));
#7609=CARTESIAN_POINT('Ctrl Pts',(3.36516184747706,-43.4332885040878,0.));
#7610=CARTESIAN_POINT('Ctrl Pts',(3.36516184747706,-43.4332885040878,0.02));
#7611=CARTESIAN_POINT('Ctrl Pts',(3.07810411602258,-43.414734005928,0.));
#7612=CARTESIAN_POINT('Ctrl Pts',(3.07810411602258,-43.414734005928,0.02));
#7613=CARTESIAN_POINT('',(3.07810411602258,-43.414734005928,0.02));
#7614=CARTESIAN_POINT('',(3.07810411602258,-43.414734005928,0.));
#7615=CARTESIAN_POINT('Ctrl Pts',(4.56855402141809,-43.9570254087448,0.02));
#7616=CARTESIAN_POINT('Ctrl Pts',(4.35725817971923,-43.7989334231133,0.02));
#7617=CARTESIAN_POINT('Ctrl Pts',(3.91616061149903,-43.4689033105635,0.02));
#7618=CARTESIAN_POINT('Ctrl Pts',(3.36516184747706,-43.4332885040878,0.02));
#7619=CARTESIAN_POINT('Ctrl Pts',(3.07810411602258,-43.414734005928,0.02));
#7620=CARTESIAN_POINT('Ctrl Pts',(3.07810411602258,-43.414734005928,0.));
#7621=CARTESIAN_POINT('Ctrl Pts',(3.07810411602258,-43.414734005928,0.02));
#7622=CARTESIAN_POINT('Ctrl Pts',(2.74831902839207,-43.4398885036642,0.));
#7623=CARTESIAN_POINT('Ctrl Pts',(2.74831902839207,-43.4398885036642,0.02));
#7624=CARTESIAN_POINT('Ctrl Pts',(2.10800552039234,-43.488728688656,0.));
#7625=CARTESIAN_POINT('Ctrl Pts',(2.10800552039234,-43.488728688656,0.02));
#7626=CARTESIAN_POINT('Ctrl Pts',(1.61978413145392,-43.9039981561091,0.));
#7627=CARTESIAN_POINT('Ctrl Pts',(1.61978413145392,-43.9039981561091,0.02));
#7628=CARTESIAN_POINT('Ctrl Pts',(1.38301477581262,-44.1053885221481,0.));
#7629=CARTESIAN_POINT('Ctrl Pts',(1.38301477581262,-44.1053885221481,0.02));
#7630=CARTESIAN_POINT('',(1.38301477581262,-44.1053885221481,0.02));
#7631=CARTESIAN_POINT('',(1.38301477581262,-44.1053885221481,0.));
#7632=CARTESIAN_POINT('Ctrl Pts',(3.07810411602258,-43.414734005928,0.02));
#7633=CARTESIAN_POINT('Ctrl Pts',(2.74831902839207,-43.4398885036642,0.02));
#7634=CARTESIAN_POINT('Ctrl Pts',(2.10800552039234,-43.488728688656,0.02));
#7635=CARTESIAN_POINT('Ctrl Pts',(1.61978413145392,-43.9039981561091,0.02));
#7636=CARTESIAN_POINT('Ctrl Pts',(1.38301477581262,-44.1053885221481,0.02));
#7637=CARTESIAN_POINT('Ctrl Pts',(1.38301477581262,-44.1053885221481,0.));
#7638=CARTESIAN_POINT('Ctrl Pts',(1.38301477581262,-44.1053885221481,0.02));
#7639=CARTESIAN_POINT('Ctrl Pts',(1.19529789334503,-44.3728036683006,0.));
#7640=CARTESIAN_POINT('Ctrl Pts',(1.19529789334503,-44.3728036683006,0.02));
#7641=CARTESIAN_POINT('Ctrl Pts',(0.788608993059454,-44.9521589733686,0.));
#7642=CARTESIAN_POINT('Ctrl Pts',(0.788608993059454,-44.9521589733686,0.02));
#7643=CARTESIAN_POINT('Ctrl Pts',(0.755975552032937,-45.6620918058752,0.));
#7644=CARTESIAN_POINT('Ctrl Pts',(0.755975552032937,-45.6620918058752,0.02));
#7645=CARTESIAN_POINT('Ctrl Pts',(0.73840484768152,-46.0443383455276,0.));
#7646=CARTESIAN_POINT('Ctrl Pts',(0.73840484768152,-46.0443383455276,0.02));
#7647=CARTESIAN_POINT('',(0.73840484768152,-46.0443383455276,0.02));
#7648=CARTESIAN_POINT('',(0.73840484768152,-46.0443383455276,0.));
#7649=CARTESIAN_POINT('Ctrl Pts',(1.38301477581262,-44.1053885221481,0.02));
#7650=CARTESIAN_POINT('Ctrl Pts',(1.19529789334503,-44.3728036683006,0.02));
#7651=CARTESIAN_POINT('Ctrl Pts',(0.788608993059454,-44.9521589733686,0.02));
#7652=CARTESIAN_POINT('Ctrl Pts',(0.755975552032937,-45.6620918058752,0.02));
#7653=CARTESIAN_POINT('Ctrl Pts',(0.73840484768152,-46.0443383455276,0.02));
#7654=CARTESIAN_POINT('Ctrl Pts',(0.73840484768152,-46.0443383455276,0.));
#7655=CARTESIAN_POINT('Ctrl Pts',(0.73840484768152,-46.0443383455276,0.02));
#7656=CARTESIAN_POINT('Ctrl Pts',(0.757519970029792,-46.4083759021919,0.));
#7657=CARTESIAN_POINT('Ctrl Pts',(0.757519970029792,-46.4083759021919,0.02));
#7658=CARTESIAN_POINT('Ctrl Pts',(0.79343478755967,-47.0923549101944,0.));
#7659=CARTESIAN_POINT('Ctrl Pts',(0.79343478755967,-47.0923549101944,0.02));
#7660=CARTESIAN_POINT('Ctrl Pts',(1.19279748959143,-47.6459091760998,0.));
#7661=CARTESIAN_POINT('Ctrl Pts',(1.19279748959143,-47.6459091760998,0.02));
#7662=CARTESIAN_POINT('Ctrl Pts',(1.37960539013147,-47.9048424959183,0.));
#7663=CARTESIAN_POINT('Ctrl Pts',(1.37960539013147,-47.9048424959183,0.02));
#7664=CARTESIAN_POINT('',(1.37960539013147,-47.9048424959183,0.02));
#7665=CARTESIAN_POINT('',(1.37960539013147,-47.9048424959183,0.));
#7666=CARTESIAN_POINT('Ctrl Pts',(0.73840484768152,-46.0443383455276,0.02));
#7667=CARTESIAN_POINT('Ctrl Pts',(0.757519970029792,-46.4083759021919,0.02));
#7668=CARTESIAN_POINT('Ctrl Pts',(0.79343478755967,-47.0923549101944,0.02));
#7669=CARTESIAN_POINT('Ctrl Pts',(1.19279748959143,-47.6459091760998,0.02));
#7670=CARTESIAN_POINT('Ctrl Pts',(1.37960539013147,-47.9048424959183,0.02));
#7671=CARTESIAN_POINT('Ctrl Pts',(1.37960539013147,-47.9048424959183,0.));
#7672=CARTESIAN_POINT('Ctrl Pts',(1.37960539013147,-47.9048424959183,0.02));
#7673=CARTESIAN_POINT('Ctrl Pts',(1.61099285013736,-48.1032812551666,0.));
#7674=CARTESIAN_POINT('Ctrl Pts',(1.61099285013736,-48.1032812551666,0.02));
#7675=CARTESIAN_POINT('Ctrl Pts',(2.08220007343012,-48.507390348791,0.));
#7676=CARTESIAN_POINT('Ctrl Pts',(2.08220007343012,-48.507390348791,0.02));
#7677=CARTESIAN_POINT('Ctrl Pts',(2.70151335344999,-48.5589995156655,0.));
#7678=CARTESIAN_POINT('Ctrl Pts',(2.70151335344999,-48.5589995156655,0.02));
#7679=CARTESIAN_POINT('Ctrl Pts',(3.01671133190393,-48.5852658748627,0.));
#7680=CARTESIAN_POINT('Ctrl Pts',(3.01671133190393,-48.5852658748627,0.02));
#7681=CARTESIAN_POINT('',(3.01671133190393,-48.5852658748627,0.02));
#7682=CARTESIAN_POINT('',(3.01671133190393,-48.5852658748627,0.));
#7683=CARTESIAN_POINT('Ctrl Pts',(1.37960539013147,-47.9048424959183,0.02));
#7684=CARTESIAN_POINT('Ctrl Pts',(1.61099285013736,-48.1032812551666,0.02));
#7685=CARTESIAN_POINT('Ctrl Pts',(2.08220007343012,-48.507390348791,0.02));
#7686=CARTESIAN_POINT('Ctrl Pts',(2.70151335344999,-48.5589995156655,0.02));
#7687=CARTESIAN_POINT('Ctrl Pts',(3.01671133190393,-48.5852658748627,0.02));
#7688=CARTESIAN_POINT('Ctrl Pts',(3.01671133190393,-48.5852658748627,0.));
#7689=CARTESIAN_POINT('Ctrl Pts',(3.01671133190393,-48.5852658748627,0.02));
#7690=CARTESIAN_POINT('Ctrl Pts',(3.26789909783546,-48.5726418647067,0.));
#7691=CARTESIAN_POINT('Ctrl Pts',(3.26789909783546,-48.5726418647067,0.02));
#7692=CARTESIAN_POINT('Ctrl Pts',(3.74424976675293,-48.5487017828324,0.));
#7693=CARTESIAN_POINT('Ctrl Pts',(3.74424976675293,-48.5487017828324,0.02));
#7694=CARTESIAN_POINT('Ctrl Pts',(4.15228625266564,-48.3037230964434,0.));
#7695=CARTESIAN_POINT('Ctrl Pts',(4.15228625266564,-48.3037230964434,0.02));
#7696=CARTESIAN_POINT('Ctrl Pts',(4.34515819698572,-48.1879258155823,0.));
#7697=CARTESIAN_POINT('Ctrl Pts',(4.34515819698572,-48.1879258155823,0.02));
#7698=CARTESIAN_POINT('',(4.34515819698572,-48.1879258155823,0.02));
#7699=CARTESIAN_POINT('',(4.34515819698572,-48.1879258155823,0.));
#7700=CARTESIAN_POINT('Ctrl Pts',(3.01671133190393,-48.5852658748627,0.02));
#7701=CARTESIAN_POINT('Ctrl Pts',(3.26789909783546,-48.5726418647067,0.02));
#7702=CARTESIAN_POINT('Ctrl Pts',(3.74424976675293,-48.5487017828324,0.02));
#7703=CARTESIAN_POINT('Ctrl Pts',(4.15228625266564,-48.3037230964434,0.02));
#7704=CARTESIAN_POINT('Ctrl Pts',(4.34515819698572,-48.1879258155823,0.02));
#7705=CARTESIAN_POINT('Ctrl Pts',(4.34515819698572,-48.1879258155823,0.));
#7706=CARTESIAN_POINT('Ctrl Pts',(4.34515819698572,-48.1879258155823,0.02));
#7707=CARTESIAN_POINT('Ctrl Pts',(4.50937564207774,-48.0295855994863,0.));
#7708=CARTESIAN_POINT('Ctrl Pts',(4.50937564207774,-48.0295855994863,0.02));
#7709=CARTESIAN_POINT('Ctrl Pts',(4.86211179009019,-47.6894736347078,0.));
#7710=CARTESIAN_POINT('Ctrl Pts',(4.86211179009019,-47.6894736347078,0.02));
#7711=CARTESIAN_POINT('Ctrl Pts',(5.01309984036709,-47.2219169538394,0.));
#7712=CARTESIAN_POINT('Ctrl Pts',(5.01309984036709,-47.2219169538394,0.02));
#7713=CARTESIAN_POINT('Ctrl Pts',(5.09379491955042,-46.9720327854156,0.));
#7714=CARTESIAN_POINT('Ctrl Pts',(5.09379491955042,-46.9720327854156,0.02));
#7715=CARTESIAN_POINT('',(5.09379491955042,-46.9720327854156,0.02));
#7716=CARTESIAN_POINT('',(5.09379491955042,-46.9720327854156,0.));
#7717=CARTESIAN_POINT('Ctrl Pts',(4.34515819698572,-48.1879258155823,0.02));
#7718=CARTESIAN_POINT('Ctrl Pts',(4.50937564207774,-48.0295855994863,0.02));
#7719=CARTESIAN_POINT('Ctrl Pts',(4.86211179009019,-47.6894736347078,0.02));
#7720=CARTESIAN_POINT('Ctrl Pts',(5.01309984036709,-47.2219169538394,0.02));
#7721=CARTESIAN_POINT('Ctrl Pts',(5.09379491955042,-46.9720327854156,0.02));
#7722=CARTESIAN_POINT('Origin',(5.09379491955042,-46.9720327854156,0.));
#7723=CARTESIAN_POINT('',(4.11493883281946,-46.6616642475128,0.02));
#7724=CARTESIAN_POINT('',(4.11493883281946,-46.6616642475128,0.));
#7725=CARTESIAN_POINT('',(4.11493883281946,-46.6616642475128,0.02));
#7726=CARTESIAN_POINT('Origin',(4.08083305507898,-45.1166433095932,0.));
#7727=CARTESIAN_POINT('',(4.08083305507898,-45.1166433095932,0.02));
#7728=CARTESIAN_POINT('',(5.08015260845422,-44.8778992891312,0.02));
#7729=CARTESIAN_POINT('',(4.08083305507898,-45.1166433095932,0.));
#7730=CARTESIAN_POINT('Ctrl Pts',(3.71077881008386,-44.5027285814285,0.));
#7731=CARTESIAN_POINT('Ctrl Pts',(3.71077881008386,-44.5027285814285,0.02));
#7732=CARTESIAN_POINT('Ctrl Pts',(3.7969168396066,-44.5862847210105,0.));
#7733=CARTESIAN_POINT('Ctrl Pts',(3.7969168396066,-44.5862847210105,0.02));
#7734=CARTESIAN_POINT('Ctrl Pts',(3.974077110401,-44.7581348132044,0.));
#7735=CARTESIAN_POINT('Ctrl Pts',(3.974077110401,-44.7581348132044,0.02));
#7736=CARTESIAN_POINT('Ctrl Pts',(4.04459965089911,-44.9949640598731,0.));
#7737=CARTESIAN_POINT('Ctrl Pts',(4.04459965089911,-44.9949640598731,0.02));
#7738=CARTESIAN_POINT('Ctrl Pts',(4.08083305507898,-45.1166433095932,0.));
#7739=CARTESIAN_POINT('Ctrl Pts',(4.08083305507898,-45.1166433095932,0.02));
#7740=CARTESIAN_POINT('',(3.71077881008386,-44.5027285814285,0.02));
#7741=CARTESIAN_POINT('Ctrl Pts',(3.71077881008386,-44.5027285814285,0.02));
#7742=CARTESIAN_POINT('Ctrl Pts',(3.7969168396066,-44.5862847210105,0.02));
#7743=CARTESIAN_POINT('Ctrl Pts',(3.974077110401,-44.7581348132044,0.02));
#7744=CARTESIAN_POINT('Ctrl Pts',(4.04459965089911,-44.9949640598731,0.02));
#7745=CARTESIAN_POINT('Ctrl Pts',(4.08083305507898,-45.1166433095932,0.02));
#7746=CARTESIAN_POINT('',(3.71077881008386,-44.5027285814285,0.));
#7747=CARTESIAN_POINT('Ctrl Pts',(3.02694425731897,-44.2776256799698,0.));
#7748=CARTESIAN_POINT('Ctrl Pts',(3.02694425731897,-44.2776256799698,0.02));
#7749=CARTESIAN_POINT('Ctrl Pts',(3.15454390663726,-44.2858243928516,0.));
#7750=CARTESIAN_POINT('Ctrl Pts',(3.15454390663726,-44.2858243928516,0.02));
#7751=CARTESIAN_POINT('Ctrl Pts',(3.4022935447591,-44.3017431525064,0.));
#7752=CARTESIAN_POINT('Ctrl Pts',(3.4022935447591,-44.3017431525064,0.02));
#7753=CARTESIAN_POINT('Ctrl Pts',(3.61003257806241,-44.4370900342071,0.));
#7754=CARTESIAN_POINT('Ctrl Pts',(3.61003257806241,-44.4370900342071,0.02));
#7755=CARTESIAN_POINT('Ctrl Pts',(3.71077881008386,-44.5027285814285,0.));
#7756=CARTESIAN_POINT('Ctrl Pts',(3.71077881008386,-44.5027285814285,0.02));
#7757=CARTESIAN_POINT('',(3.02694425731897,-44.2776256799698,0.02));
#7758=CARTESIAN_POINT('Ctrl Pts',(3.02694425731897,-44.2776256799698,0.02));
#7759=CARTESIAN_POINT('Ctrl Pts',(3.15454390663726,-44.2858243928516,0.02));
#7760=CARTESIAN_POINT('Ctrl Pts',(3.4022935447591,-44.3017431525064,0.02));
#7761=CARTESIAN_POINT('Ctrl Pts',(3.61003257806241,-44.4370900342071,0.02));
#7762=CARTESIAN_POINT('Ctrl Pts',(3.71077881008386,-44.5027285814285,0.02));
#7763=CARTESIAN_POINT('',(3.02694425731897,-44.2776256799698,0.));
#7764=CARTESIAN_POINT('Ctrl Pts',(2.12483034282922,-44.6766710281372,0.));
#7765=CARTESIAN_POINT('Ctrl Pts',(2.12483034282922,-44.6766710281372,0.02));
#7766=CARTESIAN_POINT('Ctrl Pts',(2.25028442844902,-44.5602899086522,0.));
#7767=CARTESIAN_POINT('Ctrl Pts',(2.25028442844902,-44.5602899086522,0.02));
#7768=CARTESIAN_POINT('Ctrl Pts',(2.50492286949313,-44.3240671767563,0.));
#7769=CARTESIAN_POINT('Ctrl Pts',(2.50492286949313,-44.3240671767563,0.02));
#7770=CARTESIAN_POINT('Ctrl Pts',(2.85124599988226,-44.293256629675,0.));
#7771=CARTESIAN_POINT('Ctrl Pts',(2.85124599988226,-44.293256629675,0.02));
#7772=CARTESIAN_POINT('Ctrl Pts',(3.02694425731897,-44.2776256799698,0.));
#7773=CARTESIAN_POINT('Ctrl Pts',(3.02694425731897,-44.2776256799698,0.02));
#7774=CARTESIAN_POINT('',(2.12483034282922,-44.6766710281372,0.02));
#7775=CARTESIAN_POINT('Ctrl Pts',(2.12483034282922,-44.6766710281372,0.02));
#7776=CARTESIAN_POINT('Ctrl Pts',(2.25028442844902,-44.5602899086522,0.02));
#7777=CARTESIAN_POINT('Ctrl Pts',(2.50492286949313,-44.3240671767563,0.02));
#7778=CARTESIAN_POINT('Ctrl Pts',(2.85124599988226,-44.293256629675,0.02));
#7779=CARTESIAN_POINT('Ctrl Pts',(3.02694425731897,-44.2776256799698,0.02));
#7780=CARTESIAN_POINT('',(2.12483034282922,-44.6766710281372,0.));
#7781=CARTESIAN_POINT('Ctrl Pts',(1.77865133434534,-45.9693038463592,0.));
#7782=CARTESIAN_POINT('Ctrl Pts',(1.77865133434534,-45.9693038463592,0.02));
#7783=CARTESIAN_POINT('Ctrl Pts',(1.78296060969072,-45.7054242369869,0.));
#7784=CARTESIAN_POINT('Ctrl Pts',(1.78296060969072,-45.7054242369869,0.02));
#7785=CARTESIAN_POINT('Ctrl Pts',(1.79051581757614,-45.2427790946517,0.));
#7786=CARTESIAN_POINT('Ctrl Pts',(1.79051581757614,-45.2427790946517,0.02));
#7787=CARTESIAN_POINT('Ctrl Pts',(2.02436295203725,-44.8467964521102,0.));
#7788=CARTESIAN_POINT('Ctrl Pts',(2.02436295203725,-44.8467964521102,0.02));
#7789=CARTESIAN_POINT('Ctrl Pts',(2.12483034282922,-44.6766710281372,0.));
#7790=CARTESIAN_POINT('Ctrl Pts',(2.12483034282922,-44.6766710281372,0.02));
#7791=CARTESIAN_POINT('',(1.77865133434534,-45.9693038463592,0.02));
#7792=CARTESIAN_POINT('Ctrl Pts',(1.77865133434534,-45.9693038463592,0.02));
#7793=CARTESIAN_POINT('Ctrl Pts',(1.78296060969072,-45.7054242369869,0.02));
#7794=CARTESIAN_POINT('Ctrl Pts',(1.79051581757614,-45.2427790946517,0.02));
#7795=CARTESIAN_POINT('Ctrl Pts',(2.02436295203725,-44.8467964521102,0.02));
#7796=CARTESIAN_POINT('Ctrl Pts',(2.12483034282922,-44.6766710281372,0.02));
#7797=CARTESIAN_POINT('',(1.77865133434534,-45.9693038463592,0.));
#7798=CARTESIAN_POINT('Ctrl Pts',(2.11971388012171,-47.319917678833,0.));
#7799=CARTESIAN_POINT('Ctrl Pts',(2.11971388012171,-47.319917678833,0.02));
#7800=CARTESIAN_POINT('Ctrl Pts',(2.02083212321891,-47.1441164808211,0.));
#7801=CARTESIAN_POINT('Ctrl Pts',(2.02083212321891,-47.1441164808211,0.02));
#7802=CARTESIAN_POINT('Ctrl Pts',(1.78665170331018,-46.7277687169828,0.));
#7803=CARTESIAN_POINT('Ctrl Pts',(1.78665170331018,-46.7277687169828,0.02));
#7804=CARTESIAN_POINT('Ctrl Pts',(1.78158097035059,-46.247044286015,0.));
#7805=CARTESIAN_POINT('Ctrl Pts',(1.78158097035059,-46.247044286015,0.02));
#7806=CARTESIAN_POINT('Ctrl Pts',(1.77865133434534,-45.9693038463592,0.));
#7807=CARTESIAN_POINT('Ctrl Pts',(1.77865133434534,-45.9693038463592,0.02));
#7808=CARTESIAN_POINT('',(2.11971388012171,-47.319917678833,0.02));
#7809=CARTESIAN_POINT('Ctrl Pts',(2.11971388012171,-47.319917678833,0.02));
#7810=CARTESIAN_POINT('Ctrl Pts',(2.02083212321891,-47.1441164808211,0.02));
#7811=CARTESIAN_POINT('Ctrl Pts',(1.78665170331018,-46.7277687169828,0.02));
#7812=CARTESIAN_POINT('Ctrl Pts',(1.78158097035059,-46.247044286015,0.02));
#7813=CARTESIAN_POINT('Ctrl Pts',(1.77865133434534,-45.9693038463592,0.02));
#7814=CARTESIAN_POINT('',(2.11971388012171,-47.319917678833,0.));
#7815=CARTESIAN_POINT('Ctrl Pts',(3.00648079067468,-47.7223736047745,0.));
#7816=CARTESIAN_POINT('Ctrl Pts',(3.00648079067468,-47.7223736047745,0.02));
#7817=CARTESIAN_POINT('Ctrl Pts',(2.83367399295601,-47.7062686082214,0.));
#7818=CARTESIAN_POINT('Ctrl Pts',(2.83367399295601,-47.7062686082214,0.02));
#7819=CARTESIAN_POINT('Ctrl Pts',(2.49139894549125,-47.6743697562526,0.));
#7820=CARTESIAN_POINT('Ctrl Pts',(2.49139894549125,-47.6743697562526,0.02));
#7821=CARTESIAN_POINT('Ctrl Pts',(2.2428006265984,-47.4372975712645,0.));
#7822=CARTESIAN_POINT('Ctrl Pts',(2.2428006265984,-47.4372975712645,0.02));
#7823=CARTESIAN_POINT('Ctrl Pts',(2.11971388012171,-47.319917678833,0.));
#7824=CARTESIAN_POINT('Ctrl Pts',(2.11971388012171,-47.319917678833,0.02));
#7825=CARTESIAN_POINT('',(3.00648079067468,-47.7223736047745,0.02));
#7826=CARTESIAN_POINT('Ctrl Pts',(3.00648079067468,-47.7223736047745,0.02));
#7827=CARTESIAN_POINT('Ctrl Pts',(2.83367399295601,-47.7062686082214,0.02));
#7828=CARTESIAN_POINT('Ctrl Pts',(2.49139894549125,-47.6743697562526,0.02));
#7829=CARTESIAN_POINT('Ctrl Pts',(2.2428006265984,-47.4372975712645,0.02));
#7830=CARTESIAN_POINT('Ctrl Pts',(2.11971388012171,-47.319917678833,0.02));
#7831=CARTESIAN_POINT('',(3.00648079067468,-47.7223736047745,0.));
#7832=CARTESIAN_POINT('Ctrl Pts',(3.69884119182825,-47.4665755033493,0.));
#7833=CARTESIAN_POINT('Ctrl Pts',(3.69884119182825,-47.4665755033493,0.02));
#7834=CARTESIAN_POINT('Ctrl Pts',(3.59678978158188,-47.5411808452593,0.));
#7835=CARTESIAN_POINT('Ctrl Pts',(3.59678978158188,-47.5411808452593,0.02));
#7836=CARTESIAN_POINT('Ctrl Pts',(3.39040136690141,-47.6920624274573,0.));
#7837=CARTESIAN_POINT('Ctrl Pts',(3.39040136690141,-47.6920624274573,0.02));
#7838=CARTESIAN_POINT('Ctrl Pts',(3.13539564732932,-47.7121955593118,0.));
#7839=CARTESIAN_POINT('Ctrl Pts',(3.13539564732932,-47.7121955593118,0.02));
#7840=CARTESIAN_POINT('Ctrl Pts',(3.00648079067468,-47.7223736047745,0.));
#7841=CARTESIAN_POINT('Ctrl Pts',(3.00648079067468,-47.7223736047745,0.02));
#7842=CARTESIAN_POINT('',(3.69884119182825,-47.4665755033493,0.02));
#7843=CARTESIAN_POINT('Ctrl Pts',(3.69884119182825,-47.4665755033493,0.02));
#7844=CARTESIAN_POINT('Ctrl Pts',(3.59678978158188,-47.5411808452593,0.02));
#7845=CARTESIAN_POINT('Ctrl Pts',(3.39040136690141,-47.6920624274573,0.02));
#7846=CARTESIAN_POINT('Ctrl Pts',(3.13539564732932,-47.7121955593118,0.02));
#7847=CARTESIAN_POINT('Ctrl Pts',(3.00648079067468,-47.7223736047745,0.02));
#7848=CARTESIAN_POINT('',(3.69884119182825,-47.4665755033493,0.));
#7849=CARTESIAN_POINT('Ctrl Pts',(4.11493883281946,-46.6616642475128,0.));
#7850=CARTESIAN_POINT('Ctrl Pts',(4.11493883281946,-46.6616642475128,0.02));
#7851=CARTESIAN_POINT('Ctrl Pts',(4.07179875435995,-46.8270061436396,0.));
#7852=CARTESIAN_POINT('Ctrl Pts',(4.07179875435995,-46.8270061436396,0.02));
#7853=CARTESIAN_POINT('Ctrl Pts',(3.99335405919051,-47.1276591582736,0.));
#7854=CARTESIAN_POINT('Ctrl Pts',(3.99335405919051,-47.1276591582736,0.02));
#7855=CARTESIAN_POINT('Ctrl Pts',(3.79024977906784,-47.3613853139588,0.));
#7856=CARTESIAN_POINT('Ctrl Pts',(3.79024977906784,-47.3613853139588,0.02));
#7857=CARTESIAN_POINT('Ctrl Pts',(3.69884119182825,-47.4665755033493,0.));
#7858=CARTESIAN_POINT('Ctrl Pts',(3.69884119182825,-47.4665755033493,0.02));
#7859=CARTESIAN_POINT('Ctrl Pts',(4.11493883281946,-46.6616642475128,0.02));
#7860=CARTESIAN_POINT('Ctrl Pts',(4.07179875435995,-46.8270061436396,0.02));
#7861=CARTESIAN_POINT('Ctrl Pts',(3.99335405919051,-47.1276591582736,0.02));
#7862=CARTESIAN_POINT('Ctrl Pts',(3.79024977906784,-47.3613853139588,0.02));
#7863=CARTESIAN_POINT('Ctrl Pts',(3.69884119182825,-47.4665755033493,0.02));
#7864=CARTESIAN_POINT('Origin',(-1.41561034006088E-7,-45.9999999403953,
0.02));
#7865=CARTESIAN_POINT('Origin',(9.96077642589807,-43.4999996423721,0.));
#7866=CARTESIAN_POINT('',(8.95122633129358,-43.4999996423721,0.02));
#7867=CARTESIAN_POINT('',(8.95122633129358,-43.4999996423721,0.));
#7868=CARTESIAN_POINT('',(9.96077642589807,-43.4999996423721,0.02));
#7869=CARTESIAN_POINT('',(8.95122633129358,-43.4999996423721,0.02));
#7870=CARTESIAN_POINT('',(9.96077642589807,-43.4999996423721,0.));
#7871=CARTESIAN_POINT('Origin',(8.95122633129358,-43.4999996423721,0.));
#7872=CARTESIAN_POINT('',(8.95122633129358,-45.4679399728775,0.02));
#7873=CARTESIAN_POINT('',(8.95122633129358,-45.4679399728775,0.));
#7874=CARTESIAN_POINT('',(8.95122633129358,-45.4679399728775,0.02));
#7875=CARTESIAN_POINT('Origin',(8.95122633129358,-45.4679399728775,0.));
#7876=CARTESIAN_POINT('',(6.97305784374475,-45.4679399728775,0.02));
#7877=CARTESIAN_POINT('',(6.97305784374475,-45.4679399728775,0.));
#7878=CARTESIAN_POINT('',(6.97305784374475,-45.4679399728775,0.02));
#7879=CARTESIAN_POINT('Origin',(6.97305784374475,-45.4679399728775,0.));
#7880=CARTESIAN_POINT('',(6.97305784374475,-43.4999996423721,0.02));
#7881=CARTESIAN_POINT('',(6.97305784374475,-43.4999996423721,0.));
#7882=CARTESIAN_POINT('',(6.97305784374475,-43.4999996423721,0.02));
#7883=CARTESIAN_POINT('Origin',(6.97305784374475,-43.4999996423721,0.));
#7884=CARTESIAN_POINT('',(5.96350774914026,-43.4999996423721,0.02));
#7885=CARTESIAN_POINT('',(5.96350774914026,-43.4999996423721,0.));
#7886=CARTESIAN_POINT('',(5.96350774914026,-43.4999996423721,0.02));
#7887=CARTESIAN_POINT('Origin',(5.96350774914026,-43.4999996423721,0.));
#7888=CARTESIAN_POINT('',(5.96350774914026,-48.4999996423721,0.02));
#7889=CARTESIAN_POINT('',(5.96350774914026,-48.4999996423721,0.));
#7890=CARTESIAN_POINT('',(5.96350774914026,-48.4999996423721,0.02));
#7891=CARTESIAN_POINT('Origin',(9.96077642589807,-48.4999996423721,0.));
#7892=CARTESIAN_POINT('',(9.96077642589807,-48.4999996423721,0.02));
#7893=CARTESIAN_POINT('',(9.96077642589807,-43.4999996423721,0.02));
#7894=CARTESIAN_POINT('',(9.96077642589807,-48.4999996423721,0.));
#7895=CARTESIAN_POINT('Origin',(8.95122633129358,-48.4999996423721,0.));
#7896=CARTESIAN_POINT('',(8.95122633129358,-48.4999996423721,0.02));
#7897=CARTESIAN_POINT('',(9.96077642589807,-48.4999996423721,0.02));
#7898=CARTESIAN_POINT('',(8.95122633129358,-48.4999996423721,0.));
#7899=CARTESIAN_POINT('Origin',(8.95122633129358,-46.313778758049,0.));
#7900=CARTESIAN_POINT('',(8.95122633129358,-46.313778758049,0.02));
#7901=CARTESIAN_POINT('',(8.95122633129358,-48.4999996423721,0.02));
#7902=CARTESIAN_POINT('',(8.95122633129358,-46.313778758049,0.));
#7903=CARTESIAN_POINT('Origin',(6.97305784374475,-46.313778758049,0.));
#7904=CARTESIAN_POINT('',(6.97305784374475,-46.313778758049,0.02));
#7905=CARTESIAN_POINT('',(8.95122633129358,-46.313778758049,0.02));
#7906=CARTESIAN_POINT('',(6.97305784374475,-46.313778758049,0.));
#7907=CARTESIAN_POINT('Origin',(6.97305784374475,-48.4999996423721,0.));
#7908=CARTESIAN_POINT('',(6.97305784374475,-48.4999996423721,0.02));
#7909=CARTESIAN_POINT('',(6.97305784374475,-46.313778758049,0.02));
#7910=CARTESIAN_POINT('',(6.97305784374475,-48.4999996423721,0.));
#7911=CARTESIAN_POINT('Origin',(5.96350774914026,-48.4999996423721,0.));
#7912=CARTESIAN_POINT('',(6.97305784374475,-48.4999996423721,0.02));
#7913=CARTESIAN_POINT('Origin',(-1.41561034006088E-7,-45.9999999403953,
0.02));
#7914=CARTESIAN_POINT('Origin',(-6.06923475116492,-48.4999996423721,0.));
#7915=CARTESIAN_POINT('',(-5.13130917400122,-48.4999996423721,0.02));
#7916=CARTESIAN_POINT('',(-5.13130917400122,-48.4999996423721,0.));
#7917=CARTESIAN_POINT('',(-6.06923475116492,-48.4999996423721,0.02));
#7918=CARTESIAN_POINT('',(-5.13130917400122,-48.4999996423721,0.02));
#7919=CARTESIAN_POINT('',(-6.06923475116492,-48.4999996423721,0.));
#7920=CARTESIAN_POINT('Origin',(-5.13130917400122,-48.4999996423721,0.));
#7921=CARTESIAN_POINT('',(-5.13130917400122,-43.4999996423721,0.02));
#7922=CARTESIAN_POINT('',(-5.13130917400122,-43.4999996423721,0.));
#7923=CARTESIAN_POINT('',(-5.13130917400122,-43.4999996423721,0.02));
#7924=CARTESIAN_POINT('Origin',(-5.13130917400122,-43.4999996423721,0.));
#7925=CARTESIAN_POINT('',(-6.64563312381506,-43.4999996423721,0.02));
#7926=CARTESIAN_POINT('',(-6.64563312381506,-43.4999996423721,0.));
#7927=CARTESIAN_POINT('',(-6.64563312381506,-43.4999996423721,0.02));
#7928=CARTESIAN_POINT('Origin',(-6.64563312381506,-43.4999996423721,0.));
#7929=CARTESIAN_POINT('',(-7.54263295978308,-46.9106405973434,0.02));
#7930=CARTESIAN_POINT('',(-7.54263295978308,-46.9106405973434,0.));
#7931=CARTESIAN_POINT('',(-7.54263295978308,-46.9106405973434,0.02));
#7932=CARTESIAN_POINT('Origin',(-7.54263295978308,-46.9106405973434,0.));
#7933=CARTESIAN_POINT('',(-8.44986333698035,-43.4999996423721,0.02));
#7934=CARTESIAN_POINT('',(-8.44986333698035,-43.4999996423721,0.));
#7935=CARTESIAN_POINT('',(-8.44986333698035,-43.4999996423721,0.02));
#7936=CARTESIAN_POINT('Origin',(-8.44986333698035,-43.4999996423721,0.));
#7937=CARTESIAN_POINT('',(-9.96077670902014,-43.4999996423721,0.02));
#7938=CARTESIAN_POINT('',(-9.96077670902014,-43.4999996423721,0.));
#7939=CARTESIAN_POINT('',(-9.96077670902014,-43.4999996423721,0.02));
#7940=CARTESIAN_POINT('Origin',(-9.96077670902014,-43.4999996423721,0.));
#7941=CARTESIAN_POINT('',(-9.96077670902014,-48.4999996423721,0.02));
#7942=CARTESIAN_POINT('',(-9.96077670902014,-48.4999996423721,0.));
#7943=CARTESIAN_POINT('',(-9.96077670902014,-48.4999996423721,0.02));
#7944=CARTESIAN_POINT('Origin',(-6.06923475116492,-44.5641195774078,0.));
#7945=CARTESIAN_POINT('',(-6.06923475116492,-44.5641195774078,0.02));
#7946=CARTESIAN_POINT('',(-6.06923475116492,-48.4999996423721,0.02));
#7947=CARTESIAN_POINT('',(-6.06923475116492,-44.5641195774078,0.));
#7948=CARTESIAN_POINT('Origin',(-7.06173195689917,-48.4999996423721,0.));
#7949=CARTESIAN_POINT('',(-7.06173195689917,-48.4999996423721,0.02));
#7950=CARTESIAN_POINT('',(-6.06923475116492,-44.5641195774078,0.02));
#7951=CARTESIAN_POINT('',(-7.06173195689917,-48.4999996423721,0.));
#7952=CARTESIAN_POINT('Origin',(-8.03376450389624,-48.4999996423721,0.));
#7953=CARTESIAN_POINT('',(-8.03376450389624,-48.4999996423721,0.02));
#7954=CARTESIAN_POINT('',(-7.06173195689917,-48.4999996423721,0.02));
#7955=CARTESIAN_POINT('',(-8.03376450389624,-48.4999996423721,0.));
#7956=CARTESIAN_POINT('Origin',(-9.02285113185645,-44.5641195774078,0.));
#7957=CARTESIAN_POINT('',(-9.02285113185645,-44.5641195774078,0.02));
#7958=CARTESIAN_POINT('',(-8.03376450389624,-48.4999996423721,0.02));
#7959=CARTESIAN_POINT('',(-9.02285113185645,-44.5641195774078,0.));
#7960=CARTESIAN_POINT('Origin',(-9.02285113185645,-48.4999996423721,0.));
#7961=CARTESIAN_POINT('',(-9.02285113185645,-48.4999996423721,0.02));
#7962=CARTESIAN_POINT('',(-9.02285113185645,-44.5641195774078,0.02));
#7963=CARTESIAN_POINT('',(-9.02285113185645,-48.4999996423721,0.));
#7964=CARTESIAN_POINT('Origin',(-9.96077670902014,-48.4999996423721,0.));
#7965=CARTESIAN_POINT('',(-9.02285113185645,-48.4999996423721,0.02));
#7966=CARTESIAN_POINT('Origin',(-1.41561034006088E-7,-45.9999999403953,
0.02));
#7967=CARTESIAN_POINT('Origin',(-22.5,-51.5,0.));
#7968=CARTESIAN_POINT('',(-22.5,-40.5,0.02));
#7969=CARTESIAN_POINT('',(-22.5,-40.5,0.));
#7970=CARTESIAN_POINT('',(-22.5,-51.5,0.02));
#7971=CARTESIAN_POINT('',(-22.5,-51.5,0.02));
#7972=CARTESIAN_POINT('',(-22.5,-51.5,0.));
#7973=CARTESIAN_POINT('Origin',(-22.5,-40.5,0.));
#7974=CARTESIAN_POINT('',(22.5,-40.5,0.02));
#7975=CARTESIAN_POINT('',(22.5,-40.5,0.));
#7976=CARTESIAN_POINT('',(-22.5,-40.5,0.02));
#7977=CARTESIAN_POINT('Origin',(22.5,-51.5,0.));
#7978=CARTESIAN_POINT('',(22.5,-51.5,0.02));
#7979=CARTESIAN_POINT('',(22.5,-51.5,0.02));
#7980=CARTESIAN_POINT('',(22.5,-51.5,0.));
#7981=CARTESIAN_POINT('Origin',(22.5,-40.5,0.));
#7982=CARTESIAN_POINT('',(22.5,-40.5,0.02));
#7983=CARTESIAN_POINT('Origin',(23.5,-52.5,0.));
#7984=CARTESIAN_POINT('',(23.5,-39.5,0.));
#7985=CARTESIAN_POINT('',(23.5,-52.5,0.));
#7986=CARTESIAN_POINT('',(23.5,-39.5,0.));
#7987=CARTESIAN_POINT('',(23.5,-39.5,0.02));
#7988=CARTESIAN_POINT('',(23.5,-39.5,0.));
#7989=CARTESIAN_POINT('',(23.5,-52.5,0.02));
#7990=CARTESIAN_POINT('',(23.5,-39.5,0.02));
#7991=CARTESIAN_POINT('',(23.5,-52.5,0.));
#7992=CARTESIAN_POINT('Origin',(-23.5,-52.5,0.));
#7993=CARTESIAN_POINT('',(-23.5,-52.5,0.));
#7994=CARTESIAN_POINT('',(23.5,-52.5,0.));
#7995=CARTESIAN_POINT('',(-23.5,-52.5,0.02));
#7996=CARTESIAN_POINT('',(23.5,-52.5,0.02));
#7997=CARTESIAN_POINT('',(-23.5,-52.5,0.));
#7998=CARTESIAN_POINT('Origin',(-23.5,-39.5,0.));
#7999=CARTESIAN_POINT('',(-23.5,-39.5,0.));
#8000=CARTESIAN_POINT('',(-23.5,-52.5,0.));
#8001=CARTESIAN_POINT('',(-23.5,-39.5,0.02));
#8002=CARTESIAN_POINT('',(-23.5,-52.5,0.02));
#8003=CARTESIAN_POINT('',(-23.5,-39.5,0.));
#8004=CARTESIAN_POINT('Origin',(23.5,-39.5,0.));
#8005=CARTESIAN_POINT('',(-23.5,-39.5,0.));
#8006=CARTESIAN_POINT('',(-23.5,-39.5,0.02));
#8007=CARTESIAN_POINT('Origin',(0.,-46.,0.02));
#8008=CARTESIAN_POINT('Origin',(0.,-46.,0.01));
#8009=CARTESIAN_POINT('Origin',(0.,-46.,0.));
#8010=CARTESIAN_POINT('Origin',(97.5,-51.5,0.));
#8011=CARTESIAN_POINT('',(52.5,-51.5,0.01));
#8012=CARTESIAN_POINT('',(97.5,-51.5,0.01));
#8013=CARTESIAN_POINT('',(97.5,-51.5,0.01));
#8014=CARTESIAN_POINT('',(52.5,-51.5,0.02));
#8015=CARTESIAN_POINT('',(52.5,-51.5,0.));
#8016=CARTESIAN_POINT('',(97.5,-51.5,0.02));
#8017=CARTESIAN_POINT('',(97.5,-51.5,0.02));
#8018=CARTESIAN_POINT('',(97.5,-51.5,0.));
#8019=CARTESIAN_POINT('Origin',(52.5,-51.5,0.));
#8020=CARTESIAN_POINT('',(52.5,-40.5,0.01));
#8021=CARTESIAN_POINT('',(52.5,-51.5,0.01));
#8022=CARTESIAN_POINT('',(52.5,-40.5,0.02));
#8023=CARTESIAN_POINT('',(52.5,-40.5,0.));
#8024=CARTESIAN_POINT('',(52.5,-51.5,0.02));
#8025=CARTESIAN_POINT('Origin',(97.5,-40.5,0.));
#8026=CARTESIAN_POINT('',(97.5,-40.5,0.01));
#8027=CARTESIAN_POINT('',(97.5,-40.5,0.01));
#8028=CARTESIAN_POINT('',(97.5,-40.5,0.02));
#8029=CARTESIAN_POINT('',(97.5,-40.5,0.02));
#8030=CARTESIAN_POINT('',(97.5,-40.5,0.));
#8031=CARTESIAN_POINT('Origin',(52.5,-40.5,0.));
#8032=CARTESIAN_POINT('',(52.5,-40.5,0.01));
#8033=CARTESIAN_POINT('',(52.5,-40.5,0.02));
#8034=CARTESIAN_POINT('Origin',(98.5,-52.5,0.));
#8035=CARTESIAN_POINT('',(98.5,-39.5,0.));
#8036=CARTESIAN_POINT('',(98.5,-52.5,0.));
#8037=CARTESIAN_POINT('',(98.5,-39.5,0.));
#8038=CARTESIAN_POINT('',(98.5,-39.5,0.02));
#8039=CARTESIAN_POINT('',(98.5,-39.5,0.));
#8040=CARTESIAN_POINT('',(98.5,-52.5,0.02));
#8041=CARTESIAN_POINT('',(98.5,-39.5,0.02));
#8042=CARTESIAN_POINT('',(98.5,-52.5,0.));
#8043=CARTESIAN_POINT('Origin',(51.5,-52.5,0.));
#8044=CARTESIAN_POINT('',(51.5,-52.5,0.));
#8045=CARTESIAN_POINT('',(98.5,-52.5,0.));
#8046=CARTESIAN_POINT('',(51.5,-52.5,0.02));
#8047=CARTESIAN_POINT('',(98.5,-52.5,0.02));
#8048=CARTESIAN_POINT('',(51.5,-52.5,0.));
#8049=CARTESIAN_POINT('Origin',(51.5,-39.5,0.));
#8050=CARTESIAN_POINT('',(51.5,-39.5,0.));
#8051=CARTESIAN_POINT('',(51.5,-52.5,0.));
#8052=CARTESIAN_POINT('',(51.5,-39.5,0.02));
#8053=CARTESIAN_POINT('',(51.5,-52.5,0.02));
#8054=CARTESIAN_POINT('',(51.5,-39.5,0.));
#8055=CARTESIAN_POINT('Origin',(98.5,-39.5,0.));
#8056=CARTESIAN_POINT('',(51.5,-39.5,0.));
#8057=CARTESIAN_POINT('',(51.5,-39.5,0.02));
#8058=CARTESIAN_POINT('Origin',(75.,-46.,0.02));
#8059=CARTESIAN_POINT('Ctrl Pts',(67.8342421799898,-45.0518411397934,0.));
#8060=CARTESIAN_POINT('Ctrl Pts',(67.8342421799898,-45.0518411397934,0.02));
#8061=CARTESIAN_POINT('Ctrl Pts',(67.8299606235629,-45.1227521425623,0.));
#8062=CARTESIAN_POINT('Ctrl Pts',(67.8299606235629,-45.1227521425623,0.02));
#8063=CARTESIAN_POINT('Ctrl Pts',(67.8216004771431,-45.2612126244098,0.));
#8064=CARTESIAN_POINT('Ctrl Pts',(67.8216004771431,-45.2612126244098,0.02));
#8065=CARTESIAN_POINT('Ctrl Pts',(67.7533048259913,-45.3818163135453,0.));
#8066=CARTESIAN_POINT('Ctrl Pts',(67.7533048259913,-45.3818163135453,0.02));
#8067=CARTESIAN_POINT('Ctrl Pts',(67.7199860364199,-45.4406541585922,0.));
#8068=CARTESIAN_POINT('Ctrl Pts',(67.7199860364199,-45.4406541585922,0.02));
#8069=CARTESIAN_POINT('',(67.7199860364199,-45.4406541585922,0.01));
#8070=CARTESIAN_POINT('',(67.8342421799898,-45.0518411397934,0.01));
#8071=CARTESIAN_POINT('Ctrl Pts',(67.7199860364199,-45.4406541585922,0.01));
#8072=CARTESIAN_POINT('Ctrl Pts',(67.7533048259913,-45.3818163135453,0.01));
#8073=CARTESIAN_POINT('Ctrl Pts',(67.7866236155627,-45.3229784684984,0.01));
#8074=CARTESIAN_POINT('Ctrl Pts',(67.8056772500277,-45.2598905563354,0.01));
#8075=CARTESIAN_POINT('Ctrl Pts',(67.825679067136,-45.1936631453312,0.01));
#8076=CARTESIAN_POINT('Ctrl Pts',(67.8299606235629,-45.1227521425623,0.01));
#8077=CARTESIAN_POINT('Ctrl Pts',(67.8342421799898,-45.0518411397934,0.01));
#8078=CARTESIAN_POINT('',(67.7199860364199,-45.4406541585922,0.02));
#8079=CARTESIAN_POINT('',(67.7199860364199,-45.4406541585922,0.));
#8080=CARTESIAN_POINT('',(67.8342421799898,-45.0518411397934,0.02));
#8081=CARTESIAN_POINT('Ctrl Pts',(67.8342421799898,-45.0518411397934,0.02));
#8082=CARTESIAN_POINT('Ctrl Pts',(67.8299606235629,-45.1227521425623,0.02));
#8083=CARTESIAN_POINT('Ctrl Pts',(67.8216004771431,-45.2612126244098,0.02));
#8084=CARTESIAN_POINT('Ctrl Pts',(67.7533048259913,-45.3818163135453,0.02));
#8085=CARTESIAN_POINT('Ctrl Pts',(67.7199860364199,-45.4406541585922,0.02));
#8086=CARTESIAN_POINT('',(67.8342421799898,-45.0518411397934,0.));
#8087=CARTESIAN_POINT('Ctrl Pts',(67.7199860364199,-45.4406541585922,0.));
#8088=CARTESIAN_POINT('Ctrl Pts',(67.7199860364199,-45.4406541585922,0.02));
#8089=CARTESIAN_POINT('Ctrl Pts',(67.6777139083975,-45.4928828341182,0.));
#8090=CARTESIAN_POINT('Ctrl Pts',(67.6777139083975,-45.4928828341182,0.02));
#8091=CARTESIAN_POINT('Ctrl Pts',(67.5916816031647,-45.599178721384,0.));
#8092=CARTESIAN_POINT('Ctrl Pts',(67.5916816031647,-45.599178721384,0.02));
#8093=CARTESIAN_POINT('Ctrl Pts',(67.4676106797744,-45.6568739516592,0.));
#8094=CARTESIAN_POINT('Ctrl Pts',(67.4676106797744,-45.6568739516592,0.02));
#8095=CARTESIAN_POINT('Ctrl Pts',(67.4045022279024,-45.6862205266952,0.));
#8096=CARTESIAN_POINT('Ctrl Pts',(67.4045022279024,-45.6862205266952,0.02));
#8097=CARTESIAN_POINT('',(67.4045022279024,-45.6862205266952,0.01));
#8098=CARTESIAN_POINT('Ctrl Pts',(67.4045022279024,-45.6862205266952,0.01));
#8099=CARTESIAN_POINT('Ctrl Pts',(67.4676106797744,-45.6568739516592,0.01));
#8100=CARTESIAN_POINT('Ctrl Pts',(67.5307191316463,-45.6275273766231,0.01));
#8101=CARTESIAN_POINT('Ctrl Pts',(67.5839861184359,-45.5856066942215,0.01));
#8102=CARTESIAN_POINT('Ctrl Pts',(67.635441780375,-45.5451115096442,0.01));
#8103=CARTESIAN_POINT('Ctrl Pts',(67.6777139083975,-45.4928828341182,0.01));
#8104=CARTESIAN_POINT('Ctrl Pts',(67.7199860364199,-45.4406541585922,0.01));
#8105=CARTESIAN_POINT('',(67.4045022279024,-45.6862205266952,0.02));
#8106=CARTESIAN_POINT('',(67.4045022279024,-45.6862205266952,0.));
#8107=CARTESIAN_POINT('Ctrl Pts',(67.7199860364199,-45.4406541585922,0.02));
#8108=CARTESIAN_POINT('Ctrl Pts',(67.6777139083975,-45.4928828341182,0.02));
#8109=CARTESIAN_POINT('Ctrl Pts',(67.5916816031647,-45.599178721384,0.02));
#8110=CARTESIAN_POINT('Ctrl Pts',(67.4676106797744,-45.6568739516592,0.02));
#8111=CARTESIAN_POINT('Ctrl Pts',(67.4045022279024,-45.6862205266952,0.02));
#8112=CARTESIAN_POINT('Ctrl Pts',(67.4045022279024,-45.6862205266952,0.));
#8113=CARTESIAN_POINT('Ctrl Pts',(67.4045022279024,-45.6862205266952,0.02));
#8114=CARTESIAN_POINT('Ctrl Pts',(67.3048040681756,-45.7087979640189,0.));
#8115=CARTESIAN_POINT('Ctrl Pts',(67.3048040681756,-45.7087979640189,0.02));
#8116=CARTESIAN_POINT('Ctrl Pts',(67.0426599952969,-45.7681625640415,0.));
#8117=CARTESIAN_POINT('Ctrl Pts',(67.0426599952969,-45.7681625640415,0.02));
#8118=CARTESIAN_POINT('Ctrl Pts',(66.7733179174533,-45.7660031544389,0.));
#8119=CARTESIAN_POINT('Ctrl Pts',(66.7733179174533,-45.7660031544389,0.02));
#8120=CARTESIAN_POINT('Ctrl Pts',(66.6064115315676,-45.7646650075912,0.));
#8121=CARTESIAN_POINT('Ctrl Pts',(66.6064115315676,-45.7646650075912,0.02));
#8122=CARTESIAN_POINT('',(66.6064115315676,-45.7646650075912,0.01));
#8123=CARTESIAN_POINT('Ctrl Pts',(66.6064115315676,-45.7646650075912,0.01));
#8124=CARTESIAN_POINT('Ctrl Pts',(66.7733179174533,-45.7660031544389,0.01));
#8125=CARTESIAN_POINT('Ctrl Pts',(66.940224303339,-45.7673413012866,0.01));
#8126=CARTESIAN_POINT('Ctrl Pts',(67.1043666154146,-45.7450538873672,0.01));
#8127=CARTESIAN_POINT('Ctrl Pts',(67.2051059084489,-45.7313754013425,0.01));
#8128=CARTESIAN_POINT('Ctrl Pts',(67.3048040681756,-45.7087979640189,0.01));
#8129=CARTESIAN_POINT('Ctrl Pts',(67.4045022279024,-45.6862205266952,0.01));
#8130=CARTESIAN_POINT('',(66.6064115315676,-45.7646650075912,0.02));
#8131=CARTESIAN_POINT('',(66.6064115315676,-45.7646650075912,0.));
#8132=CARTESIAN_POINT('Ctrl Pts',(67.4045022279024,-45.6862205266952,0.02));
#8133=CARTESIAN_POINT('Ctrl Pts',(67.3048040681756,-45.7087979640189,0.02));
#8134=CARTESIAN_POINT('Ctrl Pts',(67.0426599952969,-45.7681625640415,0.02));
#8135=CARTESIAN_POINT('Ctrl Pts',(66.7733179174533,-45.7660031544389,0.02));
#8136=CARTESIAN_POINT('Ctrl Pts',(66.6064115315676,-45.7646650075912,0.02));
#8137=CARTESIAN_POINT('Origin',(66.6064115315676,-45.7646650075912,0.));
#8138=CARTESIAN_POINT('',(66.0538883954287,-45.7646650075912,0.01));
#8139=CARTESIAN_POINT('',(70.8032057657838,-45.7646650075912,0.01));
#8140=CARTESIAN_POINT('',(66.0538883954287,-45.7646650075912,0.02));
#8141=CARTESIAN_POINT('',(66.0538883954287,-45.7646650075912,0.));
#8142=CARTESIAN_POINT('',(66.0538883954287,-45.7646650075912,0.02));
#8143=CARTESIAN_POINT('Origin',(66.0538883954287,-45.7646650075912,0.));
#8144=CARTESIAN_POINT('',(66.0538883954287,-44.3458384275436,0.01));
#8145=CARTESIAN_POINT('',(66.0538883954287,-45.8823325037956,0.01));
#8146=CARTESIAN_POINT('',(66.0538883954287,-44.3458384275436,0.02));
#8147=CARTESIAN_POINT('',(66.0538883954287,-44.3458384275436,0.));
#8148=CARTESIAN_POINT('',(66.0538883954287,-44.3458384275436,0.02));
#8149=CARTESIAN_POINT('Ctrl Pts',(68.7073667794466,-45.8124142885208,0.));
#8150=CARTESIAN_POINT('Ctrl Pts',(68.7073667794466,-45.8124142885208,0.02));
#8151=CARTESIAN_POINT('Ctrl Pts',(68.7560516964576,-45.6971502683425,0.));
#8152=CARTESIAN_POINT('Ctrl Pts',(68.7560516964576,-45.6971502683425,0.02));
#8153=CARTESIAN_POINT('Ctrl Pts',(68.8604385132591,-45.4500091639332,0.));
#8154=CARTESIAN_POINT('Ctrl Pts',(68.8604385132591,-45.4500091639332,0.02));
#8155=CARTESIAN_POINT('Ctrl Pts',(68.8696000008371,-45.1814857418185,0.));
#8156=CARTESIAN_POINT('Ctrl Pts',(68.8696000008371,-45.1814857418185,0.02));
#8157=CARTESIAN_POINT('Ctrl Pts',(68.8744886666536,-45.0381988286972,0.));
#8158=CARTESIAN_POINT('Ctrl Pts',(68.8744886666536,-45.0381988286972,0.02));
#8159=CARTESIAN_POINT('',(68.8744886666536,-45.0381988286972,0.01));
#8160=CARTESIAN_POINT('',(68.7073667794466,-45.8124142885208,0.01));
#8161=CARTESIAN_POINT('Ctrl Pts',(68.8744886666536,-45.0381988286972,0.01));
#8162=CARTESIAN_POINT('Ctrl Pts',(68.8696000008371,-45.1814857418185,0.01));
#8163=CARTESIAN_POINT('Ctrl Pts',(68.8647113350205,-45.3247726549398,0.01));
#8164=CARTESIAN_POINT('Ctrl Pts',(68.8327081948519,-45.4619711637497,0.01));
#8165=CARTESIAN_POINT('Ctrl Pts',(68.8047366134685,-45.5818862481642,0.01));
#8166=CARTESIAN_POINT('Ctrl Pts',(68.7560516964576,-45.6971502683425,0.01));
#8167=CARTESIAN_POINT('Ctrl Pts',(68.7073667794466,-45.8124142885208,0.01));
#8168=CARTESIAN_POINT('',(68.8744886666536,-45.0381988286972,0.02));
#8169=CARTESIAN_POINT('',(68.8744886666536,-45.0381988286972,0.));
#8170=CARTESIAN_POINT('',(68.7073667794466,-45.8124142885208,0.02));
#8171=CARTESIAN_POINT('Ctrl Pts',(68.7073667794466,-45.8124142885208,0.02));
#8172=CARTESIAN_POINT('Ctrl Pts',(68.7560516964576,-45.6971502683425,0.02));
#8173=CARTESIAN_POINT('Ctrl Pts',(68.8604385132591,-45.4500091639332,0.02));
#8174=CARTESIAN_POINT('Ctrl Pts',(68.8696000008371,-45.1814857418185,0.02));
#8175=CARTESIAN_POINT('Ctrl Pts',(68.8744886666536,-45.0381988286972,0.02));
#8176=CARTESIAN_POINT('',(68.7073667794466,-45.8124142885208,0.));
#8177=CARTESIAN_POINT('Ctrl Pts',(68.8744886666536,-45.0381988286972,0.));
#8178=CARTESIAN_POINT('Ctrl Pts',(68.8744886666536,-45.0381988286972,0.02));
#8179=CARTESIAN_POINT('Ctrl Pts',(68.8656628083114,-44.8528391975467,0.));
#8180=CARTESIAN_POINT('Ctrl Pts',(68.8656628083114,-44.8528391975467,0.02));
#8181=CARTESIAN_POINT('Ctrl Pts',(68.8490309716148,-44.5035393339105,0.));
#8182=CARTESIAN_POINT('Ctrl Pts',(68.8490309716148,-44.5035393339105,0.02));
#8183=CARTESIAN_POINT('Ctrl Pts',(68.6690539332843,-44.2047119156539,0.));
#8184=CARTESIAN_POINT('Ctrl Pts',(68.6690539332843,-44.2047119156539,0.02));
#8185=CARTESIAN_POINT('Ctrl Pts',(68.5845835953951,-44.0644603967667,0.));
#8186=CARTESIAN_POINT('Ctrl Pts',(68.5845835953951,-44.0644603967667,0.02));
#8187=CARTESIAN_POINT('',(68.5845835953951,-44.0644603967667,0.01));
#8188=CARTESIAN_POINT('Ctrl Pts',(68.5845835953951,-44.0644603967667,0.01));
#8189=CARTESIAN_POINT('Ctrl Pts',(68.6690539332843,-44.2047119156539,0.01));
#8190=CARTESIAN_POINT('Ctrl Pts',(68.7535242711735,-44.3449634345412,0.01));
#8191=CARTESIAN_POINT('Ctrl Pts',(68.8020129948854,-44.4963330030441,0.01));
#8192=CARTESIAN_POINT('Ctrl Pts',(68.8568369499691,-44.6674795663963,0.01));
#8193=CARTESIAN_POINT('Ctrl Pts',(68.8656628083114,-44.8528391975467,0.01));
#8194=CARTESIAN_POINT('Ctrl Pts',(68.8744886666536,-45.0381988286972,0.01));
#8195=CARTESIAN_POINT('',(68.5845835953951,-44.0644603967667,0.02));
#8196=CARTESIAN_POINT('',(68.5845835953951,-44.0644603967667,0.));
#8197=CARTESIAN_POINT('Ctrl Pts',(68.8744886666536,-45.0381988286972,0.02));
#8198=CARTESIAN_POINT('Ctrl Pts',(68.8656628083114,-44.8528391975467,0.02));
#8199=CARTESIAN_POINT('Ctrl Pts',(68.8490309716148,-44.5035393339105,0.02));
#8200=CARTESIAN_POINT('Ctrl Pts',(68.6690539332843,-44.2047119156539,0.02));
#8201=CARTESIAN_POINT('Ctrl Pts',(68.5845835953951,-44.0644603967667,0.02));
#8202=CARTESIAN_POINT('Ctrl Pts',(68.5845835953951,-44.0644603967667,0.));
#8203=CARTESIAN_POINT('Ctrl Pts',(68.5845835953951,-44.0644603967667,0.02));
#8204=CARTESIAN_POINT('Ctrl Pts',(68.4834884409548,-43.9502151734225,0.));
#8205=CARTESIAN_POINT('Ctrl Pts',(68.4834884409548,-43.9502151734225,0.02));
#8206=CARTESIAN_POINT('Ctrl Pts',(68.2849567154828,-43.7258592046027,0.));
#8207=CARTESIAN_POINT('Ctrl Pts',(68.2849567154828,-43.7258592046027,0.02));
#8208=CARTESIAN_POINT('Ctrl Pts',(68.0032139486713,-43.624687492852,0.));
#8209=CARTESIAN_POINT('Ctrl Pts',(68.0032139486713,-43.624687492852,0.02));
#8210=CARTESIAN_POINT('Ctrl Pts',(67.8649385720491,-43.5750338435173,0.));
#8211=CARTESIAN_POINT('Ctrl Pts',(67.8649385720491,-43.5750338435173,0.02));
#8212=CARTESIAN_POINT('',(67.8649385720491,-43.5750338435173,0.01));
#8213=CARTESIAN_POINT('Ctrl Pts',(67.8649385720491,-43.5750338435173,0.01));
#8214=CARTESIAN_POINT('Ctrl Pts',(68.0032139486713,-43.624687492852,0.01));
#8215=CARTESIAN_POINT('Ctrl Pts',(68.1414893252935,-43.6743411421866,0.01));
#8216=CARTESIAN_POINT('Ctrl Pts',(68.2597215920687,-43.7536662817001,0.01));
#8217=CARTESIAN_POINT('Ctrl Pts',(68.3823932865145,-43.8359699500784,0.01));
#8218=CARTESIAN_POINT('Ctrl Pts',(68.4834884409548,-43.9502151734225,0.01));
#8219=CARTESIAN_POINT('Ctrl Pts',(68.5845835953951,-44.0644603967667,0.01));
#8220=CARTESIAN_POINT('',(67.8649385720491,-43.5750338435173,0.02));
#8221=CARTESIAN_POINT('',(67.8649385720491,-43.5750338435173,0.));
#8222=CARTESIAN_POINT('Ctrl Pts',(68.5845835953951,-44.0644603967667,0.02));
#8223=CARTESIAN_POINT('Ctrl Pts',(68.4834884409548,-43.9502151734225,0.02));
#8224=CARTESIAN_POINT('Ctrl Pts',(68.2849567154828,-43.7258592046027,0.02));
#8225=CARTESIAN_POINT('Ctrl Pts',(68.0032139486713,-43.624687492852,0.02));
#8226=CARTESIAN_POINT('Ctrl Pts',(67.8649385720491,-43.5750338435173,0.02));
#8227=CARTESIAN_POINT('Ctrl Pts',(67.8649385720491,-43.5750338435173,0.));
#8228=CARTESIAN_POINT('Ctrl Pts',(67.8649385720491,-43.5750338435173,0.02));
#8229=CARTESIAN_POINT('Ctrl Pts',(67.7184926892457,-43.553492246491,0.));
#8230=CARTESIAN_POINT('Ctrl Pts',(67.7184926892457,-43.553492246491,0.02));
#8231=CARTESIAN_POINT('Ctrl Pts',(67.3208578970976,-43.4950017768913,0.));
#8232=CARTESIAN_POINT('Ctrl Pts',(67.3208578970976,-43.4950017768913,0.02));
#8233=CARTESIAN_POINT('Ctrl Pts',(66.9185398823466,-43.4980647432982,0.));
#8234=CARTESIAN_POINT('Ctrl Pts',(66.9185398823466,-43.4980647432982,0.02));
#8235=CARTESIAN_POINT('Ctrl Pts',(66.6643925458193,-43.4999996423721,0.));
#8236=CARTESIAN_POINT('Ctrl Pts',(66.6643925458193,-43.4999996423721,0.02));
#8237=CARTESIAN_POINT('',(66.6643925458193,-43.4999996423721,0.01));
#8238=CARTESIAN_POINT('Ctrl Pts',(66.6643925458193,-43.4999996423721,0.01));
#8239=CARTESIAN_POINT('Ctrl Pts',(66.9185398823466,-43.4980647432982,0.01));
#8240=CARTESIAN_POINT('Ctrl Pts',(67.1726872188738,-43.4961298442242,0.01));
#8241=CARTESIAN_POINT('Ctrl Pts',(67.4249656945467,-43.5187581181526,0.01));
#8242=CARTESIAN_POINT('Ctrl Pts',(67.5720468064422,-43.5319506494646,0.01));
#8243=CARTESIAN_POINT('Ctrl Pts',(67.7184926892457,-43.553492246491,0.01));
#8244=CARTESIAN_POINT('Ctrl Pts',(67.8649385720491,-43.5750338435173,0.01));
#8245=CARTESIAN_POINT('',(66.6643925458193,-43.4999996423721,0.02));
#8246=CARTESIAN_POINT('',(66.6643925458193,-43.4999996423721,0.));
#8247=CARTESIAN_POINT('Ctrl Pts',(67.8649385720491,-43.5750338435173,0.02));
#8248=CARTESIAN_POINT('Ctrl Pts',(67.7184926892457,-43.553492246491,0.02));
#8249=CARTESIAN_POINT('Ctrl Pts',(67.3208578970976,-43.4950017768913,0.02));
#8250=CARTESIAN_POINT('Ctrl Pts',(66.9185398823466,-43.4980647432982,0.02));
#8251=CARTESIAN_POINT('Ctrl Pts',(66.6643925458193,-43.4999996423721,0.02));
#8252=CARTESIAN_POINT('Origin',(66.6643925458193,-43.4999996423721,0.));
#8253=CARTESIAN_POINT('',(65.0443383008242,-43.4999996423721,0.01));
#8254=CARTESIAN_POINT('',(70.8321962729096,-43.4999996423721,0.01));
#8255=CARTESIAN_POINT('',(65.0443383008242,-43.4999996423721,0.02));
#8256=CARTESIAN_POINT('',(65.0443383008242,-43.4999996423721,0.));
#8257=CARTESIAN_POINT('',(65.0443383008242,-43.4999996423721,0.02));
#8258=CARTESIAN_POINT('Origin',(65.0443383008242,-43.4999996423721,0.));
#8259=CARTESIAN_POINT('',(65.0443383008242,-48.4999996423721,0.01));
#8260=CARTESIAN_POINT('',(65.0443383008242,-44.7499998211861,0.01));
#8261=CARTESIAN_POINT('',(65.0443383008242,-48.4999996423721,0.02));
#8262=CARTESIAN_POINT('',(65.0443383008242,-48.4999996423721,0.));
#8263=CARTESIAN_POINT('',(65.0443383008242,-48.4999996423721,0.02));
#8264=CARTESIAN_POINT('Ctrl Pts',(67.6739426404238,-44.6016365289688,0.));
#8265=CARTESIAN_POINT('Ctrl Pts',(67.6739426404238,-44.6016365289688,0.02));
#8266=CARTESIAN_POINT('Ctrl Pts',(67.7206790381249,-44.6662876987816,0.));
#8267=CARTESIAN_POINT('Ctrl Pts',(67.7206790381249,-44.6662876987816,0.02));
#8268=CARTESIAN_POINT('Ctrl Pts',(67.817695914007,-44.8004926188416,0.));
#8269=CARTESIAN_POINT('Ctrl Pts',(67.817695914007,-44.8004926188416,0.02));
#8270=CARTESIAN_POINT('Ctrl Pts',(67.828594052968,-44.9660424239649,0.));
#8271=CARTESIAN_POINT('Ctrl Pts',(67.828594052968,-44.9660424239649,0.02));
#8272=CARTESIAN_POINT('Ctrl Pts',(67.8342421799898,-45.0518411397934,0.));
#8273=CARTESIAN_POINT('Ctrl Pts',(67.8342421799898,-45.0518411397934,0.02));
#8274=CARTESIAN_POINT('',(67.6739426404238,-44.6016365289688,0.01));
#8275=CARTESIAN_POINT('Ctrl Pts',(67.8342421799898,-45.0518411397934,0.01));
#8276=CARTESIAN_POINT('Ctrl Pts',(67.828594052968,-44.9660424239649,0.01));
#8277=CARTESIAN_POINT('Ctrl Pts',(67.8229459259462,-44.8802437081364,0.01));
#8278=CARTESIAN_POINT('Ctrl Pts',(67.7941664010286,-44.8028641939163,0.01));
#8279=CARTESIAN_POINT('Ctrl Pts',(67.767415435826,-44.7309388685945,0.01));
#8280=CARTESIAN_POINT('Ctrl Pts',(67.7206790381249,-44.6662876987816,0.01));
#8281=CARTESIAN_POINT('Ctrl Pts',(67.6739426404238,-44.6016365289688,0.01));
#8282=CARTESIAN_POINT('',(67.6739426404238,-44.6016365289688,0.02));
#8283=CARTESIAN_POINT('Ctrl Pts',(67.6739426404238,-44.6016365289688,0.02));
#8284=CARTESIAN_POINT('Ctrl Pts',(67.7206790381249,-44.6662876987816,0.02));
#8285=CARTESIAN_POINT('Ctrl Pts',(67.817695914007,-44.8004926188416,0.02));
#8286=CARTESIAN_POINT('Ctrl Pts',(67.828594052968,-44.9660424239649,0.02));
#8287=CARTESIAN_POINT('Ctrl Pts',(67.8342421799898,-45.0518411397934,0.02));
#8288=CARTESIAN_POINT('',(67.6739426404238,-44.6016365289688,0.));
#8289=CARTESIAN_POINT('Ctrl Pts',(67.2680767327547,-44.379945397377,0.));
#8290=CARTESIAN_POINT('Ctrl Pts',(67.2680767327547,-44.379945397377,0.02));
#8291=CARTESIAN_POINT('Ctrl Pts',(67.3460603019843,-44.3999169129598,0.));
#8292=CARTESIAN_POINT('Ctrl Pts',(67.3460603019843,-44.3999169129598,0.02));
#8293=CARTESIAN_POINT('Ctrl Pts',(67.500234647336,-44.4394008115693,0.));
#8294=CARTESIAN_POINT('Ctrl Pts',(67.500234647336,-44.4394008115693,0.02));
#8295=CARTESIAN_POINT('Ctrl Pts',(67.6164905976523,-44.5479788174875,0.));
#8296=CARTESIAN_POINT('Ctrl Pts',(67.6164905976523,-44.5479788174875,0.02));
#8297=CARTESIAN_POINT('Ctrl Pts',(67.6739426404238,-44.6016365289688,0.));
#8298=CARTESIAN_POINT('Ctrl Pts',(67.6739426404238,-44.6016365289688,0.02));
#8299=CARTESIAN_POINT('',(67.2680767327547,-44.379945397377,0.01));
#8300=CARTESIAN_POINT('Ctrl Pts',(67.6739426404238,-44.6016365289688,0.01));
#8301=CARTESIAN_POINT('Ctrl Pts',(67.6145389194838,-44.5461560348845,0.01));
#8302=CARTESIAN_POINT('Ctrl Pts',(67.5577020527781,-44.4930728711173,0.01));
#8303=CARTESIAN_POINT('Ctrl Pts',(67.4222510781065,-44.4194292959865,0.01));
#8304=CARTESIAN_POINT('Ctrl Pts',(67.3451639054306,-44.3996873466817,0.01));
#8305=CARTESIAN_POINT('Ctrl Pts',(67.2680767327547,-44.379945397377,0.01));
#8306=CARTESIAN_POINT('',(67.2680767327547,-44.379945397377,0.02));
#8307=CARTESIAN_POINT('Ctrl Pts',(67.2680767327547,-44.379945397377,0.02));
#8308=CARTESIAN_POINT('Ctrl Pts',(67.3460603019843,-44.3999169129598,0.02));
#8309=CARTESIAN_POINT('Ctrl Pts',(67.500234647336,-44.4394008115693,0.02));
#8310=CARTESIAN_POINT('Ctrl Pts',(67.6164905976523,-44.5479788174875,0.02));
#8311=CARTESIAN_POINT('Ctrl Pts',(67.6739426404238,-44.6016365289688,0.02));
#8312=CARTESIAN_POINT('',(67.2680767327547,-44.379945397377,0.));
#8313=CARTESIAN_POINT('Ctrl Pts',(66.5416093617678,-44.3458384275436,0.));
#8314=CARTESIAN_POINT('Ctrl Pts',(66.5416093617678,-44.3458384275436,0.02));
#8315=CARTESIAN_POINT('Ctrl Pts',(66.6932984822542,-44.345137968715,0.));
#8316=CARTESIAN_POINT('Ctrl Pts',(66.6932984822542,-44.345137968715,0.02));
#8317=CARTESIAN_POINT('Ctrl Pts',(66.9361577838432,-44.3440165109508,0.));
#8318=CARTESIAN_POINT('Ctrl Pts',(66.9361577838432,-44.3440165109508,0.02));
#8319=CARTESIAN_POINT('Ctrl Pts',(67.1774826018421,-44.3701389483896,0.));
#8320=CARTESIAN_POINT('Ctrl Pts',(67.1774826018421,-44.3701389483896,0.02));
#8321=CARTESIAN_POINT('Ctrl Pts',(67.2680767327547,-44.379945397377,0.));
#8322=CARTESIAN_POINT('Ctrl Pts',(67.2680767327547,-44.379945397377,0.02));
#8323=CARTESIAN_POINT('',(66.5416093617678,-44.3458384275436,0.01));
#8324=CARTESIAN_POINT('Ctrl Pts',(67.2680767327547,-44.379945397377,0.01));
#8325=CARTESIAN_POINT('Ctrl Pts',(67.1774826018421,-44.3701389483896,0.01));
#8326=CARTESIAN_POINT('Ctrl Pts',(67.0868884709294,-44.3603324994022,0.01));
#8327=CARTESIAN_POINT('Ctrl Pts',(66.9960780888796,-44.3543654680252,0.01));
#8328=CARTESIAN_POINT('Ctrl Pts',(66.8449876027406,-44.3444375098863,0.01));
#8329=CARTESIAN_POINT('Ctrl Pts',(66.6932984822542,-44.345137968715,0.01));
#8330=CARTESIAN_POINT('Ctrl Pts',(66.5416093617678,-44.3458384275436,0.01));
#8331=CARTESIAN_POINT('',(66.5416093617678,-44.3458384275436,0.02));
#8332=CARTESIAN_POINT('Ctrl Pts',(66.5416093617678,-44.3458384275436,0.02));
#8333=CARTESIAN_POINT('Ctrl Pts',(66.6932984822542,-44.345137968715,0.02));
#8334=CARTESIAN_POINT('Ctrl Pts',(66.9361577838432,-44.3440165109508,0.02));
#8335=CARTESIAN_POINT('Ctrl Pts',(67.1774826018421,-44.3701389483896,0.02));
#8336=CARTESIAN_POINT('Ctrl Pts',(67.2680767327547,-44.379945397377,0.02));
#8337=CARTESIAN_POINT('',(66.5416093617678,-44.3458384275436,0.));
#8338=CARTESIAN_POINT('Origin',(66.0538883954287,-44.3458384275436,0.));
#8339=CARTESIAN_POINT('',(70.5269441977143,-44.3458384275436,0.01));
#8340=CARTESIAN_POINT('',(66.5416093617678,-44.3458384275436,0.02));
#8341=CARTESIAN_POINT('Ctrl Pts',(68.2827420979738,-46.3052517175674,0.));
#8342=CARTESIAN_POINT('Ctrl Pts',(68.2827420979738,-46.3052517175674,0.02));
#8343=CARTESIAN_POINT('Ctrl Pts',(68.3656542904012,-46.2383420930514,0.));
#8344=CARTESIAN_POINT('Ctrl Pts',(68.3656542904012,-46.2383420930514,0.02));
#8345=CARTESIAN_POINT('Ctrl Pts',(68.5370719804556,-46.10000908145,0.));
#8346=CARTESIAN_POINT('Ctrl Pts',(68.5370719804556,-46.10000908145,0.02));
#8347=CARTESIAN_POINT('Ctrl Pts',(68.6493803178983,-45.9103421436314,0.));
#8348=CARTESIAN_POINT('Ctrl Pts',(68.6493803178983,-45.9103421436314,0.02));
#8349=CARTESIAN_POINT('Ctrl Pts',(68.7073667794466,-45.8124142885208,0.));
#8350=CARTESIAN_POINT('Ctrl Pts',(68.7073667794466,-45.8124142885208,0.02));
#8351=CARTESIAN_POINT('',(68.2827420979738,-46.3052517175674,0.01));
#8352=CARTESIAN_POINT('Ctrl Pts',(68.7073667794466,-45.8124142885208,0.01));
#8353=CARTESIAN_POINT('Ctrl Pts',(68.6512126107253,-45.9072477574301,0.01));
#8354=CARTESIAN_POINT('Ctrl Pts',(68.5950584420039,-46.0020812263394,0.01));
#8355=CARTESIAN_POINT('Ctrl Pts',(68.4539884609402,-46.1670569658623,0.01));
#8356=CARTESIAN_POINT('Ctrl Pts',(68.3732082827713,-46.2322460681088,0.01));
#8357=CARTESIAN_POINT('Ctrl Pts',(68.2827420979738,-46.3052517175674,0.01));
#8358=CARTESIAN_POINT('',(68.2827420979738,-46.3052517175674,0.02));
#8359=CARTESIAN_POINT('Ctrl Pts',(68.2827420979738,-46.3052517175674,0.02));
#8360=CARTESIAN_POINT('Ctrl Pts',(68.3656542904012,-46.2383420930514,0.02));
#8361=CARTESIAN_POINT('Ctrl Pts',(68.5370719804556,-46.10000908145,0.02));
#8362=CARTESIAN_POINT('Ctrl Pts',(68.6493803178983,-45.9103421436314,0.02));
#8363=CARTESIAN_POINT('Ctrl Pts',(68.7073667794466,-45.8124142885208,0.02));
#8364=CARTESIAN_POINT('',(68.2827420979738,-46.3052517175674,0.));
#8365=CARTESIAN_POINT('Ctrl Pts',(67.7592082768679,-46.5422916412353,0.));
#8366=CARTESIAN_POINT('Ctrl Pts',(67.7592082768679,-46.5422916412353,0.02));
#8367=CARTESIAN_POINT('Ctrl Pts',(67.8489792248412,-46.5168985906245,0.));
#8368=CARTESIAN_POINT('Ctrl Pts',(67.8489792248412,-46.5168985906245,0.02));
#8369=CARTESIAN_POINT('Ctrl Pts',(68.0352899672168,-46.4641978203052,0.));
#8370=CARTESIAN_POINT('Ctrl Pts',(68.0352899672168,-46.4641978203052,0.02));
#8371=CARTESIAN_POINT('Ctrl Pts',(68.1982841432539,-46.3595016555529,0.));
#8372=CARTESIAN_POINT('Ctrl Pts',(68.1982841432539,-46.3595016555529,0.02));
#8373=CARTESIAN_POINT('Ctrl Pts',(68.2827420979738,-46.3052517175674,0.));
#8374=CARTESIAN_POINT('Ctrl Pts',(68.2827420979738,-46.3052517175674,0.02));
#8375=CARTESIAN_POINT('',(67.7592082768679,-46.5422916412353,0.01));
#8376=CARTESIAN_POINT('Ctrl Pts',(68.2827420979738,-46.3052517175674,0.01));
#8377=CARTESIAN_POINT('Ctrl Pts',(68.1982841432539,-46.3595016555529,0.01));
#8378=CARTESIAN_POINT('Ctrl Pts',(68.113826188534,-46.4137515935383,0.01));
#8379=CARTESIAN_POINT('Ctrl Pts',(68.0231078416109,-46.4540410041809,0.01));
#8380=CARTESIAN_POINT('Ctrl Pts',(67.9387501728145,-46.4915055400137,0.01));
#8381=CARTESIAN_POINT('Ctrl Pts',(67.8489792248412,-46.5168985906245,0.01));
#8382=CARTESIAN_POINT('Ctrl Pts',(67.7592082768679,-46.5422916412353,0.01));
#8383=CARTESIAN_POINT('',(67.7592082768679,-46.5422916412353,0.02));
#8384=CARTESIAN_POINT('Ctrl Pts',(67.7592082768679,-46.5422916412353,0.02));
#8385=CARTESIAN_POINT('Ctrl Pts',(67.8489792248412,-46.5168985906245,0.02));
#8386=CARTESIAN_POINT('Ctrl Pts',(68.0352899672168,-46.4641978203052,0.02));
#8387=CARTESIAN_POINT('Ctrl Pts',(68.1982841432539,-46.3595016555529,0.02));
#8388=CARTESIAN_POINT('Ctrl Pts',(68.2827420979738,-46.3052517175674,0.02));
#8389=CARTESIAN_POINT('',(67.7592082768679,-46.5422916412353,0.));
#8390=CARTESIAN_POINT('Ctrl Pts',(66.7121418267488,-46.6139149665832,0.));
#8391=CARTESIAN_POINT('Ctrl Pts',(66.7121418267488,-46.6139149665832,0.02));
#8392=CARTESIAN_POINT('Ctrl Pts',(66.914051424977,-46.613221000257,0.));
#8393=CARTESIAN_POINT('Ctrl Pts',(66.914051424977,-46.613221000257,0.02));
#8394=CARTESIAN_POINT('Ctrl Pts',(67.2647815793221,-46.6120155354409,0.));
#8395=CARTESIAN_POINT('Ctrl Pts',(67.2647815793221,-46.6120155354409,0.02));
#8396=CARTESIAN_POINT('Ctrl Pts',(67.6119142093251,-46.5630630033674,0.));
#8397=CARTESIAN_POINT('Ctrl Pts',(67.6119142093251,-46.5630630033674,0.02));
#8398=CARTESIAN_POINT('Ctrl Pts',(67.7592082768679,-46.5422916412353,0.));
#8399=CARTESIAN_POINT('Ctrl Pts',(67.7592082768679,-46.5422916412353,0.02));
#8400=CARTESIAN_POINT('',(66.7121418267488,-46.6139149665832,0.01));
#8401=CARTESIAN_POINT('Ctrl Pts',(67.7592082768679,-46.5422916412353,0.01));
#8402=CARTESIAN_POINT('Ctrl Pts',(67.6119142093251,-46.5630630033674,0.01));
#8403=CARTESIAN_POINT('Ctrl Pts',(67.4646201417823,-46.5838343654994,0.01));
#8404=CARTESIAN_POINT('Ctrl Pts',(67.3166783601046,-46.5960091352463,0.01));
#8405=CARTESIAN_POINT('Ctrl Pts',(67.1159610232051,-46.6125270339308,0.01));
#8406=CARTESIAN_POINT('Ctrl Pts',(66.914051424977,-46.613221000257,0.01));
#8407=CARTESIAN_POINT('Ctrl Pts',(66.7121418267488,-46.6139149665832,0.01));
#8408=CARTESIAN_POINT('',(66.7121418267488,-46.6139149665832,0.02));
#8409=CARTESIAN_POINT('Ctrl Pts',(66.7121418267488,-46.6139149665832,0.02));
#8410=CARTESIAN_POINT('Ctrl Pts',(66.914051424977,-46.613221000257,0.02));
#8411=CARTESIAN_POINT('Ctrl Pts',(67.2647815793221,-46.6120155354409,0.02));
#8412=CARTESIAN_POINT('Ctrl Pts',(67.6119142093251,-46.5630630033674,0.02));
#8413=CARTESIAN_POINT('Ctrl Pts',(67.7592082768679,-46.5422916412353,0.02));
#8414=CARTESIAN_POINT('',(66.7121418267488,-46.6139149665832,0.));
#8415=CARTESIAN_POINT('Origin',(66.0538883954287,-46.6139149665832,0.));
#8416=CARTESIAN_POINT('',(66.0538883954287,-46.6139149665832,0.01));
#8417=CARTESIAN_POINT('',(70.5269441977143,-46.6139149665832,0.01));
#8418=CARTESIAN_POINT('',(66.0538883954287,-46.6139149665832,0.02));
#8419=CARTESIAN_POINT('',(66.7121418267488,-46.6139149665832,0.02));
#8420=CARTESIAN_POINT('',(66.0538883954287,-46.6139149665832,0.));
#8421=CARTESIAN_POINT('Origin',(66.0538883954287,-48.4999996423721,0.));
#8422=CARTESIAN_POINT('',(66.0538883954287,-48.4999996423721,0.01));
#8423=CARTESIAN_POINT('',(66.0538883954287,-47.2499998211861,0.01));
#8424=CARTESIAN_POINT('',(66.0538883954287,-48.4999996423721,0.02));
#8425=CARTESIAN_POINT('',(66.0538883954287,-46.6139149665832,0.02));
#8426=CARTESIAN_POINT('',(66.0538883954287,-48.4999996423721,0.));
#8427=CARTESIAN_POINT('Origin',(65.0443383008242,-48.4999996423721,0.));
#8428=CARTESIAN_POINT('',(70.0221691504121,-48.4999996423721,0.01));
#8429=CARTESIAN_POINT('',(66.0538883954287,-48.4999996423721,0.02));
#8430=CARTESIAN_POINT('Origin',(75.0000001937151,-45.9999999403953,0.02));
#8431=CARTESIAN_POINT('Origin',(75.,-46.,0.01));
#8432=CARTESIAN_POINT('',(69.6725781708956,-48.4999996423721,0.01));
#8433=CARTESIAN_POINT('',(69.6725781708956,-43.4999996423721,0.01));
#8434=CARTESIAN_POINT('',(69.6725781708956,-44.7499998211861,0.01));
#8435=CARTESIAN_POINT('',(70.6821282655001,-43.4999996423721,0.01));
#8436=CARTESIAN_POINT('',(72.84106413275,-43.4999996423721,0.01));
#8437=CARTESIAN_POINT('',(70.6821282655001,-48.4999996423721,0.01));
#8438=CARTESIAN_POINT('',(70.6821282655001,-47.2499998211861,0.01));
#8439=CARTESIAN_POINT('',(72.3362890854478,-48.4999996423721,0.01));
#8440=CARTESIAN_POINT('',(72.76944001019,-48.4999996423721,0.01));
#8441=CARTESIAN_POINT('',(72.76944001019,-44.3458384275436,0.01));
#8442=CARTESIAN_POINT('',(72.76944001019,-45.1729192137718,0.01));
#8443=CARTESIAN_POINT('',(71.2858112603426,-44.3458384275436,0.01));
#8444=CARTESIAN_POINT('',(73.1429056301713,-44.3458384275436,0.01));
#8445=CARTESIAN_POINT('',(71.2858112603426,-43.4999996423721,0.01));
#8446=CARTESIAN_POINT('',(71.2858112603426,-44.7499998211861,0.01));
#8447=CARTESIAN_POINT('',(75.2592094689608,-43.4999996423721,0.01));
#8448=CARTESIAN_POINT('',(75.1296047344804,-43.4999996423721,0.01));
#8449=CARTESIAN_POINT('',(75.2592094689608,-44.3458384275436,0.01));
#8450=CARTESIAN_POINT('',(75.2592094689608,-45.1729192137718,0.01));
#8451=CARTESIAN_POINT('',(73.7789901047945,-44.3458384275436,0.01));
#8452=CARTESIAN_POINT('',(74.3894950523973,-44.3458384275436,0.01));
#8453=CARTESIAN_POINT('',(73.7789901047945,-48.4999996423721,0.01));
#8454=CARTESIAN_POINT('',(73.7789901047945,-47.2499998211861,0.01));
#8455=CARTESIAN_POINT('',(73.884720005095,-48.4999996423721,0.01));
#8456=CARTESIAN_POINT('',(79.1098221093416,-46.6616642475128,0.01));
#8457=CARTESIAN_POINT('',(80.0886781960726,-46.9720327854156,0.01));
#8458=CARTESIAN_POINT('',(77.6367421879446,-46.1945908261839,0.01));
#8459=CARTESIAN_POINT('',(79.3400414735079,-48.1879258155823,0.01));
#8460=CARTESIAN_POINT('Ctrl Pts',(80.0886781960726,-46.9720327854156,0.01));
#8461=CARTESIAN_POINT('Ctrl Pts',(80.0079831168892,-47.2219169538394,0.01));
#8462=CARTESIAN_POINT('Ctrl Pts',(79.9272880377059,-47.4718011222632,0.01));
#8463=CARTESIAN_POINT('Ctrl Pts',(79.7889669686556,-47.6852828264236,0.01));
#8464=CARTESIAN_POINT('Ctrl Pts',(79.6684763636919,-47.8712453833903,0.01));
#8465=CARTESIAN_POINT('Ctrl Pts',(79.5042589185999,-48.0295855994863,0.01));
#8466=CARTESIAN_POINT('Ctrl Pts',(79.3400414735079,-48.1879258155823,0.01));
#8467=CARTESIAN_POINT('',(78.0115969926119,-48.5852658748627,0.01));
#8468=CARTESIAN_POINT('Ctrl Pts',(79.3400414735079,-48.1879258155823,0.01));
#8469=CARTESIAN_POINT('Ctrl Pts',(79.1471703367766,-48.3037230911006,0.01));
#8470=CARTESIAN_POINT('Ctrl Pts',(78.9542992000453,-48.4195203666189,0.01));
#8471=CARTESIAN_POINT('Ctrl Pts',(78.7461646348238,-48.4859311580658,0.01));
#8472=CARTESIAN_POINT('Ctrl Pts',(78.5139726377123,-48.560018104073,0.01));
#8473=CARTESIAN_POINT('Ctrl Pts',(78.2627848151621,-48.5726419894679,0.01));
#8474=CARTESIAN_POINT('Ctrl Pts',(78.0115969926119,-48.5852658748627,0.01));
#8475=CARTESIAN_POINT('',(76.3744886666536,-47.9048424959183,0.01));
#8476=CARTESIAN_POINT('Ctrl Pts',(78.0115969926119,-48.5852658748627,0.01));
#8477=CARTESIAN_POINT('Ctrl Pts',(77.6963981641539,-48.5589996675083,0.01));
#8478=CARTESIAN_POINT('Ctrl Pts',(77.381199335696,-48.5327334601539,0.01));
#8479=CARTESIAN_POINT('Ctrl Pts',(77.1043642312288,-48.4151595830917,0.01));
#8480=CARTESIAN_POINT('Ctrl Pts',(76.8372636046404,-48.3017200093997,0.01));
#8481=CARTESIAN_POINT('Ctrl Pts',(76.605876135647,-48.103281252659,0.01));
#8482=CARTESIAN_POINT('Ctrl Pts',(76.3744886666536,-47.9048424959183,0.01));
#8483=CARTESIAN_POINT('',(75.7332881242037,-46.0443383455276,0.01));
#8484=CARTESIAN_POINT('Ctrl Pts',(76.3744886666536,-47.9048424959183,0.01));
#8485=CARTESIAN_POINT('Ctrl Pts',(76.1876807661136,-47.6459091760998,0.01));
#8486=CARTESIAN_POINT('Ctrl Pts',(76.0008728655735,-47.3869758562813,0.01));
#8487=CARTESIAN_POINT('Ctrl Pts',(75.8935888558626,-47.0995050668716,0.01));
#8488=CARTESIAN_POINT('Ctrl Pts',(75.7715183689002,-46.7724134588561,0.01));
#8489=CARTESIAN_POINT('Ctrl Pts',(75.7524032465519,-46.4083759021919,0.01));
#8490=CARTESIAN_POINT('Ctrl Pts',(75.7332881242037,-46.0443383455276,0.01));
#8491=CARTESIAN_POINT('',(76.3778980523348,-44.1053885221481,0.01));
#8492=CARTESIAN_POINT('Ctrl Pts',(75.7332881242037,-46.0443383455276,0.01));
#8493=CARTESIAN_POINT('Ctrl Pts',(75.7508588285551,-45.6620918058752,0.01));
#8494=CARTESIAN_POINT('Ctrl Pts',(75.7684295329065,-45.2798452662228,0.01));
#8495=CARTESIAN_POINT('Ctrl Pts',(75.89444001019,-44.9354535341263,0.01));
#8496=CARTESIAN_POINT('Ctrl Pts',(76.0024642873996,-44.640218814453,0.01));
#8497=CARTESIAN_POINT('Ctrl Pts',(76.1901811698672,-44.3728036683006,0.01));
#8498=CARTESIAN_POINT('Ctrl Pts',(76.3778980523348,-44.1053885221481,0.01));
#8499=CARTESIAN_POINT('',(78.0729873925447,-43.414734005928,0.01));
#8500=CARTESIAN_POINT('Ctrl Pts',(76.3778980523348,-44.1053885221481,0.01));
#8501=CARTESIAN_POINT('Ctrl Pts',(76.6146674079761,-43.9039981561091,0.01));
#8502=CARTESIAN_POINT('Ctrl Pts',(76.8514367636174,-43.7026077900701,0.01));
#8503=CARTESIAN_POINT('Ctrl Pts',(77.1239765435457,-43.587397634983,0.01));
#8504=CARTESIAN_POINT('Ctrl Pts',(77.4134172172837,-43.4650430014003,0.01));
#8505=CARTESIAN_POINT('Ctrl Pts',(77.7432023049142,-43.4398885036642,0.01));
#8506=CARTESIAN_POINT('Ctrl Pts',(78.0729873925447,-43.414734005928,0.01));
#8507=CARTESIAN_POINT('',(79.5634372979403,-43.9570254087448,0.01));
#8508=CARTESIAN_POINT('Ctrl Pts',(78.0729873925447,-43.414734005928,0.01));
#8509=CARTESIAN_POINT('Ctrl Pts',(78.3600451239992,-43.4332885040878,0.01));
#8510=CARTESIAN_POINT('Ctrl Pts',(78.6471028554537,-43.4518430022476,0.01));
#8511=CARTESIAN_POINT('Ctrl Pts',(78.9043315201998,-43.5503068566322,0.01));
#8512=CARTESIAN_POINT('Ctrl Pts',(79.1408456145425,-43.6408414374817,0.01));
#8513=CARTESIAN_POINT('Ctrl Pts',(79.3521414562414,-43.7989334231133,0.01));
#8514=CARTESIAN_POINT('Ctrl Pts',(79.5634372979403,-43.9570254087448,0.01));
#8515=CARTESIAN_POINT('',(80.0750358849764,-44.8778992891312,0.01));
#8516=CARTESIAN_POINT('Ctrl Pts',(79.5634372979403,-43.9570254087448,0.01));
#8517=CARTESIAN_POINT('Ctrl Pts',(79.6717870251503,-44.0821498380473,0.01));
#8518=CARTESIAN_POINT('Ctrl Pts',(79.7801367523604,-44.2072742673497,0.01));
#8519=CARTESIAN_POINT('Ctrl Pts',(79.8618706017733,-44.3475443124771,0.01));
#8520=CARTESIAN_POINT('Ctrl Pts',(79.9569240420191,-44.5106731807316,0.01));
#8521=CARTESIAN_POINT('Ctrl Pts',(80.0159799634977,-44.6942862349314,0.01));
#8522=CARTESIAN_POINT('Ctrl Pts',(80.0750358849764,-44.8778992891312,0.01));
#8523=CARTESIAN_POINT('',(79.0757163316011,-45.1166433095932,0.01));
#8524=CARTESIAN_POINT('',(77.0480690204587,-45.6010616015261,0.01));
#8525=CARTESIAN_POINT('',(78.705662086606,-44.5027285814285,0.01));
#8526=CARTESIAN_POINT('Ctrl Pts',(79.0757163316011,-45.1166433095932,0.01));
#8527=CARTESIAN_POINT('Ctrl Pts',(79.0394829274213,-44.9949640598731,0.01));
#8528=CARTESIAN_POINT('Ctrl Pts',(79.0032495232414,-44.873284810153,0.01));
#8529=CARTESIAN_POINT('Ctrl Pts',(78.9388664513826,-44.7687584161758,0.01));
#8530=CARTESIAN_POINT('Ctrl Pts',(78.8779381456515,-44.6698408605925,0.01));
#8531=CARTESIAN_POINT('Ctrl Pts',(78.7918001161288,-44.5862847210105,0.01));
#8532=CARTESIAN_POINT('Ctrl Pts',(78.705662086606,-44.5027285814285,0.01));
#8533=CARTESIAN_POINT('',(78.0218275338411,-44.2776256799698,0.01));
#8534=CARTESIAN_POINT('Ctrl Pts',(78.705662086606,-44.5027285814285,0.01));
#8535=CARTESIAN_POINT('Ctrl Pts',(78.6049158545846,-44.4370900342071,0.01));
#8536=CARTESIAN_POINT('Ctrl Pts',(78.5041696225631,-44.3714514869857,0.01));
#8537=CARTESIAN_POINT('Ctrl Pts',(78.3940132409334,-44.3339014053345,0.01));
#8538=CARTESIAN_POINT('Ctrl Pts',(78.2770268324777,-44.2940231057334,0.01));
#8539=CARTESIAN_POINT('Ctrl Pts',(78.1494271831594,-44.2858243928516,0.01));
#8540=CARTESIAN_POINT('Ctrl Pts',(78.0218275338411,-44.2776256799698,0.01));
#8541=CARTESIAN_POINT('',(77.1197136193514,-44.6766710281372,0.01));
#8542=CARTESIAN_POINT('Ctrl Pts',(78.0218275338411,-44.2776256799698,0.01));
#8543=CARTESIAN_POINT('Ctrl Pts',(77.8461292764044,-44.293256629675,0.01));
#8544=CARTESIAN_POINT('Ctrl Pts',(77.6704310189677,-44.3088875793802,0.01));
#8545=CARTESIAN_POINT('Ctrl Pts',(77.5183304101229,-44.3773871660233,0.01));
#8546=CARTESIAN_POINT('Ctrl Pts',(77.370621790591,-44.4439087891673,0.01));
#8547=CARTESIAN_POINT('Ctrl Pts',(77.2451677049712,-44.5602899086522,0.01));
#8548=CARTESIAN_POINT('Ctrl Pts',(77.1197136193514,-44.6766710281372,0.01));
#8549=CARTESIAN_POINT('',(76.7735346108675,-45.9693038463592,0.01));
#8550=CARTESIAN_POINT('Ctrl Pts',(77.1197136193514,-44.6766710281372,0.01));
#8551=CARTESIAN_POINT('Ctrl Pts',(77.0192462285594,-44.8467964521102,0.01));
#8552=CARTESIAN_POINT('Ctrl Pts',(76.9187788377674,-45.0169218760831,0.01));
#8553=CARTESIAN_POINT('Ctrl Pts',(76.8600805550814,-45.1993519067764,0.01));
#8554=CARTESIAN_POINT('Ctrl Pts',(76.7821531615583,-45.4415446276146,0.01));
#8555=CARTESIAN_POINT('Ctrl Pts',(76.7778438862129,-45.7054242369869,0.01));
#8556=CARTESIAN_POINT('Ctrl Pts',(76.7735346108675,-45.9693038463592,0.01));
#8557=CARTESIAN_POINT('',(77.1145971566439,-47.319917678833,0.01));
#8558=CARTESIAN_POINT('Ctrl Pts',(76.7735346108675,-45.9693038463592,0.01));
#8559=CARTESIAN_POINT('Ctrl Pts',(76.7764642468727,-46.247044286015,0.01));
#8560=CARTESIAN_POINT('Ctrl Pts',(76.779393882878,-46.5247847256708,0.01));
#8561=CARTESIAN_POINT('Ctrl Pts',(76.8588002473116,-46.7810362577438,0.01));
#8562=CARTESIAN_POINT('Ctrl Pts',(76.9168336428383,-46.9683152828093,0.01));
#8563=CARTESIAN_POINT('Ctrl Pts',(77.0157153997411,-47.1441164808211,0.01));
#8564=CARTESIAN_POINT('Ctrl Pts',(77.1145971566439,-47.319917678833,0.01));
#8565=CARTESIAN_POINT('',(78.0013640671968,-47.7223736047745,0.01));
#8566=CARTESIAN_POINT('Ctrl Pts',(77.1145971566439,-47.319917678833,0.01));
#8567=CARTESIAN_POINT('Ctrl Pts',(77.2376839031206,-47.4372975712645,0.01));
#8568=CARTESIAN_POINT('Ctrl Pts',(77.3607706495972,-47.5546774636961,0.01));
#8569=CARTESIAN_POINT('Ctrl Pts',(77.5068219453096,-47.6217597723007,0.01));
#8570=CARTESIAN_POINT('Ctrl Pts',(77.6557504717595,-47.6901636116683,0.01));
#8571=CARTESIAN_POINT('Ctrl Pts',(77.8285572694782,-47.7062686082214,0.01));
#8572=CARTESIAN_POINT('Ctrl Pts',(78.0013640671968,-47.7223736047745,0.01));
#8573=CARTESIAN_POINT('',(78.6937244683504,-47.4665755033493,0.01));
#8574=CARTESIAN_POINT('Ctrl Pts',(78.0013640671968,-47.7223736047745,0.01));
#8575=CARTESIAN_POINT('Ctrl Pts',(78.1288669269829,-47.7123070388472,0.01));
#8576=CARTESIAN_POINT('Ctrl Pts',(78.2563697867689,-47.7022404729199,0.01));
#8577=CARTESIAN_POINT('Ctrl Pts',(78.4873608164241,-47.617438982576,0.01));
#8578=CARTESIAN_POINT('Ctrl Pts',(78.5883674132609,-47.5435974582504,0.01));
#8579=CARTESIAN_POINT('Ctrl Pts',(78.6937244683504,-47.4665755033493,0.01));
#8580=CARTESIAN_POINT('Ctrl Pts',(78.6937244683504,-47.4665755033493,0.01));
#8581=CARTESIAN_POINT('Ctrl Pts',(78.78513305559,-47.3613853139588,0.01));
#8582=CARTESIAN_POINT('Ctrl Pts',(78.8765416428296,-47.2561951245683,0.01));
#8583=CARTESIAN_POINT('Ctrl Pts',(78.9427002221346,-47.1374487876892,0.01));
#8584=CARTESIAN_POINT('Ctrl Pts',(79.0235419524226,-46.9923480397663,0.01));
#8585=CARTESIAN_POINT('Ctrl Pts',(79.0666820308821,-46.8270061436396,0.01));
#8586=CARTESIAN_POINT('Ctrl Pts',(79.1098221093416,-46.6616642475128,0.01));
#8587=CARTESIAN_POINT('',(80.9583910256624,-48.4999996423721,0.01));
#8588=CARTESIAN_POINT('',(80.9583910256624,-43.4999996423721,0.01));
#8589=CARTESIAN_POINT('',(80.9583910256624,-44.7499998211861,0.01));
#8590=CARTESIAN_POINT('',(81.9679411202669,-43.4999996423721,0.01));
#8591=CARTESIAN_POINT('',(78.4839705601335,-43.4999996423721,0.01));
#8592=CARTESIAN_POINT('',(81.9679411202669,-45.4679399728775,0.01));
#8593=CARTESIAN_POINT('',(81.9679411202669,-45.7339699864387,0.01));
#8594=CARTESIAN_POINT('',(83.9461119920015,-45.4679399728775,0.01));
#8595=CARTESIAN_POINT('',(79.4730559960008,-45.4679399728775,0.01));
#8596=CARTESIAN_POINT('',(83.9461119920015,-43.4999996423721,0.01));
#8597=CARTESIAN_POINT('',(83.9461119920015,-44.7499998211861,0.01));
#8598=CARTESIAN_POINT('',(84.955662086606,-43.4999996423721,0.01));
#8599=CARTESIAN_POINT('',(79.977831043303,-43.4999996423721,0.01));
#8600=CARTESIAN_POINT('',(84.955662086606,-48.4999996423721,0.01));
#8601=CARTESIAN_POINT('',(84.955662086606,-47.2499998211861,0.01));
#8602=CARTESIAN_POINT('',(83.9461119920015,-48.4999996423721,0.01));
#8603=CARTESIAN_POINT('',(79.4730559960008,-48.4999996423721,0.01));
#8604=CARTESIAN_POINT('',(83.9461119920015,-46.313778758049,0.01));
#8605=CARTESIAN_POINT('',(83.9461119920015,-46.1568893790245,0.01));
#8606=CARTESIAN_POINT('',(81.9679411202669,-46.313778758049,0.01));
#8607=CARTESIAN_POINT('',(78.4839705601335,-46.313778758049,0.01));
#8608=CARTESIAN_POINT('',(81.9679411202669,-48.4999996423721,0.01));
#8609=CARTESIAN_POINT('',(81.9679411202669,-47.2499998211861,0.01));
#8610=CARTESIAN_POINT('',(77.9791955128312,-48.4999996423721,0.01));
#8611=CARTESIAN_POINT('Origin',(84.955662086606,-43.4999996423721,0.));
#8612=CARTESIAN_POINT('',(83.9461119920015,-43.4999996423721,0.02));
#8613=CARTESIAN_POINT('',(83.9461119920015,-43.4999996423721,0.));
#8614=CARTESIAN_POINT('',(84.955662086606,-43.4999996423721,0.02));
#8615=CARTESIAN_POINT('',(83.9461119920015,-43.4999996423721,0.02));
#8616=CARTESIAN_POINT('',(84.955662086606,-43.4999996423721,0.));
#8617=CARTESIAN_POINT('Origin',(83.9461119920015,-43.4999996423721,0.));
#8618=CARTESIAN_POINT('',(83.9461119920015,-45.4679399728775,0.02));
#8619=CARTESIAN_POINT('',(83.9461119920015,-45.4679399728775,0.));
#8620=CARTESIAN_POINT('',(83.9461119920015,-45.4679399728775,0.02));
#8621=CARTESIAN_POINT('Origin',(83.9461119920015,-45.4679399728775,0.));
#8622=CARTESIAN_POINT('',(81.9679411202669,-45.4679399728775,0.02));
#8623=CARTESIAN_POINT('',(81.9679411202669,-45.4679399728775,0.));
#8624=CARTESIAN_POINT('',(81.9679411202669,-45.4679399728775,0.02));
#8625=CARTESIAN_POINT('Origin',(81.9679411202669,-45.4679399728775,0.));
#8626=CARTESIAN_POINT('',(81.9679411202669,-43.4999996423721,0.02));
#8627=CARTESIAN_POINT('',(81.9679411202669,-43.4999996423721,0.));
#8628=CARTESIAN_POINT('',(81.9679411202669,-43.4999996423721,0.02));
#8629=CARTESIAN_POINT('Origin',(81.9679411202669,-43.4999996423721,0.));
#8630=CARTESIAN_POINT('',(80.9583910256624,-43.4999996423721,0.02));
#8631=CARTESIAN_POINT('',(80.9583910256624,-43.4999996423721,0.));
#8632=CARTESIAN_POINT('',(80.9583910256624,-43.4999996423721,0.02));
#8633=CARTESIAN_POINT('Origin',(80.9583910256624,-43.4999996423721,0.));
#8634=CARTESIAN_POINT('',(80.9583910256624,-48.4999996423721,0.02));
#8635=CARTESIAN_POINT('',(80.9583910256624,-48.4999996423721,0.));
#8636=CARTESIAN_POINT('',(80.9583910256624,-48.4999996423721,0.02));
#8637=CARTESIAN_POINT('Origin',(84.955662086606,-48.4999996423721,0.));
#8638=CARTESIAN_POINT('',(84.955662086606,-48.4999996423721,0.02));
#8639=CARTESIAN_POINT('',(84.955662086606,-43.4999996423721,0.02));
#8640=CARTESIAN_POINT('',(84.955662086606,-48.4999996423721,0.));
#8641=CARTESIAN_POINT('Origin',(83.9461119920015,-48.4999996423721,0.));
#8642=CARTESIAN_POINT('',(83.9461119920015,-48.4999996423721,0.02));
#8643=CARTESIAN_POINT('',(84.955662086606,-48.4999996423721,0.02));
#8644=CARTESIAN_POINT('',(83.9461119920015,-48.4999996423721,0.));
#8645=CARTESIAN_POINT('Origin',(83.9461119920015,-46.313778758049,0.));
#8646=CARTESIAN_POINT('',(83.9461119920015,-46.313778758049,0.02));
#8647=CARTESIAN_POINT('',(83.9461119920015,-48.4999996423721,0.02));
#8648=CARTESIAN_POINT('',(83.9461119920015,-46.313778758049,0.));
#8649=CARTESIAN_POINT('Origin',(81.9679411202669,-46.313778758049,0.));
#8650=CARTESIAN_POINT('',(81.9679411202669,-46.313778758049,0.02));
#8651=CARTESIAN_POINT('',(83.9461119920015,-46.313778758049,0.02));
#8652=CARTESIAN_POINT('',(81.9679411202669,-46.313778758049,0.));
#8653=CARTESIAN_POINT('Origin',(81.9679411202669,-48.4999996423721,0.));
#8654=CARTESIAN_POINT('',(81.9679411202669,-48.4999996423721,0.02));
#8655=CARTESIAN_POINT('',(81.9679411202669,-46.313778758049,0.02));
#8656=CARTESIAN_POINT('',(81.9679411202669,-48.4999996423721,0.));
#8657=CARTESIAN_POINT('Origin',(80.9583910256624,-48.4999996423721,0.));
#8658=CARTESIAN_POINT('',(81.9679411202669,-48.4999996423721,0.02));
#8659=CARTESIAN_POINT('Origin',(75.0000001937151,-45.9999999403953,0.02));
#8660=CARTESIAN_POINT('Ctrl Pts',(80.0750358849764,-44.8778992891312,0.));
#8661=CARTESIAN_POINT('Ctrl Pts',(80.0750358849764,-44.8778992891312,0.02));
#8662=CARTESIAN_POINT('Ctrl Pts',(80.0159799634977,-44.6942862349314,0.));
#8663=CARTESIAN_POINT('Ctrl Pts',(80.0159799634977,-44.6942862349314,0.02));
#8664=CARTESIAN_POINT('Ctrl Pts',(79.9061434728931,-44.3527893452451,0.));
#8665=CARTESIAN_POINT('Ctrl Pts',(79.9061434728931,-44.3527893452451,0.02));
#8666=CARTESIAN_POINT('Ctrl Pts',(79.6717870251503,-44.0821498380473,0.));
#8667=CARTESIAN_POINT('Ctrl Pts',(79.6717870251503,-44.0821498380473,0.02));
#8668=CARTESIAN_POINT('Ctrl Pts',(79.5634372979403,-43.9570254087448,0.));
#8669=CARTESIAN_POINT('Ctrl Pts',(79.5634372979403,-43.9570254087448,0.02));
#8670=CARTESIAN_POINT('',(79.5634372979403,-43.9570254087448,0.02));
#8671=CARTESIAN_POINT('',(79.5634372979403,-43.9570254087448,0.));
#8672=CARTESIAN_POINT('',(80.0750358849764,-44.8778992891312,0.02));
#8673=CARTESIAN_POINT('Ctrl Pts',(80.0750358849764,-44.8778992891312,0.02));
#8674=CARTESIAN_POINT('Ctrl Pts',(80.0159799634977,-44.6942862349314,0.02));
#8675=CARTESIAN_POINT('Ctrl Pts',(79.9061434728931,-44.3527893452451,0.02));
#8676=CARTESIAN_POINT('Ctrl Pts',(79.6717870251503,-44.0821498380473,0.02));
#8677=CARTESIAN_POINT('Ctrl Pts',(79.5634372979403,-43.9570254087448,0.02));
#8678=CARTESIAN_POINT('',(80.0750358849764,-44.8778992891312,0.));
#8679=CARTESIAN_POINT('Ctrl Pts',(79.5634372979403,-43.9570254087448,0.));
#8680=CARTESIAN_POINT('Ctrl Pts',(79.5634372979403,-43.9570254087448,0.02));
#8681=CARTESIAN_POINT('Ctrl Pts',(79.3521414562414,-43.7989334231133,0.));
#8682=CARTESIAN_POINT('Ctrl Pts',(79.3521414562414,-43.7989334231133,0.02));
#8683=CARTESIAN_POINT('Ctrl Pts',(78.9110438880212,-43.4689033105635,0.));
#8684=CARTESIAN_POINT('Ctrl Pts',(78.9110438880212,-43.4689033105635,0.02));
#8685=CARTESIAN_POINT('Ctrl Pts',(78.3600451239992,-43.4332885040878,0.));
#8686=CARTESIAN_POINT('Ctrl Pts',(78.3600451239992,-43.4332885040878,0.02));
#8687=CARTESIAN_POINT('Ctrl Pts',(78.0729873925447,-43.414734005928,0.));
#8688=CARTESIAN_POINT('Ctrl Pts',(78.0729873925447,-43.414734005928,0.02));
#8689=CARTESIAN_POINT('',(78.0729873925447,-43.414734005928,0.02));
#8690=CARTESIAN_POINT('',(78.0729873925447,-43.414734005928,0.));
#8691=CARTESIAN_POINT('Ctrl Pts',(79.5634372979403,-43.9570254087448,0.02));
#8692=CARTESIAN_POINT('Ctrl Pts',(79.3521414562414,-43.7989334231133,0.02));
#8693=CARTESIAN_POINT('Ctrl Pts',(78.9110438880212,-43.4689033105635,0.02));
#8694=CARTESIAN_POINT('Ctrl Pts',(78.3600451239992,-43.4332885040878,0.02));
#8695=CARTESIAN_POINT('Ctrl Pts',(78.0729873925447,-43.414734005928,0.02));
#8696=CARTESIAN_POINT('Ctrl Pts',(78.0729873925447,-43.414734005928,0.));
#8697=CARTESIAN_POINT('Ctrl Pts',(78.0729873925447,-43.414734005928,0.02));
#8698=CARTESIAN_POINT('Ctrl Pts',(77.7432023049142,-43.4398885036642,0.));
#8699=CARTESIAN_POINT('Ctrl Pts',(77.7432023049142,-43.4398885036642,0.02));
#8700=CARTESIAN_POINT('Ctrl Pts',(77.1028887969145,-43.488728688656,0.));
#8701=CARTESIAN_POINT('Ctrl Pts',(77.1028887969145,-43.488728688656,0.02));
#8702=CARTESIAN_POINT('Ctrl Pts',(76.6146674079761,-43.9039981561091,0.));
#8703=CARTESIAN_POINT('Ctrl Pts',(76.6146674079761,-43.9039981561091,0.02));
#8704=CARTESIAN_POINT('Ctrl Pts',(76.3778980523348,-44.1053885221481,0.));
#8705=CARTESIAN_POINT('Ctrl Pts',(76.3778980523348,-44.1053885221481,0.02));
#8706=CARTESIAN_POINT('',(76.3778980523348,-44.1053885221481,0.02));
#8707=CARTESIAN_POINT('',(76.3778980523348,-44.1053885221481,0.));
#8708=CARTESIAN_POINT('Ctrl Pts',(78.0729873925447,-43.414734005928,0.02));
#8709=CARTESIAN_POINT('Ctrl Pts',(77.7432023049142,-43.4398885036642,0.02));
#8710=CARTESIAN_POINT('Ctrl Pts',(77.1028887969145,-43.488728688656,0.02));
#8711=CARTESIAN_POINT('Ctrl Pts',(76.6146674079761,-43.9039981561091,0.02));
#8712=CARTESIAN_POINT('Ctrl Pts',(76.3778980523348,-44.1053885221481,0.02));
#8713=CARTESIAN_POINT('Ctrl Pts',(76.3778980523348,-44.1053885221481,0.));
#8714=CARTESIAN_POINT('Ctrl Pts',(76.3778980523348,-44.1053885221481,0.02));
#8715=CARTESIAN_POINT('Ctrl Pts',(76.1901811698672,-44.3728036683006,0.));
#8716=CARTESIAN_POINT('Ctrl Pts',(76.1901811698672,-44.3728036683006,0.02));
#8717=CARTESIAN_POINT('Ctrl Pts',(75.7834922695816,-44.9521589733686,0.));
#8718=CARTESIAN_POINT('Ctrl Pts',(75.7834922695816,-44.9521589733686,0.02));
#8719=CARTESIAN_POINT('Ctrl Pts',(75.7508588285551,-45.6620918058752,0.));
#8720=CARTESIAN_POINT('Ctrl Pts',(75.7508588285551,-45.6620918058752,0.02));
#8721=CARTESIAN_POINT('Ctrl Pts',(75.7332881242037,-46.0443383455276,0.));
#8722=CARTESIAN_POINT('Ctrl Pts',(75.7332881242037,-46.0443383455276,0.02));
#8723=CARTESIAN_POINT('',(75.7332881242037,-46.0443383455276,0.02));
#8724=CARTESIAN_POINT('',(75.7332881242037,-46.0443383455276,0.));
#8725=CARTESIAN_POINT('Ctrl Pts',(76.3778980523348,-44.1053885221481,0.02));
#8726=CARTESIAN_POINT('Ctrl Pts',(76.1901811698672,-44.3728036683006,0.02));
#8727=CARTESIAN_POINT('Ctrl Pts',(75.7834922695816,-44.9521589733686,0.02));
#8728=CARTESIAN_POINT('Ctrl Pts',(75.7508588285551,-45.6620918058752,0.02));
#8729=CARTESIAN_POINT('Ctrl Pts',(75.7332881242037,-46.0443383455276,0.02));
#8730=CARTESIAN_POINT('Ctrl Pts',(75.7332881242037,-46.0443383455276,0.));
#8731=CARTESIAN_POINT('Ctrl Pts',(75.7332881242037,-46.0443383455276,0.02));
#8732=CARTESIAN_POINT('Ctrl Pts',(75.7524032465519,-46.4083759021919,0.));
#8733=CARTESIAN_POINT('Ctrl Pts',(75.7524032465519,-46.4083759021919,0.02));
#8734=CARTESIAN_POINT('Ctrl Pts',(75.7883180640818,-47.0923549101944,0.));
#8735=CARTESIAN_POINT('Ctrl Pts',(75.7883180640818,-47.0923549101944,0.02));
#8736=CARTESIAN_POINT('Ctrl Pts',(76.1876807661136,-47.6459091760998,0.));
#8737=CARTESIAN_POINT('Ctrl Pts',(76.1876807661136,-47.6459091760998,0.02));
#8738=CARTESIAN_POINT('Ctrl Pts',(76.3744886666536,-47.9048424959183,0.));
#8739=CARTESIAN_POINT('Ctrl Pts',(76.3744886666536,-47.9048424959183,0.02));
#8740=CARTESIAN_POINT('',(76.3744886666536,-47.9048424959183,0.02));
#8741=CARTESIAN_POINT('',(76.3744886666536,-47.9048424959183,0.));
#8742=CARTESIAN_POINT('Ctrl Pts',(75.7332881242037,-46.0443383455276,0.02));
#8743=CARTESIAN_POINT('Ctrl Pts',(75.7524032465519,-46.4083759021919,0.02));
#8744=CARTESIAN_POINT('Ctrl Pts',(75.7883180640818,-47.0923549101944,0.02));
#8745=CARTESIAN_POINT('Ctrl Pts',(76.1876807661136,-47.6459091760998,0.02));
#8746=CARTESIAN_POINT('Ctrl Pts',(76.3744886666536,-47.9048424959183,0.02));
#8747=CARTESIAN_POINT('Ctrl Pts',(76.3744886666536,-47.9048424959183,0.));
#8748=CARTESIAN_POINT('Ctrl Pts',(76.3744886666536,-47.9048424959183,0.02));
#8749=CARTESIAN_POINT('Ctrl Pts',(76.605876135647,-48.103281252659,0.));
#8750=CARTESIAN_POINT('Ctrl Pts',(76.605876135647,-48.103281252659,0.02));
#8751=CARTESIAN_POINT('Ctrl Pts',(77.0770839860799,-48.5073908633183,0.));
#8752=CARTESIAN_POINT('Ctrl Pts',(77.0770839860799,-48.5073908633183,0.02));
#8753=CARTESIAN_POINT('Ctrl Pts',(77.6963981641539,-48.5589996675083,0.));
#8754=CARTESIAN_POINT('Ctrl Pts',(77.6963981641539,-48.5589996675083,0.02));
#8755=CARTESIAN_POINT('Ctrl Pts',(78.0115969926119,-48.5852658748627,0.));
#8756=CARTESIAN_POINT('Ctrl Pts',(78.0115969926119,-48.5852658748627,0.02));
#8757=CARTESIAN_POINT('',(78.0115969926119,-48.5852658748627,0.02));
#8758=CARTESIAN_POINT('',(78.0115969926119,-48.5852658748627,0.));
#8759=CARTESIAN_POINT('Ctrl Pts',(76.3744886666536,-47.9048424959183,0.02));
#8760=CARTESIAN_POINT('Ctrl Pts',(76.605876135647,-48.103281252659,0.02));
#8761=CARTESIAN_POINT('Ctrl Pts',(77.0770839860799,-48.5073908633183,0.02));
#8762=CARTESIAN_POINT('Ctrl Pts',(77.6963981641539,-48.5589996675083,0.02));
#8763=CARTESIAN_POINT('Ctrl Pts',(78.0115969926119,-48.5852658748627,0.02));
#8764=CARTESIAN_POINT('Ctrl Pts',(78.0115969926119,-48.5852658748627,0.));
#8765=CARTESIAN_POINT('Ctrl Pts',(78.0115969926119,-48.5852658748627,0.02));
#8766=CARTESIAN_POINT('Ctrl Pts',(78.2627848151621,-48.5726419894679,0.));
#8767=CARTESIAN_POINT('Ctrl Pts',(78.2627848151621,-48.5726419894679,0.02));
#8768=CARTESIAN_POINT('Ctrl Pts',(78.7391348693388,-48.5487021804807,0.));
#8769=CARTESIAN_POINT('Ctrl Pts',(78.7391348693388,-48.5487021804807,0.02));
#8770=CARTESIAN_POINT('Ctrl Pts',(79.1471703367766,-48.3037230911006,0.));
#8771=CARTESIAN_POINT('Ctrl Pts',(79.1471703367766,-48.3037230911006,0.02));
#8772=CARTESIAN_POINT('Ctrl Pts',(79.3400414735079,-48.1879258155823,0.));
#8773=CARTESIAN_POINT('Ctrl Pts',(79.3400414735079,-48.1879258155823,0.02));
#8774=CARTESIAN_POINT('',(79.3400414735079,-48.1879258155823,0.02));
#8775=CARTESIAN_POINT('',(79.3400414735079,-48.1879258155823,0.));
#8776=CARTESIAN_POINT('Ctrl Pts',(78.0115969926119,-48.5852658748627,0.02));
#8777=CARTESIAN_POINT('Ctrl Pts',(78.2627848151621,-48.5726419894679,0.02));
#8778=CARTESIAN_POINT('Ctrl Pts',(78.7391348693388,-48.5487021804807,0.02));
#8779=CARTESIAN_POINT('Ctrl Pts',(79.1471703367766,-48.3037230911006,0.02));
#8780=CARTESIAN_POINT('Ctrl Pts',(79.3400414735079,-48.1879258155823,0.02));
#8781=CARTESIAN_POINT('Ctrl Pts',(79.3400414735079,-48.1879258155823,0.));
#8782=CARTESIAN_POINT('Ctrl Pts',(79.3400414735079,-48.1879258155823,0.02));
#8783=CARTESIAN_POINT('Ctrl Pts',(79.5042589185999,-48.0295855994863,0.));
#8784=CARTESIAN_POINT('Ctrl Pts',(79.5042589185999,-48.0295855994863,0.02));
#8785=CARTESIAN_POINT('Ctrl Pts',(79.8569950666123,-47.6894736347078,0.));
#8786=CARTESIAN_POINT('Ctrl Pts',(79.8569950666123,-47.6894736347078,0.02));
#8787=CARTESIAN_POINT('Ctrl Pts',(80.0079831168892,-47.2219169538394,0.));
#8788=CARTESIAN_POINT('Ctrl Pts',(80.0079831168892,-47.2219169538394,0.02));
#8789=CARTESIAN_POINT('Ctrl Pts',(80.0886781960726,-46.9720327854156,0.));
#8790=CARTESIAN_POINT('Ctrl Pts',(80.0886781960726,-46.9720327854156,0.02));
#8791=CARTESIAN_POINT('',(80.0886781960726,-46.9720327854156,0.02));
#8792=CARTESIAN_POINT('',(80.0886781960726,-46.9720327854156,0.));
#8793=CARTESIAN_POINT('Ctrl Pts',(79.3400414735079,-48.1879258155823,0.02));
#8794=CARTESIAN_POINT('Ctrl Pts',(79.5042589185999,-48.0295855994863,0.02));
#8795=CARTESIAN_POINT('Ctrl Pts',(79.8569950666123,-47.6894736347078,0.02));
#8796=CARTESIAN_POINT('Ctrl Pts',(80.0079831168892,-47.2219169538394,0.02));
#8797=CARTESIAN_POINT('Ctrl Pts',(80.0886781960726,-46.9720327854156,0.02));
#8798=CARTESIAN_POINT('Origin',(80.0886781960726,-46.9720327854156,0.));
#8799=CARTESIAN_POINT('',(79.1098221093416,-46.6616642475128,0.02));
#8800=CARTESIAN_POINT('',(79.1098221093416,-46.6616642475128,0.));
#8801=CARTESIAN_POINT('',(79.1098221093416,-46.6616642475128,0.02));
#8802=CARTESIAN_POINT('Origin',(79.0757163316011,-45.1166433095932,0.));
#8803=CARTESIAN_POINT('',(79.0757163316011,-45.1166433095932,0.02));
#8804=CARTESIAN_POINT('',(80.0750358849764,-44.8778992891312,0.02));
#8805=CARTESIAN_POINT('',(79.0757163316011,-45.1166433095932,0.));
#8806=CARTESIAN_POINT('Ctrl Pts',(78.705662086606,-44.5027285814285,0.));
#8807=CARTESIAN_POINT('Ctrl Pts',(78.705662086606,-44.5027285814285,0.02));
#8808=CARTESIAN_POINT('Ctrl Pts',(78.7918001161288,-44.5862847210105,0.));
#8809=CARTESIAN_POINT('Ctrl Pts',(78.7918001161288,-44.5862847210105,0.02));
#8810=CARTESIAN_POINT('Ctrl Pts',(78.9689603869232,-44.7581348132044,0.));
#8811=CARTESIAN_POINT('Ctrl Pts',(78.9689603869232,-44.7581348132044,0.02));
#8812=CARTESIAN_POINT('Ctrl Pts',(79.0394829274213,-44.9949640598731,0.));
#8813=CARTESIAN_POINT('Ctrl Pts',(79.0394829274213,-44.9949640598731,0.02));
#8814=CARTESIAN_POINT('Ctrl Pts',(79.0757163316011,-45.1166433095932,0.));
#8815=CARTESIAN_POINT('Ctrl Pts',(79.0757163316011,-45.1166433095932,0.02));
#8816=CARTESIAN_POINT('',(78.705662086606,-44.5027285814285,0.02));
#8817=CARTESIAN_POINT('Ctrl Pts',(78.705662086606,-44.5027285814285,0.02));
#8818=CARTESIAN_POINT('Ctrl Pts',(78.7918001161288,-44.5862847210105,0.02));
#8819=CARTESIAN_POINT('Ctrl Pts',(78.9689603869232,-44.7581348132044,0.02));
#8820=CARTESIAN_POINT('Ctrl Pts',(79.0394829274213,-44.9949640598731,0.02));
#8821=CARTESIAN_POINT('Ctrl Pts',(79.0757163316011,-45.1166433095932,0.02));
#8822=CARTESIAN_POINT('',(78.705662086606,-44.5027285814285,0.));
#8823=CARTESIAN_POINT('Ctrl Pts',(78.0218275338411,-44.2776256799698,0.));
#8824=CARTESIAN_POINT('Ctrl Pts',(78.0218275338411,-44.2776256799698,0.02));
#8825=CARTESIAN_POINT('Ctrl Pts',(78.1494271831594,-44.2858243928516,0.));
#8826=CARTESIAN_POINT('Ctrl Pts',(78.1494271831594,-44.2858243928516,0.02));
#8827=CARTESIAN_POINT('Ctrl Pts',(78.3971768212813,-44.3017431525064,0.));
#8828=CARTESIAN_POINT('Ctrl Pts',(78.3971768212813,-44.3017431525064,0.02));
#8829=CARTESIAN_POINT('Ctrl Pts',(78.6049158545846,-44.4370900342071,0.));
#8830=CARTESIAN_POINT('Ctrl Pts',(78.6049158545846,-44.4370900342071,0.02));
#8831=CARTESIAN_POINT('Ctrl Pts',(78.705662086606,-44.5027285814285,0.));
#8832=CARTESIAN_POINT('Ctrl Pts',(78.705662086606,-44.5027285814285,0.02));
#8833=CARTESIAN_POINT('',(78.0218275338411,-44.2776256799698,0.02));
#8834=CARTESIAN_POINT('Ctrl Pts',(78.0218275338411,-44.2776256799698,0.02));
#8835=CARTESIAN_POINT('Ctrl Pts',(78.1494271831594,-44.2858243928516,0.02));
#8836=CARTESIAN_POINT('Ctrl Pts',(78.3971768212813,-44.3017431525064,0.02));
#8837=CARTESIAN_POINT('Ctrl Pts',(78.6049158545846,-44.4370900342071,0.02));
#8838=CARTESIAN_POINT('Ctrl Pts',(78.705662086606,-44.5027285814285,0.02));
#8839=CARTESIAN_POINT('',(78.0218275338411,-44.2776256799698,0.));
#8840=CARTESIAN_POINT('Ctrl Pts',(77.1197136193514,-44.6766710281372,0.));
#8841=CARTESIAN_POINT('Ctrl Pts',(77.1197136193514,-44.6766710281372,0.02));
#8842=CARTESIAN_POINT('Ctrl Pts',(77.2451677049712,-44.5602899086522,0.));
#8843=CARTESIAN_POINT('Ctrl Pts',(77.2451677049712,-44.5602899086522,0.02));
#8844=CARTESIAN_POINT('Ctrl Pts',(77.4998061460153,-44.3240671767563,0.));
#8845=CARTESIAN_POINT('Ctrl Pts',(77.4998061460153,-44.3240671767563,0.02));
#8846=CARTESIAN_POINT('Ctrl Pts',(77.8461292764044,-44.293256629675,0.));
#8847=CARTESIAN_POINT('Ctrl Pts',(77.8461292764044,-44.293256629675,0.02));
#8848=CARTESIAN_POINT('Ctrl Pts',(78.0218275338411,-44.2776256799698,0.));
#8849=CARTESIAN_POINT('Ctrl Pts',(78.0218275338411,-44.2776256799698,0.02));
#8850=CARTESIAN_POINT('',(77.1197136193514,-44.6766710281372,0.02));
#8851=CARTESIAN_POINT('Ctrl Pts',(77.1197136193514,-44.6766710281372,0.02));
#8852=CARTESIAN_POINT('Ctrl Pts',(77.2451677049712,-44.5602899086522,0.02));
#8853=CARTESIAN_POINT('Ctrl Pts',(77.4998061460153,-44.3240671767563,0.02));
#8854=CARTESIAN_POINT('Ctrl Pts',(77.8461292764044,-44.293256629675,0.02));
#8855=CARTESIAN_POINT('Ctrl Pts',(78.0218275338411,-44.2776256799698,0.02));
#8856=CARTESIAN_POINT('',(77.1197136193514,-44.6766710281372,0.));
#8857=CARTESIAN_POINT('Ctrl Pts',(76.7735346108675,-45.9693038463592,0.));
#8858=CARTESIAN_POINT('Ctrl Pts',(76.7735346108675,-45.9693038463592,0.02));
#8859=CARTESIAN_POINT('Ctrl Pts',(76.7778438862129,-45.7054242369869,0.));
#8860=CARTESIAN_POINT('Ctrl Pts',(76.7778438862129,-45.7054242369869,0.02));
#8861=CARTESIAN_POINT('Ctrl Pts',(76.7853990940983,-45.2427790946517,0.));
#8862=CARTESIAN_POINT('Ctrl Pts',(76.7853990940983,-45.2427790946517,0.02));
#8863=CARTESIAN_POINT('Ctrl Pts',(77.0192462285594,-44.8467964521102,0.));
#8864=CARTESIAN_POINT('Ctrl Pts',(77.0192462285594,-44.8467964521102,0.02));
#8865=CARTESIAN_POINT('Ctrl Pts',(77.1197136193514,-44.6766710281372,0.));
#8866=CARTESIAN_POINT('Ctrl Pts',(77.1197136193514,-44.6766710281372,0.02));
#8867=CARTESIAN_POINT('',(76.7735346108675,-45.9693038463592,0.02));
#8868=CARTESIAN_POINT('Ctrl Pts',(76.7735346108675,-45.9693038463592,0.02));
#8869=CARTESIAN_POINT('Ctrl Pts',(76.7778438862129,-45.7054242369869,0.02));
#8870=CARTESIAN_POINT('Ctrl Pts',(76.7853990940983,-45.2427790946517,0.02));
#8871=CARTESIAN_POINT('Ctrl Pts',(77.0192462285594,-44.8467964521102,0.02));
#8872=CARTESIAN_POINT('Ctrl Pts',(77.1197136193514,-44.6766710281372,0.02));
#8873=CARTESIAN_POINT('',(76.7735346108675,-45.9693038463592,0.));
#8874=CARTESIAN_POINT('Ctrl Pts',(77.1145971566439,-47.319917678833,0.));
#8875=CARTESIAN_POINT('Ctrl Pts',(77.1145971566439,-47.319917678833,0.02));
#8876=CARTESIAN_POINT('Ctrl Pts',(77.0157153997411,-47.1441164808211,0.));
#8877=CARTESIAN_POINT('Ctrl Pts',(77.0157153997411,-47.1441164808211,0.02));
#8878=CARTESIAN_POINT('Ctrl Pts',(76.7815349798323,-46.7277687169828,0.));
#8879=CARTESIAN_POINT('Ctrl Pts',(76.7815349798323,-46.7277687169828,0.02));
#8880=CARTESIAN_POINT('Ctrl Pts',(76.7764642468727,-46.247044286015,0.));
#8881=CARTESIAN_POINT('Ctrl Pts',(76.7764642468727,-46.247044286015,0.02));
#8882=CARTESIAN_POINT('Ctrl Pts',(76.7735346108675,-45.9693038463592,0.));
#8883=CARTESIAN_POINT('Ctrl Pts',(76.7735346108675,-45.9693038463592,0.02));
#8884=CARTESIAN_POINT('',(77.1145971566439,-47.319917678833,0.02));
#8885=CARTESIAN_POINT('Ctrl Pts',(77.1145971566439,-47.319917678833,0.02));
#8886=CARTESIAN_POINT('Ctrl Pts',(77.0157153997411,-47.1441164808211,0.02));
#8887=CARTESIAN_POINT('Ctrl Pts',(76.7815349798323,-46.7277687169828,0.02));
#8888=CARTESIAN_POINT('Ctrl Pts',(76.7764642468727,-46.247044286015,0.02));
#8889=CARTESIAN_POINT('Ctrl Pts',(76.7735346108675,-45.9693038463592,0.02));
#8890=CARTESIAN_POINT('',(77.1145971566439,-47.319917678833,0.));
#8891=CARTESIAN_POINT('Ctrl Pts',(78.0013640671968,-47.7223736047745,0.));
#8892=CARTESIAN_POINT('Ctrl Pts',(78.0013640671968,-47.7223736047745,0.02));
#8893=CARTESIAN_POINT('Ctrl Pts',(77.8285572694782,-47.7062686082214,0.));
#8894=CARTESIAN_POINT('Ctrl Pts',(77.8285572694782,-47.7062686082214,0.02));
#8895=CARTESIAN_POINT('Ctrl Pts',(77.4862822220134,-47.6743697562526,0.));
#8896=CARTESIAN_POINT('Ctrl Pts',(77.4862822220134,-47.6743697562526,0.02));
#8897=CARTESIAN_POINT('Ctrl Pts',(77.2376839031206,-47.4372975712645,0.));
#8898=CARTESIAN_POINT('Ctrl Pts',(77.2376839031206,-47.4372975712645,0.02));
#8899=CARTESIAN_POINT('Ctrl Pts',(77.1145971566439,-47.319917678833,0.));
#8900=CARTESIAN_POINT('Ctrl Pts',(77.1145971566439,-47.319917678833,0.02));
#8901=CARTESIAN_POINT('',(78.0013640671968,-47.7223736047745,0.02));
#8902=CARTESIAN_POINT('Ctrl Pts',(78.0013640671968,-47.7223736047745,0.02));
#8903=CARTESIAN_POINT('Ctrl Pts',(77.8285572694782,-47.7062686082214,0.02));
#8904=CARTESIAN_POINT('Ctrl Pts',(77.4862822220134,-47.6743697562526,0.02));
#8905=CARTESIAN_POINT('Ctrl Pts',(77.2376839031206,-47.4372975712645,0.02));
#8906=CARTESIAN_POINT('Ctrl Pts',(77.1145971566439,-47.319917678833,0.02));
#8907=CARTESIAN_POINT('',(78.0013640671968,-47.7223736047745,0.));
#8908=CARTESIAN_POINT('Ctrl Pts',(78.6937244683504,-47.4665755033493,0.));
#8909=CARTESIAN_POINT('Ctrl Pts',(78.6937244683504,-47.4665755033493,0.02));
#8910=CARTESIAN_POINT('Ctrl Pts',(78.591673058104,-47.5411808452593,0.));
#8911=CARTESIAN_POINT('Ctrl Pts',(78.591673058104,-47.5411808452593,0.02));
#8912=CARTESIAN_POINT('Ctrl Pts',(78.3852846434236,-47.6920624274573,0.));
#8913=CARTESIAN_POINT('Ctrl Pts',(78.3852846434236,-47.6920624274573,0.02));
#8914=CARTESIAN_POINT('Ctrl Pts',(78.1302789238515,-47.7121955593118,0.));
#8915=CARTESIAN_POINT('Ctrl Pts',(78.1302789238515,-47.7121955593118,0.02));
#8916=CARTESIAN_POINT('Ctrl Pts',(78.0013640671968,-47.7223736047745,0.));
#8917=CARTESIAN_POINT('Ctrl Pts',(78.0013640671968,-47.7223736047745,0.02));
#8918=CARTESIAN_POINT('',(78.6937244683504,-47.4665755033493,0.02));
#8919=CARTESIAN_POINT('Ctrl Pts',(78.6937244683504,-47.4665755033493,0.02));
#8920=CARTESIAN_POINT('Ctrl Pts',(78.591673058104,-47.5411808452593,0.02));
#8921=CARTESIAN_POINT('Ctrl Pts',(78.3852846434236,-47.6920624274573,0.02));
#8922=CARTESIAN_POINT('Ctrl Pts',(78.1302789238515,-47.7121955593118,0.02));
#8923=CARTESIAN_POINT('Ctrl Pts',(78.0013640671968,-47.7223736047745,0.02));
#8924=CARTESIAN_POINT('',(78.6937244683504,-47.4665755033493,0.));
#8925=CARTESIAN_POINT('Ctrl Pts',(79.1098221093416,-46.6616642475128,0.));
#8926=CARTESIAN_POINT('Ctrl Pts',(79.1098221093416,-46.6616642475128,0.02));
#8927=CARTESIAN_POINT('Ctrl Pts',(79.0666820308821,-46.8270061436396,0.));
#8928=CARTESIAN_POINT('Ctrl Pts',(79.0666820308821,-46.8270061436396,0.02));
#8929=CARTESIAN_POINT('Ctrl Pts',(78.9882373357127,-47.1276591582736,0.));
#8930=CARTESIAN_POINT('Ctrl Pts',(78.9882373357127,-47.1276591582736,0.02));
#8931=CARTESIAN_POINT('Ctrl Pts',(78.78513305559,-47.3613853139588,0.));
#8932=CARTESIAN_POINT('Ctrl Pts',(78.78513305559,-47.3613853139588,0.02));
#8933=CARTESIAN_POINT('Ctrl Pts',(78.6937244683504,-47.4665755033493,0.));
#8934=CARTESIAN_POINT('Ctrl Pts',(78.6937244683504,-47.4665755033493,0.02));
#8935=CARTESIAN_POINT('Ctrl Pts',(79.1098221093416,-46.6616642475128,0.02));
#8936=CARTESIAN_POINT('Ctrl Pts',(79.0666820308821,-46.8270061436396,0.02));
#8937=CARTESIAN_POINT('Ctrl Pts',(78.9882373357127,-47.1276591582736,0.02));
#8938=CARTESIAN_POINT('Ctrl Pts',(78.78513305559,-47.3613853139588,0.02));
#8939=CARTESIAN_POINT('Ctrl Pts',(78.6937244683504,-47.4665755033493,0.02));
#8940=CARTESIAN_POINT('Origin',(75.0000001937151,-45.9999999403953,0.02));
#8941=CARTESIAN_POINT('Origin',(75.2592094689608,-43.4999996423721,0.));
#8942=CARTESIAN_POINT('',(71.2858112603426,-43.4999996423721,0.02));
#8943=CARTESIAN_POINT('',(71.2858112603426,-43.4999996423721,0.));
#8944=CARTESIAN_POINT('',(75.2592094689608,-43.4999996423721,0.02));
#8945=CARTESIAN_POINT('',(71.2858112603426,-43.4999996423721,0.02));
#8946=CARTESIAN_POINT('',(75.2592094689608,-43.4999996423721,0.));
#8947=CARTESIAN_POINT('Origin',(71.2858112603426,-43.4999996423721,0.));
#8948=CARTESIAN_POINT('',(71.2858112603426,-44.3458384275436,0.02));
#8949=CARTESIAN_POINT('',(71.2858112603426,-44.3458384275436,0.));
#8950=CARTESIAN_POINT('',(71.2858112603426,-44.3458384275436,0.02));
#8951=CARTESIAN_POINT('Origin',(71.2858112603426,-44.3458384275436,0.));
#8952=CARTESIAN_POINT('',(72.76944001019,-44.3458384275436,0.02));
#8953=CARTESIAN_POINT('',(72.76944001019,-44.3458384275436,0.));
#8954=CARTESIAN_POINT('',(72.76944001019,-44.3458384275436,0.02));
#8955=CARTESIAN_POINT('Origin',(72.76944001019,-44.3458384275436,0.));
#8956=CARTESIAN_POINT('',(72.76944001019,-48.4999996423721,0.02));
#8957=CARTESIAN_POINT('',(72.76944001019,-48.4999996423721,0.));
#8958=CARTESIAN_POINT('',(72.76944001019,-48.4999996423721,0.02));
#8959=CARTESIAN_POINT('Origin',(75.2592094689608,-44.3458384275436,0.));
#8960=CARTESIAN_POINT('',(75.2592094689608,-44.3458384275436,0.02));
#8961=CARTESIAN_POINT('',(75.2592094689608,-43.4999996423721,0.02));
#8962=CARTESIAN_POINT('',(75.2592094689608,-44.3458384275436,0.));
#8963=CARTESIAN_POINT('Origin',(73.7789901047945,-44.3458384275436,0.));
#8964=CARTESIAN_POINT('',(73.7789901047945,-44.3458384275436,0.02));
#8965=CARTESIAN_POINT('',(75.2592094689608,-44.3458384275436,0.02));
#8966=CARTESIAN_POINT('',(73.7789901047945,-44.3458384275436,0.));
#8967=CARTESIAN_POINT('Origin',(73.7789901047945,-48.4999996423721,0.));
#8968=CARTESIAN_POINT('',(73.7789901047945,-48.4999996423721,0.02));
#8969=CARTESIAN_POINT('',(73.7789901047945,-44.3458384275436,0.02));
#8970=CARTESIAN_POINT('',(73.7789901047945,-48.4999996423721,0.));
#8971=CARTESIAN_POINT('Origin',(72.76944001019,-48.4999996423721,0.));
#8972=CARTESIAN_POINT('',(73.7789901047945,-48.4999996423721,0.02));
#8973=CARTESIAN_POINT('Origin',(75.0000001937151,-45.9999999403953,0.02));
#8974=CARTESIAN_POINT('Origin',(70.6821282655001,-43.4999996423721,0.));
#8975=CARTESIAN_POINT('',(69.6725781708956,-43.4999996423721,0.02));
#8976=CARTESIAN_POINT('',(69.6725781708956,-43.4999996423721,0.));
#8977=CARTESIAN_POINT('',(70.6821282655001,-43.4999996423721,0.02));
#8978=CARTESIAN_POINT('',(69.6725781708956,-43.4999996423721,0.02));
#8979=CARTESIAN_POINT('',(70.6821282655001,-43.4999996423721,0.));
#8980=CARTESIAN_POINT('Origin',(69.6725781708956,-43.4999996423721,0.));
#8981=CARTESIAN_POINT('',(69.6725781708956,-48.4999996423721,0.02));
#8982=CARTESIAN_POINT('',(69.6725781708956,-48.4999996423721,0.));
#8983=CARTESIAN_POINT('',(69.6725781708956,-48.4999996423721,0.02));
#8984=CARTESIAN_POINT('Origin',(70.6821282655001,-48.4999996423721,0.));
#8985=CARTESIAN_POINT('',(70.6821282655001,-48.4999996423721,0.02));
#8986=CARTESIAN_POINT('',(70.6821282655001,-43.4999996423721,0.02));
#8987=CARTESIAN_POINT('',(70.6821282655001,-48.4999996423721,0.));
#8988=CARTESIAN_POINT('Origin',(69.6725781708956,-48.4999996423721,0.));
#8989=CARTESIAN_POINT('',(70.6821282655001,-48.4999996423721,0.02));
#8990=CARTESIAN_POINT('Origin',(75.0000001937151,-45.9999999403953,0.02));
#8991=CARTESIAN_POINT('Origin',(75.,-46.,0.01));
#8992=CARTESIAN_POINT('Origin',(75.,-46.,0.));
#8993=CARTESIAN_POINT('Origin',(172.5,-51.5,0.));
#8994=CARTESIAN_POINT('',(127.5,-51.5,0.01));
#8995=CARTESIAN_POINT('',(172.5,-51.5,0.01));
#8996=CARTESIAN_POINT('',(172.5,-51.5,0.01));
#8997=CARTESIAN_POINT('',(127.5,-51.5,0.02));
#8998=CARTESIAN_POINT('',(127.5,-51.5,0.));
#8999=CARTESIAN_POINT('',(172.5,-51.5,0.02));
#9000=CARTESIAN_POINT('',(172.5,-51.5,0.02));
#9001=CARTESIAN_POINT('',(172.5,-51.5,0.));
#9002=CARTESIAN_POINT('Origin',(127.5,-51.5,0.));
#9003=CARTESIAN_POINT('',(127.5,-40.5,0.01));
#9004=CARTESIAN_POINT('',(127.5,-51.5,0.01));
#9005=CARTESIAN_POINT('',(127.5,-40.5,0.02));
#9006=CARTESIAN_POINT('',(127.5,-40.5,0.));
#9007=CARTESIAN_POINT('',(127.5,-51.5,0.02));
#9008=CARTESIAN_POINT('Origin',(172.5,-40.5,0.));
#9009=CARTESIAN_POINT('',(172.5,-40.5,0.01));
#9010=CARTESIAN_POINT('',(172.5,-40.5,0.01));
#9011=CARTESIAN_POINT('',(172.5,-40.5,0.02));
#9012=CARTESIAN_POINT('',(172.5,-40.5,0.02));
#9013=CARTESIAN_POINT('',(172.5,-40.5,0.));
#9014=CARTESIAN_POINT('Origin',(127.5,-40.5,0.));
#9015=CARTESIAN_POINT('',(127.5,-40.5,0.01));
#9016=CARTESIAN_POINT('',(127.5,-40.5,0.02));
#9017=CARTESIAN_POINT('Origin',(173.5,-52.5,0.));
#9018=CARTESIAN_POINT('',(173.5,-39.5,0.));
#9019=CARTESIAN_POINT('',(173.5,-52.5,0.));
#9020=CARTESIAN_POINT('',(173.5,-39.5,0.));
#9021=CARTESIAN_POINT('',(173.5,-39.5,0.02));
#9022=CARTESIAN_POINT('',(173.5,-39.5,0.));
#9023=CARTESIAN_POINT('',(173.5,-52.5,0.02));
#9024=CARTESIAN_POINT('',(173.5,-39.5,0.02));
#9025=CARTESIAN_POINT('',(173.5,-52.5,0.));
#9026=CARTESIAN_POINT('Origin',(126.5,-52.5,0.));
#9027=CARTESIAN_POINT('',(126.5,-52.5,0.));
#9028=CARTESIAN_POINT('',(173.5,-52.5,0.));
#9029=CARTESIAN_POINT('',(126.5,-52.5,0.02));
#9030=CARTESIAN_POINT('',(173.5,-52.5,0.02));
#9031=CARTESIAN_POINT('',(126.5,-52.5,0.));
#9032=CARTESIAN_POINT('Origin',(126.5,-39.5,0.));
#9033=CARTESIAN_POINT('',(126.5,-39.5,0.));
#9034=CARTESIAN_POINT('',(126.5,-52.5,0.));
#9035=CARTESIAN_POINT('',(126.5,-39.5,0.02));
#9036=CARTESIAN_POINT('',(126.5,-52.5,0.02));
#9037=CARTESIAN_POINT('',(126.5,-39.5,0.));
#9038=CARTESIAN_POINT('Origin',(173.5,-39.5,0.));
#9039=CARTESIAN_POINT('',(126.5,-39.5,0.));
#9040=CARTESIAN_POINT('',(126.5,-39.5,0.02));
#9041=CARTESIAN_POINT('Origin',(150.,-46.,0.02));
#9042=CARTESIAN_POINT('Origin',(142.922918356955,-45.4542970657349,0.));
#9043=CARTESIAN_POINT('',(140.412686623633,-45.4542970657349,0.01));
#9044=CARTESIAN_POINT('',(142.922918356955,-45.4542970657349,0.01));
#9045=CARTESIAN_POINT('',(146.461459178477,-45.4542970657348,0.01));
#9046=CARTESIAN_POINT('',(140.412686623633,-45.4542970657349,0.02));
#9047=CARTESIAN_POINT('',(140.412686623633,-45.4542970657349,0.));
#9048=CARTESIAN_POINT('',(142.922918356955,-45.4542970657349,0.02));
#9049=CARTESIAN_POINT('',(140.412686623633,-45.4542970657349,0.02));
#9050=CARTESIAN_POINT('',(142.922918356955,-45.4542970657349,0.));
#9051=CARTESIAN_POINT('Origin',(140.412686623633,-45.4542970657349,0.));
#9052=CARTESIAN_POINT('',(140.412686623633,-44.3458384275436,0.01));
#9053=CARTESIAN_POINT('',(140.412686623633,-45.7271485328674,0.01));
#9054=CARTESIAN_POINT('',(140.412686623633,-44.3458384275436,0.02));
#9055=CARTESIAN_POINT('',(140.412686623633,-44.3458384275436,0.));
#9056=CARTESIAN_POINT('',(140.412686623633,-44.3458384275436,0.02));
#9057=CARTESIAN_POINT('Origin',(140.412686623633,-44.3458384275436,0.));
#9058=CARTESIAN_POINT('',(143.110503710806,-44.3458384275436,0.01));
#9059=CARTESIAN_POINT('',(145.206343311816,-44.3458384275436,0.01));
#9060=CARTESIAN_POINT('',(143.110503710806,-44.3458384275436,0.02));
#9061=CARTESIAN_POINT('',(143.110503710806,-44.3458384275436,0.));
#9062=CARTESIAN_POINT('',(143.110503710806,-44.3458384275436,0.02));
#9063=CARTESIAN_POINT('Origin',(143.110503710806,-44.3458384275436,0.));
#9064=CARTESIAN_POINT('',(143.110503710806,-43.4999996423721,0.01));
#9065=CARTESIAN_POINT('',(143.110503710806,-45.1729192137718,0.01));
#9066=CARTESIAN_POINT('',(143.110503710806,-43.4999996423721,0.02));
#9067=CARTESIAN_POINT('',(143.110503710806,-43.4999996423721,0.));
#9068=CARTESIAN_POINT('',(143.110503710806,-43.4999996423721,0.02));
#9069=CARTESIAN_POINT('Origin',(143.110503710806,-43.4999996423721,0.));
#9070=CARTESIAN_POINT('',(139.403137721121,-43.4999996423721,0.01));
#9071=CARTESIAN_POINT('',(146.555251855403,-43.4999996423721,0.01));
#9072=CARTESIAN_POINT('',(139.403137721121,-43.4999996423721,0.02));
#9073=CARTESIAN_POINT('',(139.403137721121,-43.4999996423721,0.));
#9074=CARTESIAN_POINT('',(139.403137721121,-43.4999996423721,0.02));
#9075=CARTESIAN_POINT('Origin',(139.403137721121,-43.4999996423721,0.));
#9076=CARTESIAN_POINT('',(139.403137721121,-48.4999996423721,0.01));
#9077=CARTESIAN_POINT('',(139.403137721121,-44.7499998211861,0.01));
#9078=CARTESIAN_POINT('',(139.403137721121,-48.4999996423721,0.02));
#9079=CARTESIAN_POINT('',(139.403137721121,-48.4999996423721,0.));
#9080=CARTESIAN_POINT('',(139.403137721121,-48.4999996423721,0.02));
#9081=CARTESIAN_POINT('Origin',(142.922918356955,-46.2967252731323,0.));
#9082=CARTESIAN_POINT('',(142.922918356955,-46.2967252731323,0.01));
#9083=CARTESIAN_POINT('',(142.922918356955,-46.1483626365661,0.01));
#9084=CARTESIAN_POINT('',(142.922918356955,-46.2967252731323,0.02));
#9085=CARTESIAN_POINT('',(142.922918356955,-45.4542970657349,0.02));
#9086=CARTESIAN_POINT('',(142.922918356955,-46.2967252731323,0.));
#9087=CARTESIAN_POINT('Origin',(140.412686623633,-46.2967252731323,0.));
#9088=CARTESIAN_POINT('',(140.412686623633,-46.2967252731323,0.01));
#9089=CARTESIAN_POINT('',(145.206343311816,-46.2967252731323,0.01));
#9090=CARTESIAN_POINT('',(140.412686623633,-46.2967252731323,0.02));
#9091=CARTESIAN_POINT('',(142.922918356955,-46.2967252731323,0.02));
#9092=CARTESIAN_POINT('',(140.412686623633,-46.2967252731323,0.));
#9093=CARTESIAN_POINT('Origin',(140.412686623633,-47.6575714349747,0.));
#9094=CARTESIAN_POINT('',(140.412686623633,-47.6575714349747,0.01));
#9095=CARTESIAN_POINT('',(140.412686623633,-46.8287857174873,0.01));
#9096=CARTESIAN_POINT('',(140.412686623633,-47.6575714349747,0.02));
#9097=CARTESIAN_POINT('',(140.412686623633,-46.2967252731323,0.02));
#9098=CARTESIAN_POINT('',(140.412686623633,-47.6575714349747,0.));
#9099=CARTESIAN_POINT('Origin',(143.206002272665,-47.6575714349747,0.));
#9100=CARTESIAN_POINT('',(143.206002272665,-47.6575714349747,0.01));
#9101=CARTESIAN_POINT('',(146.603001136333,-47.6575714349747,0.01));
#9102=CARTESIAN_POINT('',(143.206002272665,-47.6575714349747,0.02));
#9103=CARTESIAN_POINT('',(140.412686623633,-47.6575714349747,0.02));
#9104=CARTESIAN_POINT('',(143.206002272665,-47.6575714349747,0.));
#9105=CARTESIAN_POINT('Origin',(143.206002272665,-48.4999996423721,0.));
#9106=CARTESIAN_POINT('',(143.206002272665,-48.4999996423721,0.01));
#9107=CARTESIAN_POINT('',(143.206002272665,-47.2499998211861,0.01));
#9108=CARTESIAN_POINT('',(143.206002272665,-48.4999996423721,0.02));
#9109=CARTESIAN_POINT('',(143.206002272665,-47.6575714349747,0.02));
#9110=CARTESIAN_POINT('',(143.206002272665,-48.4999996423721,0.));
#9111=CARTESIAN_POINT('Origin',(139.403137721121,-48.4999996423721,0.));
#9112=CARTESIAN_POINT('',(144.701568860561,-48.4999996423721,0.01));
#9113=CARTESIAN_POINT('',(143.206002272665,-48.4999996423721,0.02));
#9114=CARTESIAN_POINT('Origin',(149.999998964369,-45.9999999403953,0.02));
#9115=CARTESIAN_POINT('Ctrl Pts',(164.899386920035,-43.8052523136139,0.));
#9116=CARTESIAN_POINT('Ctrl Pts',(164.899386920035,-43.8052523136139,0.02));
#9117=CARTESIAN_POINT('Ctrl Pts',(164.69547274095,-43.6916171961525,0.));
#9118=CARTESIAN_POINT('Ctrl Pts',(164.69547274095,-43.6916171961525,0.02));
#9119=CARTESIAN_POINT('Ctrl Pts',(164.245027094737,-43.4405976537784,0.));
#9120=CARTESIAN_POINT('Ctrl Pts',(164.245027094737,-43.4405976537784,0.02));
#9121=CARTESIAN_POINT('Ctrl Pts',(163.727818625535,-43.4238823738268,0.));
#9122=CARTESIAN_POINT('Ctrl Pts',(163.727818625535,-43.4238823738268,0.02));
#9123=CARTESIAN_POINT('Ctrl Pts',(163.44474748522,-43.414734005928,0.));
#9124=CARTESIAN_POINT('Ctrl Pts',(163.44474748522,-43.414734005928,0.02));
#9125=CARTESIAN_POINT('',(163.44474748522,-43.414734005928,0.01));
#9126=CARTESIAN_POINT('',(164.899386920035,-43.8052523136139,0.01));
#9127=CARTESIAN_POINT('Ctrl Pts',(163.44474748522,-43.414734005928,0.01));
#9128=CARTESIAN_POINT('Ctrl Pts',(163.727818625535,-43.4238823738268,0.01));
#9129=CARTESIAN_POINT('Ctrl Pts',(164.01088976585,-43.4330307417255,0.01));
#9130=CARTESIAN_POINT('Ctrl Pts',(164.273962534964,-43.5123634338379,0.01));
#9131=CARTESIAN_POINT('Ctrl Pts',(164.491558561865,-43.5779820786911,0.01));
#9132=CARTESIAN_POINT('Ctrl Pts',(164.69547274095,-43.6916171961525,0.01));
#9133=CARTESIAN_POINT('Ctrl Pts',(164.899386920035,-43.8052523136139,0.01));
#9134=CARTESIAN_POINT('',(163.44474748522,-43.414734005928,0.02));
#9135=CARTESIAN_POINT('',(163.44474748522,-43.414734005928,0.));
#9136=CARTESIAN_POINT('',(164.899386920035,-43.8052523136139,0.02));
#9137=CARTESIAN_POINT('Ctrl Pts',(164.899386920035,-43.8052523136139,0.02));
#9138=CARTESIAN_POINT('Ctrl Pts',(164.69547274095,-43.6916171961525,0.02));
#9139=CARTESIAN_POINT('Ctrl Pts',(164.245027094737,-43.4405976537784,0.02));
#9140=CARTESIAN_POINT('Ctrl Pts',(163.727818625535,-43.4238823738268,0.02));
#9141=CARTESIAN_POINT('Ctrl Pts',(163.44474748522,-43.414734005928,0.02));
#9142=CARTESIAN_POINT('',(164.899386920035,-43.8052523136139,0.));
#9143=CARTESIAN_POINT('Ctrl Pts',(163.44474748522,-43.414734005928,0.));
#9144=CARTESIAN_POINT('Ctrl Pts',(163.44474748522,-43.414734005928,0.02));
#9145=CARTESIAN_POINT('Ctrl Pts',(163.222633017597,-43.4217494226566,0.));
#9146=CARTESIAN_POINT('Ctrl Pts',(163.222633017597,-43.4217494226566,0.02));
#9147=CARTESIAN_POINT('Ctrl Pts',(162.808414359929,-43.4348323907828,0.));
#9148=CARTESIAN_POINT('Ctrl Pts',(162.808414359929,-43.4348323907828,0.02));
#9149=CARTESIAN_POINT('Ctrl Pts',(162.425295368421,-43.5911940506256,0.));
#9150=CARTESIAN_POINT('Ctrl Pts',(162.425295368421,-43.5911940506256,0.02));
#9151=CARTESIAN_POINT('Ctrl Pts',(162.24761442095,-43.6637106537819,0.));
#9152=CARTESIAN_POINT('Ctrl Pts',(162.24761442095,-43.6637106537819,0.02));
#9153=CARTESIAN_POINT('',(162.24761442095,-43.6637106537819,0.01));
#9154=CARTESIAN_POINT('Ctrl Pts',(162.24761442095,-43.6637106537819,0.01));
#9155=CARTESIAN_POINT('Ctrl Pts',(162.425295368421,-43.5911940506256,0.01));
#9156=CARTESIAN_POINT('Ctrl Pts',(162.602976315891,-43.5186774474693,0.01));
#9157=CARTESIAN_POINT('Ctrl Pts',(162.78734640032,-43.4769782423973,0.01));
#9158=CARTESIAN_POINT('Ctrl Pts',(163.000518549973,-43.4287648393851,0.01));
#9159=CARTESIAN_POINT('Ctrl Pts',(163.222633017597,-43.4217494226566,0.01));
#9160=CARTESIAN_POINT('Ctrl Pts',(163.44474748522,-43.414734005928,0.01));
#9161=CARTESIAN_POINT('',(162.24761442095,-43.6637106537819,0.02));
#9162=CARTESIAN_POINT('',(162.24761442095,-43.6637106537819,0.));
#9163=CARTESIAN_POINT('Ctrl Pts',(163.44474748522,-43.414734005928,0.02));
#9164=CARTESIAN_POINT('Ctrl Pts',(163.222633017597,-43.4217494226566,0.02));
#9165=CARTESIAN_POINT('Ctrl Pts',(162.808414359929,-43.4348323907828,0.02));
#9166=CARTESIAN_POINT('Ctrl Pts',(162.425295368421,-43.5911940506256,0.02));
#9167=CARTESIAN_POINT('Ctrl Pts',(162.24761442095,-43.6637106537819,0.02));
#9168=CARTESIAN_POINT('Ctrl Pts',(162.24761442095,-43.6637106537819,0.));
#9169=CARTESIAN_POINT('Ctrl Pts',(162.24761442095,-43.6637106537819,0.02));
#9170=CARTESIAN_POINT('Ctrl Pts',(162.050354003957,-43.7827427186803,0.));
#9171=CARTESIAN_POINT('Ctrl Pts',(162.050354003957,-43.7827427186803,0.02));
#9172=CARTESIAN_POINT('Ctrl Pts',(161.65876122222,-44.0190399856121,0.));
#9173=CARTESIAN_POINT('Ctrl Pts',(161.65876122222,-44.0190399856121,0.02));
#9174=CARTESIAN_POINT('Ctrl Pts',(161.411787633171,-44.4038493543893,0.));
#9175=CARTESIAN_POINT('Ctrl Pts',(161.411787633171,-44.4038493543893,0.02));
#9176=CARTESIAN_POINT('Ctrl Pts',(161.289224185049,-44.5948153734207,0.));
#9177=CARTESIAN_POINT('Ctrl Pts',(161.289224185049,-44.5948153734207,0.02));
#9178=CARTESIAN_POINT('',(161.289224185049,-44.5948153734207,0.01));
#9179=CARTESIAN_POINT('Ctrl Pts',(161.289224185049,-44.5948153734207,0.01));
#9180=CARTESIAN_POINT('Ctrl Pts',(161.411787633171,-44.4038493543893,0.01));
#9181=CARTESIAN_POINT('Ctrl Pts',(161.534351081292,-44.2128833353578,0.01));
#9182=CARTESIAN_POINT('Ctrl Pts',(161.692530669272,-44.0584921836853,0.01));
#9183=CARTESIAN_POINT('Ctrl Pts',(161.853093586963,-43.9017747835788,0.01));
#9184=CARTESIAN_POINT('Ctrl Pts',(162.050354003957,-43.7827427186803,0.01));
#9185=CARTESIAN_POINT('Ctrl Pts',(162.24761442095,-43.6637106537819,0.01));
#9186=CARTESIAN_POINT('',(161.289224185049,-44.5948153734207,0.02));
#9187=CARTESIAN_POINT('',(161.289224185049,-44.5948153734207,0.));
#9188=CARTESIAN_POINT('Ctrl Pts',(162.24761442095,-43.6637106537819,0.02));
#9189=CARTESIAN_POINT('Ctrl Pts',(162.050354003957,-43.7827427186803,0.02));
#9190=CARTESIAN_POINT('Ctrl Pts',(161.65876122222,-44.0190399856121,0.02));
#9191=CARTESIAN_POINT('Ctrl Pts',(161.411787633171,-44.4038493543893,0.02));
#9192=CARTESIAN_POINT('Ctrl Pts',(161.289224185049,-44.5948153734207,0.02));
#9193=CARTESIAN_POINT('Ctrl Pts',(161.289224185049,-44.5948153734207,0.));
#9194=CARTESIAN_POINT('Ctrl Pts',(161.289224185049,-44.5948153734207,0.02));
#9195=CARTESIAN_POINT('Ctrl Pts',(161.19375194555,-44.8084050516756,0.));
#9196=CARTESIAN_POINT('Ctrl Pts',(161.19375194555,-44.8084050516756,0.02));
#9197=CARTESIAN_POINT('Ctrl Pts',(160.996396476937,-45.2499270193578,0.));
#9198=CARTESIAN_POINT('Ctrl Pts',(160.996396476937,-45.2499270193578,0.02));
#9199=CARTESIAN_POINT('Ctrl Pts',(160.973578688304,-45.7333720224064,0.));
#9200=CARTESIAN_POINT('Ctrl Pts',(160.973578688304,-45.7333720224064,0.02));
#9201=CARTESIAN_POINT('Ctrl Pts',(160.961799181998,-45.9829467535019,0.));
#9202=CARTESIAN_POINT('Ctrl Pts',(160.961799181998,-45.9829467535019,0.02));
#9203=CARTESIAN_POINT('',(160.961799181998,-45.9829467535019,0.01));
#9204=CARTESIAN_POINT('Ctrl Pts',(160.961799181998,-45.9829467535019,0.01));
#9205=CARTESIAN_POINT('Ctrl Pts',(160.973578688304,-45.7333720224064,0.01));
#9206=CARTESIAN_POINT('Ctrl Pts',(160.985358194611,-45.4837972913109,0.01));
#9207=CARTESIAN_POINT('Ctrl Pts',(161.043653048575,-45.2453953027725,0.01));
#9208=CARTESIAN_POINT('Ctrl Pts',(161.09827970605,-45.0219947299305,0.01));
#9209=CARTESIAN_POINT('Ctrl Pts',(161.19375194555,-44.8084050516756,0.01));
#9210=CARTESIAN_POINT('Ctrl Pts',(161.289224185049,-44.5948153734207,0.01));
#9211=CARTESIAN_POINT('',(160.961799181998,-45.9829467535019,0.02));
#9212=CARTESIAN_POINT('',(160.961799181998,-45.9829467535019,0.));
#9213=CARTESIAN_POINT('Ctrl Pts',(161.289224185049,-44.5948153734207,0.02));
#9214=CARTESIAN_POINT('Ctrl Pts',(161.19375194555,-44.8084050516756,0.02));
#9215=CARTESIAN_POINT('Ctrl Pts',(160.996396476937,-45.2499270193578,0.02));
#9216=CARTESIAN_POINT('Ctrl Pts',(160.973578688304,-45.7333720224064,0.02));
#9217=CARTESIAN_POINT('Ctrl Pts',(160.961799181998,-45.9829467535019,0.02));
#9218=CARTESIAN_POINT('Ctrl Pts',(160.961799181998,-45.9829467535019,0.));
#9219=CARTESIAN_POINT('Ctrl Pts',(160.961799181998,-45.9829467535019,0.02));
#9220=CARTESIAN_POINT('Ctrl Pts',(160.973262809549,-46.2167572127029,0.));
#9221=CARTESIAN_POINT('Ctrl Pts',(160.973262809549,-46.2167572127029,0.02));
#9222=CARTESIAN_POINT('Ctrl Pts',(160.995848078521,-46.677403032323,0.));
#9223=CARTESIAN_POINT('Ctrl Pts',(160.995848078521,-46.677403032323,0.02));
#9224=CARTESIAN_POINT('Ctrl Pts',(161.169570208392,-47.1044912085427,0.));
#9225=CARTESIAN_POINT('Ctrl Pts',(161.169570208392,-47.1044912085427,0.02));
#9226=CARTESIAN_POINT('Ctrl Pts',(161.255116023123,-47.3148018121719,0.));
#9227=CARTESIAN_POINT('Ctrl Pts',(161.255116023123,-47.3148018121719,0.02));
#9228=CARTESIAN_POINT('',(161.255116023123,-47.3148018121719,0.01));
#9229=CARTESIAN_POINT('Ctrl Pts',(161.255116023123,-47.3148018121719,0.01));
#9230=CARTESIAN_POINT('Ctrl Pts',(161.169570208392,-47.1044912085427,0.01));
#9231=CARTESIAN_POINT('Ctrl Pts',(161.08402439366,-46.8941806049136,0.01));
#9232=CARTESIAN_POINT('Ctrl Pts',(161.035127200186,-46.6757327318192,0.01));
#9233=CARTESIAN_POINT('Ctrl Pts',(160.984726437101,-46.4505676719038,0.01));
#9234=CARTESIAN_POINT('Ctrl Pts',(160.973262809549,-46.2167572127029,0.01));
#9235=CARTESIAN_POINT('Ctrl Pts',(160.961799181998,-45.9829467535019,0.01));
#9236=CARTESIAN_POINT('',(161.255116023123,-47.3148018121719,0.02));
#9237=CARTESIAN_POINT('',(161.255116023123,-47.3148018121719,0.));
#9238=CARTESIAN_POINT('Ctrl Pts',(160.961799181998,-45.9829467535019,0.02));
#9239=CARTESIAN_POINT('Ctrl Pts',(160.973262809549,-46.2167572127029,0.02));
#9240=CARTESIAN_POINT('Ctrl Pts',(160.995848078521,-46.677403032323,0.02));
#9241=CARTESIAN_POINT('Ctrl Pts',(161.169570208392,-47.1044912085427,0.02));
#9242=CARTESIAN_POINT('Ctrl Pts',(161.255116023123,-47.3148018121719,0.02));
#9243=CARTESIAN_POINT('Ctrl Pts',(161.255116023123,-47.3148018121719,0.));
#9244=CARTESIAN_POINT('Ctrl Pts',(161.255116023123,-47.3148018121719,0.02));
#9245=CARTESIAN_POINT('Ctrl Pts',(161.36461035387,-47.5068748579446,0.));
#9246=CARTESIAN_POINT('Ctrl Pts',(161.36461035387,-47.5068748579446,0.02));
#9247=CARTESIAN_POINT('Ctrl Pts',(161.582803579825,-47.8896256103405,0.));
#9248=CARTESIAN_POINT('Ctrl Pts',(161.582803579825,-47.8896256103405,0.02));
#9249=CARTESIAN_POINT('Ctrl Pts',(161.949147964514,-48.134264860881,0.));
#9250=CARTESIAN_POINT('Ctrl Pts',(161.949147964514,-48.134264860881,0.02));
#9251=CARTESIAN_POINT('Ctrl Pts',(162.131652392447,-48.2561385631561,0.));
#9252=CARTESIAN_POINT('Ctrl Pts',(162.131652392447,-48.2561385631561,0.02));
#9253=CARTESIAN_POINT('',(162.131652392447,-48.2561385631561,0.01));
#9254=CARTESIAN_POINT('Ctrl Pts',(162.131652392447,-48.2561385631561,0.01));
#9255=CARTESIAN_POINT('Ctrl Pts',(161.949147964514,-48.134264860881,0.01));
#9256=CARTESIAN_POINT('Ctrl Pts',(161.766643536582,-48.0123911586059,0.01));
#9257=CARTESIAN_POINT('Ctrl Pts',(161.620907343924,-47.8562408685684,0.01));
#9258=CARTESIAN_POINT('Ctrl Pts',(161.474104684616,-47.6989479037173,0.01));
#9259=CARTESIAN_POINT('Ctrl Pts',(161.36461035387,-47.5068748579446,0.01));
#9260=CARTESIAN_POINT('Ctrl Pts',(161.255116023123,-47.3148018121719,0.01));
#9261=CARTESIAN_POINT('',(162.131652392447,-48.2561385631561,0.02));
#9262=CARTESIAN_POINT('',(162.131652392447,-48.2561385631561,0.));
#9263=CARTESIAN_POINT('Ctrl Pts',(161.255116023123,-47.3148018121719,0.02));
#9264=CARTESIAN_POINT('Ctrl Pts',(161.36461035387,-47.5068748579446,0.02));
#9265=CARTESIAN_POINT('Ctrl Pts',(161.582803579825,-47.8896256103405,0.02));
#9266=CARTESIAN_POINT('Ctrl Pts',(161.949147964514,-48.134264860881,0.02));
#9267=CARTESIAN_POINT('Ctrl Pts',(162.131652392447,-48.2561385631561,0.02));
#9268=CARTESIAN_POINT('Ctrl Pts',(162.131652392447,-48.2561385631561,0.));
#9269=CARTESIAN_POINT('Ctrl Pts',(162.131652392447,-48.2561385631561,0.02));
#9270=CARTESIAN_POINT('Ctrl Pts',(162.339459934429,-48.3520887597038,0.));
#9271=CARTESIAN_POINT('Ctrl Pts',(162.339459934429,-48.3520887597038,0.02));
#9272=CARTESIAN_POINT('Ctrl Pts',(162.773051860909,-48.5522895328347,0.));
#9273=CARTESIAN_POINT('Ctrl Pts',(162.773051860909,-48.5522895328347,0.02));
#9274=CARTESIAN_POINT('Ctrl Pts',(163.250628289285,-48.5739740784123,0.));
#9275=CARTESIAN_POINT('Ctrl Pts',(163.250628289285,-48.5739740784123,0.02));
#9276=CARTESIAN_POINT('Ctrl Pts',(163.499316729605,-48.5852658748627,0.));
#9277=CARTESIAN_POINT('Ctrl Pts',(163.499316729605,-48.5852658748627,0.02));
#9278=CARTESIAN_POINT('',(163.499316729605,-48.5852658748627,0.01));
#9279=CARTESIAN_POINT('Ctrl Pts',(163.499316729605,-48.5852658748627,0.01));
#9280=CARTESIAN_POINT('Ctrl Pts',(163.250628289285,-48.5739740784123,0.01));
#9281=CARTESIAN_POINT('Ctrl Pts',(163.001939848965,-48.5626822819619,0.01));
#9282=CARTESIAN_POINT('Ctrl Pts',(162.765178240836,-48.502984046936,0.01));
#9283=CARTESIAN_POINT('Ctrl Pts',(162.547267476411,-48.4480389562515,0.01));
#9284=CARTESIAN_POINT('Ctrl Pts',(162.339459934429,-48.3520887597038,0.01));
#9285=CARTESIAN_POINT('Ctrl Pts',(162.131652392447,-48.2561385631561,0.01));
#9286=CARTESIAN_POINT('',(163.499316729605,-48.5852658748627,0.02));
#9287=CARTESIAN_POINT('',(163.499316729605,-48.5852658748627,0.));
#9288=CARTESIAN_POINT('Ctrl Pts',(162.131652392447,-48.2561385631561,0.02));
#9289=CARTESIAN_POINT('Ctrl Pts',(162.339459934429,-48.3520887597038,0.02));
#9290=CARTESIAN_POINT('Ctrl Pts',(162.773051860909,-48.5522895328347,0.02));
#9291=CARTESIAN_POINT('Ctrl Pts',(163.250628289285,-48.5739740784123,0.02));
#9292=CARTESIAN_POINT('Ctrl Pts',(163.499316729605,-48.5852658748627,0.02));
#9293=CARTESIAN_POINT('Ctrl Pts',(163.499316729605,-48.5852658748627,0.));
#9294=CARTESIAN_POINT('Ctrl Pts',(163.499316729605,-48.5852658748627,0.02));
#9295=CARTESIAN_POINT('Ctrl Pts',(163.70558334301,-48.5750898738264,0.));
#9296=CARTESIAN_POINT('Ctrl Pts',(163.70558334301,-48.5750898738264,0.02));
#9297=CARTESIAN_POINT('Ctrl Pts',(164.122931224844,-48.5545003445375,0.));
#9298=CARTESIAN_POINT('Ctrl Pts',(164.122931224844,-48.5545003445375,0.02));
#9299=CARTESIAN_POINT('Ctrl Pts',(164.518537609984,-48.4197758752909,0.));
#9300=CARTESIAN_POINT('Ctrl Pts',(164.518537609984,-48.4197758752909,0.02));
#9301=CARTESIAN_POINT('Ctrl Pts',(164.718622721732,-48.3516365289688,0.));
#9302=CARTESIAN_POINT('Ctrl Pts',(164.718622721732,-48.3516365289688,0.02));
#9303=CARTESIAN_POINT('',(164.718622721732,-48.3516365289688,0.01));
#9304=CARTESIAN_POINT('Ctrl Pts',(164.718622721732,-48.3516365289688,0.01));
#9305=CARTESIAN_POINT('Ctrl Pts',(164.518537609984,-48.4197758752909,0.01));
#9306=CARTESIAN_POINT('Ctrl Pts',(164.318452498237,-48.4879152216129,0.01));
#9307=CARTESIAN_POINT('Ctrl Pts',(164.112805880606,-48.5268586874008,0.01));
#9308=CARTESIAN_POINT('Ctrl Pts',(163.911849956414,-48.5649138727902,0.01));
#9309=CARTESIAN_POINT('Ctrl Pts',(163.70558334301,-48.5750898738264,0.01));
#9310=CARTESIAN_POINT('Ctrl Pts',(163.499316729605,-48.5852658748627,0.01));
#9311=CARTESIAN_POINT('',(164.718622721732,-48.3516365289688,0.02));
#9312=CARTESIAN_POINT('',(164.718622721732,-48.3516365289688,0.));
#9313=CARTESIAN_POINT('Ctrl Pts',(163.499316729605,-48.5852658748627,0.02));
#9314=CARTESIAN_POINT('Ctrl Pts',(163.70558334301,-48.5750898738264,0.02));
#9315=CARTESIAN_POINT('Ctrl Pts',(164.122931224844,-48.5545003445375,0.02));
#9316=CARTESIAN_POINT('Ctrl Pts',(164.518537609984,-48.4197758752909,0.02));
#9317=CARTESIAN_POINT('Ctrl Pts',(164.718622721732,-48.3516365289688,0.02));
#9318=CARTESIAN_POINT('Ctrl Pts',(164.718622721732,-48.3516365289688,0.));
#9319=CARTESIAN_POINT('Ctrl Pts',(164.718622721732,-48.3516365289688,0.02));
#9320=CARTESIAN_POINT('Ctrl Pts',(164.900959229072,-48.2766514603749,0.));
#9321=CARTESIAN_POINT('Ctrl Pts',(164.900959229072,-48.2766514603749,0.02));
#9322=CARTESIAN_POINT('Ctrl Pts',(165.233463605181,-48.1399105311229,0.));
#9323=CARTESIAN_POINT('Ctrl Pts',(165.233463605181,-48.1399105311229,0.02));
#9324=CARTESIAN_POINT('Ctrl Pts',(165.51199576193,-47.9133646112236,0.));
#9325=CARTESIAN_POINT('Ctrl Pts',(165.51199576193,-47.9133646112236,0.02));
#9326=CARTESIAN_POINT('Ctrl Pts',(165.637788332999,-47.8110504150391,0.));
#9327=CARTESIAN_POINT('Ctrl Pts',(165.637788332999,-47.8110504150391,0.02));
#9328=CARTESIAN_POINT('',(165.637788332999,-47.8110504150391,0.01));
#9329=CARTESIAN_POINT('Ctrl Pts',(165.637788332999,-47.8110504150391,0.01));
#9330=CARTESIAN_POINT('Ctrl Pts',(165.51199576193,-47.9133646112236,0.01));
#9331=CARTESIAN_POINT('Ctrl Pts',(165.386203190861,-48.0156788074081,0.01));
#9332=CARTESIAN_POINT('Ctrl Pts',(165.249402083456,-48.0996757745743,0.01));
#9333=CARTESIAN_POINT('Ctrl Pts',(165.083295736413,-48.2016663917809,0.01));
#9334=CARTESIAN_POINT('Ctrl Pts',(164.900959229072,-48.2766514603749,0.01));
#9335=CARTESIAN_POINT('Ctrl Pts',(164.718622721732,-48.3516365289688,0.01));
#9336=CARTESIAN_POINT('',(165.637788332999,-47.8110504150391,0.02));
#9337=CARTESIAN_POINT('',(165.637788332999,-47.8110504150391,0.));
#9338=CARTESIAN_POINT('Ctrl Pts',(164.718622721732,-48.3516365289688,0.02));
#9339=CARTESIAN_POINT('Ctrl Pts',(164.900959229072,-48.2766514603749,0.02));
#9340=CARTESIAN_POINT('Ctrl Pts',(165.233463605181,-48.1399105311229,0.02));
#9341=CARTESIAN_POINT('Ctrl Pts',(165.51199576193,-47.9133646112236,0.02));
#9342=CARTESIAN_POINT('Ctrl Pts',(165.637788332999,-47.8110504150391,0.02));
#9343=CARTESIAN_POINT('Origin',(165.637788332999,-47.8110504150391,0.));
#9344=CARTESIAN_POINT('',(165.637788332999,-45.8192354440689,0.01));
#9345=CARTESIAN_POINT('',(165.637788332999,-46.9055252075195,0.01));
#9346=CARTESIAN_POINT('',(165.637788332999,-45.8192354440689,0.02));
#9347=CARTESIAN_POINT('',(165.637788332999,-45.8192354440689,0.));
#9348=CARTESIAN_POINT('',(165.637788332999,-45.8192354440689,0.02));
#9349=CARTESIAN_POINT('Origin',(165.637788332999,-45.8192354440689,0.));
#9350=CARTESIAN_POINT('',(163.461799181998,-45.8192354440689,0.01));
#9351=CARTESIAN_POINT('',(157.818894166499,-45.8192354440689,0.01));
#9352=CARTESIAN_POINT('',(163.461799181998,-45.8192354440689,0.02));
#9353=CARTESIAN_POINT('',(163.461799181998,-45.8192354440689,0.));
#9354=CARTESIAN_POINT('',(163.461799181998,-45.8192354440689,0.02));
#9355=CARTESIAN_POINT('Origin',(163.461799181998,-45.8192354440689,0.));
#9356=CARTESIAN_POINT('',(163.461799181998,-46.6616642475128,0.01));
#9357=CARTESIAN_POINT('',(163.461799181998,-45.9096177220344,0.01));
#9358=CARTESIAN_POINT('',(163.461799181998,-46.6616642475128,0.02));
#9359=CARTESIAN_POINT('',(163.461799181998,-46.6616642475128,0.));
#9360=CARTESIAN_POINT('',(163.461799181998,-46.6616642475128,0.02));
#9361=CARTESIAN_POINT('Ctrl Pts',(165.572986163199,-44.8847204446793,0.));
#9362=CARTESIAN_POINT('Ctrl Pts',(165.572986163199,-44.8847204446793,0.02));
#9363=CARTESIAN_POINT('Ctrl Pts',(165.509307058458,-44.6689464235272,0.));
#9364=CARTESIAN_POINT('Ctrl Pts',(165.509307058458,-44.6689464235272,0.02));
#9365=CARTESIAN_POINT('Ctrl Pts',(165.384575833311,-44.2462998093447,0.));
#9366=CARTESIAN_POINT('Ctrl Pts',(165.384575833311,-44.2462998093447,0.02));
#9367=CARTESIAN_POINT('Ctrl Pts',(165.058829693899,-43.9501893354649,0.));
#9368=CARTESIAN_POINT('Ctrl Pts',(165.058829693899,-43.9501893354649,0.02));
#9369=CARTESIAN_POINT('Ctrl Pts',(164.899386920035,-43.8052523136139,0.));
#9370=CARTESIAN_POINT('Ctrl Pts',(164.899386920035,-43.8052523136139,0.02));
#9371=CARTESIAN_POINT('',(165.572986163199,-44.8847204446793,0.01));
#9372=CARTESIAN_POINT('Ctrl Pts',(164.899386920035,-43.8052523136139,0.01));
#9373=CARTESIAN_POINT('Ctrl Pts',(165.058829693899,-43.9501893354649,0.01));
#9374=CARTESIAN_POINT('Ctrl Pts',(165.218272467764,-44.0951263573159,0.01));
#9375=CARTESIAN_POINT('Ctrl Pts',(165.329556025565,-44.270378947258,0.01));
#9376=CARTESIAN_POINT('Ctrl Pts',(165.445627953716,-44.4531724023752,0.01));
#9377=CARTESIAN_POINT('Ctrl Pts',(165.509307058458,-44.6689464235272,0.01));
#9378=CARTESIAN_POINT('Ctrl Pts',(165.572986163199,-44.8847204446793,0.01));
#9379=CARTESIAN_POINT('',(165.572986163199,-44.8847204446793,0.02));
#9380=CARTESIAN_POINT('Ctrl Pts',(165.572986163199,-44.8847204446793,0.02));
#9381=CARTESIAN_POINT('Ctrl Pts',(165.509307058458,-44.6689464235272,0.02));
#9382=CARTESIAN_POINT('Ctrl Pts',(165.384575833311,-44.2462998093447,0.02));
#9383=CARTESIAN_POINT('Ctrl Pts',(165.058829693899,-43.9501893354649,0.02));
#9384=CARTESIAN_POINT('Ctrl Pts',(164.899386920035,-43.8052523136139,0.02));
#9385=CARTESIAN_POINT('',(165.572986163199,-44.8847204446793,0.));
#9386=CARTESIAN_POINT('Origin',(164.570259608328,-45.0723057985306,0.));
#9387=CARTESIAN_POINT('',(164.570259608328,-45.0723057985306,0.01));
#9388=CARTESIAN_POINT('',(157.44762738639,-46.4047742359277,0.01));
#9389=CARTESIAN_POINT('',(164.570259608328,-45.0723057985306,0.02));
#9390=CARTESIAN_POINT('',(165.572986163199,-44.8847204446793,0.02));
#9391=CARTESIAN_POINT('',(164.570259608328,-45.0723057985306,0.));
#9392=CARTESIAN_POINT('Ctrl Pts',(164.172920741141,-44.4907909631729,0.));
#9393=CARTESIAN_POINT('Ctrl Pts',(164.172920741141,-44.4907909631729,0.02));
#9394=CARTESIAN_POINT('Ctrl Pts',(164.262648856032,-44.5692692814815,0.));
#9395=CARTESIAN_POINT('Ctrl Pts',(164.262648856032,-44.5692692814815,0.02));
#9396=CARTESIAN_POINT('Ctrl Pts',(164.445031472558,-44.7287854047272,0.));
#9397=CARTESIAN_POINT('Ctrl Pts',(164.445031472558,-44.7287854047272,0.02));
#9398=CARTESIAN_POINT('Ctrl Pts',(164.528072755194,-44.9565806516778,0.));
#9399=CARTESIAN_POINT('Ctrl Pts',(164.528072755194,-44.9565806516778,0.02));
#9400=CARTESIAN_POINT('Ctrl Pts',(164.570259608328,-45.0723057985306,0.));
#9401=CARTESIAN_POINT('Ctrl Pts',(164.570259608328,-45.0723057985306,0.02));
#9402=CARTESIAN_POINT('',(164.172920741141,-44.4907909631729,0.01));
#9403=CARTESIAN_POINT('Ctrl Pts',(164.570259608328,-45.0723057985306,0.01));
#9404=CARTESIAN_POINT('Ctrl Pts',(164.528072755194,-44.9565806516778,0.01));
#9405=CARTESIAN_POINT('Ctrl Pts',(164.485885902059,-44.8408555048251,0.01));
#9406=CARTESIAN_POINT('Ctrl Pts',(164.418060339987,-44.7427523136139,0.01));
#9407=CARTESIAN_POINT('Ctrl Pts',(164.352376970924,-44.6477475997901,0.01));
#9408=CARTESIAN_POINT('Ctrl Pts',(164.262648856032,-44.5692692814815,0.01));
#9409=CARTESIAN_POINT('Ctrl Pts',(164.172920741141,-44.4907909631729,0.01));
#9410=CARTESIAN_POINT('',(164.172920741141,-44.4907909631729,0.02));
#9411=CARTESIAN_POINT('Ctrl Pts',(164.172920741141,-44.4907909631729,0.02));
#9412=CARTESIAN_POINT('Ctrl Pts',(164.262648856032,-44.5692692814815,0.02));
#9413=CARTESIAN_POINT('Ctrl Pts',(164.445031472558,-44.7287854047272,0.02));
#9414=CARTESIAN_POINT('Ctrl Pts',(164.528072755194,-44.9565806516778,0.02));
#9415=CARTESIAN_POINT('Ctrl Pts',(164.570259608328,-45.0723057985306,0.02));
#9416=CARTESIAN_POINT('',(164.172920741141,-44.4907909631729,0.));
#9417=CARTESIAN_POINT('Ctrl Pts',(163.44474748522,-44.2776256799698,0.));
#9418=CARTESIAN_POINT('Ctrl Pts',(163.44474748522,-44.2776256799698,0.02));
#9419=CARTESIAN_POINT('Ctrl Pts',(163.581457734108,-44.2845548202535,0.));
#9420=CARTESIAN_POINT('Ctrl Pts',(163.581457734108,-44.2845548202535,0.02));
#9421=CARTESIAN_POINT('Ctrl Pts',(163.841641645529,-44.2977422062503,0.));
#9422=CARTESIAN_POINT('Ctrl Pts',(163.841641645529,-44.2977422062503,0.02));
#9423=CARTESIAN_POINT('Ctrl Pts',(164.066304200682,-44.4286615053361,0.));
#9424=CARTESIAN_POINT('Ctrl Pts',(164.066304200682,-44.4286615053361,0.02));
#9425=CARTESIAN_POINT('Ctrl Pts',(164.172920741141,-44.4907909631729,0.));
#9426=CARTESIAN_POINT('Ctrl Pts',(164.172920741141,-44.4907909631729,0.02));
#9427=CARTESIAN_POINT('',(163.44474748522,-44.2776256799698,0.01));
#9428=CARTESIAN_POINT('Ctrl Pts',(164.172920741141,-44.4907909631729,0.01));
#9429=CARTESIAN_POINT('Ctrl Pts',(164.066304200682,-44.4286615053361,0.01));
#9430=CARTESIAN_POINT('Ctrl Pts',(163.959687660223,-44.3665320474994,0.01));
#9431=CARTESIAN_POINT('Ctrl Pts',(163.845071353018,-44.3309170007706,0.01));
#9432=CARTESIAN_POINT('Ctrl Pts',(163.718167982996,-44.2914839605372,0.01));
#9433=CARTESIAN_POINT('Ctrl Pts',(163.581457734108,-44.2845548202535,0.01));
#9434=CARTESIAN_POINT('Ctrl Pts',(163.44474748522,-44.2776256799698,0.01));
#9435=CARTESIAN_POINT('',(163.44474748522,-44.2776256799698,0.02));
#9436=CARTESIAN_POINT('Ctrl Pts',(163.44474748522,-44.2776256799698,0.02));
#9437=CARTESIAN_POINT('Ctrl Pts',(163.581457734108,-44.2845548202535,0.02));
#9438=CARTESIAN_POINT('Ctrl Pts',(163.841641645529,-44.2977422062503,0.02));
#9439=CARTESIAN_POINT('Ctrl Pts',(164.066304200682,-44.4286615053361,0.02));
#9440=CARTESIAN_POINT('Ctrl Pts',(164.172920741141,-44.4907909631729,0.02));
#9441=CARTESIAN_POINT('',(163.44474748522,-44.2776256799698,0.));
#9442=CARTESIAN_POINT('Ctrl Pts',(162.392563380301,-44.6971350908279,0.));
#9443=CARTESIAN_POINT('Ctrl Pts',(162.392563380301,-44.6971350908279,0.02));
#9444=CARTESIAN_POINT('Ctrl Pts',(162.538206804504,-44.5748337851547,0.));
#9445=CARTESIAN_POINT('Ctrl Pts',(162.538206804504,-44.5748337851547,0.02));
#9446=CARTESIAN_POINT('Ctrl Pts',(162.84184742378,-44.3198573288115,0.));
#9447=CARTESIAN_POINT('Ctrl Pts',(162.84184742378,-44.3198573288115,0.02));
#9448=CARTESIAN_POINT('Ctrl Pts',(163.238402780224,-44.2920796130162,0.));
#9449=CARTESIAN_POINT('Ctrl Pts',(163.238402780224,-44.2920796130162,0.02));
#9450=CARTESIAN_POINT('Ctrl Pts',(163.44474748522,-44.2776256799698,0.));
#9451=CARTESIAN_POINT('Ctrl Pts',(163.44474748522,-44.2776256799698,0.02));
#9452=CARTESIAN_POINT('',(162.392563380301,-44.6971350908279,0.01));
#9453=CARTESIAN_POINT('Ctrl Pts',(163.44474748522,-44.2776256799698,0.01));
#9454=CARTESIAN_POINT('Ctrl Pts',(163.238402780224,-44.2920796130162,0.01));
#9455=CARTESIAN_POINT('Ctrl Pts',(163.032058075228,-44.3065335460627,0.01));
#9456=CARTESIAN_POINT('Ctrl Pts',(162.850870646536,-44.3825030326843,0.01));
#9457=CARTESIAN_POINT('Ctrl Pts',(162.683850228707,-44.4525324794815,0.01));
#9458=CARTESIAN_POINT('Ctrl Pts',(162.538206804504,-44.5748337851547,0.01));
#9459=CARTESIAN_POINT('Ctrl Pts',(162.392563380301,-44.6971350908279,0.01));
#9460=CARTESIAN_POINT('',(162.392563380301,-44.6971350908279,0.02));
#9461=CARTESIAN_POINT('Ctrl Pts',(162.392563380301,-44.6971350908279,0.02));
#9462=CARTESIAN_POINT('Ctrl Pts',(162.538206804504,-44.5748337851547,0.02));
#9463=CARTESIAN_POINT('Ctrl Pts',(162.84184742378,-44.3198573288115,0.02));
#9464=CARTESIAN_POINT('Ctrl Pts',(163.238402780224,-44.2920796130162,0.02));
#9465=CARTESIAN_POINT('Ctrl Pts',(163.44474748522,-44.2776256799698,0.02));
#9466=CARTESIAN_POINT('',(162.392563380301,-44.6971350908279,0.));
#9467=CARTESIAN_POINT('Ctrl Pts',(162.002048052847,-45.9420186281204,0.));
#9468=CARTESIAN_POINT('Ctrl Pts',(162.002048052847,-45.9420186281204,0.02));
#9469=CARTESIAN_POINT('Ctrl Pts',(162.010726247292,-45.6927250910016,0.));
#9470=CARTESIAN_POINT('Ctrl Pts',(162.010726247292,-45.6927250910016,0.02));
#9471=CARTESIAN_POINT('Ctrl Pts',(162.026504899415,-45.2394607600338,0.));
#9472=CARTESIAN_POINT('Ctrl Pts',(162.026504899415,-45.2394607600338,0.02));
#9473=CARTESIAN_POINT('Ctrl Pts',(162.278958315504,-44.8654441070319,0.));
#9474=CARTESIAN_POINT('Ctrl Pts',(162.278958315504,-44.8654441070319,0.02));
#9475=CARTESIAN_POINT('Ctrl Pts',(162.392563380301,-44.6971350908279,0.));
#9476=CARTESIAN_POINT('Ctrl Pts',(162.392563380301,-44.6971350908279,0.02));
#9477=CARTESIAN_POINT('',(162.002048052847,-45.9420186281204,0.01));
#9478=CARTESIAN_POINT('Ctrl Pts',(162.392563380301,-44.6971350908279,0.01));
#9479=CARTESIAN_POINT('Ctrl Pts',(162.278958315504,-44.8654441070319,0.01));
#9480=CARTESIAN_POINT('Ctrl Pts',(162.165353250708,-45.0337531232359,0.01));
#9481=CARTESIAN_POINT('Ctrl Pts',(162.099675692618,-45.2181100845337,0.01));
#9482=CARTESIAN_POINT('Ctrl Pts',(162.019404441736,-45.4434315538829,0.01));
#9483=CARTESIAN_POINT('Ctrl Pts',(162.010726247292,-45.6927250910016,0.01));
#9484=CARTESIAN_POINT('Ctrl Pts',(162.002048052847,-45.9420186281204,0.01));
#9485=CARTESIAN_POINT('',(162.002048052847,-45.9420186281204,0.02));
#9486=CARTESIAN_POINT('Ctrl Pts',(162.002048052847,-45.9420186281204,0.02));
#9487=CARTESIAN_POINT('Ctrl Pts',(162.010726247292,-45.6927250910016,0.02));
#9488=CARTESIAN_POINT('Ctrl Pts',(162.026504899415,-45.2394607600338,0.02));
#9489=CARTESIAN_POINT('Ctrl Pts',(162.278958315504,-44.8654441070319,0.02));
#9490=CARTESIAN_POINT('Ctrl Pts',(162.392563380301,-44.6971350908279,0.02));
#9491=CARTESIAN_POINT('',(162.002048052847,-45.9420186281204,0.));
#9492=CARTESIAN_POINT('Ctrl Pts',(162.397679843008,-47.277284860611,0.));
#9493=CARTESIAN_POINT('Ctrl Pts',(162.397679843008,-47.277284860611,0.02));
#9494=CARTESIAN_POINT('Ctrl Pts',(162.282640667363,-47.0969651699768,0.));
#9495=CARTESIAN_POINT('Ctrl Pts',(162.282640667363,-47.0969651699768,0.02));
#9496=CARTESIAN_POINT('Ctrl Pts',(162.0243530614,-46.692108816124,0.));
#9497=CARTESIAN_POINT('Ctrl Pts',(162.0243530614,-46.692108816124,0.02));
#9498=CARTESIAN_POINT('Ctrl Pts',(162.010005389611,-46.209614142146,0.));
#9499=CARTESIAN_POINT('Ctrl Pts',(162.010005389611,-46.209614142146,0.02));
#9500=CARTESIAN_POINT('Ctrl Pts',(162.002048052847,-45.9420186281204,0.));
#9501=CARTESIAN_POINT('Ctrl Pts',(162.002048052847,-45.9420186281204,0.02));
#9502=CARTESIAN_POINT('',(162.397679843008,-47.277284860611,0.01));
#9503=CARTESIAN_POINT('Ctrl Pts',(162.002048052847,-45.9420186281204,0.01));
#9504=CARTESIAN_POINT('Ctrl Pts',(162.010005389611,-46.209614142146,0.01));
#9505=CARTESIAN_POINT('Ctrl Pts',(162.017962726375,-46.4772096561716,0.01));
#9506=CARTESIAN_POINT('Ctrl Pts',(162.100953616202,-46.7209243774414,0.01));
#9507=CARTESIAN_POINT('Ctrl Pts',(162.167601491718,-46.9166454793426,0.01));
#9508=CARTESIAN_POINT('Ctrl Pts',(162.282640667363,-47.0969651699768,0.01));
#9509=CARTESIAN_POINT('Ctrl Pts',(162.397679843008,-47.277284860611,0.01));
#9510=CARTESIAN_POINT('',(162.397679843008,-47.277284860611,0.02));
#9511=CARTESIAN_POINT('Ctrl Pts',(162.397679843008,-47.277284860611,0.02));
#9512=CARTESIAN_POINT('Ctrl Pts',(162.282640667363,-47.0969651699768,0.02));
#9513=CARTESIAN_POINT('Ctrl Pts',(162.0243530614,-46.692108816124,0.02));
#9514=CARTESIAN_POINT('Ctrl Pts',(162.010005389611,-46.209614142146,0.02));
#9515=CARTESIAN_POINT('Ctrl Pts',(162.002048052847,-45.9420186281204,0.02));
#9516=CARTESIAN_POINT('',(162.397679843008,-47.277284860611,0.));
#9517=CARTESIAN_POINT('Ctrl Pts',(163.434514559805,-47.7223736047745,0.));
#9518=CARTESIAN_POINT('Ctrl Pts',(163.434514559805,-47.7223736047745,0.02));
#9519=CARTESIAN_POINT('Ctrl Pts',(163.232475302601,-47.7054465379777,0.));
#9520=CARTESIAN_POINT('Ctrl Pts',(163.232475302601,-47.7054465379777,0.02));
#9521=CARTESIAN_POINT('Ctrl Pts',(162.836759102896,-47.672293008126,0.));
#9522=CARTESIAN_POINT('Ctrl Pts',(162.836759102896,-47.672293008126,0.02));
#9523=CARTESIAN_POINT('Ctrl Pts',(162.541963042932,-47.407086116844,0.));
#9524=CARTESIAN_POINT('Ctrl Pts',(162.541963042932,-47.407086116844,0.02));
#9525=CARTESIAN_POINT('Ctrl Pts',(162.397679843008,-47.277284860611,0.));
#9526=CARTESIAN_POINT('Ctrl Pts',(162.397679843008,-47.277284860611,0.02));
#9527=CARTESIAN_POINT('',(163.434514559805,-47.7223736047745,0.01));
#9528=CARTESIAN_POINT('Ctrl Pts',(162.397679843008,-47.277284860611,0.01));
#9529=CARTESIAN_POINT('Ctrl Pts',(162.541963042932,-47.407086116844,0.01));
#9530=CARTESIAN_POINT('Ctrl Pts',(162.686246242855,-47.536887373077,0.01));
#9531=CARTESIAN_POINT('Ctrl Pts',(162.854704417288,-47.611101269722,0.01));
#9532=CARTESIAN_POINT('Ctrl Pts',(163.030436045396,-47.6885194711809,0.01));
#9533=CARTESIAN_POINT('Ctrl Pts',(163.232475302601,-47.7054465379777,0.01));
#9534=CARTESIAN_POINT('Ctrl Pts',(163.434514559805,-47.7223736047745,0.01));
#9535=CARTESIAN_POINT('',(163.434514559805,-47.7223736047745,0.02));
#9536=CARTESIAN_POINT('Ctrl Pts',(163.434514559805,-47.7223736047745,0.02));
#9537=CARTESIAN_POINT('Ctrl Pts',(163.232475302601,-47.7054465379777,0.02));
#9538=CARTESIAN_POINT('Ctrl Pts',(162.836759102896,-47.672293008126,0.02));
#9539=CARTESIAN_POINT('Ctrl Pts',(162.541963042932,-47.407086116844,0.02));
#9540=CARTESIAN_POINT('Ctrl Pts',(162.397679843008,-47.277284860611,0.02));
#9541=CARTESIAN_POINT('',(163.434514559805,-47.7223736047745,0.));
#9542=CARTESIAN_POINT('Ctrl Pts',(164.070601023734,-47.5978851318359,0.));
#9543=CARTESIAN_POINT('Ctrl Pts',(164.070601023734,-47.5978851318359,0.02));
#9544=CARTESIAN_POINT('Ctrl Pts',(163.965449623108,-47.6341902982617,0.));
#9545=CARTESIAN_POINT('Ctrl Pts',(163.965449623108,-47.6341902982617,0.02));
#9546=CARTESIAN_POINT('Ctrl Pts',(163.759180840627,-47.7054078230108,0.));
#9547=CARTESIAN_POINT('Ctrl Pts',(163.759180840627,-47.7054078230108,0.02));
#9548=CARTESIAN_POINT('Ctrl Pts',(163.541316387937,-47.7167925616693,0.));
#9549=CARTESIAN_POINT('Ctrl Pts',(163.541316387937,-47.7167925616693,0.02));
#9550=CARTESIAN_POINT('Ctrl Pts',(163.434514559805,-47.7223736047745,0.));
#9551=CARTESIAN_POINT('Ctrl Pts',(163.434514559805,-47.7223736047745,0.02));
#9552=CARTESIAN_POINT('',(164.070601023734,-47.5978851318359,0.01));
#9553=CARTESIAN_POINT('Ctrl Pts',(163.434514559805,-47.7223736047745,0.01));
#9554=CARTESIAN_POINT('Ctrl Pts',(163.541316387937,-47.7167925616693,0.01));
#9555=CARTESIAN_POINT('Ctrl Pts',(163.648118216069,-47.7112115185642,0.01));
#9556=CARTESIAN_POINT('Ctrl Pts',(163.752133406699,-47.6912516355515,0.01));
#9557=CARTESIAN_POINT('Ctrl Pts',(163.860298222483,-47.6704954646875,0.01));
#9558=CARTESIAN_POINT('Ctrl Pts',(163.965449623108,-47.6341902982617,0.01));
#9559=CARTESIAN_POINT('Ctrl Pts',(164.070601023734,-47.5978851318359,0.01));
#9560=CARTESIAN_POINT('',(164.070601023734,-47.5978851318359,0.02));
#9561=CARTESIAN_POINT('Ctrl Pts',(164.070601023734,-47.5978851318359,0.02));
#9562=CARTESIAN_POINT('Ctrl Pts',(163.965449623108,-47.6341902982617,0.02));
#9563=CARTESIAN_POINT('Ctrl Pts',(163.759180840627,-47.7054078230108,0.02));
#9564=CARTESIAN_POINT('Ctrl Pts',(163.541316387937,-47.7167925616693,0.02));
#9565=CARTESIAN_POINT('Ctrl Pts',(163.434514559805,-47.7223736047745,0.02));
#9566=CARTESIAN_POINT('',(164.070601023734,-47.5978851318359,0.));
#9567=CARTESIAN_POINT('Ctrl Pts',(164.618005312979,-47.2960436344147,0.));
#9568=CARTESIAN_POINT('Ctrl Pts',(164.618005312979,-47.2960436344147,0.02));
#9569=CARTESIAN_POINT('Ctrl Pts',(164.53597350234,-47.3537637255046,0.));
#9570=CARTESIAN_POINT('Ctrl Pts',(164.53597350234,-47.3537637255046,0.02));
#9571=CARTESIAN_POINT('Ctrl Pts',(164.364597891541,-47.4743488471646,0.));
#9572=CARTESIAN_POINT('Ctrl Pts',(164.364597891541,-47.4743488471646,0.02));
#9573=CARTESIAN_POINT('Ctrl Pts',(164.171348403104,-47.5555514939623,0.));
#9574=CARTESIAN_POINT('Ctrl Pts',(164.171348403104,-47.5555514939623,0.02));
#9575=CARTESIAN_POINT('Ctrl Pts',(164.070601023734,-47.5978851318359,0.));
#9576=CARTESIAN_POINT('Ctrl Pts',(164.070601023734,-47.5978851318359,0.02));
#9577=CARTESIAN_POINT('',(164.618005312979,-47.2960436344147,0.01));
#9578=CARTESIAN_POINT('Ctrl Pts',(164.070601023734,-47.5978851318359,0.01));
#9579=CARTESIAN_POINT('Ctrl Pts',(164.171348403104,-47.5555514939623,0.01));
#9580=CARTESIAN_POINT('Ctrl Pts',(164.272095782474,-47.5132178560886,0.01));
#9581=CARTESIAN_POINT('Ctrl Pts',(164.366898097098,-47.4601805210113,0.01));
#9582=CARTESIAN_POINT('Ctrl Pts',(164.453941691701,-47.4114838165945,0.01));
#9583=CARTESIAN_POINT('Ctrl Pts',(164.53597350234,-47.3537637255046,0.01));
#9584=CARTESIAN_POINT('Ctrl Pts',(164.618005312979,-47.2960436344147,0.01));
#9585=CARTESIAN_POINT('',(164.618005312979,-47.2960436344147,0.02));
#9586=CARTESIAN_POINT('Ctrl Pts',(164.618005312979,-47.2960436344147,0.02));
#9587=CARTESIAN_POINT('Ctrl Pts',(164.53597350234,-47.3537637255046,0.02));
#9588=CARTESIAN_POINT('Ctrl Pts',(164.364597891541,-47.4743488471646,0.02));
#9589=CARTESIAN_POINT('Ctrl Pts',(164.171348403104,-47.5555514939623,0.02));
#9590=CARTESIAN_POINT('Ctrl Pts',(164.070601023734,-47.5978851318359,0.02));
#9591=CARTESIAN_POINT('',(164.618005312979,-47.2960436344147,0.));
#9592=CARTESIAN_POINT('Origin',(164.618005312979,-46.6616642475128,0.));
#9593=CARTESIAN_POINT('',(164.618005312979,-46.6616642475128,0.01));
#9594=CARTESIAN_POINT('',(164.618005312979,-46.3308321237564,0.01));
#9595=CARTESIAN_POINT('',(164.618005312979,-46.6616642475128,0.02));
#9596=CARTESIAN_POINT('',(164.618005312979,-47.2960436344147,0.02));
#9597=CARTESIAN_POINT('',(164.618005312979,-46.6616642475128,0.));
#9598=CARTESIAN_POINT('Origin',(163.461799181998,-46.6616642475128,0.));
#9599=CARTESIAN_POINT('',(156.730899590999,-46.6616642475128,0.01));
#9600=CARTESIAN_POINT('',(164.618005312979,-46.6616642475128,0.02));
#9601=CARTESIAN_POINT('Origin',(149.999998964369,-45.9999999403953,0.02));
#9602=CARTESIAN_POINT('Origin',(155.129603900015,-43.4999996423721,0.));
#9603=CARTESIAN_POINT('',(154.120053805411,-43.4999996423721,0.01));
#9604=CARTESIAN_POINT('',(155.129603900015,-43.4999996423721,0.01));
#9605=CARTESIAN_POINT('',(152.564801950008,-43.4999996423721,0.01));
#9606=CARTESIAN_POINT('',(154.120053805411,-43.4999996423721,0.02));
#9607=CARTESIAN_POINT('',(154.120053805411,-43.4999996423721,0.));
#9608=CARTESIAN_POINT('',(155.129603900015,-43.4999996423721,0.02));
#9609=CARTESIAN_POINT('',(154.120053805411,-43.4999996423721,0.02));
#9610=CARTESIAN_POINT('',(155.129603900015,-43.4999996423721,0.));
#9611=CARTESIAN_POINT('Origin',(154.120053805411,-43.4999996423721,0.));
#9612=CARTESIAN_POINT('',(154.120053805411,-48.4999996423721,0.01));
#9613=CARTESIAN_POINT('',(154.120053805411,-44.7499998211861,0.01));
#9614=CARTESIAN_POINT('',(154.120053805411,-48.4999996423721,0.02));
#9615=CARTESIAN_POINT('',(154.120053805411,-48.4999996423721,0.));
#9616=CARTESIAN_POINT('',(154.120053805411,-48.4999996423721,0.02));
#9617=CARTESIAN_POINT('Origin',(155.129603900015,-48.4999996423721,0.));
#9618=CARTESIAN_POINT('',(155.129603900015,-48.4999996423721,0.01));
#9619=CARTESIAN_POINT('',(155.129603900015,-47.2499998211861,0.01));
#9620=CARTESIAN_POINT('',(155.129603900015,-48.4999996423721,0.02));
#9621=CARTESIAN_POINT('',(155.129603900015,-43.4999996423721,0.02));
#9622=CARTESIAN_POINT('',(155.129603900015,-48.4999996423721,0.));
#9623=CARTESIAN_POINT('Origin',(154.120053805411,-48.4999996423721,0.));
#9624=CARTESIAN_POINT('',(152.060026902705,-48.4999996423721,0.01));
#9625=CARTESIAN_POINT('',(155.129603900015,-48.4999996423721,0.02));
#9626=CARTESIAN_POINT('Origin',(149.999998964369,-45.9999999403953,0.02));
#9627=CARTESIAN_POINT('Origin',(160.068211115897,-43.4999996423721,0.));
#9628=CARTESIAN_POINT('',(159.130286730826,-43.4999996423721,0.01));
#9629=CARTESIAN_POINT('',(160.068211115897,-43.4999996423721,0.01));
#9630=CARTESIAN_POINT('',(155.034105557948,-43.4999996423721,0.01));
#9631=CARTESIAN_POINT('',(159.130286730826,-43.4999996423721,0.02));
#9632=CARTESIAN_POINT('',(159.130286730826,-43.4999996423721,0.));
#9633=CARTESIAN_POINT('',(160.068211115897,-43.4999996423721,0.02));
#9634=CARTESIAN_POINT('',(159.130286730826,-43.4999996423721,0.02));
#9635=CARTESIAN_POINT('',(160.068211115897,-43.4999996423721,0.));
#9636=CARTESIAN_POINT('Origin',(159.130286730826,-43.4999996423721,0.));
#9637=CARTESIAN_POINT('',(159.130286730826,-46.8390172719955,0.01));
#9638=CARTESIAN_POINT('',(159.130286730826,-44.7499998211861,0.01));
#9639=CARTESIAN_POINT('',(159.130286730826,-46.8390172719955,0.02));
#9640=CARTESIAN_POINT('',(159.130286730826,-46.8390172719955,0.));
#9641=CARTESIAN_POINT('',(159.130286730826,-46.8390172719955,0.02));
#9642=CARTESIAN_POINT('Origin',(159.130286730826,-46.8390172719955,0.));
#9643=CARTESIAN_POINT('',(157.083901919425,-43.4999996423721,0.01));
#9644=CARTESIAN_POINT('',(157.696873195567,-44.5001643651013,0.01));
#9645=CARTESIAN_POINT('',(157.083901919425,-43.4999996423721,0.02));
#9646=CARTESIAN_POINT('',(157.083901919425,-43.4999996423721,0.));
#9647=CARTESIAN_POINT('',(157.083901919425,-43.4999996423721,0.02));
#9648=CARTESIAN_POINT('Origin',(157.083901919425,-43.4999996423721,0.));
#9649=CARTESIAN_POINT('',(156.101636447012,-43.4999996423721,0.01));
#9650=CARTESIAN_POINT('',(153.541950959712,-43.4999996423721,0.01));
#9651=CARTESIAN_POINT('',(156.101636447012,-43.4999996423721,0.02));
#9652=CARTESIAN_POINT('',(156.101636447012,-43.4999996423721,0.));
#9653=CARTESIAN_POINT('',(156.101636447012,-43.4999996423721,0.02));
#9654=CARTESIAN_POINT('Origin',(156.101636447012,-43.4999996423721,0.));
#9655=CARTESIAN_POINT('',(156.101636447012,-48.4999996423721,0.01));
#9656=CARTESIAN_POINT('',(156.101636447012,-44.7499998211861,0.01));
#9657=CARTESIAN_POINT('',(156.101636447012,-48.4999996423721,0.02));
#9658=CARTESIAN_POINT('',(156.101636447012,-48.4999996423721,0.));
#9659=CARTESIAN_POINT('',(156.101636447012,-48.4999996423721,0.02));
#9660=CARTESIAN_POINT('Origin',(160.068211115897,-48.4999996423721,0.));
#9661=CARTESIAN_POINT('',(160.068211115897,-48.4999996423721,0.01));
#9662=CARTESIAN_POINT('',(160.068211115897,-47.2499998211861,0.01));
#9663=CARTESIAN_POINT('',(160.068211115897,-48.4999996423721,0.02));
#9664=CARTESIAN_POINT('',(160.068211115897,-43.4999996423721,0.02));
#9665=CARTESIAN_POINT('',(160.068211115897,-48.4999996423721,0.));
#9666=CARTESIAN_POINT('Origin',(159.055251635611,-48.4999996423721,0.));
#9667=CARTESIAN_POINT('',(159.055251635611,-48.4999996423721,0.01));
#9668=CARTESIAN_POINT('',(154.527625817806,-48.4999996423721,0.01));
#9669=CARTESIAN_POINT('',(159.055251635611,-48.4999996423721,0.02));
#9670=CARTESIAN_POINT('',(160.068211115897,-48.4999996423721,0.02));
#9671=CARTESIAN_POINT('',(159.055251635611,-48.4999996423721,0.));
#9672=CARTESIAN_POINT('Origin',(157.039565600455,-45.2394264936447,0.));
#9673=CARTESIAN_POINT('',(157.039565600455,-45.2394264936447,0.01));
#9674=CARTESIAN_POINT('',(156.236433402614,-43.9402800822065,0.01));
#9675=CARTESIAN_POINT('',(157.039565600455,-45.2394264936447,0.02));
#9676=CARTESIAN_POINT('',(159.055251635611,-48.4999996423721,0.02));
#9677=CARTESIAN_POINT('',(157.039565600455,-45.2394264936447,0.));
#9678=CARTESIAN_POINT('Origin',(157.039565600455,-48.4999996423721,0.));
#9679=CARTESIAN_POINT('',(157.039565600455,-48.4999996423721,0.01));
#9680=CARTESIAN_POINT('',(157.039565600455,-47.2499998211861,0.01));
#9681=CARTESIAN_POINT('',(157.039565600455,-48.4999996423721,0.02));
#9682=CARTESIAN_POINT('',(157.039565600455,-45.2394264936447,0.02));
#9683=CARTESIAN_POINT('',(157.039565600455,-48.4999996423721,0.));
#9684=CARTESIAN_POINT('Origin',(156.101636447012,-48.4999996423721,0.));
#9685=CARTESIAN_POINT('',(153.050818223506,-48.4999996423721,0.01));
#9686=CARTESIAN_POINT('',(157.039565600455,-48.4999996423721,0.02));
#9687=CARTESIAN_POINT('Origin',(149.999998964369,-45.9999999403953,0.02));
#9688=CARTESIAN_POINT('Ctrl Pts',(152.251023806632,-46.0034102201462,0.));
#9689=CARTESIAN_POINT('Ctrl Pts',(152.251023806632,-46.0034102201462,0.02));
#9690=CARTESIAN_POINT('Ctrl Pts',(152.249341987523,-46.1771842647143,0.));
#9691=CARTESIAN_POINT('Ctrl Pts',(152.249341987523,-46.1771842647143,0.02));
#9692=CARTESIAN_POINT('Ctrl Pts',(152.246351344868,-46.4861925683834,0.));
#9693=CARTESIAN_POINT('Ctrl Pts',(152.246351344868,-46.4861925683834,0.02));
#9694=CARTESIAN_POINT('Ctrl Pts',(152.178429413578,-46.7873633767474,0.));
#9695=CARTESIAN_POINT('Ctrl Pts',(152.178429413578,-46.7873633767474,0.02));
#9696=CARTESIAN_POINT('Ctrl Pts',(152.148704089224,-46.919167637825,0.));
#9697=CARTESIAN_POINT('Ctrl Pts',(152.148704089224,-46.919167637825,0.02));
#9698=CARTESIAN_POINT('',(152.148704089224,-46.919167637825,0.01));
#9699=CARTESIAN_POINT('',(152.251023806632,-46.0034102201462,0.01));
#9700=CARTESIAN_POINT('Ctrl Pts',(152.148704089224,-46.919167637825,0.01));
#9701=CARTESIAN_POINT('Ctrl Pts',(152.178429413578,-46.7873633767474,0.01));
#9702=CARTESIAN_POINT('Ctrl Pts',(152.208154737932,-46.6555591156698,0.01));
#9703=CARTESIAN_POINT('Ctrl Pts',(152.22544387728,-46.5222537517547,0.01));
#9704=CARTESIAN_POINT('Ctrl Pts',(152.247660168414,-46.3509583092824,0.01));
#9705=CARTESIAN_POINT('Ctrl Pts',(152.249341987523,-46.1771842647143,0.01));
#9706=CARTESIAN_POINT('Ctrl Pts',(152.251023806632,-46.0034102201462,0.01));
#9707=CARTESIAN_POINT('',(152.148704089224,-46.919167637825,0.02));
#9708=CARTESIAN_POINT('',(152.148704089224,-46.919167637825,0.));
#9709=CARTESIAN_POINT('',(152.251023806632,-46.0034102201462,0.02));
#9710=CARTESIAN_POINT('Ctrl Pts',(152.251023806632,-46.0034102201462,0.02));
#9711=CARTESIAN_POINT('Ctrl Pts',(152.249341987523,-46.1771842647143,0.02));
#9712=CARTESIAN_POINT('Ctrl Pts',(152.246351344868,-46.4861925683834,0.02));
#9713=CARTESIAN_POINT('Ctrl Pts',(152.178429413578,-46.7873633767474,0.02));
#9714=CARTESIAN_POINT('Ctrl Pts',(152.148704089224,-46.919167637825,0.02));
#9715=CARTESIAN_POINT('',(152.251023806632,-46.0034102201462,0.));
#9716=CARTESIAN_POINT('Ctrl Pts',(152.148704089224,-46.919167637825,0.));
#9717=CARTESIAN_POINT('Ctrl Pts',(152.148704089224,-46.919167637825,0.02));
#9718=CARTESIAN_POINT('Ctrl Pts',(152.116265341221,-47.0191550367638,0.));
#9719=CARTESIAN_POINT('Ctrl Pts',(152.116265341221,-47.0191550367638,0.02));
#9720=CARTESIAN_POINT('Ctrl Pts',(152.058477942947,-47.1972757103571,0.));
#9721=CARTESIAN_POINT('Ctrl Pts',(152.058477942947,-47.1972757103571,0.02));
#9722=CARTESIAN_POINT('Ctrl Pts',(151.937462713385,-47.3394208544235,0.));
#9723=CARTESIAN_POINT('Ctrl Pts',(151.937462713385,-47.3394208544235,0.02));
#9724=CARTESIAN_POINT('Ctrl Pts',(151.884378947318,-47.4017733335495,0.));
#9725=CARTESIAN_POINT('Ctrl Pts',(151.884378947318,-47.4017733335495,0.02));
#9726=CARTESIAN_POINT('',(151.884378947318,-47.4017733335495,0.01));
#9727=CARTESIAN_POINT('Ctrl Pts',(151.884378947318,-47.4017733335495,0.01));
#9728=CARTESIAN_POINT('Ctrl Pts',(151.937462713385,-47.3394208544235,0.01));
#9729=CARTESIAN_POINT('Ctrl Pts',(151.990546479452,-47.2770683752975,0.01));
#9730=CARTESIAN_POINT('Ctrl Pts',(152.031464137137,-47.2077935934067,0.01));
#9731=CARTESIAN_POINT('Ctrl Pts',(152.083826593218,-47.1191424357027,0.01));
#9732=CARTESIAN_POINT('Ctrl Pts',(152.116265341221,-47.0191550367638,0.01));
#9733=CARTESIAN_POINT('Ctrl Pts',(152.148704089224,-46.919167637825,0.01));
#9734=CARTESIAN_POINT('',(151.884378947318,-47.4017733335495,0.02));
#9735=CARTESIAN_POINT('',(151.884378947318,-47.4017733335495,0.));
#9736=CARTESIAN_POINT('Ctrl Pts',(152.148704089224,-46.919167637825,0.02));
#9737=CARTESIAN_POINT('Ctrl Pts',(152.116265341221,-47.0191550367638,0.02));
#9738=CARTESIAN_POINT('Ctrl Pts',(152.058477942947,-47.1972757103571,0.02));
#9739=CARTESIAN_POINT('Ctrl Pts',(151.937462713385,-47.3394208544235,0.02));
#9740=CARTESIAN_POINT('Ctrl Pts',(151.884378947318,-47.4017733335495,0.02));
#9741=CARTESIAN_POINT('Ctrl Pts',(151.884378947318,-47.4017733335495,0.));
#9742=CARTESIAN_POINT('Ctrl Pts',(151.884378947318,-47.4017733335495,0.02));
#9743=CARTESIAN_POINT('Ctrl Pts',(151.825431308326,-47.4474598314953,0.));
#9744=CARTESIAN_POINT('Ctrl Pts',(151.825431308326,-47.4474598314953,0.02));
#9745=CARTESIAN_POINT('Ctrl Pts',(151.702832199974,-47.5424784617189,0.));
#9746=CARTESIAN_POINT('Ctrl Pts',(151.702832199974,-47.5424784617189,0.02));
#9747=CARTESIAN_POINT('Ctrl Pts',(151.554051619778,-47.5868073262718,0.));
#9748=CARTESIAN_POINT('Ctrl Pts',(151.554051619778,-47.5868073262718,0.02));
#9749=CARTESIAN_POINT('Ctrl Pts',(151.476807154715,-47.6098221540451,0.));
#9750=CARTESIAN_POINT('Ctrl Pts',(151.476807154715,-47.6098221540451,0.02));
#9751=CARTESIAN_POINT('',(151.476807154715,-47.6098221540451,0.01));
#9752=CARTESIAN_POINT('Ctrl Pts',(151.476807154715,-47.6098221540451,0.01));
#9753=CARTESIAN_POINT('Ctrl Pts',(151.554051619778,-47.5868073262718,0.01));
#9754=CARTESIAN_POINT('Ctrl Pts',(151.63129608484,-47.5637924984986,0.01));
#9755=CARTESIAN_POINT('Ctrl Pts',(151.701483286917,-47.5271141529083,0.01));
#9756=CARTESIAN_POINT('Ctrl Pts',(151.766483669335,-47.4931463294412,0.01));
#9757=CARTESIAN_POINT('Ctrl Pts',(151.825431308326,-47.4474598314953,0.01));
#9758=CARTESIAN_POINT('Ctrl Pts',(151.884378947318,-47.4017733335495,0.01));
#9759=CARTESIAN_POINT('',(151.476807154715,-47.6098221540451,0.02));
#9760=CARTESIAN_POINT('',(151.476807154715,-47.6098221540451,0.));
#9761=CARTESIAN_POINT('Ctrl Pts',(151.884378947318,-47.4017733335495,0.02));
#9762=CARTESIAN_POINT('Ctrl Pts',(151.825431308326,-47.4474598314953,0.02));
#9763=CARTESIAN_POINT('Ctrl Pts',(151.702832199974,-47.5424784617189,0.02));
#9764=CARTESIAN_POINT('Ctrl Pts',(151.554051619778,-47.5868073262718,0.02));
#9765=CARTESIAN_POINT('Ctrl Pts',(151.476807154715,-47.6098221540451,0.02));
#9766=CARTESIAN_POINT('Ctrl Pts',(151.476807154715,-47.6098221540451,0.));
#9767=CARTESIAN_POINT('Ctrl Pts',(151.476807154715,-47.6098221540451,0.02));
#9768=CARTESIAN_POINT('Ctrl Pts',(151.394833314888,-47.6236308301629,0.));
#9769=CARTESIAN_POINT('Ctrl Pts',(151.394833314888,-47.6236308301629,0.02));
#9770=CARTESIAN_POINT('Ctrl Pts',(151.192938239306,-47.6576405058641,0.));
#9771=CARTESIAN_POINT('Ctrl Pts',(151.192938239306,-47.6576405058641,0.02));
#9772=CARTESIAN_POINT('Ctrl Pts',(150.988019957879,-47.6575971734662,0.));
#9773=CARTESIAN_POINT('Ctrl Pts',(150.988019957879,-47.6575971734662,0.02));
#9774=CARTESIAN_POINT('Ctrl Pts',(150.866303004324,-47.6575714349747,0.));
#9775=CARTESIAN_POINT('Ctrl Pts',(150.866303004324,-47.6575714349747,0.02));
#9776=CARTESIAN_POINT('',(150.866303004324,-47.6575714349747,0.01));
#9777=CARTESIAN_POINT('Ctrl Pts',(150.866303004324,-47.6575714349747,0.01));
#9778=CARTESIAN_POINT('Ctrl Pts',(150.988019957879,-47.6575971734662,0.01));
#9779=CARTESIAN_POINT('Ctrl Pts',(151.109736911434,-47.6576229119578,0.01));
#9780=CARTESIAN_POINT('Ctrl Pts',(151.230387248099,-47.6456344127655,0.01));
#9781=CARTESIAN_POINT('Ctrl Pts',(151.312859475061,-47.6374395062807,0.01));
#9782=CARTESIAN_POINT('Ctrl Pts',(151.394833314888,-47.6236308301629,0.01));
#9783=CARTESIAN_POINT('Ctrl Pts',(151.476807154715,-47.6098221540451,0.01));
#9784=CARTESIAN_POINT('',(150.866303004324,-47.6575714349747,0.02));
#9785=CARTESIAN_POINT('',(150.866303004324,-47.6575714349747,0.));
#9786=CARTESIAN_POINT('Ctrl Pts',(151.476807154715,-47.6098221540451,0.02));
#9787=CARTESIAN_POINT('Ctrl Pts',(151.394833314888,-47.6236308301629,0.02));
#9788=CARTESIAN_POINT('Ctrl Pts',(151.192938239306,-47.6576405058641,0.02));
#9789=CARTESIAN_POINT('Ctrl Pts',(150.988019957879,-47.6575971734662,0.02));
#9790=CARTESIAN_POINT('Ctrl Pts',(150.866303004324,-47.6575714349747,0.02));
#9791=CARTESIAN_POINT('Origin',(150.866303004324,-47.6575714349747,0.));
#9792=CARTESIAN_POINT('',(150.112552203238,-47.6575714349747,0.01));
#9793=CARTESIAN_POINT('',(150.433151502162,-47.6575714349747,0.01));
#9794=CARTESIAN_POINT('',(150.112552203238,-47.6575714349747,0.02));
#9795=CARTESIAN_POINT('',(150.112552203238,-47.6575714349747,0.));
#9796=CARTESIAN_POINT('',(150.112552203238,-47.6575714349747,0.02));
#9797=CARTESIAN_POINT('Origin',(150.112552203238,-47.6575714349747,0.));
#9798=CARTESIAN_POINT('',(150.112552203238,-44.3458384275436,0.01));
#9799=CARTESIAN_POINT('',(150.112552203238,-46.8287857174873,0.01));
#9800=CARTESIAN_POINT('',(150.112552203238,-44.3458384275436,0.02));
#9801=CARTESIAN_POINT('',(150.112552203238,-44.3458384275436,0.));
#9802=CARTESIAN_POINT('',(150.112552203238,-44.3458384275436,0.02));
#9803=CARTESIAN_POINT('Ctrl Pts',(153.141200102866,-47.1118688583374,0.));
#9804=CARTESIAN_POINT('Ctrl Pts',(153.141200102866,-47.1118688583374,0.02));
#9805=CARTESIAN_POINT('Ctrl Pts',(153.185908292798,-46.9496768993856,0.));
#9806=CARTESIAN_POINT('Ctrl Pts',(153.185908292798,-46.9496768993856,0.02));
#9807=CARTESIAN_POINT('Ctrl Pts',(153.281832961162,-46.6016822725112,0.));
#9808=CARTESIAN_POINT('Ctrl Pts',(153.281832961162,-46.6016822725112,0.02));
#9809=CARTESIAN_POINT('Ctrl Pts',(153.290206475101,-46.2405604926701,0.));
#9810=CARTESIAN_POINT('Ctrl Pts',(153.290206475101,-46.2405604926701,0.02));
#9811=CARTESIAN_POINT('Ctrl Pts',(153.294677294791,-46.0477489233017,0.));
#9812=CARTESIAN_POINT('Ctrl Pts',(153.294677294791,-46.0477489233017,0.02));
#9813=CARTESIAN_POINT('',(153.294677294791,-46.0477489233017,0.01));
#9814=CARTESIAN_POINT('',(153.141200102866,-47.1118688583374,0.01));
#9815=CARTESIAN_POINT('Ctrl Pts',(153.294677294791,-46.0477489233017,0.01));
#9816=CARTESIAN_POINT('Ctrl Pts',(153.290206475101,-46.2405604926701,0.01));
#9817=CARTESIAN_POINT('Ctrl Pts',(153.285735655411,-46.4333720620386,0.01));
#9818=CARTESIAN_POINT('Ctrl Pts',(153.25630620867,-46.6224414110184,0.01));
#9819=CARTESIAN_POINT('Ctrl Pts',(153.23061648273,-46.7874849404338,0.01));
#9820=CARTESIAN_POINT('Ctrl Pts',(153.185908292798,-46.9496768993856,0.01));
#9821=CARTESIAN_POINT('Ctrl Pts',(153.141200102866,-47.1118688583374,0.01));
#9822=CARTESIAN_POINT('',(153.294677294791,-46.0477489233017,0.02));
#9823=CARTESIAN_POINT('',(153.294677294791,-46.0477489233017,0.));
#9824=CARTESIAN_POINT('',(153.141200102866,-47.1118688583374,0.02));
#9825=CARTESIAN_POINT('Ctrl Pts',(153.141200102866,-47.1118688583374,0.02));
#9826=CARTESIAN_POINT('Ctrl Pts',(153.185908292798,-46.9496768993856,0.02));
#9827=CARTESIAN_POINT('Ctrl Pts',(153.281832961162,-46.6016822725112,0.02));
#9828=CARTESIAN_POINT('Ctrl Pts',(153.290206475101,-46.2405604926701,0.02));
#9829=CARTESIAN_POINT('Ctrl Pts',(153.294677294791,-46.0477489233017,0.02));
#9830=CARTESIAN_POINT('',(153.141200102866,-47.1118688583374,0.));
#9831=CARTESIAN_POINT('Ctrl Pts',(153.294677294791,-46.0477489233017,0.));
#9832=CARTESIAN_POINT('Ctrl Pts',(153.294677294791,-46.0477489233017,0.02));
#9833=CARTESIAN_POINT('Ctrl Pts',(153.290420463924,-45.8308034458801,0.));
#9834=CARTESIAN_POINT('Ctrl Pts',(153.290420463924,-45.8308034458801,0.02));
#9835=CARTESIAN_POINT('Ctrl Pts',(153.282557670636,-45.4300834038785,0.));
#9836=CARTESIAN_POINT('Ctrl Pts',(153.282557670636,-45.4300834038785,0.02));
#9837=CARTESIAN_POINT('Ctrl Pts',(153.178631316618,-45.0433306742596,0.));
#9838=CARTESIAN_POINT('Ctrl Pts',(153.178631316618,-45.0433306742596,0.02));
#9839=CARTESIAN_POINT('Ctrl Pts',(153.130969561636,-44.8659616708755,0.));
#9840=CARTESIAN_POINT('Ctrl Pts',(153.130969561636,-44.8659616708755,0.02));
#9841=CARTESIAN_POINT('',(153.130969561636,-44.8659616708755,0.01));
#9842=CARTESIAN_POINT('Ctrl Pts',(153.130969561636,-44.8659616708755,0.01));
#9843=CARTESIAN_POINT('Ctrl Pts',(153.178631316618,-45.0433306742596,0.01));
#9844=CARTESIAN_POINT('Ctrl Pts',(153.226293071599,-45.2206996776437,0.01));
#9845=CARTESIAN_POINT('Ctrl Pts',(153.253750361502,-45.4010063409805,0.01));
#9846=CARTESIAN_POINT('Ctrl Pts',(153.286163633057,-45.6138579684585,0.01));
#9847=CARTESIAN_POINT('Ctrl Pts',(153.290420463924,-45.8308034458801,0.01));
#9848=CARTESIAN_POINT('Ctrl Pts',(153.294677294791,-46.0477489233017,0.01));
#9849=CARTESIAN_POINT('',(153.130969561636,-44.8659616708755,0.02));
#9850=CARTESIAN_POINT('',(153.130969561636,-44.8659616708755,0.));
#9851=CARTESIAN_POINT('Ctrl Pts',(153.294677294791,-46.0477489233017,0.02));
#9852=CARTESIAN_POINT('Ctrl Pts',(153.290420463924,-45.8308034458801,0.02));
#9853=CARTESIAN_POINT('Ctrl Pts',(153.282557670636,-45.4300834038785,0.02));
#9854=CARTESIAN_POINT('Ctrl Pts',(153.178631316618,-45.0433306742596,0.02));
#9855=CARTESIAN_POINT('Ctrl Pts',(153.130969561636,-44.8659616708755,0.02));
#9856=CARTESIAN_POINT('Ctrl Pts',(153.130969561636,-44.8659616708755,0.));
#9857=CARTESIAN_POINT('Ctrl Pts',(153.130969561636,-44.8659616708755,0.02));
#9858=CARTESIAN_POINT('Ctrl Pts',(153.07163334252,-44.7139998963184,0.));
#9859=CARTESIAN_POINT('Ctrl Pts',(153.07163334252,-44.7139998963184,0.02));
#9860=CARTESIAN_POINT('Ctrl Pts',(152.956094427975,-44.4181013920616,0.));
#9861=CARTESIAN_POINT('Ctrl Pts',(152.956094427975,-44.4181013920616,0.02));
#9862=CARTESIAN_POINT('Ctrl Pts',(152.752510437444,-44.1744541826886,0.));
#9863=CARTESIAN_POINT('Ctrl Pts',(152.752510437444,-44.1744541826886,0.02));
#9864=CARTESIAN_POINT('Ctrl Pts',(152.653479136527,-44.055934548378,0.));
#9865=CARTESIAN_POINT('Ctrl Pts',(152.653479136527,-44.055934548378,0.02));
#9866=CARTESIAN_POINT('',(152.653479136527,-44.055934548378,0.01));
#9867=CARTESIAN_POINT('Ctrl Pts',(152.653479136527,-44.055934548378,0.01));
#9868=CARTESIAN_POINT('Ctrl Pts',(152.752510437444,-44.1744541826886,0.01));
#9869=CARTESIAN_POINT('Ctrl Pts',(152.851541738362,-44.2929738169993,0.01));
#9870=CARTESIAN_POINT('Ctrl Pts',(152.929739512503,-44.4238573312759,0.01));
#9871=CARTESIAN_POINT('Ctrl Pts',(153.012297123404,-44.5620381217612,0.01));
#9872=CARTESIAN_POINT('Ctrl Pts',(153.07163334252,-44.7139998963184,0.01));
#9873=CARTESIAN_POINT('Ctrl Pts',(153.130969561636,-44.8659616708755,0.01));
#9874=CARTESIAN_POINT('',(152.653479136527,-44.055934548378,0.02));
#9875=CARTESIAN_POINT('',(152.653479136527,-44.055934548378,0.));
#9876=CARTESIAN_POINT('Ctrl Pts',(153.130969561636,-44.8659616708755,0.02));
#9877=CARTESIAN_POINT('Ctrl Pts',(153.07163334252,-44.7139998963184,0.02));
#9878=CARTESIAN_POINT('Ctrl Pts',(152.956094427975,-44.4181013920616,0.02));
#9879=CARTESIAN_POINT('Ctrl Pts',(152.752510437444,-44.1744541826886,0.02));
#9880=CARTESIAN_POINT('Ctrl Pts',(152.653479136527,-44.055934548378,0.02));
#9881=CARTESIAN_POINT('Ctrl Pts',(152.653479136527,-44.055934548378,0.));
#9882=CARTESIAN_POINT('Ctrl Pts',(152.653479136527,-44.055934548378,0.02));
#9883=CARTESIAN_POINT('Ctrl Pts',(152.54351527743,-43.9540080091179,0.));
#9884=CARTESIAN_POINT('Ctrl Pts',(152.54351527743,-43.9540080091179,0.02));
#9885=CARTESIAN_POINT('Ctrl Pts',(152.323245061316,-43.7498374660424,0.));
#9886=CARTESIAN_POINT('Ctrl Pts',(152.323245061316,-43.7498374660424,0.02));
#9887=CARTESIAN_POINT('Ctrl Pts',(152.041046840634,-43.6469975293726,0.));
#9888=CARTESIAN_POINT('Ctrl Pts',(152.041046840634,-43.6469975293726,0.02));
#9889=CARTESIAN_POINT('Ctrl Pts',(151.89972833544,-43.5954976081848,0.));
#9890=CARTESIAN_POINT('Ctrl Pts',(151.89972833544,-43.5954976081848,0.02));
#9891=CARTESIAN_POINT('',(151.89972833544,-43.5954976081848,0.01));
#9892=CARTESIAN_POINT('Ctrl Pts',(151.89972833544,-43.5954976081848,0.01));
#9893=CARTESIAN_POINT('Ctrl Pts',(152.041046840634,-43.6469975293726,0.01));
#9894=CARTESIAN_POINT('Ctrl Pts',(152.182365345828,-43.6984974505603,0.01));
#9895=CARTESIAN_POINT('Ctrl Pts',(152.308153666556,-43.7754088640213,0.01));
#9896=CARTESIAN_POINT('Ctrl Pts',(152.433551418333,-43.8520814698578,0.01));
#9897=CARTESIAN_POINT('Ctrl Pts',(152.54351527743,-43.9540080091179,0.01));
#9898=CARTESIAN_POINT('Ctrl Pts',(152.653479136527,-44.055934548378,0.01));
#9899=CARTESIAN_POINT('',(151.89972833544,-43.5954976081848,0.02));
#9900=CARTESIAN_POINT('',(151.89972833544,-43.5954976081848,0.));
#9901=CARTESIAN_POINT('Ctrl Pts',(152.653479136527,-44.055934548378,0.02));
#9902=CARTESIAN_POINT('Ctrl Pts',(152.54351527743,-43.9540080091179,0.02));
#9903=CARTESIAN_POINT('Ctrl Pts',(152.323245061316,-43.7498374660424,0.02));
#9904=CARTESIAN_POINT('Ctrl Pts',(152.041046840634,-43.6469975293726,0.02));
#9905=CARTESIAN_POINT('Ctrl Pts',(151.89972833544,-43.5954976081848,0.02));
#9906=CARTESIAN_POINT('Ctrl Pts',(151.89972833544,-43.5954976081848,0.));
#9907=CARTESIAN_POINT('Ctrl Pts',(151.89972833544,-43.5954976081848,0.02));
#9908=CARTESIAN_POINT('Ctrl Pts',(151.766281778481,-43.5677973355674,0.));
#9909=CARTESIAN_POINT('Ctrl Pts',(151.766281778481,-43.5677973355674,0.02));
#9910=CARTESIAN_POINT('Ctrl Pts',(151.452761064969,-43.5027180301631,0.));
#9911=CARTESIAN_POINT('Ctrl Pts',(151.452761064969,-43.5027180301631,0.02));
#9912=CARTESIAN_POINT('Ctrl Pts',(151.132247468577,-43.5009913694307,0.));
#9913=CARTESIAN_POINT('Ctrl Pts',(151.132247468577,-43.5009913694307,0.02));
#9914=CARTESIAN_POINT('Ctrl Pts',(150.948156870902,-43.4999996423721,0.));
#9915=CARTESIAN_POINT('Ctrl Pts',(150.948156870902,-43.4999996423721,0.02));
#9916=CARTESIAN_POINT('',(150.948156870902,-43.4999996423721,0.01));
#9917=CARTESIAN_POINT('Ctrl Pts',(150.948156870902,-43.4999996423721,0.01));
#9918=CARTESIAN_POINT('Ctrl Pts',(151.132247468577,-43.5009913694307,0.01));
#9919=CARTESIAN_POINT('Ctrl Pts',(151.316338066252,-43.5019830964894,0.01));
#9920=CARTESIAN_POINT('Ctrl Pts',(151.498121775687,-43.5238742828369,0.01));
#9921=CARTESIAN_POINT('Ctrl Pts',(151.632835221522,-43.54009706295,0.01));
#9922=CARTESIAN_POINT('Ctrl Pts',(151.766281778481,-43.5677973355674,0.01));
#9923=CARTESIAN_POINT('Ctrl Pts',(151.89972833544,-43.5954976081848,0.01));
#9924=CARTESIAN_POINT('',(150.948156870902,-43.4999996423721,0.02));
#9925=CARTESIAN_POINT('',(150.948156870902,-43.4999996423721,0.));
#9926=CARTESIAN_POINT('Ctrl Pts',(151.89972833544,-43.5954976081848,0.02));
#9927=CARTESIAN_POINT('Ctrl Pts',(151.766281778481,-43.5677973355674,0.02));
#9928=CARTESIAN_POINT('Ctrl Pts',(151.452761064969,-43.5027180301631,0.02));
#9929=CARTESIAN_POINT('Ctrl Pts',(151.132247468577,-43.5009913694307,0.02));
#9930=CARTESIAN_POINT('Ctrl Pts',(150.948156870902,-43.4999996423721,0.02));
#9931=CARTESIAN_POINT('Origin',(150.948156870902,-43.4999996423721,0.));
#9932=CARTESIAN_POINT('',(149.103002108633,-43.4999996423721,0.01));
#9933=CARTESIAN_POINT('',(150.474078435451,-43.4999996423721,0.01));
#9934=CARTESIAN_POINT('',(149.103002108633,-43.4999996423721,0.02));
#9935=CARTESIAN_POINT('',(149.103002108633,-43.4999996423721,0.));
#9936=CARTESIAN_POINT('',(149.103002108633,-43.4999996423721,0.02));
#9937=CARTESIAN_POINT('Ctrl Pts',(152.148704089224,-45.1132327318191,0.));
#9938=CARTESIAN_POINT('Ctrl Pts',(152.148704089224,-45.1132327318191,0.02));
#9939=CARTESIAN_POINT('Ctrl Pts',(152.178396677464,-45.2386249564335,0.));
#9940=CARTESIAN_POINT('Ctrl Pts',(152.178396677464,-45.2386249564335,0.02));
#9941=CARTESIAN_POINT('Ctrl Pts',(152.247614628684,-45.5309333539646,0.));
#9942=CARTESIAN_POINT('Ctrl Pts',(152.247614628684,-45.5309333539646,0.02));
#9943=CARTESIAN_POINT('Ctrl Pts',(152.249784659224,-45.8316771828267,0.));
#9944=CARTESIAN_POINT('Ctrl Pts',(152.249784659224,-45.8316771828267,0.02));
#9945=CARTESIAN_POINT('Ctrl Pts',(152.251023806632,-46.0034102201462,0.));
#9946=CARTESIAN_POINT('Ctrl Pts',(152.251023806632,-46.0034102201462,0.02));
#9947=CARTESIAN_POINT('',(152.148704089224,-45.1132327318191,0.01));
#9948=CARTESIAN_POINT('Ctrl Pts',(152.251023806632,-46.0034102201462,0.01));
#9949=CARTESIAN_POINT('Ctrl Pts',(152.249784659224,-45.8316771828267,0.01));
#9950=CARTESIAN_POINT('Ctrl Pts',(152.248545511817,-45.6599441455073,0.01));
#9951=CARTESIAN_POINT('Ctrl Pts',(152.22544387728,-45.4909616708755,0.01));
#9952=CARTESIAN_POINT('Ctrl Pts',(152.208089265703,-45.3640171810478,0.01));
#9953=CARTESIAN_POINT('Ctrl Pts',(152.178396677464,-45.2386249564335,0.01));
#9954=CARTESIAN_POINT('Ctrl Pts',(152.148704089224,-45.1132327318191,0.01));
#9955=CARTESIAN_POINT('',(152.148704089224,-45.1132327318191,0.02));
#9956=CARTESIAN_POINT('Ctrl Pts',(152.148704089224,-45.1132327318191,0.02));
#9957=CARTESIAN_POINT('Ctrl Pts',(152.178396677464,-45.2386249564335,0.02));
#9958=CARTESIAN_POINT('Ctrl Pts',(152.247614628684,-45.5309333539646,0.02));
#9959=CARTESIAN_POINT('Ctrl Pts',(152.249784659224,-45.8316771828267,0.02));
#9960=CARTESIAN_POINT('Ctrl Pts',(152.251023806632,-46.0034102201462,0.02));
#9961=CARTESIAN_POINT('',(152.148704089224,-45.1132327318191,0.));
#9962=CARTESIAN_POINT('Ctrl Pts',(151.862210787833,-44.6289217472076,0.));
#9963=CARTESIAN_POINT('Ctrl Pts',(151.862210787833,-44.6289217472076,0.02));
#9964=CARTESIAN_POINT('Ctrl Pts',(151.921153029131,-44.6956358969101,0.));
#9965=CARTESIAN_POINT('Ctrl Pts',(151.921153029131,-44.6956358969101,0.02));
#9966=CARTESIAN_POINT('Ctrl Pts',(152.047405008547,-44.8385350006678,0.));
#9967=CARTESIAN_POINT('Ctrl Pts',(152.047405008547,-44.8385350006678,0.02));
#9968=CARTESIAN_POINT('Ctrl Pts',(152.113478039989,-45.0177085104963,0.));
#9969=CARTESIAN_POINT('Ctrl Pts',(152.113478039989,-45.0177085104963,0.02));
#9970=CARTESIAN_POINT('Ctrl Pts',(152.148704089224,-45.1132327318191,0.));
#9971=CARTESIAN_POINT('Ctrl Pts',(152.148704089224,-45.1132327318191,0.02));
#9972=CARTESIAN_POINT('',(151.862210787833,-44.6289217472076,0.01));
#9973=CARTESIAN_POINT('Ctrl Pts',(152.148704089224,-45.1132327318191,0.01));
#9974=CARTESIAN_POINT('Ctrl Pts',(152.113478039989,-45.0177085104963,0.01));
#9975=CARTESIAN_POINT('Ctrl Pts',(152.078251990753,-44.9221842891734,0.01));
#9976=CARTESIAN_POINT('Ctrl Pts',(152.025920905173,-44.8369705677032,0.01));
#9977=CARTESIAN_POINT('Ctrl Pts',(151.980095270429,-44.7623500466126,0.01));
#9978=CARTESIAN_POINT('Ctrl Pts',(151.921153029131,-44.6956358969101,0.01));
#9979=CARTESIAN_POINT('Ctrl Pts',(151.862210787833,-44.6289217472076,0.01));
#9980=CARTESIAN_POINT('',(151.862210787833,-44.6289217472076,0.02));
#9981=CARTESIAN_POINT('Ctrl Pts',(151.862210787833,-44.6289217472076,0.02));
#9982=CARTESIAN_POINT('Ctrl Pts',(151.921153029131,-44.6956358969101,0.02));
#9983=CARTESIAN_POINT('Ctrl Pts',(152.047405008547,-44.8385350006678,0.02));
#9984=CARTESIAN_POINT('Ctrl Pts',(152.113478039989,-45.0177085104963,0.02));
#9985=CARTESIAN_POINT('Ctrl Pts',(152.148704089224,-45.1132327318191,0.02));
#9986=CARTESIAN_POINT('',(151.862210787833,-44.6289217472076,0.));
#9987=CARTESIAN_POINT('Ctrl Pts',(151.394953288138,-44.3935877084732,0.));
#9988=CARTESIAN_POINT('Ctrl Pts',(151.394953288138,-44.3935877084732,0.02));
#9989=CARTESIAN_POINT('Ctrl Pts',(151.484017155771,-44.4176534056141,0.));
#9990=CARTESIAN_POINT('Ctrl Pts',(151.484017155771,-44.4176534056141,0.02));
#9991=CARTESIAN_POINT('Ctrl Pts',(151.656061821723,-44.4641411108482,0.));
#9992=CARTESIAN_POINT('Ctrl Pts',(151.656061821723,-44.4641411108482,0.02));
#9993=CARTESIAN_POINT('Ctrl Pts',(151.795133541922,-44.5753050278272,0.));
#9994=CARTESIAN_POINT('Ctrl Pts',(151.795133541922,-44.5753050278272,0.02));
#9995=CARTESIAN_POINT('Ctrl Pts',(151.862210787833,-44.6289217472076,0.));
#9996=CARTESIAN_POINT('Ctrl Pts',(151.862210787833,-44.6289217472076,0.02));
#9997=CARTESIAN_POINT('',(151.394953288138,-44.3935877084732,0.01));
#9998=CARTESIAN_POINT('Ctrl Pts',(151.862210787833,-44.6289217472076,0.01));
#9999=CARTESIAN_POINT('Ctrl Pts',(151.795133541922,-44.5753050278272,0.01));
#10000=CARTESIAN_POINT('Ctrl Pts',(151.72805629601,-44.5216883084468,0.01));
#10001=CARTESIAN_POINT('Ctrl Pts',(151.653308428824,-44.4831174612045,0.01));
#10002=CARTESIAN_POINT('Ctrl Pts',(151.573081023403,-44.441719102755,0.01));
#10003=CARTESIAN_POINT('Ctrl Pts',(151.484017155771,-44.4176534056141,0.01));
#10004=CARTESIAN_POINT('Ctrl Pts',(151.394953288138,-44.3935877084732,0.01));
#10005=CARTESIAN_POINT('',(151.394953288138,-44.3935877084732,0.02));
#10006=CARTESIAN_POINT('Ctrl Pts',(151.394953288138,-44.3935877084732,0.02));
#10007=CARTESIAN_POINT('Ctrl Pts',(151.484017155771,-44.4176534056141,0.02));
#10008=CARTESIAN_POINT('Ctrl Pts',(151.656061821723,-44.4641411108482,0.02));
#10009=CARTESIAN_POINT('Ctrl Pts',(151.795133541922,-44.5753050278272,0.02));
#10010=CARTESIAN_POINT('Ctrl Pts',(151.862210787833,-44.6289217472076,0.02));
#10011=CARTESIAN_POINT('',(151.394953288138,-44.3935877084732,0.));
#10012=CARTESIAN_POINT('Ctrl Pts',(150.566167391837,-44.3458384275436,0.));
#10013=CARTESIAN_POINT('Ctrl Pts',(150.566167391837,-44.3458384275436,0.02));
#10014=CARTESIAN_POINT('Ctrl Pts',(150.738451638294,-44.3449814104985,0.));
#10015=CARTESIAN_POINT('Ctrl Pts',(150.738451638294,-44.3449814104985,0.02));
#10016=CARTESIAN_POINT('Ctrl Pts',(151.015900985839,-44.3436012563352,0.));
#10017=CARTESIAN_POINT('Ctrl Pts',(151.015900985839,-44.3436012563352,0.02));
#10018=CARTESIAN_POINT('Ctrl Pts',(151.29076727574,-44.3798484722501,0.));
#10019=CARTESIAN_POINT('Ctrl Pts',(151.29076727574,-44.3798484722501,0.02));
#10020=CARTESIAN_POINT('Ctrl Pts',(151.394953288138,-44.3935877084732,0.));
#10021=CARTESIAN_POINT('Ctrl Pts',(151.394953288138,-44.3935877084732,0.02));
#10022=CARTESIAN_POINT('',(150.566167391837,-44.3458384275436,0.01));
#10023=CARTESIAN_POINT('Ctrl Pts',(151.394953288138,-44.3935877084732,0.01));
#10024=CARTESIAN_POINT('Ctrl Pts',(151.29076727574,-44.3798484722501,0.01));
#10025=CARTESIAN_POINT('Ctrl Pts',(151.186581263342,-44.3661092360271,0.01));
#10026=CARTESIAN_POINT('Ctrl Pts',(151.082024134695,-44.3577760457993,0.01));
#10027=CARTESIAN_POINT('Ctrl Pts',(150.910735884751,-44.3441243934533,0.01));
#10028=CARTESIAN_POINT('Ctrl Pts',(150.738451638294,-44.3449814104985,0.01));
#10029=CARTESIAN_POINT('Ctrl Pts',(150.566167391837,-44.3458384275436,0.01));
#10030=CARTESIAN_POINT('',(150.566167391837,-44.3458384275436,0.02));
#10031=CARTESIAN_POINT('Ctrl Pts',(150.566167391837,-44.3458384275436,0.02));
#10032=CARTESIAN_POINT('Ctrl Pts',(150.738451638294,-44.3449814104985,0.02));
#10033=CARTESIAN_POINT('Ctrl Pts',(151.015900985839,-44.3436012563352,0.02));
#10034=CARTESIAN_POINT('Ctrl Pts',(151.29076727574,-44.3798484722501,0.02));
#10035=CARTESIAN_POINT('Ctrl Pts',(151.394953288138,-44.3935877084732,0.02));
#10036=CARTESIAN_POINT('',(150.566167391837,-44.3458384275436,0.));
#10037=CARTESIAN_POINT('Origin',(150.112552203238,-44.3458384275436,0.));
#10038=CARTESIAN_POINT('',(150.056276101619,-44.3458384275436,0.01));
#10039=CARTESIAN_POINT('',(150.566167391837,-44.3458384275436,0.02));
#10040=CARTESIAN_POINT('Ctrl Pts',(152.605728663504,-47.9952245950699,0.));
#10041=CARTESIAN_POINT('Ctrl Pts',(152.605728663504,-47.9952245950699,0.02));
#10042=CARTESIAN_POINT('Ctrl Pts',(152.716277474944,-47.8702110670919,0.));
#10043=CARTESIAN_POINT('Ctrl Pts',(152.716277474944,-47.8702110670919,0.02));
#10044=CARTESIAN_POINT('Ctrl Pts',(152.947856077811,-47.6083316513696,0.));
#10045=CARTESIAN_POINT('Ctrl Pts',(152.947856077811,-47.6083316513696,0.02));
#10046=CARTESIAN_POINT('Ctrl Pts',(153.074836433127,-47.2822754319312,0.));
#10047=CARTESIAN_POINT('Ctrl Pts',(153.074836433127,-47.2822754319312,0.02));
#10048=CARTESIAN_POINT('Ctrl Pts',(153.141200102866,-47.1118688583374,0.));
#10049=CARTESIAN_POINT('Ctrl Pts',(153.141200102866,-47.1118688583374,0.02));
#10050=CARTESIAN_POINT('',(152.605728663504,-47.9952245950699,0.01));
#10051=CARTESIAN_POINT('Ctrl Pts',(153.141200102866,-47.1118688583374,0.01));
#10052=CARTESIAN_POINT('Ctrl Pts',(153.074836433127,-47.2822754319312,0.01));
#10053=CARTESIAN_POINT('Ctrl Pts',(153.008472763388,-47.4526820055251,0.01));
#10054=CARTESIAN_POINT('Ctrl Pts',(152.913538970053,-47.6055592298508,0.01));
#10055=CARTESIAN_POINT('Ctrl Pts',(152.826826286384,-47.745197539114,0.01));
#10056=CARTESIAN_POINT('Ctrl Pts',(152.716277474944,-47.8702110670919,0.01));
#10057=CARTESIAN_POINT('Ctrl Pts',(152.605728663504,-47.9952245950699,0.01));
#10058=CARTESIAN_POINT('',(152.605728663504,-47.9952245950699,0.02));
#10059=CARTESIAN_POINT('Ctrl Pts',(152.605728663504,-47.9952245950699,0.02));
#10060=CARTESIAN_POINT('Ctrl Pts',(152.716277474944,-47.8702110670919,0.02));
#10061=CARTESIAN_POINT('Ctrl Pts',(152.947856077811,-47.6083316513696,0.02));
#10062=CARTESIAN_POINT('Ctrl Pts',(153.074836433127,-47.2822754319312,0.02));
#10063=CARTESIAN_POINT('Ctrl Pts',(153.141200102866,-47.1118688583374,0.02));
#10064=CARTESIAN_POINT('',(152.605728663504,-47.9952245950699,0.));
#10065=CARTESIAN_POINT('Ctrl Pts',(151.896314181387,-48.3942699432373,0.));
#10066=CARTESIAN_POINT('Ctrl Pts',(151.896314181387,-48.3942699432373,0.02));
#10067=CARTESIAN_POINT('Ctrl Pts',(152.034329646576,-48.3448840090117,0.));
#10068=CARTESIAN_POINT('Ctrl Pts',(152.034329646576,-48.3448840090117,0.02));
#10069=CARTESIAN_POINT('Ctrl Pts',(152.293791941732,-48.2520408785334,0.));
#10070=CARTESIAN_POINT('Ctrl Pts',(152.293791941732,-48.2520408785334,0.02));
#10071=CARTESIAN_POINT('Ctrl Pts',(152.506272589835,-48.0771063916807,0.));
#10072=CARTESIAN_POINT('Ctrl Pts',(152.506272589835,-48.0771063916807,0.02));
#10073=CARTESIAN_POINT('Ctrl Pts',(152.605728663504,-47.9952245950699,0.));
#10074=CARTESIAN_POINT('Ctrl Pts',(152.605728663504,-47.9952245950699,0.02));
#10075=CARTESIAN_POINT('',(151.896314181387,-48.3942699432373,0.01));
#10076=CARTESIAN_POINT('Ctrl Pts',(152.605728663504,-47.9952245950699,0.01));
#10077=CARTESIAN_POINT('Ctrl Pts',(152.506272589835,-48.0771063916807,0.01));
#10078=CARTESIAN_POINT('Ctrl Pts',(152.406816516165,-48.1589881882915,0.01));
#10079=CARTESIAN_POINT('Ctrl Pts',(152.297067202628,-48.2228845357895,0.01));
#10080=CARTESIAN_POINT('Ctrl Pts',(152.172345111765,-48.2954980747862,0.01));
#10081=CARTESIAN_POINT('Ctrl Pts',(152.034329646576,-48.3448840090117,0.01));
#10082=CARTESIAN_POINT('Ctrl Pts',(151.896314181387,-48.3942699432373,0.01));
#10083=CARTESIAN_POINT('',(151.896314181387,-48.3942699432373,0.02));
#10084=CARTESIAN_POINT('Ctrl Pts',(151.896314181387,-48.3942699432373,0.02));
#10085=CARTESIAN_POINT('Ctrl Pts',(152.034329646576,-48.3448840090117,0.02));
#10086=CARTESIAN_POINT('Ctrl Pts',(152.293791941732,-48.2520408785334,0.02));
#10087=CARTESIAN_POINT('Ctrl Pts',(152.506272589835,-48.0771063916807,0.02));
#10088=CARTESIAN_POINT('Ctrl Pts',(152.605728663504,-47.9952245950699,0.02));
#10089=CARTESIAN_POINT('',(151.896314181387,-48.3942699432373,0.));
#10090=CARTESIAN_POINT('Ctrl Pts',(151.002728499472,-48.4999996423721,0.));
#10091=CARTESIAN_POINT('Ctrl Pts',(151.002728499472,-48.4999996423721,0.02));
#10092=CARTESIAN_POINT('Ctrl Pts',(151.17129080332,-48.4980578038865,0.));
#10093=CARTESIAN_POINT('Ctrl Pts',(151.17129080332,-48.4980578038865,0.02));
#10094=CARTESIAN_POINT('Ctrl Pts',(151.473189799606,-48.4945799261145,0.));
#10095=CARTESIAN_POINT('Ctrl Pts',(151.473189799606,-48.4945799261145,0.02));
#10096=CARTESIAN_POINT('Ctrl Pts',(151.766687850141,-48.4250004225659,0.));
#10097=CARTESIAN_POINT('Ctrl Pts',(151.766687850141,-48.4250004225659,0.02));
#10098=CARTESIAN_POINT('Ctrl Pts',(151.896314181387,-48.3942699432373,0.));
#10099=CARTESIAN_POINT('Ctrl Pts',(151.896314181387,-48.3942699432373,0.02));
#10100=CARTESIAN_POINT('',(151.002728499472,-48.4999996423721,0.01));
#10101=CARTESIAN_POINT('Ctrl Pts',(151.896314181387,-48.3942699432373,0.01));
#10102=CARTESIAN_POINT('Ctrl Pts',(151.766687850141,-48.4250004225659,0.01));
#10103=CARTESIAN_POINT('Ctrl Pts',(151.637061518894,-48.4557309018946,0.01));
#10104=CARTESIAN_POINT('Ctrl Pts',(151.505796469748,-48.4735673666,0.01));
#10105=CARTESIAN_POINT('Ctrl Pts',(151.339853107167,-48.4961159654009,0.01));
#10106=CARTESIAN_POINT('Ctrl Pts',(151.17129080332,-48.4980578038865,0.01));
#10107=CARTESIAN_POINT('Ctrl Pts',(151.002728499472,-48.4999996423721,0.01));
#10108=CARTESIAN_POINT('',(151.002728499472,-48.4999996423721,0.02));
#10109=CARTESIAN_POINT('Ctrl Pts',(151.002728499472,-48.4999996423721,0.02));
#10110=CARTESIAN_POINT('Ctrl Pts',(151.17129080332,-48.4980578038865,0.02));
#10111=CARTESIAN_POINT('Ctrl Pts',(151.473189799606,-48.4945799261145,0.02));
#10112=CARTESIAN_POINT('Ctrl Pts',(151.766687850141,-48.4250004225659,0.02));
#10113=CARTESIAN_POINT('Ctrl Pts',(151.896314181387,-48.3942699432373,0.02));
#10114=CARTESIAN_POINT('',(151.002728499472,-48.4999996423721,0.));
#10115=CARTESIAN_POINT('Origin',(149.103002108633,-48.4999996423721,0.));
#10116=CARTESIAN_POINT('',(149.103002108633,-48.4999996423721,0.01));
#10117=CARTESIAN_POINT('',(149.551501054317,-48.4999996423721,0.01));
#10118=CARTESIAN_POINT('',(149.103002108633,-48.4999996423721,0.02));
#10119=CARTESIAN_POINT('',(151.002728499472,-48.4999996423721,0.02));
#10120=CARTESIAN_POINT('',(149.103002108633,-48.4999996423721,0.));
#10121=CARTESIAN_POINT('Origin',(149.103002108633,-43.4999996423721,0.));
#10122=CARTESIAN_POINT('',(149.103002108633,-44.7499998211861,0.01));
#10123=CARTESIAN_POINT('',(149.103002108633,-48.4999996423721,0.02));
#10124=CARTESIAN_POINT('Origin',(149.999998964369,-45.9999999403953,0.02));
#10125=CARTESIAN_POINT('Origin',(150.,-46.,0.01));
#10126=CARTESIAN_POINT('',(148.570942439139,-48.4999996423721,0.01));
#10127=CARTESIAN_POINT('',(147.472714938223,-48.4999996423721,0.01));
#10128=CARTESIAN_POINT('',(148.736357469112,-48.4999996423721,0.01));
#10129=CARTESIAN_POINT('',(147.036151446402,-47.3642557859421,0.01));
#10130=CARTESIAN_POINT('',(146.998475656606,-47.2662401533972,0.01));
#10131=CARTESIAN_POINT('',(145.037517108023,-47.3642557859421,0.01));
#10132=CARTESIAN_POINT('',(147.518758554012,-47.3642557859421,0.01));
#10133=CARTESIAN_POINT('',(144.624828852713,-48.4999996423721,0.01));
#10134=CARTESIAN_POINT('',(145.339521170863,-46.5331217408751,0.01));
#10135=CARTESIAN_POINT('',(143.553888358176,-48.4999996423721,0.01));
#10136=CARTESIAN_POINT('',(146.776944179088,-48.4999996423721,0.01));
#10137=CARTESIAN_POINT('',(145.501364029944,-43.4999996423721,0.01));
#10138=CARTESIAN_POINT('',(145.374914344653,-43.8246498732422,0.01));
#10139=CARTESIAN_POINT('',(146.568893946707,-43.4999996423721,0.01));
#10140=CARTESIAN_POINT('',(148.284446973354,-43.4999996423721,0.01));
#10141=CARTESIAN_POINT('',(148.238318251825,-47.6692900252696,0.01));
#10142=CARTESIAN_POINT('',(134.36220959574,-48.4999996423721,0.01));
#10143=CARTESIAN_POINT('',(134.36220959574,-43.4999996423721,0.01));
#10144=CARTESIAN_POINT('',(134.36220959574,-44.7499998211861,0.01));
#10145=CARTESIAN_POINT('',(135.371759690344,-43.4999996423721,0.01));
#10146=CARTESIAN_POINT('',(142.685879845172,-43.4999996423721,0.01));
#10147=CARTESIAN_POINT('',(135.371759690344,-45.4679399728775,0.01));
#10148=CARTESIAN_POINT('',(135.371759690344,-45.7339699864387,0.01));
#10149=CARTESIAN_POINT('',(137.349931754172,-45.4679399728775,0.01));
#10150=CARTESIAN_POINT('',(143.674965877086,-45.4679399728775,0.01));
#10151=CARTESIAN_POINT('',(137.349931754172,-43.4999996423721,0.01));
#10152=CARTESIAN_POINT('',(137.349931754172,-44.7499998211861,0.01));
#10153=CARTESIAN_POINT('',(138.359481848776,-43.4999996423721,0.01));
#10154=CARTESIAN_POINT('',(144.179740924388,-43.4999996423721,0.01));
#10155=CARTESIAN_POINT('',(138.359481848776,-48.4999996423721,0.01));
#10156=CARTESIAN_POINT('',(138.359481848776,-47.2499998211861,0.01));
#10157=CARTESIAN_POINT('',(137.349931754172,-48.4999996423721,0.01));
#10158=CARTESIAN_POINT('',(143.674965877086,-48.4999996423721,0.01));
#10159=CARTESIAN_POINT('',(137.349931754172,-46.313778758049,0.01));
#10160=CARTESIAN_POINT('',(137.349931754172,-46.1568893790245,0.01));
#10161=CARTESIAN_POINT('',(135.371759690344,-46.313778758049,0.01));
#10162=CARTESIAN_POINT('',(142.685879845172,-46.313778758049,0.01));
#10163=CARTESIAN_POINT('',(135.371759690344,-48.4999996423721,0.01));
#10164=CARTESIAN_POINT('',(135.371759690344,-47.2499998211861,0.01));
#10165=CARTESIAN_POINT('',(142.18110479787,-48.4999996423721,0.01));
#10166=CARTESIAN_POINT('Origin',(145.347885645926,-46.5218275785446,0.));
#10167=CARTESIAN_POINT('',(146.023191966116,-44.6664386987686,0.01));
#10168=CARTESIAN_POINT('',(145.347885645926,-46.5218275785446,0.01));
#10169=CARTESIAN_POINT('',(145.703838718429,-45.5438545421641,0.01));
#10170=CARTESIAN_POINT('',(146.023191966116,-44.6664386987686,0.02));
#10171=CARTESIAN_POINT('',(146.023191966116,-44.6664386987686,0.));
#10172=CARTESIAN_POINT('',(145.347885645926,-46.5218275785446,0.02));
#10173=CARTESIAN_POINT('',(146.023191966116,-44.6664386987686,0.02));
#10174=CARTESIAN_POINT('',(145.347885645926,-46.5218275785446,0.));
#10175=CARTESIAN_POINT('Origin',(146.023191966116,-44.6664386987686,0.));
#10176=CARTESIAN_POINT('',(146.712140597403,-46.5218275785446,0.01));
#10177=CARTESIAN_POINT('',(146.481723076864,-45.9012964011839,0.01));
#10178=CARTESIAN_POINT('',(146.712140597403,-46.5218275785446,0.02));
#10179=CARTESIAN_POINT('',(146.712140597403,-46.5218275785446,0.));
#10180=CARTESIAN_POINT('',(146.712140597403,-46.5218275785446,0.02));
#10181=CARTESIAN_POINT('Origin',(144.624828852713,-48.4999996423721,0.));
#10182=CARTESIAN_POINT('',(145.037517108023,-47.3642557859421,0.02));
#10183=CARTESIAN_POINT('',(145.037517108023,-47.3642557859421,0.));
#10184=CARTESIAN_POINT('',(144.624828852713,-48.4999996423721,0.02));
#10185=CARTESIAN_POINT('',(145.037517108023,-47.3642557859421,0.02));
#10186=CARTESIAN_POINT('',(144.624828852713,-48.4999996423721,0.));
#10187=CARTESIAN_POINT('Origin',(145.037517108023,-47.3642557859421,0.));
#10188=CARTESIAN_POINT('',(147.036151446402,-47.3642557859421,0.02));
#10189=CARTESIAN_POINT('',(147.036151446402,-47.3642557859421,0.));
#10190=CARTESIAN_POINT('',(147.036151446402,-47.3642557859421,0.02));
#10191=CARTESIAN_POINT('Origin',(147.036151446402,-47.3642557859421,0.));
#10192=CARTESIAN_POINT('',(147.472714938223,-48.4999996423721,0.02));
#10193=CARTESIAN_POINT('',(147.472714938223,-48.4999996423721,0.));
#10194=CARTESIAN_POINT('',(147.472714938223,-48.4999996423721,0.02));
#10195=CARTESIAN_POINT('Origin',(147.472714938223,-48.4999996423721,0.));
#10196=CARTESIAN_POINT('',(148.570942439139,-48.4999996423721,0.02));
#10197=CARTESIAN_POINT('',(148.570942439139,-48.4999996423721,0.));
#10198=CARTESIAN_POINT('',(148.570942439139,-48.4999996423721,0.02));
#10199=CARTESIAN_POINT('Origin',(146.712140597403,-46.5218275785446,0.));
#10200=CARTESIAN_POINT('',(148.356070298701,-46.5218275785446,0.01));
#10201=CARTESIAN_POINT('',(145.347885645926,-46.5218275785446,0.02));
#10202=CARTESIAN_POINT('Origin',(143.553888358176,-48.4999996423721,0.));
#10203=CARTESIAN_POINT('',(143.553888358176,-48.4999996423721,0.02));
#10204=CARTESIAN_POINT('',(144.624828852713,-48.4999996423721,0.02));
#10205=CARTESIAN_POINT('',(143.553888358176,-48.4999996423721,0.));
#10206=CARTESIAN_POINT('Origin',(145.501364029944,-43.4999996423721,0.));
#10207=CARTESIAN_POINT('',(145.501364029944,-43.4999996423721,0.02));
#10208=CARTESIAN_POINT('',(143.553888358176,-48.4999996423721,0.02));
#10209=CARTESIAN_POINT('',(145.501364029944,-43.4999996423721,0.));
#10210=CARTESIAN_POINT('Origin',(146.568893946707,-43.4999996423721,0.));
#10211=CARTESIAN_POINT('',(146.568893946707,-43.4999996423721,0.02));
#10212=CARTESIAN_POINT('',(145.501364029944,-43.4999996423721,0.02));
#10213=CARTESIAN_POINT('',(146.568893946707,-43.4999996423721,0.));
#10214=CARTESIAN_POINT('Origin',(148.570942439139,-48.4999996423721,0.));
#10215=CARTESIAN_POINT('',(146.568893946707,-43.4999996423721,0.02));
#10216=CARTESIAN_POINT('Origin',(149.999998964369,-45.9999999403953,0.02));
#10217=CARTESIAN_POINT('Origin',(150.,-46.,0.01));
#10218=CARTESIAN_POINT('Origin',(138.359481848776,-43.4999996423721,0.));
#10219=CARTESIAN_POINT('',(137.349931754172,-43.4999996423721,0.02));
#10220=CARTESIAN_POINT('',(137.349931754172,-43.4999996423721,0.));
#10221=CARTESIAN_POINT('',(138.359481848776,-43.4999996423721,0.02));
#10222=CARTESIAN_POINT('',(137.349931754172,-43.4999996423721,0.02));
#10223=CARTESIAN_POINT('',(138.359481848776,-43.4999996423721,0.));
#10224=CARTESIAN_POINT('Origin',(137.349931754172,-43.4999996423721,0.));
#10225=CARTESIAN_POINT('',(137.349931754172,-45.4679399728775,0.02));
#10226=CARTESIAN_POINT('',(137.349931754172,-45.4679399728775,0.));
#10227=CARTESIAN_POINT('',(137.349931754172,-45.4679399728775,0.02));
#10228=CARTESIAN_POINT('Origin',(137.349931754172,-45.4679399728775,0.));
#10229=CARTESIAN_POINT('',(135.371759690344,-45.4679399728775,0.02));
#10230=CARTESIAN_POINT('',(135.371759690344,-45.4679399728775,0.));
#10231=CARTESIAN_POINT('',(135.371759690344,-45.4679399728775,0.02));
#10232=CARTESIAN_POINT('Origin',(135.371759690344,-45.4679399728775,0.));
#10233=CARTESIAN_POINT('',(135.371759690344,-43.4999996423721,0.02));
#10234=CARTESIAN_POINT('',(135.371759690344,-43.4999996423721,0.));
#10235=CARTESIAN_POINT('',(135.371759690344,-43.4999996423721,0.02));
#10236=CARTESIAN_POINT('Origin',(135.371759690344,-43.4999996423721,0.));
#10237=CARTESIAN_POINT('',(134.36220959574,-43.4999996423721,0.02));
#10238=CARTESIAN_POINT('',(134.36220959574,-43.4999996423721,0.));
#10239=CARTESIAN_POINT('',(134.36220959574,-43.4999996423721,0.02));
#10240=CARTESIAN_POINT('Origin',(134.36220959574,-43.4999996423721,0.));
#10241=CARTESIAN_POINT('',(134.36220959574,-48.4999996423721,0.02));
#10242=CARTESIAN_POINT('',(134.36220959574,-48.4999996423721,0.));
#10243=CARTESIAN_POINT('',(134.36220959574,-48.4999996423721,0.02));
#10244=CARTESIAN_POINT('Origin',(138.359481848776,-48.4999996423721,0.));
#10245=CARTESIAN_POINT('',(138.359481848776,-48.4999996423721,0.02));
#10246=CARTESIAN_POINT('',(138.359481848776,-43.4999996423721,0.02));
#10247=CARTESIAN_POINT('',(138.359481848776,-48.4999996423721,0.));
#10248=CARTESIAN_POINT('Origin',(137.349931754172,-48.4999996423721,0.));
#10249=CARTESIAN_POINT('',(137.349931754172,-48.4999996423721,0.02));
#10250=CARTESIAN_POINT('',(138.359481848776,-48.4999996423721,0.02));
#10251=CARTESIAN_POINT('',(137.349931754172,-48.4999996423721,0.));
#10252=CARTESIAN_POINT('Origin',(137.349931754172,-46.313778758049,0.));
#10253=CARTESIAN_POINT('',(137.349931754172,-46.313778758049,0.02));
#10254=CARTESIAN_POINT('',(137.349931754172,-48.4999996423721,0.02));
#10255=CARTESIAN_POINT('',(137.349931754172,-46.313778758049,0.));
#10256=CARTESIAN_POINT('Origin',(135.371759690344,-46.313778758049,0.));
#10257=CARTESIAN_POINT('',(135.371759690344,-46.313778758049,0.02));
#10258=CARTESIAN_POINT('',(137.349931754172,-46.313778758049,0.02));
#10259=CARTESIAN_POINT('',(135.371759690344,-46.313778758049,0.));
#10260=CARTESIAN_POINT('Origin',(135.371759690344,-48.4999996423721,0.));
#10261=CARTESIAN_POINT('',(135.371759690344,-48.4999996423721,0.02));
#10262=CARTESIAN_POINT('',(135.371759690344,-46.313778758049,0.02));
#10263=CARTESIAN_POINT('',(135.371759690344,-48.4999996423721,0.));
#10264=CARTESIAN_POINT('Origin',(134.36220959574,-48.4999996423721,0.));
#10265=CARTESIAN_POINT('',(135.371759690344,-48.4999996423721,0.02));
#10266=CARTESIAN_POINT('Origin',(149.999998964369,-45.9999999403953,0.02));
#10267=CARTESIAN_POINT('Origin',(150.,-46.,0.01));
#10268=CARTESIAN_POINT('Origin',(150.,-46.,0.));
#10269=UNCERTAINTY_MEASURE_WITH_UNIT(LENGTH_MEASURE(0.01),#10273,
'DISTANCE_ACCURACY_VALUE',
'Maximum model space distance between geometric entities at asserted c
onnectivities');
#10270=UNCERTAINTY_MEASURE_WITH_UNIT(LENGTH_MEASURE(0.01),#10273,
'DISTANCE_ACCURACY_VALUE',
'Maximum model space distance between geometric entities at asserted c
onnectivities');
#10271=(
GEOMETRIC_REPRESENTATION_CONTEXT(3)
GLOBAL_UNCERTAINTY_ASSIGNED_CONTEXT((#10269))
GLOBAL_UNIT_ASSIGNED_CONTEXT((#10273,#10275,#10276))
REPRESENTATION_CONTEXT('','3D')
);
#10272=(
GEOMETRIC_REPRESENTATION_CONTEXT(3)
GLOBAL_UNCERTAINTY_ASSIGNED_CONTEXT((#10270))
GLOBAL_UNIT_ASSIGNED_CONTEXT((#10273,#10275,#10276))
REPRESENTATION_CONTEXT('','3D')
);
#10273=(
LENGTH_UNIT()
NAMED_UNIT(*)
SI_UNIT(.MILLI.,.METRE.)
);
#10274=(
LENGTH_UNIT()
NAMED_UNIT(*)
SI_UNIT($,.METRE.)
);
#10275=(
NAMED_UNIT(*)
PLANE_ANGLE_UNIT()
SI_UNIT($,.RADIAN.)
);
#10276=(
NAMED_UNIT(*)
SI_UNIT($,.STERADIAN.)
SOLID_ANGLE_UNIT()
);
#10277=SHAPE_DEFINITION_REPRESENTATION(#10278,#10279);
#10278=PRODUCT_DEFINITION_SHAPE('',$,#10281);
#10279=SHAPE_REPRESENTATION('',(#5714),#10271);
#10280=PRODUCT_DEFINITION_CONTEXT('part definition',#10285,'design');
#10281=PRODUCT_DEFINITION('G-Plate','G-Plate v2',#10282,#10280);
#10282=PRODUCT_DEFINITION_FORMATION('',$,#10287);
#10283=PRODUCT_RELATED_PRODUCT_CATEGORY('G-Plate v2','G-Plate v2',(#10287));
#10284=APPLICATION_PROTOCOL_DEFINITION('international standard',
'automotive_design',2009,#10285);
#10285=APPLICATION_CONTEXT(
'Core Data for Automotive Mechanical Design Process');
#10286=PRODUCT_CONTEXT('part definition',#10285,'mechanical');
#10287=PRODUCT('G-Plate','G-Plate v2',$,(#10286));
#10288=PRESENTATION_STYLE_ASSIGNMENT((#10294));
#10289=PRESENTATION_STYLE_ASSIGNMENT((#10295));
#10290=PRESENTATION_STYLE_ASSIGNMENT((#10296));
#10291=PRESENTATION_STYLE_ASSIGNMENT((#10297));
#10292=PRESENTATION_STYLE_ASSIGNMENT((#10298));
#10293=PRESENTATION_STYLE_ASSIGNMENT((#10299));
#10294=SURFACE_STYLE_USAGE(.BOTH.,#10300);
#10295=SURFACE_STYLE_USAGE(.BOTH.,#10301);
#10296=SURFACE_STYLE_USAGE(.BOTH.,#10302);
#10297=SURFACE_STYLE_USAGE(.BOTH.,#10303);
#10298=SURFACE_STYLE_USAGE(.BOTH.,#10304);
#10299=SURFACE_STYLE_USAGE(.BOTH.,#10305);
#10300=SURFACE_SIDE_STYLE('',(#10306));
#10301=SURFACE_SIDE_STYLE('',(#10307));
#10302=SURFACE_SIDE_STYLE('',(#10308));
#10303=SURFACE_SIDE_STYLE('',(#10309));
#10304=SURFACE_SIDE_STYLE('',(#10310));
#10305=SURFACE_SIDE_STYLE('',(#10311));
#10306=SURFACE_STYLE_FILL_AREA(#10312);
#10307=SURFACE_STYLE_FILL_AREA(#10313);
#10308=SURFACE_STYLE_FILL_AREA(#10314);
#10309=SURFACE_STYLE_FILL_AREA(#10315);
#10310=SURFACE_STYLE_FILL_AREA(#10316);
#10311=SURFACE_STYLE_FILL_AREA(#10317);
#10312=FILL_AREA_STYLE('Steel - Satin',(#10318));
#10313=FILL_AREA_STYLE('Plastic - Matte (Black) (1)',(#10319));
#10314=FILL_AREA_STYLE('Plastic - Matte (Black)',(#10320));
#10315=FILL_AREA_STYLE('Plastic - Translucent Glossy (Amber)',(#10321));
#10316=FILL_AREA_STYLE('Plastic - Matte (Blue)',(#10322));
#10317=FILL_AREA_STYLE('Plastic - Glossy (White)',(#10323));
#10318=FILL_AREA_STYLE_COLOUR('Steel - Satin',#10324);
#10319=FILL_AREA_STYLE_COLOUR('Plastic - Matte (Black) (1)',#10325);
#10320=FILL_AREA_STYLE_COLOUR('Plastic - Matte (Black)',#10326);
#10321=FILL_AREA_STYLE_COLOUR('Plastic - Translucent Glossy (Amber)',#10327);
#10322=FILL_AREA_STYLE_COLOUR('Plastic - Matte (Blue)',#10328);
#10323=FILL_AREA_STYLE_COLOUR('Plastic - Glossy (White)',#10329);
#10324=COLOUR_RGB('Steel - Satin',0.627450980392157,0.627450980392157,0.627450980392157);
#10325=COLOUR_RGB('Plastic - Matte (Black) (1)',0.47843137254902,0.474509803921569,
0.474509803921569);
#10326=COLOUR_RGB('Plastic - Matte (Black)',0.0980392156862745,0.0980392156862745,
0.0980392156862745);
#10327=COLOUR_RGB('Plastic - Translucent Glossy (Amber)',0.913725490196078,
0.733333333333333,0.133333333333333);
#10328=COLOUR_RGB('Plastic - Matte (Blue)',0.149019607843137,0.584313725490196,
0.96078431372549);
#10329=COLOUR_RGB('Plastic - Glossy (White)',1.,1.,1.);
ENDSEC;
END-ISO-10303-21;
