ISO-10303-21;
HEADER;
/* Generated by software containing ST-Developer
 * from STEP Tools, Inc. (www.steptools.com) 
 */

FILE_DESCRIPTION(
/* description */ (''),
/* implementation_level */ '2;1');

FILE_NAME(
/* name */ 
'C:/Users/anton/Documents/Kerbal Space Program/Kerbal_Control_Panel/KC
P2/CAD/STEPs/ModuleH_v29.step',
/* time_stamp */ '2020-11-12T08:03:51-08:00',
/* author */ (''),
/* organization */ (''),
/* preprocessor_version */ 'ST-DEVELOPER v18.1',
/* originating_system */ 'Autodesk Translation Framework v9.3.0.1241',
/* authorisation */ '');

FILE_SCHEMA (('AUTOMOTIVE_DESIGN { 1 0 10303 214 3 1 1 }'));
ENDSEC;

DATA;
#10=MECHANICAL_DESIGN_GEOMETRIC_PRESENTATION_REPRESENTATION('',(#13),#2193);
#11=SHAPE_REPRESENTATION_RELATIONSHIP('SRR','None',#2200,#12);
#12=ADVANCED_BREP_SHAPE_REPRESENTATION('',(#14),#2192);
#13=STYLED_ITEM('',(#2210),#14);
#14=MANIFOLD_SOLID_BREP('Plate',#1309);
#15=(
BOUNDED_CURVE()
B_SPLINE_CURVE(2,(#1962,#1963,#1964),.UNSPECIFIED.,.F.,.F.)
B_SPLINE_CURVE_WITH_KNOTS((3,3),(0.,0.194422190140264),.UNSPECIFIED.)
CURVE()
GEOMETRIC_REPRESENTATION_ITEM()
RATIONAL_B_SPLINE_CURVE((1.,1.04999998335979,1.))
REPRESENTATION_ITEM('')
);
#16=(
BOUNDED_CURVE()
B_SPLINE_CURVE(2,(#1968,#1969,#1970),.UNSPECIFIED.,.F.,.F.)
B_SPLINE_CURVE_WITH_KNOTS((3,3),(0.,0.194422251764265),.UNSPECIFIED.)
CURVE()
GEOMETRIC_REPRESENTATION_ITEM()
RATIONAL_B_SPLINE_CURVE((1.,1.05000001664055,1.))
REPRESENTATION_ITEM('')
);
#17=(
BOUNDED_CURVE()
B_SPLINE_CURVE(2,(#1976,#1977,#1978),.UNSPECIFIED.,.F.,.F.)
B_SPLINE_CURVE_WITH_KNOTS((3,3),(0.,0.19442219014021),.UNSPECIFIED.)
CURVE()
GEOMETRIC_REPRESENTATION_ITEM()
RATIONAL_B_SPLINE_CURVE((1.,1.04999998335965,1.))
REPRESENTATION_ITEM('')
);
#18=(
BOUNDED_CURVE()
B_SPLINE_CURVE(2,(#1982,#1983,#1984),.UNSPECIFIED.,.F.,.F.)
B_SPLINE_CURVE_WITH_KNOTS((3,3),(0.,0.194422251764311),.UNSPECIFIED.)
CURVE()
GEOMETRIC_REPRESENTATION_ITEM()
RATIONAL_B_SPLINE_CURVE((1.,1.05000001664049,1.))
REPRESENTATION_ITEM('')
);
#19=(
BOUNDED_CURVE()
B_SPLINE_CURVE(2,(#1990,#1991,#1992),.UNSPECIFIED.,.F.,.F.)
B_SPLINE_CURVE_WITH_KNOTS((3,3),(0.,0.19442219014021),.UNSPECIFIED.)
CURVE()
GEOMETRIC_REPRESENTATION_ITEM()
RATIONAL_B_SPLINE_CURVE((1.,1.04999998335957,1.))
REPRESENTATION_ITEM('')
);
#20=(
BOUNDED_CURVE()
B_SPLINE_CURVE(2,(#1993,#1994,#1995),.UNSPECIFIED.,.F.,.F.)
B_SPLINE_CURVE_WITH_KNOTS((3,3),(0.,0.194422251764311),.UNSPECIFIED.)
CURVE()
GEOMETRIC_REPRESENTATION_ITEM()
RATIONAL_B_SPLINE_CURVE((1.,1.0500000166404,1.))
REPRESENTATION_ITEM('')
);
#21=(
BOUNDED_CURVE()
B_SPLINE_CURVE(2,(#2004,#2005,#2006),.UNSPECIFIED.,.F.,.F.)
B_SPLINE_CURVE_WITH_KNOTS((3,3),(0.,0.194422190140159),.UNSPECIFIED.)
CURVE()
GEOMETRIC_REPRESENTATION_ITEM()
RATIONAL_B_SPLINE_CURVE((1.,1.0499999833593,1.))
REPRESENTATION_ITEM('')
);
#22=(
BOUNDED_CURVE()
B_SPLINE_CURVE(2,(#2007,#2008,#2009),.UNSPECIFIED.,.F.,.F.)
B_SPLINE_CURVE_WITH_KNOTS((3,3),(0.,0.194422251764368),.UNSPECIFIED.)
CURVE()
GEOMETRIC_REPRESENTATION_ITEM()
RATIONAL_B_SPLINE_CURVE((1.,1.05000001664059,1.))
REPRESENTATION_ITEM('')
);
#23=CONICAL_SURFACE('',#1362,2.425,0.785398163397448);
#24=CONICAL_SURFACE('',#1366,2.425,0.785398163397448);
#25=CONICAL_SURFACE('',#1370,2.425,0.785398163397448);
#26=CONICAL_SURFACE('',#1374,2.425,0.785398163397448);
#27=CONICAL_SURFACE('',#1380,2.425,0.785398163397448);
#28=CONICAL_SURFACE('',#1384,2.425,0.785398163397448);
#29=CONICAL_SURFACE('',#1388,2.425,0.785398163397448);
#30=CONICAL_SURFACE('',#1392,2.425,0.785398163397448);
#31=FACE_BOUND('',#147,.T.);
#32=FACE_BOUND('',#148,.T.);
#33=FACE_BOUND('',#149,.T.);
#34=FACE_BOUND('',#150,.T.);
#35=FACE_BOUND('',#151,.T.);
#36=FACE_BOUND('',#152,.T.);
#37=FACE_BOUND('',#153,.T.);
#38=FACE_BOUND('',#212,.T.);
#39=FACE_BOUND('',#213,.T.);
#40=FACE_BOUND('',#214,.T.);
#41=FACE_BOUND('',#215,.T.);
#42=FACE_BOUND('',#216,.T.);
#43=FACE_BOUND('',#217,.T.);
#44=FACE_BOUND('',#218,.T.);
#45=FACE_BOUND('',#219,.T.);
#46=FACE_BOUND('',#220,.T.);
#47=FACE_BOUND('',#221,.T.);
#48=FACE_BOUND('',#222,.T.);
#49=FACE_BOUND('',#223,.T.);
#50=FACE_BOUND('',#224,.T.);
#51=FACE_BOUND('',#225,.T.);
#52=FACE_BOUND('',#226,.T.);
#53=PLANE('',#1326);
#54=PLANE('',#1354);
#55=PLANE('',#1359);
#56=PLANE('',#1378);
#57=PLANE('',#1379);
#58=PLANE('',#1396);
#59=PLANE('',#1397);
#60=PLANE('',#1398);
#61=PLANE('',#1399);
#62=PLANE('',#1408);
#63=PLANE('',#1417);
#64=PLANE('',#1418);
#65=PLANE('',#1419);
#66=PLANE('',#1420);
#67=PLANE('',#1421);
#68=PLANE('',#1422);
#69=PLANE('',#1423);
#70=PLANE('',#1424);
#71=PLANE('',#1425);
#72=PLANE('',#1426);
#73=PLANE('',#1427);
#74=PLANE('',#1428);
#75=PLANE('',#1429);
#76=PLANE('',#1430);
#77=PLANE('',#1431);
#78=PLANE('',#1432);
#79=PLANE('',#1433);
#80=PLANE('',#1434);
#81=PLANE('',#1435);
#82=PLANE('',#1436);
#83=PLANE('',#1437);
#84=PLANE('',#1438);
#85=FACE_OUTER_BOUND('',#145,.T.);
#86=FACE_OUTER_BOUND('',#146,.T.);
#87=FACE_OUTER_BOUND('',#154,.T.);
#88=FACE_OUTER_BOUND('',#155,.T.);
#89=FACE_OUTER_BOUND('',#156,.T.);
#90=FACE_OUTER_BOUND('',#157,.T.);
#91=FACE_OUTER_BOUND('',#158,.T.);
#92=FACE_OUTER_BOUND('',#159,.T.);
#93=FACE_OUTER_BOUND('',#160,.T.);
#94=FACE_OUTER_BOUND('',#161,.T.);
#95=FACE_OUTER_BOUND('',#162,.T.);
#96=FACE_OUTER_BOUND('',#163,.T.);
#97=FACE_OUTER_BOUND('',#164,.T.);
#98=FACE_OUTER_BOUND('',#165,.T.);
#99=FACE_OUTER_BOUND('',#166,.T.);
#100=FACE_OUTER_BOUND('',#167,.T.);
#101=FACE_OUTER_BOUND('',#168,.T.);
#102=FACE_OUTER_BOUND('',#169,.T.);
#103=FACE_OUTER_BOUND('',#170,.T.);
#104=FACE_OUTER_BOUND('',#171,.T.);
#105=FACE_OUTER_BOUND('',#172,.T.);
#106=FACE_OUTER_BOUND('',#173,.T.);
#107=FACE_OUTER_BOUND('',#174,.T.);
#108=FACE_OUTER_BOUND('',#175,.T.);
#109=FACE_OUTER_BOUND('',#176,.T.);
#110=FACE_OUTER_BOUND('',#177,.T.);
#111=FACE_OUTER_BOUND('',#178,.T.);
#112=FACE_OUTER_BOUND('',#179,.T.);
#113=FACE_OUTER_BOUND('',#180,.T.);
#114=FACE_OUTER_BOUND('',#181,.T.);
#115=FACE_OUTER_BOUND('',#182,.T.);
#116=FACE_OUTER_BOUND('',#183,.T.);
#117=FACE_OUTER_BOUND('',#184,.T.);
#118=FACE_OUTER_BOUND('',#185,.T.);
#119=FACE_OUTER_BOUND('',#186,.T.);
#120=FACE_OUTER_BOUND('',#187,.T.);
#121=FACE_OUTER_BOUND('',#188,.T.);
#122=FACE_OUTER_BOUND('',#189,.T.);
#123=FACE_OUTER_BOUND('',#190,.T.);
#124=FACE_OUTER_BOUND('',#191,.T.);
#125=FACE_OUTER_BOUND('',#192,.T.);
#126=FACE_OUTER_BOUND('',#193,.T.);
#127=FACE_OUTER_BOUND('',#194,.T.);
#128=FACE_OUTER_BOUND('',#195,.T.);
#129=FACE_OUTER_BOUND('',#196,.T.);
#130=FACE_OUTER_BOUND('',#197,.T.);
#131=FACE_OUTER_BOUND('',#198,.T.);
#132=FACE_OUTER_BOUND('',#199,.T.);
#133=FACE_OUTER_BOUND('',#200,.T.);
#134=FACE_OUTER_BOUND('',#201,.T.);
#135=FACE_OUTER_BOUND('',#202,.T.);
#136=FACE_OUTER_BOUND('',#203,.T.);
#137=FACE_OUTER_BOUND('',#204,.T.);
#138=FACE_OUTER_BOUND('',#205,.T.);
#139=FACE_OUTER_BOUND('',#206,.T.);
#140=FACE_OUTER_BOUND('',#207,.T.);
#141=FACE_OUTER_BOUND('',#208,.T.);
#142=FACE_OUTER_BOUND('',#209,.T.);
#143=FACE_OUTER_BOUND('',#210,.T.);
#144=FACE_OUTER_BOUND('',#211,.T.);
#145=EDGE_LOOP('',(#849,#850,#851,#852));
#146=EDGE_LOOP('',(#853,#854,#855,#856,#857,#858,#859,#860));
#147=EDGE_LOOP('',(#861,#862,#863,#864,#865,#866,#867,#868,#869,#870,#871,
#872,#873,#874,#875,#876,#877,#878,#879,#880,#881,#882));
#148=EDGE_LOOP('',(#883,#884,#885,#886,#887,#888,#889,#890,#891,#892,#893,
#894,#895,#896,#897,#898,#899,#900,#901,#902,#903,#904));
#149=EDGE_LOOP('',(#905));
#150=EDGE_LOOP('',(#906));
#151=EDGE_LOOP('',(#907));
#152=EDGE_LOOP('',(#908));
#153=EDGE_LOOP('',(#909,#910,#911,#912,#913,#914,#915,#916,#917,#918));
#154=EDGE_LOOP('',(#919,#920,#921,#922));
#155=EDGE_LOOP('',(#923,#924,#925,#926));
#156=EDGE_LOOP('',(#927,#928,#929,#930));
#157=EDGE_LOOP('',(#931,#932,#933,#934));
#158=EDGE_LOOP('',(#935,#936,#937,#938));
#159=EDGE_LOOP('',(#939,#940,#941,#942,#943,#944,#945,#946));
#160=EDGE_LOOP('',(#947,#948,#949,#950));
#161=EDGE_LOOP('',(#951,#952,#953,#954,#955,#956,#957,#958));
#162=EDGE_LOOP('',(#959,#960,#961,#962));
#163=EDGE_LOOP('',(#963,#964,#965,#966,#967,#968,#969,#970));
#164=EDGE_LOOP('',(#971,#972,#973,#974));
#165=EDGE_LOOP('',(#975,#976,#977,#978,#979,#980,#981,#982));
#166=EDGE_LOOP('',(#983,#984,#985,#986));
#167=EDGE_LOOP('',(#987,#988,#989,#990,#991,#992));
#168=EDGE_LOOP('',(#993,#994,#995,#996,#997,#998));
#169=EDGE_LOOP('',(#999,#1000,#1001,#1002));
#170=EDGE_LOOP('',(#1003,#1004,#1005,#1006));
#171=EDGE_LOOP('',(#1007,#1008,#1009,#1010));
#172=EDGE_LOOP('',(#1011,#1012,#1013,#1014));
#173=EDGE_LOOP('',(#1015,#1016,#1017,#1018));
#174=EDGE_LOOP('',(#1019,#1020,#1021,#1022));
#175=EDGE_LOOP('',(#1023,#1024,#1025,#1026));
#176=EDGE_LOOP('',(#1027,#1028,#1029,#1030));
#177=EDGE_LOOP('',(#1031,#1032,#1033,#1034,#1035,#1036));
#178=EDGE_LOOP('',(#1037,#1038,#1039,#1040));
#179=EDGE_LOOP('',(#1041,#1042,#1043,#1044));
#180=EDGE_LOOP('',(#1045,#1046,#1047,#1048));
#181=EDGE_LOOP('',(#1049,#1050,#1051,#1052));
#182=EDGE_LOOP('',(#1053,#1054,#1055,#1056));
#183=EDGE_LOOP('',(#1057,#1058,#1059,#1060));
#184=EDGE_LOOP('',(#1061,#1062,#1063,#1064));
#185=EDGE_LOOP('',(#1065,#1066,#1067,#1068));
#186=EDGE_LOOP('',(#1069,#1070,#1071,#1072));
#187=EDGE_LOOP('',(#1073,#1074,#1075,#1076));
#188=EDGE_LOOP('',(#1077,#1078,#1079,#1080));
#189=EDGE_LOOP('',(#1081,#1082,#1083,#1084));
#190=EDGE_LOOP('',(#1085,#1086,#1087,#1088,#1089,#1090));
#191=EDGE_LOOP('',(#1091,#1092,#1093,#1094));
#192=EDGE_LOOP('',(#1095,#1096,#1097,#1098));
#193=EDGE_LOOP('',(#1099,#1100,#1101,#1102));
#194=EDGE_LOOP('',(#1103,#1104,#1105,#1106,#1107,#1108));
#195=EDGE_LOOP('',(#1109,#1110,#1111,#1112));
#196=EDGE_LOOP('',(#1113,#1114,#1115,#1116));
#197=EDGE_LOOP('',(#1117,#1118,#1119,#1120,#1121,#1122));
#198=EDGE_LOOP('',(#1123,#1124,#1125,#1126));
#199=EDGE_LOOP('',(#1127,#1128,#1129,#1130));
#200=EDGE_LOOP('',(#1131,#1132,#1133,#1134));
#201=EDGE_LOOP('',(#1135,#1136,#1137,#1138));
#202=EDGE_LOOP('',(#1139,#1140,#1141,#1142));
#203=EDGE_LOOP('',(#1143,#1144,#1145,#1146));
#204=EDGE_LOOP('',(#1147,#1148,#1149,#1150,#1151,#1152));
#205=EDGE_LOOP('',(#1153,#1154,#1155,#1156));
#206=EDGE_LOOP('',(#1157,#1158,#1159,#1160));
#207=EDGE_LOOP('',(#1161,#1162,#1163,#1164));
#208=EDGE_LOOP('',(#1165,#1166,#1167,#1168,#1169,#1170));
#209=EDGE_LOOP('',(#1171,#1172,#1173,#1174));
#210=EDGE_LOOP('',(#1175,#1176,#1177,#1178));
#211=EDGE_LOOP('',(#1179,#1180,#1181,#1182,#1183,#1184,#1185,#1186));
#212=EDGE_LOOP('',(#1187));
#213=EDGE_LOOP('',(#1188));
#214=EDGE_LOOP('',(#1189));
#215=EDGE_LOOP('',(#1190));
#216=EDGE_LOOP('',(#1191));
#217=EDGE_LOOP('',(#1192));
#218=EDGE_LOOP('',(#1193));
#219=EDGE_LOOP('',(#1194));
#220=EDGE_LOOP('',(#1195,#1196,#1197,#1198));
#221=EDGE_LOOP('',(#1199,#1200,#1201,#1202));
#222=EDGE_LOOP('',(#1203,#1204,#1205,#1206));
#223=EDGE_LOOP('',(#1207,#1208,#1209,#1210));
#224=EDGE_LOOP('',(#1211,#1212,#1213,#1214));
#225=EDGE_LOOP('',(#1215,#1216,#1217,#1218,#1219,#1220,#1221,#1222,#1223,
#1224));
#226=EDGE_LOOP('',(#1225,#1226,#1227,#1228));
#227=LINE('',#1805,#353);
#228=LINE('',#1808,#354);
#229=LINE('',#1811,#355);
#230=LINE('',#1815,#356);
#231=LINE('',#1819,#357);
#232=LINE('',#1822,#358);
#233=LINE('',#1827,#359);
#234=LINE('',#1829,#360);
#235=LINE('',#1831,#361);
#236=LINE('',#1833,#362);
#237=LINE('',#1835,#363);
#238=LINE('',#1841,#364);
#239=LINE('',#1843,#365);
#240=LINE('',#1845,#366);
#241=LINE('',#1851,#367);
#242=LINE('',#1853,#368);
#243=LINE('',#1855,#369);
#244=LINE('',#1857,#370);
#245=LINE('',#1859,#371);
#246=LINE('',#1863,#372);
#247=LINE('',#1865,#373);
#248=LINE('',#1866,#374);
#249=LINE('',#1871,#375);
#250=LINE('',#1873,#376);
#251=LINE('',#1875,#377);
#252=LINE('',#1877,#378);
#253=LINE('',#1879,#379);
#254=LINE('',#1885,#380);
#255=LINE('',#1887,#381);
#256=LINE('',#1889,#382);
#257=LINE('',#1895,#383);
#258=LINE('',#1897,#384);
#259=LINE('',#1899,#385);
#260=LINE('',#1901,#386);
#261=LINE('',#1903,#387);
#262=LINE('',#1907,#388);
#263=LINE('',#1909,#389);
#264=LINE('',#1910,#390);
#265=LINE('',#1923,#391);
#266=LINE('',#1933,#392);
#267=LINE('',#1941,#393);
#268=LINE('',#1942,#394);
#269=LINE('',#1946,#395);
#270=LINE('',#1951,#396);
#271=LINE('',#1952,#397);
#272=LINE('',#1955,#398);
#273=LINE('',#1956,#399);
#274=LINE('',#1960,#400);
#275=LINE('',#1966,#401);
#276=LINE('',#1973,#402);
#277=LINE('',#1980,#403);
#278=LINE('',#1987,#404);
#279=LINE('',#1997,#405);
#280=LINE('',#2001,#406);
#281=LINE('',#2011,#407);
#282=LINE('',#2015,#408);
#283=LINE('',#2019,#409);
#284=LINE('',#2021,#410);
#285=LINE('',#2022,#411);
#286=LINE('',#2025,#412);
#287=LINE('',#2027,#413);
#288=LINE('',#2028,#414);
#289=LINE('',#2031,#415);
#290=LINE('',#2035,#416);
#291=LINE('',#2039,#417);
#292=LINE('',#2043,#418);
#293=LINE('',#2047,#419);
#294=LINE('',#2051,#420);
#295=LINE('',#2055,#421);
#296=LINE('',#2059,#422);
#297=LINE('',#2063,#423);
#298=LINE('',#2065,#424);
#299=LINE('',#2066,#425);
#300=LINE('',#2068,#426);
#301=LINE('',#2070,#427);
#302=LINE('',#2073,#428);
#303=LINE('',#2075,#429);
#304=LINE('',#2076,#430);
#305=LINE('',#2080,#431);
#306=LINE('',#2084,#432);
#307=LINE('',#2088,#433);
#308=LINE('',#2092,#434);
#309=LINE('',#2095,#435);
#310=LINE('',#2096,#436);
#311=LINE('',#2100,#437);
#312=LINE('',#2104,#438);
#313=LINE('',#2108,#439);
#314=LINE('',#2113,#440);
#315=LINE('',#2115,#441);
#316=LINE('',#2116,#442);
#317=LINE('',#2118,#443);
#318=LINE('',#2120,#444);
#319=LINE('',#2123,#445);
#320=LINE('',#2125,#446);
#321=LINE('',#2126,#447);
#322=LINE('',#2129,#448);
#323=LINE('',#2130,#449);
#324=LINE('',#2133,#450);
#325=LINE('',#2134,#451);
#326=LINE('',#2136,#452);
#327=LINE('',#2139,#453);
#328=LINE('',#2141,#454);
#329=LINE('',#2142,#455);
#330=LINE('',#2145,#456);
#331=LINE('',#2146,#457);
#332=LINE('',#2149,#458);
#333=LINE('',#2150,#459);
#334=LINE('',#2152,#460);
#335=LINE('',#2155,#461);
#336=LINE('',#2157,#462);
#337=LINE('',#2158,#463);
#338=LINE('',#2161,#464);
#339=LINE('',#2162,#465);
#340=LINE('',#2165,#466);
#341=LINE('',#2166,#467);
#342=LINE('',#2168,#468);
#343=LINE('',#2171,#469);
#344=LINE('',#2173,#470);
#345=LINE('',#2174,#471);
#346=LINE('',#2177,#472);
#347=LINE('',#2178,#473);
#348=LINE('',#2181,#474);
#349=LINE('',#2182,#475);
#350=LINE('',#2184,#476);
#351=LINE('',#2186,#477);
#352=LINE('',#2188,#478);
#353=VECTOR('',#1445,10.);
#354=VECTOR('',#1448,10.);
#355=VECTOR('',#1451,10.);
#356=VECTOR('',#1454,10.);
#357=VECTOR('',#1457,10.);
#358=VECTOR('',#1460,10.);
#359=VECTOR('',#1463,10.);
#360=VECTOR('',#1464,10.);
#361=VECTOR('',#1465,10.);
#362=VECTOR('',#1466,10.);
#363=VECTOR('',#1467,10.);
#364=VECTOR('',#1472,10.);
#365=VECTOR('',#1473,10.);
#366=VECTOR('',#1474,10.);
#367=VECTOR('',#1479,10.);
#368=VECTOR('',#1480,10.);
#369=VECTOR('',#1481,10.);
#370=VECTOR('',#1482,10.);
#371=VECTOR('',#1483,10.);
#372=VECTOR('',#1486,10.);
#373=VECTOR('',#1487,10.);
#374=VECTOR('',#1488,10.);
#375=VECTOR('',#1491,10.);
#376=VECTOR('',#1492,10.);
#377=VECTOR('',#1493,10.);
#378=VECTOR('',#1494,10.);
#379=VECTOR('',#1495,10.);
#380=VECTOR('',#1500,10.);
#381=VECTOR('',#1501,10.);
#382=VECTOR('',#1502,10.);
#383=VECTOR('',#1507,10.);
#384=VECTOR('',#1508,10.);
#385=VECTOR('',#1509,10.);
#386=VECTOR('',#1510,10.);
#387=VECTOR('',#1511,10.);
#388=VECTOR('',#1514,10.);
#389=VECTOR('',#1515,10.);
#390=VECTOR('',#1516,10.);
#391=VECTOR('',#1527,10.);
#392=VECTOR('',#1536,10.);
#393=VECTOR('',#1545,10.);
#394=VECTOR('',#1546,10.);
#395=VECTOR('',#1551,10.);
#396=VECTOR('',#1556,10.);
#397=VECTOR('',#1557,10.);
#398=VECTOR('',#1560,10.);
#399=VECTOR('',#1561,10.);
#400=VECTOR('',#1566,10.);
#401=VECTOR('',#1569,2.425);
#402=VECTOR('',#1574,1.7);
#403=VECTOR('',#1579,2.425);
#404=VECTOR('',#1584,1.7);
#405=VECTOR('',#1589,2.425);
#406=VECTOR('',#1594,1.7);
#407=VECTOR('',#1599,2.425);
#408=VECTOR('',#1604,1.7);
#409=VECTOR('',#1609,10.);
#410=VECTOR('',#1610,10.);
#411=VECTOR('',#1611,10.);
#412=VECTOR('',#1614,10.);
#413=VECTOR('',#1615,10.);
#414=VECTOR('',#1616,10.);
#415=VECTOR('',#1619,2.425);
#416=VECTOR('',#1624,1.7);
#417=VECTOR('',#1629,2.425);
#418=VECTOR('',#1634,1.7);
#419=VECTOR('',#1639,2.425);
#420=VECTOR('',#1644,1.7);
#421=VECTOR('',#1649,2.425);
#422=VECTOR('',#1654,1.7);
#423=VECTOR('',#1659,10.);
#424=VECTOR('',#1660,10.);
#425=VECTOR('',#1661,10.);
#426=VECTOR('',#1664,10.);
#427=VECTOR('',#1667,10.);
#428=VECTOR('',#1670,10.);
#429=VECTOR('',#1671,10.);
#430=VECTOR('',#1672,10.);
#431=VECTOR('',#1677,10.);
#432=VECTOR('',#1682,10.);
#433=VECTOR('',#1687,10.);
#434=VECTOR('',#1692,10.);
#435=VECTOR('',#1695,10.);
#436=VECTOR('',#1696,10.);
#437=VECTOR('',#1701,10.);
#438=VECTOR('',#1706,10.);
#439=VECTOR('',#1711,10.);
#440=VECTOR('',#1718,10.);
#441=VECTOR('',#1719,10.);
#442=VECTOR('',#1720,10.);
#443=VECTOR('',#1723,10.);
#444=VECTOR('',#1726,10.);
#445=VECTOR('',#1729,10.);
#446=VECTOR('',#1730,10.);
#447=VECTOR('',#1731,10.);
#448=VECTOR('',#1734,10.);
#449=VECTOR('',#1735,10.);
#450=VECTOR('',#1738,10.);
#451=VECTOR('',#1739,10.);
#452=VECTOR('',#1742,10.);
#453=VECTOR('',#1745,10.);
#454=VECTOR('',#1746,10.);
#455=VECTOR('',#1747,10.);
#456=VECTOR('',#1750,10.);
#457=VECTOR('',#1751,10.);
#458=VECTOR('',#1754,10.);
#459=VECTOR('',#1755,10.);
#460=VECTOR('',#1758,10.);
#461=VECTOR('',#1761,10.);
#462=VECTOR('',#1762,10.);
#463=VECTOR('',#1763,10.);
#464=VECTOR('',#1766,10.);
#465=VECTOR('',#1767,10.);
#466=VECTOR('',#1770,10.);
#467=VECTOR('',#1771,10.);
#468=VECTOR('',#1774,10.);
#469=VECTOR('',#1777,10.);
#470=VECTOR('',#1778,10.);
#471=VECTOR('',#1779,10.);
#472=VECTOR('',#1782,10.);
#473=VECTOR('',#1783,10.);
#474=VECTOR('',#1786,10.);
#475=VECTOR('',#1787,10.);
#476=VECTOR('',#1790,10.);
#477=VECTOR('',#1793,10.);
#478=VECTOR('',#1796,10.);
#479=CIRCLE('',#1324,4.);
#480=CIRCLE('',#1325,4.);
#481=CIRCLE('',#1327,4.);
#482=CIRCLE('',#1328,4.);
#483=CIRCLE('',#1329,4.);
#484=CIRCLE('',#1330,3.15);
#485=CIRCLE('',#1331,3.15);
#486=CIRCLE('',#1332,3.15);
#487=CIRCLE('',#1333,3.15);
#488=CIRCLE('',#1334,3.15);
#489=CIRCLE('',#1335,3.15);
#490=CIRCLE('',#1336,3.15);
#491=CIRCLE('',#1337,3.15);
#492=CIRCLE('',#1338,3.15);
#493=CIRCLE('',#1339,3.15);
#494=CIRCLE('',#1340,3.15);
#495=CIRCLE('',#1341,3.15);
#496=CIRCLE('',#1342,3.15);
#497=CIRCLE('',#1343,3.15);
#498=CIRCLE('',#1344,3.15);
#499=CIRCLE('',#1345,3.15);
#500=CIRCLE('',#1346,6.00000001494315);
#501=CIRCLE('',#1347,6.00000002036284);
#502=CIRCLE('',#1348,1407.49999993336);
#503=CIRCLE('',#1349,1407.49999993337);
#504=CIRCLE('',#1350,6.00000001488034);
#505=CIRCLE('',#1351,6.0000000203824);
#506=CIRCLE('',#1352,1407.49999993403);
#507=CIRCLE('',#1353,1407.49999992859);
#508=CIRCLE('',#1356,4.);
#509=CIRCLE('',#1358,4.);
#510=CIRCLE('',#1361,4.);
#511=CIRCLE('',#1363,1.7);
#512=CIRCLE('',#1365,1.7);
#513=CIRCLE('',#1367,1.7);
#514=CIRCLE('',#1369,1.7);
#515=CIRCLE('',#1371,1.7);
#516=CIRCLE('',#1373,1.7);
#517=CIRCLE('',#1375,1.7);
#518=CIRCLE('',#1377,1.7);
#519=CIRCLE('',#1381,1.7);
#520=CIRCLE('',#1383,1.7);
#521=CIRCLE('',#1385,1.7);
#522=CIRCLE('',#1387,1.7);
#523=CIRCLE('',#1389,1.7);
#524=CIRCLE('',#1391,1.7);
#525=CIRCLE('',#1393,1.7);
#526=CIRCLE('',#1395,1.7);
#527=CIRCLE('',#1401,6.00000002036284);
#528=CIRCLE('',#1403,1407.49999993336);
#529=CIRCLE('',#1405,1407.49999993337);
#530=CIRCLE('',#1407,6.00000001488034);
#531=CIRCLE('',#1410,6.0000000203824);
#532=CIRCLE('',#1412,1407.49999993403);
#533=CIRCLE('',#1414,1407.49999992859);
#534=CIRCLE('',#1416,6.00000001494315);
#535=VERTEX_POINT('',#1801);
#536=VERTEX_POINT('',#1802);
#537=VERTEX_POINT('',#1804);
#538=VERTEX_POINT('',#1806);
#539=VERTEX_POINT('',#1810);
#540=VERTEX_POINT('',#1812);
#541=VERTEX_POINT('',#1814);
#542=VERTEX_POINT('',#1816);
#543=VERTEX_POINT('',#1818);
#544=VERTEX_POINT('',#1820);
#545=VERTEX_POINT('',#1823);
#546=VERTEX_POINT('',#1824);
#547=VERTEX_POINT('',#1826);
#548=VERTEX_POINT('',#1828);
#549=VERTEX_POINT('',#1830);
#550=VERTEX_POINT('',#1832);
#551=VERTEX_POINT('',#1834);
#552=VERTEX_POINT('',#1836);
#553=VERTEX_POINT('',#1838);
#554=VERTEX_POINT('',#1840);
#555=VERTEX_POINT('',#1842);
#556=VERTEX_POINT('',#1844);
#557=VERTEX_POINT('',#1846);
#558=VERTEX_POINT('',#1848);
#559=VERTEX_POINT('',#1850);
#560=VERTEX_POINT('',#1852);
#561=VERTEX_POINT('',#1854);
#562=VERTEX_POINT('',#1856);
#563=VERTEX_POINT('',#1858);
#564=VERTEX_POINT('',#1860);
#565=VERTEX_POINT('',#1862);
#566=VERTEX_POINT('',#1864);
#567=VERTEX_POINT('',#1867);
#568=VERTEX_POINT('',#1868);
#569=VERTEX_POINT('',#1870);
#570=VERTEX_POINT('',#1872);
#571=VERTEX_POINT('',#1874);
#572=VERTEX_POINT('',#1876);
#573=VERTEX_POINT('',#1878);
#574=VERTEX_POINT('',#1880);
#575=VERTEX_POINT('',#1882);
#576=VERTEX_POINT('',#1884);
#577=VERTEX_POINT('',#1886);
#578=VERTEX_POINT('',#1888);
#579=VERTEX_POINT('',#1890);
#580=VERTEX_POINT('',#1892);
#581=VERTEX_POINT('',#1894);
#582=VERTEX_POINT('',#1896);
#583=VERTEX_POINT('',#1898);
#584=VERTEX_POINT('',#1900);
#585=VERTEX_POINT('',#1902);
#586=VERTEX_POINT('',#1904);
#587=VERTEX_POINT('',#1906);
#588=VERTEX_POINT('',#1908);
#589=VERTEX_POINT('',#1911);
#590=VERTEX_POINT('',#1913);
#591=VERTEX_POINT('',#1915);
#592=VERTEX_POINT('',#1917);
#593=VERTEX_POINT('',#1919);
#594=VERTEX_POINT('',#1920);
#595=VERTEX_POINT('',#1922);
#596=VERTEX_POINT('',#1924);
#597=VERTEX_POINT('',#1926);
#598=VERTEX_POINT('',#1928);
#599=VERTEX_POINT('',#1930);
#600=VERTEX_POINT('',#1932);
#601=VERTEX_POINT('',#1934);
#602=VERTEX_POINT('',#1936);
#603=VERTEX_POINT('',#1940);
#604=VERTEX_POINT('',#1944);
#605=VERTEX_POINT('',#1948);
#606=VERTEX_POINT('',#1949);
#607=VERTEX_POINT('',#1954);
#608=VERTEX_POINT('',#1958);
#609=VERTEX_POINT('',#1965);
#610=VERTEX_POINT('',#1972);
#611=VERTEX_POINT('',#1979);
#612=VERTEX_POINT('',#1986);
#613=VERTEX_POINT('',#1996);
#614=VERTEX_POINT('',#2000);
#615=VERTEX_POINT('',#2010);
#616=VERTEX_POINT('',#2014);
#617=VERTEX_POINT('',#2018);
#618=VERTEX_POINT('',#2020);
#619=VERTEX_POINT('',#2024);
#620=VERTEX_POINT('',#2026);
#621=VERTEX_POINT('',#2030);
#622=VERTEX_POINT('',#2034);
#623=VERTEX_POINT('',#2038);
#624=VERTEX_POINT('',#2042);
#625=VERTEX_POINT('',#2046);
#626=VERTEX_POINT('',#2050);
#627=VERTEX_POINT('',#2054);
#628=VERTEX_POINT('',#2058);
#629=VERTEX_POINT('',#2062);
#630=VERTEX_POINT('',#2064);
#631=VERTEX_POINT('',#2072);
#632=VERTEX_POINT('',#2074);
#633=VERTEX_POINT('',#2078);
#634=VERTEX_POINT('',#2082);
#635=VERTEX_POINT('',#2086);
#636=VERTEX_POINT('',#2090);
#637=VERTEX_POINT('',#2094);
#638=VERTEX_POINT('',#2098);
#639=VERTEX_POINT('',#2102);
#640=VERTEX_POINT('',#2106);
#641=VERTEX_POINT('',#2112);
#642=VERTEX_POINT('',#2114);
#643=VERTEX_POINT('',#2122);
#644=VERTEX_POINT('',#2124);
#645=VERTEX_POINT('',#2128);
#646=VERTEX_POINT('',#2132);
#647=VERTEX_POINT('',#2138);
#648=VERTEX_POINT('',#2140);
#649=VERTEX_POINT('',#2144);
#650=VERTEX_POINT('',#2148);
#651=VERTEX_POINT('',#2154);
#652=VERTEX_POINT('',#2156);
#653=VERTEX_POINT('',#2160);
#654=VERTEX_POINT('',#2164);
#655=VERTEX_POINT('',#2170);
#656=VERTEX_POINT('',#2172);
#657=VERTEX_POINT('',#2176);
#658=VERTEX_POINT('',#2180);
#659=EDGE_CURVE('',#535,#536,#479,.T.);
#660=EDGE_CURVE('',#536,#537,#227,.T.);
#661=EDGE_CURVE('',#537,#538,#480,.T.);
#662=EDGE_CURVE('',#538,#535,#228,.T.);
#663=EDGE_CURVE('',#539,#537,#229,.T.);
#664=EDGE_CURVE('',#540,#539,#481,.T.);
#665=EDGE_CURVE('',#541,#540,#230,.T.);
#666=EDGE_CURVE('',#542,#541,#482,.T.);
#667=EDGE_CURVE('',#543,#542,#231,.T.);
#668=EDGE_CURVE('',#544,#543,#483,.T.);
#669=EDGE_CURVE('',#538,#544,#232,.T.);
#670=EDGE_CURVE('',#545,#546,#484,.T.);
#671=EDGE_CURVE('',#546,#547,#233,.T.);
#672=EDGE_CURVE('',#547,#548,#234,.T.);
#673=EDGE_CURVE('',#548,#549,#235,.T.);
#674=EDGE_CURVE('',#549,#550,#236,.T.);
#675=EDGE_CURVE('',#550,#551,#237,.T.);
#676=EDGE_CURVE('',#551,#552,#485,.T.);
#677=EDGE_CURVE('',#552,#553,#486,.T.);
#678=EDGE_CURVE('',#553,#554,#238,.T.);
#679=EDGE_CURVE('',#554,#555,#239,.T.);
#680=EDGE_CURVE('',#555,#556,#240,.T.);
#681=EDGE_CURVE('',#556,#557,#487,.T.);
#682=EDGE_CURVE('',#557,#558,#488,.T.);
#683=EDGE_CURVE('',#558,#559,#241,.T.);
#684=EDGE_CURVE('',#559,#560,#242,.T.);
#685=EDGE_CURVE('',#560,#561,#243,.T.);
#686=EDGE_CURVE('',#561,#562,#244,.T.);
#687=EDGE_CURVE('',#562,#563,#245,.T.);
#688=EDGE_CURVE('',#563,#564,#489,.T.);
#689=EDGE_CURVE('',#564,#565,#246,.T.);
#690=EDGE_CURVE('',#565,#566,#247,.T.);
#691=EDGE_CURVE('',#566,#545,#248,.T.);
#692=EDGE_CURVE('',#567,#568,#490,.T.);
#693=EDGE_CURVE('',#568,#569,#249,.T.);
#694=EDGE_CURVE('',#569,#570,#250,.T.);
#695=EDGE_CURVE('',#570,#571,#251,.T.);
#696=EDGE_CURVE('',#571,#572,#252,.T.);
#697=EDGE_CURVE('',#572,#573,#253,.T.);
#698=EDGE_CURVE('',#573,#574,#491,.T.);
#699=EDGE_CURVE('',#574,#575,#492,.T.);
#700=EDGE_CURVE('',#575,#576,#254,.T.);
#701=EDGE_CURVE('',#576,#577,#255,.T.);
#702=EDGE_CURVE('',#577,#578,#256,.T.);
#703=EDGE_CURVE('',#578,#579,#493,.T.);
#704=EDGE_CURVE('',#579,#580,#494,.T.);
#705=EDGE_CURVE('',#580,#581,#257,.T.);
#706=EDGE_CURVE('',#581,#582,#258,.T.);
#707=EDGE_CURVE('',#582,#583,#259,.T.);
#708=EDGE_CURVE('',#583,#584,#260,.T.);
#709=EDGE_CURVE('',#584,#585,#261,.T.);
#710=EDGE_CURVE('',#585,#586,#495,.T.);
#711=EDGE_CURVE('',#586,#587,#262,.T.);
#712=EDGE_CURVE('',#587,#588,#263,.T.);
#713=EDGE_CURVE('',#588,#567,#264,.T.);
#714=EDGE_CURVE('',#589,#589,#496,.T.);
#715=EDGE_CURVE('',#590,#590,#497,.T.);
#716=EDGE_CURVE('',#591,#591,#498,.T.);
#717=EDGE_CURVE('',#592,#592,#499,.T.);
#718=EDGE_CURVE('',#593,#594,#500,.T.);
#719=EDGE_CURVE('',#594,#595,#265,.T.);
#720=EDGE_CURVE('',#595,#596,#501,.T.);
#721=EDGE_CURVE('',#596,#597,#502,.T.);
#722=EDGE_CURVE('',#597,#598,#503,.T.);
#723=EDGE_CURVE('',#598,#599,#504,.T.);
#724=EDGE_CURVE('',#599,#600,#266,.T.);
#725=EDGE_CURVE('',#600,#601,#505,.T.);
#726=EDGE_CURVE('',#601,#602,#506,.T.);
#727=EDGE_CURVE('',#602,#593,#507,.T.);
#728=EDGE_CURVE('',#603,#536,#267,.T.);
#729=EDGE_CURVE('',#539,#603,#268,.T.);
#730=EDGE_CURVE('',#603,#604,#508,.T.);
#731=EDGE_CURVE('',#604,#540,#269,.T.);
#732=EDGE_CURVE('',#605,#606,#509,.T.);
#733=EDGE_CURVE('',#606,#542,#270,.T.);
#734=EDGE_CURVE('',#541,#605,#271,.T.);
#735=EDGE_CURVE('',#607,#606,#272,.T.);
#736=EDGE_CURVE('',#543,#607,#273,.T.);
#737=EDGE_CURVE('',#607,#608,#510,.T.);
#738=EDGE_CURVE('',#608,#544,#274,.T.);
#739=EDGE_CURVE('',#553,#545,#15,.T.);
#740=EDGE_CURVE('',#552,#609,#275,.T.);
#741=EDGE_CURVE('',#609,#609,#511,.T.);
#742=EDGE_CURVE('',#546,#551,#16,.T.);
#743=EDGE_CURVE('',#609,#610,#276,.T.);
#744=EDGE_CURVE('',#610,#610,#512,.T.);
#745=EDGE_CURVE('',#575,#567,#17,.T.);
#746=EDGE_CURVE('',#574,#611,#277,.T.);
#747=EDGE_CURVE('',#611,#611,#513,.T.);
#748=EDGE_CURVE('',#568,#573,#18,.T.);
#749=EDGE_CURVE('',#611,#612,#278,.T.);
#750=EDGE_CURVE('',#612,#612,#514,.T.);
#751=EDGE_CURVE('',#586,#578,#19,.T.);
#752=EDGE_CURVE('',#580,#585,#20,.T.);
#753=EDGE_CURVE('',#579,#613,#279,.T.);
#754=EDGE_CURVE('',#613,#613,#515,.T.);
#755=EDGE_CURVE('',#613,#614,#280,.T.);
#756=EDGE_CURVE('',#614,#614,#516,.T.);
#757=EDGE_CURVE('',#564,#556,#21,.T.);
#758=EDGE_CURVE('',#558,#563,#22,.T.);
#759=EDGE_CURVE('',#557,#615,#281,.T.);
#760=EDGE_CURVE('',#615,#615,#517,.T.);
#761=EDGE_CURVE('',#615,#616,#282,.T.);
#762=EDGE_CURVE('',#616,#616,#518,.T.);
#763=EDGE_CURVE('',#577,#617,#283,.T.);
#764=EDGE_CURVE('',#618,#617,#284,.T.);
#765=EDGE_CURVE('',#587,#618,#285,.T.);
#766=EDGE_CURVE('',#555,#619,#286,.T.);
#767=EDGE_CURVE('',#620,#619,#287,.T.);
#768=EDGE_CURVE('',#565,#620,#288,.T.);
#769=EDGE_CURVE('',#589,#621,#289,.T.);
#770=EDGE_CURVE('',#621,#621,#519,.T.);
#771=EDGE_CURVE('',#621,#622,#290,.T.);
#772=EDGE_CURVE('',#622,#622,#520,.T.);
#773=EDGE_CURVE('',#590,#623,#291,.T.);
#774=EDGE_CURVE('',#623,#623,#521,.T.);
#775=EDGE_CURVE('',#623,#624,#292,.T.);
#776=EDGE_CURVE('',#624,#624,#522,.T.);
#777=EDGE_CURVE('',#591,#625,#293,.T.);
#778=EDGE_CURVE('',#625,#625,#523,.T.);
#779=EDGE_CURVE('',#625,#626,#294,.T.);
#780=EDGE_CURVE('',#626,#626,#524,.T.);
#781=EDGE_CURVE('',#592,#627,#295,.T.);
#782=EDGE_CURVE('',#627,#627,#525,.T.);
#783=EDGE_CURVE('',#627,#628,#296,.T.);
#784=EDGE_CURVE('',#628,#628,#526,.T.);
#785=EDGE_CURVE('',#566,#629,#297,.T.);
#786=EDGE_CURVE('',#630,#629,#298,.T.);
#787=EDGE_CURVE('',#554,#630,#299,.T.);
#788=EDGE_CURVE('',#619,#630,#300,.T.);
#789=EDGE_CURVE('',#629,#620,#301,.T.);
#790=EDGE_CURVE('',#594,#631,#302,.T.);
#791=EDGE_CURVE('',#632,#631,#303,.T.);
#792=EDGE_CURVE('',#595,#632,#304,.T.);
#793=EDGE_CURVE('',#633,#632,#527,.T.);
#794=EDGE_CURVE('',#596,#633,#305,.T.);
#795=EDGE_CURVE('',#634,#633,#528,.T.);
#796=EDGE_CURVE('',#597,#634,#306,.T.);
#797=EDGE_CURVE('',#635,#634,#529,.T.);
#798=EDGE_CURVE('',#598,#635,#307,.T.);
#799=EDGE_CURVE('',#636,#635,#530,.T.);
#800=EDGE_CURVE('',#599,#636,#308,.T.);
#801=EDGE_CURVE('',#637,#636,#309,.T.);
#802=EDGE_CURVE('',#600,#637,#310,.T.);
#803=EDGE_CURVE('',#638,#637,#531,.T.);
#804=EDGE_CURVE('',#601,#638,#311,.T.);
#805=EDGE_CURVE('',#639,#638,#532,.T.);
#806=EDGE_CURVE('',#602,#639,#312,.T.);
#807=EDGE_CURVE('',#640,#639,#533,.T.);
#808=EDGE_CURVE('',#593,#640,#313,.T.);
#809=EDGE_CURVE('',#631,#640,#534,.T.);
#810=EDGE_CURVE('',#588,#641,#314,.T.);
#811=EDGE_CURVE('',#642,#641,#315,.T.);
#812=EDGE_CURVE('',#576,#642,#316,.T.);
#813=EDGE_CURVE('',#617,#642,#317,.T.);
#814=EDGE_CURVE('',#641,#618,#318,.T.);
#815=EDGE_CURVE('',#583,#643,#319,.T.);
#816=EDGE_CURVE('',#644,#643,#320,.T.);
#817=EDGE_CURVE('',#584,#644,#321,.T.);
#818=EDGE_CURVE('',#645,#644,#322,.T.);
#819=EDGE_CURVE('',#581,#645,#323,.T.);
#820=EDGE_CURVE('',#646,#645,#324,.T.);
#821=EDGE_CURVE('',#582,#646,#325,.T.);
#822=EDGE_CURVE('',#643,#646,#326,.T.);
#823=EDGE_CURVE('',#562,#647,#327,.T.);
#824=EDGE_CURVE('',#648,#647,#328,.T.);
#825=EDGE_CURVE('',#559,#648,#329,.T.);
#826=EDGE_CURVE('',#649,#648,#330,.T.);
#827=EDGE_CURVE('',#560,#649,#331,.T.);
#828=EDGE_CURVE('',#650,#649,#332,.T.);
#829=EDGE_CURVE('',#561,#650,#333,.T.);
#830=EDGE_CURVE('',#647,#650,#334,.T.);
#831=EDGE_CURVE('',#547,#651,#335,.T.);
#832=EDGE_CURVE('',#652,#651,#336,.T.);
#833=EDGE_CURVE('',#548,#652,#337,.T.);
#834=EDGE_CURVE('',#653,#652,#338,.T.);
#835=EDGE_CURVE('',#549,#653,#339,.T.);
#836=EDGE_CURVE('',#654,#653,#340,.T.);
#837=EDGE_CURVE('',#550,#654,#341,.T.);
#838=EDGE_CURVE('',#651,#654,#342,.T.);
#839=EDGE_CURVE('',#569,#655,#343,.T.);
#840=EDGE_CURVE('',#656,#655,#344,.T.);
#841=EDGE_CURVE('',#570,#656,#345,.T.);
#842=EDGE_CURVE('',#657,#656,#346,.T.);
#843=EDGE_CURVE('',#571,#657,#347,.T.);
#844=EDGE_CURVE('',#658,#657,#348,.T.);
#845=EDGE_CURVE('',#572,#658,#349,.T.);
#846=EDGE_CURVE('',#655,#658,#350,.T.);
#847=EDGE_CURVE('',#535,#608,#351,.T.);
#848=EDGE_CURVE('',#605,#604,#352,.T.);
#849=ORIENTED_EDGE('',*,*,#659,.T.);
#850=ORIENTED_EDGE('',*,*,#660,.T.);
#851=ORIENTED_EDGE('',*,*,#661,.T.);
#852=ORIENTED_EDGE('',*,*,#662,.T.);
#853=ORIENTED_EDGE('',*,*,#661,.F.);
#854=ORIENTED_EDGE('',*,*,#663,.F.);
#855=ORIENTED_EDGE('',*,*,#664,.F.);
#856=ORIENTED_EDGE('',*,*,#665,.F.);
#857=ORIENTED_EDGE('',*,*,#666,.F.);
#858=ORIENTED_EDGE('',*,*,#667,.F.);
#859=ORIENTED_EDGE('',*,*,#668,.F.);
#860=ORIENTED_EDGE('',*,*,#669,.F.);
#861=ORIENTED_EDGE('',*,*,#670,.T.);
#862=ORIENTED_EDGE('',*,*,#671,.T.);
#863=ORIENTED_EDGE('',*,*,#672,.T.);
#864=ORIENTED_EDGE('',*,*,#673,.T.);
#865=ORIENTED_EDGE('',*,*,#674,.T.);
#866=ORIENTED_EDGE('',*,*,#675,.T.);
#867=ORIENTED_EDGE('',*,*,#676,.T.);
#868=ORIENTED_EDGE('',*,*,#677,.T.);
#869=ORIENTED_EDGE('',*,*,#678,.T.);
#870=ORIENTED_EDGE('',*,*,#679,.T.);
#871=ORIENTED_EDGE('',*,*,#680,.T.);
#872=ORIENTED_EDGE('',*,*,#681,.T.);
#873=ORIENTED_EDGE('',*,*,#682,.T.);
#874=ORIENTED_EDGE('',*,*,#683,.T.);
#875=ORIENTED_EDGE('',*,*,#684,.T.);
#876=ORIENTED_EDGE('',*,*,#685,.T.);
#877=ORIENTED_EDGE('',*,*,#686,.T.);
#878=ORIENTED_EDGE('',*,*,#687,.T.);
#879=ORIENTED_EDGE('',*,*,#688,.T.);
#880=ORIENTED_EDGE('',*,*,#689,.T.);
#881=ORIENTED_EDGE('',*,*,#690,.T.);
#882=ORIENTED_EDGE('',*,*,#691,.T.);
#883=ORIENTED_EDGE('',*,*,#692,.T.);
#884=ORIENTED_EDGE('',*,*,#693,.T.);
#885=ORIENTED_EDGE('',*,*,#694,.T.);
#886=ORIENTED_EDGE('',*,*,#695,.T.);
#887=ORIENTED_EDGE('',*,*,#696,.T.);
#888=ORIENTED_EDGE('',*,*,#697,.T.);
#889=ORIENTED_EDGE('',*,*,#698,.T.);
#890=ORIENTED_EDGE('',*,*,#699,.T.);
#891=ORIENTED_EDGE('',*,*,#700,.T.);
#892=ORIENTED_EDGE('',*,*,#701,.T.);
#893=ORIENTED_EDGE('',*,*,#702,.T.);
#894=ORIENTED_EDGE('',*,*,#703,.T.);
#895=ORIENTED_EDGE('',*,*,#704,.T.);
#896=ORIENTED_EDGE('',*,*,#705,.T.);
#897=ORIENTED_EDGE('',*,*,#706,.T.);
#898=ORIENTED_EDGE('',*,*,#707,.T.);
#899=ORIENTED_EDGE('',*,*,#708,.T.);
#900=ORIENTED_EDGE('',*,*,#709,.T.);
#901=ORIENTED_EDGE('',*,*,#710,.T.);
#902=ORIENTED_EDGE('',*,*,#711,.T.);
#903=ORIENTED_EDGE('',*,*,#712,.T.);
#904=ORIENTED_EDGE('',*,*,#713,.T.);
#905=ORIENTED_EDGE('',*,*,#714,.T.);
#906=ORIENTED_EDGE('',*,*,#715,.T.);
#907=ORIENTED_EDGE('',*,*,#716,.T.);
#908=ORIENTED_EDGE('',*,*,#717,.T.);
#909=ORIENTED_EDGE('',*,*,#718,.T.);
#910=ORIENTED_EDGE('',*,*,#719,.T.);
#911=ORIENTED_EDGE('',*,*,#720,.T.);
#912=ORIENTED_EDGE('',*,*,#721,.T.);
#913=ORIENTED_EDGE('',*,*,#722,.T.);
#914=ORIENTED_EDGE('',*,*,#723,.T.);
#915=ORIENTED_EDGE('',*,*,#724,.T.);
#916=ORIENTED_EDGE('',*,*,#725,.T.);
#917=ORIENTED_EDGE('',*,*,#726,.T.);
#918=ORIENTED_EDGE('',*,*,#727,.T.);
#919=ORIENTED_EDGE('',*,*,#660,.F.);
#920=ORIENTED_EDGE('',*,*,#728,.F.);
#921=ORIENTED_EDGE('',*,*,#729,.F.);
#922=ORIENTED_EDGE('',*,*,#663,.T.);
#923=ORIENTED_EDGE('',*,*,#730,.T.);
#924=ORIENTED_EDGE('',*,*,#731,.T.);
#925=ORIENTED_EDGE('',*,*,#664,.T.);
#926=ORIENTED_EDGE('',*,*,#729,.T.);
#927=ORIENTED_EDGE('',*,*,#732,.T.);
#928=ORIENTED_EDGE('',*,*,#733,.T.);
#929=ORIENTED_EDGE('',*,*,#666,.T.);
#930=ORIENTED_EDGE('',*,*,#734,.T.);
#931=ORIENTED_EDGE('',*,*,#733,.F.);
#932=ORIENTED_EDGE('',*,*,#735,.F.);
#933=ORIENTED_EDGE('',*,*,#736,.F.);
#934=ORIENTED_EDGE('',*,*,#667,.T.);
#935=ORIENTED_EDGE('',*,*,#737,.T.);
#936=ORIENTED_EDGE('',*,*,#738,.T.);
#937=ORIENTED_EDGE('',*,*,#668,.T.);
#938=ORIENTED_EDGE('',*,*,#736,.T.);
#939=ORIENTED_EDGE('',*,*,#739,.F.);
#940=ORIENTED_EDGE('',*,*,#677,.F.);
#941=ORIENTED_EDGE('',*,*,#740,.T.);
#942=ORIENTED_EDGE('',*,*,#741,.T.);
#943=ORIENTED_EDGE('',*,*,#740,.F.);
#944=ORIENTED_EDGE('',*,*,#676,.F.);
#945=ORIENTED_EDGE('',*,*,#742,.F.);
#946=ORIENTED_EDGE('',*,*,#670,.F.);
#947=ORIENTED_EDGE('',*,*,#741,.F.);
#948=ORIENTED_EDGE('',*,*,#743,.T.);
#949=ORIENTED_EDGE('',*,*,#744,.F.);
#950=ORIENTED_EDGE('',*,*,#743,.F.);
#951=ORIENTED_EDGE('',*,*,#745,.F.);
#952=ORIENTED_EDGE('',*,*,#699,.F.);
#953=ORIENTED_EDGE('',*,*,#746,.T.);
#954=ORIENTED_EDGE('',*,*,#747,.T.);
#955=ORIENTED_EDGE('',*,*,#746,.F.);
#956=ORIENTED_EDGE('',*,*,#698,.F.);
#957=ORIENTED_EDGE('',*,*,#748,.F.);
#958=ORIENTED_EDGE('',*,*,#692,.F.);
#959=ORIENTED_EDGE('',*,*,#747,.F.);
#960=ORIENTED_EDGE('',*,*,#749,.T.);
#961=ORIENTED_EDGE('',*,*,#750,.F.);
#962=ORIENTED_EDGE('',*,*,#749,.F.);
#963=ORIENTED_EDGE('',*,*,#751,.F.);
#964=ORIENTED_EDGE('',*,*,#710,.F.);
#965=ORIENTED_EDGE('',*,*,#752,.F.);
#966=ORIENTED_EDGE('',*,*,#704,.F.);
#967=ORIENTED_EDGE('',*,*,#753,.T.);
#968=ORIENTED_EDGE('',*,*,#754,.T.);
#969=ORIENTED_EDGE('',*,*,#753,.F.);
#970=ORIENTED_EDGE('',*,*,#703,.F.);
#971=ORIENTED_EDGE('',*,*,#754,.F.);
#972=ORIENTED_EDGE('',*,*,#755,.T.);
#973=ORIENTED_EDGE('',*,*,#756,.F.);
#974=ORIENTED_EDGE('',*,*,#755,.F.);
#975=ORIENTED_EDGE('',*,*,#757,.F.);
#976=ORIENTED_EDGE('',*,*,#688,.F.);
#977=ORIENTED_EDGE('',*,*,#758,.F.);
#978=ORIENTED_EDGE('',*,*,#682,.F.);
#979=ORIENTED_EDGE('',*,*,#759,.T.);
#980=ORIENTED_EDGE('',*,*,#760,.T.);
#981=ORIENTED_EDGE('',*,*,#759,.F.);
#982=ORIENTED_EDGE('',*,*,#681,.F.);
#983=ORIENTED_EDGE('',*,*,#760,.F.);
#984=ORIENTED_EDGE('',*,*,#761,.T.);
#985=ORIENTED_EDGE('',*,*,#762,.F.);
#986=ORIENTED_EDGE('',*,*,#761,.F.);
#987=ORIENTED_EDGE('',*,*,#751,.T.);
#988=ORIENTED_EDGE('',*,*,#702,.F.);
#989=ORIENTED_EDGE('',*,*,#763,.T.);
#990=ORIENTED_EDGE('',*,*,#764,.F.);
#991=ORIENTED_EDGE('',*,*,#765,.F.);
#992=ORIENTED_EDGE('',*,*,#711,.F.);
#993=ORIENTED_EDGE('',*,*,#757,.T.);
#994=ORIENTED_EDGE('',*,*,#680,.F.);
#995=ORIENTED_EDGE('',*,*,#766,.T.);
#996=ORIENTED_EDGE('',*,*,#767,.F.);
#997=ORIENTED_EDGE('',*,*,#768,.F.);
#998=ORIENTED_EDGE('',*,*,#689,.F.);
#999=ORIENTED_EDGE('',*,*,#714,.F.);
#1000=ORIENTED_EDGE('',*,*,#769,.T.);
#1001=ORIENTED_EDGE('',*,*,#770,.T.);
#1002=ORIENTED_EDGE('',*,*,#769,.F.);
#1003=ORIENTED_EDGE('',*,*,#770,.F.);
#1004=ORIENTED_EDGE('',*,*,#771,.T.);
#1005=ORIENTED_EDGE('',*,*,#772,.F.);
#1006=ORIENTED_EDGE('',*,*,#771,.F.);
#1007=ORIENTED_EDGE('',*,*,#715,.F.);
#1008=ORIENTED_EDGE('',*,*,#773,.T.);
#1009=ORIENTED_EDGE('',*,*,#774,.T.);
#1010=ORIENTED_EDGE('',*,*,#773,.F.);
#1011=ORIENTED_EDGE('',*,*,#774,.F.);
#1012=ORIENTED_EDGE('',*,*,#775,.T.);
#1013=ORIENTED_EDGE('',*,*,#776,.F.);
#1014=ORIENTED_EDGE('',*,*,#775,.F.);
#1015=ORIENTED_EDGE('',*,*,#716,.F.);
#1016=ORIENTED_EDGE('',*,*,#777,.T.);
#1017=ORIENTED_EDGE('',*,*,#778,.T.);
#1018=ORIENTED_EDGE('',*,*,#777,.F.);
#1019=ORIENTED_EDGE('',*,*,#778,.F.);
#1020=ORIENTED_EDGE('',*,*,#779,.T.);
#1021=ORIENTED_EDGE('',*,*,#780,.F.);
#1022=ORIENTED_EDGE('',*,*,#779,.F.);
#1023=ORIENTED_EDGE('',*,*,#717,.F.);
#1024=ORIENTED_EDGE('',*,*,#781,.T.);
#1025=ORIENTED_EDGE('',*,*,#782,.T.);
#1026=ORIENTED_EDGE('',*,*,#781,.F.);
#1027=ORIENTED_EDGE('',*,*,#782,.F.);
#1028=ORIENTED_EDGE('',*,*,#783,.T.);
#1029=ORIENTED_EDGE('',*,*,#784,.F.);
#1030=ORIENTED_EDGE('',*,*,#783,.F.);
#1031=ORIENTED_EDGE('',*,*,#739,.T.);
#1032=ORIENTED_EDGE('',*,*,#691,.F.);
#1033=ORIENTED_EDGE('',*,*,#785,.T.);
#1034=ORIENTED_EDGE('',*,*,#786,.F.);
#1035=ORIENTED_EDGE('',*,*,#787,.F.);
#1036=ORIENTED_EDGE('',*,*,#678,.F.);
#1037=ORIENTED_EDGE('',*,*,#679,.F.);
#1038=ORIENTED_EDGE('',*,*,#787,.T.);
#1039=ORIENTED_EDGE('',*,*,#788,.F.);
#1040=ORIENTED_EDGE('',*,*,#766,.F.);
#1041=ORIENTED_EDGE('',*,*,#690,.F.);
#1042=ORIENTED_EDGE('',*,*,#768,.T.);
#1043=ORIENTED_EDGE('',*,*,#789,.F.);
#1044=ORIENTED_EDGE('',*,*,#785,.F.);
#1045=ORIENTED_EDGE('',*,*,#719,.F.);
#1046=ORIENTED_EDGE('',*,*,#790,.T.);
#1047=ORIENTED_EDGE('',*,*,#791,.F.);
#1048=ORIENTED_EDGE('',*,*,#792,.F.);
#1049=ORIENTED_EDGE('',*,*,#720,.F.);
#1050=ORIENTED_EDGE('',*,*,#792,.T.);
#1051=ORIENTED_EDGE('',*,*,#793,.F.);
#1052=ORIENTED_EDGE('',*,*,#794,.F.);
#1053=ORIENTED_EDGE('',*,*,#721,.F.);
#1054=ORIENTED_EDGE('',*,*,#794,.T.);
#1055=ORIENTED_EDGE('',*,*,#795,.F.);
#1056=ORIENTED_EDGE('',*,*,#796,.F.);
#1057=ORIENTED_EDGE('',*,*,#722,.F.);
#1058=ORIENTED_EDGE('',*,*,#796,.T.);
#1059=ORIENTED_EDGE('',*,*,#797,.F.);
#1060=ORIENTED_EDGE('',*,*,#798,.F.);
#1061=ORIENTED_EDGE('',*,*,#723,.F.);
#1062=ORIENTED_EDGE('',*,*,#798,.T.);
#1063=ORIENTED_EDGE('',*,*,#799,.F.);
#1064=ORIENTED_EDGE('',*,*,#800,.F.);
#1065=ORIENTED_EDGE('',*,*,#724,.F.);
#1066=ORIENTED_EDGE('',*,*,#800,.T.);
#1067=ORIENTED_EDGE('',*,*,#801,.F.);
#1068=ORIENTED_EDGE('',*,*,#802,.F.);
#1069=ORIENTED_EDGE('',*,*,#725,.F.);
#1070=ORIENTED_EDGE('',*,*,#802,.T.);
#1071=ORIENTED_EDGE('',*,*,#803,.F.);
#1072=ORIENTED_EDGE('',*,*,#804,.F.);
#1073=ORIENTED_EDGE('',*,*,#726,.F.);
#1074=ORIENTED_EDGE('',*,*,#804,.T.);
#1075=ORIENTED_EDGE('',*,*,#805,.F.);
#1076=ORIENTED_EDGE('',*,*,#806,.F.);
#1077=ORIENTED_EDGE('',*,*,#727,.F.);
#1078=ORIENTED_EDGE('',*,*,#806,.T.);
#1079=ORIENTED_EDGE('',*,*,#807,.F.);
#1080=ORIENTED_EDGE('',*,*,#808,.F.);
#1081=ORIENTED_EDGE('',*,*,#718,.F.);
#1082=ORIENTED_EDGE('',*,*,#808,.T.);
#1083=ORIENTED_EDGE('',*,*,#809,.F.);
#1084=ORIENTED_EDGE('',*,*,#790,.F.);
#1085=ORIENTED_EDGE('',*,*,#745,.T.);
#1086=ORIENTED_EDGE('',*,*,#713,.F.);
#1087=ORIENTED_EDGE('',*,*,#810,.T.);
#1088=ORIENTED_EDGE('',*,*,#811,.F.);
#1089=ORIENTED_EDGE('',*,*,#812,.F.);
#1090=ORIENTED_EDGE('',*,*,#700,.F.);
#1091=ORIENTED_EDGE('',*,*,#701,.F.);
#1092=ORIENTED_EDGE('',*,*,#812,.T.);
#1093=ORIENTED_EDGE('',*,*,#813,.F.);
#1094=ORIENTED_EDGE('',*,*,#763,.F.);
#1095=ORIENTED_EDGE('',*,*,#712,.F.);
#1096=ORIENTED_EDGE('',*,*,#765,.T.);
#1097=ORIENTED_EDGE('',*,*,#814,.F.);
#1098=ORIENTED_EDGE('',*,*,#810,.F.);
#1099=ORIENTED_EDGE('',*,*,#708,.F.);
#1100=ORIENTED_EDGE('',*,*,#815,.T.);
#1101=ORIENTED_EDGE('',*,*,#816,.F.);
#1102=ORIENTED_EDGE('',*,*,#817,.F.);
#1103=ORIENTED_EDGE('',*,*,#752,.T.);
#1104=ORIENTED_EDGE('',*,*,#709,.F.);
#1105=ORIENTED_EDGE('',*,*,#817,.T.);
#1106=ORIENTED_EDGE('',*,*,#818,.F.);
#1107=ORIENTED_EDGE('',*,*,#819,.F.);
#1108=ORIENTED_EDGE('',*,*,#705,.F.);
#1109=ORIENTED_EDGE('',*,*,#706,.F.);
#1110=ORIENTED_EDGE('',*,*,#819,.T.);
#1111=ORIENTED_EDGE('',*,*,#820,.F.);
#1112=ORIENTED_EDGE('',*,*,#821,.F.);
#1113=ORIENTED_EDGE('',*,*,#707,.F.);
#1114=ORIENTED_EDGE('',*,*,#821,.T.);
#1115=ORIENTED_EDGE('',*,*,#822,.F.);
#1116=ORIENTED_EDGE('',*,*,#815,.F.);
#1117=ORIENTED_EDGE('',*,*,#758,.T.);
#1118=ORIENTED_EDGE('',*,*,#687,.F.);
#1119=ORIENTED_EDGE('',*,*,#823,.T.);
#1120=ORIENTED_EDGE('',*,*,#824,.F.);
#1121=ORIENTED_EDGE('',*,*,#825,.F.);
#1122=ORIENTED_EDGE('',*,*,#683,.F.);
#1123=ORIENTED_EDGE('',*,*,#684,.F.);
#1124=ORIENTED_EDGE('',*,*,#825,.T.);
#1125=ORIENTED_EDGE('',*,*,#826,.F.);
#1126=ORIENTED_EDGE('',*,*,#827,.F.);
#1127=ORIENTED_EDGE('',*,*,#685,.F.);
#1128=ORIENTED_EDGE('',*,*,#827,.T.);
#1129=ORIENTED_EDGE('',*,*,#828,.F.);
#1130=ORIENTED_EDGE('',*,*,#829,.F.);
#1131=ORIENTED_EDGE('',*,*,#686,.F.);
#1132=ORIENTED_EDGE('',*,*,#829,.T.);
#1133=ORIENTED_EDGE('',*,*,#830,.F.);
#1134=ORIENTED_EDGE('',*,*,#823,.F.);
#1135=ORIENTED_EDGE('',*,*,#672,.F.);
#1136=ORIENTED_EDGE('',*,*,#831,.T.);
#1137=ORIENTED_EDGE('',*,*,#832,.F.);
#1138=ORIENTED_EDGE('',*,*,#833,.F.);
#1139=ORIENTED_EDGE('',*,*,#673,.F.);
#1140=ORIENTED_EDGE('',*,*,#833,.T.);
#1141=ORIENTED_EDGE('',*,*,#834,.F.);
#1142=ORIENTED_EDGE('',*,*,#835,.F.);
#1143=ORIENTED_EDGE('',*,*,#674,.F.);
#1144=ORIENTED_EDGE('',*,*,#835,.T.);
#1145=ORIENTED_EDGE('',*,*,#836,.F.);
#1146=ORIENTED_EDGE('',*,*,#837,.F.);
#1147=ORIENTED_EDGE('',*,*,#742,.T.);
#1148=ORIENTED_EDGE('',*,*,#675,.F.);
#1149=ORIENTED_EDGE('',*,*,#837,.T.);
#1150=ORIENTED_EDGE('',*,*,#838,.F.);
#1151=ORIENTED_EDGE('',*,*,#831,.F.);
#1152=ORIENTED_EDGE('',*,*,#671,.F.);
#1153=ORIENTED_EDGE('',*,*,#694,.F.);
#1154=ORIENTED_EDGE('',*,*,#839,.T.);
#1155=ORIENTED_EDGE('',*,*,#840,.F.);
#1156=ORIENTED_EDGE('',*,*,#841,.F.);
#1157=ORIENTED_EDGE('',*,*,#695,.F.);
#1158=ORIENTED_EDGE('',*,*,#841,.T.);
#1159=ORIENTED_EDGE('',*,*,#842,.F.);
#1160=ORIENTED_EDGE('',*,*,#843,.F.);
#1161=ORIENTED_EDGE('',*,*,#696,.F.);
#1162=ORIENTED_EDGE('',*,*,#843,.T.);
#1163=ORIENTED_EDGE('',*,*,#844,.F.);
#1164=ORIENTED_EDGE('',*,*,#845,.F.);
#1165=ORIENTED_EDGE('',*,*,#748,.T.);
#1166=ORIENTED_EDGE('',*,*,#697,.F.);
#1167=ORIENTED_EDGE('',*,*,#845,.T.);
#1168=ORIENTED_EDGE('',*,*,#846,.F.);
#1169=ORIENTED_EDGE('',*,*,#839,.F.);
#1170=ORIENTED_EDGE('',*,*,#693,.F.);
#1171=ORIENTED_EDGE('',*,*,#662,.F.);
#1172=ORIENTED_EDGE('',*,*,#669,.T.);
#1173=ORIENTED_EDGE('',*,*,#738,.F.);
#1174=ORIENTED_EDGE('',*,*,#847,.F.);
#1175=ORIENTED_EDGE('',*,*,#731,.F.);
#1176=ORIENTED_EDGE('',*,*,#848,.F.);
#1177=ORIENTED_EDGE('',*,*,#734,.F.);
#1178=ORIENTED_EDGE('',*,*,#665,.T.);
#1179=ORIENTED_EDGE('',*,*,#659,.F.);
#1180=ORIENTED_EDGE('',*,*,#847,.T.);
#1181=ORIENTED_EDGE('',*,*,#737,.F.);
#1182=ORIENTED_EDGE('',*,*,#735,.T.);
#1183=ORIENTED_EDGE('',*,*,#732,.F.);
#1184=ORIENTED_EDGE('',*,*,#848,.T.);
#1185=ORIENTED_EDGE('',*,*,#730,.F.);
#1186=ORIENTED_EDGE('',*,*,#728,.T.);
#1187=ORIENTED_EDGE('',*,*,#744,.T.);
#1188=ORIENTED_EDGE('',*,*,#750,.T.);
#1189=ORIENTED_EDGE('',*,*,#756,.T.);
#1190=ORIENTED_EDGE('',*,*,#762,.T.);
#1191=ORIENTED_EDGE('',*,*,#772,.T.);
#1192=ORIENTED_EDGE('',*,*,#776,.T.);
#1193=ORIENTED_EDGE('',*,*,#780,.T.);
#1194=ORIENTED_EDGE('',*,*,#784,.T.);
#1195=ORIENTED_EDGE('',*,*,#846,.T.);
#1196=ORIENTED_EDGE('',*,*,#844,.T.);
#1197=ORIENTED_EDGE('',*,*,#842,.T.);
#1198=ORIENTED_EDGE('',*,*,#840,.T.);
#1199=ORIENTED_EDGE('',*,*,#838,.T.);
#1200=ORIENTED_EDGE('',*,*,#836,.T.);
#1201=ORIENTED_EDGE('',*,*,#834,.T.);
#1202=ORIENTED_EDGE('',*,*,#832,.T.);
#1203=ORIENTED_EDGE('',*,*,#830,.T.);
#1204=ORIENTED_EDGE('',*,*,#828,.T.);
#1205=ORIENTED_EDGE('',*,*,#826,.T.);
#1206=ORIENTED_EDGE('',*,*,#824,.T.);
#1207=ORIENTED_EDGE('',*,*,#822,.T.);
#1208=ORIENTED_EDGE('',*,*,#820,.T.);
#1209=ORIENTED_EDGE('',*,*,#818,.T.);
#1210=ORIENTED_EDGE('',*,*,#816,.T.);
#1211=ORIENTED_EDGE('',*,*,#814,.T.);
#1212=ORIENTED_EDGE('',*,*,#764,.T.);
#1213=ORIENTED_EDGE('',*,*,#813,.T.);
#1214=ORIENTED_EDGE('',*,*,#811,.T.);
#1215=ORIENTED_EDGE('',*,*,#809,.T.);
#1216=ORIENTED_EDGE('',*,*,#807,.T.);
#1217=ORIENTED_EDGE('',*,*,#805,.T.);
#1218=ORIENTED_EDGE('',*,*,#803,.T.);
#1219=ORIENTED_EDGE('',*,*,#801,.T.);
#1220=ORIENTED_EDGE('',*,*,#799,.T.);
#1221=ORIENTED_EDGE('',*,*,#797,.T.);
#1222=ORIENTED_EDGE('',*,*,#795,.T.);
#1223=ORIENTED_EDGE('',*,*,#793,.T.);
#1224=ORIENTED_EDGE('',*,*,#791,.T.);
#1225=ORIENTED_EDGE('',*,*,#789,.T.);
#1226=ORIENTED_EDGE('',*,*,#767,.T.);
#1227=ORIENTED_EDGE('',*,*,#788,.T.);
#1228=ORIENTED_EDGE('',*,*,#786,.T.);
#1229=CYLINDRICAL_SURFACE('',#1323,4.);
#1230=CYLINDRICAL_SURFACE('',#1355,4.);
#1231=CYLINDRICAL_SURFACE('',#1357,4.);
#1232=CYLINDRICAL_SURFACE('',#1360,4.);
#1233=CYLINDRICAL_SURFACE('',#1364,1.7);
#1234=CYLINDRICAL_SURFACE('',#1368,1.7);
#1235=CYLINDRICAL_SURFACE('',#1372,1.7);
#1236=CYLINDRICAL_SURFACE('',#1376,1.7);
#1237=CYLINDRICAL_SURFACE('',#1382,1.7);
#1238=CYLINDRICAL_SURFACE('',#1386,1.7);
#1239=CYLINDRICAL_SURFACE('',#1390,1.7);
#1240=CYLINDRICAL_SURFACE('',#1394,1.7);
#1241=CYLINDRICAL_SURFACE('',#1400,6.00000002036284);
#1242=CYLINDRICAL_SURFACE('',#1402,1407.49999993336);
#1243=CYLINDRICAL_SURFACE('',#1404,1407.49999993337);
#1244=CYLINDRICAL_SURFACE('',#1406,6.00000001488034);
#1245=CYLINDRICAL_SURFACE('',#1409,6.0000000203824);
#1246=CYLINDRICAL_SURFACE('',#1411,1407.49999993403);
#1247=CYLINDRICAL_SURFACE('',#1413,1407.49999992859);
#1248=CYLINDRICAL_SURFACE('',#1415,6.00000001494315);
#1249=ADVANCED_FACE('',(#85),#1229,.T.);
#1250=ADVANCED_FACE('',(#86,#31,#32,#33,#34,#35,#36,#37),#53,.T.);
#1251=ADVANCED_FACE('',(#87),#54,.T.);
#1252=ADVANCED_FACE('',(#88),#1230,.T.);
#1253=ADVANCED_FACE('',(#89),#1231,.T.);
#1254=ADVANCED_FACE('',(#90),#55,.T.);
#1255=ADVANCED_FACE('',(#91),#1232,.T.);
#1256=ADVANCED_FACE('',(#92),#23,.F.);
#1257=ADVANCED_FACE('',(#93),#1233,.F.);
#1258=ADVANCED_FACE('',(#94),#24,.F.);
#1259=ADVANCED_FACE('',(#95),#1234,.F.);
#1260=ADVANCED_FACE('',(#96),#25,.F.);
#1261=ADVANCED_FACE('',(#97),#1235,.F.);
#1262=ADVANCED_FACE('',(#98),#26,.F.);
#1263=ADVANCED_FACE('',(#99),#1236,.F.);
#1264=ADVANCED_FACE('',(#100),#56,.T.);
#1265=ADVANCED_FACE('',(#101),#57,.T.);
#1266=ADVANCED_FACE('',(#102),#27,.F.);
#1267=ADVANCED_FACE('',(#103),#1237,.F.);
#1268=ADVANCED_FACE('',(#104),#28,.F.);
#1269=ADVANCED_FACE('',(#105),#1238,.F.);
#1270=ADVANCED_FACE('',(#106),#29,.F.);
#1271=ADVANCED_FACE('',(#107),#1239,.F.);
#1272=ADVANCED_FACE('',(#108),#30,.F.);
#1273=ADVANCED_FACE('',(#109),#1240,.F.);
#1274=ADVANCED_FACE('',(#110),#58,.T.);
#1275=ADVANCED_FACE('',(#111),#59,.T.);
#1276=ADVANCED_FACE('',(#112),#60,.T.);
#1277=ADVANCED_FACE('',(#113),#61,.T.);
#1278=ADVANCED_FACE('',(#114),#1241,.F.);
#1279=ADVANCED_FACE('',(#115),#1242,.F.);
#1280=ADVANCED_FACE('',(#116),#1243,.F.);
#1281=ADVANCED_FACE('',(#117),#1244,.F.);
#1282=ADVANCED_FACE('',(#118),#62,.T.);
#1283=ADVANCED_FACE('',(#119),#1245,.F.);
#1284=ADVANCED_FACE('',(#120),#1246,.F.);
#1285=ADVANCED_FACE('',(#121),#1247,.F.);
#1286=ADVANCED_FACE('',(#122),#1248,.F.);
#1287=ADVANCED_FACE('',(#123),#63,.T.);
#1288=ADVANCED_FACE('',(#124),#64,.T.);
#1289=ADVANCED_FACE('',(#125),#65,.T.);
#1290=ADVANCED_FACE('',(#126),#66,.T.);
#1291=ADVANCED_FACE('',(#127),#67,.T.);
#1292=ADVANCED_FACE('',(#128),#68,.T.);
#1293=ADVANCED_FACE('',(#129),#69,.T.);
#1294=ADVANCED_FACE('',(#130),#70,.T.);
#1295=ADVANCED_FACE('',(#131),#71,.T.);
#1296=ADVANCED_FACE('',(#132),#72,.T.);
#1297=ADVANCED_FACE('',(#133),#73,.T.);
#1298=ADVANCED_FACE('',(#134),#74,.T.);
#1299=ADVANCED_FACE('',(#135),#75,.T.);
#1300=ADVANCED_FACE('',(#136),#76,.T.);
#1301=ADVANCED_FACE('',(#137),#77,.T.);
#1302=ADVANCED_FACE('',(#138),#78,.T.);
#1303=ADVANCED_FACE('',(#139),#79,.T.);
#1304=ADVANCED_FACE('',(#140),#80,.T.);
#1305=ADVANCED_FACE('',(#141),#81,.T.);
#1306=ADVANCED_FACE('',(#142),#82,.T.);
#1307=ADVANCED_FACE('',(#143),#83,.T.);
#1308=ADVANCED_FACE('',(#144,#38,#39,#40,#41,#42,#43,#44,#45,#46,#47,#48,
#49,#50,#51,#52),#84,.F.);
#1309=CLOSED_SHELL('',(#1249,#1250,#1251,#1252,#1253,#1254,#1255,#1256,
#1257,#1258,#1259,#1260,#1261,#1262,#1263,#1264,#1265,#1266,#1267,#1268,
#1269,#1270,#1271,#1272,#1273,#1274,#1275,#1276,#1277,#1278,#1279,#1280,
#1281,#1282,#1283,#1284,#1285,#1286,#1287,#1288,#1289,#1290,#1291,#1292,
#1293,#1294,#1295,#1296,#1297,#1298,#1299,#1300,#1301,#1302,#1303,#1304,
#1305,#1306,#1307,#1308));
#1310=DERIVED_UNIT_ELEMENT(#1312,1.);
#1311=DERIVED_UNIT_ELEMENT(#2195,3.);
#1312=(
MASS_UNIT()
NAMED_UNIT(*)
SI_UNIT(.KILO.,.GRAM.)
);
#1313=DERIVED_UNIT((#1310,#1311));
#1314=MEASURE_REPRESENTATION_ITEM('density measure',
POSITIVE_RATIO_MEASURE(7850.),#1313);
#1315=PROPERTY_DEFINITION_REPRESENTATION(#1320,#1317);
#1316=PROPERTY_DEFINITION_REPRESENTATION(#1321,#1318);
#1317=REPRESENTATION('material name',(#1319),#2192);
#1318=REPRESENTATION('density',(#1314),#2192);
#1319=DESCRIPTIVE_REPRESENTATION_ITEM('Steel','Steel');
#1320=PROPERTY_DEFINITION('material property','material name',#2202);
#1321=PROPERTY_DEFINITION('material property','density of part',#2202);
#1322=AXIS2_PLACEMENT_3D('placement',#1799,#1439,#1440);
#1323=AXIS2_PLACEMENT_3D('',#1800,#1441,#1442);
#1324=AXIS2_PLACEMENT_3D('',#1803,#1443,#1444);
#1325=AXIS2_PLACEMENT_3D('',#1807,#1446,#1447);
#1326=AXIS2_PLACEMENT_3D('',#1809,#1449,#1450);
#1327=AXIS2_PLACEMENT_3D('',#1813,#1452,#1453);
#1328=AXIS2_PLACEMENT_3D('',#1817,#1455,#1456);
#1329=AXIS2_PLACEMENT_3D('',#1821,#1458,#1459);
#1330=AXIS2_PLACEMENT_3D('',#1825,#1461,#1462);
#1331=AXIS2_PLACEMENT_3D('',#1837,#1468,#1469);
#1332=AXIS2_PLACEMENT_3D('',#1839,#1470,#1471);
#1333=AXIS2_PLACEMENT_3D('',#1847,#1475,#1476);
#1334=AXIS2_PLACEMENT_3D('',#1849,#1477,#1478);
#1335=AXIS2_PLACEMENT_3D('',#1861,#1484,#1485);
#1336=AXIS2_PLACEMENT_3D('',#1869,#1489,#1490);
#1337=AXIS2_PLACEMENT_3D('',#1881,#1496,#1497);
#1338=AXIS2_PLACEMENT_3D('',#1883,#1498,#1499);
#1339=AXIS2_PLACEMENT_3D('',#1891,#1503,#1504);
#1340=AXIS2_PLACEMENT_3D('',#1893,#1505,#1506);
#1341=AXIS2_PLACEMENT_3D('',#1905,#1512,#1513);
#1342=AXIS2_PLACEMENT_3D('',#1912,#1517,#1518);
#1343=AXIS2_PLACEMENT_3D('',#1914,#1519,#1520);
#1344=AXIS2_PLACEMENT_3D('',#1916,#1521,#1522);
#1345=AXIS2_PLACEMENT_3D('',#1918,#1523,#1524);
#1346=AXIS2_PLACEMENT_3D('',#1921,#1525,#1526);
#1347=AXIS2_PLACEMENT_3D('',#1925,#1528,#1529);
#1348=AXIS2_PLACEMENT_3D('',#1927,#1530,#1531);
#1349=AXIS2_PLACEMENT_3D('',#1929,#1532,#1533);
#1350=AXIS2_PLACEMENT_3D('',#1931,#1534,#1535);
#1351=AXIS2_PLACEMENT_3D('',#1935,#1537,#1538);
#1352=AXIS2_PLACEMENT_3D('',#1937,#1539,#1540);
#1353=AXIS2_PLACEMENT_3D('',#1938,#1541,#1542);
#1354=AXIS2_PLACEMENT_3D('',#1939,#1543,#1544);
#1355=AXIS2_PLACEMENT_3D('',#1943,#1547,#1548);
#1356=AXIS2_PLACEMENT_3D('',#1945,#1549,#1550);
#1357=AXIS2_PLACEMENT_3D('',#1947,#1552,#1553);
#1358=AXIS2_PLACEMENT_3D('',#1950,#1554,#1555);
#1359=AXIS2_PLACEMENT_3D('',#1953,#1558,#1559);
#1360=AXIS2_PLACEMENT_3D('',#1957,#1562,#1563);
#1361=AXIS2_PLACEMENT_3D('',#1959,#1564,#1565);
#1362=AXIS2_PLACEMENT_3D('',#1961,#1567,#1568);
#1363=AXIS2_PLACEMENT_3D('',#1967,#1570,#1571);
#1364=AXIS2_PLACEMENT_3D('',#1971,#1572,#1573);
#1365=AXIS2_PLACEMENT_3D('',#1974,#1575,#1576);
#1366=AXIS2_PLACEMENT_3D('',#1975,#1577,#1578);
#1367=AXIS2_PLACEMENT_3D('',#1981,#1580,#1581);
#1368=AXIS2_PLACEMENT_3D('',#1985,#1582,#1583);
#1369=AXIS2_PLACEMENT_3D('',#1988,#1585,#1586);
#1370=AXIS2_PLACEMENT_3D('',#1989,#1587,#1588);
#1371=AXIS2_PLACEMENT_3D('',#1998,#1590,#1591);
#1372=AXIS2_PLACEMENT_3D('',#1999,#1592,#1593);
#1373=AXIS2_PLACEMENT_3D('',#2002,#1595,#1596);
#1374=AXIS2_PLACEMENT_3D('',#2003,#1597,#1598);
#1375=AXIS2_PLACEMENT_3D('',#2012,#1600,#1601);
#1376=AXIS2_PLACEMENT_3D('',#2013,#1602,#1603);
#1377=AXIS2_PLACEMENT_3D('',#2016,#1605,#1606);
#1378=AXIS2_PLACEMENT_3D('',#2017,#1607,#1608);
#1379=AXIS2_PLACEMENT_3D('',#2023,#1612,#1613);
#1380=AXIS2_PLACEMENT_3D('',#2029,#1617,#1618);
#1381=AXIS2_PLACEMENT_3D('',#2032,#1620,#1621);
#1382=AXIS2_PLACEMENT_3D('',#2033,#1622,#1623);
#1383=AXIS2_PLACEMENT_3D('',#2036,#1625,#1626);
#1384=AXIS2_PLACEMENT_3D('',#2037,#1627,#1628);
#1385=AXIS2_PLACEMENT_3D('',#2040,#1630,#1631);
#1386=AXIS2_PLACEMENT_3D('',#2041,#1632,#1633);
#1387=AXIS2_PLACEMENT_3D('',#2044,#1635,#1636);
#1388=AXIS2_PLACEMENT_3D('',#2045,#1637,#1638);
#1389=AXIS2_PLACEMENT_3D('',#2048,#1640,#1641);
#1390=AXIS2_PLACEMENT_3D('',#2049,#1642,#1643);
#1391=AXIS2_PLACEMENT_3D('',#2052,#1645,#1646);
#1392=AXIS2_PLACEMENT_3D('',#2053,#1647,#1648);
#1393=AXIS2_PLACEMENT_3D('',#2056,#1650,#1651);
#1394=AXIS2_PLACEMENT_3D('',#2057,#1652,#1653);
#1395=AXIS2_PLACEMENT_3D('',#2060,#1655,#1656);
#1396=AXIS2_PLACEMENT_3D('',#2061,#1657,#1658);
#1397=AXIS2_PLACEMENT_3D('',#2067,#1662,#1663);
#1398=AXIS2_PLACEMENT_3D('',#2069,#1665,#1666);
#1399=AXIS2_PLACEMENT_3D('',#2071,#1668,#1669);
#1400=AXIS2_PLACEMENT_3D('',#2077,#1673,#1674);
#1401=AXIS2_PLACEMENT_3D('',#2079,#1675,#1676);
#1402=AXIS2_PLACEMENT_3D('',#2081,#1678,#1679);
#1403=AXIS2_PLACEMENT_3D('',#2083,#1680,#1681);
#1404=AXIS2_PLACEMENT_3D('',#2085,#1683,#1684);
#1405=AXIS2_PLACEMENT_3D('',#2087,#1685,#1686);
#1406=AXIS2_PLACEMENT_3D('',#2089,#1688,#1689);
#1407=AXIS2_PLACEMENT_3D('',#2091,#1690,#1691);
#1408=AXIS2_PLACEMENT_3D('',#2093,#1693,#1694);
#1409=AXIS2_PLACEMENT_3D('',#2097,#1697,#1698);
#1410=AXIS2_PLACEMENT_3D('',#2099,#1699,#1700);
#1411=AXIS2_PLACEMENT_3D('',#2101,#1702,#1703);
#1412=AXIS2_PLACEMENT_3D('',#2103,#1704,#1705);
#1413=AXIS2_PLACEMENT_3D('',#2105,#1707,#1708);
#1414=AXIS2_PLACEMENT_3D('',#2107,#1709,#1710);
#1415=AXIS2_PLACEMENT_3D('',#2109,#1712,#1713);
#1416=AXIS2_PLACEMENT_3D('',#2110,#1714,#1715);
#1417=AXIS2_PLACEMENT_3D('',#2111,#1716,#1717);
#1418=AXIS2_PLACEMENT_3D('',#2117,#1721,#1722);
#1419=AXIS2_PLACEMENT_3D('',#2119,#1724,#1725);
#1420=AXIS2_PLACEMENT_3D('',#2121,#1727,#1728);
#1421=AXIS2_PLACEMENT_3D('',#2127,#1732,#1733);
#1422=AXIS2_PLACEMENT_3D('',#2131,#1736,#1737);
#1423=AXIS2_PLACEMENT_3D('',#2135,#1740,#1741);
#1424=AXIS2_PLACEMENT_3D('',#2137,#1743,#1744);
#1425=AXIS2_PLACEMENT_3D('',#2143,#1748,#1749);
#1426=AXIS2_PLACEMENT_3D('',#2147,#1752,#1753);
#1427=AXIS2_PLACEMENT_3D('',#2151,#1756,#1757);
#1428=AXIS2_PLACEMENT_3D('',#2153,#1759,#1760);
#1429=AXIS2_PLACEMENT_3D('',#2159,#1764,#1765);
#1430=AXIS2_PLACEMENT_3D('',#2163,#1768,#1769);
#1431=AXIS2_PLACEMENT_3D('',#2167,#1772,#1773);
#1432=AXIS2_PLACEMENT_3D('',#2169,#1775,#1776);
#1433=AXIS2_PLACEMENT_3D('',#2175,#1780,#1781);
#1434=AXIS2_PLACEMENT_3D('',#2179,#1784,#1785);
#1435=AXIS2_PLACEMENT_3D('',#2183,#1788,#1789);
#1436=AXIS2_PLACEMENT_3D('',#2185,#1791,#1792);
#1437=AXIS2_PLACEMENT_3D('',#2187,#1794,#1795);
#1438=AXIS2_PLACEMENT_3D('',#2189,#1797,#1798);
#1439=DIRECTION('axis',(0.,0.,1.));
#1440=DIRECTION('refdir',(1.,0.,0.));
#1441=DIRECTION('center_axis',(0.,0.,-1.));
#1442=DIRECTION('ref_axis',(-0.707106781186548,0.707106781186548,0.));
#1443=DIRECTION('center_axis',(0.,0.,1.));
#1444=DIRECTION('ref_axis',(-0.707106781186548,0.707106781186548,0.));
#1445=DIRECTION('',(0.,0.,1.));
#1446=DIRECTION('center_axis',(0.,0.,-1.));
#1447=DIRECTION('ref_axis',(-0.707106781186548,0.707106781186548,0.));
#1448=DIRECTION('',(0.,0.,-1.));
#1449=DIRECTION('center_axis',(0.,0.,1.));
#1450=DIRECTION('ref_axis',(1.,0.,0.));
#1451=DIRECTION('',(0.,1.,0.));
#1452=DIRECTION('center_axis',(0.,0.,-1.));
#1453=DIRECTION('ref_axis',(-0.707106781186546,-0.707106781186549,0.));
#1454=DIRECTION('',(-1.,-1.36642833801625E-15,0.));
#1455=DIRECTION('center_axis',(0.,0.,-1.));
#1456=DIRECTION('ref_axis',(0.707106781186548,-0.707106781186548,0.));
#1457=DIRECTION('',(0.,-1.,0.));
#1458=DIRECTION('center_axis',(0.,0.,-1.));
#1459=DIRECTION('ref_axis',(0.707106781186546,0.707106781186549,0.));
#1460=DIRECTION('',(1.,1.34507789523475E-15,0.));
#1461=DIRECTION('center_axis',(0.,0.,-1.));
#1462=DIRECTION('ref_axis',(1.,0.,0.));
#1463=DIRECTION('',(1.,-1.64526170465251E-11,0.));
#1464=DIRECTION('',(-1.64546738807605E-11,-1.,0.));
#1465=DIRECTION('',(-1.,1.64538012844181E-11,0.));
#1466=DIRECTION('',(1.64546738807605E-11,1.,0.));
#1467=DIRECTION('',(1.,-1.64526170465251E-11,0.));
#1468=DIRECTION('center_axis',(0.,0.,-1.));
#1469=DIRECTION('ref_axis',(1.,0.,0.));
#1470=DIRECTION('center_axis',(0.,0.,-1.));
#1471=DIRECTION('ref_axis',(1.,0.,0.));
#1472=DIRECTION('',(-1.,1.64538012844181E-11,0.));
#1473=DIRECTION('',(1.64546738807605E-11,1.,0.));
#1474=DIRECTION('',(1.,-1.64538012844181E-11,0.));
#1475=DIRECTION('center_axis',(0.,0.,-1.));
#1476=DIRECTION('ref_axis',(1.,0.,0.));
#1477=DIRECTION('center_axis',(0.,0.,-1.));
#1478=DIRECTION('ref_axis',(1.,0.,0.));
#1479=DIRECTION('',(-1.,1.64538012844181E-11,0.));
#1480=DIRECTION('',(1.64546738807605E-11,1.,0.));
#1481=DIRECTION('',(1.,-1.64538012844181E-11,0.));
#1482=DIRECTION('',(-1.64546738807605E-11,-1.,0.));
#1483=DIRECTION('',(-1.,1.64538012844181E-11,0.));
#1484=DIRECTION('center_axis',(0.,0.,-1.));
#1485=DIRECTION('ref_axis',(1.,0.,0.));
#1486=DIRECTION('',(1.,-1.64538012844181E-11,0.));
#1487=DIRECTION('',(-1.64546738807605E-11,-1.,0.));
#1488=DIRECTION('',(-1.,1.64538012844181E-11,0.));
#1489=DIRECTION('center_axis',(0.,0.,-1.));
#1490=DIRECTION('ref_axis',(1.,0.,0.));
#1491=DIRECTION('',(1.,1.1842378929335E-15,0.));
#1492=DIRECTION('',(2.33731163078984E-15,-1.,0.));
#1493=DIRECTION('',(-1.,-2.368475785867E-15,0.));
#1494=DIRECTION('',(-1.86984930463187E-15,1.,0.));
#1495=DIRECTION('',(1.,1.1842378929335E-15,0.));
#1496=DIRECTION('center_axis',(0.,0.,-1.));
#1497=DIRECTION('ref_axis',(1.,0.,0.));
#1498=DIRECTION('center_axis',(0.,0.,-1.));
#1499=DIRECTION('ref_axis',(1.,0.,0.));
#1500=DIRECTION('',(-1.,-2.368475785867E-15,0.));
#1501=DIRECTION('',(-1.4023869784739E-15,1.,0.));
#1502=DIRECTION('',(1.,1.77635683940025E-15,0.));
#1503=DIRECTION('center_axis',(0.,0.,-1.));
#1504=DIRECTION('ref_axis',(1.,0.,0.));
#1505=DIRECTION('center_axis',(0.,0.,-1.));
#1506=DIRECTION('ref_axis',(1.,0.,0.));
#1507=DIRECTION('',(-1.,-2.368475785867E-15,0.));
#1508=DIRECTION('',(-1.86984930463187E-15,1.,0.));
#1509=DIRECTION('',(1.,2.368475785867E-15,0.));
#1510=DIRECTION('',(1.40238697847391E-15,-1.,0.));
#1511=DIRECTION('',(-1.,-2.368475785867E-15,0.));
#1512=DIRECTION('center_axis',(0.,0.,-1.));
#1513=DIRECTION('ref_axis',(1.,0.,0.));
#1514=DIRECTION('',(1.,1.77635683940025E-15,0.));
#1515=DIRECTION('',(1.86984930463187E-15,-1.,0.));
#1516=DIRECTION('',(-1.,-2.368475785867E-15,0.));
#1517=DIRECTION('center_axis',(0.,0.,-1.));
#1518=DIRECTION('ref_axis',(1.,0.,0.));
#1519=DIRECTION('center_axis',(0.,0.,-1.));
#1520=DIRECTION('ref_axis',(1.,0.,0.));
#1521=DIRECTION('center_axis',(0.,0.,-1.));
#1522=DIRECTION('ref_axis',(1.,0.,0.));
#1523=DIRECTION('center_axis',(0.,0.,-1.));
#1524=DIRECTION('ref_axis',(1.,0.,0.));
#1525=DIRECTION('center_axis',(0.,0.,-1.));
#1526=DIRECTION('ref_axis',(-7.66794033764722E-13,1.,0.));
#1527=DIRECTION('',(1.,3.31792857791306E-11,0.));
#1528=DIRECTION('center_axis',(0.,0.,-1.));
#1529=DIRECTION('ref_axis',(0.999731001025584,0.0231932228977276,0.));
#1530=DIRECTION('center_axis',(0.,0.,-1.));
#1531=DIRECTION('ref_axis',(0.999731001025188,0.0231932229148029,0.));
#1532=DIRECTION('center_axis',(0.,0.,-1.));
#1533=DIRECTION('ref_axis',(0.999999999992895,-3.76957746948642E-6,0.));
#1534=DIRECTION('center_axis',(0.,0.,-1.));
#1535=DIRECTION('ref_axis',(-8.13328661660162E-10,-1.,0.));
#1536=DIRECTION('',(-1.,-3.36547265767374E-11,0.));
#1537=DIRECTION('center_axis',(0.,0.,-1.));
#1538=DIRECTION('ref_axis',(-0.999731001025713,-0.0231932228921882,0.));
#1539=DIRECTION('center_axis',(0.,0.,-1.));
#1540=DIRECTION('ref_axis',(-0.999731001025204,-0.0231932229141282,0.));
#1541=DIRECTION('center_axis',(0.,0.,-1.));
#1542=DIRECTION('ref_axis',(-0.999999999992895,3.76957860367941E-6,0.));
#1543=DIRECTION('center_axis',(-1.,0.,0.));
#1544=DIRECTION('ref_axis',(0.,1.,0.));
#1545=DIRECTION('',(0.,1.,0.));
#1546=DIRECTION('',(0.,0.,-1.));
#1547=DIRECTION('center_axis',(0.,0.,-1.));
#1548=DIRECTION('ref_axis',(-0.707106781186546,-0.707106781186549,0.));
#1549=DIRECTION('center_axis',(0.,0.,1.));
#1550=DIRECTION('ref_axis',(-0.707106781186546,-0.707106781186549,0.));
#1551=DIRECTION('',(0.,0.,1.));
#1552=DIRECTION('center_axis',(0.,0.,-1.));
#1553=DIRECTION('ref_axis',(0.707106781186548,-0.707106781186548,0.));
#1554=DIRECTION('center_axis',(0.,0.,1.));
#1555=DIRECTION('ref_axis',(0.707106781186548,-0.707106781186548,0.));
#1556=DIRECTION('',(0.,0.,1.));
#1557=DIRECTION('',(0.,0.,-1.));
#1558=DIRECTION('center_axis',(1.,0.,0.));
#1559=DIRECTION('ref_axis',(0.,-1.,0.));
#1560=DIRECTION('',(0.,-1.,0.));
#1561=DIRECTION('',(0.,0.,-1.));
#1562=DIRECTION('center_axis',(0.,0.,-1.));
#1563=DIRECTION('ref_axis',(0.707106781186546,0.707106781186549,0.));
#1564=DIRECTION('center_axis',(0.,0.,1.));
#1565=DIRECTION('ref_axis',(0.707106781186546,0.707106781186549,0.));
#1566=DIRECTION('',(0.,0.,1.));
#1567=DIRECTION('center_axis',(0.,0.,1.));
#1568=DIRECTION('ref_axis',(1.,0.,0.));
#1569=DIRECTION('',(0.707106781186547,-8.65956056235493E-17,-0.707106781186548));
#1570=DIRECTION('center_axis',(0.,0.,-1.));
#1571=DIRECTION('ref_axis',(1.,0.,0.));
#1572=DIRECTION('center_axis',(0.,0.,-1.));
#1573=DIRECTION('ref_axis',(1.,0.,0.));
#1574=DIRECTION('',(0.,0.,-1.));
#1575=DIRECTION('center_axis',(0.,0.,1.));
#1576=DIRECTION('ref_axis',(1.,0.,0.));
#1577=DIRECTION('center_axis',(0.,0.,1.));
#1578=DIRECTION('ref_axis',(1.,0.,0.));
#1579=DIRECTION('',(0.707106781186547,-8.65956056235493E-17,-0.707106781186548));
#1580=DIRECTION('center_axis',(0.,0.,-1.));
#1581=DIRECTION('ref_axis',(1.,0.,0.));
#1582=DIRECTION('center_axis',(0.,0.,-1.));
#1583=DIRECTION('ref_axis',(1.,0.,0.));
#1584=DIRECTION('',(0.,0.,-1.));
#1585=DIRECTION('center_axis',(0.,0.,1.));
#1586=DIRECTION('ref_axis',(1.,0.,0.));
#1587=DIRECTION('center_axis',(0.,0.,1.));
#1588=DIRECTION('ref_axis',(1.,0.,0.));
#1589=DIRECTION('',(0.707106781186547,-8.65956056235493E-17,-0.707106781186548));
#1590=DIRECTION('center_axis',(0.,0.,-1.));
#1591=DIRECTION('ref_axis',(1.,0.,0.));
#1592=DIRECTION('center_axis',(0.,0.,-1.));
#1593=DIRECTION('ref_axis',(1.,0.,0.));
#1594=DIRECTION('',(0.,0.,-1.));
#1595=DIRECTION('center_axis',(0.,0.,1.));
#1596=DIRECTION('ref_axis',(1.,0.,0.));
#1597=DIRECTION('center_axis',(0.,0.,1.));
#1598=DIRECTION('ref_axis',(1.,0.,0.));
#1599=DIRECTION('',(0.707106781186547,-8.65956056235493E-17,-0.707106781186548));
#1600=DIRECTION('center_axis',(0.,0.,-1.));
#1601=DIRECTION('ref_axis',(1.,0.,0.));
#1602=DIRECTION('center_axis',(0.,0.,-1.));
#1603=DIRECTION('ref_axis',(1.,0.,0.));
#1604=DIRECTION('',(0.,0.,-1.));
#1605=DIRECTION('center_axis',(0.,0.,1.));
#1606=DIRECTION('ref_axis',(1.,0.,0.));
#1607=DIRECTION('center_axis',(1.77635683940025E-15,-1.,0.));
#1608=DIRECTION('ref_axis',(-1.,-1.77635683940025E-15,0.));
#1609=DIRECTION('',(0.,0.,-1.));
#1610=DIRECTION('',(-1.,-1.77635683940025E-15,0.));
#1611=DIRECTION('',(0.,0.,-1.));
#1612=DIRECTION('center_axis',(-1.64538012844181E-11,-1.,0.));
#1613=DIRECTION('ref_axis',(-1.,1.64538012844181E-11,0.));
#1614=DIRECTION('',(0.,0.,-1.));
#1615=DIRECTION('',(-1.,1.64538012844181E-11,0.));
#1616=DIRECTION('',(0.,0.,-1.));
#1617=DIRECTION('center_axis',(0.,0.,1.));
#1618=DIRECTION('ref_axis',(1.,0.,0.));
#1619=DIRECTION('',(0.707106781186547,-8.65956056235493E-17,-0.707106781186548));
#1620=DIRECTION('center_axis',(0.,0.,-1.));
#1621=DIRECTION('ref_axis',(1.,0.,0.));
#1622=DIRECTION('center_axis',(0.,0.,-1.));
#1623=DIRECTION('ref_axis',(1.,0.,0.));
#1624=DIRECTION('',(0.,0.,-1.));
#1625=DIRECTION('center_axis',(0.,0.,1.));
#1626=DIRECTION('ref_axis',(1.,0.,0.));
#1627=DIRECTION('center_axis',(0.,0.,1.));
#1628=DIRECTION('ref_axis',(1.,0.,0.));
#1629=DIRECTION('',(0.707106781186547,-8.65956056235493E-17,-0.707106781186548));
#1630=DIRECTION('center_axis',(0.,0.,-1.));
#1631=DIRECTION('ref_axis',(1.,0.,0.));
#1632=DIRECTION('center_axis',(0.,0.,-1.));
#1633=DIRECTION('ref_axis',(1.,0.,0.));
#1634=DIRECTION('',(0.,0.,-1.));
#1635=DIRECTION('center_axis',(0.,0.,1.));
#1636=DIRECTION('ref_axis',(1.,0.,0.));
#1637=DIRECTION('center_axis',(0.,0.,1.));
#1638=DIRECTION('ref_axis',(1.,0.,0.));
#1639=DIRECTION('',(0.707106781186547,-8.65956056235493E-17,-0.707106781186548));
#1640=DIRECTION('center_axis',(0.,0.,-1.));
#1641=DIRECTION('ref_axis',(1.,0.,0.));
#1642=DIRECTION('center_axis',(0.,0.,-1.));
#1643=DIRECTION('ref_axis',(1.,0.,0.));
#1644=DIRECTION('',(0.,0.,-1.));
#1645=DIRECTION('center_axis',(0.,0.,1.));
#1646=DIRECTION('ref_axis',(1.,0.,0.));
#1647=DIRECTION('center_axis',(0.,0.,1.));
#1648=DIRECTION('ref_axis',(1.,0.,0.));
#1649=DIRECTION('',(0.707106781186547,-8.65956056235493E-17,-0.707106781186548));
#1650=DIRECTION('center_axis',(0.,0.,-1.));
#1651=DIRECTION('ref_axis',(1.,0.,0.));
#1652=DIRECTION('center_axis',(0.,0.,-1.));
#1653=DIRECTION('ref_axis',(1.,0.,0.));
#1654=DIRECTION('',(0.,0.,-1.));
#1655=DIRECTION('center_axis',(0.,0.,1.));
#1656=DIRECTION('ref_axis',(1.,0.,0.));
#1657=DIRECTION('center_axis',(1.64538012844181E-11,1.,0.));
#1658=DIRECTION('ref_axis',(1.,-1.64538012844181E-11,0.));
#1659=DIRECTION('',(0.,0.,-1.));
#1660=DIRECTION('',(1.,-1.64538012844181E-11,0.));
#1661=DIRECTION('',(0.,0.,-1.));
#1662=DIRECTION('center_axis',(1.,-1.64546738807605E-11,0.));
#1663=DIRECTION('ref_axis',(-1.64546738807605E-11,-1.,0.));
#1664=DIRECTION('',(-1.64546738807605E-11,-1.,0.));
#1665=DIRECTION('center_axis',(-1.,1.64546738807605E-11,0.));
#1666=DIRECTION('ref_axis',(1.64546738807605E-11,1.,0.));
#1667=DIRECTION('',(1.64546738807605E-11,1.,0.));
#1668=DIRECTION('center_axis',(3.31792857791306E-11,-1.,0.));
#1669=DIRECTION('ref_axis',(-1.,-3.31792857791306E-11,0.));
#1670=DIRECTION('',(0.,0.,-1.));
#1671=DIRECTION('',(-1.,-3.31792857791306E-11,0.));
#1672=DIRECTION('',(0.,0.,-1.));
#1673=DIRECTION('center_axis',(0.,0.,-1.));
#1674=DIRECTION('ref_axis',(0.999731001025584,0.0231932228977276,0.));
#1675=DIRECTION('center_axis',(0.,0.,1.));
#1676=DIRECTION('ref_axis',(0.999731001025584,0.0231932228977276,0.));
#1677=DIRECTION('',(0.,0.,-1.));
#1678=DIRECTION('center_axis',(0.,0.,-1.));
#1679=DIRECTION('ref_axis',(0.999731001025188,0.0231932229148029,0.));
#1680=DIRECTION('center_axis',(0.,0.,1.));
#1681=DIRECTION('ref_axis',(0.999731001025188,0.0231932229148029,0.));
#1682=DIRECTION('',(0.,0.,-1.));
#1683=DIRECTION('center_axis',(0.,0.,-1.));
#1684=DIRECTION('ref_axis',(0.999999999992895,-3.76957746948642E-6,0.));
#1685=DIRECTION('center_axis',(0.,0.,1.));
#1686=DIRECTION('ref_axis',(0.999999999992895,-3.76957746948642E-6,0.));
#1687=DIRECTION('',(0.,0.,-1.));
#1688=DIRECTION('center_axis',(0.,0.,-1.));
#1689=DIRECTION('ref_axis',(-8.13328661660162E-10,-1.,0.));
#1690=DIRECTION('center_axis',(0.,0.,1.));
#1691=DIRECTION('ref_axis',(-8.13328661660162E-10,-1.,0.));
#1692=DIRECTION('',(0.,0.,-1.));
#1693=DIRECTION('center_axis',(-3.36547265767374E-11,1.,0.));
#1694=DIRECTION('ref_axis',(1.,3.36547265767374E-11,0.));
#1695=DIRECTION('',(1.,3.36547265767374E-11,0.));
#1696=DIRECTION('',(0.,0.,-1.));
#1697=DIRECTION('center_axis',(0.,0.,-1.));
#1698=DIRECTION('ref_axis',(-0.999731001025713,-0.0231932228921882,0.));
#1699=DIRECTION('center_axis',(0.,0.,1.));
#1700=DIRECTION('ref_axis',(-0.999731001025713,-0.0231932228921882,0.));
#1701=DIRECTION('',(0.,0.,-1.));
#1702=DIRECTION('center_axis',(0.,0.,-1.));
#1703=DIRECTION('ref_axis',(-0.999731001025204,-0.0231932229141282,0.));
#1704=DIRECTION('center_axis',(0.,0.,1.));
#1705=DIRECTION('ref_axis',(-0.999731001025204,-0.0231932229141282,0.));
#1706=DIRECTION('',(0.,0.,-1.));
#1707=DIRECTION('center_axis',(0.,0.,-1.));
#1708=DIRECTION('ref_axis',(-0.999999999992895,3.76957860367941E-6,0.));
#1709=DIRECTION('center_axis',(0.,0.,1.));
#1710=DIRECTION('ref_axis',(-0.999999999992895,3.76957860367941E-6,0.));
#1711=DIRECTION('',(0.,0.,-1.));
#1712=DIRECTION('center_axis',(0.,0.,-1.));
#1713=DIRECTION('ref_axis',(-7.66794033764722E-13,1.,0.));
#1714=DIRECTION('center_axis',(0.,0.,1.));
#1715=DIRECTION('ref_axis',(-7.66794033764722E-13,1.,0.));
#1716=DIRECTION('center_axis',(-2.368475785867E-15,1.,0.));
#1717=DIRECTION('ref_axis',(1.,2.368475785867E-15,0.));
#1718=DIRECTION('',(0.,0.,-1.));
#1719=DIRECTION('',(1.,2.368475785867E-15,0.));
#1720=DIRECTION('',(0.,0.,-1.));
#1721=DIRECTION('center_axis',(1.,1.4023869784739E-15,0.));
#1722=DIRECTION('ref_axis',(1.4023869784739E-15,-1.,0.));
#1723=DIRECTION('',(1.4023869784739E-15,-1.,0.));
#1724=DIRECTION('center_axis',(-1.,-1.86984930463187E-15,0.));
#1725=DIRECTION('ref_axis',(-1.86984930463187E-15,1.,0.));
#1726=DIRECTION('',(-1.86984930463187E-15,1.,0.));
#1727=DIRECTION('center_axis',(-1.,-1.40238697847391E-15,0.));
#1728=DIRECTION('ref_axis',(-1.40238697847391E-15,1.,0.));
#1729=DIRECTION('',(0.,0.,-1.));
#1730=DIRECTION('',(-1.40238697847391E-15,1.,0.));
#1731=DIRECTION('',(0.,0.,-1.));
#1732=DIRECTION('center_axis',(-2.368475785867E-15,1.,0.));
#1733=DIRECTION('ref_axis',(1.,2.368475785867E-15,0.));
#1734=DIRECTION('',(1.,2.368475785867E-15,0.));
#1735=DIRECTION('',(0.,0.,-1.));
#1736=DIRECTION('center_axis',(1.,1.86984930463187E-15,0.));
#1737=DIRECTION('ref_axis',(1.86984930463187E-15,-1.,0.));
#1738=DIRECTION('',(1.86984930463187E-15,-1.,0.));
#1739=DIRECTION('',(0.,0.,-1.));
#1740=DIRECTION('center_axis',(2.368475785867E-15,-1.,0.));
#1741=DIRECTION('ref_axis',(-1.,-2.368475785867E-15,0.));
#1742=DIRECTION('',(-1.,-2.368475785867E-15,0.));
#1743=DIRECTION('center_axis',(1.64538012844181E-11,1.,0.));
#1744=DIRECTION('ref_axis',(1.,-1.64538012844181E-11,0.));
#1745=DIRECTION('',(0.,0.,-1.));
#1746=DIRECTION('',(1.,-1.64538012844181E-11,0.));
#1747=DIRECTION('',(0.,0.,-1.));
#1748=DIRECTION('center_axis',(1.,-1.64546738807605E-11,0.));
#1749=DIRECTION('ref_axis',(-1.64546738807605E-11,-1.,0.));
#1750=DIRECTION('',(-1.64546738807605E-11,-1.,0.));
#1751=DIRECTION('',(0.,0.,-1.));
#1752=DIRECTION('center_axis',(-1.64538012844181E-11,-1.,0.));
#1753=DIRECTION('ref_axis',(-1.,1.64538012844181E-11,0.));
#1754=DIRECTION('',(-1.,1.64538012844181E-11,0.));
#1755=DIRECTION('',(0.,0.,-1.));
#1756=DIRECTION('center_axis',(-1.,1.64546738807605E-11,0.));
#1757=DIRECTION('ref_axis',(1.64546738807605E-11,1.,0.));
#1758=DIRECTION('',(1.64546738807605E-11,1.,0.));
#1759=DIRECTION('center_axis',(-1.,1.64546738807605E-11,0.));
#1760=DIRECTION('ref_axis',(1.64546738807605E-11,1.,0.));
#1761=DIRECTION('',(0.,0.,-1.));
#1762=DIRECTION('',(1.64546738807605E-11,1.,0.));
#1763=DIRECTION('',(0.,0.,-1.));
#1764=DIRECTION('center_axis',(1.64538012844181E-11,1.,0.));
#1765=DIRECTION('ref_axis',(1.,-1.64538012844181E-11,0.));
#1766=DIRECTION('',(1.,-1.64538012844181E-11,0.));
#1767=DIRECTION('',(0.,0.,-1.));
#1768=DIRECTION('center_axis',(1.,-1.64546738807605E-11,0.));
#1769=DIRECTION('ref_axis',(-1.64546738807605E-11,-1.,0.));
#1770=DIRECTION('',(-1.64546738807605E-11,-1.,0.));
#1771=DIRECTION('',(0.,0.,-1.));
#1772=DIRECTION('center_axis',(-1.64526170465251E-11,-1.,0.));
#1773=DIRECTION('ref_axis',(-1.,1.64526170465251E-11,0.));
#1774=DIRECTION('',(-1.,1.64526170465251E-11,0.));
#1775=DIRECTION('center_axis',(-1.,-2.33731163078984E-15,0.));
#1776=DIRECTION('ref_axis',(-2.33731163078984E-15,1.,0.));
#1777=DIRECTION('',(0.,0.,-1.));
#1778=DIRECTION('',(-2.33731163078984E-15,1.,0.));
#1779=DIRECTION('',(0.,0.,-1.));
#1780=DIRECTION('center_axis',(-2.368475785867E-15,1.,0.));
#1781=DIRECTION('ref_axis',(1.,2.368475785867E-15,0.));
#1782=DIRECTION('',(1.,2.368475785867E-15,0.));
#1783=DIRECTION('',(0.,0.,-1.));
#1784=DIRECTION('center_axis',(1.,1.86984930463187E-15,0.));
#1785=DIRECTION('ref_axis',(1.86984930463187E-15,-1.,0.));
#1786=DIRECTION('',(1.86984930463187E-15,-1.,0.));
#1787=DIRECTION('',(0.,0.,-1.));
#1788=DIRECTION('center_axis',(1.1842378929335E-15,-1.,0.));
#1789=DIRECTION('ref_axis',(-1.,-1.1842378929335E-15,0.));
#1790=DIRECTION('',(-1.,-1.1842378929335E-15,0.));
#1791=DIRECTION('center_axis',(-1.34507789523475E-15,1.,0.));
#1792=DIRECTION('ref_axis',(1.,1.34507789523475E-15,0.));
#1793=DIRECTION('',(1.,1.34507789523475E-15,0.));
#1794=DIRECTION('center_axis',(1.36642833801625E-15,-1.,0.));
#1795=DIRECTION('ref_axis',(-1.,-1.36642833801625E-15,0.));
#1796=DIRECTION('',(-1.,-1.36642833801625E-15,0.));
#1797=DIRECTION('center_axis',(0.,0.,1.));
#1798=DIRECTION('ref_axis',(1.,0.,0.));
#1799=CARTESIAN_POINT('',(0.,0.,0.));
#1800=CARTESIAN_POINT('Origin',(35.6376181391156,-43.2986090334818,0.));
#1801=CARTESIAN_POINT('',(35.6376181391156,-39.2986090334818,-3.));
#1802=CARTESIAN_POINT('',(31.6376181391156,-43.2986090334818,-3.));
#1803=CARTESIAN_POINT('Origin',(35.6376181391156,-43.2986090334818,-3.));
#1804=CARTESIAN_POINT('',(31.6376181391156,-43.2986090334818,0.));
#1805=CARTESIAN_POINT('',(31.6376181391156,-43.2986090334818,0.));
#1806=CARTESIAN_POINT('',(35.6376181391156,-39.2986090334818,0.));
#1807=CARTESIAN_POINT('Origin',(35.6376181391156,-43.2986090334818,0.));
#1808=CARTESIAN_POINT('',(35.6376181391156,-39.2986090334818,0.));
#1809=CARTESIAN_POINT('Origin',(135.637618137893,-87.7986090334817,0.));
#1810=CARTESIAN_POINT('',(31.6376181391156,-132.298609033482,0.));
#1811=CARTESIAN_POINT('',(31.6376181391156,-136.298609033482,0.));
#1812=CARTESIAN_POINT('',(35.6376181391157,-136.298609033482,0.));
#1813=CARTESIAN_POINT('Origin',(35.6376181391157,-132.298609033482,0.));
#1814=CARTESIAN_POINT('',(235.637618136671,-136.298609033482,0.));
#1815=CARTESIAN_POINT('',(239.637618136671,-136.298609033482,0.));
#1816=CARTESIAN_POINT('',(239.637618136671,-132.298609033482,0.));
#1817=CARTESIAN_POINT('Origin',(235.637618136671,-132.298609033482,0.));
#1818=CARTESIAN_POINT('',(239.637618136671,-43.2986090334815,0.));
#1819=CARTESIAN_POINT('',(239.637618136671,-39.2986090334815,0.));
#1820=CARTESIAN_POINT('',(235.637618136671,-39.2986090334815,0.));
#1821=CARTESIAN_POINT('Origin',(235.637618136671,-43.2986090334815,0.));
#1822=CARTESIAN_POINT('',(31.6376181391156,-39.2986090334818,0.));
#1823=CARTESIAN_POINT('',(225.098086626854,-92.2986091445338,0.));
#1824=CARTESIAN_POINT('',(225.09808692376,-98.2986091445337,0.));
#1825=CARTESIAN_POINT('Origin',(224.137618139692,-95.2986091920619,0.));
#1826=CARTESIAN_POINT('',(231.637618138976,-98.2986091446413,0.));
#1827=CARTESIAN_POINT('',(216.637618138976,-98.2986091443945,0.));
#1828=CARTESIAN_POINT('',(231.637618138663,-117.298609144641,0.));
#1829=CARTESIAN_POINT('',(231.637618138976,-98.2986091446413,0.));
#1830=CARTESIAN_POINT('',(216.637618138663,-117.298609144394,0.));
#1831=CARTESIAN_POINT('',(231.637618138663,-117.298609144641,0.));
#1832=CARTESIAN_POINT('',(216.637618138976,-98.2986091443945,0.));
#1833=CARTESIAN_POINT('',(216.637618138663,-117.298609144394,0.));
#1834=CARTESIAN_POINT('',(223.177149355525,-98.2986091445021,0.));
#1835=CARTESIAN_POINT('',(216.637618138976,-98.2986091443945,0.));
#1836=CARTESIAN_POINT('',(220.987618139692,-95.2986091920619,9.99200722162641E-15));
#1837=CARTESIAN_POINT('Origin',(224.137618139692,-95.2986091920619,0.));
#1838=CARTESIAN_POINT('',(223.177149652629,-92.2986091445021,0.));
#1839=CARTESIAN_POINT('Origin',(224.137618139692,-95.2986091920619,0.));
#1840=CARTESIAN_POINT('',(216.637618139075,-92.2986091443945,0.));
#1841=CARTESIAN_POINT('',(231.637618139075,-92.2986091446413,0.));
#1842=CARTESIAN_POINT('',(216.637618139387,-73.2986091443948,0.));
#1843=CARTESIAN_POINT('',(216.637618139075,-92.2986091443945,0.));
#1844=CARTESIAN_POINT('',(223.177149652942,-73.2986091445024,0.));
#1845=CARTESIAN_POINT('',(216.637618139387,-73.2986091443948,0.));
#1846=CARTESIAN_POINT('',(220.987618140103,-70.2986090969742,9.99200722162641E-15));
#1847=CARTESIAN_POINT('Origin',(224.137618140103,-70.2986090969742,0.));
#1848=CARTESIAN_POINT('',(223.177149356035,-67.2986091445025,0.));
#1849=CARTESIAN_POINT('Origin',(224.137618140103,-70.2986090969742,0.));
#1850=CARTESIAN_POINT('',(216.637618139486,-67.2986091443949,0.));
#1851=CARTESIAN_POINT('',(231.637618139486,-67.2986091446417,0.));
#1852=CARTESIAN_POINT('',(216.637618139799,-48.2986091443953,0.));
#1853=CARTESIAN_POINT('',(216.637618139486,-67.2986091443949,0.));
#1854=CARTESIAN_POINT('',(231.637618139799,-48.2986091446421,0.));
#1855=CARTESIAN_POINT('',(216.637618139799,-48.2986091443953,0.));
#1856=CARTESIAN_POINT('',(231.637618139486,-67.2986091446417,0.));
#1857=CARTESIAN_POINT('',(231.637618139799,-48.2986091446421,0.));
#1858=CARTESIAN_POINT('',(225.09808692427,-67.2986091445341,0.));
#1859=CARTESIAN_POINT('',(231.637618139486,-67.2986091446417,0.));
#1860=CARTESIAN_POINT('',(225.098086627166,-73.2986091445341,0.));
#1861=CARTESIAN_POINT('Origin',(224.137618140103,-70.2986090969742,0.));
#1862=CARTESIAN_POINT('',(231.637618139387,-73.2986091446417,0.));
#1863=CARTESIAN_POINT('',(216.637618139387,-73.2986091443948,0.));
#1864=CARTESIAN_POINT('',(231.637618139075,-92.2986091446413,0.));
#1865=CARTESIAN_POINT('',(231.637618139387,-73.2986091446417,0.));
#1866=CARTESIAN_POINT('',(231.637618139075,-92.2986091446413,0.));
#1867=CARTESIAN_POINT('',(48.0980866250104,-92.298609143062,0.));
#1868=CARTESIAN_POINT('',(48.0980869220157,-98.2986091430619,0.));
#1869=CARTESIAN_POINT('Origin',(47.137618137898,-95.298609190606,0.));
#1870=CARTESIAN_POINT('',(54.6376181385645,-98.2986091430619,0.));
#1871=CARTESIAN_POINT('',(39.6376181385645,-98.298609143062,0.));
#1872=CARTESIAN_POINT('',(54.6376181385645,-117.298609143062,0.));
#1873=CARTESIAN_POINT('',(54.6376181385645,-98.2986091430619,0.));
#1874=CARTESIAN_POINT('',(39.6376181385645,-117.298609143062,0.));
#1875=CARTESIAN_POINT('',(54.6376181385645,-117.298609143062,0.));
#1876=CARTESIAN_POINT('',(39.6376181385645,-98.298609143062,0.));
#1877=CARTESIAN_POINT('',(39.6376181385645,-117.298609143062,0.));
#1878=CARTESIAN_POINT('',(46.1771493537803,-98.2986091430619,0.));
#1879=CARTESIAN_POINT('',(39.6376181385645,-98.298609143062,0.));
#1880=CARTESIAN_POINT('',(43.987618137898,-95.298609190606,4.9960036108132E-15));
#1881=CARTESIAN_POINT('Origin',(47.137618137898,-95.298609190606,0.));
#1882=CARTESIAN_POINT('',(46.1771496507855,-92.298609143062,0.));
#1883=CARTESIAN_POINT('Origin',(47.137618137898,-95.298609190606,0.));
#1884=CARTESIAN_POINT('',(39.6376181385644,-92.298609143062,0.));
#1885=CARTESIAN_POINT('',(54.6376181385645,-92.298609143062,0.));
#1886=CARTESIAN_POINT('',(39.6376181385644,-73.2986091430624,0.));
#1887=CARTESIAN_POINT('',(39.6376181385644,-92.298609143062,0.));
#1888=CARTESIAN_POINT('',(46.1771496507855,-73.2986091430624,0.));
#1889=CARTESIAN_POINT('',(39.6376181385644,-73.2986091430624,0.));
#1890=CARTESIAN_POINT('',(43.9876181378979,-70.2986090955184,4.02455846426619E-15));
#1891=CARTESIAN_POINT('Origin',(47.1376181378979,-70.2986090955184,0.));
#1892=CARTESIAN_POINT('',(46.1771493537803,-67.2986091430624,0.));
#1893=CARTESIAN_POINT('Origin',(47.1376181378979,-70.2986090955184,0.));
#1894=CARTESIAN_POINT('',(39.6376181385644,-67.2986091430624,0.));
#1895=CARTESIAN_POINT('',(54.6376181385644,-67.2986091430624,0.));
#1896=CARTESIAN_POINT('',(39.6376181385644,-48.2986091430628,0.));
#1897=CARTESIAN_POINT('',(39.6376181385644,-67.2986091430624,0.));
#1898=CARTESIAN_POINT('',(54.6376181385644,-48.2986091430627,0.));
#1899=CARTESIAN_POINT('',(39.6376181385644,-48.2986091430628,0.));
#1900=CARTESIAN_POINT('',(54.6376181385644,-67.2986091430624,0.));
#1901=CARTESIAN_POINT('',(54.6376181385644,-48.2986091430627,0.));
#1902=CARTESIAN_POINT('',(48.0980869220156,-67.2986091430624,0.));
#1903=CARTESIAN_POINT('',(54.6376181385644,-67.2986091430624,0.));
#1904=CARTESIAN_POINT('',(48.0980866250104,-73.2986091430624,0.));
#1905=CARTESIAN_POINT('Origin',(47.1376181378979,-70.2986090955184,0.));
#1906=CARTESIAN_POINT('',(54.6376181385644,-73.2986091430623,0.));
#1907=CARTESIAN_POINT('',(39.6376181385644,-73.2986091430624,0.));
#1908=CARTESIAN_POINT('',(54.6376181385645,-92.298609143062,0.));
#1909=CARTESIAN_POINT('',(54.6376181385644,-73.2986091430623,0.));
#1910=CARTESIAN_POINT('',(54.6376181385645,-92.298609143062,0.));
#1911=CARTESIAN_POINT('',(232.487618136671,-43.2986090334818,7.7715611723761E-15));
#1912=CARTESIAN_POINT('Origin',(235.637618136671,-43.2986090334818,0.));
#1913=CARTESIAN_POINT('',(32.4876181391157,-132.298609033482,-2.77555756156289E-16));
#1914=CARTESIAN_POINT('Origin',(35.6376181391157,-132.298609033482,0.));
#1915=CARTESIAN_POINT('',(32.4876181391157,-43.2986090334818,-2.77555756156289E-16));
#1916=CARTESIAN_POINT('Origin',(35.6376181391157,-43.2986090334818,0.));
#1917=CARTESIAN_POINT('',(232.487618136671,-132.298609033482,7.7715611723761E-15));
#1918=CARTESIAN_POINT('Origin',(235.637618136671,-132.298609033482,0.));
#1919=CARTESIAN_POINT('',(57.016234176789,-50.1594499055101,0.));
#1920=CARTESIAN_POINT('',(63.0146201978781,-44.2986092282543,0.));
#1921=CARTESIAN_POINT('Origin',(63.0146201978827,-50.2986092431975,0.));
#1922=CARTESIAN_POINT('',(208.260616080583,-44.2986092228324,0.));
#1923=CARTESIAN_POINT('',(63.0146201978781,-44.2986092282543,0.));
#1924=CARTESIAN_POINT('',(214.259002106406,-50.1594499053582,0.));
#1925=CARTESIAN_POINT('Origin',(208.260616080584,-50.2986092431953,0.));
#1926=CARTESIAN_POINT('',(214.637618153463,-82.7986130127255,0.));
#1927=CARTESIAN_POINT('Origin',(-1192.86238176993,-82.8039111563977,0.));
#1928=CARTESIAN_POINT('',(214.259002106492,-115.437768580934,0.));
#1929=CARTESIAN_POINT('Origin',(-1192.86238176991,-82.7933073324371,0.));
#1930=CARTESIAN_POINT('',(208.260616080584,-121.298609257995,0.));
#1931=CARTESIAN_POINT('Origin',(208.260616085464,-115.298609243115,0.));
#1932=CARTESIAN_POINT('',(63.0146201978786,-121.298609263508,0.));
#1933=CARTESIAN_POINT('',(208.260616080584,-121.298609257995,0.));
#1934=CARTESIAN_POINT('',(57.0162341713456,-115.437768580948,0.));
#1935=CARTESIAN_POINT('Origin',(63.0146201978762,-115.298609243126,0.));
#1936=CARTESIAN_POINT('',(56.6376181297829,-82.7986054735757,0.));
#1937=CARTESIAN_POINT('Origin',(1464.13761804837,-82.7933073308425,0.));
#1938=CARTESIAN_POINT('Origin',(1464.13761804837,-82.8039111554601,0.));
#1939=CARTESIAN_POINT('Origin',(31.6376181391156,-136.298609033482,0.));
#1940=CARTESIAN_POINT('',(31.6376181391156,-132.298609033482,-3.));
#1941=CARTESIAN_POINT('',(31.6376181391156,-136.298609033482,-3.));
#1942=CARTESIAN_POINT('',(31.6376181391156,-132.298609033482,0.));
#1943=CARTESIAN_POINT('Origin',(35.6376181391157,-132.298609033482,0.));
#1944=CARTESIAN_POINT('',(35.6376181391157,-136.298609033482,-3.));
#1945=CARTESIAN_POINT('Origin',(35.6376181391157,-132.298609033482,-3.));
#1946=CARTESIAN_POINT('',(35.6376181391157,-136.298609033482,0.));
#1947=CARTESIAN_POINT('Origin',(235.637618136671,-132.298609033482,0.));
#1948=CARTESIAN_POINT('',(235.637618136671,-136.298609033482,-3.));
#1949=CARTESIAN_POINT('',(239.637618136671,-132.298609033482,-3.));
#1950=CARTESIAN_POINT('Origin',(235.637618136671,-132.298609033482,-3.));
#1951=CARTESIAN_POINT('',(239.637618136671,-132.298609033482,0.));
#1952=CARTESIAN_POINT('',(235.637618136671,-136.298609033482,0.));
#1953=CARTESIAN_POINT('Origin',(239.637618136671,-39.2986090334815,0.));
#1954=CARTESIAN_POINT('',(239.637618136671,-43.2986090334815,-3.));
#1955=CARTESIAN_POINT('',(239.637618136671,-39.2986090334815,-3.));
#1956=CARTESIAN_POINT('',(239.637618136671,-43.2986090334815,0.));
#1957=CARTESIAN_POINT('Origin',(235.637618136671,-43.2986090334815,0.));
#1958=CARTESIAN_POINT('',(235.637618136671,-39.2986090334815,-3.));
#1959=CARTESIAN_POINT('Origin',(235.637618136671,-43.2986090334815,-3.));
#1960=CARTESIAN_POINT('',(235.637618136671,-39.2986090334815,0.));
#1961=CARTESIAN_POINT('Origin',(224.137618139692,-95.2986091920619,-0.725));
#1962=CARTESIAN_POINT('Ctrl Pts',(223.177149652628,-92.2986091445022,7.21644966006352E-15));
#1963=CARTESIAN_POINT('Ctrl Pts',(224.137618139741,-92.298609144518,-0.292857052297321));
#1964=CARTESIAN_POINT('Ctrl Pts',(225.098086626854,-92.2986091445338,9.71445146547012E-15));
#1965=CARTESIAN_POINT('',(222.437618139692,-95.2986091920619,-1.45));
#1966=CARTESIAN_POINT('',(221.712618139692,-95.2986091920619,-0.725));
#1967=CARTESIAN_POINT('Origin',(224.137618139692,-95.2986091920619,-1.45));
#1968=CARTESIAN_POINT('Ctrl Pts',(225.09808692376,-98.2986091445337,2.77555756156289E-15));
#1969=CARTESIAN_POINT('Ctrl Pts',(224.137618139642,-98.2986091445179,-0.292857233417131));
#1970=CARTESIAN_POINT('Ctrl Pts',(223.177149355525,-98.2986091445021,6.38378239159465E-15));
#1971=CARTESIAN_POINT('Origin',(224.137618139692,-95.2986091920619,-2.));
#1972=CARTESIAN_POINT('',(222.437618139692,-95.2986091920619,-3.));
#1973=CARTESIAN_POINT('',(222.437618139692,-95.2986091920619,-2.));
#1974=CARTESIAN_POINT('Origin',(224.137618139692,-95.2986091920619,-3.));
#1975=CARTESIAN_POINT('Origin',(47.137618137898,-95.298609190606,-0.725));
#1976=CARTESIAN_POINT('Ctrl Pts',(46.1771496507855,-92.298609143062,5.68989300120393E-15));
#1977=CARTESIAN_POINT('Ctrl Pts',(47.137618137898,-92.298609143062,-0.292857052297165));
#1978=CARTESIAN_POINT('Ctrl Pts',(48.0980866250104,-92.298609143062,7.91033905045424E-15));
#1979=CARTESIAN_POINT('',(45.437618137898,-95.298609190606,-1.45));
#1980=CARTESIAN_POINT('',(44.712618137898,-95.298609190606,-0.725));
#1981=CARTESIAN_POINT('Origin',(47.137618137898,-95.298609190606,-1.45));
#1982=CARTESIAN_POINT('Ctrl Pts',(48.0980869220156,-98.298609143062,-1.38777878078145E-15));
#1983=CARTESIAN_POINT('Ctrl Pts',(47.137618137898,-98.298609143062,-0.292857233417272));
#1984=CARTESIAN_POINT('Ctrl Pts',(46.1771493537804,-98.298609143062,-1.38777878078145E-16));
#1985=CARTESIAN_POINT('Origin',(47.137618137898,-95.298609190606,-2.));
#1986=CARTESIAN_POINT('',(45.437618137898,-95.298609190606,-3.));
#1987=CARTESIAN_POINT('',(45.437618137898,-95.298609190606,-2.));
#1988=CARTESIAN_POINT('Origin',(47.137618137898,-95.298609190606,-3.));
#1989=CARTESIAN_POINT('Origin',(47.1376181378979,-70.2986090955184,-0.725));
#1990=CARTESIAN_POINT('Ctrl Pts',(48.0980866250104,-73.2986091430624,2.77555756156289E-16));
#1991=CARTESIAN_POINT('Ctrl Pts',(47.1376181378979,-73.2986091430624,-0.29285705229717));
#1992=CARTESIAN_POINT('Ctrl Pts',(46.1771496507855,-73.2986091430624,1.94289029309402E-15));
#1993=CARTESIAN_POINT('Ctrl Pts',(46.1771493537803,-67.2986091430624,2.77555756156289E-16));
#1994=CARTESIAN_POINT('Ctrl Pts',(47.1376181378979,-67.2986091430624,-0.292857233417269));
#1995=CARTESIAN_POINT('Ctrl Pts',(48.0980869220156,-67.2986091430624,2.4980018054066E-15));
#1996=CARTESIAN_POINT('',(45.4376181378979,-70.2986090955184,-1.45));
#1997=CARTESIAN_POINT('',(44.7126181378979,-70.2986090955184,-0.725));
#1998=CARTESIAN_POINT('Origin',(47.1376181378979,-70.2986090955184,-1.45));
#1999=CARTESIAN_POINT('Origin',(47.1376181378979,-70.2986090955184,-2.));
#2000=CARTESIAN_POINT('',(45.4376181378979,-70.2986090955184,-3.));
#2001=CARTESIAN_POINT('',(45.4376181378979,-70.2986090955184,-2.));
#2002=CARTESIAN_POINT('Origin',(47.1376181378979,-70.2986090955184,-3.));
#2003=CARTESIAN_POINT('Origin',(224.137618140103,-70.2986090969742,-0.725));
#2004=CARTESIAN_POINT('Ctrl Pts',(225.098086627166,-73.2986091445341,-5.13478148889135E-15));
#2005=CARTESIAN_POINT('Ctrl Pts',(224.137618140054,-73.2986091445183,-0.292857052297028));
#2006=CARTESIAN_POINT('Ctrl Pts',(223.177149652942,-73.2986091445024,-2.63677968348475E-15));
#2007=CARTESIAN_POINT('Ctrl Pts',(223.177149356035,-67.2986091445025,1.80411241501588E-15));
#2008=CARTESIAN_POINT('Ctrl Pts',(224.137618140153,-67.2986091445184,-0.292857233417436));
#2009=CARTESIAN_POINT('Ctrl Pts',(225.09808692427,-67.2986091445342,4.44089209850063E-15));
#2010=CARTESIAN_POINT('',(222.437618140103,-70.2986090969742,-1.45));
#2011=CARTESIAN_POINT('',(221.712618140103,-70.2986090969742,-0.725));
#2012=CARTESIAN_POINT('Origin',(224.137618140103,-70.2986090969742,-1.45));
#2013=CARTESIAN_POINT('Origin',(224.137618140103,-70.2986090969742,-2.));
#2014=CARTESIAN_POINT('',(222.437618140103,-70.2986090969742,-3.));
#2015=CARTESIAN_POINT('',(222.437618140103,-70.2986090969742,-2.));
#2016=CARTESIAN_POINT('Origin',(224.137618140103,-70.2986090969742,-3.));
#2017=CARTESIAN_POINT('Origin',(54.6376181385644,-73.2986091430623,0.));
#2018=CARTESIAN_POINT('',(39.6376181385644,-73.2986091430624,-3.));
#2019=CARTESIAN_POINT('',(39.6376181385644,-73.2986091430624,0.));
#2020=CARTESIAN_POINT('',(54.6376181385644,-73.2986091430623,-3.));
#2021=CARTESIAN_POINT('',(39.6376181385644,-73.2986091430624,-3.));
#2022=CARTESIAN_POINT('',(54.6376181385644,-73.2986091430623,0.));
#2023=CARTESIAN_POINT('Origin',(231.637618139387,-73.2986091446417,0.));
#2024=CARTESIAN_POINT('',(216.637618139387,-73.2986091443948,-3.));
#2025=CARTESIAN_POINT('',(216.637618139387,-73.2986091443948,0.));
#2026=CARTESIAN_POINT('',(231.637618139387,-73.2986091446417,-3.));
#2027=CARTESIAN_POINT('',(216.637618139387,-73.2986091443948,-3.));
#2028=CARTESIAN_POINT('',(231.637618139387,-73.2986091446417,0.));
#2029=CARTESIAN_POINT('Origin',(235.637618136671,-43.2986090334818,-0.725));
#2030=CARTESIAN_POINT('',(233.937618136671,-43.2986090334818,-1.45));
#2031=CARTESIAN_POINT('',(233.212618136671,-43.2986090334818,-0.725));
#2032=CARTESIAN_POINT('Origin',(235.637618136671,-43.2986090334818,-1.45));
#2033=CARTESIAN_POINT('Origin',(235.637618136671,-43.2986090334818,-2.));
#2034=CARTESIAN_POINT('',(233.937618136671,-43.2986090334818,-3.));
#2035=CARTESIAN_POINT('',(233.937618136671,-43.2986090334818,-2.));
#2036=CARTESIAN_POINT('Origin',(235.637618136671,-43.2986090334818,-3.));
#2037=CARTESIAN_POINT('Origin',(35.6376181391157,-132.298609033482,-0.725));
#2038=CARTESIAN_POINT('',(33.9376181391157,-132.298609033482,-1.45));
#2039=CARTESIAN_POINT('',(33.2126181391157,-132.298609033482,-0.725));
#2040=CARTESIAN_POINT('Origin',(35.6376181391157,-132.298609033482,-1.45));
#2041=CARTESIAN_POINT('Origin',(35.6376181391157,-132.298609033482,-2.));
#2042=CARTESIAN_POINT('',(33.9376181391157,-132.298609033482,-3.));
#2043=CARTESIAN_POINT('',(33.9376181391157,-132.298609033482,-2.));
#2044=CARTESIAN_POINT('Origin',(35.6376181391157,-132.298609033482,-3.));
#2045=CARTESIAN_POINT('Origin',(35.6376181391157,-43.2986090334818,-0.725));
#2046=CARTESIAN_POINT('',(33.9376181391157,-43.2986090334818,-1.45));
#2047=CARTESIAN_POINT('',(33.2126181391156,-43.2986090334818,-0.725));
#2048=CARTESIAN_POINT('Origin',(35.6376181391157,-43.2986090334818,-1.45));
#2049=CARTESIAN_POINT('Origin',(35.6376181391157,-43.2986090334818,-2.));
#2050=CARTESIAN_POINT('',(33.9376181391157,-43.2986090334818,-3.));
#2051=CARTESIAN_POINT('',(33.9376181391157,-43.2986090334818,-2.));
#2052=CARTESIAN_POINT('Origin',(35.6376181391157,-43.2986090334818,-3.));
#2053=CARTESIAN_POINT('Origin',(235.637618136671,-132.298609033482,-0.725));
#2054=CARTESIAN_POINT('',(233.937618136671,-132.298609033482,-1.45));
#2055=CARTESIAN_POINT('',(233.212618136671,-132.298609033482,-0.725));
#2056=CARTESIAN_POINT('Origin',(235.637618136671,-132.298609033482,-1.45));
#2057=CARTESIAN_POINT('Origin',(235.637618136671,-132.298609033482,-2.));
#2058=CARTESIAN_POINT('',(233.937618136671,-132.298609033482,-3.));
#2059=CARTESIAN_POINT('',(233.937618136671,-132.298609033482,-2.));
#2060=CARTESIAN_POINT('Origin',(235.637618136671,-132.298609033482,-3.));
#2061=CARTESIAN_POINT('Origin',(216.637618139075,-92.2986091443945,0.));
#2062=CARTESIAN_POINT('',(231.637618139075,-92.2986091446413,-3.));
#2063=CARTESIAN_POINT('',(231.637618139075,-92.2986091446413,0.));
#2064=CARTESIAN_POINT('',(216.637618139075,-92.2986091443945,-3.));
#2065=CARTESIAN_POINT('',(231.637618139075,-92.2986091446413,-3.));
#2066=CARTESIAN_POINT('',(216.637618139075,-92.2986091443945,0.));
#2067=CARTESIAN_POINT('Origin',(216.637618139387,-73.2986091443948,0.));
#2068=CARTESIAN_POINT('',(216.637618139075,-92.2986091443945,-3.));
#2069=CARTESIAN_POINT('Origin',(231.637618139075,-92.2986091446413,0.));
#2070=CARTESIAN_POINT('',(231.637618139387,-73.2986091446417,-3.));
#2071=CARTESIAN_POINT('Origin',(208.260616080583,-44.2986092234352,0.));
#2072=CARTESIAN_POINT('',(63.0146201978781,-44.2986092282543,-3.));
#2073=CARTESIAN_POINT('',(63.0146201978781,-44.2986092282543,0.));
#2074=CARTESIAN_POINT('',(208.260616080583,-44.2986092228324,-3.));
#2075=CARTESIAN_POINT('',(63.0146201978781,-44.2986092282543,-3.));
#2076=CARTESIAN_POINT('',(208.260616080583,-44.2986092228324,0.));
#2077=CARTESIAN_POINT('Origin',(208.260616080584,-50.2986092431953,0.));
#2078=CARTESIAN_POINT('',(214.259002106406,-50.1594499053582,-3.));
#2079=CARTESIAN_POINT('Origin',(208.260616080584,-50.2986092431953,-3.));
#2080=CARTESIAN_POINT('',(214.259002106406,-50.1594499053582,0.));
#2081=CARTESIAN_POINT('Origin',(-1192.86238176993,-82.8039111563977,0.));
#2082=CARTESIAN_POINT('',(214.637618153463,-82.7986130127255,-3.));
#2083=CARTESIAN_POINT('Origin',(-1192.86238176993,-82.8039111563977,-3.));
#2084=CARTESIAN_POINT('',(214.637618153463,-82.7986130127255,0.));
#2085=CARTESIAN_POINT('Origin',(-1192.86238176991,-82.7933073324371,0.));
#2086=CARTESIAN_POINT('',(214.259002106492,-115.437768580934,-3.));
#2087=CARTESIAN_POINT('Origin',(-1192.86238176991,-82.7933073324371,-3.));
#2088=CARTESIAN_POINT('',(214.259002106492,-115.437768580934,0.));
#2089=CARTESIAN_POINT('Origin',(208.260616085464,-115.298609243115,0.));
#2090=CARTESIAN_POINT('',(208.260616080584,-121.298609257995,-3.));
#2091=CARTESIAN_POINT('Origin',(208.260616085464,-115.298609243115,-3.));
#2092=CARTESIAN_POINT('',(208.260616080584,-121.298609257995,0.));
#2093=CARTESIAN_POINT('Origin',(63.0146201978786,-121.298609262884,0.));
#2094=CARTESIAN_POINT('',(63.0146201978786,-121.298609263508,-3.));
#2095=CARTESIAN_POINT('',(208.260616080584,-121.298609257995,-3.));
#2096=CARTESIAN_POINT('',(63.0146201978786,-121.298609263508,0.));
#2097=CARTESIAN_POINT('Origin',(63.0146201978762,-115.298609243126,0.));
#2098=CARTESIAN_POINT('',(57.0162341713456,-115.437768580948,-3.));
#2099=CARTESIAN_POINT('Origin',(63.0146201978762,-115.298609243126,-3.));
#2100=CARTESIAN_POINT('',(57.0162341713456,-115.437768580948,0.));
#2101=CARTESIAN_POINT('Origin',(1464.13761804837,-82.7933073308425,0.));
#2102=CARTESIAN_POINT('',(56.6376181297829,-82.7986054735757,-3.));
#2103=CARTESIAN_POINT('Origin',(1464.13761804837,-82.7933073308425,-3.));
#2104=CARTESIAN_POINT('',(56.6376181297829,-82.7986054735757,0.));
#2105=CARTESIAN_POINT('Origin',(1464.13761804837,-82.8039111554601,0.));
#2106=CARTESIAN_POINT('',(57.016234176789,-50.1594499055101,-3.));
#2107=CARTESIAN_POINT('Origin',(1464.13761804837,-82.8039111554601,-3.));
#2108=CARTESIAN_POINT('',(57.016234176789,-50.1594499055101,0.));
#2109=CARTESIAN_POINT('Origin',(63.0146201978827,-50.2986092431975,0.));
#2110=CARTESIAN_POINT('Origin',(63.0146201978827,-50.2986092431975,-3.));
#2111=CARTESIAN_POINT('Origin',(39.6376181385644,-92.298609143062,0.));
#2112=CARTESIAN_POINT('',(54.6376181385645,-92.298609143062,-3.));
#2113=CARTESIAN_POINT('',(54.6376181385645,-92.298609143062,0.));
#2114=CARTESIAN_POINT('',(39.6376181385644,-92.298609143062,-3.));
#2115=CARTESIAN_POINT('',(54.6376181385645,-92.298609143062,-3.));
#2116=CARTESIAN_POINT('',(39.6376181385644,-92.298609143062,0.));
#2117=CARTESIAN_POINT('Origin',(39.6376181385644,-73.2986091430624,0.));
#2118=CARTESIAN_POINT('',(39.6376181385644,-92.298609143062,-3.));
#2119=CARTESIAN_POINT('Origin',(54.6376181385645,-92.298609143062,0.));
#2120=CARTESIAN_POINT('',(54.6376181385644,-73.2986091430623,-3.));
#2121=CARTESIAN_POINT('Origin',(54.6376181385644,-67.2986091430624,0.));
#2122=CARTESIAN_POINT('',(54.6376181385644,-48.2986091430627,-3.));
#2123=CARTESIAN_POINT('',(54.6376181385644,-48.2986091430627,0.));
#2124=CARTESIAN_POINT('',(54.6376181385644,-67.2986091430624,-3.));
#2125=CARTESIAN_POINT('',(54.6376181385644,-48.2986091430627,-3.));
#2126=CARTESIAN_POINT('',(54.6376181385644,-67.2986091430624,0.));
#2127=CARTESIAN_POINT('Origin',(39.6376181385644,-67.2986091430624,0.));
#2128=CARTESIAN_POINT('',(39.6376181385644,-67.2986091430624,-3.));
#2129=CARTESIAN_POINT('',(54.6376181385644,-67.2986091430624,-3.));
#2130=CARTESIAN_POINT('',(39.6376181385644,-67.2986091430624,0.));
#2131=CARTESIAN_POINT('Origin',(39.6376181385644,-48.2986091430628,0.));
#2132=CARTESIAN_POINT('',(39.6376181385644,-48.2986091430628,-3.));
#2133=CARTESIAN_POINT('',(39.6376181385644,-67.2986091430624,-3.));
#2134=CARTESIAN_POINT('',(39.6376181385644,-48.2986091430628,0.));
#2135=CARTESIAN_POINT('Origin',(54.6376181385644,-48.2986091430627,0.));
#2136=CARTESIAN_POINT('',(39.6376181385644,-48.2986091430628,-3.));
#2137=CARTESIAN_POINT('Origin',(216.637618139486,-67.2986091443949,0.));
#2138=CARTESIAN_POINT('',(231.637618139486,-67.2986091446417,-3.));
#2139=CARTESIAN_POINT('',(231.637618139486,-67.2986091446417,0.));
#2140=CARTESIAN_POINT('',(216.637618139486,-67.2986091443949,-3.));
#2141=CARTESIAN_POINT('',(231.637618139486,-67.2986091446417,-3.));
#2142=CARTESIAN_POINT('',(216.637618139486,-67.2986091443949,0.));
#2143=CARTESIAN_POINT('Origin',(216.637618139799,-48.2986091443953,0.));
#2144=CARTESIAN_POINT('',(216.637618139799,-48.2986091443953,-3.));
#2145=CARTESIAN_POINT('',(216.637618139486,-67.2986091443949,-3.));
#2146=CARTESIAN_POINT('',(216.637618139799,-48.2986091443953,0.));
#2147=CARTESIAN_POINT('Origin',(231.637618139799,-48.2986091446421,0.));
#2148=CARTESIAN_POINT('',(231.637618139799,-48.2986091446421,-3.));
#2149=CARTESIAN_POINT('',(216.637618139799,-48.2986091443953,-3.));
#2150=CARTESIAN_POINT('',(231.637618139799,-48.2986091446421,0.));
#2151=CARTESIAN_POINT('Origin',(231.637618139486,-67.2986091446417,0.));
#2152=CARTESIAN_POINT('',(231.637618139799,-48.2986091446421,-3.));
#2153=CARTESIAN_POINT('Origin',(231.637618138663,-117.298609144641,0.));
#2154=CARTESIAN_POINT('',(231.637618138976,-98.2986091446413,-3.));
#2155=CARTESIAN_POINT('',(231.637618138976,-98.2986091446413,0.));
#2156=CARTESIAN_POINT('',(231.637618138663,-117.298609144641,-3.));
#2157=CARTESIAN_POINT('',(231.637618138976,-98.2986091446413,-3.));
#2158=CARTESIAN_POINT('',(231.637618138663,-117.298609144641,0.));
#2159=CARTESIAN_POINT('Origin',(216.637618138663,-117.298609144394,0.));
#2160=CARTESIAN_POINT('',(216.637618138663,-117.298609144394,-3.));
#2161=CARTESIAN_POINT('',(231.637618138663,-117.298609144641,-3.));
#2162=CARTESIAN_POINT('',(216.637618138663,-117.298609144394,0.));
#2163=CARTESIAN_POINT('Origin',(216.637618138976,-98.2986091443945,0.));
#2164=CARTESIAN_POINT('',(216.637618138976,-98.2986091443945,-3.));
#2165=CARTESIAN_POINT('',(216.637618138663,-117.298609144394,-3.));
#2166=CARTESIAN_POINT('',(216.637618138976,-98.2986091443945,0.));
#2167=CARTESIAN_POINT('Origin',(231.637618138976,-98.2986091446413,0.));
#2168=CARTESIAN_POINT('',(216.637618138976,-98.2986091443945,-3.));
#2169=CARTESIAN_POINT('Origin',(54.6376181385645,-117.298609143062,0.));
#2170=CARTESIAN_POINT('',(54.6376181385645,-98.2986091430619,-3.));
#2171=CARTESIAN_POINT('',(54.6376181385645,-98.2986091430619,0.));
#2172=CARTESIAN_POINT('',(54.6376181385645,-117.298609143062,-3.));
#2173=CARTESIAN_POINT('',(54.6376181385645,-98.2986091430619,-3.));
#2174=CARTESIAN_POINT('',(54.6376181385645,-117.298609143062,0.));
#2175=CARTESIAN_POINT('Origin',(39.6376181385645,-117.298609143062,0.));
#2176=CARTESIAN_POINT('',(39.6376181385645,-117.298609143062,-3.));
#2177=CARTESIAN_POINT('',(54.6376181385645,-117.298609143062,-3.));
#2178=CARTESIAN_POINT('',(39.6376181385645,-117.298609143062,0.));
#2179=CARTESIAN_POINT('Origin',(39.6376181385645,-98.298609143062,0.));
#2180=CARTESIAN_POINT('',(39.6376181385645,-98.298609143062,-3.));
#2181=CARTESIAN_POINT('',(39.6376181385645,-117.298609143062,-3.));
#2182=CARTESIAN_POINT('',(39.6376181385645,-98.298609143062,0.));
#2183=CARTESIAN_POINT('Origin',(54.6376181385645,-98.2986091430619,0.));
#2184=CARTESIAN_POINT('',(39.6376181385645,-98.298609143062,-3.));
#2185=CARTESIAN_POINT('Origin',(31.6376181391156,-39.2986090334818,0.));
#2186=CARTESIAN_POINT('',(31.6376181391156,-39.2986090334818,-3.));
#2187=CARTESIAN_POINT('Origin',(239.637618136671,-136.298609033482,0.));
#2188=CARTESIAN_POINT('',(239.637618136671,-136.298609033482,-3.));
#2189=CARTESIAN_POINT('Origin',(135.637618137893,-87.7986090334817,-3.));
#2190=UNCERTAINTY_MEASURE_WITH_UNIT(LENGTH_MEASURE(0.01),#2194,
'DISTANCE_ACCURACY_VALUE',
'Maximum model space distance between geometric entities at asserted c
onnectivities');
#2191=UNCERTAINTY_MEASURE_WITH_UNIT(LENGTH_MEASURE(0.01),#2194,
'DISTANCE_ACCURACY_VALUE',
'Maximum model space distance between geometric entities at asserted c
onnectivities');
#2192=(
GEOMETRIC_REPRESENTATION_CONTEXT(3)
GLOBAL_UNCERTAINTY_ASSIGNED_CONTEXT((#2190))
GLOBAL_UNIT_ASSIGNED_CONTEXT((#2194,#2196,#2197))
REPRESENTATION_CONTEXT('','3D')
);
#2193=(
GEOMETRIC_REPRESENTATION_CONTEXT(3)
GLOBAL_UNCERTAINTY_ASSIGNED_CONTEXT((#2191))
GLOBAL_UNIT_ASSIGNED_CONTEXT((#2194,#2196,#2197))
REPRESENTATION_CONTEXT('','3D')
);
#2194=(
LENGTH_UNIT()
NAMED_UNIT(*)
SI_UNIT(.MILLI.,.METRE.)
);
#2195=(
LENGTH_UNIT()
NAMED_UNIT(*)
SI_UNIT($,.METRE.)
);
#2196=(
NAMED_UNIT(*)
PLANE_ANGLE_UNIT()
SI_UNIT($,.RADIAN.)
);
#2197=(
NAMED_UNIT(*)
SI_UNIT($,.STERADIAN.)
SOLID_ANGLE_UNIT()
);
#2198=SHAPE_DEFINITION_REPRESENTATION(#2199,#2200);
#2199=PRODUCT_DEFINITION_SHAPE('',$,#2202);
#2200=SHAPE_REPRESENTATION('',(#1322),#2192);
#2201=PRODUCT_DEFINITION_CONTEXT('part definition',#2206,'design');
#2202=PRODUCT_DEFINITION('Module H Plate','Module H Plate',#2203,#2201);
#2203=PRODUCT_DEFINITION_FORMATION('',$,#2208);
#2204=PRODUCT_RELATED_PRODUCT_CATEGORY('Module H Plate',
'Module H Plate',(#2208));
#2205=APPLICATION_PROTOCOL_DEFINITION('international standard',
'automotive_design',2009,#2206);
#2206=APPLICATION_CONTEXT(
'Core Data for Automotive Mechanical Design Process');
#2207=PRODUCT_CONTEXT('part definition',#2206,'mechanical');
#2208=PRODUCT('Module H Plate','Module H Plate',$,(#2207));
#2209=PRESENTATION_STYLE_ASSIGNMENT((#2211));
#2210=PRESENTATION_STYLE_ASSIGNMENT((#2212));
#2211=SURFACE_STYLE_USAGE(.BOTH.,#2213);
#2212=SURFACE_STYLE_USAGE(.BOTH.,#2214);
#2213=SURFACE_SIDE_STYLE('',(#2215));
#2214=SURFACE_SIDE_STYLE('',(#2216));
#2215=SURFACE_STYLE_FILL_AREA(#2217);
#2216=SURFACE_STYLE_FILL_AREA(#2218);
#2217=FILL_AREA_STYLE('Steel - Satin',(#2219));
#2218=FILL_AREA_STYLE('Plastic - Matte (Black) (1)',(#2220));
#2219=FILL_AREA_STYLE_COLOUR('Steel - Satin',#2221);
#2220=FILL_AREA_STYLE_COLOUR('Plastic - Matte (Black) (1)',#2222);
#2221=COLOUR_RGB('Steel - Satin',0.627450980392157,0.627450980392157,0.627450980392157);
#2222=COLOUR_RGB('Plastic - Matte (Black) (1)',0.47843137254902,0.474509803921569,
0.474509803921569);
ENDSEC;
END-ISO-10303-21;
