ISO-10303-21;
HEADER;
/* Generated by software containing ST-Developer
 * from STEP Tools, Inc. (www.steptools.com) 
 */

FILE_DESCRIPTION(
/* description */ (''),
/* implementation_level */ '2;1');

FILE_NAME(
/* name */ 
'C:/Users/anton/Documents/Kerbal Space Program/Kerbal_Control_Panel/KC
P2-physical/CAD/ForManufacture/Aluminum/Panel Bottom Plate/Panel_Botto
mPlate_v98_FlatPattern.step',
/* time_stamp */ '2021-03-29T22:00:36-06:00',
/* author */ (''),
/* organization */ (''),
/* preprocessor_version */ 'ST-DEVELOPER v18.1',
/* originating_system */ 'Autodesk Translation Framework v9.10.0.1330',

/* authorisation */ '');

FILE_SCHEMA (('AUTOMOTIVE_DESIGN { 1 0 10303 214 3 1 1 }'));
ENDSEC;

DATA;
#10=MECHANICAL_DESIGN_GEOMETRIC_PRESENTATION_REPRESENTATION('',(#246,#247,
#248,#249,#250,#251,#252,#253,#254,#255,#256,#257,#258,#259,#260,#261,#262,
#263,#264,#265,#266,#267,#268,#269,#270,#271,#272,#273,#274,#275,#276,#277,
#278,#279,#280,#281,#282,#283,#284,#285,#286,#287,#288,#289,#290,#291,#292,
#293,#294,#295,#296,#297,#298,#299,#300,#301,#302,#303,#304,#305,#306,#307,
#308,#309,#310,#311,#312,#313,#314,#315,#316,#317,#318,#319,#320,#321,#322,
#323,#324),#5851);
#11=SHAPE_REPRESENTATION_RELATIONSHIP('SRR','None',#5858,#12);
#12=ADVANCED_BREP_SHAPE_REPRESENTATION('',(#13),#5850);
#13=MANIFOLD_SOLID_BREP('Body1',#3455);
#14=FACE_BOUND('',#662,.T.);
#15=FACE_BOUND('',#663,.T.);
#16=FACE_BOUND('',#664,.T.);
#17=FACE_BOUND('',#665,.T.);
#18=FACE_BOUND('',#666,.T.);
#19=FACE_BOUND('',#667,.T.);
#20=FACE_BOUND('',#668,.T.);
#21=FACE_BOUND('',#669,.T.);
#22=FACE_BOUND('',#670,.T.);
#23=FACE_BOUND('',#673,.T.);
#24=FACE_BOUND('',#674,.T.);
#25=FACE_BOUND('',#675,.T.);
#26=FACE_BOUND('',#676,.T.);
#27=FACE_BOUND('',#677,.T.);
#28=FACE_BOUND('',#678,.T.);
#29=FACE_BOUND('',#679,.T.);
#30=FACE_BOUND('',#680,.T.);
#31=FACE_BOUND('',#681,.T.);
#32=FACE_BOUND('',#682,.T.);
#33=FACE_BOUND('',#684,.T.);
#34=FACE_BOUND('',#685,.T.);
#35=FACE_BOUND('',#686,.T.);
#36=FACE_BOUND('',#687,.T.);
#37=FACE_BOUND('',#688,.T.);
#38=FACE_BOUND('',#689,.T.);
#39=FACE_BOUND('',#690,.T.);
#40=FACE_BOUND('',#691,.T.);
#41=FACE_BOUND('',#692,.T.);
#42=FACE_BOUND('',#693,.T.);
#43=FACE_BOUND('',#708,.T.);
#44=FACE_BOUND('',#709,.T.);
#45=FACE_BOUND('',#710,.T.);
#46=FACE_BOUND('',#711,.T.);
#47=FACE_BOUND('',#712,.T.);
#48=FACE_BOUND('',#713,.T.);
#49=FACE_BOUND('',#714,.T.);
#50=FACE_BOUND('',#715,.T.);
#51=FACE_BOUND('',#716,.T.);
#52=FACE_BOUND('',#720,.T.);
#53=FACE_BOUND('',#721,.T.);
#54=FACE_BOUND('',#722,.T.);
#55=FACE_BOUND('',#723,.T.);
#56=FACE_BOUND('',#724,.T.);
#57=FACE_BOUND('',#725,.T.);
#58=FACE_BOUND('',#726,.T.);
#59=FACE_BOUND('',#727,.T.);
#60=FACE_BOUND('',#728,.T.);
#61=FACE_BOUND('',#729,.T.);
#62=FACE_BOUND('',#730,.T.);
#63=FACE_BOUND('',#731,.T.);
#64=FACE_BOUND('',#732,.T.);
#65=FACE_BOUND('',#733,.T.);
#66=FACE_BOUND('',#734,.T.);
#67=FACE_BOUND('',#735,.T.);
#68=FACE_BOUND('',#736,.T.);
#69=FACE_BOUND('',#737,.T.);
#70=FACE_BOUND('',#738,.T.);
#71=FACE_BOUND('',#739,.T.);
#72=FACE_BOUND('',#740,.T.);
#73=FACE_BOUND('',#741,.T.);
#74=FACE_BOUND('',#742,.T.);
#75=FACE_BOUND('',#743,.T.);
#76=FACE_BOUND('',#744,.T.);
#77=FACE_BOUND('',#745,.T.);
#78=FACE_BOUND('',#746,.T.);
#79=FACE_BOUND('',#747,.T.);
#80=FACE_BOUND('',#748,.T.);
#81=FACE_BOUND('',#749,.T.);
#82=FACE_BOUND('',#750,.T.);
#83=FACE_BOUND('',#751,.T.);
#84=FACE_BOUND('',#752,.T.);
#85=FACE_BOUND('',#753,.T.);
#86=FACE_BOUND('',#754,.T.);
#87=FACE_BOUND('',#755,.T.);
#88=FACE_BOUND('',#756,.T.);
#89=FACE_BOUND('',#757,.T.);
#90=FACE_BOUND('',#758,.T.);
#91=FACE_BOUND('',#759,.T.);
#92=FACE_BOUND('',#760,.T.);
#93=FACE_BOUND('',#761,.T.);
#94=FACE_BOUND('',#762,.T.);
#95=FACE_BOUND('',#763,.T.);
#96=FACE_BOUND('',#764,.T.);
#97=FACE_BOUND('',#765,.T.);
#98=FACE_BOUND('',#766,.T.);
#99=FACE_BOUND('',#767,.T.);
#100=FACE_BOUND('',#768,.T.);
#101=FACE_BOUND('',#772,.T.);
#102=FACE_BOUND('',#773,.T.);
#103=FACE_BOUND('',#774,.T.);
#104=FACE_BOUND('',#775,.T.);
#105=FACE_BOUND('',#776,.T.);
#106=FACE_BOUND('',#777,.T.);
#107=FACE_BOUND('',#778,.T.);
#108=FACE_BOUND('',#779,.T.);
#109=FACE_BOUND('',#780,.T.);
#110=FACE_BOUND('',#781,.T.);
#111=FACE_BOUND('',#782,.T.);
#112=FACE_BOUND('',#783,.T.);
#113=FACE_BOUND('',#784,.T.);
#114=FACE_BOUND('',#785,.T.);
#115=FACE_BOUND('',#786,.T.);
#116=FACE_BOUND('',#787,.T.);
#117=FACE_BOUND('',#788,.T.);
#118=FACE_BOUND('',#789,.T.);
#119=FACE_BOUND('',#790,.T.);
#120=FACE_BOUND('',#791,.T.);
#121=FACE_BOUND('',#792,.T.);
#122=FACE_BOUND('',#793,.T.);
#123=FACE_BOUND('',#794,.T.);
#124=FACE_BOUND('',#795,.T.);
#125=FACE_BOUND('',#796,.T.);
#126=FACE_BOUND('',#797,.T.);
#127=FACE_BOUND('',#798,.T.);
#128=FACE_BOUND('',#799,.T.);
#129=FACE_BOUND('',#800,.T.);
#130=FACE_BOUND('',#801,.T.);
#131=FACE_BOUND('',#802,.T.);
#132=FACE_BOUND('',#803,.T.);
#133=FACE_BOUND('',#804,.T.);
#134=FACE_BOUND('',#805,.T.);
#135=FACE_BOUND('',#806,.T.);
#136=FACE_BOUND('',#807,.T.);
#137=FACE_BOUND('',#808,.T.);
#138=FACE_BOUND('',#809,.T.);
#139=FACE_BOUND('',#810,.T.);
#140=FACE_BOUND('',#811,.T.);
#141=FACE_BOUND('',#812,.T.);
#142=FACE_BOUND('',#813,.T.);
#143=FACE_BOUND('',#814,.T.);
#144=FACE_BOUND('',#815,.T.);
#145=FACE_BOUND('',#816,.T.);
#146=FACE_BOUND('',#817,.T.);
#147=FACE_BOUND('',#818,.T.);
#148=FACE_BOUND('',#819,.T.);
#149=FACE_BOUND('',#820,.T.);
#150=CONICAL_SURFACE('',#3530,2.425,0.785398163397448);
#151=CONICAL_SURFACE('',#3535,2.425,0.785398163397448);
#152=CONICAL_SURFACE('',#3540,2.425,0.785398163397448);
#153=CONICAL_SURFACE('',#3545,2.425,0.785398163397448);
#154=CONICAL_SURFACE('',#3550,2.425,0.785398163397448);
#155=CONICAL_SURFACE('',#3555,2.425,0.785398163397448);
#156=CONICAL_SURFACE('',#3560,2.425,0.785398163397448);
#157=CONICAL_SURFACE('',#3565,2.425,0.785398163397448);
#158=CONICAL_SURFACE('',#3570,2.425,0.785398163397448);
#159=CONICAL_SURFACE('',#3575,2.425,0.785398163397448);
#160=CONICAL_SURFACE('',#3580,2.425,0.785398163397448);
#161=CONICAL_SURFACE('',#3585,2.425,0.785398163397448);
#162=CONICAL_SURFACE('',#3590,2.425,0.785398163397448);
#163=CONICAL_SURFACE('',#3595,2.425,0.785398163397448);
#164=CONICAL_SURFACE('',#3600,2.425,0.785398163397448);
#165=CONICAL_SURFACE('',#3605,2.425,0.785398163397448);
#166=CONICAL_SURFACE('',#3610,2.425,0.785398163397448);
#167=CONICAL_SURFACE('',#3615,2.425,0.785398163397448);
#168=CONICAL_SURFACE('',#3620,3.23225,0.715584993317675);
#169=CONICAL_SURFACE('',#3625,3.23225,0.715584993317675);
#170=CONICAL_SURFACE('',#3630,3.23225,0.715584993317675);
#171=CONICAL_SURFACE('',#3635,3.23225,0.715584993317675);
#172=CONICAL_SURFACE('',#3640,3.23225,0.715584993317675);
#173=CONICAL_SURFACE('',#3645,3.23225,0.715584993317675);
#174=CONICAL_SURFACE('',#3650,3.23225,0.715584993317675);
#175=CONICAL_SURFACE('',#3655,3.23225,0.715584993317675);
#176=CONICAL_SURFACE('',#3660,3.23225,0.715584993317675);
#177=CONICAL_SURFACE('',#3665,3.23225,0.715584993317675);
#178=CONICAL_SURFACE('',#3670,3.23225,0.715584993317675);
#179=CONICAL_SURFACE('',#3675,3.23225,0.715584993317675);
#180=CONICAL_SURFACE('',#3680,3.23225,0.715584993317675);
#181=CONICAL_SURFACE('',#3685,3.23225,0.715584993317675);
#182=CONICAL_SURFACE('',#3690,3.23225,0.715584993317675);
#183=CONICAL_SURFACE('',#3695,3.23225,0.715584993317675);
#184=CONICAL_SURFACE('',#3700,2.24475,0.715584993317675);
#185=CONICAL_SURFACE('',#3705,2.24475,0.715584993317675);
#186=CONICAL_SURFACE('',#3710,2.24475,0.715584993317675);
#187=CONICAL_SURFACE('',#3715,2.24475,0.715584993317675);
#188=CONICAL_SURFACE('',#3720,2.24475,0.715584993317675);
#189=CONICAL_SURFACE('',#3725,2.24475,0.715584993317675);
#190=CONICAL_SURFACE('',#3730,2.24475,0.715584993317675);
#191=CONICAL_SURFACE('',#3735,2.24475,0.715584993317675);
#192=CONICAL_SURFACE('',#3740,2.24475,0.715584993317675);
#193=CONICAL_SURFACE('',#3745,2.24475,0.715584993317675);
#194=CONICAL_SURFACE('',#3750,2.24475,0.715584993317675);
#195=CONICAL_SURFACE('',#3755,2.24475,0.715584993317675);
#196=CONICAL_SURFACE('',#3760,3.23225,0.715584993317675);
#197=CONICAL_SURFACE('',#3765,3.23225,0.715584993317675);
#198=CONICAL_SURFACE('',#3770,3.23225,0.715584993317675);
#199=CONICAL_SURFACE('',#3775,3.23225,0.715584993317675);
#200=CONICAL_SURFACE('',#3780,2.425,0.785398163397448);
#201=CONICAL_SURFACE('',#3785,2.425,0.785398163397448);
#202=CONICAL_SURFACE('',#3790,2.425,0.785398163397448);
#203=CONICAL_SURFACE('',#3795,2.425,0.785398163397448);
#204=CONICAL_SURFACE('',#3800,2.425,0.785398163397448);
#205=CONICAL_SURFACE('',#3805,2.425,0.785398163397448);
#206=PLANE('',#3481);
#207=PLANE('',#3485);
#208=PLANE('',#3489);
#209=PLANE('',#3493);
#210=PLANE('',#3497);
#211=PLANE('',#3501);
#212=PLANE('',#3505);
#213=PLANE('',#3509);
#214=PLANE('',#3513);
#215=PLANE('',#3517);
#216=PLANE('',#3819);
#217=PLANE('',#3820);
#218=PLANE('',#3830);
#219=PLANE('',#3831);
#220=PLANE('',#3832);
#221=PLANE('',#3845);
#222=PLANE('',#3849);
#223=PLANE('',#3850);
#224=PLANE('',#3851);
#225=PLANE('',#3852);
#226=PLANE('',#3853);
#227=PLANE('',#3854);
#228=PLANE('',#3855);
#229=PLANE('',#3856);
#230=PLANE('',#3857);
#231=PLANE('',#3858);
#232=PLANE('',#3859);
#233=PLANE('',#3860);
#234=PLANE('',#3861);
#235=PLANE('',#3862);
#236=PLANE('',#3863);
#237=PLANE('',#3864);
#238=PLANE('',#3865);
#239=PLANE('',#3866);
#240=PLANE('',#3867);
#241=PLANE('',#3868);
#242=PLANE('',#3869);
#243=PLANE('',#3870);
#244=PLANE('',#3871);
#245=PLANE('',#3872);
#246=STYLED_ITEM('',(#5869),#3278);
#247=STYLED_ITEM('',(#5869),#3279);
#248=STYLED_ITEM('',(#5869),#3280);
#249=STYLED_ITEM('',(#5869),#3281);
#250=STYLED_ITEM('',(#5869),#3282);
#251=STYLED_ITEM('',(#5869),#3283);
#252=STYLED_ITEM('',(#5869),#3284);
#253=STYLED_ITEM('',(#5869),#3285);
#254=STYLED_ITEM('',(#5869),#3286);
#255=STYLED_ITEM('',(#5869),#3287);
#256=STYLED_ITEM('',(#5869),#3288);
#257=STYLED_ITEM('',(#5869),#3289);
#258=STYLED_ITEM('',(#5869),#3302);
#259=STYLED_ITEM('',(#5869),#3304);
#260=STYLED_ITEM('',(#5869),#3306);
#261=STYLED_ITEM('',(#5869),#3308);
#262=STYLED_ITEM('',(#5869),#3310);
#263=STYLED_ITEM('',(#5869),#3312);
#264=STYLED_ITEM('',(#5869),#3314);
#265=STYLED_ITEM('',(#5869),#3316);
#266=STYLED_ITEM('',(#5869),#3318);
#267=STYLED_ITEM('',(#5869),#3320);
#268=STYLED_ITEM('',(#5869),#3322);
#269=STYLED_ITEM('',(#5869),#3324);
#270=STYLED_ITEM('',(#5869),#3326);
#271=STYLED_ITEM('',(#5869),#3328);
#272=STYLED_ITEM('',(#5869),#3330);
#273=STYLED_ITEM('',(#5869),#3332);
#274=STYLED_ITEM('',(#5869),#3334);
#275=STYLED_ITEM('',(#5869),#3336);
#276=STYLED_ITEM('',(#5869),#3338);
#277=STYLED_ITEM('',(#5869),#3340);
#278=STYLED_ITEM('',(#5869),#3342);
#279=STYLED_ITEM('',(#5869),#3344);
#280=STYLED_ITEM('',(#5869),#3346);
#281=STYLED_ITEM('',(#5869),#3348);
#282=STYLED_ITEM('',(#5869),#3350);
#283=STYLED_ITEM('',(#5869),#3352);
#284=STYLED_ITEM('',(#5869),#3354);
#285=STYLED_ITEM('',(#5869),#3356);
#286=STYLED_ITEM('',(#5869),#3358);
#287=STYLED_ITEM('',(#5869),#3360);
#288=STYLED_ITEM('',(#5869),#3362);
#289=STYLED_ITEM('',(#5869),#3364);
#290=STYLED_ITEM('',(#5869),#3366);
#291=STYLED_ITEM('',(#5869),#3368);
#292=STYLED_ITEM('',(#5869),#3374);
#293=STYLED_ITEM('',(#5869),#3376);
#294=STYLED_ITEM('',(#5869),#3378);
#295=STYLED_ITEM('',(#5869),#3380);
#296=STYLED_ITEM('',(#5869),#3382);
#297=STYLED_ITEM('',(#5869),#3384);
#298=STYLED_ITEM('',(#5869),#3386);
#299=STYLED_ITEM('',(#5869),#3388);
#300=STYLED_ITEM('',(#5869),#3394);
#301=STYLED_ITEM('',(#5869),#3396);
#302=STYLED_ITEM('',(#5869),#3398);
#303=STYLED_ITEM('',(#5869),#3400);
#304=STYLED_ITEM('',(#5869),#3402);
#305=STYLED_ITEM('',(#5869),#3404);
#306=STYLED_ITEM('',(#5869),#3406);
#307=STYLED_ITEM('',(#5869),#3408);
#308=STYLED_ITEM('',(#5869),#3410);
#309=STYLED_ITEM('',(#5869),#3412);
#310=STYLED_ITEM('',(#5869),#3414);
#311=STYLED_ITEM('',(#5869),#3416);
#312=STYLED_ITEM('',(#5869),#3433);
#313=STYLED_ITEM('',(#5869),#3435);
#314=STYLED_ITEM('',(#5869),#3437);
#315=STYLED_ITEM('',(#5869),#3439);
#316=STYLED_ITEM('',(#5869),#3442);
#317=STYLED_ITEM('',(#5869),#3443);
#318=STYLED_ITEM('',(#5869),#3445);
#319=STYLED_ITEM('',(#5869),#3448);
#320=STYLED_ITEM('',(#5869),#3450);
#321=STYLED_ITEM('',(#5869),#3451);
#322=STYLED_ITEM('',(#5869),#3452);
#323=STYLED_ITEM('',(#5869),#3453);
#324=STYLED_ITEM('',(#5868),#13);
#325=FACE_OUTER_BOUND('',#505,.T.);
#326=FACE_OUTER_BOUND('',#506,.T.);
#327=FACE_OUTER_BOUND('',#507,.T.);
#328=FACE_OUTER_BOUND('',#508,.T.);
#329=FACE_OUTER_BOUND('',#509,.T.);
#330=FACE_OUTER_BOUND('',#510,.T.);
#331=FACE_OUTER_BOUND('',#511,.T.);
#332=FACE_OUTER_BOUND('',#512,.T.);
#333=FACE_OUTER_BOUND('',#513,.T.);
#334=FACE_OUTER_BOUND('',#514,.T.);
#335=FACE_OUTER_BOUND('',#515,.T.);
#336=FACE_OUTER_BOUND('',#516,.T.);
#337=FACE_OUTER_BOUND('',#517,.T.);
#338=FACE_OUTER_BOUND('',#518,.T.);
#339=FACE_OUTER_BOUND('',#519,.T.);
#340=FACE_OUTER_BOUND('',#520,.T.);
#341=FACE_OUTER_BOUND('',#521,.T.);
#342=FACE_OUTER_BOUND('',#522,.T.);
#343=FACE_OUTER_BOUND('',#523,.T.);
#344=FACE_OUTER_BOUND('',#524,.T.);
#345=FACE_OUTER_BOUND('',#525,.T.);
#346=FACE_OUTER_BOUND('',#526,.T.);
#347=FACE_OUTER_BOUND('',#527,.T.);
#348=FACE_OUTER_BOUND('',#528,.T.);
#349=FACE_OUTER_BOUND('',#529,.T.);
#350=FACE_OUTER_BOUND('',#530,.T.);
#351=FACE_OUTER_BOUND('',#531,.T.);
#352=FACE_OUTER_BOUND('',#532,.T.);
#353=FACE_OUTER_BOUND('',#533,.T.);
#354=FACE_OUTER_BOUND('',#534,.T.);
#355=FACE_OUTER_BOUND('',#535,.T.);
#356=FACE_OUTER_BOUND('',#536,.T.);
#357=FACE_OUTER_BOUND('',#537,.T.);
#358=FACE_OUTER_BOUND('',#538,.T.);
#359=FACE_OUTER_BOUND('',#539,.T.);
#360=FACE_OUTER_BOUND('',#540,.T.);
#361=FACE_OUTER_BOUND('',#541,.T.);
#362=FACE_OUTER_BOUND('',#542,.T.);
#363=FACE_OUTER_BOUND('',#543,.T.);
#364=FACE_OUTER_BOUND('',#544,.T.);
#365=FACE_OUTER_BOUND('',#545,.T.);
#366=FACE_OUTER_BOUND('',#546,.T.);
#367=FACE_OUTER_BOUND('',#547,.T.);
#368=FACE_OUTER_BOUND('',#548,.T.);
#369=FACE_OUTER_BOUND('',#549,.T.);
#370=FACE_OUTER_BOUND('',#550,.T.);
#371=FACE_OUTER_BOUND('',#551,.T.);
#372=FACE_OUTER_BOUND('',#552,.T.);
#373=FACE_OUTER_BOUND('',#553,.T.);
#374=FACE_OUTER_BOUND('',#554,.T.);
#375=FACE_OUTER_BOUND('',#555,.T.);
#376=FACE_OUTER_BOUND('',#556,.T.);
#377=FACE_OUTER_BOUND('',#557,.T.);
#378=FACE_OUTER_BOUND('',#558,.T.);
#379=FACE_OUTER_BOUND('',#559,.T.);
#380=FACE_OUTER_BOUND('',#560,.T.);
#381=FACE_OUTER_BOUND('',#561,.T.);
#382=FACE_OUTER_BOUND('',#562,.T.);
#383=FACE_OUTER_BOUND('',#563,.T.);
#384=FACE_OUTER_BOUND('',#564,.T.);
#385=FACE_OUTER_BOUND('',#565,.T.);
#386=FACE_OUTER_BOUND('',#566,.T.);
#387=FACE_OUTER_BOUND('',#567,.T.);
#388=FACE_OUTER_BOUND('',#568,.T.);
#389=FACE_OUTER_BOUND('',#569,.T.);
#390=FACE_OUTER_BOUND('',#570,.T.);
#391=FACE_OUTER_BOUND('',#571,.T.);
#392=FACE_OUTER_BOUND('',#572,.T.);
#393=FACE_OUTER_BOUND('',#573,.T.);
#394=FACE_OUTER_BOUND('',#574,.T.);
#395=FACE_OUTER_BOUND('',#575,.T.);
#396=FACE_OUTER_BOUND('',#576,.T.);
#397=FACE_OUTER_BOUND('',#577,.T.);
#398=FACE_OUTER_BOUND('',#578,.T.);
#399=FACE_OUTER_BOUND('',#579,.T.);
#400=FACE_OUTER_BOUND('',#580,.T.);
#401=FACE_OUTER_BOUND('',#581,.T.);
#402=FACE_OUTER_BOUND('',#582,.T.);
#403=FACE_OUTER_BOUND('',#583,.T.);
#404=FACE_OUTER_BOUND('',#584,.T.);
#405=FACE_OUTER_BOUND('',#585,.T.);
#406=FACE_OUTER_BOUND('',#586,.T.);
#407=FACE_OUTER_BOUND('',#587,.T.);
#408=FACE_OUTER_BOUND('',#588,.T.);
#409=FACE_OUTER_BOUND('',#589,.T.);
#410=FACE_OUTER_BOUND('',#590,.T.);
#411=FACE_OUTER_BOUND('',#591,.T.);
#412=FACE_OUTER_BOUND('',#592,.T.);
#413=FACE_OUTER_BOUND('',#593,.T.);
#414=FACE_OUTER_BOUND('',#594,.T.);
#415=FACE_OUTER_BOUND('',#595,.T.);
#416=FACE_OUTER_BOUND('',#596,.T.);
#417=FACE_OUTER_BOUND('',#597,.T.);
#418=FACE_OUTER_BOUND('',#598,.T.);
#419=FACE_OUTER_BOUND('',#599,.T.);
#420=FACE_OUTER_BOUND('',#600,.T.);
#421=FACE_OUTER_BOUND('',#601,.T.);
#422=FACE_OUTER_BOUND('',#602,.T.);
#423=FACE_OUTER_BOUND('',#603,.T.);
#424=FACE_OUTER_BOUND('',#604,.T.);
#425=FACE_OUTER_BOUND('',#605,.T.);
#426=FACE_OUTER_BOUND('',#606,.T.);
#427=FACE_OUTER_BOUND('',#607,.T.);
#428=FACE_OUTER_BOUND('',#608,.T.);
#429=FACE_OUTER_BOUND('',#609,.T.);
#430=FACE_OUTER_BOUND('',#610,.T.);
#431=FACE_OUTER_BOUND('',#611,.T.);
#432=FACE_OUTER_BOUND('',#612,.T.);
#433=FACE_OUTER_BOUND('',#613,.T.);
#434=FACE_OUTER_BOUND('',#614,.T.);
#435=FACE_OUTER_BOUND('',#615,.T.);
#436=FACE_OUTER_BOUND('',#616,.T.);
#437=FACE_OUTER_BOUND('',#617,.T.);
#438=FACE_OUTER_BOUND('',#618,.T.);
#439=FACE_OUTER_BOUND('',#619,.T.);
#440=FACE_OUTER_BOUND('',#620,.T.);
#441=FACE_OUTER_BOUND('',#621,.T.);
#442=FACE_OUTER_BOUND('',#622,.T.);
#443=FACE_OUTER_BOUND('',#623,.T.);
#444=FACE_OUTER_BOUND('',#624,.T.);
#445=FACE_OUTER_BOUND('',#625,.T.);
#446=FACE_OUTER_BOUND('',#626,.T.);
#447=FACE_OUTER_BOUND('',#627,.T.);
#448=FACE_OUTER_BOUND('',#628,.T.);
#449=FACE_OUTER_BOUND('',#629,.T.);
#450=FACE_OUTER_BOUND('',#630,.T.);
#451=FACE_OUTER_BOUND('',#631,.T.);
#452=FACE_OUTER_BOUND('',#632,.T.);
#453=FACE_OUTER_BOUND('',#633,.T.);
#454=FACE_OUTER_BOUND('',#634,.T.);
#455=FACE_OUTER_BOUND('',#635,.T.);
#456=FACE_OUTER_BOUND('',#636,.T.);
#457=FACE_OUTER_BOUND('',#637,.T.);
#458=FACE_OUTER_BOUND('',#638,.T.);
#459=FACE_OUTER_BOUND('',#639,.T.);
#460=FACE_OUTER_BOUND('',#640,.T.);
#461=FACE_OUTER_BOUND('',#641,.T.);
#462=FACE_OUTER_BOUND('',#642,.T.);
#463=FACE_OUTER_BOUND('',#643,.T.);
#464=FACE_OUTER_BOUND('',#644,.T.);
#465=FACE_OUTER_BOUND('',#645,.T.);
#466=FACE_OUTER_BOUND('',#646,.T.);
#467=FACE_OUTER_BOUND('',#647,.T.);
#468=FACE_OUTER_BOUND('',#648,.T.);
#469=FACE_OUTER_BOUND('',#649,.T.);
#470=FACE_OUTER_BOUND('',#650,.T.);
#471=FACE_OUTER_BOUND('',#651,.T.);
#472=FACE_OUTER_BOUND('',#652,.T.);
#473=FACE_OUTER_BOUND('',#653,.T.);
#474=FACE_OUTER_BOUND('',#654,.T.);
#475=FACE_OUTER_BOUND('',#655,.T.);
#476=FACE_OUTER_BOUND('',#656,.T.);
#477=FACE_OUTER_BOUND('',#657,.T.);
#478=FACE_OUTER_BOUND('',#658,.T.);
#479=FACE_OUTER_BOUND('',#659,.T.);
#480=FACE_OUTER_BOUND('',#660,.T.);
#481=FACE_OUTER_BOUND('',#661,.T.);
#482=FACE_OUTER_BOUND('',#671,.T.);
#483=FACE_OUTER_BOUND('',#672,.T.);
#484=FACE_OUTER_BOUND('',#683,.T.);
#485=FACE_OUTER_BOUND('',#694,.T.);
#486=FACE_OUTER_BOUND('',#695,.T.);
#487=FACE_OUTER_BOUND('',#696,.T.);
#488=FACE_OUTER_BOUND('',#697,.T.);
#489=FACE_OUTER_BOUND('',#698,.T.);
#490=FACE_OUTER_BOUND('',#699,.T.);
#491=FACE_OUTER_BOUND('',#700,.T.);
#492=FACE_OUTER_BOUND('',#701,.T.);
#493=FACE_OUTER_BOUND('',#702,.T.);
#494=FACE_OUTER_BOUND('',#703,.T.);
#495=FACE_OUTER_BOUND('',#704,.T.);
#496=FACE_OUTER_BOUND('',#705,.T.);
#497=FACE_OUTER_BOUND('',#706,.T.);
#498=FACE_OUTER_BOUND('',#707,.T.);
#499=FACE_OUTER_BOUND('',#717,.T.);
#500=FACE_OUTER_BOUND('',#718,.T.);
#501=FACE_OUTER_BOUND('',#719,.T.);
#502=FACE_OUTER_BOUND('',#769,.T.);
#503=FACE_OUTER_BOUND('',#770,.T.);
#504=FACE_OUTER_BOUND('',#771,.T.);
#505=EDGE_LOOP('',(#2267,#2268,#2269,#2270));
#506=EDGE_LOOP('',(#2271,#2272,#2273,#2274));
#507=EDGE_LOOP('',(#2275,#2276,#2277,#2278));
#508=EDGE_LOOP('',(#2279,#2280,#2281,#2282));
#509=EDGE_LOOP('',(#2283,#2284,#2285,#2286));
#510=EDGE_LOOP('',(#2287,#2288,#2289,#2290));
#511=EDGE_LOOP('',(#2291,#2292,#2293,#2294));
#512=EDGE_LOOP('',(#2295,#2296,#2297,#2298));
#513=EDGE_LOOP('',(#2299,#2300,#2301,#2302));
#514=EDGE_LOOP('',(#2303,#2304,#2305,#2306));
#515=EDGE_LOOP('',(#2307,#2308,#2309,#2310));
#516=EDGE_LOOP('',(#2311,#2312,#2313,#2314));
#517=EDGE_LOOP('',(#2315,#2316,#2317,#2318));
#518=EDGE_LOOP('',(#2319,#2320,#2321,#2322));
#519=EDGE_LOOP('',(#2323,#2324,#2325,#2326));
#520=EDGE_LOOP('',(#2327,#2328,#2329,#2330));
#521=EDGE_LOOP('',(#2331,#2332,#2333,#2334));
#522=EDGE_LOOP('',(#2335,#2336,#2337,#2338));
#523=EDGE_LOOP('',(#2339,#2340,#2341,#2342));
#524=EDGE_LOOP('',(#2343,#2344,#2345,#2346));
#525=EDGE_LOOP('',(#2347,#2348,#2349,#2350));
#526=EDGE_LOOP('',(#2351,#2352,#2353,#2354));
#527=EDGE_LOOP('',(#2355,#2356,#2357,#2358));
#528=EDGE_LOOP('',(#2359,#2360,#2361,#2362));
#529=EDGE_LOOP('',(#2363,#2364,#2365,#2366));
#530=EDGE_LOOP('',(#2367,#2368,#2369,#2370));
#531=EDGE_LOOP('',(#2371,#2372,#2373,#2374));
#532=EDGE_LOOP('',(#2375,#2376,#2377,#2378));
#533=EDGE_LOOP('',(#2379,#2380,#2381,#2382));
#534=EDGE_LOOP('',(#2383,#2384,#2385,#2386));
#535=EDGE_LOOP('',(#2387,#2388,#2389,#2390));
#536=EDGE_LOOP('',(#2391,#2392,#2393,#2394));
#537=EDGE_LOOP('',(#2395,#2396,#2397,#2398));
#538=EDGE_LOOP('',(#2399,#2400,#2401,#2402));
#539=EDGE_LOOP('',(#2403,#2404,#2405,#2406));
#540=EDGE_LOOP('',(#2407,#2408,#2409,#2410));
#541=EDGE_LOOP('',(#2411,#2412,#2413,#2414));
#542=EDGE_LOOP('',(#2415,#2416,#2417,#2418));
#543=EDGE_LOOP('',(#2419,#2420,#2421,#2422));
#544=EDGE_LOOP('',(#2423,#2424,#2425,#2426));
#545=EDGE_LOOP('',(#2427,#2428,#2429,#2430));
#546=EDGE_LOOP('',(#2431,#2432,#2433,#2434));
#547=EDGE_LOOP('',(#2435,#2436,#2437,#2438));
#548=EDGE_LOOP('',(#2439,#2440,#2441,#2442));
#549=EDGE_LOOP('',(#2443,#2444,#2445,#2446));
#550=EDGE_LOOP('',(#2447,#2448,#2449,#2450));
#551=EDGE_LOOP('',(#2451,#2452,#2453,#2454));
#552=EDGE_LOOP('',(#2455,#2456,#2457,#2458));
#553=EDGE_LOOP('',(#2459,#2460,#2461,#2462));
#554=EDGE_LOOP('',(#2463,#2464,#2465,#2466));
#555=EDGE_LOOP('',(#2467,#2468,#2469,#2470));
#556=EDGE_LOOP('',(#2471,#2472,#2473,#2474));
#557=EDGE_LOOP('',(#2475,#2476,#2477,#2478));
#558=EDGE_LOOP('',(#2479,#2480,#2481,#2482));
#559=EDGE_LOOP('',(#2483,#2484,#2485,#2486));
#560=EDGE_LOOP('',(#2487,#2488,#2489,#2490));
#561=EDGE_LOOP('',(#2491,#2492,#2493,#2494));
#562=EDGE_LOOP('',(#2495,#2496,#2497,#2498));
#563=EDGE_LOOP('',(#2499,#2500,#2501,#2502));
#564=EDGE_LOOP('',(#2503,#2504,#2505,#2506));
#565=EDGE_LOOP('',(#2507,#2508,#2509,#2510));
#566=EDGE_LOOP('',(#2511,#2512,#2513,#2514));
#567=EDGE_LOOP('',(#2515,#2516,#2517,#2518));
#568=EDGE_LOOP('',(#2519,#2520,#2521,#2522));
#569=EDGE_LOOP('',(#2523,#2524,#2525,#2526));
#570=EDGE_LOOP('',(#2527,#2528,#2529,#2530));
#571=EDGE_LOOP('',(#2531,#2532,#2533,#2534));
#572=EDGE_LOOP('',(#2535,#2536,#2537,#2538));
#573=EDGE_LOOP('',(#2539,#2540,#2541,#2542));
#574=EDGE_LOOP('',(#2543,#2544,#2545,#2546));
#575=EDGE_LOOP('',(#2547,#2548,#2549,#2550));
#576=EDGE_LOOP('',(#2551,#2552,#2553,#2554));
#577=EDGE_LOOP('',(#2555,#2556,#2557,#2558));
#578=EDGE_LOOP('',(#2559,#2560,#2561,#2562));
#579=EDGE_LOOP('',(#2563,#2564,#2565,#2566));
#580=EDGE_LOOP('',(#2567,#2568,#2569,#2570));
#581=EDGE_LOOP('',(#2571,#2572,#2573,#2574));
#582=EDGE_LOOP('',(#2575,#2576,#2577,#2578));
#583=EDGE_LOOP('',(#2579,#2580,#2581,#2582));
#584=EDGE_LOOP('',(#2583,#2584,#2585,#2586));
#585=EDGE_LOOP('',(#2587,#2588,#2589,#2590));
#586=EDGE_LOOP('',(#2591,#2592,#2593,#2594));
#587=EDGE_LOOP('',(#2595,#2596,#2597,#2598));
#588=EDGE_LOOP('',(#2599,#2600,#2601,#2602));
#589=EDGE_LOOP('',(#2603,#2604,#2605,#2606));
#590=EDGE_LOOP('',(#2607,#2608,#2609,#2610));
#591=EDGE_LOOP('',(#2611,#2612,#2613,#2614));
#592=EDGE_LOOP('',(#2615,#2616,#2617,#2618));
#593=EDGE_LOOP('',(#2619,#2620,#2621,#2622));
#594=EDGE_LOOP('',(#2623,#2624,#2625,#2626));
#595=EDGE_LOOP('',(#2627,#2628,#2629,#2630));
#596=EDGE_LOOP('',(#2631,#2632,#2633,#2634));
#597=EDGE_LOOP('',(#2635,#2636,#2637,#2638));
#598=EDGE_LOOP('',(#2639,#2640,#2641,#2642));
#599=EDGE_LOOP('',(#2643,#2644,#2645,#2646));
#600=EDGE_LOOP('',(#2647,#2648,#2649,#2650));
#601=EDGE_LOOP('',(#2651,#2652,#2653,#2654));
#602=EDGE_LOOP('',(#2655,#2656,#2657,#2658));
#603=EDGE_LOOP('',(#2659,#2660,#2661,#2662));
#604=EDGE_LOOP('',(#2663,#2664,#2665,#2666));
#605=EDGE_LOOP('',(#2667,#2668,#2669,#2670));
#606=EDGE_LOOP('',(#2671,#2672,#2673,#2674));
#607=EDGE_LOOP('',(#2675,#2676,#2677,#2678));
#608=EDGE_LOOP('',(#2679,#2680,#2681,#2682));
#609=EDGE_LOOP('',(#2683,#2684,#2685,#2686));
#610=EDGE_LOOP('',(#2687,#2688,#2689,#2690));
#611=EDGE_LOOP('',(#2691,#2692,#2693,#2694));
#612=EDGE_LOOP('',(#2695,#2696,#2697,#2698));
#613=EDGE_LOOP('',(#2699,#2700,#2701,#2702));
#614=EDGE_LOOP('',(#2703,#2704,#2705,#2706));
#615=EDGE_LOOP('',(#2707,#2708,#2709,#2710));
#616=EDGE_LOOP('',(#2711,#2712,#2713,#2714));
#617=EDGE_LOOP('',(#2715,#2716,#2717,#2718));
#618=EDGE_LOOP('',(#2719,#2720,#2721,#2722));
#619=EDGE_LOOP('',(#2723,#2724,#2725,#2726));
#620=EDGE_LOOP('',(#2727,#2728,#2729,#2730));
#621=EDGE_LOOP('',(#2731,#2732,#2733,#2734));
#622=EDGE_LOOP('',(#2735,#2736,#2737,#2738));
#623=EDGE_LOOP('',(#2739,#2740,#2741,#2742));
#624=EDGE_LOOP('',(#2743,#2744,#2745,#2746));
#625=EDGE_LOOP('',(#2747,#2748,#2749,#2750));
#626=EDGE_LOOP('',(#2751,#2752,#2753,#2754));
#627=EDGE_LOOP('',(#2755,#2756,#2757,#2758));
#628=EDGE_LOOP('',(#2759,#2760,#2761,#2762));
#629=EDGE_LOOP('',(#2763,#2764,#2765,#2766));
#630=EDGE_LOOP('',(#2767,#2768,#2769,#2770));
#631=EDGE_LOOP('',(#2771,#2772,#2773,#2774));
#632=EDGE_LOOP('',(#2775,#2776,#2777,#2778));
#633=EDGE_LOOP('',(#2779,#2780,#2781,#2782));
#634=EDGE_LOOP('',(#2783,#2784,#2785,#2786));
#635=EDGE_LOOP('',(#2787,#2788,#2789,#2790));
#636=EDGE_LOOP('',(#2791,#2792,#2793,#2794));
#637=EDGE_LOOP('',(#2795,#2796,#2797,#2798));
#638=EDGE_LOOP('',(#2799,#2800,#2801,#2802));
#639=EDGE_LOOP('',(#2803,#2804,#2805,#2806));
#640=EDGE_LOOP('',(#2807,#2808,#2809,#2810));
#641=EDGE_LOOP('',(#2811,#2812,#2813,#2814));
#642=EDGE_LOOP('',(#2815,#2816,#2817,#2818));
#643=EDGE_LOOP('',(#2819,#2820,#2821,#2822));
#644=EDGE_LOOP('',(#2823,#2824,#2825,#2826));
#645=EDGE_LOOP('',(#2827,#2828,#2829,#2830));
#646=EDGE_LOOP('',(#2831,#2832,#2833,#2834));
#647=EDGE_LOOP('',(#2835,#2836,#2837,#2838));
#648=EDGE_LOOP('',(#2839,#2840,#2841,#2842));
#649=EDGE_LOOP('',(#2843,#2844,#2845,#2846));
#650=EDGE_LOOP('',(#2847,#2848,#2849,#2850));
#651=EDGE_LOOP('',(#2851,#2852,#2853,#2854));
#652=EDGE_LOOP('',(#2855,#2856,#2857,#2858));
#653=EDGE_LOOP('',(#2859,#2860,#2861,#2862));
#654=EDGE_LOOP('',(#2863,#2864,#2865,#2866));
#655=EDGE_LOOP('',(#2867,#2868,#2869,#2870));
#656=EDGE_LOOP('',(#2871,#2872,#2873,#2874));
#657=EDGE_LOOP('',(#2875,#2876,#2877,#2878));
#658=EDGE_LOOP('',(#2879,#2880,#2881,#2882));
#659=EDGE_LOOP('',(#2883,#2884,#2885,#2886));
#660=EDGE_LOOP('',(#2887,#2888,#2889,#2890));
#661=EDGE_LOOP('',(#2891,#2892,#2893,#2894,#2895,#2896,#2897,#2898,#2899,
#2900,#2901));
#662=EDGE_LOOP('',(#2902));
#663=EDGE_LOOP('',(#2903));
#664=EDGE_LOOP('',(#2904));
#665=EDGE_LOOP('',(#2905));
#666=EDGE_LOOP('',(#2906));
#667=EDGE_LOOP('',(#2907));
#668=EDGE_LOOP('',(#2908,#2909,#2910,#2911,#2912,#2913,#2914,#2915));
#669=EDGE_LOOP('',(#2916));
#670=EDGE_LOOP('',(#2917));
#671=EDGE_LOOP('',(#2918,#2919,#2920,#2921));
#672=EDGE_LOOP('',(#2922,#2923,#2924,#2925,#2926,#2927,#2928,#2929,#2930,
#2931,#2932));
#673=EDGE_LOOP('',(#2933,#2934,#2935,#2936,#2937,#2938,#2939,#2940));
#674=EDGE_LOOP('',(#2941));
#675=EDGE_LOOP('',(#2942));
#676=EDGE_LOOP('',(#2943));
#677=EDGE_LOOP('',(#2944));
#678=EDGE_LOOP('',(#2945));
#679=EDGE_LOOP('',(#2946));
#680=EDGE_LOOP('',(#2947));
#681=EDGE_LOOP('',(#2948));
#682=EDGE_LOOP('',(#2949));
#683=EDGE_LOOP('',(#2950,#2951,#2952,#2953,#2954,#2955,#2956,#2957,#2958,
#2959,#2960));
#684=EDGE_LOOP('',(#2961,#2962,#2963,#2964,#2965,#2966,#2967,#2968));
#685=EDGE_LOOP('',(#2969));
#686=EDGE_LOOP('',(#2970));
#687=EDGE_LOOP('',(#2971));
#688=EDGE_LOOP('',(#2972));
#689=EDGE_LOOP('',(#2973));
#690=EDGE_LOOP('',(#2974));
#691=EDGE_LOOP('',(#2975));
#692=EDGE_LOOP('',(#2976));
#693=EDGE_LOOP('',(#2977));
#694=EDGE_LOOP('',(#2978,#2979,#2980,#2981));
#695=EDGE_LOOP('',(#2982,#2983,#2984,#2985));
#696=EDGE_LOOP('',(#2986,#2987,#2988,#2989));
#697=EDGE_LOOP('',(#2990,#2991,#2992,#2993));
#698=EDGE_LOOP('',(#2994,#2995,#2996,#2997));
#699=EDGE_LOOP('',(#2998,#2999,#3000,#3001));
#700=EDGE_LOOP('',(#3002,#3003,#3004,#3005));
#701=EDGE_LOOP('',(#3006,#3007,#3008,#3009));
#702=EDGE_LOOP('',(#3010,#3011,#3012,#3013));
#703=EDGE_LOOP('',(#3014,#3015,#3016,#3017));
#704=EDGE_LOOP('',(#3018,#3019,#3020,#3021));
#705=EDGE_LOOP('',(#3022,#3023,#3024,#3025));
#706=EDGE_LOOP('',(#3026,#3027,#3028,#3029));
#707=EDGE_LOOP('',(#3030,#3031,#3032,#3033,#3034,#3035,#3036,#3037,#3038,
#3039,#3040));
#708=EDGE_LOOP('',(#3041));
#709=EDGE_LOOP('',(#3042));
#710=EDGE_LOOP('',(#3043));
#711=EDGE_LOOP('',(#3044));
#712=EDGE_LOOP('',(#3045));
#713=EDGE_LOOP('',(#3046));
#714=EDGE_LOOP('',(#3047,#3048,#3049,#3050,#3051,#3052,#3053,#3054));
#715=EDGE_LOOP('',(#3055));
#716=EDGE_LOOP('',(#3056));
#717=EDGE_LOOP('',(#3057,#3058,#3059,#3060));
#718=EDGE_LOOP('',(#3061,#3062,#3063,#3064));
#719=EDGE_LOOP('',(#3065,#3066,#3067,#3068,#3069,#3070,#3071,#3072,#3073,
#3074));
#720=EDGE_LOOP('',(#3075));
#721=EDGE_LOOP('',(#3076));
#722=EDGE_LOOP('',(#3077));
#723=EDGE_LOOP('',(#3078));
#724=EDGE_LOOP('',(#3079));
#725=EDGE_LOOP('',(#3080));
#726=EDGE_LOOP('',(#3081));
#727=EDGE_LOOP('',(#3082));
#728=EDGE_LOOP('',(#3083));
#729=EDGE_LOOP('',(#3084));
#730=EDGE_LOOP('',(#3085));
#731=EDGE_LOOP('',(#3086));
#732=EDGE_LOOP('',(#3087));
#733=EDGE_LOOP('',(#3088));
#734=EDGE_LOOP('',(#3089));
#735=EDGE_LOOP('',(#3090));
#736=EDGE_LOOP('',(#3091));
#737=EDGE_LOOP('',(#3092));
#738=EDGE_LOOP('',(#3093));
#739=EDGE_LOOP('',(#3094));
#740=EDGE_LOOP('',(#3095));
#741=EDGE_LOOP('',(#3096));
#742=EDGE_LOOP('',(#3097));
#743=EDGE_LOOP('',(#3098));
#744=EDGE_LOOP('',(#3099));
#745=EDGE_LOOP('',(#3100));
#746=EDGE_LOOP('',(#3101));
#747=EDGE_LOOP('',(#3102));
#748=EDGE_LOOP('',(#3103));
#749=EDGE_LOOP('',(#3104));
#750=EDGE_LOOP('',(#3105));
#751=EDGE_LOOP('',(#3106));
#752=EDGE_LOOP('',(#3107));
#753=EDGE_LOOP('',(#3108));
#754=EDGE_LOOP('',(#3109));
#755=EDGE_LOOP('',(#3110));
#756=EDGE_LOOP('',(#3111));
#757=EDGE_LOOP('',(#3112));
#758=EDGE_LOOP('',(#3113));
#759=EDGE_LOOP('',(#3114));
#760=EDGE_LOOP('',(#3115));
#761=EDGE_LOOP('',(#3116));
#762=EDGE_LOOP('',(#3117));
#763=EDGE_LOOP('',(#3118));
#764=EDGE_LOOP('',(#3119));
#765=EDGE_LOOP('',(#3120));
#766=EDGE_LOOP('',(#3121));
#767=EDGE_LOOP('',(#3122));
#768=EDGE_LOOP('',(#3123));
#769=EDGE_LOOP('',(#3124,#3125,#3126,#3127));
#770=EDGE_LOOP('',(#3128,#3129,#3130,#3131));
#771=EDGE_LOOP('',(#3132,#3133,#3134,#3135,#3136,#3137,#3138,#3139,#3140,
#3141));
#772=EDGE_LOOP('',(#3142));
#773=EDGE_LOOP('',(#3143));
#774=EDGE_LOOP('',(#3144));
#775=EDGE_LOOP('',(#3145));
#776=EDGE_LOOP('',(#3146));
#777=EDGE_LOOP('',(#3147));
#778=EDGE_LOOP('',(#3148));
#779=EDGE_LOOP('',(#3149));
#780=EDGE_LOOP('',(#3150));
#781=EDGE_LOOP('',(#3151));
#782=EDGE_LOOP('',(#3152));
#783=EDGE_LOOP('',(#3153));
#784=EDGE_LOOP('',(#3154));
#785=EDGE_LOOP('',(#3155));
#786=EDGE_LOOP('',(#3156));
#787=EDGE_LOOP('',(#3157));
#788=EDGE_LOOP('',(#3158));
#789=EDGE_LOOP('',(#3159));
#790=EDGE_LOOP('',(#3160));
#791=EDGE_LOOP('',(#3161));
#792=EDGE_LOOP('',(#3162));
#793=EDGE_LOOP('',(#3163));
#794=EDGE_LOOP('',(#3164));
#795=EDGE_LOOP('',(#3165));
#796=EDGE_LOOP('',(#3166));
#797=EDGE_LOOP('',(#3167));
#798=EDGE_LOOP('',(#3168));
#799=EDGE_LOOP('',(#3169));
#800=EDGE_LOOP('',(#3170));
#801=EDGE_LOOP('',(#3171));
#802=EDGE_LOOP('',(#3172));
#803=EDGE_LOOP('',(#3173));
#804=EDGE_LOOP('',(#3174));
#805=EDGE_LOOP('',(#3175));
#806=EDGE_LOOP('',(#3176));
#807=EDGE_LOOP('',(#3177));
#808=EDGE_LOOP('',(#3178));
#809=EDGE_LOOP('',(#3179));
#810=EDGE_LOOP('',(#3180));
#811=EDGE_LOOP('',(#3181));
#812=EDGE_LOOP('',(#3182));
#813=EDGE_LOOP('',(#3183));
#814=EDGE_LOOP('',(#3184));
#815=EDGE_LOOP('',(#3185));
#816=EDGE_LOOP('',(#3186));
#817=EDGE_LOOP('',(#3187));
#818=EDGE_LOOP('',(#3188));
#819=EDGE_LOOP('',(#3189));
#820=EDGE_LOOP('',(#3190));
#821=LINE('',#4926,#1059);
#822=LINE('',#4932,#1060);
#823=LINE('',#4938,#1061);
#824=LINE('',#4945,#1062);
#825=LINE('',#4948,#1063);
#826=LINE('',#4951,#1064);
#827=LINE('',#4953,#1065);
#828=LINE('',#4954,#1066);
#829=LINE('',#4959,#1067);
#830=LINE('',#4963,#1068);
#831=LINE('',#4965,#1069);
#832=LINE('',#4966,#1070);
#833=LINE('',#4971,#1071);
#834=LINE('',#4975,#1072);
#835=LINE('',#4977,#1073);
#836=LINE('',#4978,#1074);
#837=LINE('',#4983,#1075);
#838=LINE('',#4986,#1076);
#839=LINE('',#4987,#1077);
#840=LINE('',#4993,#1078);
#841=LINE('',#4996,#1079);
#842=LINE('',#4999,#1080);
#843=LINE('',#5001,#1081);
#844=LINE('',#5002,#1082);
#845=LINE('',#5008,#1083);
#846=LINE('',#5011,#1084);
#847=LINE('',#5013,#1085);
#848=LINE('',#5014,#1086);
#849=LINE('',#5020,#1087);
#850=LINE('',#5023,#1088);
#851=LINE('',#5026,#1089);
#852=LINE('',#5028,#1090);
#853=LINE('',#5029,#1091);
#854=LINE('',#5034,#1092);
#855=LINE('',#5038,#1093);
#856=LINE('',#5040,#1094);
#857=LINE('',#5041,#1095);
#858=LINE('',#5046,#1096);
#859=LINE('',#5050,#1097);
#860=LINE('',#5052,#1098);
#861=LINE('',#5053,#1099);
#862=LINE('',#5058,#1100);
#863=LINE('',#5061,#1101);
#864=LINE('',#5062,#1102);
#865=LINE('',#5067,#1103);
#866=LINE('',#5073,#1104);
#867=LINE('',#5079,#1105);
#868=LINE('',#5085,#1106);
#869=LINE('',#5091,#1107);
#870=LINE('',#5095,#1108);
#871=LINE('',#5101,#1109);
#872=LINE('',#5105,#1110);
#873=LINE('',#5111,#1111);
#874=LINE('',#5115,#1112);
#875=LINE('',#5121,#1113);
#876=LINE('',#5125,#1114);
#877=LINE('',#5131,#1115);
#878=LINE('',#5135,#1116);
#879=LINE('',#5141,#1117);
#880=LINE('',#5145,#1118);
#881=LINE('',#5151,#1119);
#882=LINE('',#5155,#1120);
#883=LINE('',#5161,#1121);
#884=LINE('',#5165,#1122);
#885=LINE('',#5171,#1123);
#886=LINE('',#5175,#1124);
#887=LINE('',#5181,#1125);
#888=LINE('',#5185,#1126);
#889=LINE('',#5191,#1127);
#890=LINE('',#5195,#1128);
#891=LINE('',#5201,#1129);
#892=LINE('',#5205,#1130);
#893=LINE('',#5211,#1131);
#894=LINE('',#5215,#1132);
#895=LINE('',#5221,#1133);
#896=LINE('',#5225,#1134);
#897=LINE('',#5231,#1135);
#898=LINE('',#5235,#1136);
#899=LINE('',#5241,#1137);
#900=LINE('',#5245,#1138);
#901=LINE('',#5251,#1139);
#902=LINE('',#5255,#1140);
#903=LINE('',#5261,#1141);
#904=LINE('',#5265,#1142);
#905=LINE('',#5271,#1143);
#906=LINE('',#5275,#1144);
#907=LINE('',#5281,#1145);
#908=LINE('',#5285,#1146);
#909=LINE('',#5291,#1147);
#910=LINE('',#5295,#1148);
#911=LINE('',#5301,#1149);
#912=LINE('',#5305,#1150);
#913=LINE('',#5311,#1151);
#914=LINE('',#5315,#1152);
#915=LINE('',#5321,#1153);
#916=LINE('',#5325,#1154);
#917=LINE('',#5331,#1155);
#918=LINE('',#5335,#1156);
#919=LINE('',#5341,#1157);
#920=LINE('',#5345,#1158);
#921=LINE('',#5351,#1159);
#922=LINE('',#5355,#1160);
#923=LINE('',#5361,#1161);
#924=LINE('',#5365,#1162);
#925=LINE('',#5371,#1163);
#926=LINE('',#5375,#1164);
#927=LINE('',#5381,#1165);
#928=LINE('',#5385,#1166);
#929=LINE('',#5391,#1167);
#930=LINE('',#5395,#1168);
#931=LINE('',#5401,#1169);
#932=LINE('',#5405,#1170);
#933=LINE('',#5411,#1171);
#934=LINE('',#5415,#1172);
#935=LINE('',#5421,#1173);
#936=LINE('',#5425,#1174);
#937=LINE('',#5431,#1175);
#938=LINE('',#5435,#1176);
#939=LINE('',#5441,#1177);
#940=LINE('',#5445,#1178);
#941=LINE('',#5451,#1179);
#942=LINE('',#5455,#1180);
#943=LINE('',#5461,#1181);
#944=LINE('',#5465,#1182);
#945=LINE('',#5471,#1183);
#946=LINE('',#5475,#1184);
#947=LINE('',#5481,#1185);
#948=LINE('',#5485,#1186);
#949=LINE('',#5491,#1187);
#950=LINE('',#5495,#1188);
#951=LINE('',#5501,#1189);
#952=LINE('',#5505,#1190);
#953=LINE('',#5511,#1191);
#954=LINE('',#5515,#1192);
#955=LINE('',#5521,#1193);
#956=LINE('',#5525,#1194);
#957=LINE('',#5531,#1195);
#958=LINE('',#5535,#1196);
#959=LINE('',#5541,#1197);
#960=LINE('',#5545,#1198);
#961=LINE('',#5551,#1199);
#962=LINE('',#5555,#1200);
#963=LINE('',#5561,#1201);
#964=LINE('',#5565,#1202);
#965=LINE('',#5571,#1203);
#966=LINE('',#5575,#1204);
#967=LINE('',#5581,#1205);
#968=LINE('',#5585,#1206);
#969=LINE('',#5591,#1207);
#970=LINE('',#5595,#1208);
#971=LINE('',#5601,#1209);
#972=LINE('',#5605,#1210);
#973=LINE('',#5611,#1211);
#974=LINE('',#5615,#1212);
#975=LINE('',#5621,#1213);
#976=LINE('',#5625,#1214);
#977=LINE('',#5631,#1215);
#978=LINE('',#5635,#1216);
#979=LINE('',#5641,#1217);
#980=LINE('',#5645,#1218);
#981=LINE('',#5651,#1219);
#982=LINE('',#5657,#1220);
#983=LINE('',#5663,#1221);
#984=LINE('',#5668,#1222);
#985=LINE('',#5670,#1223);
#986=LINE('',#5672,#1224);
#987=LINE('',#5673,#1225);
#988=LINE('',#5677,#1226);
#989=LINE('',#5679,#1227);
#990=LINE('',#5681,#1228);
#991=LINE('',#5682,#1229);
#992=LINE('',#5687,#1230);
#993=LINE('',#5693,#1231);
#994=LINE('',#5700,#1232);
#995=LINE('',#5703,#1233);
#996=LINE('',#5705,#1234);
#997=LINE('',#5706,#1235);
#998=LINE('',#5709,#1236);
#999=LINE('',#5711,#1237);
#1000=LINE('',#5712,#1238);
#1001=LINE('',#5715,#1239);
#1002=LINE('',#5717,#1240);
#1003=LINE('',#5718,#1241);
#1004=LINE('',#5723,#1242);
#1005=LINE('',#5729,#1243);
#1006=LINE('',#5736,#1244);
#1007=LINE('',#5742,#1245);
#1008=LINE('',#5745,#1246);
#1009=LINE('',#5748,#1247);
#1010=LINE('',#5750,#1248);
#1011=LINE('',#5751,#1249);
#1012=LINE('',#5757,#1250);
#1013=LINE('',#5759,#1251);
#1014=LINE('',#5761,#1252);
#1015=LINE('',#5762,#1253);
#1016=LINE('',#5765,#1254);
#1017=LINE('',#5766,#1255);
#1018=LINE('',#5769,#1256);
#1019=LINE('',#5771,#1257);
#1020=LINE('',#5773,#1258);
#1021=LINE('',#5774,#1259);
#1022=LINE('',#5777,#1260);
#1023=LINE('',#5779,#1261);
#1024=LINE('',#5781,#1262);
#1025=LINE('',#5782,#1263);
#1026=LINE('',#5785,#1264);
#1027=LINE('',#5787,#1265);
#1028=LINE('',#5788,#1266);
#1029=LINE('',#5790,#1267);
#1030=LINE('',#5792,#1268);
#1031=LINE('',#5794,#1269);
#1032=LINE('',#5795,#1270);
#1033=LINE('',#5798,#1271);
#1034=LINE('',#5799,#1272);
#1035=LINE('',#5801,#1273);
#1036=LINE('',#5804,#1274);
#1037=LINE('',#5808,#1275);
#1038=LINE('',#5810,#1276);
#1039=LINE('',#5812,#1277);
#1040=LINE('',#5813,#1278);
#1041=LINE('',#5815,#1279);
#1042=LINE('',#5816,#1280);
#1043=LINE('',#5818,#1281);
#1044=LINE('',#5820,#1282);
#1045=LINE('',#5821,#1283);
#1046=LINE('',#5824,#1284);
#1047=LINE('',#5825,#1285);
#1048=LINE('',#5827,#1286);
#1049=LINE('',#5829,#1287);
#1050=LINE('',#5832,#1288);
#1051=LINE('',#5833,#1289);
#1052=LINE('',#5836,#1290);
#1053=LINE('',#5838,#1291);
#1054=LINE('',#5839,#1292);
#1055=LINE('',#5841,#1293);
#1056=LINE('',#5842,#1294);
#1057=LINE('',#5844,#1295);
#1058=LINE('',#5846,#1296);
#1059=VECTOR('',#3879,1.2645);
#1060=VECTOR('',#3886,1.2645);
#1061=VECTOR('',#3893,1.2645);
#1062=VECTOR('',#3900,10.);
#1063=VECTOR('',#3903,10.);
#1064=VECTOR('',#3906,10.);
#1065=VECTOR('',#3907,10.);
#1066=VECTOR('',#3908,10.);
#1067=VECTOR('',#3913,10.);
#1068=VECTOR('',#3918,10.);
#1069=VECTOR('',#3919,10.);
#1070=VECTOR('',#3920,10.);
#1071=VECTOR('',#3925,10.);
#1072=VECTOR('',#3930,10.);
#1073=VECTOR('',#3931,10.);
#1074=VECTOR('',#3932,10.);
#1075=VECTOR('',#3937,10.);
#1076=VECTOR('',#3942,10.);
#1077=VECTOR('',#3943,10.);
#1078=VECTOR('',#3948,10.);
#1079=VECTOR('',#3951,10.);
#1080=VECTOR('',#3954,10.);
#1081=VECTOR('',#3955,10.);
#1082=VECTOR('',#3956,10.);
#1083=VECTOR('',#3961,10.);
#1084=VECTOR('',#3964,10.);
#1085=VECTOR('',#3967,10.);
#1086=VECTOR('',#3968,10.);
#1087=VECTOR('',#3973,10.);
#1088=VECTOR('',#3976,10.);
#1089=VECTOR('',#3979,10.);
#1090=VECTOR('',#3980,10.);
#1091=VECTOR('',#3981,10.);
#1092=VECTOR('',#3986,10.);
#1093=VECTOR('',#3991,10.);
#1094=VECTOR('',#3992,10.);
#1095=VECTOR('',#3993,10.);
#1096=VECTOR('',#3998,10.);
#1097=VECTOR('',#4003,10.);
#1098=VECTOR('',#4004,10.);
#1099=VECTOR('',#4005,10.);
#1100=VECTOR('',#4010,10.);
#1101=VECTOR('',#4015,10.);
#1102=VECTOR('',#4016,10.);
#1103=VECTOR('',#4021,1.2645);
#1104=VECTOR('',#4028,1.2645);
#1105=VECTOR('',#4035,1.2645);
#1106=VECTOR('',#4042,1.2645);
#1107=VECTOR('',#4049,2.425);
#1108=VECTOR('',#4054,1.7);
#1109=VECTOR('',#4061,2.425);
#1110=VECTOR('',#4066,1.7);
#1111=VECTOR('',#4073,2.425);
#1112=VECTOR('',#4078,1.7);
#1113=VECTOR('',#4085,2.425);
#1114=VECTOR('',#4090,1.7);
#1115=VECTOR('',#4097,2.425);
#1116=VECTOR('',#4102,1.7);
#1117=VECTOR('',#4109,2.425);
#1118=VECTOR('',#4114,1.7);
#1119=VECTOR('',#4121,2.425);
#1120=VECTOR('',#4126,1.7);
#1121=VECTOR('',#4133,2.425);
#1122=VECTOR('',#4138,1.7);
#1123=VECTOR('',#4145,2.425);
#1124=VECTOR('',#4150,1.7);
#1125=VECTOR('',#4157,2.425);
#1126=VECTOR('',#4162,1.7);
#1127=VECTOR('',#4169,2.425);
#1128=VECTOR('',#4174,1.7);
#1129=VECTOR('',#4181,2.425);
#1130=VECTOR('',#4186,1.7);
#1131=VECTOR('',#4193,2.425);
#1132=VECTOR('',#4198,1.7);
#1133=VECTOR('',#4205,2.425);
#1134=VECTOR('',#4210,1.7);
#1135=VECTOR('',#4217,2.425);
#1136=VECTOR('',#4222,1.7);
#1137=VECTOR('',#4229,2.425);
#1138=VECTOR('',#4234,1.7);
#1139=VECTOR('',#4241,2.425);
#1140=VECTOR('',#4246,1.7);
#1141=VECTOR('',#4253,2.425);
#1142=VECTOR('',#4258,1.7);
#1143=VECTOR('',#4265,3.23225);
#1144=VECTOR('',#4270,2.248);
#1145=VECTOR('',#4277,3.23225);
#1146=VECTOR('',#4282,2.248);
#1147=VECTOR('',#4289,3.23225);
#1148=VECTOR('',#4294,2.248);
#1149=VECTOR('',#4301,3.23225);
#1150=VECTOR('',#4306,2.248);
#1151=VECTOR('',#4313,3.23225);
#1152=VECTOR('',#4318,2.248);
#1153=VECTOR('',#4325,3.23225);
#1154=VECTOR('',#4330,2.248);
#1155=VECTOR('',#4337,3.23225);
#1156=VECTOR('',#4342,2.248);
#1157=VECTOR('',#4349,3.23225);
#1158=VECTOR('',#4354,2.248);
#1159=VECTOR('',#4361,3.23225);
#1160=VECTOR('',#4366,2.248);
#1161=VECTOR('',#4373,3.23225);
#1162=VECTOR('',#4378,2.248);
#1163=VECTOR('',#4385,3.23225);
#1164=VECTOR('',#4390,2.248);
#1165=VECTOR('',#4397,3.23225);
#1166=VECTOR('',#4402,2.248);
#1167=VECTOR('',#4409,3.23225);
#1168=VECTOR('',#4414,2.248);
#1169=VECTOR('',#4421,3.23225);
#1170=VECTOR('',#4426,2.248);
#1171=VECTOR('',#4433,3.23225);
#1172=VECTOR('',#4438,2.248);
#1173=VECTOR('',#4445,3.23225);
#1174=VECTOR('',#4450,2.248);
#1175=VECTOR('',#4457,2.24475);
#1176=VECTOR('',#4462,1.632);
#1177=VECTOR('',#4469,2.24475);
#1178=VECTOR('',#4474,1.632);
#1179=VECTOR('',#4481,2.24475);
#1180=VECTOR('',#4486,1.632);
#1181=VECTOR('',#4493,2.24475);
#1182=VECTOR('',#4498,1.632);
#1183=VECTOR('',#4505,2.24475);
#1184=VECTOR('',#4510,1.632);
#1185=VECTOR('',#4517,2.24475);
#1186=VECTOR('',#4522,1.632);
#1187=VECTOR('',#4529,2.24475);
#1188=VECTOR('',#4534,1.632);
#1189=VECTOR('',#4541,2.24475);
#1190=VECTOR('',#4546,1.632);
#1191=VECTOR('',#4553,2.24475);
#1192=VECTOR('',#4558,1.632);
#1193=VECTOR('',#4565,2.24475);
#1194=VECTOR('',#4570,1.632);
#1195=VECTOR('',#4577,2.24475);
#1196=VECTOR('',#4582,1.632);
#1197=VECTOR('',#4589,2.24475);
#1198=VECTOR('',#4594,1.632);
#1199=VECTOR('',#4601,3.23225);
#1200=VECTOR('',#4606,2.248);
#1201=VECTOR('',#4613,3.23225);
#1202=VECTOR('',#4618,2.248);
#1203=VECTOR('',#4625,3.23225);
#1204=VECTOR('',#4630,2.248);
#1205=VECTOR('',#4637,3.23225);
#1206=VECTOR('',#4642,2.248);
#1207=VECTOR('',#4649,2.425);
#1208=VECTOR('',#4654,1.7);
#1209=VECTOR('',#4661,2.425);
#1210=VECTOR('',#4666,1.7);
#1211=VECTOR('',#4673,2.425);
#1212=VECTOR('',#4678,1.7);
#1213=VECTOR('',#4685,2.425);
#1214=VECTOR('',#4690,1.7);
#1215=VECTOR('',#4697,2.425);
#1216=VECTOR('',#4702,1.7);
#1217=VECTOR('',#4709,2.425);
#1218=VECTOR('',#4714,1.7);
#1219=VECTOR('',#4721,1.75000000000001);
#1220=VECTOR('',#4728,6.49999999999999);
#1221=VECTOR('',#4735,1.75000000000001);
#1222=VECTOR('',#4740,10.);
#1223=VECTOR('',#4741,10.);
#1224=VECTOR('',#4742,10.);
#1225=VECTOR('',#4743,10.);
#1226=VECTOR('',#4746,10.);
#1227=VECTOR('',#4747,10.);
#1228=VECTOR('',#4748,10.);
#1229=VECTOR('',#4749,10.);
#1230=VECTOR('',#4754,10.);
#1231=VECTOR('',#4761,10.);
#1232=VECTOR('',#4770,10.);
#1233=VECTOR('',#4773,10.);
#1234=VECTOR('',#4774,10.);
#1235=VECTOR('',#4775,10.);
#1236=VECTOR('',#4778,10.);
#1237=VECTOR('',#4779,10.);
#1238=VECTOR('',#4780,10.);
#1239=VECTOR('',#4783,10.);
#1240=VECTOR('',#4784,10.);
#1241=VECTOR('',#4785,10.);
#1242=VECTOR('',#4790,10.);
#1243=VECTOR('',#4797,10.);
#1244=VECTOR('',#4806,10.);
#1245=VECTOR('',#4811,10.);
#1246=VECTOR('',#4814,10.);
#1247=VECTOR('',#4817,10.);
#1248=VECTOR('',#4818,10.);
#1249=VECTOR('',#4819,10.);
#1250=VECTOR('',#4828,10.);
#1251=VECTOR('',#4829,4.31999999999997);
#1252=VECTOR('',#4830,10.);
#1253=VECTOR('',#4831,4.31999999999997);
#1254=VECTOR('',#4834,10.);
#1255=VECTOR('',#4835,10.);
#1256=VECTOR('',#4838,10.);
#1257=VECTOR('',#4839,10.);
#1258=VECTOR('',#4840,10.);
#1259=VECTOR('',#4841,4.31999999999997);
#1260=VECTOR('',#4844,4.31999999999997);
#1261=VECTOR('',#4845,10.);
#1262=VECTOR('',#4846,4.31999999999997);
#1263=VECTOR('',#4847,10.);
#1264=VECTOR('',#4850,4.31999999999996);
#1265=VECTOR('',#4851,10.);
#1266=VECTOR('',#4852,4.31999999999996);
#1267=VECTOR('',#4855,10.);
#1268=VECTOR('',#4858,10.);
#1269=VECTOR('',#4859,4.31999999999996);
#1270=VECTOR('',#4860,10.);
#1271=VECTOR('',#4863,10.);
#1272=VECTOR('',#4864,4.31999999999996);
#1273=VECTOR('',#4867,10.);
#1274=VECTOR('',#4872,10.);
#1275=VECTOR('',#4875,10.);
#1276=VECTOR('',#4876,4.31999999999999);
#1277=VECTOR('',#4877,10.);
#1278=VECTOR('',#4878,4.31999999999999);
#1279=VECTOR('',#4881,10.);
#1280=VECTOR('',#4882,4.31999999999997);
#1281=VECTOR('',#4885,10.);
#1282=VECTOR('',#4886,4.31999999999999);
#1283=VECTOR('',#4887,10.);
#1284=VECTOR('',#4890,10.);
#1285=VECTOR('',#4891,4.31999999999999);
#1286=VECTOR('',#4894,10.);
#1287=VECTOR('',#4897,10.);
#1288=VECTOR('',#4902,10.);
#1289=VECTOR('',#4903,10.);
#1290=VECTOR('',#4906,10.);
#1291=VECTOR('',#4907,10.);
#1292=VECTOR('',#4908,10.);
#1293=VECTOR('',#4911,10.);
#1294=VECTOR('',#4912,10.);
#1295=VECTOR('',#4915,10.);
#1296=VECTOR('',#4918,10.);
#1297=CIRCLE('',#3470,1.2645);
#1298=CIRCLE('',#3471,1.2645);
#1299=CIRCLE('',#3473,1.2645);
#1300=CIRCLE('',#3474,1.2645);
#1301=CIRCLE('',#3476,1.2645);
#1302=CIRCLE('',#3477,1.2645);
#1303=CIRCLE('',#3479,2.);
#1304=CIRCLE('',#3480,2.);
#1305=CIRCLE('',#3483,2.);
#1306=CIRCLE('',#3484,2.);
#1307=CIRCLE('',#3487,2.);
#1308=CIRCLE('',#3488,2.);
#1309=CIRCLE('',#3491,2.);
#1310=CIRCLE('',#3492,2.);
#1311=CIRCLE('',#3495,6.);
#1312=CIRCLE('',#3496,6.);
#1313=CIRCLE('',#3499,6.);
#1314=CIRCLE('',#3500,6.);
#1315=CIRCLE('',#3503,1.);
#1316=CIRCLE('',#3504,1.);
#1317=CIRCLE('',#3507,1.);
#1318=CIRCLE('',#3508,1.);
#1319=CIRCLE('',#3511,1.);
#1320=CIRCLE('',#3512,1.);
#1321=CIRCLE('',#3515,1.);
#1322=CIRCLE('',#3516,1.);
#1323=CIRCLE('',#3519,1.2645);
#1324=CIRCLE('',#3520,1.2645);
#1325=CIRCLE('',#3522,1.2645);
#1326=CIRCLE('',#3523,1.2645);
#1327=CIRCLE('',#3525,1.2645);
#1328=CIRCLE('',#3526,1.2645);
#1329=CIRCLE('',#3528,1.2645);
#1330=CIRCLE('',#3529,1.2645);
#1331=CIRCLE('',#3531,3.15);
#1332=CIRCLE('',#3532,1.7);
#1333=CIRCLE('',#3534,1.7);
#1334=CIRCLE('',#3536,3.15);
#1335=CIRCLE('',#3537,1.7);
#1336=CIRCLE('',#3539,1.7);
#1337=CIRCLE('',#3541,3.15);
#1338=CIRCLE('',#3542,1.7);
#1339=CIRCLE('',#3544,1.7);
#1340=CIRCLE('',#3546,3.15);
#1341=CIRCLE('',#3547,1.7);
#1342=CIRCLE('',#3549,1.7);
#1343=CIRCLE('',#3551,3.15);
#1344=CIRCLE('',#3552,1.7);
#1345=CIRCLE('',#3554,1.7);
#1346=CIRCLE('',#3556,3.15);
#1347=CIRCLE('',#3557,1.7);
#1348=CIRCLE('',#3559,1.7);
#1349=CIRCLE('',#3561,3.15);
#1350=CIRCLE('',#3562,1.7);
#1351=CIRCLE('',#3564,1.7);
#1352=CIRCLE('',#3566,3.15);
#1353=CIRCLE('',#3567,1.7);
#1354=CIRCLE('',#3569,1.7);
#1355=CIRCLE('',#3571,3.15);
#1356=CIRCLE('',#3572,1.7);
#1357=CIRCLE('',#3574,1.7);
#1358=CIRCLE('',#3576,3.15);
#1359=CIRCLE('',#3577,1.7);
#1360=CIRCLE('',#3579,1.7);
#1361=CIRCLE('',#3581,3.15);
#1362=CIRCLE('',#3582,1.7);
#1363=CIRCLE('',#3584,1.7);
#1364=CIRCLE('',#3586,3.15);
#1365=CIRCLE('',#3587,1.7);
#1366=CIRCLE('',#3589,1.7);
#1367=CIRCLE('',#3591,3.15);
#1368=CIRCLE('',#3592,1.7);
#1369=CIRCLE('',#3594,1.7);
#1370=CIRCLE('',#3596,3.15);
#1371=CIRCLE('',#3597,1.7);
#1372=CIRCLE('',#3599,1.7);
#1373=CIRCLE('',#3601,3.15);
#1374=CIRCLE('',#3602,1.7);
#1375=CIRCLE('',#3604,1.7);
#1376=CIRCLE('',#3606,3.15);
#1377=CIRCLE('',#3607,1.7);
#1378=CIRCLE('',#3609,1.7);
#1379=CIRCLE('',#3611,3.15);
#1380=CIRCLE('',#3612,1.7);
#1381=CIRCLE('',#3614,1.7);
#1382=CIRCLE('',#3616,3.15);
#1383=CIRCLE('',#3617,1.7);
#1384=CIRCLE('',#3619,1.7);
#1385=CIRCLE('',#3621,4.2165);
#1386=CIRCLE('',#3622,2.248);
#1387=CIRCLE('',#3624,2.248);
#1388=CIRCLE('',#3626,4.2165);
#1389=CIRCLE('',#3627,2.248);
#1390=CIRCLE('',#3629,2.248);
#1391=CIRCLE('',#3631,4.2165);
#1392=CIRCLE('',#3632,2.248);
#1393=CIRCLE('',#3634,2.248);
#1394=CIRCLE('',#3636,4.2165);
#1395=CIRCLE('',#3637,2.248);
#1396=CIRCLE('',#3639,2.248);
#1397=CIRCLE('',#3641,4.2165);
#1398=CIRCLE('',#3642,2.248);
#1399=CIRCLE('',#3644,2.248);
#1400=CIRCLE('',#3646,4.2165);
#1401=CIRCLE('',#3647,2.248);
#1402=CIRCLE('',#3649,2.248);
#1403=CIRCLE('',#3651,4.2165);
#1404=CIRCLE('',#3652,2.248);
#1405=CIRCLE('',#3654,2.248);
#1406=CIRCLE('',#3656,4.2165);
#1407=CIRCLE('',#3657,2.248);
#1408=CIRCLE('',#3659,2.248);
#1409=CIRCLE('',#3661,4.2165);
#1410=CIRCLE('',#3662,2.248);
#1411=CIRCLE('',#3664,2.248);
#1412=CIRCLE('',#3666,4.2165);
#1413=CIRCLE('',#3667,2.248);
#1414=CIRCLE('',#3669,2.248);
#1415=CIRCLE('',#3671,4.2165);
#1416=CIRCLE('',#3672,2.248);
#1417=CIRCLE('',#3674,2.248);
#1418=CIRCLE('',#3676,4.2165);
#1419=CIRCLE('',#3677,2.248);
#1420=CIRCLE('',#3679,2.248);
#1421=CIRCLE('',#3681,4.2165);
#1422=CIRCLE('',#3682,2.248);
#1423=CIRCLE('',#3684,2.248);
#1424=CIRCLE('',#3686,4.2165);
#1425=CIRCLE('',#3687,2.248);
#1426=CIRCLE('',#3689,2.248);
#1427=CIRCLE('',#3691,4.2165);
#1428=CIRCLE('',#3692,2.248);
#1429=CIRCLE('',#3694,2.248);
#1430=CIRCLE('',#3696,4.2165);
#1431=CIRCLE('',#3697,2.248);
#1432=CIRCLE('',#3699,2.248);
#1433=CIRCLE('',#3701,2.8575);
#1434=CIRCLE('',#3702,1.632);
#1435=CIRCLE('',#3704,1.632);
#1436=CIRCLE('',#3706,2.8575);
#1437=CIRCLE('',#3707,1.632);
#1438=CIRCLE('',#3709,1.632);
#1439=CIRCLE('',#3711,2.8575);
#1440=CIRCLE('',#3712,1.632);
#1441=CIRCLE('',#3714,1.632);
#1442=CIRCLE('',#3716,2.8575);
#1443=CIRCLE('',#3717,1.632);
#1444=CIRCLE('',#3719,1.632);
#1445=CIRCLE('',#3721,2.8575);
#1446=CIRCLE('',#3722,1.632);
#1447=CIRCLE('',#3724,1.632);
#1448=CIRCLE('',#3726,2.8575);
#1449=CIRCLE('',#3727,1.632);
#1450=CIRCLE('',#3729,1.632);
#1451=CIRCLE('',#3731,2.8575);
#1452=CIRCLE('',#3732,1.632);
#1453=CIRCLE('',#3734,1.632);
#1454=CIRCLE('',#3736,2.8575);
#1455=CIRCLE('',#3737,1.632);
#1456=CIRCLE('',#3739,1.632);
#1457=CIRCLE('',#3741,2.8575);
#1458=CIRCLE('',#3742,1.632);
#1459=CIRCLE('',#3744,1.632);
#1460=CIRCLE('',#3746,2.8575);
#1461=CIRCLE('',#3747,1.632);
#1462=CIRCLE('',#3749,1.632);
#1463=CIRCLE('',#3751,2.8575);
#1464=CIRCLE('',#3752,1.632);
#1465=CIRCLE('',#3754,1.632);
#1466=CIRCLE('',#3756,2.8575);
#1467=CIRCLE('',#3757,1.632);
#1468=CIRCLE('',#3759,1.632);
#1469=CIRCLE('',#3761,4.21649999999995);
#1470=CIRCLE('',#3762,2.248);
#1471=CIRCLE('',#3764,2.248);
#1472=CIRCLE('',#3766,4.21649999999991);
#1473=CIRCLE('',#3767,2.248);
#1474=CIRCLE('',#3769,2.248);
#1475=CIRCLE('',#3771,4.21650000000585);
#1476=CIRCLE('',#3772,2.248);
#1477=CIRCLE('',#3774,2.248);
#1478=CIRCLE('',#3776,4.2165000000058);
#1479=CIRCLE('',#3777,2.248);
#1480=CIRCLE('',#3779,2.248);
#1481=CIRCLE('',#3781,3.14999999999986);
#1482=CIRCLE('',#3782,1.7);
#1483=CIRCLE('',#3784,1.7);
#1484=CIRCLE('',#3786,3.14999999999988);
#1485=CIRCLE('',#3787,1.7);
#1486=CIRCLE('',#3789,1.7);
#1487=CIRCLE('',#3791,3.14999999999991);
#1488=CIRCLE('',#3792,1.7);
#1489=CIRCLE('',#3794,1.7);
#1490=CIRCLE('',#3796,3.15000000000672);
#1491=CIRCLE('',#3797,1.7);
#1492=CIRCLE('',#3799,1.7);
#1493=CIRCLE('',#3801,3.15000000000669);
#1494=CIRCLE('',#3802,1.7);
#1495=CIRCLE('',#3804,1.7);
#1496=CIRCLE('',#3806,3.15000000000674);
#1497=CIRCLE('',#3807,1.7);
#1498=CIRCLE('',#3809,1.7);
#1499=CIRCLE('',#3811,1.75000000000001);
#1500=CIRCLE('',#3812,1.75000000000001);
#1501=CIRCLE('',#3814,6.49999999999999);
#1502=CIRCLE('',#3815,6.49999999999999);
#1503=CIRCLE('',#3817,1.75000000000001);
#1504=CIRCLE('',#3818,1.75000000000001);
#1505=CIRCLE('',#3822,3.00000000000003);
#1506=CIRCLE('',#3823,3.00000000000003);
#1507=CIRCLE('',#3825,6.);
#1508=CIRCLE('',#3826,6.);
#1509=CIRCLE('',#3828,6.);
#1510=CIRCLE('',#3829,6.);
#1511=CIRCLE('',#3834,3.);
#1512=CIRCLE('',#3835,3.);
#1513=CIRCLE('',#3837,3.00000000000008);
#1514=CIRCLE('',#3838,3.00000000000008);
#1515=CIRCLE('',#3840,3.00000000000008);
#1516=CIRCLE('',#3841,3.00000000000008);
#1517=CIRCLE('',#3843,3.);
#1518=CIRCLE('',#3844,3.);
#1519=CIRCLE('',#3847,3.00000000000003);
#1520=CIRCLE('',#3848,3.00000000000003);
#1521=VERTEX_POINT('',#4923);
#1522=VERTEX_POINT('',#4925);
#1523=VERTEX_POINT('',#4929);
#1524=VERTEX_POINT('',#4931);
#1525=VERTEX_POINT('',#4935);
#1526=VERTEX_POINT('',#4937);
#1527=VERTEX_POINT('',#4941);
#1528=VERTEX_POINT('',#4942);
#1529=VERTEX_POINT('',#4944);
#1530=VERTEX_POINT('',#4946);
#1531=VERTEX_POINT('',#4950);
#1532=VERTEX_POINT('',#4952);
#1533=VERTEX_POINT('',#4956);
#1534=VERTEX_POINT('',#4958);
#1535=VERTEX_POINT('',#4962);
#1536=VERTEX_POINT('',#4964);
#1537=VERTEX_POINT('',#4968);
#1538=VERTEX_POINT('',#4970);
#1539=VERTEX_POINT('',#4974);
#1540=VERTEX_POINT('',#4976);
#1541=VERTEX_POINT('',#4980);
#1542=VERTEX_POINT('',#4982);
#1543=VERTEX_POINT('',#4989);
#1544=VERTEX_POINT('',#4990);
#1545=VERTEX_POINT('',#4992);
#1546=VERTEX_POINT('',#4994);
#1547=VERTEX_POINT('',#4998);
#1548=VERTEX_POINT('',#5000);
#1549=VERTEX_POINT('',#5004);
#1550=VERTEX_POINT('',#5005);
#1551=VERTEX_POINT('',#5007);
#1552=VERTEX_POINT('',#5009);
#1553=VERTEX_POINT('',#5016);
#1554=VERTEX_POINT('',#5017);
#1555=VERTEX_POINT('',#5019);
#1556=VERTEX_POINT('',#5021);
#1557=VERTEX_POINT('',#5025);
#1558=VERTEX_POINT('',#5027);
#1559=VERTEX_POINT('',#5031);
#1560=VERTEX_POINT('',#5033);
#1561=VERTEX_POINT('',#5037);
#1562=VERTEX_POINT('',#5039);
#1563=VERTEX_POINT('',#5043);
#1564=VERTEX_POINT('',#5045);
#1565=VERTEX_POINT('',#5049);
#1566=VERTEX_POINT('',#5051);
#1567=VERTEX_POINT('',#5055);
#1568=VERTEX_POINT('',#5057);
#1569=VERTEX_POINT('',#5064);
#1570=VERTEX_POINT('',#5066);
#1571=VERTEX_POINT('',#5070);
#1572=VERTEX_POINT('',#5072);
#1573=VERTEX_POINT('',#5076);
#1574=VERTEX_POINT('',#5078);
#1575=VERTEX_POINT('',#5082);
#1576=VERTEX_POINT('',#5084);
#1577=VERTEX_POINT('',#5088);
#1578=VERTEX_POINT('',#5090);
#1579=VERTEX_POINT('',#5094);
#1580=VERTEX_POINT('',#5098);
#1581=VERTEX_POINT('',#5100);
#1582=VERTEX_POINT('',#5104);
#1583=VERTEX_POINT('',#5108);
#1584=VERTEX_POINT('',#5110);
#1585=VERTEX_POINT('',#5114);
#1586=VERTEX_POINT('',#5118);
#1587=VERTEX_POINT('',#5120);
#1588=VERTEX_POINT('',#5124);
#1589=VERTEX_POINT('',#5128);
#1590=VERTEX_POINT('',#5130);
#1591=VERTEX_POINT('',#5134);
#1592=VERTEX_POINT('',#5138);
#1593=VERTEX_POINT('',#5140);
#1594=VERTEX_POINT('',#5144);
#1595=VERTEX_POINT('',#5148);
#1596=VERTEX_POINT('',#5150);
#1597=VERTEX_POINT('',#5154);
#1598=VERTEX_POINT('',#5158);
#1599=VERTEX_POINT('',#5160);
#1600=VERTEX_POINT('',#5164);
#1601=VERTEX_POINT('',#5168);
#1602=VERTEX_POINT('',#5170);
#1603=VERTEX_POINT('',#5174);
#1604=VERTEX_POINT('',#5178);
#1605=VERTEX_POINT('',#5180);
#1606=VERTEX_POINT('',#5184);
#1607=VERTEX_POINT('',#5188);
#1608=VERTEX_POINT('',#5190);
#1609=VERTEX_POINT('',#5194);
#1610=VERTEX_POINT('',#5198);
#1611=VERTEX_POINT('',#5200);
#1612=VERTEX_POINT('',#5204);
#1613=VERTEX_POINT('',#5208);
#1614=VERTEX_POINT('',#5210);
#1615=VERTEX_POINT('',#5214);
#1616=VERTEX_POINT('',#5218);
#1617=VERTEX_POINT('',#5220);
#1618=VERTEX_POINT('',#5224);
#1619=VERTEX_POINT('',#5228);
#1620=VERTEX_POINT('',#5230);
#1621=VERTEX_POINT('',#5234);
#1622=VERTEX_POINT('',#5238);
#1623=VERTEX_POINT('',#5240);
#1624=VERTEX_POINT('',#5244);
#1625=VERTEX_POINT('',#5248);
#1626=VERTEX_POINT('',#5250);
#1627=VERTEX_POINT('',#5254);
#1628=VERTEX_POINT('',#5258);
#1629=VERTEX_POINT('',#5260);
#1630=VERTEX_POINT('',#5264);
#1631=VERTEX_POINT('',#5268);
#1632=VERTEX_POINT('',#5270);
#1633=VERTEX_POINT('',#5274);
#1634=VERTEX_POINT('',#5278);
#1635=VERTEX_POINT('',#5280);
#1636=VERTEX_POINT('',#5284);
#1637=VERTEX_POINT('',#5288);
#1638=VERTEX_POINT('',#5290);
#1639=VERTEX_POINT('',#5294);
#1640=VERTEX_POINT('',#5298);
#1641=VERTEX_POINT('',#5300);
#1642=VERTEX_POINT('',#5304);
#1643=VERTEX_POINT('',#5308);
#1644=VERTEX_POINT('',#5310);
#1645=VERTEX_POINT('',#5314);
#1646=VERTEX_POINT('',#5318);
#1647=VERTEX_POINT('',#5320);
#1648=VERTEX_POINT('',#5324);
#1649=VERTEX_POINT('',#5328);
#1650=VERTEX_POINT('',#5330);
#1651=VERTEX_POINT('',#5334);
#1652=VERTEX_POINT('',#5338);
#1653=VERTEX_POINT('',#5340);
#1654=VERTEX_POINT('',#5344);
#1655=VERTEX_POINT('',#5348);
#1656=VERTEX_POINT('',#5350);
#1657=VERTEX_POINT('',#5354);
#1658=VERTEX_POINT('',#5358);
#1659=VERTEX_POINT('',#5360);
#1660=VERTEX_POINT('',#5364);
#1661=VERTEX_POINT('',#5368);
#1662=VERTEX_POINT('',#5370);
#1663=VERTEX_POINT('',#5374);
#1664=VERTEX_POINT('',#5378);
#1665=VERTEX_POINT('',#5380);
#1666=VERTEX_POINT('',#5384);
#1667=VERTEX_POINT('',#5388);
#1668=VERTEX_POINT('',#5390);
#1669=VERTEX_POINT('',#5394);
#1670=VERTEX_POINT('',#5398);
#1671=VERTEX_POINT('',#5400);
#1672=VERTEX_POINT('',#5404);
#1673=VERTEX_POINT('',#5408);
#1674=VERTEX_POINT('',#5410);
#1675=VERTEX_POINT('',#5414);
#1676=VERTEX_POINT('',#5418);
#1677=VERTEX_POINT('',#5420);
#1678=VERTEX_POINT('',#5424);
#1679=VERTEX_POINT('',#5428);
#1680=VERTEX_POINT('',#5430);
#1681=VERTEX_POINT('',#5434);
#1682=VERTEX_POINT('',#5438);
#1683=VERTEX_POINT('',#5440);
#1684=VERTEX_POINT('',#5444);
#1685=VERTEX_POINT('',#5448);
#1686=VERTEX_POINT('',#5450);
#1687=VERTEX_POINT('',#5454);
#1688=VERTEX_POINT('',#5458);
#1689=VERTEX_POINT('',#5460);
#1690=VERTEX_POINT('',#5464);
#1691=VERTEX_POINT('',#5468);
#1692=VERTEX_POINT('',#5470);
#1693=VERTEX_POINT('',#5474);
#1694=VERTEX_POINT('',#5478);
#1695=VERTEX_POINT('',#5480);
#1696=VERTEX_POINT('',#5484);
#1697=VERTEX_POINT('',#5488);
#1698=VERTEX_POINT('',#5490);
#1699=VERTEX_POINT('',#5494);
#1700=VERTEX_POINT('',#5498);
#1701=VERTEX_POINT('',#5500);
#1702=VERTEX_POINT('',#5504);
#1703=VERTEX_POINT('',#5508);
#1704=VERTEX_POINT('',#5510);
#1705=VERTEX_POINT('',#5514);
#1706=VERTEX_POINT('',#5518);
#1707=VERTEX_POINT('',#5520);
#1708=VERTEX_POINT('',#5524);
#1709=VERTEX_POINT('',#5528);
#1710=VERTEX_POINT('',#5530);
#1711=VERTEX_POINT('',#5534);
#1712=VERTEX_POINT('',#5538);
#1713=VERTEX_POINT('',#5540);
#1714=VERTEX_POINT('',#5544);
#1715=VERTEX_POINT('',#5548);
#1716=VERTEX_POINT('',#5550);
#1717=VERTEX_POINT('',#5554);
#1718=VERTEX_POINT('',#5558);
#1719=VERTEX_POINT('',#5560);
#1720=VERTEX_POINT('',#5564);
#1721=VERTEX_POINT('',#5568);
#1722=VERTEX_POINT('',#5570);
#1723=VERTEX_POINT('',#5574);
#1724=VERTEX_POINT('',#5578);
#1725=VERTEX_POINT('',#5580);
#1726=VERTEX_POINT('',#5584);
#1727=VERTEX_POINT('',#5588);
#1728=VERTEX_POINT('',#5590);
#1729=VERTEX_POINT('',#5594);
#1730=VERTEX_POINT('',#5598);
#1731=VERTEX_POINT('',#5600);
#1732=VERTEX_POINT('',#5604);
#1733=VERTEX_POINT('',#5608);
#1734=VERTEX_POINT('',#5610);
#1735=VERTEX_POINT('',#5614);
#1736=VERTEX_POINT('',#5618);
#1737=VERTEX_POINT('',#5620);
#1738=VERTEX_POINT('',#5624);
#1739=VERTEX_POINT('',#5628);
#1740=VERTEX_POINT('',#5630);
#1741=VERTEX_POINT('',#5634);
#1742=VERTEX_POINT('',#5638);
#1743=VERTEX_POINT('',#5640);
#1744=VERTEX_POINT('',#5644);
#1745=VERTEX_POINT('',#5648);
#1746=VERTEX_POINT('',#5650);
#1747=VERTEX_POINT('',#5654);
#1748=VERTEX_POINT('',#5656);
#1749=VERTEX_POINT('',#5660);
#1750=VERTEX_POINT('',#5662);
#1751=VERTEX_POINT('',#5666);
#1752=VERTEX_POINT('',#5667);
#1753=VERTEX_POINT('',#5669);
#1754=VERTEX_POINT('',#5671);
#1755=VERTEX_POINT('',#5675);
#1756=VERTEX_POINT('',#5676);
#1757=VERTEX_POINT('',#5678);
#1758=VERTEX_POINT('',#5680);
#1759=VERTEX_POINT('',#5684);
#1760=VERTEX_POINT('',#5686);
#1761=VERTEX_POINT('',#5690);
#1762=VERTEX_POINT('',#5692);
#1763=VERTEX_POINT('',#5696);
#1764=VERTEX_POINT('',#5698);
#1765=VERTEX_POINT('',#5702);
#1766=VERTEX_POINT('',#5704);
#1767=VERTEX_POINT('',#5708);
#1768=VERTEX_POINT('',#5710);
#1769=VERTEX_POINT('',#5714);
#1770=VERTEX_POINT('',#5716);
#1771=VERTEX_POINT('',#5720);
#1772=VERTEX_POINT('',#5722);
#1773=VERTEX_POINT('',#5726);
#1774=VERTEX_POINT('',#5728);
#1775=VERTEX_POINT('',#5732);
#1776=VERTEX_POINT('',#5734);
#1777=VERTEX_POINT('',#5738);
#1778=VERTEX_POINT('',#5739);
#1779=VERTEX_POINT('',#5741);
#1780=VERTEX_POINT('',#5743);
#1781=VERTEX_POINT('',#5747);
#1782=VERTEX_POINT('',#5749);
#1783=VERTEX_POINT('',#5756);
#1784=VERTEX_POINT('',#5758);
#1785=VERTEX_POINT('',#5760);
#1786=VERTEX_POINT('',#5764);
#1787=VERTEX_POINT('',#5768);
#1788=VERTEX_POINT('',#5770);
#1789=VERTEX_POINT('',#5772);
#1790=VERTEX_POINT('',#5776);
#1791=VERTEX_POINT('',#5778);
#1792=VERTEX_POINT('',#5780);
#1793=VERTEX_POINT('',#5784);
#1794=VERTEX_POINT('',#5786);
#1795=VERTEX_POINT('',#5793);
#1796=VERTEX_POINT('',#5797);
#1797=VERTEX_POINT('',#5806);
#1798=VERTEX_POINT('',#5807);
#1799=VERTEX_POINT('',#5809);
#1800=VERTEX_POINT('',#5811);
#1801=VERTEX_POINT('',#5819);
#1802=VERTEX_POINT('',#5823);
#1803=VERTEX_POINT('',#5835);
#1804=VERTEX_POINT('',#5837);
#1805=EDGE_CURVE('',#1521,#1521,#1297,.T.);
#1806=EDGE_CURVE('',#1521,#1522,#821,.T.);
#1807=EDGE_CURVE('',#1522,#1522,#1298,.T.);
#1808=EDGE_CURVE('',#1523,#1523,#1299,.T.);
#1809=EDGE_CURVE('',#1523,#1524,#822,.T.);
#1810=EDGE_CURVE('',#1524,#1524,#1300,.T.);
#1811=EDGE_CURVE('',#1525,#1525,#1301,.T.);
#1812=EDGE_CURVE('',#1525,#1526,#823,.T.);
#1813=EDGE_CURVE('',#1526,#1526,#1302,.T.);
#1814=EDGE_CURVE('',#1527,#1528,#1303,.T.);
#1815=EDGE_CURVE('',#1528,#1529,#824,.T.);
#1816=EDGE_CURVE('',#1529,#1530,#1304,.T.);
#1817=EDGE_CURVE('',#1530,#1527,#825,.T.);
#1818=EDGE_CURVE('',#1531,#1528,#826,.T.);
#1819=EDGE_CURVE('',#1532,#1531,#827,.T.);
#1820=EDGE_CURVE('',#1529,#1532,#828,.T.);
#1821=EDGE_CURVE('',#1531,#1533,#1305,.T.);
#1822=EDGE_CURVE('',#1533,#1534,#829,.T.);
#1823=EDGE_CURVE('',#1534,#1532,#1306,.T.);
#1824=EDGE_CURVE('',#1535,#1533,#830,.T.);
#1825=EDGE_CURVE('',#1536,#1535,#831,.T.);
#1826=EDGE_CURVE('',#1534,#1536,#832,.T.);
#1827=EDGE_CURVE('',#1535,#1537,#1307,.T.);
#1828=EDGE_CURVE('',#1537,#1538,#833,.T.);
#1829=EDGE_CURVE('',#1538,#1536,#1308,.T.);
#1830=EDGE_CURVE('',#1539,#1537,#834,.T.);
#1831=EDGE_CURVE('',#1540,#1539,#835,.T.);
#1832=EDGE_CURVE('',#1538,#1540,#836,.T.);
#1833=EDGE_CURVE('',#1539,#1541,#1309,.T.);
#1834=EDGE_CURVE('',#1541,#1542,#837,.T.);
#1835=EDGE_CURVE('',#1542,#1540,#1310,.T.);
#1836=EDGE_CURVE('',#1542,#1530,#838,.T.);
#1837=EDGE_CURVE('',#1527,#1541,#839,.T.);
#1838=EDGE_CURVE('',#1543,#1544,#1311,.T.);
#1839=EDGE_CURVE('',#1544,#1545,#840,.T.);
#1840=EDGE_CURVE('',#1545,#1546,#1312,.T.);
#1841=EDGE_CURVE('',#1546,#1543,#841,.T.);
#1842=EDGE_CURVE('',#1547,#1544,#842,.T.);
#1843=EDGE_CURVE('',#1547,#1548,#843,.T.);
#1844=EDGE_CURVE('',#1545,#1548,#844,.T.);
#1845=EDGE_CURVE('',#1549,#1550,#1313,.T.);
#1846=EDGE_CURVE('',#1550,#1551,#845,.T.);
#1847=EDGE_CURVE('',#1551,#1552,#1314,.T.);
#1848=EDGE_CURVE('',#1552,#1549,#846,.T.);
#1849=EDGE_CURVE('',#1551,#1546,#847,.T.);
#1850=EDGE_CURVE('',#1543,#1550,#848,.T.);
#1851=EDGE_CURVE('',#1553,#1554,#1315,.T.);
#1852=EDGE_CURVE('',#1554,#1555,#849,.T.);
#1853=EDGE_CURVE('',#1555,#1556,#1316,.T.);
#1854=EDGE_CURVE('',#1556,#1553,#850,.T.);
#1855=EDGE_CURVE('',#1557,#1554,#851,.T.);
#1856=EDGE_CURVE('',#1558,#1557,#852,.T.);
#1857=EDGE_CURVE('',#1555,#1558,#853,.T.);
#1858=EDGE_CURVE('',#1557,#1559,#1317,.T.);
#1859=EDGE_CURVE('',#1559,#1560,#854,.T.);
#1860=EDGE_CURVE('',#1560,#1558,#1318,.T.);
#1861=EDGE_CURVE('',#1561,#1559,#855,.T.);
#1862=EDGE_CURVE('',#1562,#1561,#856,.T.);
#1863=EDGE_CURVE('',#1560,#1562,#857,.T.);
#1864=EDGE_CURVE('',#1561,#1563,#1319,.T.);
#1865=EDGE_CURVE('',#1563,#1564,#858,.T.);
#1866=EDGE_CURVE('',#1564,#1562,#1320,.T.);
#1867=EDGE_CURVE('',#1565,#1563,#859,.T.);
#1868=EDGE_CURVE('',#1566,#1565,#860,.T.);
#1869=EDGE_CURVE('',#1564,#1566,#861,.T.);
#1870=EDGE_CURVE('',#1565,#1567,#1321,.T.);
#1871=EDGE_CURVE('',#1567,#1568,#862,.T.);
#1872=EDGE_CURVE('',#1568,#1566,#1322,.T.);
#1873=EDGE_CURVE('',#1568,#1556,#863,.T.);
#1874=EDGE_CURVE('',#1553,#1567,#864,.T.);
#1875=EDGE_CURVE('',#1569,#1569,#1323,.T.);
#1876=EDGE_CURVE('',#1569,#1570,#865,.T.);
#1877=EDGE_CURVE('',#1570,#1570,#1324,.T.);
#1878=EDGE_CURVE('',#1571,#1571,#1325,.T.);
#1879=EDGE_CURVE('',#1571,#1572,#866,.T.);
#1880=EDGE_CURVE('',#1572,#1572,#1326,.T.);
#1881=EDGE_CURVE('',#1573,#1573,#1327,.T.);
#1882=EDGE_CURVE('',#1573,#1574,#867,.T.);
#1883=EDGE_CURVE('',#1574,#1574,#1328,.T.);
#1884=EDGE_CURVE('',#1575,#1575,#1329,.T.);
#1885=EDGE_CURVE('',#1575,#1576,#868,.T.);
#1886=EDGE_CURVE('',#1576,#1576,#1330,.T.);
#1887=EDGE_CURVE('',#1577,#1577,#1331,.T.);
#1888=EDGE_CURVE('',#1577,#1578,#869,.T.);
#1889=EDGE_CURVE('',#1578,#1578,#1332,.T.);
#1890=EDGE_CURVE('',#1578,#1579,#870,.T.);
#1891=EDGE_CURVE('',#1579,#1579,#1333,.T.);
#1892=EDGE_CURVE('',#1580,#1580,#1334,.T.);
#1893=EDGE_CURVE('',#1580,#1581,#871,.T.);
#1894=EDGE_CURVE('',#1581,#1581,#1335,.T.);
#1895=EDGE_CURVE('',#1581,#1582,#872,.T.);
#1896=EDGE_CURVE('',#1582,#1582,#1336,.T.);
#1897=EDGE_CURVE('',#1583,#1583,#1337,.T.);
#1898=EDGE_CURVE('',#1583,#1584,#873,.T.);
#1899=EDGE_CURVE('',#1584,#1584,#1338,.T.);
#1900=EDGE_CURVE('',#1584,#1585,#874,.T.);
#1901=EDGE_CURVE('',#1585,#1585,#1339,.T.);
#1902=EDGE_CURVE('',#1586,#1586,#1340,.T.);
#1903=EDGE_CURVE('',#1586,#1587,#875,.T.);
#1904=EDGE_CURVE('',#1587,#1587,#1341,.T.);
#1905=EDGE_CURVE('',#1587,#1588,#876,.T.);
#1906=EDGE_CURVE('',#1588,#1588,#1342,.T.);
#1907=EDGE_CURVE('',#1589,#1589,#1343,.T.);
#1908=EDGE_CURVE('',#1589,#1590,#877,.T.);
#1909=EDGE_CURVE('',#1590,#1590,#1344,.T.);
#1910=EDGE_CURVE('',#1590,#1591,#878,.T.);
#1911=EDGE_CURVE('',#1591,#1591,#1345,.T.);
#1912=EDGE_CURVE('',#1592,#1592,#1346,.T.);
#1913=EDGE_CURVE('',#1592,#1593,#879,.T.);
#1914=EDGE_CURVE('',#1593,#1593,#1347,.T.);
#1915=EDGE_CURVE('',#1593,#1594,#880,.T.);
#1916=EDGE_CURVE('',#1594,#1594,#1348,.T.);
#1917=EDGE_CURVE('',#1595,#1595,#1349,.T.);
#1918=EDGE_CURVE('',#1595,#1596,#881,.T.);
#1919=EDGE_CURVE('',#1596,#1596,#1350,.T.);
#1920=EDGE_CURVE('',#1596,#1597,#882,.T.);
#1921=EDGE_CURVE('',#1597,#1597,#1351,.T.);
#1922=EDGE_CURVE('',#1598,#1598,#1352,.T.);
#1923=EDGE_CURVE('',#1598,#1599,#883,.T.);
#1924=EDGE_CURVE('',#1599,#1599,#1353,.T.);
#1925=EDGE_CURVE('',#1599,#1600,#884,.T.);
#1926=EDGE_CURVE('',#1600,#1600,#1354,.T.);
#1927=EDGE_CURVE('',#1601,#1601,#1355,.T.);
#1928=EDGE_CURVE('',#1601,#1602,#885,.T.);
#1929=EDGE_CURVE('',#1602,#1602,#1356,.T.);
#1930=EDGE_CURVE('',#1602,#1603,#886,.T.);
#1931=EDGE_CURVE('',#1603,#1603,#1357,.T.);
#1932=EDGE_CURVE('',#1604,#1604,#1358,.T.);
#1933=EDGE_CURVE('',#1604,#1605,#887,.T.);
#1934=EDGE_CURVE('',#1605,#1605,#1359,.T.);
#1935=EDGE_CURVE('',#1605,#1606,#888,.T.);
#1936=EDGE_CURVE('',#1606,#1606,#1360,.T.);
#1937=EDGE_CURVE('',#1607,#1607,#1361,.T.);
#1938=EDGE_CURVE('',#1607,#1608,#889,.T.);
#1939=EDGE_CURVE('',#1608,#1608,#1362,.T.);
#1940=EDGE_CURVE('',#1608,#1609,#890,.T.);
#1941=EDGE_CURVE('',#1609,#1609,#1363,.T.);
#1942=EDGE_CURVE('',#1610,#1610,#1364,.T.);
#1943=EDGE_CURVE('',#1610,#1611,#891,.T.);
#1944=EDGE_CURVE('',#1611,#1611,#1365,.T.);
#1945=EDGE_CURVE('',#1611,#1612,#892,.T.);
#1946=EDGE_CURVE('',#1612,#1612,#1366,.T.);
#1947=EDGE_CURVE('',#1613,#1613,#1367,.T.);
#1948=EDGE_CURVE('',#1613,#1614,#893,.T.);
#1949=EDGE_CURVE('',#1614,#1614,#1368,.T.);
#1950=EDGE_CURVE('',#1614,#1615,#894,.T.);
#1951=EDGE_CURVE('',#1615,#1615,#1369,.T.);
#1952=EDGE_CURVE('',#1616,#1616,#1370,.T.);
#1953=EDGE_CURVE('',#1616,#1617,#895,.T.);
#1954=EDGE_CURVE('',#1617,#1617,#1371,.T.);
#1955=EDGE_CURVE('',#1617,#1618,#896,.T.);
#1956=EDGE_CURVE('',#1618,#1618,#1372,.T.);
#1957=EDGE_CURVE('',#1619,#1619,#1373,.T.);
#1958=EDGE_CURVE('',#1619,#1620,#897,.T.);
#1959=EDGE_CURVE('',#1620,#1620,#1374,.T.);
#1960=EDGE_CURVE('',#1620,#1621,#898,.T.);
#1961=EDGE_CURVE('',#1621,#1621,#1375,.T.);
#1962=EDGE_CURVE('',#1622,#1622,#1376,.T.);
#1963=EDGE_CURVE('',#1622,#1623,#899,.T.);
#1964=EDGE_CURVE('',#1623,#1623,#1377,.T.);
#1965=EDGE_CURVE('',#1623,#1624,#900,.T.);
#1966=EDGE_CURVE('',#1624,#1624,#1378,.T.);
#1967=EDGE_CURVE('',#1625,#1625,#1379,.T.);
#1968=EDGE_CURVE('',#1625,#1626,#901,.T.);
#1969=EDGE_CURVE('',#1626,#1626,#1380,.T.);
#1970=EDGE_CURVE('',#1626,#1627,#902,.T.);
#1971=EDGE_CURVE('',#1627,#1627,#1381,.T.);
#1972=EDGE_CURVE('',#1628,#1628,#1382,.T.);
#1973=EDGE_CURVE('',#1628,#1629,#903,.T.);
#1974=EDGE_CURVE('',#1629,#1629,#1383,.T.);
#1975=EDGE_CURVE('',#1629,#1630,#904,.T.);
#1976=EDGE_CURVE('',#1630,#1630,#1384,.T.);
#1977=EDGE_CURVE('',#1631,#1631,#1385,.T.);
#1978=EDGE_CURVE('',#1631,#1632,#905,.T.);
#1979=EDGE_CURVE('',#1632,#1632,#1386,.T.);
#1980=EDGE_CURVE('',#1632,#1633,#906,.T.);
#1981=EDGE_CURVE('',#1633,#1633,#1387,.T.);
#1982=EDGE_CURVE('',#1634,#1634,#1388,.T.);
#1983=EDGE_CURVE('',#1634,#1635,#907,.T.);
#1984=EDGE_CURVE('',#1635,#1635,#1389,.T.);
#1985=EDGE_CURVE('',#1635,#1636,#908,.T.);
#1986=EDGE_CURVE('',#1636,#1636,#1390,.T.);
#1987=EDGE_CURVE('',#1637,#1637,#1391,.T.);
#1988=EDGE_CURVE('',#1637,#1638,#909,.T.);
#1989=EDGE_CURVE('',#1638,#1638,#1392,.T.);
#1990=EDGE_CURVE('',#1638,#1639,#910,.T.);
#1991=EDGE_CURVE('',#1639,#1639,#1393,.T.);
#1992=EDGE_CURVE('',#1640,#1640,#1394,.T.);
#1993=EDGE_CURVE('',#1640,#1641,#911,.T.);
#1994=EDGE_CURVE('',#1641,#1641,#1395,.T.);
#1995=EDGE_CURVE('',#1641,#1642,#912,.T.);
#1996=EDGE_CURVE('',#1642,#1642,#1396,.T.);
#1997=EDGE_CURVE('',#1643,#1643,#1397,.T.);
#1998=EDGE_CURVE('',#1643,#1644,#913,.T.);
#1999=EDGE_CURVE('',#1644,#1644,#1398,.T.);
#2000=EDGE_CURVE('',#1644,#1645,#914,.T.);
#2001=EDGE_CURVE('',#1645,#1645,#1399,.T.);
#2002=EDGE_CURVE('',#1646,#1646,#1400,.T.);
#2003=EDGE_CURVE('',#1646,#1647,#915,.T.);
#2004=EDGE_CURVE('',#1647,#1647,#1401,.T.);
#2005=EDGE_CURVE('',#1647,#1648,#916,.T.);
#2006=EDGE_CURVE('',#1648,#1648,#1402,.T.);
#2007=EDGE_CURVE('',#1649,#1649,#1403,.T.);
#2008=EDGE_CURVE('',#1649,#1650,#917,.T.);
#2009=EDGE_CURVE('',#1650,#1650,#1404,.T.);
#2010=EDGE_CURVE('',#1650,#1651,#918,.T.);
#2011=EDGE_CURVE('',#1651,#1651,#1405,.T.);
#2012=EDGE_CURVE('',#1652,#1652,#1406,.T.);
#2013=EDGE_CURVE('',#1652,#1653,#919,.T.);
#2014=EDGE_CURVE('',#1653,#1653,#1407,.T.);
#2015=EDGE_CURVE('',#1653,#1654,#920,.T.);
#2016=EDGE_CURVE('',#1654,#1654,#1408,.T.);
#2017=EDGE_CURVE('',#1655,#1655,#1409,.T.);
#2018=EDGE_CURVE('',#1655,#1656,#921,.T.);
#2019=EDGE_CURVE('',#1656,#1656,#1410,.T.);
#2020=EDGE_CURVE('',#1656,#1657,#922,.T.);
#2021=EDGE_CURVE('',#1657,#1657,#1411,.T.);
#2022=EDGE_CURVE('',#1658,#1658,#1412,.T.);
#2023=EDGE_CURVE('',#1658,#1659,#923,.T.);
#2024=EDGE_CURVE('',#1659,#1659,#1413,.T.);
#2025=EDGE_CURVE('',#1659,#1660,#924,.T.);
#2026=EDGE_CURVE('',#1660,#1660,#1414,.T.);
#2027=EDGE_CURVE('',#1661,#1661,#1415,.T.);
#2028=EDGE_CURVE('',#1661,#1662,#925,.T.);
#2029=EDGE_CURVE('',#1662,#1662,#1416,.T.);
#2030=EDGE_CURVE('',#1662,#1663,#926,.T.);
#2031=EDGE_CURVE('',#1663,#1663,#1417,.T.);
#2032=EDGE_CURVE('',#1664,#1664,#1418,.T.);
#2033=EDGE_CURVE('',#1664,#1665,#927,.T.);
#2034=EDGE_CURVE('',#1665,#1665,#1419,.T.);
#2035=EDGE_CURVE('',#1665,#1666,#928,.T.);
#2036=EDGE_CURVE('',#1666,#1666,#1420,.T.);
#2037=EDGE_CURVE('',#1667,#1667,#1421,.T.);
#2038=EDGE_CURVE('',#1667,#1668,#929,.T.);
#2039=EDGE_CURVE('',#1668,#1668,#1422,.T.);
#2040=EDGE_CURVE('',#1668,#1669,#930,.T.);
#2041=EDGE_CURVE('',#1669,#1669,#1423,.T.);
#2042=EDGE_CURVE('',#1670,#1670,#1424,.T.);
#2043=EDGE_CURVE('',#1670,#1671,#931,.T.);
#2044=EDGE_CURVE('',#1671,#1671,#1425,.T.);
#2045=EDGE_CURVE('',#1671,#1672,#932,.T.);
#2046=EDGE_CURVE('',#1672,#1672,#1426,.T.);
#2047=EDGE_CURVE('',#1673,#1673,#1427,.T.);
#2048=EDGE_CURVE('',#1673,#1674,#933,.T.);
#2049=EDGE_CURVE('',#1674,#1674,#1428,.T.);
#2050=EDGE_CURVE('',#1674,#1675,#934,.T.);
#2051=EDGE_CURVE('',#1675,#1675,#1429,.T.);
#2052=EDGE_CURVE('',#1676,#1676,#1430,.T.);
#2053=EDGE_CURVE('',#1676,#1677,#935,.T.);
#2054=EDGE_CURVE('',#1677,#1677,#1431,.T.);
#2055=EDGE_CURVE('',#1677,#1678,#936,.T.);
#2056=EDGE_CURVE('',#1678,#1678,#1432,.T.);
#2057=EDGE_CURVE('',#1679,#1679,#1433,.T.);
#2058=EDGE_CURVE('',#1679,#1680,#937,.T.);
#2059=EDGE_CURVE('',#1680,#1680,#1434,.T.);
#2060=EDGE_CURVE('',#1680,#1681,#938,.T.);
#2061=EDGE_CURVE('',#1681,#1681,#1435,.T.);
#2062=EDGE_CURVE('',#1682,#1682,#1436,.T.);
#2063=EDGE_CURVE('',#1682,#1683,#939,.T.);
#2064=EDGE_CURVE('',#1683,#1683,#1437,.T.);
#2065=EDGE_CURVE('',#1683,#1684,#940,.T.);
#2066=EDGE_CURVE('',#1684,#1684,#1438,.T.);
#2067=EDGE_CURVE('',#1685,#1685,#1439,.T.);
#2068=EDGE_CURVE('',#1685,#1686,#941,.T.);
#2069=EDGE_CURVE('',#1686,#1686,#1440,.T.);
#2070=EDGE_CURVE('',#1686,#1687,#942,.T.);
#2071=EDGE_CURVE('',#1687,#1687,#1441,.T.);
#2072=EDGE_CURVE('',#1688,#1688,#1442,.T.);
#2073=EDGE_CURVE('',#1688,#1689,#943,.T.);
#2074=EDGE_CURVE('',#1689,#1689,#1443,.T.);
#2075=EDGE_CURVE('',#1689,#1690,#944,.T.);
#2076=EDGE_CURVE('',#1690,#1690,#1444,.T.);
#2077=EDGE_CURVE('',#1691,#1691,#1445,.T.);
#2078=EDGE_CURVE('',#1691,#1692,#945,.T.);
#2079=EDGE_CURVE('',#1692,#1692,#1446,.T.);
#2080=EDGE_CURVE('',#1692,#1693,#946,.T.);
#2081=EDGE_CURVE('',#1693,#1693,#1447,.T.);
#2082=EDGE_CURVE('',#1694,#1694,#1448,.T.);
#2083=EDGE_CURVE('',#1694,#1695,#947,.T.);
#2084=EDGE_CURVE('',#1695,#1695,#1449,.T.);
#2085=EDGE_CURVE('',#1695,#1696,#948,.T.);
#2086=EDGE_CURVE('',#1696,#1696,#1450,.T.);
#2087=EDGE_CURVE('',#1697,#1697,#1451,.T.);
#2088=EDGE_CURVE('',#1697,#1698,#949,.T.);
#2089=EDGE_CURVE('',#1698,#1698,#1452,.T.);
#2090=EDGE_CURVE('',#1698,#1699,#950,.T.);
#2091=EDGE_CURVE('',#1699,#1699,#1453,.T.);
#2092=EDGE_CURVE('',#1700,#1700,#1454,.T.);
#2093=EDGE_CURVE('',#1700,#1701,#951,.T.);
#2094=EDGE_CURVE('',#1701,#1701,#1455,.T.);
#2095=EDGE_CURVE('',#1701,#1702,#952,.T.);
#2096=EDGE_CURVE('',#1702,#1702,#1456,.T.);
#2097=EDGE_CURVE('',#1703,#1703,#1457,.T.);
#2098=EDGE_CURVE('',#1703,#1704,#953,.T.);
#2099=EDGE_CURVE('',#1704,#1704,#1458,.T.);
#2100=EDGE_CURVE('',#1704,#1705,#954,.T.);
#2101=EDGE_CURVE('',#1705,#1705,#1459,.T.);
#2102=EDGE_CURVE('',#1706,#1706,#1460,.T.);
#2103=EDGE_CURVE('',#1706,#1707,#955,.T.);
#2104=EDGE_CURVE('',#1707,#1707,#1461,.T.);
#2105=EDGE_CURVE('',#1707,#1708,#956,.T.);
#2106=EDGE_CURVE('',#1708,#1708,#1462,.T.);
#2107=EDGE_CURVE('',#1709,#1709,#1463,.T.);
#2108=EDGE_CURVE('',#1709,#1710,#957,.T.);
#2109=EDGE_CURVE('',#1710,#1710,#1464,.T.);
#2110=EDGE_CURVE('',#1710,#1711,#958,.T.);
#2111=EDGE_CURVE('',#1711,#1711,#1465,.T.);
#2112=EDGE_CURVE('',#1712,#1712,#1466,.T.);
#2113=EDGE_CURVE('',#1712,#1713,#959,.T.);
#2114=EDGE_CURVE('',#1713,#1713,#1467,.T.);
#2115=EDGE_CURVE('',#1713,#1714,#960,.T.);
#2116=EDGE_CURVE('',#1714,#1714,#1468,.T.);
#2117=EDGE_CURVE('',#1715,#1715,#1469,.T.);
#2118=EDGE_CURVE('',#1715,#1716,#961,.T.);
#2119=EDGE_CURVE('',#1716,#1716,#1470,.T.);
#2120=EDGE_CURVE('',#1716,#1717,#962,.T.);
#2121=EDGE_CURVE('',#1717,#1717,#1471,.T.);
#2122=EDGE_CURVE('',#1718,#1718,#1472,.T.);
#2123=EDGE_CURVE('',#1718,#1719,#963,.T.);
#2124=EDGE_CURVE('',#1719,#1719,#1473,.T.);
#2125=EDGE_CURVE('',#1719,#1720,#964,.T.);
#2126=EDGE_CURVE('',#1720,#1720,#1474,.T.);
#2127=EDGE_CURVE('',#1721,#1721,#1475,.T.);
#2128=EDGE_CURVE('',#1721,#1722,#965,.T.);
#2129=EDGE_CURVE('',#1722,#1722,#1476,.T.);
#2130=EDGE_CURVE('',#1722,#1723,#966,.T.);
#2131=EDGE_CURVE('',#1723,#1723,#1477,.T.);
#2132=EDGE_CURVE('',#1724,#1724,#1478,.T.);
#2133=EDGE_CURVE('',#1724,#1725,#967,.T.);
#2134=EDGE_CURVE('',#1725,#1725,#1479,.T.);
#2135=EDGE_CURVE('',#1725,#1726,#968,.T.);
#2136=EDGE_CURVE('',#1726,#1726,#1480,.T.);
#2137=EDGE_CURVE('',#1727,#1727,#1481,.T.);
#2138=EDGE_CURVE('',#1727,#1728,#969,.T.);
#2139=EDGE_CURVE('',#1728,#1728,#1482,.T.);
#2140=EDGE_CURVE('',#1728,#1729,#970,.T.);
#2141=EDGE_CURVE('',#1729,#1729,#1483,.T.);
#2142=EDGE_CURVE('',#1730,#1730,#1484,.T.);
#2143=EDGE_CURVE('',#1730,#1731,#971,.T.);
#2144=EDGE_CURVE('',#1731,#1731,#1485,.T.);
#2145=EDGE_CURVE('',#1731,#1732,#972,.T.);
#2146=EDGE_CURVE('',#1732,#1732,#1486,.T.);
#2147=EDGE_CURVE('',#1733,#1733,#1487,.T.);
#2148=EDGE_CURVE('',#1733,#1734,#973,.T.);
#2149=EDGE_CURVE('',#1734,#1734,#1488,.T.);
#2150=EDGE_CURVE('',#1734,#1735,#974,.T.);
#2151=EDGE_CURVE('',#1735,#1735,#1489,.T.);
#2152=EDGE_CURVE('',#1736,#1736,#1490,.T.);
#2153=EDGE_CURVE('',#1736,#1737,#975,.T.);
#2154=EDGE_CURVE('',#1737,#1737,#1491,.T.);
#2155=EDGE_CURVE('',#1737,#1738,#976,.T.);
#2156=EDGE_CURVE('',#1738,#1738,#1492,.T.);
#2157=EDGE_CURVE('',#1739,#1739,#1493,.T.);
#2158=EDGE_CURVE('',#1739,#1740,#977,.T.);
#2159=EDGE_CURVE('',#1740,#1740,#1494,.T.);
#2160=EDGE_CURVE('',#1740,#1741,#978,.T.);
#2161=EDGE_CURVE('',#1741,#1741,#1495,.T.);
#2162=EDGE_CURVE('',#1742,#1742,#1496,.T.);
#2163=EDGE_CURVE('',#1742,#1743,#979,.T.);
#2164=EDGE_CURVE('',#1743,#1743,#1497,.T.);
#2165=EDGE_CURVE('',#1743,#1744,#980,.T.);
#2166=EDGE_CURVE('',#1744,#1744,#1498,.T.);
#2167=EDGE_CURVE('',#1745,#1745,#1499,.T.);
#2168=EDGE_CURVE('',#1745,#1746,#981,.T.);
#2169=EDGE_CURVE('',#1746,#1746,#1500,.T.);
#2170=EDGE_CURVE('',#1747,#1747,#1501,.T.);
#2171=EDGE_CURVE('',#1747,#1748,#982,.T.);
#2172=EDGE_CURVE('',#1748,#1748,#1502,.T.);
#2173=EDGE_CURVE('',#1749,#1749,#1503,.T.);
#2174=EDGE_CURVE('',#1749,#1750,#983,.T.);
#2175=EDGE_CURVE('',#1750,#1750,#1504,.T.);
#2176=EDGE_CURVE('',#1751,#1752,#984,.T.);
#2177=EDGE_CURVE('',#1753,#1751,#985,.T.);
#2178=EDGE_CURVE('',#1754,#1753,#986,.T.);
#2179=EDGE_CURVE('',#1754,#1752,#987,.T.);
#2180=EDGE_CURVE('',#1755,#1756,#988,.T.);
#2181=EDGE_CURVE('',#1757,#1755,#989,.T.);
#2182=EDGE_CURVE('',#1758,#1757,#990,.T.);
#2183=EDGE_CURVE('',#1758,#1756,#991,.T.);
#2184=EDGE_CURVE('',#1759,#1751,#1505,.T.);
#2185=EDGE_CURVE('',#1760,#1759,#992,.T.);
#2186=EDGE_CURVE('',#1753,#1760,#1506,.T.);
#2187=EDGE_CURVE('',#1761,#1754,#1507,.T.);
#2188=EDGE_CURVE('',#1761,#1762,#993,.T.);
#2189=EDGE_CURVE('',#1752,#1762,#1508,.T.);
#2190=EDGE_CURVE('',#1756,#1763,#1509,.T.);
#2191=EDGE_CURVE('',#1764,#1758,#1510,.T.);
#2192=EDGE_CURVE('',#1764,#1763,#994,.T.);
#2193=EDGE_CURVE('',#1765,#1759,#995,.T.);
#2194=EDGE_CURVE('',#1766,#1765,#996,.T.);
#2195=EDGE_CURVE('',#1760,#1766,#997,.T.);
#2196=EDGE_CURVE('',#1767,#1761,#998,.T.);
#2197=EDGE_CURVE('',#1767,#1768,#999,.T.);
#2198=EDGE_CURVE('',#1762,#1768,#1000,.T.);
#2199=EDGE_CURVE('',#1763,#1769,#1001,.T.);
#2200=EDGE_CURVE('',#1770,#1764,#1002,.T.);
#2201=EDGE_CURVE('',#1770,#1769,#1003,.T.);
#2202=EDGE_CURVE('',#1771,#1765,#1511,.T.);
#2203=EDGE_CURVE('',#1771,#1772,#1004,.T.);
#2204=EDGE_CURVE('',#1766,#1772,#1512,.T.);
#2205=EDGE_CURVE('',#1773,#1767,#1513,.T.);
#2206=EDGE_CURVE('',#1774,#1773,#1005,.T.);
#2207=EDGE_CURVE('',#1768,#1774,#1514,.T.);
#2208=EDGE_CURVE('',#1769,#1775,#1515,.T.);
#2209=EDGE_CURVE('',#1776,#1770,#1516,.T.);
#2210=EDGE_CURVE('',#1775,#1776,#1006,.T.);
#2211=EDGE_CURVE('',#1777,#1778,#1517,.T.);
#2212=EDGE_CURVE('',#1777,#1779,#1007,.T.);
#2213=EDGE_CURVE('',#1780,#1779,#1518,.T.);
#2214=EDGE_CURVE('',#1780,#1778,#1008,.T.);
#2215=EDGE_CURVE('',#1778,#1781,#1009,.T.);
#2216=EDGE_CURVE('',#1782,#1780,#1010,.T.);
#2217=EDGE_CURVE('',#1782,#1781,#1011,.T.);
#2218=EDGE_CURVE('',#1781,#1755,#1519,.T.);
#2219=EDGE_CURVE('',#1757,#1782,#1520,.T.);
#2220=EDGE_CURVE('',#1775,#1783,#1012,.T.);
#2221=EDGE_CURVE('',#1783,#1784,#1013,.T.);
#2222=EDGE_CURVE('',#1784,#1785,#1014,.T.);
#2223=EDGE_CURVE('',#1777,#1785,#1015,.T.);
#2224=EDGE_CURVE('',#1786,#1776,#1016,.T.);
#2225=EDGE_CURVE('',#1783,#1786,#1017,.T.);
#2226=EDGE_CURVE('',#1774,#1787,#1018,.T.);
#2227=EDGE_CURVE('',#1787,#1788,#1019,.T.);
#2228=EDGE_CURVE('',#1788,#1789,#1020,.T.);
#2229=EDGE_CURVE('',#1789,#1771,#1021,.T.);
#2230=EDGE_CURVE('',#1772,#1790,#1022,.T.);
#2231=EDGE_CURVE('',#1790,#1791,#1023,.T.);
#2232=EDGE_CURVE('',#1792,#1791,#1024,.T.);
#2233=EDGE_CURVE('',#1792,#1773,#1025,.T.);
#2234=EDGE_CURVE('',#1788,#1793,#1026,.T.);
#2235=EDGE_CURVE('',#1794,#1793,#1027,.T.);
#2236=EDGE_CURVE('',#1794,#1789,#1028,.T.);
#2237=EDGE_CURVE('',#1789,#1790,#1029,.T.);
#2238=EDGE_CURVE('',#1791,#1788,#1030,.T.);
#2239=EDGE_CURVE('',#1791,#1795,#1031,.T.);
#2240=EDGE_CURVE('',#1793,#1795,#1032,.T.);
#2241=EDGE_CURVE('',#1796,#1794,#1033,.T.);
#2242=EDGE_CURVE('',#1790,#1796,#1034,.T.);
#2243=EDGE_CURVE('',#1792,#1787,#1035,.T.);
#2244=EDGE_CURVE('',#1795,#1796,#1036,.T.);
#2245=EDGE_CURVE('',#1797,#1798,#1037,.T.);
#2246=EDGE_CURVE('',#1797,#1799,#1038,.T.);
#2247=EDGE_CURVE('',#1800,#1799,#1039,.T.);
#2248=EDGE_CURVE('',#1800,#1798,#1040,.T.);
#2249=EDGE_CURVE('',#1798,#1784,#1041,.T.);
#2250=EDGE_CURVE('',#1798,#1786,#1042,.T.);
#2251=EDGE_CURVE('',#1785,#1797,#1043,.T.);
#2252=EDGE_CURVE('',#1785,#1801,#1044,.T.);
#2253=EDGE_CURVE('',#1799,#1801,#1045,.T.);
#2254=EDGE_CURVE('',#1802,#1800,#1046,.T.);
#2255=EDGE_CURVE('',#1784,#1802,#1047,.T.);
#2256=EDGE_CURVE('',#1779,#1797,#1048,.T.);
#2257=EDGE_CURVE('',#1801,#1802,#1049,.T.);
#2258=EDGE_CURVE('',#1794,#1799,#1050,.T.);
#2259=EDGE_CURVE('',#1796,#1801,#1051,.T.);
#2260=EDGE_CURVE('',#1803,#1800,#1052,.T.);
#2261=EDGE_CURVE('',#1803,#1804,#1053,.T.);
#2262=EDGE_CURVE('',#1802,#1804,#1054,.T.);
#2263=EDGE_CURVE('',#1793,#1547,#1055,.T.);
#2264=EDGE_CURVE('',#1549,#1803,#1056,.T.);
#2265=EDGE_CURVE('',#1548,#1795,#1057,.T.);
#2266=EDGE_CURVE('',#1804,#1552,#1058,.T.);
#2267=ORIENTED_EDGE('',*,*,#1805,.F.);
#2268=ORIENTED_EDGE('',*,*,#1806,.T.);
#2269=ORIENTED_EDGE('',*,*,#1807,.F.);
#2270=ORIENTED_EDGE('',*,*,#1806,.F.);
#2271=ORIENTED_EDGE('',*,*,#1808,.F.);
#2272=ORIENTED_EDGE('',*,*,#1809,.T.);
#2273=ORIENTED_EDGE('',*,*,#1810,.F.);
#2274=ORIENTED_EDGE('',*,*,#1809,.F.);
#2275=ORIENTED_EDGE('',*,*,#1811,.F.);
#2276=ORIENTED_EDGE('',*,*,#1812,.T.);
#2277=ORIENTED_EDGE('',*,*,#1813,.F.);
#2278=ORIENTED_EDGE('',*,*,#1812,.F.);
#2279=ORIENTED_EDGE('',*,*,#1814,.T.);
#2280=ORIENTED_EDGE('',*,*,#1815,.T.);
#2281=ORIENTED_EDGE('',*,*,#1816,.T.);
#2282=ORIENTED_EDGE('',*,*,#1817,.T.);
#2283=ORIENTED_EDGE('',*,*,#1815,.F.);
#2284=ORIENTED_EDGE('',*,*,#1818,.F.);
#2285=ORIENTED_EDGE('',*,*,#1819,.F.);
#2286=ORIENTED_EDGE('',*,*,#1820,.F.);
#2287=ORIENTED_EDGE('',*,*,#1821,.T.);
#2288=ORIENTED_EDGE('',*,*,#1822,.T.);
#2289=ORIENTED_EDGE('',*,*,#1823,.T.);
#2290=ORIENTED_EDGE('',*,*,#1819,.T.);
#2291=ORIENTED_EDGE('',*,*,#1822,.F.);
#2292=ORIENTED_EDGE('',*,*,#1824,.F.);
#2293=ORIENTED_EDGE('',*,*,#1825,.F.);
#2294=ORIENTED_EDGE('',*,*,#1826,.F.);
#2295=ORIENTED_EDGE('',*,*,#1827,.T.);
#2296=ORIENTED_EDGE('',*,*,#1828,.T.);
#2297=ORIENTED_EDGE('',*,*,#1829,.T.);
#2298=ORIENTED_EDGE('',*,*,#1825,.T.);
#2299=ORIENTED_EDGE('',*,*,#1828,.F.);
#2300=ORIENTED_EDGE('',*,*,#1830,.F.);
#2301=ORIENTED_EDGE('',*,*,#1831,.F.);
#2302=ORIENTED_EDGE('',*,*,#1832,.F.);
#2303=ORIENTED_EDGE('',*,*,#1833,.T.);
#2304=ORIENTED_EDGE('',*,*,#1834,.T.);
#2305=ORIENTED_EDGE('',*,*,#1835,.T.);
#2306=ORIENTED_EDGE('',*,*,#1831,.T.);
#2307=ORIENTED_EDGE('',*,*,#1817,.F.);
#2308=ORIENTED_EDGE('',*,*,#1836,.F.);
#2309=ORIENTED_EDGE('',*,*,#1834,.F.);
#2310=ORIENTED_EDGE('',*,*,#1837,.F.);
#2311=ORIENTED_EDGE('',*,*,#1838,.T.);
#2312=ORIENTED_EDGE('',*,*,#1839,.T.);
#2313=ORIENTED_EDGE('',*,*,#1840,.T.);
#2314=ORIENTED_EDGE('',*,*,#1841,.T.);
#2315=ORIENTED_EDGE('',*,*,#1839,.F.);
#2316=ORIENTED_EDGE('',*,*,#1842,.F.);
#2317=ORIENTED_EDGE('',*,*,#1843,.T.);
#2318=ORIENTED_EDGE('',*,*,#1844,.F.);
#2319=ORIENTED_EDGE('',*,*,#1845,.T.);
#2320=ORIENTED_EDGE('',*,*,#1846,.T.);
#2321=ORIENTED_EDGE('',*,*,#1847,.T.);
#2322=ORIENTED_EDGE('',*,*,#1848,.T.);
#2323=ORIENTED_EDGE('',*,*,#1841,.F.);
#2324=ORIENTED_EDGE('',*,*,#1849,.F.);
#2325=ORIENTED_EDGE('',*,*,#1846,.F.);
#2326=ORIENTED_EDGE('',*,*,#1850,.F.);
#2327=ORIENTED_EDGE('',*,*,#1851,.T.);
#2328=ORIENTED_EDGE('',*,*,#1852,.T.);
#2329=ORIENTED_EDGE('',*,*,#1853,.T.);
#2330=ORIENTED_EDGE('',*,*,#1854,.T.);
#2331=ORIENTED_EDGE('',*,*,#1852,.F.);
#2332=ORIENTED_EDGE('',*,*,#1855,.F.);
#2333=ORIENTED_EDGE('',*,*,#1856,.F.);
#2334=ORIENTED_EDGE('',*,*,#1857,.F.);
#2335=ORIENTED_EDGE('',*,*,#1858,.T.);
#2336=ORIENTED_EDGE('',*,*,#1859,.T.);
#2337=ORIENTED_EDGE('',*,*,#1860,.T.);
#2338=ORIENTED_EDGE('',*,*,#1856,.T.);
#2339=ORIENTED_EDGE('',*,*,#1859,.F.);
#2340=ORIENTED_EDGE('',*,*,#1861,.F.);
#2341=ORIENTED_EDGE('',*,*,#1862,.F.);
#2342=ORIENTED_EDGE('',*,*,#1863,.F.);
#2343=ORIENTED_EDGE('',*,*,#1864,.T.);
#2344=ORIENTED_EDGE('',*,*,#1865,.T.);
#2345=ORIENTED_EDGE('',*,*,#1866,.T.);
#2346=ORIENTED_EDGE('',*,*,#1862,.T.);
#2347=ORIENTED_EDGE('',*,*,#1865,.F.);
#2348=ORIENTED_EDGE('',*,*,#1867,.F.);
#2349=ORIENTED_EDGE('',*,*,#1868,.F.);
#2350=ORIENTED_EDGE('',*,*,#1869,.F.);
#2351=ORIENTED_EDGE('',*,*,#1870,.T.);
#2352=ORIENTED_EDGE('',*,*,#1871,.T.);
#2353=ORIENTED_EDGE('',*,*,#1872,.T.);
#2354=ORIENTED_EDGE('',*,*,#1868,.T.);
#2355=ORIENTED_EDGE('',*,*,#1854,.F.);
#2356=ORIENTED_EDGE('',*,*,#1873,.F.);
#2357=ORIENTED_EDGE('',*,*,#1871,.F.);
#2358=ORIENTED_EDGE('',*,*,#1874,.F.);
#2359=ORIENTED_EDGE('',*,*,#1875,.F.);
#2360=ORIENTED_EDGE('',*,*,#1876,.T.);
#2361=ORIENTED_EDGE('',*,*,#1877,.F.);
#2362=ORIENTED_EDGE('',*,*,#1876,.F.);
#2363=ORIENTED_EDGE('',*,*,#1878,.F.);
#2364=ORIENTED_EDGE('',*,*,#1879,.T.);
#2365=ORIENTED_EDGE('',*,*,#1880,.F.);
#2366=ORIENTED_EDGE('',*,*,#1879,.F.);
#2367=ORIENTED_EDGE('',*,*,#1881,.F.);
#2368=ORIENTED_EDGE('',*,*,#1882,.T.);
#2369=ORIENTED_EDGE('',*,*,#1883,.F.);
#2370=ORIENTED_EDGE('',*,*,#1882,.F.);
#2371=ORIENTED_EDGE('',*,*,#1884,.F.);
#2372=ORIENTED_EDGE('',*,*,#1885,.T.);
#2373=ORIENTED_EDGE('',*,*,#1886,.F.);
#2374=ORIENTED_EDGE('',*,*,#1885,.F.);
#2375=ORIENTED_EDGE('',*,*,#1887,.F.);
#2376=ORIENTED_EDGE('',*,*,#1888,.T.);
#2377=ORIENTED_EDGE('',*,*,#1889,.T.);
#2378=ORIENTED_EDGE('',*,*,#1888,.F.);
#2379=ORIENTED_EDGE('',*,*,#1889,.F.);
#2380=ORIENTED_EDGE('',*,*,#1890,.T.);
#2381=ORIENTED_EDGE('',*,*,#1891,.F.);
#2382=ORIENTED_EDGE('',*,*,#1890,.F.);
#2383=ORIENTED_EDGE('',*,*,#1892,.F.);
#2384=ORIENTED_EDGE('',*,*,#1893,.T.);
#2385=ORIENTED_EDGE('',*,*,#1894,.T.);
#2386=ORIENTED_EDGE('',*,*,#1893,.F.);
#2387=ORIENTED_EDGE('',*,*,#1894,.F.);
#2388=ORIENTED_EDGE('',*,*,#1895,.T.);
#2389=ORIENTED_EDGE('',*,*,#1896,.F.);
#2390=ORIENTED_EDGE('',*,*,#1895,.F.);
#2391=ORIENTED_EDGE('',*,*,#1897,.F.);
#2392=ORIENTED_EDGE('',*,*,#1898,.T.);
#2393=ORIENTED_EDGE('',*,*,#1899,.T.);
#2394=ORIENTED_EDGE('',*,*,#1898,.F.);
#2395=ORIENTED_EDGE('',*,*,#1899,.F.);
#2396=ORIENTED_EDGE('',*,*,#1900,.T.);
#2397=ORIENTED_EDGE('',*,*,#1901,.F.);
#2398=ORIENTED_EDGE('',*,*,#1900,.F.);
#2399=ORIENTED_EDGE('',*,*,#1902,.F.);
#2400=ORIENTED_EDGE('',*,*,#1903,.T.);
#2401=ORIENTED_EDGE('',*,*,#1904,.T.);
#2402=ORIENTED_EDGE('',*,*,#1903,.F.);
#2403=ORIENTED_EDGE('',*,*,#1904,.F.);
#2404=ORIENTED_EDGE('',*,*,#1905,.T.);
#2405=ORIENTED_EDGE('',*,*,#1906,.F.);
#2406=ORIENTED_EDGE('',*,*,#1905,.F.);
#2407=ORIENTED_EDGE('',*,*,#1907,.F.);
#2408=ORIENTED_EDGE('',*,*,#1908,.T.);
#2409=ORIENTED_EDGE('',*,*,#1909,.T.);
#2410=ORIENTED_EDGE('',*,*,#1908,.F.);
#2411=ORIENTED_EDGE('',*,*,#1909,.F.);
#2412=ORIENTED_EDGE('',*,*,#1910,.T.);
#2413=ORIENTED_EDGE('',*,*,#1911,.F.);
#2414=ORIENTED_EDGE('',*,*,#1910,.F.);
#2415=ORIENTED_EDGE('',*,*,#1912,.F.);
#2416=ORIENTED_EDGE('',*,*,#1913,.T.);
#2417=ORIENTED_EDGE('',*,*,#1914,.T.);
#2418=ORIENTED_EDGE('',*,*,#1913,.F.);
#2419=ORIENTED_EDGE('',*,*,#1914,.F.);
#2420=ORIENTED_EDGE('',*,*,#1915,.T.);
#2421=ORIENTED_EDGE('',*,*,#1916,.F.);
#2422=ORIENTED_EDGE('',*,*,#1915,.F.);
#2423=ORIENTED_EDGE('',*,*,#1917,.F.);
#2424=ORIENTED_EDGE('',*,*,#1918,.T.);
#2425=ORIENTED_EDGE('',*,*,#1919,.T.);
#2426=ORIENTED_EDGE('',*,*,#1918,.F.);
#2427=ORIENTED_EDGE('',*,*,#1919,.F.);
#2428=ORIENTED_EDGE('',*,*,#1920,.T.);
#2429=ORIENTED_EDGE('',*,*,#1921,.F.);
#2430=ORIENTED_EDGE('',*,*,#1920,.F.);
#2431=ORIENTED_EDGE('',*,*,#1922,.F.);
#2432=ORIENTED_EDGE('',*,*,#1923,.T.);
#2433=ORIENTED_EDGE('',*,*,#1924,.T.);
#2434=ORIENTED_EDGE('',*,*,#1923,.F.);
#2435=ORIENTED_EDGE('',*,*,#1924,.F.);
#2436=ORIENTED_EDGE('',*,*,#1925,.T.);
#2437=ORIENTED_EDGE('',*,*,#1926,.F.);
#2438=ORIENTED_EDGE('',*,*,#1925,.F.);
#2439=ORIENTED_EDGE('',*,*,#1927,.F.);
#2440=ORIENTED_EDGE('',*,*,#1928,.T.);
#2441=ORIENTED_EDGE('',*,*,#1929,.T.);
#2442=ORIENTED_EDGE('',*,*,#1928,.F.);
#2443=ORIENTED_EDGE('',*,*,#1929,.F.);
#2444=ORIENTED_EDGE('',*,*,#1930,.T.);
#2445=ORIENTED_EDGE('',*,*,#1931,.F.);
#2446=ORIENTED_EDGE('',*,*,#1930,.F.);
#2447=ORIENTED_EDGE('',*,*,#1932,.F.);
#2448=ORIENTED_EDGE('',*,*,#1933,.T.);
#2449=ORIENTED_EDGE('',*,*,#1934,.T.);
#2450=ORIENTED_EDGE('',*,*,#1933,.F.);
#2451=ORIENTED_EDGE('',*,*,#1934,.F.);
#2452=ORIENTED_EDGE('',*,*,#1935,.T.);
#2453=ORIENTED_EDGE('',*,*,#1936,.F.);
#2454=ORIENTED_EDGE('',*,*,#1935,.F.);
#2455=ORIENTED_EDGE('',*,*,#1937,.F.);
#2456=ORIENTED_EDGE('',*,*,#1938,.T.);
#2457=ORIENTED_EDGE('',*,*,#1939,.T.);
#2458=ORIENTED_EDGE('',*,*,#1938,.F.);
#2459=ORIENTED_EDGE('',*,*,#1939,.F.);
#2460=ORIENTED_EDGE('',*,*,#1940,.T.);
#2461=ORIENTED_EDGE('',*,*,#1941,.F.);
#2462=ORIENTED_EDGE('',*,*,#1940,.F.);
#2463=ORIENTED_EDGE('',*,*,#1942,.F.);
#2464=ORIENTED_EDGE('',*,*,#1943,.T.);
#2465=ORIENTED_EDGE('',*,*,#1944,.T.);
#2466=ORIENTED_EDGE('',*,*,#1943,.F.);
#2467=ORIENTED_EDGE('',*,*,#1944,.F.);
#2468=ORIENTED_EDGE('',*,*,#1945,.T.);
#2469=ORIENTED_EDGE('',*,*,#1946,.F.);
#2470=ORIENTED_EDGE('',*,*,#1945,.F.);
#2471=ORIENTED_EDGE('',*,*,#1947,.F.);
#2472=ORIENTED_EDGE('',*,*,#1948,.T.);
#2473=ORIENTED_EDGE('',*,*,#1949,.T.);
#2474=ORIENTED_EDGE('',*,*,#1948,.F.);
#2475=ORIENTED_EDGE('',*,*,#1949,.F.);
#2476=ORIENTED_EDGE('',*,*,#1950,.T.);
#2477=ORIENTED_EDGE('',*,*,#1951,.F.);
#2478=ORIENTED_EDGE('',*,*,#1950,.F.);
#2479=ORIENTED_EDGE('',*,*,#1952,.F.);
#2480=ORIENTED_EDGE('',*,*,#1953,.T.);
#2481=ORIENTED_EDGE('',*,*,#1954,.T.);
#2482=ORIENTED_EDGE('',*,*,#1953,.F.);
#2483=ORIENTED_EDGE('',*,*,#1954,.F.);
#2484=ORIENTED_EDGE('',*,*,#1955,.T.);
#2485=ORIENTED_EDGE('',*,*,#1956,.F.);
#2486=ORIENTED_EDGE('',*,*,#1955,.F.);
#2487=ORIENTED_EDGE('',*,*,#1957,.F.);
#2488=ORIENTED_EDGE('',*,*,#1958,.T.);
#2489=ORIENTED_EDGE('',*,*,#1959,.T.);
#2490=ORIENTED_EDGE('',*,*,#1958,.F.);
#2491=ORIENTED_EDGE('',*,*,#1959,.F.);
#2492=ORIENTED_EDGE('',*,*,#1960,.T.);
#2493=ORIENTED_EDGE('',*,*,#1961,.F.);
#2494=ORIENTED_EDGE('',*,*,#1960,.F.);
#2495=ORIENTED_EDGE('',*,*,#1962,.F.);
#2496=ORIENTED_EDGE('',*,*,#1963,.T.);
#2497=ORIENTED_EDGE('',*,*,#1964,.T.);
#2498=ORIENTED_EDGE('',*,*,#1963,.F.);
#2499=ORIENTED_EDGE('',*,*,#1964,.F.);
#2500=ORIENTED_EDGE('',*,*,#1965,.T.);
#2501=ORIENTED_EDGE('',*,*,#1966,.F.);
#2502=ORIENTED_EDGE('',*,*,#1965,.F.);
#2503=ORIENTED_EDGE('',*,*,#1967,.F.);
#2504=ORIENTED_EDGE('',*,*,#1968,.T.);
#2505=ORIENTED_EDGE('',*,*,#1969,.T.);
#2506=ORIENTED_EDGE('',*,*,#1968,.F.);
#2507=ORIENTED_EDGE('',*,*,#1969,.F.);
#2508=ORIENTED_EDGE('',*,*,#1970,.T.);
#2509=ORIENTED_EDGE('',*,*,#1971,.F.);
#2510=ORIENTED_EDGE('',*,*,#1970,.F.);
#2511=ORIENTED_EDGE('',*,*,#1972,.F.);
#2512=ORIENTED_EDGE('',*,*,#1973,.T.);
#2513=ORIENTED_EDGE('',*,*,#1974,.T.);
#2514=ORIENTED_EDGE('',*,*,#1973,.F.);
#2515=ORIENTED_EDGE('',*,*,#1974,.F.);
#2516=ORIENTED_EDGE('',*,*,#1975,.T.);
#2517=ORIENTED_EDGE('',*,*,#1976,.F.);
#2518=ORIENTED_EDGE('',*,*,#1975,.F.);
#2519=ORIENTED_EDGE('',*,*,#1977,.F.);
#2520=ORIENTED_EDGE('',*,*,#1978,.T.);
#2521=ORIENTED_EDGE('',*,*,#1979,.T.);
#2522=ORIENTED_EDGE('',*,*,#1978,.F.);
#2523=ORIENTED_EDGE('',*,*,#1979,.F.);
#2524=ORIENTED_EDGE('',*,*,#1980,.T.);
#2525=ORIENTED_EDGE('',*,*,#1981,.F.);
#2526=ORIENTED_EDGE('',*,*,#1980,.F.);
#2527=ORIENTED_EDGE('',*,*,#1982,.F.);
#2528=ORIENTED_EDGE('',*,*,#1983,.T.);
#2529=ORIENTED_EDGE('',*,*,#1984,.T.);
#2530=ORIENTED_EDGE('',*,*,#1983,.F.);
#2531=ORIENTED_EDGE('',*,*,#1984,.F.);
#2532=ORIENTED_EDGE('',*,*,#1985,.T.);
#2533=ORIENTED_EDGE('',*,*,#1986,.F.);
#2534=ORIENTED_EDGE('',*,*,#1985,.F.);
#2535=ORIENTED_EDGE('',*,*,#1987,.F.);
#2536=ORIENTED_EDGE('',*,*,#1988,.T.);
#2537=ORIENTED_EDGE('',*,*,#1989,.T.);
#2538=ORIENTED_EDGE('',*,*,#1988,.F.);
#2539=ORIENTED_EDGE('',*,*,#1989,.F.);
#2540=ORIENTED_EDGE('',*,*,#1990,.T.);
#2541=ORIENTED_EDGE('',*,*,#1991,.F.);
#2542=ORIENTED_EDGE('',*,*,#1990,.F.);
#2543=ORIENTED_EDGE('',*,*,#1992,.F.);
#2544=ORIENTED_EDGE('',*,*,#1993,.T.);
#2545=ORIENTED_EDGE('',*,*,#1994,.T.);
#2546=ORIENTED_EDGE('',*,*,#1993,.F.);
#2547=ORIENTED_EDGE('',*,*,#1994,.F.);
#2548=ORIENTED_EDGE('',*,*,#1995,.T.);
#2549=ORIENTED_EDGE('',*,*,#1996,.F.);
#2550=ORIENTED_EDGE('',*,*,#1995,.F.);
#2551=ORIENTED_EDGE('',*,*,#1997,.F.);
#2552=ORIENTED_EDGE('',*,*,#1998,.T.);
#2553=ORIENTED_EDGE('',*,*,#1999,.T.);
#2554=ORIENTED_EDGE('',*,*,#1998,.F.);
#2555=ORIENTED_EDGE('',*,*,#1999,.F.);
#2556=ORIENTED_EDGE('',*,*,#2000,.T.);
#2557=ORIENTED_EDGE('',*,*,#2001,.F.);
#2558=ORIENTED_EDGE('',*,*,#2000,.F.);
#2559=ORIENTED_EDGE('',*,*,#2002,.F.);
#2560=ORIENTED_EDGE('',*,*,#2003,.T.);
#2561=ORIENTED_EDGE('',*,*,#2004,.T.);
#2562=ORIENTED_EDGE('',*,*,#2003,.F.);
#2563=ORIENTED_EDGE('',*,*,#2004,.F.);
#2564=ORIENTED_EDGE('',*,*,#2005,.T.);
#2565=ORIENTED_EDGE('',*,*,#2006,.F.);
#2566=ORIENTED_EDGE('',*,*,#2005,.F.);
#2567=ORIENTED_EDGE('',*,*,#2007,.F.);
#2568=ORIENTED_EDGE('',*,*,#2008,.T.);
#2569=ORIENTED_EDGE('',*,*,#2009,.T.);
#2570=ORIENTED_EDGE('',*,*,#2008,.F.);
#2571=ORIENTED_EDGE('',*,*,#2009,.F.);
#2572=ORIENTED_EDGE('',*,*,#2010,.T.);
#2573=ORIENTED_EDGE('',*,*,#2011,.F.);
#2574=ORIENTED_EDGE('',*,*,#2010,.F.);
#2575=ORIENTED_EDGE('',*,*,#2012,.F.);
#2576=ORIENTED_EDGE('',*,*,#2013,.T.);
#2577=ORIENTED_EDGE('',*,*,#2014,.T.);
#2578=ORIENTED_EDGE('',*,*,#2013,.F.);
#2579=ORIENTED_EDGE('',*,*,#2014,.F.);
#2580=ORIENTED_EDGE('',*,*,#2015,.T.);
#2581=ORIENTED_EDGE('',*,*,#2016,.F.);
#2582=ORIENTED_EDGE('',*,*,#2015,.F.);
#2583=ORIENTED_EDGE('',*,*,#2017,.F.);
#2584=ORIENTED_EDGE('',*,*,#2018,.T.);
#2585=ORIENTED_EDGE('',*,*,#2019,.T.);
#2586=ORIENTED_EDGE('',*,*,#2018,.F.);
#2587=ORIENTED_EDGE('',*,*,#2019,.F.);
#2588=ORIENTED_EDGE('',*,*,#2020,.T.);
#2589=ORIENTED_EDGE('',*,*,#2021,.F.);
#2590=ORIENTED_EDGE('',*,*,#2020,.F.);
#2591=ORIENTED_EDGE('',*,*,#2022,.F.);
#2592=ORIENTED_EDGE('',*,*,#2023,.T.);
#2593=ORIENTED_EDGE('',*,*,#2024,.T.);
#2594=ORIENTED_EDGE('',*,*,#2023,.F.);
#2595=ORIENTED_EDGE('',*,*,#2024,.F.);
#2596=ORIENTED_EDGE('',*,*,#2025,.T.);
#2597=ORIENTED_EDGE('',*,*,#2026,.F.);
#2598=ORIENTED_EDGE('',*,*,#2025,.F.);
#2599=ORIENTED_EDGE('',*,*,#2027,.F.);
#2600=ORIENTED_EDGE('',*,*,#2028,.T.);
#2601=ORIENTED_EDGE('',*,*,#2029,.T.);
#2602=ORIENTED_EDGE('',*,*,#2028,.F.);
#2603=ORIENTED_EDGE('',*,*,#2029,.F.);
#2604=ORIENTED_EDGE('',*,*,#2030,.T.);
#2605=ORIENTED_EDGE('',*,*,#2031,.F.);
#2606=ORIENTED_EDGE('',*,*,#2030,.F.);
#2607=ORIENTED_EDGE('',*,*,#2032,.F.);
#2608=ORIENTED_EDGE('',*,*,#2033,.T.);
#2609=ORIENTED_EDGE('',*,*,#2034,.T.);
#2610=ORIENTED_EDGE('',*,*,#2033,.F.);
#2611=ORIENTED_EDGE('',*,*,#2034,.F.);
#2612=ORIENTED_EDGE('',*,*,#2035,.T.);
#2613=ORIENTED_EDGE('',*,*,#2036,.F.);
#2614=ORIENTED_EDGE('',*,*,#2035,.F.);
#2615=ORIENTED_EDGE('',*,*,#2037,.F.);
#2616=ORIENTED_EDGE('',*,*,#2038,.T.);
#2617=ORIENTED_EDGE('',*,*,#2039,.T.);
#2618=ORIENTED_EDGE('',*,*,#2038,.F.);
#2619=ORIENTED_EDGE('',*,*,#2039,.F.);
#2620=ORIENTED_EDGE('',*,*,#2040,.T.);
#2621=ORIENTED_EDGE('',*,*,#2041,.F.);
#2622=ORIENTED_EDGE('',*,*,#2040,.F.);
#2623=ORIENTED_EDGE('',*,*,#2042,.F.);
#2624=ORIENTED_EDGE('',*,*,#2043,.T.);
#2625=ORIENTED_EDGE('',*,*,#2044,.T.);
#2626=ORIENTED_EDGE('',*,*,#2043,.F.);
#2627=ORIENTED_EDGE('',*,*,#2044,.F.);
#2628=ORIENTED_EDGE('',*,*,#2045,.T.);
#2629=ORIENTED_EDGE('',*,*,#2046,.F.);
#2630=ORIENTED_EDGE('',*,*,#2045,.F.);
#2631=ORIENTED_EDGE('',*,*,#2047,.F.);
#2632=ORIENTED_EDGE('',*,*,#2048,.T.);
#2633=ORIENTED_EDGE('',*,*,#2049,.T.);
#2634=ORIENTED_EDGE('',*,*,#2048,.F.);
#2635=ORIENTED_EDGE('',*,*,#2049,.F.);
#2636=ORIENTED_EDGE('',*,*,#2050,.T.);
#2637=ORIENTED_EDGE('',*,*,#2051,.F.);
#2638=ORIENTED_EDGE('',*,*,#2050,.F.);
#2639=ORIENTED_EDGE('',*,*,#2052,.F.);
#2640=ORIENTED_EDGE('',*,*,#2053,.T.);
#2641=ORIENTED_EDGE('',*,*,#2054,.T.);
#2642=ORIENTED_EDGE('',*,*,#2053,.F.);
#2643=ORIENTED_EDGE('',*,*,#2054,.F.);
#2644=ORIENTED_EDGE('',*,*,#2055,.T.);
#2645=ORIENTED_EDGE('',*,*,#2056,.F.);
#2646=ORIENTED_EDGE('',*,*,#2055,.F.);
#2647=ORIENTED_EDGE('',*,*,#2057,.F.);
#2648=ORIENTED_EDGE('',*,*,#2058,.T.);
#2649=ORIENTED_EDGE('',*,*,#2059,.T.);
#2650=ORIENTED_EDGE('',*,*,#2058,.F.);
#2651=ORIENTED_EDGE('',*,*,#2059,.F.);
#2652=ORIENTED_EDGE('',*,*,#2060,.T.);
#2653=ORIENTED_EDGE('',*,*,#2061,.F.);
#2654=ORIENTED_EDGE('',*,*,#2060,.F.);
#2655=ORIENTED_EDGE('',*,*,#2062,.F.);
#2656=ORIENTED_EDGE('',*,*,#2063,.T.);
#2657=ORIENTED_EDGE('',*,*,#2064,.T.);
#2658=ORIENTED_EDGE('',*,*,#2063,.F.);
#2659=ORIENTED_EDGE('',*,*,#2064,.F.);
#2660=ORIENTED_EDGE('',*,*,#2065,.T.);
#2661=ORIENTED_EDGE('',*,*,#2066,.F.);
#2662=ORIENTED_EDGE('',*,*,#2065,.F.);
#2663=ORIENTED_EDGE('',*,*,#2067,.F.);
#2664=ORIENTED_EDGE('',*,*,#2068,.T.);
#2665=ORIENTED_EDGE('',*,*,#2069,.T.);
#2666=ORIENTED_EDGE('',*,*,#2068,.F.);
#2667=ORIENTED_EDGE('',*,*,#2069,.F.);
#2668=ORIENTED_EDGE('',*,*,#2070,.T.);
#2669=ORIENTED_EDGE('',*,*,#2071,.F.);
#2670=ORIENTED_EDGE('',*,*,#2070,.F.);
#2671=ORIENTED_EDGE('',*,*,#2072,.F.);
#2672=ORIENTED_EDGE('',*,*,#2073,.T.);
#2673=ORIENTED_EDGE('',*,*,#2074,.T.);
#2674=ORIENTED_EDGE('',*,*,#2073,.F.);
#2675=ORIENTED_EDGE('',*,*,#2074,.F.);
#2676=ORIENTED_EDGE('',*,*,#2075,.T.);
#2677=ORIENTED_EDGE('',*,*,#2076,.F.);
#2678=ORIENTED_EDGE('',*,*,#2075,.F.);
#2679=ORIENTED_EDGE('',*,*,#2077,.F.);
#2680=ORIENTED_EDGE('',*,*,#2078,.T.);
#2681=ORIENTED_EDGE('',*,*,#2079,.T.);
#2682=ORIENTED_EDGE('',*,*,#2078,.F.);
#2683=ORIENTED_EDGE('',*,*,#2079,.F.);
#2684=ORIENTED_EDGE('',*,*,#2080,.T.);
#2685=ORIENTED_EDGE('',*,*,#2081,.F.);
#2686=ORIENTED_EDGE('',*,*,#2080,.F.);
#2687=ORIENTED_EDGE('',*,*,#2082,.F.);
#2688=ORIENTED_EDGE('',*,*,#2083,.T.);
#2689=ORIENTED_EDGE('',*,*,#2084,.T.);
#2690=ORIENTED_EDGE('',*,*,#2083,.F.);
#2691=ORIENTED_EDGE('',*,*,#2084,.F.);
#2692=ORIENTED_EDGE('',*,*,#2085,.T.);
#2693=ORIENTED_EDGE('',*,*,#2086,.F.);
#2694=ORIENTED_EDGE('',*,*,#2085,.F.);
#2695=ORIENTED_EDGE('',*,*,#2087,.F.);
#2696=ORIENTED_EDGE('',*,*,#2088,.T.);
#2697=ORIENTED_EDGE('',*,*,#2089,.T.);
#2698=ORIENTED_EDGE('',*,*,#2088,.F.);
#2699=ORIENTED_EDGE('',*,*,#2089,.F.);
#2700=ORIENTED_EDGE('',*,*,#2090,.T.);
#2701=ORIENTED_EDGE('',*,*,#2091,.F.);
#2702=ORIENTED_EDGE('',*,*,#2090,.F.);
#2703=ORIENTED_EDGE('',*,*,#2092,.F.);
#2704=ORIENTED_EDGE('',*,*,#2093,.T.);
#2705=ORIENTED_EDGE('',*,*,#2094,.T.);
#2706=ORIENTED_EDGE('',*,*,#2093,.F.);
#2707=ORIENTED_EDGE('',*,*,#2094,.F.);
#2708=ORIENTED_EDGE('',*,*,#2095,.T.);
#2709=ORIENTED_EDGE('',*,*,#2096,.F.);
#2710=ORIENTED_EDGE('',*,*,#2095,.F.);
#2711=ORIENTED_EDGE('',*,*,#2097,.F.);
#2712=ORIENTED_EDGE('',*,*,#2098,.T.);
#2713=ORIENTED_EDGE('',*,*,#2099,.T.);
#2714=ORIENTED_EDGE('',*,*,#2098,.F.);
#2715=ORIENTED_EDGE('',*,*,#2099,.F.);
#2716=ORIENTED_EDGE('',*,*,#2100,.T.);
#2717=ORIENTED_EDGE('',*,*,#2101,.F.);
#2718=ORIENTED_EDGE('',*,*,#2100,.F.);
#2719=ORIENTED_EDGE('',*,*,#2102,.F.);
#2720=ORIENTED_EDGE('',*,*,#2103,.T.);
#2721=ORIENTED_EDGE('',*,*,#2104,.T.);
#2722=ORIENTED_EDGE('',*,*,#2103,.F.);
#2723=ORIENTED_EDGE('',*,*,#2104,.F.);
#2724=ORIENTED_EDGE('',*,*,#2105,.T.);
#2725=ORIENTED_EDGE('',*,*,#2106,.F.);
#2726=ORIENTED_EDGE('',*,*,#2105,.F.);
#2727=ORIENTED_EDGE('',*,*,#2107,.F.);
#2728=ORIENTED_EDGE('',*,*,#2108,.T.);
#2729=ORIENTED_EDGE('',*,*,#2109,.T.);
#2730=ORIENTED_EDGE('',*,*,#2108,.F.);
#2731=ORIENTED_EDGE('',*,*,#2109,.F.);
#2732=ORIENTED_EDGE('',*,*,#2110,.T.);
#2733=ORIENTED_EDGE('',*,*,#2111,.F.);
#2734=ORIENTED_EDGE('',*,*,#2110,.F.);
#2735=ORIENTED_EDGE('',*,*,#2112,.F.);
#2736=ORIENTED_EDGE('',*,*,#2113,.T.);
#2737=ORIENTED_EDGE('',*,*,#2114,.T.);
#2738=ORIENTED_EDGE('',*,*,#2113,.F.);
#2739=ORIENTED_EDGE('',*,*,#2114,.F.);
#2740=ORIENTED_EDGE('',*,*,#2115,.T.);
#2741=ORIENTED_EDGE('',*,*,#2116,.F.);
#2742=ORIENTED_EDGE('',*,*,#2115,.F.);
#2743=ORIENTED_EDGE('',*,*,#2117,.F.);
#2744=ORIENTED_EDGE('',*,*,#2118,.T.);
#2745=ORIENTED_EDGE('',*,*,#2119,.F.);
#2746=ORIENTED_EDGE('',*,*,#2118,.F.);
#2747=ORIENTED_EDGE('',*,*,#2119,.T.);
#2748=ORIENTED_EDGE('',*,*,#2120,.T.);
#2749=ORIENTED_EDGE('',*,*,#2121,.F.);
#2750=ORIENTED_EDGE('',*,*,#2120,.F.);
#2751=ORIENTED_EDGE('',*,*,#2122,.F.);
#2752=ORIENTED_EDGE('',*,*,#2123,.T.);
#2753=ORIENTED_EDGE('',*,*,#2124,.F.);
#2754=ORIENTED_EDGE('',*,*,#2123,.F.);
#2755=ORIENTED_EDGE('',*,*,#2124,.T.);
#2756=ORIENTED_EDGE('',*,*,#2125,.T.);
#2757=ORIENTED_EDGE('',*,*,#2126,.F.);
#2758=ORIENTED_EDGE('',*,*,#2125,.F.);
#2759=ORIENTED_EDGE('',*,*,#2127,.F.);
#2760=ORIENTED_EDGE('',*,*,#2128,.T.);
#2761=ORIENTED_EDGE('',*,*,#2129,.T.);
#2762=ORIENTED_EDGE('',*,*,#2128,.F.);
#2763=ORIENTED_EDGE('',*,*,#2129,.F.);
#2764=ORIENTED_EDGE('',*,*,#2130,.T.);
#2765=ORIENTED_EDGE('',*,*,#2131,.F.);
#2766=ORIENTED_EDGE('',*,*,#2130,.F.);
#2767=ORIENTED_EDGE('',*,*,#2132,.F.);
#2768=ORIENTED_EDGE('',*,*,#2133,.T.);
#2769=ORIENTED_EDGE('',*,*,#2134,.T.);
#2770=ORIENTED_EDGE('',*,*,#2133,.F.);
#2771=ORIENTED_EDGE('',*,*,#2134,.F.);
#2772=ORIENTED_EDGE('',*,*,#2135,.T.);
#2773=ORIENTED_EDGE('',*,*,#2136,.F.);
#2774=ORIENTED_EDGE('',*,*,#2135,.F.);
#2775=ORIENTED_EDGE('',*,*,#2137,.F.);
#2776=ORIENTED_EDGE('',*,*,#2138,.T.);
#2777=ORIENTED_EDGE('',*,*,#2139,.F.);
#2778=ORIENTED_EDGE('',*,*,#2138,.F.);
#2779=ORIENTED_EDGE('',*,*,#2139,.T.);
#2780=ORIENTED_EDGE('',*,*,#2140,.T.);
#2781=ORIENTED_EDGE('',*,*,#2141,.F.);
#2782=ORIENTED_EDGE('',*,*,#2140,.F.);
#2783=ORIENTED_EDGE('',*,*,#2142,.F.);
#2784=ORIENTED_EDGE('',*,*,#2143,.T.);
#2785=ORIENTED_EDGE('',*,*,#2144,.F.);
#2786=ORIENTED_EDGE('',*,*,#2143,.F.);
#2787=ORIENTED_EDGE('',*,*,#2144,.T.);
#2788=ORIENTED_EDGE('',*,*,#2145,.T.);
#2789=ORIENTED_EDGE('',*,*,#2146,.F.);
#2790=ORIENTED_EDGE('',*,*,#2145,.F.);
#2791=ORIENTED_EDGE('',*,*,#2147,.F.);
#2792=ORIENTED_EDGE('',*,*,#2148,.T.);
#2793=ORIENTED_EDGE('',*,*,#2149,.F.);
#2794=ORIENTED_EDGE('',*,*,#2148,.F.);
#2795=ORIENTED_EDGE('',*,*,#2149,.T.);
#2796=ORIENTED_EDGE('',*,*,#2150,.T.);
#2797=ORIENTED_EDGE('',*,*,#2151,.F.);
#2798=ORIENTED_EDGE('',*,*,#2150,.F.);
#2799=ORIENTED_EDGE('',*,*,#2152,.F.);
#2800=ORIENTED_EDGE('',*,*,#2153,.T.);
#2801=ORIENTED_EDGE('',*,*,#2154,.T.);
#2802=ORIENTED_EDGE('',*,*,#2153,.F.);
#2803=ORIENTED_EDGE('',*,*,#2154,.F.);
#2804=ORIENTED_EDGE('',*,*,#2155,.T.);
#2805=ORIENTED_EDGE('',*,*,#2156,.F.);
#2806=ORIENTED_EDGE('',*,*,#2155,.F.);
#2807=ORIENTED_EDGE('',*,*,#2157,.F.);
#2808=ORIENTED_EDGE('',*,*,#2158,.T.);
#2809=ORIENTED_EDGE('',*,*,#2159,.T.);
#2810=ORIENTED_EDGE('',*,*,#2158,.F.);
#2811=ORIENTED_EDGE('',*,*,#2159,.F.);
#2812=ORIENTED_EDGE('',*,*,#2160,.T.);
#2813=ORIENTED_EDGE('',*,*,#2161,.F.);
#2814=ORIENTED_EDGE('',*,*,#2160,.F.);
#2815=ORIENTED_EDGE('',*,*,#2162,.F.);
#2816=ORIENTED_EDGE('',*,*,#2163,.T.);
#2817=ORIENTED_EDGE('',*,*,#2164,.T.);
#2818=ORIENTED_EDGE('',*,*,#2163,.F.);
#2819=ORIENTED_EDGE('',*,*,#2164,.F.);
#2820=ORIENTED_EDGE('',*,*,#2165,.T.);
#2821=ORIENTED_EDGE('',*,*,#2166,.F.);
#2822=ORIENTED_EDGE('',*,*,#2165,.F.);
#2823=ORIENTED_EDGE('',*,*,#2167,.F.);
#2824=ORIENTED_EDGE('',*,*,#2168,.T.);
#2825=ORIENTED_EDGE('',*,*,#2169,.F.);
#2826=ORIENTED_EDGE('',*,*,#2168,.F.);
#2827=ORIENTED_EDGE('',*,*,#2170,.F.);
#2828=ORIENTED_EDGE('',*,*,#2171,.T.);
#2829=ORIENTED_EDGE('',*,*,#2172,.F.);
#2830=ORIENTED_EDGE('',*,*,#2171,.F.);
#2831=ORIENTED_EDGE('',*,*,#2173,.F.);
#2832=ORIENTED_EDGE('',*,*,#2174,.T.);
#2833=ORIENTED_EDGE('',*,*,#2175,.F.);
#2834=ORIENTED_EDGE('',*,*,#2174,.F.);
#2835=ORIENTED_EDGE('',*,*,#2176,.F.);
#2836=ORIENTED_EDGE('',*,*,#2177,.F.);
#2837=ORIENTED_EDGE('',*,*,#2178,.F.);
#2838=ORIENTED_EDGE('',*,*,#2179,.T.);
#2839=ORIENTED_EDGE('',*,*,#2180,.F.);
#2840=ORIENTED_EDGE('',*,*,#2181,.F.);
#2841=ORIENTED_EDGE('',*,*,#2182,.F.);
#2842=ORIENTED_EDGE('',*,*,#2183,.T.);
#2843=ORIENTED_EDGE('',*,*,#2184,.F.);
#2844=ORIENTED_EDGE('',*,*,#2185,.F.);
#2845=ORIENTED_EDGE('',*,*,#2186,.F.);
#2846=ORIENTED_EDGE('',*,*,#2177,.T.);
#2847=ORIENTED_EDGE('',*,*,#2187,.F.);
#2848=ORIENTED_EDGE('',*,*,#2188,.T.);
#2849=ORIENTED_EDGE('',*,*,#2189,.F.);
#2850=ORIENTED_EDGE('',*,*,#2179,.F.);
#2851=ORIENTED_EDGE('',*,*,#2190,.F.);
#2852=ORIENTED_EDGE('',*,*,#2183,.F.);
#2853=ORIENTED_EDGE('',*,*,#2191,.F.);
#2854=ORIENTED_EDGE('',*,*,#2192,.T.);
#2855=ORIENTED_EDGE('',*,*,#2193,.F.);
#2856=ORIENTED_EDGE('',*,*,#2194,.F.);
#2857=ORIENTED_EDGE('',*,*,#2195,.F.);
#2858=ORIENTED_EDGE('',*,*,#2185,.T.);
#2859=ORIENTED_EDGE('',*,*,#2196,.F.);
#2860=ORIENTED_EDGE('',*,*,#2197,.T.);
#2861=ORIENTED_EDGE('',*,*,#2198,.F.);
#2862=ORIENTED_EDGE('',*,*,#2188,.F.);
#2863=ORIENTED_EDGE('',*,*,#2199,.F.);
#2864=ORIENTED_EDGE('',*,*,#2192,.F.);
#2865=ORIENTED_EDGE('',*,*,#2200,.F.);
#2866=ORIENTED_EDGE('',*,*,#2201,.T.);
#2867=ORIENTED_EDGE('',*,*,#2202,.F.);
#2868=ORIENTED_EDGE('',*,*,#2203,.T.);
#2869=ORIENTED_EDGE('',*,*,#2204,.F.);
#2870=ORIENTED_EDGE('',*,*,#2194,.T.);
#2871=ORIENTED_EDGE('',*,*,#2205,.F.);
#2872=ORIENTED_EDGE('',*,*,#2206,.F.);
#2873=ORIENTED_EDGE('',*,*,#2207,.F.);
#2874=ORIENTED_EDGE('',*,*,#2197,.F.);
#2875=ORIENTED_EDGE('',*,*,#2208,.F.);
#2876=ORIENTED_EDGE('',*,*,#2201,.F.);
#2877=ORIENTED_EDGE('',*,*,#2209,.F.);
#2878=ORIENTED_EDGE('',*,*,#2210,.F.);
#2879=ORIENTED_EDGE('',*,*,#2211,.F.);
#2880=ORIENTED_EDGE('',*,*,#2212,.T.);
#2881=ORIENTED_EDGE('',*,*,#2213,.F.);
#2882=ORIENTED_EDGE('',*,*,#2214,.T.);
#2883=ORIENTED_EDGE('',*,*,#2215,.F.);
#2884=ORIENTED_EDGE('',*,*,#2214,.F.);
#2885=ORIENTED_EDGE('',*,*,#2216,.F.);
#2886=ORIENTED_EDGE('',*,*,#2217,.T.);
#2887=ORIENTED_EDGE('',*,*,#2218,.F.);
#2888=ORIENTED_EDGE('',*,*,#2217,.F.);
#2889=ORIENTED_EDGE('',*,*,#2219,.F.);
#2890=ORIENTED_EDGE('',*,*,#2181,.T.);
#2891=ORIENTED_EDGE('',*,*,#2211,.T.);
#2892=ORIENTED_EDGE('',*,*,#2215,.T.);
#2893=ORIENTED_EDGE('',*,*,#2218,.T.);
#2894=ORIENTED_EDGE('',*,*,#2180,.T.);
#2895=ORIENTED_EDGE('',*,*,#2190,.T.);
#2896=ORIENTED_EDGE('',*,*,#2199,.T.);
#2897=ORIENTED_EDGE('',*,*,#2208,.T.);
#2898=ORIENTED_EDGE('',*,*,#2220,.T.);
#2899=ORIENTED_EDGE('',*,*,#2221,.T.);
#2900=ORIENTED_EDGE('',*,*,#2222,.T.);
#2901=ORIENTED_EDGE('',*,*,#2223,.F.);
#2902=ORIENTED_EDGE('',*,*,#2131,.T.);
#2903=ORIENTED_EDGE('',*,*,#2136,.T.);
#2904=ORIENTED_EDGE('',*,*,#2156,.T.);
#2905=ORIENTED_EDGE('',*,*,#2161,.T.);
#2906=ORIENTED_EDGE('',*,*,#2166,.T.);
#2907=ORIENTED_EDGE('',*,*,#2169,.T.);
#2908=ORIENTED_EDGE('',*,*,#1836,.T.);
#2909=ORIENTED_EDGE('',*,*,#1816,.F.);
#2910=ORIENTED_EDGE('',*,*,#1820,.T.);
#2911=ORIENTED_EDGE('',*,*,#1823,.F.);
#2912=ORIENTED_EDGE('',*,*,#1826,.T.);
#2913=ORIENTED_EDGE('',*,*,#1829,.F.);
#2914=ORIENTED_EDGE('',*,*,#1832,.T.);
#2915=ORIENTED_EDGE('',*,*,#1835,.F.);
#2916=ORIENTED_EDGE('',*,*,#2172,.T.);
#2917=ORIENTED_EDGE('',*,*,#2175,.T.);
#2918=ORIENTED_EDGE('',*,*,#2210,.T.);
#2919=ORIENTED_EDGE('',*,*,#2224,.F.);
#2920=ORIENTED_EDGE('',*,*,#2225,.F.);
#2921=ORIENTED_EDGE('',*,*,#2220,.F.);
#2922=ORIENTED_EDGE('',*,*,#2202,.T.);
#2923=ORIENTED_EDGE('',*,*,#2193,.T.);
#2924=ORIENTED_EDGE('',*,*,#2184,.T.);
#2925=ORIENTED_EDGE('',*,*,#2176,.T.);
#2926=ORIENTED_EDGE('',*,*,#2189,.T.);
#2927=ORIENTED_EDGE('',*,*,#2198,.T.);
#2928=ORIENTED_EDGE('',*,*,#2207,.T.);
#2929=ORIENTED_EDGE('',*,*,#2226,.T.);
#2930=ORIENTED_EDGE('',*,*,#2227,.T.);
#2931=ORIENTED_EDGE('',*,*,#2228,.T.);
#2932=ORIENTED_EDGE('',*,*,#2229,.T.);
#2933=ORIENTED_EDGE('',*,*,#1867,.T.);
#2934=ORIENTED_EDGE('',*,*,#1864,.F.);
#2935=ORIENTED_EDGE('',*,*,#1861,.T.);
#2936=ORIENTED_EDGE('',*,*,#1858,.F.);
#2937=ORIENTED_EDGE('',*,*,#1855,.T.);
#2938=ORIENTED_EDGE('',*,*,#1851,.F.);
#2939=ORIENTED_EDGE('',*,*,#1874,.T.);
#2940=ORIENTED_EDGE('',*,*,#1870,.F.);
#2941=ORIENTED_EDGE('',*,*,#1875,.T.);
#2942=ORIENTED_EDGE('',*,*,#1878,.T.);
#2943=ORIENTED_EDGE('',*,*,#1881,.T.);
#2944=ORIENTED_EDGE('',*,*,#1884,.T.);
#2945=ORIENTED_EDGE('',*,*,#2117,.T.);
#2946=ORIENTED_EDGE('',*,*,#2122,.T.);
#2947=ORIENTED_EDGE('',*,*,#2137,.T.);
#2948=ORIENTED_EDGE('',*,*,#2142,.T.);
#2949=ORIENTED_EDGE('',*,*,#2147,.T.);
#2950=ORIENTED_EDGE('',*,*,#2205,.T.);
#2951=ORIENTED_EDGE('',*,*,#2196,.T.);
#2952=ORIENTED_EDGE('',*,*,#2187,.T.);
#2953=ORIENTED_EDGE('',*,*,#2178,.T.);
#2954=ORIENTED_EDGE('',*,*,#2186,.T.);
#2955=ORIENTED_EDGE('',*,*,#2195,.T.);
#2956=ORIENTED_EDGE('',*,*,#2204,.T.);
#2957=ORIENTED_EDGE('',*,*,#2230,.T.);
#2958=ORIENTED_EDGE('',*,*,#2231,.T.);
#2959=ORIENTED_EDGE('',*,*,#2232,.F.);
#2960=ORIENTED_EDGE('',*,*,#2233,.T.);
#2961=ORIENTED_EDGE('',*,*,#1869,.T.);
#2962=ORIENTED_EDGE('',*,*,#1872,.F.);
#2963=ORIENTED_EDGE('',*,*,#1873,.T.);
#2964=ORIENTED_EDGE('',*,*,#1853,.F.);
#2965=ORIENTED_EDGE('',*,*,#1857,.T.);
#2966=ORIENTED_EDGE('',*,*,#1860,.F.);
#2967=ORIENTED_EDGE('',*,*,#1863,.T.);
#2968=ORIENTED_EDGE('',*,*,#1866,.F.);
#2969=ORIENTED_EDGE('',*,*,#1877,.T.);
#2970=ORIENTED_EDGE('',*,*,#1880,.T.);
#2971=ORIENTED_EDGE('',*,*,#1883,.T.);
#2972=ORIENTED_EDGE('',*,*,#1886,.T.);
#2973=ORIENTED_EDGE('',*,*,#2121,.T.);
#2974=ORIENTED_EDGE('',*,*,#2126,.T.);
#2975=ORIENTED_EDGE('',*,*,#2141,.T.);
#2976=ORIENTED_EDGE('',*,*,#2146,.T.);
#2977=ORIENTED_EDGE('',*,*,#2151,.T.);
#2978=ORIENTED_EDGE('',*,*,#2228,.F.);
#2979=ORIENTED_EDGE('',*,*,#2234,.T.);
#2980=ORIENTED_EDGE('',*,*,#2235,.F.);
#2981=ORIENTED_EDGE('',*,*,#2236,.T.);
#2982=ORIENTED_EDGE('',*,*,#2203,.F.);
#2983=ORIENTED_EDGE('',*,*,#2229,.F.);
#2984=ORIENTED_EDGE('',*,*,#2237,.T.);
#2985=ORIENTED_EDGE('',*,*,#2230,.F.);
#2986=ORIENTED_EDGE('',*,*,#2238,.F.);
#2987=ORIENTED_EDGE('',*,*,#2239,.T.);
#2988=ORIENTED_EDGE('',*,*,#2240,.F.);
#2989=ORIENTED_EDGE('',*,*,#2234,.F.);
#2990=ORIENTED_EDGE('',*,*,#2237,.F.);
#2991=ORIENTED_EDGE('',*,*,#2236,.F.);
#2992=ORIENTED_EDGE('',*,*,#2241,.F.);
#2993=ORIENTED_EDGE('',*,*,#2242,.F.);
#2994=ORIENTED_EDGE('',*,*,#2238,.T.);
#2995=ORIENTED_EDGE('',*,*,#2227,.F.);
#2996=ORIENTED_EDGE('',*,*,#2243,.F.);
#2997=ORIENTED_EDGE('',*,*,#2232,.T.);
#2998=ORIENTED_EDGE('',*,*,#2206,.T.);
#2999=ORIENTED_EDGE('',*,*,#2233,.F.);
#3000=ORIENTED_EDGE('',*,*,#2243,.T.);
#3001=ORIENTED_EDGE('',*,*,#2226,.F.);
#3002=ORIENTED_EDGE('',*,*,#2231,.F.);
#3003=ORIENTED_EDGE('',*,*,#2242,.T.);
#3004=ORIENTED_EDGE('',*,*,#2244,.F.);
#3005=ORIENTED_EDGE('',*,*,#2239,.F.);
#3006=ORIENTED_EDGE('',*,*,#2245,.F.);
#3007=ORIENTED_EDGE('',*,*,#2246,.T.);
#3008=ORIENTED_EDGE('',*,*,#2247,.F.);
#3009=ORIENTED_EDGE('',*,*,#2248,.T.);
#3010=ORIENTED_EDGE('',*,*,#2249,.T.);
#3011=ORIENTED_EDGE('',*,*,#2221,.F.);
#3012=ORIENTED_EDGE('',*,*,#2225,.T.);
#3013=ORIENTED_EDGE('',*,*,#2250,.F.);
#3014=ORIENTED_EDGE('',*,*,#2251,.F.);
#3015=ORIENTED_EDGE('',*,*,#2252,.T.);
#3016=ORIENTED_EDGE('',*,*,#2253,.F.);
#3017=ORIENTED_EDGE('',*,*,#2246,.F.);
#3018=ORIENTED_EDGE('',*,*,#2249,.F.);
#3019=ORIENTED_EDGE('',*,*,#2248,.F.);
#3020=ORIENTED_EDGE('',*,*,#2254,.F.);
#3021=ORIENTED_EDGE('',*,*,#2255,.F.);
#3022=ORIENTED_EDGE('',*,*,#2212,.F.);
#3023=ORIENTED_EDGE('',*,*,#2223,.T.);
#3024=ORIENTED_EDGE('',*,*,#2251,.T.);
#3025=ORIENTED_EDGE('',*,*,#2256,.F.);
#3026=ORIENTED_EDGE('',*,*,#2222,.F.);
#3027=ORIENTED_EDGE('',*,*,#2255,.T.);
#3028=ORIENTED_EDGE('',*,*,#2257,.F.);
#3029=ORIENTED_EDGE('',*,*,#2252,.F.);
#3030=ORIENTED_EDGE('',*,*,#2213,.T.);
#3031=ORIENTED_EDGE('',*,*,#2256,.T.);
#3032=ORIENTED_EDGE('',*,*,#2245,.T.);
#3033=ORIENTED_EDGE('',*,*,#2250,.T.);
#3034=ORIENTED_EDGE('',*,*,#2224,.T.);
#3035=ORIENTED_EDGE('',*,*,#2209,.T.);
#3036=ORIENTED_EDGE('',*,*,#2200,.T.);
#3037=ORIENTED_EDGE('',*,*,#2191,.T.);
#3038=ORIENTED_EDGE('',*,*,#2182,.T.);
#3039=ORIENTED_EDGE('',*,*,#2219,.T.);
#3040=ORIENTED_EDGE('',*,*,#2216,.T.);
#3041=ORIENTED_EDGE('',*,*,#2127,.T.);
#3042=ORIENTED_EDGE('',*,*,#2132,.T.);
#3043=ORIENTED_EDGE('',*,*,#2152,.T.);
#3044=ORIENTED_EDGE('',*,*,#2157,.T.);
#3045=ORIENTED_EDGE('',*,*,#2162,.T.);
#3046=ORIENTED_EDGE('',*,*,#2167,.T.);
#3047=ORIENTED_EDGE('',*,*,#1837,.T.);
#3048=ORIENTED_EDGE('',*,*,#1833,.F.);
#3049=ORIENTED_EDGE('',*,*,#1830,.T.);
#3050=ORIENTED_EDGE('',*,*,#1827,.F.);
#3051=ORIENTED_EDGE('',*,*,#1824,.T.);
#3052=ORIENTED_EDGE('',*,*,#1821,.F.);
#3053=ORIENTED_EDGE('',*,*,#1818,.T.);
#3054=ORIENTED_EDGE('',*,*,#1814,.F.);
#3055=ORIENTED_EDGE('',*,*,#2170,.T.);
#3056=ORIENTED_EDGE('',*,*,#2173,.T.);
#3057=ORIENTED_EDGE('',*,*,#2241,.T.);
#3058=ORIENTED_EDGE('',*,*,#2258,.T.);
#3059=ORIENTED_EDGE('',*,*,#2253,.T.);
#3060=ORIENTED_EDGE('',*,*,#2259,.F.);
#3061=ORIENTED_EDGE('',*,*,#2254,.T.);
#3062=ORIENTED_EDGE('',*,*,#2260,.F.);
#3063=ORIENTED_EDGE('',*,*,#2261,.T.);
#3064=ORIENTED_EDGE('',*,*,#2262,.F.);
#3065=ORIENTED_EDGE('',*,*,#2235,.T.);
#3066=ORIENTED_EDGE('',*,*,#2263,.T.);
#3067=ORIENTED_EDGE('',*,*,#1842,.T.);
#3068=ORIENTED_EDGE('',*,*,#1838,.F.);
#3069=ORIENTED_EDGE('',*,*,#1850,.T.);
#3070=ORIENTED_EDGE('',*,*,#1845,.F.);
#3071=ORIENTED_EDGE('',*,*,#2264,.T.);
#3072=ORIENTED_EDGE('',*,*,#2260,.T.);
#3073=ORIENTED_EDGE('',*,*,#2247,.T.);
#3074=ORIENTED_EDGE('',*,*,#2258,.F.);
#3075=ORIENTED_EDGE('',*,*,#1805,.T.);
#3076=ORIENTED_EDGE('',*,*,#1808,.T.);
#3077=ORIENTED_EDGE('',*,*,#1811,.T.);
#3078=ORIENTED_EDGE('',*,*,#1887,.T.);
#3079=ORIENTED_EDGE('',*,*,#1892,.T.);
#3080=ORIENTED_EDGE('',*,*,#1897,.T.);
#3081=ORIENTED_EDGE('',*,*,#1902,.T.);
#3082=ORIENTED_EDGE('',*,*,#1907,.T.);
#3083=ORIENTED_EDGE('',*,*,#1912,.T.);
#3084=ORIENTED_EDGE('',*,*,#1917,.T.);
#3085=ORIENTED_EDGE('',*,*,#1922,.T.);
#3086=ORIENTED_EDGE('',*,*,#1927,.T.);
#3087=ORIENTED_EDGE('',*,*,#1932,.T.);
#3088=ORIENTED_EDGE('',*,*,#1937,.T.);
#3089=ORIENTED_EDGE('',*,*,#1942,.T.);
#3090=ORIENTED_EDGE('',*,*,#1947,.T.);
#3091=ORIENTED_EDGE('',*,*,#1952,.T.);
#3092=ORIENTED_EDGE('',*,*,#1957,.T.);
#3093=ORIENTED_EDGE('',*,*,#1962,.T.);
#3094=ORIENTED_EDGE('',*,*,#1967,.T.);
#3095=ORIENTED_EDGE('',*,*,#1972,.T.);
#3096=ORIENTED_EDGE('',*,*,#1977,.T.);
#3097=ORIENTED_EDGE('',*,*,#1982,.T.);
#3098=ORIENTED_EDGE('',*,*,#1987,.T.);
#3099=ORIENTED_EDGE('',*,*,#1992,.T.);
#3100=ORIENTED_EDGE('',*,*,#1997,.T.);
#3101=ORIENTED_EDGE('',*,*,#2002,.T.);
#3102=ORIENTED_EDGE('',*,*,#2007,.T.);
#3103=ORIENTED_EDGE('',*,*,#2012,.T.);
#3104=ORIENTED_EDGE('',*,*,#2017,.T.);
#3105=ORIENTED_EDGE('',*,*,#2022,.T.);
#3106=ORIENTED_EDGE('',*,*,#2027,.T.);
#3107=ORIENTED_EDGE('',*,*,#2032,.T.);
#3108=ORIENTED_EDGE('',*,*,#2037,.T.);
#3109=ORIENTED_EDGE('',*,*,#2042,.T.);
#3110=ORIENTED_EDGE('',*,*,#2047,.T.);
#3111=ORIENTED_EDGE('',*,*,#2052,.T.);
#3112=ORIENTED_EDGE('',*,*,#2057,.T.);
#3113=ORIENTED_EDGE('',*,*,#2062,.T.);
#3114=ORIENTED_EDGE('',*,*,#2067,.T.);
#3115=ORIENTED_EDGE('',*,*,#2072,.T.);
#3116=ORIENTED_EDGE('',*,*,#2077,.T.);
#3117=ORIENTED_EDGE('',*,*,#2082,.T.);
#3118=ORIENTED_EDGE('',*,*,#2087,.T.);
#3119=ORIENTED_EDGE('',*,*,#2092,.T.);
#3120=ORIENTED_EDGE('',*,*,#2097,.T.);
#3121=ORIENTED_EDGE('',*,*,#2102,.T.);
#3122=ORIENTED_EDGE('',*,*,#2107,.T.);
#3123=ORIENTED_EDGE('',*,*,#2112,.T.);
#3124=ORIENTED_EDGE('',*,*,#2240,.T.);
#3125=ORIENTED_EDGE('',*,*,#2265,.F.);
#3126=ORIENTED_EDGE('',*,*,#1843,.F.);
#3127=ORIENTED_EDGE('',*,*,#2263,.F.);
#3128=ORIENTED_EDGE('',*,*,#1848,.F.);
#3129=ORIENTED_EDGE('',*,*,#2266,.F.);
#3130=ORIENTED_EDGE('',*,*,#2261,.F.);
#3131=ORIENTED_EDGE('',*,*,#2264,.F.);
#3132=ORIENTED_EDGE('',*,*,#2244,.T.);
#3133=ORIENTED_EDGE('',*,*,#2259,.T.);
#3134=ORIENTED_EDGE('',*,*,#2257,.T.);
#3135=ORIENTED_EDGE('',*,*,#2262,.T.);
#3136=ORIENTED_EDGE('',*,*,#2266,.T.);
#3137=ORIENTED_EDGE('',*,*,#1847,.F.);
#3138=ORIENTED_EDGE('',*,*,#1849,.T.);
#3139=ORIENTED_EDGE('',*,*,#1840,.F.);
#3140=ORIENTED_EDGE('',*,*,#1844,.T.);
#3141=ORIENTED_EDGE('',*,*,#2265,.T.);
#3142=ORIENTED_EDGE('',*,*,#1807,.T.);
#3143=ORIENTED_EDGE('',*,*,#1810,.T.);
#3144=ORIENTED_EDGE('',*,*,#1813,.T.);
#3145=ORIENTED_EDGE('',*,*,#1891,.T.);
#3146=ORIENTED_EDGE('',*,*,#1896,.T.);
#3147=ORIENTED_EDGE('',*,*,#1901,.T.);
#3148=ORIENTED_EDGE('',*,*,#1906,.T.);
#3149=ORIENTED_EDGE('',*,*,#1911,.T.);
#3150=ORIENTED_EDGE('',*,*,#1916,.T.);
#3151=ORIENTED_EDGE('',*,*,#1921,.T.);
#3152=ORIENTED_EDGE('',*,*,#1926,.T.);
#3153=ORIENTED_EDGE('',*,*,#1931,.T.);
#3154=ORIENTED_EDGE('',*,*,#1936,.T.);
#3155=ORIENTED_EDGE('',*,*,#1941,.T.);
#3156=ORIENTED_EDGE('',*,*,#1946,.T.);
#3157=ORIENTED_EDGE('',*,*,#1951,.T.);
#3158=ORIENTED_EDGE('',*,*,#1956,.T.);
#3159=ORIENTED_EDGE('',*,*,#1961,.T.);
#3160=ORIENTED_EDGE('',*,*,#1966,.T.);
#3161=ORIENTED_EDGE('',*,*,#1971,.T.);
#3162=ORIENTED_EDGE('',*,*,#1976,.T.);
#3163=ORIENTED_EDGE('',*,*,#1981,.T.);
#3164=ORIENTED_EDGE('',*,*,#1986,.T.);
#3165=ORIENTED_EDGE('',*,*,#1991,.T.);
#3166=ORIENTED_EDGE('',*,*,#1996,.T.);
#3167=ORIENTED_EDGE('',*,*,#2001,.T.);
#3168=ORIENTED_EDGE('',*,*,#2006,.T.);
#3169=ORIENTED_EDGE('',*,*,#2011,.T.);
#3170=ORIENTED_EDGE('',*,*,#2016,.T.);
#3171=ORIENTED_EDGE('',*,*,#2021,.T.);
#3172=ORIENTED_EDGE('',*,*,#2026,.T.);
#3173=ORIENTED_EDGE('',*,*,#2031,.T.);
#3174=ORIENTED_EDGE('',*,*,#2036,.T.);
#3175=ORIENTED_EDGE('',*,*,#2041,.T.);
#3176=ORIENTED_EDGE('',*,*,#2046,.T.);
#3177=ORIENTED_EDGE('',*,*,#2051,.T.);
#3178=ORIENTED_EDGE('',*,*,#2056,.T.);
#3179=ORIENTED_EDGE('',*,*,#2061,.T.);
#3180=ORIENTED_EDGE('',*,*,#2066,.T.);
#3181=ORIENTED_EDGE('',*,*,#2071,.T.);
#3182=ORIENTED_EDGE('',*,*,#2076,.T.);
#3183=ORIENTED_EDGE('',*,*,#2081,.T.);
#3184=ORIENTED_EDGE('',*,*,#2086,.T.);
#3185=ORIENTED_EDGE('',*,*,#2091,.T.);
#3186=ORIENTED_EDGE('',*,*,#2096,.T.);
#3187=ORIENTED_EDGE('',*,*,#2101,.T.);
#3188=ORIENTED_EDGE('',*,*,#2106,.T.);
#3189=ORIENTED_EDGE('',*,*,#2111,.T.);
#3190=ORIENTED_EDGE('',*,*,#2116,.T.);
#3191=CYLINDRICAL_SURFACE('',#3469,1.2645);
#3192=CYLINDRICAL_SURFACE('',#3472,1.2645);
#3193=CYLINDRICAL_SURFACE('',#3475,1.2645);
#3194=CYLINDRICAL_SURFACE('',#3478,2.);
#3195=CYLINDRICAL_SURFACE('',#3482,2.);
#3196=CYLINDRICAL_SURFACE('',#3486,2.);
#3197=CYLINDRICAL_SURFACE('',#3490,2.);
#3198=CYLINDRICAL_SURFACE('',#3494,6.);
#3199=CYLINDRICAL_SURFACE('',#3498,6.);
#3200=CYLINDRICAL_SURFACE('',#3502,1.);
#3201=CYLINDRICAL_SURFACE('',#3506,1.);
#3202=CYLINDRICAL_SURFACE('',#3510,1.);
#3203=CYLINDRICAL_SURFACE('',#3514,1.);
#3204=CYLINDRICAL_SURFACE('',#3518,1.2645);
#3205=CYLINDRICAL_SURFACE('',#3521,1.2645);
#3206=CYLINDRICAL_SURFACE('',#3524,1.2645);
#3207=CYLINDRICAL_SURFACE('',#3527,1.2645);
#3208=CYLINDRICAL_SURFACE('',#3533,1.7);
#3209=CYLINDRICAL_SURFACE('',#3538,1.7);
#3210=CYLINDRICAL_SURFACE('',#3543,1.7);
#3211=CYLINDRICAL_SURFACE('',#3548,1.7);
#3212=CYLINDRICAL_SURFACE('',#3553,1.7);
#3213=CYLINDRICAL_SURFACE('',#3558,1.7);
#3214=CYLINDRICAL_SURFACE('',#3563,1.7);
#3215=CYLINDRICAL_SURFACE('',#3568,1.7);
#3216=CYLINDRICAL_SURFACE('',#3573,1.7);
#3217=CYLINDRICAL_SURFACE('',#3578,1.7);
#3218=CYLINDRICAL_SURFACE('',#3583,1.7);
#3219=CYLINDRICAL_SURFACE('',#3588,1.7);
#3220=CYLINDRICAL_SURFACE('',#3593,1.7);
#3221=CYLINDRICAL_SURFACE('',#3598,1.7);
#3222=CYLINDRICAL_SURFACE('',#3603,1.7);
#3223=CYLINDRICAL_SURFACE('',#3608,1.7);
#3224=CYLINDRICAL_SURFACE('',#3613,1.7);
#3225=CYLINDRICAL_SURFACE('',#3618,1.7);
#3226=CYLINDRICAL_SURFACE('',#3623,2.248);
#3227=CYLINDRICAL_SURFACE('',#3628,2.248);
#3228=CYLINDRICAL_SURFACE('',#3633,2.248);
#3229=CYLINDRICAL_SURFACE('',#3638,2.248);
#3230=CYLINDRICAL_SURFACE('',#3643,2.248);
#3231=CYLINDRICAL_SURFACE('',#3648,2.248);
#3232=CYLINDRICAL_SURFACE('',#3653,2.248);
#3233=CYLINDRICAL_SURFACE('',#3658,2.248);
#3234=CYLINDRICAL_SURFACE('',#3663,2.248);
#3235=CYLINDRICAL_SURFACE('',#3668,2.248);
#3236=CYLINDRICAL_SURFACE('',#3673,2.248);
#3237=CYLINDRICAL_SURFACE('',#3678,2.248);
#3238=CYLINDRICAL_SURFACE('',#3683,2.248);
#3239=CYLINDRICAL_SURFACE('',#3688,2.248);
#3240=CYLINDRICAL_SURFACE('',#3693,2.248);
#3241=CYLINDRICAL_SURFACE('',#3698,2.248);
#3242=CYLINDRICAL_SURFACE('',#3703,1.632);
#3243=CYLINDRICAL_SURFACE('',#3708,1.632);
#3244=CYLINDRICAL_SURFACE('',#3713,1.632);
#3245=CYLINDRICAL_SURFACE('',#3718,1.632);
#3246=CYLINDRICAL_SURFACE('',#3723,1.632);
#3247=CYLINDRICAL_SURFACE('',#3728,1.632);
#3248=CYLINDRICAL_SURFACE('',#3733,1.632);
#3249=CYLINDRICAL_SURFACE('',#3738,1.632);
#3250=CYLINDRICAL_SURFACE('',#3743,1.632);
#3251=CYLINDRICAL_SURFACE('',#3748,1.632);
#3252=CYLINDRICAL_SURFACE('',#3753,1.632);
#3253=CYLINDRICAL_SURFACE('',#3758,1.632);
#3254=CYLINDRICAL_SURFACE('',#3763,2.248);
#3255=CYLINDRICAL_SURFACE('',#3768,2.248);
#3256=CYLINDRICAL_SURFACE('',#3773,2.248);
#3257=CYLINDRICAL_SURFACE('',#3778,2.248);
#3258=CYLINDRICAL_SURFACE('',#3783,1.7);
#3259=CYLINDRICAL_SURFACE('',#3788,1.7);
#3260=CYLINDRICAL_SURFACE('',#3793,1.7);
#3261=CYLINDRICAL_SURFACE('',#3798,1.7);
#3262=CYLINDRICAL_SURFACE('',#3803,1.7);
#3263=CYLINDRICAL_SURFACE('',#3808,1.7);
#3264=CYLINDRICAL_SURFACE('',#3810,1.75000000000001);
#3265=CYLINDRICAL_SURFACE('',#3813,6.49999999999999);
#3266=CYLINDRICAL_SURFACE('',#3816,1.75000000000001);
#3267=CYLINDRICAL_SURFACE('',#3821,3.00000000000003);
#3268=CYLINDRICAL_SURFACE('',#3824,6.);
#3269=CYLINDRICAL_SURFACE('',#3827,6.);
#3270=CYLINDRICAL_SURFACE('',#3833,3.);
#3271=CYLINDRICAL_SURFACE('',#3836,3.00000000000008);
#3272=CYLINDRICAL_SURFACE('',#3839,3.00000000000008);
#3273=CYLINDRICAL_SURFACE('',#3842,3.);
#3274=CYLINDRICAL_SURFACE('',#3846,3.00000000000003);
#3275=ADVANCED_FACE('',(#325),#3191,.F.);
#3276=ADVANCED_FACE('',(#326),#3192,.F.);
#3277=ADVANCED_FACE('',(#327),#3193,.F.);
#3278=ADVANCED_FACE('',(#328),#3194,.F.);
#3279=ADVANCED_FACE('',(#329),#206,.F.);
#3280=ADVANCED_FACE('',(#330),#3195,.F.);
#3281=ADVANCED_FACE('',(#331),#207,.F.);
#3282=ADVANCED_FACE('',(#332),#3196,.F.);
#3283=ADVANCED_FACE('',(#333),#208,.F.);
#3284=ADVANCED_FACE('',(#334),#3197,.F.);
#3285=ADVANCED_FACE('',(#335),#209,.F.);
#3286=ADVANCED_FACE('',(#336),#3198,.F.);
#3287=ADVANCED_FACE('',(#337),#210,.T.);
#3288=ADVANCED_FACE('',(#338),#3199,.F.);
#3289=ADVANCED_FACE('',(#339),#211,.T.);
#3290=ADVANCED_FACE('',(#340),#3200,.F.);
#3291=ADVANCED_FACE('',(#341),#212,.F.);
#3292=ADVANCED_FACE('',(#342),#3201,.F.);
#3293=ADVANCED_FACE('',(#343),#213,.F.);
#3294=ADVANCED_FACE('',(#344),#3202,.F.);
#3295=ADVANCED_FACE('',(#345),#214,.F.);
#3296=ADVANCED_FACE('',(#346),#3203,.F.);
#3297=ADVANCED_FACE('',(#347),#215,.F.);
#3298=ADVANCED_FACE('',(#348),#3204,.F.);
#3299=ADVANCED_FACE('',(#349),#3205,.F.);
#3300=ADVANCED_FACE('',(#350),#3206,.F.);
#3301=ADVANCED_FACE('',(#351),#3207,.F.);
#3302=ADVANCED_FACE('',(#352),#150,.F.);
#3303=ADVANCED_FACE('',(#353),#3208,.F.);
#3304=ADVANCED_FACE('',(#354),#151,.F.);
#3305=ADVANCED_FACE('',(#355),#3209,.F.);
#3306=ADVANCED_FACE('',(#356),#152,.F.);
#3307=ADVANCED_FACE('',(#357),#3210,.F.);
#3308=ADVANCED_FACE('',(#358),#153,.F.);
#3309=ADVANCED_FACE('',(#359),#3211,.F.);
#3310=ADVANCED_FACE('',(#360),#154,.F.);
#3311=ADVANCED_FACE('',(#361),#3212,.F.);
#3312=ADVANCED_FACE('',(#362),#155,.F.);
#3313=ADVANCED_FACE('',(#363),#3213,.F.);
#3314=ADVANCED_FACE('',(#364),#156,.F.);
#3315=ADVANCED_FACE('',(#365),#3214,.F.);
#3316=ADVANCED_FACE('',(#366),#157,.F.);
#3317=ADVANCED_FACE('',(#367),#3215,.F.);
#3318=ADVANCED_FACE('',(#368),#158,.F.);
#3319=ADVANCED_FACE('',(#369),#3216,.F.);
#3320=ADVANCED_FACE('',(#370),#159,.F.);
#3321=ADVANCED_FACE('',(#371),#3217,.F.);
#3322=ADVANCED_FACE('',(#372),#160,.F.);
#3323=ADVANCED_FACE('',(#373),#3218,.F.);
#3324=ADVANCED_FACE('',(#374),#161,.F.);
#3325=ADVANCED_FACE('',(#375),#3219,.F.);
#3326=ADVANCED_FACE('',(#376),#162,.F.);
#3327=ADVANCED_FACE('',(#377),#3220,.F.);
#3328=ADVANCED_FACE('',(#378),#163,.F.);
#3329=ADVANCED_FACE('',(#379),#3221,.F.);
#3330=ADVANCED_FACE('',(#380),#164,.F.);
#3331=ADVANCED_FACE('',(#381),#3222,.F.);
#3332=ADVANCED_FACE('',(#382),#165,.F.);
#3333=ADVANCED_FACE('',(#383),#3223,.F.);
#3334=ADVANCED_FACE('',(#384),#166,.F.);
#3335=ADVANCED_FACE('',(#385),#3224,.F.);
#3336=ADVANCED_FACE('',(#386),#167,.F.);
#3337=ADVANCED_FACE('',(#387),#3225,.F.);
#3338=ADVANCED_FACE('',(#388),#168,.F.);
#3339=ADVANCED_FACE('',(#389),#3226,.F.);
#3340=ADVANCED_FACE('',(#390),#169,.F.);
#3341=ADVANCED_FACE('',(#391),#3227,.F.);
#3342=ADVANCED_FACE('',(#392),#170,.F.);
#3343=ADVANCED_FACE('',(#393),#3228,.F.);
#3344=ADVANCED_FACE('',(#394),#171,.F.);
#3345=ADVANCED_FACE('',(#395),#3229,.F.);
#3346=ADVANCED_FACE('',(#396),#172,.F.);
#3347=ADVANCED_FACE('',(#397),#3230,.F.);
#3348=ADVANCED_FACE('',(#398),#173,.F.);
#3349=ADVANCED_FACE('',(#399),#3231,.F.);
#3350=ADVANCED_FACE('',(#400),#174,.F.);
#3351=ADVANCED_FACE('',(#401),#3232,.F.);
#3352=ADVANCED_FACE('',(#402),#175,.F.);
#3353=ADVANCED_FACE('',(#403),#3233,.F.);
#3354=ADVANCED_FACE('',(#404),#176,.F.);
#3355=ADVANCED_FACE('',(#405),#3234,.F.);
#3356=ADVANCED_FACE('',(#406),#177,.F.);
#3357=ADVANCED_FACE('',(#407),#3235,.F.);
#3358=ADVANCED_FACE('',(#408),#178,.F.);
#3359=ADVANCED_FACE('',(#409),#3236,.F.);
#3360=ADVANCED_FACE('',(#410),#179,.F.);
#3361=ADVANCED_FACE('',(#411),#3237,.F.);
#3362=ADVANCED_FACE('',(#412),#180,.F.);
#3363=ADVANCED_FACE('',(#413),#3238,.F.);
#3364=ADVANCED_FACE('',(#414),#181,.F.);
#3365=ADVANCED_FACE('',(#415),#3239,.F.);
#3366=ADVANCED_FACE('',(#416),#182,.F.);
#3367=ADVANCED_FACE('',(#417),#3240,.F.);
#3368=ADVANCED_FACE('',(#418),#183,.F.);
#3369=ADVANCED_FACE('',(#419),#3241,.F.);
#3370=ADVANCED_FACE('',(#420),#184,.F.);
#3371=ADVANCED_FACE('',(#421),#3242,.F.);
#3372=ADVANCED_FACE('',(#422),#185,.F.);
#3373=ADVANCED_FACE('',(#423),#3243,.F.);
#3374=ADVANCED_FACE('',(#424),#186,.F.);
#3375=ADVANCED_FACE('',(#425),#3244,.F.);
#3376=ADVANCED_FACE('',(#426),#187,.F.);
#3377=ADVANCED_FACE('',(#427),#3245,.F.);
#3378=ADVANCED_FACE('',(#428),#188,.F.);
#3379=ADVANCED_FACE('',(#429),#3246,.F.);
#3380=ADVANCED_FACE('',(#430),#189,.F.);
#3381=ADVANCED_FACE('',(#431),#3247,.F.);
#3382=ADVANCED_FACE('',(#432),#190,.F.);
#3383=ADVANCED_FACE('',(#433),#3248,.F.);
#3384=ADVANCED_FACE('',(#434),#191,.F.);
#3385=ADVANCED_FACE('',(#435),#3249,.F.);
#3386=ADVANCED_FACE('',(#436),#192,.F.);
#3387=ADVANCED_FACE('',(#437),#3250,.F.);
#3388=ADVANCED_FACE('',(#438),#193,.F.);
#3389=ADVANCED_FACE('',(#439),#3251,.F.);
#3390=ADVANCED_FACE('',(#440),#194,.F.);
#3391=ADVANCED_FACE('',(#441),#3252,.F.);
#3392=ADVANCED_FACE('',(#442),#195,.F.);
#3393=ADVANCED_FACE('',(#443),#3253,.F.);
#3394=ADVANCED_FACE('',(#444),#196,.F.);
#3395=ADVANCED_FACE('',(#445),#3254,.F.);
#3396=ADVANCED_FACE('',(#446),#197,.F.);
#3397=ADVANCED_FACE('',(#447),#3255,.F.);
#3398=ADVANCED_FACE('',(#448),#198,.F.);
#3399=ADVANCED_FACE('',(#449),#3256,.F.);
#3400=ADVANCED_FACE('',(#450),#199,.F.);
#3401=ADVANCED_FACE('',(#451),#3257,.F.);
#3402=ADVANCED_FACE('',(#452),#200,.F.);
#3403=ADVANCED_FACE('',(#453),#3258,.F.);
#3404=ADVANCED_FACE('',(#454),#201,.F.);
#3405=ADVANCED_FACE('',(#455),#3259,.F.);
#3406=ADVANCED_FACE('',(#456),#202,.F.);
#3407=ADVANCED_FACE('',(#457),#3260,.F.);
#3408=ADVANCED_FACE('',(#458),#203,.F.);
#3409=ADVANCED_FACE('',(#459),#3261,.F.);
#3410=ADVANCED_FACE('',(#460),#204,.F.);
#3411=ADVANCED_FACE('',(#461),#3262,.F.);
#3412=ADVANCED_FACE('',(#462),#205,.F.);
#3413=ADVANCED_FACE('',(#463),#3263,.F.);
#3414=ADVANCED_FACE('',(#464),#3264,.F.);
#3415=ADVANCED_FACE('',(#465),#3265,.F.);
#3416=ADVANCED_FACE('',(#466),#3266,.F.);
#3417=ADVANCED_FACE('',(#467),#216,.F.);
#3418=ADVANCED_FACE('',(#468),#217,.F.);
#3419=ADVANCED_FACE('',(#469),#3267,.T.);
#3420=ADVANCED_FACE('',(#470),#3268,.F.);
#3421=ADVANCED_FACE('',(#471),#3269,.F.);
#3422=ADVANCED_FACE('',(#472),#218,.F.);
#3423=ADVANCED_FACE('',(#473),#219,.F.);
#3424=ADVANCED_FACE('',(#474),#220,.F.);
#3425=ADVANCED_FACE('',(#475),#3270,.T.);
#3426=ADVANCED_FACE('',(#476),#3271,.T.);
#3427=ADVANCED_FACE('',(#477),#3272,.T.);
#3428=ADVANCED_FACE('',(#478),#3273,.T.);
#3429=ADVANCED_FACE('',(#479),#221,.F.);
#3430=ADVANCED_FACE('',(#480),#3274,.T.);
#3431=ADVANCED_FACE('',(#481,#14,#15,#16,#17,#18,#19,#20,#21,#22),#222,
 .T.);
#3432=ADVANCED_FACE('',(#482),#223,.T.);
#3433=ADVANCED_FACE('',(#483,#23,#24,#25,#26,#27,#28,#29,#30,#31,#32),#224,
 .F.);
#3434=ADVANCED_FACE('',(#484,#33,#34,#35,#36,#37,#38,#39,#40,#41,#42),#225,
 .T.);
#3435=ADVANCED_FACE('',(#485),#226,.F.);
#3436=ADVANCED_FACE('',(#486),#227,.T.);
#3437=ADVANCED_FACE('',(#487),#228,.T.);
#3438=ADVANCED_FACE('',(#488),#229,.T.);
#3439=ADVANCED_FACE('',(#489),#230,.T.);
#3440=ADVANCED_FACE('',(#490),#231,.T.);
#3441=ADVANCED_FACE('',(#491),#232,.T.);
#3442=ADVANCED_FACE('',(#492),#233,.F.);
#3443=ADVANCED_FACE('',(#493),#234,.T.);
#3444=ADVANCED_FACE('',(#494),#235,.T.);
#3445=ADVANCED_FACE('',(#495),#236,.T.);
#3446=ADVANCED_FACE('',(#496),#237,.T.);
#3447=ADVANCED_FACE('',(#497),#238,.T.);
#3448=ADVANCED_FACE('',(#498,#43,#44,#45,#46,#47,#48,#49,#50,#51),#239,
 .F.);
#3449=ADVANCED_FACE('',(#499),#240,.T.);
#3450=ADVANCED_FACE('',(#500),#241,.T.);
#3451=ADVANCED_FACE('',(#501,#52,#53,#54,#55,#56,#57,#58,#59,#60,#61,#62,
#63,#64,#65,#66,#67,#68,#69,#70,#71,#72,#73,#74,#75,#76,#77,#78,#79,#80,
#81,#82,#83,#84,#85,#86,#87,#88,#89,#90,#91,#92,#93,#94,#95,#96,#97,#98,
#99,#100),#242,.F.);
#3452=ADVANCED_FACE('',(#502),#243,.T.);
#3453=ADVANCED_FACE('',(#503),#244,.T.);
#3454=ADVANCED_FACE('',(#504,#101,#102,#103,#104,#105,#106,#107,#108,#109,
#110,#111,#112,#113,#114,#115,#116,#117,#118,#119,#120,#121,#122,#123,#124,
#125,#126,#127,#128,#129,#130,#131,#132,#133,#134,#135,#136,#137,#138,#139,
#140,#141,#142,#143,#144,#145,#146,#147,#148,#149),#245,.T.);
#3455=CLOSED_SHELL('',(#3275,#3276,#3277,#3278,#3279,#3280,#3281,#3282,
#3283,#3284,#3285,#3286,#3287,#3288,#3289,#3290,#3291,#3292,#3293,#3294,
#3295,#3296,#3297,#3298,#3299,#3300,#3301,#3302,#3303,#3304,#3305,#3306,
#3307,#3308,#3309,#3310,#3311,#3312,#3313,#3314,#3315,#3316,#3317,#3318,
#3319,#3320,#3321,#3322,#3323,#3324,#3325,#3326,#3327,#3328,#3329,#3330,
#3331,#3332,#3333,#3334,#3335,#3336,#3337,#3338,#3339,#3340,#3341,#3342,
#3343,#3344,#3345,#3346,#3347,#3348,#3349,#3350,#3351,#3352,#3353,#3354,
#3355,#3356,#3357,#3358,#3359,#3360,#3361,#3362,#3363,#3364,#3365,#3366,
#3367,#3368,#3369,#3370,#3371,#3372,#3373,#3374,#3375,#3376,#3377,#3378,
#3379,#3380,#3381,#3382,#3383,#3384,#3385,#3386,#3387,#3388,#3389,#3390,
#3391,#3392,#3393,#3394,#3395,#3396,#3397,#3398,#3399,#3400,#3401,#3402,
#3403,#3404,#3405,#3406,#3407,#3408,#3409,#3410,#3411,#3412,#3413,#3414,
#3415,#3416,#3417,#3418,#3419,#3420,#3421,#3422,#3423,#3424,#3425,#3426,
#3427,#3428,#3429,#3430,#3431,#3432,#3433,#3434,#3435,#3436,#3437,#3438,
#3439,#3440,#3441,#3442,#3443,#3444,#3445,#3446,#3447,#3448,#3449,#3450,
#3451,#3452,#3453,#3454));
#3456=DERIVED_UNIT_ELEMENT(#3458,1.);
#3457=DERIVED_UNIT_ELEMENT(#5853,-3.);
#3458=(
MASS_UNIT()
NAMED_UNIT(*)
SI_UNIT(.KILO.,.GRAM.)
);
#3459=DERIVED_UNIT((#3456,#3457));
#3460=MEASURE_REPRESENTATION_ITEM('density measure',
POSITIVE_RATIO_MEASURE(7850.),#3459);
#3461=PROPERTY_DEFINITION_REPRESENTATION(#3466,#3463);
#3462=PROPERTY_DEFINITION_REPRESENTATION(#3467,#3464);
#3463=REPRESENTATION('material name',(#3465),#5850);
#3464=REPRESENTATION('density',(#3460),#5850);
#3465=DESCRIPTIVE_REPRESENTATION_ITEM('Steel','Steel');
#3466=PROPERTY_DEFINITION('material property','material name',#5860);
#3467=PROPERTY_DEFINITION('material property','density of part',#5860);
#3468=AXIS2_PLACEMENT_3D('placement',#4921,#3873,#3874);
#3469=AXIS2_PLACEMENT_3D('',#4922,#3875,#3876);
#3470=AXIS2_PLACEMENT_3D('',#4924,#3877,#3878);
#3471=AXIS2_PLACEMENT_3D('',#4927,#3880,#3881);
#3472=AXIS2_PLACEMENT_3D('',#4928,#3882,#3883);
#3473=AXIS2_PLACEMENT_3D('',#4930,#3884,#3885);
#3474=AXIS2_PLACEMENT_3D('',#4933,#3887,#3888);
#3475=AXIS2_PLACEMENT_3D('',#4934,#3889,#3890);
#3476=AXIS2_PLACEMENT_3D('',#4936,#3891,#3892);
#3477=AXIS2_PLACEMENT_3D('',#4939,#3894,#3895);
#3478=AXIS2_PLACEMENT_3D('',#4940,#3896,#3897);
#3479=AXIS2_PLACEMENT_3D('',#4943,#3898,#3899);
#3480=AXIS2_PLACEMENT_3D('',#4947,#3901,#3902);
#3481=AXIS2_PLACEMENT_3D('',#4949,#3904,#3905);
#3482=AXIS2_PLACEMENT_3D('',#4955,#3909,#3910);
#3483=AXIS2_PLACEMENT_3D('',#4957,#3911,#3912);
#3484=AXIS2_PLACEMENT_3D('',#4960,#3914,#3915);
#3485=AXIS2_PLACEMENT_3D('',#4961,#3916,#3917);
#3486=AXIS2_PLACEMENT_3D('',#4967,#3921,#3922);
#3487=AXIS2_PLACEMENT_3D('',#4969,#3923,#3924);
#3488=AXIS2_PLACEMENT_3D('',#4972,#3926,#3927);
#3489=AXIS2_PLACEMENT_3D('',#4973,#3928,#3929);
#3490=AXIS2_PLACEMENT_3D('',#4979,#3933,#3934);
#3491=AXIS2_PLACEMENT_3D('',#4981,#3935,#3936);
#3492=AXIS2_PLACEMENT_3D('',#4984,#3938,#3939);
#3493=AXIS2_PLACEMENT_3D('',#4985,#3940,#3941);
#3494=AXIS2_PLACEMENT_3D('',#4988,#3944,#3945);
#3495=AXIS2_PLACEMENT_3D('',#4991,#3946,#3947);
#3496=AXIS2_PLACEMENT_3D('',#4995,#3949,#3950);
#3497=AXIS2_PLACEMENT_3D('',#4997,#3952,#3953);
#3498=AXIS2_PLACEMENT_3D('',#5003,#3957,#3958);
#3499=AXIS2_PLACEMENT_3D('',#5006,#3959,#3960);
#3500=AXIS2_PLACEMENT_3D('',#5010,#3962,#3963);
#3501=AXIS2_PLACEMENT_3D('',#5012,#3965,#3966);
#3502=AXIS2_PLACEMENT_3D('',#5015,#3969,#3970);
#3503=AXIS2_PLACEMENT_3D('',#5018,#3971,#3972);
#3504=AXIS2_PLACEMENT_3D('',#5022,#3974,#3975);
#3505=AXIS2_PLACEMENT_3D('',#5024,#3977,#3978);
#3506=AXIS2_PLACEMENT_3D('',#5030,#3982,#3983);
#3507=AXIS2_PLACEMENT_3D('',#5032,#3984,#3985);
#3508=AXIS2_PLACEMENT_3D('',#5035,#3987,#3988);
#3509=AXIS2_PLACEMENT_3D('',#5036,#3989,#3990);
#3510=AXIS2_PLACEMENT_3D('',#5042,#3994,#3995);
#3511=AXIS2_PLACEMENT_3D('',#5044,#3996,#3997);
#3512=AXIS2_PLACEMENT_3D('',#5047,#3999,#4000);
#3513=AXIS2_PLACEMENT_3D('',#5048,#4001,#4002);
#3514=AXIS2_PLACEMENT_3D('',#5054,#4006,#4007);
#3515=AXIS2_PLACEMENT_3D('',#5056,#4008,#4009);
#3516=AXIS2_PLACEMENT_3D('',#5059,#4011,#4012);
#3517=AXIS2_PLACEMENT_3D('',#5060,#4013,#4014);
#3518=AXIS2_PLACEMENT_3D('',#5063,#4017,#4018);
#3519=AXIS2_PLACEMENT_3D('',#5065,#4019,#4020);
#3520=AXIS2_PLACEMENT_3D('',#5068,#4022,#4023);
#3521=AXIS2_PLACEMENT_3D('',#5069,#4024,#4025);
#3522=AXIS2_PLACEMENT_3D('',#5071,#4026,#4027);
#3523=AXIS2_PLACEMENT_3D('',#5074,#4029,#4030);
#3524=AXIS2_PLACEMENT_3D('',#5075,#4031,#4032);
#3525=AXIS2_PLACEMENT_3D('',#5077,#4033,#4034);
#3526=AXIS2_PLACEMENT_3D('',#5080,#4036,#4037);
#3527=AXIS2_PLACEMENT_3D('',#5081,#4038,#4039);
#3528=AXIS2_PLACEMENT_3D('',#5083,#4040,#4041);
#3529=AXIS2_PLACEMENT_3D('',#5086,#4043,#4044);
#3530=AXIS2_PLACEMENT_3D('',#5087,#4045,#4046);
#3531=AXIS2_PLACEMENT_3D('',#5089,#4047,#4048);
#3532=AXIS2_PLACEMENT_3D('',#5092,#4050,#4051);
#3533=AXIS2_PLACEMENT_3D('',#5093,#4052,#4053);
#3534=AXIS2_PLACEMENT_3D('',#5096,#4055,#4056);
#3535=AXIS2_PLACEMENT_3D('',#5097,#4057,#4058);
#3536=AXIS2_PLACEMENT_3D('',#5099,#4059,#4060);
#3537=AXIS2_PLACEMENT_3D('',#5102,#4062,#4063);
#3538=AXIS2_PLACEMENT_3D('',#5103,#4064,#4065);
#3539=AXIS2_PLACEMENT_3D('',#5106,#4067,#4068);
#3540=AXIS2_PLACEMENT_3D('',#5107,#4069,#4070);
#3541=AXIS2_PLACEMENT_3D('',#5109,#4071,#4072);
#3542=AXIS2_PLACEMENT_3D('',#5112,#4074,#4075);
#3543=AXIS2_PLACEMENT_3D('',#5113,#4076,#4077);
#3544=AXIS2_PLACEMENT_3D('',#5116,#4079,#4080);
#3545=AXIS2_PLACEMENT_3D('',#5117,#4081,#4082);
#3546=AXIS2_PLACEMENT_3D('',#5119,#4083,#4084);
#3547=AXIS2_PLACEMENT_3D('',#5122,#4086,#4087);
#3548=AXIS2_PLACEMENT_3D('',#5123,#4088,#4089);
#3549=AXIS2_PLACEMENT_3D('',#5126,#4091,#4092);
#3550=AXIS2_PLACEMENT_3D('',#5127,#4093,#4094);
#3551=AXIS2_PLACEMENT_3D('',#5129,#4095,#4096);
#3552=AXIS2_PLACEMENT_3D('',#5132,#4098,#4099);
#3553=AXIS2_PLACEMENT_3D('',#5133,#4100,#4101);
#3554=AXIS2_PLACEMENT_3D('',#5136,#4103,#4104);
#3555=AXIS2_PLACEMENT_3D('',#5137,#4105,#4106);
#3556=AXIS2_PLACEMENT_3D('',#5139,#4107,#4108);
#3557=AXIS2_PLACEMENT_3D('',#5142,#4110,#4111);
#3558=AXIS2_PLACEMENT_3D('',#5143,#4112,#4113);
#3559=AXIS2_PLACEMENT_3D('',#5146,#4115,#4116);
#3560=AXIS2_PLACEMENT_3D('',#5147,#4117,#4118);
#3561=AXIS2_PLACEMENT_3D('',#5149,#4119,#4120);
#3562=AXIS2_PLACEMENT_3D('',#5152,#4122,#4123);
#3563=AXIS2_PLACEMENT_3D('',#5153,#4124,#4125);
#3564=AXIS2_PLACEMENT_3D('',#5156,#4127,#4128);
#3565=AXIS2_PLACEMENT_3D('',#5157,#4129,#4130);
#3566=AXIS2_PLACEMENT_3D('',#5159,#4131,#4132);
#3567=AXIS2_PLACEMENT_3D('',#5162,#4134,#4135);
#3568=AXIS2_PLACEMENT_3D('',#5163,#4136,#4137);
#3569=AXIS2_PLACEMENT_3D('',#5166,#4139,#4140);
#3570=AXIS2_PLACEMENT_3D('',#5167,#4141,#4142);
#3571=AXIS2_PLACEMENT_3D('',#5169,#4143,#4144);
#3572=AXIS2_PLACEMENT_3D('',#5172,#4146,#4147);
#3573=AXIS2_PLACEMENT_3D('',#5173,#4148,#4149);
#3574=AXIS2_PLACEMENT_3D('',#5176,#4151,#4152);
#3575=AXIS2_PLACEMENT_3D('',#5177,#4153,#4154);
#3576=AXIS2_PLACEMENT_3D('',#5179,#4155,#4156);
#3577=AXIS2_PLACEMENT_3D('',#5182,#4158,#4159);
#3578=AXIS2_PLACEMENT_3D('',#5183,#4160,#4161);
#3579=AXIS2_PLACEMENT_3D('',#5186,#4163,#4164);
#3580=AXIS2_PLACEMENT_3D('',#5187,#4165,#4166);
#3581=AXIS2_PLACEMENT_3D('',#5189,#4167,#4168);
#3582=AXIS2_PLACEMENT_3D('',#5192,#4170,#4171);
#3583=AXIS2_PLACEMENT_3D('',#5193,#4172,#4173);
#3584=AXIS2_PLACEMENT_3D('',#5196,#4175,#4176);
#3585=AXIS2_PLACEMENT_3D('',#5197,#4177,#4178);
#3586=AXIS2_PLACEMENT_3D('',#5199,#4179,#4180);
#3587=AXIS2_PLACEMENT_3D('',#5202,#4182,#4183);
#3588=AXIS2_PLACEMENT_3D('',#5203,#4184,#4185);
#3589=AXIS2_PLACEMENT_3D('',#5206,#4187,#4188);
#3590=AXIS2_PLACEMENT_3D('',#5207,#4189,#4190);
#3591=AXIS2_PLACEMENT_3D('',#5209,#4191,#4192);
#3592=AXIS2_PLACEMENT_3D('',#5212,#4194,#4195);
#3593=AXIS2_PLACEMENT_3D('',#5213,#4196,#4197);
#3594=AXIS2_PLACEMENT_3D('',#5216,#4199,#4200);
#3595=AXIS2_PLACEMENT_3D('',#5217,#4201,#4202);
#3596=AXIS2_PLACEMENT_3D('',#5219,#4203,#4204);
#3597=AXIS2_PLACEMENT_3D('',#5222,#4206,#4207);
#3598=AXIS2_PLACEMENT_3D('',#5223,#4208,#4209);
#3599=AXIS2_PLACEMENT_3D('',#5226,#4211,#4212);
#3600=AXIS2_PLACEMENT_3D('',#5227,#4213,#4214);
#3601=AXIS2_PLACEMENT_3D('',#5229,#4215,#4216);
#3602=AXIS2_PLACEMENT_3D('',#5232,#4218,#4219);
#3603=AXIS2_PLACEMENT_3D('',#5233,#4220,#4221);
#3604=AXIS2_PLACEMENT_3D('',#5236,#4223,#4224);
#3605=AXIS2_PLACEMENT_3D('',#5237,#4225,#4226);
#3606=AXIS2_PLACEMENT_3D('',#5239,#4227,#4228);
#3607=AXIS2_PLACEMENT_3D('',#5242,#4230,#4231);
#3608=AXIS2_PLACEMENT_3D('',#5243,#4232,#4233);
#3609=AXIS2_PLACEMENT_3D('',#5246,#4235,#4236);
#3610=AXIS2_PLACEMENT_3D('',#5247,#4237,#4238);
#3611=AXIS2_PLACEMENT_3D('',#5249,#4239,#4240);
#3612=AXIS2_PLACEMENT_3D('',#5252,#4242,#4243);
#3613=AXIS2_PLACEMENT_3D('',#5253,#4244,#4245);
#3614=AXIS2_PLACEMENT_3D('',#5256,#4247,#4248);
#3615=AXIS2_PLACEMENT_3D('',#5257,#4249,#4250);
#3616=AXIS2_PLACEMENT_3D('',#5259,#4251,#4252);
#3617=AXIS2_PLACEMENT_3D('',#5262,#4254,#4255);
#3618=AXIS2_PLACEMENT_3D('',#5263,#4256,#4257);
#3619=AXIS2_PLACEMENT_3D('',#5266,#4259,#4260);
#3620=AXIS2_PLACEMENT_3D('',#5267,#4261,#4262);
#3621=AXIS2_PLACEMENT_3D('',#5269,#4263,#4264);
#3622=AXIS2_PLACEMENT_3D('',#5272,#4266,#4267);
#3623=AXIS2_PLACEMENT_3D('',#5273,#4268,#4269);
#3624=AXIS2_PLACEMENT_3D('',#5276,#4271,#4272);
#3625=AXIS2_PLACEMENT_3D('',#5277,#4273,#4274);
#3626=AXIS2_PLACEMENT_3D('',#5279,#4275,#4276);
#3627=AXIS2_PLACEMENT_3D('',#5282,#4278,#4279);
#3628=AXIS2_PLACEMENT_3D('',#5283,#4280,#4281);
#3629=AXIS2_PLACEMENT_3D('',#5286,#4283,#4284);
#3630=AXIS2_PLACEMENT_3D('',#5287,#4285,#4286);
#3631=AXIS2_PLACEMENT_3D('',#5289,#4287,#4288);
#3632=AXIS2_PLACEMENT_3D('',#5292,#4290,#4291);
#3633=AXIS2_PLACEMENT_3D('',#5293,#4292,#4293);
#3634=AXIS2_PLACEMENT_3D('',#5296,#4295,#4296);
#3635=AXIS2_PLACEMENT_3D('',#5297,#4297,#4298);
#3636=AXIS2_PLACEMENT_3D('',#5299,#4299,#4300);
#3637=AXIS2_PLACEMENT_3D('',#5302,#4302,#4303);
#3638=AXIS2_PLACEMENT_3D('',#5303,#4304,#4305);
#3639=AXIS2_PLACEMENT_3D('',#5306,#4307,#4308);
#3640=AXIS2_PLACEMENT_3D('',#5307,#4309,#4310);
#3641=AXIS2_PLACEMENT_3D('',#5309,#4311,#4312);
#3642=AXIS2_PLACEMENT_3D('',#5312,#4314,#4315);
#3643=AXIS2_PLACEMENT_3D('',#5313,#4316,#4317);
#3644=AXIS2_PLACEMENT_3D('',#5316,#4319,#4320);
#3645=AXIS2_PLACEMENT_3D('',#5317,#4321,#4322);
#3646=AXIS2_PLACEMENT_3D('',#5319,#4323,#4324);
#3647=AXIS2_PLACEMENT_3D('',#5322,#4326,#4327);
#3648=AXIS2_PLACEMENT_3D('',#5323,#4328,#4329);
#3649=AXIS2_PLACEMENT_3D('',#5326,#4331,#4332);
#3650=AXIS2_PLACEMENT_3D('',#5327,#4333,#4334);
#3651=AXIS2_PLACEMENT_3D('',#5329,#4335,#4336);
#3652=AXIS2_PLACEMENT_3D('',#5332,#4338,#4339);
#3653=AXIS2_PLACEMENT_3D('',#5333,#4340,#4341);
#3654=AXIS2_PLACEMENT_3D('',#5336,#4343,#4344);
#3655=AXIS2_PLACEMENT_3D('',#5337,#4345,#4346);
#3656=AXIS2_PLACEMENT_3D('',#5339,#4347,#4348);
#3657=AXIS2_PLACEMENT_3D('',#5342,#4350,#4351);
#3658=AXIS2_PLACEMENT_3D('',#5343,#4352,#4353);
#3659=AXIS2_PLACEMENT_3D('',#5346,#4355,#4356);
#3660=AXIS2_PLACEMENT_3D('',#5347,#4357,#4358);
#3661=AXIS2_PLACEMENT_3D('',#5349,#4359,#4360);
#3662=AXIS2_PLACEMENT_3D('',#5352,#4362,#4363);
#3663=AXIS2_PLACEMENT_3D('',#5353,#4364,#4365);
#3664=AXIS2_PLACEMENT_3D('',#5356,#4367,#4368);
#3665=AXIS2_PLACEMENT_3D('',#5357,#4369,#4370);
#3666=AXIS2_PLACEMENT_3D('',#5359,#4371,#4372);
#3667=AXIS2_PLACEMENT_3D('',#5362,#4374,#4375);
#3668=AXIS2_PLACEMENT_3D('',#5363,#4376,#4377);
#3669=AXIS2_PLACEMENT_3D('',#5366,#4379,#4380);
#3670=AXIS2_PLACEMENT_3D('',#5367,#4381,#4382);
#3671=AXIS2_PLACEMENT_3D('',#5369,#4383,#4384);
#3672=AXIS2_PLACEMENT_3D('',#5372,#4386,#4387);
#3673=AXIS2_PLACEMENT_3D('',#5373,#4388,#4389);
#3674=AXIS2_PLACEMENT_3D('',#5376,#4391,#4392);
#3675=AXIS2_PLACEMENT_3D('',#5377,#4393,#4394);
#3676=AXIS2_PLACEMENT_3D('',#5379,#4395,#4396);
#3677=AXIS2_PLACEMENT_3D('',#5382,#4398,#4399);
#3678=AXIS2_PLACEMENT_3D('',#5383,#4400,#4401);
#3679=AXIS2_PLACEMENT_3D('',#5386,#4403,#4404);
#3680=AXIS2_PLACEMENT_3D('',#5387,#4405,#4406);
#3681=AXIS2_PLACEMENT_3D('',#5389,#4407,#4408);
#3682=AXIS2_PLACEMENT_3D('',#5392,#4410,#4411);
#3683=AXIS2_PLACEMENT_3D('',#5393,#4412,#4413);
#3684=AXIS2_PLACEMENT_3D('',#5396,#4415,#4416);
#3685=AXIS2_PLACEMENT_3D('',#5397,#4417,#4418);
#3686=AXIS2_PLACEMENT_3D('',#5399,#4419,#4420);
#3687=AXIS2_PLACEMENT_3D('',#5402,#4422,#4423);
#3688=AXIS2_PLACEMENT_3D('',#5403,#4424,#4425);
#3689=AXIS2_PLACEMENT_3D('',#5406,#4427,#4428);
#3690=AXIS2_PLACEMENT_3D('',#5407,#4429,#4430);
#3691=AXIS2_PLACEMENT_3D('',#5409,#4431,#4432);
#3692=AXIS2_PLACEMENT_3D('',#5412,#4434,#4435);
#3693=AXIS2_PLACEMENT_3D('',#5413,#4436,#4437);
#3694=AXIS2_PLACEMENT_3D('',#5416,#4439,#4440);
#3695=AXIS2_PLACEMENT_3D('',#5417,#4441,#4442);
#3696=AXIS2_PLACEMENT_3D('',#5419,#4443,#4444);
#3697=AXIS2_PLACEMENT_3D('',#5422,#4446,#4447);
#3698=AXIS2_PLACEMENT_3D('',#5423,#4448,#4449);
#3699=AXIS2_PLACEMENT_3D('',#5426,#4451,#4452);
#3700=AXIS2_PLACEMENT_3D('',#5427,#4453,#4454);
#3701=AXIS2_PLACEMENT_3D('',#5429,#4455,#4456);
#3702=AXIS2_PLACEMENT_3D('',#5432,#4458,#4459);
#3703=AXIS2_PLACEMENT_3D('',#5433,#4460,#4461);
#3704=AXIS2_PLACEMENT_3D('',#5436,#4463,#4464);
#3705=AXIS2_PLACEMENT_3D('',#5437,#4465,#4466);
#3706=AXIS2_PLACEMENT_3D('',#5439,#4467,#4468);
#3707=AXIS2_PLACEMENT_3D('',#5442,#4470,#4471);
#3708=AXIS2_PLACEMENT_3D('',#5443,#4472,#4473);
#3709=AXIS2_PLACEMENT_3D('',#5446,#4475,#4476);
#3710=AXIS2_PLACEMENT_3D('',#5447,#4477,#4478);
#3711=AXIS2_PLACEMENT_3D('',#5449,#4479,#4480);
#3712=AXIS2_PLACEMENT_3D('',#5452,#4482,#4483);
#3713=AXIS2_PLACEMENT_3D('',#5453,#4484,#4485);
#3714=AXIS2_PLACEMENT_3D('',#5456,#4487,#4488);
#3715=AXIS2_PLACEMENT_3D('',#5457,#4489,#4490);
#3716=AXIS2_PLACEMENT_3D('',#5459,#4491,#4492);
#3717=AXIS2_PLACEMENT_3D('',#5462,#4494,#4495);
#3718=AXIS2_PLACEMENT_3D('',#5463,#4496,#4497);
#3719=AXIS2_PLACEMENT_3D('',#5466,#4499,#4500);
#3720=AXIS2_PLACEMENT_3D('',#5467,#4501,#4502);
#3721=AXIS2_PLACEMENT_3D('',#5469,#4503,#4504);
#3722=AXIS2_PLACEMENT_3D('',#5472,#4506,#4507);
#3723=AXIS2_PLACEMENT_3D('',#5473,#4508,#4509);
#3724=AXIS2_PLACEMENT_3D('',#5476,#4511,#4512);
#3725=AXIS2_PLACEMENT_3D('',#5477,#4513,#4514);
#3726=AXIS2_PLACEMENT_3D('',#5479,#4515,#4516);
#3727=AXIS2_PLACEMENT_3D('',#5482,#4518,#4519);
#3728=AXIS2_PLACEMENT_3D('',#5483,#4520,#4521);
#3729=AXIS2_PLACEMENT_3D('',#5486,#4523,#4524);
#3730=AXIS2_PLACEMENT_3D('',#5487,#4525,#4526);
#3731=AXIS2_PLACEMENT_3D('',#5489,#4527,#4528);
#3732=AXIS2_PLACEMENT_3D('',#5492,#4530,#4531);
#3733=AXIS2_PLACEMENT_3D('',#5493,#4532,#4533);
#3734=AXIS2_PLACEMENT_3D('',#5496,#4535,#4536);
#3735=AXIS2_PLACEMENT_3D('',#5497,#4537,#4538);
#3736=AXIS2_PLACEMENT_3D('',#5499,#4539,#4540);
#3737=AXIS2_PLACEMENT_3D('',#5502,#4542,#4543);
#3738=AXIS2_PLACEMENT_3D('',#5503,#4544,#4545);
#3739=AXIS2_PLACEMENT_3D('',#5506,#4547,#4548);
#3740=AXIS2_PLACEMENT_3D('',#5507,#4549,#4550);
#3741=AXIS2_PLACEMENT_3D('',#5509,#4551,#4552);
#3742=AXIS2_PLACEMENT_3D('',#5512,#4554,#4555);
#3743=AXIS2_PLACEMENT_3D('',#5513,#4556,#4557);
#3744=AXIS2_PLACEMENT_3D('',#5516,#4559,#4560);
#3745=AXIS2_PLACEMENT_3D('',#5517,#4561,#4562);
#3746=AXIS2_PLACEMENT_3D('',#5519,#4563,#4564);
#3747=AXIS2_PLACEMENT_3D('',#5522,#4566,#4567);
#3748=AXIS2_PLACEMENT_3D('',#5523,#4568,#4569);
#3749=AXIS2_PLACEMENT_3D('',#5526,#4571,#4572);
#3750=AXIS2_PLACEMENT_3D('',#5527,#4573,#4574);
#3751=AXIS2_PLACEMENT_3D('',#5529,#4575,#4576);
#3752=AXIS2_PLACEMENT_3D('',#5532,#4578,#4579);
#3753=AXIS2_PLACEMENT_3D('',#5533,#4580,#4581);
#3754=AXIS2_PLACEMENT_3D('',#5536,#4583,#4584);
#3755=AXIS2_PLACEMENT_3D('',#5537,#4585,#4586);
#3756=AXIS2_PLACEMENT_3D('',#5539,#4587,#4588);
#3757=AXIS2_PLACEMENT_3D('',#5542,#4590,#4591);
#3758=AXIS2_PLACEMENT_3D('',#5543,#4592,#4593);
#3759=AXIS2_PLACEMENT_3D('',#5546,#4595,#4596);
#3760=AXIS2_PLACEMENT_3D('',#5547,#4597,#4598);
#3761=AXIS2_PLACEMENT_3D('',#5549,#4599,#4600);
#3762=AXIS2_PLACEMENT_3D('',#5552,#4602,#4603);
#3763=AXIS2_PLACEMENT_3D('',#5553,#4604,#4605);
#3764=AXIS2_PLACEMENT_3D('',#5556,#4607,#4608);
#3765=AXIS2_PLACEMENT_3D('',#5557,#4609,#4610);
#3766=AXIS2_PLACEMENT_3D('',#5559,#4611,#4612);
#3767=AXIS2_PLACEMENT_3D('',#5562,#4614,#4615);
#3768=AXIS2_PLACEMENT_3D('',#5563,#4616,#4617);
#3769=AXIS2_PLACEMENT_3D('',#5566,#4619,#4620);
#3770=AXIS2_PLACEMENT_3D('',#5567,#4621,#4622);
#3771=AXIS2_PLACEMENT_3D('',#5569,#4623,#4624);
#3772=AXIS2_PLACEMENT_3D('',#5572,#4626,#4627);
#3773=AXIS2_PLACEMENT_3D('',#5573,#4628,#4629);
#3774=AXIS2_PLACEMENT_3D('',#5576,#4631,#4632);
#3775=AXIS2_PLACEMENT_3D('',#5577,#4633,#4634);
#3776=AXIS2_PLACEMENT_3D('',#5579,#4635,#4636);
#3777=AXIS2_PLACEMENT_3D('',#5582,#4638,#4639);
#3778=AXIS2_PLACEMENT_3D('',#5583,#4640,#4641);
#3779=AXIS2_PLACEMENT_3D('',#5586,#4643,#4644);
#3780=AXIS2_PLACEMENT_3D('',#5587,#4645,#4646);
#3781=AXIS2_PLACEMENT_3D('',#5589,#4647,#4648);
#3782=AXIS2_PLACEMENT_3D('',#5592,#4650,#4651);
#3783=AXIS2_PLACEMENT_3D('',#5593,#4652,#4653);
#3784=AXIS2_PLACEMENT_3D('',#5596,#4655,#4656);
#3785=AXIS2_PLACEMENT_3D('',#5597,#4657,#4658);
#3786=AXIS2_PLACEMENT_3D('',#5599,#4659,#4660);
#3787=AXIS2_PLACEMENT_3D('',#5602,#4662,#4663);
#3788=AXIS2_PLACEMENT_3D('',#5603,#4664,#4665);
#3789=AXIS2_PLACEMENT_3D('',#5606,#4667,#4668);
#3790=AXIS2_PLACEMENT_3D('',#5607,#4669,#4670);
#3791=AXIS2_PLACEMENT_3D('',#5609,#4671,#4672);
#3792=AXIS2_PLACEMENT_3D('',#5612,#4674,#4675);
#3793=AXIS2_PLACEMENT_3D('',#5613,#4676,#4677);
#3794=AXIS2_PLACEMENT_3D('',#5616,#4679,#4680);
#3795=AXIS2_PLACEMENT_3D('',#5617,#4681,#4682);
#3796=AXIS2_PLACEMENT_3D('',#5619,#4683,#4684);
#3797=AXIS2_PLACEMENT_3D('',#5622,#4686,#4687);
#3798=AXIS2_PLACEMENT_3D('',#5623,#4688,#4689);
#3799=AXIS2_PLACEMENT_3D('',#5626,#4691,#4692);
#3800=AXIS2_PLACEMENT_3D('',#5627,#4693,#4694);
#3801=AXIS2_PLACEMENT_3D('',#5629,#4695,#4696);
#3802=AXIS2_PLACEMENT_3D('',#5632,#4698,#4699);
#3803=AXIS2_PLACEMENT_3D('',#5633,#4700,#4701);
#3804=AXIS2_PLACEMENT_3D('',#5636,#4703,#4704);
#3805=AXIS2_PLACEMENT_3D('',#5637,#4705,#4706);
#3806=AXIS2_PLACEMENT_3D('',#5639,#4707,#4708);
#3807=AXIS2_PLACEMENT_3D('',#5642,#4710,#4711);
#3808=AXIS2_PLACEMENT_3D('',#5643,#4712,#4713);
#3809=AXIS2_PLACEMENT_3D('',#5646,#4715,#4716);
#3810=AXIS2_PLACEMENT_3D('',#5647,#4717,#4718);
#3811=AXIS2_PLACEMENT_3D('',#5649,#4719,#4720);
#3812=AXIS2_PLACEMENT_3D('',#5652,#4722,#4723);
#3813=AXIS2_PLACEMENT_3D('',#5653,#4724,#4725);
#3814=AXIS2_PLACEMENT_3D('',#5655,#4726,#4727);
#3815=AXIS2_PLACEMENT_3D('',#5658,#4729,#4730);
#3816=AXIS2_PLACEMENT_3D('',#5659,#4731,#4732);
#3817=AXIS2_PLACEMENT_3D('',#5661,#4733,#4734);
#3818=AXIS2_PLACEMENT_3D('',#5664,#4736,#4737);
#3819=AXIS2_PLACEMENT_3D('',#5665,#4738,#4739);
#3820=AXIS2_PLACEMENT_3D('',#5674,#4744,#4745);
#3821=AXIS2_PLACEMENT_3D('',#5683,#4750,#4751);
#3822=AXIS2_PLACEMENT_3D('',#5685,#4752,#4753);
#3823=AXIS2_PLACEMENT_3D('',#5688,#4755,#4756);
#3824=AXIS2_PLACEMENT_3D('',#5689,#4757,#4758);
#3825=AXIS2_PLACEMENT_3D('',#5691,#4759,#4760);
#3826=AXIS2_PLACEMENT_3D('',#5694,#4762,#4763);
#3827=AXIS2_PLACEMENT_3D('',#5695,#4764,#4765);
#3828=AXIS2_PLACEMENT_3D('',#5697,#4766,#4767);
#3829=AXIS2_PLACEMENT_3D('',#5699,#4768,#4769);
#3830=AXIS2_PLACEMENT_3D('',#5701,#4771,#4772);
#3831=AXIS2_PLACEMENT_3D('',#5707,#4776,#4777);
#3832=AXIS2_PLACEMENT_3D('',#5713,#4781,#4782);
#3833=AXIS2_PLACEMENT_3D('',#5719,#4786,#4787);
#3834=AXIS2_PLACEMENT_3D('',#5721,#4788,#4789);
#3835=AXIS2_PLACEMENT_3D('',#5724,#4791,#4792);
#3836=AXIS2_PLACEMENT_3D('',#5725,#4793,#4794);
#3837=AXIS2_PLACEMENT_3D('',#5727,#4795,#4796);
#3838=AXIS2_PLACEMENT_3D('',#5730,#4798,#4799);
#3839=AXIS2_PLACEMENT_3D('',#5731,#4800,#4801);
#3840=AXIS2_PLACEMENT_3D('',#5733,#4802,#4803);
#3841=AXIS2_PLACEMENT_3D('',#5735,#4804,#4805);
#3842=AXIS2_PLACEMENT_3D('',#5737,#4807,#4808);
#3843=AXIS2_PLACEMENT_3D('',#5740,#4809,#4810);
#3844=AXIS2_PLACEMENT_3D('',#5744,#4812,#4813);
#3845=AXIS2_PLACEMENT_3D('',#5746,#4815,#4816);
#3846=AXIS2_PLACEMENT_3D('',#5752,#4820,#4821);
#3847=AXIS2_PLACEMENT_3D('',#5753,#4822,#4823);
#3848=AXIS2_PLACEMENT_3D('',#5754,#4824,#4825);
#3849=AXIS2_PLACEMENT_3D('',#5755,#4826,#4827);
#3850=AXIS2_PLACEMENT_3D('',#5763,#4832,#4833);
#3851=AXIS2_PLACEMENT_3D('',#5767,#4836,#4837);
#3852=AXIS2_PLACEMENT_3D('',#5775,#4842,#4843);
#3853=AXIS2_PLACEMENT_3D('',#5783,#4848,#4849);
#3854=AXIS2_PLACEMENT_3D('',#5789,#4853,#4854);
#3855=AXIS2_PLACEMENT_3D('',#5791,#4856,#4857);
#3856=AXIS2_PLACEMENT_3D('',#5796,#4861,#4862);
#3857=AXIS2_PLACEMENT_3D('',#5800,#4865,#4866);
#3858=AXIS2_PLACEMENT_3D('',#5802,#4868,#4869);
#3859=AXIS2_PLACEMENT_3D('',#5803,#4870,#4871);
#3860=AXIS2_PLACEMENT_3D('',#5805,#4873,#4874);
#3861=AXIS2_PLACEMENT_3D('',#5814,#4879,#4880);
#3862=AXIS2_PLACEMENT_3D('',#5817,#4883,#4884);
#3863=AXIS2_PLACEMENT_3D('',#5822,#4888,#4889);
#3864=AXIS2_PLACEMENT_3D('',#5826,#4892,#4893);
#3865=AXIS2_PLACEMENT_3D('',#5828,#4895,#4896);
#3866=AXIS2_PLACEMENT_3D('',#5830,#4898,#4899);
#3867=AXIS2_PLACEMENT_3D('',#5831,#4900,#4901);
#3868=AXIS2_PLACEMENT_3D('',#5834,#4904,#4905);
#3869=AXIS2_PLACEMENT_3D('',#5840,#4909,#4910);
#3870=AXIS2_PLACEMENT_3D('',#5843,#4913,#4914);
#3871=AXIS2_PLACEMENT_3D('',#5845,#4916,#4917);
#3872=AXIS2_PLACEMENT_3D('',#5847,#4919,#4920);
#3873=DIRECTION('axis',(0.,0.,1.));
#3874=DIRECTION('refdir',(1.,0.,0.));
#3875=DIRECTION('center_axis',(0.,0.,1.));
#3876=DIRECTION('ref_axis',(-1.,0.,0.));
#3877=DIRECTION('center_axis',(0.,0.,1.));
#3878=DIRECTION('ref_axis',(-1.,0.,0.));
#3879=DIRECTION('',(0.,0.,1.));
#3880=DIRECTION('center_axis',(0.,0.,-1.));
#3881=DIRECTION('ref_axis',(-1.,0.,0.));
#3882=DIRECTION('center_axis',(0.,0.,1.));
#3883=DIRECTION('ref_axis',(-1.,0.,0.));
#3884=DIRECTION('center_axis',(0.,0.,1.));
#3885=DIRECTION('ref_axis',(-1.,0.,0.));
#3886=DIRECTION('',(0.,0.,1.));
#3887=DIRECTION('center_axis',(0.,0.,-1.));
#3888=DIRECTION('ref_axis',(-1.,0.,0.));
#3889=DIRECTION('center_axis',(0.,0.,1.));
#3890=DIRECTION('ref_axis',(-1.,0.,0.));
#3891=DIRECTION('center_axis',(0.,0.,1.));
#3892=DIRECTION('ref_axis',(-1.,0.,0.));
#3893=DIRECTION('',(0.,0.,1.));
#3894=DIRECTION('center_axis',(0.,0.,-1.));
#3895=DIRECTION('ref_axis',(-1.,0.,0.));
#3896=DIRECTION('center_axis',(-4.89363470572567E-15,-2.42594464507763E-13,
1.));
#3897=DIRECTION('ref_axis',(-0.707106781186714,-0.707106781186381,-1.78925744363496E-13));
#3898=DIRECTION('center_axis',(5.05444697063449E-15,-1.26239559023296E-27,
-1.));
#3899=DIRECTION('ref_axis',(-0.707106781186714,-0.707106781186381,-1.78925744363496E-13));
#3900=DIRECTION('',(-4.89363470572567E-15,-2.42594464507763E-13,1.));
#3901=DIRECTION('center_axis',(-9.73126012371849E-16,-1.02491617747117E-16,
1.));
#3902=DIRECTION('ref_axis',(-0.707106781186714,-0.707106781186381,-1.78925744363496E-13));
#3903=DIRECTION('',(4.89363470572567E-15,2.42594464507763E-13,-1.));
#3904=DIRECTION('center_axis',(-1.,2.42624056676801E-13,-4.89363470566681E-15));
#3905=DIRECTION('ref_axis',(-2.42624056676799E-13,-1.,-2.42594464507764E-13));
#3906=DIRECTION('',(-2.42624056676801E-13,-1.,1.4065629170465E-41));
#3907=DIRECTION('',(4.89363470572567E-15,2.42594464507763E-13,-1.));
#3908=DIRECTION('',(2.42624056676801E-13,1.,1.02491617747389E-16));
#3909=DIRECTION('center_axis',(-4.89363470572567E-15,-2.42594464507763E-13,
1.));
#3910=DIRECTION('ref_axis',(-0.707106781186378,0.707106781186718,1.64154637500022E-13));
#3911=DIRECTION('center_axis',(5.05444697063449E-15,-1.26239559023296E-27,
-1.));
#3912=DIRECTION('ref_axis',(-0.707106781186378,0.707106781186718,1.64154637500022E-13));
#3913=DIRECTION('',(-4.89363470572567E-15,-2.42594464507763E-13,1.));
#3914=DIRECTION('center_axis',(-9.73126012371849E-16,-1.02491617747117E-16,
1.));
#3915=DIRECTION('ref_axis',(-0.707106781186378,0.707106781186718,1.64154637500022E-13));
#3916=DIRECTION('center_axis',(2.42624056676799E-13,1.,2.42594464507764E-13));
#3917=DIRECTION('ref_axis',(-1.,2.42624056676801E-13,-5.05444697063449E-15));
#3918=DIRECTION('',(-1.,2.42624056676801E-13,-5.05444697063449E-15));
#3919=DIRECTION('',(4.89363470572567E-15,2.42594464507763E-13,-1.));
#3920=DIRECTION('',(1.,-2.426240566768E-13,9.73126012371824E-16));
#3921=DIRECTION('center_axis',(-4.89363470572567E-15,-2.42594464507763E-13,
1.));
#3922=DIRECTION('ref_axis',(0.707106781186721,0.707106781186374,1.78925744363495E-13));
#3923=DIRECTION('center_axis',(5.05444697063449E-15,-1.26239559023296E-27,
-1.));
#3924=DIRECTION('ref_axis',(0.707106781186721,0.707106781186374,1.78925744363495E-13));
#3925=DIRECTION('',(-4.89363470572567E-15,-2.42594464507763E-13,1.));
#3926=DIRECTION('center_axis',(-9.73126012371849E-16,-1.02491617747117E-16,
1.));
#3927=DIRECTION('ref_axis',(0.707106781186721,0.707106781186374,1.78925744363495E-13));
#3928=DIRECTION('center_axis',(1.,-2.42624056676801E-13,4.89363470566681E-15));
#3929=DIRECTION('ref_axis',(2.42624056676799E-13,1.,2.42594464507764E-13));
#3930=DIRECTION('',(2.42624056676801E-13,1.,-1.4065629170465E-41));
#3931=DIRECTION('',(4.89363470572567E-15,2.42594464507763E-13,-1.));
#3932=DIRECTION('',(-2.42624056676801E-13,-1.,-1.02491617747389E-16));
#3933=DIRECTION('center_axis',(-4.89363470572567E-15,-2.42594464507763E-13,
1.));
#3934=DIRECTION('ref_axis',(0.707106781186378,-0.707106781186718,-1.64154637500022E-13));
#3935=DIRECTION('center_axis',(5.05444697063449E-15,-1.26239559023296E-27,
-1.));
#3936=DIRECTION('ref_axis',(0.707106781186378,-0.707106781186718,-1.64154637500022E-13));
#3937=DIRECTION('',(-4.89363470572567E-15,-2.42594464507763E-13,1.));
#3938=DIRECTION('center_axis',(-9.73126012371849E-16,-1.02491617747117E-16,
1.));
#3939=DIRECTION('ref_axis',(0.707106781186378,-0.707106781186718,-1.64154637500022E-13));
#3940=DIRECTION('center_axis',(-2.42624056676799E-13,-1.,-2.42594464507764E-13));
#3941=DIRECTION('ref_axis',(1.,-2.42624056676801E-13,5.05444697063449E-15));
#3942=DIRECTION('',(-1.,2.426240566768E-13,-9.73126012371824E-16));
#3943=DIRECTION('',(1.,-2.42624056676801E-13,5.05444697063449E-15));
#3944=DIRECTION('center_axis',(0.,0.,1.));
#3945=DIRECTION('ref_axis',(-0.70710678118655,-0.707106781186545,0.));
#3946=DIRECTION('center_axis',(0.,0.,-1.));
#3947=DIRECTION('ref_axis',(-0.70710678118655,-0.707106781186545,0.));
#3948=DIRECTION('',(0.,0.,1.));
#3949=DIRECTION('center_axis',(0.,0.,1.));
#3950=DIRECTION('ref_axis',(-0.70710678118655,-0.707106781186545,0.));
#3951=DIRECTION('',(0.,0.,-1.));
#3952=DIRECTION('center_axis',(1.,0.,0.));
#3953=DIRECTION('ref_axis',(0.,1.,0.));
#3954=DIRECTION('',(0.,-1.,0.));
#3955=DIRECTION('',(0.,0.,1.));
#3956=DIRECTION('',(0.,1.,0.));
#3957=DIRECTION('center_axis',(0.,0.,1.));
#3958=DIRECTION('ref_axis',(0.707106781186543,-0.707106781186552,0.));
#3959=DIRECTION('center_axis',(0.,0.,-1.));
#3960=DIRECTION('ref_axis',(0.707106781186543,-0.707106781186552,0.));
#3961=DIRECTION('',(0.,0.,1.));
#3962=DIRECTION('center_axis',(0.,0.,1.));
#3963=DIRECTION('ref_axis',(0.707106781186543,-0.707106781186552,0.));
#3964=DIRECTION('',(0.,0.,-1.));
#3965=DIRECTION('center_axis',(4.89484995745847E-15,1.,0.));
#3966=DIRECTION('ref_axis',(-1.,4.89484995745847E-15,0.));
#3967=DIRECTION('',(-1.,4.89484995745847E-15,0.));
#3968=DIRECTION('',(1.,-4.89484995745847E-15,0.));
#3969=DIRECTION('center_axis',(-7.17078882859319E-15,2.77811318708366E-16,
1.));
#3970=DIRECTION('ref_axis',(0.707106781186403,-0.707106781186692,1.31174179679229E-14));
#3971=DIRECTION('center_axis',(7.67611037840063E-15,-7.08861630779741E-29,
-1.));
#3972=DIRECTION('ref_axis',(0.707106781186403,-0.707106781186692,1.31174179679229E-14));
#3973=DIRECTION('',(-7.17078882859319E-15,2.77811318708366E-16,1.));
#3974=DIRECTION('center_axis',(-7.64549420842195E-15,7.06051771301211E-29,
1.));
#3975=DIRECTION('ref_axis',(0.707106781186403,-0.707106781186692,1.31174179679229E-14));
#3976=DIRECTION('',(7.17078882859319E-15,-2.77811318708366E-16,-1.));
#3977=DIRECTION('center_axis',(-4.19415578939252E-13,-1.,2.77811318705357E-16));
#3978=DIRECTION('ref_axis',(1.,-4.19415578939252E-13,7.67611037840063E-15));
#3979=DIRECTION('',(1.,-4.19415578939252E-13,7.67611037840063E-15));
#3980=DIRECTION('',(7.17078882859319E-15,-2.77811318708366E-16,-1.));
#3981=DIRECTION('',(-1.,4.19415578939252E-13,-7.64549420842195E-15));
#3982=DIRECTION('center_axis',(-7.17078882859319E-15,2.77811318708366E-16,
1.));
#3983=DIRECTION('ref_axis',(-0.707106781187069,-0.707106781186026,-1.63793763764185E-16));
#3984=DIRECTION('center_axis',(7.67611037840063E-15,-7.08861630779741E-29,
-1.));
#3985=DIRECTION('ref_axis',(-0.707106781187069,-0.707106781186026,-1.63793763764185E-16));
#3986=DIRECTION('',(-7.17078882859319E-15,2.77811318708366E-16,1.));
#3987=DIRECTION('center_axis',(-7.64549420842195E-15,7.06051771301211E-29,
1.));
#3988=DIRECTION('ref_axis',(-0.707106781187069,-0.707106781186026,-1.63793763764185E-16));
#3989=DIRECTION('center_axis',(-1.,1.04269440409765E-12,-7.17078882859348E-15));
#3990=DIRECTION('ref_axis',(-1.04269440409765E-12,-1.,-7.93263882653498E-27));
#3991=DIRECTION('',(-1.04269440409765E-12,-1.,-7.93263882653498E-27));
#3992=DIRECTION('',(7.17078882859319E-15,-2.77811318708366E-16,-1.));
#3993=DIRECTION('',(1.04269440409765E-12,1.,7.90108439032614E-27));
#3994=DIRECTION('center_axis',(-7.17078882859319E-15,2.77811318708366E-16,
1.));
#3995=DIRECTION('ref_axis',(-0.707106781186183,0.707106781186912,-1.31174179679228E-14));
#3996=DIRECTION('center_axis',(7.67611037840063E-15,-7.08861630779741E-29,
-1.));
#3997=DIRECTION('ref_axis',(-0.707106781186183,0.707106781186912,-1.31174179679228E-14));
#3998=DIRECTION('',(-7.17078882859319E-15,2.77811318708366E-16,1.));
#3999=DIRECTION('center_axis',(-7.64549420842195E-15,7.06051771301211E-29,
1.));
#4000=DIRECTION('ref_axis',(-0.707106781186183,0.707106781186912,-1.31174179679228E-14));
#4001=DIRECTION('center_axis',(9.17769753854447E-15,1.,-2.778113187083E-16));
#4002=DIRECTION('ref_axis',(-1.,9.17769753854447E-15,-7.67611037840063E-15));
#4003=DIRECTION('',(-1.,9.17769753854447E-15,-7.67611037840063E-15));
#4004=DIRECTION('',(7.17078882859319E-15,-2.77811318708366E-16,-1.));
#4005=DIRECTION('',(1.,-9.17769753854447E-15,7.64549420842195E-15));
#4006=DIRECTION('center_axis',(-7.17078882859319E-15,2.77811318708366E-16,
1.));
#4007=DIRECTION('ref_axis',(0.707106781186551,0.707106781186544,1.63793763754572E-16));
#4008=DIRECTION('center_axis',(7.67611037840063E-15,-7.08861630779741E-29,
-1.));
#4009=DIRECTION('ref_axis',(0.707106781186551,0.707106781186544,1.63793763754572E-16));
#4010=DIRECTION('',(-7.17078882859319E-15,2.77811318708366E-16,1.));
#4011=DIRECTION('center_axis',(-7.64549420842195E-15,7.06051771301211E-29,
1.));
#4012=DIRECTION('ref_axis',(0.707106781186551,0.707106781186544,1.63793763754572E-16));
#4013=DIRECTION('center_axis',(1.,-9.17769753854447E-15,7.1707888285932E-15));
#4014=DIRECTION('ref_axis',(9.17769753854447E-15,1.,0.));
#4015=DIRECTION('',(-9.17769753854447E-15,-1.,0.));
#4016=DIRECTION('',(9.17769753854447E-15,1.,0.));
#4017=DIRECTION('center_axis',(-7.67611037840063E-15,7.08861630779741E-29,
1.));
#4018=DIRECTION('ref_axis',(-9.17769753854447E-15,-1.,0.));
#4019=DIRECTION('center_axis',(-7.67611037840063E-15,7.08861630779741E-29,
1.));
#4020=DIRECTION('ref_axis',(-9.17769753854447E-15,-1.,0.));
#4021=DIRECTION('',(-7.67611037840063E-15,7.08861630779741E-29,1.));
#4022=DIRECTION('center_axis',(7.64549420842195E-15,-7.06051771301211E-29,
-1.));
#4023=DIRECTION('ref_axis',(-9.17769753854447E-15,-1.,0.));
#4024=DIRECTION('center_axis',(-7.67611037840063E-15,7.08861630779741E-29,
1.));
#4025=DIRECTION('ref_axis',(-9.17769753854447E-15,-1.,0.));
#4026=DIRECTION('center_axis',(-7.67611037840063E-15,7.08861630779741E-29,
1.));
#4027=DIRECTION('ref_axis',(-9.17769753854447E-15,-1.,0.));
#4028=DIRECTION('',(-7.67611037840063E-15,7.08861630779741E-29,1.));
#4029=DIRECTION('center_axis',(7.64549420842195E-15,-7.06051771301211E-29,
-1.));
#4030=DIRECTION('ref_axis',(-9.17769753854447E-15,-1.,0.));
#4031=DIRECTION('center_axis',(-7.67611037840063E-15,7.08861630779741E-29,
1.));
#4032=DIRECTION('ref_axis',(-9.17769753854447E-15,-1.,0.));
#4033=DIRECTION('center_axis',(-7.67611037840063E-15,7.08861630779741E-29,
1.));
#4034=DIRECTION('ref_axis',(-9.17769753854447E-15,-1.,0.));
#4035=DIRECTION('',(-7.67611037840063E-15,7.08861630779741E-29,1.));
#4036=DIRECTION('center_axis',(7.64549420842195E-15,-7.06051771301211E-29,
-1.));
#4037=DIRECTION('ref_axis',(-9.17769753854447E-15,-1.,0.));
#4038=DIRECTION('center_axis',(-7.67611037840063E-15,7.08861630779741E-29,
1.));
#4039=DIRECTION('ref_axis',(-9.17769753854447E-15,-1.,0.));
#4040=DIRECTION('center_axis',(-7.67611037840063E-15,7.08861630779741E-29,
1.));
#4041=DIRECTION('ref_axis',(-9.17769753854447E-15,-1.,0.));
#4042=DIRECTION('',(-7.67611037840063E-15,7.08861630779741E-29,1.));
#4043=DIRECTION('center_axis',(7.64549420842195E-15,-7.06051771301211E-29,
-1.));
#4044=DIRECTION('ref_axis',(-9.17769753854447E-15,-1.,0.));
#4045=DIRECTION('center_axis',(0.,0.,-1.));
#4046=DIRECTION('ref_axis',(-1.,0.,0.));
#4047=DIRECTION('center_axis',(0.,0.,1.));
#4048=DIRECTION('ref_axis',(-1.,0.,0.));
#4049=DIRECTION('',(-0.707106781186547,-8.65956056235493E-17,0.707106781186548));
#4050=DIRECTION('center_axis',(0.,0.,1.));
#4051=DIRECTION('ref_axis',(-1.,0.,0.));
#4052=DIRECTION('center_axis',(0.,0.,1.));
#4053=DIRECTION('ref_axis',(-1.,0.,0.));
#4054=DIRECTION('',(0.,0.,1.));
#4055=DIRECTION('center_axis',(0.,0.,-1.));
#4056=DIRECTION('ref_axis',(-1.,0.,0.));
#4057=DIRECTION('center_axis',(0.,0.,-1.));
#4058=DIRECTION('ref_axis',(-1.,0.,0.));
#4059=DIRECTION('center_axis',(0.,0.,1.));
#4060=DIRECTION('ref_axis',(-1.,0.,0.));
#4061=DIRECTION('',(-0.707106781186547,-8.65956056235493E-17,0.707106781186548));
#4062=DIRECTION('center_axis',(0.,0.,1.));
#4063=DIRECTION('ref_axis',(-1.,0.,0.));
#4064=DIRECTION('center_axis',(0.,0.,1.));
#4065=DIRECTION('ref_axis',(-1.,0.,0.));
#4066=DIRECTION('',(0.,0.,1.));
#4067=DIRECTION('center_axis',(0.,0.,-1.));
#4068=DIRECTION('ref_axis',(-1.,0.,0.));
#4069=DIRECTION('center_axis',(0.,0.,-1.));
#4070=DIRECTION('ref_axis',(-1.,0.,0.));
#4071=DIRECTION('center_axis',(0.,0.,1.));
#4072=DIRECTION('ref_axis',(-1.,0.,0.));
#4073=DIRECTION('',(-0.707106781186547,-8.65956056235493E-17,0.707106781186548));
#4074=DIRECTION('center_axis',(0.,0.,1.));
#4075=DIRECTION('ref_axis',(-1.,0.,0.));
#4076=DIRECTION('center_axis',(0.,0.,1.));
#4077=DIRECTION('ref_axis',(-1.,0.,0.));
#4078=DIRECTION('',(0.,0.,1.));
#4079=DIRECTION('center_axis',(0.,0.,-1.));
#4080=DIRECTION('ref_axis',(-1.,0.,0.));
#4081=DIRECTION('center_axis',(0.,0.,-1.));
#4082=DIRECTION('ref_axis',(-1.,0.,0.));
#4083=DIRECTION('center_axis',(0.,0.,1.));
#4084=DIRECTION('ref_axis',(-1.,0.,0.));
#4085=DIRECTION('',(-0.707106781186547,-8.65956056235493E-17,0.707106781186548));
#4086=DIRECTION('center_axis',(0.,0.,1.));
#4087=DIRECTION('ref_axis',(-1.,0.,0.));
#4088=DIRECTION('center_axis',(0.,0.,1.));
#4089=DIRECTION('ref_axis',(-1.,0.,0.));
#4090=DIRECTION('',(0.,0.,1.));
#4091=DIRECTION('center_axis',(0.,0.,-1.));
#4092=DIRECTION('ref_axis',(-1.,0.,0.));
#4093=DIRECTION('center_axis',(0.,0.,-1.));
#4094=DIRECTION('ref_axis',(-1.,0.,0.));
#4095=DIRECTION('center_axis',(0.,0.,1.));
#4096=DIRECTION('ref_axis',(-1.,0.,0.));
#4097=DIRECTION('',(-0.707106781186547,-8.65956056235493E-17,0.707106781186548));
#4098=DIRECTION('center_axis',(0.,0.,1.));
#4099=DIRECTION('ref_axis',(-1.,0.,0.));
#4100=DIRECTION('center_axis',(0.,0.,1.));
#4101=DIRECTION('ref_axis',(-1.,0.,0.));
#4102=DIRECTION('',(0.,0.,1.));
#4103=DIRECTION('center_axis',(0.,0.,-1.));
#4104=DIRECTION('ref_axis',(-1.,0.,0.));
#4105=DIRECTION('center_axis',(0.,0.,-1.));
#4106=DIRECTION('ref_axis',(-1.,0.,0.));
#4107=DIRECTION('center_axis',(0.,0.,1.));
#4108=DIRECTION('ref_axis',(-1.,0.,0.));
#4109=DIRECTION('',(-0.707106781186547,-8.65956056235493E-17,0.707106781186548));
#4110=DIRECTION('center_axis',(0.,0.,1.));
#4111=DIRECTION('ref_axis',(-1.,0.,0.));
#4112=DIRECTION('center_axis',(0.,0.,1.));
#4113=DIRECTION('ref_axis',(-1.,0.,0.));
#4114=DIRECTION('',(0.,0.,1.));
#4115=DIRECTION('center_axis',(0.,0.,-1.));
#4116=DIRECTION('ref_axis',(-1.,0.,0.));
#4117=DIRECTION('center_axis',(0.,0.,-1.));
#4118=DIRECTION('ref_axis',(-1.,0.,0.));
#4119=DIRECTION('center_axis',(0.,0.,1.));
#4120=DIRECTION('ref_axis',(-1.,0.,0.));
#4121=DIRECTION('',(-0.707106781186547,-8.65956056235493E-17,0.707106781186548));
#4122=DIRECTION('center_axis',(0.,0.,1.));
#4123=DIRECTION('ref_axis',(-1.,0.,0.));
#4124=DIRECTION('center_axis',(0.,0.,1.));
#4125=DIRECTION('ref_axis',(-1.,0.,0.));
#4126=DIRECTION('',(0.,0.,1.));
#4127=DIRECTION('center_axis',(0.,0.,-1.));
#4128=DIRECTION('ref_axis',(-1.,0.,0.));
#4129=DIRECTION('center_axis',(0.,0.,-1.));
#4130=DIRECTION('ref_axis',(-1.,0.,0.));
#4131=DIRECTION('center_axis',(0.,0.,1.));
#4132=DIRECTION('ref_axis',(-1.,0.,0.));
#4133=DIRECTION('',(-0.707106781186547,-8.65956056235493E-17,0.707106781186548));
#4134=DIRECTION('center_axis',(0.,0.,1.));
#4135=DIRECTION('ref_axis',(-1.,0.,0.));
#4136=DIRECTION('center_axis',(0.,0.,1.));
#4137=DIRECTION('ref_axis',(-1.,0.,0.));
#4138=DIRECTION('',(0.,0.,1.));
#4139=DIRECTION('center_axis',(0.,0.,-1.));
#4140=DIRECTION('ref_axis',(-1.,0.,0.));
#4141=DIRECTION('center_axis',(0.,0.,-1.));
#4142=DIRECTION('ref_axis',(-1.,0.,0.));
#4143=DIRECTION('center_axis',(0.,0.,1.));
#4144=DIRECTION('ref_axis',(-1.,0.,0.));
#4145=DIRECTION('',(-0.707106781186547,-8.65956056235493E-17,0.707106781186548));
#4146=DIRECTION('center_axis',(0.,0.,1.));
#4147=DIRECTION('ref_axis',(-1.,0.,0.));
#4148=DIRECTION('center_axis',(0.,0.,1.));
#4149=DIRECTION('ref_axis',(-1.,0.,0.));
#4150=DIRECTION('',(0.,0.,1.));
#4151=DIRECTION('center_axis',(0.,0.,-1.));
#4152=DIRECTION('ref_axis',(-1.,0.,0.));
#4153=DIRECTION('center_axis',(0.,0.,-1.));
#4154=DIRECTION('ref_axis',(-1.,0.,0.));
#4155=DIRECTION('center_axis',(0.,0.,1.));
#4156=DIRECTION('ref_axis',(-1.,0.,0.));
#4157=DIRECTION('',(-0.707106781186547,-8.65956056235493E-17,0.707106781186548));
#4158=DIRECTION('center_axis',(0.,0.,1.));
#4159=DIRECTION('ref_axis',(-1.,0.,0.));
#4160=DIRECTION('center_axis',(0.,0.,1.));
#4161=DIRECTION('ref_axis',(-1.,0.,0.));
#4162=DIRECTION('',(0.,0.,1.));
#4163=DIRECTION('center_axis',(0.,0.,-1.));
#4164=DIRECTION('ref_axis',(-1.,0.,0.));
#4165=DIRECTION('center_axis',(0.,0.,-1.));
#4166=DIRECTION('ref_axis',(-1.,0.,0.));
#4167=DIRECTION('center_axis',(0.,0.,1.));
#4168=DIRECTION('ref_axis',(-1.,0.,0.));
#4169=DIRECTION('',(-0.707106781186547,-8.65956056235493E-17,0.707106781186548));
#4170=DIRECTION('center_axis',(0.,0.,1.));
#4171=DIRECTION('ref_axis',(-1.,0.,0.));
#4172=DIRECTION('center_axis',(0.,0.,1.));
#4173=DIRECTION('ref_axis',(-1.,0.,0.));
#4174=DIRECTION('',(0.,0.,1.));
#4175=DIRECTION('center_axis',(0.,0.,-1.));
#4176=DIRECTION('ref_axis',(-1.,0.,0.));
#4177=DIRECTION('center_axis',(0.,0.,-1.));
#4178=DIRECTION('ref_axis',(-1.,0.,0.));
#4179=DIRECTION('center_axis',(0.,0.,1.));
#4180=DIRECTION('ref_axis',(-1.,0.,0.));
#4181=DIRECTION('',(-0.707106781186547,-8.65956056235493E-17,0.707106781186548));
#4182=DIRECTION('center_axis',(0.,0.,1.));
#4183=DIRECTION('ref_axis',(-1.,0.,0.));
#4184=DIRECTION('center_axis',(0.,0.,1.));
#4185=DIRECTION('ref_axis',(-1.,0.,0.));
#4186=DIRECTION('',(0.,0.,1.));
#4187=DIRECTION('center_axis',(0.,0.,-1.));
#4188=DIRECTION('ref_axis',(-1.,0.,0.));
#4189=DIRECTION('center_axis',(0.,0.,-1.));
#4190=DIRECTION('ref_axis',(-1.,0.,0.));
#4191=DIRECTION('center_axis',(0.,0.,1.));
#4192=DIRECTION('ref_axis',(-1.,0.,0.));
#4193=DIRECTION('',(-0.707106781186547,-8.65956056235493E-17,0.707106781186548));
#4194=DIRECTION('center_axis',(0.,0.,1.));
#4195=DIRECTION('ref_axis',(-1.,0.,0.));
#4196=DIRECTION('center_axis',(0.,0.,1.));
#4197=DIRECTION('ref_axis',(-1.,0.,0.));
#4198=DIRECTION('',(0.,0.,1.));
#4199=DIRECTION('center_axis',(0.,0.,-1.));
#4200=DIRECTION('ref_axis',(-1.,0.,0.));
#4201=DIRECTION('center_axis',(0.,0.,-1.));
#4202=DIRECTION('ref_axis',(-1.,0.,0.));
#4203=DIRECTION('center_axis',(0.,0.,1.));
#4204=DIRECTION('ref_axis',(-1.,0.,0.));
#4205=DIRECTION('',(-0.707106781186547,-8.65956056235493E-17,0.707106781186548));
#4206=DIRECTION('center_axis',(0.,0.,1.));
#4207=DIRECTION('ref_axis',(-1.,0.,0.));
#4208=DIRECTION('center_axis',(0.,0.,1.));
#4209=DIRECTION('ref_axis',(-1.,0.,0.));
#4210=DIRECTION('',(0.,0.,1.));
#4211=DIRECTION('center_axis',(0.,0.,-1.));
#4212=DIRECTION('ref_axis',(-1.,0.,0.));
#4213=DIRECTION('center_axis',(0.,0.,-1.));
#4214=DIRECTION('ref_axis',(-1.,0.,0.));
#4215=DIRECTION('center_axis',(0.,0.,1.));
#4216=DIRECTION('ref_axis',(-1.,0.,0.));
#4217=DIRECTION('',(-0.707106781186547,-8.65956056235493E-17,0.707106781186548));
#4218=DIRECTION('center_axis',(0.,0.,1.));
#4219=DIRECTION('ref_axis',(-1.,0.,0.));
#4220=DIRECTION('center_axis',(0.,0.,1.));
#4221=DIRECTION('ref_axis',(-1.,0.,0.));
#4222=DIRECTION('',(0.,0.,1.));
#4223=DIRECTION('center_axis',(0.,0.,-1.));
#4224=DIRECTION('ref_axis',(-1.,0.,0.));
#4225=DIRECTION('center_axis',(0.,0.,-1.));
#4226=DIRECTION('ref_axis',(-1.,0.,0.));
#4227=DIRECTION('center_axis',(0.,0.,1.));
#4228=DIRECTION('ref_axis',(-1.,0.,0.));
#4229=DIRECTION('',(-0.707106781186547,-8.65956056235493E-17,0.707106781186548));
#4230=DIRECTION('center_axis',(0.,0.,1.));
#4231=DIRECTION('ref_axis',(-1.,0.,0.));
#4232=DIRECTION('center_axis',(0.,0.,1.));
#4233=DIRECTION('ref_axis',(-1.,0.,0.));
#4234=DIRECTION('',(0.,0.,1.));
#4235=DIRECTION('center_axis',(0.,0.,-1.));
#4236=DIRECTION('ref_axis',(-1.,0.,0.));
#4237=DIRECTION('center_axis',(0.,0.,-1.));
#4238=DIRECTION('ref_axis',(-1.,0.,0.));
#4239=DIRECTION('center_axis',(0.,0.,1.));
#4240=DIRECTION('ref_axis',(-1.,0.,0.));
#4241=DIRECTION('',(-0.707106781186547,-8.65956056235493E-17,0.707106781186548));
#4242=DIRECTION('center_axis',(0.,0.,1.));
#4243=DIRECTION('ref_axis',(-1.,0.,0.));
#4244=DIRECTION('center_axis',(0.,0.,1.));
#4245=DIRECTION('ref_axis',(-1.,0.,0.));
#4246=DIRECTION('',(0.,0.,1.));
#4247=DIRECTION('center_axis',(0.,0.,-1.));
#4248=DIRECTION('ref_axis',(-1.,0.,0.));
#4249=DIRECTION('center_axis',(0.,0.,-1.));
#4250=DIRECTION('ref_axis',(-1.,0.,0.));
#4251=DIRECTION('center_axis',(0.,0.,1.));
#4252=DIRECTION('ref_axis',(-1.,0.,0.));
#4253=DIRECTION('',(-0.707106781186547,-8.65956056235493E-17,0.707106781186548));
#4254=DIRECTION('center_axis',(0.,0.,1.));
#4255=DIRECTION('ref_axis',(-1.,0.,0.));
#4256=DIRECTION('center_axis',(0.,0.,1.));
#4257=DIRECTION('ref_axis',(-1.,0.,0.));
#4258=DIRECTION('',(0.,0.,1.));
#4259=DIRECTION('center_axis',(0.,0.,-1.));
#4260=DIRECTION('ref_axis',(-1.,0.,0.));
#4261=DIRECTION('center_axis',(0.,0.,-1.));
#4262=DIRECTION('ref_axis',(-1.,0.,0.));
#4263=DIRECTION('center_axis',(0.,0.,1.));
#4264=DIRECTION('ref_axis',(-1.,0.,0.));
#4265=DIRECTION('',(-0.656059028990507,-8.03440589904945E-17,0.754709580222772));
#4266=DIRECTION('center_axis',(0.,0.,1.));
#4267=DIRECTION('ref_axis',(-1.,0.,0.));
#4268=DIRECTION('center_axis',(0.,0.,1.));
#4269=DIRECTION('ref_axis',(-1.,0.,0.));
#4270=DIRECTION('',(0.,0.,1.));
#4271=DIRECTION('center_axis',(0.,0.,-1.));
#4272=DIRECTION('ref_axis',(-1.,0.,0.));
#4273=DIRECTION('center_axis',(0.,0.,-1.));
#4274=DIRECTION('ref_axis',(-1.,0.,0.));
#4275=DIRECTION('center_axis',(0.,0.,1.));
#4276=DIRECTION('ref_axis',(-1.,0.,0.));
#4277=DIRECTION('',(-0.656059028990507,-8.03440589904945E-17,0.754709580222772));
#4278=DIRECTION('center_axis',(0.,0.,1.));
#4279=DIRECTION('ref_axis',(-1.,0.,0.));
#4280=DIRECTION('center_axis',(0.,0.,1.));
#4281=DIRECTION('ref_axis',(-1.,0.,0.));
#4282=DIRECTION('',(0.,0.,1.));
#4283=DIRECTION('center_axis',(0.,0.,-1.));
#4284=DIRECTION('ref_axis',(-1.,0.,0.));
#4285=DIRECTION('center_axis',(0.,0.,-1.));
#4286=DIRECTION('ref_axis',(-1.,0.,0.));
#4287=DIRECTION('center_axis',(0.,0.,1.));
#4288=DIRECTION('ref_axis',(-1.,0.,0.));
#4289=DIRECTION('',(-0.656059028990507,-8.03440589904945E-17,0.754709580222772));
#4290=DIRECTION('center_axis',(0.,0.,1.));
#4291=DIRECTION('ref_axis',(-1.,0.,0.));
#4292=DIRECTION('center_axis',(0.,0.,1.));
#4293=DIRECTION('ref_axis',(-1.,0.,0.));
#4294=DIRECTION('',(0.,0.,1.));
#4295=DIRECTION('center_axis',(0.,0.,-1.));
#4296=DIRECTION('ref_axis',(-1.,0.,0.));
#4297=DIRECTION('center_axis',(0.,0.,-1.));
#4298=DIRECTION('ref_axis',(-1.,0.,0.));
#4299=DIRECTION('center_axis',(0.,0.,1.));
#4300=DIRECTION('ref_axis',(-1.,0.,0.));
#4301=DIRECTION('',(-0.656059028990507,-8.03440589904945E-17,0.754709580222772));
#4302=DIRECTION('center_axis',(0.,0.,1.));
#4303=DIRECTION('ref_axis',(-1.,0.,0.));
#4304=DIRECTION('center_axis',(0.,0.,1.));
#4305=DIRECTION('ref_axis',(-1.,0.,0.));
#4306=DIRECTION('',(0.,0.,1.));
#4307=DIRECTION('center_axis',(0.,0.,-1.));
#4308=DIRECTION('ref_axis',(-1.,0.,0.));
#4309=DIRECTION('center_axis',(0.,0.,-1.));
#4310=DIRECTION('ref_axis',(-1.,0.,0.));
#4311=DIRECTION('center_axis',(0.,0.,1.));
#4312=DIRECTION('ref_axis',(-1.,0.,0.));
#4313=DIRECTION('',(-0.656059028990507,-8.03440589904945E-17,0.754709580222772));
#4314=DIRECTION('center_axis',(0.,0.,1.));
#4315=DIRECTION('ref_axis',(-1.,0.,0.));
#4316=DIRECTION('center_axis',(0.,0.,1.));
#4317=DIRECTION('ref_axis',(-1.,0.,0.));
#4318=DIRECTION('',(0.,0.,1.));
#4319=DIRECTION('center_axis',(0.,0.,-1.));
#4320=DIRECTION('ref_axis',(-1.,0.,0.));
#4321=DIRECTION('center_axis',(0.,0.,-1.));
#4322=DIRECTION('ref_axis',(-1.,0.,0.));
#4323=DIRECTION('center_axis',(0.,0.,1.));
#4324=DIRECTION('ref_axis',(-1.,0.,0.));
#4325=DIRECTION('',(-0.656059028990507,-8.03440589904945E-17,0.754709580222772));
#4326=DIRECTION('center_axis',(0.,0.,1.));
#4327=DIRECTION('ref_axis',(-1.,0.,0.));
#4328=DIRECTION('center_axis',(0.,0.,1.));
#4329=DIRECTION('ref_axis',(-1.,0.,0.));
#4330=DIRECTION('',(0.,0.,1.));
#4331=DIRECTION('center_axis',(0.,0.,-1.));
#4332=DIRECTION('ref_axis',(-1.,0.,0.));
#4333=DIRECTION('center_axis',(0.,0.,-1.));
#4334=DIRECTION('ref_axis',(-1.,0.,0.));
#4335=DIRECTION('center_axis',(0.,0.,1.));
#4336=DIRECTION('ref_axis',(-1.,0.,0.));
#4337=DIRECTION('',(-0.656059028990507,-8.03440589904945E-17,0.754709580222772));
#4338=DIRECTION('center_axis',(0.,0.,1.));
#4339=DIRECTION('ref_axis',(-1.,0.,0.));
#4340=DIRECTION('center_axis',(0.,0.,1.));
#4341=DIRECTION('ref_axis',(-1.,0.,0.));
#4342=DIRECTION('',(0.,0.,1.));
#4343=DIRECTION('center_axis',(0.,0.,-1.));
#4344=DIRECTION('ref_axis',(-1.,0.,0.));
#4345=DIRECTION('center_axis',(0.,0.,-1.));
#4346=DIRECTION('ref_axis',(-1.,0.,0.));
#4347=DIRECTION('center_axis',(0.,0.,1.));
#4348=DIRECTION('ref_axis',(-1.,0.,0.));
#4349=DIRECTION('',(-0.656059028990507,-8.03440589904945E-17,0.754709580222772));
#4350=DIRECTION('center_axis',(0.,0.,1.));
#4351=DIRECTION('ref_axis',(-1.,0.,0.));
#4352=DIRECTION('center_axis',(0.,0.,1.));
#4353=DIRECTION('ref_axis',(-1.,0.,0.));
#4354=DIRECTION('',(0.,0.,1.));
#4355=DIRECTION('center_axis',(0.,0.,-1.));
#4356=DIRECTION('ref_axis',(-1.,0.,0.));
#4357=DIRECTION('center_axis',(0.,0.,-1.));
#4358=DIRECTION('ref_axis',(-1.,0.,0.));
#4359=DIRECTION('center_axis',(0.,0.,1.));
#4360=DIRECTION('ref_axis',(-1.,0.,0.));
#4361=DIRECTION('',(-0.656059028990507,-8.03440589904945E-17,0.754709580222772));
#4362=DIRECTION('center_axis',(0.,0.,1.));
#4363=DIRECTION('ref_axis',(-1.,0.,0.));
#4364=DIRECTION('center_axis',(0.,0.,1.));
#4365=DIRECTION('ref_axis',(-1.,0.,0.));
#4366=DIRECTION('',(0.,0.,1.));
#4367=DIRECTION('center_axis',(0.,0.,-1.));
#4368=DIRECTION('ref_axis',(-1.,0.,0.));
#4369=DIRECTION('center_axis',(0.,0.,-1.));
#4370=DIRECTION('ref_axis',(-1.,0.,0.));
#4371=DIRECTION('center_axis',(0.,0.,1.));
#4372=DIRECTION('ref_axis',(-1.,0.,0.));
#4373=DIRECTION('',(-0.656059028990507,-8.03440589904945E-17,0.754709580222772));
#4374=DIRECTION('center_axis',(0.,0.,1.));
#4375=DIRECTION('ref_axis',(-1.,0.,0.));
#4376=DIRECTION('center_axis',(0.,0.,1.));
#4377=DIRECTION('ref_axis',(-1.,0.,0.));
#4378=DIRECTION('',(0.,0.,1.));
#4379=DIRECTION('center_axis',(0.,0.,-1.));
#4380=DIRECTION('ref_axis',(-1.,0.,0.));
#4381=DIRECTION('center_axis',(0.,0.,-1.));
#4382=DIRECTION('ref_axis',(-1.,0.,0.));
#4383=DIRECTION('center_axis',(0.,0.,1.));
#4384=DIRECTION('ref_axis',(-1.,0.,0.));
#4385=DIRECTION('',(-0.656059028990507,-8.03440589904945E-17,0.754709580222772));
#4386=DIRECTION('center_axis',(0.,0.,1.));
#4387=DIRECTION('ref_axis',(-1.,0.,0.));
#4388=DIRECTION('center_axis',(0.,0.,1.));
#4389=DIRECTION('ref_axis',(-1.,0.,0.));
#4390=DIRECTION('',(0.,0.,1.));
#4391=DIRECTION('center_axis',(0.,0.,-1.));
#4392=DIRECTION('ref_axis',(-1.,0.,0.));
#4393=DIRECTION('center_axis',(0.,0.,-1.));
#4394=DIRECTION('ref_axis',(-1.,0.,0.));
#4395=DIRECTION('center_axis',(0.,0.,1.));
#4396=DIRECTION('ref_axis',(-1.,0.,0.));
#4397=DIRECTION('',(-0.656059028990507,-8.03440589904945E-17,0.754709580222772));
#4398=DIRECTION('center_axis',(0.,0.,1.));
#4399=DIRECTION('ref_axis',(-1.,0.,0.));
#4400=DIRECTION('center_axis',(0.,0.,1.));
#4401=DIRECTION('ref_axis',(-1.,0.,0.));
#4402=DIRECTION('',(0.,0.,1.));
#4403=DIRECTION('center_axis',(0.,0.,-1.));
#4404=DIRECTION('ref_axis',(-1.,0.,0.));
#4405=DIRECTION('center_axis',(0.,0.,-1.));
#4406=DIRECTION('ref_axis',(-1.,0.,0.));
#4407=DIRECTION('center_axis',(0.,0.,1.));
#4408=DIRECTION('ref_axis',(-1.,0.,0.));
#4409=DIRECTION('',(-0.656059028990507,-8.03440589904945E-17,0.754709580222772));
#4410=DIRECTION('center_axis',(0.,0.,1.));
#4411=DIRECTION('ref_axis',(-1.,0.,0.));
#4412=DIRECTION('center_axis',(0.,0.,1.));
#4413=DIRECTION('ref_axis',(-1.,0.,0.));
#4414=DIRECTION('',(0.,0.,1.));
#4415=DIRECTION('center_axis',(0.,0.,-1.));
#4416=DIRECTION('ref_axis',(-1.,0.,0.));
#4417=DIRECTION('center_axis',(0.,0.,-1.));
#4418=DIRECTION('ref_axis',(-1.,0.,0.));
#4419=DIRECTION('center_axis',(0.,0.,1.));
#4420=DIRECTION('ref_axis',(-1.,0.,0.));
#4421=DIRECTION('',(-0.656059028990507,-8.03440589904945E-17,0.754709580222772));
#4422=DIRECTION('center_axis',(0.,0.,1.));
#4423=DIRECTION('ref_axis',(-1.,0.,0.));
#4424=DIRECTION('center_axis',(0.,0.,1.));
#4425=DIRECTION('ref_axis',(-1.,0.,0.));
#4426=DIRECTION('',(0.,0.,1.));
#4427=DIRECTION('center_axis',(0.,0.,-1.));
#4428=DIRECTION('ref_axis',(-1.,0.,0.));
#4429=DIRECTION('center_axis',(0.,0.,-1.));
#4430=DIRECTION('ref_axis',(-1.,0.,0.));
#4431=DIRECTION('center_axis',(0.,0.,1.));
#4432=DIRECTION('ref_axis',(-1.,0.,0.));
#4433=DIRECTION('',(-0.656059028990507,-8.03440589904945E-17,0.754709580222772));
#4434=DIRECTION('center_axis',(0.,0.,1.));
#4435=DIRECTION('ref_axis',(-1.,0.,0.));
#4436=DIRECTION('center_axis',(0.,0.,1.));
#4437=DIRECTION('ref_axis',(-1.,0.,0.));
#4438=DIRECTION('',(0.,0.,1.));
#4439=DIRECTION('center_axis',(0.,0.,-1.));
#4440=DIRECTION('ref_axis',(-1.,0.,0.));
#4441=DIRECTION('center_axis',(0.,0.,-1.));
#4442=DIRECTION('ref_axis',(-1.,0.,0.));
#4443=DIRECTION('center_axis',(0.,0.,1.));
#4444=DIRECTION('ref_axis',(-1.,0.,0.));
#4445=DIRECTION('',(-0.656059028990507,-8.03440589904945E-17,0.754709580222772));
#4446=DIRECTION('center_axis',(0.,0.,1.));
#4447=DIRECTION('ref_axis',(-1.,0.,0.));
#4448=DIRECTION('center_axis',(0.,0.,1.));
#4449=DIRECTION('ref_axis',(-1.,0.,0.));
#4450=DIRECTION('',(0.,0.,1.));
#4451=DIRECTION('center_axis',(0.,0.,-1.));
#4452=DIRECTION('ref_axis',(-1.,0.,0.));
#4453=DIRECTION('center_axis',(0.,0.,-1.));
#4454=DIRECTION('ref_axis',(-1.,0.,0.));
#4455=DIRECTION('center_axis',(0.,0.,1.));
#4456=DIRECTION('ref_axis',(-1.,0.,0.));
#4457=DIRECTION('',(-0.656059028990507,-8.03440589904945E-17,0.754709580222772));
#4458=DIRECTION('center_axis',(0.,0.,1.));
#4459=DIRECTION('ref_axis',(-1.,0.,0.));
#4460=DIRECTION('center_axis',(0.,0.,1.));
#4461=DIRECTION('ref_axis',(-1.,0.,0.));
#4462=DIRECTION('',(0.,0.,1.));
#4463=DIRECTION('center_axis',(0.,0.,-1.));
#4464=DIRECTION('ref_axis',(-1.,0.,0.));
#4465=DIRECTION('center_axis',(0.,0.,-1.));
#4466=DIRECTION('ref_axis',(-1.,0.,0.));
#4467=DIRECTION('center_axis',(0.,0.,1.));
#4468=DIRECTION('ref_axis',(-1.,0.,0.));
#4469=DIRECTION('',(-0.656059028990507,-8.03440589904945E-17,0.754709580222772));
#4470=DIRECTION('center_axis',(0.,0.,1.));
#4471=DIRECTION('ref_axis',(-1.,0.,0.));
#4472=DIRECTION('center_axis',(0.,0.,1.));
#4473=DIRECTION('ref_axis',(-1.,0.,0.));
#4474=DIRECTION('',(0.,0.,1.));
#4475=DIRECTION('center_axis',(0.,0.,-1.));
#4476=DIRECTION('ref_axis',(-1.,0.,0.));
#4477=DIRECTION('center_axis',(0.,0.,-1.));
#4478=DIRECTION('ref_axis',(-1.,0.,0.));
#4479=DIRECTION('center_axis',(0.,0.,1.));
#4480=DIRECTION('ref_axis',(-1.,0.,0.));
#4481=DIRECTION('',(-0.656059028990507,-8.03440589904945E-17,0.754709580222772));
#4482=DIRECTION('center_axis',(0.,0.,1.));
#4483=DIRECTION('ref_axis',(-1.,0.,0.));
#4484=DIRECTION('center_axis',(0.,0.,1.));
#4485=DIRECTION('ref_axis',(-1.,0.,0.));
#4486=DIRECTION('',(0.,0.,1.));
#4487=DIRECTION('center_axis',(0.,0.,-1.));
#4488=DIRECTION('ref_axis',(-1.,0.,0.));
#4489=DIRECTION('center_axis',(0.,0.,-1.));
#4490=DIRECTION('ref_axis',(-1.,0.,0.));
#4491=DIRECTION('center_axis',(0.,0.,1.));
#4492=DIRECTION('ref_axis',(-1.,0.,0.));
#4493=DIRECTION('',(-0.656059028990507,-8.03440589904945E-17,0.754709580222772));
#4494=DIRECTION('center_axis',(0.,0.,1.));
#4495=DIRECTION('ref_axis',(-1.,0.,0.));
#4496=DIRECTION('center_axis',(0.,0.,1.));
#4497=DIRECTION('ref_axis',(-1.,0.,0.));
#4498=DIRECTION('',(0.,0.,1.));
#4499=DIRECTION('center_axis',(0.,0.,-1.));
#4500=DIRECTION('ref_axis',(-1.,0.,0.));
#4501=DIRECTION('center_axis',(0.,0.,-1.));
#4502=DIRECTION('ref_axis',(-1.,0.,0.));
#4503=DIRECTION('center_axis',(0.,0.,1.));
#4504=DIRECTION('ref_axis',(-1.,0.,0.));
#4505=DIRECTION('',(-0.656059028990507,-8.03440589904945E-17,0.754709580222772));
#4506=DIRECTION('center_axis',(0.,0.,1.));
#4507=DIRECTION('ref_axis',(-1.,0.,0.));
#4508=DIRECTION('center_axis',(0.,0.,1.));
#4509=DIRECTION('ref_axis',(-1.,0.,0.));
#4510=DIRECTION('',(0.,0.,1.));
#4511=DIRECTION('center_axis',(0.,0.,-1.));
#4512=DIRECTION('ref_axis',(-1.,0.,0.));
#4513=DIRECTION('center_axis',(0.,0.,-1.));
#4514=DIRECTION('ref_axis',(-1.,0.,0.));
#4515=DIRECTION('center_axis',(0.,0.,1.));
#4516=DIRECTION('ref_axis',(-1.,0.,0.));
#4517=DIRECTION('',(-0.656059028990507,-8.03440589904945E-17,0.754709580222772));
#4518=DIRECTION('center_axis',(0.,0.,1.));
#4519=DIRECTION('ref_axis',(-1.,0.,0.));
#4520=DIRECTION('center_axis',(0.,0.,1.));
#4521=DIRECTION('ref_axis',(-1.,0.,0.));
#4522=DIRECTION('',(0.,0.,1.));
#4523=DIRECTION('center_axis',(0.,0.,-1.));
#4524=DIRECTION('ref_axis',(-1.,0.,0.));
#4525=DIRECTION('center_axis',(0.,0.,-1.));
#4526=DIRECTION('ref_axis',(-1.,0.,0.));
#4527=DIRECTION('center_axis',(0.,0.,1.));
#4528=DIRECTION('ref_axis',(-1.,0.,0.));
#4529=DIRECTION('',(-0.656059028990507,-8.03440589904945E-17,0.754709580222772));
#4530=DIRECTION('center_axis',(0.,0.,1.));
#4531=DIRECTION('ref_axis',(-1.,0.,0.));
#4532=DIRECTION('center_axis',(0.,0.,1.));
#4533=DIRECTION('ref_axis',(-1.,0.,0.));
#4534=DIRECTION('',(0.,0.,1.));
#4535=DIRECTION('center_axis',(0.,0.,-1.));
#4536=DIRECTION('ref_axis',(-1.,0.,0.));
#4537=DIRECTION('center_axis',(0.,0.,-1.));
#4538=DIRECTION('ref_axis',(-1.,0.,0.));
#4539=DIRECTION('center_axis',(0.,0.,1.));
#4540=DIRECTION('ref_axis',(-1.,0.,0.));
#4541=DIRECTION('',(-0.656059028990507,-8.03440589904945E-17,0.754709580222772));
#4542=DIRECTION('center_axis',(0.,0.,1.));
#4543=DIRECTION('ref_axis',(-1.,0.,0.));
#4544=DIRECTION('center_axis',(0.,0.,1.));
#4545=DIRECTION('ref_axis',(-1.,0.,0.));
#4546=DIRECTION('',(0.,0.,1.));
#4547=DIRECTION('center_axis',(0.,0.,-1.));
#4548=DIRECTION('ref_axis',(-1.,0.,0.));
#4549=DIRECTION('center_axis',(0.,0.,-1.));
#4550=DIRECTION('ref_axis',(-1.,0.,0.));
#4551=DIRECTION('center_axis',(0.,0.,1.));
#4552=DIRECTION('ref_axis',(-1.,0.,0.));
#4553=DIRECTION('',(-0.656059028990507,-8.03440589904945E-17,0.754709580222772));
#4554=DIRECTION('center_axis',(0.,0.,1.));
#4555=DIRECTION('ref_axis',(-1.,0.,0.));
#4556=DIRECTION('center_axis',(0.,0.,1.));
#4557=DIRECTION('ref_axis',(-1.,0.,0.));
#4558=DIRECTION('',(0.,0.,1.));
#4559=DIRECTION('center_axis',(0.,0.,-1.));
#4560=DIRECTION('ref_axis',(-1.,0.,0.));
#4561=DIRECTION('center_axis',(0.,0.,-1.));
#4562=DIRECTION('ref_axis',(-1.,0.,0.));
#4563=DIRECTION('center_axis',(0.,0.,1.));
#4564=DIRECTION('ref_axis',(-1.,0.,0.));
#4565=DIRECTION('',(-0.656059028990507,-8.03440589904945E-17,0.754709580222772));
#4566=DIRECTION('center_axis',(0.,0.,1.));
#4567=DIRECTION('ref_axis',(-1.,0.,0.));
#4568=DIRECTION('center_axis',(0.,0.,1.));
#4569=DIRECTION('ref_axis',(-1.,0.,0.));
#4570=DIRECTION('',(0.,0.,1.));
#4571=DIRECTION('center_axis',(0.,0.,-1.));
#4572=DIRECTION('ref_axis',(-1.,0.,0.));
#4573=DIRECTION('center_axis',(0.,0.,-1.));
#4574=DIRECTION('ref_axis',(-1.,0.,0.));
#4575=DIRECTION('center_axis',(0.,0.,1.));
#4576=DIRECTION('ref_axis',(-1.,0.,0.));
#4577=DIRECTION('',(-0.656059028990507,-8.03440589904945E-17,0.754709580222772));
#4578=DIRECTION('center_axis',(0.,0.,1.));
#4579=DIRECTION('ref_axis',(-1.,0.,0.));
#4580=DIRECTION('center_axis',(0.,0.,1.));
#4581=DIRECTION('ref_axis',(-1.,0.,0.));
#4582=DIRECTION('',(0.,0.,1.));
#4583=DIRECTION('center_axis',(0.,0.,-1.));
#4584=DIRECTION('ref_axis',(-1.,0.,0.));
#4585=DIRECTION('center_axis',(0.,0.,-1.));
#4586=DIRECTION('ref_axis',(-1.,0.,0.));
#4587=DIRECTION('center_axis',(0.,0.,1.));
#4588=DIRECTION('ref_axis',(-1.,0.,0.));
#4589=DIRECTION('',(-0.656059028990507,-8.03440589904945E-17,0.754709580222772));
#4590=DIRECTION('center_axis',(0.,0.,1.));
#4591=DIRECTION('ref_axis',(-1.,0.,0.));
#4592=DIRECTION('center_axis',(0.,0.,1.));
#4593=DIRECTION('ref_axis',(-1.,0.,0.));
#4594=DIRECTION('',(0.,0.,1.));
#4595=DIRECTION('center_axis',(0.,0.,-1.));
#4596=DIRECTION('ref_axis',(-1.,0.,0.));
#4597=DIRECTION('center_axis',(1.1351288737116E-14,9.15959551570948E-15,
-1.));
#4598=DIRECTION('ref_axis',(9.17769753854441E-15,1.,9.15959551570958E-15));
#4599=DIRECTION('center_axis',(-7.67611037840063E-15,7.08861630779741E-29,
1.));
#4600=DIRECTION('ref_axis',(9.17769753854441E-15,1.,9.15959551570958E-15));
#4601=DIRECTION('',(-2.46547096327975E-15,0.6560590289905,0.754709580222778));
#4602=DIRECTION('center_axis',(1.1351288737116E-14,9.15959551570948E-15,
-1.));
#4603=DIRECTION('ref_axis',(9.17769753854441E-15,1.,9.15959551570958E-15));
#4604=DIRECTION('center_axis',(1.1351288737116E-14,9.15959551570948E-15,
-1.));
#4605=DIRECTION('ref_axis',(9.17769753854441E-15,1.,9.15959551570958E-15));
#4606=DIRECTION('',(-1.1351288737116E-14,-9.15959551570948E-15,1.));
#4607=DIRECTION('center_axis',(7.64549420842195E-15,-7.06051771301211E-29,
-1.));
#4608=DIRECTION('ref_axis',(9.17769753854441E-15,1.,9.15959551570958E-15));
#4609=DIRECTION('center_axis',(1.1351288737116E-14,9.15959551570948E-15,
-1.));
#4610=DIRECTION('ref_axis',(9.17769753854441E-15,1.,9.15959551570958E-15));
#4611=DIRECTION('center_axis',(-7.67611037840063E-15,7.08861630779741E-29,
1.));
#4612=DIRECTION('ref_axis',(9.17769753854441E-15,1.,9.15959551570959E-15));
#4613=DIRECTION('',(-2.46547096327975E-15,0.6560590289905,0.754709580222778));
#4614=DIRECTION('center_axis',(1.1351288737116E-14,9.15959551570948E-15,
-1.));
#4615=DIRECTION('ref_axis',(9.17769753854441E-15,1.,9.15959551570958E-15));
#4616=DIRECTION('center_axis',(1.1351288737116E-14,9.15959551570948E-15,
-1.));
#4617=DIRECTION('ref_axis',(9.17769753854441E-15,1.,9.15959551570958E-15));
#4618=DIRECTION('',(-1.1351288737116E-14,-9.15959551570948E-15,1.));
#4619=DIRECTION('center_axis',(7.64549420842195E-15,-7.06051771301211E-29,
-1.));
#4620=DIRECTION('ref_axis',(9.17769753854441E-15,1.,9.15959551570958E-15));
#4621=DIRECTION('center_axis',(5.05444697069335E-15,2.42594464507763E-13,
-1.));
#4622=DIRECTION('ref_axis',(2.42624056676799E-13,1.,2.42594464507764E-13));
#4623=DIRECTION('center_axis',(-5.05444697063449E-15,1.26239559023296E-27,
1.));
#4624=DIRECTION('ref_axis',(2.426240566768E-13,1.,2.42594464507764E-13));
#4625=DIRECTION('',(1.55280719422618E-13,0.656059028990324,0.754709580222931));
#4626=DIRECTION('center_axis',(-5.05444697069335E-15,-2.42594464507763E-13,
1.));
#4627=DIRECTION('ref_axis',(2.42624056676799E-13,1.,2.42594464507764E-13));
#4628=DIRECTION('center_axis',(-5.05444697069335E-15,-2.42594464507763E-13,
1.));
#4629=DIRECTION('ref_axis',(2.42624056676799E-13,1.,2.42594464507764E-13));
#4630=DIRECTION('',(-5.05444697069335E-15,-2.42594464507763E-13,1.));
#4631=DIRECTION('center_axis',(9.73126012371849E-16,1.02491617747117E-16,
-1.));
#4632=DIRECTION('ref_axis',(2.42624056676799E-13,1.,2.42594464507764E-13));
#4633=DIRECTION('center_axis',(5.05444697069335E-15,2.42594464507763E-13,
-1.));
#4634=DIRECTION('ref_axis',(2.42624056676799E-13,1.,2.42594464507764E-13));
#4635=DIRECTION('center_axis',(-5.05444697063449E-15,1.26239559023296E-27,
1.));
#4636=DIRECTION('ref_axis',(2.42624056676799E-13,1.,2.42594464507764E-13));
#4637=DIRECTION('',(1.55280719422618E-13,0.656059028990324,0.754709580222931));
#4638=DIRECTION('center_axis',(-5.05444697069335E-15,-2.42594464507763E-13,
1.));
#4639=DIRECTION('ref_axis',(2.42624056676799E-13,1.,2.42594464507764E-13));
#4640=DIRECTION('center_axis',(-5.05444697069335E-15,-2.42594464507763E-13,
1.));
#4641=DIRECTION('ref_axis',(2.42624056676799E-13,1.,2.42594464507764E-13));
#4642=DIRECTION('',(-5.05444697069335E-15,-2.42594464507763E-13,1.));
#4643=DIRECTION('center_axis',(9.73126012371849E-16,1.02491617747117E-16,
-1.));
#4644=DIRECTION('ref_axis',(2.42624056676799E-13,1.,2.42594464507764E-13));
#4645=DIRECTION('center_axis',(1.1351288737116E-14,9.15959551570948E-15,
-1.));
#4646=DIRECTION('ref_axis',(9.17769753854441E-15,1.,9.15959551570959E-15));
#4647=DIRECTION('center_axis',(-7.67611037840063E-15,7.08861630779741E-29,
1.));
#4648=DIRECTION('ref_axis',(9.17769753854441E-15,1.,9.15959551570958E-15));
#4649=DIRECTION('',(-1.45036547041379E-15,0.707106781186541,0.707106781186554));
#4650=DIRECTION('center_axis',(1.1351288737116E-14,9.15959551570948E-15,
-1.));
#4651=DIRECTION('ref_axis',(9.17769753854441E-15,1.,9.15959551570958E-15));
#4652=DIRECTION('center_axis',(1.1351288737116E-14,9.15959551570948E-15,
-1.));
#4653=DIRECTION('ref_axis',(9.17769753854441E-15,1.,9.15959551570958E-15));
#4654=DIRECTION('',(-1.1351288737116E-14,-9.15959551570948E-15,1.));
#4655=DIRECTION('center_axis',(7.64549420842195E-15,-7.06051771301211E-29,
-1.));
#4656=DIRECTION('ref_axis',(9.17769753854441E-15,1.,9.15959551570958E-15));
#4657=DIRECTION('center_axis',(1.1351288737116E-14,9.15959551570948E-15,
-1.));
#4658=DIRECTION('ref_axis',(9.17769753854441E-15,1.,9.15959551570959E-15));
#4659=DIRECTION('center_axis',(-7.67611037840063E-15,7.08861630779741E-29,
1.));
#4660=DIRECTION('ref_axis',(9.17769753854441E-15,1.,9.15959551570958E-15));
#4661=DIRECTION('',(-1.45036547041379E-15,0.707106781186541,0.707106781186554));
#4662=DIRECTION('center_axis',(1.1351288737116E-14,9.15959551570948E-15,
-1.));
#4663=DIRECTION('ref_axis',(9.17769753854441E-15,1.,9.15959551570958E-15));
#4664=DIRECTION('center_axis',(1.1351288737116E-14,9.15959551570948E-15,
-1.));
#4665=DIRECTION('ref_axis',(9.17769753854441E-15,1.,9.15959551570958E-15));
#4666=DIRECTION('',(-1.1351288737116E-14,-9.15959551570948E-15,1.));
#4667=DIRECTION('center_axis',(7.64549420842195E-15,-7.06051771301211E-29,
-1.));
#4668=DIRECTION('ref_axis',(9.17769753854441E-15,1.,9.15959551570958E-15));
#4669=DIRECTION('center_axis',(1.1351288737116E-14,9.15959551570948E-15,
-1.));
#4670=DIRECTION('ref_axis',(9.17769753854441E-15,1.,9.15959551570959E-15));
#4671=DIRECTION('center_axis',(-7.67611037840063E-15,7.08861630779741E-29,
1.));
#4672=DIRECTION('ref_axis',(9.17769753854441E-15,1.,9.15959551570958E-15));
#4673=DIRECTION('',(-1.45036547041379E-15,0.707106781186541,0.707106781186554));
#4674=DIRECTION('center_axis',(1.1351288737116E-14,9.15959551570948E-15,
-1.));
#4675=DIRECTION('ref_axis',(9.17769753854441E-15,1.,9.15959551570958E-15));
#4676=DIRECTION('center_axis',(1.1351288737116E-14,9.15959551570948E-15,
-1.));
#4677=DIRECTION('ref_axis',(9.17769753854441E-15,1.,9.15959551570958E-15));
#4678=DIRECTION('',(-1.1351288737116E-14,-9.15959551570948E-15,1.));
#4679=DIRECTION('center_axis',(7.64549420842195E-15,-7.06051771301211E-29,
-1.));
#4680=DIRECTION('ref_axis',(9.17769753854441E-15,1.,9.15959551570958E-15));
#4681=DIRECTION('center_axis',(5.05444697069335E-15,2.42594464507763E-13,
-1.));
#4682=DIRECTION('ref_axis',(2.42624056676799E-13,1.,2.42594464507764E-13));
#4683=DIRECTION('center_axis',(-5.05444697063449E-15,1.26239559023296E-27,
1.));
#4684=DIRECTION('ref_axis',(2.42624056676799E-13,1.,2.42594464507764E-13));
#4685=DIRECTION('',(1.67900486421406E-13,0.707106781186376,0.707106781186719));
#4686=DIRECTION('center_axis',(-5.05444697069335E-15,-2.42594464507763E-13,
1.));
#4687=DIRECTION('ref_axis',(2.42624056676799E-13,1.,2.42594464507764E-13));
#4688=DIRECTION('center_axis',(-5.05444697069335E-15,-2.42594464507763E-13,
1.));
#4689=DIRECTION('ref_axis',(2.42624056676799E-13,1.,2.42594464507764E-13));
#4690=DIRECTION('',(-5.05444697069335E-15,-2.42594464507763E-13,1.));
#4691=DIRECTION('center_axis',(9.73126012371849E-16,1.02491617747117E-16,
-1.));
#4692=DIRECTION('ref_axis',(2.42624056676799E-13,1.,2.42594464507764E-13));
#4693=DIRECTION('center_axis',(5.05444697069335E-15,2.42594464507763E-13,
-1.));
#4694=DIRECTION('ref_axis',(2.42624056676799E-13,1.,2.42594464507764E-13));
#4695=DIRECTION('center_axis',(-5.05444697063449E-15,1.26239559023296E-27,
1.));
#4696=DIRECTION('ref_axis',(2.42624056676799E-13,1.,2.42594464507764E-13));
#4697=DIRECTION('',(1.67900486421406E-13,0.707106781186376,0.707106781186719));
#4698=DIRECTION('center_axis',(-5.05444697069335E-15,-2.42594464507763E-13,
1.));
#4699=DIRECTION('ref_axis',(2.42624056676799E-13,1.,2.42594464507764E-13));
#4700=DIRECTION('center_axis',(-5.05444697069335E-15,-2.42594464507763E-13,
1.));
#4701=DIRECTION('ref_axis',(2.42624056676799E-13,1.,2.42594464507764E-13));
#4702=DIRECTION('',(-5.05444697069335E-15,-2.42594464507763E-13,1.));
#4703=DIRECTION('center_axis',(9.73126012371849E-16,1.02491617747117E-16,
-1.));
#4704=DIRECTION('ref_axis',(2.42624056676799E-13,1.,2.42594464507764E-13));
#4705=DIRECTION('center_axis',(5.05444697069335E-15,2.42594464507763E-13,
-1.));
#4706=DIRECTION('ref_axis',(2.42624056676799E-13,1.,2.42594464507764E-13));
#4707=DIRECTION('center_axis',(-5.05444697063449E-15,1.26239559023296E-27,
1.));
#4708=DIRECTION('ref_axis',(2.42624056676799E-13,1.,2.42594464507764E-13));
#4709=DIRECTION('',(1.67900486421406E-13,0.707106781186376,0.707106781186719));
#4710=DIRECTION('center_axis',(-5.05444697069335E-15,-2.42594464507763E-13,
1.));
#4711=DIRECTION('ref_axis',(2.42624056676799E-13,1.,2.42594464507764E-13));
#4712=DIRECTION('center_axis',(-5.05444697069335E-15,-2.42594464507763E-13,
1.));
#4713=DIRECTION('ref_axis',(2.42624056676799E-13,1.,2.42594464507764E-13));
#4714=DIRECTION('',(-5.05444697069335E-15,-2.42594464507763E-13,1.));
#4715=DIRECTION('center_axis',(9.73126012371849E-16,1.02491617747117E-16,
-1.));
#4716=DIRECTION('ref_axis',(2.42624056676799E-13,1.,2.42594464507764E-13));
#4717=DIRECTION('center_axis',(-4.89363470572567E-15,-2.42594464507763E-13,
1.));
#4718=DIRECTION('ref_axis',(2.42624056676799E-13,1.,2.42594464507764E-13));
#4719=DIRECTION('center_axis',(-5.05444697063449E-15,1.26239559023296E-27,
1.));
#4720=DIRECTION('ref_axis',(2.42624056676799E-13,1.,2.42594464507764E-13));
#4721=DIRECTION('',(-4.89363470572567E-15,-2.42594464507763E-13,1.));
#4722=DIRECTION('center_axis',(9.73126012371849E-16,1.02491617747117E-16,
-1.));
#4723=DIRECTION('ref_axis',(2.42624056676799E-13,1.,2.42594464507764E-13));
#4724=DIRECTION('center_axis',(-4.89363470572567E-15,-2.42594464507763E-13,
1.));
#4725=DIRECTION('ref_axis',(2.42624056676799E-13,1.,2.42594464507764E-13));
#4726=DIRECTION('center_axis',(-5.05444697063449E-15,1.26239559023296E-27,
1.));
#4727=DIRECTION('ref_axis',(2.42624056676799E-13,1.,2.42594464507764E-13));
#4728=DIRECTION('',(-4.89363470572567E-15,-2.42594464507763E-13,1.));
#4729=DIRECTION('center_axis',(9.73126012371849E-16,1.02491617747117E-16,
-1.));
#4730=DIRECTION('ref_axis',(2.42624056676799E-13,1.,2.42594464507764E-13));
#4731=DIRECTION('center_axis',(-4.89363470572567E-15,-2.42594464507763E-13,
1.));
#4732=DIRECTION('ref_axis',(2.42624056676799E-13,1.,2.42594464507764E-13));
#4733=DIRECTION('center_axis',(-5.05444697063449E-15,1.26239559023296E-27,
1.));
#4734=DIRECTION('ref_axis',(2.42624056676799E-13,1.,2.42594464507764E-13));
#4735=DIRECTION('',(-4.89363470572567E-15,-2.42594464507763E-13,1.));
#4736=DIRECTION('center_axis',(9.73126012371849E-16,1.02491617747117E-16,
-1.));
#4737=DIRECTION('ref_axis',(2.42624056676799E-13,1.,2.42594464507764E-13));
#4738=DIRECTION('center_axis',(1.,9.584286356927E-16,3.99952956505349E-15));
#4739=DIRECTION('ref_axis',(9.58428635692662E-16,-1.,9.15959551570962E-15));
#4740=DIRECTION('',(-9.584286356927E-16,1.,-7.78358017388564E-29));
#4741=DIRECTION('',(3.9995295650535E-15,-9.15959551570962E-15,-1.));
#4742=DIRECTION('',(9.584286356927E-16,-1.,7.78358017388564E-29));
#4743=DIRECTION('',(3.9995295650535E-15,-9.15959551570962E-15,-1.));
#4744=DIRECTION('center_axis',(-1.,2.52760182851038E-13,-5.05304451600022E-15));
#4745=DIRECTION('ref_axis',(-2.52760182851037E-13,-1.,-2.42594464507764E-13));
#4746=DIRECTION('',(2.52760182851038E-13,1.,1.02491617747394E-16));
#4747=DIRECTION('',(-5.05304451606153E-15,-2.42594464507763E-13,1.));
#4748=DIRECTION('',(-2.52760182851038E-13,-1.,-5.5382204188826E-29));
#4749=DIRECTION('',(-5.05304451606153E-15,-2.42594464507763E-13,1.));
#4750=DIRECTION('center_axis',(3.9995295650535E-15,-9.15959551570962E-15,
-1.));
#4751=DIRECTION('ref_axis',(-1.,9.17769753854452E-15,-3.99952956505358E-15));
#4752=DIRECTION('center_axis',(7.67611037840063E-15,-7.08861630779741E-29,
-1.));
#4753=DIRECTION('ref_axis',(-1.,9.17769753854452E-15,-3.99952956505358E-15));
#4754=DIRECTION('',(3.9995295650535E-15,-9.15959551570962E-15,-1.));
#4755=DIRECTION('center_axis',(-7.64549420842195E-15,7.06051771301211E-29,
1.));
#4756=DIRECTION('ref_axis',(-1.,9.17769753854452E-15,-3.99952956505358E-15));
#4757=DIRECTION('center_axis',(3.9995295650535E-15,-9.15959551570962E-15,
-1.));
#4758=DIRECTION('ref_axis',(1.,1.18438402462362E-15,3.99952956505349E-15));
#4759=DIRECTION('center_axis',(7.64549420842195E-15,-7.06051771301211E-29,
-1.));
#4760=DIRECTION('ref_axis',(1.,1.18438402462362E-15,3.99952956505349E-15));
#4761=DIRECTION('',(3.9995295650535E-15,-9.15959551570962E-15,-1.));
#4762=DIRECTION('center_axis',(-7.67611037840063E-15,7.08861630779741E-29,
1.));
#4763=DIRECTION('ref_axis',(1.,1.18438402462362E-15,3.99952956505349E-15));
#4764=DIRECTION('center_axis',(-5.05304451606153E-15,-2.42594464507763E-13,
1.));
#4765=DIRECTION('ref_axis',(-1.,2.52986138239969E-13,-5.05304451600016E-15));
#4766=DIRECTION('center_axis',(9.73126012371849E-16,1.02491617747117E-16,
-1.));
#4767=DIRECTION('ref_axis',(-1.,2.52986138239969E-13,-5.05304451600016E-15));
#4768=DIRECTION('center_axis',(-5.05444697063449E-15,1.26239559023296E-27,
1.));
#4769=DIRECTION('ref_axis',(-1.,2.52986138239969E-13,-5.05304451600016E-15));
#4770=DIRECTION('',(-5.05304451606153E-15,-2.42594464507763E-13,1.));
#4771=DIRECTION('center_axis',(0.707106781186554,0.707106781186541,-3.64871762507867E-15));
#4772=DIRECTION('ref_axis',(0.707106781186541,-0.707106781186554,9.30589826427007E-15));
#4773=DIRECTION('',(-0.707106781186541,0.707106781186554,-5.42782970170353E-15));
#4774=DIRECTION('',(3.9995295650535E-15,-9.15959551570962E-15,-1.));
#4775=DIRECTION('',(0.707106781186541,-0.707106781186554,5.40618080029764E-15));
#4776=DIRECTION('center_axis',(0.707106781186548,0.707106781186547,-3.64871762507875E-15));
#4777=DIRECTION('ref_axis',(0.707106781186547,-0.707106781186548,9.30589826427004E-15));
#4778=DIRECTION('',(0.707106781186547,-0.707106781186548,5.40618080029769E-15));
#4779=DIRECTION('',(3.9995295650535E-15,-9.15959551570962E-15,-1.));
#4780=DIRECTION('',(-0.707106781186547,0.707106781186548,-5.42782970170357E-15));
#4781=DIRECTION('center_axis',(-0.707106781186369,0.707106781186726,1.67967148888858E-13));
#4782=DIRECTION('ref_axis',(-0.707106781186726,-0.707106781186369,-1.75114224659841E-13));
#4783=DIRECTION('',(0.707106781186726,0.707106781186369,7.60576520221093E-16));
#4784=DIRECTION('',(-0.707106781186726,-0.707106781186369,-3.57403372808348E-15));
#4785=DIRECTION('',(-5.05304451606153E-15,-2.42594464507763E-13,1.));
#4786=DIRECTION('center_axis',(3.9995295650535E-15,-9.15959551570962E-15,
-1.));
#4787=DIRECTION('ref_axis',(-0.707106781186537,-0.707106781186558,3.64871762507889E-15));
#4788=DIRECTION('center_axis',(7.67611037840063E-15,-7.08861630779741E-29,
-1.));
#4789=DIRECTION('ref_axis',(-0.707106781186537,-0.707106781186558,3.64871762507889E-15));
#4790=DIRECTION('',(-3.9995295650535E-15,9.15959551570962E-15,1.));
#4791=DIRECTION('center_axis',(-7.64549420842195E-15,7.06051771301211E-29,
1.));
#4792=DIRECTION('ref_axis',(-0.707106781186537,-0.707106781186558,3.64871762507889E-15));
#4793=DIRECTION('center_axis',(3.9995295650535E-15,-9.15959551570962E-15,
-1.));
#4794=DIRECTION('ref_axis',(-1.,-2.66468139079018E-15,-3.99952956505348E-15));
#4795=DIRECTION('center_axis',(-7.64549420842195E-15,7.06051771301211E-29,
1.));
#4796=DIRECTION('ref_axis',(-1.,-2.66468139079018E-15,-3.99952956505348E-15));
#4797=DIRECTION('',(-3.9995295650535E-15,9.15959551570962E-15,1.));
#4798=DIRECTION('center_axis',(7.67611037840063E-15,-7.08861630779741E-29,
-1.));
#4799=DIRECTION('ref_axis',(-1.,-2.66468139079018E-15,-3.99952956505348E-15));
#4800=DIRECTION('center_axis',(-5.05304451606153E-15,-2.42594464507763E-13,
1.));
#4801=DIRECTION('ref_axis',(1.,-2.54466435606135E-13,5.0530445159998E-15));
#4802=DIRECTION('center_axis',(-9.73126012371849E-16,-1.02491617747117E-16,
1.));
#4803=DIRECTION('ref_axis',(1.,-2.54466435606135E-13,5.0530445159998E-15));
#4804=DIRECTION('center_axis',(5.05444697063449E-15,-1.26239559023296E-27,
-1.));
#4805=DIRECTION('ref_axis',(1.,-2.54466435606135E-13,5.0530445159998E-15));
#4806=DIRECTION('',(5.05304451606153E-15,2.42594464507763E-13,-1.));
#4807=DIRECTION('center_axis',(-5.05304451606153E-15,-2.42594464507763E-13,
1.));
#4808=DIRECTION('ref_axis',(0.707106781186359,-0.707106781186736,-1.6796714888886E-13));
#4809=DIRECTION('center_axis',(-9.73126012371849E-16,-1.02491617747117E-16,
1.));
#4810=DIRECTION('ref_axis',(0.707106781186359,-0.707106781186736,-1.6796714888886E-13));
#4811=DIRECTION('',(5.05304451606153E-15,2.42594464507763E-13,-1.));
#4812=DIRECTION('center_axis',(5.05444697063449E-15,-1.26239559023296E-27,
-1.));
#4813=DIRECTION('ref_axis',(0.707106781186359,-0.707106781186736,-1.6796714888886E-13));
#4814=DIRECTION('',(-5.05304451606153E-15,-2.42594464507763E-13,1.));
#4815=DIRECTION('center_axis',(-0.707106781186376,0.70710678118672,1.67967148888856E-13));
#4816=DIRECTION('ref_axis',(-0.70710678118672,-0.707106781186376,-1.75114224659842E-13));
#4817=DIRECTION('',(0.70710678118672,0.707106781186376,7.60576520221105E-16));
#4818=DIRECTION('',(-0.70710678118672,-0.707106781186376,-3.57403372808345E-15));
#4819=DIRECTION('',(-5.05304451606153E-15,-2.42594464507763E-13,1.));
#4820=DIRECTION('center_axis',(-5.05304451606153E-15,-2.42594464507763E-13,
1.));
#4821=DIRECTION('ref_axis',(1.,-2.42624056676801E-13,5.05304451600267E-15));
#4822=DIRECTION('center_axis',(-9.73126012371849E-16,-1.02491617747117E-16,
1.));
#4823=DIRECTION('ref_axis',(1.,-2.42624056676801E-13,5.05304451600267E-15));
#4824=DIRECTION('center_axis',(5.05444697063449E-15,-1.26239559023296E-27,
-1.));
#4825=DIRECTION('ref_axis',(1.,-2.42624056676801E-13,5.05304451600267E-15));
#4826=DIRECTION('center_axis',(0.,0.,1.));
#4827=DIRECTION('ref_axis',(-9.22424559726274E-15,-1.,0.));
#4828=DIRECTION('',(2.42114793288311E-13,1.,2.04983235494722E-16));
#4829=DIRECTION('',(-1.,2.42449753133196E-13,-5.11567931059186E-15));
#4830=DIRECTION('',(-2.42624056676802E-13,-1.,-1.02491617747389E-16));
#4831=DIRECTION('',(-1.,2.42449753133196E-13,1.13320692023735E-14));
#4832=DIRECTION('center_axis',(1.,-2.42114793288311E-13,5.05444697063449E-15));
#4833=DIRECTION('ref_axis',(-2.42114793288311E-13,-1.,-2.04983235494722E-16));
#4834=DIRECTION('',(-2.42114793288311E-13,-1.,-2.04983235494722E-16));
#4835=DIRECTION('',(5.05444697063449E-15,-1.26239559023296E-27,-1.));
#4836=DIRECTION('center_axis',(0.,0.,1.));
#4837=DIRECTION('ref_axis',(1.,0.,0.));
#4838=DIRECTION('',(9.03736438460289E-15,1.,-1.31790160981389E-30));
#4839=DIRECTION('',(1.,-9.17769753854447E-15,7.67611037840063E-15));
#4840=DIRECTION('',(-9.17769753854447E-15,-1.,0.));
#4841=DIRECTION('',(-1.,9.00339399493843E-15,-7.61487803844326E-15));
#4842=DIRECTION('center_axis',(0.,0.,1.));
#4843=DIRECTION('ref_axis',(-9.22424559726274E-15,-1.,0.));
#4844=DIRECTION('',(1.,-9.00339399493843E-15,7.61487803844326E-15));
#4845=DIRECTION('',(9.17769753854447E-15,1.,-4.6549601272215E-61));
#4846=DIRECTION('',(1.,-9.00339399493843E-15,7.61487803844326E-15));
#4847=DIRECTION('',(-9.03736438460289E-15,-1.,1.31790160981389E-30));
#4848=DIRECTION('center_axis',(0.,0.,1.));
#4849=DIRECTION('ref_axis',(1.,0.,0.));
#4850=DIRECTION('',(1.,-9.17769753854447E-15,-3.69778549322352E-29));
#4851=DIRECTION('',(9.22424559726274E-15,1.,0.));
#4852=DIRECTION('',(-1.,9.17769753854447E-15,3.28692043842091E-29));
#4853=DIRECTION('center_axis',(-9.00339399493843E-15,-1.,1.63692551804473E-30));
#4854=DIRECTION('ref_axis',(-1.,9.00339399493843E-15,-7.61487803844327E-15));
#4855=DIRECTION('',(-7.67611037840063E-15,7.08861630779741E-29,1.));
#4856=DIRECTION('center_axis',(9.17769753854447E-15,1.,1.71810780459836E-45));
#4857=DIRECTION('ref_axis',(-1.58482483521891E-59,-1.71810780459836E-45,
1.));
#4858=DIRECTION('',(7.67611037840063E-15,-7.08861630779741E-29,-1.));
#4859=DIRECTION('',(1.,-9.17769753854447E-15,-3.69778549322352E-29));
#4860=DIRECTION('',(0.,0.,1.));
#4861=DIRECTION('center_axis',(-9.17769753854447E-15,-1.,-1.71810780459836E-45));
#4862=DIRECTION('ref_axis',(1.58482483521891E-59,1.71810780459836E-45,-1.));
#4863=DIRECTION('',(0.,0.,-1.));
#4864=DIRECTION('',(1.,-9.17769753854447E-15,-3.74343716597937E-29));
#4865=DIRECTION('center_axis',(9.17769753854447E-15,1.,0.));
#4866=DIRECTION('ref_axis',(1.,-9.17769753854447E-15,7.67611037840063E-15));
#4867=DIRECTION('',(7.67611037840063E-15,-7.08861630779741E-29,-1.));
#4868=DIRECTION('center_axis',(-1.,9.03736438460289E-15,-7.67611037840063E-15));
#4869=DIRECTION('ref_axis',(9.03736438460289E-15,1.,-1.31790160981389E-30));
#4870=DIRECTION('center_axis',(0.,0.,1.));
#4871=DIRECTION('ref_axis',(-9.22424559726274E-15,-1.,0.));
#4872=DIRECTION('',(-9.22424559726274E-15,-1.,0.));
#4873=DIRECTION('center_axis',(0.,0.,1.));
#4874=DIRECTION('ref_axis',(1.,0.,0.));
#4875=DIRECTION('',(2.42624056676802E-13,1.,0.));
#4876=DIRECTION('',(-1.,2.42624056676802E-13,1.41450637211501E-14));
#4877=DIRECTION('',(-2.42700150825757E-13,-1.,0.));
#4878=DIRECTION('',(1.,-2.42624056676802E-13,-1.41450637211502E-14));
#4879=DIRECTION('center_axis',(2.42449753133196E-13,1.,-1.8205569072372E-30));
#4880=DIRECTION('ref_axis',(1.,-2.42449753133196E-13,5.11567931059186E-15));
#4881=DIRECTION('',(-5.05444697063449E-15,1.26239559023296E-27,1.));
#4882=DIRECTION('',(1.,-2.42449753133196E-13,5.11567931059186E-15));
#4883=DIRECTION('center_axis',(-2.42624056676802E-13,-1.,1.75220839545194E-31));
#4884=DIRECTION('ref_axis',(-1.61628005772344E-45,-1.75220839545194E-31,
-1.));
#4885=DIRECTION('',(5.05444697063449E-15,-1.26239559023296E-27,-1.));
#4886=DIRECTION('',(-1.,2.42624056676802E-13,1.41450637211501E-14));
#4887=DIRECTION('',(0.,0.,1.));
#4888=DIRECTION('center_axis',(2.42624056676802E-13,1.,-1.75220839545464E-31));
#4889=DIRECTION('ref_axis',(1.61628005772592E-45,1.75220839545464E-31,1.));
#4890=DIRECTION('',(0.,0.,-1.));
#4891=DIRECTION('',(-1.,2.42624056676802E-13,1.41450637211502E-14));
#4892=DIRECTION('center_axis',(-2.42624056676802E-13,-1.,0.));
#4893=DIRECTION('ref_axis',(-1.,2.42624056676802E-13,-5.05444697063449E-15));
#4894=DIRECTION('',(-1.,2.42624056676802E-13,-5.05444697063449E-15));
#4895=DIRECTION('center_axis',(0.,0.,1.));
#4896=DIRECTION('ref_axis',(-9.22424559726274E-15,-1.,0.));
#4897=DIRECTION('',(2.42700150825757E-13,1.,0.));
#4898=DIRECTION('center_axis',(0.,0.,1.));
#4899=DIRECTION('ref_axis',(1.,0.,0.));
#4900=DIRECTION('center_axis',(0.,-1.,0.));
#4901=DIRECTION('ref_axis',(1.,0.,0.));
#4902=DIRECTION('',(1.,0.,0.));
#4903=DIRECTION('',(1.,0.,0.));
#4904=DIRECTION('center_axis',(-4.95497026332014E-17,1.,0.));
#4905=DIRECTION('ref_axis',(-1.,-4.95497026332014E-17,0.));
#4906=DIRECTION('',(1.,4.95497026332014E-17,0.));
#4907=DIRECTION('',(0.,0.,1.));
#4908=DIRECTION('',(-1.,-4.95497026332014E-17,0.));
#4909=DIRECTION('center_axis',(0.,0.,1.));
#4910=DIRECTION('ref_axis',(1.,0.,0.));
#4911=DIRECTION('',(1.,4.95497026332014E-17,0.));
#4912=DIRECTION('',(0.,1.,0.));
#4913=DIRECTION('center_axis',(-4.95497026332014E-17,1.,0.));
#4914=DIRECTION('ref_axis',(-1.,-4.95497026332014E-17,0.));
#4915=DIRECTION('',(-1.,-4.95497026332014E-17,0.));
#4916=DIRECTION('center_axis',(-1.,0.,0.));
#4917=DIRECTION('ref_axis',(0.,-1.,0.));
#4918=DIRECTION('',(0.,-1.,0.));
#4919=DIRECTION('center_axis',(0.,0.,1.));
#4920=DIRECTION('ref_axis',(-9.22424559726274E-15,-1.,0.));
#4921=CARTESIAN_POINT('',(0.,0.,0.));
#4922=CARTESIAN_POINT('Origin',(-154.849681801399,59.9357242824482,2.));
#4923=CARTESIAN_POINT('',(-153.585181801399,59.9357242824482,0.));
#4924=CARTESIAN_POINT('Origin',(-154.849681801399,59.9357242824482,0.));
#4925=CARTESIAN_POINT('',(-153.585181801399,59.9357242824482,3.));
#4926=CARTESIAN_POINT('',(-153.585181801399,59.9357242824482,2.));
#4927=CARTESIAN_POINT('Origin',(-154.849681801399,59.9357242824482,3.));
#4928=CARTESIAN_POINT('Origin',(341.1503181986,59.9357242824455,2.));
#4929=CARTESIAN_POINT('',(342.4148181986,59.9357242824455,0.));
#4930=CARTESIAN_POINT('Origin',(341.1503181986,59.9357242824455,0.));
#4931=CARTESIAN_POINT('',(342.4148181986,59.9357242824455,3.));
#4932=CARTESIAN_POINT('',(342.4148181986,59.9357242824455,2.));
#4933=CARTESIAN_POINT('Origin',(341.1503181986,59.9357242824455,3.));
#4934=CARTESIAN_POINT('Origin',(-209.849681801399,-20.0642757175518,2.));
#4935=CARTESIAN_POINT('',(-208.585181801399,-20.0642757175518,0.));
#4936=CARTESIAN_POINT('Origin',(-209.849681801399,-20.0642757175518,0.));
#4937=CARTESIAN_POINT('',(-208.585181801399,-20.0642757175518,3.));
#4938=CARTESIAN_POINT('',(-208.585181801399,-20.0642757175518,2.));
#4939=CARTESIAN_POINT('Origin',(-209.849681801399,-20.0642757175518,3.));
#4940=CARTESIAN_POINT('Origin',(476.436158330339,137.935724282601,3.35376171278767E-11));
#4941=CARTESIAN_POINT('',(476.436158330339,135.935724282601,0.));
#4942=CARTESIAN_POINT('',(474.436158330339,137.935724282601,0.));
#4943=CARTESIAN_POINT('Origin',(476.436158330339,137.935724282601,2.67874611381558E-11));
#4944=CARTESIAN_POINT('',(474.436158330339,137.935724282601,3.00000000000033));
#4945=CARTESIAN_POINT('',(474.436158330339,137.935724282601,3.35376171278767E-11));
#4946=CARTESIAN_POINT('',(476.436158330339,135.9357242826,3.00000000000033));
#4947=CARTESIAN_POINT('Origin',(476.436158330339,137.9357242826,3.00000000002683));
#4948=CARTESIAN_POINT('',(476.436158330339,135.935724282601,3.30402372128447E-11));
#4949=CARTESIAN_POINT('Origin',(474.436158330342,146.935724282601,3.5740299608733E-11));
#4950=CARTESIAN_POINT('',(474.436158330341,144.935724282601,0.));
#4951=CARTESIAN_POINT('',(474.436158330327,87.2770843643351,0.));
#4952=CARTESIAN_POINT('',(474.436158330341,144.935724282601,3.00000000000033));
#4953=CARTESIAN_POINT('',(474.436158330341,144.935724282601,3.5242919693701E-11));
#4954=CARTESIAN_POINT('',(474.436158330327,87.2770843643351,3.00000000000033));
#4955=CARTESIAN_POINT('Origin',(476.436158330341,144.935724282601,3.5242919693701E-11));
#4956=CARTESIAN_POINT('',(476.436158330342,146.935724282601,7.105427357601E-14));
#4957=CARTESIAN_POINT('Origin',(476.436158330341,144.935724282601,2.849276370398E-11));
#4958=CARTESIAN_POINT('',(476.436158330342,146.9357242826,3.0000000000004));
#4959=CARTESIAN_POINT('',(476.436158330342,146.935724282601,3.5740299608733E-11));
#4960=CARTESIAN_POINT('Origin',(476.436158330341,144.9357242826,3.00000000002854));
#4961=CARTESIAN_POINT('Origin',(484.436158330342,146.935724282599,3.5811353882309E-11));
#4962=CARTESIAN_POINT('',(482.436158330342,146.935724282599,7.105427357601E-14));
#4963=CARTESIAN_POINT('',(513.439698297403,146.935724282592,2.8421709430404E-13));
#4964=CARTESIAN_POINT('',(482.436158330342,146.935724282599,3.0000000000004));
#4965=CARTESIAN_POINT('',(482.436158330342,146.935724282599,3.5740299608733E-11));
#4966=CARTESIAN_POINT('',(513.439698297403,146.935724282591,3.00000000000047));
#4967=CARTESIAN_POINT('Origin',(482.436158330341,144.935724282599,3.5242919693701E-11));
#4968=CARTESIAN_POINT('',(484.436158330341,144.935724282599,7.105427357601E-14));
#4969=CARTESIAN_POINT('Origin',(482.436158330341,144.935724282599,2.8563817977556E-11));
#4970=CARTESIAN_POINT('',(484.436158330341,144.935724282598,3.0000000000004));
#4971=CARTESIAN_POINT('',(484.436158330341,144.935724282599,3.5313973967277E-11));
#4972=CARTESIAN_POINT('Origin',(482.436158330341,144.935724282599,3.00000000002861));
#4973=CARTESIAN_POINT('Origin',(484.436158330339,135.935724282599,3.31112914864207E-11));
#4974=CARTESIAN_POINT('',(484.436158330339,137.935724282599,7.105427357601E-14));
#4975=CARTESIAN_POINT('',(484.436158330326,81.7770843643328,7.105427357601E-14));
#4976=CARTESIAN_POINT('',(484.436158330339,137.935724282598,3.0000000000004));
#4977=CARTESIAN_POINT('',(484.436158330339,137.935724282599,3.36797256750287E-11));
#4978=CARTESIAN_POINT('',(484.436158330326,81.7770843643328,3.0000000000004));
#4979=CARTESIAN_POINT('Origin',(482.436158330339,137.935724282599,3.36086714014527E-11));
#4980=CARTESIAN_POINT('',(482.436158330339,135.935724282599,7.105427357601E-14));
#4981=CARTESIAN_POINT('Origin',(482.436158330339,137.935724282599,2.68585154117318E-11));
#4982=CARTESIAN_POINT('',(482.436158330339,135.935724282599,3.00000000000033));
#4983=CARTESIAN_POINT('',(482.436158330339,135.935724282599,3.31112914864207E-11));
#4984=CARTESIAN_POINT('Origin',(482.436158330339,137.935724282599,3.0000000000269));
#4985=CARTESIAN_POINT('Origin',(474.436158330339,135.935724282601,3.30402372128447E-11));
#4986=CARTESIAN_POINT('',(508.4396982974,135.935724282592,3.0000000000004));
#4987=CARTESIAN_POINT('',(508.4396982974,135.935724282593,2.1316282072803E-13));
#4988=CARTESIAN_POINT('Origin',(-125.849681801399,103.935724282448,0.));
#4989=CARTESIAN_POINT('',(-125.849681801399,97.9357242824482,0.));
#4990=CARTESIAN_POINT('',(-131.849681801399,103.935724282448,0.));
#4991=CARTESIAN_POINT('Origin',(-125.849681801399,103.935724282448,0.));
#4992=CARTESIAN_POINT('',(-131.849681801399,103.935724282448,3.));
#4993=CARTESIAN_POINT('',(-131.849681801399,103.935724282448,0.));
#4994=CARTESIAN_POINT('',(-125.849681801399,97.9357242824482,3.));
#4995=CARTESIAN_POINT('Origin',(-125.849681801399,103.935724282448,3.));
#4996=CARTESIAN_POINT('',(-125.849681801399,97.9357242824482,0.));
#4997=CARTESIAN_POINT('Origin',(-131.849681801399,97.9357242824483,0.));
#4998=CARTESIAN_POINT('',(-131.849681801399,200.935724282448,0.));
#4999=CARTESIAN_POINT('',(-131.849681801399,200.935724282448,0.));
#5000=CARTESIAN_POINT('',(-131.849681801399,200.935724282448,3.));
#5001=CARTESIAN_POINT('',(-131.849681801399,200.935724282448,0.));
#5002=CARTESIAN_POINT('',(-131.849681801399,200.935724282448,3.));
#5003=CARTESIAN_POINT('Origin',(312.150318198601,103.935724282446,0.));
#5004=CARTESIAN_POINT('',(318.150318198601,103.935724282446,0.));
#5005=CARTESIAN_POINT('',(312.150318198601,97.9357242824461,0.));
#5006=CARTESIAN_POINT('Origin',(312.150318198601,103.935724282446,0.));
#5007=CARTESIAN_POINT('',(312.150318198601,97.9357242824461,3.));
#5008=CARTESIAN_POINT('',(312.150318198601,97.9357242824461,0.));
#5009=CARTESIAN_POINT('',(318.150318198601,103.935724282446,3.));
#5010=CARTESIAN_POINT('Origin',(312.150318198601,103.935724282446,3.));
#5011=CARTESIAN_POINT('',(318.150318198601,103.935724282446,0.));
#5012=CARTESIAN_POINT('Origin',(318.150318198601,97.935724282446,0.));
#5013=CARTESIAN_POINT('',(-131.849681801399,97.9357242824483,3.));
#5014=CARTESIAN_POINT('',(-131.849681801399,97.9357242824483,0.));
#5015=CARTESIAN_POINT('Origin',(-281.135521933071,106.435724282432,-7.105427357601E-14));
#5016=CARTESIAN_POINT('',(-280.135521933071,106.435724282432,-7.105427357601E-14));
#5017=CARTESIAN_POINT('',(-281.135521933071,105.435724282432,-7.105427357601E-14));
#5018=CARTESIAN_POINT('Origin',(-281.135521933071,106.435724282432,-1.4210854715202E-13));
#5019=CARTESIAN_POINT('',(-281.135521933071,105.435724282432,2.9999999999999));
#5020=CARTESIAN_POINT('',(-281.135521933071,105.435724282432,-7.105427357601E-14));
#5021=CARTESIAN_POINT('',(-280.135521933071,106.435724282432,2.9999999999999));
#5022=CARTESIAN_POINT('Origin',(-281.135521933071,106.435724282432,2.99999999999983));
#5023=CARTESIAN_POINT('',(-280.135521933071,106.435724282432,-3.5527136788005E-14));
#5024=CARTESIAN_POINT('Origin',(-306.635521933097,105.435724282443,-2.48689957516035E-13));
#5025=CARTESIAN_POINT('',(-305.635521933096,105.435724282443,-2.48689957516035E-13));
#5026=CARTESIAN_POINT('',(-331.389061900129,105.435724282454,-4.61852778244065E-13));
#5027=CARTESIAN_POINT('',(-305.635521933096,105.435724282443,2.99999999999972));
#5028=CARTESIAN_POINT('',(-305.635521933096,105.435724282443,-2.48689957516035E-13));
#5029=CARTESIAN_POINT('',(-331.389061900129,105.435724282454,2.99999999999951));
#5030=CARTESIAN_POINT('Origin',(-305.635521933096,106.435724282443,-2.48689957516035E-13));
#5031=CARTESIAN_POINT('',(-306.635521933096,106.435724282444,-2.48689957516035E-13));
#5032=CARTESIAN_POINT('Origin',(-305.635521933096,106.435724282443,-2.8421709430404E-13));
#5033=CARTESIAN_POINT('',(-306.635521933096,106.435724282444,2.99999999999972));
#5034=CARTESIAN_POINT('',(-306.635521933096,106.435724282444,-2.48689957516035E-13));
#5035=CARTESIAN_POINT('Origin',(-305.635521933096,106.435724282443,2.99999999999969));
#5036=CARTESIAN_POINT('Origin',(-306.635521933091,110.935724282449,-2.48689957516035E-13));
#5037=CARTESIAN_POINT('',(-306.635521933092,109.93572428245,-2.8421709430404E-13));
#5038=CARTESIAN_POINT('',(-306.635521933135,69.2770843642361,-2.8421709430404E-13));
#5039=CARTESIAN_POINT('',(-306.635521933092,109.93572428245,2.99999999999969));
#5040=CARTESIAN_POINT('',(-306.635521933092,109.93572428245,-1.77635683940025E-13));
#5041=CARTESIAN_POINT('',(-306.635521933135,69.2770843642361,2.99999999999969));
#5042=CARTESIAN_POINT('Origin',(-305.635521933092,109.935724282449,-1.77635683940025E-13));
#5043=CARTESIAN_POINT('',(-305.635521933092,110.935724282449,-2.8421709430404E-13));
#5044=CARTESIAN_POINT('Origin',(-305.635521933092,109.935724282449,-3.19744231092045E-13));
#5045=CARTESIAN_POINT('',(-305.635521933092,110.935724282449,2.99999999999969));
#5046=CARTESIAN_POINT('',(-305.635521933092,110.935724282449,-2.1316282072803E-13));
#5047=CARTESIAN_POINT('Origin',(-305.635521933092,109.935724282449,2.99999999999965));
#5048=CARTESIAN_POINT('Origin',(-280.135521933071,110.935724282448,-3.5527136788005E-14));
#5049=CARTESIAN_POINT('',(-281.135521933071,110.935724282448,-1.06581410364015E-13));
#5050=CARTESIAN_POINT('',(-318.139061900132,110.935724282449,-3.5527136788005E-13));
#5051=CARTESIAN_POINT('',(-281.135521933071,110.935724282448,2.99999999999986));
#5052=CARTESIAN_POINT('',(-281.135521933071,110.935724282448,-7.105427357601E-14));
#5053=CARTESIAN_POINT('',(-318.139061900132,110.935724282449,2.99999999999962));
#5054=CARTESIAN_POINT('Origin',(-281.135521933071,109.935724282448,-3.5527136788005E-14));
#5055=CARTESIAN_POINT('',(-280.135521933071,109.935724282448,-7.105427357601E-14));
#5056=CARTESIAN_POINT('Origin',(-281.135521933071,109.935724282448,-1.4210854715202E-13));
#5057=CARTESIAN_POINT('',(-280.135521933071,109.935724282448,2.9999999999999));
#5058=CARTESIAN_POINT('',(-280.135521933071,109.935724282448,0.));
#5059=CARTESIAN_POINT('Origin',(-281.135521933071,109.935724282448,2.99999999999983));
#5060=CARTESIAN_POINT('Origin',(-280.135521933071,105.435724282432,-3.5527136788005E-14));
#5061=CARTESIAN_POINT('',(-280.135521933071,66.5270843642533,2.9999999999999));
#5062=CARTESIAN_POINT('',(-280.135521933071,66.5270843642533,-7.105427357601E-14));
#5063=CARTESIAN_POINT('Origin',(-309.13552193307,182.550724282449,1.99999999999971));
#5064=CARTESIAN_POINT('',(-309.13552193307,183.815224282449,-2.8421709430404E-13));
#5065=CARTESIAN_POINT('Origin',(-309.13552193307,182.550724282449,-2.8421709430404E-13));
#5066=CARTESIAN_POINT('',(-309.13552193307,183.815224282449,2.99999999999969));
#5067=CARTESIAN_POINT('',(-309.13552193307,183.815224282449,1.99999999999971));
#5068=CARTESIAN_POINT('Origin',(-309.13552193307,182.550724282449,2.99999999999969));
#5069=CARTESIAN_POINT('Origin',(-422.93552193307,182.55072428245,1.99999999999886));
#5070=CARTESIAN_POINT('',(-422.93552193307,183.81522428245,-1.17239551400417E-12));
#5071=CARTESIAN_POINT('Origin',(-422.93552193307,182.55072428245,-1.17239551400417E-12));
#5072=CARTESIAN_POINT('',(-422.93552193307,183.81522428245,2.9999999999988));
#5073=CARTESIAN_POINT('',(-422.93552193307,183.81522428245,1.99999999999886));
#5074=CARTESIAN_POINT('Origin',(-422.93552193307,182.55072428245,2.9999999999988));
#5075=CARTESIAN_POINT('Origin',(-391.93552193307,182.550724282449,1.99999999999907));
#5076=CARTESIAN_POINT('',(-391.93552193307,183.815224282449,-9.2370555648813E-13));
#5077=CARTESIAN_POINT('Origin',(-391.93552193307,182.550724282449,-9.2370555648813E-13));
#5078=CARTESIAN_POINT('',(-391.93552193307,183.815224282449,2.99999999999905));
#5079=CARTESIAN_POINT('',(-391.93552193307,183.815224282449,1.99999999999907));
#5080=CARTESIAN_POINT('Origin',(-391.93552193307,182.550724282449,2.99999999999905));
#5081=CARTESIAN_POINT('Origin',(-278.13552193307,182.550724282448,1.99999999999996));
#5082=CARTESIAN_POINT('',(-278.13552193307,183.815224282448,-7.105427357601E-14));
#5083=CARTESIAN_POINT('Origin',(-278.13552193307,182.550724282448,-7.105427357601E-14));
#5084=CARTESIAN_POINT('',(-278.13552193307,183.815224282448,2.9999999999999));
#5085=CARTESIAN_POINT('',(-278.13552193307,183.815224282448,1.99999999999996));
#5086=CARTESIAN_POINT('Origin',(-278.13552193307,182.550724282448,2.9999999999999));
#5087=CARTESIAN_POINT('Origin',(255.6503181986,-110.021165860635,0.725));
#5088=CARTESIAN_POINT('',(258.8003181986,-110.021165860635,-9.29811783123569E-15));
#5089=CARTESIAN_POINT('Origin',(255.6503181986,-110.021165860635,0.));
#5090=CARTESIAN_POINT('',(257.3503181986,-110.021165860635,1.45));
#5091=CARTESIAN_POINT('',(258.0753181986,-110.021165860635,0.725));
#5092=CARTESIAN_POINT('Origin',(255.6503181986,-110.021165860635,1.45));
#5093=CARTESIAN_POINT('Origin',(255.6503181986,-110.021165860635,5.));
#5094=CARTESIAN_POINT('',(257.3503181986,-110.021165860635,3.));
#5095=CARTESIAN_POINT('',(257.3503181986,-110.021165860635,5.));
#5096=CARTESIAN_POINT('Origin',(255.6503181986,-110.021165860635,3.));
#5097=CARTESIAN_POINT('Origin',(259.6503181986,-12.5211658606355,0.725));
#5098=CARTESIAN_POINT('',(262.8003181986,-12.5211658606355,-8.18789480661053E-15));
#5099=CARTESIAN_POINT('Origin',(259.6503181986,-12.5211658606355,0.));
#5100=CARTESIAN_POINT('',(261.350318198599,-12.5211658606355,1.45));
#5101=CARTESIAN_POINT('',(262.0753181986,-12.5211658606355,0.725));
#5102=CARTESIAN_POINT('Origin',(259.6503181986,-12.5211658606355,1.45));
#5103=CARTESIAN_POINT('Origin',(259.6503181986,-12.5211658606355,5.));
#5104=CARTESIAN_POINT('',(261.3503181986,-12.5211658606355,3.));
#5105=CARTESIAN_POINT('',(261.3503181986,-12.5211658606355,5.));
#5106=CARTESIAN_POINT('Origin',(259.6503181986,-12.5211658606355,3.));
#5107=CARTESIAN_POINT('Origin',(-73.3496818014004,-12.5211658606355,0.725));
#5108=CARTESIAN_POINT('',(-70.1996818014004,-12.5211658606355,-6.93889390390723E-16));
#5109=CARTESIAN_POINT('Origin',(-73.3496818014004,-12.5211658606355,0.));
#5110=CARTESIAN_POINT('',(-71.6496818014004,-12.5211658606355,1.45));
#5111=CARTESIAN_POINT('',(-70.9246818014004,-12.5211658606355,0.725));
#5112=CARTESIAN_POINT('Origin',(-73.3496818014004,-12.5211658606355,1.45));
#5113=CARTESIAN_POINT('Origin',(-73.3496818014004,-12.5211658606355,5.));
#5114=CARTESIAN_POINT('',(-71.6496818014004,-12.5211658606355,3.));
#5115=CARTESIAN_POINT('',(-71.6496818014004,-12.5211658606355,5.));
#5116=CARTESIAN_POINT('Origin',(-73.3496818014004,-12.5211658606355,3.));
#5117=CARTESIAN_POINT('Origin',(-47.3496818014005,-110.021165860635,0.725));
#5118=CARTESIAN_POINT('',(-44.1996818014005,-110.021165860635,-6.93889390390723E-16));
#5119=CARTESIAN_POINT('Origin',(-47.3496818014005,-110.021165860635,0.));
#5120=CARTESIAN_POINT('',(-45.6496818014005,-110.021165860635,1.45));
#5121=CARTESIAN_POINT('',(-44.9246818014005,-110.021165860635,0.725));
#5122=CARTESIAN_POINT('Origin',(-47.3496818014005,-110.021165860635,1.45));
#5123=CARTESIAN_POINT('Origin',(-47.3496818014005,-110.021165860635,5.));
#5124=CARTESIAN_POINT('',(-45.6496818014005,-110.021165860635,3.));
#5125=CARTESIAN_POINT('',(-45.6496818014005,-110.021165860635,5.));
#5126=CARTESIAN_POINT('Origin',(-47.3496818014005,-110.021165860635,3.));
#5127=CARTESIAN_POINT('Origin',(426.6503181986,36.4787242826038,0.725));
#5128=CARTESIAN_POINT('',(429.8003181986,36.4787242826038,-9.71445146547012E-16));
#5129=CARTESIAN_POINT('Origin',(426.6503181986,36.4787242826038,0.));
#5130=CARTESIAN_POINT('',(428.3503181986,36.4787242826038,1.45000000000001));
#5131=CARTESIAN_POINT('',(429.0753181986,36.4787242826038,0.725));
#5132=CARTESIAN_POINT('Origin',(426.6503181986,36.4787242826038,1.45));
#5133=CARTESIAN_POINT('Origin',(426.6503181986,36.4787242826038,5.));
#5134=CARTESIAN_POINT('',(428.3503181986,36.4787242826038,3.));
#5135=CARTESIAN_POINT('',(428.3503181986,36.4787242826038,5.));
#5136=CARTESIAN_POINT('Origin',(426.6503181986,36.4787242826038,3.));
#5137=CARTESIAN_POINT('Origin',(93.1503181985997,36.4787242826035,0.725));
#5138=CARTESIAN_POINT('',(96.3003181985997,36.4787242826035,-9.71445146547012E-16));
#5139=CARTESIAN_POINT('Origin',(93.1503181985997,36.4787242826035,0.));
#5140=CARTESIAN_POINT('',(94.8503181985997,36.4787242826035,1.45));
#5141=CARTESIAN_POINT('',(95.5753181985997,36.4787242826035,0.725));
#5142=CARTESIAN_POINT('Origin',(93.1503181985997,36.4787242826035,1.45));
#5143=CARTESIAN_POINT('Origin',(93.1503181985997,36.4787242826035,5.));
#5144=CARTESIAN_POINT('',(94.8503181985997,36.4787242826035,3.));
#5145=CARTESIAN_POINT('',(94.8503181985997,36.4787242826035,5.));
#5146=CARTESIAN_POINT('Origin',(93.1503181985997,36.4787242826035,3.));
#5147=CARTESIAN_POINT('Origin',(-240.3496818014,36.4787242826075,0.725));
#5148=CARTESIAN_POINT('',(-237.199681801399,36.4787242826075,-8.18789480661053E-15));
#5149=CARTESIAN_POINT('Origin',(-240.3496818014,36.4787242826075,0.));
#5150=CARTESIAN_POINT('',(-238.6496818014,36.4787242826075,1.45000000000001));
#5151=CARTESIAN_POINT('',(-237.9246818014,36.4787242826075,0.725));
#5152=CARTESIAN_POINT('Origin',(-240.3496818014,36.4787242826075,1.45));
#5153=CARTESIAN_POINT('Origin',(-240.3496818014,36.4787242826075,5.));
#5154=CARTESIAN_POINT('',(-238.6496818014,36.4787242826075,3.));
#5155=CARTESIAN_POINT('',(-238.6496818014,36.4787242826075,5.));
#5156=CARTESIAN_POINT('Origin',(-240.3496818014,36.4787242826075,3.));
#5157=CARTESIAN_POINT('Origin',(-113.3496818014,-101.535884486396,0.725));
#5158=CARTESIAN_POINT('',(-110.1996818014,-101.535884486396,-1.11022302462516E-15));
#5159=CARTESIAN_POINT('Origin',(-113.3496818014,-101.535884486396,0.));
#5160=CARTESIAN_POINT('',(-111.6496818014,-101.535884486396,1.45));
#5161=CARTESIAN_POINT('',(-110.9246818014,-101.535884486396,0.725));
#5162=CARTESIAN_POINT('Origin',(-113.3496818014,-101.535884486396,1.45));
#5163=CARTESIAN_POINT('Origin',(-113.3496818014,-101.535884486396,5.));
#5164=CARTESIAN_POINT('',(-111.6496818014,-101.535884486396,3.));
#5165=CARTESIAN_POINT('',(-111.6496818014,-101.535884486396,5.));
#5166=CARTESIAN_POINT('Origin',(-113.3496818014,-101.535884486396,3.));
#5167=CARTESIAN_POINT('Origin',(-211.3496818014,-51.5358844863961,0.725));
#5168=CARTESIAN_POINT('',(-208.1996818014,-51.5358844863961,-8.60422844084496E-15));
#5169=CARTESIAN_POINT('Origin',(-211.3496818014,-51.5358844863961,0.));
#5170=CARTESIAN_POINT('',(-209.6496818014,-51.5358844863961,1.45));
#5171=CARTESIAN_POINT('',(-208.9246818014,-51.5358844863961,0.725));
#5172=CARTESIAN_POINT('Origin',(-211.3496818014,-51.5358844863961,1.45));
#5173=CARTESIAN_POINT('Origin',(-211.3496818014,-51.5358844863961,5.));
#5174=CARTESIAN_POINT('',(-209.6496818014,-51.5358844863961,3.));
#5175=CARTESIAN_POINT('',(-209.6496818014,-51.5358844863961,5.));
#5176=CARTESIAN_POINT('Origin',(-211.3496818014,-51.5358844863961,3.));
#5177=CARTESIAN_POINT('Origin',(-193.3496818014,-101.535884486397,0.725));
#5178=CARTESIAN_POINT('',(-190.1996818014,-101.535884486397,-9.29811783123569E-15));
#5179=CARTESIAN_POINT('Origin',(-193.3496818014,-101.535884486397,0.));
#5180=CARTESIAN_POINT('',(-191.6496818014,-101.535884486397,1.45));
#5181=CARTESIAN_POINT('',(-190.9246818014,-101.535884486397,0.725));
#5182=CARTESIAN_POINT('Origin',(-193.3496818014,-101.535884486397,1.45));
#5183=CARTESIAN_POINT('Origin',(-193.3496818014,-101.535884486397,5.));
#5184=CARTESIAN_POINT('',(-191.6496818014,-101.535884486397,3.));
#5185=CARTESIAN_POINT('',(-191.6496818014,-101.535884486397,5.));
#5186=CARTESIAN_POINT('Origin',(-193.3496818014,-101.535884486397,3.));
#5187=CARTESIAN_POINT('Origin',(-113.3496818014,-71.5358844863961,0.725));
#5188=CARTESIAN_POINT('',(-110.1996818014,-71.5358844863961,-4.30211422042248E-15));
#5189=CARTESIAN_POINT('Origin',(-113.3496818014,-71.5358844863961,0.));
#5190=CARTESIAN_POINT('',(-111.6496818014,-71.5358844863961,1.45));
#5191=CARTESIAN_POINT('',(-110.9246818014,-71.5358844863961,0.725));
#5192=CARTESIAN_POINT('Origin',(-113.3496818014,-71.5358844863961,1.45));
#5193=CARTESIAN_POINT('Origin',(-113.3496818014,-71.5358844863961,5.));
#5194=CARTESIAN_POINT('',(-111.6496818014,-71.5358844863961,3.));
#5195=CARTESIAN_POINT('',(-111.6496818014,-71.5358844863961,5.));
#5196=CARTESIAN_POINT('Origin',(-113.3496818014,-71.5358844863961,3.));
#5197=CARTESIAN_POINT('Origin',(-73.3496818013995,36.4787242826055,0.725));
#5198=CARTESIAN_POINT('',(-70.1996818013995,36.4787242826055,0.));
#5199=CARTESIAN_POINT('Origin',(-73.3496818013995,36.4787242826055,0.));
#5200=CARTESIAN_POINT('',(-71.6496818013995,36.4787242826055,1.45));
#5201=CARTESIAN_POINT('',(-70.9246818013995,36.4787242826055,0.725));
#5202=CARTESIAN_POINT('Origin',(-73.3496818013995,36.4787242826055,1.45));
#5203=CARTESIAN_POINT('Origin',(-73.3496818013995,36.4787242826055,5.));
#5204=CARTESIAN_POINT('',(-71.6496818013995,36.4787242826055,3.));
#5205=CARTESIAN_POINT('',(-71.6496818013995,36.4787242826055,5.));
#5206=CARTESIAN_POINT('Origin',(-73.3496818013995,36.4787242826055,3.));
#5207=CARTESIAN_POINT('Origin',(259.6503181986,36.4787242826036,0.725));
#5208=CARTESIAN_POINT('',(262.8003181986,36.4787242826036,-8.18789480661053E-15));
#5209=CARTESIAN_POINT('Origin',(259.6503181986,36.4787242826036,0.));
#5210=CARTESIAN_POINT('',(261.3503181986,36.4787242826036,1.45000000000001));
#5211=CARTESIAN_POINT('',(262.0753181986,36.4787242826036,0.725));
#5212=CARTESIAN_POINT('Origin',(259.6503181986,36.4787242826036,1.45));
#5213=CARTESIAN_POINT('Origin',(259.6503181986,36.4787242826036,5.));
#5214=CARTESIAN_POINT('',(261.3503181986,36.4787242826037,3.));
#5215=CARTESIAN_POINT('',(261.3503181986,36.4787242826036,5.));
#5216=CARTESIAN_POINT('Origin',(259.6503181986,36.4787242826036,3.));
#5217=CARTESIAN_POINT('Origin',(-69.3496818014006,-110.021165860635,0.725));
#5218=CARTESIAN_POINT('',(-66.1996818014006,-110.021165860635,-6.93889390390723E-16));
#5219=CARTESIAN_POINT('Origin',(-69.3496818014006,-110.021165860635,0.));
#5220=CARTESIAN_POINT('',(-67.6496818014006,-110.021165860635,1.45));
#5221=CARTESIAN_POINT('',(-66.9246818014006,-110.021165860635,0.725));
#5222=CARTESIAN_POINT('Origin',(-69.3496818014006,-110.021165860635,1.45));
#5223=CARTESIAN_POINT('Origin',(-69.3496818014006,-110.021165860635,5.));
#5224=CARTESIAN_POINT('',(-67.6496818014006,-110.021165860635,3.));
#5225=CARTESIAN_POINT('',(-67.6496818014006,-110.021165860635,5.));
#5226=CARTESIAN_POINT('Origin',(-69.3496818014006,-110.021165860635,3.));
#5227=CARTESIAN_POINT('Origin',(-73.3496818014005,-34.5211658606353,0.725));
#5228=CARTESIAN_POINT('',(-70.1996818014005,-34.5211658606353,0.));
#5229=CARTESIAN_POINT('Origin',(-73.3496818014005,-34.5211658606353,0.));
#5230=CARTESIAN_POINT('',(-71.6496818014005,-34.5211658606353,1.45));
#5231=CARTESIAN_POINT('',(-70.9246818014005,-34.5211658606353,0.725));
#5232=CARTESIAN_POINT('Origin',(-73.3496818014005,-34.5211658606353,1.45));
#5233=CARTESIAN_POINT('Origin',(-73.3496818014005,-34.5211658606353,5.));
#5234=CARTESIAN_POINT('',(-71.6496818014005,-34.5211658606353,3.));
#5235=CARTESIAN_POINT('',(-71.6496818014005,-34.5211658606353,5.));
#5236=CARTESIAN_POINT('Origin',(-73.3496818014005,-34.5211658606353,3.));
#5237=CARTESIAN_POINT('Origin',(259.6503181986,-34.5211658606353,0.725));
#5238=CARTESIAN_POINT('',(262.8003181986,-34.5211658606353,-8.18789480661053E-15));
#5239=CARTESIAN_POINT('Origin',(259.6503181986,-34.5211658606353,0.));
#5240=CARTESIAN_POINT('',(261.3503181986,-34.5211658606353,1.45));
#5241=CARTESIAN_POINT('',(262.0753181986,-34.5211658606353,0.725));
#5242=CARTESIAN_POINT('Origin',(259.6503181986,-34.5211658606353,1.45));
#5243=CARTESIAN_POINT('Origin',(259.6503181986,-34.5211658606353,5.));
#5244=CARTESIAN_POINT('',(261.3503181986,-34.5211658606353,3.));
#5245=CARTESIAN_POINT('',(261.3503181986,-34.5211658606353,5.));
#5246=CARTESIAN_POINT('Origin',(259.6503181986,-34.5211658606353,3.));
#5247=CARTESIAN_POINT('Origin',(233.6503181986,-110.021165860635,0.725));
#5248=CARTESIAN_POINT('',(236.8003181986,-110.021165860635,-9.29811783123569E-15));
#5249=CARTESIAN_POINT('Origin',(233.6503181986,-110.021165860635,0.));
#5250=CARTESIAN_POINT('',(235.3503181986,-110.021165860635,1.45));
#5251=CARTESIAN_POINT('',(236.0753181986,-110.021165860635,0.725));
#5252=CARTESIAN_POINT('Origin',(233.6503181986,-110.021165860635,1.45));
#5253=CARTESIAN_POINT('Origin',(233.6503181986,-110.021165860635,5.));
#5254=CARTESIAN_POINT('',(235.3503181986,-110.021165860635,3.));
#5255=CARTESIAN_POINT('',(235.3503181986,-110.021165860635,5.));
#5256=CARTESIAN_POINT('Origin',(233.6503181986,-110.021165860635,3.));
#5257=CARTESIAN_POINT('Origin',(344.650318169204,109.935259726369,0.725));
#5258=CARTESIAN_POINT('',(347.800318169204,109.935259726369,-8.18789480661053E-15));
#5259=CARTESIAN_POINT('Origin',(344.650318169204,109.935259726369,0.));
#5260=CARTESIAN_POINT('',(346.350318169204,109.935259726369,1.45));
#5261=CARTESIAN_POINT('',(347.075318169204,109.935259726369,0.725));
#5262=CARTESIAN_POINT('Origin',(344.650318169204,109.935259726369,1.45));
#5263=CARTESIAN_POINT('Origin',(344.650318169204,109.935259726369,5.));
#5264=CARTESIAN_POINT('',(346.350318169204,109.93525972637,3.));
#5265=CARTESIAN_POINT('',(346.350318169204,109.935259726369,5.));
#5266=CARTESIAN_POINT('Origin',(344.650318169204,109.935259726369,3.));
#5267=CARTESIAN_POINT('Origin',(426.150318198598,-139.758835390303,1.13225010480728));
#5268=CARTESIAN_POINT('',(430.366818198598,-139.758835390303,1.80411241501588E-15));
#5269=CARTESIAN_POINT('Origin',(426.150318198598,-139.758835390303,0.));
#5270=CARTESIAN_POINT('',(428.398318198599,-139.758835390303,2.26450020961456));
#5271=CARTESIAN_POINT('',(429.382568198599,-139.758835390303,1.13225010480728));
#5272=CARTESIAN_POINT('Origin',(426.150318198598,-139.758835390303,2.26450020961456));
#5273=CARTESIAN_POINT('Origin',(426.150318198598,-139.758835390303,2.));
#5274=CARTESIAN_POINT('',(428.398318198599,-139.758835390303,3.));
#5275=CARTESIAN_POINT('',(428.398318198599,-139.758835390303,2.));
#5276=CARTESIAN_POINT('Origin',(426.150318198598,-139.758835390303,3.));
#5277=CARTESIAN_POINT('Origin',(-73.3496818014001,-139.7588353903,1.13225010480728));
#5278=CARTESIAN_POINT('',(-69.1331818014001,-139.7588353903,-2.77555756156289E-16));
#5279=CARTESIAN_POINT('Origin',(-73.3496818014001,-139.7588353903,0.));
#5280=CARTESIAN_POINT('',(-71.1016818014001,-139.7588353903,2.26450020961456));
#5281=CARTESIAN_POINT('',(-70.1174318014001,-139.7588353903,1.13225010480728));
#5282=CARTESIAN_POINT('Origin',(-73.3496818014001,-139.7588353903,2.26450020961456));
#5283=CARTESIAN_POINT('Origin',(-73.3496818014001,-139.7588353903,2.));
#5284=CARTESIAN_POINT('',(-71.1016818014,-139.7588353903,3.));
#5285=CARTESIAN_POINT('',(-71.1016818014001,-139.7588353903,2.));
#5286=CARTESIAN_POINT('Origin',(-73.3496818014001,-139.7588353903,3.));
#5287=CARTESIAN_POINT('Origin',(-239.849681801398,191.995724282448,1.13225010480728));
#5288=CARTESIAN_POINT('',(-235.633181801398,191.995724282448,1.80411241501588E-15));
#5289=CARTESIAN_POINT('Origin',(-239.849681801398,191.995724282448,0.));
#5290=CARTESIAN_POINT('',(-237.601681801398,191.995724282448,2.26450020961457));
#5291=CARTESIAN_POINT('',(-236.617431801398,191.995724282448,1.13225010480728));
#5292=CARTESIAN_POINT('Origin',(-239.849681801398,191.995724282448,2.26450020961456));
#5293=CARTESIAN_POINT('Origin',(-239.849681801398,191.995724282448,2.));
#5294=CARTESIAN_POINT('',(-237.601681801398,191.995724282448,3.));
#5295=CARTESIAN_POINT('',(-237.601681801398,191.995724282448,2.));
#5296=CARTESIAN_POINT('Origin',(-239.849681801398,191.995724282448,3.));
#5297=CARTESIAN_POINT('Origin',(-140.789681801399,191.995724282448,1.13225010480728));
#5298=CARTESIAN_POINT('',(-136.573181801399,191.995724282448,1.80411241501588E-15));
#5299=CARTESIAN_POINT('Origin',(-140.789681801399,191.995724282448,0.));
#5300=CARTESIAN_POINT('',(-138.541681801399,191.995724282448,2.26450020961457));
#5301=CARTESIAN_POINT('',(-137.557431801399,191.995724282448,1.13225010480728));
#5302=CARTESIAN_POINT('Origin',(-140.789681801399,191.995724282448,2.26450020961456));
#5303=CARTESIAN_POINT('Origin',(-140.789681801399,191.995724282448,2.));
#5304=CARTESIAN_POINT('',(-138.541681801399,191.995724282448,3.));
#5305=CARTESIAN_POINT('',(-138.541681801399,191.995724282448,2.));
#5306=CARTESIAN_POINT('Origin',(-140.789681801399,191.995724282448,3.));
#5307=CARTESIAN_POINT('Origin',(-119.849681801399,88.9957242824482,1.13225010480728));
#5308=CARTESIAN_POINT('',(-115.633181801399,88.9957242824482,1.80411241501588E-15));
#5309=CARTESIAN_POINT('Origin',(-119.849681801399,88.9957242824482,0.));
#5310=CARTESIAN_POINT('',(-117.601681801399,88.9957242824482,2.26450020961456));
#5311=CARTESIAN_POINT('',(-116.617431801399,88.9957242824482,1.13225010480728));
#5312=CARTESIAN_POINT('Origin',(-119.849681801399,88.9957242824482,2.26450020961456));
#5313=CARTESIAN_POINT('Origin',(-119.849681801399,88.9957242824482,2.));
#5314=CARTESIAN_POINT('',(-117.601681801399,88.9957242824482,3.));
#5315=CARTESIAN_POINT('',(-117.601681801399,88.9957242824482,2.));
#5316=CARTESIAN_POINT('Origin',(-119.849681801399,88.9957242824482,3.));
#5317=CARTESIAN_POINT('Origin',(426.150318198601,191.995724282445,1.13225010480728));
#5318=CARTESIAN_POINT('',(430.366818198601,191.995724282445,-5.41233724504764E-15));
#5319=CARTESIAN_POINT('Origin',(426.150318198601,191.995724282445,0.));
#5320=CARTESIAN_POINT('',(428.398318198601,191.995724282445,2.26450020961458));
#5321=CARTESIAN_POINT('',(429.3825681986,191.995724282445,1.13225010480728));
#5322=CARTESIAN_POINT('Origin',(426.150318198601,191.995724282445,2.26450020961456));
#5323=CARTESIAN_POINT('Origin',(426.150318198601,191.995724282445,2.));
#5324=CARTESIAN_POINT('',(428.398318198601,191.995724282445,3.));
#5325=CARTESIAN_POINT('',(428.398318198601,191.995724282445,2.));
#5326=CARTESIAN_POINT('Origin',(426.150318198601,191.995724282445,3.));
#5327=CARTESIAN_POINT('Origin',(327.090318198601,191.995724282445,1.13225010480728));
#5328=CARTESIAN_POINT('',(331.306818198601,191.995724282445,-5.55111512312578E-15));
#5329=CARTESIAN_POINT('Origin',(327.090318198601,191.995724282445,0.));
#5330=CARTESIAN_POINT('',(329.338318198601,191.995724282445,2.26450020961458));
#5331=CARTESIAN_POINT('',(330.322568198601,191.995724282445,1.13225010480728));
#5332=CARTESIAN_POINT('Origin',(327.090318198601,191.995724282445,2.26450020961456));
#5333=CARTESIAN_POINT('Origin',(327.090318198601,191.995724282445,2.));
#5334=CARTESIAN_POINT('',(329.338318198601,191.995724282445,3.));
#5335=CARTESIAN_POINT('',(329.338318198601,191.995724282445,2.));
#5336=CARTESIAN_POINT('Origin',(327.090318198601,191.995724282445,3.));
#5337=CARTESIAN_POINT('Origin',(327.090318198602,109.935724282446,1.13225010480728));
#5338=CARTESIAN_POINT('',(331.306818198602,109.935724282446,1.80411241501588E-15));
#5339=CARTESIAN_POINT('Origin',(327.090318198602,109.935724282446,0.));
#5340=CARTESIAN_POINT('',(329.338318198602,109.935724282446,2.26450020961457));
#5341=CARTESIAN_POINT('',(330.322568198602,109.935724282446,1.13225010480728));
#5342=CARTESIAN_POINT('Origin',(327.090318198602,109.935724282446,2.26450020961456));
#5343=CARTESIAN_POINT('Origin',(327.090318198602,109.935724282446,2.));
#5344=CARTESIAN_POINT('',(329.338318198602,109.935724282446,3.));
#5345=CARTESIAN_POINT('',(329.338318198602,109.935724282446,2.));
#5346=CARTESIAN_POINT('Origin',(327.090318198602,109.935724282446,3.));
#5347=CARTESIAN_POINT('Origin',(306.1503181986,88.9957242824458,1.13225010480728));
#5348=CARTESIAN_POINT('',(310.3668181986,88.9957242824458,1.80411241501588E-15));
#5349=CARTESIAN_POINT('Origin',(306.1503181986,88.9957242824458,0.));
#5350=CARTESIAN_POINT('',(308.3983181986,88.9957242824458,2.26450020961457));
#5351=CARTESIAN_POINT('',(309.3825681986,88.9957242824458,1.13225010480728));
#5352=CARTESIAN_POINT('Origin',(306.1503181986,88.9957242824458,2.26450020961456));
#5353=CARTESIAN_POINT('Origin',(306.1503181986,88.9957242824458,2.));
#5354=CARTESIAN_POINT('',(308.3983181986,88.9957242824459,3.));
#5355=CARTESIAN_POINT('',(308.3983181986,88.9957242824458,2.));
#5356=CARTESIAN_POINT('Origin',(306.1503181986,88.9957242824458,3.));
#5357=CARTESIAN_POINT('Origin',(337.090318198601,191.995724282445,1.13225010480728));
#5358=CARTESIAN_POINT('',(341.306818198601,191.995724282445,-5.55111512312578E-15));
#5359=CARTESIAN_POINT('Origin',(337.090318198601,191.995724282445,0.));
#5360=CARTESIAN_POINT('',(339.338318198601,191.995724282445,2.26450020961458));
#5361=CARTESIAN_POINT('',(340.322568198601,191.995724282445,1.13225010480728));
#5362=CARTESIAN_POINT('Origin',(337.090318198601,191.995724282445,2.26450020961456));
#5363=CARTESIAN_POINT('Origin',(337.090318198601,191.995724282445,2.));
#5364=CARTESIAN_POINT('',(339.338318198601,191.995724282445,3.));
#5365=CARTESIAN_POINT('',(339.338318198601,191.995724282445,2.));
#5366=CARTESIAN_POINT('Origin',(337.090318198601,191.995724282445,3.));
#5367=CARTESIAN_POINT('Origin',(93.1503181986007,88.9957242824471,1.13225010480728));
#5368=CARTESIAN_POINT('',(97.3668181986007,88.9957242824471,1.80411241501588E-15));
#5369=CARTESIAN_POINT('Origin',(93.1503181986007,88.9957242824471,0.));
#5370=CARTESIAN_POINT('',(95.3983181986007,88.9957242824471,2.26450020961456));
#5371=CARTESIAN_POINT('',(96.3825681986007,88.9957242824471,1.13225010480728));
#5372=CARTESIAN_POINT('Origin',(93.1503181986007,88.9957242824471,2.26450020961456));
#5373=CARTESIAN_POINT('Origin',(93.1503181986007,88.9957242824471,2.));
#5374=CARTESIAN_POINT('',(95.3983181986007,88.9957242824472,3.));
#5375=CARTESIAN_POINT('',(95.3983181986007,88.9957242824471,2.));
#5376=CARTESIAN_POINT('Origin',(93.1503181986007,88.9957242824471,3.));
#5377=CARTESIAN_POINT('Origin',(-140.7896818014,109.935724282448,1.13225010480728));
#5378=CARTESIAN_POINT('',(-136.5731818014,109.935724282448,1.80411241501588E-15));
#5379=CARTESIAN_POINT('Origin',(-140.7896818014,109.935724282448,0.));
#5380=CARTESIAN_POINT('',(-138.5416818014,109.935724282448,2.26450020961456));
#5381=CARTESIAN_POINT('',(-137.5574318014,109.935724282448,1.13225010480728));
#5382=CARTESIAN_POINT('Origin',(-140.7896818014,109.935724282448,2.26450020961456));
#5383=CARTESIAN_POINT('Origin',(-140.7896818014,109.935724282448,2.));
#5384=CARTESIAN_POINT('',(-138.5416818014,109.935724282448,3.));
#5385=CARTESIAN_POINT('',(-138.5416818014,109.935724282448,2.));
#5386=CARTESIAN_POINT('Origin',(-140.7896818014,109.935724282448,3.));
#5387=CARTESIAN_POINT('Origin',(-150.789681801399,191.995724282448,1.13225010480728));
#5388=CARTESIAN_POINT('',(-146.573181801399,191.995724282448,1.80411241501588E-15));
#5389=CARTESIAN_POINT('Origin',(-150.789681801399,191.995724282448,0.));
#5390=CARTESIAN_POINT('',(-148.541681801399,191.995724282448,2.26450020961457));
#5391=CARTESIAN_POINT('',(-147.557431801399,191.995724282448,1.13225010480728));
#5392=CARTESIAN_POINT('Origin',(-150.789681801399,191.995724282448,2.26450020961456));
#5393=CARTESIAN_POINT('Origin',(-150.789681801399,191.995724282448,2.));
#5394=CARTESIAN_POINT('',(-148.541681801399,191.995724282448,3.));
#5395=CARTESIAN_POINT('',(-148.541681801399,191.995724282448,2.));
#5396=CARTESIAN_POINT('Origin',(-150.789681801399,191.995724282448,3.));
#5397=CARTESIAN_POINT('Origin',(-239.8496818014,-139.7588353903,1.13225010480728));
#5398=CARTESIAN_POINT('',(-235.6331818014,-139.7588353903,1.80411241501588E-15));
#5399=CARTESIAN_POINT('Origin',(-239.8496818014,-139.7588353903,0.));
#5400=CARTESIAN_POINT('',(-237.6016818014,-139.7588353903,2.26450020961457));
#5401=CARTESIAN_POINT('',(-236.6174318014,-139.7588353903,1.13225010480728));
#5402=CARTESIAN_POINT('Origin',(-239.8496818014,-139.7588353903,2.26450020961456));
#5403=CARTESIAN_POINT('Origin',(-239.8496818014,-139.7588353903,2.));
#5404=CARTESIAN_POINT('',(-237.6016818014,-139.7588353903,3.));
#5405=CARTESIAN_POINT('',(-237.6016818014,-139.7588353903,2.));
#5406=CARTESIAN_POINT('Origin',(-239.8496818014,-139.7588353903,3.));
#5407=CARTESIAN_POINT('Origin',(93.1503181985995,-139.758835390301,1.13225010480728));
#5408=CARTESIAN_POINT('',(97.3668181985995,-139.758835390301,1.80411241501588E-15));
#5409=CARTESIAN_POINT('Origin',(93.1503181985995,-139.758835390301,0.));
#5410=CARTESIAN_POINT('',(95.3983181985995,-139.758835390301,2.26450020961456));
#5411=CARTESIAN_POINT('',(96.3825681985995,-139.758835390301,1.13225010480728));
#5412=CARTESIAN_POINT('Origin',(93.1503181985995,-139.758835390301,2.26450020961456));
#5413=CARTESIAN_POINT('Origin',(93.1503181985995,-139.758835390301,2.));
#5414=CARTESIAN_POINT('',(95.3983181985995,-139.758835390301,3.));
#5415=CARTESIAN_POINT('',(95.3983181985995,-139.758835390301,2.));
#5416=CARTESIAN_POINT('Origin',(93.1503181985995,-139.758835390301,3.));
#5417=CARTESIAN_POINT('Origin',(259.650318198599,-139.758835390302,1.13225010480728));
#5418=CARTESIAN_POINT('',(263.866818198599,-139.758835390302,1.80411241501588E-15));
#5419=CARTESIAN_POINT('Origin',(259.650318198599,-139.758835390302,0.));
#5420=CARTESIAN_POINT('',(261.898318198599,-139.758835390302,2.26450020961457));
#5421=CARTESIAN_POINT('',(262.882568198599,-139.758835390302,1.13225010480728));
#5422=CARTESIAN_POINT('Origin',(259.650318198599,-139.758835390302,2.26450020961456));
#5423=CARTESIAN_POINT('Origin',(259.650318198599,-139.758835390302,2.));
#5424=CARTESIAN_POINT('',(261.898318198599,-139.758835390302,3.));
#5425=CARTESIAN_POINT('',(261.898318198599,-139.758835390302,2.));
#5426=CARTESIAN_POINT('Origin',(259.650318198599,-139.758835390302,3.));
#5427=CARTESIAN_POINT('Origin',(-224.599681801398,122.435724282448,0.704888241524674));
#5428=CARTESIAN_POINT('',(-221.742181801398,122.435724282448,-3.88578058618805E-15));
#5429=CARTESIAN_POINT('Origin',(-224.599681801398,122.435724282448,0.));
#5430=CARTESIAN_POINT('',(-222.967681801398,122.435724282448,1.40977648304936));
#5431=CARTESIAN_POINT('',(-222.354931801398,122.435724282448,0.704888241524674));
#5432=CARTESIAN_POINT('Origin',(-224.599681801398,122.435724282448,1.40977648304935));
#5433=CARTESIAN_POINT('Origin',(-224.599681801398,122.435724282448,2.5));
#5434=CARTESIAN_POINT('',(-222.967681801398,122.435724282448,3.));
#5435=CARTESIAN_POINT('',(-222.967681801398,122.435724282448,2.5));
#5436=CARTESIAN_POINT('Origin',(-224.599681801398,122.435724282448,3.));
#5437=CARTESIAN_POINT('Origin',(-172.599681801398,174.435724282448,0.704888241524674));
#5438=CARTESIAN_POINT('',(-169.742181801398,174.435724282448,-5.55111512312578E-16));
#5439=CARTESIAN_POINT('Origin',(-172.599681801398,174.435724282448,0.));
#5440=CARTESIAN_POINT('',(-170.967681801398,174.435724282448,1.40977648304936));
#5441=CARTESIAN_POINT('',(-170.354931801398,174.435724282448,0.704888241524674));
#5442=CARTESIAN_POINT('Origin',(-172.599681801398,174.435724282448,1.40977648304935));
#5443=CARTESIAN_POINT('Origin',(-172.599681801398,174.435724282448,2.5));
#5444=CARTESIAN_POINT('',(-170.967681801398,174.435724282448,3.));
#5445=CARTESIAN_POINT('',(-170.967681801398,174.435724282448,2.5));
#5446=CARTESIAN_POINT('Origin',(-172.599681801398,174.435724282448,3.));
#5447=CARTESIAN_POINT('Origin',(333.150318198601,134.185724282447,0.704888241524674));
#5448=CARTESIAN_POINT('',(336.007818198601,134.185724282447,-1.19348975147204E-14));
#5449=CARTESIAN_POINT('Origin',(333.150318198601,134.185724282447,0.));
#5450=CARTESIAN_POINT('',(334.782318198601,134.185724282447,1.40977648304935));
#5451=CARTESIAN_POINT('',(335.395068198601,134.185724282447,0.704888241524674));
#5452=CARTESIAN_POINT('Origin',(333.150318198601,134.185724282447,1.40977648304935));
#5453=CARTESIAN_POINT('Origin',(333.150318198601,134.185724282447,2.5));
#5454=CARTESIAN_POINT('',(334.782318198601,134.185724282447,3.));
#5455=CARTESIAN_POINT('',(334.782318198601,134.185724282447,2.5));
#5456=CARTESIAN_POINT('Origin',(333.150318198601,134.185724282447,3.));
#5457=CARTESIAN_POINT('Origin',(421.1503181986,77.4357242824442,0.704888241524674));
#5458=CARTESIAN_POINT('',(424.0078181986,77.4357242824442,-1.02695629777827E-14));
#5459=CARTESIAN_POINT('Origin',(421.1503181986,77.4357242824442,0.));
#5460=CARTESIAN_POINT('',(422.7823181986,77.4357242824442,1.40977648304935));
#5461=CARTESIAN_POINT('',(423.3950681986,77.4357242824442,0.704888241524674));
#5462=CARTESIAN_POINT('Origin',(421.1503181986,77.4357242824442,1.40977648304935));
#5463=CARTESIAN_POINT('Origin',(421.1503181986,77.4357242824442,2.5));
#5464=CARTESIAN_POINT('',(422.7823181986,77.4357242824442,3.));
#5465=CARTESIAN_POINT('',(422.7823181986,77.4357242824442,2.5));
#5466=CARTESIAN_POINT('Origin',(421.1503181986,77.4357242824442,3.));
#5467=CARTESIAN_POINT('Origin',(369.1503181986,129.435724282444,0.704888241524674));
#5468=CARTESIAN_POINT('',(372.0078181986,129.435724282444,-1.19348975147204E-14));
#5469=CARTESIAN_POINT('Origin',(369.1503181986,129.435724282444,0.));
#5470=CARTESIAN_POINT('',(370.7823181986,129.435724282444,1.40977648304935));
#5471=CARTESIAN_POINT('',(371.3950681986,129.435724282444,0.704888241524674));
#5472=CARTESIAN_POINT('Origin',(369.1503181986,129.435724282444,1.40977648304935));
#5473=CARTESIAN_POINT('Origin',(369.1503181986,129.435724282444,2.5));
#5474=CARTESIAN_POINT('',(370.7823181986,129.435724282444,3.));
#5475=CARTESIAN_POINT('',(370.7823181986,129.435724282444,2.5));
#5476=CARTESIAN_POINT('Origin',(369.1503181986,129.435724282444,3.));
#5477=CARTESIAN_POINT('Origin',(-62.3496818013986,67.935724282448,0.704888241524674));
#5478=CARTESIAN_POINT('',(-59.4921818013986,67.935724282448,-1.38777878078145E-15));
#5479=CARTESIAN_POINT('Origin',(-62.3496818013986,67.935724282448,0.));
#5480=CARTESIAN_POINT('',(-60.7176818013986,67.935724282448,1.40977648304935));
#5481=CARTESIAN_POINT('',(-60.1049318013986,67.935724282448,0.704888241524674));
#5482=CARTESIAN_POINT('Origin',(-62.3496818013986,67.935724282448,1.40977648304935));
#5483=CARTESIAN_POINT('Origin',(-62.3496818013986,67.935724282448,2.5));
#5484=CARTESIAN_POINT('',(-60.7176818013986,67.9357242824479,3.));
#5485=CARTESIAN_POINT('',(-60.7176818013986,67.935724282448,2.5));
#5486=CARTESIAN_POINT('Origin',(-62.3496818013986,67.935724282448,3.));
#5487=CARTESIAN_POINT('Origin',(-37.3496818013986,71.4357242824479,0.704888241524674));
#5488=CARTESIAN_POINT('',(-34.4921818013986,71.4357242824479,-1.38777878078145E-15));
#5489=CARTESIAN_POINT('Origin',(-37.3496818013986,71.4357242824479,0.));
#5490=CARTESIAN_POINT('',(-35.7176818013986,71.4357242824479,1.40977648304935));
#5491=CARTESIAN_POINT('',(-35.1049318013986,71.4357242824479,0.704888241524674));
#5492=CARTESIAN_POINT('Origin',(-37.3496818013986,71.4357242824479,1.40977648304935));
#5493=CARTESIAN_POINT('Origin',(-37.3496818013986,71.4357242824479,2.5));
#5494=CARTESIAN_POINT('',(-35.7176818013986,71.4357242824479,3.));
#5495=CARTESIAN_POINT('',(-35.7176818013986,71.4357242824479,2.5));
#5496=CARTESIAN_POINT('Origin',(-37.3496818013986,71.4357242824479,3.));
#5497=CARTESIAN_POINT('Origin',(369.1503181986,77.4357242824442,0.704888241524674));
#5498=CARTESIAN_POINT('',(372.0078181986,77.4357242824442,-1.02695629777827E-14));
#5499=CARTESIAN_POINT('Origin',(369.1503181986,77.4357242824442,0.));
#5500=CARTESIAN_POINT('',(370.7823181986,77.4357242824442,1.40977648304935));
#5501=CARTESIAN_POINT('',(371.3950681986,77.4357242824442,0.704888241524674));
#5502=CARTESIAN_POINT('Origin',(369.1503181986,77.4357242824442,1.40977648304935));
#5503=CARTESIAN_POINT('Origin',(369.1503181986,77.4357242824442,2.5));
#5504=CARTESIAN_POINT('',(370.7823181986,77.4357242824442,3.));
#5505=CARTESIAN_POINT('',(370.7823181986,77.4357242824442,2.5));
#5506=CARTESIAN_POINT('Origin',(369.1503181986,77.4357242824442,3.));
#5507=CARTESIAN_POINT('Origin',(421.150318198601,129.435724282444,0.704888241524674));
#5508=CARTESIAN_POINT('',(424.0078181986,129.435724282444,-1.19348975147204E-14));
#5509=CARTESIAN_POINT('Origin',(421.150318198601,129.435724282444,0.));
#5510=CARTESIAN_POINT('',(422.7823181986,129.435724282444,1.40977648304935));
#5511=CARTESIAN_POINT('',(423.3950681986,129.435724282444,0.704888241524674));
#5512=CARTESIAN_POINT('Origin',(421.150318198601,129.435724282444,1.40977648304935));
#5513=CARTESIAN_POINT('Origin',(421.150318198601,129.435724282444,2.5));
#5514=CARTESIAN_POINT('',(422.7823181986,129.435724282444,3.));
#5515=CARTESIAN_POINT('',(422.782318198601,129.435724282444,2.5));
#5516=CARTESIAN_POINT('Origin',(421.150318198601,129.435724282444,3.));
#5517=CARTESIAN_POINT('Origin',(350.150318198601,164.685724282447,0.704888241524674));
#5518=CARTESIAN_POINT('',(353.007818198601,164.685724282447,-1.22124532708767E-14));
#5519=CARTESIAN_POINT('Origin',(350.150318198601,164.685724282447,0.));
#5520=CARTESIAN_POINT('',(351.782318198601,164.685724282447,1.40977648304936));
#5521=CARTESIAN_POINT('',(352.395068198601,164.685724282447,0.704888241524674));
#5522=CARTESIAN_POINT('Origin',(350.150318198601,164.685724282447,1.40977648304935));
#5523=CARTESIAN_POINT('Origin',(350.150318198601,164.685724282447,2.5));
#5524=CARTESIAN_POINT('',(351.782318198601,164.685724282447,3.));
#5525=CARTESIAN_POINT('',(351.782318198601,164.685724282447,2.5));
#5526=CARTESIAN_POINT('Origin',(350.150318198601,164.685724282447,3.));
#5527=CARTESIAN_POINT('Origin',(-172.599681801398,122.435724282448,0.704888241524674));
#5528=CARTESIAN_POINT('',(-169.742181801398,122.435724282448,-3.88578058618805E-15));
#5529=CARTESIAN_POINT('Origin',(-172.599681801398,122.435724282448,0.));
#5530=CARTESIAN_POINT('',(-170.967681801398,122.435724282448,1.40977648304936));
#5531=CARTESIAN_POINT('',(-170.354931801398,122.435724282448,0.704888241524674));
#5532=CARTESIAN_POINT('Origin',(-172.599681801398,122.435724282448,1.40977648304935));
#5533=CARTESIAN_POINT('Origin',(-172.599681801398,122.435724282448,2.5));
#5534=CARTESIAN_POINT('',(-170.967681801398,122.435724282448,3.));
#5535=CARTESIAN_POINT('',(-170.967681801398,122.435724282448,2.5));
#5536=CARTESIAN_POINT('Origin',(-172.599681801398,122.435724282448,3.));
#5537=CARTESIAN_POINT('Origin',(-224.599681801398,174.435724282448,0.704888241524674));
#5538=CARTESIAN_POINT('',(-221.742181801398,174.435724282448,-5.55111512312578E-16));
#5539=CARTESIAN_POINT('Origin',(-224.599681801398,174.435724282448,0.));
#5540=CARTESIAN_POINT('',(-222.967681801398,174.435724282448,1.40977648304936));
#5541=CARTESIAN_POINT('',(-222.354931801398,174.435724282448,0.704888241524674));
#5542=CARTESIAN_POINT('Origin',(-224.599681801398,174.435724282448,1.40977648304935));
#5543=CARTESIAN_POINT('Origin',(-224.599681801398,174.435724282448,2.5));
#5544=CARTESIAN_POINT('',(-222.967681801398,174.435724282448,3.));
#5545=CARTESIAN_POINT('',(-222.967681801398,174.435724282448,2.5));
#5546=CARTESIAN_POINT('Origin',(-224.599681801398,174.435724282448,3.));
#5547=CARTESIAN_POINT('Origin',(-422.935521933071,191.995724282615,1.13225010480729));
#5548=CARTESIAN_POINT('',(-422.935521933071,187.779224282615,2.1094237467878E-14));
#5549=CARTESIAN_POINT('Origin',(-422.935521933071,191.995724282615,7.105427357601E-14));
#5550=CARTESIAN_POINT('',(-422.935521933071,189.747724282615,2.26450020961456));
#5551=CARTESIAN_POINT('',(-422.935521933071,188.763474282615,1.13225010480726));
#5552=CARTESIAN_POINT('Origin',(-422.935521933071,191.995724282615,2.26450020961455));
#5553=CARTESIAN_POINT('Origin',(-422.935521933071,191.995724282615,2.00000000000006));
#5554=CARTESIAN_POINT('',(-422.935521933071,189.747724282615,3.00000000000004));
#5555=CARTESIAN_POINT('',(-422.935521933071,189.747724282615,2.00000000000004));
#5556=CARTESIAN_POINT('Origin',(-422.935521933071,191.995724282615,3.00000000000004));
#5557=CARTESIAN_POINT('Origin',(-293.135521933071,191.995724282614,1.13225010480871));
#5558=CARTESIAN_POINT('',(-293.135521933071,187.779224282614,1.48145384848419E-12));
#5559=CARTESIAN_POINT('Origin',(-293.135521933071,191.995724282614,1.52766688188422E-12));
#5560=CARTESIAN_POINT('',(-293.135521933071,189.747724282614,2.26450020961598));
#5561=CARTESIAN_POINT('',(-293.135521933071,188.763474282614,1.13225010480868));
#5562=CARTESIAN_POINT('Origin',(-293.135521933071,191.995724282614,2.26450020961597));
#5563=CARTESIAN_POINT('Origin',(-293.135521933071,191.995724282614,2.00000000000149));
#5564=CARTESIAN_POINT('',(-293.135521933071,189.747724282614,3.0000000000015));
#5565=CARTESIAN_POINT('',(-293.135521933071,189.747724282614,2.00000000000146));
#5566=CARTESIAN_POINT('Origin',(-293.135521933071,191.995724282614,3.0000000000015));
#5567=CARTESIAN_POINT('Origin',(609.236158330353,191.995724282568,1.13225010485465));
#5568=CARTESIAN_POINT('',(609.236158330352,187.779224282563,3.96062349583559E-11));
#5569=CARTESIAN_POINT('Origin',(609.236158330353,191.995724282569,4.06430444854777E-11));
#5570=CARTESIAN_POINT('',(609.236158330352,189.747724282568,2.26450020966144));
#5571=CARTESIAN_POINT('',(609.236158330352,188.763474282568,1.13225010485386));
#5572=CARTESIAN_POINT('Origin',(609.236158330353,191.995724282568,2.2645002096619));
#5573=CARTESIAN_POINT('Origin',(609.236158330353,191.995724282568,2.00000000004742));
#5574=CARTESIAN_POINT('',(609.236158330352,189.747724282568,3.00000000004012));
#5575=CARTESIAN_POINT('',(609.236158330352,189.747724282568,2.00000000004688));
#5576=CARTESIAN_POINT('Origin',(609.236158330353,191.995724282568,3.00000000004069));
#5577=CARTESIAN_POINT('Origin',(479.436158330353,191.9957242826,1.13225010485394));
#5578=CARTESIAN_POINT('',(479.436158330352,187.779224282594,3.89623056040733E-11));
#5579=CARTESIAN_POINT('Origin',(479.436158330353,191.9957242826,4.00035560232936E-11));
#5580=CARTESIAN_POINT('',(479.436158330352,189.7477242826,2.26450020966068));
#5581=CARTESIAN_POINT('',(479.436158330352,188.7634742826,1.13225010485315));
#5582=CARTESIAN_POINT('Origin',(479.436158330353,191.9957242826,2.26450020966119));
#5583=CARTESIAN_POINT('Origin',(479.436158330353,191.9957242826,2.00000000004671));
#5584=CARTESIAN_POINT('',(479.436158330352,189.7477242826,3.00000000003948));
#5585=CARTESIAN_POINT('',(479.436158330352,189.7477242826,2.00000000004617));
#5586=CARTESIAN_POINT('Origin',(479.436158330353,191.9957242826,3.00000000004005));
#5587=CARTESIAN_POINT('Origin',(-366.92767550368,112.942560585231,0.724999999999874));
#5588=CARTESIAN_POINT('',(-366.92767550368,109.792560585231,-3.41393580072236E-14));
#5589=CARTESIAN_POINT('Origin',(-366.92767550368,112.942560585231,0.));
#5590=CARTESIAN_POINT('',(-366.92767550368,111.242560585231,1.44999999999989));
#5591=CARTESIAN_POINT('',(-366.92767550368,110.517560585231,0.724999999999851));
#5592=CARTESIAN_POINT('Origin',(-366.92767550368,112.942560585231,1.44999999999985));
#5593=CARTESIAN_POINT('Origin',(-366.92767550368,112.942560585231,14.9999999999999));
#5594=CARTESIAN_POINT('',(-366.92767550368,111.242560585231,2.99999999999994));
#5595=CARTESIAN_POINT('',(-366.92767550368,111.242560585231,14.9999999999999));
#5596=CARTESIAN_POINT('Origin',(-366.92767550368,112.942560585231,2.99999999999997));
#5597=CARTESIAN_POINT('Origin',(-296.216997385025,42.2318824665764,0.725000000000016));
#5598=CARTESIAN_POINT('',(-296.216997385026,39.0818824665765,9.24260668000443E-14));
#5599=CARTESIAN_POINT('Origin',(-296.216997385025,42.2318824665764,1.4210854715202E-13));
#5600=CARTESIAN_POINT('',(-296.216997385026,40.5318824665764,1.45));
#5601=CARTESIAN_POINT('',(-296.216997385026,39.8068824665764,0.724999999999993));
#5602=CARTESIAN_POINT('Origin',(-296.216997385025,42.2318824665764,1.45));
#5603=CARTESIAN_POINT('Origin',(-296.216997385026,42.2318824665762,15.));
#5604=CARTESIAN_POINT('',(-296.216997385026,40.5318824665764,3.00000000000011));
#5605=CARTESIAN_POINT('',(-296.216997385026,40.5318824665762,15.));
#5606=CARTESIAN_POINT('Origin',(-296.216997385025,42.2318824665764,3.00000000000011));
#5607=CARTESIAN_POINT('Origin',(-437.638353622335,183.653238703886,0.724999999999767));
#5608=CARTESIAN_POINT('',(-437.638353622335,180.503238703886,-1.8471335572201E-13));
#5609=CARTESIAN_POINT('Origin',(-437.638353622335,183.653238703886,-1.4210854715202E-13));
#5610=CARTESIAN_POINT('',(-437.638353622335,181.953238703886,1.44999999999977));
#5611=CARTESIAN_POINT('',(-437.638353622335,181.228238703886,0.724999999999745));
#5612=CARTESIAN_POINT('Origin',(-437.638353622335,183.653238703886,1.44999999999975));
#5613=CARTESIAN_POINT('Origin',(-437.638353622335,183.653238703886,14.9999999999998));
#5614=CARTESIAN_POINT('',(-437.638353622335,181.953238703886,2.99999999999979));
#5615=CARTESIAN_POINT('',(-437.638353622335,181.953238703886,14.9999999999998));
#5616=CARTESIAN_POINT('Origin',(-437.638353622335,183.653238703886,2.99999999999983));
#5617=CARTESIAN_POINT('Origin',(553.228311900942,112.942560585199,0.725000000027904));
#5618=CARTESIAN_POINT('',(553.228311900941,109.792560585192,2.04057604147323E-11));
#5619=CARTESIAN_POINT('Origin',(553.228311900942,112.942560585199,2.1174173525651E-11));
#5620=CARTESIAN_POINT('',(553.228311900941,111.242560585199,1.45000000002749));
#5621=CARTESIAN_POINT('',(553.228311900941,110.517560585199,0.725000000027316));
#5622=CARTESIAN_POINT('Origin',(553.228311900942,112.942560585199,1.45000000002788));
#5623=CARTESIAN_POINT('Origin',(553.228311900942,112.942560585195,15.0000000000279));
#5624=CARTESIAN_POINT('',(553.228311900941,111.242560585198,3.00000000002079));
#5625=CARTESIAN_POINT('',(553.228311900941,111.242560585195,15.0000000000275));
#5626=CARTESIAN_POINT('Origin',(553.228311900942,112.942560585198,3.00000000002122));
#5627=CARTESIAN_POINT('Origin',(482.517633782269,42.2318824665618,0.725000000010283));
#5628=CARTESIAN_POINT('',(482.517633782268,39.0818824665553,2.81413781166862E-12));
#5629=CARTESIAN_POINT('Origin',(482.517633782269,42.231882466562,3.62376795237651E-12));
#5630=CARTESIAN_POINT('',(482.517633782269,40.5318824665617,1.45000000000988));
#5631=CARTESIAN_POINT('',(482.517633782269,39.8068824665618,0.725000000009695));
#5632=CARTESIAN_POINT('Origin',(482.517633782269,42.2318824665617,1.45000000001026));
#5633=CARTESIAN_POINT('Origin',(482.517633782269,42.2318824665584,15.0000000000103));
#5634=CARTESIAN_POINT('',(482.517633782269,40.5318824665613,3.00000000000324));
#5635=CARTESIAN_POINT('',(482.517633782269,40.5318824665584,15.0000000000099));
#5636=CARTESIAN_POINT('Origin',(482.517633782269,42.2318824665613,3.00000000000367));
#5637=CARTESIAN_POINT('Origin',(623.938990019614,183.653238703836,0.725000000045384));
#5638=CARTESIAN_POINT('',(623.938990019613,180.503238703829,3.7860686807889E-11));
#5639=CARTESIAN_POINT('Origin',(623.938990019614,183.653238703836,3.86535248253495E-11));
#5640=CARTESIAN_POINT('',(623.938990019614,181.953238703836,1.45000000004497));
#5641=CARTESIAN_POINT('',(623.938990019614,181.228238703836,0.725000000044795));
#5642=CARTESIAN_POINT('Origin',(623.938990019614,183.653238703836,1.45000000004536));
#5643=CARTESIAN_POINT('Origin',(623.938990019614,183.653238703832,15.0000000000454));
#5644=CARTESIAN_POINT('',(623.938990019614,181.953238703835,3.00000000003827));
#5645=CARTESIAN_POINT('',(623.938990019614,181.953238703832,15.000000000045));
#5646=CARTESIAN_POINT('Origin',(623.938990019614,183.653238703835,3.0000000000387));
#5647=CARTESIAN_POINT('Origin',(479.436158330344,155.9357242826,3.78719278160133E-11));
#5648=CARTESIAN_POINT('',(479.436158330343,154.1857242826,3.74456021745573E-11));
#5649=CARTESIAN_POINT('Origin',(479.436158330344,155.9357242826,3.11928260998684E-11));
#5650=CARTESIAN_POINT('',(479.436158330343,154.185724282599,3.00000000003081));
#5651=CARTESIAN_POINT('',(479.436158330343,154.1857242826,3.74473875031248E-11));
#5652=CARTESIAN_POINT('Origin',(479.436158330344,155.935724282599,3.00000000003124));
#5653=CARTESIAN_POINT('Origin',(479.436158330349,175.9357242826,4.2774672692758E-11));
#5654=CARTESIAN_POINT('',(479.436158330347,169.4357242826,4.11404244005098E-11));
#5655=CARTESIAN_POINT('Origin',(479.436158330349,175.9357242826,3.60955709766131E-11));
#5656=CARTESIAN_POINT('',(479.436158330347,169.4357242826,3.0000000000345));
#5657=CARTESIAN_POINT('',(479.436158330347,169.4357242826,4.11978086734576E-11));
#5658=CARTESIAN_POINT('Origin',(479.436158330349,175.9357242826,3.00000000003614));
#5659=CARTESIAN_POINT('Origin',(479.436158330337,126.9357242826,3.08375547319883E-11));
#5660=CARTESIAN_POINT('',(479.436158330336,125.1857242826,3.04112290905323E-11));
#5661=CARTESIAN_POINT('Origin',(479.436158330337,126.9357242826,2.41584530158434E-11));
#5662=CARTESIAN_POINT('',(479.436158330336,125.185724282599,3.00000000002377));
#5663=CARTESIAN_POINT('',(479.436158330336,125.1857242826,3.04130144190998E-11));
#5664=CARTESIAN_POINT('Origin',(479.436158330337,126.935724282599,3.0000000000242));
#5665=CARTESIAN_POINT('Origin',(-294.813191462744,23.4935527651329,716.99999999987));
#5666=CARTESIAN_POINT('',(-294.813191462741,-128.535884486397,-2.8421709430404E-13));
#5667=CARTESIAN_POINT('',(-294.813191462741,23.4935527651263,-2.48689957516035E-13));
#5668=CARTESIAN_POINT('',(-294.813191462741,25.5559986056041,-1.4210854715202E-13));
#5669=CARTESIAN_POINT('',(-294.813191462741,-128.535884486397,2.99999999999983));
#5670=CARTESIAN_POINT('',(-294.813191462743,-128.53588448639,716.999999999871));
#5671=CARTESIAN_POINT('',(-294.813191462741,23.4935527651263,2.99999999999986));
#5672=CARTESIAN_POINT('',(-294.813191462741,25.5559986056041,2.99999999999976));
#5673=CARTESIAN_POINT('',(-294.813191462744,23.4935527651329,716.99999999987));
#5674=CARTESIAN_POINT('Origin',(481.113827859977,23.4935527651189,5.75539615965681E-12));
#5675=CARTESIAN_POINT('',(481.113827859939,-128.535884486405,3.00000000000033));
#5676=CARTESIAN_POINT('',(481.113827859977,23.4935527651182,3.00000000000033));
#5677=CARTESIAN_POINT('',(481.113827859978,25.5559986055934,3.00000000000033));
#5678=CARTESIAN_POINT('',(481.113827859939,-128.535884486404,-3.11217718262924E-11));
#5679=CARTESIAN_POINT('',(481.113827859939,-128.535884486404,-3.11217718262924E-11));
#5680=CARTESIAN_POINT('',(481.113827859977,23.4935527651189,5.75539615965681E-12));
#5681=CARTESIAN_POINT('',(481.113827859978,25.5559986055934,7.105427357601E-14));
#5682=CARTESIAN_POINT('',(481.113827859977,23.4935527651189,5.75539615965681E-12));
#5683=CARTESIAN_POINT('Origin',(-291.813191462743,-128.53588448639,716.999999999871));
#5684=CARTESIAN_POINT('',(-293.9345118063,-130.657204829956,-2.48689957516035E-13));
#5685=CARTESIAN_POINT('Origin',(-291.813191462741,-128.535884486397,1.10134124042816E-12));
#5686=CARTESIAN_POINT('',(-293.9345118063,-130.657204829956,2.99999999999986));
#5687=CARTESIAN_POINT('',(-293.934511806303,-130.65720482995,716.999999999871));
#5688=CARTESIAN_POINT('Origin',(-291.813191462741,-128.535884486397,3.00000000000107));
#5689=CARTESIAN_POINT('Origin',(-300.813191462744,23.4935527651329,716.99999999987));
#5690=CARTESIAN_POINT('',(-296.570550775621,27.7361934522456,2.99999999999979));
#5691=CARTESIAN_POINT('Origin',(-300.813191462741,23.4935527651264,2.99999999999965));
#5692=CARTESIAN_POINT('',(-296.570550775621,27.7361934522456,-3.19744231092045E-13));
#5693=CARTESIAN_POINT('',(-296.570550775624,27.7361934522521,716.999999999869));
#5694=CARTESIAN_POINT('Origin',(-300.813191462741,23.4935527651263,-4.61852778244065E-13));
#5695=CARTESIAN_POINT('Origin',(487.113827859977,23.4935527651174,5.82645043323282E-12));
#5696=CARTESIAN_POINT('',(482.871187172859,27.736193452237,3.0000000000004));
#5697=CARTESIAN_POINT('Origin',(487.113827859977,23.4935527651167,2.99999999999912));
#5698=CARTESIAN_POINT('',(482.871187172859,27.7361934522377,6.82121026329696E-12));
#5699=CARTESIAN_POINT('Origin',(487.113827859977,23.4935527651174,-9.2370555648813E-13));
#5700=CARTESIAN_POINT('',(482.871187172859,27.7361934522377,6.82121026329696E-12));
#5701=CARTESIAN_POINT('Origin',(-293.934511806303,-130.65720482995,716.999999999871));
#5702=CARTESIAN_POINT('',(-279.771560902398,-144.820155733859,0.));
#5703=CARTESIAN_POINT('',(-349.055446640532,-75.5362699957232,-6.03961325396085E-13));
#5704=CARTESIAN_POINT('',(-279.771560902398,-144.820155733859,2.99999999999983));
#5705=CARTESIAN_POINT('',(-279.771560902401,-144.820155733852,716.999999999871));
#5706=CARTESIAN_POINT('',(-349.055446640532,-75.5362699957232,2.99999999999937));
#5707=CARTESIAN_POINT('Origin',(-452.134042636665,183.299685313293,716.999999999867));
#5708=CARTESIAN_POINT('',(-452.134042636662,183.299685313286,2.99999999999862));
#5709=CARTESIAN_POINT('',(-389.215872227493,120.381514904118,2.99999999999915));
#5710=CARTESIAN_POINT('',(-452.134042636662,183.299685313286,-1.49213974509621E-12));
#5711=CARTESIAN_POINT('',(-452.134042636665,183.299685313293,716.999999999867));
#5712=CARTESIAN_POINT('',(-389.215872227493,120.381514904117,-8.88178419700125E-13));
#5713=CARTESIAN_POINT('Origin',(638.434679033938,183.299685313239,4.53326265414944E-11));
#5714=CARTESIAN_POINT('',(638.434679033938,183.299685313238,3.00000000000054));
#5715=CARTESIAN_POINT('',(575.516508624754,120.381514904086,3.00000000000047));
#5716=CARTESIAN_POINT('',(638.434679033938,183.299685313239,4.53326265414944E-11));
#5717=CARTESIAN_POINT('',(575.516508624754,120.381514904086,5.6843418860808E-13));
#5718=CARTESIAN_POINT('',(638.434679033938,183.299685313239,4.53326265414944E-11));
#5719=CARTESIAN_POINT('Origin',(-277.650240558841,-142.698835390293,716.999999999871));
#5720=CARTESIAN_POINT('',(-277.650240558838,-145.698835390299,3.5527136788005E-14));
#5721=CARTESIAN_POINT('Origin',(-277.650240558838,-142.698835390299,1.27897692436818E-12));
#5722=CARTESIAN_POINT('',(-277.650240558838,-145.698835390299,2.99999999999986));
#5723=CARTESIAN_POINT('',(-277.650240558841,-145.698835390299,716.999999999871));
#5724=CARTESIAN_POINT('Origin',(-277.650240558838,-142.698835390299,3.00000000000111));
#5725=CARTESIAN_POINT('Origin',(-450.012722293105,185.421005656852,716.999999999867));
#5726=CARTESIAN_POINT('',(-452.935521933074,184.744808744267,2.99999999999859));
#5727=CARTESIAN_POINT('Origin',(-450.012722293102,185.421005656846,2.99999999999756));
#5728=CARTESIAN_POINT('',(-452.93552193307,184.74480874425,-1.45661260830821E-12));
#5729=CARTESIAN_POINT('',(-452.935521933076,184.744808744268,716.999999999867));
#5730=CARTESIAN_POINT('Origin',(-450.012722293102,185.421005656846,-2.41584530158434E-12));
#5731=CARTESIAN_POINT('Origin',(636.313358690379,185.421005656799,4.59010607301025E-11));
#5732=CARTESIAN_POINT('',(639.236158330351,184.744808744219,3.00000000000054));
#5733=CARTESIAN_POINT('Origin',(636.313358690379,185.421005656799,3.00000000003919));
#5734=CARTESIAN_POINT('',(639.236158330351,184.74480874422,4.56878979093744E-11));
#5735=CARTESIAN_POINT('Origin',(636.313358690379,185.421005656799,3.91509047403815E-11));
#5736=CARTESIAN_POINT('',(639.236158330351,184.744808744219,4.57589521829505E-11));
#5737=CARTESIAN_POINT('Origin',(463.950876956033,-142.698835390302,-3.45323769579409E-11));
#5738=CARTESIAN_POINT('',(463.950876956032,-145.698835390303,3.0000000000004));
#5739=CARTESIAN_POINT('',(466.072197299592,-144.820155733863,3.0000000000004));
#5740=CARTESIAN_POINT('Origin',(463.950876956033,-142.698835390303,2.99999999995876));
#5741=CARTESIAN_POINT('',(463.950876956032,-145.698835390302,-3.5242919693701E-11));
#5742=CARTESIAN_POINT('',(463.950876956032,-145.698835390302,-3.5242919693701E-11));
#5743=CARTESIAN_POINT('',(466.072197299592,-144.820155733862,-3.50297568729729E-11));
#5744=CARTESIAN_POINT('Origin',(463.950876956033,-142.698835390302,-4.12825329476618E-11));
#5745=CARTESIAN_POINT('',(466.072197299592,-144.820155733862,-3.50297568729729E-11));
#5746=CARTESIAN_POINT('Origin',(480.235148203498,-130.657204829964,-3.15480974677484E-11));
#5747=CARTESIAN_POINT('',(480.235148203498,-130.657204829964,3.00000000000033));
#5748=CARTESIAN_POINT('',(535.356083037744,-75.5362699957447,3.0000000000004));
#5749=CARTESIAN_POINT('',(480.235148203498,-130.657204829964,-3.16191517413245E-11));
#5750=CARTESIAN_POINT('',(535.356083037744,-75.5362699957444,3.5527136788005E-13));
#5751=CARTESIAN_POINT('',(480.235148203498,-130.657204829964,-3.16191517413245E-11));
#5752=CARTESIAN_POINT('Origin',(478.113827859939,-128.535884486403,-3.10507175527164E-11));
#5753=CARTESIAN_POINT('Origin',(478.113827859939,-128.535884486404,2.99999999996224));
#5754=CARTESIAN_POINT('Origin',(478.113827859939,-128.535884486403,-3.78008735424373E-11));
#5755=CARTESIAN_POINT('Origin',(93.1503181986006,27.6184444460744,3.));
#5756=CARTESIAN_POINT('',(639.236158330355,200.935724282403,3.0000000000009));
#5757=CARTESIAN_POINT('',(639.236158330271,-145.698835390345,3.0000000000009));
#5758=CARTESIAN_POINT('',(452.436158330355,200.935724282448,2.99999999999997));
#5759=CARTESIAN_POINT('',(438.864478066847,200.935724282451,2.9999999999999));
#5760=CARTESIAN_POINT('',(452.43615833027,-145.6988353903,2.9999999999999));
#5761=CARTESIAN_POINT('',(452.436158330313,27.6184444460742,3.00000000000033));
#5762=CARTESIAN_POINT('',(438.864478066763,-145.698835390296,3.00000000000011));
#5763=CARTESIAN_POINT('Origin',(639.236158330355,200.935724282403,3.0000000000009));
#5764=CARTESIAN_POINT('',(639.236158330355,200.935724282403,9.2370555648813E-13));
#5765=CARTESIAN_POINT('',(639.236158330271,-145.698835390345,9.2370555648813E-13));
#5766=CARTESIAN_POINT('',(639.236158330355,200.935724282403,3.0000000000009));
#5767=CARTESIAN_POINT('Origin',(93.1503181986006,27.6184444460744,0.));
#5768=CARTESIAN_POINT('',(-452.93552193307,200.93572428245,-1.4210854715202E-12));
#5769=CARTESIAN_POINT('',(-452.93552193307,200.93572428245,-1.4210854715202E-12));
#5770=CARTESIAN_POINT('',(-266.13552193307,200.935724282448,0.));
#5771=CARTESIAN_POINT('',(-266.13552193307,200.935724282448,0.));
#5772=CARTESIAN_POINT('',(-266.135521933073,-145.698835390299,0.));
#5773=CARTESIAN_POINT('',(-266.135521933072,27.6184444460745,0.));
#5774=CARTESIAN_POINT('',(-252.563841669565,-145.6988353903,1.06581410364015E-13));
#5775=CARTESIAN_POINT('Origin',(93.1503181986006,27.6184444460744,3.));
#5776=CARTESIAN_POINT('',(-266.135521933073,-145.698835390299,3.00000000000001));
#5777=CARTESIAN_POINT('',(-252.563841669565,-145.6988353903,3.00000000000011));
#5778=CARTESIAN_POINT('',(-266.13552193307,200.935724282448,2.99999999999997));
#5779=CARTESIAN_POINT('',(-266.135521933072,27.6184444460745,3.00000000000001));
#5780=CARTESIAN_POINT('',(-452.93552193307,200.93572428245,2.99999999999859));
#5781=CARTESIAN_POINT('',(-252.563841669562,200.935724282448,3.00000000000011));
#5782=CARTESIAN_POINT('',(-452.93552193307,200.93572428245,2.99999999999859));
#5783=CARTESIAN_POINT('Origin',(93.1503181986006,27.6184444460744,0.));
#5784=CARTESIAN_POINT('',(-259.349681801316,200.935724282448,0.));
#5785=CARTESIAN_POINT('',(-266.13552193307,200.935724282448,2.22044604925031E-14));
#5786=CARTESIAN_POINT('',(-259.349681801319,-145.698835390299,0.));
#5787=CARTESIAN_POINT('',(-259.349681801317,114.277084364263,0.));
#5788=CARTESIAN_POINT('',(-259.349681801319,-145.698835390299,2.88657986402541E-14));
#5789=CARTESIAN_POINT('Origin',(-259.349681801319,-145.698835390299,3.00000000000008));
#5790=CARTESIAN_POINT('',(-266.135521933073,-145.698835390299,2.34000000000002));
#5791=CARTESIAN_POINT('Origin',(-259.349681801316,200.935724282448,1.68000000000004));
#5792=CARTESIAN_POINT('',(-266.13552193307,200.935724282448,2.33999999999998));
#5793=CARTESIAN_POINT('',(-259.349681801316,200.935724282448,3.));
#5794=CARTESIAN_POINT('',(-266.13552193307,200.935724282448,3.00000000000003));
#5795=CARTESIAN_POINT('',(-259.349681801316,200.935724282448,1.5));
#5796=CARTESIAN_POINT('Origin',(-259.349681801319,-145.698835390299,1.68000000000004));
#5797=CARTESIAN_POINT('',(-259.349681801319,-145.698835390299,3.));
#5798=CARTESIAN_POINT('',(-259.349681801319,-145.698835390299,1.5));
#5799=CARTESIAN_POINT('',(-266.135521933073,-145.698835390299,3.00000000000003));
#5800=CARTESIAN_POINT('Origin',(-452.93552193307,200.93572428245,2.99999999999859));
#5801=CARTESIAN_POINT('',(-452.93552193307,200.93572428245,2.99999999999859));
#5802=CARTESIAN_POINT('Origin',(-452.935521933073,-145.698835390298,2.99999999999859));
#5803=CARTESIAN_POINT('Origin',(93.1503181986006,27.6184444460744,3.));
#5804=CARTESIAN_POINT('',(-259.349681801317,114.277084364263,3.));
#5805=CARTESIAN_POINT('Origin',(93.1503181986006,27.6184444460744,0.));
#5806=CARTESIAN_POINT('',(452.43615833027,-145.6988353903,0.));
#5807=CARTESIAN_POINT('',(452.436158330355,200.935724282448,0.));
#5808=CARTESIAN_POINT('',(452.436158330313,27.6184444460742,-7.105427357601E-14));
#5809=CARTESIAN_POINT('',(445.650318198517,-145.698835390298,0.));
#5810=CARTESIAN_POINT('',(452.43615833027,-145.6988353903,-3.77475828372553E-14));
#5811=CARTESIAN_POINT('',(445.650318198601,200.93572428245,0.));
#5812=CARTESIAN_POINT('',(445.650318198538,-59.0401954721546,0.));
#5813=CARTESIAN_POINT('',(445.650318198601,200.93572428245,2.88657986402541E-14));
#5814=CARTESIAN_POINT('Origin',(445.650318198601,200.93572428245,2.99999999999997));
#5815=CARTESIAN_POINT('',(452.436158330355,200.935724282448,2.34000000000002));
#5816=CARTESIAN_POINT('',(438.864478066847,200.935724282451,-7.105427357601E-14));
#5817=CARTESIAN_POINT('Origin',(445.650318198517,-145.698835390298,1.68000000000001));
#5818=CARTESIAN_POINT('',(452.43615833027,-145.6988353903,2.34000000000002));
#5819=CARTESIAN_POINT('',(445.650318198517,-145.698835390298,3.));
#5820=CARTESIAN_POINT('',(452.436158330271,-145.6988353903,2.99999999999986));
#5821=CARTESIAN_POINT('',(445.650318198517,-145.698835390299,1.5));
#5822=CARTESIAN_POINT('Origin',(445.650318198601,200.93572428245,1.68000000000001));
#5823=CARTESIAN_POINT('',(445.650318198601,200.93572428245,3.));
#5824=CARTESIAN_POINT('',(445.650318198601,200.935724282448,1.5));
#5825=CARTESIAN_POINT('',(452.436158330355,200.935724282448,2.99999999999993));
#5826=CARTESIAN_POINT('Origin',(639.236158330271,-145.698835390345,3.0000000000009));
#5827=CARTESIAN_POINT('',(452.436158330271,-145.6988353903,0.));
#5828=CARTESIAN_POINT('Origin',(93.1503181986006,27.6184444460744,3.));
#5829=CARTESIAN_POINT('',(445.650318198538,-59.0401954721546,3.));
#5830=CARTESIAN_POINT('Origin',(93.1503181986006,27.6184444460744,0.));
#5831=CARTESIAN_POINT('Origin',(-265.3496818014,-145.698835390299,0.));
#5832=CARTESIAN_POINT('',(-265.3496818014,-145.698835390299,0.));
#5833=CARTESIAN_POINT('',(-265.3496818014,-145.698835390299,3.));
#5834=CARTESIAN_POINT('Origin',(451.650318198601,200.935724282448,0.));
#5835=CARTESIAN_POINT('',(318.150318198601,200.935724282448,0.));
#5836=CARTESIAN_POINT('',(-265.349681801398,200.935724282448,0.));
#5837=CARTESIAN_POINT('',(318.150318198601,200.935724282448,3.));
#5838=CARTESIAN_POINT('',(318.150318198601,200.935724282448,0.));
#5839=CARTESIAN_POINT('',(-265.349681801398,200.935724282448,3.));
#5840=CARTESIAN_POINT('Origin',(93.1503181986006,27.6184444460744,0.));
#5841=CARTESIAN_POINT('',(-265.349681801398,200.935724282448,0.));
#5842=CARTESIAN_POINT('',(318.150318198601,97.935724282446,0.));
#5843=CARTESIAN_POINT('Origin',(-131.849681801399,200.935724282448,0.));
#5844=CARTESIAN_POINT('',(-265.349681801398,200.935724282448,3.));
#5845=CARTESIAN_POINT('Origin',(318.150318198601,200.935724282448,0.));
#5846=CARTESIAN_POINT('',(318.150318198601,97.935724282446,3.));
#5847=CARTESIAN_POINT('Origin',(93.1503181986006,27.6184444460744,3.));
#5848=UNCERTAINTY_MEASURE_WITH_UNIT(LENGTH_MEASURE(0.01),#5852,
'DISTANCE_ACCURACY_VALUE',
'Maximum model space distance between geometric entities at asserted c
onnectivities');
#5849=UNCERTAINTY_MEASURE_WITH_UNIT(LENGTH_MEASURE(0.01),#5852,
'DISTANCE_ACCURACY_VALUE',
'Maximum model space distance between geometric entities at asserted c
onnectivities');
#5850=(
GEOMETRIC_REPRESENTATION_CONTEXT(3)
GLOBAL_UNCERTAINTY_ASSIGNED_CONTEXT((#5848))
GLOBAL_UNIT_ASSIGNED_CONTEXT((#5852,#5854,#5855))
REPRESENTATION_CONTEXT('','3D')
);
#5851=(
GEOMETRIC_REPRESENTATION_CONTEXT(3)
GLOBAL_UNCERTAINTY_ASSIGNED_CONTEXT((#5849))
GLOBAL_UNIT_ASSIGNED_CONTEXT((#5852,#5854,#5855))
REPRESENTATION_CONTEXT('','3D')
);
#5852=(
LENGTH_UNIT()
NAMED_UNIT(*)
SI_UNIT(.MILLI.,.METRE.)
);
#5853=(
LENGTH_UNIT()
NAMED_UNIT(*)
SI_UNIT($,.METRE.)
);
#5854=(
NAMED_UNIT(*)
PLANE_ANGLE_UNIT()
SI_UNIT($,.RADIAN.)
);
#5855=(
NAMED_UNIT(*)
SI_UNIT($,.STERADIAN.)
SOLID_ANGLE_UNIT()
);
#5856=SHAPE_DEFINITION_REPRESENTATION(#5857,#5858);
#5857=PRODUCT_DEFINITION_SHAPE('',$,#5860);
#5858=SHAPE_REPRESENTATION('',(#3468),#5850);
#5859=PRODUCT_DEFINITION_CONTEXT('part definition',#5864,'design');
#5860=PRODUCT_DEFINITION('Bottom Plate','Bottom Plate',#5861,#5859);
#5861=PRODUCT_DEFINITION_FORMATION('',$,#5866);
#5862=PRODUCT_RELATED_PRODUCT_CATEGORY('Bottom Plate','Bottom Plate',(#5866));
#5863=APPLICATION_PROTOCOL_DEFINITION('international standard',
'automotive_design',2009,#5864);
#5864=APPLICATION_CONTEXT(
'Core Data for Automotive Mechanical Design Process');
#5865=PRODUCT_CONTEXT('part definition',#5864,'mechanical');
#5866=PRODUCT('Bottom Plate','Bottom Plate',$,(#5865));
#5867=PRESENTATION_STYLE_ASSIGNMENT((#5870));
#5868=PRESENTATION_STYLE_ASSIGNMENT((#5871));
#5869=PRESENTATION_STYLE_ASSIGNMENT((#5872));
#5870=SURFACE_STYLE_USAGE(.BOTH.,#5873);
#5871=SURFACE_STYLE_USAGE(.BOTH.,#5874);
#5872=SURFACE_STYLE_USAGE(.BOTH.,#5875);
#5873=SURFACE_SIDE_STYLE('',(#5876));
#5874=SURFACE_SIDE_STYLE('',(#5877));
#5875=SURFACE_SIDE_STYLE('',(#5878));
#5876=SURFACE_STYLE_FILL_AREA(#5879);
#5877=SURFACE_STYLE_FILL_AREA(#5880);
#5878=SURFACE_STYLE_FILL_AREA(#5881);
#5879=FILL_AREA_STYLE('Steel - Satin',(#5882));
#5880=FILL_AREA_STYLE('Aluminum - Satin',(#5883));
#5881=FILL_AREA_STYLE('Plastic - Matte (Black) (1)',(#5884));
#5882=FILL_AREA_STYLE_COLOUR('Steel - Satin',#5885);
#5883=FILL_AREA_STYLE_COLOUR('Aluminum - Satin',#5886);
#5884=FILL_AREA_STYLE_COLOUR('Plastic - Matte (Black) (1)',#5887);
#5885=COLOUR_RGB('Steel - Satin',0.627450980392157,0.627450980392157,0.627450980392157);
#5886=COLOUR_RGB('Aluminum - Satin',0.96078431372549,0.96078431372549,0.964705882352941);
#5887=COLOUR_RGB('Plastic - Matte (Black) (1)',0.47843137254902,0.474509803921569,
0.474509803921569);
ENDSEC;
END-ISO-10303-21;
