ISO-10303-21;
HEADER;
/* Generated by software containing ST-Developer
 * from STEP Tools, Inc. (www.steptools.com) 
 */

FILE_DESCRIPTION(
/* description */ (''),
/* implementation_level */ '2;1');

FILE_NAME(
/* name */ 
'C:/Users/anton/Documents/Kerbal Space Program/Kerbal_Control_Panel/KC
P2/CAD/ForManufacture/casing/Panel_MountingPlate_v96_FlatPattern.step',

/* time_stamp */ '2020-11-16T22:05:18-08:00',
/* author */ (''),
/* organization */ (''),
/* preprocessor_version */ 'ST-DEVELOPER v18.1',
/* originating_system */ 'Autodesk Translation Framework v9.3.0.1241',
/* authorisation */ '');

FILE_SCHEMA (('AUTOMOTIVE_DESIGN { 1 0 10303 214 3 1 1 }'));
ENDSEC;

DATA;
#10=MECHANICAL_DESIGN_GEOMETRIC_PRESENTATION_REPRESENTATION('',(#14,#15),
#9505);
#11=SHAPE_REPRESENTATION_RELATIONSHIP('SRR','None',#9512,#12);
#12=ADVANCED_BREP_SHAPE_REPRESENTATION('',(#13),#9504);
#13=MANIFOLD_SOLID_BREP('Body1',#5635);
#14=STYLED_ITEM('',(#9523),#5464);
#15=STYLED_ITEM('',(#9522),#13);
#16=FACE_BOUND('',#645,.T.);
#17=FACE_BOUND('',#646,.T.);
#18=FACE_BOUND('',#647,.T.);
#19=FACE_BOUND('',#652,.T.);
#20=FACE_BOUND('',#653,.T.);
#21=FACE_BOUND('',#654,.T.);
#22=FACE_BOUND('',#655,.T.);
#23=FACE_BOUND('',#656,.T.);
#24=FACE_BOUND('',#661,.T.);
#25=FACE_BOUND('',#662,.T.);
#26=FACE_BOUND('',#663,.T.);
#27=FACE_BOUND('',#724,.T.);
#28=FACE_BOUND('',#725,.T.);
#29=FACE_BOUND('',#726,.T.);
#30=FACE_BOUND('',#727,.T.);
#31=FACE_BOUND('',#728,.T.);
#32=FACE_BOUND('',#729,.T.);
#33=FACE_BOUND('',#730,.T.);
#34=FACE_BOUND('',#731,.T.);
#35=FACE_BOUND('',#732,.T.);
#36=FACE_BOUND('',#733,.T.);
#37=FACE_BOUND('',#734,.T.);
#38=FACE_BOUND('',#735,.T.);
#39=FACE_BOUND('',#736,.T.);
#40=FACE_BOUND('',#737,.T.);
#41=FACE_BOUND('',#738,.T.);
#42=FACE_BOUND('',#739,.T.);
#43=FACE_BOUND('',#740,.T.);
#44=FACE_BOUND('',#741,.T.);
#45=FACE_BOUND('',#742,.T.);
#46=FACE_BOUND('',#743,.T.);
#47=FACE_BOUND('',#744,.T.);
#48=FACE_BOUND('',#745,.T.);
#49=FACE_BOUND('',#746,.T.);
#50=FACE_BOUND('',#747,.T.);
#51=FACE_BOUND('',#748,.T.);
#52=FACE_BOUND('',#749,.T.);
#53=FACE_BOUND('',#750,.T.);
#54=FACE_BOUND('',#751,.T.);
#55=FACE_BOUND('',#752,.T.);
#56=FACE_BOUND('',#753,.T.);
#57=FACE_BOUND('',#754,.T.);
#58=FACE_BOUND('',#755,.T.);
#59=FACE_BOUND('',#756,.T.);
#60=FACE_BOUND('',#757,.T.);
#61=FACE_BOUND('',#758,.T.);
#62=FACE_BOUND('',#759,.T.);
#63=FACE_BOUND('',#760,.T.);
#64=FACE_BOUND('',#761,.T.);
#65=FACE_BOUND('',#762,.T.);
#66=FACE_BOUND('',#763,.T.);
#67=FACE_BOUND('',#764,.T.);
#68=FACE_BOUND('',#765,.T.);
#69=FACE_BOUND('',#766,.T.);
#70=FACE_BOUND('',#767,.T.);
#71=FACE_BOUND('',#768,.T.);
#72=FACE_BOUND('',#769,.T.);
#73=FACE_BOUND('',#770,.T.);
#74=FACE_BOUND('',#771,.T.);
#75=FACE_BOUND('',#772,.T.);
#76=FACE_BOUND('',#773,.T.);
#77=FACE_BOUND('',#774,.T.);
#78=FACE_BOUND('',#832,.T.);
#79=FACE_BOUND('',#833,.T.);
#80=FACE_BOUND('',#834,.T.);
#81=FACE_BOUND('',#835,.T.);
#82=FACE_BOUND('',#836,.T.);
#83=FACE_BOUND('',#837,.T.);
#84=FACE_BOUND('',#838,.T.);
#85=FACE_BOUND('',#839,.T.);
#86=FACE_BOUND('',#840,.T.);
#87=FACE_BOUND('',#841,.T.);
#88=FACE_BOUND('',#842,.T.);
#89=FACE_BOUND('',#843,.T.);
#90=FACE_BOUND('',#844,.T.);
#91=FACE_BOUND('',#845,.T.);
#92=FACE_BOUND('',#846,.T.);
#93=FACE_BOUND('',#847,.T.);
#94=FACE_BOUND('',#848,.T.);
#95=FACE_BOUND('',#849,.T.);
#96=FACE_BOUND('',#850,.T.);
#97=FACE_BOUND('',#851,.T.);
#98=FACE_BOUND('',#852,.T.);
#99=FACE_BOUND('',#853,.T.);
#100=FACE_BOUND('',#854,.T.);
#101=FACE_BOUND('',#855,.T.);
#102=FACE_BOUND('',#856,.T.);
#103=FACE_BOUND('',#857,.T.);
#104=FACE_BOUND('',#858,.T.);
#105=FACE_BOUND('',#859,.T.);
#106=FACE_BOUND('',#860,.T.);
#107=FACE_BOUND('',#861,.T.);
#108=FACE_BOUND('',#862,.T.);
#109=FACE_BOUND('',#863,.T.);
#110=FACE_BOUND('',#864,.T.);
#111=FACE_BOUND('',#865,.T.);
#112=FACE_BOUND('',#866,.T.);
#113=FACE_BOUND('',#867,.T.);
#114=FACE_BOUND('',#868,.T.);
#115=FACE_BOUND('',#869,.T.);
#116=FACE_BOUND('',#870,.T.);
#117=FACE_BOUND('',#871,.T.);
#118=FACE_BOUND('',#872,.T.);
#119=FACE_BOUND('',#873,.T.);
#120=FACE_BOUND('',#874,.T.);
#121=FACE_BOUND('',#875,.T.);
#122=FACE_BOUND('',#876,.T.);
#123=FACE_BOUND('',#877,.T.);
#124=FACE_BOUND('',#878,.T.);
#125=FACE_BOUND('',#879,.T.);
#126=FACE_BOUND('',#880,.T.);
#127=FACE_BOUND('',#881,.T.);
#128=FACE_BOUND('',#882,.T.);
#129=FACE_BOUND('',#901,.T.);
#130=FACE_BOUND('',#902,.T.);
#131=FACE_BOUND('',#903,.T.);
#132=FACE_BOUND('',#904,.T.);
#133=FACE_BOUND('',#905,.T.);
#134=FACE_BOUND('',#923,.T.);
#135=FACE_BOUND('',#924,.T.);
#136=FACE_BOUND('',#925,.T.);
#137=FACE_BOUND('',#932,.T.);
#138=FACE_BOUND('',#933,.T.);
#139=FACE_BOUND('',#934,.T.);
#140=PLANE('',#5652);
#141=PLANE('',#5653);
#142=PLANE('',#5654);
#143=PLANE('',#5655);
#144=PLANE('',#5656);
#145=PLANE('',#5657);
#146=PLANE('',#5658);
#147=PLANE('',#5659);
#148=PLANE('',#5660);
#149=PLANE('',#5661);
#150=PLANE('',#5662);
#151=PLANE('',#5663);
#152=PLANE('',#5664);
#153=PLANE('',#5665);
#154=PLANE('',#5666);
#155=PLANE('',#5667);
#156=PLANE('',#5668);
#157=PLANE('',#5672);
#158=PLANE('',#5676);
#159=PLANE('',#5680);
#160=PLANE('',#5684);
#161=PLANE('',#5691);
#162=PLANE('',#5695);
#163=PLANE('',#5702);
#164=PLANE('',#5706);
#165=PLANE('',#5710);
#166=PLANE('',#5714);
#167=PLANE('',#5721);
#168=PLANE('',#5725);
#169=PLANE('',#5732);
#170=PLANE('',#5736);
#171=PLANE('',#5737);
#172=PLANE('',#5744);
#173=PLANE('',#5748);
#174=PLANE('',#5755);
#175=PLANE('',#5759);
#176=PLANE('',#5760);
#177=PLANE('',#5767);
#178=PLANE('',#5773);
#179=PLANE('',#5780);
#180=PLANE('',#5787);
#181=PLANE('',#5794);
#182=PLANE('',#5801);
#183=PLANE('',#5805);
#184=PLANE('',#5809);
#185=PLANE('',#5816);
#186=PLANE('',#5823);
#187=PLANE('',#5830);
#188=PLANE('',#5837);
#189=PLANE('',#5844);
#190=PLANE('',#5851);
#191=PLANE('',#5858);
#192=PLANE('',#5865);
#193=PLANE('',#5872);
#194=PLANE('',#5879);
#195=PLANE('',#5883);
#196=PLANE('',#5887);
#197=PLANE('',#5891);
#198=PLANE('',#5898);
#199=PLANE('',#5964);
#200=PLANE('',#5969);
#201=PLANE('',#5974);
#202=PLANE('',#5979);
#203=PLANE('',#5982);
#204=PLANE('',#5989);
#205=PLANE('',#5994);
#206=PLANE('',#5999);
#207=PLANE('',#6004);
#208=PLANE('',#6009);
#209=PLANE('',#6014);
#210=PLANE('',#6017);
#211=PLANE('',#6018);
#212=PLANE('',#6019);
#213=PLANE('',#6020);
#214=PLANE('',#6021);
#215=PLANE('',#6022);
#216=PLANE('',#6023);
#217=PLANE('',#6024);
#218=PLANE('',#6025);
#219=PLANE('',#6026);
#220=PLANE('',#6027);
#221=PLANE('',#6028);
#222=PLANE('',#6029);
#223=PLANE('',#6030);
#224=PLANE('',#6031);
#225=PLANE('',#6032);
#226=PLANE('',#6033);
#227=PLANE('',#6034);
#228=PLANE('',#6035);
#229=PLANE('',#6036);
#230=PLANE('',#6037);
#231=PLANE('',#6038);
#232=PLANE('',#6039);
#233=PLANE('',#6040);
#234=PLANE('',#6041);
#235=PLANE('',#6086);
#236=PLANE('',#6087);
#237=PLANE('',#6088);
#238=PLANE('',#6089);
#239=PLANE('',#6090);
#240=PLANE('',#6091);
#241=PLANE('',#6092);
#242=PLANE('',#6093);
#243=PLANE('',#6104);
#244=PLANE('',#6105);
#245=PLANE('',#6106);
#246=PLANE('',#6107);
#247=PLANE('',#6108);
#248=PLANE('',#6109);
#249=PLANE('',#6110);
#250=PLANE('',#6111);
#251=PLANE('',#6112);
#252=PLANE('',#6113);
#253=PLANE('',#6114);
#254=PLANE('',#6127);
#255=PLANE('',#6128);
#256=PLANE('',#6129);
#257=PLANE('',#6130);
#258=PLANE('',#6131);
#259=PLANE('',#6132);
#260=PLANE('',#6133);
#261=PLANE('',#6134);
#262=PLANE('',#6135);
#263=PLANE('',#6136);
#264=PLANE('',#6137);
#265=PLANE('',#6138);
#266=PLANE('',#6139);
#267=PLANE('',#6184);
#268=PLANE('',#6185);
#269=PLANE('',#6186);
#270=PLANE('',#6187);
#271=PLANE('',#6188);
#272=PLANE('',#6189);
#273=PLANE('',#6190);
#274=PLANE('',#6191);
#275=PLANE('',#6192);
#276=PLANE('',#6193);
#277=PLANE('',#6194);
#278=PLANE('',#6195);
#279=PLANE('',#6196);
#280=PLANE('',#6197);
#281=PLANE('',#6198);
#282=PLANE('',#6199);
#283=PLANE('',#6200);
#284=PLANE('',#6201);
#285=PLANE('',#6202);
#286=PLANE('',#6203);
#287=PLANE('',#6204);
#288=PLANE('',#6205);
#289=PLANE('',#6206);
#290=PLANE('',#6207);
#291=PLANE('',#6208);
#292=PLANE('',#6209);
#293=B_SPLINE_CURVE_WITH_KNOTS('',3,(#7889,#7890,#7891,#7892),
 .UNSPECIFIED.,.F.,.F.,(4,4),(0.25345167670795,0.302511187571101),
 .UNSPECIFIED.);
#294=B_SPLINE_CURVE_WITH_KNOTS('',3,(#7894,#7895,#7896,#7897,#7898),
 .UNSPECIFIED.,.F.,.F.,(4,1,4),(-2.98956518577533,-2.23950997288745,-1.47901994577489),
 .UNSPECIFIED.);
#295=B_SPLINE_CURVE_WITH_KNOTS('',3,(#7900,#7901,#7902,#7903),
 .UNSPECIFIED.,.F.,.F.,(4,4),(0.97196880439392,1.02142575854914),
 .UNSPECIFIED.);
#296=B_SPLINE_CURVE_WITH_KNOTS('',3,(#8070,#8071,#8072,#8073),
 .UNSPECIFIED.,.F.,.F.,(4,4),(0.257003494209765,0.306460448364973),
 .UNSPECIFIED.);
#297=B_SPLINE_CURVE_WITH_KNOTS('',3,(#8075,#8076,#8077,#8078,#8079,#8080,
#8081),.UNSPECIFIED.,.F.,.F.,(4,3,4),(-0.0209800542252522,0.739509972887351,
1.48956518577534),.UNSPECIFIED.);
#298=B_SPLINE_CURVE_WITH_KNOTS('',3,(#8082,#8083,#8084,#8085),
 .UNSPECIFIED.,.F.,.F.,(4,4),(0.91550442772355,0.964556226693065),
 .UNSPECIFIED.);
#299=B_SPLINE_SURFACE_WITH_KNOTS('',3,3,((#7865,#7866,#7867,#7868),(#7869,
#7870,#7871,#7872),(#7873,#7874,#7875,#7876),(#7877,#7878,#7879,#7880),
(#7881,#7882,#7883,#7884)),.UNSPECIFIED.,.F.,.F.,.F.,(4,1,4),(4,4),(-3.,
-2.23950997288745,-1.47901994577489),(0.,0.252680255142119),
 .UNSPECIFIED.);
#300=B_SPLINE_SURFACE_WITH_KNOTS('',3,3,((#8049,#8050,#8051,#8052),(#8053,
#8054,#8055,#8056),(#8057,#8058,#8059,#8060),(#8061,#8062,#8063,#8064),
(#8065,#8066,#8067,#8068)),.UNSPECIFIED.,.F.,.F.,.F.,(4,1,4),(4,4),(-1.49999999999993,
-0.739509972887341,0.0209800542252519),(1.3181160716528,1.5707963267949),
 .UNSPECIFIED.);
#301=FACE_OUTER_BOUND('',#592,.T.);
#302=FACE_OUTER_BOUND('',#593,.T.);
#303=FACE_OUTER_BOUND('',#594,.T.);
#304=FACE_OUTER_BOUND('',#595,.T.);
#305=FACE_OUTER_BOUND('',#596,.T.);
#306=FACE_OUTER_BOUND('',#597,.T.);
#307=FACE_OUTER_BOUND('',#598,.T.);
#308=FACE_OUTER_BOUND('',#599,.T.);
#309=FACE_OUTER_BOUND('',#600,.T.);
#310=FACE_OUTER_BOUND('',#601,.T.);
#311=FACE_OUTER_BOUND('',#602,.T.);
#312=FACE_OUTER_BOUND('',#603,.T.);
#313=FACE_OUTER_BOUND('',#604,.T.);
#314=FACE_OUTER_BOUND('',#605,.T.);
#315=FACE_OUTER_BOUND('',#606,.T.);
#316=FACE_OUTER_BOUND('',#607,.T.);
#317=FACE_OUTER_BOUND('',#608,.T.);
#318=FACE_OUTER_BOUND('',#609,.T.);
#319=FACE_OUTER_BOUND('',#610,.T.);
#320=FACE_OUTER_BOUND('',#611,.T.);
#321=FACE_OUTER_BOUND('',#612,.T.);
#322=FACE_OUTER_BOUND('',#613,.T.);
#323=FACE_OUTER_BOUND('',#614,.T.);
#324=FACE_OUTER_BOUND('',#615,.T.);
#325=FACE_OUTER_BOUND('',#616,.T.);
#326=FACE_OUTER_BOUND('',#617,.T.);
#327=FACE_OUTER_BOUND('',#618,.T.);
#328=FACE_OUTER_BOUND('',#619,.T.);
#329=FACE_OUTER_BOUND('',#620,.T.);
#330=FACE_OUTER_BOUND('',#621,.T.);
#331=FACE_OUTER_BOUND('',#622,.T.);
#332=FACE_OUTER_BOUND('',#623,.T.);
#333=FACE_OUTER_BOUND('',#624,.T.);
#334=FACE_OUTER_BOUND('',#625,.T.);
#335=FACE_OUTER_BOUND('',#626,.T.);
#336=FACE_OUTER_BOUND('',#627,.T.);
#337=FACE_OUTER_BOUND('',#628,.T.);
#338=FACE_OUTER_BOUND('',#629,.T.);
#339=FACE_OUTER_BOUND('',#630,.T.);
#340=FACE_OUTER_BOUND('',#631,.T.);
#341=FACE_OUTER_BOUND('',#632,.T.);
#342=FACE_OUTER_BOUND('',#633,.T.);
#343=FACE_OUTER_BOUND('',#634,.T.);
#344=FACE_OUTER_BOUND('',#635,.T.);
#345=FACE_OUTER_BOUND('',#636,.T.);
#346=FACE_OUTER_BOUND('',#637,.T.);
#347=FACE_OUTER_BOUND('',#638,.T.);
#348=FACE_OUTER_BOUND('',#639,.T.);
#349=FACE_OUTER_BOUND('',#640,.T.);
#350=FACE_OUTER_BOUND('',#641,.T.);
#351=FACE_OUTER_BOUND('',#642,.T.);
#352=FACE_OUTER_BOUND('',#643,.T.);
#353=FACE_OUTER_BOUND('',#644,.T.);
#354=FACE_OUTER_BOUND('',#648,.T.);
#355=FACE_OUTER_BOUND('',#649,.T.);
#356=FACE_OUTER_BOUND('',#650,.T.);
#357=FACE_OUTER_BOUND('',#651,.T.);
#358=FACE_OUTER_BOUND('',#657,.T.);
#359=FACE_OUTER_BOUND('',#658,.T.);
#360=FACE_OUTER_BOUND('',#659,.T.);
#361=FACE_OUTER_BOUND('',#660,.T.);
#362=FACE_OUTER_BOUND('',#664,.T.);
#363=FACE_OUTER_BOUND('',#665,.T.);
#364=FACE_OUTER_BOUND('',#666,.T.);
#365=FACE_OUTER_BOUND('',#667,.T.);
#366=FACE_OUTER_BOUND('',#668,.T.);
#367=FACE_OUTER_BOUND('',#669,.T.);
#368=FACE_OUTER_BOUND('',#670,.T.);
#369=FACE_OUTER_BOUND('',#671,.T.);
#370=FACE_OUTER_BOUND('',#672,.T.);
#371=FACE_OUTER_BOUND('',#673,.T.);
#372=FACE_OUTER_BOUND('',#674,.T.);
#373=FACE_OUTER_BOUND('',#675,.T.);
#374=FACE_OUTER_BOUND('',#676,.T.);
#375=FACE_OUTER_BOUND('',#677,.T.);
#376=FACE_OUTER_BOUND('',#678,.T.);
#377=FACE_OUTER_BOUND('',#679,.T.);
#378=FACE_OUTER_BOUND('',#680,.T.);
#379=FACE_OUTER_BOUND('',#681,.T.);
#380=FACE_OUTER_BOUND('',#682,.T.);
#381=FACE_OUTER_BOUND('',#683,.T.);
#382=FACE_OUTER_BOUND('',#684,.T.);
#383=FACE_OUTER_BOUND('',#685,.T.);
#384=FACE_OUTER_BOUND('',#686,.T.);
#385=FACE_OUTER_BOUND('',#687,.T.);
#386=FACE_OUTER_BOUND('',#688,.T.);
#387=FACE_OUTER_BOUND('',#689,.T.);
#388=FACE_OUTER_BOUND('',#690,.T.);
#389=FACE_OUTER_BOUND('',#691,.T.);
#390=FACE_OUTER_BOUND('',#692,.T.);
#391=FACE_OUTER_BOUND('',#693,.T.);
#392=FACE_OUTER_BOUND('',#694,.T.);
#393=FACE_OUTER_BOUND('',#695,.T.);
#394=FACE_OUTER_BOUND('',#696,.T.);
#395=FACE_OUTER_BOUND('',#697,.T.);
#396=FACE_OUTER_BOUND('',#698,.T.);
#397=FACE_OUTER_BOUND('',#699,.T.);
#398=FACE_OUTER_BOUND('',#700,.T.);
#399=FACE_OUTER_BOUND('',#701,.T.);
#400=FACE_OUTER_BOUND('',#702,.T.);
#401=FACE_OUTER_BOUND('',#703,.T.);
#402=FACE_OUTER_BOUND('',#704,.T.);
#403=FACE_OUTER_BOUND('',#705,.T.);
#404=FACE_OUTER_BOUND('',#706,.T.);
#405=FACE_OUTER_BOUND('',#707,.T.);
#406=FACE_OUTER_BOUND('',#708,.T.);
#407=FACE_OUTER_BOUND('',#709,.T.);
#408=FACE_OUTER_BOUND('',#710,.T.);
#409=FACE_OUTER_BOUND('',#711,.T.);
#410=FACE_OUTER_BOUND('',#712,.T.);
#411=FACE_OUTER_BOUND('',#713,.T.);
#412=FACE_OUTER_BOUND('',#714,.T.);
#413=FACE_OUTER_BOUND('',#715,.T.);
#414=FACE_OUTER_BOUND('',#716,.T.);
#415=FACE_OUTER_BOUND('',#717,.T.);
#416=FACE_OUTER_BOUND('',#718,.T.);
#417=FACE_OUTER_BOUND('',#719,.T.);
#418=FACE_OUTER_BOUND('',#720,.T.);
#419=FACE_OUTER_BOUND('',#721,.T.);
#420=FACE_OUTER_BOUND('',#722,.T.);
#421=FACE_OUTER_BOUND('',#723,.T.);
#422=FACE_OUTER_BOUND('',#775,.T.);
#423=FACE_OUTER_BOUND('',#776,.T.);
#424=FACE_OUTER_BOUND('',#777,.T.);
#425=FACE_OUTER_BOUND('',#778,.T.);
#426=FACE_OUTER_BOUND('',#779,.T.);
#427=FACE_OUTER_BOUND('',#780,.T.);
#428=FACE_OUTER_BOUND('',#781,.T.);
#429=FACE_OUTER_BOUND('',#782,.T.);
#430=FACE_OUTER_BOUND('',#783,.T.);
#431=FACE_OUTER_BOUND('',#784,.T.);
#432=FACE_OUTER_BOUND('',#785,.T.);
#433=FACE_OUTER_BOUND('',#786,.T.);
#434=FACE_OUTER_BOUND('',#787,.T.);
#435=FACE_OUTER_BOUND('',#788,.T.);
#436=FACE_OUTER_BOUND('',#789,.T.);
#437=FACE_OUTER_BOUND('',#790,.T.);
#438=FACE_OUTER_BOUND('',#791,.T.);
#439=FACE_OUTER_BOUND('',#792,.T.);
#440=FACE_OUTER_BOUND('',#793,.T.);
#441=FACE_OUTER_BOUND('',#794,.T.);
#442=FACE_OUTER_BOUND('',#795,.T.);
#443=FACE_OUTER_BOUND('',#796,.T.);
#444=FACE_OUTER_BOUND('',#797,.T.);
#445=FACE_OUTER_BOUND('',#798,.T.);
#446=FACE_OUTER_BOUND('',#799,.T.);
#447=FACE_OUTER_BOUND('',#800,.T.);
#448=FACE_OUTER_BOUND('',#801,.T.);
#449=FACE_OUTER_BOUND('',#802,.T.);
#450=FACE_OUTER_BOUND('',#803,.T.);
#451=FACE_OUTER_BOUND('',#804,.T.);
#452=FACE_OUTER_BOUND('',#805,.T.);
#453=FACE_OUTER_BOUND('',#806,.T.);
#454=FACE_OUTER_BOUND('',#807,.T.);
#455=FACE_OUTER_BOUND('',#808,.T.);
#456=FACE_OUTER_BOUND('',#809,.T.);
#457=FACE_OUTER_BOUND('',#810,.T.);
#458=FACE_OUTER_BOUND('',#811,.T.);
#459=FACE_OUTER_BOUND('',#812,.T.);
#460=FACE_OUTER_BOUND('',#813,.T.);
#461=FACE_OUTER_BOUND('',#814,.T.);
#462=FACE_OUTER_BOUND('',#815,.T.);
#463=FACE_OUTER_BOUND('',#816,.T.);
#464=FACE_OUTER_BOUND('',#817,.T.);
#465=FACE_OUTER_BOUND('',#818,.T.);
#466=FACE_OUTER_BOUND('',#819,.T.);
#467=FACE_OUTER_BOUND('',#820,.T.);
#468=FACE_OUTER_BOUND('',#821,.T.);
#469=FACE_OUTER_BOUND('',#822,.T.);
#470=FACE_OUTER_BOUND('',#823,.T.);
#471=FACE_OUTER_BOUND('',#824,.T.);
#472=FACE_OUTER_BOUND('',#825,.T.);
#473=FACE_OUTER_BOUND('',#826,.T.);
#474=FACE_OUTER_BOUND('',#827,.T.);
#475=FACE_OUTER_BOUND('',#828,.T.);
#476=FACE_OUTER_BOUND('',#829,.T.);
#477=FACE_OUTER_BOUND('',#830,.T.);
#478=FACE_OUTER_BOUND('',#831,.T.);
#479=FACE_OUTER_BOUND('',#883,.T.);
#480=FACE_OUTER_BOUND('',#884,.T.);
#481=FACE_OUTER_BOUND('',#885,.T.);
#482=FACE_OUTER_BOUND('',#886,.T.);
#483=FACE_OUTER_BOUND('',#887,.T.);
#484=FACE_OUTER_BOUND('',#888,.T.);
#485=FACE_OUTER_BOUND('',#889,.T.);
#486=FACE_OUTER_BOUND('',#890,.T.);
#487=FACE_OUTER_BOUND('',#891,.T.);
#488=FACE_OUTER_BOUND('',#892,.T.);
#489=FACE_OUTER_BOUND('',#893,.T.);
#490=FACE_OUTER_BOUND('',#894,.T.);
#491=FACE_OUTER_BOUND('',#895,.T.);
#492=FACE_OUTER_BOUND('',#896,.T.);
#493=FACE_OUTER_BOUND('',#897,.T.);
#494=FACE_OUTER_BOUND('',#898,.T.);
#495=FACE_OUTER_BOUND('',#899,.T.);
#496=FACE_OUTER_BOUND('',#900,.T.);
#497=FACE_OUTER_BOUND('',#906,.T.);
#498=FACE_OUTER_BOUND('',#907,.T.);
#499=FACE_OUTER_BOUND('',#908,.T.);
#500=FACE_OUTER_BOUND('',#909,.T.);
#501=FACE_OUTER_BOUND('',#910,.T.);
#502=FACE_OUTER_BOUND('',#911,.T.);
#503=FACE_OUTER_BOUND('',#912,.T.);
#504=FACE_OUTER_BOUND('',#913,.T.);
#505=FACE_OUTER_BOUND('',#914,.T.);
#506=FACE_OUTER_BOUND('',#915,.T.);
#507=FACE_OUTER_BOUND('',#916,.T.);
#508=FACE_OUTER_BOUND('',#917,.T.);
#509=FACE_OUTER_BOUND('',#918,.T.);
#510=FACE_OUTER_BOUND('',#919,.T.);
#511=FACE_OUTER_BOUND('',#920,.T.);
#512=FACE_OUTER_BOUND('',#921,.T.);
#513=FACE_OUTER_BOUND('',#922,.T.);
#514=FACE_OUTER_BOUND('',#926,.T.);
#515=FACE_OUTER_BOUND('',#927,.T.);
#516=FACE_OUTER_BOUND('',#928,.T.);
#517=FACE_OUTER_BOUND('',#929,.T.);
#518=FACE_OUTER_BOUND('',#930,.T.);
#519=FACE_OUTER_BOUND('',#931,.T.);
#520=FACE_OUTER_BOUND('',#935,.T.);
#521=FACE_OUTER_BOUND('',#936,.T.);
#522=FACE_OUTER_BOUND('',#937,.T.);
#523=FACE_OUTER_BOUND('',#938,.T.);
#524=FACE_OUTER_BOUND('',#939,.T.);
#525=FACE_OUTER_BOUND('',#940,.T.);
#526=FACE_OUTER_BOUND('',#941,.T.);
#527=FACE_OUTER_BOUND('',#942,.T.);
#528=FACE_OUTER_BOUND('',#943,.T.);
#529=FACE_OUTER_BOUND('',#944,.T.);
#530=FACE_OUTER_BOUND('',#945,.T.);
#531=FACE_OUTER_BOUND('',#946,.T.);
#532=FACE_OUTER_BOUND('',#947,.T.);
#533=FACE_OUTER_BOUND('',#948,.T.);
#534=FACE_OUTER_BOUND('',#949,.T.);
#535=FACE_OUTER_BOUND('',#950,.T.);
#536=FACE_OUTER_BOUND('',#951,.T.);
#537=FACE_OUTER_BOUND('',#952,.T.);
#538=FACE_OUTER_BOUND('',#953,.T.);
#539=FACE_OUTER_BOUND('',#954,.T.);
#540=FACE_OUTER_BOUND('',#955,.T.);
#541=FACE_OUTER_BOUND('',#956,.T.);
#542=FACE_OUTER_BOUND('',#957,.T.);
#543=FACE_OUTER_BOUND('',#958,.T.);
#544=FACE_OUTER_BOUND('',#959,.T.);
#545=FACE_OUTER_BOUND('',#960,.T.);
#546=FACE_OUTER_BOUND('',#961,.T.);
#547=FACE_OUTER_BOUND('',#962,.T.);
#548=FACE_OUTER_BOUND('',#963,.T.);
#549=FACE_OUTER_BOUND('',#964,.T.);
#550=FACE_OUTER_BOUND('',#965,.T.);
#551=FACE_OUTER_BOUND('',#966,.T.);
#552=FACE_OUTER_BOUND('',#967,.T.);
#553=FACE_OUTER_BOUND('',#968,.T.);
#554=FACE_OUTER_BOUND('',#969,.T.);
#555=FACE_OUTER_BOUND('',#970,.T.);
#556=FACE_OUTER_BOUND('',#971,.T.);
#557=FACE_OUTER_BOUND('',#972,.T.);
#558=FACE_OUTER_BOUND('',#973,.T.);
#559=FACE_OUTER_BOUND('',#974,.T.);
#560=FACE_OUTER_BOUND('',#975,.T.);
#561=FACE_OUTER_BOUND('',#976,.T.);
#562=FACE_OUTER_BOUND('',#977,.T.);
#563=FACE_OUTER_BOUND('',#978,.T.);
#564=FACE_OUTER_BOUND('',#979,.T.);
#565=FACE_OUTER_BOUND('',#980,.T.);
#566=FACE_OUTER_BOUND('',#981,.T.);
#567=FACE_OUTER_BOUND('',#982,.T.);
#568=FACE_OUTER_BOUND('',#983,.T.);
#569=FACE_OUTER_BOUND('',#984,.T.);
#570=FACE_OUTER_BOUND('',#985,.T.);
#571=FACE_OUTER_BOUND('',#986,.T.);
#572=FACE_OUTER_BOUND('',#987,.T.);
#573=FACE_OUTER_BOUND('',#988,.T.);
#574=FACE_OUTER_BOUND('',#989,.T.);
#575=FACE_OUTER_BOUND('',#990,.T.);
#576=FACE_OUTER_BOUND('',#991,.T.);
#577=FACE_OUTER_BOUND('',#992,.T.);
#578=FACE_OUTER_BOUND('',#993,.T.);
#579=FACE_OUTER_BOUND('',#994,.T.);
#580=FACE_OUTER_BOUND('',#995,.T.);
#581=FACE_OUTER_BOUND('',#996,.T.);
#582=FACE_OUTER_BOUND('',#997,.T.);
#583=FACE_OUTER_BOUND('',#998,.T.);
#584=FACE_OUTER_BOUND('',#999,.T.);
#585=FACE_OUTER_BOUND('',#1000,.T.);
#586=FACE_OUTER_BOUND('',#1001,.T.);
#587=FACE_OUTER_BOUND('',#1002,.T.);
#588=FACE_OUTER_BOUND('',#1003,.T.);
#589=FACE_OUTER_BOUND('',#1004,.T.);
#590=FACE_OUTER_BOUND('',#1005,.T.);
#591=FACE_OUTER_BOUND('',#1006,.T.);
#592=EDGE_LOOP('',(#3614,#3615,#3616,#3617,#3618));
#593=EDGE_LOOP('',(#3619,#3620,#3621,#3622,#3623));
#594=EDGE_LOOP('',(#3624,#3625,#3626,#3627));
#595=EDGE_LOOP('',(#3628,#3629,#3630,#3631));
#596=EDGE_LOOP('',(#3632,#3633,#3634,#3635));
#597=EDGE_LOOP('',(#3636,#3637,#3638,#3639));
#598=EDGE_LOOP('',(#3640,#3641,#3642,#3643));
#599=EDGE_LOOP('',(#3644,#3645,#3646,#3647));
#600=EDGE_LOOP('',(#3648,#3649,#3650,#3651));
#601=EDGE_LOOP('',(#3652,#3653,#3654,#3655));
#602=EDGE_LOOP('',(#3656,#3657,#3658,#3659));
#603=EDGE_LOOP('',(#3660,#3661,#3662,#3663));
#604=EDGE_LOOP('',(#3664,#3665,#3666,#3667));
#605=EDGE_LOOP('',(#3668,#3669,#3670,#3671));
#606=EDGE_LOOP('',(#3672,#3673,#3674,#3675));
#607=EDGE_LOOP('',(#3676,#3677,#3678,#3679));
#608=EDGE_LOOP('',(#3680,#3681,#3682,#3683));
#609=EDGE_LOOP('',(#3684,#3685,#3686,#3687));
#610=EDGE_LOOP('',(#3688,#3689,#3690,#3691,#3692));
#611=EDGE_LOOP('',(#3693,#3694,#3695,#3696));
#612=EDGE_LOOP('',(#3697,#3698,#3699,#3700,#3701));
#613=EDGE_LOOP('',(#3702,#3703,#3704,#3705));
#614=EDGE_LOOP('',(#3706,#3707,#3708,#3709));
#615=EDGE_LOOP('',(#3710,#3711,#3712,#3713));
#616=EDGE_LOOP('',(#3714,#3715,#3716,#3717));
#617=EDGE_LOOP('',(#3718,#3719,#3720,#3721));
#618=EDGE_LOOP('',(#3722,#3723,#3724,#3725));
#619=EDGE_LOOP('',(#3726,#3727,#3728,#3729));
#620=EDGE_LOOP('',(#3730,#3731,#3732,#3733));
#621=EDGE_LOOP('',(#3734,#3735,#3736,#3737));
#622=EDGE_LOOP('',(#3738,#3739,#3740,#3741));
#623=EDGE_LOOP('',(#3742,#3743,#3744,#3745));
#624=EDGE_LOOP('',(#3746,#3747,#3748,#3749));
#625=EDGE_LOOP('',(#3750,#3751,#3752,#3753));
#626=EDGE_LOOP('',(#3754,#3755,#3756,#3757));
#627=EDGE_LOOP('',(#3758,#3759,#3760,#3761));
#628=EDGE_LOOP('',(#3762,#3763,#3764,#3765));
#629=EDGE_LOOP('',(#3766,#3767,#3768,#3769));
#630=EDGE_LOOP('',(#3770,#3771,#3772,#3773));
#631=EDGE_LOOP('',(#3774,#3775,#3776,#3777));
#632=EDGE_LOOP('',(#3778,#3779,#3780,#3781));
#633=EDGE_LOOP('',(#3782,#3783,#3784,#3785));
#634=EDGE_LOOP('',(#3786,#3787,#3788,#3789));
#635=EDGE_LOOP('',(#3790,#3791,#3792,#3793));
#636=EDGE_LOOP('',(#3794,#3795,#3796,#3797));
#637=EDGE_LOOP('',(#3798,#3799,#3800,#3801));
#638=EDGE_LOOP('',(#3802,#3803,#3804,#3805));
#639=EDGE_LOOP('',(#3806,#3807,#3808,#3809));
#640=EDGE_LOOP('',(#3810,#3811,#3812,#3813));
#641=EDGE_LOOP('',(#3814,#3815,#3816,#3817));
#642=EDGE_LOOP('',(#3818,#3819,#3820,#3821));
#643=EDGE_LOOP('',(#3822,#3823,#3824,#3825));
#644=EDGE_LOOP('',(#3826,#3827,#3828,#3829,#3830,#3831));
#645=EDGE_LOOP('',(#3832));
#646=EDGE_LOOP('',(#3833));
#647=EDGE_LOOP('',(#3834));
#648=EDGE_LOOP('',(#3835,#3836,#3837,#3838));
#649=EDGE_LOOP('',(#3839,#3840,#3841,#3842));
#650=EDGE_LOOP('',(#3843,#3844,#3845,#3846));
#651=EDGE_LOOP('',(#3847,#3848,#3849,#3850,#3851,#3852,#3853,#3854,#3855,
#3856,#3857,#3858,#3859,#3860,#3861,#3862,#3863,#3864,#3865,#3866,#3867,
#3868));
#652=EDGE_LOOP('',(#3869));
#653=EDGE_LOOP('',(#3870));
#654=EDGE_LOOP('',(#3871));
#655=EDGE_LOOP('',(#3872));
#656=EDGE_LOOP('',(#3873));
#657=EDGE_LOOP('',(#3874,#3875,#3876,#3877));
#658=EDGE_LOOP('',(#3878,#3879,#3880,#3881));
#659=EDGE_LOOP('',(#3882,#3883,#3884,#3885));
#660=EDGE_LOOP('',(#3886,#3887,#3888,#3889,#3890,#3891));
#661=EDGE_LOOP('',(#3892));
#662=EDGE_LOOP('',(#3893));
#663=EDGE_LOOP('',(#3894));
#664=EDGE_LOOP('',(#3895,#3896,#3897,#3898));
#665=EDGE_LOOP('',(#3899,#3900,#3901,#3902));
#666=EDGE_LOOP('',(#3903,#3904,#3905,#3906));
#667=EDGE_LOOP('',(#3907,#3908,#3909,#3910));
#668=EDGE_LOOP('',(#3911,#3912,#3913,#3914));
#669=EDGE_LOOP('',(#3915,#3916,#3917,#3918));
#670=EDGE_LOOP('',(#3919,#3920,#3921,#3922));
#671=EDGE_LOOP('',(#3923,#3924,#3925,#3926));
#672=EDGE_LOOP('',(#3927,#3928,#3929,#3930));
#673=EDGE_LOOP('',(#3931,#3932,#3933,#3934));
#674=EDGE_LOOP('',(#3935,#3936,#3937,#3938));
#675=EDGE_LOOP('',(#3939,#3940,#3941,#3942));
#676=EDGE_LOOP('',(#3943,#3944,#3945,#3946));
#677=EDGE_LOOP('',(#3947,#3948,#3949,#3950));
#678=EDGE_LOOP('',(#3951,#3952,#3953,#3954));
#679=EDGE_LOOP('',(#3955,#3956,#3957,#3958));
#680=EDGE_LOOP('',(#3959,#3960,#3961,#3962));
#681=EDGE_LOOP('',(#3963,#3964,#3965,#3966));
#682=EDGE_LOOP('',(#3967,#3968,#3969,#3970));
#683=EDGE_LOOP('',(#3971,#3972,#3973,#3974));
#684=EDGE_LOOP('',(#3975,#3976,#3977,#3978));
#685=EDGE_LOOP('',(#3979,#3980,#3981,#3982));
#686=EDGE_LOOP('',(#3983,#3984,#3985,#3986));
#687=EDGE_LOOP('',(#3987,#3988,#3989,#3990));
#688=EDGE_LOOP('',(#3991,#3992,#3993,#3994));
#689=EDGE_LOOP('',(#3995,#3996,#3997,#3998));
#690=EDGE_LOOP('',(#3999,#4000,#4001,#4002));
#691=EDGE_LOOP('',(#4003,#4004,#4005,#4006));
#692=EDGE_LOOP('',(#4007,#4008,#4009,#4010));
#693=EDGE_LOOP('',(#4011,#4012,#4013,#4014));
#694=EDGE_LOOP('',(#4015,#4016,#4017,#4018));
#695=EDGE_LOOP('',(#4019,#4020,#4021,#4022));
#696=EDGE_LOOP('',(#4023,#4024,#4025,#4026));
#697=EDGE_LOOP('',(#4027,#4028,#4029,#4030));
#698=EDGE_LOOP('',(#4031,#4032,#4033,#4034));
#699=EDGE_LOOP('',(#4035,#4036,#4037,#4038));
#700=EDGE_LOOP('',(#4039,#4040,#4041,#4042));
#701=EDGE_LOOP('',(#4043,#4044,#4045,#4046));
#702=EDGE_LOOP('',(#4047,#4048,#4049,#4050));
#703=EDGE_LOOP('',(#4051,#4052,#4053,#4054));
#704=EDGE_LOOP('',(#4055,#4056,#4057,#4058));
#705=EDGE_LOOP('',(#4059,#4060,#4061,#4062));
#706=EDGE_LOOP('',(#4063,#4064,#4065,#4066));
#707=EDGE_LOOP('',(#4067,#4068,#4069,#4070));
#708=EDGE_LOOP('',(#4071,#4072,#4073,#4074));
#709=EDGE_LOOP('',(#4075,#4076,#4077,#4078));
#710=EDGE_LOOP('',(#4079,#4080,#4081,#4082));
#711=EDGE_LOOP('',(#4083,#4084,#4085,#4086));
#712=EDGE_LOOP('',(#4087,#4088,#4089,#4090));
#713=EDGE_LOOP('',(#4091,#4092,#4093,#4094));
#714=EDGE_LOOP('',(#4095,#4096,#4097,#4098));
#715=EDGE_LOOP('',(#4099,#4100,#4101,#4102));
#716=EDGE_LOOP('',(#4103,#4104,#4105,#4106));
#717=EDGE_LOOP('',(#4107,#4108,#4109,#4110));
#718=EDGE_LOOP('',(#4111,#4112,#4113,#4114));
#719=EDGE_LOOP('',(#4115,#4116,#4117,#4118));
#720=EDGE_LOOP('',(#4119,#4120,#4121,#4122));
#721=EDGE_LOOP('',(#4123,#4124,#4125,#4126));
#722=EDGE_LOOP('',(#4127,#4128,#4129,#4130));
#723=EDGE_LOOP('',(#4131,#4132,#4133,#4134,#4135,#4136,#4137,#4138,#4139,
#4140,#4141,#4142,#4143,#4144,#4145,#4146,#4147,#4148,#4149,#4150,#4151,
#4152,#4153,#4154));
#724=EDGE_LOOP('',(#4155,#4156,#4157,#4158,#4159,#4160,#4161,#4162,#4163,
#4164,#4165,#4166,#4167,#4168,#4169,#4170));
#725=EDGE_LOOP('',(#4171,#4172,#4173,#4174,#4175,#4176,#4177,#4178,#4179,
#4180,#4181,#4182,#4183,#4184,#4185,#4186));
#726=EDGE_LOOP('',(#4187,#4188,#4189,#4190,#4191,#4192,#4193,#4194,#4195,
#4196,#4197,#4198,#4199,#4200,#4201,#4202));
#727=EDGE_LOOP('',(#4203,#4204,#4205,#4206,#4207,#4208,#4209,#4210,#4211,
#4212,#4213,#4214,#4215,#4216,#4217,#4218));
#728=EDGE_LOOP('',(#4219,#4220,#4221,#4222,#4223,#4224,#4225,#4226,#4227,
#4228,#4229,#4230,#4231,#4232,#4233,#4234));
#729=EDGE_LOOP('',(#4235,#4236,#4237,#4238,#4239,#4240,#4241,#4242,#4243,
#4244,#4245,#4246,#4247,#4248,#4249,#4250));
#730=EDGE_LOOP('',(#4251,#4252,#4253,#4254,#4255,#4256,#4257,#4258,#4259,
#4260,#4261,#4262,#4263,#4264,#4265,#4266,#4267,#4268));
#731=EDGE_LOOP('',(#4269));
#732=EDGE_LOOP('',(#4270));
#733=EDGE_LOOP('',(#4271));
#734=EDGE_LOOP('',(#4272));
#735=EDGE_LOOP('',(#4273));
#736=EDGE_LOOP('',(#4274));
#737=EDGE_LOOP('',(#4275));
#738=EDGE_LOOP('',(#4276));
#739=EDGE_LOOP('',(#4277));
#740=EDGE_LOOP('',(#4278));
#741=EDGE_LOOP('',(#4279));
#742=EDGE_LOOP('',(#4280));
#743=EDGE_LOOP('',(#4281));
#744=EDGE_LOOP('',(#4282));
#745=EDGE_LOOP('',(#4283));
#746=EDGE_LOOP('',(#4284));
#747=EDGE_LOOP('',(#4285));
#748=EDGE_LOOP('',(#4286));
#749=EDGE_LOOP('',(#4287));
#750=EDGE_LOOP('',(#4288));
#751=EDGE_LOOP('',(#4289));
#752=EDGE_LOOP('',(#4290));
#753=EDGE_LOOP('',(#4291));
#754=EDGE_LOOP('',(#4292));
#755=EDGE_LOOP('',(#4293));
#756=EDGE_LOOP('',(#4294));
#757=EDGE_LOOP('',(#4295));
#758=EDGE_LOOP('',(#4296));
#759=EDGE_LOOP('',(#4297));
#760=EDGE_LOOP('',(#4298));
#761=EDGE_LOOP('',(#4299));
#762=EDGE_LOOP('',(#4300));
#763=EDGE_LOOP('',(#4301));
#764=EDGE_LOOP('',(#4302));
#765=EDGE_LOOP('',(#4303));
#766=EDGE_LOOP('',(#4304));
#767=EDGE_LOOP('',(#4305));
#768=EDGE_LOOP('',(#4306));
#769=EDGE_LOOP('',(#4307));
#770=EDGE_LOOP('',(#4308));
#771=EDGE_LOOP('',(#4309));
#772=EDGE_LOOP('',(#4310));
#773=EDGE_LOOP('',(#4311));
#774=EDGE_LOOP('',(#4312));
#775=EDGE_LOOP('',(#4313,#4314,#4315,#4316));
#776=EDGE_LOOP('',(#4317,#4318,#4319,#4320));
#777=EDGE_LOOP('',(#4321,#4322,#4323,#4324));
#778=EDGE_LOOP('',(#4325,#4326,#4327,#4328));
#779=EDGE_LOOP('',(#4329,#4330,#4331,#4332));
#780=EDGE_LOOP('',(#4333,#4334,#4335,#4336));
#781=EDGE_LOOP('',(#4337,#4338,#4339,#4340));
#782=EDGE_LOOP('',(#4341,#4342,#4343,#4344));
#783=EDGE_LOOP('',(#4345,#4346,#4347,#4348));
#784=EDGE_LOOP('',(#4349,#4350,#4351,#4352));
#785=EDGE_LOOP('',(#4353,#4354,#4355,#4356));
#786=EDGE_LOOP('',(#4357,#4358,#4359,#4360));
#787=EDGE_LOOP('',(#4361,#4362,#4363,#4364));
#788=EDGE_LOOP('',(#4365,#4366,#4367,#4368));
#789=EDGE_LOOP('',(#4369,#4370,#4371,#4372));
#790=EDGE_LOOP('',(#4373,#4374,#4375,#4376));
#791=EDGE_LOOP('',(#4377,#4378,#4379,#4380));
#792=EDGE_LOOP('',(#4381,#4382,#4383,#4384));
#793=EDGE_LOOP('',(#4385,#4386,#4387,#4388));
#794=EDGE_LOOP('',(#4389,#4390,#4391,#4392));
#795=EDGE_LOOP('',(#4393,#4394,#4395,#4396));
#796=EDGE_LOOP('',(#4397,#4398,#4399,#4400));
#797=EDGE_LOOP('',(#4401,#4402,#4403,#4404));
#798=EDGE_LOOP('',(#4405,#4406,#4407,#4408));
#799=EDGE_LOOP('',(#4409,#4410,#4411,#4412));
#800=EDGE_LOOP('',(#4413,#4414,#4415,#4416));
#801=EDGE_LOOP('',(#4417,#4418,#4419,#4420));
#802=EDGE_LOOP('',(#4421,#4422,#4423,#4424));
#803=EDGE_LOOP('',(#4425,#4426,#4427,#4428));
#804=EDGE_LOOP('',(#4429,#4430,#4431,#4432));
#805=EDGE_LOOP('',(#4433,#4434,#4435,#4436));
#806=EDGE_LOOP('',(#4437,#4438,#4439,#4440));
#807=EDGE_LOOP('',(#4441,#4442,#4443,#4444));
#808=EDGE_LOOP('',(#4445,#4446,#4447,#4448));
#809=EDGE_LOOP('',(#4449,#4450,#4451,#4452));
#810=EDGE_LOOP('',(#4453,#4454,#4455,#4456));
#811=EDGE_LOOP('',(#4457,#4458,#4459,#4460));
#812=EDGE_LOOP('',(#4461,#4462,#4463,#4464));
#813=EDGE_LOOP('',(#4465,#4466,#4467,#4468));
#814=EDGE_LOOP('',(#4469,#4470,#4471,#4472));
#815=EDGE_LOOP('',(#4473,#4474,#4475,#4476));
#816=EDGE_LOOP('',(#4477,#4478,#4479,#4480));
#817=EDGE_LOOP('',(#4481,#4482,#4483,#4484));
#818=EDGE_LOOP('',(#4485,#4486,#4487,#4488));
#819=EDGE_LOOP('',(#4489,#4490,#4491,#4492));
#820=EDGE_LOOP('',(#4493,#4494,#4495,#4496));
#821=EDGE_LOOP('',(#4497,#4498,#4499,#4500));
#822=EDGE_LOOP('',(#4501,#4502,#4503,#4504));
#823=EDGE_LOOP('',(#4505,#4506,#4507,#4508));
#824=EDGE_LOOP('',(#4509,#4510,#4511,#4512));
#825=EDGE_LOOP('',(#4513,#4514,#4515,#4516));
#826=EDGE_LOOP('',(#4517,#4518,#4519,#4520));
#827=EDGE_LOOP('',(#4521,#4522,#4523,#4524));
#828=EDGE_LOOP('',(#4525,#4526,#4527,#4528));
#829=EDGE_LOOP('',(#4529,#4530,#4531,#4532));
#830=EDGE_LOOP('',(#4533,#4534,#4535,#4536));
#831=EDGE_LOOP('',(#4537,#4538,#4539,#4540,#4541,#4542,#4543,#4544,#4545,
#4546,#4547,#4548,#4549,#4550,#4551,#4552,#4553,#4554,#4555,#4556,#4557,
#4558,#4559,#4560));
#832=EDGE_LOOP('',(#4561,#4562,#4563,#4564,#4565,#4566,#4567,#4568,#4569,
#4570,#4571,#4572,#4573,#4574,#4575,#4576,#4577,#4578));
#833=EDGE_LOOP('',(#4579,#4580,#4581,#4582,#4583,#4584,#4585,#4586,#4587,
#4588,#4589,#4590,#4591,#4592,#4593,#4594));
#834=EDGE_LOOP('',(#4595,#4596,#4597,#4598,#4599,#4600,#4601,#4602,#4603,
#4604,#4605,#4606,#4607,#4608,#4609,#4610));
#835=EDGE_LOOP('',(#4611,#4612,#4613,#4614,#4615,#4616,#4617,#4618,#4619,
#4620,#4621,#4622,#4623,#4624,#4625,#4626));
#836=EDGE_LOOP('',(#4627,#4628,#4629,#4630,#4631,#4632,#4633,#4634,#4635,
#4636,#4637,#4638,#4639,#4640,#4641,#4642));
#837=EDGE_LOOP('',(#4643,#4644,#4645,#4646,#4647,#4648,#4649,#4650,#4651,
#4652,#4653,#4654,#4655,#4656,#4657,#4658));
#838=EDGE_LOOP('',(#4659,#4660,#4661,#4662,#4663,#4664,#4665,#4666,#4667,
#4668,#4669,#4670,#4671,#4672,#4673,#4674));
#839=EDGE_LOOP('',(#4675));
#840=EDGE_LOOP('',(#4676));
#841=EDGE_LOOP('',(#4677));
#842=EDGE_LOOP('',(#4678));
#843=EDGE_LOOP('',(#4679));
#844=EDGE_LOOP('',(#4680));
#845=EDGE_LOOP('',(#4681));
#846=EDGE_LOOP('',(#4682));
#847=EDGE_LOOP('',(#4683));
#848=EDGE_LOOP('',(#4684));
#849=EDGE_LOOP('',(#4685));
#850=EDGE_LOOP('',(#4686));
#851=EDGE_LOOP('',(#4687));
#852=EDGE_LOOP('',(#4688));
#853=EDGE_LOOP('',(#4689));
#854=EDGE_LOOP('',(#4690));
#855=EDGE_LOOP('',(#4691));
#856=EDGE_LOOP('',(#4692));
#857=EDGE_LOOP('',(#4693));
#858=EDGE_LOOP('',(#4694));
#859=EDGE_LOOP('',(#4695));
#860=EDGE_LOOP('',(#4696));
#861=EDGE_LOOP('',(#4697));
#862=EDGE_LOOP('',(#4698));
#863=EDGE_LOOP('',(#4699));
#864=EDGE_LOOP('',(#4700));
#865=EDGE_LOOP('',(#4701));
#866=EDGE_LOOP('',(#4702));
#867=EDGE_LOOP('',(#4703));
#868=EDGE_LOOP('',(#4704));
#869=EDGE_LOOP('',(#4705));
#870=EDGE_LOOP('',(#4706));
#871=EDGE_LOOP('',(#4707));
#872=EDGE_LOOP('',(#4708));
#873=EDGE_LOOP('',(#4709));
#874=EDGE_LOOP('',(#4710));
#875=EDGE_LOOP('',(#4711));
#876=EDGE_LOOP('',(#4712));
#877=EDGE_LOOP('',(#4713));
#878=EDGE_LOOP('',(#4714));
#879=EDGE_LOOP('',(#4715));
#880=EDGE_LOOP('',(#4716));
#881=EDGE_LOOP('',(#4717));
#882=EDGE_LOOP('',(#4718));
#883=EDGE_LOOP('',(#4719,#4720,#4721,#4722));
#884=EDGE_LOOP('',(#4723,#4724,#4725,#4726));
#885=EDGE_LOOP('',(#4727,#4728,#4729,#4730));
#886=EDGE_LOOP('',(#4731,#4732,#4733,#4734));
#887=EDGE_LOOP('',(#4735,#4736,#4737,#4738));
#888=EDGE_LOOP('',(#4739,#4740,#4741,#4742));
#889=EDGE_LOOP('',(#4743,#4744,#4745,#4746));
#890=EDGE_LOOP('',(#4747,#4748,#4749,#4750));
#891=EDGE_LOOP('',(#4751,#4752,#4753,#4754));
#892=EDGE_LOOP('',(#4755,#4756,#4757,#4758));
#893=EDGE_LOOP('',(#4759,#4760,#4761,#4762));
#894=EDGE_LOOP('',(#4763,#4764,#4765,#4766));
#895=EDGE_LOOP('',(#4767,#4768,#4769,#4770));
#896=EDGE_LOOP('',(#4771,#4772,#4773,#4774));
#897=EDGE_LOOP('',(#4775,#4776,#4777,#4778));
#898=EDGE_LOOP('',(#4779,#4780,#4781,#4782));
#899=EDGE_LOOP('',(#4783,#4784,#4785,#4786));
#900=EDGE_LOOP('',(#4787,#4788,#4789,#4790,#4791,#4792,#4793,#4794,#4795,
#4796,#4797,#4798,#4799,#4800,#4801,#4802,#4803,#4804,#4805,#4806,#4807,
#4808));
#901=EDGE_LOOP('',(#4809));
#902=EDGE_LOOP('',(#4810));
#903=EDGE_LOOP('',(#4811));
#904=EDGE_LOOP('',(#4812));
#905=EDGE_LOOP('',(#4813));
#906=EDGE_LOOP('',(#4814,#4815,#4816,#4817));
#907=EDGE_LOOP('',(#4818,#4819,#4820,#4821));
#908=EDGE_LOOP('',(#4822,#4823,#4824,#4825));
#909=EDGE_LOOP('',(#4826,#4827,#4828,#4829));
#910=EDGE_LOOP('',(#4830,#4831,#4832,#4833));
#911=EDGE_LOOP('',(#4834,#4835,#4836,#4837));
#912=EDGE_LOOP('',(#4838,#4839,#4840,#4841));
#913=EDGE_LOOP('',(#4842,#4843,#4844,#4845));
#914=EDGE_LOOP('',(#4846,#4847,#4848,#4849));
#915=EDGE_LOOP('',(#4850,#4851,#4852,#4853));
#916=EDGE_LOOP('',(#4854,#4855,#4856,#4857));
#917=EDGE_LOOP('',(#4858,#4859,#4860,#4861));
#918=EDGE_LOOP('',(#4862,#4863,#4864,#4865,#4866));
#919=EDGE_LOOP('',(#4867,#4868,#4869,#4870));
#920=EDGE_LOOP('',(#4871,#4872,#4873,#4874));
#921=EDGE_LOOP('',(#4875,#4876,#4877,#4878,#4879));
#922=EDGE_LOOP('',(#4880,#4881,#4882,#4883,#4884,#4885));
#923=EDGE_LOOP('',(#4886));
#924=EDGE_LOOP('',(#4887));
#925=EDGE_LOOP('',(#4888));
#926=EDGE_LOOP('',(#4889,#4890,#4891,#4892,#4893));
#927=EDGE_LOOP('',(#4894,#4895,#4896,#4897));
#928=EDGE_LOOP('',(#4898,#4899,#4900,#4901));
#929=EDGE_LOOP('',(#4902,#4903,#4904,#4905));
#930=EDGE_LOOP('',(#4906,#4907,#4908,#4909,#4910));
#931=EDGE_LOOP('',(#4911,#4912,#4913,#4914,#4915,#4916));
#932=EDGE_LOOP('',(#4917));
#933=EDGE_LOOP('',(#4918));
#934=EDGE_LOOP('',(#4919));
#935=EDGE_LOOP('',(#4920,#4921,#4922,#4923));
#936=EDGE_LOOP('',(#4924,#4925,#4926,#4927));
#937=EDGE_LOOP('',(#4928,#4929,#4930,#4931));
#938=EDGE_LOOP('',(#4932,#4933,#4934,#4935));
#939=EDGE_LOOP('',(#4936,#4937,#4938,#4939));
#940=EDGE_LOOP('',(#4940,#4941,#4942,#4943));
#941=EDGE_LOOP('',(#4944,#4945,#4946,#4947));
#942=EDGE_LOOP('',(#4948,#4949,#4950,#4951));
#943=EDGE_LOOP('',(#4952,#4953,#4954,#4955));
#944=EDGE_LOOP('',(#4956,#4957,#4958,#4959));
#945=EDGE_LOOP('',(#4960,#4961,#4962,#4963));
#946=EDGE_LOOP('',(#4964,#4965,#4966,#4967));
#947=EDGE_LOOP('',(#4968,#4969,#4970,#4971));
#948=EDGE_LOOP('',(#4972,#4973,#4974,#4975));
#949=EDGE_LOOP('',(#4976,#4977,#4978,#4979));
#950=EDGE_LOOP('',(#4980,#4981,#4982,#4983));
#951=EDGE_LOOP('',(#4984,#4985,#4986,#4987));
#952=EDGE_LOOP('',(#4988,#4989,#4990,#4991));
#953=EDGE_LOOP('',(#4992,#4993,#4994,#4995));
#954=EDGE_LOOP('',(#4996,#4997,#4998,#4999));
#955=EDGE_LOOP('',(#5000,#5001,#5002,#5003));
#956=EDGE_LOOP('',(#5004,#5005,#5006,#5007));
#957=EDGE_LOOP('',(#5008,#5009,#5010,#5011));
#958=EDGE_LOOP('',(#5012,#5013,#5014,#5015));
#959=EDGE_LOOP('',(#5016,#5017,#5018,#5019));
#960=EDGE_LOOP('',(#5020,#5021,#5022,#5023));
#961=EDGE_LOOP('',(#5024,#5025,#5026,#5027));
#962=EDGE_LOOP('',(#5028,#5029,#5030,#5031));
#963=EDGE_LOOP('',(#5032,#5033,#5034,#5035));
#964=EDGE_LOOP('',(#5036,#5037,#5038,#5039));
#965=EDGE_LOOP('',(#5040,#5041,#5042,#5043));
#966=EDGE_LOOP('',(#5044,#5045,#5046,#5047));
#967=EDGE_LOOP('',(#5048,#5049,#5050,#5051));
#968=EDGE_LOOP('',(#5052,#5053,#5054,#5055));
#969=EDGE_LOOP('',(#5056,#5057,#5058,#5059));
#970=EDGE_LOOP('',(#5060,#5061,#5062,#5063));
#971=EDGE_LOOP('',(#5064,#5065,#5066,#5067));
#972=EDGE_LOOP('',(#5068,#5069,#5070,#5071));
#973=EDGE_LOOP('',(#5072,#5073,#5074,#5075));
#974=EDGE_LOOP('',(#5076,#5077,#5078,#5079));
#975=EDGE_LOOP('',(#5080,#5081,#5082,#5083));
#976=EDGE_LOOP('',(#5084,#5085,#5086,#5087));
#977=EDGE_LOOP('',(#5088,#5089,#5090,#5091));
#978=EDGE_LOOP('',(#5092,#5093,#5094,#5095));
#979=EDGE_LOOP('',(#5096,#5097,#5098,#5099));
#980=EDGE_LOOP('',(#5100,#5101,#5102,#5103));
#981=EDGE_LOOP('',(#5104,#5105,#5106,#5107));
#982=EDGE_LOOP('',(#5108,#5109,#5110,#5111));
#983=EDGE_LOOP('',(#5112,#5113,#5114,#5115));
#984=EDGE_LOOP('',(#5116,#5117,#5118,#5119));
#985=EDGE_LOOP('',(#5120,#5121,#5122,#5123));
#986=EDGE_LOOP('',(#5124,#5125,#5126,#5127));
#987=EDGE_LOOP('',(#5128,#5129,#5130,#5131));
#988=EDGE_LOOP('',(#5132,#5133,#5134,#5135));
#989=EDGE_LOOP('',(#5136,#5137,#5138,#5139));
#990=EDGE_LOOP('',(#5140,#5141,#5142,#5143));
#991=EDGE_LOOP('',(#5144,#5145,#5146,#5147));
#992=EDGE_LOOP('',(#5148,#5149,#5150,#5151));
#993=EDGE_LOOP('',(#5152,#5153,#5154,#5155));
#994=EDGE_LOOP('',(#5156,#5157,#5158,#5159));
#995=EDGE_LOOP('',(#5160,#5161,#5162,#5163));
#996=EDGE_LOOP('',(#5164,#5165,#5166,#5167));
#997=EDGE_LOOP('',(#5168,#5169,#5170,#5171));
#998=EDGE_LOOP('',(#5172,#5173,#5174,#5175));
#999=EDGE_LOOP('',(#5176,#5177,#5178,#5179));
#1000=EDGE_LOOP('',(#5180,#5181,#5182,#5183));
#1001=EDGE_LOOP('',(#5184,#5185,#5186,#5187));
#1002=EDGE_LOOP('',(#5188,#5189,#5190,#5191));
#1003=EDGE_LOOP('',(#5192,#5193,#5194,#5195));
#1004=EDGE_LOOP('',(#5196,#5197,#5198,#5199));
#1005=EDGE_LOOP('',(#5200,#5201,#5202,#5203));
#1006=EDGE_LOOP('',(#5204,#5205,#5206,#5207));
#1007=CIRCLE('',#5650,2.00000000000003);
#1008=CIRCLE('',#5651,2.00000000000003);
#1009=CIRCLE('',#5670,1.99999999999999);
#1010=CIRCLE('',#5671,1.99999999999999);
#1011=CIRCLE('',#5674,2.);
#1012=CIRCLE('',#5675,2.);
#1013=CIRCLE('',#5678,2.);
#1014=CIRCLE('',#5679,2.);
#1015=CIRCLE('',#5682,2.);
#1016=CIRCLE('',#5683,2.);
#1017=CIRCLE('',#5686,2.);
#1018=CIRCLE('',#5687,2.);
#1019=CIRCLE('',#5689,2.);
#1020=CIRCLE('',#5690,2.);
#1021=CIRCLE('',#5693,2.);
#1022=CIRCLE('',#5694,2.);
#1023=CIRCLE('',#5697,2.);
#1024=CIRCLE('',#5698,2.);
#1025=CIRCLE('',#5700,2.);
#1026=CIRCLE('',#5701,2.);
#1027=CIRCLE('',#5704,2.);
#1028=CIRCLE('',#5705,2.);
#1029=CIRCLE('',#5708,2.);
#1030=CIRCLE('',#5709,2.);
#1031=CIRCLE('',#5712,2.);
#1032=CIRCLE('',#5713,2.);
#1033=CIRCLE('',#5716,2.);
#1034=CIRCLE('',#5717,2.);
#1035=CIRCLE('',#5719,2.);
#1036=CIRCLE('',#5720,2.);
#1037=CIRCLE('',#5723,2.);
#1038=CIRCLE('',#5724,2.);
#1039=CIRCLE('',#5727,2.);
#1040=CIRCLE('',#5728,2.);
#1041=CIRCLE('',#5730,2.);
#1042=CIRCLE('',#5731,2.);
#1043=CIRCLE('',#5734,3.);
#1044=CIRCLE('',#5735,3.);
#1045=CIRCLE('',#5738,3.);
#1046=CIRCLE('',#5739,1.2645);
#1047=CIRCLE('',#5740,1.2645);
#1048=CIRCLE('',#5741,1.2645);
#1049=CIRCLE('',#5743,3.);
#1050=CIRCLE('',#5746,3.);
#1051=CIRCLE('',#5747,3.);
#1052=CIRCLE('',#5749,3.);
#1053=CIRCLE('',#5750,1.2645);
#1054=CIRCLE('',#5751,1.2645);
#1055=CIRCLE('',#5752,1.2645);
#1056=CIRCLE('',#5753,1.2645);
#1057=CIRCLE('',#5754,1.2645);
#1058=CIRCLE('',#5757,3.);
#1059=CIRCLE('',#5758,3.);
#1060=CIRCLE('',#5761,3.);
#1061=CIRCLE('',#5762,1.2645);
#1062=CIRCLE('',#5763,1.2645);
#1063=CIRCLE('',#5764,1.2645);
#1064=CIRCLE('',#5766,3.);
#1065=CIRCLE('',#5769,3.);
#1066=CIRCLE('',#5771,3.);
#1067=CIRCLE('',#5772,3.);
#1068=CIRCLE('',#5775,3.);
#1069=CIRCLE('',#5776,3.);
#1070=CIRCLE('',#5778,3.);
#1071=CIRCLE('',#5779,3.);
#1072=CIRCLE('',#5782,3.);
#1073=CIRCLE('',#5783,3.);
#1074=CIRCLE('',#5785,3.);
#1075=CIRCLE('',#5786,3.);
#1076=CIRCLE('',#5789,3.);
#1077=CIRCLE('',#5790,3.);
#1078=CIRCLE('',#5792,3.);
#1079=CIRCLE('',#5793,3.);
#1080=CIRCLE('',#5796,3.);
#1081=CIRCLE('',#5797,3.);
#1082=CIRCLE('',#5799,3.);
#1083=CIRCLE('',#5800,3.);
#1084=CIRCLE('',#5803,3.);
#1085=CIRCLE('',#5804,3.);
#1086=CIRCLE('',#5807,3.);
#1087=CIRCLE('',#5808,3.);
#1088=CIRCLE('',#5811,3.);
#1089=CIRCLE('',#5812,3.);
#1090=CIRCLE('',#5814,3.);
#1091=CIRCLE('',#5815,3.);
#1092=CIRCLE('',#5818,3.);
#1093=CIRCLE('',#5819,3.);
#1094=CIRCLE('',#5821,3.);
#1095=CIRCLE('',#5822,3.);
#1096=CIRCLE('',#5825,3.);
#1097=CIRCLE('',#5826,3.);
#1098=CIRCLE('',#5828,3.);
#1099=CIRCLE('',#5829,3.);
#1100=CIRCLE('',#5832,3.);
#1101=CIRCLE('',#5833,3.);
#1102=CIRCLE('',#5835,3.);
#1103=CIRCLE('',#5836,3.);
#1104=CIRCLE('',#5839,3.);
#1105=CIRCLE('',#5840,3.);
#1106=CIRCLE('',#5842,3.);
#1107=CIRCLE('',#5843,3.);
#1108=CIRCLE('',#5846,3.);
#1109=CIRCLE('',#5847,3.);
#1110=CIRCLE('',#5849,3.);
#1111=CIRCLE('',#5850,3.);
#1112=CIRCLE('',#5853,3.);
#1113=CIRCLE('',#5854,3.);
#1114=CIRCLE('',#5856,3.);
#1115=CIRCLE('',#5857,3.);
#1116=CIRCLE('',#5860,3.);
#1117=CIRCLE('',#5861,3.);
#1118=CIRCLE('',#5863,3.);
#1119=CIRCLE('',#5864,3.);
#1120=CIRCLE('',#5867,3.);
#1121=CIRCLE('',#5868,3.);
#1122=CIRCLE('',#5870,3.);
#1123=CIRCLE('',#5871,3.);
#1124=CIRCLE('',#5874,3.);
#1125=CIRCLE('',#5875,3.);
#1126=CIRCLE('',#5877,3.);
#1127=CIRCLE('',#5878,3.);
#1128=CIRCLE('',#5881,3.);
#1129=CIRCLE('',#5882,3.);
#1130=CIRCLE('',#5885,3.);
#1131=CIRCLE('',#5886,3.);
#1132=CIRCLE('',#5889,3.);
#1133=CIRCLE('',#5890,3.);
#1134=CIRCLE('',#5893,3.);
#1135=CIRCLE('',#5894,3.);
#1136=CIRCLE('',#5896,3.);
#1137=CIRCLE('',#5897,3.);
#1138=CIRCLE('',#5899,3.);
#1139=CIRCLE('',#5900,3.);
#1140=CIRCLE('',#5901,3.);
#1141=CIRCLE('',#5902,3.);
#1142=CIRCLE('',#5903,3.);
#1143=CIRCLE('',#5904,3.);
#1144=CIRCLE('',#5905,3.);
#1145=CIRCLE('',#5906,3.);
#1146=CIRCLE('',#5907,3.);
#1147=CIRCLE('',#5908,3.);
#1148=CIRCLE('',#5909,3.);
#1149=CIRCLE('',#5910,3.);
#1150=CIRCLE('',#5911,3.);
#1151=CIRCLE('',#5912,3.);
#1152=CIRCLE('',#5913,3.);
#1153=CIRCLE('',#5914,3.);
#1154=CIRCLE('',#5915,3.);
#1155=CIRCLE('',#5916,3.);
#1156=CIRCLE('',#5917,3.);
#1157=CIRCLE('',#5918,3.);
#1158=CIRCLE('',#5919,3.);
#1159=CIRCLE('',#5920,1.2645);
#1160=CIRCLE('',#5921,1.2645);
#1161=CIRCLE('',#5922,1.2645);
#1162=CIRCLE('',#5923,1.2645);
#1163=CIRCLE('',#5924,1.2645);
#1164=CIRCLE('',#5925,1.2645);
#1165=CIRCLE('',#5926,1.2645);
#1166=CIRCLE('',#5927,1.2645);
#1167=CIRCLE('',#5928,1.2645);
#1168=CIRCLE('',#5929,1.2645);
#1169=CIRCLE('',#5930,1.2645);
#1170=CIRCLE('',#5931,1.2645);
#1171=CIRCLE('',#5932,1.2645);
#1172=CIRCLE('',#5933,1.2645);
#1173=CIRCLE('',#5934,1.2645);
#1174=CIRCLE('',#5935,1.2645);
#1175=CIRCLE('',#5936,1.2645);
#1176=CIRCLE('',#5937,1.2645);
#1177=CIRCLE('',#5938,1.2645);
#1178=CIRCLE('',#5939,1.2645);
#1179=CIRCLE('',#5940,1.2645);
#1180=CIRCLE('',#5941,1.2645);
#1181=CIRCLE('',#5942,1.2645);
#1182=CIRCLE('',#5943,1.2645);
#1183=CIRCLE('',#5944,1.2645);
#1184=CIRCLE('',#5945,1.2645);
#1185=CIRCLE('',#5946,1.2645);
#1186=CIRCLE('',#5947,1.2645);
#1187=CIRCLE('',#5948,1.2645);
#1188=CIRCLE('',#5949,1.2645);
#1189=CIRCLE('',#5950,1.2645);
#1190=CIRCLE('',#5951,1.2645);
#1191=CIRCLE('',#5952,1.2645);
#1192=CIRCLE('',#5953,1.2645);
#1193=CIRCLE('',#5954,1.2645);
#1194=CIRCLE('',#5955,1.2645);
#1195=CIRCLE('',#5956,1.2645);
#1196=CIRCLE('',#5957,1.2645);
#1197=CIRCLE('',#5958,1.2645);
#1198=CIRCLE('',#5959,1.2645);
#1199=CIRCLE('',#5960,1.2645);
#1200=CIRCLE('',#5961,1.2645);
#1201=CIRCLE('',#5962,1.2645);
#1202=CIRCLE('',#5963,1.2645);
#1203=CIRCLE('',#5966,3.);
#1204=CIRCLE('',#5968,3.);
#1205=CIRCLE('',#5971,3.);
#1206=CIRCLE('',#5973,3.);
#1207=CIRCLE('',#5976,3.);
#1208=CIRCLE('',#5978,3.);
#1209=CIRCLE('',#5981,3.);
#1210=CIRCLE('',#5984,3.);
#1211=CIRCLE('',#5986,3.);
#1212=CIRCLE('',#5988,3.);
#1213=CIRCLE('',#5991,3.);
#1214=CIRCLE('',#5993,3.);
#1215=CIRCLE('',#5996,3.);
#1216=CIRCLE('',#5998,3.);
#1217=CIRCLE('',#6001,3.);
#1218=CIRCLE('',#6003,3.);
#1219=CIRCLE('',#6006,3.);
#1220=CIRCLE('',#6008,3.);
#1221=CIRCLE('',#6011,3.);
#1222=CIRCLE('',#6013,3.);
#1223=CIRCLE('',#6016,3.);
#1224=CIRCLE('',#6042,1.2645);
#1225=CIRCLE('',#6043,1.2645);
#1226=CIRCLE('',#6044,1.2645);
#1227=CIRCLE('',#6045,1.2645);
#1228=CIRCLE('',#6046,1.2645);
#1229=CIRCLE('',#6047,1.2645);
#1230=CIRCLE('',#6048,1.2645);
#1231=CIRCLE('',#6049,1.2645);
#1232=CIRCLE('',#6050,1.2645);
#1233=CIRCLE('',#6051,1.2645);
#1234=CIRCLE('',#6052,1.2645);
#1235=CIRCLE('',#6053,1.2645);
#1236=CIRCLE('',#6054,1.2645);
#1237=CIRCLE('',#6055,1.2645);
#1238=CIRCLE('',#6056,1.2645);
#1239=CIRCLE('',#6057,1.2645);
#1240=CIRCLE('',#6058,1.2645);
#1241=CIRCLE('',#6059,1.2645);
#1242=CIRCLE('',#6060,1.2645);
#1243=CIRCLE('',#6061,1.2645);
#1244=CIRCLE('',#6062,1.2645);
#1245=CIRCLE('',#6063,1.2645);
#1246=CIRCLE('',#6064,1.2645);
#1247=CIRCLE('',#6065,1.2645);
#1248=CIRCLE('',#6066,1.2645);
#1249=CIRCLE('',#6067,1.2645);
#1250=CIRCLE('',#6068,1.2645);
#1251=CIRCLE('',#6069,1.2645);
#1252=CIRCLE('',#6070,1.2645);
#1253=CIRCLE('',#6071,1.2645);
#1254=CIRCLE('',#6072,1.2645);
#1255=CIRCLE('',#6073,1.2645);
#1256=CIRCLE('',#6074,1.2645);
#1257=CIRCLE('',#6075,1.2645);
#1258=CIRCLE('',#6076,1.2645);
#1259=CIRCLE('',#6077,1.2645);
#1260=CIRCLE('',#6078,1.2645);
#1261=CIRCLE('',#6079,1.2645);
#1262=CIRCLE('',#6080,1.2645);
#1263=CIRCLE('',#6081,1.2645);
#1264=CIRCLE('',#6082,1.2645);
#1265=CIRCLE('',#6083,1.2645);
#1266=CIRCLE('',#6084,1.2645);
#1267=CIRCLE('',#6085,1.2645);
#1268=CIRCLE('',#6095,1.2645);
#1269=CIRCLE('',#6097,1.2645);
#1270=CIRCLE('',#6099,1.2645);
#1271=CIRCLE('',#6101,1.2645);
#1272=CIRCLE('',#6103,1.2645);
#1273=CIRCLE('',#6116,1.2645);
#1274=CIRCLE('',#6118,1.2645);
#1275=CIRCLE('',#6120,1.2645);
#1276=CIRCLE('',#6122,1.2645);
#1277=CIRCLE('',#6124,1.2645);
#1278=CIRCLE('',#6126,1.2645);
#1279=LINE('',#7857,#1798);
#1280=LINE('',#7859,#1799);
#1281=LINE('',#7863,#1800);
#1282=LINE('',#7887,#1801);
#1283=LINE('',#7904,#1802);
#1284=LINE('',#7908,#1803);
#1285=LINE('',#7910,#1804);
#1286=LINE('',#7912,#1805);
#1287=LINE('',#7913,#1806);
#1288=LINE('',#7917,#1807);
#1289=LINE('',#7919,#1808);
#1290=LINE('',#7921,#1809);
#1291=LINE('',#7922,#1810);
#1292=LINE('',#7926,#1811);
#1293=LINE('',#7928,#1812);
#1294=LINE('',#7930,#1813);
#1295=LINE('',#7931,#1814);
#1296=LINE('',#7935,#1815);
#1297=LINE('',#7937,#1816);
#1298=LINE('',#7939,#1817);
#1299=LINE('',#7940,#1818);
#1300=LINE('',#7944,#1819);
#1301=LINE('',#7946,#1820);
#1302=LINE('',#7948,#1821);
#1303=LINE('',#7949,#1822);
#1304=LINE('',#7953,#1823);
#1305=LINE('',#7955,#1824);
#1306=LINE('',#7957,#1825);
#1307=LINE('',#7958,#1826);
#1308=LINE('',#7962,#1827);
#1309=LINE('',#7964,#1828);
#1310=LINE('',#7966,#1829);
#1311=LINE('',#7967,#1830);
#1312=LINE('',#7971,#1831);
#1313=LINE('',#7973,#1832);
#1314=LINE('',#7975,#1833);
#1315=LINE('',#7976,#1834);
#1316=LINE('',#7980,#1835);
#1317=LINE('',#7982,#1836);
#1318=LINE('',#7984,#1837);
#1319=LINE('',#7985,#1838);
#1320=LINE('',#7989,#1839);
#1321=LINE('',#7991,#1840);
#1322=LINE('',#7993,#1841);
#1323=LINE('',#7994,#1842);
#1324=LINE('',#7998,#1843);
#1325=LINE('',#8000,#1844);
#1326=LINE('',#8002,#1845);
#1327=LINE('',#8003,#1846);
#1328=LINE('',#8007,#1847);
#1329=LINE('',#8009,#1848);
#1330=LINE('',#8011,#1849);
#1331=LINE('',#8012,#1850);
#1332=LINE('',#8016,#1851);
#1333=LINE('',#8018,#1852);
#1334=LINE('',#8020,#1853);
#1335=LINE('',#8021,#1854);
#1336=LINE('',#8025,#1855);
#1337=LINE('',#8027,#1856);
#1338=LINE('',#8029,#1857);
#1339=LINE('',#8030,#1858);
#1340=LINE('',#8034,#1859);
#1341=LINE('',#8036,#1860);
#1342=LINE('',#8038,#1861);
#1343=LINE('',#8039,#1862);
#1344=LINE('',#8043,#1863);
#1345=LINE('',#8045,#1864);
#1346=LINE('',#8047,#1865);
#1347=LINE('',#8048,#1866);
#1348=LINE('',#8088,#1867);
#1349=LINE('',#8090,#1868);
#1350=LINE('',#8091,#1869);
#1351=LINE('',#8096,#1870);
#1352=LINE('',#8100,#1871);
#1353=LINE('',#8102,#1872);
#1354=LINE('',#8103,#1873);
#1355=LINE('',#8108,#1874);
#1356=LINE('',#8112,#1875);
#1357=LINE('',#8114,#1876);
#1358=LINE('',#8115,#1877);
#1359=LINE('',#8121,#1878);
#1360=LINE('',#8123,#1879);
#1361=LINE('',#8124,#1880);
#1362=LINE('',#8129,#1881);
#1363=LINE('',#8132,#1882);
#1364=LINE('',#8133,#1883);
#1365=LINE('',#8141,#1884);
#1366=LINE('',#8145,#1885);
#1367=LINE('',#8147,#1886);
#1368=LINE('',#8148,#1887);
#1369=LINE('',#8153,#1888);
#1370=LINE('',#8157,#1889);
#1371=LINE('',#8159,#1890);
#1372=LINE('',#8160,#1891);
#1373=LINE('',#8168,#1892);
#1374=LINE('',#8169,#1893);
#1375=LINE('',#8175,#1894);
#1376=LINE('',#8177,#1895);
#1377=LINE('',#8178,#1896);
#1378=LINE('',#8183,#1897);
#1379=LINE('',#8187,#1898);
#1380=LINE('',#8189,#1899);
#1381=LINE('',#8190,#1900);
#1382=LINE('',#8195,#1901);
#1383=LINE('',#8198,#1902);
#1384=LINE('',#8199,#1903);
#1385=LINE('',#8207,#1904);
#1386=LINE('',#8211,#1905);
#1387=LINE('',#8213,#1906);
#1388=LINE('',#8214,#1907);
#1389=LINE('',#8219,#1908);
#1390=LINE('',#8223,#1909);
#1391=LINE('',#8225,#1910);
#1392=LINE('',#8226,#1911);
#1393=LINE('',#8234,#1912);
#1394=LINE('',#8235,#1913);
#1395=LINE('',#8241,#1914);
#1396=LINE('',#8244,#1915);
#1397=LINE('',#8247,#1916);
#1398=LINE('',#8249,#1917);
#1399=LINE('',#8250,#1918);
#1400=LINE('',#8253,#1919);
#1401=LINE('',#8257,#1920);
#1402=LINE('',#8258,#1921);
#1403=LINE('',#8269,#1922);
#1404=LINE('',#8270,#1923);
#1405=LINE('',#8273,#1924);
#1406=LINE('',#8274,#1925);
#1407=LINE('',#8280,#1926);
#1408=LINE('',#8283,#1927);
#1409=LINE('',#8286,#1928);
#1410=LINE('',#8290,#1929);
#1411=LINE('',#8291,#1930);
#1412=LINE('',#8292,#1931);
#1413=LINE('',#8293,#1932);
#1414=LINE('',#8294,#1933);
#1415=LINE('',#8296,#1934);
#1416=LINE('',#8297,#1935);
#1417=LINE('',#8310,#1936);
#1418=LINE('',#8311,#1937);
#1419=LINE('',#8317,#1938);
#1420=LINE('',#8320,#1939);
#1421=LINE('',#8323,#1940);
#1422=LINE('',#8325,#1941);
#1423=LINE('',#8326,#1942);
#1424=LINE('',#8329,#1943);
#1425=LINE('',#8330,#1944);
#1426=LINE('',#8332,#1945);
#1427=LINE('',#8343,#1946);
#1428=LINE('',#8345,#1947);
#1429=LINE('',#8349,#1948);
#1430=LINE('',#8355,#1949);
#1431=LINE('',#8358,#1950);
#1432=LINE('',#8361,#1951);
#1433=LINE('',#8363,#1952);
#1434=LINE('',#8364,#1953);
#1435=LINE('',#8370,#1954);
#1436=LINE('',#8376,#1955);
#1437=LINE('',#8379,#1956);
#1438=LINE('',#8382,#1957);
#1439=LINE('',#8384,#1958);
#1440=LINE('',#8385,#1959);
#1441=LINE('',#8391,#1960);
#1442=LINE('',#8397,#1961);
#1443=LINE('',#8400,#1962);
#1444=LINE('',#8403,#1963);
#1445=LINE('',#8405,#1964);
#1446=LINE('',#8406,#1965);
#1447=LINE('',#8412,#1966);
#1448=LINE('',#8418,#1967);
#1449=LINE('',#8421,#1968);
#1450=LINE('',#8424,#1969);
#1451=LINE('',#8426,#1970);
#1452=LINE('',#8427,#1971);
#1453=LINE('',#8433,#1972);
#1454=LINE('',#8439,#1973);
#1455=LINE('',#8442,#1974);
#1456=LINE('',#8445,#1975);
#1457=LINE('',#8447,#1976);
#1458=LINE('',#8448,#1977);
#1459=LINE('',#8454,#1978);
#1460=LINE('',#8457,#1979);
#1461=LINE('',#8459,#1980);
#1462=LINE('',#8460,#1981);
#1463=LINE('',#8466,#1982);
#1464=LINE('',#8469,#1983);
#1465=LINE('',#8472,#1984);
#1466=LINE('',#8474,#1985);
#1467=LINE('',#8475,#1986);
#1468=LINE('',#8481,#1987);
#1469=LINE('',#8487,#1988);
#1470=LINE('',#8490,#1989);
#1471=LINE('',#8493,#1990);
#1472=LINE('',#8495,#1991);
#1473=LINE('',#8496,#1992);
#1474=LINE('',#8502,#1993);
#1475=LINE('',#8508,#1994);
#1476=LINE('',#8511,#1995);
#1477=LINE('',#8514,#1996);
#1478=LINE('',#8516,#1997);
#1479=LINE('',#8517,#1998);
#1480=LINE('',#8526,#1999);
#1481=LINE('',#8529,#2000);
#1482=LINE('',#8532,#2001);
#1483=LINE('',#8534,#2002);
#1484=LINE('',#8535,#2003);
#1485=LINE('',#8541,#2004);
#1486=LINE('',#8547,#2005);
#1487=LINE('',#8550,#2006);
#1488=LINE('',#8553,#2007);
#1489=LINE('',#8555,#2008);
#1490=LINE('',#8556,#2009);
#1491=LINE('',#8562,#2010);
#1492=LINE('',#8568,#2011);
#1493=LINE('',#8571,#2012);
#1494=LINE('',#8574,#2013);
#1495=LINE('',#8576,#2014);
#1496=LINE('',#8577,#2015);
#1497=LINE('',#8583,#2016);
#1498=LINE('',#8589,#2017);
#1499=LINE('',#8592,#2018);
#1500=LINE('',#8595,#2019);
#1501=LINE('',#8597,#2020);
#1502=LINE('',#8598,#2021);
#1503=LINE('',#8604,#2022);
#1504=LINE('',#8610,#2023);
#1505=LINE('',#8613,#2024);
#1506=LINE('',#8616,#2025);
#1507=LINE('',#8618,#2026);
#1508=LINE('',#8619,#2027);
#1509=LINE('',#8625,#2028);
#1510=LINE('',#8631,#2029);
#1511=LINE('',#8634,#2030);
#1512=LINE('',#8637,#2031);
#1513=LINE('',#8639,#2032);
#1514=LINE('',#8640,#2033);
#1515=LINE('',#8646,#2034);
#1516=LINE('',#8652,#2035);
#1517=LINE('',#8655,#2036);
#1518=LINE('',#8658,#2037);
#1519=LINE('',#8660,#2038);
#1520=LINE('',#8661,#2039);
#1521=LINE('',#8667,#2040);
#1522=LINE('',#8673,#2041);
#1523=LINE('',#8676,#2042);
#1524=LINE('',#8679,#2043);
#1525=LINE('',#8681,#2044);
#1526=LINE('',#8682,#2045);
#1527=LINE('',#8687,#2046);
#1528=LINE('',#8690,#2047);
#1529=LINE('',#8691,#2048);
#1530=LINE('',#8697,#2049);
#1531=LINE('',#8700,#2050);
#1532=LINE('',#8703,#2051);
#1533=LINE('',#8705,#2052);
#1534=LINE('',#8706,#2053);
#1535=LINE('',#8712,#2054);
#1536=LINE('',#8715,#2055);
#1537=LINE('',#8718,#2056);
#1538=LINE('',#8720,#2057);
#1539=LINE('',#8721,#2058);
#1540=LINE('',#8727,#2059);
#1541=LINE('',#8733,#2060);
#1542=LINE('',#8736,#2061);
#1543=LINE('',#8738,#2062);
#1544=LINE('',#8740,#2063);
#1545=LINE('',#8742,#2064);
#1546=LINE('',#8743,#2065);
#1547=LINE('',#8745,#2066);
#1548=LINE('',#8746,#2067);
#1549=LINE('',#8747,#2068);
#1550=LINE('',#8748,#2069);
#1551=LINE('',#8749,#2070);
#1552=LINE('',#8752,#2071);
#1553=LINE('',#8756,#2072);
#1554=LINE('',#8760,#2073);
#1555=LINE('',#8764,#2074);
#1556=LINE('',#8768,#2075);
#1557=LINE('',#8772,#2076);
#1558=LINE('',#8776,#2077);
#1559=LINE('',#8780,#2078);
#1560=LINE('',#8782,#2079);
#1561=LINE('',#8783,#2080);
#1562=LINE('',#8784,#2081);
#1563=LINE('',#8785,#2082);
#1564=LINE('',#8786,#2083);
#1565=LINE('',#8787,#2084);
#1566=LINE('',#8788,#2085);
#1567=LINE('',#8791,#2086);
#1568=LINE('',#8795,#2087);
#1569=LINE('',#8799,#2088);
#1570=LINE('',#8803,#2089);
#1571=LINE('',#8807,#2090);
#1572=LINE('',#8811,#2091);
#1573=LINE('',#8815,#2092);
#1574=LINE('',#8819,#2093);
#1575=LINE('',#8821,#2094);
#1576=LINE('',#8822,#2095);
#1577=LINE('',#8823,#2096);
#1578=LINE('',#8824,#2097);
#1579=LINE('',#8825,#2098);
#1580=LINE('',#8826,#2099);
#1581=LINE('',#8827,#2100);
#1582=LINE('',#8829,#2101);
#1583=LINE('',#8832,#2102);
#1584=LINE('',#8834,#2103);
#1585=LINE('',#8838,#2104);
#1586=LINE('',#8842,#2105);
#1587=LINE('',#8846,#2106);
#1588=LINE('',#8848,#2107);
#1589=LINE('',#8939,#2108);
#1590=LINE('',#8940,#2109);
#1591=LINE('',#8944,#2110);
#1592=LINE('',#8947,#2111);
#1593=LINE('',#8950,#2112);
#1594=LINE('',#8953,#2113);
#1595=LINE('',#8954,#2114);
#1596=LINE('',#8958,#2115);
#1597=LINE('',#8963,#2116);
#1598=LINE('',#8964,#2117);
#1599=LINE('',#8967,#2118);
#1600=LINE('',#8968,#2119);
#1601=LINE('',#8973,#2120);
#1602=LINE('',#8976,#2121);
#1603=LINE('',#8979,#2122);
#1604=LINE('',#8980,#2123);
#1605=LINE('',#8985,#2124);
#1606=LINE('',#8986,#2125);
#1607=LINE('',#8989,#2126);
#1608=LINE('',#8990,#2127);
#1609=LINE('',#8994,#2128);
#1610=LINE('',#8998,#2129);
#1611=LINE('',#9003,#2130);
#1612=LINE('',#9004,#2131);
#1613=LINE('',#9007,#2132);
#1614=LINE('',#9008,#2133);
#1615=LINE('',#9012,#2134);
#1616=LINE('',#9017,#2135);
#1617=LINE('',#9018,#2136);
#1618=LINE('',#9021,#2137);
#1619=LINE('',#9022,#2138);
#1620=LINE('',#9026,#2139);
#1621=LINE('',#9031,#2140);
#1622=LINE('',#9032,#2141);
#1623=LINE('',#9035,#2142);
#1624=LINE('',#9036,#2143);
#1625=LINE('',#9040,#2144);
#1626=LINE('',#9045,#2145);
#1627=LINE('',#9046,#2146);
#1628=LINE('',#9049,#2147);
#1629=LINE('',#9050,#2148);
#1630=LINE('',#9054,#2149);
#1631=LINE('',#9059,#2150);
#1632=LINE('',#9060,#2151);
#1633=LINE('',#9063,#2152);
#1634=LINE('',#9064,#2153);
#1635=LINE('',#9068,#2154);
#1636=LINE('',#9073,#2155);
#1637=LINE('',#9074,#2156);
#1638=LINE('',#9077,#2157);
#1639=LINE('',#9078,#2158);
#1640=LINE('',#9082,#2159);
#1641=LINE('',#9084,#2160);
#1642=LINE('',#9085,#2161);
#1643=LINE('',#9087,#2162);
#1644=LINE('',#9088,#2163);
#1645=LINE('',#9090,#2164);
#1646=LINE('',#9091,#2165);
#1647=LINE('',#9094,#2166);
#1648=LINE('',#9096,#2167);
#1649=LINE('',#9097,#2168);
#1650=LINE('',#9099,#2169);
#1651=LINE('',#9100,#2170);
#1652=LINE('',#9102,#2171);
#1653=LINE('',#9103,#2172);
#1654=LINE('',#9106,#2173);
#1655=LINE('',#9108,#2174);
#1656=LINE('',#9109,#2175);
#1657=LINE('',#9111,#2176);
#1658=LINE('',#9112,#2177);
#1659=LINE('',#9115,#2178);
#1660=LINE('',#9116,#2179);
#1661=LINE('',#9118,#2180);
#1662=LINE('',#9120,#2181);
#1663=LINE('',#9123,#2182);
#1664=LINE('',#9124,#2183);
#1665=LINE('',#9126,#2184);
#1666=LINE('',#9127,#2185);
#1667=LINE('',#9129,#2186);
#1668=LINE('',#9132,#2187);
#1669=LINE('',#9134,#2188);
#1670=LINE('',#9135,#2189);
#1671=LINE('',#9137,#2190);
#1672=LINE('',#9138,#2191);
#1673=LINE('',#9140,#2192);
#1674=LINE('',#9141,#2193);
#1675=LINE('',#9144,#2194);
#1676=LINE('',#9146,#2195);
#1677=LINE('',#9147,#2196);
#1678=LINE('',#9149,#2197);
#1679=LINE('',#9150,#2198);
#1680=LINE('',#9152,#2199);
#1681=LINE('',#9156,#2200);
#1682=LINE('',#9159,#2201);
#1683=LINE('',#9160,#2202);
#1684=LINE('',#9161,#2203);
#1685=LINE('',#9163,#2204);
#1686=LINE('',#9164,#2205);
#1687=LINE('',#9166,#2206);
#1688=LINE('',#9168,#2207);
#1689=LINE('',#9169,#2208);
#1690=LINE('',#9170,#2209);
#1691=LINE('',#9171,#2210);
#1692=LINE('',#9172,#2211);
#1693=LINE('',#9173,#2212);
#1694=LINE('',#9174,#2213);
#1695=LINE('',#9175,#2214);
#1696=LINE('',#9176,#2215);
#1697=LINE('',#9177,#2216);
#1698=LINE('',#9178,#2217);
#1699=LINE('',#9179,#2218);
#1700=LINE('',#9180,#2219);
#1701=LINE('',#9181,#2220);
#1702=LINE('',#9182,#2221);
#1703=LINE('',#9183,#2222);
#1704=LINE('',#9184,#2223);
#1705=LINE('',#9185,#2224);
#1706=LINE('',#9186,#2225);
#1707=LINE('',#9187,#2226);
#1708=LINE('',#9188,#2227);
#1709=LINE('',#9189,#2228);
#1710=LINE('',#9190,#2229);
#1711=LINE('',#9191,#2230);
#1712=LINE('',#9192,#2231);
#1713=LINE('',#9193,#2232);
#1714=LINE('',#9194,#2233);
#1715=LINE('',#9195,#2234);
#1716=LINE('',#9196,#2235);
#1717=LINE('',#9286,#2236);
#1718=LINE('',#9291,#2237);
#1719=LINE('',#9298,#2238);
#1720=LINE('',#9302,#2239);
#1721=LINE('',#9306,#2240);
#1722=LINE('',#9310,#2241);
#1723=LINE('',#9314,#2242);
#1724=LINE('',#9316,#2243);
#1725=LINE('',#9317,#2244);
#1726=LINE('',#9319,#2245);
#1727=LINE('',#9320,#2246);
#1728=LINE('',#9322,#2247);
#1729=LINE('',#9324,#2248);
#1730=LINE('',#9327,#2249);
#1731=LINE('',#9329,#2250);
#1732=LINE('',#9331,#2251);
#1733=LINE('',#9332,#2252);
#1734=LINE('',#9334,#2253);
#1735=LINE('',#9340,#2254);
#1736=LINE('',#9344,#2255);
#1737=LINE('',#9348,#2256);
#1738=LINE('',#9352,#2257);
#1739=LINE('',#9356,#2258);
#1740=LINE('',#9360,#2259);
#1741=LINE('',#9363,#2260);
#1742=LINE('',#9364,#2261);
#1743=LINE('',#9366,#2262);
#1744=LINE('',#9367,#2263);
#1745=LINE('',#9369,#2264);
#1746=LINE('',#9370,#2265);
#1747=LINE('',#9374,#2266);
#1748=LINE('',#9375,#2267);
#1749=LINE('',#9376,#2268);
#1750=LINE('',#9378,#2269);
#1751=LINE('',#9379,#2270);
#1752=LINE('',#9381,#2271);
#1753=LINE('',#9383,#2272);
#1754=LINE('',#9389,#2273);
#1755=LINE('',#9391,#2274);
#1756=LINE('',#9393,#2275);
#1757=LINE('',#9395,#2276);
#1758=LINE('',#9397,#2277);
#1759=LINE('',#9399,#2278);
#1760=LINE('',#9401,#2279);
#1761=LINE('',#9403,#2280);
#1762=LINE('',#9405,#2281);
#1763=LINE('',#9407,#2282);
#1764=LINE('',#9409,#2283);
#1765=LINE('',#9411,#2284);
#1766=LINE('',#9413,#2285);
#1767=LINE('',#9415,#2286);
#1768=LINE('',#9417,#2287);
#1769=LINE('',#9419,#2288);
#1770=LINE('',#9421,#2289);
#1771=LINE('',#9423,#2290);
#1772=LINE('',#9425,#2291);
#1773=LINE('',#9427,#2292);
#1774=LINE('',#9429,#2293);
#1775=LINE('',#9431,#2294);
#1776=LINE('',#9433,#2295);
#1777=LINE('',#9435,#2296);
#1778=LINE('',#9437,#2297);
#1779=LINE('',#9439,#2298);
#1780=LINE('',#9441,#2299);
#1781=LINE('',#9443,#2300);
#1782=LINE('',#9445,#2301);
#1783=LINE('',#9447,#2302);
#1784=LINE('',#9449,#2303);
#1785=LINE('',#9451,#2304);
#1786=LINE('',#9453,#2305);
#1787=LINE('',#9455,#2306);
#1788=LINE('',#9457,#2307);
#1789=LINE('',#9459,#2308);
#1790=LINE('',#9461,#2309);
#1791=LINE('',#9463,#2310);
#1792=LINE('',#9465,#2311);
#1793=LINE('',#9467,#2312);
#1794=LINE('',#9469,#2313);
#1795=LINE('',#9471,#2314);
#1796=LINE('',#9473,#2315);
#1797=LINE('',#9475,#2316);
#1798=VECTOR('',#6214,10.);
#1799=VECTOR('',#6215,10.);
#1800=VECTOR('',#6218,2.);
#1801=VECTOR('',#6221,10.);
#1802=VECTOR('',#6222,10.);
#1803=VECTOR('',#6225,10.);
#1804=VECTOR('',#6226,4.31999999999994);
#1805=VECTOR('',#6227,10.);
#1806=VECTOR('',#6228,4.31999999999994);
#1807=VECTOR('',#6231,10.);
#1808=VECTOR('',#6232,4.31999999999994);
#1809=VECTOR('',#6233,10.);
#1810=VECTOR('',#6234,4.31999999999994);
#1811=VECTOR('',#6237,10.);
#1812=VECTOR('',#6238,4.31999999999994);
#1813=VECTOR('',#6239,10.);
#1814=VECTOR('',#6240,4.31999999999994);
#1815=VECTOR('',#6243,10.);
#1816=VECTOR('',#6244,4.31999999999994);
#1817=VECTOR('',#6245,10.);
#1818=VECTOR('',#6246,4.31999999999994);
#1819=VECTOR('',#6249,10.);
#1820=VECTOR('',#6250,4.31999999999994);
#1821=VECTOR('',#6251,10.);
#1822=VECTOR('',#6252,4.31999999999994);
#1823=VECTOR('',#6255,10.);
#1824=VECTOR('',#6256,4.31999999999994);
#1825=VECTOR('',#6257,10.);
#1826=VECTOR('',#6258,4.31999999999994);
#1827=VECTOR('',#6261,10.);
#1828=VECTOR('',#6262,4.31999999999994);
#1829=VECTOR('',#6263,10.);
#1830=VECTOR('',#6264,4.31999999999994);
#1831=VECTOR('',#6267,10.);
#1832=VECTOR('',#6268,4.31999999999994);
#1833=VECTOR('',#6269,10.);
#1834=VECTOR('',#6270,4.31999999999994);
#1835=VECTOR('',#6273,10.);
#1836=VECTOR('',#6274,4.31999999999999);
#1837=VECTOR('',#6275,10.);
#1838=VECTOR('',#6276,4.31999999999999);
#1839=VECTOR('',#6279,10.);
#1840=VECTOR('',#6280,4.31999999999999);
#1841=VECTOR('',#6281,10.);
#1842=VECTOR('',#6282,4.31999999999999);
#1843=VECTOR('',#6285,10.);
#1844=VECTOR('',#6286,4.31999999999999);
#1845=VECTOR('',#6287,10.);
#1846=VECTOR('',#6288,4.31999999999999);
#1847=VECTOR('',#6291,10.);
#1848=VECTOR('',#6292,4.31999999999999);
#1849=VECTOR('',#6293,10.);
#1850=VECTOR('',#6294,4.31999999999999);
#1851=VECTOR('',#6297,10.);
#1852=VECTOR('',#6298,4.31999999999999);
#1853=VECTOR('',#6299,10.);
#1854=VECTOR('',#6300,4.31999999999999);
#1855=VECTOR('',#6303,10.);
#1856=VECTOR('',#6304,4.31999999999999);
#1857=VECTOR('',#6305,10.);
#1858=VECTOR('',#6306,4.31999999999999);
#1859=VECTOR('',#6309,10.);
#1860=VECTOR('',#6310,4.31999999999999);
#1861=VECTOR('',#6311,10.);
#1862=VECTOR('',#6312,4.31999999999999);
#1863=VECTOR('',#6315,10.);
#1864=VECTOR('',#6316,4.31999999999999);
#1865=VECTOR('',#6317,10.);
#1866=VECTOR('',#6318,4.31999999999999);
#1867=VECTOR('',#6321,10.);
#1868=VECTOR('',#6322,10.);
#1869=VECTOR('',#6323,10.);
#1870=VECTOR('',#6328,2.);
#1871=VECTOR('',#6333,4.31999999999997);
#1872=VECTOR('',#6334,10.);
#1873=VECTOR('',#6335,4.31999999999997);
#1874=VECTOR('',#6340,10.);
#1875=VECTOR('',#6345,10.);
#1876=VECTOR('',#6346,10.);
#1877=VECTOR('',#6347,10.);
#1878=VECTOR('',#6354,10.);
#1879=VECTOR('',#6357,10.);
#1880=VECTOR('',#6358,10.);
#1881=VECTOR('',#6363,10.);
#1882=VECTOR('',#6368,10.);
#1883=VECTOR('',#6369,10.);
#1884=VECTOR('',#6380,10.);
#1885=VECTOR('',#6385,10.);
#1886=VECTOR('',#6386,10.);
#1887=VECTOR('',#6387,10.);
#1888=VECTOR('',#6392,10.);
#1889=VECTOR('',#6397,10.);
#1890=VECTOR('',#6398,10.);
#1891=VECTOR('',#6399,10.);
#1892=VECTOR('',#6414,10.);
#1893=VECTOR('',#6415,10.);
#1894=VECTOR('',#6422,10.);
#1895=VECTOR('',#6425,10.);
#1896=VECTOR('',#6426,10.);
#1897=VECTOR('',#6431,10.);
#1898=VECTOR('',#6436,10.);
#1899=VECTOR('',#6437,10.);
#1900=VECTOR('',#6438,10.);
#1901=VECTOR('',#6443,10.);
#1902=VECTOR('',#6448,10.);
#1903=VECTOR('',#6449,10.);
#1904=VECTOR('',#6460,10.);
#1905=VECTOR('',#6465,10.);
#1906=VECTOR('',#6466,10.);
#1907=VECTOR('',#6467,10.);
#1908=VECTOR('',#6472,10.);
#1909=VECTOR('',#6477,10.);
#1910=VECTOR('',#6478,10.);
#1911=VECTOR('',#6479,10.);
#1912=VECTOR('',#6494,10.);
#1913=VECTOR('',#6495,10.);
#1914=VECTOR('',#6500,10.);
#1915=VECTOR('',#6503,10.);
#1916=VECTOR('',#6506,4.31999999999997);
#1917=VECTOR('',#6507,10.);
#1918=VECTOR('',#6508,10.);
#1919=VECTOR('',#6511,10.);
#1920=VECTOR('',#6514,4.31999999999997);
#1921=VECTOR('',#6515,10.);
#1922=VECTOR('',#6526,10.);
#1923=VECTOR('',#6527,10.);
#1924=VECTOR('',#6530,4.31999999999997);
#1925=VECTOR('',#6531,10.);
#1926=VECTOR('',#6536,10.);
#1927=VECTOR('',#6539,10.);
#1928=VECTOR('',#6542,10.);
#1929=VECTOR('',#6545,4.31999999999999);
#1930=VECTOR('',#6546,10.);
#1931=VECTOR('',#6547,10.);
#1932=VECTOR('',#6548,10.);
#1933=VECTOR('',#6549,10.);
#1934=VECTOR('',#6550,10.);
#1935=VECTOR('',#6551,4.31999999999999);
#1936=VECTOR('',#6564,10.);
#1937=VECTOR('',#6565,10.);
#1938=VECTOR('',#6570,10.);
#1939=VECTOR('',#6573,10.);
#1940=VECTOR('',#6576,10.);
#1941=VECTOR('',#6577,10.);
#1942=VECTOR('',#6578,10.);
#1943=VECTOR('',#6581,4.31999999999997);
#1944=VECTOR('',#6582,10.);
#1945=VECTOR('',#6583,4.31999999999997);
#1946=VECTOR('',#6596,10.);
#1947=VECTOR('',#6599,10.);
#1948=VECTOR('',#6604,10.);
#1949=VECTOR('',#6609,10.);
#1950=VECTOR('',#6612,10.);
#1951=VECTOR('',#6615,10.);
#1952=VECTOR('',#6616,10.);
#1953=VECTOR('',#6617,10.);
#1954=VECTOR('',#6624,10.);
#1955=VECTOR('',#6629,10.);
#1956=VECTOR('',#6632,10.);
#1957=VECTOR('',#6635,10.);
#1958=VECTOR('',#6636,10.);
#1959=VECTOR('',#6637,10.);
#1960=VECTOR('',#6644,10.);
#1961=VECTOR('',#6649,10.);
#1962=VECTOR('',#6652,10.);
#1963=VECTOR('',#6655,10.);
#1964=VECTOR('',#6656,10.);
#1965=VECTOR('',#6657,10.);
#1966=VECTOR('',#6664,10.);
#1967=VECTOR('',#6669,10.);
#1968=VECTOR('',#6672,10.);
#1969=VECTOR('',#6675,10.);
#1970=VECTOR('',#6676,10.);
#1971=VECTOR('',#6677,10.);
#1972=VECTOR('',#6684,10.);
#1973=VECTOR('',#6689,10.);
#1974=VECTOR('',#6692,10.);
#1975=VECTOR('',#6695,10.);
#1976=VECTOR('',#6696,10.);
#1977=VECTOR('',#6697,10.);
#1978=VECTOR('',#6702,10.);
#1979=VECTOR('',#6705,10.);
#1980=VECTOR('',#6708,10.);
#1981=VECTOR('',#6709,10.);
#1982=VECTOR('',#6714,10.);
#1983=VECTOR('',#6717,10.);
#1984=VECTOR('',#6720,10.);
#1985=VECTOR('',#6721,10.);
#1986=VECTOR('',#6722,10.);
#1987=VECTOR('',#6729,10.);
#1988=VECTOR('',#6734,10.);
#1989=VECTOR('',#6737,10.);
#1990=VECTOR('',#6740,10.);
#1991=VECTOR('',#6741,10.);
#1992=VECTOR('',#6742,10.);
#1993=VECTOR('',#6749,10.);
#1994=VECTOR('',#6754,10.);
#1995=VECTOR('',#6757,10.);
#1996=VECTOR('',#6760,10.);
#1997=VECTOR('',#6761,10.);
#1998=VECTOR('',#6762,10.);
#1999=VECTOR('',#6773,10.);
#2000=VECTOR('',#6776,10.);
#2001=VECTOR('',#6779,10.);
#2002=VECTOR('',#6780,10.);
#2003=VECTOR('',#6781,10.);
#2004=VECTOR('',#6788,10.);
#2005=VECTOR('',#6793,10.);
#2006=VECTOR('',#6796,10.);
#2007=VECTOR('',#6799,10.);
#2008=VECTOR('',#6800,10.);
#2009=VECTOR('',#6801,10.);
#2010=VECTOR('',#6808,10.);
#2011=VECTOR('',#6813,10.);
#2012=VECTOR('',#6816,10.);
#2013=VECTOR('',#6819,10.);
#2014=VECTOR('',#6820,10.);
#2015=VECTOR('',#6821,10.);
#2016=VECTOR('',#6828,10.);
#2017=VECTOR('',#6833,10.);
#2018=VECTOR('',#6836,10.);
#2019=VECTOR('',#6839,10.);
#2020=VECTOR('',#6840,10.);
#2021=VECTOR('',#6841,10.);
#2022=VECTOR('',#6848,10.);
#2023=VECTOR('',#6853,10.);
#2024=VECTOR('',#6856,10.);
#2025=VECTOR('',#6859,10.);
#2026=VECTOR('',#6860,10.);
#2027=VECTOR('',#6861,10.);
#2028=VECTOR('',#6868,10.);
#2029=VECTOR('',#6873,10.);
#2030=VECTOR('',#6876,10.);
#2031=VECTOR('',#6879,10.);
#2032=VECTOR('',#6880,10.);
#2033=VECTOR('',#6881,10.);
#2034=VECTOR('',#6888,10.);
#2035=VECTOR('',#6893,10.);
#2036=VECTOR('',#6896,10.);
#2037=VECTOR('',#6899,10.);
#2038=VECTOR('',#6900,10.);
#2039=VECTOR('',#6901,10.);
#2040=VECTOR('',#6908,10.);
#2041=VECTOR('',#6913,10.);
#2042=VECTOR('',#6916,10.);
#2043=VECTOR('',#6919,10.);
#2044=VECTOR('',#6920,10.);
#2045=VECTOR('',#6921,10.);
#2046=VECTOR('',#6926,10.);
#2047=VECTOR('',#6931,10.);
#2048=VECTOR('',#6932,10.);
#2049=VECTOR('',#6937,10.);
#2050=VECTOR('',#6940,10.);
#2051=VECTOR('',#6943,10.);
#2052=VECTOR('',#6944,10.);
#2053=VECTOR('',#6945,10.);
#2054=VECTOR('',#6950,10.);
#2055=VECTOR('',#6953,10.);
#2056=VECTOR('',#6956,10.);
#2057=VECTOR('',#6957,10.);
#2058=VECTOR('',#6958,10.);
#2059=VECTOR('',#6965,10.);
#2060=VECTOR('',#6970,10.);
#2061=VECTOR('',#6973,10.);
#2062=VECTOR('',#6976,10.);
#2063=VECTOR('',#6977,10.);
#2064=VECTOR('',#6978,10.);
#2065=VECTOR('',#6979,10.);
#2066=VECTOR('',#6980,10.);
#2067=VECTOR('',#6981,10.);
#2068=VECTOR('',#6982,10.);
#2069=VECTOR('',#6983,10.);
#2070=VECTOR('',#6984,10.);
#2071=VECTOR('',#6985,10.);
#2072=VECTOR('',#6988,10.);
#2073=VECTOR('',#6991,10.);
#2074=VECTOR('',#6994,10.);
#2075=VECTOR('',#6997,10.);
#2076=VECTOR('',#7000,10.);
#2077=VECTOR('',#7003,10.);
#2078=VECTOR('',#7006,10.);
#2079=VECTOR('',#7009,10.);
#2080=VECTOR('',#7010,10.);
#2081=VECTOR('',#7011,10.);
#2082=VECTOR('',#7012,10.);
#2083=VECTOR('',#7013,10.);
#2084=VECTOR('',#7014,10.);
#2085=VECTOR('',#7015,10.);
#2086=VECTOR('',#7016,10.);
#2087=VECTOR('',#7019,10.);
#2088=VECTOR('',#7022,10.);
#2089=VECTOR('',#7025,10.);
#2090=VECTOR('',#7028,10.);
#2091=VECTOR('',#7031,10.);
#2092=VECTOR('',#7034,10.);
#2093=VECTOR('',#7037,10.);
#2094=VECTOR('',#7040,10.);
#2095=VECTOR('',#7041,10.);
#2096=VECTOR('',#7042,10.);
#2097=VECTOR('',#7043,10.);
#2098=VECTOR('',#7044,10.);
#2099=VECTOR('',#7045,10.);
#2100=VECTOR('',#7046,10.);
#2101=VECTOR('',#7047,10.);
#2102=VECTOR('',#7050,10.);
#2103=VECTOR('',#7051,10.);
#2104=VECTOR('',#7054,10.);
#2105=VECTOR('',#7057,10.);
#2106=VECTOR('',#7060,10.);
#2107=VECTOR('',#7063,10.);
#2108=VECTOR('',#7154,10.);
#2109=VECTOR('',#7155,10.);
#2110=VECTOR('',#7160,10.);
#2111=VECTOR('',#7163,10.);
#2112=VECTOR('',#7166,10.);
#2113=VECTOR('',#7169,10.);
#2114=VECTOR('',#7170,10.);
#2115=VECTOR('',#7175,10.);
#2116=VECTOR('',#7180,10.);
#2117=VECTOR('',#7181,10.);
#2118=VECTOR('',#7184,10.);
#2119=VECTOR('',#7185,10.);
#2120=VECTOR('',#7192,10.);
#2121=VECTOR('',#7195,10.);
#2122=VECTOR('',#7198,10.);
#2123=VECTOR('',#7199,10.);
#2124=VECTOR('',#7204,10.);
#2125=VECTOR('',#7205,10.);
#2126=VECTOR('',#7208,10.);
#2127=VECTOR('',#7209,10.);
#2128=VECTOR('',#7214,10.);
#2129=VECTOR('',#7219,10.);
#2130=VECTOR('',#7224,10.);
#2131=VECTOR('',#7225,10.);
#2132=VECTOR('',#7228,10.);
#2133=VECTOR('',#7229,10.);
#2134=VECTOR('',#7234,10.);
#2135=VECTOR('',#7239,10.);
#2136=VECTOR('',#7240,10.);
#2137=VECTOR('',#7243,10.);
#2138=VECTOR('',#7244,10.);
#2139=VECTOR('',#7249,10.);
#2140=VECTOR('',#7254,10.);
#2141=VECTOR('',#7255,10.);
#2142=VECTOR('',#7258,10.);
#2143=VECTOR('',#7259,10.);
#2144=VECTOR('',#7264,10.);
#2145=VECTOR('',#7269,10.);
#2146=VECTOR('',#7270,10.);
#2147=VECTOR('',#7273,10.);
#2148=VECTOR('',#7274,10.);
#2149=VECTOR('',#7279,10.);
#2150=VECTOR('',#7284,10.);
#2151=VECTOR('',#7285,10.);
#2152=VECTOR('',#7288,10.);
#2153=VECTOR('',#7289,10.);
#2154=VECTOR('',#7294,10.);
#2155=VECTOR('',#7299,10.);
#2156=VECTOR('',#7300,10.);
#2157=VECTOR('',#7303,10.);
#2158=VECTOR('',#7304,10.);
#2159=VECTOR('',#7309,10.);
#2160=VECTOR('',#7312,10.);
#2161=VECTOR('',#7313,10.);
#2162=VECTOR('',#7316,10.);
#2163=VECTOR('',#7317,10.);
#2164=VECTOR('',#7320,10.);
#2165=VECTOR('',#7321,10.);
#2166=VECTOR('',#7324,10.);
#2167=VECTOR('',#7325,4.31999999999994);
#2168=VECTOR('',#7326,10.);
#2169=VECTOR('',#7329,10.);
#2170=VECTOR('',#7330,10.);
#2171=VECTOR('',#7333,10.);
#2172=VECTOR('',#7334,10.);
#2173=VECTOR('',#7337,10.);
#2174=VECTOR('',#7338,4.31999999999994);
#2175=VECTOR('',#7339,10.);
#2176=VECTOR('',#7342,10.);
#2177=VECTOR('',#7343,10.);
#2178=VECTOR('',#7346,10.);
#2179=VECTOR('',#7347,4.31999999999999);
#2180=VECTOR('',#7350,10.);
#2181=VECTOR('',#7353,10.);
#2182=VECTOR('',#7356,10.);
#2183=VECTOR('',#7357,10.);
#2184=VECTOR('',#7360,10.);
#2185=VECTOR('',#7361,10.);
#2186=VECTOR('',#7364,10.);
#2187=VECTOR('',#7367,10.);
#2188=VECTOR('',#7368,4.31999999999999);
#2189=VECTOR('',#7369,10.);
#2190=VECTOR('',#7372,10.);
#2191=VECTOR('',#7373,10.);
#2192=VECTOR('',#7376,10.);
#2193=VECTOR('',#7377,10.);
#2194=VECTOR('',#7380,10.);
#2195=VECTOR('',#7381,4.31999999999999);
#2196=VECTOR('',#7382,10.);
#2197=VECTOR('',#7385,10.);
#2198=VECTOR('',#7386,10.);
#2199=VECTOR('',#7389,4.31999999999994);
#2200=VECTOR('',#7396,4.31999999999994);
#2201=VECTOR('',#7401,10.);
#2202=VECTOR('',#7402,10.);
#2203=VECTOR('',#7403,10.);
#2204=VECTOR('',#7404,10.);
#2205=VECTOR('',#7405,10.);
#2206=VECTOR('',#7406,10.);
#2207=VECTOR('',#7407,10.);
#2208=VECTOR('',#7408,10.);
#2209=VECTOR('',#7409,10.);
#2210=VECTOR('',#7410,10.);
#2211=VECTOR('',#7411,10.);
#2212=VECTOR('',#7412,10.);
#2213=VECTOR('',#7413,10.);
#2214=VECTOR('',#7414,10.);
#2215=VECTOR('',#7415,10.);
#2216=VECTOR('',#7416,10.);
#2217=VECTOR('',#7417,10.);
#2218=VECTOR('',#7418,10.);
#2219=VECTOR('',#7419,10.);
#2220=VECTOR('',#7420,10.);
#2221=VECTOR('',#7421,10.);
#2222=VECTOR('',#7422,10.);
#2223=VECTOR('',#7423,10.);
#2224=VECTOR('',#7424,10.);
#2225=VECTOR('',#7425,10.);
#2226=VECTOR('',#7426,10.);
#2227=VECTOR('',#7427,10.);
#2228=VECTOR('',#7428,10.);
#2229=VECTOR('',#7429,10.);
#2230=VECTOR('',#7430,10.);
#2231=VECTOR('',#7431,10.);
#2232=VECTOR('',#7432,10.);
#2233=VECTOR('',#7433,10.);
#2234=VECTOR('',#7434,10.);
#2235=VECTOR('',#7435,10.);
#2236=VECTOR('',#7526,4.31999999999999);
#2237=VECTOR('',#7535,4.31999999999999);
#2238=VECTOR('',#7546,1.2645);
#2239=VECTOR('',#7551,1.2645);
#2240=VECTOR('',#7556,1.2645);
#2241=VECTOR('',#7561,1.2645);
#2242=VECTOR('',#7566,1.2645);
#2243=VECTOR('',#7569,4.31999999999999);
#2244=VECTOR('',#7570,10.);
#2245=VECTOR('',#7573,10.);
#2246=VECTOR('',#7574,10.);
#2247=VECTOR('',#7577,10.);
#2248=VECTOR('',#7580,10.);
#2249=VECTOR('',#7585,4.31999999999999);
#2250=VECTOR('',#7588,10.);
#2251=VECTOR('',#7591,10.);
#2252=VECTOR('',#7592,4.31999999999999);
#2253=VECTOR('',#7595,10.);
#2254=VECTOR('',#7604,1.2645);
#2255=VECTOR('',#7609,1.2645);
#2256=VECTOR('',#7614,1.2645);
#2257=VECTOR('',#7619,1.2645);
#2258=VECTOR('',#7624,1.2645);
#2259=VECTOR('',#7629,1.2645);
#2260=VECTOR('',#7632,10.);
#2261=VECTOR('',#7633,4.31999999999997);
#2262=VECTOR('',#7636,4.31999999999997);
#2263=VECTOR('',#7637,10.);
#2264=VECTOR('',#7640,10.);
#2265=VECTOR('',#7641,4.31999999999997);
#2266=VECTOR('',#7648,10.);
#2267=VECTOR('',#7649,4.31999999999989);
#2268=VECTOR('',#7650,4.31999999999989);
#2269=VECTOR('',#7653,4.31999999999989);
#2270=VECTOR('',#7654,10.);
#2271=VECTOR('',#7657,4.31999999999989);
#2272=VECTOR('',#7660,10.);
#2273=VECTOR('',#7671,1.2645);
#2274=VECTOR('',#7674,1.2645);
#2275=VECTOR('',#7677,1.2645);
#2276=VECTOR('',#7680,1.2645);
#2277=VECTOR('',#7683,1.2645);
#2278=VECTOR('',#7686,1.2645);
#2279=VECTOR('',#7689,1.2645);
#2280=VECTOR('',#7692,1.2645);
#2281=VECTOR('',#7695,1.2645);
#2282=VECTOR('',#7698,1.2645);
#2283=VECTOR('',#7701,1.2645);
#2284=VECTOR('',#7704,1.2645);
#2285=VECTOR('',#7707,1.2645);
#2286=VECTOR('',#7710,1.2645);
#2287=VECTOR('',#7713,1.2645);
#2288=VECTOR('',#7716,1.2645);
#2289=VECTOR('',#7719,1.2645);
#2290=VECTOR('',#7722,1.2645);
#2291=VECTOR('',#7725,1.2645);
#2292=VECTOR('',#7728,1.2645);
#2293=VECTOR('',#7731,1.2645);
#2294=VECTOR('',#7734,1.2645);
#2295=VECTOR('',#7737,1.2645);
#2296=VECTOR('',#7740,1.2645);
#2297=VECTOR('',#7743,1.2645);
#2298=VECTOR('',#7746,1.2645);
#2299=VECTOR('',#7749,1.2645);
#2300=VECTOR('',#7752,1.2645);
#2301=VECTOR('',#7755,1.2645);
#2302=VECTOR('',#7758,1.2645);
#2303=VECTOR('',#7761,1.2645);
#2304=VECTOR('',#7764,1.2645);
#2305=VECTOR('',#7767,1.2645);
#2306=VECTOR('',#7770,1.2645);
#2307=VECTOR('',#7773,1.2645);
#2308=VECTOR('',#7776,1.2645);
#2309=VECTOR('',#7779,1.2645);
#2310=VECTOR('',#7782,1.2645);
#2311=VECTOR('',#7785,1.2645);
#2312=VECTOR('',#7788,1.2645);
#2313=VECTOR('',#7791,1.2645);
#2314=VECTOR('',#7794,1.2645);
#2315=VECTOR('',#7797,1.2645);
#2316=VECTOR('',#7800,1.2645);
#2317=VERTEX_POINT('',#7855);
#2318=VERTEX_POINT('',#7856);
#2319=VERTEX_POINT('',#7858);
#2320=VERTEX_POINT('',#7860);
#2321=VERTEX_POINT('',#7862);
#2322=VERTEX_POINT('',#7885);
#2323=VERTEX_POINT('',#7886);
#2324=VERTEX_POINT('',#7888);
#2325=VERTEX_POINT('',#7893);
#2326=VERTEX_POINT('',#7899);
#2327=VERTEX_POINT('',#7906);
#2328=VERTEX_POINT('',#7907);
#2329=VERTEX_POINT('',#7909);
#2330=VERTEX_POINT('',#7911);
#2331=VERTEX_POINT('',#7915);
#2332=VERTEX_POINT('',#7916);
#2333=VERTEX_POINT('',#7918);
#2334=VERTEX_POINT('',#7920);
#2335=VERTEX_POINT('',#7924);
#2336=VERTEX_POINT('',#7925);
#2337=VERTEX_POINT('',#7927);
#2338=VERTEX_POINT('',#7929);
#2339=VERTEX_POINT('',#7933);
#2340=VERTEX_POINT('',#7934);
#2341=VERTEX_POINT('',#7936);
#2342=VERTEX_POINT('',#7938);
#2343=VERTEX_POINT('',#7942);
#2344=VERTEX_POINT('',#7943);
#2345=VERTEX_POINT('',#7945);
#2346=VERTEX_POINT('',#7947);
#2347=VERTEX_POINT('',#7951);
#2348=VERTEX_POINT('',#7952);
#2349=VERTEX_POINT('',#7954);
#2350=VERTEX_POINT('',#7956);
#2351=VERTEX_POINT('',#7960);
#2352=VERTEX_POINT('',#7961);
#2353=VERTEX_POINT('',#7963);
#2354=VERTEX_POINT('',#7965);
#2355=VERTEX_POINT('',#7969);
#2356=VERTEX_POINT('',#7970);
#2357=VERTEX_POINT('',#7972);
#2358=VERTEX_POINT('',#7974);
#2359=VERTEX_POINT('',#7978);
#2360=VERTEX_POINT('',#7979);
#2361=VERTEX_POINT('',#7981);
#2362=VERTEX_POINT('',#7983);
#2363=VERTEX_POINT('',#7987);
#2364=VERTEX_POINT('',#7988);
#2365=VERTEX_POINT('',#7990);
#2366=VERTEX_POINT('',#7992);
#2367=VERTEX_POINT('',#7996);
#2368=VERTEX_POINT('',#7997);
#2369=VERTEX_POINT('',#7999);
#2370=VERTEX_POINT('',#8001);
#2371=VERTEX_POINT('',#8005);
#2372=VERTEX_POINT('',#8006);
#2373=VERTEX_POINT('',#8008);
#2374=VERTEX_POINT('',#8010);
#2375=VERTEX_POINT('',#8014);
#2376=VERTEX_POINT('',#8015);
#2377=VERTEX_POINT('',#8017);
#2378=VERTEX_POINT('',#8019);
#2379=VERTEX_POINT('',#8023);
#2380=VERTEX_POINT('',#8024);
#2381=VERTEX_POINT('',#8026);
#2382=VERTEX_POINT('',#8028);
#2383=VERTEX_POINT('',#8032);
#2384=VERTEX_POINT('',#8033);
#2385=VERTEX_POINT('',#8035);
#2386=VERTEX_POINT('',#8037);
#2387=VERTEX_POINT('',#8041);
#2388=VERTEX_POINT('',#8042);
#2389=VERTEX_POINT('',#8044);
#2390=VERTEX_POINT('',#8046);
#2391=VERTEX_POINT('',#8069);
#2392=VERTEX_POINT('',#8074);
#2393=VERTEX_POINT('',#8087);
#2394=VERTEX_POINT('',#8089);
#2395=VERTEX_POINT('',#8093);
#2396=VERTEX_POINT('',#8095);
#2397=VERTEX_POINT('',#8099);
#2398=VERTEX_POINT('',#8101);
#2399=VERTEX_POINT('',#8105);
#2400=VERTEX_POINT('',#8107);
#2401=VERTEX_POINT('',#8111);
#2402=VERTEX_POINT('',#8113);
#2403=VERTEX_POINT('',#8117);
#2404=VERTEX_POINT('',#8119);
#2405=VERTEX_POINT('',#8126);
#2406=VERTEX_POINT('',#8128);
#2407=VERTEX_POINT('',#8138);
#2408=VERTEX_POINT('',#8140);
#2409=VERTEX_POINT('',#8144);
#2410=VERTEX_POINT('',#8146);
#2411=VERTEX_POINT('',#8150);
#2412=VERTEX_POINT('',#8152);
#2413=VERTEX_POINT('',#8156);
#2414=VERTEX_POINT('',#8158);
#2415=VERTEX_POINT('',#8171);
#2416=VERTEX_POINT('',#8173);
#2417=VERTEX_POINT('',#8180);
#2418=VERTEX_POINT('',#8182);
#2419=VERTEX_POINT('',#8186);
#2420=VERTEX_POINT('',#8188);
#2421=VERTEX_POINT('',#8192);
#2422=VERTEX_POINT('',#8194);
#2423=VERTEX_POINT('',#8204);
#2424=VERTEX_POINT('',#8206);
#2425=VERTEX_POINT('',#8210);
#2426=VERTEX_POINT('',#8212);
#2427=VERTEX_POINT('',#8216);
#2428=VERTEX_POINT('',#8218);
#2429=VERTEX_POINT('',#8222);
#2430=VERTEX_POINT('',#8224);
#2431=VERTEX_POINT('',#8237);
#2432=VERTEX_POINT('',#8238);
#2433=VERTEX_POINT('',#8240);
#2434=VERTEX_POINT('',#8242);
#2435=VERTEX_POINT('',#8246);
#2436=VERTEX_POINT('',#8248);
#2437=VERTEX_POINT('',#8252);
#2438=VERTEX_POINT('',#8254);
#2439=VERTEX_POINT('',#8256);
#2440=VERTEX_POINT('',#8259);
#2441=VERTEX_POINT('',#8261);
#2442=VERTEX_POINT('',#8263);
#2443=VERTEX_POINT('',#8266);
#2444=VERTEX_POINT('',#8267);
#2445=VERTEX_POINT('',#8272);
#2446=VERTEX_POINT('',#8276);
#2447=VERTEX_POINT('',#8277);
#2448=VERTEX_POINT('',#8279);
#2449=VERTEX_POINT('',#8281);
#2450=VERTEX_POINT('',#8285);
#2451=VERTEX_POINT('',#8287);
#2452=VERTEX_POINT('',#8289);
#2453=VERTEX_POINT('',#8295);
#2454=VERTEX_POINT('',#8298);
#2455=VERTEX_POINT('',#8300);
#2456=VERTEX_POINT('',#8302);
#2457=VERTEX_POINT('',#8304);
#2458=VERTEX_POINT('',#8306);
#2459=VERTEX_POINT('',#8309);
#2460=VERTEX_POINT('',#8313);
#2461=VERTEX_POINT('',#8314);
#2462=VERTEX_POINT('',#8316);
#2463=VERTEX_POINT('',#8318);
#2464=VERTEX_POINT('',#8322);
#2465=VERTEX_POINT('',#8324);
#2466=VERTEX_POINT('',#8328);
#2467=VERTEX_POINT('',#8331);
#2468=VERTEX_POINT('',#8334);
#2469=VERTEX_POINT('',#8336);
#2470=VERTEX_POINT('',#8338);
#2471=VERTEX_POINT('',#8341);
#2472=VERTEX_POINT('',#8347);
#2473=VERTEX_POINT('',#8351);
#2474=VERTEX_POINT('',#8352);
#2475=VERTEX_POINT('',#8354);
#2476=VERTEX_POINT('',#8356);
#2477=VERTEX_POINT('',#8360);
#2478=VERTEX_POINT('',#8362);
#2479=VERTEX_POINT('',#8366);
#2480=VERTEX_POINT('',#8368);
#2481=VERTEX_POINT('',#8372);
#2482=VERTEX_POINT('',#8373);
#2483=VERTEX_POINT('',#8375);
#2484=VERTEX_POINT('',#8377);
#2485=VERTEX_POINT('',#8381);
#2486=VERTEX_POINT('',#8383);
#2487=VERTEX_POINT('',#8387);
#2488=VERTEX_POINT('',#8389);
#2489=VERTEX_POINT('',#8393);
#2490=VERTEX_POINT('',#8394);
#2491=VERTEX_POINT('',#8396);
#2492=VERTEX_POINT('',#8398);
#2493=VERTEX_POINT('',#8402);
#2494=VERTEX_POINT('',#8404);
#2495=VERTEX_POINT('',#8408);
#2496=VERTEX_POINT('',#8410);
#2497=VERTEX_POINT('',#8414);
#2498=VERTEX_POINT('',#8415);
#2499=VERTEX_POINT('',#8417);
#2500=VERTEX_POINT('',#8419);
#2501=VERTEX_POINT('',#8423);
#2502=VERTEX_POINT('',#8425);
#2503=VERTEX_POINT('',#8429);
#2504=VERTEX_POINT('',#8431);
#2505=VERTEX_POINT('',#8435);
#2506=VERTEX_POINT('',#8436);
#2507=VERTEX_POINT('',#8438);
#2508=VERTEX_POINT('',#8440);
#2509=VERTEX_POINT('',#8444);
#2510=VERTEX_POINT('',#8446);
#2511=VERTEX_POINT('',#8450);
#2512=VERTEX_POINT('',#8451);
#2513=VERTEX_POINT('',#8453);
#2514=VERTEX_POINT('',#8455);
#2515=VERTEX_POINT('',#8462);
#2516=VERTEX_POINT('',#8463);
#2517=VERTEX_POINT('',#8465);
#2518=VERTEX_POINT('',#8467);
#2519=VERTEX_POINT('',#8471);
#2520=VERTEX_POINT('',#8473);
#2521=VERTEX_POINT('',#8477);
#2522=VERTEX_POINT('',#8479);
#2523=VERTEX_POINT('',#8483);
#2524=VERTEX_POINT('',#8484);
#2525=VERTEX_POINT('',#8486);
#2526=VERTEX_POINT('',#8488);
#2527=VERTEX_POINT('',#8492);
#2528=VERTEX_POINT('',#8494);
#2529=VERTEX_POINT('',#8498);
#2530=VERTEX_POINT('',#8500);
#2531=VERTEX_POINT('',#8504);
#2532=VERTEX_POINT('',#8505);
#2533=VERTEX_POINT('',#8507);
#2534=VERTEX_POINT('',#8509);
#2535=VERTEX_POINT('',#8513);
#2536=VERTEX_POINT('',#8515);
#2537=VERTEX_POINT('',#8522);
#2538=VERTEX_POINT('',#8523);
#2539=VERTEX_POINT('',#8525);
#2540=VERTEX_POINT('',#8527);
#2541=VERTEX_POINT('',#8531);
#2542=VERTEX_POINT('',#8533);
#2543=VERTEX_POINT('',#8537);
#2544=VERTEX_POINT('',#8539);
#2545=VERTEX_POINT('',#8543);
#2546=VERTEX_POINT('',#8544);
#2547=VERTEX_POINT('',#8546);
#2548=VERTEX_POINT('',#8548);
#2549=VERTEX_POINT('',#8552);
#2550=VERTEX_POINT('',#8554);
#2551=VERTEX_POINT('',#8558);
#2552=VERTEX_POINT('',#8560);
#2553=VERTEX_POINT('',#8564);
#2554=VERTEX_POINT('',#8565);
#2555=VERTEX_POINT('',#8567);
#2556=VERTEX_POINT('',#8569);
#2557=VERTEX_POINT('',#8573);
#2558=VERTEX_POINT('',#8575);
#2559=VERTEX_POINT('',#8579);
#2560=VERTEX_POINT('',#8581);
#2561=VERTEX_POINT('',#8585);
#2562=VERTEX_POINT('',#8586);
#2563=VERTEX_POINT('',#8588);
#2564=VERTEX_POINT('',#8590);
#2565=VERTEX_POINT('',#8594);
#2566=VERTEX_POINT('',#8596);
#2567=VERTEX_POINT('',#8600);
#2568=VERTEX_POINT('',#8602);
#2569=VERTEX_POINT('',#8606);
#2570=VERTEX_POINT('',#8607);
#2571=VERTEX_POINT('',#8609);
#2572=VERTEX_POINT('',#8611);
#2573=VERTEX_POINT('',#8615);
#2574=VERTEX_POINT('',#8617);
#2575=VERTEX_POINT('',#8621);
#2576=VERTEX_POINT('',#8623);
#2577=VERTEX_POINT('',#8627);
#2578=VERTEX_POINT('',#8628);
#2579=VERTEX_POINT('',#8630);
#2580=VERTEX_POINT('',#8632);
#2581=VERTEX_POINT('',#8636);
#2582=VERTEX_POINT('',#8638);
#2583=VERTEX_POINT('',#8642);
#2584=VERTEX_POINT('',#8644);
#2585=VERTEX_POINT('',#8648);
#2586=VERTEX_POINT('',#8649);
#2587=VERTEX_POINT('',#8651);
#2588=VERTEX_POINT('',#8653);
#2589=VERTEX_POINT('',#8657);
#2590=VERTEX_POINT('',#8659);
#2591=VERTEX_POINT('',#8663);
#2592=VERTEX_POINT('',#8665);
#2593=VERTEX_POINT('',#8669);
#2594=VERTEX_POINT('',#8670);
#2595=VERTEX_POINT('',#8672);
#2596=VERTEX_POINT('',#8674);
#2597=VERTEX_POINT('',#8678);
#2598=VERTEX_POINT('',#8680);
#2599=VERTEX_POINT('',#8684);
#2600=VERTEX_POINT('',#8686);
#2601=VERTEX_POINT('',#8693);
#2602=VERTEX_POINT('',#8694);
#2603=VERTEX_POINT('',#8696);
#2604=VERTEX_POINT('',#8698);
#2605=VERTEX_POINT('',#8702);
#2606=VERTEX_POINT('',#8704);
#2607=VERTEX_POINT('',#8708);
#2608=VERTEX_POINT('',#8709);
#2609=VERTEX_POINT('',#8711);
#2610=VERTEX_POINT('',#8713);
#2611=VERTEX_POINT('',#8717);
#2612=VERTEX_POINT('',#8719);
#2613=VERTEX_POINT('',#8723);
#2614=VERTEX_POINT('',#8725);
#2615=VERTEX_POINT('',#8729);
#2616=VERTEX_POINT('',#8730);
#2617=VERTEX_POINT('',#8732);
#2618=VERTEX_POINT('',#8734);
#2619=VERTEX_POINT('',#8739);
#2620=VERTEX_POINT('',#8741);
#2621=VERTEX_POINT('',#8744);
#2622=VERTEX_POINT('',#8750);
#2623=VERTEX_POINT('',#8751);
#2624=VERTEX_POINT('',#8753);
#2625=VERTEX_POINT('',#8755);
#2626=VERTEX_POINT('',#8757);
#2627=VERTEX_POINT('',#8759);
#2628=VERTEX_POINT('',#8761);
#2629=VERTEX_POINT('',#8763);
#2630=VERTEX_POINT('',#8765);
#2631=VERTEX_POINT('',#8767);
#2632=VERTEX_POINT('',#8769);
#2633=VERTEX_POINT('',#8771);
#2634=VERTEX_POINT('',#8773);
#2635=VERTEX_POINT('',#8775);
#2636=VERTEX_POINT('',#8777);
#2637=VERTEX_POINT('',#8779);
#2638=VERTEX_POINT('',#8789);
#2639=VERTEX_POINT('',#8790);
#2640=VERTEX_POINT('',#8792);
#2641=VERTEX_POINT('',#8794);
#2642=VERTEX_POINT('',#8796);
#2643=VERTEX_POINT('',#8798);
#2644=VERTEX_POINT('',#8800);
#2645=VERTEX_POINT('',#8802);
#2646=VERTEX_POINT('',#8804);
#2647=VERTEX_POINT('',#8806);
#2648=VERTEX_POINT('',#8808);
#2649=VERTEX_POINT('',#8810);
#2650=VERTEX_POINT('',#8812);
#2651=VERTEX_POINT('',#8814);
#2652=VERTEX_POINT('',#8816);
#2653=VERTEX_POINT('',#8818);
#2654=VERTEX_POINT('',#8828);
#2655=VERTEX_POINT('',#8830);
#2656=VERTEX_POINT('',#8833);
#2657=VERTEX_POINT('',#8835);
#2658=VERTEX_POINT('',#8837);
#2659=VERTEX_POINT('',#8839);
#2660=VERTEX_POINT('',#8841);
#2661=VERTEX_POINT('',#8843);
#2662=VERTEX_POINT('',#8845);
#2663=VERTEX_POINT('',#8849);
#2664=VERTEX_POINT('',#8851);
#2665=VERTEX_POINT('',#8853);
#2666=VERTEX_POINT('',#8855);
#2667=VERTEX_POINT('',#8857);
#2668=VERTEX_POINT('',#8859);
#2669=VERTEX_POINT('',#8861);
#2670=VERTEX_POINT('',#8863);
#2671=VERTEX_POINT('',#8865);
#2672=VERTEX_POINT('',#8867);
#2673=VERTEX_POINT('',#8869);
#2674=VERTEX_POINT('',#8871);
#2675=VERTEX_POINT('',#8873);
#2676=VERTEX_POINT('',#8875);
#2677=VERTEX_POINT('',#8877);
#2678=VERTEX_POINT('',#8879);
#2679=VERTEX_POINT('',#8881);
#2680=VERTEX_POINT('',#8883);
#2681=VERTEX_POINT('',#8885);
#2682=VERTEX_POINT('',#8887);
#2683=VERTEX_POINT('',#8889);
#2684=VERTEX_POINT('',#8891);
#2685=VERTEX_POINT('',#8893);
#2686=VERTEX_POINT('',#8895);
#2687=VERTEX_POINT('',#8897);
#2688=VERTEX_POINT('',#8899);
#2689=VERTEX_POINT('',#8901);
#2690=VERTEX_POINT('',#8903);
#2691=VERTEX_POINT('',#8905);
#2692=VERTEX_POINT('',#8907);
#2693=VERTEX_POINT('',#8909);
#2694=VERTEX_POINT('',#8911);
#2695=VERTEX_POINT('',#8913);
#2696=VERTEX_POINT('',#8915);
#2697=VERTEX_POINT('',#8917);
#2698=VERTEX_POINT('',#8919);
#2699=VERTEX_POINT('',#8921);
#2700=VERTEX_POINT('',#8923);
#2701=VERTEX_POINT('',#8925);
#2702=VERTEX_POINT('',#8927);
#2703=VERTEX_POINT('',#8929);
#2704=VERTEX_POINT('',#8931);
#2705=VERTEX_POINT('',#8933);
#2706=VERTEX_POINT('',#8935);
#2707=VERTEX_POINT('',#8938);
#2708=VERTEX_POINT('',#8942);
#2709=VERTEX_POINT('',#8946);
#2710=VERTEX_POINT('',#8948);
#2711=VERTEX_POINT('',#8952);
#2712=VERTEX_POINT('',#8956);
#2713=VERTEX_POINT('',#8960);
#2714=VERTEX_POINT('',#8961);
#2715=VERTEX_POINT('',#8966);
#2716=VERTEX_POINT('',#8972);
#2717=VERTEX_POINT('',#8974);
#2718=VERTEX_POINT('',#8978);
#2719=VERTEX_POINT('',#8982);
#2720=VERTEX_POINT('',#8983);
#2721=VERTEX_POINT('',#8988);
#2722=VERTEX_POINT('',#8992);
#2723=VERTEX_POINT('',#8996);
#2724=VERTEX_POINT('',#9000);
#2725=VERTEX_POINT('',#9001);
#2726=VERTEX_POINT('',#9006);
#2727=VERTEX_POINT('',#9010);
#2728=VERTEX_POINT('',#9014);
#2729=VERTEX_POINT('',#9015);
#2730=VERTEX_POINT('',#9020);
#2731=VERTEX_POINT('',#9024);
#2732=VERTEX_POINT('',#9028);
#2733=VERTEX_POINT('',#9029);
#2734=VERTEX_POINT('',#9034);
#2735=VERTEX_POINT('',#9038);
#2736=VERTEX_POINT('',#9042);
#2737=VERTEX_POINT('',#9043);
#2738=VERTEX_POINT('',#9048);
#2739=VERTEX_POINT('',#9052);
#2740=VERTEX_POINT('',#9056);
#2741=VERTEX_POINT('',#9057);
#2742=VERTEX_POINT('',#9062);
#2743=VERTEX_POINT('',#9066);
#2744=VERTEX_POINT('',#9070);
#2745=VERTEX_POINT('',#9071);
#2746=VERTEX_POINT('',#9076);
#2747=VERTEX_POINT('',#9080);
#2748=VERTEX_POINT('',#9093);
#2749=VERTEX_POINT('',#9095);
#2750=VERTEX_POINT('',#9105);
#2751=VERTEX_POINT('',#9107);
#2752=VERTEX_POINT('',#9114);
#2753=VERTEX_POINT('',#9122);
#2754=VERTEX_POINT('',#9131);
#2755=VERTEX_POINT('',#9133);
#2756=VERTEX_POINT('',#9143);
#2757=VERTEX_POINT('',#9145);
#2758=VERTEX_POINT('',#9162);
#2759=VERTEX_POINT('',#9165);
#2760=VERTEX_POINT('',#9167);
#2761=VERTEX_POINT('',#9197);
#2762=VERTEX_POINT('',#9199);
#2763=VERTEX_POINT('',#9201);
#2764=VERTEX_POINT('',#9203);
#2765=VERTEX_POINT('',#9205);
#2766=VERTEX_POINT('',#9207);
#2767=VERTEX_POINT('',#9209);
#2768=VERTEX_POINT('',#9211);
#2769=VERTEX_POINT('',#9213);
#2770=VERTEX_POINT('',#9215);
#2771=VERTEX_POINT('',#9217);
#2772=VERTEX_POINT('',#9219);
#2773=VERTEX_POINT('',#9221);
#2774=VERTEX_POINT('',#9223);
#2775=VERTEX_POINT('',#9225);
#2776=VERTEX_POINT('',#9227);
#2777=VERTEX_POINT('',#9229);
#2778=VERTEX_POINT('',#9231);
#2779=VERTEX_POINT('',#9233);
#2780=VERTEX_POINT('',#9235);
#2781=VERTEX_POINT('',#9237);
#2782=VERTEX_POINT('',#9239);
#2783=VERTEX_POINT('',#9241);
#2784=VERTEX_POINT('',#9243);
#2785=VERTEX_POINT('',#9245);
#2786=VERTEX_POINT('',#9247);
#2787=VERTEX_POINT('',#9249);
#2788=VERTEX_POINT('',#9251);
#2789=VERTEX_POINT('',#9253);
#2790=VERTEX_POINT('',#9255);
#2791=VERTEX_POINT('',#9257);
#2792=VERTEX_POINT('',#9259);
#2793=VERTEX_POINT('',#9261);
#2794=VERTEX_POINT('',#9263);
#2795=VERTEX_POINT('',#9265);
#2796=VERTEX_POINT('',#9267);
#2797=VERTEX_POINT('',#9269);
#2798=VERTEX_POINT('',#9271);
#2799=VERTEX_POINT('',#9273);
#2800=VERTEX_POINT('',#9275);
#2801=VERTEX_POINT('',#9277);
#2802=VERTEX_POINT('',#9279);
#2803=VERTEX_POINT('',#9281);
#2804=VERTEX_POINT('',#9283);
#2805=VERTEX_POINT('',#9296);
#2806=VERTEX_POINT('',#9300);
#2807=VERTEX_POINT('',#9304);
#2808=VERTEX_POINT('',#9308);
#2809=VERTEX_POINT('',#9312);
#2810=VERTEX_POINT('',#9338);
#2811=VERTEX_POINT('',#9342);
#2812=VERTEX_POINT('',#9346);
#2813=VERTEX_POINT('',#9350);
#2814=VERTEX_POINT('',#9354);
#2815=VERTEX_POINT('',#9358);
#2816=VERTEX_POINT('',#9362);
#2817=EDGE_CURVE('',#2317,#2318,#1279,.T.);
#2818=EDGE_CURVE('',#2318,#2319,#1280,.T.);
#2819=EDGE_CURVE('',#2320,#2319,#1007,.F.);
#2820=EDGE_CURVE('',#2320,#2321,#1281,.T.);
#2821=EDGE_CURVE('',#2317,#2321,#1008,.F.);
#2822=EDGE_CURVE('',#2322,#2323,#1282,.T.);
#2823=EDGE_CURVE('',#2322,#2324,#293,.T.);
#2824=EDGE_CURVE('',#2324,#2325,#294,.T.);
#2825=EDGE_CURVE('',#2325,#2326,#295,.T.);
#2826=EDGE_CURVE('',#2323,#2326,#1283,.T.);
#2827=EDGE_CURVE('',#2327,#2328,#1284,.T.);
#2828=EDGE_CURVE('',#2329,#2327,#1285,.T.);
#2829=EDGE_CURVE('',#2330,#2329,#1286,.T.);
#2830=EDGE_CURVE('',#2328,#2330,#1287,.T.);
#2831=EDGE_CURVE('',#2331,#2332,#1288,.T.);
#2832=EDGE_CURVE('',#2333,#2331,#1289,.T.);
#2833=EDGE_CURVE('',#2334,#2333,#1290,.T.);
#2834=EDGE_CURVE('',#2332,#2334,#1291,.T.);
#2835=EDGE_CURVE('',#2335,#2336,#1292,.T.);
#2836=EDGE_CURVE('',#2337,#2335,#1293,.T.);
#2837=EDGE_CURVE('',#2338,#2337,#1294,.T.);
#2838=EDGE_CURVE('',#2336,#2338,#1295,.T.);
#2839=EDGE_CURVE('',#2339,#2340,#1296,.T.);
#2840=EDGE_CURVE('',#2341,#2339,#1297,.T.);
#2841=EDGE_CURVE('',#2342,#2341,#1298,.T.);
#2842=EDGE_CURVE('',#2340,#2342,#1299,.T.);
#2843=EDGE_CURVE('',#2343,#2344,#1300,.T.);
#2844=EDGE_CURVE('',#2345,#2343,#1301,.T.);
#2845=EDGE_CURVE('',#2346,#2345,#1302,.T.);
#2846=EDGE_CURVE('',#2344,#2346,#1303,.T.);
#2847=EDGE_CURVE('',#2347,#2348,#1304,.T.);
#2848=EDGE_CURVE('',#2349,#2347,#1305,.T.);
#2849=EDGE_CURVE('',#2350,#2349,#1306,.T.);
#2850=EDGE_CURVE('',#2348,#2350,#1307,.T.);
#2851=EDGE_CURVE('',#2351,#2352,#1308,.T.);
#2852=EDGE_CURVE('',#2353,#2351,#1309,.T.);
#2853=EDGE_CURVE('',#2354,#2353,#1310,.T.);
#2854=EDGE_CURVE('',#2352,#2354,#1311,.T.);
#2855=EDGE_CURVE('',#2355,#2356,#1312,.T.);
#2856=EDGE_CURVE('',#2357,#2355,#1313,.T.);
#2857=EDGE_CURVE('',#2358,#2357,#1314,.T.);
#2858=EDGE_CURVE('',#2356,#2358,#1315,.T.);
#2859=EDGE_CURVE('',#2359,#2360,#1316,.T.);
#2860=EDGE_CURVE('',#2361,#2359,#1317,.T.);
#2861=EDGE_CURVE('',#2362,#2361,#1318,.T.);
#2862=EDGE_CURVE('',#2360,#2362,#1319,.T.);
#2863=EDGE_CURVE('',#2363,#2364,#1320,.T.);
#2864=EDGE_CURVE('',#2365,#2363,#1321,.T.);
#2865=EDGE_CURVE('',#2366,#2365,#1322,.T.);
#2866=EDGE_CURVE('',#2364,#2366,#1323,.T.);
#2867=EDGE_CURVE('',#2367,#2368,#1324,.T.);
#2868=EDGE_CURVE('',#2369,#2367,#1325,.T.);
#2869=EDGE_CURVE('',#2370,#2369,#1326,.T.);
#2870=EDGE_CURVE('',#2368,#2370,#1327,.T.);
#2871=EDGE_CURVE('',#2371,#2372,#1328,.T.);
#2872=EDGE_CURVE('',#2373,#2371,#1329,.T.);
#2873=EDGE_CURVE('',#2374,#2373,#1330,.T.);
#2874=EDGE_CURVE('',#2372,#2374,#1331,.T.);
#2875=EDGE_CURVE('',#2375,#2376,#1332,.T.);
#2876=EDGE_CURVE('',#2377,#2375,#1333,.T.);
#2877=EDGE_CURVE('',#2378,#2377,#1334,.T.);
#2878=EDGE_CURVE('',#2376,#2378,#1335,.T.);
#2879=EDGE_CURVE('',#2379,#2380,#1336,.T.);
#2880=EDGE_CURVE('',#2381,#2379,#1337,.T.);
#2881=EDGE_CURVE('',#2382,#2381,#1338,.T.);
#2882=EDGE_CURVE('',#2380,#2382,#1339,.T.);
#2883=EDGE_CURVE('',#2383,#2384,#1340,.T.);
#2884=EDGE_CURVE('',#2385,#2383,#1341,.T.);
#2885=EDGE_CURVE('',#2386,#2385,#1342,.T.);
#2886=EDGE_CURVE('',#2384,#2386,#1343,.T.);
#2887=EDGE_CURVE('',#2387,#2388,#1344,.T.);
#2888=EDGE_CURVE('',#2389,#2387,#1345,.T.);
#2889=EDGE_CURVE('',#2390,#2389,#1346,.T.);
#2890=EDGE_CURVE('',#2388,#2390,#1347,.T.);
#2891=EDGE_CURVE('',#2391,#2317,#296,.F.);
#2892=EDGE_CURVE('',#2391,#2392,#297,.T.);
#2893=EDGE_CURVE('',#2319,#2392,#298,.F.);
#2894=EDGE_CURVE('',#2393,#2320,#1348,.T.);
#2895=EDGE_CURVE('',#2394,#2393,#1349,.T.);
#2896=EDGE_CURVE('',#2321,#2394,#1350,.T.);
#2897=EDGE_CURVE('',#2326,#2395,#1009,.T.);
#2898=EDGE_CURVE('',#2395,#2396,#1351,.T.);
#2899=EDGE_CURVE('',#2396,#2322,#1010,.T.);
#2900=EDGE_CURVE('',#2397,#2324,#1352,.T.);
#2901=EDGE_CURVE('',#2398,#2397,#1353,.T.);
#2902=EDGE_CURVE('',#2398,#2325,#1354,.T.);
#2903=EDGE_CURVE('',#2333,#2399,#1011,.T.);
#2904=EDGE_CURVE('',#2399,#2400,#1355,.T.);
#2905=EDGE_CURVE('',#2400,#2334,#1012,.T.);
#2906=EDGE_CURVE('',#2401,#2399,#1356,.T.);
#2907=EDGE_CURVE('',#2402,#2401,#1357,.T.);
#2908=EDGE_CURVE('',#2400,#2402,#1358,.T.);
#2909=EDGE_CURVE('',#2403,#2366,#1013,.T.);
#2910=EDGE_CURVE('',#2365,#2404,#1014,.T.);
#2911=EDGE_CURVE('',#2404,#2403,#1359,.T.);
#2912=EDGE_CURVE('',#2363,#2332,#1360,.T.);
#2913=EDGE_CURVE('',#2331,#2364,#1361,.T.);
#2914=EDGE_CURVE('',#2373,#2405,#1015,.T.);
#2915=EDGE_CURVE('',#2405,#2406,#1362,.T.);
#2916=EDGE_CURVE('',#2406,#2374,#1016,.T.);
#2917=EDGE_CURVE('',#2406,#2404,#1363,.T.);
#2918=EDGE_CURVE('',#2403,#2405,#1364,.T.);
#2919=EDGE_CURVE('',#2337,#2402,#1017,.T.);
#2920=EDGE_CURVE('',#2401,#2338,#1018,.T.);
#2921=EDGE_CURVE('',#2389,#2407,#1019,.T.);
#2922=EDGE_CURVE('',#2407,#2408,#1365,.T.);
#2923=EDGE_CURVE('',#2408,#2390,#1020,.T.);
#2924=EDGE_CURVE('',#2409,#2407,#1366,.T.);
#2925=EDGE_CURVE('',#2410,#2409,#1367,.T.);
#2926=EDGE_CURVE('',#2408,#2410,#1368,.T.);
#2927=EDGE_CURVE('',#2353,#2411,#1021,.T.);
#2928=EDGE_CURVE('',#2411,#2412,#1369,.T.);
#2929=EDGE_CURVE('',#2412,#2354,#1022,.T.);
#2930=EDGE_CURVE('',#2413,#2411,#1370,.T.);
#2931=EDGE_CURVE('',#2414,#2413,#1371,.T.);
#2932=EDGE_CURVE('',#2412,#2414,#1372,.T.);
#2933=EDGE_CURVE('',#2341,#2414,#1023,.T.);
#2934=EDGE_CURVE('',#2413,#2342,#1024,.T.);
#2935=EDGE_CURVE('',#2409,#2370,#1025,.T.);
#2936=EDGE_CURVE('',#2369,#2410,#1026,.T.);
#2937=EDGE_CURVE('',#2367,#2340,#1373,.T.);
#2938=EDGE_CURVE('',#2339,#2368,#1374,.T.);
#2939=EDGE_CURVE('',#2415,#2386,#1027,.T.);
#2940=EDGE_CURVE('',#2385,#2416,#1028,.T.);
#2941=EDGE_CURVE('',#2416,#2415,#1375,.T.);
#2942=EDGE_CURVE('',#2383,#2356,#1376,.T.);
#2943=EDGE_CURVE('',#2355,#2384,#1377,.T.);
#2944=EDGE_CURVE('',#2357,#2417,#1029,.T.);
#2945=EDGE_CURVE('',#2417,#2418,#1378,.T.);
#2946=EDGE_CURVE('',#2418,#2358,#1030,.T.);
#2947=EDGE_CURVE('',#2419,#2417,#1379,.T.);
#2948=EDGE_CURVE('',#2420,#2419,#1380,.T.);
#2949=EDGE_CURVE('',#2418,#2420,#1381,.T.);
#2950=EDGE_CURVE('',#2381,#2421,#1031,.T.);
#2951=EDGE_CURVE('',#2421,#2422,#1382,.T.);
#2952=EDGE_CURVE('',#2422,#2382,#1032,.T.);
#2953=EDGE_CURVE('',#2422,#2416,#1383,.T.);
#2954=EDGE_CURVE('',#2415,#2421,#1384,.T.);
#2955=EDGE_CURVE('',#2345,#2420,#1033,.T.);
#2956=EDGE_CURVE('',#2419,#2346,#1034,.T.);
#2957=EDGE_CURVE('',#2361,#2423,#1035,.T.);
#2958=EDGE_CURVE('',#2423,#2424,#1385,.T.);
#2959=EDGE_CURVE('',#2424,#2362,#1036,.T.);
#2960=EDGE_CURVE('',#2425,#2423,#1386,.T.);
#2961=EDGE_CURVE('',#2426,#2425,#1387,.T.);
#2962=EDGE_CURVE('',#2424,#2426,#1388,.T.);
#2963=EDGE_CURVE('',#2329,#2427,#1037,.T.);
#2964=EDGE_CURVE('',#2427,#2428,#1389,.T.);
#2965=EDGE_CURVE('',#2428,#2330,#1038,.T.);
#2966=EDGE_CURVE('',#2429,#2427,#1390,.T.);
#2967=EDGE_CURVE('',#2430,#2429,#1391,.T.);
#2968=EDGE_CURVE('',#2428,#2430,#1392,.T.);
#2969=EDGE_CURVE('',#2349,#2430,#1039,.T.);
#2970=EDGE_CURVE('',#2429,#2350,#1040,.T.);
#2971=EDGE_CURVE('',#2425,#2378,#1041,.T.);
#2972=EDGE_CURVE('',#2377,#2426,#1042,.T.);
#2973=EDGE_CURVE('',#2375,#2348,#1393,.T.);
#2974=EDGE_CURVE('',#2347,#2376,#1394,.T.);
#2975=EDGE_CURVE('',#2431,#2432,#1043,.T.);
#2976=EDGE_CURVE('',#2432,#2433,#1395,.T.);
#2977=EDGE_CURVE('',#2433,#2434,#1044,.T.);
#2978=EDGE_CURVE('',#2434,#2431,#1396,.T.);
#2979=EDGE_CURVE('',#2434,#2435,#1397,.T.);
#2980=EDGE_CURVE('',#2435,#2436,#1398,.T.);
#2981=EDGE_CURVE('',#2431,#2436,#1399,.T.);
#2982=EDGE_CURVE('',#2433,#2437,#1400,.T.);
#2983=EDGE_CURVE('',#2438,#2437,#1045,.T.);
#2984=EDGE_CURVE('',#2438,#2439,#1401,.T.);
#2985=EDGE_CURVE('',#2439,#2435,#1402,.T.);
#2986=EDGE_CURVE('',#2440,#2440,#1046,.T.);
#2987=EDGE_CURVE('',#2441,#2441,#1047,.T.);
#2988=EDGE_CURVE('',#2442,#2442,#1048,.T.);
#2989=EDGE_CURVE('',#2443,#2444,#1049,.T.);
#2990=EDGE_CURVE('',#2444,#2438,#1403,.T.);
#2991=EDGE_CURVE('',#2437,#2443,#1404,.T.);
#2992=EDGE_CURVE('',#2445,#2444,#1405,.T.);
#2993=EDGE_CURVE('',#2445,#2439,#1406,.T.);
#2994=EDGE_CURVE('',#2446,#2447,#1050,.T.);
#2995=EDGE_CURVE('',#2447,#2448,#1407,.T.);
#2996=EDGE_CURVE('',#2448,#2449,#1051,.T.);
#2997=EDGE_CURVE('',#2449,#2446,#1408,.T.);
#2998=EDGE_CURVE('',#2448,#2450,#1409,.T.);
#2999=EDGE_CURVE('',#2451,#2450,#1052,.T.);
#3000=EDGE_CURVE('',#2451,#2452,#1410,.T.);
#3001=EDGE_CURVE('',#2452,#2334,#1411,.T.);
#3002=EDGE_CURVE('',#2337,#2342,#1412,.T.);
#3003=EDGE_CURVE('',#2353,#2358,#1413,.T.);
#3004=EDGE_CURVE('',#2345,#2350,#1414,.T.);
#3005=EDGE_CURVE('',#2329,#2453,#1415,.T.);
#3006=EDGE_CURVE('',#2449,#2453,#1416,.T.);
#3007=EDGE_CURVE('',#2454,#2454,#1053,.T.);
#3008=EDGE_CURVE('',#2455,#2455,#1054,.T.);
#3009=EDGE_CURVE('',#2456,#2456,#1055,.T.);
#3010=EDGE_CURVE('',#2457,#2457,#1056,.T.);
#3011=EDGE_CURVE('',#2458,#2458,#1057,.T.);
#3012=EDGE_CURVE('',#2459,#2447,#1417,.T.);
#3013=EDGE_CURVE('',#2450,#2459,#1418,.T.);
#3014=EDGE_CURVE('',#2460,#2461,#1058,.T.);
#3015=EDGE_CURVE('',#2461,#2462,#1419,.T.);
#3016=EDGE_CURVE('',#2462,#2463,#1059,.T.);
#3017=EDGE_CURVE('',#2463,#2460,#1420,.T.);
#3018=EDGE_CURVE('',#2464,#2463,#1421,.T.);
#3019=EDGE_CURVE('',#2465,#2464,#1422,.T.);
#3020=EDGE_CURVE('',#2460,#2465,#1423,.T.);
#3021=EDGE_CURVE('',#2462,#2466,#1424,.T.);
#3022=EDGE_CURVE('',#2466,#2398,#1425,.T.);
#3023=EDGE_CURVE('',#2467,#2398,#1426,.T.);
#3024=EDGE_CURVE('',#2464,#2467,#1060,.T.);
#3025=EDGE_CURVE('',#2468,#2468,#1061,.T.);
#3026=EDGE_CURVE('',#2469,#2469,#1062,.T.);
#3027=EDGE_CURVE('',#2470,#2470,#1063,.T.);
#3028=EDGE_CURVE('',#2471,#2465,#1064,.T.);
#3029=EDGE_CURVE('',#2467,#2471,#1427,.T.);
#3030=EDGE_CURVE('',#2471,#2397,#1428,.T.);
#3031=EDGE_CURVE('',#2459,#2472,#1065,.T.);
#3032=EDGE_CURVE('',#2472,#2451,#1429,.T.);
#3033=EDGE_CURVE('',#2473,#2474,#1066,.T.);
#3034=EDGE_CURVE('',#2474,#2475,#1430,.T.);
#3035=EDGE_CURVE('',#2475,#2476,#1067,.T.);
#3036=EDGE_CURVE('',#2476,#2473,#1431,.T.);
#3037=EDGE_CURVE('',#2477,#2474,#1432,.T.);
#3038=EDGE_CURVE('',#2478,#2477,#1433,.T.);
#3039=EDGE_CURVE('',#2475,#2478,#1434,.T.);
#3040=EDGE_CURVE('',#2479,#2478,#1068,.T.);
#3041=EDGE_CURVE('',#2477,#2480,#1069,.T.);
#3042=EDGE_CURVE('',#2480,#2479,#1435,.T.);
#3043=EDGE_CURVE('',#2481,#2482,#1070,.T.);
#3044=EDGE_CURVE('',#2482,#2483,#1436,.T.);
#3045=EDGE_CURVE('',#2483,#2484,#1071,.T.);
#3046=EDGE_CURVE('',#2484,#2481,#1437,.T.);
#3047=EDGE_CURVE('',#2485,#2482,#1438,.T.);
#3048=EDGE_CURVE('',#2486,#2485,#1439,.T.);
#3049=EDGE_CURVE('',#2483,#2486,#1440,.T.);
#3050=EDGE_CURVE('',#2487,#2486,#1072,.T.);
#3051=EDGE_CURVE('',#2485,#2488,#1073,.T.);
#3052=EDGE_CURVE('',#2488,#2487,#1441,.T.);
#3053=EDGE_CURVE('',#2489,#2490,#1074,.T.);
#3054=EDGE_CURVE('',#2490,#2491,#1442,.T.);
#3055=EDGE_CURVE('',#2491,#2492,#1075,.T.);
#3056=EDGE_CURVE('',#2492,#2489,#1443,.T.);
#3057=EDGE_CURVE('',#2493,#2490,#1444,.T.);
#3058=EDGE_CURVE('',#2494,#2493,#1445,.T.);
#3059=EDGE_CURVE('',#2491,#2494,#1446,.T.);
#3060=EDGE_CURVE('',#2495,#2494,#1076,.T.);
#3061=EDGE_CURVE('',#2493,#2496,#1077,.T.);
#3062=EDGE_CURVE('',#2496,#2495,#1447,.T.);
#3063=EDGE_CURVE('',#2497,#2498,#1078,.T.);
#3064=EDGE_CURVE('',#2498,#2499,#1448,.T.);
#3065=EDGE_CURVE('',#2499,#2500,#1079,.T.);
#3066=EDGE_CURVE('',#2500,#2497,#1449,.T.);
#3067=EDGE_CURVE('',#2501,#2498,#1450,.T.);
#3068=EDGE_CURVE('',#2502,#2501,#1451,.T.);
#3069=EDGE_CURVE('',#2499,#2502,#1452,.T.);
#3070=EDGE_CURVE('',#2503,#2502,#1080,.T.);
#3071=EDGE_CURVE('',#2501,#2504,#1081,.T.);
#3072=EDGE_CURVE('',#2504,#2503,#1453,.T.);
#3073=EDGE_CURVE('',#2505,#2506,#1082,.T.);
#3074=EDGE_CURVE('',#2506,#2507,#1454,.T.);
#3075=EDGE_CURVE('',#2507,#2508,#1083,.T.);
#3076=EDGE_CURVE('',#2508,#2505,#1455,.T.);
#3077=EDGE_CURVE('',#2509,#2506,#1456,.T.);
#3078=EDGE_CURVE('',#2510,#2509,#1457,.T.);
#3079=EDGE_CURVE('',#2507,#2510,#1458,.T.);
#3080=EDGE_CURVE('',#2511,#2512,#1084,.T.);
#3081=EDGE_CURVE('',#2512,#2513,#1459,.T.);
#3082=EDGE_CURVE('',#2513,#2514,#1085,.T.);
#3083=EDGE_CURVE('',#2514,#2511,#1460,.T.);
#3084=EDGE_CURVE('',#2513,#2508,#1461,.T.);
#3085=EDGE_CURVE('',#2505,#2512,#1462,.T.);
#3086=EDGE_CURVE('',#2515,#2516,#1086,.T.);
#3087=EDGE_CURVE('',#2516,#2517,#1463,.T.);
#3088=EDGE_CURVE('',#2517,#2518,#1087,.T.);
#3089=EDGE_CURVE('',#2518,#2515,#1464,.T.);
#3090=EDGE_CURVE('',#2519,#2516,#1465,.T.);
#3091=EDGE_CURVE('',#2520,#2519,#1466,.T.);
#3092=EDGE_CURVE('',#2517,#2520,#1467,.T.);
#3093=EDGE_CURVE('',#2521,#2520,#1088,.T.);
#3094=EDGE_CURVE('',#2519,#2522,#1089,.T.);
#3095=EDGE_CURVE('',#2522,#2521,#1468,.T.);
#3096=EDGE_CURVE('',#2523,#2524,#1090,.T.);
#3097=EDGE_CURVE('',#2524,#2525,#1469,.T.);
#3098=EDGE_CURVE('',#2525,#2526,#1091,.T.);
#3099=EDGE_CURVE('',#2526,#2523,#1470,.T.);
#3100=EDGE_CURVE('',#2527,#2524,#1471,.T.);
#3101=EDGE_CURVE('',#2528,#2527,#1472,.T.);
#3102=EDGE_CURVE('',#2525,#2528,#1473,.T.);
#3103=EDGE_CURVE('',#2529,#2528,#1092,.T.);
#3104=EDGE_CURVE('',#2527,#2530,#1093,.T.);
#3105=EDGE_CURVE('',#2530,#2529,#1474,.T.);
#3106=EDGE_CURVE('',#2531,#2532,#1094,.T.);
#3107=EDGE_CURVE('',#2532,#2533,#1475,.T.);
#3108=EDGE_CURVE('',#2533,#2534,#1095,.T.);
#3109=EDGE_CURVE('',#2534,#2531,#1476,.T.);
#3110=EDGE_CURVE('',#2535,#2532,#1477,.T.);
#3111=EDGE_CURVE('',#2536,#2535,#1478,.T.);
#3112=EDGE_CURVE('',#2533,#2536,#1479,.T.);
#3113=EDGE_CURVE('',#2509,#2536,#1096,.T.);
#3114=EDGE_CURVE('',#2535,#2510,#1097,.T.);
#3115=EDGE_CURVE('',#2537,#2538,#1098,.T.);
#3116=EDGE_CURVE('',#2538,#2539,#1480,.T.);
#3117=EDGE_CURVE('',#2539,#2540,#1099,.T.);
#3118=EDGE_CURVE('',#2540,#2537,#1481,.T.);
#3119=EDGE_CURVE('',#2541,#2538,#1482,.T.);
#3120=EDGE_CURVE('',#2542,#2541,#1483,.T.);
#3121=EDGE_CURVE('',#2539,#2542,#1484,.T.);
#3122=EDGE_CURVE('',#2543,#2542,#1100,.T.);
#3123=EDGE_CURVE('',#2541,#2544,#1101,.T.);
#3124=EDGE_CURVE('',#2544,#2543,#1485,.T.);
#3125=EDGE_CURVE('',#2545,#2546,#1102,.T.);
#3126=EDGE_CURVE('',#2546,#2547,#1486,.T.);
#3127=EDGE_CURVE('',#2547,#2548,#1103,.T.);
#3128=EDGE_CURVE('',#2548,#2545,#1487,.T.);
#3129=EDGE_CURVE('',#2549,#2546,#1488,.T.);
#3130=EDGE_CURVE('',#2550,#2549,#1489,.T.);
#3131=EDGE_CURVE('',#2547,#2550,#1490,.T.);
#3132=EDGE_CURVE('',#2551,#2550,#1104,.T.);
#3133=EDGE_CURVE('',#2549,#2552,#1105,.T.);
#3134=EDGE_CURVE('',#2552,#2551,#1491,.T.);
#3135=EDGE_CURVE('',#2553,#2554,#1106,.T.);
#3136=EDGE_CURVE('',#2554,#2555,#1492,.T.);
#3137=EDGE_CURVE('',#2555,#2556,#1107,.T.);
#3138=EDGE_CURVE('',#2556,#2553,#1493,.T.);
#3139=EDGE_CURVE('',#2557,#2554,#1494,.T.);
#3140=EDGE_CURVE('',#2558,#2557,#1495,.T.);
#3141=EDGE_CURVE('',#2555,#2558,#1496,.T.);
#3142=EDGE_CURVE('',#2559,#2558,#1108,.T.);
#3143=EDGE_CURVE('',#2557,#2560,#1109,.T.);
#3144=EDGE_CURVE('',#2560,#2559,#1497,.T.);
#3145=EDGE_CURVE('',#2561,#2562,#1110,.T.);
#3146=EDGE_CURVE('',#2562,#2563,#1498,.T.);
#3147=EDGE_CURVE('',#2563,#2564,#1111,.T.);
#3148=EDGE_CURVE('',#2564,#2561,#1499,.T.);
#3149=EDGE_CURVE('',#2565,#2562,#1500,.T.);
#3150=EDGE_CURVE('',#2566,#2565,#1501,.T.);
#3151=EDGE_CURVE('',#2563,#2566,#1502,.T.);
#3152=EDGE_CURVE('',#2567,#2566,#1112,.T.);
#3153=EDGE_CURVE('',#2565,#2568,#1113,.T.);
#3154=EDGE_CURVE('',#2568,#2567,#1503,.T.);
#3155=EDGE_CURVE('',#2569,#2570,#1114,.T.);
#3156=EDGE_CURVE('',#2570,#2571,#1504,.T.);
#3157=EDGE_CURVE('',#2571,#2572,#1115,.T.);
#3158=EDGE_CURVE('',#2572,#2569,#1505,.T.);
#3159=EDGE_CURVE('',#2573,#2570,#1506,.T.);
#3160=EDGE_CURVE('',#2574,#2573,#1507,.T.);
#3161=EDGE_CURVE('',#2571,#2574,#1508,.T.);
#3162=EDGE_CURVE('',#2575,#2574,#1116,.T.);
#3163=EDGE_CURVE('',#2573,#2576,#1117,.T.);
#3164=EDGE_CURVE('',#2576,#2575,#1509,.T.);
#3165=EDGE_CURVE('',#2577,#2578,#1118,.T.);
#3166=EDGE_CURVE('',#2578,#2579,#1510,.T.);
#3167=EDGE_CURVE('',#2579,#2580,#1119,.T.);
#3168=EDGE_CURVE('',#2580,#2577,#1511,.T.);
#3169=EDGE_CURVE('',#2581,#2578,#1512,.T.);
#3170=EDGE_CURVE('',#2582,#2581,#1513,.T.);
#3171=EDGE_CURVE('',#2579,#2582,#1514,.T.);
#3172=EDGE_CURVE('',#2583,#2582,#1120,.T.);
#3173=EDGE_CURVE('',#2581,#2584,#1121,.T.);
#3174=EDGE_CURVE('',#2584,#2583,#1515,.T.);
#3175=EDGE_CURVE('',#2585,#2586,#1122,.T.);
#3176=EDGE_CURVE('',#2586,#2587,#1516,.T.);
#3177=EDGE_CURVE('',#2587,#2588,#1123,.T.);
#3178=EDGE_CURVE('',#2588,#2585,#1517,.T.);
#3179=EDGE_CURVE('',#2589,#2586,#1518,.T.);
#3180=EDGE_CURVE('',#2590,#2589,#1519,.T.);
#3181=EDGE_CURVE('',#2587,#2590,#1520,.T.);
#3182=EDGE_CURVE('',#2591,#2590,#1124,.T.);
#3183=EDGE_CURVE('',#2589,#2592,#1125,.T.);
#3184=EDGE_CURVE('',#2592,#2591,#1521,.T.);
#3185=EDGE_CURVE('',#2593,#2594,#1126,.T.);
#3186=EDGE_CURVE('',#2594,#2595,#1522,.T.);
#3187=EDGE_CURVE('',#2595,#2596,#1127,.T.);
#3188=EDGE_CURVE('',#2596,#2593,#1523,.T.);
#3189=EDGE_CURVE('',#2597,#2594,#1524,.T.);
#3190=EDGE_CURVE('',#2598,#2597,#1525,.T.);
#3191=EDGE_CURVE('',#2595,#2598,#1526,.T.);
#3192=EDGE_CURVE('',#2597,#2599,#1128,.T.);
#3193=EDGE_CURVE('',#2599,#2600,#1527,.T.);
#3194=EDGE_CURVE('',#2600,#2598,#1129,.T.);
#3195=EDGE_CURVE('',#2600,#2584,#1528,.T.);
#3196=EDGE_CURVE('',#2583,#2599,#1529,.T.);
#3197=EDGE_CURVE('',#2601,#2602,#1130,.T.);
#3198=EDGE_CURVE('',#2602,#2603,#1530,.T.);
#3199=EDGE_CURVE('',#2603,#2604,#1131,.T.);
#3200=EDGE_CURVE('',#2604,#2601,#1531,.T.);
#3201=EDGE_CURVE('',#2605,#2602,#1532,.T.);
#3202=EDGE_CURVE('',#2606,#2605,#1533,.T.);
#3203=EDGE_CURVE('',#2603,#2606,#1534,.T.);
#3204=EDGE_CURVE('',#2607,#2608,#1132,.T.);
#3205=EDGE_CURVE('',#2608,#2609,#1535,.T.);
#3206=EDGE_CURVE('',#2609,#2610,#1133,.T.);
#3207=EDGE_CURVE('',#2610,#2607,#1536,.T.);
#3208=EDGE_CURVE('',#2611,#2608,#1537,.T.);
#3209=EDGE_CURVE('',#2612,#2611,#1538,.T.);
#3210=EDGE_CURVE('',#2609,#2612,#1539,.T.);
#3211=EDGE_CURVE('',#2613,#2612,#1134,.T.);
#3212=EDGE_CURVE('',#2611,#2614,#1135,.T.);
#3213=EDGE_CURVE('',#2614,#2613,#1540,.T.);
#3214=EDGE_CURVE('',#2615,#2616,#1136,.T.);
#3215=EDGE_CURVE('',#2616,#2617,#1541,.T.);
#3216=EDGE_CURVE('',#2617,#2618,#1137,.T.);
#3217=EDGE_CURVE('',#2618,#2615,#1542,.T.);
#3218=EDGE_CURVE('',#2393,#2361,#1543,.T.);
#3219=EDGE_CURVE('',#2319,#2619,#1544,.T.);
#3220=EDGE_CURVE('',#2620,#2619,#1545,.T.);
#3221=EDGE_CURVE('',#2620,#2322,#1546,.T.);
#3222=EDGE_CURVE('',#2396,#2621,#1547,.T.);
#3223=EDGE_CURVE('',#2366,#2621,#1548,.T.);
#3224=EDGE_CURVE('',#2370,#2373,#1549,.T.);
#3225=EDGE_CURVE('',#2386,#2389,#1550,.T.);
#3226=EDGE_CURVE('',#2378,#2381,#1551,.T.);
#3227=EDGE_CURVE('',#2622,#2623,#1552,.T.);
#3228=EDGE_CURVE('',#2624,#2623,#1138,.T.);
#3229=EDGE_CURVE('',#2624,#2625,#1553,.T.);
#3230=EDGE_CURVE('',#2626,#2625,#1139,.T.);
#3231=EDGE_CURVE('',#2626,#2627,#1554,.T.);
#3232=EDGE_CURVE('',#2628,#2627,#1140,.T.);
#3233=EDGE_CURVE('',#2628,#2629,#1555,.T.);
#3234=EDGE_CURVE('',#2630,#2629,#1141,.T.);
#3235=EDGE_CURVE('',#2630,#2631,#1556,.T.);
#3236=EDGE_CURVE('',#2632,#2631,#1142,.T.);
#3237=EDGE_CURVE('',#2632,#2633,#1557,.T.);
#3238=EDGE_CURVE('',#2634,#2633,#1143,.T.);
#3239=EDGE_CURVE('',#2634,#2635,#1558,.T.);
#3240=EDGE_CURVE('',#2636,#2635,#1144,.T.);
#3241=EDGE_CURVE('',#2636,#2637,#1559,.T.);
#3242=EDGE_CURVE('',#2622,#2637,#1145,.T.);
#3243=EDGE_CURVE('',#2553,#2568,#1560,.T.);
#3244=EDGE_CURVE('',#2561,#2540,#1561,.T.);
#3245=EDGE_CURVE('',#2543,#2552,#1562,.T.);
#3246=EDGE_CURVE('',#2545,#2560,#1563,.T.);
#3247=EDGE_CURVE('',#2511,#2518,#1564,.T.);
#3248=EDGE_CURVE('',#2521,#2526,#1565,.T.);
#3249=EDGE_CURVE('',#2529,#2534,#1566,.T.);
#3250=EDGE_CURVE('',#2638,#2639,#1567,.T.);
#3251=EDGE_CURVE('',#2640,#2639,#1146,.T.);
#3252=EDGE_CURVE('',#2640,#2641,#1568,.T.);
#3253=EDGE_CURVE('',#2642,#2641,#1147,.T.);
#3254=EDGE_CURVE('',#2642,#2643,#1569,.T.);
#3255=EDGE_CURVE('',#2644,#2643,#1148,.T.);
#3256=EDGE_CURVE('',#2644,#2645,#1570,.T.);
#3257=EDGE_CURVE('',#2646,#2645,#1149,.T.);
#3258=EDGE_CURVE('',#2646,#2647,#1571,.T.);
#3259=EDGE_CURVE('',#2648,#2647,#1150,.T.);
#3260=EDGE_CURVE('',#2648,#2649,#1572,.T.);
#3261=EDGE_CURVE('',#2650,#2649,#1151,.T.);
#3262=EDGE_CURVE('',#2650,#2651,#1573,.T.);
#3263=EDGE_CURVE('',#2652,#2651,#1152,.T.);
#3264=EDGE_CURVE('',#2652,#2653,#1574,.T.);
#3265=EDGE_CURVE('',#2638,#2653,#1153,.T.);
#3266=EDGE_CURVE('',#2593,#2592,#1575,.T.);
#3267=EDGE_CURVE('',#2585,#2572,#1576,.T.);
#3268=EDGE_CURVE('',#2575,#2580,#1577,.T.);
#3269=EDGE_CURVE('',#2479,#2484,#1578,.T.);
#3270=EDGE_CURVE('',#2487,#2492,#1579,.T.);
#3271=EDGE_CURVE('',#2495,#2500,#1580,.T.);
#3272=EDGE_CURVE('',#2503,#2476,#1581,.T.);
#3273=EDGE_CURVE('',#2617,#2654,#1582,.T.);
#3274=EDGE_CURVE('',#2655,#2654,#1154,.T.);
#3275=EDGE_CURVE('',#2655,#2614,#1583,.T.);
#3276=EDGE_CURVE('',#2607,#2656,#1584,.T.);
#3277=EDGE_CURVE('',#2657,#2656,#1155,.T.);
#3278=EDGE_CURVE('',#2657,#2658,#1585,.T.);
#3279=EDGE_CURVE('',#2659,#2658,#1156,.T.);
#3280=EDGE_CURVE('',#2659,#2660,#1586,.T.);
#3281=EDGE_CURVE('',#2661,#2660,#1157,.T.);
#3282=EDGE_CURVE('',#2661,#2662,#1587,.T.);
#3283=EDGE_CURVE('',#2605,#2662,#1158,.T.);
#3284=EDGE_CURVE('',#2601,#2618,#1588,.T.);
#3285=EDGE_CURVE('',#2663,#2663,#1159,.T.);
#3286=EDGE_CURVE('',#2664,#2664,#1160,.T.);
#3287=EDGE_CURVE('',#2665,#2665,#1161,.T.);
#3288=EDGE_CURVE('',#2666,#2666,#1162,.T.);
#3289=EDGE_CURVE('',#2667,#2667,#1163,.T.);
#3290=EDGE_CURVE('',#2668,#2668,#1164,.T.);
#3291=EDGE_CURVE('',#2669,#2669,#1165,.T.);
#3292=EDGE_CURVE('',#2670,#2670,#1166,.T.);
#3293=EDGE_CURVE('',#2671,#2671,#1167,.T.);
#3294=EDGE_CURVE('',#2672,#2672,#1168,.T.);
#3295=EDGE_CURVE('',#2673,#2673,#1169,.T.);
#3296=EDGE_CURVE('',#2674,#2674,#1170,.T.);
#3297=EDGE_CURVE('',#2675,#2675,#1171,.T.);
#3298=EDGE_CURVE('',#2676,#2676,#1172,.T.);
#3299=EDGE_CURVE('',#2677,#2677,#1173,.T.);
#3300=EDGE_CURVE('',#2678,#2678,#1174,.T.);
#3301=EDGE_CURVE('',#2679,#2679,#1175,.T.);
#3302=EDGE_CURVE('',#2680,#2680,#1176,.T.);
#3303=EDGE_CURVE('',#2681,#2681,#1177,.T.);
#3304=EDGE_CURVE('',#2682,#2682,#1178,.T.);
#3305=EDGE_CURVE('',#2683,#2683,#1179,.T.);
#3306=EDGE_CURVE('',#2684,#2684,#1180,.T.);
#3307=EDGE_CURVE('',#2685,#2685,#1181,.T.);
#3308=EDGE_CURVE('',#2686,#2686,#1182,.T.);
#3309=EDGE_CURVE('',#2687,#2687,#1183,.T.);
#3310=EDGE_CURVE('',#2688,#2688,#1184,.T.);
#3311=EDGE_CURVE('',#2689,#2689,#1185,.T.);
#3312=EDGE_CURVE('',#2690,#2690,#1186,.T.);
#3313=EDGE_CURVE('',#2691,#2691,#1187,.T.);
#3314=EDGE_CURVE('',#2692,#2692,#1188,.T.);
#3315=EDGE_CURVE('',#2693,#2693,#1189,.T.);
#3316=EDGE_CURVE('',#2694,#2694,#1190,.T.);
#3317=EDGE_CURVE('',#2695,#2695,#1191,.T.);
#3318=EDGE_CURVE('',#2696,#2696,#1192,.T.);
#3319=EDGE_CURVE('',#2697,#2697,#1193,.T.);
#3320=EDGE_CURVE('',#2698,#2698,#1194,.T.);
#3321=EDGE_CURVE('',#2699,#2699,#1195,.T.);
#3322=EDGE_CURVE('',#2700,#2700,#1196,.T.);
#3323=EDGE_CURVE('',#2701,#2701,#1197,.T.);
#3324=EDGE_CURVE('',#2702,#2702,#1198,.T.);
#3325=EDGE_CURVE('',#2703,#2703,#1199,.T.);
#3326=EDGE_CURVE('',#2704,#2704,#1200,.T.);
#3327=EDGE_CURVE('',#2705,#2705,#1201,.T.);
#3328=EDGE_CURVE('',#2706,#2706,#1202,.T.);
#3329=EDGE_CURVE('',#2707,#2616,#1589,.T.);
#3330=EDGE_CURVE('',#2654,#2707,#1590,.T.);
#3331=EDGE_CURVE('',#2707,#2708,#1203,.T.);
#3332=EDGE_CURVE('',#2708,#2655,#1591,.T.);
#3333=EDGE_CURVE('',#2658,#2709,#1592,.T.);
#3334=EDGE_CURVE('',#2709,#2710,#1204,.T.);
#3335=EDGE_CURVE('',#2710,#2659,#1593,.T.);
#3336=EDGE_CURVE('',#2711,#2657,#1594,.T.);
#3337=EDGE_CURVE('',#2709,#2711,#1595,.T.);
#3338=EDGE_CURVE('',#2712,#2711,#1205,.T.);
#3339=EDGE_CURVE('',#2656,#2712,#1596,.T.);
#3340=EDGE_CURVE('',#2713,#2714,#1206,.T.);
#3341=EDGE_CURVE('',#2714,#2661,#1597,.T.);
#3342=EDGE_CURVE('',#2660,#2713,#1598,.T.);
#3343=EDGE_CURVE('',#2715,#2714,#1599,.T.);
#3344=EDGE_CURVE('',#2662,#2715,#1600,.T.);
#3345=EDGE_CURVE('',#2715,#2606,#1207,.T.);
#3346=EDGE_CURVE('',#2641,#2716,#1601,.T.);
#3347=EDGE_CURVE('',#2716,#2717,#1208,.T.);
#3348=EDGE_CURVE('',#2717,#2642,#1602,.T.);
#3349=EDGE_CURVE('',#2718,#2640,#1603,.T.);
#3350=EDGE_CURVE('',#2716,#2718,#1604,.T.);
#3351=EDGE_CURVE('',#2719,#2720,#1209,.T.);
#3352=EDGE_CURVE('',#2720,#2652,#1605,.T.);
#3353=EDGE_CURVE('',#2651,#2719,#1606,.T.);
#3354=EDGE_CURVE('',#2721,#2720,#1607,.T.);
#3355=EDGE_CURVE('',#2653,#2721,#1608,.T.);
#3356=EDGE_CURVE('',#2721,#2722,#1210,.T.);
#3357=EDGE_CURVE('',#2722,#2638,#1609,.T.);
#3358=EDGE_CURVE('',#2723,#2718,#1211,.T.);
#3359=EDGE_CURVE('',#2639,#2723,#1610,.T.);
#3360=EDGE_CURVE('',#2724,#2725,#1212,.T.);
#3361=EDGE_CURVE('',#2725,#2644,#1611,.T.);
#3362=EDGE_CURVE('',#2643,#2724,#1612,.T.);
#3363=EDGE_CURVE('',#2726,#2725,#1613,.T.);
#3364=EDGE_CURVE('',#2645,#2726,#1614,.T.);
#3365=EDGE_CURVE('',#2726,#2727,#1213,.T.);
#3366=EDGE_CURVE('',#2727,#2646,#1615,.T.);
#3367=EDGE_CURVE('',#2728,#2729,#1214,.T.);
#3368=EDGE_CURVE('',#2729,#2648,#1616,.T.);
#3369=EDGE_CURVE('',#2647,#2728,#1617,.T.);
#3370=EDGE_CURVE('',#2730,#2729,#1618,.T.);
#3371=EDGE_CURVE('',#2649,#2730,#1619,.T.);
#3372=EDGE_CURVE('',#2730,#2731,#1215,.T.);
#3373=EDGE_CURVE('',#2731,#2650,#1620,.T.);
#3374=EDGE_CURVE('',#2732,#2733,#1216,.T.);
#3375=EDGE_CURVE('',#2733,#2624,#1621,.T.);
#3376=EDGE_CURVE('',#2623,#2732,#1622,.T.);
#3377=EDGE_CURVE('',#2734,#2733,#1623,.T.);
#3378=EDGE_CURVE('',#2625,#2734,#1624,.T.);
#3379=EDGE_CURVE('',#2734,#2735,#1217,.T.);
#3380=EDGE_CURVE('',#2735,#2626,#1625,.T.);
#3381=EDGE_CURVE('',#2736,#2737,#1218,.T.);
#3382=EDGE_CURVE('',#2737,#2628,#1626,.T.);
#3383=EDGE_CURVE('',#2627,#2736,#1627,.T.);
#3384=EDGE_CURVE('',#2738,#2737,#1628,.T.);
#3385=EDGE_CURVE('',#2629,#2738,#1629,.T.);
#3386=EDGE_CURVE('',#2738,#2739,#1219,.T.);
#3387=EDGE_CURVE('',#2739,#2630,#1630,.T.);
#3388=EDGE_CURVE('',#2740,#2741,#1220,.T.);
#3389=EDGE_CURVE('',#2741,#2632,#1631,.T.);
#3390=EDGE_CURVE('',#2631,#2740,#1632,.T.);
#3391=EDGE_CURVE('',#2742,#2741,#1633,.T.);
#3392=EDGE_CURVE('',#2633,#2742,#1634,.T.);
#3393=EDGE_CURVE('',#2742,#2743,#1221,.T.);
#3394=EDGE_CURVE('',#2743,#2634,#1635,.T.);
#3395=EDGE_CURVE('',#2744,#2745,#1222,.T.);
#3396=EDGE_CURVE('',#2745,#2636,#1636,.T.);
#3397=EDGE_CURVE('',#2635,#2744,#1637,.T.);
#3398=EDGE_CURVE('',#2746,#2745,#1638,.T.);
#3399=EDGE_CURVE('',#2637,#2746,#1639,.T.);
#3400=EDGE_CURVE('',#2746,#2747,#1223,.T.);
#3401=EDGE_CURVE('',#2747,#2622,#1640,.T.);
#3402=EDGE_CURVE('',#2359,#2328,#1641,.T.);
#3403=EDGE_CURVE('',#2327,#2360,#1642,.T.);
#3404=EDGE_CURVE('',#2387,#2352,#1643,.T.);
#3405=EDGE_CURVE('',#2351,#2388,#1644,.T.);
#3406=EDGE_CURVE('',#2371,#2336,#1645,.T.);
#3407=EDGE_CURVE('',#2335,#2372,#1646,.T.);
#3408=EDGE_CURVE('',#2748,#2331,#1647,.T.);
#3409=EDGE_CURVE('',#2748,#2749,#1648,.T.);
#3410=EDGE_CURVE('',#2333,#2749,#1649,.T.);
#3411=EDGE_CURVE('',#2357,#2354,#1650,.T.);
#3412=EDGE_CURVE('',#2352,#2355,#1651,.T.);
#3413=EDGE_CURVE('',#2336,#2339,#1652,.T.);
#3414=EDGE_CURVE('',#2341,#2338,#1653,.T.);
#3415=EDGE_CURVE('',#2750,#2330,#1654,.T.);
#3416=EDGE_CURVE('',#2750,#2751,#1655,.T.);
#3417=EDGE_CURVE('',#2328,#2751,#1656,.T.);
#3418=EDGE_CURVE('',#2344,#2347,#1657,.T.);
#3419=EDGE_CURVE('',#2349,#2346,#1658,.T.);
#3420=EDGE_CURVE('',#2364,#2752,#1659,.T.);
#3421=EDGE_CURVE('',#2752,#2748,#1660,.T.);
#3422=EDGE_CURVE('',#2384,#2387,#1661,.T.);
#3423=EDGE_CURVE('',#2368,#2371,#1662,.T.);
#3424=EDGE_CURVE('',#2751,#2753,#1663,.T.);
#3425=EDGE_CURVE('',#2753,#2359,#1664,.T.);
#3426=EDGE_CURVE('',#2376,#2379,#1665,.T.);
#3427=EDGE_CURVE('',#2379,#2344,#1666,.T.);
#3428=EDGE_CURVE('',#2343,#2380,#1667,.T.);
#3429=EDGE_CURVE('',#2332,#2754,#1668,.T.);
#3430=EDGE_CURVE('',#2754,#2755,#1669,.T.);
#3431=EDGE_CURVE('',#2755,#2363,#1670,.T.);
#3432=EDGE_CURVE('',#2388,#2383,#1671,.T.);
#3433=EDGE_CURVE('',#2356,#2351,#1672,.T.);
#3434=EDGE_CURVE('',#2340,#2335,#1673,.T.);
#3435=EDGE_CURVE('',#2372,#2367,#1674,.T.);
#3436=EDGE_CURVE('',#2360,#2756,#1675,.T.);
#3437=EDGE_CURVE('',#2757,#2756,#1676,.T.);
#3438=EDGE_CURVE('',#2757,#2327,#1677,.T.);
#3439=EDGE_CURVE('',#2348,#2343,#1678,.T.);
#3440=EDGE_CURVE('',#2380,#2375,#1679,.T.);
#3441=EDGE_CURVE('',#2452,#2754,#1680,.T.);
#3442=EDGE_CURVE('',#2453,#2757,#1681,.T.);
#3443=EDGE_CURVE('',#2377,#2382,#1682,.T.);
#3444=EDGE_CURVE('',#2385,#2390,#1683,.T.);
#3445=EDGE_CURVE('',#2369,#2374,#1684,.T.);
#3446=EDGE_CURVE('',#2365,#2758,#1685,.T.);
#3447=EDGE_CURVE('',#2758,#2395,#1686,.T.);
#3448=EDGE_CURVE('',#2326,#2759,#1687,.T.);
#3449=EDGE_CURVE('',#2759,#2760,#1688,.T.);
#3450=EDGE_CURVE('',#2317,#2760,#1689,.F.);
#3451=EDGE_CURVE('',#2394,#2362,#1690,.T.);
#3452=EDGE_CURVE('',#2615,#2604,#1691,.T.);
#3453=EDGE_CURVE('',#2713,#2710,#1692,.T.);
#3454=EDGE_CURVE('',#2712,#2610,#1693,.T.);
#3455=EDGE_CURVE('',#2613,#2708,#1694,.T.);
#3456=EDGE_CURVE('',#2732,#2747,#1695,.T.);
#3457=EDGE_CURVE('',#2744,#2743,#1696,.T.);
#3458=EDGE_CURVE('',#2740,#2739,#1697,.T.);
#3459=EDGE_CURVE('',#2736,#2735,#1698,.T.);
#3460=EDGE_CURVE('',#2567,#2556,#1699,.T.);
#3461=EDGE_CURVE('',#2559,#2548,#1700,.T.);
#3462=EDGE_CURVE('',#2551,#2544,#1701,.T.);
#3463=EDGE_CURVE('',#2537,#2564,#1702,.T.);
#3464=EDGE_CURVE('',#2515,#2514,#1703,.T.);
#3465=EDGE_CURVE('',#2531,#2530,#1704,.T.);
#3466=EDGE_CURVE('',#2523,#2522,#1705,.T.);
#3467=EDGE_CURVE('',#2723,#2722,#1706,.T.);
#3468=EDGE_CURVE('',#2719,#2731,#1707,.T.);
#3469=EDGE_CURVE('',#2728,#2727,#1708,.T.);
#3470=EDGE_CURVE('',#2724,#2717,#1709,.T.);
#3471=EDGE_CURVE('',#2577,#2576,#1710,.T.);
#3472=EDGE_CURVE('',#2569,#2588,#1711,.T.);
#3473=EDGE_CURVE('',#2591,#2596,#1712,.T.);
#3474=EDGE_CURVE('',#2481,#2480,#1713,.T.);
#3475=EDGE_CURVE('',#2473,#2504,#1714,.T.);
#3476=EDGE_CURVE('',#2497,#2496,#1715,.T.);
#3477=EDGE_CURVE('',#2489,#2488,#1716,.T.);
#3478=EDGE_CURVE('',#2761,#2761,#1224,.T.);
#3479=EDGE_CURVE('',#2762,#2762,#1225,.T.);
#3480=EDGE_CURVE('',#2763,#2763,#1226,.T.);
#3481=EDGE_CURVE('',#2764,#2764,#1227,.T.);
#3482=EDGE_CURVE('',#2765,#2765,#1228,.T.);
#3483=EDGE_CURVE('',#2766,#2766,#1229,.T.);
#3484=EDGE_CURVE('',#2767,#2767,#1230,.T.);
#3485=EDGE_CURVE('',#2768,#2768,#1231,.T.);
#3486=EDGE_CURVE('',#2769,#2769,#1232,.T.);
#3487=EDGE_CURVE('',#2770,#2770,#1233,.T.);
#3488=EDGE_CURVE('',#2771,#2771,#1234,.T.);
#3489=EDGE_CURVE('',#2772,#2772,#1235,.T.);
#3490=EDGE_CURVE('',#2773,#2773,#1236,.T.);
#3491=EDGE_CURVE('',#2774,#2774,#1237,.T.);
#3492=EDGE_CURVE('',#2775,#2775,#1238,.T.);
#3493=EDGE_CURVE('',#2776,#2776,#1239,.T.);
#3494=EDGE_CURVE('',#2777,#2777,#1240,.T.);
#3495=EDGE_CURVE('',#2778,#2778,#1241,.T.);
#3496=EDGE_CURVE('',#2779,#2779,#1242,.T.);
#3497=EDGE_CURVE('',#2780,#2780,#1243,.T.);
#3498=EDGE_CURVE('',#2781,#2781,#1244,.T.);
#3499=EDGE_CURVE('',#2782,#2782,#1245,.T.);
#3500=EDGE_CURVE('',#2783,#2783,#1246,.T.);
#3501=EDGE_CURVE('',#2784,#2784,#1247,.T.);
#3502=EDGE_CURVE('',#2785,#2785,#1248,.T.);
#3503=EDGE_CURVE('',#2786,#2786,#1249,.T.);
#3504=EDGE_CURVE('',#2787,#2787,#1250,.T.);
#3505=EDGE_CURVE('',#2788,#2788,#1251,.T.);
#3506=EDGE_CURVE('',#2789,#2789,#1252,.T.);
#3507=EDGE_CURVE('',#2790,#2790,#1253,.T.);
#3508=EDGE_CURVE('',#2791,#2791,#1254,.T.);
#3509=EDGE_CURVE('',#2792,#2792,#1255,.T.);
#3510=EDGE_CURVE('',#2793,#2793,#1256,.T.);
#3511=EDGE_CURVE('',#2794,#2794,#1257,.T.);
#3512=EDGE_CURVE('',#2795,#2795,#1258,.T.);
#3513=EDGE_CURVE('',#2796,#2796,#1259,.T.);
#3514=EDGE_CURVE('',#2797,#2797,#1260,.T.);
#3515=EDGE_CURVE('',#2798,#2798,#1261,.T.);
#3516=EDGE_CURVE('',#2799,#2799,#1262,.T.);
#3517=EDGE_CURVE('',#2800,#2800,#1263,.T.);
#3518=EDGE_CURVE('',#2801,#2801,#1264,.T.);
#3519=EDGE_CURVE('',#2802,#2802,#1265,.T.);
#3520=EDGE_CURVE('',#2803,#2803,#1266,.T.);
#3521=EDGE_CURVE('',#2804,#2804,#1267,.T.);
#3522=EDGE_CURVE('',#2755,#2758,#1717,.T.);
#3523=EDGE_CURVE('',#2621,#2752,#1718,.T.);
#3524=EDGE_CURVE('',#2805,#2805,#1268,.T.);
#3525=EDGE_CURVE('',#2805,#2458,#1719,.T.);
#3526=EDGE_CURVE('',#2806,#2806,#1269,.T.);
#3527=EDGE_CURVE('',#2806,#2457,#1720,.T.);
#3528=EDGE_CURVE('',#2807,#2807,#1270,.T.);
#3529=EDGE_CURVE('',#2807,#2456,#1721,.T.);
#3530=EDGE_CURVE('',#2808,#2808,#1271,.T.);
#3531=EDGE_CURVE('',#2808,#2455,#1722,.T.);
#3532=EDGE_CURVE('',#2809,#2809,#1272,.T.);
#3533=EDGE_CURVE('',#2809,#2454,#1723,.T.);
#3534=EDGE_CURVE('',#2749,#2472,#1724,.T.);
#3535=EDGE_CURVE('',#2749,#2452,#1725,.T.);
#3536=EDGE_CURVE('',#2453,#2750,#1726,.T.);
#3537=EDGE_CURVE('',#2751,#2757,#1727,.T.);
#3538=EDGE_CURVE('',#2754,#2748,#1728,.T.);
#3539=EDGE_CURVE('',#2446,#2750,#1729,.T.);
#3540=EDGE_CURVE('',#2753,#2393,#1730,.T.);
#3541=EDGE_CURVE('',#2752,#2755,#1731,.T.);
#3542=EDGE_CURVE('',#2756,#2753,#1732,.T.);
#3543=EDGE_CURVE('',#2756,#2394,#1733,.T.);
#3544=EDGE_CURVE('',#2621,#2758,#1734,.T.);
#3545=EDGE_CURVE('',#2810,#2810,#1273,.T.);
#3546=EDGE_CURVE('',#2810,#2468,#1735,.T.);
#3547=EDGE_CURVE('',#2811,#2811,#1274,.T.);
#3548=EDGE_CURVE('',#2811,#2469,#1736,.T.);
#3549=EDGE_CURVE('',#2812,#2812,#1275,.T.);
#3550=EDGE_CURVE('',#2812,#2470,#1737,.T.);
#3551=EDGE_CURVE('',#2813,#2813,#1276,.T.);
#3552=EDGE_CURVE('',#2813,#2440,#1738,.T.);
#3553=EDGE_CURVE('',#2814,#2814,#1277,.T.);
#3554=EDGE_CURVE('',#2814,#2441,#1739,.T.);
#3555=EDGE_CURVE('',#2815,#2815,#1278,.T.);
#3556=EDGE_CURVE('',#2815,#2442,#1740,.T.);
#3557=EDGE_CURVE('',#2397,#2816,#1741,.T.);
#3558=EDGE_CURVE('',#2620,#2816,#1742,.T.);
#3559=EDGE_CURVE('',#2816,#2461,#1743,.T.);
#3560=EDGE_CURVE('',#2816,#2466,#1744,.T.);
#3561=EDGE_CURVE('',#2759,#2620,#1745,.T.);
#3562=EDGE_CURVE('',#2466,#2759,#1746,.T.);
#3563=EDGE_CURVE('',#2436,#2445,#1747,.T.);
#3564=EDGE_CURVE('',#2436,#2619,#1748,.T.);
#3565=EDGE_CURVE('',#2392,#2445,#1749,.T.);
#3566=EDGE_CURVE('',#2435,#2760,#1750,.T.);
#3567=EDGE_CURVE('',#2619,#2760,#1751,.T.);
#3568=EDGE_CURVE('',#2439,#2391,#1752,.T.);
#3569=EDGE_CURVE('',#2443,#2432,#1753,.T.);
#3570=EDGE_CURVE('',#2706,#2804,#1754,.T.);
#3571=EDGE_CURVE('',#2705,#2803,#1755,.T.);
#3572=EDGE_CURVE('',#2704,#2802,#1756,.T.);
#3573=EDGE_CURVE('',#2703,#2801,#1757,.T.);
#3574=EDGE_CURVE('',#2702,#2800,#1758,.T.);
#3575=EDGE_CURVE('',#2701,#2799,#1759,.T.);
#3576=EDGE_CURVE('',#2700,#2798,#1760,.T.);
#3577=EDGE_CURVE('',#2699,#2797,#1761,.T.);
#3578=EDGE_CURVE('',#2698,#2796,#1762,.T.);
#3579=EDGE_CURVE('',#2697,#2795,#1763,.T.);
#3580=EDGE_CURVE('',#2696,#2794,#1764,.T.);
#3581=EDGE_CURVE('',#2695,#2793,#1765,.T.);
#3582=EDGE_CURVE('',#2694,#2792,#1766,.T.);
#3583=EDGE_CURVE('',#2693,#2791,#1767,.T.);
#3584=EDGE_CURVE('',#2692,#2790,#1768,.T.);
#3585=EDGE_CURVE('',#2691,#2789,#1769,.T.);
#3586=EDGE_CURVE('',#2690,#2788,#1770,.T.);
#3587=EDGE_CURVE('',#2689,#2787,#1771,.T.);
#3588=EDGE_CURVE('',#2688,#2786,#1772,.T.);
#3589=EDGE_CURVE('',#2687,#2785,#1773,.T.);
#3590=EDGE_CURVE('',#2686,#2784,#1774,.T.);
#3591=EDGE_CURVE('',#2685,#2783,#1775,.T.);
#3592=EDGE_CURVE('',#2684,#2782,#1776,.T.);
#3593=EDGE_CURVE('',#2683,#2781,#1777,.T.);
#3594=EDGE_CURVE('',#2682,#2780,#1778,.T.);
#3595=EDGE_CURVE('',#2681,#2779,#1779,.T.);
#3596=EDGE_CURVE('',#2680,#2778,#1780,.T.);
#3597=EDGE_CURVE('',#2679,#2777,#1781,.T.);
#3598=EDGE_CURVE('',#2678,#2776,#1782,.T.);
#3599=EDGE_CURVE('',#2677,#2775,#1783,.T.);
#3600=EDGE_CURVE('',#2676,#2774,#1784,.T.);
#3601=EDGE_CURVE('',#2675,#2773,#1785,.T.);
#3602=EDGE_CURVE('',#2674,#2772,#1786,.T.);
#3603=EDGE_CURVE('',#2673,#2771,#1787,.T.);
#3604=EDGE_CURVE('',#2672,#2770,#1788,.T.);
#3605=EDGE_CURVE('',#2671,#2769,#1789,.T.);
#3606=EDGE_CURVE('',#2670,#2768,#1790,.T.);
#3607=EDGE_CURVE('',#2669,#2767,#1791,.T.);
#3608=EDGE_CURVE('',#2668,#2766,#1792,.T.);
#3609=EDGE_CURVE('',#2667,#2765,#1793,.T.);
#3610=EDGE_CURVE('',#2666,#2764,#1794,.T.);
#3611=EDGE_CURVE('',#2665,#2763,#1795,.T.);
#3612=EDGE_CURVE('',#2664,#2762,#1796,.T.);
#3613=EDGE_CURVE('',#2663,#2761,#1797,.T.);
#3614=ORIENTED_EDGE('',*,*,#2817,.T.);
#3615=ORIENTED_EDGE('',*,*,#2818,.T.);
#3616=ORIENTED_EDGE('',*,*,#2819,.F.);
#3617=ORIENTED_EDGE('',*,*,#2820,.T.);
#3618=ORIENTED_EDGE('',*,*,#2821,.F.);
#3619=ORIENTED_EDGE('',*,*,#2822,.F.);
#3620=ORIENTED_EDGE('',*,*,#2823,.T.);
#3621=ORIENTED_EDGE('',*,*,#2824,.T.);
#3622=ORIENTED_EDGE('',*,*,#2825,.T.);
#3623=ORIENTED_EDGE('',*,*,#2826,.F.);
#3624=ORIENTED_EDGE('',*,*,#2827,.F.);
#3625=ORIENTED_EDGE('',*,*,#2828,.F.);
#3626=ORIENTED_EDGE('',*,*,#2829,.F.);
#3627=ORIENTED_EDGE('',*,*,#2830,.F.);
#3628=ORIENTED_EDGE('',*,*,#2831,.F.);
#3629=ORIENTED_EDGE('',*,*,#2832,.F.);
#3630=ORIENTED_EDGE('',*,*,#2833,.F.);
#3631=ORIENTED_EDGE('',*,*,#2834,.F.);
#3632=ORIENTED_EDGE('',*,*,#2835,.F.);
#3633=ORIENTED_EDGE('',*,*,#2836,.F.);
#3634=ORIENTED_EDGE('',*,*,#2837,.F.);
#3635=ORIENTED_EDGE('',*,*,#2838,.F.);
#3636=ORIENTED_EDGE('',*,*,#2839,.F.);
#3637=ORIENTED_EDGE('',*,*,#2840,.F.);
#3638=ORIENTED_EDGE('',*,*,#2841,.F.);
#3639=ORIENTED_EDGE('',*,*,#2842,.F.);
#3640=ORIENTED_EDGE('',*,*,#2843,.F.);
#3641=ORIENTED_EDGE('',*,*,#2844,.F.);
#3642=ORIENTED_EDGE('',*,*,#2845,.F.);
#3643=ORIENTED_EDGE('',*,*,#2846,.F.);
#3644=ORIENTED_EDGE('',*,*,#2847,.F.);
#3645=ORIENTED_EDGE('',*,*,#2848,.F.);
#3646=ORIENTED_EDGE('',*,*,#2849,.F.);
#3647=ORIENTED_EDGE('',*,*,#2850,.F.);
#3648=ORIENTED_EDGE('',*,*,#2851,.F.);
#3649=ORIENTED_EDGE('',*,*,#2852,.F.);
#3650=ORIENTED_EDGE('',*,*,#2853,.F.);
#3651=ORIENTED_EDGE('',*,*,#2854,.F.);
#3652=ORIENTED_EDGE('',*,*,#2855,.F.);
#3653=ORIENTED_EDGE('',*,*,#2856,.F.);
#3654=ORIENTED_EDGE('',*,*,#2857,.F.);
#3655=ORIENTED_EDGE('',*,*,#2858,.F.);
#3656=ORIENTED_EDGE('',*,*,#2859,.F.);
#3657=ORIENTED_EDGE('',*,*,#2860,.F.);
#3658=ORIENTED_EDGE('',*,*,#2861,.F.);
#3659=ORIENTED_EDGE('',*,*,#2862,.F.);
#3660=ORIENTED_EDGE('',*,*,#2863,.F.);
#3661=ORIENTED_EDGE('',*,*,#2864,.F.);
#3662=ORIENTED_EDGE('',*,*,#2865,.F.);
#3663=ORIENTED_EDGE('',*,*,#2866,.F.);
#3664=ORIENTED_EDGE('',*,*,#2867,.F.);
#3665=ORIENTED_EDGE('',*,*,#2868,.F.);
#3666=ORIENTED_EDGE('',*,*,#2869,.F.);
#3667=ORIENTED_EDGE('',*,*,#2870,.F.);
#3668=ORIENTED_EDGE('',*,*,#2871,.F.);
#3669=ORIENTED_EDGE('',*,*,#2872,.F.);
#3670=ORIENTED_EDGE('',*,*,#2873,.F.);
#3671=ORIENTED_EDGE('',*,*,#2874,.F.);
#3672=ORIENTED_EDGE('',*,*,#2875,.F.);
#3673=ORIENTED_EDGE('',*,*,#2876,.F.);
#3674=ORIENTED_EDGE('',*,*,#2877,.F.);
#3675=ORIENTED_EDGE('',*,*,#2878,.F.);
#3676=ORIENTED_EDGE('',*,*,#2879,.F.);
#3677=ORIENTED_EDGE('',*,*,#2880,.F.);
#3678=ORIENTED_EDGE('',*,*,#2881,.F.);
#3679=ORIENTED_EDGE('',*,*,#2882,.F.);
#3680=ORIENTED_EDGE('',*,*,#2883,.F.);
#3681=ORIENTED_EDGE('',*,*,#2884,.F.);
#3682=ORIENTED_EDGE('',*,*,#2885,.F.);
#3683=ORIENTED_EDGE('',*,*,#2886,.F.);
#3684=ORIENTED_EDGE('',*,*,#2887,.F.);
#3685=ORIENTED_EDGE('',*,*,#2888,.F.);
#3686=ORIENTED_EDGE('',*,*,#2889,.F.);
#3687=ORIENTED_EDGE('',*,*,#2890,.F.);
#3688=ORIENTED_EDGE('',*,*,#2817,.F.);
#3689=ORIENTED_EDGE('',*,*,#2891,.F.);
#3690=ORIENTED_EDGE('',*,*,#2892,.T.);
#3691=ORIENTED_EDGE('',*,*,#2893,.F.);
#3692=ORIENTED_EDGE('',*,*,#2818,.F.);
#3693=ORIENTED_EDGE('',*,*,#2820,.F.);
#3694=ORIENTED_EDGE('',*,*,#2894,.F.);
#3695=ORIENTED_EDGE('',*,*,#2895,.F.);
#3696=ORIENTED_EDGE('',*,*,#2896,.F.);
#3697=ORIENTED_EDGE('',*,*,#2822,.T.);
#3698=ORIENTED_EDGE('',*,*,#2826,.T.);
#3699=ORIENTED_EDGE('',*,*,#2897,.T.);
#3700=ORIENTED_EDGE('',*,*,#2898,.T.);
#3701=ORIENTED_EDGE('',*,*,#2899,.T.);
#3702=ORIENTED_EDGE('',*,*,#2824,.F.);
#3703=ORIENTED_EDGE('',*,*,#2900,.F.);
#3704=ORIENTED_EDGE('',*,*,#2901,.F.);
#3705=ORIENTED_EDGE('',*,*,#2902,.T.);
#3706=ORIENTED_EDGE('',*,*,#2903,.T.);
#3707=ORIENTED_EDGE('',*,*,#2904,.T.);
#3708=ORIENTED_EDGE('',*,*,#2905,.T.);
#3709=ORIENTED_EDGE('',*,*,#2833,.T.);
#3710=ORIENTED_EDGE('',*,*,#2904,.F.);
#3711=ORIENTED_EDGE('',*,*,#2906,.F.);
#3712=ORIENTED_EDGE('',*,*,#2907,.F.);
#3713=ORIENTED_EDGE('',*,*,#2908,.F.);
#3714=ORIENTED_EDGE('',*,*,#2909,.T.);
#3715=ORIENTED_EDGE('',*,*,#2865,.T.);
#3716=ORIENTED_EDGE('',*,*,#2910,.T.);
#3717=ORIENTED_EDGE('',*,*,#2911,.T.);
#3718=ORIENTED_EDGE('',*,*,#2831,.T.);
#3719=ORIENTED_EDGE('',*,*,#2912,.F.);
#3720=ORIENTED_EDGE('',*,*,#2863,.T.);
#3721=ORIENTED_EDGE('',*,*,#2913,.F.);
#3722=ORIENTED_EDGE('',*,*,#2914,.T.);
#3723=ORIENTED_EDGE('',*,*,#2915,.T.);
#3724=ORIENTED_EDGE('',*,*,#2916,.T.);
#3725=ORIENTED_EDGE('',*,*,#2873,.T.);
#3726=ORIENTED_EDGE('',*,*,#2911,.F.);
#3727=ORIENTED_EDGE('',*,*,#2917,.F.);
#3728=ORIENTED_EDGE('',*,*,#2915,.F.);
#3729=ORIENTED_EDGE('',*,*,#2918,.F.);
#3730=ORIENTED_EDGE('',*,*,#2919,.T.);
#3731=ORIENTED_EDGE('',*,*,#2907,.T.);
#3732=ORIENTED_EDGE('',*,*,#2920,.T.);
#3733=ORIENTED_EDGE('',*,*,#2837,.T.);
#3734=ORIENTED_EDGE('',*,*,#2921,.T.);
#3735=ORIENTED_EDGE('',*,*,#2922,.T.);
#3736=ORIENTED_EDGE('',*,*,#2923,.T.);
#3737=ORIENTED_EDGE('',*,*,#2889,.T.);
#3738=ORIENTED_EDGE('',*,*,#2922,.F.);
#3739=ORIENTED_EDGE('',*,*,#2924,.F.);
#3740=ORIENTED_EDGE('',*,*,#2925,.F.);
#3741=ORIENTED_EDGE('',*,*,#2926,.F.);
#3742=ORIENTED_EDGE('',*,*,#2927,.T.);
#3743=ORIENTED_EDGE('',*,*,#2928,.T.);
#3744=ORIENTED_EDGE('',*,*,#2929,.T.);
#3745=ORIENTED_EDGE('',*,*,#2853,.T.);
#3746=ORIENTED_EDGE('',*,*,#2928,.F.);
#3747=ORIENTED_EDGE('',*,*,#2930,.F.);
#3748=ORIENTED_EDGE('',*,*,#2931,.F.);
#3749=ORIENTED_EDGE('',*,*,#2932,.F.);
#3750=ORIENTED_EDGE('',*,*,#2933,.T.);
#3751=ORIENTED_EDGE('',*,*,#2931,.T.);
#3752=ORIENTED_EDGE('',*,*,#2934,.T.);
#3753=ORIENTED_EDGE('',*,*,#2841,.T.);
#3754=ORIENTED_EDGE('',*,*,#2935,.T.);
#3755=ORIENTED_EDGE('',*,*,#2869,.T.);
#3756=ORIENTED_EDGE('',*,*,#2936,.T.);
#3757=ORIENTED_EDGE('',*,*,#2925,.T.);
#3758=ORIENTED_EDGE('',*,*,#2839,.T.);
#3759=ORIENTED_EDGE('',*,*,#2937,.F.);
#3760=ORIENTED_EDGE('',*,*,#2867,.T.);
#3761=ORIENTED_EDGE('',*,*,#2938,.F.);
#3762=ORIENTED_EDGE('',*,*,#2939,.T.);
#3763=ORIENTED_EDGE('',*,*,#2885,.T.);
#3764=ORIENTED_EDGE('',*,*,#2940,.T.);
#3765=ORIENTED_EDGE('',*,*,#2941,.T.);
#3766=ORIENTED_EDGE('',*,*,#2855,.T.);
#3767=ORIENTED_EDGE('',*,*,#2942,.F.);
#3768=ORIENTED_EDGE('',*,*,#2883,.T.);
#3769=ORIENTED_EDGE('',*,*,#2943,.F.);
#3770=ORIENTED_EDGE('',*,*,#2944,.T.);
#3771=ORIENTED_EDGE('',*,*,#2945,.T.);
#3772=ORIENTED_EDGE('',*,*,#2946,.T.);
#3773=ORIENTED_EDGE('',*,*,#2857,.T.);
#3774=ORIENTED_EDGE('',*,*,#2945,.F.);
#3775=ORIENTED_EDGE('',*,*,#2947,.F.);
#3776=ORIENTED_EDGE('',*,*,#2948,.F.);
#3777=ORIENTED_EDGE('',*,*,#2949,.F.);
#3778=ORIENTED_EDGE('',*,*,#2950,.T.);
#3779=ORIENTED_EDGE('',*,*,#2951,.T.);
#3780=ORIENTED_EDGE('',*,*,#2952,.T.);
#3781=ORIENTED_EDGE('',*,*,#2881,.T.);
#3782=ORIENTED_EDGE('',*,*,#2941,.F.);
#3783=ORIENTED_EDGE('',*,*,#2953,.F.);
#3784=ORIENTED_EDGE('',*,*,#2951,.F.);
#3785=ORIENTED_EDGE('',*,*,#2954,.F.);
#3786=ORIENTED_EDGE('',*,*,#2955,.T.);
#3787=ORIENTED_EDGE('',*,*,#2948,.T.);
#3788=ORIENTED_EDGE('',*,*,#2956,.T.);
#3789=ORIENTED_EDGE('',*,*,#2845,.T.);
#3790=ORIENTED_EDGE('',*,*,#2957,.T.);
#3791=ORIENTED_EDGE('',*,*,#2958,.T.);
#3792=ORIENTED_EDGE('',*,*,#2959,.T.);
#3793=ORIENTED_EDGE('',*,*,#2861,.T.);
#3794=ORIENTED_EDGE('',*,*,#2958,.F.);
#3795=ORIENTED_EDGE('',*,*,#2960,.F.);
#3796=ORIENTED_EDGE('',*,*,#2961,.F.);
#3797=ORIENTED_EDGE('',*,*,#2962,.F.);
#3798=ORIENTED_EDGE('',*,*,#2963,.T.);
#3799=ORIENTED_EDGE('',*,*,#2964,.T.);
#3800=ORIENTED_EDGE('',*,*,#2965,.T.);
#3801=ORIENTED_EDGE('',*,*,#2829,.T.);
#3802=ORIENTED_EDGE('',*,*,#2964,.F.);
#3803=ORIENTED_EDGE('',*,*,#2966,.F.);
#3804=ORIENTED_EDGE('',*,*,#2967,.F.);
#3805=ORIENTED_EDGE('',*,*,#2968,.F.);
#3806=ORIENTED_EDGE('',*,*,#2969,.T.);
#3807=ORIENTED_EDGE('',*,*,#2967,.T.);
#3808=ORIENTED_EDGE('',*,*,#2970,.T.);
#3809=ORIENTED_EDGE('',*,*,#2849,.T.);
#3810=ORIENTED_EDGE('',*,*,#2971,.T.);
#3811=ORIENTED_EDGE('',*,*,#2877,.T.);
#3812=ORIENTED_EDGE('',*,*,#2972,.T.);
#3813=ORIENTED_EDGE('',*,*,#2961,.T.);
#3814=ORIENTED_EDGE('',*,*,#2847,.T.);
#3815=ORIENTED_EDGE('',*,*,#2973,.F.);
#3816=ORIENTED_EDGE('',*,*,#2875,.T.);
#3817=ORIENTED_EDGE('',*,*,#2974,.F.);
#3818=ORIENTED_EDGE('',*,*,#2975,.T.);
#3819=ORIENTED_EDGE('',*,*,#2976,.T.);
#3820=ORIENTED_EDGE('',*,*,#2977,.T.);
#3821=ORIENTED_EDGE('',*,*,#2978,.T.);
#3822=ORIENTED_EDGE('',*,*,#2978,.F.);
#3823=ORIENTED_EDGE('',*,*,#2979,.T.);
#3824=ORIENTED_EDGE('',*,*,#2980,.T.);
#3825=ORIENTED_EDGE('',*,*,#2981,.F.);
#3826=ORIENTED_EDGE('',*,*,#2977,.F.);
#3827=ORIENTED_EDGE('',*,*,#2982,.T.);
#3828=ORIENTED_EDGE('',*,*,#2983,.F.);
#3829=ORIENTED_EDGE('',*,*,#2984,.T.);
#3830=ORIENTED_EDGE('',*,*,#2985,.T.);
#3831=ORIENTED_EDGE('',*,*,#2979,.F.);
#3832=ORIENTED_EDGE('',*,*,#2986,.T.);
#3833=ORIENTED_EDGE('',*,*,#2987,.T.);
#3834=ORIENTED_EDGE('',*,*,#2988,.T.);
#3835=ORIENTED_EDGE('',*,*,#2989,.T.);
#3836=ORIENTED_EDGE('',*,*,#2990,.T.);
#3837=ORIENTED_EDGE('',*,*,#2983,.T.);
#3838=ORIENTED_EDGE('',*,*,#2991,.T.);
#3839=ORIENTED_EDGE('',*,*,#2990,.F.);
#3840=ORIENTED_EDGE('',*,*,#2992,.F.);
#3841=ORIENTED_EDGE('',*,*,#2993,.T.);
#3842=ORIENTED_EDGE('',*,*,#2984,.F.);
#3843=ORIENTED_EDGE('',*,*,#2994,.T.);
#3844=ORIENTED_EDGE('',*,*,#2995,.T.);
#3845=ORIENTED_EDGE('',*,*,#2996,.T.);
#3846=ORIENTED_EDGE('',*,*,#2997,.T.);
#3847=ORIENTED_EDGE('',*,*,#2996,.F.);
#3848=ORIENTED_EDGE('',*,*,#2998,.T.);
#3849=ORIENTED_EDGE('',*,*,#2999,.F.);
#3850=ORIENTED_EDGE('',*,*,#3000,.T.);
#3851=ORIENTED_EDGE('',*,*,#3001,.T.);
#3852=ORIENTED_EDGE('',*,*,#2905,.F.);
#3853=ORIENTED_EDGE('',*,*,#2908,.T.);
#3854=ORIENTED_EDGE('',*,*,#2919,.F.);
#3855=ORIENTED_EDGE('',*,*,#3002,.T.);
#3856=ORIENTED_EDGE('',*,*,#2934,.F.);
#3857=ORIENTED_EDGE('',*,*,#2930,.T.);
#3858=ORIENTED_EDGE('',*,*,#2927,.F.);
#3859=ORIENTED_EDGE('',*,*,#3003,.T.);
#3860=ORIENTED_EDGE('',*,*,#2946,.F.);
#3861=ORIENTED_EDGE('',*,*,#2949,.T.);
#3862=ORIENTED_EDGE('',*,*,#2955,.F.);
#3863=ORIENTED_EDGE('',*,*,#3004,.T.);
#3864=ORIENTED_EDGE('',*,*,#2970,.F.);
#3865=ORIENTED_EDGE('',*,*,#2966,.T.);
#3866=ORIENTED_EDGE('',*,*,#2963,.F.);
#3867=ORIENTED_EDGE('',*,*,#3005,.T.);
#3868=ORIENTED_EDGE('',*,*,#3006,.F.);
#3869=ORIENTED_EDGE('',*,*,#3007,.T.);
#3870=ORIENTED_EDGE('',*,*,#3008,.T.);
#3871=ORIENTED_EDGE('',*,*,#3009,.T.);
#3872=ORIENTED_EDGE('',*,*,#3010,.T.);
#3873=ORIENTED_EDGE('',*,*,#3011,.T.);
#3874=ORIENTED_EDGE('',*,*,#2995,.F.);
#3875=ORIENTED_EDGE('',*,*,#3012,.F.);
#3876=ORIENTED_EDGE('',*,*,#3013,.F.);
#3877=ORIENTED_EDGE('',*,*,#2998,.F.);
#3878=ORIENTED_EDGE('',*,*,#3014,.T.);
#3879=ORIENTED_EDGE('',*,*,#3015,.T.);
#3880=ORIENTED_EDGE('',*,*,#3016,.T.);
#3881=ORIENTED_EDGE('',*,*,#3017,.T.);
#3882=ORIENTED_EDGE('',*,*,#3017,.F.);
#3883=ORIENTED_EDGE('',*,*,#3018,.F.);
#3884=ORIENTED_EDGE('',*,*,#3019,.F.);
#3885=ORIENTED_EDGE('',*,*,#3020,.F.);
#3886=ORIENTED_EDGE('',*,*,#3016,.F.);
#3887=ORIENTED_EDGE('',*,*,#3021,.T.);
#3888=ORIENTED_EDGE('',*,*,#3022,.T.);
#3889=ORIENTED_EDGE('',*,*,#3023,.F.);
#3890=ORIENTED_EDGE('',*,*,#3024,.F.);
#3891=ORIENTED_EDGE('',*,*,#3018,.T.);
#3892=ORIENTED_EDGE('',*,*,#3025,.T.);
#3893=ORIENTED_EDGE('',*,*,#3026,.T.);
#3894=ORIENTED_EDGE('',*,*,#3027,.T.);
#3895=ORIENTED_EDGE('',*,*,#3028,.T.);
#3896=ORIENTED_EDGE('',*,*,#3019,.T.);
#3897=ORIENTED_EDGE('',*,*,#3024,.T.);
#3898=ORIENTED_EDGE('',*,*,#3029,.T.);
#3899=ORIENTED_EDGE('',*,*,#3029,.F.);
#3900=ORIENTED_EDGE('',*,*,#3023,.T.);
#3901=ORIENTED_EDGE('',*,*,#2901,.T.);
#3902=ORIENTED_EDGE('',*,*,#3030,.F.);
#3903=ORIENTED_EDGE('',*,*,#3031,.T.);
#3904=ORIENTED_EDGE('',*,*,#3032,.T.);
#3905=ORIENTED_EDGE('',*,*,#2999,.T.);
#3906=ORIENTED_EDGE('',*,*,#3013,.T.);
#3907=ORIENTED_EDGE('',*,*,#3033,.T.);
#3908=ORIENTED_EDGE('',*,*,#3034,.T.);
#3909=ORIENTED_EDGE('',*,*,#3035,.T.);
#3910=ORIENTED_EDGE('',*,*,#3036,.T.);
#3911=ORIENTED_EDGE('',*,*,#3034,.F.);
#3912=ORIENTED_EDGE('',*,*,#3037,.F.);
#3913=ORIENTED_EDGE('',*,*,#3038,.F.);
#3914=ORIENTED_EDGE('',*,*,#3039,.F.);
#3915=ORIENTED_EDGE('',*,*,#3040,.T.);
#3916=ORIENTED_EDGE('',*,*,#3038,.T.);
#3917=ORIENTED_EDGE('',*,*,#3041,.T.);
#3918=ORIENTED_EDGE('',*,*,#3042,.T.);
#3919=ORIENTED_EDGE('',*,*,#3043,.T.);
#3920=ORIENTED_EDGE('',*,*,#3044,.T.);
#3921=ORIENTED_EDGE('',*,*,#3045,.T.);
#3922=ORIENTED_EDGE('',*,*,#3046,.T.);
#3923=ORIENTED_EDGE('',*,*,#3044,.F.);
#3924=ORIENTED_EDGE('',*,*,#3047,.F.);
#3925=ORIENTED_EDGE('',*,*,#3048,.F.);
#3926=ORIENTED_EDGE('',*,*,#3049,.F.);
#3927=ORIENTED_EDGE('',*,*,#3050,.T.);
#3928=ORIENTED_EDGE('',*,*,#3048,.T.);
#3929=ORIENTED_EDGE('',*,*,#3051,.T.);
#3930=ORIENTED_EDGE('',*,*,#3052,.T.);
#3931=ORIENTED_EDGE('',*,*,#3053,.T.);
#3932=ORIENTED_EDGE('',*,*,#3054,.T.);
#3933=ORIENTED_EDGE('',*,*,#3055,.T.);
#3934=ORIENTED_EDGE('',*,*,#3056,.T.);
#3935=ORIENTED_EDGE('',*,*,#3054,.F.);
#3936=ORIENTED_EDGE('',*,*,#3057,.F.);
#3937=ORIENTED_EDGE('',*,*,#3058,.F.);
#3938=ORIENTED_EDGE('',*,*,#3059,.F.);
#3939=ORIENTED_EDGE('',*,*,#3060,.T.);
#3940=ORIENTED_EDGE('',*,*,#3058,.T.);
#3941=ORIENTED_EDGE('',*,*,#3061,.T.);
#3942=ORIENTED_EDGE('',*,*,#3062,.T.);
#3943=ORIENTED_EDGE('',*,*,#3063,.T.);
#3944=ORIENTED_EDGE('',*,*,#3064,.T.);
#3945=ORIENTED_EDGE('',*,*,#3065,.T.);
#3946=ORIENTED_EDGE('',*,*,#3066,.T.);
#3947=ORIENTED_EDGE('',*,*,#3064,.F.);
#3948=ORIENTED_EDGE('',*,*,#3067,.F.);
#3949=ORIENTED_EDGE('',*,*,#3068,.F.);
#3950=ORIENTED_EDGE('',*,*,#3069,.F.);
#3951=ORIENTED_EDGE('',*,*,#3070,.T.);
#3952=ORIENTED_EDGE('',*,*,#3068,.T.);
#3953=ORIENTED_EDGE('',*,*,#3071,.T.);
#3954=ORIENTED_EDGE('',*,*,#3072,.T.);
#3955=ORIENTED_EDGE('',*,*,#3073,.T.);
#3956=ORIENTED_EDGE('',*,*,#3074,.T.);
#3957=ORIENTED_EDGE('',*,*,#3075,.T.);
#3958=ORIENTED_EDGE('',*,*,#3076,.T.);
#3959=ORIENTED_EDGE('',*,*,#3074,.F.);
#3960=ORIENTED_EDGE('',*,*,#3077,.F.);
#3961=ORIENTED_EDGE('',*,*,#3078,.F.);
#3962=ORIENTED_EDGE('',*,*,#3079,.F.);
#3963=ORIENTED_EDGE('',*,*,#3080,.T.);
#3964=ORIENTED_EDGE('',*,*,#3081,.T.);
#3965=ORIENTED_EDGE('',*,*,#3082,.T.);
#3966=ORIENTED_EDGE('',*,*,#3083,.T.);
#3967=ORIENTED_EDGE('',*,*,#3076,.F.);
#3968=ORIENTED_EDGE('',*,*,#3084,.F.);
#3969=ORIENTED_EDGE('',*,*,#3081,.F.);
#3970=ORIENTED_EDGE('',*,*,#3085,.F.);
#3971=ORIENTED_EDGE('',*,*,#3086,.T.);
#3972=ORIENTED_EDGE('',*,*,#3087,.T.);
#3973=ORIENTED_EDGE('',*,*,#3088,.T.);
#3974=ORIENTED_EDGE('',*,*,#3089,.T.);
#3975=ORIENTED_EDGE('',*,*,#3087,.F.);
#3976=ORIENTED_EDGE('',*,*,#3090,.F.);
#3977=ORIENTED_EDGE('',*,*,#3091,.F.);
#3978=ORIENTED_EDGE('',*,*,#3092,.F.);
#3979=ORIENTED_EDGE('',*,*,#3093,.T.);
#3980=ORIENTED_EDGE('',*,*,#3091,.T.);
#3981=ORIENTED_EDGE('',*,*,#3094,.T.);
#3982=ORIENTED_EDGE('',*,*,#3095,.T.);
#3983=ORIENTED_EDGE('',*,*,#3096,.T.);
#3984=ORIENTED_EDGE('',*,*,#3097,.T.);
#3985=ORIENTED_EDGE('',*,*,#3098,.T.);
#3986=ORIENTED_EDGE('',*,*,#3099,.T.);
#3987=ORIENTED_EDGE('',*,*,#3097,.F.);
#3988=ORIENTED_EDGE('',*,*,#3100,.F.);
#3989=ORIENTED_EDGE('',*,*,#3101,.F.);
#3990=ORIENTED_EDGE('',*,*,#3102,.F.);
#3991=ORIENTED_EDGE('',*,*,#3103,.T.);
#3992=ORIENTED_EDGE('',*,*,#3101,.T.);
#3993=ORIENTED_EDGE('',*,*,#3104,.T.);
#3994=ORIENTED_EDGE('',*,*,#3105,.T.);
#3995=ORIENTED_EDGE('',*,*,#3106,.T.);
#3996=ORIENTED_EDGE('',*,*,#3107,.T.);
#3997=ORIENTED_EDGE('',*,*,#3108,.T.);
#3998=ORIENTED_EDGE('',*,*,#3109,.T.);
#3999=ORIENTED_EDGE('',*,*,#3107,.F.);
#4000=ORIENTED_EDGE('',*,*,#3110,.F.);
#4001=ORIENTED_EDGE('',*,*,#3111,.F.);
#4002=ORIENTED_EDGE('',*,*,#3112,.F.);
#4003=ORIENTED_EDGE('',*,*,#3113,.T.);
#4004=ORIENTED_EDGE('',*,*,#3111,.T.);
#4005=ORIENTED_EDGE('',*,*,#3114,.T.);
#4006=ORIENTED_EDGE('',*,*,#3078,.T.);
#4007=ORIENTED_EDGE('',*,*,#3115,.T.);
#4008=ORIENTED_EDGE('',*,*,#3116,.T.);
#4009=ORIENTED_EDGE('',*,*,#3117,.T.);
#4010=ORIENTED_EDGE('',*,*,#3118,.T.);
#4011=ORIENTED_EDGE('',*,*,#3116,.F.);
#4012=ORIENTED_EDGE('',*,*,#3119,.F.);
#4013=ORIENTED_EDGE('',*,*,#3120,.F.);
#4014=ORIENTED_EDGE('',*,*,#3121,.F.);
#4015=ORIENTED_EDGE('',*,*,#3122,.T.);
#4016=ORIENTED_EDGE('',*,*,#3120,.T.);
#4017=ORIENTED_EDGE('',*,*,#3123,.T.);
#4018=ORIENTED_EDGE('',*,*,#3124,.T.);
#4019=ORIENTED_EDGE('',*,*,#3125,.T.);
#4020=ORIENTED_EDGE('',*,*,#3126,.T.);
#4021=ORIENTED_EDGE('',*,*,#3127,.T.);
#4022=ORIENTED_EDGE('',*,*,#3128,.T.);
#4023=ORIENTED_EDGE('',*,*,#3126,.F.);
#4024=ORIENTED_EDGE('',*,*,#3129,.F.);
#4025=ORIENTED_EDGE('',*,*,#3130,.F.);
#4026=ORIENTED_EDGE('',*,*,#3131,.F.);
#4027=ORIENTED_EDGE('',*,*,#3132,.T.);
#4028=ORIENTED_EDGE('',*,*,#3130,.T.);
#4029=ORIENTED_EDGE('',*,*,#3133,.T.);
#4030=ORIENTED_EDGE('',*,*,#3134,.T.);
#4031=ORIENTED_EDGE('',*,*,#3135,.T.);
#4032=ORIENTED_EDGE('',*,*,#3136,.T.);
#4033=ORIENTED_EDGE('',*,*,#3137,.T.);
#4034=ORIENTED_EDGE('',*,*,#3138,.T.);
#4035=ORIENTED_EDGE('',*,*,#3136,.F.);
#4036=ORIENTED_EDGE('',*,*,#3139,.F.);
#4037=ORIENTED_EDGE('',*,*,#3140,.F.);
#4038=ORIENTED_EDGE('',*,*,#3141,.F.);
#4039=ORIENTED_EDGE('',*,*,#3142,.T.);
#4040=ORIENTED_EDGE('',*,*,#3140,.T.);
#4041=ORIENTED_EDGE('',*,*,#3143,.T.);
#4042=ORIENTED_EDGE('',*,*,#3144,.T.);
#4043=ORIENTED_EDGE('',*,*,#3145,.T.);
#4044=ORIENTED_EDGE('',*,*,#3146,.T.);
#4045=ORIENTED_EDGE('',*,*,#3147,.T.);
#4046=ORIENTED_EDGE('',*,*,#3148,.T.);
#4047=ORIENTED_EDGE('',*,*,#3146,.F.);
#4048=ORIENTED_EDGE('',*,*,#3149,.F.);
#4049=ORIENTED_EDGE('',*,*,#3150,.F.);
#4050=ORIENTED_EDGE('',*,*,#3151,.F.);
#4051=ORIENTED_EDGE('',*,*,#3152,.T.);
#4052=ORIENTED_EDGE('',*,*,#3150,.T.);
#4053=ORIENTED_EDGE('',*,*,#3153,.T.);
#4054=ORIENTED_EDGE('',*,*,#3154,.T.);
#4055=ORIENTED_EDGE('',*,*,#3155,.T.);
#4056=ORIENTED_EDGE('',*,*,#3156,.T.);
#4057=ORIENTED_EDGE('',*,*,#3157,.T.);
#4058=ORIENTED_EDGE('',*,*,#3158,.T.);
#4059=ORIENTED_EDGE('',*,*,#3156,.F.);
#4060=ORIENTED_EDGE('',*,*,#3159,.F.);
#4061=ORIENTED_EDGE('',*,*,#3160,.F.);
#4062=ORIENTED_EDGE('',*,*,#3161,.F.);
#4063=ORIENTED_EDGE('',*,*,#3162,.T.);
#4064=ORIENTED_EDGE('',*,*,#3160,.T.);
#4065=ORIENTED_EDGE('',*,*,#3163,.T.);
#4066=ORIENTED_EDGE('',*,*,#3164,.T.);
#4067=ORIENTED_EDGE('',*,*,#3165,.T.);
#4068=ORIENTED_EDGE('',*,*,#3166,.T.);
#4069=ORIENTED_EDGE('',*,*,#3167,.T.);
#4070=ORIENTED_EDGE('',*,*,#3168,.T.);
#4071=ORIENTED_EDGE('',*,*,#3166,.F.);
#4072=ORIENTED_EDGE('',*,*,#3169,.F.);
#4073=ORIENTED_EDGE('',*,*,#3170,.F.);
#4074=ORIENTED_EDGE('',*,*,#3171,.F.);
#4075=ORIENTED_EDGE('',*,*,#3172,.T.);
#4076=ORIENTED_EDGE('',*,*,#3170,.T.);
#4077=ORIENTED_EDGE('',*,*,#3173,.T.);
#4078=ORIENTED_EDGE('',*,*,#3174,.T.);
#4079=ORIENTED_EDGE('',*,*,#3175,.T.);
#4080=ORIENTED_EDGE('',*,*,#3176,.T.);
#4081=ORIENTED_EDGE('',*,*,#3177,.T.);
#4082=ORIENTED_EDGE('',*,*,#3178,.T.);
#4083=ORIENTED_EDGE('',*,*,#3176,.F.);
#4084=ORIENTED_EDGE('',*,*,#3179,.F.);
#4085=ORIENTED_EDGE('',*,*,#3180,.F.);
#4086=ORIENTED_EDGE('',*,*,#3181,.F.);
#4087=ORIENTED_EDGE('',*,*,#3182,.T.);
#4088=ORIENTED_EDGE('',*,*,#3180,.T.);
#4089=ORIENTED_EDGE('',*,*,#3183,.T.);
#4090=ORIENTED_EDGE('',*,*,#3184,.T.);
#4091=ORIENTED_EDGE('',*,*,#3185,.T.);
#4092=ORIENTED_EDGE('',*,*,#3186,.T.);
#4093=ORIENTED_EDGE('',*,*,#3187,.T.);
#4094=ORIENTED_EDGE('',*,*,#3188,.T.);
#4095=ORIENTED_EDGE('',*,*,#3186,.F.);
#4096=ORIENTED_EDGE('',*,*,#3189,.F.);
#4097=ORIENTED_EDGE('',*,*,#3190,.F.);
#4098=ORIENTED_EDGE('',*,*,#3191,.F.);
#4099=ORIENTED_EDGE('',*,*,#3192,.T.);
#4100=ORIENTED_EDGE('',*,*,#3193,.T.);
#4101=ORIENTED_EDGE('',*,*,#3194,.T.);
#4102=ORIENTED_EDGE('',*,*,#3190,.T.);
#4103=ORIENTED_EDGE('',*,*,#3174,.F.);
#4104=ORIENTED_EDGE('',*,*,#3195,.F.);
#4105=ORIENTED_EDGE('',*,*,#3193,.F.);
#4106=ORIENTED_EDGE('',*,*,#3196,.F.);
#4107=ORIENTED_EDGE('',*,*,#3197,.T.);
#4108=ORIENTED_EDGE('',*,*,#3198,.T.);
#4109=ORIENTED_EDGE('',*,*,#3199,.T.);
#4110=ORIENTED_EDGE('',*,*,#3200,.T.);
#4111=ORIENTED_EDGE('',*,*,#3198,.F.);
#4112=ORIENTED_EDGE('',*,*,#3201,.F.);
#4113=ORIENTED_EDGE('',*,*,#3202,.F.);
#4114=ORIENTED_EDGE('',*,*,#3203,.F.);
#4115=ORIENTED_EDGE('',*,*,#3204,.T.);
#4116=ORIENTED_EDGE('',*,*,#3205,.T.);
#4117=ORIENTED_EDGE('',*,*,#3206,.T.);
#4118=ORIENTED_EDGE('',*,*,#3207,.T.);
#4119=ORIENTED_EDGE('',*,*,#3205,.F.);
#4120=ORIENTED_EDGE('',*,*,#3208,.F.);
#4121=ORIENTED_EDGE('',*,*,#3209,.F.);
#4122=ORIENTED_EDGE('',*,*,#3210,.F.);
#4123=ORIENTED_EDGE('',*,*,#3211,.T.);
#4124=ORIENTED_EDGE('',*,*,#3209,.T.);
#4125=ORIENTED_EDGE('',*,*,#3212,.T.);
#4126=ORIENTED_EDGE('',*,*,#3213,.T.);
#4127=ORIENTED_EDGE('',*,*,#3214,.T.);
#4128=ORIENTED_EDGE('',*,*,#3215,.T.);
#4129=ORIENTED_EDGE('',*,*,#3216,.T.);
#4130=ORIENTED_EDGE('',*,*,#3217,.T.);
#4131=ORIENTED_EDGE('',*,*,#3218,.F.);
#4132=ORIENTED_EDGE('',*,*,#2894,.T.);
#4133=ORIENTED_EDGE('',*,*,#2819,.T.);
#4134=ORIENTED_EDGE('',*,*,#3219,.T.);
#4135=ORIENTED_EDGE('',*,*,#3220,.F.);
#4136=ORIENTED_EDGE('',*,*,#3221,.T.);
#4137=ORIENTED_EDGE('',*,*,#2899,.F.);
#4138=ORIENTED_EDGE('',*,*,#3222,.T.);
#4139=ORIENTED_EDGE('',*,*,#3223,.F.);
#4140=ORIENTED_EDGE('',*,*,#2909,.F.);
#4141=ORIENTED_EDGE('',*,*,#2918,.T.);
#4142=ORIENTED_EDGE('',*,*,#2914,.F.);
#4143=ORIENTED_EDGE('',*,*,#3224,.F.);
#4144=ORIENTED_EDGE('',*,*,#2935,.F.);
#4145=ORIENTED_EDGE('',*,*,#2924,.T.);
#4146=ORIENTED_EDGE('',*,*,#2921,.F.);
#4147=ORIENTED_EDGE('',*,*,#3225,.F.);
#4148=ORIENTED_EDGE('',*,*,#2939,.F.);
#4149=ORIENTED_EDGE('',*,*,#2954,.T.);
#4150=ORIENTED_EDGE('',*,*,#2950,.F.);
#4151=ORIENTED_EDGE('',*,*,#3226,.F.);
#4152=ORIENTED_EDGE('',*,*,#2971,.F.);
#4153=ORIENTED_EDGE('',*,*,#2960,.T.);
#4154=ORIENTED_EDGE('',*,*,#2957,.F.);
#4155=ORIENTED_EDGE('',*,*,#3227,.T.);
#4156=ORIENTED_EDGE('',*,*,#3228,.F.);
#4157=ORIENTED_EDGE('',*,*,#3229,.T.);
#4158=ORIENTED_EDGE('',*,*,#3230,.F.);
#4159=ORIENTED_EDGE('',*,*,#3231,.T.);
#4160=ORIENTED_EDGE('',*,*,#3232,.F.);
#4161=ORIENTED_EDGE('',*,*,#3233,.T.);
#4162=ORIENTED_EDGE('',*,*,#3234,.F.);
#4163=ORIENTED_EDGE('',*,*,#3235,.T.);
#4164=ORIENTED_EDGE('',*,*,#3236,.F.);
#4165=ORIENTED_EDGE('',*,*,#3237,.T.);
#4166=ORIENTED_EDGE('',*,*,#3238,.F.);
#4167=ORIENTED_EDGE('',*,*,#3239,.T.);
#4168=ORIENTED_EDGE('',*,*,#3240,.F.);
#4169=ORIENTED_EDGE('',*,*,#3241,.T.);
#4170=ORIENTED_EDGE('',*,*,#3242,.F.);
#4171=ORIENTED_EDGE('',*,*,#3243,.T.);
#4172=ORIENTED_EDGE('',*,*,#3153,.F.);
#4173=ORIENTED_EDGE('',*,*,#3149,.T.);
#4174=ORIENTED_EDGE('',*,*,#3145,.F.);
#4175=ORIENTED_EDGE('',*,*,#3244,.T.);
#4176=ORIENTED_EDGE('',*,*,#3117,.F.);
#4177=ORIENTED_EDGE('',*,*,#3121,.T.);
#4178=ORIENTED_EDGE('',*,*,#3122,.F.);
#4179=ORIENTED_EDGE('',*,*,#3245,.T.);
#4180=ORIENTED_EDGE('',*,*,#3133,.F.);
#4181=ORIENTED_EDGE('',*,*,#3129,.T.);
#4182=ORIENTED_EDGE('',*,*,#3125,.F.);
#4183=ORIENTED_EDGE('',*,*,#3246,.T.);
#4184=ORIENTED_EDGE('',*,*,#3143,.F.);
#4185=ORIENTED_EDGE('',*,*,#3139,.T.);
#4186=ORIENTED_EDGE('',*,*,#3135,.F.);
#4187=ORIENTED_EDGE('',*,*,#3247,.T.);
#4188=ORIENTED_EDGE('',*,*,#3088,.F.);
#4189=ORIENTED_EDGE('',*,*,#3092,.T.);
#4190=ORIENTED_EDGE('',*,*,#3093,.F.);
#4191=ORIENTED_EDGE('',*,*,#3248,.T.);
#4192=ORIENTED_EDGE('',*,*,#3098,.F.);
#4193=ORIENTED_EDGE('',*,*,#3102,.T.);
#4194=ORIENTED_EDGE('',*,*,#3103,.F.);
#4195=ORIENTED_EDGE('',*,*,#3249,.T.);
#4196=ORIENTED_EDGE('',*,*,#3108,.F.);
#4197=ORIENTED_EDGE('',*,*,#3112,.T.);
#4198=ORIENTED_EDGE('',*,*,#3113,.F.);
#4199=ORIENTED_EDGE('',*,*,#3077,.T.);
#4200=ORIENTED_EDGE('',*,*,#3073,.F.);
#4201=ORIENTED_EDGE('',*,*,#3085,.T.);
#4202=ORIENTED_EDGE('',*,*,#3080,.F.);
#4203=ORIENTED_EDGE('',*,*,#3250,.T.);
#4204=ORIENTED_EDGE('',*,*,#3251,.F.);
#4205=ORIENTED_EDGE('',*,*,#3252,.T.);
#4206=ORIENTED_EDGE('',*,*,#3253,.F.);
#4207=ORIENTED_EDGE('',*,*,#3254,.T.);
#4208=ORIENTED_EDGE('',*,*,#3255,.F.);
#4209=ORIENTED_EDGE('',*,*,#3256,.T.);
#4210=ORIENTED_EDGE('',*,*,#3257,.F.);
#4211=ORIENTED_EDGE('',*,*,#3258,.T.);
#4212=ORIENTED_EDGE('',*,*,#3259,.F.);
#4213=ORIENTED_EDGE('',*,*,#3260,.T.);
#4214=ORIENTED_EDGE('',*,*,#3261,.F.);
#4215=ORIENTED_EDGE('',*,*,#3262,.T.);
#4216=ORIENTED_EDGE('',*,*,#3263,.F.);
#4217=ORIENTED_EDGE('',*,*,#3264,.T.);
#4218=ORIENTED_EDGE('',*,*,#3265,.F.);
#4219=ORIENTED_EDGE('',*,*,#3266,.T.);
#4220=ORIENTED_EDGE('',*,*,#3183,.F.);
#4221=ORIENTED_EDGE('',*,*,#3179,.T.);
#4222=ORIENTED_EDGE('',*,*,#3175,.F.);
#4223=ORIENTED_EDGE('',*,*,#3267,.T.);
#4224=ORIENTED_EDGE('',*,*,#3157,.F.);
#4225=ORIENTED_EDGE('',*,*,#3161,.T.);
#4226=ORIENTED_EDGE('',*,*,#3162,.F.);
#4227=ORIENTED_EDGE('',*,*,#3268,.T.);
#4228=ORIENTED_EDGE('',*,*,#3167,.F.);
#4229=ORIENTED_EDGE('',*,*,#3171,.T.);
#4230=ORIENTED_EDGE('',*,*,#3172,.F.);
#4231=ORIENTED_EDGE('',*,*,#3196,.T.);
#4232=ORIENTED_EDGE('',*,*,#3192,.F.);
#4233=ORIENTED_EDGE('',*,*,#3189,.T.);
#4234=ORIENTED_EDGE('',*,*,#3185,.F.);
#4235=ORIENTED_EDGE('',*,*,#3269,.T.);
#4236=ORIENTED_EDGE('',*,*,#3045,.F.);
#4237=ORIENTED_EDGE('',*,*,#3049,.T.);
#4238=ORIENTED_EDGE('',*,*,#3050,.F.);
#4239=ORIENTED_EDGE('',*,*,#3270,.T.);
#4240=ORIENTED_EDGE('',*,*,#3055,.F.);
#4241=ORIENTED_EDGE('',*,*,#3059,.T.);
#4242=ORIENTED_EDGE('',*,*,#3060,.F.);
#4243=ORIENTED_EDGE('',*,*,#3271,.T.);
#4244=ORIENTED_EDGE('',*,*,#3065,.F.);
#4245=ORIENTED_EDGE('',*,*,#3069,.T.);
#4246=ORIENTED_EDGE('',*,*,#3070,.F.);
#4247=ORIENTED_EDGE('',*,*,#3272,.T.);
#4248=ORIENTED_EDGE('',*,*,#3035,.F.);
#4249=ORIENTED_EDGE('',*,*,#3039,.T.);
#4250=ORIENTED_EDGE('',*,*,#3040,.F.);
#4251=ORIENTED_EDGE('',*,*,#3216,.F.);
#4252=ORIENTED_EDGE('',*,*,#3273,.T.);
#4253=ORIENTED_EDGE('',*,*,#3274,.F.);
#4254=ORIENTED_EDGE('',*,*,#3275,.T.);
#4255=ORIENTED_EDGE('',*,*,#3212,.F.);
#4256=ORIENTED_EDGE('',*,*,#3208,.T.);
#4257=ORIENTED_EDGE('',*,*,#3204,.F.);
#4258=ORIENTED_EDGE('',*,*,#3276,.T.);
#4259=ORIENTED_EDGE('',*,*,#3277,.F.);
#4260=ORIENTED_EDGE('',*,*,#3278,.T.);
#4261=ORIENTED_EDGE('',*,*,#3279,.F.);
#4262=ORIENTED_EDGE('',*,*,#3280,.T.);
#4263=ORIENTED_EDGE('',*,*,#3281,.F.);
#4264=ORIENTED_EDGE('',*,*,#3282,.T.);
#4265=ORIENTED_EDGE('',*,*,#3283,.F.);
#4266=ORIENTED_EDGE('',*,*,#3201,.T.);
#4267=ORIENTED_EDGE('',*,*,#3197,.F.);
#4268=ORIENTED_EDGE('',*,*,#3284,.T.);
#4269=ORIENTED_EDGE('',*,*,#3285,.T.);
#4270=ORIENTED_EDGE('',*,*,#3286,.T.);
#4271=ORIENTED_EDGE('',*,*,#3287,.T.);
#4272=ORIENTED_EDGE('',*,*,#3288,.T.);
#4273=ORIENTED_EDGE('',*,*,#3289,.T.);
#4274=ORIENTED_EDGE('',*,*,#3290,.T.);
#4275=ORIENTED_EDGE('',*,*,#3291,.T.);
#4276=ORIENTED_EDGE('',*,*,#3292,.T.);
#4277=ORIENTED_EDGE('',*,*,#3293,.T.);
#4278=ORIENTED_EDGE('',*,*,#3294,.T.);
#4279=ORIENTED_EDGE('',*,*,#3295,.T.);
#4280=ORIENTED_EDGE('',*,*,#3296,.T.);
#4281=ORIENTED_EDGE('',*,*,#3297,.T.);
#4282=ORIENTED_EDGE('',*,*,#3298,.T.);
#4283=ORIENTED_EDGE('',*,*,#3299,.T.);
#4284=ORIENTED_EDGE('',*,*,#3300,.T.);
#4285=ORIENTED_EDGE('',*,*,#3301,.T.);
#4286=ORIENTED_EDGE('',*,*,#3302,.T.);
#4287=ORIENTED_EDGE('',*,*,#3303,.T.);
#4288=ORIENTED_EDGE('',*,*,#3304,.T.);
#4289=ORIENTED_EDGE('',*,*,#3305,.T.);
#4290=ORIENTED_EDGE('',*,*,#3306,.T.);
#4291=ORIENTED_EDGE('',*,*,#3307,.T.);
#4292=ORIENTED_EDGE('',*,*,#3308,.T.);
#4293=ORIENTED_EDGE('',*,*,#3309,.T.);
#4294=ORIENTED_EDGE('',*,*,#3310,.T.);
#4295=ORIENTED_EDGE('',*,*,#3311,.T.);
#4296=ORIENTED_EDGE('',*,*,#3312,.T.);
#4297=ORIENTED_EDGE('',*,*,#3313,.T.);
#4298=ORIENTED_EDGE('',*,*,#3314,.T.);
#4299=ORIENTED_EDGE('',*,*,#3315,.T.);
#4300=ORIENTED_EDGE('',*,*,#3316,.T.);
#4301=ORIENTED_EDGE('',*,*,#3317,.T.);
#4302=ORIENTED_EDGE('',*,*,#3318,.T.);
#4303=ORIENTED_EDGE('',*,*,#3319,.T.);
#4304=ORIENTED_EDGE('',*,*,#3320,.T.);
#4305=ORIENTED_EDGE('',*,*,#3321,.T.);
#4306=ORIENTED_EDGE('',*,*,#3322,.T.);
#4307=ORIENTED_EDGE('',*,*,#3323,.T.);
#4308=ORIENTED_EDGE('',*,*,#3324,.T.);
#4309=ORIENTED_EDGE('',*,*,#3325,.T.);
#4310=ORIENTED_EDGE('',*,*,#3326,.T.);
#4311=ORIENTED_EDGE('',*,*,#3327,.T.);
#4312=ORIENTED_EDGE('',*,*,#3328,.T.);
#4313=ORIENTED_EDGE('',*,*,#3215,.F.);
#4314=ORIENTED_EDGE('',*,*,#3329,.F.);
#4315=ORIENTED_EDGE('',*,*,#3330,.F.);
#4316=ORIENTED_EDGE('',*,*,#3273,.F.);
#4317=ORIENTED_EDGE('',*,*,#3274,.T.);
#4318=ORIENTED_EDGE('',*,*,#3330,.T.);
#4319=ORIENTED_EDGE('',*,*,#3331,.T.);
#4320=ORIENTED_EDGE('',*,*,#3332,.T.);
#4321=ORIENTED_EDGE('',*,*,#3279,.T.);
#4322=ORIENTED_EDGE('',*,*,#3333,.T.);
#4323=ORIENTED_EDGE('',*,*,#3334,.T.);
#4324=ORIENTED_EDGE('',*,*,#3335,.T.);
#4325=ORIENTED_EDGE('',*,*,#3333,.F.);
#4326=ORIENTED_EDGE('',*,*,#3278,.F.);
#4327=ORIENTED_EDGE('',*,*,#3336,.F.);
#4328=ORIENTED_EDGE('',*,*,#3337,.F.);
#4329=ORIENTED_EDGE('',*,*,#3338,.T.);
#4330=ORIENTED_EDGE('',*,*,#3336,.T.);
#4331=ORIENTED_EDGE('',*,*,#3277,.T.);
#4332=ORIENTED_EDGE('',*,*,#3339,.T.);
#4333=ORIENTED_EDGE('',*,*,#3340,.T.);
#4334=ORIENTED_EDGE('',*,*,#3341,.T.);
#4335=ORIENTED_EDGE('',*,*,#3281,.T.);
#4336=ORIENTED_EDGE('',*,*,#3342,.T.);
#4337=ORIENTED_EDGE('',*,*,#3341,.F.);
#4338=ORIENTED_EDGE('',*,*,#3343,.F.);
#4339=ORIENTED_EDGE('',*,*,#3344,.F.);
#4340=ORIENTED_EDGE('',*,*,#3282,.F.);
#4341=ORIENTED_EDGE('',*,*,#3283,.T.);
#4342=ORIENTED_EDGE('',*,*,#3344,.T.);
#4343=ORIENTED_EDGE('',*,*,#3345,.T.);
#4344=ORIENTED_EDGE('',*,*,#3202,.T.);
#4345=ORIENTED_EDGE('',*,*,#3253,.T.);
#4346=ORIENTED_EDGE('',*,*,#3346,.T.);
#4347=ORIENTED_EDGE('',*,*,#3347,.T.);
#4348=ORIENTED_EDGE('',*,*,#3348,.T.);
#4349=ORIENTED_EDGE('',*,*,#3346,.F.);
#4350=ORIENTED_EDGE('',*,*,#3252,.F.);
#4351=ORIENTED_EDGE('',*,*,#3349,.F.);
#4352=ORIENTED_EDGE('',*,*,#3350,.F.);
#4353=ORIENTED_EDGE('',*,*,#3351,.T.);
#4354=ORIENTED_EDGE('',*,*,#3352,.T.);
#4355=ORIENTED_EDGE('',*,*,#3263,.T.);
#4356=ORIENTED_EDGE('',*,*,#3353,.T.);
#4357=ORIENTED_EDGE('',*,*,#3352,.F.);
#4358=ORIENTED_EDGE('',*,*,#3354,.F.);
#4359=ORIENTED_EDGE('',*,*,#3355,.F.);
#4360=ORIENTED_EDGE('',*,*,#3264,.F.);
#4361=ORIENTED_EDGE('',*,*,#3265,.T.);
#4362=ORIENTED_EDGE('',*,*,#3355,.T.);
#4363=ORIENTED_EDGE('',*,*,#3356,.T.);
#4364=ORIENTED_EDGE('',*,*,#3357,.T.);
#4365=ORIENTED_EDGE('',*,*,#3358,.T.);
#4366=ORIENTED_EDGE('',*,*,#3349,.T.);
#4367=ORIENTED_EDGE('',*,*,#3251,.T.);
#4368=ORIENTED_EDGE('',*,*,#3359,.T.);
#4369=ORIENTED_EDGE('',*,*,#3360,.T.);
#4370=ORIENTED_EDGE('',*,*,#3361,.T.);
#4371=ORIENTED_EDGE('',*,*,#3255,.T.);
#4372=ORIENTED_EDGE('',*,*,#3362,.T.);
#4373=ORIENTED_EDGE('',*,*,#3361,.F.);
#4374=ORIENTED_EDGE('',*,*,#3363,.F.);
#4375=ORIENTED_EDGE('',*,*,#3364,.F.);
#4376=ORIENTED_EDGE('',*,*,#3256,.F.);
#4377=ORIENTED_EDGE('',*,*,#3257,.T.);
#4378=ORIENTED_EDGE('',*,*,#3364,.T.);
#4379=ORIENTED_EDGE('',*,*,#3365,.T.);
#4380=ORIENTED_EDGE('',*,*,#3366,.T.);
#4381=ORIENTED_EDGE('',*,*,#3367,.T.);
#4382=ORIENTED_EDGE('',*,*,#3368,.T.);
#4383=ORIENTED_EDGE('',*,*,#3259,.T.);
#4384=ORIENTED_EDGE('',*,*,#3369,.T.);
#4385=ORIENTED_EDGE('',*,*,#3368,.F.);
#4386=ORIENTED_EDGE('',*,*,#3370,.F.);
#4387=ORIENTED_EDGE('',*,*,#3371,.F.);
#4388=ORIENTED_EDGE('',*,*,#3260,.F.);
#4389=ORIENTED_EDGE('',*,*,#3261,.T.);
#4390=ORIENTED_EDGE('',*,*,#3371,.T.);
#4391=ORIENTED_EDGE('',*,*,#3372,.T.);
#4392=ORIENTED_EDGE('',*,*,#3373,.T.);
#4393=ORIENTED_EDGE('',*,*,#3374,.T.);
#4394=ORIENTED_EDGE('',*,*,#3375,.T.);
#4395=ORIENTED_EDGE('',*,*,#3228,.T.);
#4396=ORIENTED_EDGE('',*,*,#3376,.T.);
#4397=ORIENTED_EDGE('',*,*,#3375,.F.);
#4398=ORIENTED_EDGE('',*,*,#3377,.F.);
#4399=ORIENTED_EDGE('',*,*,#3378,.F.);
#4400=ORIENTED_EDGE('',*,*,#3229,.F.);
#4401=ORIENTED_EDGE('',*,*,#3230,.T.);
#4402=ORIENTED_EDGE('',*,*,#3378,.T.);
#4403=ORIENTED_EDGE('',*,*,#3379,.T.);
#4404=ORIENTED_EDGE('',*,*,#3380,.T.);
#4405=ORIENTED_EDGE('',*,*,#3381,.T.);
#4406=ORIENTED_EDGE('',*,*,#3382,.T.);
#4407=ORIENTED_EDGE('',*,*,#3232,.T.);
#4408=ORIENTED_EDGE('',*,*,#3383,.T.);
#4409=ORIENTED_EDGE('',*,*,#3382,.F.);
#4410=ORIENTED_EDGE('',*,*,#3384,.F.);
#4411=ORIENTED_EDGE('',*,*,#3385,.F.);
#4412=ORIENTED_EDGE('',*,*,#3233,.F.);
#4413=ORIENTED_EDGE('',*,*,#3234,.T.);
#4414=ORIENTED_EDGE('',*,*,#3385,.T.);
#4415=ORIENTED_EDGE('',*,*,#3386,.T.);
#4416=ORIENTED_EDGE('',*,*,#3387,.T.);
#4417=ORIENTED_EDGE('',*,*,#3388,.T.);
#4418=ORIENTED_EDGE('',*,*,#3389,.T.);
#4419=ORIENTED_EDGE('',*,*,#3236,.T.);
#4420=ORIENTED_EDGE('',*,*,#3390,.T.);
#4421=ORIENTED_EDGE('',*,*,#3389,.F.);
#4422=ORIENTED_EDGE('',*,*,#3391,.F.);
#4423=ORIENTED_EDGE('',*,*,#3392,.F.);
#4424=ORIENTED_EDGE('',*,*,#3237,.F.);
#4425=ORIENTED_EDGE('',*,*,#3238,.T.);
#4426=ORIENTED_EDGE('',*,*,#3392,.T.);
#4427=ORIENTED_EDGE('',*,*,#3393,.T.);
#4428=ORIENTED_EDGE('',*,*,#3394,.T.);
#4429=ORIENTED_EDGE('',*,*,#3395,.T.);
#4430=ORIENTED_EDGE('',*,*,#3396,.T.);
#4431=ORIENTED_EDGE('',*,*,#3240,.T.);
#4432=ORIENTED_EDGE('',*,*,#3397,.T.);
#4433=ORIENTED_EDGE('',*,*,#3396,.F.);
#4434=ORIENTED_EDGE('',*,*,#3398,.F.);
#4435=ORIENTED_EDGE('',*,*,#3399,.F.);
#4436=ORIENTED_EDGE('',*,*,#3241,.F.);
#4437=ORIENTED_EDGE('',*,*,#3242,.T.);
#4438=ORIENTED_EDGE('',*,*,#3399,.T.);
#4439=ORIENTED_EDGE('',*,*,#3400,.T.);
#4440=ORIENTED_EDGE('',*,*,#3401,.T.);
#4441=ORIENTED_EDGE('',*,*,#2827,.T.);
#4442=ORIENTED_EDGE('',*,*,#3402,.F.);
#4443=ORIENTED_EDGE('',*,*,#2859,.T.);
#4444=ORIENTED_EDGE('',*,*,#3403,.F.);
#4445=ORIENTED_EDGE('',*,*,#2851,.T.);
#4446=ORIENTED_EDGE('',*,*,#3404,.F.);
#4447=ORIENTED_EDGE('',*,*,#2887,.T.);
#4448=ORIENTED_EDGE('',*,*,#3405,.F.);
#4449=ORIENTED_EDGE('',*,*,#2835,.T.);
#4450=ORIENTED_EDGE('',*,*,#3406,.F.);
#4451=ORIENTED_EDGE('',*,*,#2871,.T.);
#4452=ORIENTED_EDGE('',*,*,#3407,.F.);
#4453=ORIENTED_EDGE('',*,*,#2832,.T.);
#4454=ORIENTED_EDGE('',*,*,#3408,.F.);
#4455=ORIENTED_EDGE('',*,*,#3409,.T.);
#4456=ORIENTED_EDGE('',*,*,#3410,.F.);
#4457=ORIENTED_EDGE('',*,*,#2854,.T.);
#4458=ORIENTED_EDGE('',*,*,#3411,.F.);
#4459=ORIENTED_EDGE('',*,*,#2856,.T.);
#4460=ORIENTED_EDGE('',*,*,#3412,.F.);
#4461=ORIENTED_EDGE('',*,*,#2840,.T.);
#4462=ORIENTED_EDGE('',*,*,#3413,.F.);
#4463=ORIENTED_EDGE('',*,*,#2838,.T.);
#4464=ORIENTED_EDGE('',*,*,#3414,.F.);
#4465=ORIENTED_EDGE('',*,*,#2830,.T.);
#4466=ORIENTED_EDGE('',*,*,#3415,.F.);
#4467=ORIENTED_EDGE('',*,*,#3416,.T.);
#4468=ORIENTED_EDGE('',*,*,#3417,.F.);
#4469=ORIENTED_EDGE('',*,*,#2848,.T.);
#4470=ORIENTED_EDGE('',*,*,#3418,.F.);
#4471=ORIENTED_EDGE('',*,*,#2846,.T.);
#4472=ORIENTED_EDGE('',*,*,#3419,.F.);
#4473=ORIENTED_EDGE('',*,*,#2913,.T.);
#4474=ORIENTED_EDGE('',*,*,#3420,.T.);
#4475=ORIENTED_EDGE('',*,*,#3421,.T.);
#4476=ORIENTED_EDGE('',*,*,#3408,.T.);
#4477=ORIENTED_EDGE('',*,*,#3404,.T.);
#4478=ORIENTED_EDGE('',*,*,#3412,.T.);
#4479=ORIENTED_EDGE('',*,*,#2943,.T.);
#4480=ORIENTED_EDGE('',*,*,#3422,.T.);
#4481=ORIENTED_EDGE('',*,*,#2938,.T.);
#4482=ORIENTED_EDGE('',*,*,#3423,.T.);
#4483=ORIENTED_EDGE('',*,*,#3406,.T.);
#4484=ORIENTED_EDGE('',*,*,#3413,.T.);
#4485=ORIENTED_EDGE('',*,*,#3402,.T.);
#4486=ORIENTED_EDGE('',*,*,#3417,.T.);
#4487=ORIENTED_EDGE('',*,*,#3424,.T.);
#4488=ORIENTED_EDGE('',*,*,#3425,.T.);
#4489=ORIENTED_EDGE('',*,*,#2974,.T.);
#4490=ORIENTED_EDGE('',*,*,#3426,.T.);
#4491=ORIENTED_EDGE('',*,*,#3427,.T.);
#4492=ORIENTED_EDGE('',*,*,#3418,.T.);
#4493=ORIENTED_EDGE('',*,*,#2843,.T.);
#4494=ORIENTED_EDGE('',*,*,#3427,.F.);
#4495=ORIENTED_EDGE('',*,*,#2879,.T.);
#4496=ORIENTED_EDGE('',*,*,#3428,.F.);
#4497=ORIENTED_EDGE('',*,*,#2912,.T.);
#4498=ORIENTED_EDGE('',*,*,#3429,.T.);
#4499=ORIENTED_EDGE('',*,*,#3430,.T.);
#4500=ORIENTED_EDGE('',*,*,#3431,.T.);
#4501=ORIENTED_EDGE('',*,*,#3405,.T.);
#4502=ORIENTED_EDGE('',*,*,#3432,.T.);
#4503=ORIENTED_EDGE('',*,*,#2942,.T.);
#4504=ORIENTED_EDGE('',*,*,#3433,.T.);
#4505=ORIENTED_EDGE('',*,*,#2937,.T.);
#4506=ORIENTED_EDGE('',*,*,#3434,.T.);
#4507=ORIENTED_EDGE('',*,*,#3407,.T.);
#4508=ORIENTED_EDGE('',*,*,#3435,.T.);
#4509=ORIENTED_EDGE('',*,*,#3403,.T.);
#4510=ORIENTED_EDGE('',*,*,#3436,.T.);
#4511=ORIENTED_EDGE('',*,*,#3437,.F.);
#4512=ORIENTED_EDGE('',*,*,#3438,.T.);
#4513=ORIENTED_EDGE('',*,*,#2973,.T.);
#4514=ORIENTED_EDGE('',*,*,#3439,.T.);
#4515=ORIENTED_EDGE('',*,*,#3428,.T.);
#4516=ORIENTED_EDGE('',*,*,#3440,.T.);
#4517=ORIENTED_EDGE('',*,*,#2834,.T.);
#4518=ORIENTED_EDGE('',*,*,#3001,.F.);
#4519=ORIENTED_EDGE('',*,*,#3441,.T.);
#4520=ORIENTED_EDGE('',*,*,#3429,.F.);
#4521=ORIENTED_EDGE('',*,*,#2852,.T.);
#4522=ORIENTED_EDGE('',*,*,#3433,.F.);
#4523=ORIENTED_EDGE('',*,*,#2858,.T.);
#4524=ORIENTED_EDGE('',*,*,#3003,.F.);
#4525=ORIENTED_EDGE('',*,*,#2842,.T.);
#4526=ORIENTED_EDGE('',*,*,#3002,.F.);
#4527=ORIENTED_EDGE('',*,*,#2836,.T.);
#4528=ORIENTED_EDGE('',*,*,#3434,.F.);
#4529=ORIENTED_EDGE('',*,*,#2828,.T.);
#4530=ORIENTED_EDGE('',*,*,#3438,.F.);
#4531=ORIENTED_EDGE('',*,*,#3442,.F.);
#4532=ORIENTED_EDGE('',*,*,#3005,.F.);
#4533=ORIENTED_EDGE('',*,*,#2850,.T.);
#4534=ORIENTED_EDGE('',*,*,#3004,.F.);
#4535=ORIENTED_EDGE('',*,*,#2844,.T.);
#4536=ORIENTED_EDGE('',*,*,#3439,.F.);
#4537=ORIENTED_EDGE('',*,*,#2962,.T.);
#4538=ORIENTED_EDGE('',*,*,#2972,.F.);
#4539=ORIENTED_EDGE('',*,*,#3443,.T.);
#4540=ORIENTED_EDGE('',*,*,#2952,.F.);
#4541=ORIENTED_EDGE('',*,*,#2953,.T.);
#4542=ORIENTED_EDGE('',*,*,#2940,.F.);
#4543=ORIENTED_EDGE('',*,*,#3444,.T.);
#4544=ORIENTED_EDGE('',*,*,#2923,.F.);
#4545=ORIENTED_EDGE('',*,*,#2926,.T.);
#4546=ORIENTED_EDGE('',*,*,#2936,.F.);
#4547=ORIENTED_EDGE('',*,*,#3445,.T.);
#4548=ORIENTED_EDGE('',*,*,#2916,.F.);
#4549=ORIENTED_EDGE('',*,*,#2917,.T.);
#4550=ORIENTED_EDGE('',*,*,#2910,.F.);
#4551=ORIENTED_EDGE('',*,*,#3446,.T.);
#4552=ORIENTED_EDGE('',*,*,#3447,.T.);
#4553=ORIENTED_EDGE('',*,*,#2897,.F.);
#4554=ORIENTED_EDGE('',*,*,#3448,.T.);
#4555=ORIENTED_EDGE('',*,*,#3449,.T.);
#4556=ORIENTED_EDGE('',*,*,#3450,.F.);
#4557=ORIENTED_EDGE('',*,*,#2821,.T.);
#4558=ORIENTED_EDGE('',*,*,#2896,.T.);
#4559=ORIENTED_EDGE('',*,*,#3451,.T.);
#4560=ORIENTED_EDGE('',*,*,#2959,.F.);
#4561=ORIENTED_EDGE('',*,*,#3214,.F.);
#4562=ORIENTED_EDGE('',*,*,#3452,.T.);
#4563=ORIENTED_EDGE('',*,*,#3199,.F.);
#4564=ORIENTED_EDGE('',*,*,#3203,.T.);
#4565=ORIENTED_EDGE('',*,*,#3345,.F.);
#4566=ORIENTED_EDGE('',*,*,#3343,.T.);
#4567=ORIENTED_EDGE('',*,*,#3340,.F.);
#4568=ORIENTED_EDGE('',*,*,#3453,.T.);
#4569=ORIENTED_EDGE('',*,*,#3334,.F.);
#4570=ORIENTED_EDGE('',*,*,#3337,.T.);
#4571=ORIENTED_EDGE('',*,*,#3338,.F.);
#4572=ORIENTED_EDGE('',*,*,#3454,.T.);
#4573=ORIENTED_EDGE('',*,*,#3206,.F.);
#4574=ORIENTED_EDGE('',*,*,#3210,.T.);
#4575=ORIENTED_EDGE('',*,*,#3211,.F.);
#4576=ORIENTED_EDGE('',*,*,#3455,.T.);
#4577=ORIENTED_EDGE('',*,*,#3331,.F.);
#4578=ORIENTED_EDGE('',*,*,#3329,.T.);
#4579=ORIENTED_EDGE('',*,*,#3456,.T.);
#4580=ORIENTED_EDGE('',*,*,#3400,.F.);
#4581=ORIENTED_EDGE('',*,*,#3398,.T.);
#4582=ORIENTED_EDGE('',*,*,#3395,.F.);
#4583=ORIENTED_EDGE('',*,*,#3457,.T.);
#4584=ORIENTED_EDGE('',*,*,#3393,.F.);
#4585=ORIENTED_EDGE('',*,*,#3391,.T.);
#4586=ORIENTED_EDGE('',*,*,#3388,.F.);
#4587=ORIENTED_EDGE('',*,*,#3458,.T.);
#4588=ORIENTED_EDGE('',*,*,#3386,.F.);
#4589=ORIENTED_EDGE('',*,*,#3384,.T.);
#4590=ORIENTED_EDGE('',*,*,#3381,.F.);
#4591=ORIENTED_EDGE('',*,*,#3459,.T.);
#4592=ORIENTED_EDGE('',*,*,#3379,.F.);
#4593=ORIENTED_EDGE('',*,*,#3377,.T.);
#4594=ORIENTED_EDGE('',*,*,#3374,.F.);
#4595=ORIENTED_EDGE('',*,*,#3460,.T.);
#4596=ORIENTED_EDGE('',*,*,#3137,.F.);
#4597=ORIENTED_EDGE('',*,*,#3141,.T.);
#4598=ORIENTED_EDGE('',*,*,#3142,.F.);
#4599=ORIENTED_EDGE('',*,*,#3461,.T.);
#4600=ORIENTED_EDGE('',*,*,#3127,.F.);
#4601=ORIENTED_EDGE('',*,*,#3131,.T.);
#4602=ORIENTED_EDGE('',*,*,#3132,.F.);
#4603=ORIENTED_EDGE('',*,*,#3462,.T.);
#4604=ORIENTED_EDGE('',*,*,#3123,.F.);
#4605=ORIENTED_EDGE('',*,*,#3119,.T.);
#4606=ORIENTED_EDGE('',*,*,#3115,.F.);
#4607=ORIENTED_EDGE('',*,*,#3463,.T.);
#4608=ORIENTED_EDGE('',*,*,#3147,.F.);
#4609=ORIENTED_EDGE('',*,*,#3151,.T.);
#4610=ORIENTED_EDGE('',*,*,#3152,.F.);
#4611=ORIENTED_EDGE('',*,*,#3464,.T.);
#4612=ORIENTED_EDGE('',*,*,#3082,.F.);
#4613=ORIENTED_EDGE('',*,*,#3084,.T.);
#4614=ORIENTED_EDGE('',*,*,#3075,.F.);
#4615=ORIENTED_EDGE('',*,*,#3079,.T.);
#4616=ORIENTED_EDGE('',*,*,#3114,.F.);
#4617=ORIENTED_EDGE('',*,*,#3110,.T.);
#4618=ORIENTED_EDGE('',*,*,#3106,.F.);
#4619=ORIENTED_EDGE('',*,*,#3465,.T.);
#4620=ORIENTED_EDGE('',*,*,#3104,.F.);
#4621=ORIENTED_EDGE('',*,*,#3100,.T.);
#4622=ORIENTED_EDGE('',*,*,#3096,.F.);
#4623=ORIENTED_EDGE('',*,*,#3466,.T.);
#4624=ORIENTED_EDGE('',*,*,#3094,.F.);
#4625=ORIENTED_EDGE('',*,*,#3090,.T.);
#4626=ORIENTED_EDGE('',*,*,#3086,.F.);
#4627=ORIENTED_EDGE('',*,*,#3467,.T.);
#4628=ORIENTED_EDGE('',*,*,#3356,.F.);
#4629=ORIENTED_EDGE('',*,*,#3354,.T.);
#4630=ORIENTED_EDGE('',*,*,#3351,.F.);
#4631=ORIENTED_EDGE('',*,*,#3468,.T.);
#4632=ORIENTED_EDGE('',*,*,#3372,.F.);
#4633=ORIENTED_EDGE('',*,*,#3370,.T.);
#4634=ORIENTED_EDGE('',*,*,#3367,.F.);
#4635=ORIENTED_EDGE('',*,*,#3469,.T.);
#4636=ORIENTED_EDGE('',*,*,#3365,.F.);
#4637=ORIENTED_EDGE('',*,*,#3363,.T.);
#4638=ORIENTED_EDGE('',*,*,#3360,.F.);
#4639=ORIENTED_EDGE('',*,*,#3470,.T.);
#4640=ORIENTED_EDGE('',*,*,#3347,.F.);
#4641=ORIENTED_EDGE('',*,*,#3350,.T.);
#4642=ORIENTED_EDGE('',*,*,#3358,.F.);
#4643=ORIENTED_EDGE('',*,*,#3191,.T.);
#4644=ORIENTED_EDGE('',*,*,#3194,.F.);
#4645=ORIENTED_EDGE('',*,*,#3195,.T.);
#4646=ORIENTED_EDGE('',*,*,#3173,.F.);
#4647=ORIENTED_EDGE('',*,*,#3169,.T.);
#4648=ORIENTED_EDGE('',*,*,#3165,.F.);
#4649=ORIENTED_EDGE('',*,*,#3471,.T.);
#4650=ORIENTED_EDGE('',*,*,#3163,.F.);
#4651=ORIENTED_EDGE('',*,*,#3159,.T.);
#4652=ORIENTED_EDGE('',*,*,#3155,.F.);
#4653=ORIENTED_EDGE('',*,*,#3472,.T.);
#4654=ORIENTED_EDGE('',*,*,#3177,.F.);
#4655=ORIENTED_EDGE('',*,*,#3181,.T.);
#4656=ORIENTED_EDGE('',*,*,#3182,.F.);
#4657=ORIENTED_EDGE('',*,*,#3473,.T.);
#4658=ORIENTED_EDGE('',*,*,#3187,.F.);
#4659=ORIENTED_EDGE('',*,*,#3474,.T.);
#4660=ORIENTED_EDGE('',*,*,#3041,.F.);
#4661=ORIENTED_EDGE('',*,*,#3037,.T.);
#4662=ORIENTED_EDGE('',*,*,#3033,.F.);
#4663=ORIENTED_EDGE('',*,*,#3475,.T.);
#4664=ORIENTED_EDGE('',*,*,#3071,.F.);
#4665=ORIENTED_EDGE('',*,*,#3067,.T.);
#4666=ORIENTED_EDGE('',*,*,#3063,.F.);
#4667=ORIENTED_EDGE('',*,*,#3476,.T.);
#4668=ORIENTED_EDGE('',*,*,#3061,.F.);
#4669=ORIENTED_EDGE('',*,*,#3057,.T.);
#4670=ORIENTED_EDGE('',*,*,#3053,.F.);
#4671=ORIENTED_EDGE('',*,*,#3477,.T.);
#4672=ORIENTED_EDGE('',*,*,#3051,.F.);
#4673=ORIENTED_EDGE('',*,*,#3047,.T.);
#4674=ORIENTED_EDGE('',*,*,#3043,.F.);
#4675=ORIENTED_EDGE('',*,*,#3478,.T.);
#4676=ORIENTED_EDGE('',*,*,#3479,.T.);
#4677=ORIENTED_EDGE('',*,*,#3480,.T.);
#4678=ORIENTED_EDGE('',*,*,#3481,.T.);
#4679=ORIENTED_EDGE('',*,*,#3482,.T.);
#4680=ORIENTED_EDGE('',*,*,#3483,.T.);
#4681=ORIENTED_EDGE('',*,*,#3484,.T.);
#4682=ORIENTED_EDGE('',*,*,#3485,.T.);
#4683=ORIENTED_EDGE('',*,*,#3486,.T.);
#4684=ORIENTED_EDGE('',*,*,#3487,.T.);
#4685=ORIENTED_EDGE('',*,*,#3488,.T.);
#4686=ORIENTED_EDGE('',*,*,#3489,.T.);
#4687=ORIENTED_EDGE('',*,*,#3490,.T.);
#4688=ORIENTED_EDGE('',*,*,#3491,.T.);
#4689=ORIENTED_EDGE('',*,*,#3492,.T.);
#4690=ORIENTED_EDGE('',*,*,#3493,.T.);
#4691=ORIENTED_EDGE('',*,*,#3494,.T.);
#4692=ORIENTED_EDGE('',*,*,#3495,.T.);
#4693=ORIENTED_EDGE('',*,*,#3496,.T.);
#4694=ORIENTED_EDGE('',*,*,#3497,.T.);
#4695=ORIENTED_EDGE('',*,*,#3498,.T.);
#4696=ORIENTED_EDGE('',*,*,#3499,.T.);
#4697=ORIENTED_EDGE('',*,*,#3500,.T.);
#4698=ORIENTED_EDGE('',*,*,#3501,.T.);
#4699=ORIENTED_EDGE('',*,*,#3502,.T.);
#4700=ORIENTED_EDGE('',*,*,#3503,.T.);
#4701=ORIENTED_EDGE('',*,*,#3504,.T.);
#4702=ORIENTED_EDGE('',*,*,#3505,.T.);
#4703=ORIENTED_EDGE('',*,*,#3506,.T.);
#4704=ORIENTED_EDGE('',*,*,#3507,.T.);
#4705=ORIENTED_EDGE('',*,*,#3508,.T.);
#4706=ORIENTED_EDGE('',*,*,#3509,.T.);
#4707=ORIENTED_EDGE('',*,*,#3510,.T.);
#4708=ORIENTED_EDGE('',*,*,#3511,.T.);
#4709=ORIENTED_EDGE('',*,*,#3512,.T.);
#4710=ORIENTED_EDGE('',*,*,#3513,.T.);
#4711=ORIENTED_EDGE('',*,*,#3514,.T.);
#4712=ORIENTED_EDGE('',*,*,#3515,.T.);
#4713=ORIENTED_EDGE('',*,*,#3516,.T.);
#4714=ORIENTED_EDGE('',*,*,#3517,.T.);
#4715=ORIENTED_EDGE('',*,*,#3518,.T.);
#4716=ORIENTED_EDGE('',*,*,#3519,.T.);
#4717=ORIENTED_EDGE('',*,*,#3520,.T.);
#4718=ORIENTED_EDGE('',*,*,#3521,.T.);
#4719=ORIENTED_EDGE('',*,*,#2864,.T.);
#4720=ORIENTED_EDGE('',*,*,#3431,.F.);
#4721=ORIENTED_EDGE('',*,*,#3522,.T.);
#4722=ORIENTED_EDGE('',*,*,#3446,.F.);
#4723=ORIENTED_EDGE('',*,*,#2876,.T.);
#4724=ORIENTED_EDGE('',*,*,#3440,.F.);
#4725=ORIENTED_EDGE('',*,*,#2882,.T.);
#4726=ORIENTED_EDGE('',*,*,#3443,.F.);
#4727=ORIENTED_EDGE('',*,*,#2868,.T.);
#4728=ORIENTED_EDGE('',*,*,#3435,.F.);
#4729=ORIENTED_EDGE('',*,*,#2874,.T.);
#4730=ORIENTED_EDGE('',*,*,#3445,.F.);
#4731=ORIENTED_EDGE('',*,*,#2890,.T.);
#4732=ORIENTED_EDGE('',*,*,#3444,.F.);
#4733=ORIENTED_EDGE('',*,*,#2884,.T.);
#4734=ORIENTED_EDGE('',*,*,#3432,.F.);
#4735=ORIENTED_EDGE('',*,*,#2866,.T.);
#4736=ORIENTED_EDGE('',*,*,#3223,.T.);
#4737=ORIENTED_EDGE('',*,*,#3523,.T.);
#4738=ORIENTED_EDGE('',*,*,#3420,.F.);
#4739=ORIENTED_EDGE('',*,*,#2870,.T.);
#4740=ORIENTED_EDGE('',*,*,#3224,.T.);
#4741=ORIENTED_EDGE('',*,*,#2872,.T.);
#4742=ORIENTED_EDGE('',*,*,#3423,.F.);
#4743=ORIENTED_EDGE('',*,*,#2888,.T.);
#4744=ORIENTED_EDGE('',*,*,#3422,.F.);
#4745=ORIENTED_EDGE('',*,*,#2886,.T.);
#4746=ORIENTED_EDGE('',*,*,#3225,.T.);
#4747=ORIENTED_EDGE('',*,*,#2878,.T.);
#4748=ORIENTED_EDGE('',*,*,#3226,.T.);
#4749=ORIENTED_EDGE('',*,*,#2880,.T.);
#4750=ORIENTED_EDGE('',*,*,#3426,.F.);
#4751=ORIENTED_EDGE('',*,*,#3524,.F.);
#4752=ORIENTED_EDGE('',*,*,#3525,.T.);
#4753=ORIENTED_EDGE('',*,*,#3011,.F.);
#4754=ORIENTED_EDGE('',*,*,#3525,.F.);
#4755=ORIENTED_EDGE('',*,*,#3526,.F.);
#4756=ORIENTED_EDGE('',*,*,#3527,.T.);
#4757=ORIENTED_EDGE('',*,*,#3010,.F.);
#4758=ORIENTED_EDGE('',*,*,#3527,.F.);
#4759=ORIENTED_EDGE('',*,*,#3528,.F.);
#4760=ORIENTED_EDGE('',*,*,#3529,.T.);
#4761=ORIENTED_EDGE('',*,*,#3009,.F.);
#4762=ORIENTED_EDGE('',*,*,#3529,.F.);
#4763=ORIENTED_EDGE('',*,*,#3530,.F.);
#4764=ORIENTED_EDGE('',*,*,#3531,.T.);
#4765=ORIENTED_EDGE('',*,*,#3008,.F.);
#4766=ORIENTED_EDGE('',*,*,#3531,.F.);
#4767=ORIENTED_EDGE('',*,*,#3532,.F.);
#4768=ORIENTED_EDGE('',*,*,#3533,.T.);
#4769=ORIENTED_EDGE('',*,*,#3007,.F.);
#4770=ORIENTED_EDGE('',*,*,#3533,.F.);
#4771=ORIENTED_EDGE('',*,*,#3032,.F.);
#4772=ORIENTED_EDGE('',*,*,#3534,.F.);
#4773=ORIENTED_EDGE('',*,*,#3535,.T.);
#4774=ORIENTED_EDGE('',*,*,#3000,.F.);
#4775=ORIENTED_EDGE('',*,*,#3536,.F.);
#4776=ORIENTED_EDGE('',*,*,#3442,.T.);
#4777=ORIENTED_EDGE('',*,*,#3537,.F.);
#4778=ORIENTED_EDGE('',*,*,#3416,.F.);
#4779=ORIENTED_EDGE('',*,*,#3535,.F.);
#4780=ORIENTED_EDGE('',*,*,#3409,.F.);
#4781=ORIENTED_EDGE('',*,*,#3538,.F.);
#4782=ORIENTED_EDGE('',*,*,#3441,.F.);
#4783=ORIENTED_EDGE('',*,*,#2997,.F.);
#4784=ORIENTED_EDGE('',*,*,#3006,.T.);
#4785=ORIENTED_EDGE('',*,*,#3536,.T.);
#4786=ORIENTED_EDGE('',*,*,#3539,.F.);
#4787=ORIENTED_EDGE('',*,*,#2994,.F.);
#4788=ORIENTED_EDGE('',*,*,#3539,.T.);
#4789=ORIENTED_EDGE('',*,*,#3415,.T.);
#4790=ORIENTED_EDGE('',*,*,#2965,.F.);
#4791=ORIENTED_EDGE('',*,*,#2968,.T.);
#4792=ORIENTED_EDGE('',*,*,#2969,.F.);
#4793=ORIENTED_EDGE('',*,*,#3419,.T.);
#4794=ORIENTED_EDGE('',*,*,#2956,.F.);
#4795=ORIENTED_EDGE('',*,*,#2947,.T.);
#4796=ORIENTED_EDGE('',*,*,#2944,.F.);
#4797=ORIENTED_EDGE('',*,*,#3411,.T.);
#4798=ORIENTED_EDGE('',*,*,#2929,.F.);
#4799=ORIENTED_EDGE('',*,*,#2932,.T.);
#4800=ORIENTED_EDGE('',*,*,#2933,.F.);
#4801=ORIENTED_EDGE('',*,*,#3414,.T.);
#4802=ORIENTED_EDGE('',*,*,#2920,.F.);
#4803=ORIENTED_EDGE('',*,*,#2906,.T.);
#4804=ORIENTED_EDGE('',*,*,#2903,.F.);
#4805=ORIENTED_EDGE('',*,*,#3410,.T.);
#4806=ORIENTED_EDGE('',*,*,#3534,.T.);
#4807=ORIENTED_EDGE('',*,*,#3031,.F.);
#4808=ORIENTED_EDGE('',*,*,#3012,.T.);
#4809=ORIENTED_EDGE('',*,*,#3524,.T.);
#4810=ORIENTED_EDGE('',*,*,#3526,.T.);
#4811=ORIENTED_EDGE('',*,*,#3528,.T.);
#4812=ORIENTED_EDGE('',*,*,#3530,.T.);
#4813=ORIENTED_EDGE('',*,*,#3532,.T.);
#4814=ORIENTED_EDGE('',*,*,#2860,.T.);
#4815=ORIENTED_EDGE('',*,*,#3425,.F.);
#4816=ORIENTED_EDGE('',*,*,#3540,.T.);
#4817=ORIENTED_EDGE('',*,*,#3218,.T.);
#4818=ORIENTED_EDGE('',*,*,#3538,.T.);
#4819=ORIENTED_EDGE('',*,*,#3421,.F.);
#4820=ORIENTED_EDGE('',*,*,#3541,.T.);
#4821=ORIENTED_EDGE('',*,*,#3430,.F.);
#4822=ORIENTED_EDGE('',*,*,#3542,.F.);
#4823=ORIENTED_EDGE('',*,*,#3543,.T.);
#4824=ORIENTED_EDGE('',*,*,#2895,.T.);
#4825=ORIENTED_EDGE('',*,*,#3540,.F.);
#4826=ORIENTED_EDGE('',*,*,#3541,.F.);
#4827=ORIENTED_EDGE('',*,*,#3523,.F.);
#4828=ORIENTED_EDGE('',*,*,#3544,.T.);
#4829=ORIENTED_EDGE('',*,*,#3522,.F.);
#4830=ORIENTED_EDGE('',*,*,#3537,.T.);
#4831=ORIENTED_EDGE('',*,*,#3437,.T.);
#4832=ORIENTED_EDGE('',*,*,#3542,.T.);
#4833=ORIENTED_EDGE('',*,*,#3424,.F.);
#4834=ORIENTED_EDGE('',*,*,#2862,.T.);
#4835=ORIENTED_EDGE('',*,*,#3451,.F.);
#4836=ORIENTED_EDGE('',*,*,#3543,.F.);
#4837=ORIENTED_EDGE('',*,*,#3436,.F.);
#4838=ORIENTED_EDGE('',*,*,#3545,.F.);
#4839=ORIENTED_EDGE('',*,*,#3546,.T.);
#4840=ORIENTED_EDGE('',*,*,#3025,.F.);
#4841=ORIENTED_EDGE('',*,*,#3546,.F.);
#4842=ORIENTED_EDGE('',*,*,#3547,.F.);
#4843=ORIENTED_EDGE('',*,*,#3548,.T.);
#4844=ORIENTED_EDGE('',*,*,#3026,.F.);
#4845=ORIENTED_EDGE('',*,*,#3548,.F.);
#4846=ORIENTED_EDGE('',*,*,#3549,.F.);
#4847=ORIENTED_EDGE('',*,*,#3550,.T.);
#4848=ORIENTED_EDGE('',*,*,#3027,.F.);
#4849=ORIENTED_EDGE('',*,*,#3550,.F.);
#4850=ORIENTED_EDGE('',*,*,#3551,.F.);
#4851=ORIENTED_EDGE('',*,*,#3552,.T.);
#4852=ORIENTED_EDGE('',*,*,#2986,.F.);
#4853=ORIENTED_EDGE('',*,*,#3552,.F.);
#4854=ORIENTED_EDGE('',*,*,#3553,.F.);
#4855=ORIENTED_EDGE('',*,*,#3554,.T.);
#4856=ORIENTED_EDGE('',*,*,#2987,.F.);
#4857=ORIENTED_EDGE('',*,*,#3554,.F.);
#4858=ORIENTED_EDGE('',*,*,#3555,.F.);
#4859=ORIENTED_EDGE('',*,*,#3556,.T.);
#4860=ORIENTED_EDGE('',*,*,#2988,.F.);
#4861=ORIENTED_EDGE('',*,*,#3556,.F.);
#4862=ORIENTED_EDGE('',*,*,#3557,.F.);
#4863=ORIENTED_EDGE('',*,*,#2900,.T.);
#4864=ORIENTED_EDGE('',*,*,#2823,.F.);
#4865=ORIENTED_EDGE('',*,*,#3221,.F.);
#4866=ORIENTED_EDGE('',*,*,#3558,.T.);
#4867=ORIENTED_EDGE('',*,*,#3015,.F.);
#4868=ORIENTED_EDGE('',*,*,#3559,.F.);
#4869=ORIENTED_EDGE('',*,*,#3560,.T.);
#4870=ORIENTED_EDGE('',*,*,#3021,.F.);
#4871=ORIENTED_EDGE('',*,*,#3560,.F.);
#4872=ORIENTED_EDGE('',*,*,#3558,.F.);
#4873=ORIENTED_EDGE('',*,*,#3561,.F.);
#4874=ORIENTED_EDGE('',*,*,#3562,.F.);
#4875=ORIENTED_EDGE('',*,*,#3022,.F.);
#4876=ORIENTED_EDGE('',*,*,#3562,.T.);
#4877=ORIENTED_EDGE('',*,*,#3448,.F.);
#4878=ORIENTED_EDGE('',*,*,#2825,.F.);
#4879=ORIENTED_EDGE('',*,*,#2902,.F.);
#4880=ORIENTED_EDGE('',*,*,#3014,.F.);
#4881=ORIENTED_EDGE('',*,*,#3020,.T.);
#4882=ORIENTED_EDGE('',*,*,#3028,.F.);
#4883=ORIENTED_EDGE('',*,*,#3030,.T.);
#4884=ORIENTED_EDGE('',*,*,#3557,.T.);
#4885=ORIENTED_EDGE('',*,*,#3559,.T.);
#4886=ORIENTED_EDGE('',*,*,#3545,.T.);
#4887=ORIENTED_EDGE('',*,*,#3547,.T.);
#4888=ORIENTED_EDGE('',*,*,#3549,.T.);
#4889=ORIENTED_EDGE('',*,*,#3563,.F.);
#4890=ORIENTED_EDGE('',*,*,#3564,.T.);
#4891=ORIENTED_EDGE('',*,*,#3219,.F.);
#4892=ORIENTED_EDGE('',*,*,#2893,.T.);
#4893=ORIENTED_EDGE('',*,*,#3565,.T.);
#4894=ORIENTED_EDGE('',*,*,#2980,.F.);
#4895=ORIENTED_EDGE('',*,*,#3566,.T.);
#4896=ORIENTED_EDGE('',*,*,#3567,.F.);
#4897=ORIENTED_EDGE('',*,*,#3564,.F.);
#4898=ORIENTED_EDGE('',*,*,#2892,.F.);
#4899=ORIENTED_EDGE('',*,*,#3568,.F.);
#4900=ORIENTED_EDGE('',*,*,#2993,.F.);
#4901=ORIENTED_EDGE('',*,*,#3565,.F.);
#4902=ORIENTED_EDGE('',*,*,#2976,.F.);
#4903=ORIENTED_EDGE('',*,*,#3569,.F.);
#4904=ORIENTED_EDGE('',*,*,#2991,.F.);
#4905=ORIENTED_EDGE('',*,*,#2982,.F.);
#4906=ORIENTED_EDGE('',*,*,#2985,.F.);
#4907=ORIENTED_EDGE('',*,*,#3568,.T.);
#4908=ORIENTED_EDGE('',*,*,#2891,.T.);
#4909=ORIENTED_EDGE('',*,*,#3450,.T.);
#4910=ORIENTED_EDGE('',*,*,#3566,.F.);
#4911=ORIENTED_EDGE('',*,*,#2975,.F.);
#4912=ORIENTED_EDGE('',*,*,#2981,.T.);
#4913=ORIENTED_EDGE('',*,*,#3563,.T.);
#4914=ORIENTED_EDGE('',*,*,#2992,.T.);
#4915=ORIENTED_EDGE('',*,*,#2989,.F.);
#4916=ORIENTED_EDGE('',*,*,#3569,.T.);
#4917=ORIENTED_EDGE('',*,*,#3551,.T.);
#4918=ORIENTED_EDGE('',*,*,#3553,.T.);
#4919=ORIENTED_EDGE('',*,*,#3555,.T.);
#4920=ORIENTED_EDGE('',*,*,#2898,.F.);
#4921=ORIENTED_EDGE('',*,*,#3447,.F.);
#4922=ORIENTED_EDGE('',*,*,#3544,.F.);
#4923=ORIENTED_EDGE('',*,*,#3222,.F.);
#4924=ORIENTED_EDGE('',*,*,#3561,.T.);
#4925=ORIENTED_EDGE('',*,*,#3220,.T.);
#4926=ORIENTED_EDGE('',*,*,#3567,.T.);
#4927=ORIENTED_EDGE('',*,*,#3449,.F.);
#4928=ORIENTED_EDGE('',*,*,#3328,.F.);
#4929=ORIENTED_EDGE('',*,*,#3570,.T.);
#4930=ORIENTED_EDGE('',*,*,#3521,.F.);
#4931=ORIENTED_EDGE('',*,*,#3570,.F.);
#4932=ORIENTED_EDGE('',*,*,#3327,.F.);
#4933=ORIENTED_EDGE('',*,*,#3571,.T.);
#4934=ORIENTED_EDGE('',*,*,#3520,.F.);
#4935=ORIENTED_EDGE('',*,*,#3571,.F.);
#4936=ORIENTED_EDGE('',*,*,#3326,.F.);
#4937=ORIENTED_EDGE('',*,*,#3572,.T.);
#4938=ORIENTED_EDGE('',*,*,#3519,.F.);
#4939=ORIENTED_EDGE('',*,*,#3572,.F.);
#4940=ORIENTED_EDGE('',*,*,#3325,.F.);
#4941=ORIENTED_EDGE('',*,*,#3573,.T.);
#4942=ORIENTED_EDGE('',*,*,#3518,.F.);
#4943=ORIENTED_EDGE('',*,*,#3573,.F.);
#4944=ORIENTED_EDGE('',*,*,#3324,.F.);
#4945=ORIENTED_EDGE('',*,*,#3574,.T.);
#4946=ORIENTED_EDGE('',*,*,#3517,.F.);
#4947=ORIENTED_EDGE('',*,*,#3574,.F.);
#4948=ORIENTED_EDGE('',*,*,#3323,.F.);
#4949=ORIENTED_EDGE('',*,*,#3575,.T.);
#4950=ORIENTED_EDGE('',*,*,#3516,.F.);
#4951=ORIENTED_EDGE('',*,*,#3575,.F.);
#4952=ORIENTED_EDGE('',*,*,#3322,.F.);
#4953=ORIENTED_EDGE('',*,*,#3576,.T.);
#4954=ORIENTED_EDGE('',*,*,#3515,.F.);
#4955=ORIENTED_EDGE('',*,*,#3576,.F.);
#4956=ORIENTED_EDGE('',*,*,#3321,.F.);
#4957=ORIENTED_EDGE('',*,*,#3577,.T.);
#4958=ORIENTED_EDGE('',*,*,#3514,.F.);
#4959=ORIENTED_EDGE('',*,*,#3577,.F.);
#4960=ORIENTED_EDGE('',*,*,#3320,.F.);
#4961=ORIENTED_EDGE('',*,*,#3578,.T.);
#4962=ORIENTED_EDGE('',*,*,#3513,.F.);
#4963=ORIENTED_EDGE('',*,*,#3578,.F.);
#4964=ORIENTED_EDGE('',*,*,#3319,.F.);
#4965=ORIENTED_EDGE('',*,*,#3579,.T.);
#4966=ORIENTED_EDGE('',*,*,#3512,.F.);
#4967=ORIENTED_EDGE('',*,*,#3579,.F.);
#4968=ORIENTED_EDGE('',*,*,#3318,.F.);
#4969=ORIENTED_EDGE('',*,*,#3580,.T.);
#4970=ORIENTED_EDGE('',*,*,#3511,.F.);
#4971=ORIENTED_EDGE('',*,*,#3580,.F.);
#4972=ORIENTED_EDGE('',*,*,#3317,.F.);
#4973=ORIENTED_EDGE('',*,*,#3581,.T.);
#4974=ORIENTED_EDGE('',*,*,#3510,.F.);
#4975=ORIENTED_EDGE('',*,*,#3581,.F.);
#4976=ORIENTED_EDGE('',*,*,#3316,.F.);
#4977=ORIENTED_EDGE('',*,*,#3582,.T.);
#4978=ORIENTED_EDGE('',*,*,#3509,.F.);
#4979=ORIENTED_EDGE('',*,*,#3582,.F.);
#4980=ORIENTED_EDGE('',*,*,#3315,.F.);
#4981=ORIENTED_EDGE('',*,*,#3583,.T.);
#4982=ORIENTED_EDGE('',*,*,#3508,.F.);
#4983=ORIENTED_EDGE('',*,*,#3583,.F.);
#4984=ORIENTED_EDGE('',*,*,#3314,.F.);
#4985=ORIENTED_EDGE('',*,*,#3584,.T.);
#4986=ORIENTED_EDGE('',*,*,#3507,.F.);
#4987=ORIENTED_EDGE('',*,*,#3584,.F.);
#4988=ORIENTED_EDGE('',*,*,#3313,.F.);
#4989=ORIENTED_EDGE('',*,*,#3585,.T.);
#4990=ORIENTED_EDGE('',*,*,#3506,.F.);
#4991=ORIENTED_EDGE('',*,*,#3585,.F.);
#4992=ORIENTED_EDGE('',*,*,#3312,.F.);
#4993=ORIENTED_EDGE('',*,*,#3586,.T.);
#4994=ORIENTED_EDGE('',*,*,#3505,.F.);
#4995=ORIENTED_EDGE('',*,*,#3586,.F.);
#4996=ORIENTED_EDGE('',*,*,#3311,.F.);
#4997=ORIENTED_EDGE('',*,*,#3587,.T.);
#4998=ORIENTED_EDGE('',*,*,#3504,.F.);
#4999=ORIENTED_EDGE('',*,*,#3587,.F.);
#5000=ORIENTED_EDGE('',*,*,#3310,.F.);
#5001=ORIENTED_EDGE('',*,*,#3588,.T.);
#5002=ORIENTED_EDGE('',*,*,#3503,.F.);
#5003=ORIENTED_EDGE('',*,*,#3588,.F.);
#5004=ORIENTED_EDGE('',*,*,#3309,.F.);
#5005=ORIENTED_EDGE('',*,*,#3589,.T.);
#5006=ORIENTED_EDGE('',*,*,#3502,.F.);
#5007=ORIENTED_EDGE('',*,*,#3589,.F.);
#5008=ORIENTED_EDGE('',*,*,#3308,.F.);
#5009=ORIENTED_EDGE('',*,*,#3590,.T.);
#5010=ORIENTED_EDGE('',*,*,#3501,.F.);
#5011=ORIENTED_EDGE('',*,*,#3590,.F.);
#5012=ORIENTED_EDGE('',*,*,#3307,.F.);
#5013=ORIENTED_EDGE('',*,*,#3591,.T.);
#5014=ORIENTED_EDGE('',*,*,#3500,.F.);
#5015=ORIENTED_EDGE('',*,*,#3591,.F.);
#5016=ORIENTED_EDGE('',*,*,#3306,.F.);
#5017=ORIENTED_EDGE('',*,*,#3592,.T.);
#5018=ORIENTED_EDGE('',*,*,#3499,.F.);
#5019=ORIENTED_EDGE('',*,*,#3592,.F.);
#5020=ORIENTED_EDGE('',*,*,#3305,.F.);
#5021=ORIENTED_EDGE('',*,*,#3593,.T.);
#5022=ORIENTED_EDGE('',*,*,#3498,.F.);
#5023=ORIENTED_EDGE('',*,*,#3593,.F.);
#5024=ORIENTED_EDGE('',*,*,#3304,.F.);
#5025=ORIENTED_EDGE('',*,*,#3594,.T.);
#5026=ORIENTED_EDGE('',*,*,#3497,.F.);
#5027=ORIENTED_EDGE('',*,*,#3594,.F.);
#5028=ORIENTED_EDGE('',*,*,#3303,.F.);
#5029=ORIENTED_EDGE('',*,*,#3595,.T.);
#5030=ORIENTED_EDGE('',*,*,#3496,.F.);
#5031=ORIENTED_EDGE('',*,*,#3595,.F.);
#5032=ORIENTED_EDGE('',*,*,#3302,.F.);
#5033=ORIENTED_EDGE('',*,*,#3596,.T.);
#5034=ORIENTED_EDGE('',*,*,#3495,.F.);
#5035=ORIENTED_EDGE('',*,*,#3596,.F.);
#5036=ORIENTED_EDGE('',*,*,#3301,.F.);
#5037=ORIENTED_EDGE('',*,*,#3597,.T.);
#5038=ORIENTED_EDGE('',*,*,#3494,.F.);
#5039=ORIENTED_EDGE('',*,*,#3597,.F.);
#5040=ORIENTED_EDGE('',*,*,#3300,.F.);
#5041=ORIENTED_EDGE('',*,*,#3598,.T.);
#5042=ORIENTED_EDGE('',*,*,#3493,.F.);
#5043=ORIENTED_EDGE('',*,*,#3598,.F.);
#5044=ORIENTED_EDGE('',*,*,#3299,.F.);
#5045=ORIENTED_EDGE('',*,*,#3599,.T.);
#5046=ORIENTED_EDGE('',*,*,#3492,.F.);
#5047=ORIENTED_EDGE('',*,*,#3599,.F.);
#5048=ORIENTED_EDGE('',*,*,#3298,.F.);
#5049=ORIENTED_EDGE('',*,*,#3600,.T.);
#5050=ORIENTED_EDGE('',*,*,#3491,.F.);
#5051=ORIENTED_EDGE('',*,*,#3600,.F.);
#5052=ORIENTED_EDGE('',*,*,#3297,.F.);
#5053=ORIENTED_EDGE('',*,*,#3601,.T.);
#5054=ORIENTED_EDGE('',*,*,#3490,.F.);
#5055=ORIENTED_EDGE('',*,*,#3601,.F.);
#5056=ORIENTED_EDGE('',*,*,#3296,.F.);
#5057=ORIENTED_EDGE('',*,*,#3602,.T.);
#5058=ORIENTED_EDGE('',*,*,#3489,.F.);
#5059=ORIENTED_EDGE('',*,*,#3602,.F.);
#5060=ORIENTED_EDGE('',*,*,#3295,.F.);
#5061=ORIENTED_EDGE('',*,*,#3603,.T.);
#5062=ORIENTED_EDGE('',*,*,#3488,.F.);
#5063=ORIENTED_EDGE('',*,*,#3603,.F.);
#5064=ORIENTED_EDGE('',*,*,#3294,.F.);
#5065=ORIENTED_EDGE('',*,*,#3604,.T.);
#5066=ORIENTED_EDGE('',*,*,#3487,.F.);
#5067=ORIENTED_EDGE('',*,*,#3604,.F.);
#5068=ORIENTED_EDGE('',*,*,#3293,.F.);
#5069=ORIENTED_EDGE('',*,*,#3605,.T.);
#5070=ORIENTED_EDGE('',*,*,#3486,.F.);
#5071=ORIENTED_EDGE('',*,*,#3605,.F.);
#5072=ORIENTED_EDGE('',*,*,#3292,.F.);
#5073=ORIENTED_EDGE('',*,*,#3606,.T.);
#5074=ORIENTED_EDGE('',*,*,#3485,.F.);
#5075=ORIENTED_EDGE('',*,*,#3606,.F.);
#5076=ORIENTED_EDGE('',*,*,#3291,.F.);
#5077=ORIENTED_EDGE('',*,*,#3607,.T.);
#5078=ORIENTED_EDGE('',*,*,#3484,.F.);
#5079=ORIENTED_EDGE('',*,*,#3607,.F.);
#5080=ORIENTED_EDGE('',*,*,#3290,.F.);
#5081=ORIENTED_EDGE('',*,*,#3608,.T.);
#5082=ORIENTED_EDGE('',*,*,#3483,.F.);
#5083=ORIENTED_EDGE('',*,*,#3608,.F.);
#5084=ORIENTED_EDGE('',*,*,#3289,.F.);
#5085=ORIENTED_EDGE('',*,*,#3609,.T.);
#5086=ORIENTED_EDGE('',*,*,#3482,.F.);
#5087=ORIENTED_EDGE('',*,*,#3609,.F.);
#5088=ORIENTED_EDGE('',*,*,#3288,.F.);
#5089=ORIENTED_EDGE('',*,*,#3610,.T.);
#5090=ORIENTED_EDGE('',*,*,#3481,.F.);
#5091=ORIENTED_EDGE('',*,*,#3610,.F.);
#5092=ORIENTED_EDGE('',*,*,#3287,.F.);
#5093=ORIENTED_EDGE('',*,*,#3611,.T.);
#5094=ORIENTED_EDGE('',*,*,#3480,.F.);
#5095=ORIENTED_EDGE('',*,*,#3611,.F.);
#5096=ORIENTED_EDGE('',*,*,#3286,.F.);
#5097=ORIENTED_EDGE('',*,*,#3612,.T.);
#5098=ORIENTED_EDGE('',*,*,#3479,.F.);
#5099=ORIENTED_EDGE('',*,*,#3612,.F.);
#5100=ORIENTED_EDGE('',*,*,#3285,.F.);
#5101=ORIENTED_EDGE('',*,*,#3613,.T.);
#5102=ORIENTED_EDGE('',*,*,#3478,.F.);
#5103=ORIENTED_EDGE('',*,*,#3613,.F.);
#5104=ORIENTED_EDGE('',*,*,#3042,.F.);
#5105=ORIENTED_EDGE('',*,*,#3474,.F.);
#5106=ORIENTED_EDGE('',*,*,#3046,.F.);
#5107=ORIENTED_EDGE('',*,*,#3269,.F.);
#5108=ORIENTED_EDGE('',*,*,#3052,.F.);
#5109=ORIENTED_EDGE('',*,*,#3477,.F.);
#5110=ORIENTED_EDGE('',*,*,#3056,.F.);
#5111=ORIENTED_EDGE('',*,*,#3270,.F.);
#5112=ORIENTED_EDGE('',*,*,#3062,.F.);
#5113=ORIENTED_EDGE('',*,*,#3476,.F.);
#5114=ORIENTED_EDGE('',*,*,#3066,.F.);
#5115=ORIENTED_EDGE('',*,*,#3271,.F.);
#5116=ORIENTED_EDGE('',*,*,#3083,.F.);
#5117=ORIENTED_EDGE('',*,*,#3464,.F.);
#5118=ORIENTED_EDGE('',*,*,#3089,.F.);
#5119=ORIENTED_EDGE('',*,*,#3247,.F.);
#5120=ORIENTED_EDGE('',*,*,#3095,.F.);
#5121=ORIENTED_EDGE('',*,*,#3466,.F.);
#5122=ORIENTED_EDGE('',*,*,#3099,.F.);
#5123=ORIENTED_EDGE('',*,*,#3248,.F.);
#5124=ORIENTED_EDGE('',*,*,#3105,.F.);
#5125=ORIENTED_EDGE('',*,*,#3465,.F.);
#5126=ORIENTED_EDGE('',*,*,#3109,.F.);
#5127=ORIENTED_EDGE('',*,*,#3249,.F.);
#5128=ORIENTED_EDGE('',*,*,#3128,.F.);
#5129=ORIENTED_EDGE('',*,*,#3461,.F.);
#5130=ORIENTED_EDGE('',*,*,#3144,.F.);
#5131=ORIENTED_EDGE('',*,*,#3246,.F.);
#5132=ORIENTED_EDGE('',*,*,#3118,.F.);
#5133=ORIENTED_EDGE('',*,*,#3244,.F.);
#5134=ORIENTED_EDGE('',*,*,#3148,.F.);
#5135=ORIENTED_EDGE('',*,*,#3463,.F.);
#5136=ORIENTED_EDGE('',*,*,#3138,.F.);
#5137=ORIENTED_EDGE('',*,*,#3460,.F.);
#5138=ORIENTED_EDGE('',*,*,#3154,.F.);
#5139=ORIENTED_EDGE('',*,*,#3243,.F.);
#5140=ORIENTED_EDGE('',*,*,#3394,.F.);
#5141=ORIENTED_EDGE('',*,*,#3457,.F.);
#5142=ORIENTED_EDGE('',*,*,#3397,.F.);
#5143=ORIENTED_EDGE('',*,*,#3239,.F.);
#5144=ORIENTED_EDGE('',*,*,#3376,.F.);
#5145=ORIENTED_EDGE('',*,*,#3227,.F.);
#5146=ORIENTED_EDGE('',*,*,#3401,.F.);
#5147=ORIENTED_EDGE('',*,*,#3456,.F.);
#5148=ORIENTED_EDGE('',*,*,#3353,.F.);
#5149=ORIENTED_EDGE('',*,*,#3262,.F.);
#5150=ORIENTED_EDGE('',*,*,#3373,.F.);
#5151=ORIENTED_EDGE('',*,*,#3468,.F.);
#5152=ORIENTED_EDGE('',*,*,#3380,.F.);
#5153=ORIENTED_EDGE('',*,*,#3459,.F.);
#5154=ORIENTED_EDGE('',*,*,#3383,.F.);
#5155=ORIENTED_EDGE('',*,*,#3231,.F.);
#5156=ORIENTED_EDGE('',*,*,#3348,.F.);
#5157=ORIENTED_EDGE('',*,*,#3470,.F.);
#5158=ORIENTED_EDGE('',*,*,#3362,.F.);
#5159=ORIENTED_EDGE('',*,*,#3254,.F.);
#5160=ORIENTED_EDGE('',*,*,#3184,.F.);
#5161=ORIENTED_EDGE('',*,*,#3266,.F.);
#5162=ORIENTED_EDGE('',*,*,#3188,.F.);
#5163=ORIENTED_EDGE('',*,*,#3473,.F.);
#5164=ORIENTED_EDGE('',*,*,#3158,.F.);
#5165=ORIENTED_EDGE('',*,*,#3267,.F.);
#5166=ORIENTED_EDGE('',*,*,#3178,.F.);
#5167=ORIENTED_EDGE('',*,*,#3472,.F.);
#5168=ORIENTED_EDGE('',*,*,#3164,.F.);
#5169=ORIENTED_EDGE('',*,*,#3471,.F.);
#5170=ORIENTED_EDGE('',*,*,#3168,.F.);
#5171=ORIENTED_EDGE('',*,*,#3268,.F.);
#5172=ORIENTED_EDGE('',*,*,#3207,.F.);
#5173=ORIENTED_EDGE('',*,*,#3454,.F.);
#5174=ORIENTED_EDGE('',*,*,#3339,.F.);
#5175=ORIENTED_EDGE('',*,*,#3276,.F.);
#5176=ORIENTED_EDGE('',*,*,#3335,.F.);
#5177=ORIENTED_EDGE('',*,*,#3453,.F.);
#5178=ORIENTED_EDGE('',*,*,#3342,.F.);
#5179=ORIENTED_EDGE('',*,*,#3280,.F.);
#5180=ORIENTED_EDGE('',*,*,#3357,.F.);
#5181=ORIENTED_EDGE('',*,*,#3467,.F.);
#5182=ORIENTED_EDGE('',*,*,#3359,.F.);
#5183=ORIENTED_EDGE('',*,*,#3250,.F.);
#5184=ORIENTED_EDGE('',*,*,#3387,.F.);
#5185=ORIENTED_EDGE('',*,*,#3458,.F.);
#5186=ORIENTED_EDGE('',*,*,#3390,.F.);
#5187=ORIENTED_EDGE('',*,*,#3235,.F.);
#5188=ORIENTED_EDGE('',*,*,#3124,.F.);
#5189=ORIENTED_EDGE('',*,*,#3462,.F.);
#5190=ORIENTED_EDGE('',*,*,#3134,.F.);
#5191=ORIENTED_EDGE('',*,*,#3245,.F.);
#5192=ORIENTED_EDGE('',*,*,#3366,.F.);
#5193=ORIENTED_EDGE('',*,*,#3469,.F.);
#5194=ORIENTED_EDGE('',*,*,#3369,.F.);
#5195=ORIENTED_EDGE('',*,*,#3258,.F.);
#5196=ORIENTED_EDGE('',*,*,#3036,.F.);
#5197=ORIENTED_EDGE('',*,*,#3272,.F.);
#5198=ORIENTED_EDGE('',*,*,#3072,.F.);
#5199=ORIENTED_EDGE('',*,*,#3475,.F.);
#5200=ORIENTED_EDGE('',*,*,#3200,.F.);
#5201=ORIENTED_EDGE('',*,*,#3452,.F.);
#5202=ORIENTED_EDGE('',*,*,#3217,.F.);
#5203=ORIENTED_EDGE('',*,*,#3284,.F.);
#5204=ORIENTED_EDGE('',*,*,#3213,.F.);
#5205=ORIENTED_EDGE('',*,*,#3275,.F.);
#5206=ORIENTED_EDGE('',*,*,#3332,.F.);
#5207=ORIENTED_EDGE('',*,*,#3455,.F.);
#5208=CYLINDRICAL_SURFACE('',#5649,2.00000000000003);
#5209=CYLINDRICAL_SURFACE('',#5669,1.99999999999999);
#5210=CYLINDRICAL_SURFACE('',#5673,2.);
#5211=CYLINDRICAL_SURFACE('',#5677,2.);
#5212=CYLINDRICAL_SURFACE('',#5681,2.);
#5213=CYLINDRICAL_SURFACE('',#5685,2.);
#5214=CYLINDRICAL_SURFACE('',#5688,2.);
#5215=CYLINDRICAL_SURFACE('',#5692,2.);
#5216=CYLINDRICAL_SURFACE('',#5696,2.);
#5217=CYLINDRICAL_SURFACE('',#5699,2.);
#5218=CYLINDRICAL_SURFACE('',#5703,2.);
#5219=CYLINDRICAL_SURFACE('',#5707,2.);
#5220=CYLINDRICAL_SURFACE('',#5711,2.);
#5221=CYLINDRICAL_SURFACE('',#5715,2.);
#5222=CYLINDRICAL_SURFACE('',#5718,2.);
#5223=CYLINDRICAL_SURFACE('',#5722,2.);
#5224=CYLINDRICAL_SURFACE('',#5726,2.);
#5225=CYLINDRICAL_SURFACE('',#5729,2.);
#5226=CYLINDRICAL_SURFACE('',#5733,3.);
#5227=CYLINDRICAL_SURFACE('',#5742,3.);
#5228=CYLINDRICAL_SURFACE('',#5745,3.);
#5229=CYLINDRICAL_SURFACE('',#5756,3.);
#5230=CYLINDRICAL_SURFACE('',#5765,3.);
#5231=CYLINDRICAL_SURFACE('',#5768,3.);
#5232=CYLINDRICAL_SURFACE('',#5770,3.);
#5233=CYLINDRICAL_SURFACE('',#5774,3.);
#5234=CYLINDRICAL_SURFACE('',#5777,3.);
#5235=CYLINDRICAL_SURFACE('',#5781,3.);
#5236=CYLINDRICAL_SURFACE('',#5784,3.);
#5237=CYLINDRICAL_SURFACE('',#5788,3.);
#5238=CYLINDRICAL_SURFACE('',#5791,3.);
#5239=CYLINDRICAL_SURFACE('',#5795,3.);
#5240=CYLINDRICAL_SURFACE('',#5798,3.);
#5241=CYLINDRICAL_SURFACE('',#5802,3.);
#5242=CYLINDRICAL_SURFACE('',#5806,3.);
#5243=CYLINDRICAL_SURFACE('',#5810,3.);
#5244=CYLINDRICAL_SURFACE('',#5813,3.);
#5245=CYLINDRICAL_SURFACE('',#5817,3.);
#5246=CYLINDRICAL_SURFACE('',#5820,3.);
#5247=CYLINDRICAL_SURFACE('',#5824,3.);
#5248=CYLINDRICAL_SURFACE('',#5827,3.);
#5249=CYLINDRICAL_SURFACE('',#5831,3.);
#5250=CYLINDRICAL_SURFACE('',#5834,3.);
#5251=CYLINDRICAL_SURFACE('',#5838,3.);
#5252=CYLINDRICAL_SURFACE('',#5841,3.);
#5253=CYLINDRICAL_SURFACE('',#5845,3.);
#5254=CYLINDRICAL_SURFACE('',#5848,3.);
#5255=CYLINDRICAL_SURFACE('',#5852,3.);
#5256=CYLINDRICAL_SURFACE('',#5855,3.);
#5257=CYLINDRICAL_SURFACE('',#5859,3.);
#5258=CYLINDRICAL_SURFACE('',#5862,3.);
#5259=CYLINDRICAL_SURFACE('',#5866,3.);
#5260=CYLINDRICAL_SURFACE('',#5869,3.);
#5261=CYLINDRICAL_SURFACE('',#5873,3.);
#5262=CYLINDRICAL_SURFACE('',#5876,3.);
#5263=CYLINDRICAL_SURFACE('',#5880,3.);
#5264=CYLINDRICAL_SURFACE('',#5884,3.);
#5265=CYLINDRICAL_SURFACE('',#5888,3.);
#5266=CYLINDRICAL_SURFACE('',#5892,3.);
#5267=CYLINDRICAL_SURFACE('',#5895,3.);
#5268=CYLINDRICAL_SURFACE('',#5965,3.);
#5269=CYLINDRICAL_SURFACE('',#5967,3.);
#5270=CYLINDRICAL_SURFACE('',#5970,3.);
#5271=CYLINDRICAL_SURFACE('',#5972,3.);
#5272=CYLINDRICAL_SURFACE('',#5975,3.);
#5273=CYLINDRICAL_SURFACE('',#5977,3.);
#5274=CYLINDRICAL_SURFACE('',#5980,3.);
#5275=CYLINDRICAL_SURFACE('',#5983,3.);
#5276=CYLINDRICAL_SURFACE('',#5985,3.);
#5277=CYLINDRICAL_SURFACE('',#5987,3.);
#5278=CYLINDRICAL_SURFACE('',#5990,3.);
#5279=CYLINDRICAL_SURFACE('',#5992,3.);
#5280=CYLINDRICAL_SURFACE('',#5995,3.);
#5281=CYLINDRICAL_SURFACE('',#5997,3.);
#5282=CYLINDRICAL_SURFACE('',#6000,3.);
#5283=CYLINDRICAL_SURFACE('',#6002,3.);
#5284=CYLINDRICAL_SURFACE('',#6005,3.);
#5285=CYLINDRICAL_SURFACE('',#6007,3.);
#5286=CYLINDRICAL_SURFACE('',#6010,3.);
#5287=CYLINDRICAL_SURFACE('',#6012,3.);
#5288=CYLINDRICAL_SURFACE('',#6015,3.);
#5289=CYLINDRICAL_SURFACE('',#6094,1.2645);
#5290=CYLINDRICAL_SURFACE('',#6096,1.2645);
#5291=CYLINDRICAL_SURFACE('',#6098,1.2645);
#5292=CYLINDRICAL_SURFACE('',#6100,1.2645);
#5293=CYLINDRICAL_SURFACE('',#6102,1.2645);
#5294=CYLINDRICAL_SURFACE('',#6115,1.2645);
#5295=CYLINDRICAL_SURFACE('',#6117,1.2645);
#5296=CYLINDRICAL_SURFACE('',#6119,1.2645);
#5297=CYLINDRICAL_SURFACE('',#6121,1.2645);
#5298=CYLINDRICAL_SURFACE('',#6123,1.2645);
#5299=CYLINDRICAL_SURFACE('',#6125,1.2645);
#5300=CYLINDRICAL_SURFACE('',#6140,1.2645);
#5301=CYLINDRICAL_SURFACE('',#6141,1.2645);
#5302=CYLINDRICAL_SURFACE('',#6142,1.2645);
#5303=CYLINDRICAL_SURFACE('',#6143,1.2645);
#5304=CYLINDRICAL_SURFACE('',#6144,1.2645);
#5305=CYLINDRICAL_SURFACE('',#6145,1.2645);
#5306=CYLINDRICAL_SURFACE('',#6146,1.2645);
#5307=CYLINDRICAL_SURFACE('',#6147,1.2645);
#5308=CYLINDRICAL_SURFACE('',#6148,1.2645);
#5309=CYLINDRICAL_SURFACE('',#6149,1.2645);
#5310=CYLINDRICAL_SURFACE('',#6150,1.2645);
#5311=CYLINDRICAL_SURFACE('',#6151,1.2645);
#5312=CYLINDRICAL_SURFACE('',#6152,1.2645);
#5313=CYLINDRICAL_SURFACE('',#6153,1.2645);
#5314=CYLINDRICAL_SURFACE('',#6154,1.2645);
#5315=CYLINDRICAL_SURFACE('',#6155,1.2645);
#5316=CYLINDRICAL_SURFACE('',#6156,1.2645);
#5317=CYLINDRICAL_SURFACE('',#6157,1.2645);
#5318=CYLINDRICAL_SURFACE('',#6158,1.2645);
#5319=CYLINDRICAL_SURFACE('',#6159,1.2645);
#5320=CYLINDRICAL_SURFACE('',#6160,1.2645);
#5321=CYLINDRICAL_SURFACE('',#6161,1.2645);
#5322=CYLINDRICAL_SURFACE('',#6162,1.2645);
#5323=CYLINDRICAL_SURFACE('',#6163,1.2645);
#5324=CYLINDRICAL_SURFACE('',#6164,1.2645);
#5325=CYLINDRICAL_SURFACE('',#6165,1.2645);
#5326=CYLINDRICAL_SURFACE('',#6166,1.2645);
#5327=CYLINDRICAL_SURFACE('',#6167,1.2645);
#5328=CYLINDRICAL_SURFACE('',#6168,1.2645);
#5329=CYLINDRICAL_SURFACE('',#6169,1.2645);
#5330=CYLINDRICAL_SURFACE('',#6170,1.2645);
#5331=CYLINDRICAL_SURFACE('',#6171,1.2645);
#5332=CYLINDRICAL_SURFACE('',#6172,1.2645);
#5333=CYLINDRICAL_SURFACE('',#6173,1.2645);
#5334=CYLINDRICAL_SURFACE('',#6174,1.2645);
#5335=CYLINDRICAL_SURFACE('',#6175,1.2645);
#5336=CYLINDRICAL_SURFACE('',#6176,1.2645);
#5337=CYLINDRICAL_SURFACE('',#6177,1.2645);
#5338=CYLINDRICAL_SURFACE('',#6178,1.2645);
#5339=CYLINDRICAL_SURFACE('',#6179,1.2645);
#5340=CYLINDRICAL_SURFACE('',#6180,1.2645);
#5341=CYLINDRICAL_SURFACE('',#6181,1.2645);
#5342=CYLINDRICAL_SURFACE('',#6182,1.2645);
#5343=CYLINDRICAL_SURFACE('',#6183,1.2645);
#5344=ADVANCED_FACE('',(#301),#5208,.F.);
#5345=ADVANCED_FACE('',(#302),#299,.T.);
#5346=ADVANCED_FACE('',(#303),#140,.F.);
#5347=ADVANCED_FACE('',(#304),#141,.F.);
#5348=ADVANCED_FACE('',(#305),#142,.F.);
#5349=ADVANCED_FACE('',(#306),#143,.F.);
#5350=ADVANCED_FACE('',(#307),#144,.F.);
#5351=ADVANCED_FACE('',(#308),#145,.F.);
#5352=ADVANCED_FACE('',(#309),#146,.F.);
#5353=ADVANCED_FACE('',(#310),#147,.F.);
#5354=ADVANCED_FACE('',(#311),#148,.F.);
#5355=ADVANCED_FACE('',(#312),#149,.F.);
#5356=ADVANCED_FACE('',(#313),#150,.F.);
#5357=ADVANCED_FACE('',(#314),#151,.F.);
#5358=ADVANCED_FACE('',(#315),#152,.F.);
#5359=ADVANCED_FACE('',(#316),#153,.F.);
#5360=ADVANCED_FACE('',(#317),#154,.F.);
#5361=ADVANCED_FACE('',(#318),#155,.F.);
#5362=ADVANCED_FACE('',(#319),#300,.T.);
#5363=ADVANCED_FACE('',(#320),#156,.F.);
#5364=ADVANCED_FACE('',(#321),#5209,.F.);
#5365=ADVANCED_FACE('',(#322),#157,.T.);
#5366=ADVANCED_FACE('',(#323),#5210,.F.);
#5367=ADVANCED_FACE('',(#324),#158,.F.);
#5368=ADVANCED_FACE('',(#325),#5211,.F.);
#5369=ADVANCED_FACE('',(#326),#159,.F.);
#5370=ADVANCED_FACE('',(#327),#5212,.F.);
#5371=ADVANCED_FACE('',(#328),#160,.F.);
#5372=ADVANCED_FACE('',(#329),#5213,.F.);
#5373=ADVANCED_FACE('',(#330),#5214,.F.);
#5374=ADVANCED_FACE('',(#331),#161,.F.);
#5375=ADVANCED_FACE('',(#332),#5215,.F.);
#5376=ADVANCED_FACE('',(#333),#162,.F.);
#5377=ADVANCED_FACE('',(#334),#5216,.F.);
#5378=ADVANCED_FACE('',(#335),#5217,.F.);
#5379=ADVANCED_FACE('',(#336),#163,.F.);
#5380=ADVANCED_FACE('',(#337),#5218,.F.);
#5381=ADVANCED_FACE('',(#338),#164,.F.);
#5382=ADVANCED_FACE('',(#339),#5219,.F.);
#5383=ADVANCED_FACE('',(#340),#165,.F.);
#5384=ADVANCED_FACE('',(#341),#5220,.F.);
#5385=ADVANCED_FACE('',(#342),#166,.F.);
#5386=ADVANCED_FACE('',(#343),#5221,.F.);
#5387=ADVANCED_FACE('',(#344),#5222,.F.);
#5388=ADVANCED_FACE('',(#345),#167,.F.);
#5389=ADVANCED_FACE('',(#346),#5223,.F.);
#5390=ADVANCED_FACE('',(#347),#168,.F.);
#5391=ADVANCED_FACE('',(#348),#5224,.F.);
#5392=ADVANCED_FACE('',(#349),#5225,.F.);
#5393=ADVANCED_FACE('',(#350),#169,.F.);
#5394=ADVANCED_FACE('',(#351),#5226,.T.);
#5395=ADVANCED_FACE('',(#352),#170,.T.);
#5396=ADVANCED_FACE('',(#353,#16,#17,#18),#171,.T.);
#5397=ADVANCED_FACE('',(#354),#5227,.T.);
#5398=ADVANCED_FACE('',(#355),#172,.T.);
#5399=ADVANCED_FACE('',(#356),#5228,.T.);
#5400=ADVANCED_FACE('',(#357,#19,#20,#21,#22,#23),#173,.T.);
#5401=ADVANCED_FACE('',(#358),#174,.T.);
#5402=ADVANCED_FACE('',(#359),#5229,.T.);
#5403=ADVANCED_FACE('',(#360),#175,.T.);
#5404=ADVANCED_FACE('',(#361,#24,#25,#26),#176,.T.);
#5405=ADVANCED_FACE('',(#362),#5230,.T.);
#5406=ADVANCED_FACE('',(#363),#177,.T.);
#5407=ADVANCED_FACE('',(#364),#5231,.T.);
#5408=ADVANCED_FACE('',(#365),#5232,.F.);
#5409=ADVANCED_FACE('',(#366),#178,.T.);
#5410=ADVANCED_FACE('',(#367),#5233,.F.);
#5411=ADVANCED_FACE('',(#368),#5234,.F.);
#5412=ADVANCED_FACE('',(#369),#179,.T.);
#5413=ADVANCED_FACE('',(#370),#5235,.F.);
#5414=ADVANCED_FACE('',(#371),#5236,.F.);
#5415=ADVANCED_FACE('',(#372),#180,.T.);
#5416=ADVANCED_FACE('',(#373),#5237,.F.);
#5417=ADVANCED_FACE('',(#374),#5238,.F.);
#5418=ADVANCED_FACE('',(#375),#181,.T.);
#5419=ADVANCED_FACE('',(#376),#5239,.F.);
#5420=ADVANCED_FACE('',(#377),#5240,.F.);
#5421=ADVANCED_FACE('',(#378),#182,.T.);
#5422=ADVANCED_FACE('',(#379),#5241,.F.);
#5423=ADVANCED_FACE('',(#380),#183,.T.);
#5424=ADVANCED_FACE('',(#381),#5242,.F.);
#5425=ADVANCED_FACE('',(#382),#184,.T.);
#5426=ADVANCED_FACE('',(#383),#5243,.F.);
#5427=ADVANCED_FACE('',(#384),#5244,.F.);
#5428=ADVANCED_FACE('',(#385),#185,.T.);
#5429=ADVANCED_FACE('',(#386),#5245,.F.);
#5430=ADVANCED_FACE('',(#387),#5246,.F.);
#5431=ADVANCED_FACE('',(#388),#186,.T.);
#5432=ADVANCED_FACE('',(#389),#5247,.F.);
#5433=ADVANCED_FACE('',(#390),#5248,.F.);
#5434=ADVANCED_FACE('',(#391),#187,.T.);
#5435=ADVANCED_FACE('',(#392),#5249,.F.);
#5436=ADVANCED_FACE('',(#393),#5250,.F.);
#5437=ADVANCED_FACE('',(#394),#188,.T.);
#5438=ADVANCED_FACE('',(#395),#5251,.F.);
#5439=ADVANCED_FACE('',(#396),#5252,.F.);
#5440=ADVANCED_FACE('',(#397),#189,.T.);
#5441=ADVANCED_FACE('',(#398),#5253,.F.);
#5442=ADVANCED_FACE('',(#399),#5254,.F.);
#5443=ADVANCED_FACE('',(#400),#190,.T.);
#5444=ADVANCED_FACE('',(#401),#5255,.F.);
#5445=ADVANCED_FACE('',(#402),#5256,.F.);
#5446=ADVANCED_FACE('',(#403),#191,.T.);
#5447=ADVANCED_FACE('',(#404),#5257,.F.);
#5448=ADVANCED_FACE('',(#405),#5258,.F.);
#5449=ADVANCED_FACE('',(#406),#192,.T.);
#5450=ADVANCED_FACE('',(#407),#5259,.F.);
#5451=ADVANCED_FACE('',(#408),#5260,.F.);
#5452=ADVANCED_FACE('',(#409),#193,.T.);
#5453=ADVANCED_FACE('',(#410),#5261,.F.);
#5454=ADVANCED_FACE('',(#411),#5262,.F.);
#5455=ADVANCED_FACE('',(#412),#194,.T.);
#5456=ADVANCED_FACE('',(#413),#5263,.F.);
#5457=ADVANCED_FACE('',(#414),#195,.T.);
#5458=ADVANCED_FACE('',(#415),#5264,.F.);
#5459=ADVANCED_FACE('',(#416),#196,.T.);
#5460=ADVANCED_FACE('',(#417),#5265,.F.);
#5461=ADVANCED_FACE('',(#418),#197,.T.);
#5462=ADVANCED_FACE('',(#419),#5266,.F.);
#5463=ADVANCED_FACE('',(#420),#5267,.T.);
#5464=ADVANCED_FACE('',(#421,#27,#28,#29,#30,#31,#32,#33,#34,#35,#36,#37,
#38,#39,#40,#41,#42,#43,#44,#45,#46,#47,#48,#49,#50,#51,#52,#53,#54,#55,
#56,#57,#58,#59,#60,#61,#62,#63,#64,#65,#66,#67,#68,#69,#70,#71,#72,#73,
#74,#75,#76,#77),#198,.T.);
#5465=ADVANCED_FACE('',(#422),#199,.T.);
#5466=ADVANCED_FACE('',(#423),#5268,.F.);
#5467=ADVANCED_FACE('',(#424),#5269,.F.);
#5468=ADVANCED_FACE('',(#425),#200,.T.);
#5469=ADVANCED_FACE('',(#426),#5270,.F.);
#5470=ADVANCED_FACE('',(#427),#5271,.F.);
#5471=ADVANCED_FACE('',(#428),#201,.T.);
#5472=ADVANCED_FACE('',(#429),#5272,.F.);
#5473=ADVANCED_FACE('',(#430),#5273,.F.);
#5474=ADVANCED_FACE('',(#431),#202,.T.);
#5475=ADVANCED_FACE('',(#432),#5274,.F.);
#5476=ADVANCED_FACE('',(#433),#203,.T.);
#5477=ADVANCED_FACE('',(#434),#5275,.F.);
#5478=ADVANCED_FACE('',(#435),#5276,.F.);
#5479=ADVANCED_FACE('',(#436),#5277,.F.);
#5480=ADVANCED_FACE('',(#437),#204,.T.);
#5481=ADVANCED_FACE('',(#438),#5278,.F.);
#5482=ADVANCED_FACE('',(#439),#5279,.F.);
#5483=ADVANCED_FACE('',(#440),#205,.T.);
#5484=ADVANCED_FACE('',(#441),#5280,.F.);
#5485=ADVANCED_FACE('',(#442),#5281,.F.);
#5486=ADVANCED_FACE('',(#443),#206,.T.);
#5487=ADVANCED_FACE('',(#444),#5282,.F.);
#5488=ADVANCED_FACE('',(#445),#5283,.F.);
#5489=ADVANCED_FACE('',(#446),#207,.T.);
#5490=ADVANCED_FACE('',(#447),#5284,.F.);
#5491=ADVANCED_FACE('',(#448),#5285,.F.);
#5492=ADVANCED_FACE('',(#449),#208,.T.);
#5493=ADVANCED_FACE('',(#450),#5286,.F.);
#5494=ADVANCED_FACE('',(#451),#5287,.F.);
#5495=ADVANCED_FACE('',(#452),#209,.T.);
#5496=ADVANCED_FACE('',(#453),#5288,.F.);
#5497=ADVANCED_FACE('',(#454),#210,.F.);
#5498=ADVANCED_FACE('',(#455),#211,.F.);
#5499=ADVANCED_FACE('',(#456),#212,.F.);
#5500=ADVANCED_FACE('',(#457),#213,.T.);
#5501=ADVANCED_FACE('',(#458),#214,.T.);
#5502=ADVANCED_FACE('',(#459),#215,.T.);
#5503=ADVANCED_FACE('',(#460),#216,.T.);
#5504=ADVANCED_FACE('',(#461),#217,.T.);
#5505=ADVANCED_FACE('',(#462),#218,.T.);
#5506=ADVANCED_FACE('',(#463),#219,.T.);
#5507=ADVANCED_FACE('',(#464),#220,.T.);
#5508=ADVANCED_FACE('',(#465),#221,.T.);
#5509=ADVANCED_FACE('',(#466),#222,.T.);
#5510=ADVANCED_FACE('',(#467),#223,.F.);
#5511=ADVANCED_FACE('',(#468),#224,.T.);
#5512=ADVANCED_FACE('',(#469),#225,.T.);
#5513=ADVANCED_FACE('',(#470),#226,.T.);
#5514=ADVANCED_FACE('',(#471),#227,.T.);
#5515=ADVANCED_FACE('',(#472),#228,.T.);
#5516=ADVANCED_FACE('',(#473),#229,.T.);
#5517=ADVANCED_FACE('',(#474),#230,.T.);
#5518=ADVANCED_FACE('',(#475),#231,.T.);
#5519=ADVANCED_FACE('',(#476),#232,.T.);
#5520=ADVANCED_FACE('',(#477),#233,.T.);
#5521=ADVANCED_FACE('',(#478,#78,#79,#80,#81,#82,#83,#84,#85,#86,#87,#88,
#89,#90,#91,#92,#93,#94,#95,#96,#97,#98,#99,#100,#101,#102,#103,#104,#105,
#106,#107,#108,#109,#110,#111,#112,#113,#114,#115,#116,#117,#118,#119,#120,
#121,#122,#123,#124,#125,#126,#127,#128),#234,.T.);
#5522=ADVANCED_FACE('',(#479),#235,.T.);
#5523=ADVANCED_FACE('',(#480),#236,.T.);
#5524=ADVANCED_FACE('',(#481),#237,.T.);
#5525=ADVANCED_FACE('',(#482),#238,.T.);
#5526=ADVANCED_FACE('',(#483),#239,.T.);
#5527=ADVANCED_FACE('',(#484),#240,.T.);
#5528=ADVANCED_FACE('',(#485),#241,.T.);
#5529=ADVANCED_FACE('',(#486),#242,.T.);
#5530=ADVANCED_FACE('',(#487),#5289,.F.);
#5531=ADVANCED_FACE('',(#488),#5290,.F.);
#5532=ADVANCED_FACE('',(#489),#5291,.F.);
#5533=ADVANCED_FACE('',(#490),#5292,.F.);
#5534=ADVANCED_FACE('',(#491),#5293,.F.);
#5535=ADVANCED_FACE('',(#492),#243,.T.);
#5536=ADVANCED_FACE('',(#493),#244,.T.);
#5537=ADVANCED_FACE('',(#494),#245,.T.);
#5538=ADVANCED_FACE('',(#495),#246,.T.);
#5539=ADVANCED_FACE('',(#496,#129,#130,#131,#132,#133),#247,.T.);
#5540=ADVANCED_FACE('',(#497),#248,.T.);
#5541=ADVANCED_FACE('',(#498),#249,.T.);
#5542=ADVANCED_FACE('',(#499),#250,.T.);
#5543=ADVANCED_FACE('',(#500),#251,.T.);
#5544=ADVANCED_FACE('',(#501),#252,.T.);
#5545=ADVANCED_FACE('',(#502),#253,.T.);
#5546=ADVANCED_FACE('',(#503),#5294,.F.);
#5547=ADVANCED_FACE('',(#504),#5295,.F.);
#5548=ADVANCED_FACE('',(#505),#5296,.F.);
#5549=ADVANCED_FACE('',(#506),#5297,.F.);
#5550=ADVANCED_FACE('',(#507),#5298,.F.);
#5551=ADVANCED_FACE('',(#508),#5299,.F.);
#5552=ADVANCED_FACE('',(#509),#254,.T.);
#5553=ADVANCED_FACE('',(#510),#255,.T.);
#5554=ADVANCED_FACE('',(#511),#256,.T.);
#5555=ADVANCED_FACE('',(#512),#257,.T.);
#5556=ADVANCED_FACE('',(#513,#134,#135,#136),#258,.T.);
#5557=ADVANCED_FACE('',(#514),#259,.T.);
#5558=ADVANCED_FACE('',(#515),#260,.T.);
#5559=ADVANCED_FACE('',(#516),#261,.T.);
#5560=ADVANCED_FACE('',(#517),#262,.T.);
#5561=ADVANCED_FACE('',(#518),#263,.T.);
#5562=ADVANCED_FACE('',(#519,#137,#138,#139),#264,.T.);
#5563=ADVANCED_FACE('',(#520),#265,.F.);
#5564=ADVANCED_FACE('',(#521),#266,.T.);
#5565=ADVANCED_FACE('',(#522),#5300,.F.);
#5566=ADVANCED_FACE('',(#523),#5301,.F.);
#5567=ADVANCED_FACE('',(#524),#5302,.F.);
#5568=ADVANCED_FACE('',(#525),#5303,.F.);
#5569=ADVANCED_FACE('',(#526),#5304,.F.);
#5570=ADVANCED_FACE('',(#527),#5305,.F.);
#5571=ADVANCED_FACE('',(#528),#5306,.F.);
#5572=ADVANCED_FACE('',(#529),#5307,.F.);
#5573=ADVANCED_FACE('',(#530),#5308,.F.);
#5574=ADVANCED_FACE('',(#531),#5309,.F.);
#5575=ADVANCED_FACE('',(#532),#5310,.F.);
#5576=ADVANCED_FACE('',(#533),#5311,.F.);
#5577=ADVANCED_FACE('',(#534),#5312,.F.);
#5578=ADVANCED_FACE('',(#535),#5313,.F.);
#5579=ADVANCED_FACE('',(#536),#5314,.F.);
#5580=ADVANCED_FACE('',(#537),#5315,.F.);
#5581=ADVANCED_FACE('',(#538),#5316,.F.);
#5582=ADVANCED_FACE('',(#539),#5317,.F.);
#5583=ADVANCED_FACE('',(#540),#5318,.F.);
#5584=ADVANCED_FACE('',(#541),#5319,.F.);
#5585=ADVANCED_FACE('',(#542),#5320,.F.);
#5586=ADVANCED_FACE('',(#543),#5321,.F.);
#5587=ADVANCED_FACE('',(#544),#5322,.F.);
#5588=ADVANCED_FACE('',(#545),#5323,.F.);
#5589=ADVANCED_FACE('',(#546),#5324,.F.);
#5590=ADVANCED_FACE('',(#547),#5325,.F.);
#5591=ADVANCED_FACE('',(#548),#5326,.F.);
#5592=ADVANCED_FACE('',(#549),#5327,.F.);
#5593=ADVANCED_FACE('',(#550),#5328,.F.);
#5594=ADVANCED_FACE('',(#551),#5329,.F.);
#5595=ADVANCED_FACE('',(#552),#5330,.F.);
#5596=ADVANCED_FACE('',(#553),#5331,.F.);
#5597=ADVANCED_FACE('',(#554),#5332,.F.);
#5598=ADVANCED_FACE('',(#555),#5333,.F.);
#5599=ADVANCED_FACE('',(#556),#5334,.F.);
#5600=ADVANCED_FACE('',(#557),#5335,.F.);
#5601=ADVANCED_FACE('',(#558),#5336,.F.);
#5602=ADVANCED_FACE('',(#559),#5337,.F.);
#5603=ADVANCED_FACE('',(#560),#5338,.F.);
#5604=ADVANCED_FACE('',(#561),#5339,.F.);
#5605=ADVANCED_FACE('',(#562),#5340,.F.);
#5606=ADVANCED_FACE('',(#563),#5341,.F.);
#5607=ADVANCED_FACE('',(#564),#5342,.F.);
#5608=ADVANCED_FACE('',(#565),#5343,.F.);
#5609=ADVANCED_FACE('',(#566),#267,.T.);
#5610=ADVANCED_FACE('',(#567),#268,.T.);
#5611=ADVANCED_FACE('',(#568),#269,.T.);
#5612=ADVANCED_FACE('',(#569),#270,.T.);
#5613=ADVANCED_FACE('',(#570),#271,.T.);
#5614=ADVANCED_FACE('',(#571),#272,.T.);
#5615=ADVANCED_FACE('',(#572),#273,.T.);
#5616=ADVANCED_FACE('',(#573),#274,.T.);
#5617=ADVANCED_FACE('',(#574),#275,.T.);
#5618=ADVANCED_FACE('',(#575),#276,.T.);
#5619=ADVANCED_FACE('',(#576),#277,.T.);
#5620=ADVANCED_FACE('',(#577),#278,.T.);
#5621=ADVANCED_FACE('',(#578),#279,.T.);
#5622=ADVANCED_FACE('',(#579),#280,.T.);
#5623=ADVANCED_FACE('',(#580),#281,.T.);
#5624=ADVANCED_FACE('',(#581),#282,.T.);
#5625=ADVANCED_FACE('',(#582),#283,.T.);
#5626=ADVANCED_FACE('',(#583),#284,.T.);
#5627=ADVANCED_FACE('',(#584),#285,.T.);
#5628=ADVANCED_FACE('',(#585),#286,.T.);
#5629=ADVANCED_FACE('',(#586),#287,.T.);
#5630=ADVANCED_FACE('',(#587),#288,.T.);
#5631=ADVANCED_FACE('',(#588),#289,.T.);
#5632=ADVANCED_FACE('',(#589),#290,.T.);
#5633=ADVANCED_FACE('',(#590),#291,.T.);
#5634=ADVANCED_FACE('',(#591),#292,.T.);
#5635=CLOSED_SHELL('',(#5344,#5345,#5346,#5347,#5348,#5349,#5350,#5351,
#5352,#5353,#5354,#5355,#5356,#5357,#5358,#5359,#5360,#5361,#5362,#5363,
#5364,#5365,#5366,#5367,#5368,#5369,#5370,#5371,#5372,#5373,#5374,#5375,
#5376,#5377,#5378,#5379,#5380,#5381,#5382,#5383,#5384,#5385,#5386,#5387,
#5388,#5389,#5390,#5391,#5392,#5393,#5394,#5395,#5396,#5397,#5398,#5399,
#5400,#5401,#5402,#5403,#5404,#5405,#5406,#5407,#5408,#5409,#5410,#5411,
#5412,#5413,#5414,#5415,#5416,#5417,#5418,#5419,#5420,#5421,#5422,#5423,
#5424,#5425,#5426,#5427,#5428,#5429,#5430,#5431,#5432,#5433,#5434,#5435,
#5436,#5437,#5438,#5439,#5440,#5441,#5442,#5443,#5444,#5445,#5446,#5447,
#5448,#5449,#5450,#5451,#5452,#5453,#5454,#5455,#5456,#5457,#5458,#5459,
#5460,#5461,#5462,#5463,#5464,#5465,#5466,#5467,#5468,#5469,#5470,#5471,
#5472,#5473,#5474,#5475,#5476,#5477,#5478,#5479,#5480,#5481,#5482,#5483,
#5484,#5485,#5486,#5487,#5488,#5489,#5490,#5491,#5492,#5493,#5494,#5495,
#5496,#5497,#5498,#5499,#5500,#5501,#5502,#5503,#5504,#5505,#5506,#5507,
#5508,#5509,#5510,#5511,#5512,#5513,#5514,#5515,#5516,#5517,#5518,#5519,
#5520,#5521,#5522,#5523,#5524,#5525,#5526,#5527,#5528,#5529,#5530,#5531,
#5532,#5533,#5534,#5535,#5536,#5537,#5538,#5539,#5540,#5541,#5542,#5543,
#5544,#5545,#5546,#5547,#5548,#5549,#5550,#5551,#5552,#5553,#5554,#5555,
#5556,#5557,#5558,#5559,#5560,#5561,#5562,#5563,#5564,#5565,#5566,#5567,
#5568,#5569,#5570,#5571,#5572,#5573,#5574,#5575,#5576,#5577,#5578,#5579,
#5580,#5581,#5582,#5583,#5584,#5585,#5586,#5587,#5588,#5589,#5590,#5591,
#5592,#5593,#5594,#5595,#5596,#5597,#5598,#5599,#5600,#5601,#5602,#5603,
#5604,#5605,#5606,#5607,#5608,#5609,#5610,#5611,#5612,#5613,#5614,#5615,
#5616,#5617,#5618,#5619,#5620,#5621,#5622,#5623,#5624,#5625,#5626,#5627,
#5628,#5629,#5630,#5631,#5632,#5633,#5634));
#5636=DERIVED_UNIT_ELEMENT(#5638,1.);
#5637=DERIVED_UNIT_ELEMENT(#9507,3.);
#5638=(
MASS_UNIT()
NAMED_UNIT(*)
SI_UNIT(.KILO.,.GRAM.)
);
#5639=DERIVED_UNIT((#5636,#5637));
#5640=MEASURE_REPRESENTATION_ITEM('density measure',
POSITIVE_RATIO_MEASURE(7850.),#5639);
#5641=PROPERTY_DEFINITION_REPRESENTATION(#5646,#5643);
#5642=PROPERTY_DEFINITION_REPRESENTATION(#5647,#5644);
#5643=REPRESENTATION('material name',(#5645),#9504);
#5644=REPRESENTATION('density',(#5640),#9504);
#5645=DESCRIPTIVE_REPRESENTATION_ITEM('Steel','Steel');
#5646=PROPERTY_DEFINITION('material property','material name',#9514);
#5647=PROPERTY_DEFINITION('material property','density of part',#9514);
#5648=AXIS2_PLACEMENT_3D('placement',#7853,#6210,#6211);
#5649=AXIS2_PLACEMENT_3D('',#7854,#6212,#6213);
#5650=AXIS2_PLACEMENT_3D('',#7861,#6216,#6217);
#5651=AXIS2_PLACEMENT_3D('',#7864,#6219,#6220);
#5652=AXIS2_PLACEMENT_3D('',#7905,#6223,#6224);
#5653=AXIS2_PLACEMENT_3D('',#7914,#6229,#6230);
#5654=AXIS2_PLACEMENT_3D('',#7923,#6235,#6236);
#5655=AXIS2_PLACEMENT_3D('',#7932,#6241,#6242);
#5656=AXIS2_PLACEMENT_3D('',#7941,#6247,#6248);
#5657=AXIS2_PLACEMENT_3D('',#7950,#6253,#6254);
#5658=AXIS2_PLACEMENT_3D('',#7959,#6259,#6260);
#5659=AXIS2_PLACEMENT_3D('',#7968,#6265,#6266);
#5660=AXIS2_PLACEMENT_3D('',#7977,#6271,#6272);
#5661=AXIS2_PLACEMENT_3D('',#7986,#6277,#6278);
#5662=AXIS2_PLACEMENT_3D('',#7995,#6283,#6284);
#5663=AXIS2_PLACEMENT_3D('',#8004,#6289,#6290);
#5664=AXIS2_PLACEMENT_3D('',#8013,#6295,#6296);
#5665=AXIS2_PLACEMENT_3D('',#8022,#6301,#6302);
#5666=AXIS2_PLACEMENT_3D('',#8031,#6307,#6308);
#5667=AXIS2_PLACEMENT_3D('',#8040,#6313,#6314);
#5668=AXIS2_PLACEMENT_3D('',#8086,#6319,#6320);
#5669=AXIS2_PLACEMENT_3D('',#8092,#6324,#6325);
#5670=AXIS2_PLACEMENT_3D('',#8094,#6326,#6327);
#5671=AXIS2_PLACEMENT_3D('',#8097,#6329,#6330);
#5672=AXIS2_PLACEMENT_3D('',#8098,#6331,#6332);
#5673=AXIS2_PLACEMENT_3D('',#8104,#6336,#6337);
#5674=AXIS2_PLACEMENT_3D('',#8106,#6338,#6339);
#5675=AXIS2_PLACEMENT_3D('',#8109,#6341,#6342);
#5676=AXIS2_PLACEMENT_3D('',#8110,#6343,#6344);
#5677=AXIS2_PLACEMENT_3D('',#8116,#6348,#6349);
#5678=AXIS2_PLACEMENT_3D('',#8118,#6350,#6351);
#5679=AXIS2_PLACEMENT_3D('',#8120,#6352,#6353);
#5680=AXIS2_PLACEMENT_3D('',#8122,#6355,#6356);
#5681=AXIS2_PLACEMENT_3D('',#8125,#6359,#6360);
#5682=AXIS2_PLACEMENT_3D('',#8127,#6361,#6362);
#5683=AXIS2_PLACEMENT_3D('',#8130,#6364,#6365);
#5684=AXIS2_PLACEMENT_3D('',#8131,#6366,#6367);
#5685=AXIS2_PLACEMENT_3D('',#8134,#6370,#6371);
#5686=AXIS2_PLACEMENT_3D('',#8135,#6372,#6373);
#5687=AXIS2_PLACEMENT_3D('',#8136,#6374,#6375);
#5688=AXIS2_PLACEMENT_3D('',#8137,#6376,#6377);
#5689=AXIS2_PLACEMENT_3D('',#8139,#6378,#6379);
#5690=AXIS2_PLACEMENT_3D('',#8142,#6381,#6382);
#5691=AXIS2_PLACEMENT_3D('',#8143,#6383,#6384);
#5692=AXIS2_PLACEMENT_3D('',#8149,#6388,#6389);
#5693=AXIS2_PLACEMENT_3D('',#8151,#6390,#6391);
#5694=AXIS2_PLACEMENT_3D('',#8154,#6393,#6394);
#5695=AXIS2_PLACEMENT_3D('',#8155,#6395,#6396);
#5696=AXIS2_PLACEMENT_3D('',#8161,#6400,#6401);
#5697=AXIS2_PLACEMENT_3D('',#8162,#6402,#6403);
#5698=AXIS2_PLACEMENT_3D('',#8163,#6404,#6405);
#5699=AXIS2_PLACEMENT_3D('',#8164,#6406,#6407);
#5700=AXIS2_PLACEMENT_3D('',#8165,#6408,#6409);
#5701=AXIS2_PLACEMENT_3D('',#8166,#6410,#6411);
#5702=AXIS2_PLACEMENT_3D('',#8167,#6412,#6413);
#5703=AXIS2_PLACEMENT_3D('',#8170,#6416,#6417);
#5704=AXIS2_PLACEMENT_3D('',#8172,#6418,#6419);
#5705=AXIS2_PLACEMENT_3D('',#8174,#6420,#6421);
#5706=AXIS2_PLACEMENT_3D('',#8176,#6423,#6424);
#5707=AXIS2_PLACEMENT_3D('',#8179,#6427,#6428);
#5708=AXIS2_PLACEMENT_3D('',#8181,#6429,#6430);
#5709=AXIS2_PLACEMENT_3D('',#8184,#6432,#6433);
#5710=AXIS2_PLACEMENT_3D('',#8185,#6434,#6435);
#5711=AXIS2_PLACEMENT_3D('',#8191,#6439,#6440);
#5712=AXIS2_PLACEMENT_3D('',#8193,#6441,#6442);
#5713=AXIS2_PLACEMENT_3D('',#8196,#6444,#6445);
#5714=AXIS2_PLACEMENT_3D('',#8197,#6446,#6447);
#5715=AXIS2_PLACEMENT_3D('',#8200,#6450,#6451);
#5716=AXIS2_PLACEMENT_3D('',#8201,#6452,#6453);
#5717=AXIS2_PLACEMENT_3D('',#8202,#6454,#6455);
#5718=AXIS2_PLACEMENT_3D('',#8203,#6456,#6457);
#5719=AXIS2_PLACEMENT_3D('',#8205,#6458,#6459);
#5720=AXIS2_PLACEMENT_3D('',#8208,#6461,#6462);
#5721=AXIS2_PLACEMENT_3D('',#8209,#6463,#6464);
#5722=AXIS2_PLACEMENT_3D('',#8215,#6468,#6469);
#5723=AXIS2_PLACEMENT_3D('',#8217,#6470,#6471);
#5724=AXIS2_PLACEMENT_3D('',#8220,#6473,#6474);
#5725=AXIS2_PLACEMENT_3D('',#8221,#6475,#6476);
#5726=AXIS2_PLACEMENT_3D('',#8227,#6480,#6481);
#5727=AXIS2_PLACEMENT_3D('',#8228,#6482,#6483);
#5728=AXIS2_PLACEMENT_3D('',#8229,#6484,#6485);
#5729=AXIS2_PLACEMENT_3D('',#8230,#6486,#6487);
#5730=AXIS2_PLACEMENT_3D('',#8231,#6488,#6489);
#5731=AXIS2_PLACEMENT_3D('',#8232,#6490,#6491);
#5732=AXIS2_PLACEMENT_3D('',#8233,#6492,#6493);
#5733=AXIS2_PLACEMENT_3D('',#8236,#6496,#6497);
#5734=AXIS2_PLACEMENT_3D('',#8239,#6498,#6499);
#5735=AXIS2_PLACEMENT_3D('',#8243,#6501,#6502);
#5736=AXIS2_PLACEMENT_3D('',#8245,#6504,#6505);
#5737=AXIS2_PLACEMENT_3D('',#8251,#6509,#6510);
#5738=AXIS2_PLACEMENT_3D('',#8255,#6512,#6513);
#5739=AXIS2_PLACEMENT_3D('',#8260,#6516,#6517);
#5740=AXIS2_PLACEMENT_3D('',#8262,#6518,#6519);
#5741=AXIS2_PLACEMENT_3D('',#8264,#6520,#6521);
#5742=AXIS2_PLACEMENT_3D('',#8265,#6522,#6523);
#5743=AXIS2_PLACEMENT_3D('',#8268,#6524,#6525);
#5744=AXIS2_PLACEMENT_3D('',#8271,#6528,#6529);
#5745=AXIS2_PLACEMENT_3D('',#8275,#6532,#6533);
#5746=AXIS2_PLACEMENT_3D('',#8278,#6534,#6535);
#5747=AXIS2_PLACEMENT_3D('',#8282,#6537,#6538);
#5748=AXIS2_PLACEMENT_3D('',#8284,#6540,#6541);
#5749=AXIS2_PLACEMENT_3D('',#8288,#6543,#6544);
#5750=AXIS2_PLACEMENT_3D('',#8299,#6552,#6553);
#5751=AXIS2_PLACEMENT_3D('',#8301,#6554,#6555);
#5752=AXIS2_PLACEMENT_3D('',#8303,#6556,#6557);
#5753=AXIS2_PLACEMENT_3D('',#8305,#6558,#6559);
#5754=AXIS2_PLACEMENT_3D('',#8307,#6560,#6561);
#5755=AXIS2_PLACEMENT_3D('',#8308,#6562,#6563);
#5756=AXIS2_PLACEMENT_3D('',#8312,#6566,#6567);
#5757=AXIS2_PLACEMENT_3D('',#8315,#6568,#6569);
#5758=AXIS2_PLACEMENT_3D('',#8319,#6571,#6572);
#5759=AXIS2_PLACEMENT_3D('',#8321,#6574,#6575);
#5760=AXIS2_PLACEMENT_3D('',#8327,#6579,#6580);
#5761=AXIS2_PLACEMENT_3D('',#8333,#6584,#6585);
#5762=AXIS2_PLACEMENT_3D('',#8335,#6586,#6587);
#5763=AXIS2_PLACEMENT_3D('',#8337,#6588,#6589);
#5764=AXIS2_PLACEMENT_3D('',#8339,#6590,#6591);
#5765=AXIS2_PLACEMENT_3D('',#8340,#6592,#6593);
#5766=AXIS2_PLACEMENT_3D('',#8342,#6594,#6595);
#5767=AXIS2_PLACEMENT_3D('',#8344,#6597,#6598);
#5768=AXIS2_PLACEMENT_3D('',#8346,#6600,#6601);
#5769=AXIS2_PLACEMENT_3D('',#8348,#6602,#6603);
#5770=AXIS2_PLACEMENT_3D('',#8350,#6605,#6606);
#5771=AXIS2_PLACEMENT_3D('',#8353,#6607,#6608);
#5772=AXIS2_PLACEMENT_3D('',#8357,#6610,#6611);
#5773=AXIS2_PLACEMENT_3D('',#8359,#6613,#6614);
#5774=AXIS2_PLACEMENT_3D('',#8365,#6618,#6619);
#5775=AXIS2_PLACEMENT_3D('',#8367,#6620,#6621);
#5776=AXIS2_PLACEMENT_3D('',#8369,#6622,#6623);
#5777=AXIS2_PLACEMENT_3D('',#8371,#6625,#6626);
#5778=AXIS2_PLACEMENT_3D('',#8374,#6627,#6628);
#5779=AXIS2_PLACEMENT_3D('',#8378,#6630,#6631);
#5780=AXIS2_PLACEMENT_3D('',#8380,#6633,#6634);
#5781=AXIS2_PLACEMENT_3D('',#8386,#6638,#6639);
#5782=AXIS2_PLACEMENT_3D('',#8388,#6640,#6641);
#5783=AXIS2_PLACEMENT_3D('',#8390,#6642,#6643);
#5784=AXIS2_PLACEMENT_3D('',#8392,#6645,#6646);
#5785=AXIS2_PLACEMENT_3D('',#8395,#6647,#6648);
#5786=AXIS2_PLACEMENT_3D('',#8399,#6650,#6651);
#5787=AXIS2_PLACEMENT_3D('',#8401,#6653,#6654);
#5788=AXIS2_PLACEMENT_3D('',#8407,#6658,#6659);
#5789=AXIS2_PLACEMENT_3D('',#8409,#6660,#6661);
#5790=AXIS2_PLACEMENT_3D('',#8411,#6662,#6663);
#5791=AXIS2_PLACEMENT_3D('',#8413,#6665,#6666);
#5792=AXIS2_PLACEMENT_3D('',#8416,#6667,#6668);
#5793=AXIS2_PLACEMENT_3D('',#8420,#6670,#6671);
#5794=AXIS2_PLACEMENT_3D('',#8422,#6673,#6674);
#5795=AXIS2_PLACEMENT_3D('',#8428,#6678,#6679);
#5796=AXIS2_PLACEMENT_3D('',#8430,#6680,#6681);
#5797=AXIS2_PLACEMENT_3D('',#8432,#6682,#6683);
#5798=AXIS2_PLACEMENT_3D('',#8434,#6685,#6686);
#5799=AXIS2_PLACEMENT_3D('',#8437,#6687,#6688);
#5800=AXIS2_PLACEMENT_3D('',#8441,#6690,#6691);
#5801=AXIS2_PLACEMENT_3D('',#8443,#6693,#6694);
#5802=AXIS2_PLACEMENT_3D('',#8449,#6698,#6699);
#5803=AXIS2_PLACEMENT_3D('',#8452,#6700,#6701);
#5804=AXIS2_PLACEMENT_3D('',#8456,#6703,#6704);
#5805=AXIS2_PLACEMENT_3D('',#8458,#6706,#6707);
#5806=AXIS2_PLACEMENT_3D('',#8461,#6710,#6711);
#5807=AXIS2_PLACEMENT_3D('',#8464,#6712,#6713);
#5808=AXIS2_PLACEMENT_3D('',#8468,#6715,#6716);
#5809=AXIS2_PLACEMENT_3D('',#8470,#6718,#6719);
#5810=AXIS2_PLACEMENT_3D('',#8476,#6723,#6724);
#5811=AXIS2_PLACEMENT_3D('',#8478,#6725,#6726);
#5812=AXIS2_PLACEMENT_3D('',#8480,#6727,#6728);
#5813=AXIS2_PLACEMENT_3D('',#8482,#6730,#6731);
#5814=AXIS2_PLACEMENT_3D('',#8485,#6732,#6733);
#5815=AXIS2_PLACEMENT_3D('',#8489,#6735,#6736);
#5816=AXIS2_PLACEMENT_3D('',#8491,#6738,#6739);
#5817=AXIS2_PLACEMENT_3D('',#8497,#6743,#6744);
#5818=AXIS2_PLACEMENT_3D('',#8499,#6745,#6746);
#5819=AXIS2_PLACEMENT_3D('',#8501,#6747,#6748);
#5820=AXIS2_PLACEMENT_3D('',#8503,#6750,#6751);
#5821=AXIS2_PLACEMENT_3D('',#8506,#6752,#6753);
#5822=AXIS2_PLACEMENT_3D('',#8510,#6755,#6756);
#5823=AXIS2_PLACEMENT_3D('',#8512,#6758,#6759);
#5824=AXIS2_PLACEMENT_3D('',#8518,#6763,#6764);
#5825=AXIS2_PLACEMENT_3D('',#8519,#6765,#6766);
#5826=AXIS2_PLACEMENT_3D('',#8520,#6767,#6768);
#5827=AXIS2_PLACEMENT_3D('',#8521,#6769,#6770);
#5828=AXIS2_PLACEMENT_3D('',#8524,#6771,#6772);
#5829=AXIS2_PLACEMENT_3D('',#8528,#6774,#6775);
#5830=AXIS2_PLACEMENT_3D('',#8530,#6777,#6778);
#5831=AXIS2_PLACEMENT_3D('',#8536,#6782,#6783);
#5832=AXIS2_PLACEMENT_3D('',#8538,#6784,#6785);
#5833=AXIS2_PLACEMENT_3D('',#8540,#6786,#6787);
#5834=AXIS2_PLACEMENT_3D('',#8542,#6789,#6790);
#5835=AXIS2_PLACEMENT_3D('',#8545,#6791,#6792);
#5836=AXIS2_PLACEMENT_3D('',#8549,#6794,#6795);
#5837=AXIS2_PLACEMENT_3D('',#8551,#6797,#6798);
#5838=AXIS2_PLACEMENT_3D('',#8557,#6802,#6803);
#5839=AXIS2_PLACEMENT_3D('',#8559,#6804,#6805);
#5840=AXIS2_PLACEMENT_3D('',#8561,#6806,#6807);
#5841=AXIS2_PLACEMENT_3D('',#8563,#6809,#6810);
#5842=AXIS2_PLACEMENT_3D('',#8566,#6811,#6812);
#5843=AXIS2_PLACEMENT_3D('',#8570,#6814,#6815);
#5844=AXIS2_PLACEMENT_3D('',#8572,#6817,#6818);
#5845=AXIS2_PLACEMENT_3D('',#8578,#6822,#6823);
#5846=AXIS2_PLACEMENT_3D('',#8580,#6824,#6825);
#5847=AXIS2_PLACEMENT_3D('',#8582,#6826,#6827);
#5848=AXIS2_PLACEMENT_3D('',#8584,#6829,#6830);
#5849=AXIS2_PLACEMENT_3D('',#8587,#6831,#6832);
#5850=AXIS2_PLACEMENT_3D('',#8591,#6834,#6835);
#5851=AXIS2_PLACEMENT_3D('',#8593,#6837,#6838);
#5852=AXIS2_PLACEMENT_3D('',#8599,#6842,#6843);
#5853=AXIS2_PLACEMENT_3D('',#8601,#6844,#6845);
#5854=AXIS2_PLACEMENT_3D('',#8603,#6846,#6847);
#5855=AXIS2_PLACEMENT_3D('',#8605,#6849,#6850);
#5856=AXIS2_PLACEMENT_3D('',#8608,#6851,#6852);
#5857=AXIS2_PLACEMENT_3D('',#8612,#6854,#6855);
#5858=AXIS2_PLACEMENT_3D('',#8614,#6857,#6858);
#5859=AXIS2_PLACEMENT_3D('',#8620,#6862,#6863);
#5860=AXIS2_PLACEMENT_3D('',#8622,#6864,#6865);
#5861=AXIS2_PLACEMENT_3D('',#8624,#6866,#6867);
#5862=AXIS2_PLACEMENT_3D('',#8626,#6869,#6870);
#5863=AXIS2_PLACEMENT_3D('',#8629,#6871,#6872);
#5864=AXIS2_PLACEMENT_3D('',#8633,#6874,#6875);
#5865=AXIS2_PLACEMENT_3D('',#8635,#6877,#6878);
#5866=AXIS2_PLACEMENT_3D('',#8641,#6882,#6883);
#5867=AXIS2_PLACEMENT_3D('',#8643,#6884,#6885);
#5868=AXIS2_PLACEMENT_3D('',#8645,#6886,#6887);
#5869=AXIS2_PLACEMENT_3D('',#8647,#6889,#6890);
#5870=AXIS2_PLACEMENT_3D('',#8650,#6891,#6892);
#5871=AXIS2_PLACEMENT_3D('',#8654,#6894,#6895);
#5872=AXIS2_PLACEMENT_3D('',#8656,#6897,#6898);
#5873=AXIS2_PLACEMENT_3D('',#8662,#6902,#6903);
#5874=AXIS2_PLACEMENT_3D('',#8664,#6904,#6905);
#5875=AXIS2_PLACEMENT_3D('',#8666,#6906,#6907);
#5876=AXIS2_PLACEMENT_3D('',#8668,#6909,#6910);
#5877=AXIS2_PLACEMENT_3D('',#8671,#6911,#6912);
#5878=AXIS2_PLACEMENT_3D('',#8675,#6914,#6915);
#5879=AXIS2_PLACEMENT_3D('',#8677,#6917,#6918);
#5880=AXIS2_PLACEMENT_3D('',#8683,#6922,#6923);
#5881=AXIS2_PLACEMENT_3D('',#8685,#6924,#6925);
#5882=AXIS2_PLACEMENT_3D('',#8688,#6927,#6928);
#5883=AXIS2_PLACEMENT_3D('',#8689,#6929,#6930);
#5884=AXIS2_PLACEMENT_3D('',#8692,#6933,#6934);
#5885=AXIS2_PLACEMENT_3D('',#8695,#6935,#6936);
#5886=AXIS2_PLACEMENT_3D('',#8699,#6938,#6939);
#5887=AXIS2_PLACEMENT_3D('',#8701,#6941,#6942);
#5888=AXIS2_PLACEMENT_3D('',#8707,#6946,#6947);
#5889=AXIS2_PLACEMENT_3D('',#8710,#6948,#6949);
#5890=AXIS2_PLACEMENT_3D('',#8714,#6951,#6952);
#5891=AXIS2_PLACEMENT_3D('',#8716,#6954,#6955);
#5892=AXIS2_PLACEMENT_3D('',#8722,#6959,#6960);
#5893=AXIS2_PLACEMENT_3D('',#8724,#6961,#6962);
#5894=AXIS2_PLACEMENT_3D('',#8726,#6963,#6964);
#5895=AXIS2_PLACEMENT_3D('',#8728,#6966,#6967);
#5896=AXIS2_PLACEMENT_3D('',#8731,#6968,#6969);
#5897=AXIS2_PLACEMENT_3D('',#8735,#6971,#6972);
#5898=AXIS2_PLACEMENT_3D('',#8737,#6974,#6975);
#5899=AXIS2_PLACEMENT_3D('',#8754,#6986,#6987);
#5900=AXIS2_PLACEMENT_3D('',#8758,#6989,#6990);
#5901=AXIS2_PLACEMENT_3D('',#8762,#6992,#6993);
#5902=AXIS2_PLACEMENT_3D('',#8766,#6995,#6996);
#5903=AXIS2_PLACEMENT_3D('',#8770,#6998,#6999);
#5904=AXIS2_PLACEMENT_3D('',#8774,#7001,#7002);
#5905=AXIS2_PLACEMENT_3D('',#8778,#7004,#7005);
#5906=AXIS2_PLACEMENT_3D('',#8781,#7007,#7008);
#5907=AXIS2_PLACEMENT_3D('',#8793,#7017,#7018);
#5908=AXIS2_PLACEMENT_3D('',#8797,#7020,#7021);
#5909=AXIS2_PLACEMENT_3D('',#8801,#7023,#7024);
#5910=AXIS2_PLACEMENT_3D('',#8805,#7026,#7027);
#5911=AXIS2_PLACEMENT_3D('',#8809,#7029,#7030);
#5912=AXIS2_PLACEMENT_3D('',#8813,#7032,#7033);
#5913=AXIS2_PLACEMENT_3D('',#8817,#7035,#7036);
#5914=AXIS2_PLACEMENT_3D('',#8820,#7038,#7039);
#5915=AXIS2_PLACEMENT_3D('',#8831,#7048,#7049);
#5916=AXIS2_PLACEMENT_3D('',#8836,#7052,#7053);
#5917=AXIS2_PLACEMENT_3D('',#8840,#7055,#7056);
#5918=AXIS2_PLACEMENT_3D('',#8844,#7058,#7059);
#5919=AXIS2_PLACEMENT_3D('',#8847,#7061,#7062);
#5920=AXIS2_PLACEMENT_3D('',#8850,#7064,#7065);
#5921=AXIS2_PLACEMENT_3D('',#8852,#7066,#7067);
#5922=AXIS2_PLACEMENT_3D('',#8854,#7068,#7069);
#5923=AXIS2_PLACEMENT_3D('',#8856,#7070,#7071);
#5924=AXIS2_PLACEMENT_3D('',#8858,#7072,#7073);
#5925=AXIS2_PLACEMENT_3D('',#8860,#7074,#7075);
#5926=AXIS2_PLACEMENT_3D('',#8862,#7076,#7077);
#5927=AXIS2_PLACEMENT_3D('',#8864,#7078,#7079);
#5928=AXIS2_PLACEMENT_3D('',#8866,#7080,#7081);
#5929=AXIS2_PLACEMENT_3D('',#8868,#7082,#7083);
#5930=AXIS2_PLACEMENT_3D('',#8870,#7084,#7085);
#5931=AXIS2_PLACEMENT_3D('',#8872,#7086,#7087);
#5932=AXIS2_PLACEMENT_3D('',#8874,#7088,#7089);
#5933=AXIS2_PLACEMENT_3D('',#8876,#7090,#7091);
#5934=AXIS2_PLACEMENT_3D('',#8878,#7092,#7093);
#5935=AXIS2_PLACEMENT_3D('',#8880,#7094,#7095);
#5936=AXIS2_PLACEMENT_3D('',#8882,#7096,#7097);
#5937=AXIS2_PLACEMENT_3D('',#8884,#7098,#7099);
#5938=AXIS2_PLACEMENT_3D('',#8886,#7100,#7101);
#5939=AXIS2_PLACEMENT_3D('',#8888,#7102,#7103);
#5940=AXIS2_PLACEMENT_3D('',#8890,#7104,#7105);
#5941=AXIS2_PLACEMENT_3D('',#8892,#7106,#7107);
#5942=AXIS2_PLACEMENT_3D('',#8894,#7108,#7109);
#5943=AXIS2_PLACEMENT_3D('',#8896,#7110,#7111);
#5944=AXIS2_PLACEMENT_3D('',#8898,#7112,#7113);
#5945=AXIS2_PLACEMENT_3D('',#8900,#7114,#7115);
#5946=AXIS2_PLACEMENT_3D('',#8902,#7116,#7117);
#5947=AXIS2_PLACEMENT_3D('',#8904,#7118,#7119);
#5948=AXIS2_PLACEMENT_3D('',#8906,#7120,#7121);
#5949=AXIS2_PLACEMENT_3D('',#8908,#7122,#7123);
#5950=AXIS2_PLACEMENT_3D('',#8910,#7124,#7125);
#5951=AXIS2_PLACEMENT_3D('',#8912,#7126,#7127);
#5952=AXIS2_PLACEMENT_3D('',#8914,#7128,#7129);
#5953=AXIS2_PLACEMENT_3D('',#8916,#7130,#7131);
#5954=AXIS2_PLACEMENT_3D('',#8918,#7132,#7133);
#5955=AXIS2_PLACEMENT_3D('',#8920,#7134,#7135);
#5956=AXIS2_PLACEMENT_3D('',#8922,#7136,#7137);
#5957=AXIS2_PLACEMENT_3D('',#8924,#7138,#7139);
#5958=AXIS2_PLACEMENT_3D('',#8926,#7140,#7141);
#5959=AXIS2_PLACEMENT_3D('',#8928,#7142,#7143);
#5960=AXIS2_PLACEMENT_3D('',#8930,#7144,#7145);
#5961=AXIS2_PLACEMENT_3D('',#8932,#7146,#7147);
#5962=AXIS2_PLACEMENT_3D('',#8934,#7148,#7149);
#5963=AXIS2_PLACEMENT_3D('',#8936,#7150,#7151);
#5964=AXIS2_PLACEMENT_3D('',#8937,#7152,#7153);
#5965=AXIS2_PLACEMENT_3D('',#8941,#7156,#7157);
#5966=AXIS2_PLACEMENT_3D('',#8943,#7158,#7159);
#5967=AXIS2_PLACEMENT_3D('',#8945,#7161,#7162);
#5968=AXIS2_PLACEMENT_3D('',#8949,#7164,#7165);
#5969=AXIS2_PLACEMENT_3D('',#8951,#7167,#7168);
#5970=AXIS2_PLACEMENT_3D('',#8955,#7171,#7172);
#5971=AXIS2_PLACEMENT_3D('',#8957,#7173,#7174);
#5972=AXIS2_PLACEMENT_3D('',#8959,#7176,#7177);
#5973=AXIS2_PLACEMENT_3D('',#8962,#7178,#7179);
#5974=AXIS2_PLACEMENT_3D('',#8965,#7182,#7183);
#5975=AXIS2_PLACEMENT_3D('',#8969,#7186,#7187);
#5976=AXIS2_PLACEMENT_3D('',#8970,#7188,#7189);
#5977=AXIS2_PLACEMENT_3D('',#8971,#7190,#7191);
#5978=AXIS2_PLACEMENT_3D('',#8975,#7193,#7194);
#5979=AXIS2_PLACEMENT_3D('',#8977,#7196,#7197);
#5980=AXIS2_PLACEMENT_3D('',#8981,#7200,#7201);
#5981=AXIS2_PLACEMENT_3D('',#8984,#7202,#7203);
#5982=AXIS2_PLACEMENT_3D('',#8987,#7206,#7207);
#5983=AXIS2_PLACEMENT_3D('',#8991,#7210,#7211);
#5984=AXIS2_PLACEMENT_3D('',#8993,#7212,#7213);
#5985=AXIS2_PLACEMENT_3D('',#8995,#7215,#7216);
#5986=AXIS2_PLACEMENT_3D('',#8997,#7217,#7218);
#5987=AXIS2_PLACEMENT_3D('',#8999,#7220,#7221);
#5988=AXIS2_PLACEMENT_3D('',#9002,#7222,#7223);
#5989=AXIS2_PLACEMENT_3D('',#9005,#7226,#7227);
#5990=AXIS2_PLACEMENT_3D('',#9009,#7230,#7231);
#5991=AXIS2_PLACEMENT_3D('',#9011,#7232,#7233);
#5992=AXIS2_PLACEMENT_3D('',#9013,#7235,#7236);
#5993=AXIS2_PLACEMENT_3D('',#9016,#7237,#7238);
#5994=AXIS2_PLACEMENT_3D('',#9019,#7241,#7242);
#5995=AXIS2_PLACEMENT_3D('',#9023,#7245,#7246);
#5996=AXIS2_PLACEMENT_3D('',#9025,#7247,#7248);
#5997=AXIS2_PLACEMENT_3D('',#9027,#7250,#7251);
#5998=AXIS2_PLACEMENT_3D('',#9030,#7252,#7253);
#5999=AXIS2_PLACEMENT_3D('',#9033,#7256,#7257);
#6000=AXIS2_PLACEMENT_3D('',#9037,#7260,#7261);
#6001=AXIS2_PLACEMENT_3D('',#9039,#7262,#7263);
#6002=AXIS2_PLACEMENT_3D('',#9041,#7265,#7266);
#6003=AXIS2_PLACEMENT_3D('',#9044,#7267,#7268);
#6004=AXIS2_PLACEMENT_3D('',#9047,#7271,#7272);
#6005=AXIS2_PLACEMENT_3D('',#9051,#7275,#7276);
#6006=AXIS2_PLACEMENT_3D('',#9053,#7277,#7278);
#6007=AXIS2_PLACEMENT_3D('',#9055,#7280,#7281);
#6008=AXIS2_PLACEMENT_3D('',#9058,#7282,#7283);
#6009=AXIS2_PLACEMENT_3D('',#9061,#7286,#7287);
#6010=AXIS2_PLACEMENT_3D('',#9065,#7290,#7291);
#6011=AXIS2_PLACEMENT_3D('',#9067,#7292,#7293);
#6012=AXIS2_PLACEMENT_3D('',#9069,#7295,#7296);
#6013=AXIS2_PLACEMENT_3D('',#9072,#7297,#7298);
#6014=AXIS2_PLACEMENT_3D('',#9075,#7301,#7302);
#6015=AXIS2_PLACEMENT_3D('',#9079,#7305,#7306);
#6016=AXIS2_PLACEMENT_3D('',#9081,#7307,#7308);
#6017=AXIS2_PLACEMENT_3D('',#9083,#7310,#7311);
#6018=AXIS2_PLACEMENT_3D('',#9086,#7314,#7315);
#6019=AXIS2_PLACEMENT_3D('',#9089,#7318,#7319);
#6020=AXIS2_PLACEMENT_3D('',#9092,#7322,#7323);
#6021=AXIS2_PLACEMENT_3D('',#9098,#7327,#7328);
#6022=AXIS2_PLACEMENT_3D('',#9101,#7331,#7332);
#6023=AXIS2_PLACEMENT_3D('',#9104,#7335,#7336);
#6024=AXIS2_PLACEMENT_3D('',#9110,#7340,#7341);
#6025=AXIS2_PLACEMENT_3D('',#9113,#7344,#7345);
#6026=AXIS2_PLACEMENT_3D('',#9117,#7348,#7349);
#6027=AXIS2_PLACEMENT_3D('',#9119,#7351,#7352);
#6028=AXIS2_PLACEMENT_3D('',#9121,#7354,#7355);
#6029=AXIS2_PLACEMENT_3D('',#9125,#7358,#7359);
#6030=AXIS2_PLACEMENT_3D('',#9128,#7362,#7363);
#6031=AXIS2_PLACEMENT_3D('',#9130,#7365,#7366);
#6032=AXIS2_PLACEMENT_3D('',#9136,#7370,#7371);
#6033=AXIS2_PLACEMENT_3D('',#9139,#7374,#7375);
#6034=AXIS2_PLACEMENT_3D('',#9142,#7378,#7379);
#6035=AXIS2_PLACEMENT_3D('',#9148,#7383,#7384);
#6036=AXIS2_PLACEMENT_3D('',#9151,#7387,#7388);
#6037=AXIS2_PLACEMENT_3D('',#9153,#7390,#7391);
#6038=AXIS2_PLACEMENT_3D('',#9154,#7392,#7393);
#6039=AXIS2_PLACEMENT_3D('',#9155,#7394,#7395);
#6040=AXIS2_PLACEMENT_3D('',#9157,#7397,#7398);
#6041=AXIS2_PLACEMENT_3D('',#9158,#7399,#7400);
#6042=AXIS2_PLACEMENT_3D('',#9198,#7436,#7437);
#6043=AXIS2_PLACEMENT_3D('',#9200,#7438,#7439);
#6044=AXIS2_PLACEMENT_3D('',#9202,#7440,#7441);
#6045=AXIS2_PLACEMENT_3D('',#9204,#7442,#7443);
#6046=AXIS2_PLACEMENT_3D('',#9206,#7444,#7445);
#6047=AXIS2_PLACEMENT_3D('',#9208,#7446,#7447);
#6048=AXIS2_PLACEMENT_3D('',#9210,#7448,#7449);
#6049=AXIS2_PLACEMENT_3D('',#9212,#7450,#7451);
#6050=AXIS2_PLACEMENT_3D('',#9214,#7452,#7453);
#6051=AXIS2_PLACEMENT_3D('',#9216,#7454,#7455);
#6052=AXIS2_PLACEMENT_3D('',#9218,#7456,#7457);
#6053=AXIS2_PLACEMENT_3D('',#9220,#7458,#7459);
#6054=AXIS2_PLACEMENT_3D('',#9222,#7460,#7461);
#6055=AXIS2_PLACEMENT_3D('',#9224,#7462,#7463);
#6056=AXIS2_PLACEMENT_3D('',#9226,#7464,#7465);
#6057=AXIS2_PLACEMENT_3D('',#9228,#7466,#7467);
#6058=AXIS2_PLACEMENT_3D('',#9230,#7468,#7469);
#6059=AXIS2_PLACEMENT_3D('',#9232,#7470,#7471);
#6060=AXIS2_PLACEMENT_3D('',#9234,#7472,#7473);
#6061=AXIS2_PLACEMENT_3D('',#9236,#7474,#7475);
#6062=AXIS2_PLACEMENT_3D('',#9238,#7476,#7477);
#6063=AXIS2_PLACEMENT_3D('',#9240,#7478,#7479);
#6064=AXIS2_PLACEMENT_3D('',#9242,#7480,#7481);
#6065=AXIS2_PLACEMENT_3D('',#9244,#7482,#7483);
#6066=AXIS2_PLACEMENT_3D('',#9246,#7484,#7485);
#6067=AXIS2_PLACEMENT_3D('',#9248,#7486,#7487);
#6068=AXIS2_PLACEMENT_3D('',#9250,#7488,#7489);
#6069=AXIS2_PLACEMENT_3D('',#9252,#7490,#7491);
#6070=AXIS2_PLACEMENT_3D('',#9254,#7492,#7493);
#6071=AXIS2_PLACEMENT_3D('',#9256,#7494,#7495);
#6072=AXIS2_PLACEMENT_3D('',#9258,#7496,#7497);
#6073=AXIS2_PLACEMENT_3D('',#9260,#7498,#7499);
#6074=AXIS2_PLACEMENT_3D('',#9262,#7500,#7501);
#6075=AXIS2_PLACEMENT_3D('',#9264,#7502,#7503);
#6076=AXIS2_PLACEMENT_3D('',#9266,#7504,#7505);
#6077=AXIS2_PLACEMENT_3D('',#9268,#7506,#7507);
#6078=AXIS2_PLACEMENT_3D('',#9270,#7508,#7509);
#6079=AXIS2_PLACEMENT_3D('',#9272,#7510,#7511);
#6080=AXIS2_PLACEMENT_3D('',#9274,#7512,#7513);
#6081=AXIS2_PLACEMENT_3D('',#9276,#7514,#7515);
#6082=AXIS2_PLACEMENT_3D('',#9278,#7516,#7517);
#6083=AXIS2_PLACEMENT_3D('',#9280,#7518,#7519);
#6084=AXIS2_PLACEMENT_3D('',#9282,#7520,#7521);
#6085=AXIS2_PLACEMENT_3D('',#9284,#7522,#7523);
#6086=AXIS2_PLACEMENT_3D('',#9285,#7524,#7525);
#6087=AXIS2_PLACEMENT_3D('',#9287,#7527,#7528);
#6088=AXIS2_PLACEMENT_3D('',#9288,#7529,#7530);
#6089=AXIS2_PLACEMENT_3D('',#9289,#7531,#7532);
#6090=AXIS2_PLACEMENT_3D('',#9290,#7533,#7534);
#6091=AXIS2_PLACEMENT_3D('',#9292,#7536,#7537);
#6092=AXIS2_PLACEMENT_3D('',#9293,#7538,#7539);
#6093=AXIS2_PLACEMENT_3D('',#9294,#7540,#7541);
#6094=AXIS2_PLACEMENT_3D('',#9295,#7542,#7543);
#6095=AXIS2_PLACEMENT_3D('',#9297,#7544,#7545);
#6096=AXIS2_PLACEMENT_3D('',#9299,#7547,#7548);
#6097=AXIS2_PLACEMENT_3D('',#9301,#7549,#7550);
#6098=AXIS2_PLACEMENT_3D('',#9303,#7552,#7553);
#6099=AXIS2_PLACEMENT_3D('',#9305,#7554,#7555);
#6100=AXIS2_PLACEMENT_3D('',#9307,#7557,#7558);
#6101=AXIS2_PLACEMENT_3D('',#9309,#7559,#7560);
#6102=AXIS2_PLACEMENT_3D('',#9311,#7562,#7563);
#6103=AXIS2_PLACEMENT_3D('',#9313,#7564,#7565);
#6104=AXIS2_PLACEMENT_3D('',#9315,#7567,#7568);
#6105=AXIS2_PLACEMENT_3D('',#9318,#7571,#7572);
#6106=AXIS2_PLACEMENT_3D('',#9321,#7575,#7576);
#6107=AXIS2_PLACEMENT_3D('',#9323,#7578,#7579);
#6108=AXIS2_PLACEMENT_3D('',#9325,#7581,#7582);
#6109=AXIS2_PLACEMENT_3D('',#9326,#7583,#7584);
#6110=AXIS2_PLACEMENT_3D('',#9328,#7586,#7587);
#6111=AXIS2_PLACEMENT_3D('',#9330,#7589,#7590);
#6112=AXIS2_PLACEMENT_3D('',#9333,#7593,#7594);
#6113=AXIS2_PLACEMENT_3D('',#9335,#7596,#7597);
#6114=AXIS2_PLACEMENT_3D('',#9336,#7598,#7599);
#6115=AXIS2_PLACEMENT_3D('',#9337,#7600,#7601);
#6116=AXIS2_PLACEMENT_3D('',#9339,#7602,#7603);
#6117=AXIS2_PLACEMENT_3D('',#9341,#7605,#7606);
#6118=AXIS2_PLACEMENT_3D('',#9343,#7607,#7608);
#6119=AXIS2_PLACEMENT_3D('',#9345,#7610,#7611);
#6120=AXIS2_PLACEMENT_3D('',#9347,#7612,#7613);
#6121=AXIS2_PLACEMENT_3D('',#9349,#7615,#7616);
#6122=AXIS2_PLACEMENT_3D('',#9351,#7617,#7618);
#6123=AXIS2_PLACEMENT_3D('',#9353,#7620,#7621);
#6124=AXIS2_PLACEMENT_3D('',#9355,#7622,#7623);
#6125=AXIS2_PLACEMENT_3D('',#9357,#7625,#7626);
#6126=AXIS2_PLACEMENT_3D('',#9359,#7627,#7628);
#6127=AXIS2_PLACEMENT_3D('',#9361,#7630,#7631);
#6128=AXIS2_PLACEMENT_3D('',#9365,#7634,#7635);
#6129=AXIS2_PLACEMENT_3D('',#9368,#7638,#7639);
#6130=AXIS2_PLACEMENT_3D('',#9371,#7642,#7643);
#6131=AXIS2_PLACEMENT_3D('',#9372,#7644,#7645);
#6132=AXIS2_PLACEMENT_3D('',#9373,#7646,#7647);
#6133=AXIS2_PLACEMENT_3D('',#9377,#7651,#7652);
#6134=AXIS2_PLACEMENT_3D('',#9380,#7655,#7656);
#6135=AXIS2_PLACEMENT_3D('',#9382,#7658,#7659);
#6136=AXIS2_PLACEMENT_3D('',#9384,#7661,#7662);
#6137=AXIS2_PLACEMENT_3D('',#9385,#7663,#7664);
#6138=AXIS2_PLACEMENT_3D('',#9386,#7665,#7666);
#6139=AXIS2_PLACEMENT_3D('',#9387,#7667,#7668);
#6140=AXIS2_PLACEMENT_3D('',#9388,#7669,#7670);
#6141=AXIS2_PLACEMENT_3D('',#9390,#7672,#7673);
#6142=AXIS2_PLACEMENT_3D('',#9392,#7675,#7676);
#6143=AXIS2_PLACEMENT_3D('',#9394,#7678,#7679);
#6144=AXIS2_PLACEMENT_3D('',#9396,#7681,#7682);
#6145=AXIS2_PLACEMENT_3D('',#9398,#7684,#7685);
#6146=AXIS2_PLACEMENT_3D('',#9400,#7687,#7688);
#6147=AXIS2_PLACEMENT_3D('',#9402,#7690,#7691);
#6148=AXIS2_PLACEMENT_3D('',#9404,#7693,#7694);
#6149=AXIS2_PLACEMENT_3D('',#9406,#7696,#7697);
#6150=AXIS2_PLACEMENT_3D('',#9408,#7699,#7700);
#6151=AXIS2_PLACEMENT_3D('',#9410,#7702,#7703);
#6152=AXIS2_PLACEMENT_3D('',#9412,#7705,#7706);
#6153=AXIS2_PLACEMENT_3D('',#9414,#7708,#7709);
#6154=AXIS2_PLACEMENT_3D('',#9416,#7711,#7712);
#6155=AXIS2_PLACEMENT_3D('',#9418,#7714,#7715);
#6156=AXIS2_PLACEMENT_3D('',#9420,#7717,#7718);
#6157=AXIS2_PLACEMENT_3D('',#9422,#7720,#7721);
#6158=AXIS2_PLACEMENT_3D('',#9424,#7723,#7724);
#6159=AXIS2_PLACEMENT_3D('',#9426,#7726,#7727);
#6160=AXIS2_PLACEMENT_3D('',#9428,#7729,#7730);
#6161=AXIS2_PLACEMENT_3D('',#9430,#7732,#7733);
#6162=AXIS2_PLACEMENT_3D('',#9432,#7735,#7736);
#6163=AXIS2_PLACEMENT_3D('',#9434,#7738,#7739);
#6164=AXIS2_PLACEMENT_3D('',#9436,#7741,#7742);
#6165=AXIS2_PLACEMENT_3D('',#9438,#7744,#7745);
#6166=AXIS2_PLACEMENT_3D('',#9440,#7747,#7748);
#6167=AXIS2_PLACEMENT_3D('',#9442,#7750,#7751);
#6168=AXIS2_PLACEMENT_3D('',#9444,#7753,#7754);
#6169=AXIS2_PLACEMENT_3D('',#9446,#7756,#7757);
#6170=AXIS2_PLACEMENT_3D('',#9448,#7759,#7760);
#6171=AXIS2_PLACEMENT_3D('',#9450,#7762,#7763);
#6172=AXIS2_PLACEMENT_3D('',#9452,#7765,#7766);
#6173=AXIS2_PLACEMENT_3D('',#9454,#7768,#7769);
#6174=AXIS2_PLACEMENT_3D('',#9456,#7771,#7772);
#6175=AXIS2_PLACEMENT_3D('',#9458,#7774,#7775);
#6176=AXIS2_PLACEMENT_3D('',#9460,#7777,#7778);
#6177=AXIS2_PLACEMENT_3D('',#9462,#7780,#7781);
#6178=AXIS2_PLACEMENT_3D('',#9464,#7783,#7784);
#6179=AXIS2_PLACEMENT_3D('',#9466,#7786,#7787);
#6180=AXIS2_PLACEMENT_3D('',#9468,#7789,#7790);
#6181=AXIS2_PLACEMENT_3D('',#9470,#7792,#7793);
#6182=AXIS2_PLACEMENT_3D('',#9472,#7795,#7796);
#6183=AXIS2_PLACEMENT_3D('',#9474,#7798,#7799);
#6184=AXIS2_PLACEMENT_3D('',#9476,#7801,#7802);
#6185=AXIS2_PLACEMENT_3D('',#9477,#7803,#7804);
#6186=AXIS2_PLACEMENT_3D('',#9478,#7805,#7806);
#6187=AXIS2_PLACEMENT_3D('',#9479,#7807,#7808);
#6188=AXIS2_PLACEMENT_3D('',#9480,#7809,#7810);
#6189=AXIS2_PLACEMENT_3D('',#9481,#7811,#7812);
#6190=AXIS2_PLACEMENT_3D('',#9482,#7813,#7814);
#6191=AXIS2_PLACEMENT_3D('',#9483,#7815,#7816);
#6192=AXIS2_PLACEMENT_3D('',#9484,#7817,#7818);
#6193=AXIS2_PLACEMENT_3D('',#9485,#7819,#7820);
#6194=AXIS2_PLACEMENT_3D('',#9486,#7821,#7822);
#6195=AXIS2_PLACEMENT_3D('',#9487,#7823,#7824);
#6196=AXIS2_PLACEMENT_3D('',#9488,#7825,#7826);
#6197=AXIS2_PLACEMENT_3D('',#9489,#7827,#7828);
#6198=AXIS2_PLACEMENT_3D('',#9490,#7829,#7830);
#6199=AXIS2_PLACEMENT_3D('',#9491,#7831,#7832);
#6200=AXIS2_PLACEMENT_3D('',#9492,#7833,#7834);
#6201=AXIS2_PLACEMENT_3D('',#9493,#7835,#7836);
#6202=AXIS2_PLACEMENT_3D('',#9494,#7837,#7838);
#6203=AXIS2_PLACEMENT_3D('',#9495,#7839,#7840);
#6204=AXIS2_PLACEMENT_3D('',#9496,#7841,#7842);
#6205=AXIS2_PLACEMENT_3D('',#9497,#7843,#7844);
#6206=AXIS2_PLACEMENT_3D('',#9498,#7845,#7846);
#6207=AXIS2_PLACEMENT_3D('',#9499,#7847,#7848);
#6208=AXIS2_PLACEMENT_3D('',#9500,#7849,#7850);
#6209=AXIS2_PLACEMENT_3D('',#9501,#7851,#7852);
#6210=DIRECTION('axis',(0.,0.,1.));
#6211=DIRECTION('refdir',(1.,0.,0.));
#6212=DIRECTION('center_axis',(-4.0081134544379E-49,0.707106781186546,-0.707106781186549));
#6213=DIRECTION('ref_axis',(-1.,-8.5528470722949E-49,0.));
#6214=DIRECTION('',(4.0081134544379E-49,-0.707106781186546,0.707106781186549));
#6215=DIRECTION('',(4.0081134544379E-49,-0.707106781186546,0.707106781186549));
#6216=DIRECTION('center_axis',(4.0081134544379E-49,-0.707106781186546,0.707106781186549));
#6217=DIRECTION('ref_axis',(-1.,-8.5528470722949E-49,0.));
#6218=DIRECTION('',(-4.0081134544379E-49,0.707106781186546,-0.707106781186549));
#6219=DIRECTION('center_axis',(-4.0081134544379E-49,0.707106781186546,-0.707106781186549));
#6220=DIRECTION('ref_axis',(-1.,-8.5528470722949E-49,0.));
#6221=DIRECTION('',(-4.0081134544379E-49,0.707106781186546,-0.707106781186549));
#6222=DIRECTION('',(-4.0081134544379E-49,0.707106781186546,-0.707106781186549));
#6223=DIRECTION('center_axis',(1.,-1.23259516440783E-32,4.78959436048521E-48));
#6224=DIRECTION('ref_axis',(-8.71576399210522E-33,-0.707106781186546,0.707106781186549));
#6225=DIRECTION('',(-8.71576399210521E-33,-0.707106781186544,0.707106781186551));
#6226=DIRECTION('',(-3.94745964311158E-15,0.707106781186555,0.70710678118654));
#6227=DIRECTION('',(8.71576399210527E-33,0.70710678118654,-0.707106781186555));
#6228=DIRECTION('',(7.8949192862234E-15,-0.707106781186555,-0.70710678118654));
#6229=DIRECTION('center_axis',(-1.,1.23259516440783E-32,-4.78959436048521E-48));
#6230=DIRECTION('ref_axis',(8.71576399210522E-33,0.707106781186546,-0.707106781186549));
#6231=DIRECTION('',(8.71576399210521E-33,0.707106781186544,-0.707106781186551));
#6232=DIRECTION('',(1.45262733201756E-31,0.707106781186555,0.70710678118654));
#6233=DIRECTION('',(-8.71576399210527E-33,-0.70710678118654,0.707106781186555));
#6234=DIRECTION('',(-7.26313666008758E-32,-0.707106781186555,-0.70710678118654));
#6235=DIRECTION('center_axis',(1.,-1.23259516440783E-32,4.78959436048521E-48));
#6236=DIRECTION('ref_axis',(-8.71576399210522E-33,-0.707106781186546,0.707106781186549));
#6237=DIRECTION('',(-8.71576399210521E-33,-0.707106781186544,0.707106781186551));
#6238=DIRECTION('',(7.26313666008758E-32,0.707106781186555,0.70710678118654));
#6239=DIRECTION('',(8.71576399210527E-33,0.70710678118654,-0.707106781186555));
#6240=DIRECTION('',(-1.45262733201756E-31,-0.707106781186555,-0.70710678118654));
#6241=DIRECTION('center_axis',(-1.,1.23259516440783E-32,-4.78959436048521E-48));
#6242=DIRECTION('ref_axis',(8.71576399210522E-33,0.707106781186546,-0.707106781186549));
#6243=DIRECTION('',(8.71576399210521E-33,0.707106781186544,-0.707106781186551));
#6244=DIRECTION('',(1.45262733201756E-31,0.707106781186555,0.70710678118654));
#6245=DIRECTION('',(-8.71576399210527E-33,-0.70710678118654,0.707106781186555));
#6246=DIRECTION('',(-7.26313666008758E-32,-0.707106781186555,-0.70710678118654));
#6247=DIRECTION('center_axis',(1.,-1.23259516440783E-32,4.78959436048521E-48));
#6248=DIRECTION('ref_axis',(-8.71576399210522E-33,-0.707106781186546,0.707106781186549));
#6249=DIRECTION('',(-8.71576399210521E-33,-0.707106781186544,0.707106781186551));
#6250=DIRECTION('',(7.26313666008758E-32,0.707106781186555,0.70710678118654));
#6251=DIRECTION('',(8.71576399210527E-33,0.70710678118654,-0.707106781186555));
#6252=DIRECTION('',(-1.45262733201756E-31,-0.707106781186555,-0.70710678118654));
#6253=DIRECTION('center_axis',(-1.,1.23259516440783E-32,-4.78959436048521E-48));
#6254=DIRECTION('ref_axis',(8.71576399210522E-33,0.707106781186546,-0.707106781186549));
#6255=DIRECTION('',(8.71576399210521E-33,0.707106781186544,-0.707106781186551));
#6256=DIRECTION('',(1.45262733201756E-31,0.707106781186555,0.70710678118654));
#6257=DIRECTION('',(-8.71576399210527E-33,-0.70710678118654,0.707106781186555));
#6258=DIRECTION('',(-7.26313666008758E-32,-0.707106781186555,-0.70710678118654));
#6259=DIRECTION('center_axis',(1.,-1.23259516440783E-32,4.78959436048521E-48));
#6260=DIRECTION('ref_axis',(-8.71576399210522E-33,-0.707106781186546,0.707106781186549));
#6261=DIRECTION('',(-8.71576399210521E-33,-0.707106781186544,0.707106781186551));
#6262=DIRECTION('',(7.26313666008758E-32,0.707106781186555,0.70710678118654));
#6263=DIRECTION('',(8.71576399210527E-33,0.70710678118654,-0.707106781186555));
#6264=DIRECTION('',(-1.45262733201756E-31,-0.707106781186555,-0.70710678118654));
#6265=DIRECTION('center_axis',(-1.,-1.1842378929335E-15,-4.43734259186819E-30));
#6266=DIRECTION('ref_axis',(-8.37382644631344E-16,0.707106781186546,-0.707106781186549));
#6267=DIRECTION('',(-8.37382644631343E-16,0.707106781186544,-0.707106781186551));
#6268=DIRECTION('',(1.45262733201756E-31,0.707106781186555,0.70710678118654));
#6269=DIRECTION('',(8.37382644631348E-16,-0.70710678118654,0.707106781186555));
#6270=DIRECTION('',(-7.26313666008758E-32,-0.707106781186555,-0.70710678118654));
#6271=DIRECTION('center_axis',(1.,-8.71576399210527E-33,-8.71576399210523E-33));
#6272=DIRECTION('ref_axis',(1.3684555315672E-48,-0.707106781186546,0.707106781186549));
#6273=DIRECTION('',(8.71576399210523E-33,0.707106781186546,-0.707106781186549));
#6274=DIRECTION('',(-1.71193772834421E-32,-0.707106781186549,-0.707106781186546));
#6275=DIRECTION('',(4.0081134544379E-49,-0.707106781186546,0.707106781186549));
#6276=DIRECTION('',(8.55968864172104E-33,0.707106781186549,0.707106781186546));
#6277=DIRECTION('center_axis',(-1.,8.71576399210527E-33,8.71576399210523E-33));
#6278=DIRECTION('ref_axis',(-1.3684555315672E-48,0.707106781186546,-0.707106781186549));
#6279=DIRECTION('',(-8.71576399210523E-33,-0.707106781186546,0.707106781186549));
#6280=DIRECTION('',(-8.55968864172104E-33,-0.707106781186549,-0.707106781186546));
#6281=DIRECTION('',(-4.0081134544379E-49,0.707106781186546,-0.707106781186549));
#6282=DIRECTION('',(1.71193772834421E-32,0.707106781186549,0.707106781186546));
#6283=DIRECTION('center_axis',(-1.,8.71576399210527E-33,8.71576399210523E-33));
#6284=DIRECTION('ref_axis',(-1.3684555315672E-48,0.707106781186546,-0.707106781186549));
#6285=DIRECTION('',(-8.71576399210523E-33,-0.707106781186546,0.707106781186549));
#6286=DIRECTION('',(-8.55968864172104E-33,-0.707106781186549,-0.707106781186546));
#6287=DIRECTION('',(-4.0081134544379E-49,0.707106781186546,-0.707106781186549));
#6288=DIRECTION('',(1.71193772834421E-32,0.707106781186549,0.707106781186546));
#6289=DIRECTION('center_axis',(1.,-8.71576399210527E-33,-8.71576399210523E-33));
#6290=DIRECTION('ref_axis',(1.3684555315672E-48,-0.707106781186546,0.707106781186549));
#6291=DIRECTION('',(8.71576399210523E-33,0.707106781186546,-0.707106781186549));
#6292=DIRECTION('',(-1.71193772834421E-32,-0.707106781186549,-0.707106781186546));
#6293=DIRECTION('',(4.0081134544379E-49,-0.707106781186546,0.707106781186549));
#6294=DIRECTION('',(8.55968864172104E-33,0.707106781186549,0.707106781186546));
#6295=DIRECTION('center_axis',(-1.,8.71576399210527E-33,8.71576399210523E-33));
#6296=DIRECTION('ref_axis',(-1.3684555315672E-48,0.707106781186546,-0.707106781186549));
#6297=DIRECTION('',(-8.71576399210523E-33,-0.707106781186546,0.707106781186549));
#6298=DIRECTION('',(-8.55968864172104E-33,-0.707106781186549,-0.707106781186546));
#6299=DIRECTION('',(-4.0081134544379E-49,0.707106781186546,-0.707106781186549));
#6300=DIRECTION('',(1.71193772834421E-32,0.707106781186549,0.707106781186546));
#6301=DIRECTION('center_axis',(1.,-8.71576399210527E-33,-8.71576399210523E-33));
#6302=DIRECTION('ref_axis',(1.3684555315672E-48,-0.707106781186546,0.707106781186549));
#6303=DIRECTION('',(8.71576399210523E-33,0.707106781186546,-0.707106781186549));
#6304=DIRECTION('',(-1.71193772834421E-32,-0.707106781186549,-0.707106781186546));
#6305=DIRECTION('',(4.0081134544379E-49,-0.707106781186546,0.707106781186549));
#6306=DIRECTION('',(8.55968864172104E-33,0.707106781186549,0.707106781186546));
#6307=DIRECTION('center_axis',(-1.,-8.37382644631342E-16,-8.37382644631352E-16));
#6308=DIRECTION('ref_axis',(9.87050033878391E-30,0.707106781186546,-0.707106781186549));
#6309=DIRECTION('',(8.37382644631345E-16,-0.707106781186546,0.707106781186549));
#6310=DIRECTION('',(8.22387425648263E-16,-0.707106781186549,-0.707106781186546));
#6311=DIRECTION('',(-4.0081134544379E-49,0.707106781186546,-0.707106781186549));
#6312=DIRECTION('',(-1.64477485129653E-15,0.707106781186549,0.707106781186546));
#6313=DIRECTION('center_axis',(1.,-8.71576399210527E-33,-8.71576399210523E-33));
#6314=DIRECTION('ref_axis',(1.3684555315672E-48,-0.707106781186546,0.707106781186549));
#6315=DIRECTION('',(8.71576399210523E-33,0.707106781186546,-0.707106781186549));
#6316=DIRECTION('',(-1.71193772834421E-32,-0.707106781186549,-0.707106781186546));
#6317=DIRECTION('',(4.0081134544379E-49,-0.707106781186546,0.707106781186549));
#6318=DIRECTION('',(8.55968864172104E-33,0.707106781186549,0.707106781186546));
#6319=DIRECTION('center_axis',(-1.,-1.3684555315672E-48,-1.3684555315672E-48));
#6320=DIRECTION('ref_axis',(-1.3684555315672E-48,-0.707106781186549,-0.707106781186546));
#6321=DIRECTION('',(1.3684555315672E-48,0.707106781186549,0.707106781186546));
#6322=DIRECTION('',(4.0081134544379E-49,-0.707106781186546,0.707106781186549));
#6323=DIRECTION('',(-1.3684555315672E-48,-0.707106781186549,-0.707106781186546));
#6324=DIRECTION('center_axis',(-4.0081134544379E-49,0.707106781186546,-0.707106781186549));
#6325=DIRECTION('ref_axis',(1.71056941445901E-48,0.707106781186549,0.707106781186546));
#6326=DIRECTION('center_axis',(-4.0081134544379E-49,0.707106781186546,-0.707106781186549));
#6327=DIRECTION('ref_axis',(1.71056941445901E-48,0.707106781186549,0.707106781186546));
#6328=DIRECTION('',(4.0081134544379E-49,-0.707106781186546,0.707106781186549));
#6329=DIRECTION('center_axis',(4.0081134544379E-49,-0.707106781186546,0.707106781186549));
#6330=DIRECTION('ref_axis',(1.71056941445901E-48,0.707106781186549,0.707106781186546));
#6331=DIRECTION('center_axis',(-1.3684555315672E-48,-0.707106781186549,
-0.707106781186546));
#6332=DIRECTION('ref_axis',(9.67644186123414E-49,0.707106781186546,-0.707106781186549));
#6333=DIRECTION('',(1.,-1.50031057163117E-14,1.50031057163117E-14));
#6334=DIRECTION('',(-2.06140170638997E-14,-0.707106781186546,0.707106781186549));
#6335=DIRECTION('',(1.,-1.50031057163117E-14,1.50031057163117E-14));
#6336=DIRECTION('center_axis',(8.71576399210527E-33,0.70710678118654,-0.707106781186555));
#6337=DIRECTION('ref_axis',(-0.707106781186552,-0.500000000000002,-0.499999999999991));
#6338=DIRECTION('center_axis',(-4.96387458125962E-50,-0.707106781186537,
0.707106781186558));
#6339=DIRECTION('ref_axis',(-0.707106781186552,-0.500000000000002,-0.499999999999991));
#6340=DIRECTION('',(8.71576399210527E-33,0.70710678118654,-0.707106781186555));
#6341=DIRECTION('center_axis',(6.16471586492231E-49,0.707106781186537,-0.707106781186558));
#6342=DIRECTION('ref_axis',(-0.707106781186552,-0.500000000000002,-0.499999999999991));
#6343=DIRECTION('center_axis',(0.,-0.707106781186555,-0.70710678118654));
#6344=DIRECTION('ref_axis',(-1.,-1.3684555315672E-48,-1.3684555315672E-48));
#6345=DIRECTION('',(-1.,-1.3684555315672E-48,-1.3684555315672E-48));
#6346=DIRECTION('',(-8.71576399210527E-33,-0.70710678118654,0.707106781186555));
#6347=DIRECTION('',(1.,1.3684555315672E-48,1.3684555315672E-48));
#6348=DIRECTION('center_axis',(-4.0081134544379E-49,0.707106781186546,-0.707106781186549));
#6349=DIRECTION('ref_axis',(-0.707106781186535,0.50000000000001,0.500000000000008));
#6350=DIRECTION('center_axis',(4.0081134544379E-49,-0.707106781186546,0.707106781186549));
#6351=DIRECTION('ref_axis',(-0.707106781186535,0.50000000000001,0.500000000000008));
#6352=DIRECTION('center_axis',(-4.0081134544379E-49,0.707106781186546,-0.707106781186549));
#6353=DIRECTION('ref_axis',(-0.707106781186535,0.50000000000001,0.500000000000008));
#6354=DIRECTION('',(4.0081134544379E-49,-0.707106781186546,0.707106781186549));
#6355=DIRECTION('center_axis',(-1.,1.23259516440783E-32,-1.3684555315672E-48));
#6356=DIRECTION('ref_axis',(1.23259516440783E-32,1.,0.));
#6357=DIRECTION('',(-8.71576399210527E-33,-0.707106781186549,-0.707106781186546));
#6358=DIRECTION('',(8.71576399210527E-33,0.707106781186549,0.707106781186546));
#6359=DIRECTION('center_axis',(-4.0081134544379E-49,0.707106781186546,-0.707106781186549));
#6360=DIRECTION('ref_axis',(0.707106781186547,0.500000000000001,0.499999999999999));
#6361=DIRECTION('center_axis',(4.0081134544379E-49,-0.707106781186546,0.707106781186549));
#6362=DIRECTION('ref_axis',(0.707106781186547,0.500000000000001,0.499999999999999));
#6363=DIRECTION('',(-4.0081134544379E-49,0.707106781186546,-0.707106781186549));
#6364=DIRECTION('center_axis',(-4.0081134544379E-49,0.707106781186546,-0.707106781186549));
#6365=DIRECTION('ref_axis',(0.707106781186547,0.500000000000001,0.499999999999999));
#6366=DIRECTION('center_axis',(1.23259516440783E-32,0.707106781186549,0.707106781186546));
#6367=DIRECTION('ref_axis',(1.,-4.24221214785833E-47,-1.74315279842105E-32));
#6368=DIRECTION('',(-1.,8.71576399210527E-33,8.71576399210523E-33));
#6369=DIRECTION('',(1.,-8.71576399210527E-33,-8.71576399210523E-33));
#6370=DIRECTION('center_axis',(-8.71576399210527E-33,-0.70710678118654,
0.707106781186555));
#6371=DIRECTION('ref_axis',(0.707106781186553,-0.500000000000001,-0.499999999999992));
#6372=DIRECTION('center_axis',(6.16471586492231E-49,0.707106781186537,-0.707106781186558));
#6373=DIRECTION('ref_axis',(0.707106781186553,-0.500000000000001,-0.499999999999992));
#6374=DIRECTION('center_axis',(-4.96387458125962E-50,-0.707106781186537,
0.707106781186558));
#6375=DIRECTION('ref_axis',(0.707106781186553,-0.500000000000001,-0.499999999999992));
#6376=DIRECTION('center_axis',(-4.0081134544379E-49,0.707106781186546,-0.707106781186549));
#6377=DIRECTION('ref_axis',(0.707106781186541,0.500000000000006,0.500000000000003));
#6378=DIRECTION('center_axis',(4.0081134544379E-49,-0.707106781186546,0.707106781186549));
#6379=DIRECTION('ref_axis',(0.707106781186541,0.500000000000006,0.500000000000003));
#6380=DIRECTION('',(-4.0081134544379E-49,0.707106781186546,-0.707106781186549));
#6381=DIRECTION('center_axis',(-4.0081134544379E-49,0.707106781186546,-0.707106781186549));
#6382=DIRECTION('ref_axis',(0.707106781186541,0.500000000000006,0.500000000000003));
#6383=DIRECTION('center_axis',(1.23259516440783E-32,0.707106781186549,0.707106781186546));
#6384=DIRECTION('ref_axis',(1.,-4.24221214785833E-47,-1.74315279842105E-32));
#6385=DIRECTION('',(1.,-8.71576399210527E-33,-8.71576399210523E-33));
#6386=DIRECTION('',(4.0081134544379E-49,-0.707106781186546,0.707106781186549));
#6387=DIRECTION('',(-1.,8.71576399210527E-33,8.71576399210523E-33));
#6388=DIRECTION('center_axis',(-8.71576399210527E-33,-0.70710678118654,
0.707106781186555));
#6389=DIRECTION('ref_axis',(0.70710678118655,-0.500000000000003,-0.499999999999994));
#6390=DIRECTION('center_axis',(6.16471586492231E-49,0.707106781186537,-0.707106781186558));
#6391=DIRECTION('ref_axis',(0.70710678118655,-0.500000000000003,-0.499999999999994));
#6392=DIRECTION('',(-8.71576399210527E-33,-0.70710678118654,0.707106781186555));
#6393=DIRECTION('center_axis',(-4.96387458125962E-50,-0.707106781186537,
0.707106781186558));
#6394=DIRECTION('ref_axis',(0.70710678118655,-0.500000000000003,-0.499999999999994));
#6395=DIRECTION('center_axis',(0.,-0.707106781186555,-0.70710678118654));
#6396=DIRECTION('ref_axis',(-1.,-1.3684555315672E-48,-1.3684555315672E-48));
#6397=DIRECTION('',(1.,1.3684555315672E-48,1.3684555315672E-48));
#6398=DIRECTION('',(8.71576399210527E-33,0.70710678118654,-0.707106781186555));
#6399=DIRECTION('',(-1.,-1.3684555315672E-48,-1.3684555315672E-48));
#6400=DIRECTION('center_axis',(8.71576399210527E-33,0.70710678118654,-0.707106781186555));
#6401=DIRECTION('ref_axis',(-0.707106781186549,-0.500000000000005,-0.499999999999993));
#6402=DIRECTION('center_axis',(-4.96387458125962E-50,-0.707106781186537,
0.707106781186558));
#6403=DIRECTION('ref_axis',(-0.707106781186549,-0.500000000000005,-0.499999999999993));
#6404=DIRECTION('center_axis',(6.16471586492231E-49,0.707106781186537,-0.707106781186558));
#6405=DIRECTION('ref_axis',(-0.707106781186549,-0.500000000000005,-0.499999999999993));
#6406=DIRECTION('center_axis',(-4.0081134544379E-49,0.707106781186546,-0.707106781186549));
#6407=DIRECTION('ref_axis',(-0.707106781186544,0.500000000000004,0.500000000000001));
#6408=DIRECTION('center_axis',(4.0081134544379E-49,-0.707106781186546,0.707106781186549));
#6409=DIRECTION('ref_axis',(-0.707106781186544,0.500000000000004,0.500000000000001));
#6410=DIRECTION('center_axis',(-4.0081134544379E-49,0.707106781186546,-0.707106781186549));
#6411=DIRECTION('ref_axis',(-0.707106781186544,0.500000000000004,0.500000000000001));
#6412=DIRECTION('center_axis',(-1.,1.23259516440783E-32,-1.3684555315672E-48));
#6413=DIRECTION('ref_axis',(1.23259516440783E-32,1.,0.));
#6414=DIRECTION('',(-8.71576399210527E-33,-0.707106781186549,-0.707106781186546));
#6415=DIRECTION('',(8.71576399210527E-33,0.707106781186549,0.707106781186546));
#6416=DIRECTION('center_axis',(-4.0081134544379E-49,0.707106781186546,-0.707106781186549));
#6417=DIRECTION('ref_axis',(-0.707106781186554,0.499999999999997,0.499999999999994));
#6418=DIRECTION('center_axis',(4.0081134544379E-49,-0.707106781186546,0.707106781186549));
#6419=DIRECTION('ref_axis',(-0.707106781186554,0.499999999999997,0.499999999999994));
#6420=DIRECTION('center_axis',(-4.0081134544379E-49,0.707106781186546,-0.707106781186549));
#6421=DIRECTION('ref_axis',(-0.707106781186554,0.499999999999997,0.499999999999994));
#6422=DIRECTION('',(4.0081134544379E-49,-0.707106781186546,0.707106781186549));
#6423=DIRECTION('center_axis',(-1.,-1.1842378929335E-15,0.));
#6424=DIRECTION('ref_axis',(-1.1842378929335E-15,1.,0.));
#6425=DIRECTION('',(-1.04589167905263E-31,-0.707106781186549,-0.707106781186546));
#6426=DIRECTION('',(1.04589167905263E-31,0.707106781186549,0.707106781186546));
#6427=DIRECTION('center_axis',(-8.37382644631349E-16,0.70710678118654,-0.707106781186555));
#6428=DIRECTION('ref_axis',(-0.707106781186553,-0.500000000000001,-0.499999999999992));
#6429=DIRECTION('center_axis',(-4.96387458125962E-50,-0.707106781186537,
0.707106781186558));
#6430=DIRECTION('ref_axis',(-0.707106781186553,-0.500000000000001,-0.499999999999992));
#6431=DIRECTION('',(-8.37382644631348E-16,0.70710678118654,-0.707106781186555));
#6432=DIRECTION('center_axis',(6.16471586492231E-49,0.707106781186537,-0.707106781186558));
#6433=DIRECTION('ref_axis',(-0.707106781186553,-0.500000000000001,-0.499999999999992));
#6434=DIRECTION('center_axis',(0.,-0.707106781186555,-0.70710678118654));
#6435=DIRECTION('ref_axis',(-1.,-1.3684555315672E-48,-1.3684555315672E-48));
#6436=DIRECTION('',(-1.,-1.3684555315672E-48,-1.3684555315672E-48));
#6437=DIRECTION('',(-8.71576399210527E-33,-0.70710678118654,0.707106781186555));
#6438=DIRECTION('',(1.,1.3684555315672E-48,1.3684555315672E-48));
#6439=DIRECTION('center_axis',(-4.0081134544379E-49,0.707106781186546,-0.707106781186549));
#6440=DIRECTION('ref_axis',(0.70710678118656,0.499999999999992,0.49999999999999));
#6441=DIRECTION('center_axis',(4.0081134544379E-49,-0.707106781186546,0.707106781186549));
#6442=DIRECTION('ref_axis',(0.70710678118656,0.499999999999992,0.49999999999999));
#6443=DIRECTION('',(-4.0081134544379E-49,0.707106781186546,-0.707106781186549));
#6444=DIRECTION('center_axis',(-4.0081134544379E-49,0.707106781186546,-0.707106781186549));
#6445=DIRECTION('ref_axis',(0.70710678118656,0.499999999999992,0.49999999999999));
#6446=DIRECTION('center_axis',(-8.88178419700125E-16,0.707106781186549,
0.707106781186546));
#6447=DIRECTION('ref_axis',(1.,6.28036983473512E-16,6.28036983473509E-16));
#6448=DIRECTION('',(-1.,-6.28036983473512E-16,-6.28036983473509E-16));
#6449=DIRECTION('',(1.,6.28036983473512E-16,6.28036983473509E-16));
#6450=DIRECTION('center_axis',(-8.71576399210527E-33,-0.70710678118654,
0.707106781186555));
#6451=DIRECTION('ref_axis',(0.707106781186552,-0.500000000000002,-0.499999999999991));
#6452=DIRECTION('center_axis',(6.16471586492231E-49,0.707106781186537,-0.707106781186558));
#6453=DIRECTION('ref_axis',(0.707106781186552,-0.500000000000002,-0.499999999999991));
#6454=DIRECTION('center_axis',(-4.96387458125962E-50,-0.707106781186537,
0.707106781186558));
#6455=DIRECTION('ref_axis',(0.707106781186552,-0.500000000000002,-0.499999999999991));
#6456=DIRECTION('center_axis',(-4.0081134544379E-49,0.707106781186546,-0.707106781186549));
#6457=DIRECTION('ref_axis',(0.707106781186547,0.500000000000001,0.499999999999999));
#6458=DIRECTION('center_axis',(4.0081134544379E-49,-0.707106781186546,0.707106781186549));
#6459=DIRECTION('ref_axis',(0.707106781186547,0.500000000000001,0.499999999999999));
#6460=DIRECTION('',(-4.0081134544379E-49,0.707106781186546,-0.707106781186549));
#6461=DIRECTION('center_axis',(-4.0081134544379E-49,0.707106781186546,-0.707106781186549));
#6462=DIRECTION('ref_axis',(0.707106781186547,0.500000000000001,0.499999999999999));
#6463=DIRECTION('center_axis',(-6.45947941600091E-16,0.707106781186549,
0.707106781186546));
#6464=DIRECTION('ref_axis',(1.,4.56754169798918E-16,4.56754169798915E-16));
#6465=DIRECTION('',(1.,4.56754169798918E-16,4.56754169798915E-16));
#6466=DIRECTION('',(4.0081134544379E-49,-0.707106781186546,0.707106781186549));
#6467=DIRECTION('',(-1.,-4.56754169798918E-16,-4.56754169798915E-16));
#6468=DIRECTION('center_axis',(-8.71576399210527E-33,-0.70710678118654,
0.707106781186555));
#6469=DIRECTION('ref_axis',(0.707106781186553,-0.500000000000001,-0.499999999999992));
#6470=DIRECTION('center_axis',(6.16471586492231E-49,0.707106781186537,-0.707106781186558));
#6471=DIRECTION('ref_axis',(0.707106781186553,-0.500000000000001,-0.499999999999992));
#6472=DIRECTION('',(-8.71576399210527E-33,-0.70710678118654,0.707106781186555));
#6473=DIRECTION('center_axis',(-4.96387458125962E-50,-0.707106781186537,
0.707106781186558));
#6474=DIRECTION('ref_axis',(0.707106781186553,-0.500000000000001,-0.499999999999992));
#6475=DIRECTION('center_axis',(0.,-0.707106781186555,-0.70710678118654));
#6476=DIRECTION('ref_axis',(-1.,-1.3684555315672E-48,-1.3684555315672E-48));
#6477=DIRECTION('',(1.,1.3684555315672E-48,1.3684555315672E-48));
#6478=DIRECTION('',(8.71576399210527E-33,0.70710678118654,-0.707106781186555));
#6479=DIRECTION('',(-1.,-1.3684555315672E-48,-1.3684555315672E-48));
#6480=DIRECTION('center_axis',(8.71576399210527E-33,0.70710678118654,-0.707106781186555));
#6481=DIRECTION('ref_axis',(-0.707106781186553,-0.500000000000001,-0.499999999999992));
#6482=DIRECTION('center_axis',(-4.96387458125962E-50,-0.707106781186537,
0.707106781186558));
#6483=DIRECTION('ref_axis',(-0.707106781186553,-0.500000000000001,-0.499999999999992));
#6484=DIRECTION('center_axis',(6.16471586492231E-49,0.707106781186537,-0.707106781186558));
#6485=DIRECTION('ref_axis',(-0.707106781186553,-0.500000000000001,-0.499999999999992));
#6486=DIRECTION('center_axis',(-4.0081134544379E-49,0.707106781186546,-0.707106781186549));
#6487=DIRECTION('ref_axis',(-0.70710678118656,0.499999999999992,0.49999999999999));
#6488=DIRECTION('center_axis',(4.0081134544379E-49,-0.707106781186546,0.707106781186549));
#6489=DIRECTION('ref_axis',(-0.70710678118656,0.499999999999992,0.49999999999999));
#6490=DIRECTION('center_axis',(-4.0081134544379E-49,0.707106781186546,-0.707106781186549));
#6491=DIRECTION('ref_axis',(-0.70710678118656,0.499999999999992,0.49999999999999));
#6492=DIRECTION('center_axis',(-1.,1.23259516440783E-32,-1.3684555315672E-48));
#6493=DIRECTION('ref_axis',(1.23259516440783E-32,1.,0.));
#6494=DIRECTION('',(-1.04589167905263E-31,-0.707106781186549,-0.707106781186546));
#6495=DIRECTION('',(1.04589167905263E-31,0.707106781186549,0.707106781186546));
#6496=DIRECTION('center_axis',(-9.09094911337569E-15,-0.707106781186546,
0.707106781186549));
#6497=DIRECTION('ref_axis',(0.707106781186551,0.499999999999997,0.499999999999998));
#6498=DIRECTION('center_axis',(9.09094911337569E-15,0.707106781186546,-0.707106781186549));
#6499=DIRECTION('ref_axis',(0.707106781186551,0.499999999999997,0.499999999999998));
#6500=DIRECTION('',(9.09094911337569E-15,0.707106781186546,-0.707106781186549));
#6501=DIRECTION('center_axis',(7.38741556956838E-15,-0.707106781186546,
0.707106781186549));
#6502=DIRECTION('ref_axis',(0.707106781186551,0.499999999999997,0.499999999999998));
#6503=DIRECTION('',(-9.09094911337569E-15,-0.707106781186546,0.707106781186549));
#6504=DIRECTION('center_axis',(2.32541258976027E-16,0.707106781186549,0.707106781186546));
#6505=DIRECTION('ref_axis',(-1.,6.59270326661738E-15,-6.2638402643622E-15));
#6506=DIRECTION('',(-1.,-1.64828464688325E-14,1.72684636408867E-14));
#6507=DIRECTION('',(-9.09094911337569E-15,-0.707106781186546,0.707106781186549));
#6508=DIRECTION('',(-1.,6.59270326661738E-15,-6.2638402643622E-15));
#6509=DIRECTION('center_axis',(0.,0.707106781186546,-0.707106781186549));
#6510=DIRECTION('ref_axis',(8.71576399210527E-33,0.707106781186549,0.707106781186546));
#6511=DIRECTION('',(-5.67477228694592E-16,-0.707106781186549,-0.707106781186546));
#6512=DIRECTION('center_axis',(7.38741556956838E-15,-0.707106781186546,
0.707106781186549));
#6513=DIRECTION('ref_axis',(0.707106781186542,-0.500000000000007,-0.500000000000001));
#6514=DIRECTION('',(-1.,-1.64828464688325E-14,1.72684636408867E-14));
#6515=DIRECTION('',(2.32541258976027E-16,0.707106781186549,0.707106781186546));
#6516=DIRECTION('center_axis',(7.38741556956838E-15,-0.707106781186546,
0.707106781186549));
#6517=DIRECTION('ref_axis',(0.707106781186555,0.499999999999995,0.499999999999995));
#6518=DIRECTION('center_axis',(7.38741556956838E-15,-0.707106781186546,
0.707106781186549));
#6519=DIRECTION('ref_axis',(0.707106781186555,0.499999999999995,0.499999999999995));
#6520=DIRECTION('center_axis',(7.38741556956838E-15,-0.707106781186546,
0.707106781186549));
#6521=DIRECTION('ref_axis',(0.707106781186555,0.499999999999995,0.499999999999995));
#6522=DIRECTION('center_axis',(-9.09094911337569E-15,-0.707106781186546,
0.707106781186549));
#6523=DIRECTION('ref_axis',(0.707106781186542,-0.500000000000007,-0.500000000000001));
#6524=DIRECTION('center_axis',(9.09094911337569E-15,0.707106781186546,-0.707106781186549));
#6525=DIRECTION('ref_axis',(0.707106781186542,-0.500000000000007,-0.500000000000001));
#6526=DIRECTION('',(9.09094911337569E-15,0.707106781186546,-0.707106781186549));
#6527=DIRECTION('',(-9.09094911337569E-15,-0.707106781186546,0.707106781186549));
#6528=DIRECTION('center_axis',(-5.55515229776073E-16,-0.707106781186549,
-0.707106781186546));
#6529=DIRECTION('ref_axis',(1.,1.64828464688324E-14,-1.72684636408867E-14));
#6530=DIRECTION('',(1.,1.64828464688325E-14,-1.72684636408867E-14));
#6531=DIRECTION('',(9.09094911337569E-15,0.707106781186546,-0.707106781186549));
#6532=DIRECTION('center_axis',(-4.96387458125962E-50,-0.707106781186537,
0.707106781186558));
#6533=DIRECTION('ref_axis',(0.707106781186547,-0.50000000000001,-0.499999999999991));
#6534=DIRECTION('center_axis',(4.96387458125962E-50,0.707106781186537,-0.707106781186558));
#6535=DIRECTION('ref_axis',(0.707106781186547,-0.50000000000001,-0.499999999999991));
#6536=DIRECTION('',(4.96387458125962E-50,0.707106781186537,-0.707106781186558));
#6537=DIRECTION('center_axis',(-6.16471586492231E-49,-0.707106781186537,
0.707106781186558));
#6538=DIRECTION('ref_axis',(0.707106781186547,-0.50000000000001,-0.499999999999991));
#6539=DIRECTION('',(-4.96387458125962E-50,-0.707106781186537,0.707106781186558));
#6540=DIRECTION('center_axis',(0.,0.707106781186546,-0.707106781186549));
#6541=DIRECTION('ref_axis',(8.71576399210527E-33,0.707106781186549,0.707106781186546));
#6542=DIRECTION('',(-1.,-1.3684555315672E-48,-1.3684555315672E-48));
#6543=DIRECTION('center_axis',(-6.16471586492231E-49,-0.707106781186537,
0.707106781186558));
#6544=DIRECTION('ref_axis',(-0.707106781186554,-0.500000000000007,-0.499999999999984));
#6545=DIRECTION('',(0.,0.707106781186558,0.707106781186537));
#6546=DIRECTION('',(1.,1.3684555315672E-48,1.3684555315672E-48));
#6547=DIRECTION('',(1.,1.3684555315672E-48,1.3684555315672E-48));
#6548=DIRECTION('',(1.,1.3684555315672E-48,1.3684555315672E-48));
#6549=DIRECTION('',(1.,1.3684555315672E-48,1.3684555315672E-48));
#6550=DIRECTION('',(1.,1.3684555315672E-48,1.3684555315672E-48));
#6551=DIRECTION('',(0.,0.707106781186558,0.707106781186537));
#6552=DIRECTION('center_axis',(-6.16471586492231E-49,-0.707106781186537,
0.707106781186558));
#6553=DIRECTION('ref_axis',(0.,-0.707106781186558,-0.707106781186537));
#6554=DIRECTION('center_axis',(-6.16471586492231E-49,-0.707106781186537,
0.707106781186558));
#6555=DIRECTION('ref_axis',(0.,-0.707106781186558,-0.707106781186537));
#6556=DIRECTION('center_axis',(-6.16471586492231E-49,-0.707106781186537,
0.707106781186558));
#6557=DIRECTION('ref_axis',(0.,-0.707106781186558,-0.707106781186537));
#6558=DIRECTION('center_axis',(-6.16471586492231E-49,-0.707106781186537,
0.707106781186558));
#6559=DIRECTION('ref_axis',(0.,-0.707106781186558,-0.707106781186537));
#6560=DIRECTION('center_axis',(-6.16471586492231E-49,-0.707106781186537,
0.707106781186558));
#6561=DIRECTION('ref_axis',(0.,-0.707106781186558,-0.707106781186537));
#6562=DIRECTION('center_axis',(0.,-0.707106781186558,-0.707106781186537));
#6563=DIRECTION('ref_axis',(1.,1.3684555315672E-48,1.3684555315672E-48));
#6564=DIRECTION('',(1.,1.3684555315672E-48,1.3684555315672E-48));
#6565=DIRECTION('',(-4.96387458125962E-50,-0.707106781186537,0.707106781186558));
#6566=DIRECTION('center_axis',(-2.06140170638998E-14,-0.707106781186546,
0.707106781186549));
#6567=DIRECTION('ref_axis',(-0.707106781186551,0.500000000000009,0.499999999999987));
#6568=DIRECTION('center_axis',(2.06140170638998E-14,0.707106781186546,-0.707106781186549));
#6569=DIRECTION('ref_axis',(-0.707106781186551,0.500000000000009,0.499999999999987));
#6570=DIRECTION('',(2.06140170638997E-14,0.707106781186546,-0.707106781186549));
#6571=DIRECTION('center_axis',(-2.06446332338784E-14,-0.707106781186546,
0.707106781186549));
#6572=DIRECTION('ref_axis',(-0.707106781186551,0.500000000000009,0.499999999999987));
#6573=DIRECTION('',(-2.06140170638997E-14,-0.707106781186546,0.707106781186549));
#6574=DIRECTION('center_axis',(-1.,1.48089175435541E-14,-1.43437049632034E-14));
#6575=DIRECTION('ref_axis',(-3.28954970259305E-16,-0.707106781186549,-0.707106781186546));
#6576=DIRECTION('',(3.28954970259305E-16,0.707106781186549,0.707106781186546));
#6577=DIRECTION('',(2.06140170638997E-14,0.707106781186546,-0.707106781186549));
#6578=DIRECTION('',(-3.28954970259305E-16,-0.707106781186549,-0.707106781186546));
#6579=DIRECTION('center_axis',(0.,0.707106781186546,-0.707106781186549));
#6580=DIRECTION('ref_axis',(8.71576399210527E-33,0.707106781186549,0.707106781186546));
#6581=DIRECTION('',(1.,-1.48479861410899E-14,1.43912319712911E-14));
#6582=DIRECTION('',(-5.62435223474121E-46,-0.707106781186549,-0.707106781186546));
#6583=DIRECTION('',(1.,-1.48479861410899E-14,1.43912319712911E-14));
#6584=DIRECTION('center_axis',(-2.06446332338784E-14,-0.707106781186546,
0.707106781186549));
#6585=DIRECTION('ref_axis',(-0.707106781186543,-0.499999999999995,-0.500000000000012));
#6586=DIRECTION('center_axis',(-2.06446332338784E-14,-0.707106781186546,
0.707106781186549));
#6587=DIRECTION('ref_axis',(-0.707106781186554,0.500000000000019,0.499999999999971));
#6588=DIRECTION('center_axis',(-2.06446332338784E-14,-0.707106781186546,
0.707106781186549));
#6589=DIRECTION('ref_axis',(-0.707106781186554,0.500000000000019,0.499999999999971));
#6590=DIRECTION('center_axis',(-2.06446332338784E-14,-0.707106781186546,
0.707106781186549));
#6591=DIRECTION('ref_axis',(-0.707106781186554,0.500000000000019,0.499999999999971));
#6592=DIRECTION('center_axis',(-2.06140170638998E-14,-0.707106781186546,
0.707106781186549));
#6593=DIRECTION('ref_axis',(-0.707106781186543,-0.499999999999995,-0.500000000000012));
#6594=DIRECTION('center_axis',(2.06140170638998E-14,0.707106781186546,-0.707106781186549));
#6595=DIRECTION('ref_axis',(-0.707106781186543,-0.499999999999995,-0.500000000000012));
#6596=DIRECTION('',(-2.06140170638997E-14,-0.707106781186546,0.707106781186549));
#6597=DIRECTION('center_axis',(-1.3684555315672E-48,-0.707106781186549,
-0.707106781186546));
#6598=DIRECTION('ref_axis',(1.,-1.45763112533787E-14,1.45763112533788E-14));
#6599=DIRECTION('',(1.,-1.45763112533787E-14,1.45763112533788E-14));
#6600=DIRECTION('center_axis',(-4.96387458125962E-50,-0.707106781186537,
0.707106781186558));
#6601=DIRECTION('ref_axis',(-0.707106781186554,-0.500000000000007,-0.499999999999984));
#6602=DIRECTION('center_axis',(4.96387458125962E-50,0.707106781186537,-0.707106781186558));
#6603=DIRECTION('ref_axis',(-0.707106781186554,-0.500000000000007,-0.499999999999984));
#6604=DIRECTION('',(4.96387458125962E-50,0.707106781186537,-0.707106781186558));
#6605=DIRECTION('center_axis',(4.0081134544379E-49,-0.707106781186546,0.707106781186549));
#6606=DIRECTION('ref_axis',(0.382683432365088,0.653281482438191,0.653281482438187));
#6607=DIRECTION('center_axis',(-4.0081134544379E-49,0.707106781186546,-0.707106781186549));
#6608=DIRECTION('ref_axis',(0.382683432365088,0.653281482438191,0.653281482438187));
#6609=DIRECTION('',(4.0081134544379E-49,-0.707106781186546,0.707106781186549));
#6610=DIRECTION('center_axis',(4.0081134544379E-49,-0.707106781186546,0.707106781186549));
#6611=DIRECTION('ref_axis',(0.382683432365088,0.653281482438191,0.653281482438187));
#6612=DIRECTION('',(-4.0081134544379E-49,0.707106781186546,-0.707106781186549));
#6613=DIRECTION('center_axis',(-0.707106781186532,-0.500000000000012,-0.50000000000001));
#6614=DIRECTION('ref_axis',(-0.707106781186563,0.499999999999991,0.499999999999988));
#6615=DIRECTION('',(-0.707106781186563,0.499999999999991,0.499999999999988));
#6616=DIRECTION('',(-4.0081134544379E-49,0.707106781186546,-0.707106781186549));
#6617=DIRECTION('',(0.707106781186563,-0.499999999999991,-0.499999999999988));
#6618=DIRECTION('center_axis',(-4.0081134544379E-49,0.707106781186546,-0.707106781186549));
#6619=DIRECTION('ref_axis',(0.923879532511287,0.270598050073098,0.270598050073097));
#6620=DIRECTION('center_axis',(4.0081134544379E-49,-0.707106781186546,0.707106781186549));
#6621=DIRECTION('ref_axis',(0.923879532511287,0.270598050073098,0.270598050073097));
#6622=DIRECTION('center_axis',(-4.0081134544379E-49,0.707106781186546,-0.707106781186549));
#6623=DIRECTION('ref_axis',(0.923879532511287,0.270598050073098,0.270598050073097));
#6624=DIRECTION('',(4.0081134544379E-49,-0.707106781186546,0.707106781186549));
#6625=DIRECTION('center_axis',(4.0081134544379E-49,-0.707106781186546,0.707106781186549));
#6626=DIRECTION('ref_axis',(0.923879532511291,-0.270598050073092,-0.27059805007309));
#6627=DIRECTION('center_axis',(-4.0081134544379E-49,0.707106781186546,-0.707106781186549));
#6628=DIRECTION('ref_axis',(0.923879532511291,-0.270598050073092,-0.27059805007309));
#6629=DIRECTION('',(4.0081134544379E-49,-0.707106781186546,0.707106781186549));
#6630=DIRECTION('center_axis',(4.0081134544379E-49,-0.707106781186546,0.707106781186549));
#6631=DIRECTION('ref_axis',(0.923879532511291,-0.270598050073092,-0.27059805007309));
#6632=DIRECTION('',(-4.0081134544379E-49,0.707106781186546,-0.707106781186549));
#6633=DIRECTION('center_axis',(-0.707106781186532,0.500000000000012,0.500000000000009));
#6634=DIRECTION('ref_axis',(0.707106781186562,0.499999999999991,0.499999999999988));
#6635=DIRECTION('',(0.707106781186562,0.499999999999991,0.499999999999988));
#6636=DIRECTION('',(-4.0081134544379E-49,0.707106781186546,-0.707106781186549));
#6637=DIRECTION('',(-0.707106781186562,-0.499999999999991,-0.499999999999988));
#6638=DIRECTION('center_axis',(-4.0081134544379E-49,0.707106781186546,-0.707106781186549));
#6639=DIRECTION('ref_axis',(0.382683432365088,-0.653281482438191,-0.653281482438187));
#6640=DIRECTION('center_axis',(4.0081134544379E-49,-0.707106781186546,0.707106781186549));
#6641=DIRECTION('ref_axis',(0.382683432365088,-0.653281482438191,-0.653281482438187));
#6642=DIRECTION('center_axis',(-4.0081134544379E-49,0.707106781186546,-0.707106781186549));
#6643=DIRECTION('ref_axis',(0.382683432365088,-0.653281482438191,-0.653281482438187));
#6644=DIRECTION('',(4.0081134544379E-49,-0.707106781186546,0.707106781186549));
#6645=DIRECTION('center_axis',(4.0081134544379E-49,-0.707106781186546,0.707106781186549));
#6646=DIRECTION('ref_axis',(-0.382683432365088,-0.653281482438191,-0.653281482438187));
#6647=DIRECTION('center_axis',(-4.0081134544379E-49,0.707106781186546,-0.707106781186549));
#6648=DIRECTION('ref_axis',(-0.382683432365088,-0.653281482438191,-0.653281482438187));
#6649=DIRECTION('',(4.0081134544379E-49,-0.707106781186546,0.707106781186549));
#6650=DIRECTION('center_axis',(4.0081134544379E-49,-0.707106781186546,0.707106781186549));
#6651=DIRECTION('ref_axis',(-0.382683432365088,-0.653281482438191,-0.653281482438187));
#6652=DIRECTION('',(-4.0081134544379E-49,0.707106781186546,-0.707106781186549));
#6653=DIRECTION('center_axis',(0.707106781186537,0.500000000000009,0.500000000000006));
#6654=DIRECTION('ref_axis',(0.707106781186558,-0.499999999999994,-0.499999999999991));
#6655=DIRECTION('',(0.707106781186558,-0.499999999999994,-0.499999999999991));
#6656=DIRECTION('',(-4.0081134544379E-49,0.707106781186546,-0.707106781186549));
#6657=DIRECTION('',(-0.707106781186558,0.499999999999994,0.499999999999991));
#6658=DIRECTION('center_axis',(-4.0081134544379E-49,0.707106781186546,-0.707106781186549));
#6659=DIRECTION('ref_axis',(-0.923879532511289,-0.270598050073095,-0.270598050073094));
#6660=DIRECTION('center_axis',(4.0081134544379E-49,-0.707106781186546,0.707106781186549));
#6661=DIRECTION('ref_axis',(-0.923879532511289,-0.270598050073095,-0.270598050073094));
#6662=DIRECTION('center_axis',(-4.0081134544379E-49,0.707106781186546,-0.707106781186549));
#6663=DIRECTION('ref_axis',(-0.923879532511289,-0.270598050073095,-0.270598050073094));
#6664=DIRECTION('',(4.0081134544379E-49,-0.707106781186546,0.707106781186549));
#6665=DIRECTION('center_axis',(4.0081134544379E-49,-0.707106781186546,0.707106781186549));
#6666=DIRECTION('ref_axis',(-0.92387953251128,0.27059805007311,0.270598050073109));
#6667=DIRECTION('center_axis',(-4.0081134544379E-49,0.707106781186546,-0.707106781186549));
#6668=DIRECTION('ref_axis',(-0.92387953251128,0.27059805007311,0.270598050073109));
#6669=DIRECTION('',(4.0081134544379E-49,-0.707106781186546,0.707106781186549));
#6670=DIRECTION('center_axis',(4.0081134544379E-49,-0.707106781186546,0.707106781186549));
#6671=DIRECTION('ref_axis',(-0.92387953251128,0.27059805007311,0.270598050073109));
#6672=DIRECTION('',(-4.0081134544379E-49,0.707106781186546,-0.707106781186549));
#6673=DIRECTION('center_axis',(0.707106781186545,-0.500000000000003,-0.500000000000001));
#6674=DIRECTION('ref_axis',(-0.70710678118655,-0.499999999999999,-0.499999999999997));
#6675=DIRECTION('',(-0.70710678118655,-0.499999999999999,-0.499999999999997));
#6676=DIRECTION('',(-4.0081134544379E-49,0.707106781186546,-0.707106781186549));
#6677=DIRECTION('',(0.70710678118655,0.499999999999999,0.499999999999997));
#6678=DIRECTION('center_axis',(-4.0081134544379E-49,0.707106781186546,-0.707106781186549));
#6679=DIRECTION('ref_axis',(-0.382683432365079,0.653281482438193,0.65328148243819));
#6680=DIRECTION('center_axis',(4.0081134544379E-49,-0.707106781186546,0.707106781186549));
#6681=DIRECTION('ref_axis',(-0.382683432365079,0.653281482438193,0.65328148243819));
#6682=DIRECTION('center_axis',(-4.0081134544379E-49,0.707106781186546,-0.707106781186549));
#6683=DIRECTION('ref_axis',(-0.382683432365079,0.653281482438193,0.65328148243819));
#6684=DIRECTION('',(4.0081134544379E-49,-0.707106781186546,0.707106781186549));
#6685=DIRECTION('center_axis',(-4.0081134544379E-49,0.707106781186546,-0.707106781186549));
#6686=DIRECTION('ref_axis',(0.382683432365099,0.653281482438187,0.653281482438184));
#6687=DIRECTION('center_axis',(4.0081134544379E-49,-0.707106781186546,0.707106781186549));
#6688=DIRECTION('ref_axis',(0.382683432365099,0.653281482438187,0.653281482438184));
#6689=DIRECTION('',(-4.0081134544379E-49,0.707106781186546,-0.707106781186549));
#6690=DIRECTION('center_axis',(-4.0081134544379E-49,0.707106781186546,-0.707106781186549));
#6691=DIRECTION('ref_axis',(0.382683432365099,0.653281482438187,0.653281482438184));
#6692=DIRECTION('',(4.0081134544379E-49,-0.707106781186546,0.707106781186549));
#6693=DIRECTION('center_axis',(-1.55930133373692E-15,-0.707106781186549,
-0.707106781186546));
#6694=DIRECTION('ref_axis',(-1.,1.10259254699861E-15,1.1025925469986E-15));
#6695=DIRECTION('',(1.,-1.10259254699861E-15,-1.1025925469986E-15));
#6696=DIRECTION('',(4.0081134544379E-49,-0.707106781186546,0.707106781186549));
#6697=DIRECTION('',(-1.,1.10259254699861E-15,1.1025925469986E-15));
#6698=DIRECTION('center_axis',(-4.0081134544379E-49,0.707106781186546,-0.707106781186549));
#6699=DIRECTION('ref_axis',(0.923879532511282,0.270598050073107,0.270598050073106));
#6700=DIRECTION('center_axis',(4.0081134544379E-49,-0.707106781186546,0.707106781186549));
#6701=DIRECTION('ref_axis',(0.923879532511282,0.270598050073107,0.270598050073106));
#6702=DIRECTION('',(-4.0081134544379E-49,0.707106781186546,-0.707106781186549));
#6703=DIRECTION('center_axis',(-4.0081134544379E-49,0.707106781186546,-0.707106781186549));
#6704=DIRECTION('ref_axis',(0.923879532511282,0.270598050073107,0.270598050073106));
#6705=DIRECTION('',(4.0081134544379E-49,-0.707106781186546,0.707106781186549));
#6706=DIRECTION('center_axis',(-0.707106781186547,-0.500000000000001,-0.499999999999999));
#6707=DIRECTION('ref_axis',(-0.707106781186547,0.500000000000001,0.499999999999999));
#6708=DIRECTION('',(-0.707106781186555,0.499999999999996,0.499999999999993));
#6709=DIRECTION('',(0.707106781186547,-0.500000000000001,-0.499999999999999));
#6710=DIRECTION('center_axis',(4.0081134544379E-49,-0.707106781186546,0.707106781186549));
#6711=DIRECTION('ref_axis',(0.923879532511278,-0.270598050073113,-0.270598050073112));
#6712=DIRECTION('center_axis',(-4.0081134544379E-49,0.707106781186546,-0.707106781186549));
#6713=DIRECTION('ref_axis',(0.923879532511278,-0.270598050073113,-0.270598050073112));
#6714=DIRECTION('',(4.0081134544379E-49,-0.707106781186546,0.707106781186549));
#6715=DIRECTION('center_axis',(4.0081134544379E-49,-0.707106781186546,0.707106781186549));
#6716=DIRECTION('ref_axis',(0.923879532511278,-0.270598050073113,-0.270598050073112));
#6717=DIRECTION('',(-4.0081134544379E-49,0.707106781186546,-0.707106781186549));
#6718=DIRECTION('center_axis',(-0.707106781186535,0.50000000000001,0.500000000000007));
#6719=DIRECTION('ref_axis',(0.707106781186559,0.499999999999993,0.49999999999999));
#6720=DIRECTION('',(0.707106781186559,0.499999999999993,0.49999999999999));
#6721=DIRECTION('',(-4.0081134544379E-49,0.707106781186546,-0.707106781186549));
#6722=DIRECTION('',(-0.707106781186559,-0.499999999999993,-0.49999999999999));
#6723=DIRECTION('center_axis',(-4.0081134544379E-49,0.707106781186546,-0.707106781186549));
#6724=DIRECTION('ref_axis',(0.382683432365079,-0.653281482438193,-0.65328148243819));
#6725=DIRECTION('center_axis',(4.0081134544379E-49,-0.707106781186546,0.707106781186549));
#6726=DIRECTION('ref_axis',(0.382683432365079,-0.653281482438193,-0.65328148243819));
#6727=DIRECTION('center_axis',(-4.0081134544379E-49,0.707106781186546,-0.707106781186549));
#6728=DIRECTION('ref_axis',(0.382683432365079,-0.653281482438193,-0.65328148243819));
#6729=DIRECTION('',(4.0081134544379E-49,-0.707106781186546,0.707106781186549));
#6730=DIRECTION('center_axis',(4.0081134544379E-49,-0.707106781186546,0.707106781186549));
#6731=DIRECTION('ref_axis',(-0.382683432365095,-0.653281482438189,-0.653281482438185));
#6732=DIRECTION('center_axis',(-4.0081134544379E-49,0.707106781186546,-0.707106781186549));
#6733=DIRECTION('ref_axis',(-0.382683432365095,-0.653281482438189,-0.653281482438185));
#6734=DIRECTION('',(4.0081134544379E-49,-0.707106781186546,0.707106781186549));
#6735=DIRECTION('center_axis',(4.0081134544379E-49,-0.707106781186546,0.707106781186549));
#6736=DIRECTION('ref_axis',(-0.382683432365095,-0.653281482438189,-0.653281482438185));
#6737=DIRECTION('',(-4.0081134544379E-49,0.707106781186546,-0.707106781186549));
#6738=DIRECTION('center_axis',(0.707106781186552,0.499999999999998,0.499999999999996));
#6739=DIRECTION('ref_axis',(0.707106781186543,-0.500000000000004,-0.500000000000002));
#6740=DIRECTION('',(0.707106781186543,-0.500000000000004,-0.500000000000002));
#6741=DIRECTION('',(-4.0081134544379E-49,0.707106781186546,-0.707106781186549));
#6742=DIRECTION('',(-0.707106781186543,0.500000000000004,0.500000000000002));
#6743=DIRECTION('center_axis',(-4.0081134544379E-49,0.707106781186546,-0.707106781186549));
#6744=DIRECTION('ref_axis',(-0.923879532511289,-0.270598050073096,-0.270598050073094));
#6745=DIRECTION('center_axis',(4.0081134544379E-49,-0.707106781186546,0.707106781186549));
#6746=DIRECTION('ref_axis',(-0.923879532511289,-0.270598050073096,-0.270598050073094));
#6747=DIRECTION('center_axis',(-4.0081134544379E-49,0.707106781186546,-0.707106781186549));
#6748=DIRECTION('ref_axis',(-0.923879532511289,-0.270598050073096,-0.270598050073094));
#6749=DIRECTION('',(4.0081134544379E-49,-0.707106781186546,0.707106781186549));
#6750=DIRECTION('center_axis',(4.0081134544379E-49,-0.707106781186546,0.707106781186549));
#6751=DIRECTION('ref_axis',(-0.923879532511305,0.270598050073068,0.270598050073067));
#6752=DIRECTION('center_axis',(-4.0081134544379E-49,0.707106781186546,-0.707106781186549));
#6753=DIRECTION('ref_axis',(-0.923879532511305,0.270598050073068,0.270598050073067));
#6754=DIRECTION('',(4.0081134544379E-49,-0.707106781186546,0.707106781186549));
#6755=DIRECTION('center_axis',(4.0081134544379E-49,-0.707106781186546,0.707106781186549));
#6756=DIRECTION('ref_axis',(-0.923879532511305,0.270598050073068,0.270598050073067));
#6757=DIRECTION('',(-4.0081134544379E-49,0.707106781186546,-0.707106781186549));
#6758=DIRECTION('center_axis',(0.70710678118662,-0.49999999999995,-0.499999999999948));
#6759=DIRECTION('ref_axis',(-0.707106781186475,-0.500000000000053,-0.50000000000005));
#6760=DIRECTION('',(-0.707106781186475,-0.500000000000053,-0.50000000000005));
#6761=DIRECTION('',(-4.0081134544379E-49,0.707106781186546,-0.707106781186549));
#6762=DIRECTION('',(0.707106781186475,0.500000000000053,0.50000000000005));
#6763=DIRECTION('center_axis',(-4.0081134544379E-49,0.707106781186546,-0.707106781186549));
#6764=DIRECTION('ref_axis',(-0.382683432365138,0.653281482438176,0.653281482438173));
#6765=DIRECTION('center_axis',(4.0081134544379E-49,-0.707106781186546,0.707106781186549));
#6766=DIRECTION('ref_axis',(-0.382683432365138,0.653281482438176,0.653281482438173));
#6767=DIRECTION('center_axis',(-4.0081134544379E-49,0.707106781186546,-0.707106781186549));
#6768=DIRECTION('ref_axis',(-0.382683432365138,0.653281482438176,0.653281482438173));
#6769=DIRECTION('center_axis',(4.0081134544379E-49,-0.707106781186546,0.707106781186549));
#6770=DIRECTION('ref_axis',(0.382683432365084,0.653281482438192,0.653281482438188));
#6771=DIRECTION('center_axis',(-4.0081134544379E-49,0.707106781186546,-0.707106781186549));
#6772=DIRECTION('ref_axis',(0.382683432365084,0.653281482438192,0.653281482438188));
#6773=DIRECTION('',(4.0081134544379E-49,-0.707106781186546,0.707106781186549));
#6774=DIRECTION('center_axis',(4.0081134544379E-49,-0.707106781186546,0.707106781186549));
#6775=DIRECTION('ref_axis',(0.382683432365084,0.653281482438192,0.653281482438188));
#6776=DIRECTION('',(-4.0081134544379E-49,0.707106781186546,-0.707106781186549));
#6777=DIRECTION('center_axis',(-0.707106781186542,-0.500000000000005,-0.500000000000002));
#6778=DIRECTION('ref_axis',(-0.707106781186552,0.499999999999998,0.499999999999995));
#6779=DIRECTION('',(-0.707106781186552,0.499999999999998,0.499999999999995));
#6780=DIRECTION('',(-4.0081134544379E-49,0.707106781186546,-0.707106781186549));
#6781=DIRECTION('',(0.707106781186552,-0.499999999999998,-0.499999999999995));
#6782=DIRECTION('center_axis',(-4.0081134544379E-49,0.707106781186546,-0.707106781186549));
#6783=DIRECTION('ref_axis',(0.923879532511289,0.270598050073095,0.270598050073094));
#6784=DIRECTION('center_axis',(4.0081134544379E-49,-0.707106781186546,0.707106781186549));
#6785=DIRECTION('ref_axis',(0.923879532511289,0.270598050073095,0.270598050073094));
#6786=DIRECTION('center_axis',(-4.0081134544379E-49,0.707106781186546,-0.707106781186549));
#6787=DIRECTION('ref_axis',(0.923879532511289,0.270598050073095,0.270598050073094));
#6788=DIRECTION('',(4.0081134544379E-49,-0.707106781186546,0.707106781186549));
#6789=DIRECTION('center_axis',(-4.0081134544379E-49,0.707106781186546,-0.707106781186549));
#6790=DIRECTION('ref_axis',(0.382683432365084,-0.653281482438192,-0.653281482438188));
#6791=DIRECTION('center_axis',(4.0081134544379E-49,-0.707106781186546,0.707106781186549));
#6792=DIRECTION('ref_axis',(0.382683432365084,-0.653281482438192,-0.653281482438188));
#6793=DIRECTION('',(-4.0081134544379E-49,0.707106781186546,-0.707106781186549));
#6794=DIRECTION('center_axis',(-4.0081134544379E-49,0.707106781186546,-0.707106781186549));
#6795=DIRECTION('ref_axis',(0.382683432365084,-0.653281482438192,-0.653281482438188));
#6796=DIRECTION('',(4.0081134544379E-49,-0.707106781186546,0.707106781186549));
#6797=DIRECTION('center_axis',(-0.707106781186545,0.500000000000003,0.500000000000001));
#6798=DIRECTION('ref_axis',(0.70710678118655,0.499999999999999,0.499999999999997));
#6799=DIRECTION('',(-0.70710678118655,-0.499999999999999,-0.499999999999997));
#6800=DIRECTION('',(4.0081134544379E-49,-0.707106781186546,0.707106781186549));
#6801=DIRECTION('',(0.70710678118655,0.499999999999999,0.499999999999997));
#6802=DIRECTION('center_axis',(4.0081134544379E-49,-0.707106781186546,0.707106781186549));
#6803=DIRECTION('ref_axis',(0.923879532511281,-0.27059805007311,-0.270598050073108));
#6804=DIRECTION('center_axis',(-4.0081134544379E-49,0.707106781186546,-0.707106781186549));
#6805=DIRECTION('ref_axis',(0.923879532511281,-0.27059805007311,-0.270598050073108));
#6806=DIRECTION('center_axis',(4.0081134544379E-49,-0.707106781186546,0.707106781186549));
#6807=DIRECTION('ref_axis',(0.923879532511281,-0.27059805007311,-0.270598050073108));
#6808=DIRECTION('',(-4.0081134544379E-49,0.707106781186546,-0.707106781186549));
#6809=DIRECTION('center_axis',(-4.0081134544379E-49,0.707106781186546,-0.707106781186549));
#6810=DIRECTION('ref_axis',(-0.923879532511291,-0.270598050073092,-0.27059805007309));
#6811=DIRECTION('center_axis',(4.0081134544379E-49,-0.707106781186546,0.707106781186549));
#6812=DIRECTION('ref_axis',(-0.923879532511291,-0.270598050073092,-0.27059805007309));
#6813=DIRECTION('',(-4.0081134544379E-49,0.707106781186546,-0.707106781186549));
#6814=DIRECTION('center_axis',(-4.0081134544379E-49,0.707106781186546,-0.707106781186549));
#6815=DIRECTION('ref_axis',(-0.923879532511291,-0.270598050073092,-0.27059805007309));
#6816=DIRECTION('',(4.0081134544379E-49,-0.707106781186546,0.707106781186549));
#6817=DIRECTION('center_axis',(0.707106781186555,0.499999999999996,0.499999999999993));
#6818=DIRECTION('ref_axis',(0.70710678118654,-0.500000000000007,-0.500000000000004));
#6819=DIRECTION('',(-0.70710678118654,0.500000000000007,0.500000000000004));
#6820=DIRECTION('',(4.0081134544379E-49,-0.707106781186546,0.707106781186549));
#6821=DIRECTION('',(0.70710678118654,-0.500000000000007,-0.500000000000004));
#6822=DIRECTION('center_axis',(4.0081134544379E-49,-0.707106781186546,0.707106781186549));
#6823=DIRECTION('ref_axis',(-0.382683432365099,-0.653281482438187,-0.653281482438184));
#6824=DIRECTION('center_axis',(-4.0081134544379E-49,0.707106781186546,-0.707106781186549));
#6825=DIRECTION('ref_axis',(-0.382683432365099,-0.653281482438187,-0.653281482438184));
#6826=DIRECTION('center_axis',(4.0081134544379E-49,-0.707106781186546,0.707106781186549));
#6827=DIRECTION('ref_axis',(-0.382683432365099,-0.653281482438187,-0.653281482438184));
#6828=DIRECTION('',(-4.0081134544379E-49,0.707106781186546,-0.707106781186549));
#6829=DIRECTION('center_axis',(-4.0081134544379E-49,0.707106781186546,-0.707106781186549));
#6830=DIRECTION('ref_axis',(-0.382683432365079,0.653281482438193,0.65328148243819));
#6831=DIRECTION('center_axis',(4.0081134544379E-49,-0.707106781186546,0.707106781186549));
#6832=DIRECTION('ref_axis',(-0.382683432365079,0.653281482438193,0.65328148243819));
#6833=DIRECTION('',(-4.0081134544379E-49,0.707106781186546,-0.707106781186549));
#6834=DIRECTION('center_axis',(-4.0081134544379E-49,0.707106781186546,-0.707106781186549));
#6835=DIRECTION('ref_axis',(-0.382683432365079,0.653281482438193,0.65328148243819));
#6836=DIRECTION('',(4.0081134544379E-49,-0.707106781186546,0.707106781186549));
#6837=DIRECTION('center_axis',(0.707106781186517,-0.500000000000023,-0.50000000000002));
#6838=DIRECTION('ref_axis',(-0.707106781186577,-0.49999999999998,-0.499999999999978));
#6839=DIRECTION('',(0.707106781186577,0.49999999999998,0.499999999999978));
#6840=DIRECTION('',(4.0081134544379E-49,-0.707106781186546,0.707106781186549));
#6841=DIRECTION('',(-0.707106781186577,-0.49999999999998,-0.499999999999978));
#6842=DIRECTION('center_axis',(4.0081134544379E-49,-0.707106781186546,0.707106781186549));
#6843=DIRECTION('ref_axis',(-0.923879532511278,0.270598050073113,0.270598050073112));
#6844=DIRECTION('center_axis',(-4.0081134544379E-49,0.707106781186546,-0.707106781186549));
#6845=DIRECTION('ref_axis',(-0.923879532511278,0.270598050073113,0.270598050073112));
#6846=DIRECTION('center_axis',(4.0081134544379E-49,-0.707106781186546,0.707106781186549));
#6847=DIRECTION('ref_axis',(-0.923879532511278,0.270598050073113,0.270598050073112));
#6848=DIRECTION('',(-4.0081134544379E-49,0.707106781186546,-0.707106781186549));
#6849=DIRECTION('center_axis',(4.0081134544379E-49,-0.707106781186546,0.707106781186549));
#6850=DIRECTION('ref_axis',(-0.382683432365048,-0.653281482438202,-0.653281482438199));
#6851=DIRECTION('center_axis',(-4.0081134544379E-49,0.707106781186546,-0.707106781186549));
#6852=DIRECTION('ref_axis',(-0.382683432365048,-0.653281482438202,-0.653281482438199));
#6853=DIRECTION('',(4.0081134544379E-49,-0.707106781186546,0.707106781186549));
#6854=DIRECTION('center_axis',(4.0081134544379E-49,-0.707106781186546,0.707106781186549));
#6855=DIRECTION('ref_axis',(-0.382683432365048,-0.653281482438202,-0.653281482438199));
#6856=DIRECTION('',(-4.0081134544379E-49,0.707106781186546,-0.707106781186549));
#6857=DIRECTION('center_axis',(0.707106781186489,0.500000000000043,0.50000000000004));
#6858=DIRECTION('ref_axis',(0.707106781186606,-0.49999999999996,-0.499999999999957));
#6859=DIRECTION('',(0.707106781186606,-0.49999999999996,-0.499999999999957));
#6860=DIRECTION('',(-4.0081134544379E-49,0.707106781186546,-0.707106781186549));
#6861=DIRECTION('',(-0.707106781186606,0.49999999999996,0.499999999999957));
#6862=DIRECTION('center_axis',(-4.0081134544379E-49,0.707106781186546,-0.707106781186549));
#6863=DIRECTION('ref_axis',(-0.923879532511266,-0.270598050073135,-0.270598050073134));
#6864=DIRECTION('center_axis',(4.0081134544379E-49,-0.707106781186546,0.707106781186549));
#6865=DIRECTION('ref_axis',(-0.923879532511266,-0.270598050073135,-0.270598050073134));
#6866=DIRECTION('center_axis',(-4.0081134544379E-49,0.707106781186546,-0.707106781186549));
#6867=DIRECTION('ref_axis',(-0.923879532511266,-0.270598050073135,-0.270598050073134));
#6868=DIRECTION('',(4.0081134544379E-49,-0.707106781186546,0.707106781186549));
#6869=DIRECTION('center_axis',(4.0081134544379E-49,-0.707106781186546,0.707106781186549));
#6870=DIRECTION('ref_axis',(-0.923879532511262,0.270598050073142,0.27059805007314));
#6871=DIRECTION('center_axis',(-4.0081134544379E-49,0.707106781186546,-0.707106781186549));
#6872=DIRECTION('ref_axis',(-0.923879532511262,0.270598050073142,0.27059805007314));
#6873=DIRECTION('',(4.0081134544379E-49,-0.707106781186546,0.707106781186549));
#6874=DIRECTION('center_axis',(4.0081134544379E-49,-0.707106781186546,0.707106781186549));
#6875=DIRECTION('ref_axis',(-0.923879532511262,0.270598050073142,0.27059805007314));
#6876=DIRECTION('',(-4.0081134544379E-49,0.707106781186546,-0.707106781186549));
#6877=DIRECTION('center_axis',(0.707106781186447,-0.500000000000072,-0.50000000000007));
#6878=DIRECTION('ref_axis',(-0.707106781186648,-0.49999999999993,-0.499999999999928));
#6879=DIRECTION('',(-0.707106781186648,-0.49999999999993,-0.499999999999928));
#6880=DIRECTION('',(-4.0081134544379E-49,0.707106781186546,-0.707106781186549));
#6881=DIRECTION('',(0.707106781186648,0.49999999999993,0.499999999999928));
#6882=DIRECTION('center_axis',(-4.0081134544379E-49,0.707106781186546,-0.707106781186549));
#6883=DIRECTION('ref_axis',(-0.382683432365017,0.653281482438211,0.653281482438208));
#6884=DIRECTION('center_axis',(4.0081134544379E-49,-0.707106781186546,0.707106781186549));
#6885=DIRECTION('ref_axis',(-0.382683432365017,0.653281482438211,0.653281482438208));
#6886=DIRECTION('center_axis',(-4.0081134544379E-49,0.707106781186546,-0.707106781186549));
#6887=DIRECTION('ref_axis',(-0.382683432365017,0.653281482438211,0.653281482438208));
#6888=DIRECTION('',(4.0081134544379E-49,-0.707106781186546,0.707106781186549));
#6889=DIRECTION('center_axis',(-4.0081134544379E-49,0.707106781186546,-0.707106781186549));
#6890=DIRECTION('ref_axis',(0.382683432365074,-0.653281482438195,-0.653281482438191));
#6891=DIRECTION('center_axis',(4.0081134544379E-49,-0.707106781186546,0.707106781186549));
#6892=DIRECTION('ref_axis',(0.382683432365074,-0.653281482438195,-0.653281482438191));
#6893=DIRECTION('',(-4.0081134544379E-49,0.707106781186546,-0.707106781186549));
#6894=DIRECTION('center_axis',(-4.0081134544379E-49,0.707106781186546,-0.707106781186549));
#6895=DIRECTION('ref_axis',(0.382683432365074,-0.653281482438195,-0.653281482438191));
#6896=DIRECTION('',(4.0081134544379E-49,-0.707106781186546,0.707106781186549));
#6897=DIRECTION('center_axis',(-0.707106781186507,0.50000000000003,0.500000000000028));
#6898=DIRECTION('ref_axis',(0.707106781186588,0.499999999999973,0.49999999999997));
#6899=DIRECTION('',(-0.707106781186588,-0.499999999999973,-0.49999999999997));
#6900=DIRECTION('',(4.0081134544379E-49,-0.707106781186546,0.707106781186549));
#6901=DIRECTION('',(0.707106781186588,0.499999999999973,0.49999999999997));
#6902=DIRECTION('center_axis',(4.0081134544379E-49,-0.707106781186546,0.707106781186549));
#6903=DIRECTION('ref_axis',(0.923879532511266,-0.270598050073135,-0.270598050073134));
#6904=DIRECTION('center_axis',(-4.0081134544379E-49,0.707106781186546,-0.707106781186549));
#6905=DIRECTION('ref_axis',(0.923879532511266,-0.270598050073135,-0.270598050073134));
#6906=DIRECTION('center_axis',(4.0081134544379E-49,-0.707106781186546,0.707106781186549));
#6907=DIRECTION('ref_axis',(0.923879532511266,-0.270598050073135,-0.270598050073134));
#6908=DIRECTION('',(-4.0081134544379E-49,0.707106781186546,-0.707106781186549));
#6909=DIRECTION('center_axis',(-4.0081134544379E-49,0.707106781186546,-0.707106781186549));
#6910=DIRECTION('ref_axis',(0.923879532511266,0.270598050073135,0.270598050073134));
#6911=DIRECTION('center_axis',(4.0081134544379E-49,-0.707106781186546,0.707106781186549));
#6912=DIRECTION('ref_axis',(0.923879532511266,0.270598050073135,0.270598050073134));
#6913=DIRECTION('',(-4.0081134544379E-49,0.707106781186546,-0.707106781186549));
#6914=DIRECTION('center_axis',(-4.0081134544379E-49,0.707106781186546,-0.707106781186549));
#6915=DIRECTION('ref_axis',(0.923879532511266,0.270598050073135,0.270598050073134));
#6916=DIRECTION('',(4.0081134544379E-49,-0.707106781186546,0.707106781186549));
#6917=DIRECTION('center_axis',(-0.707106781186472,-0.500000000000055,-0.500000000000052));
#6918=DIRECTION('ref_axis',(-0.707106781186623,0.499999999999948,0.499999999999945));
#6919=DIRECTION('',(0.707106781186611,-0.499999999999957,-0.499999999999954));
#6920=DIRECTION('',(4.0081134544379E-49,-0.707106781186546,0.707106781186549));
#6921=DIRECTION('',(-0.707106781186611,0.499999999999957,0.499999999999954));
#6922=DIRECTION('center_axis',(-4.0081134544379E-49,0.707106781186546,-0.707106781186549));
#6923=DIRECTION('ref_axis',(0.382683432365048,0.653281482438202,0.653281482438199));
#6924=DIRECTION('center_axis',(4.0081134544379E-49,-0.707106781186546,0.707106781186549));
#6925=DIRECTION('ref_axis',(0.382683432365048,0.653281482438202,0.653281482438199));
#6926=DIRECTION('',(-4.0081134544379E-49,0.707106781186546,-0.707106781186549));
#6927=DIRECTION('center_axis',(-4.0081134544379E-49,0.707106781186546,-0.707106781186549));
#6928=DIRECTION('ref_axis',(0.382683432365048,0.653281482438202,0.653281482438199));
#6929=DIRECTION('center_axis',(-3.36898720055928E-15,-0.707106781186549,
-0.707106781186546));
#6930=DIRECTION('ref_axis',(-1.,2.38223369524616E-15,2.38223369524615E-15));
#6931=DIRECTION('',(-1.,2.38223369524616E-15,2.38223369524615E-15));
#6932=DIRECTION('',(1.,-2.38223369524616E-15,-2.38223369524615E-15));
#6933=DIRECTION('center_axis',(-4.0081134544379E-49,0.707106781186546,-0.707106781186549));
#6934=DIRECTION('ref_axis',(0.707106781186547,0.500000000000001,0.499999999999999));
#6935=DIRECTION('center_axis',(4.0081134544379E-49,-0.707106781186546,0.707106781186549));
#6936=DIRECTION('ref_axis',(0.707106781186547,0.500000000000001,0.499999999999999));
#6937=DIRECTION('',(-4.0081134544379E-49,0.707106781186546,-0.707106781186549));
#6938=DIRECTION('center_axis',(-4.0081134544379E-49,0.707106781186546,-0.707106781186549));
#6939=DIRECTION('ref_axis',(0.707106781186547,0.500000000000001,0.499999999999999));
#6940=DIRECTION('',(4.0081134544379E-49,-0.707106781186546,0.707106781186549));
#6941=DIRECTION('center_axis',(-1.3684555315672E-48,-0.707106781186549,
-0.707106781186546));
#6942=DIRECTION('ref_axis',(-1.,-1.3684555315672E-48,-1.3684555315672E-48));
#6943=DIRECTION('',(1.,1.3684555315672E-48,1.3684555315672E-48));
#6944=DIRECTION('',(4.0081134544379E-49,-0.707106781186546,0.707106781186549));
#6945=DIRECTION('',(-1.,-1.3684555315672E-48,-1.3684555315672E-48));
#6946=DIRECTION('center_axis',(-4.0081134544379E-49,0.707106781186546,-0.707106781186549));
#6947=DIRECTION('ref_axis',(0.382683432365083,-0.653281482438192,-0.653281482438189));
#6948=DIRECTION('center_axis',(4.0081134544379E-49,-0.707106781186546,0.707106781186549));
#6949=DIRECTION('ref_axis',(0.382683432365083,-0.653281482438192,-0.653281482438189));
#6950=DIRECTION('',(-4.0081134544379E-49,0.707106781186546,-0.707106781186549));
#6951=DIRECTION('center_axis',(-4.0081134544379E-49,0.707106781186546,-0.707106781186549));
#6952=DIRECTION('ref_axis',(0.382683432365083,-0.653281482438192,-0.653281482438189));
#6953=DIRECTION('',(4.0081134544379E-49,-0.707106781186546,0.707106781186549));
#6954=DIRECTION('center_axis',(-0.707106781186555,0.499999999999996,0.499999999999994));
#6955=DIRECTION('ref_axis',(0.70710678118654,0.500000000000007,0.500000000000004));
#6956=DIRECTION('',(-0.70710678118654,-0.500000000000007,-0.500000000000004));
#6957=DIRECTION('',(4.0081134544379E-49,-0.707106781186546,0.707106781186549));
#6958=DIRECTION('',(0.70710678118654,0.500000000000007,0.500000000000004));
#6959=DIRECTION('center_axis',(4.0081134544379E-49,-0.707106781186546,0.707106781186549));
#6960=DIRECTION('ref_axis',(0.923879532511291,-0.270598050073092,-0.27059805007309));
#6961=DIRECTION('center_axis',(-4.0081134544379E-49,0.707106781186546,-0.707106781186549));
#6962=DIRECTION('ref_axis',(0.923879532511291,-0.270598050073092,-0.27059805007309));
#6963=DIRECTION('center_axis',(4.0081134544379E-49,-0.707106781186546,0.707106781186549));
#6964=DIRECTION('ref_axis',(0.923879532511291,-0.270598050073092,-0.27059805007309));
#6965=DIRECTION('',(-4.0081134544379E-49,0.707106781186546,-0.707106781186549));
#6966=DIRECTION('center_axis',(-4.0081134544379E-49,0.707106781186546,-0.707106781186549));
#6967=DIRECTION('ref_axis',(-0.923879532511278,-0.270598050073113,-0.270598050073112));
#6968=DIRECTION('center_axis',(4.0081134544379E-49,-0.707106781186546,0.707106781186549));
#6969=DIRECTION('ref_axis',(-0.923879532511278,-0.270598050073113,-0.270598050073112));
#6970=DIRECTION('',(4.0081134544379E-49,-0.707106781186546,0.707106781186549));
#6971=DIRECTION('center_axis',(-4.0081134544379E-49,0.707106781186546,-0.707106781186549));
#6972=DIRECTION('ref_axis',(-0.923879532511278,-0.270598050073113,-0.270598050073112));
#6973=DIRECTION('',(-4.0081134544379E-49,0.707106781186546,-0.707106781186549));
#6974=DIRECTION('center_axis',(0.,-0.707106781186546,0.707106781186549));
#6975=DIRECTION('ref_axis',(1.,1.3684555315672E-48,1.3684555315672E-48));
#6976=DIRECTION('',(-1.,-1.3684555315672E-48,-1.3684555315672E-48));
#6977=DIRECTION('',(1.3684555315672E-48,0.707106781186549,0.707106781186546));
#6978=DIRECTION('',(1.,-1.40147722939381E-16,-1.4014772293938E-16));
#6979=DIRECTION('',(-1.3684555315672E-48,-0.707106781186549,-0.707106781186546));
#6980=DIRECTION('',(-1.3684555315672E-48,-0.707106781186549,-0.707106781186546));
#6981=DIRECTION('',(-1.,-1.3684555315672E-48,-1.3684555315672E-48));
#6982=DIRECTION('',(-1.,-1.3684555315672E-48,-1.3684555315672E-48));
#6983=DIRECTION('',(-1.,-1.3684555315672E-48,-1.3684555315672E-48));
#6984=DIRECTION('',(-1.,-1.3684555315672E-48,-1.3684555315672E-48));
#6985=DIRECTION('',(1.,1.78716564354277E-14,1.78716564354277E-14));
#6986=DIRECTION('center_axis',(4.0081134544379E-49,-0.707106781186546,0.707106781186549));
#6987=DIRECTION('ref_axis',(0.382683432365062,0.653281482438198,0.653281482438195));
#6988=DIRECTION('',(0.707106781186577,-0.49999999999998,-0.499999999999978));
#6989=DIRECTION('center_axis',(4.0081134544379E-49,-0.707106781186546,0.707106781186549));
#6990=DIRECTION('ref_axis',(0.923879532511278,0.270598050073115,0.270598050073114));
#6991=DIRECTION('',(-1.3684555315672E-48,-0.707106781186549,-0.707106781186546));
#6992=DIRECTION('center_axis',(4.0081134544379E-49,-0.707106781186546,0.707106781186549));
#6993=DIRECTION('ref_axis',(0.923879532511278,-0.270598050073115,-0.270598050073114));
#6994=DIRECTION('',(-0.707106781186573,-0.499999999999983,-0.499999999999981));
#6995=DIRECTION('center_axis',(4.0081134544379E-49,-0.707106781186546,0.707106781186549));
#6996=DIRECTION('ref_axis',(0.382683432365069,-0.653281482438196,-0.653281482438193));
#6997=DIRECTION('',(-1.,1.68600532409696E-16,1.68600532409695E-16));
#6998=DIRECTION('center_axis',(4.0081134544379E-49,-0.707106781186546,0.707106781186549));
#6999=DIRECTION('ref_axis',(-0.38268343236509,-0.65328148243819,-0.653281482438187));
#7000=DIRECTION('',(-0.70710678118655,0.499999999999999,0.499999999999997));
#7001=DIRECTION('center_axis',(4.0081134544379E-49,-0.707106781186546,0.707106781186549));
#7002=DIRECTION('ref_axis',(-0.923879532511289,-0.270598050073095,-0.270598050073094));
#7003=DIRECTION('',(-7.80816193142977E-16,0.707106781186549,0.707106781186546));
#7004=DIRECTION('center_axis',(4.0081134544379E-49,-0.707106781186546,0.707106781186549));
#7005=DIRECTION('ref_axis',(-0.923879532511289,0.270598050073095,0.270598050073094));
#7006=DIRECTION('',(0.707106781186535,0.50000000000001,0.500000000000007));
#7007=DIRECTION('center_axis',(4.0081134544379E-49,-0.707106781186546,0.707106781186549));
#7008=DIRECTION('ref_axis',(-0.382683432365119,0.653281482438181,0.653281482438178));
#7009=DIRECTION('',(1.3684555315672E-48,0.707106781186549,0.707106781186546));
#7010=DIRECTION('',(1.,1.3684555315672E-48,1.3684555315672E-48));
#7011=DIRECTION('',(-1.95204048285743E-16,-0.707106781186549,-0.707106781186546));
#7012=DIRECTION('',(-1.,-1.3684555315672E-48,-1.3684555315672E-48));
#7013=DIRECTION('',(-1.3684555315672E-48,-0.707106781186549,-0.707106781186546));
#7014=DIRECTION('',(-1.,2.48727518148209E-16,2.48727518148208E-16));
#7015=DIRECTION('',(1.3684555315672E-48,0.707106781186549,0.707106781186546));
#7016=DIRECTION('',(-1.3684555315672E-48,-0.707106781186549,-0.707106781186546));
#7017=DIRECTION('center_axis',(4.0081134544379E-49,-0.707106781186546,0.707106781186549));
#7018=DIRECTION('ref_axis',(0.923879532511278,-0.270598050073113,-0.270598050073112));
#7019=DIRECTION('',(-0.707106781186584,-0.499999999999975,-0.499999999999973));
#7020=DIRECTION('center_axis',(4.0081134544379E-49,-0.707106781186546,0.707106781186549));
#7021=DIRECTION('ref_axis',(0.382683432365068,-0.653281482438196,-0.653281482438193));
#7022=DIRECTION('',(-1.,-1.3684555315672E-48,-1.3684555315672E-48));
#7023=DIRECTION('center_axis',(4.0081134544379E-49,-0.707106781186546,0.707106781186549));
#7024=DIRECTION('ref_axis',(-0.382683432365079,-0.653281482438193,-0.65328148243819));
#7025=DIRECTION('',(-0.707106781186559,0.499999999999993,0.499999999999991));
#7026=DIRECTION('center_axis',(4.0081134544379E-49,-0.707106781186546,0.707106781186549));
#7027=DIRECTION('ref_axis',(-0.923879532511279,-0.270598050073112,-0.27059805007311));
#7028=DIRECTION('',(-1.56163238628589E-15,0.707106781186549,0.707106781186546));
#7029=DIRECTION('center_axis',(4.0081134544379E-49,-0.707106781186546,0.707106781186549));
#7030=DIRECTION('ref_axis',(-0.923879532511289,0.270598050073095,0.270598050073094));
#7031=DIRECTION('',(0.707106781186549,0.5,0.499999999999998));
#7032=DIRECTION('center_axis',(4.0081134544379E-49,-0.707106781186546,0.707106781186549));
#7033=DIRECTION('ref_axis',(-0.382683432365087,0.653281482438191,0.653281482438187));
#7034=DIRECTION('',(1.,1.3684555315672E-48,1.3684555315672E-48));
#7035=DIRECTION('center_axis',(4.0081134544379E-49,-0.707106781186546,0.707106781186549));
#7036=DIRECTION('ref_axis',(0.382683432365068,0.653281482438196,0.653281482438193));
#7037=DIRECTION('',(0.707106781186584,-0.499999999999975,-0.499999999999973));
#7038=DIRECTION('center_axis',(4.0081134544379E-49,-0.707106781186546,0.707106781186549));
#7039=DIRECTION('ref_axis',(0.923879532511278,0.270598050073115,0.270598050073114));
#7040=DIRECTION('',(-1.3684555315672E-48,-0.707106781186549,-0.707106781186546));
#7041=DIRECTION('',(-1.,-1.3684555315672E-48,-1.3684555315672E-48));
#7042=DIRECTION('',(-7.80816193142951E-16,0.707106781186549,0.707106781186546));
#7043=DIRECTION('',(-1.3684555315672E-48,-0.707106781186549,-0.707106781186546));
#7044=DIRECTION('',(-1.,-1.3684555315672E-48,-1.3684555315672E-48));
#7045=DIRECTION('',(1.3684555315672E-48,0.707106781186549,0.707106781186546));
#7046=DIRECTION('',(1.,-4.48597845338223E-16,-4.48597845338221E-16));
#7047=DIRECTION('',(0.707106781186541,-0.500000000000006,-0.500000000000003));
#7048=DIRECTION('center_axis',(4.0081134544379E-49,-0.707106781186546,0.707106781186549));
#7049=DIRECTION('ref_axis',(0.923879532511291,0.270598050073092,0.27059805007309));
#7050=DIRECTION('',(-1.3684555315672E-48,-0.707106781186549,-0.707106781186546));
#7051=DIRECTION('',(-1.,1.16303145087687E-16,1.16303145087687E-16));
#7052=DIRECTION('center_axis',(4.0081134544379E-49,-0.707106781186546,0.707106781186549));
#7053=DIRECTION('ref_axis',(-0.382683432365089,-0.65328148243819,-0.653281482438187));
#7054=DIRECTION('',(-0.707106781186543,0.500000000000005,0.500000000000002));
#7055=DIRECTION('center_axis',(4.0081134544379E-49,-0.707106781186546,0.707106781186549));
#7056=DIRECTION('ref_axis',(-0.92387953251129,-0.270598050073093,-0.270598050073092));
#7057=DIRECTION('',(1.3684555315672E-48,0.707106781186549,0.707106781186546));
#7058=DIRECTION('center_axis',(4.0081134544379E-49,-0.707106781186546,0.707106781186549));
#7059=DIRECTION('ref_axis',(-0.923879532511279,0.270598050073112,0.27059805007311));
#7060=DIRECTION('',(0.707106781186573,0.499999999999984,0.499999999999981));
#7061=DIRECTION('center_axis',(4.0081134544379E-49,-0.707106781186546,0.707106781186549));
#7062=DIRECTION('ref_axis',(-0.382683432365073,0.653281482438195,0.653281482438192));
#7063=DIRECTION('',(-1.3684555315672E-48,-0.707106781186549,-0.707106781186546));
#7064=DIRECTION('center_axis',(-4.0081134544379E-49,0.707106781186546,-0.707106781186549));
#7065=DIRECTION('ref_axis',(1.,1.35276347525425E-48,1.35276347525425E-48));
#7066=DIRECTION('center_axis',(-4.0081134544379E-49,0.707106781186546,-0.707106781186549));
#7067=DIRECTION('ref_axis',(1.,1.35276347525425E-48,1.35276347525425E-48));
#7068=DIRECTION('center_axis',(-4.0081134544379E-49,0.707106781186546,-0.707106781186549));
#7069=DIRECTION('ref_axis',(1.,1.35276347525425E-48,1.35276347525425E-48));
#7070=DIRECTION('center_axis',(-4.0081134544379E-49,0.707106781186546,-0.707106781186549));
#7071=DIRECTION('ref_axis',(1.,1.35276347525425E-48,1.35276347525425E-48));
#7072=DIRECTION('center_axis',(-4.0081134544379E-49,0.707106781186546,-0.707106781186549));
#7073=DIRECTION('ref_axis',(1.,1.35276347525425E-48,1.35276347525425E-48));
#7074=DIRECTION('center_axis',(-4.0081134544379E-49,0.707106781186546,-0.707106781186549));
#7075=DIRECTION('ref_axis',(1.,1.35276347525425E-48,1.35276347525425E-48));
#7076=DIRECTION('center_axis',(-4.0081134544379E-49,0.707106781186546,-0.707106781186549));
#7077=DIRECTION('ref_axis',(1.,1.35276347525425E-48,1.35276347525425E-48));
#7078=DIRECTION('center_axis',(-4.0081134544379E-49,0.707106781186546,-0.707106781186549));
#7079=DIRECTION('ref_axis',(1.,1.35276347525425E-48,1.35276347525425E-48));
#7080=DIRECTION('center_axis',(-4.0081134544379E-49,0.707106781186546,-0.707106781186549));
#7081=DIRECTION('ref_axis',(1.,1.35276347525425E-48,1.35276347525425E-48));
#7082=DIRECTION('center_axis',(-4.0081134544379E-49,0.707106781186546,-0.707106781186549));
#7083=DIRECTION('ref_axis',(1.,1.35276347525425E-48,1.35276347525425E-48));
#7084=DIRECTION('center_axis',(-4.0081134544379E-49,0.707106781186546,-0.707106781186549));
#7085=DIRECTION('ref_axis',(1.,1.35276347525425E-48,1.35276347525425E-48));
#7086=DIRECTION('center_axis',(-4.0081134544379E-49,0.707106781186546,-0.707106781186549));
#7087=DIRECTION('ref_axis',(1.,1.35276347525425E-48,1.35276347525425E-48));
#7088=DIRECTION('center_axis',(-4.0081134544379E-49,0.707106781186546,-0.707106781186549));
#7089=DIRECTION('ref_axis',(1.,1.35276347525425E-48,1.35276347525425E-48));
#7090=DIRECTION('center_axis',(-4.0081134544379E-49,0.707106781186546,-0.707106781186549));
#7091=DIRECTION('ref_axis',(1.,1.35276347525425E-48,1.35276347525425E-48));
#7092=DIRECTION('center_axis',(-4.0081134544379E-49,0.707106781186546,-0.707106781186549));
#7093=DIRECTION('ref_axis',(1.,1.35276347525425E-48,1.35276347525425E-48));
#7094=DIRECTION('center_axis',(-4.0081134544379E-49,0.707106781186546,-0.707106781186549));
#7095=DIRECTION('ref_axis',(1.,1.35276347525425E-48,1.35276347525425E-48));
#7096=DIRECTION('center_axis',(-4.0081134544379E-49,0.707106781186546,-0.707106781186549));
#7097=DIRECTION('ref_axis',(1.,1.35276347525425E-48,1.35276347525425E-48));
#7098=DIRECTION('center_axis',(-4.0081134544379E-49,0.707106781186546,-0.707106781186549));
#7099=DIRECTION('ref_axis',(1.,1.35276347525425E-48,1.35276347525425E-48));
#7100=DIRECTION('center_axis',(-4.0081134544379E-49,0.707106781186546,-0.707106781186549));
#7101=DIRECTION('ref_axis',(1.,1.35276347525425E-48,1.35276347525425E-48));
#7102=DIRECTION('center_axis',(-4.0081134544379E-49,0.707106781186546,-0.707106781186549));
#7103=DIRECTION('ref_axis',(1.,1.35276347525425E-48,1.35276347525425E-48));
#7104=DIRECTION('center_axis',(-4.0081134544379E-49,0.707106781186546,-0.707106781186549));
#7105=DIRECTION('ref_axis',(1.,1.35276347525425E-48,1.35276347525425E-48));
#7106=DIRECTION('center_axis',(-4.0081134544379E-49,0.707106781186546,-0.707106781186549));
#7107=DIRECTION('ref_axis',(1.,1.35276347525425E-48,1.35276347525425E-48));
#7108=DIRECTION('center_axis',(-4.0081134544379E-49,0.707106781186546,-0.707106781186549));
#7109=DIRECTION('ref_axis',(1.,1.35276347525425E-48,1.35276347525425E-48));
#7110=DIRECTION('center_axis',(-4.0081134544379E-49,0.707106781186546,-0.707106781186549));
#7111=DIRECTION('ref_axis',(1.,1.35276347525425E-48,1.35276347525425E-48));
#7112=DIRECTION('center_axis',(-4.0081134544379E-49,0.707106781186546,-0.707106781186549));
#7113=DIRECTION('ref_axis',(1.,1.35276347525425E-48,1.35276347525425E-48));
#7114=DIRECTION('center_axis',(-4.0081134544379E-49,0.707106781186546,-0.707106781186549));
#7115=DIRECTION('ref_axis',(1.,1.35276347525425E-48,1.35276347525425E-48));
#7116=DIRECTION('center_axis',(-4.0081134544379E-49,0.707106781186546,-0.707106781186549));
#7117=DIRECTION('ref_axis',(1.,1.35276347525425E-48,1.35276347525425E-48));
#7118=DIRECTION('center_axis',(-4.0081134544379E-49,0.707106781186546,-0.707106781186549));
#7119=DIRECTION('ref_axis',(1.,1.35276347525425E-48,1.35276347525425E-48));
#7120=DIRECTION('center_axis',(-4.0081134544379E-49,0.707106781186546,-0.707106781186549));
#7121=DIRECTION('ref_axis',(1.,-3.62196119323823E-17,-3.62196119323822E-17));
#7122=DIRECTION('center_axis',(-4.0081134544379E-49,0.707106781186546,-0.707106781186549));
#7123=DIRECTION('ref_axis',(1.,-3.62196119323823E-17,-3.62196119323822E-17));
#7124=DIRECTION('center_axis',(-4.0081134544379E-49,0.707106781186546,-0.707106781186549));
#7125=DIRECTION('ref_axis',(1.,-3.62196119323823E-17,-3.62196119323822E-17));
#7126=DIRECTION('center_axis',(-4.0081134544379E-49,0.707106781186546,-0.707106781186549));
#7127=DIRECTION('ref_axis',(1.,-3.62196119323823E-17,-3.62196119323822E-17));
#7128=DIRECTION('center_axis',(-4.0081134544379E-49,0.707106781186546,-0.707106781186549));
#7129=DIRECTION('ref_axis',(1.,-3.62196119323823E-17,-3.62196119323822E-17));
#7130=DIRECTION('center_axis',(-4.0081134544379E-49,0.707106781186546,-0.707106781186549));
#7131=DIRECTION('ref_axis',(1.,-3.62196119323823E-17,-3.62196119323822E-17));
#7132=DIRECTION('center_axis',(-4.0081134544379E-49,0.707106781186546,-0.707106781186549));
#7133=DIRECTION('ref_axis',(1.,-3.62196119323823E-17,-3.62196119323822E-17));
#7134=DIRECTION('center_axis',(-4.0081134544379E-49,0.707106781186546,-0.707106781186549));
#7135=DIRECTION('ref_axis',(1.,-3.62196119323823E-17,-3.62196119323822E-17));
#7136=DIRECTION('center_axis',(-4.0081134544379E-49,0.707106781186546,-0.707106781186549));
#7137=DIRECTION('ref_axis',(1.,-3.62196119323823E-17,-3.62196119323822E-17));
#7138=DIRECTION('center_axis',(-4.0081134544379E-49,0.707106781186546,-0.707106781186549));
#7139=DIRECTION('ref_axis',(1.,-3.62196119323823E-17,-3.62196119323822E-17));
#7140=DIRECTION('center_axis',(-4.0081134544379E-49,0.707106781186546,-0.707106781186549));
#7141=DIRECTION('ref_axis',(1.,-3.62196119323823E-17,-3.62196119323822E-17));
#7142=DIRECTION('center_axis',(-4.0081134544379E-49,0.707106781186546,-0.707106781186549));
#7143=DIRECTION('ref_axis',(1.,-3.62196119323823E-17,-3.62196119323822E-17));
#7144=DIRECTION('center_axis',(-4.0081134544379E-49,0.707106781186546,-0.707106781186549));
#7145=DIRECTION('ref_axis',(1.,-3.62196119323823E-17,-3.62196119323822E-17));
#7146=DIRECTION('center_axis',(-4.0081134544379E-49,0.707106781186546,-0.707106781186549));
#7147=DIRECTION('ref_axis',(1.,-3.62196119323823E-17,-3.62196119323822E-17));
#7148=DIRECTION('center_axis',(-4.0081134544379E-49,0.707106781186546,-0.707106781186549));
#7149=DIRECTION('ref_axis',(1.,-3.62196119323823E-17,-3.62196119323822E-17));
#7150=DIRECTION('center_axis',(-4.0081134544379E-49,0.707106781186546,-0.707106781186549));
#7151=DIRECTION('ref_axis',(1.,-3.62196119323823E-17,-3.62196119323822E-17));
#7152=DIRECTION('center_axis',(-0.707106781186553,-0.499999999999997,-0.499999999999995));
#7153=DIRECTION('ref_axis',(-0.707106781186541,0.500000000000006,0.500000000000003));
#7154=DIRECTION('',(-0.707106781186541,0.500000000000006,0.500000000000003));
#7155=DIRECTION('',(-4.0081134544379E-49,0.707106781186546,-0.707106781186549));
#7156=DIRECTION('center_axis',(-4.0081134544379E-49,0.707106781186546,-0.707106781186549));
#7157=DIRECTION('ref_axis',(0.923879532511291,0.270598050073092,0.27059805007309));
#7158=DIRECTION('center_axis',(-4.0081134544379E-49,0.707106781186546,-0.707106781186549));
#7159=DIRECTION('ref_axis',(0.923879532511291,0.270598050073092,0.27059805007309));
#7160=DIRECTION('',(4.0081134544379E-49,-0.707106781186546,0.707106781186549));
#7161=DIRECTION('center_axis',(-4.0081134544379E-49,0.707106781186546,-0.707106781186549));
#7162=DIRECTION('ref_axis',(-0.92387953251129,-0.270598050073093,-0.270598050073092));
#7163=DIRECTION('',(-4.0081134544379E-49,0.707106781186546,-0.707106781186549));
#7164=DIRECTION('center_axis',(-4.0081134544379E-49,0.707106781186546,-0.707106781186549));
#7165=DIRECTION('ref_axis',(-0.92387953251129,-0.270598050073093,-0.270598050073092));
#7166=DIRECTION('',(4.0081134544379E-49,-0.707106781186546,0.707106781186549));
#7167=DIRECTION('center_axis',(0.707106781186552,0.499999999999998,0.499999999999996));
#7168=DIRECTION('ref_axis',(0.707106781186543,-0.500000000000004,-0.500000000000002));
#7169=DIRECTION('',(4.0081134544379E-49,-0.707106781186546,0.707106781186549));
#7170=DIRECTION('',(0.707106781186543,-0.500000000000005,-0.500000000000002));
#7171=DIRECTION('center_axis',(4.0081134544379E-49,-0.707106781186546,0.707106781186549));
#7172=DIRECTION('ref_axis',(-0.382683432365089,-0.65328148243819,-0.653281482438187));
#7173=DIRECTION('center_axis',(-4.0081134544379E-49,0.707106781186546,-0.707106781186549));
#7174=DIRECTION('ref_axis',(-0.382683432365089,-0.65328148243819,-0.653281482438187));
#7175=DIRECTION('',(-4.0081134544379E-49,0.707106781186546,-0.707106781186549));
#7176=DIRECTION('center_axis',(4.0081134544379E-49,-0.707106781186546,0.707106781186549));
#7177=DIRECTION('ref_axis',(-0.923879532511279,0.270598050073112,0.27059805007311));
#7178=DIRECTION('center_axis',(-4.0081134544379E-49,0.707106781186546,-0.707106781186549));
#7179=DIRECTION('ref_axis',(-0.923879532511279,0.270598050073112,0.27059805007311));
#7180=DIRECTION('',(4.0081134544379E-49,-0.707106781186546,0.707106781186549));
#7181=DIRECTION('',(-4.0081134544379E-49,0.707106781186546,-0.707106781186549));
#7182=DIRECTION('center_axis',(0.707106781186522,-0.500000000000019,-0.500000000000017));
#7183=DIRECTION('ref_axis',(-0.707106781186572,-0.499999999999983,-0.499999999999981));
#7184=DIRECTION('',(-0.707106781186573,-0.499999999999984,-0.499999999999981));
#7185=DIRECTION('',(-4.0081134544379E-49,0.707106781186546,-0.707106781186549));
#7186=DIRECTION('center_axis',(-4.0081134544379E-49,0.707106781186546,-0.707106781186549));
#7187=DIRECTION('ref_axis',(-0.382683432365073,0.653281482438195,0.653281482438192));
#7188=DIRECTION('center_axis',(-4.0081134544379E-49,0.707106781186546,-0.707106781186549));
#7189=DIRECTION('ref_axis',(-0.382683432365073,0.653281482438195,0.653281482438192));
#7190=DIRECTION('center_axis',(-4.0081134544379E-49,0.707106781186546,-0.707106781186549));
#7191=DIRECTION('ref_axis',(0.382683432365068,-0.653281482438196,-0.653281482438193));
#7192=DIRECTION('',(-4.0081134544379E-49,0.707106781186546,-0.707106781186549));
#7193=DIRECTION('center_axis',(-4.0081134544379E-49,0.707106781186546,-0.707106781186549));
#7194=DIRECTION('ref_axis',(0.382683432365068,-0.653281482438196,-0.653281482438193));
#7195=DIRECTION('',(4.0081134544379E-49,-0.707106781186546,0.707106781186549));
#7196=DIRECTION('center_axis',(-0.707106781186511,0.500000000000027,0.500000000000025));
#7197=DIRECTION('ref_axis',(0.707106781186584,0.499999999999975,0.499999999999973));
#7198=DIRECTION('',(4.0081134544379E-49,-0.707106781186546,0.707106781186549));
#7199=DIRECTION('',(0.707106781186584,0.499999999999975,0.499999999999973));
#7200=DIRECTION('center_axis',(4.0081134544379E-49,-0.707106781186546,0.707106781186549));
#7201=DIRECTION('ref_axis',(0.382683432365068,0.653281482438196,0.653281482438193));
#7202=DIRECTION('center_axis',(-4.0081134544379E-49,0.707106781186546,-0.707106781186549));
#7203=DIRECTION('ref_axis',(0.382683432365068,0.653281482438196,0.653281482438193));
#7204=DIRECTION('',(4.0081134544379E-49,-0.707106781186546,0.707106781186549));
#7205=DIRECTION('',(-4.0081134544379E-49,0.707106781186546,-0.707106781186549));
#7206=DIRECTION('center_axis',(-0.707106781186511,-0.500000000000027,-0.500000000000025));
#7207=DIRECTION('ref_axis',(-0.707106781186584,0.499999999999975,0.499999999999973));
#7208=DIRECTION('',(-0.707106781186584,0.499999999999975,0.499999999999973));
#7209=DIRECTION('',(-4.0081134544379E-49,0.707106781186546,-0.707106781186549));
#7210=DIRECTION('center_axis',(-4.0081134544379E-49,0.707106781186546,-0.707106781186549));
#7211=DIRECTION('ref_axis',(0.923879532511278,0.270598050073115,0.270598050073114));
#7212=DIRECTION('center_axis',(-4.0081134544379E-49,0.707106781186546,-0.707106781186549));
#7213=DIRECTION('ref_axis',(0.923879532511278,0.270598050073115,0.270598050073114));
#7214=DIRECTION('',(4.0081134544379E-49,-0.707106781186546,0.707106781186549));
#7215=DIRECTION('center_axis',(4.0081134544379E-49,-0.707106781186546,0.707106781186549));
#7216=DIRECTION('ref_axis',(0.923879532511278,-0.270598050073113,-0.270598050073112));
#7217=DIRECTION('center_axis',(-4.0081134544379E-49,0.707106781186546,-0.707106781186549));
#7218=DIRECTION('ref_axis',(0.923879532511278,-0.270598050073113,-0.270598050073112));
#7219=DIRECTION('',(-4.0081134544379E-49,0.707106781186546,-0.707106781186549));
#7220=DIRECTION('center_axis',(4.0081134544379E-49,-0.707106781186546,0.707106781186549));
#7221=DIRECTION('ref_axis',(-0.382683432365079,-0.653281482438193,-0.65328148243819));
#7222=DIRECTION('center_axis',(-4.0081134544379E-49,0.707106781186546,-0.707106781186549));
#7223=DIRECTION('ref_axis',(-0.382683432365079,-0.653281482438193,-0.65328148243819));
#7224=DIRECTION('',(4.0081134544379E-49,-0.707106781186546,0.707106781186549));
#7225=DIRECTION('',(-4.0081134544379E-49,0.707106781186546,-0.707106781186549));
#7226=DIRECTION('center_axis',(0.707106781186536,0.50000000000001,0.500000000000007));
#7227=DIRECTION('ref_axis',(0.707106781186559,-0.499999999999993,-0.499999999999991));
#7228=DIRECTION('',(0.707106781186559,-0.499999999999993,-0.499999999999991));
#7229=DIRECTION('',(-4.0081134544379E-49,0.707106781186546,-0.707106781186549));
#7230=DIRECTION('center_axis',(-4.0081134544379E-49,0.707106781186546,-0.707106781186549));
#7231=DIRECTION('ref_axis',(-0.923879532511279,-0.270598050073112,-0.27059805007311));
#7232=DIRECTION('center_axis',(-4.0081134544379E-49,0.707106781186546,-0.707106781186549));
#7233=DIRECTION('ref_axis',(-0.923879532511279,-0.270598050073112,-0.27059805007311));
#7234=DIRECTION('',(4.0081134544379E-49,-0.707106781186546,0.707106781186549));
#7235=DIRECTION('center_axis',(4.0081134544379E-49,-0.707106781186546,0.707106781186549));
#7236=DIRECTION('ref_axis',(-0.923879532511289,0.270598050073095,0.270598050073094));
#7237=DIRECTION('center_axis',(-4.0081134544379E-49,0.707106781186546,-0.707106781186549));
#7238=DIRECTION('ref_axis',(-0.923879532511289,0.270598050073095,0.270598050073094));
#7239=DIRECTION('',(4.0081134544379E-49,-0.707106781186546,0.707106781186549));
#7240=DIRECTION('',(-4.0081134544379E-49,0.707106781186546,-0.707106781186549));
#7241=DIRECTION('center_axis',(0.707106781186546,-0.500000000000002,-0.5));
#7242=DIRECTION('ref_axis',(-0.707106781186549,-0.5,-0.499999999999998));
#7243=DIRECTION('',(-0.707106781186549,-0.5,-0.499999999999998));
#7244=DIRECTION('',(-4.0081134544379E-49,0.707106781186546,-0.707106781186549));
#7245=DIRECTION('center_axis',(-4.0081134544379E-49,0.707106781186546,-0.707106781186549));
#7246=DIRECTION('ref_axis',(-0.382683432365087,0.653281482438191,0.653281482438187));
#7247=DIRECTION('center_axis',(-4.0081134544379E-49,0.707106781186546,-0.707106781186549));
#7248=DIRECTION('ref_axis',(-0.382683432365087,0.653281482438191,0.653281482438187));
#7249=DIRECTION('',(4.0081134544379E-49,-0.707106781186546,0.707106781186549));
#7250=DIRECTION('center_axis',(4.0081134544379E-49,-0.707106781186546,0.707106781186549));
#7251=DIRECTION('ref_axis',(0.382683432365062,0.653281482438198,0.653281482438195));
#7252=DIRECTION('center_axis',(-4.0081134544379E-49,0.707106781186546,-0.707106781186549));
#7253=DIRECTION('ref_axis',(0.382683432365062,0.653281482438198,0.653281482438195));
#7254=DIRECTION('',(4.0081134544379E-49,-0.707106781186546,0.707106781186549));
#7255=DIRECTION('',(-4.0081134544379E-49,0.707106781186546,-0.707106781186549));
#7256=DIRECTION('center_axis',(-0.707106781186517,-0.500000000000023,-0.50000000000002));
#7257=DIRECTION('ref_axis',(-0.707106781186577,0.49999999999998,0.499999999999978));
#7258=DIRECTION('',(-0.707106781186577,0.49999999999998,0.499999999999978));
#7259=DIRECTION('',(-4.0081134544379E-49,0.707106781186546,-0.707106781186549));
#7260=DIRECTION('center_axis',(-4.0081134544379E-49,0.707106781186546,-0.707106781186549));
#7261=DIRECTION('ref_axis',(0.923879532511278,0.270598050073115,0.270598050073114));
#7262=DIRECTION('center_axis',(-4.0081134544379E-49,0.707106781186546,-0.707106781186549));
#7263=DIRECTION('ref_axis',(0.923879532511278,0.270598050073115,0.270598050073114));
#7264=DIRECTION('',(4.0081134544379E-49,-0.707106781186546,0.707106781186549));
#7265=DIRECTION('center_axis',(4.0081134544379E-49,-0.707106781186546,0.707106781186549));
#7266=DIRECTION('ref_axis',(0.923879532511278,-0.270598050073115,-0.270598050073114));
#7267=DIRECTION('center_axis',(-4.0081134544379E-49,0.707106781186546,-0.707106781186549));
#7268=DIRECTION('ref_axis',(0.923879532511278,-0.270598050073115,-0.270598050073114));
#7269=DIRECTION('',(4.0081134544379E-49,-0.707106781186546,0.707106781186549));
#7270=DIRECTION('',(-4.0081134544379E-49,0.707106781186546,-0.707106781186549));
#7271=DIRECTION('center_axis',(-0.707106781186522,0.500000000000019,0.500000000000017));
#7272=DIRECTION('ref_axis',(0.707106781186573,0.499999999999983,0.499999999999981));
#7273=DIRECTION('',(0.707106781186573,0.499999999999983,0.499999999999981));
#7274=DIRECTION('',(-4.0081134544379E-49,0.707106781186546,-0.707106781186549));
#7275=DIRECTION('center_axis',(-4.0081134544379E-49,0.707106781186546,-0.707106781186549));
#7276=DIRECTION('ref_axis',(0.382683432365069,-0.653281482438196,-0.653281482438193));
#7277=DIRECTION('center_axis',(-4.0081134544379E-49,0.707106781186546,-0.707106781186549));
#7278=DIRECTION('ref_axis',(0.382683432365069,-0.653281482438196,-0.653281482438193));
#7279=DIRECTION('',(4.0081134544379E-49,-0.707106781186546,0.707106781186549));
#7280=DIRECTION('center_axis',(4.0081134544379E-49,-0.707106781186546,0.707106781186549));
#7281=DIRECTION('ref_axis',(-0.38268343236509,-0.65328148243819,-0.653281482438187));
#7282=DIRECTION('center_axis',(-4.0081134544379E-49,0.707106781186546,-0.707106781186549));
#7283=DIRECTION('ref_axis',(-0.38268343236509,-0.65328148243819,-0.653281482438187));
#7284=DIRECTION('',(4.0081134544379E-49,-0.707106781186546,0.707106781186549));
#7285=DIRECTION('',(-4.0081134544379E-49,0.707106781186546,-0.707106781186549));
#7286=DIRECTION('center_axis',(0.707106781186545,0.500000000000003,0.500000000000001));
#7287=DIRECTION('ref_axis',(0.70710678118655,-0.499999999999999,-0.499999999999997));
#7288=DIRECTION('',(0.70710678118655,-0.499999999999999,-0.499999999999997));
#7289=DIRECTION('',(-4.0081134544379E-49,0.707106781186546,-0.707106781186549));
#7290=DIRECTION('center_axis',(-4.0081134544379E-49,0.707106781186546,-0.707106781186549));
#7291=DIRECTION('ref_axis',(-0.923879532511289,-0.270598050073095,-0.270598050073094));
#7292=DIRECTION('center_axis',(-4.0081134544379E-49,0.707106781186546,-0.707106781186549));
#7293=DIRECTION('ref_axis',(-0.923879532511289,-0.270598050073095,-0.270598050073094));
#7294=DIRECTION('',(4.0081134544379E-49,-0.707106781186546,0.707106781186549));
#7295=DIRECTION('center_axis',(4.0081134544379E-49,-0.707106781186546,0.707106781186549));
#7296=DIRECTION('ref_axis',(-0.923879532511289,0.270598050073095,0.270598050073094));
#7297=DIRECTION('center_axis',(-4.0081134544379E-49,0.707106781186546,-0.707106781186549));
#7298=DIRECTION('ref_axis',(-0.923879532511289,0.270598050073095,0.270598050073094));
#7299=DIRECTION('',(4.0081134544379E-49,-0.707106781186546,0.707106781186549));
#7300=DIRECTION('',(-4.0081134544379E-49,0.707106781186546,-0.707106781186549));
#7301=DIRECTION('center_axis',(0.70710678118656,-0.499999999999993,-0.49999999999999));
#7302=DIRECTION('ref_axis',(-0.707106781186535,-0.50000000000001,-0.500000000000007));
#7303=DIRECTION('',(-0.707106781186535,-0.50000000000001,-0.500000000000007));
#7304=DIRECTION('',(-4.0081134544379E-49,0.707106781186546,-0.707106781186549));
#7305=DIRECTION('center_axis',(-4.0081134544379E-49,0.707106781186546,-0.707106781186549));
#7306=DIRECTION('ref_axis',(-0.382683432365119,0.653281482438181,0.653281482438178));
#7307=DIRECTION('center_axis',(-4.0081134544379E-49,0.707106781186546,-0.707106781186549));
#7308=DIRECTION('ref_axis',(-0.382683432365119,0.653281482438181,0.653281482438178));
#7309=DIRECTION('',(4.0081134544379E-49,-0.707106781186546,0.707106781186549));
#7310=DIRECTION('center_axis',(1.,-1.23259516440783E-32,1.3684555315672E-48));
#7311=DIRECTION('ref_axis',(-1.23259516440783E-32,-1.,0.));
#7312=DIRECTION('',(-8.71576399210527E-33,-0.707106781186549,-0.707106781186546));
#7313=DIRECTION('',(8.71576399210527E-33,0.707106781186549,0.707106781186546));
#7314=DIRECTION('center_axis',(1.,-1.23259516440783E-32,1.3684555315672E-48));
#7315=DIRECTION('ref_axis',(-1.23259516440783E-32,-1.,0.));
#7316=DIRECTION('',(-8.71576399210527E-33,-0.707106781186549,-0.707106781186546));
#7317=DIRECTION('',(8.71576399210527E-33,0.707106781186549,0.707106781186546));
#7318=DIRECTION('center_axis',(1.,-1.23259516440783E-32,1.3684555315672E-48));
#7319=DIRECTION('ref_axis',(-1.23259516440783E-32,-1.,0.));
#7320=DIRECTION('',(-8.71576399210527E-33,-0.707106781186549,-0.707106781186546));
#7321=DIRECTION('',(8.71576399210527E-33,0.707106781186549,0.707106781186546));
#7322=DIRECTION('center_axis',(0.,-0.707106781186546,0.707106781186549));
#7323=DIRECTION('ref_axis',(1.,1.3684555315672E-48,1.3684555315672E-48));
#7324=DIRECTION('',(1.,1.3684555315672E-48,1.3684555315672E-48));
#7325=DIRECTION('',(0.,-0.707106781186549,-0.707106781186546));
#7326=DIRECTION('',(-1.,-1.3684555315672E-48,-1.3684555315672E-48));
#7327=DIRECTION('center_axis',(0.,-0.707106781186546,0.707106781186549));
#7328=DIRECTION('ref_axis',(1.,1.3684555315672E-48,1.3684555315672E-48));
#7329=DIRECTION('',(-1.,-1.3684555315672E-48,-1.3684555315672E-48));
#7330=DIRECTION('',(1.,1.3684555315672E-48,1.3684555315672E-48));
#7331=DIRECTION('center_axis',(0.,-0.707106781186546,0.707106781186549));
#7332=DIRECTION('ref_axis',(1.,1.3684555315672E-48,1.3684555315672E-48));
#7333=DIRECTION('',(1.,1.3684555315672E-48,1.3684555315672E-48));
#7334=DIRECTION('',(-1.,-1.3684555315672E-48,-1.3684555315672E-48));
#7335=DIRECTION('center_axis',(0.,-0.707106781186546,0.707106781186549));
#7336=DIRECTION('ref_axis',(1.,1.3684555315672E-48,1.3684555315672E-48));
#7337=DIRECTION('',(-1.,-1.3684555315672E-48,-1.3684555315672E-48));
#7338=DIRECTION('',(-3.16772113788709E-48,0.707106781186552,0.707106781186543));
#7339=DIRECTION('',(1.,1.3684555315672E-48,1.3684555315672E-48));
#7340=DIRECTION('center_axis',(0.,-0.707106781186546,0.707106781186549));
#7341=DIRECTION('ref_axis',(1.,1.3684555315672E-48,1.3684555315672E-48));
#7342=DIRECTION('',(1.,1.3684555315672E-48,1.3684555315672E-48));
#7343=DIRECTION('',(-1.,-1.3684555315672E-48,-1.3684555315672E-48));
#7344=DIRECTION('center_axis',(0.,-0.707106781186546,0.707106781186549));
#7345=DIRECTION('ref_axis',(1.,1.3684555315672E-48,1.3684555315672E-48));
#7346=DIRECTION('',(-1.,-1.3684555315672E-48,-1.3684555315672E-48));
#7347=DIRECTION('',(-1.58386056894353E-48,-0.707106781186549,-0.707106781186546));
#7348=DIRECTION('center_axis',(0.,-0.707106781186546,0.707106781186549));
#7349=DIRECTION('ref_axis',(1.,1.3684555315672E-48,1.3684555315672E-48));
#7350=DIRECTION('',(-1.,-1.3684555315672E-48,-1.3684555315672E-48));
#7351=DIRECTION('center_axis',(0.,-0.707106781186546,0.707106781186549));
#7352=DIRECTION('ref_axis',(1.,1.3684555315672E-48,1.3684555315672E-48));
#7353=DIRECTION('',(-1.,-1.3684555315672E-48,-1.3684555315672E-48));
#7354=DIRECTION('center_axis',(0.,-0.707106781186546,0.707106781186549));
#7355=DIRECTION('ref_axis',(1.,1.3684555315672E-48,1.3684555315672E-48));
#7356=DIRECTION('',(1.3684555315672E-48,0.707106781186549,0.707106781186546));
#7357=DIRECTION('',(-1.,-1.3684555315672E-48,-1.3684555315672E-48));
#7358=DIRECTION('center_axis',(0.,-0.707106781186546,0.707106781186549));
#7359=DIRECTION('ref_axis',(1.,1.3684555315672E-48,1.3684555315672E-48));
#7360=DIRECTION('',(-1.,-1.3684555315672E-48,-1.3684555315672E-48));
#7361=DIRECTION('',(-8.71576399210527E-33,-0.707106781186549,-0.707106781186546));
#7362=DIRECTION('center_axis',(1.,-1.23259516440783E-32,1.3684555315672E-48));
#7363=DIRECTION('ref_axis',(-1.23259516440783E-32,-1.,0.));
#7364=DIRECTION('',(8.71576399210527E-33,0.707106781186549,0.707106781186546));
#7365=DIRECTION('center_axis',(0.,0.707106781186546,-0.707106781186549));
#7366=DIRECTION('ref_axis',(8.71576399210527E-33,0.707106781186549,0.707106781186546));
#7367=DIRECTION('',(-1.,-1.3684555315672E-48,-1.3684555315672E-48));
#7368=DIRECTION('',(1.58386056894353E-48,0.707106781186549,0.707106781186546));
#7369=DIRECTION('',(1.,1.3684555315672E-48,1.3684555315672E-48));
#7370=DIRECTION('center_axis',(0.,0.707106781186546,-0.707106781186549));
#7371=DIRECTION('ref_axis',(8.71576399210527E-33,0.707106781186549,0.707106781186546));
#7372=DIRECTION('',(1.,1.3684555315672E-48,1.3684555315672E-48));
#7373=DIRECTION('',(-1.,-1.3684555315672E-48,-1.3684555315672E-48));
#7374=DIRECTION('center_axis',(0.,0.707106781186546,-0.707106781186549));
#7375=DIRECTION('ref_axis',(8.71576399210527E-33,0.707106781186549,0.707106781186546));
#7376=DIRECTION('',(-1.,-1.3684555315672E-48,-1.3684555315672E-48));
#7377=DIRECTION('',(1.,1.3684555315672E-48,1.3684555315672E-48));
#7378=DIRECTION('center_axis',(0.,0.707106781186546,-0.707106781186549));
#7379=DIRECTION('ref_axis',(8.71576399210527E-33,0.707106781186549,0.707106781186546));
#7380=DIRECTION('',(1.,1.3684555315672E-48,1.3684555315672E-48));
#7381=DIRECTION('',(1.58386056894353E-48,0.707106781186549,0.707106781186546));
#7382=DIRECTION('',(-1.,-1.3684555315672E-48,-1.3684555315672E-48));
#7383=DIRECTION('center_axis',(0.,0.707106781186546,-0.707106781186549));
#7384=DIRECTION('ref_axis',(8.71576399210527E-33,0.707106781186549,0.707106781186546));
#7385=DIRECTION('',(-1.,-1.3684555315672E-48,-1.3684555315672E-48));
#7386=DIRECTION('',(1.,1.3684555315672E-48,1.3684555315672E-48));
#7387=DIRECTION('center_axis',(0.,0.707106781186546,-0.707106781186549));
#7388=DIRECTION('ref_axis',(8.71576399210527E-33,0.707106781186549,0.707106781186546));
#7389=DIRECTION('',(1.58386056894354E-48,0.707106781186552,0.707106781186543));
#7390=DIRECTION('center_axis',(0.,0.707106781186546,-0.707106781186549));
#7391=DIRECTION('ref_axis',(8.71576399210527E-33,0.707106781186549,0.707106781186546));
#7392=DIRECTION('center_axis',(0.,0.707106781186546,-0.707106781186549));
#7393=DIRECTION('ref_axis',(8.71576399210527E-33,0.707106781186549,0.707106781186546));
#7394=DIRECTION('center_axis',(0.,0.707106781186546,-0.707106781186549));
#7395=DIRECTION('ref_axis',(8.71576399210527E-33,0.707106781186549,0.707106781186546));
#7396=DIRECTION('',(1.58386056894354E-48,0.707106781186552,0.707106781186543));
#7397=DIRECTION('center_axis',(0.,0.707106781186546,-0.707106781186549));
#7398=DIRECTION('ref_axis',(8.71576399210527E-33,0.707106781186549,0.707106781186546));
#7399=DIRECTION('center_axis',(0.,0.707106781186546,-0.707106781186549));
#7400=DIRECTION('ref_axis',(8.71576399210527E-33,0.707106781186549,0.707106781186546));
#7401=DIRECTION('',(-1.,-1.3684555315672E-48,-1.3684555315672E-48));
#7402=DIRECTION('',(-1.,-1.3684555315672E-48,-1.3684555315672E-48));
#7403=DIRECTION('',(-1.,-1.3684555315672E-48,-1.3684555315672E-48));
#7404=DIRECTION('',(-1.,-1.3684555315672E-48,-1.3684555315672E-48));
#7405=DIRECTION('',(1.3684555315672E-48,0.707106781186549,0.707106781186546));
#7406=DIRECTION('',(1.3684555315672E-48,0.707106781186549,0.707106781186546));
#7407=DIRECTION('',(1.,-1.40147722939381E-16,-1.4014772293938E-16));
#7408=DIRECTION('',(-3.22973970800046E-16,-0.707106781186549,-0.707106781186546));
#7409=DIRECTION('',(-1.,-1.3684555315672E-48,-1.3684555315672E-48));
#7410=DIRECTION('',(1.3684555315672E-48,0.707106781186549,0.707106781186546));
#7411=DIRECTION('',(-1.3684555315672E-48,-0.707106781186549,-0.707106781186546));
#7412=DIRECTION('',(1.,-1.16303145087687E-16,-1.16303145087687E-16));
#7413=DIRECTION('',(1.3684555315672E-48,0.707106781186549,0.707106781186546));
#7414=DIRECTION('',(-1.,-1.78716564354277E-14,-1.78716564354277E-14));
#7415=DIRECTION('',(7.80816193142977E-16,-0.707106781186549,-0.707106781186546));
#7416=DIRECTION('',(1.,-1.68600532409696E-16,-1.68600532409695E-16));
#7417=DIRECTION('',(1.3684555315672E-48,0.707106781186549,0.707106781186546));
#7418=DIRECTION('',(-1.3684555315672E-48,-0.707106781186549,-0.707106781186546));
#7419=DIRECTION('',(1.,1.3684555315672E-48,1.3684555315672E-48));
#7420=DIRECTION('',(1.95204048285743E-16,0.707106781186549,0.707106781186546));
#7421=DIRECTION('',(-1.,-1.3684555315672E-48,-1.3684555315672E-48));
#7422=DIRECTION('',(1.3684555315672E-48,0.707106781186549,0.707106781186546));
#7423=DIRECTION('',(-1.3684555315672E-48,-0.707106781186549,-0.707106781186546));
#7424=DIRECTION('',(1.,-2.48727518148209E-16,-2.48727518148208E-16));
#7425=DIRECTION('',(1.3684555315672E-48,0.707106781186549,0.707106781186546));
#7426=DIRECTION('',(-1.,-1.3684555315672E-48,-1.3684555315672E-48));
#7427=DIRECTION('',(1.56163238628589E-15,-0.707106781186549,-0.707106781186546));
#7428=DIRECTION('',(1.,1.3684555315672E-48,1.3684555315672E-48));
#7429=DIRECTION('',(7.80816193142951E-16,-0.707106781186549,-0.707106781186546));
#7430=DIRECTION('',(1.,1.3684555315672E-48,1.3684555315672E-48));
#7431=DIRECTION('',(1.3684555315672E-48,0.707106781186549,0.707106781186546));
#7432=DIRECTION('',(1.3684555315672E-48,0.707106781186549,0.707106781186546));
#7433=DIRECTION('',(-1.,4.48597845338223E-16,4.48597845338221E-16));
#7434=DIRECTION('',(-1.3684555315672E-48,-0.707106781186549,-0.707106781186546));
#7435=DIRECTION('',(1.,1.3684555315672E-48,1.3684555315672E-48));
#7436=DIRECTION('center_axis',(4.0081134544379E-49,-0.707106781186546,0.707106781186549));
#7437=DIRECTION('ref_axis',(1.,1.35276347525425E-48,1.35276347525425E-48));
#7438=DIRECTION('center_axis',(4.0081134544379E-49,-0.707106781186546,0.707106781186549));
#7439=DIRECTION('ref_axis',(1.,1.35276347525425E-48,1.35276347525425E-48));
#7440=DIRECTION('center_axis',(4.0081134544379E-49,-0.707106781186546,0.707106781186549));
#7441=DIRECTION('ref_axis',(1.,1.35276347525425E-48,1.35276347525425E-48));
#7442=DIRECTION('center_axis',(4.0081134544379E-49,-0.707106781186546,0.707106781186549));
#7443=DIRECTION('ref_axis',(1.,1.35276347525425E-48,1.35276347525425E-48));
#7444=DIRECTION('center_axis',(4.0081134544379E-49,-0.707106781186546,0.707106781186549));
#7445=DIRECTION('ref_axis',(1.,1.35276347525425E-48,1.35276347525425E-48));
#7446=DIRECTION('center_axis',(4.0081134544379E-49,-0.707106781186546,0.707106781186549));
#7447=DIRECTION('ref_axis',(1.,1.35276347525425E-48,1.35276347525425E-48));
#7448=DIRECTION('center_axis',(4.0081134544379E-49,-0.707106781186546,0.707106781186549));
#7449=DIRECTION('ref_axis',(1.,1.35276347525425E-48,1.35276347525425E-48));
#7450=DIRECTION('center_axis',(4.0081134544379E-49,-0.707106781186546,0.707106781186549));
#7451=DIRECTION('ref_axis',(1.,1.35276347525425E-48,1.35276347525425E-48));
#7452=DIRECTION('center_axis',(4.0081134544379E-49,-0.707106781186546,0.707106781186549));
#7453=DIRECTION('ref_axis',(1.,1.35276347525425E-48,1.35276347525425E-48));
#7454=DIRECTION('center_axis',(4.0081134544379E-49,-0.707106781186546,0.707106781186549));
#7455=DIRECTION('ref_axis',(1.,1.35276347525425E-48,1.35276347525425E-48));
#7456=DIRECTION('center_axis',(4.0081134544379E-49,-0.707106781186546,0.707106781186549));
#7457=DIRECTION('ref_axis',(1.,1.35276347525425E-48,1.35276347525425E-48));
#7458=DIRECTION('center_axis',(4.0081134544379E-49,-0.707106781186546,0.707106781186549));
#7459=DIRECTION('ref_axis',(1.,1.35276347525425E-48,1.35276347525425E-48));
#7460=DIRECTION('center_axis',(4.0081134544379E-49,-0.707106781186546,0.707106781186549));
#7461=DIRECTION('ref_axis',(1.,1.35276347525425E-48,1.35276347525425E-48));
#7462=DIRECTION('center_axis',(4.0081134544379E-49,-0.707106781186546,0.707106781186549));
#7463=DIRECTION('ref_axis',(1.,1.35276347525425E-48,1.35276347525425E-48));
#7464=DIRECTION('center_axis',(4.0081134544379E-49,-0.707106781186546,0.707106781186549));
#7465=DIRECTION('ref_axis',(1.,1.35276347525425E-48,1.35276347525425E-48));
#7466=DIRECTION('center_axis',(4.0081134544379E-49,-0.707106781186546,0.707106781186549));
#7467=DIRECTION('ref_axis',(1.,1.35276347525425E-48,1.35276347525425E-48));
#7468=DIRECTION('center_axis',(4.0081134544379E-49,-0.707106781186546,0.707106781186549));
#7469=DIRECTION('ref_axis',(1.,1.35276347525425E-48,1.35276347525425E-48));
#7470=DIRECTION('center_axis',(4.0081134544379E-49,-0.707106781186546,0.707106781186549));
#7471=DIRECTION('ref_axis',(1.,1.35276347525425E-48,1.35276347525425E-48));
#7472=DIRECTION('center_axis',(4.0081134544379E-49,-0.707106781186546,0.707106781186549));
#7473=DIRECTION('ref_axis',(1.,1.35276347525425E-48,1.35276347525425E-48));
#7474=DIRECTION('center_axis',(4.0081134544379E-49,-0.707106781186546,0.707106781186549));
#7475=DIRECTION('ref_axis',(1.,1.35276347525425E-48,1.35276347525425E-48));
#7476=DIRECTION('center_axis',(4.0081134544379E-49,-0.707106781186546,0.707106781186549));
#7477=DIRECTION('ref_axis',(1.,1.35276347525425E-48,1.35276347525425E-48));
#7478=DIRECTION('center_axis',(4.0081134544379E-49,-0.707106781186546,0.707106781186549));
#7479=DIRECTION('ref_axis',(1.,1.35276347525425E-48,1.35276347525425E-48));
#7480=DIRECTION('center_axis',(4.0081134544379E-49,-0.707106781186546,0.707106781186549));
#7481=DIRECTION('ref_axis',(1.,1.35276347525425E-48,1.35276347525425E-48));
#7482=DIRECTION('center_axis',(4.0081134544379E-49,-0.707106781186546,0.707106781186549));
#7483=DIRECTION('ref_axis',(1.,1.35276347525425E-48,1.35276347525425E-48));
#7484=DIRECTION('center_axis',(4.0081134544379E-49,-0.707106781186546,0.707106781186549));
#7485=DIRECTION('ref_axis',(1.,1.35276347525425E-48,1.35276347525425E-48));
#7486=DIRECTION('center_axis',(4.0081134544379E-49,-0.707106781186546,0.707106781186549));
#7487=DIRECTION('ref_axis',(1.,1.35276347525425E-48,1.35276347525425E-48));
#7488=DIRECTION('center_axis',(4.0081134544379E-49,-0.707106781186546,0.707106781186549));
#7489=DIRECTION('ref_axis',(1.,1.35276347525425E-48,1.35276347525425E-48));
#7490=DIRECTION('center_axis',(4.0081134544379E-49,-0.707106781186546,0.707106781186549));
#7491=DIRECTION('ref_axis',(1.,1.35276347525425E-48,1.35276347525425E-48));
#7492=DIRECTION('center_axis',(4.0081134544379E-49,-0.707106781186546,0.707106781186549));
#7493=DIRECTION('ref_axis',(1.,-3.62196119323823E-17,-3.62196119323822E-17));
#7494=DIRECTION('center_axis',(4.0081134544379E-49,-0.707106781186546,0.707106781186549));
#7495=DIRECTION('ref_axis',(1.,-3.62196119323823E-17,-3.62196119323822E-17));
#7496=DIRECTION('center_axis',(4.0081134544379E-49,-0.707106781186546,0.707106781186549));
#7497=DIRECTION('ref_axis',(1.,-3.62196119323823E-17,-3.62196119323822E-17));
#7498=DIRECTION('center_axis',(4.0081134544379E-49,-0.707106781186546,0.707106781186549));
#7499=DIRECTION('ref_axis',(1.,-3.62196119323823E-17,-3.62196119323822E-17));
#7500=DIRECTION('center_axis',(4.0081134544379E-49,-0.707106781186546,0.707106781186549));
#7501=DIRECTION('ref_axis',(1.,-3.62196119323823E-17,-3.62196119323822E-17));
#7502=DIRECTION('center_axis',(4.0081134544379E-49,-0.707106781186546,0.707106781186549));
#7503=DIRECTION('ref_axis',(1.,-3.62196119323823E-17,-3.62196119323822E-17));
#7504=DIRECTION('center_axis',(4.0081134544379E-49,-0.707106781186546,0.707106781186549));
#7505=DIRECTION('ref_axis',(1.,-3.62196119323823E-17,-3.62196119323822E-17));
#7506=DIRECTION('center_axis',(4.0081134544379E-49,-0.707106781186546,0.707106781186549));
#7507=DIRECTION('ref_axis',(1.,-3.62196119323823E-17,-3.62196119323822E-17));
#7508=DIRECTION('center_axis',(4.0081134544379E-49,-0.707106781186546,0.707106781186549));
#7509=DIRECTION('ref_axis',(1.,-3.62196119323823E-17,-3.62196119323822E-17));
#7510=DIRECTION('center_axis',(4.0081134544379E-49,-0.707106781186546,0.707106781186549));
#7511=DIRECTION('ref_axis',(1.,-3.62196119323823E-17,-3.62196119323822E-17));
#7512=DIRECTION('center_axis',(4.0081134544379E-49,-0.707106781186546,0.707106781186549));
#7513=DIRECTION('ref_axis',(1.,-3.62196119323823E-17,-3.62196119323822E-17));
#7514=DIRECTION('center_axis',(4.0081134544379E-49,-0.707106781186546,0.707106781186549));
#7515=DIRECTION('ref_axis',(1.,-3.62196119323823E-17,-3.62196119323822E-17));
#7516=DIRECTION('center_axis',(4.0081134544379E-49,-0.707106781186546,0.707106781186549));
#7517=DIRECTION('ref_axis',(1.,-3.62196119323823E-17,-3.62196119323822E-17));
#7518=DIRECTION('center_axis',(4.0081134544379E-49,-0.707106781186546,0.707106781186549));
#7519=DIRECTION('ref_axis',(1.,-3.62196119323823E-17,-3.62196119323822E-17));
#7520=DIRECTION('center_axis',(4.0081134544379E-49,-0.707106781186546,0.707106781186549));
#7521=DIRECTION('ref_axis',(1.,-3.62196119323823E-17,-3.62196119323822E-17));
#7522=DIRECTION('center_axis',(4.0081134544379E-49,-0.707106781186546,0.707106781186549));
#7523=DIRECTION('ref_axis',(1.,-3.62196119323823E-17,-3.62196119323822E-17));
#7524=DIRECTION('center_axis',(0.,0.707106781186546,-0.707106781186549));
#7525=DIRECTION('ref_axis',(8.71576399210527E-33,0.707106781186549,0.707106781186546));
#7526=DIRECTION('',(1.58386056894353E-48,0.707106781186549,0.707106781186546));
#7527=DIRECTION('center_axis',(0.,0.707106781186546,-0.707106781186549));
#7528=DIRECTION('ref_axis',(8.71576399210527E-33,0.707106781186549,0.707106781186546));
#7529=DIRECTION('center_axis',(0.,0.707106781186546,-0.707106781186549));
#7530=DIRECTION('ref_axis',(8.71576399210527E-33,0.707106781186549,0.707106781186546));
#7531=DIRECTION('center_axis',(0.,0.707106781186546,-0.707106781186549));
#7532=DIRECTION('ref_axis',(8.71576399210527E-33,0.707106781186549,0.707106781186546));
#7533=DIRECTION('center_axis',(0.,-0.707106781186546,0.707106781186549));
#7534=DIRECTION('ref_axis',(1.,1.3684555315672E-48,1.3684555315672E-48));
#7535=DIRECTION('',(-3.16772113788705E-48,-0.707106781186549,-0.707106781186546));
#7536=DIRECTION('center_axis',(0.,-0.707106781186546,0.707106781186549));
#7537=DIRECTION('ref_axis',(1.,1.3684555315672E-48,1.3684555315672E-48));
#7538=DIRECTION('center_axis',(0.,-0.707106781186546,0.707106781186549));
#7539=DIRECTION('ref_axis',(1.,1.3684555315672E-48,1.3684555315672E-48));
#7540=DIRECTION('center_axis',(0.,-0.707106781186546,0.707106781186549));
#7541=DIRECTION('ref_axis',(1.,1.3684555315672E-48,1.3684555315672E-48));
#7542=DIRECTION('center_axis',(1.23259516440783E-32,0.707106781186537,-0.707106781186558));
#7543=DIRECTION('ref_axis',(0.,-0.707106781186558,-0.707106781186537));
#7544=DIRECTION('center_axis',(4.96387458125962E-50,0.707106781186537,-0.707106781186558));
#7545=DIRECTION('ref_axis',(0.,-0.707106781186558,-0.707106781186537));
#7546=DIRECTION('',(1.23259516440783E-32,0.707106781186537,-0.707106781186558));
#7547=DIRECTION('center_axis',(1.23259516440783E-32,0.707106781186537,-0.707106781186558));
#7548=DIRECTION('ref_axis',(0.,-0.707106781186558,-0.707106781186537));
#7549=DIRECTION('center_axis',(4.96387458125962E-50,0.707106781186537,-0.707106781186558));
#7550=DIRECTION('ref_axis',(0.,-0.707106781186558,-0.707106781186537));
#7551=DIRECTION('',(1.23259516440783E-32,0.707106781186537,-0.707106781186558));
#7552=DIRECTION('center_axis',(1.23259516440783E-32,0.707106781186537,-0.707106781186558));
#7553=DIRECTION('ref_axis',(0.,-0.707106781186558,-0.707106781186537));
#7554=DIRECTION('center_axis',(4.96387458125962E-50,0.707106781186537,-0.707106781186558));
#7555=DIRECTION('ref_axis',(0.,-0.707106781186558,-0.707106781186537));
#7556=DIRECTION('',(1.23259516440783E-32,0.707106781186537,-0.707106781186558));
#7557=DIRECTION('center_axis',(1.23259516440783E-32,0.707106781186537,-0.707106781186558));
#7558=DIRECTION('ref_axis',(0.,-0.707106781186558,-0.707106781186537));
#7559=DIRECTION('center_axis',(4.96387458125962E-50,0.707106781186537,-0.707106781186558));
#7560=DIRECTION('ref_axis',(0.,-0.707106781186558,-0.707106781186537));
#7561=DIRECTION('',(1.23259516440783E-32,0.707106781186537,-0.707106781186558));
#7562=DIRECTION('center_axis',(1.23259516440783E-32,0.707106781186537,-0.707106781186558));
#7563=DIRECTION('ref_axis',(0.,-0.707106781186558,-0.707106781186537));
#7564=DIRECTION('center_axis',(4.96387458125962E-50,0.707106781186537,-0.707106781186558));
#7565=DIRECTION('ref_axis',(0.,-0.707106781186558,-0.707106781186537));
#7566=DIRECTION('',(1.23259516440783E-32,0.707106781186537,-0.707106781186558));
#7567=DIRECTION('center_axis',(-1.,-1.3684555315672E-48,-1.3684555315672E-48));
#7568=DIRECTION('ref_axis',(0.,-0.707106781186558,-0.707106781186537));
#7569=DIRECTION('',(0.,-0.707106781186558,-0.707106781186537));
#7570=DIRECTION('',(8.40229232986581E-50,0.707106781186536,-0.707106781186559));
#7571=DIRECTION('center_axis',(1.,1.3684555315672E-48,1.3684555315672E-48));
#7572=DIRECTION('ref_axis',(0.,-0.707106781186546,0.707106781186549));
#7573=DIRECTION('',(-8.40229232986581E-50,-0.707106781186536,0.707106781186559));
#7574=DIRECTION('',(4.8626570131857E-50,0.707106781186546,-0.707106781186549));
#7575=DIRECTION('center_axis',(-1.,-1.3684555315672E-48,-1.3684555315672E-48));
#7576=DIRECTION('ref_axis',(0.,0.707106781186546,-0.707106781186549));
#7577=DIRECTION('',(-4.8626570131857E-50,-0.707106781186546,0.707106781186549));
#7578=DIRECTION('center_axis',(1.,1.3684555315672E-48,1.3684555315672E-48));
#7579=DIRECTION('ref_axis',(0.,0.707106781186559,0.707106781186536));
#7580=DIRECTION('',(0.,0.707106781186559,0.707106781186536));
#7581=DIRECTION('center_axis',(0.,-0.707106781186546,0.707106781186549));
#7582=DIRECTION('ref_axis',(1.,1.3684555315672E-48,1.3684555315672E-48));
#7583=DIRECTION('center_axis',(0.,-0.707106781186546,0.707106781186549));
#7584=DIRECTION('ref_axis',(1.,1.3684555315672E-48,1.3684555315672E-48));
#7585=DIRECTION('',(1.58386056894353E-48,0.707106781186549,0.707106781186546));
#7586=DIRECTION('center_axis',(-1.,-1.3684555315672E-48,-1.3684555315672E-48));
#7587=DIRECTION('ref_axis',(0.,-0.707106781186549,-0.707106781186546));
#7588=DIRECTION('',(0.,0.707106781186546,-0.707106781186549));
#7589=DIRECTION('center_axis',(1.,1.3684555315672E-48,1.3684555315672E-48));
#7590=DIRECTION('ref_axis',(0.,-0.707106781186546,0.707106781186549));
#7591=DIRECTION('',(0.,-0.707106781186546,0.707106781186549));
#7592=DIRECTION('',(1.58386056894353E-48,0.707106781186549,0.707106781186546));
#7593=DIRECTION('center_axis',(-1.,-1.3684555315672E-48,-1.3684555315672E-48));
#7594=DIRECTION('ref_axis',(0.,0.707106781186546,-0.707106781186549));
#7595=DIRECTION('',(-4.0081134544379E-49,0.707106781186546,-0.707106781186549));
#7596=DIRECTION('center_axis',(1.,1.3684555315672E-48,1.3684555315672E-48));
#7597=DIRECTION('ref_axis',(1.3684555315672E-48,0.707106781186549,0.707106781186546));
#7598=DIRECTION('center_axis',(0.,0.707106781186546,-0.707106781186549));
#7599=DIRECTION('ref_axis',(8.71576399210527E-33,0.707106781186549,0.707106781186546));
#7600=DIRECTION('center_axis',(-3.3254162488962E-14,-0.707106781186538,
0.707106781186558));
#7601=DIRECTION('ref_axis',(-0.707106781186554,0.500000000000019,0.499999999999971));
#7602=DIRECTION('center_axis',(2.06140170638998E-14,0.707106781186546,-0.707106781186549));
#7603=DIRECTION('ref_axis',(-0.707106781186554,0.500000000000019,0.499999999999971));
#7604=DIRECTION('',(3.3254162488962E-14,0.707106781186537,-0.707106781186557));
#7605=DIRECTION('center_axis',(-3.3254162488962E-14,-0.707106781186538,
0.707106781186558));
#7606=DIRECTION('ref_axis',(-0.707106781186554,0.500000000000019,0.499999999999971));
#7607=DIRECTION('center_axis',(2.06140170638998E-14,0.707106781186546,-0.707106781186549));
#7608=DIRECTION('ref_axis',(-0.707106781186554,0.500000000000019,0.499999999999971));
#7609=DIRECTION('',(3.3254162488962E-14,0.707106781186537,-0.707106781186557));
#7610=DIRECTION('center_axis',(-3.3254162488962E-14,-0.707106781186538,
0.707106781186558));
#7611=DIRECTION('ref_axis',(-0.707106781186554,0.500000000000019,0.499999999999971));
#7612=DIRECTION('center_axis',(2.06140170638998E-14,0.707106781186546,-0.707106781186549));
#7613=DIRECTION('ref_axis',(-0.707106781186554,0.500000000000019,0.499999999999971));
#7614=DIRECTION('',(3.3254162488962E-14,0.707106781186537,-0.707106781186557));
#7615=DIRECTION('center_axis',(-9.51951034808595E-17,0.707106781186548,
-0.707106781186547));
#7616=DIRECTION('ref_axis',(0.707106781186555,0.499999999999995,0.499999999999995));
#7617=DIRECTION('center_axis',(9.09094911337569E-15,0.707106781186546,-0.707106781186549));
#7618=DIRECTION('ref_axis',(0.707106781186555,0.499999999999995,0.499999999999995));
#7619=DIRECTION('',(-9.51951034808595E-17,0.707106781186548,-0.707106781186547));
#7620=DIRECTION('center_axis',(-9.51951034808595E-17,0.707106781186548,
-0.707106781186547));
#7621=DIRECTION('ref_axis',(0.707106781186555,0.499999999999995,0.499999999999995));
#7622=DIRECTION('center_axis',(9.09094911337569E-15,0.707106781186546,-0.707106781186549));
#7623=DIRECTION('ref_axis',(0.707106781186555,0.499999999999995,0.499999999999995));
#7624=DIRECTION('',(-9.51951034808595E-17,0.707106781186548,-0.707106781186547));
#7625=DIRECTION('center_axis',(-9.51951034808595E-17,0.707106781186548,
-0.707106781186547));
#7626=DIRECTION('ref_axis',(0.707106781186555,0.499999999999995,0.499999999999995));
#7627=DIRECTION('center_axis',(9.09094911337569E-15,0.707106781186546,-0.707106781186549));
#7628=DIRECTION('ref_axis',(0.707106781186555,0.499999999999995,0.499999999999995));
#7629=DIRECTION('',(-9.51951034808595E-17,0.707106781186548,-0.707106781186547));
#7630=DIRECTION('center_axis',(0.,-0.707106781186546,0.707106781186549));
#7631=DIRECTION('ref_axis',(1.,1.3684555315672E-48,1.3684555315672E-48));
#7632=DIRECTION('',(1.3684555315672E-48,0.707106781186549,0.707106781186546));
#7633=DIRECTION('',(-1.,1.50031057163117E-14,-1.50031057163117E-14));
#7634=DIRECTION('center_axis',(3.22973970800046E-16,0.707106781186549,0.707106781186546));
#7635=DIRECTION('ref_axis',(-1.,1.48479861410899E-14,-1.43912319712911E-14));
#7636=DIRECTION('',(-1.,1.48479861410899E-14,-1.43912319712911E-14));
#7637=DIRECTION('',(2.06140170638997E-14,0.707106781186546,-0.707106781186549));
#7638=DIRECTION('center_axis',(1.3684555315672E-48,0.707106781186549,0.707106781186546));
#7639=DIRECTION('ref_axis',(-9.67644186123414E-49,-0.707106781186546,0.707106781186549));
#7640=DIRECTION('',(4.0081134544379E-49,-0.707106781186546,0.707106781186549));
#7641=DIRECTION('',(1.,-1.50031057163117E-14,1.50031057163117E-14));
#7642=DIRECTION('center_axis',(0.,0.707106781186546,-0.707106781186549));
#7643=DIRECTION('ref_axis',(8.71576399210527E-33,0.707106781186549,0.707106781186546));
#7644=DIRECTION('center_axis',(0.,-0.707106781186546,0.707106781186549));
#7645=DIRECTION('ref_axis',(1.,1.3684555315672E-48,1.3684555315672E-48));
#7646=DIRECTION('center_axis',(0.,-0.707106781186546,0.707106781186549));
#7647=DIRECTION('ref_axis',(1.,1.3684555315672E-48,1.3684555315672E-48));
#7648=DIRECTION('',(-2.32541258976027E-16,-0.707106781186549,-0.707106781186546));
#7649=DIRECTION('',(-1.,1.01667369947011E-14,-9.83787399244593E-15));
#7650=DIRECTION('',(1.,-2.17970515034701E-14,2.1468188501215E-14));
#7651=DIRECTION('center_axis',(2.32541258976027E-16,0.707106781186549,0.707106781186546));
#7652=DIRECTION('ref_axis',(-9.67644186123409E-49,-0.707106781186546,0.707106781186549));
#7653=DIRECTION('',(-1.,1.01667369947011E-14,-9.83787399244593E-15));
#7654=DIRECTION('',(-4.0081134544379E-49,0.707106781186546,-0.707106781186549));
#7655=DIRECTION('center_axis',(-2.32541258976027E-16,-0.707106781186549,
-0.707106781186546));
#7656=DIRECTION('ref_axis',(9.67644186123409E-49,0.707106781186546,-0.707106781186549));
#7657=DIRECTION('',(-1.,1.01667369947012E-14,-9.837873992446E-15));
#7658=DIRECTION('center_axis',(1.,-6.82953876206867E-15,6.02700476891091E-15));
#7659=DIRECTION('ref_axis',(5.67477228694592E-16,0.707106781186549,0.707106781186546));
#7660=DIRECTION('',(5.67477228694592E-16,0.707106781186549,0.707106781186546));
#7661=DIRECTION('center_axis',(0.,0.707106781186546,-0.707106781186549));
#7662=DIRECTION('ref_axis',(8.71576399210527E-33,0.707106781186549,0.707106781186546));
#7663=DIRECTION('center_axis',(0.,-0.707106781186546,0.707106781186549));
#7664=DIRECTION('ref_axis',(1.,1.3684555315672E-48,1.3684555315672E-48));
#7665=DIRECTION('center_axis',(1.,1.3684555315672E-48,1.3684555315672E-48));
#7666=DIRECTION('ref_axis',(1.3684555315672E-48,0.707106781186549,0.707106781186546));
#7667=DIRECTION('center_axis',(1.98198810516579E-16,0.707106781186549,0.707106781186546));
#7668=DIRECTION('ref_axis',(1.,-1.40147722939381E-16,-1.4014772293938E-16));
#7669=DIRECTION('center_axis',(-4.0081134544379E-49,0.707106781186546,-0.707106781186549));
#7670=DIRECTION('ref_axis',(1.,-3.62196119323823E-17,-3.62196119323822E-17));
#7671=DIRECTION('',(-4.0081134544379E-49,0.707106781186546,-0.707106781186549));
#7672=DIRECTION('center_axis',(-4.0081134544379E-49,0.707106781186546,-0.707106781186549));
#7673=DIRECTION('ref_axis',(1.,-3.62196119323823E-17,-3.62196119323822E-17));
#7674=DIRECTION('',(-4.0081134544379E-49,0.707106781186546,-0.707106781186549));
#7675=DIRECTION('center_axis',(-4.0081134544379E-49,0.707106781186546,-0.707106781186549));
#7676=DIRECTION('ref_axis',(1.,-3.62196119323823E-17,-3.62196119323822E-17));
#7677=DIRECTION('',(-4.0081134544379E-49,0.707106781186546,-0.707106781186549));
#7678=DIRECTION('center_axis',(-4.0081134544379E-49,0.707106781186546,-0.707106781186549));
#7679=DIRECTION('ref_axis',(1.,-3.62196119323823E-17,-3.62196119323822E-17));
#7680=DIRECTION('',(-4.0081134544379E-49,0.707106781186546,-0.707106781186549));
#7681=DIRECTION('center_axis',(-4.0081134544379E-49,0.707106781186546,-0.707106781186549));
#7682=DIRECTION('ref_axis',(1.,-3.62196119323823E-17,-3.62196119323822E-17));
#7683=DIRECTION('',(-4.0081134544379E-49,0.707106781186546,-0.707106781186549));
#7684=DIRECTION('center_axis',(-4.0081134544379E-49,0.707106781186546,-0.707106781186549));
#7685=DIRECTION('ref_axis',(1.,-3.62196119323823E-17,-3.62196119323822E-17));
#7686=DIRECTION('',(-4.0081134544379E-49,0.707106781186546,-0.707106781186549));
#7687=DIRECTION('center_axis',(-4.0081134544379E-49,0.707106781186546,-0.707106781186549));
#7688=DIRECTION('ref_axis',(1.,-3.62196119323823E-17,-3.62196119323822E-17));
#7689=DIRECTION('',(-4.0081134544379E-49,0.707106781186546,-0.707106781186549));
#7690=DIRECTION('center_axis',(-4.0081134544379E-49,0.707106781186546,-0.707106781186549));
#7691=DIRECTION('ref_axis',(1.,-3.62196119323823E-17,-3.62196119323822E-17));
#7692=DIRECTION('',(-4.0081134544379E-49,0.707106781186546,-0.707106781186549));
#7693=DIRECTION('center_axis',(-4.0081134544379E-49,0.707106781186546,-0.707106781186549));
#7694=DIRECTION('ref_axis',(1.,-3.62196119323823E-17,-3.62196119323822E-17));
#7695=DIRECTION('',(-4.0081134544379E-49,0.707106781186546,-0.707106781186549));
#7696=DIRECTION('center_axis',(-4.0081134544379E-49,0.707106781186546,-0.707106781186549));
#7697=DIRECTION('ref_axis',(1.,-3.62196119323823E-17,-3.62196119323822E-17));
#7698=DIRECTION('',(-4.0081134544379E-49,0.707106781186546,-0.707106781186549));
#7699=DIRECTION('center_axis',(-4.0081134544379E-49,0.707106781186546,-0.707106781186549));
#7700=DIRECTION('ref_axis',(1.,-3.62196119323823E-17,-3.62196119323822E-17));
#7701=DIRECTION('',(-4.0081134544379E-49,0.707106781186546,-0.707106781186549));
#7702=DIRECTION('center_axis',(-4.0081134544379E-49,0.707106781186546,-0.707106781186549));
#7703=DIRECTION('ref_axis',(1.,-3.62196119323823E-17,-3.62196119323822E-17));
#7704=DIRECTION('',(-4.0081134544379E-49,0.707106781186546,-0.707106781186549));
#7705=DIRECTION('center_axis',(-4.0081134544379E-49,0.707106781186546,-0.707106781186549));
#7706=DIRECTION('ref_axis',(1.,-3.62196119323823E-17,-3.62196119323822E-17));
#7707=DIRECTION('',(-4.0081134544379E-49,0.707106781186546,-0.707106781186549));
#7708=DIRECTION('center_axis',(-4.0081134544379E-49,0.707106781186546,-0.707106781186549));
#7709=DIRECTION('ref_axis',(1.,-3.62196119323823E-17,-3.62196119323822E-17));
#7710=DIRECTION('',(-4.0081134544379E-49,0.707106781186546,-0.707106781186549));
#7711=DIRECTION('center_axis',(-4.0081134544379E-49,0.707106781186546,-0.707106781186549));
#7712=DIRECTION('ref_axis',(1.,-3.62196119323823E-17,-3.62196119323822E-17));
#7713=DIRECTION('',(-4.0081134544379E-49,0.707106781186546,-0.707106781186549));
#7714=DIRECTION('center_axis',(-4.0081134544379E-49,0.707106781186546,-0.707106781186549));
#7715=DIRECTION('ref_axis',(1.,-3.62196119323823E-17,-3.62196119323822E-17));
#7716=DIRECTION('',(-4.0081134544379E-49,0.707106781186546,-0.707106781186549));
#7717=DIRECTION('center_axis',(-4.0081134544379E-49,0.707106781186546,-0.707106781186549));
#7718=DIRECTION('ref_axis',(1.,1.35276347525425E-48,1.35276347525425E-48));
#7719=DIRECTION('',(-4.0081134544379E-49,0.707106781186546,-0.707106781186549));
#7720=DIRECTION('center_axis',(-4.0081134544379E-49,0.707106781186546,-0.707106781186549));
#7721=DIRECTION('ref_axis',(1.,1.35276347525425E-48,1.35276347525425E-48));
#7722=DIRECTION('',(-4.0081134544379E-49,0.707106781186546,-0.707106781186549));
#7723=DIRECTION('center_axis',(-4.0081134544379E-49,0.707106781186546,-0.707106781186549));
#7724=DIRECTION('ref_axis',(1.,1.35276347525425E-48,1.35276347525425E-48));
#7725=DIRECTION('',(-4.0081134544379E-49,0.707106781186546,-0.707106781186549));
#7726=DIRECTION('center_axis',(-4.0081134544379E-49,0.707106781186546,-0.707106781186549));
#7727=DIRECTION('ref_axis',(1.,1.35276347525425E-48,1.35276347525425E-48));
#7728=DIRECTION('',(-4.0081134544379E-49,0.707106781186546,-0.707106781186549));
#7729=DIRECTION('center_axis',(-4.0081134544379E-49,0.707106781186546,-0.707106781186549));
#7730=DIRECTION('ref_axis',(1.,1.35276347525425E-48,1.35276347525425E-48));
#7731=DIRECTION('',(-4.0081134544379E-49,0.707106781186546,-0.707106781186549));
#7732=DIRECTION('center_axis',(-4.0081134544379E-49,0.707106781186546,-0.707106781186549));
#7733=DIRECTION('ref_axis',(1.,1.35276347525425E-48,1.35276347525425E-48));
#7734=DIRECTION('',(-4.0081134544379E-49,0.707106781186546,-0.707106781186549));
#7735=DIRECTION('center_axis',(-4.0081134544379E-49,0.707106781186546,-0.707106781186549));
#7736=DIRECTION('ref_axis',(1.,1.35276347525425E-48,1.35276347525425E-48));
#7737=DIRECTION('',(-4.0081134544379E-49,0.707106781186546,-0.707106781186549));
#7738=DIRECTION('center_axis',(-4.0081134544379E-49,0.707106781186546,-0.707106781186549));
#7739=DIRECTION('ref_axis',(1.,1.35276347525425E-48,1.35276347525425E-48));
#7740=DIRECTION('',(-4.0081134544379E-49,0.707106781186546,-0.707106781186549));
#7741=DIRECTION('center_axis',(-4.0081134544379E-49,0.707106781186546,-0.707106781186549));
#7742=DIRECTION('ref_axis',(1.,1.35276347525425E-48,1.35276347525425E-48));
#7743=DIRECTION('',(-4.0081134544379E-49,0.707106781186546,-0.707106781186549));
#7744=DIRECTION('center_axis',(-4.0081134544379E-49,0.707106781186546,-0.707106781186549));
#7745=DIRECTION('ref_axis',(1.,1.35276347525425E-48,1.35276347525425E-48));
#7746=DIRECTION('',(-4.0081134544379E-49,0.707106781186546,-0.707106781186549));
#7747=DIRECTION('center_axis',(-4.0081134544379E-49,0.707106781186546,-0.707106781186549));
#7748=DIRECTION('ref_axis',(1.,1.35276347525425E-48,1.35276347525425E-48));
#7749=DIRECTION('',(-4.0081134544379E-49,0.707106781186546,-0.707106781186549));
#7750=DIRECTION('center_axis',(-4.0081134544379E-49,0.707106781186546,-0.707106781186549));
#7751=DIRECTION('ref_axis',(1.,1.35276347525425E-48,1.35276347525425E-48));
#7752=DIRECTION('',(-4.0081134544379E-49,0.707106781186546,-0.707106781186549));
#7753=DIRECTION('center_axis',(-4.0081134544379E-49,0.707106781186546,-0.707106781186549));
#7754=DIRECTION('ref_axis',(1.,1.35276347525425E-48,1.35276347525425E-48));
#7755=DIRECTION('',(-4.0081134544379E-49,0.707106781186546,-0.707106781186549));
#7756=DIRECTION('center_axis',(-4.0081134544379E-49,0.707106781186546,-0.707106781186549));
#7757=DIRECTION('ref_axis',(1.,1.35276347525425E-48,1.35276347525425E-48));
#7758=DIRECTION('',(-4.0081134544379E-49,0.707106781186546,-0.707106781186549));
#7759=DIRECTION('center_axis',(-4.0081134544379E-49,0.707106781186546,-0.707106781186549));
#7760=DIRECTION('ref_axis',(1.,1.35276347525425E-48,1.35276347525425E-48));
#7761=DIRECTION('',(-4.0081134544379E-49,0.707106781186546,-0.707106781186549));
#7762=DIRECTION('center_axis',(-4.0081134544379E-49,0.707106781186546,-0.707106781186549));
#7763=DIRECTION('ref_axis',(1.,1.35276347525425E-48,1.35276347525425E-48));
#7764=DIRECTION('',(-4.0081134544379E-49,0.707106781186546,-0.707106781186549));
#7765=DIRECTION('center_axis',(-4.0081134544379E-49,0.707106781186546,-0.707106781186549));
#7766=DIRECTION('ref_axis',(1.,1.35276347525425E-48,1.35276347525425E-48));
#7767=DIRECTION('',(-4.0081134544379E-49,0.707106781186546,-0.707106781186549));
#7768=DIRECTION('center_axis',(-4.0081134544379E-49,0.707106781186546,-0.707106781186549));
#7769=DIRECTION('ref_axis',(1.,1.35276347525425E-48,1.35276347525425E-48));
#7770=DIRECTION('',(-4.0081134544379E-49,0.707106781186546,-0.707106781186549));
#7771=DIRECTION('center_axis',(-4.0081134544379E-49,0.707106781186546,-0.707106781186549));
#7772=DIRECTION('ref_axis',(1.,1.35276347525425E-48,1.35276347525425E-48));
#7773=DIRECTION('',(-4.0081134544379E-49,0.707106781186546,-0.707106781186549));
#7774=DIRECTION('center_axis',(-4.0081134544379E-49,0.707106781186546,-0.707106781186549));
#7775=DIRECTION('ref_axis',(1.,1.35276347525425E-48,1.35276347525425E-48));
#7776=DIRECTION('',(-4.0081134544379E-49,0.707106781186546,-0.707106781186549));
#7777=DIRECTION('center_axis',(-4.0081134544379E-49,0.707106781186546,-0.707106781186549));
#7778=DIRECTION('ref_axis',(1.,1.35276347525425E-48,1.35276347525425E-48));
#7779=DIRECTION('',(-4.0081134544379E-49,0.707106781186546,-0.707106781186549));
#7780=DIRECTION('center_axis',(-4.0081134544379E-49,0.707106781186546,-0.707106781186549));
#7781=DIRECTION('ref_axis',(1.,1.35276347525425E-48,1.35276347525425E-48));
#7782=DIRECTION('',(-4.0081134544379E-49,0.707106781186546,-0.707106781186549));
#7783=DIRECTION('center_axis',(-4.0081134544379E-49,0.707106781186546,-0.707106781186549));
#7784=DIRECTION('ref_axis',(1.,1.35276347525425E-48,1.35276347525425E-48));
#7785=DIRECTION('',(-4.0081134544379E-49,0.707106781186546,-0.707106781186549));
#7786=DIRECTION('center_axis',(-4.0081134544379E-49,0.707106781186546,-0.707106781186549));
#7787=DIRECTION('ref_axis',(1.,1.35276347525425E-48,1.35276347525425E-48));
#7788=DIRECTION('',(-4.0081134544379E-49,0.707106781186546,-0.707106781186549));
#7789=DIRECTION('center_axis',(-4.0081134544379E-49,0.707106781186546,-0.707106781186549));
#7790=DIRECTION('ref_axis',(1.,1.35276347525425E-48,1.35276347525425E-48));
#7791=DIRECTION('',(-4.0081134544379E-49,0.707106781186546,-0.707106781186549));
#7792=DIRECTION('center_axis',(-4.0081134544379E-49,0.707106781186546,-0.707106781186549));
#7793=DIRECTION('ref_axis',(1.,1.35276347525425E-48,1.35276347525425E-48));
#7794=DIRECTION('',(-4.0081134544379E-49,0.707106781186546,-0.707106781186549));
#7795=DIRECTION('center_axis',(-4.0081134544379E-49,0.707106781186546,-0.707106781186549));
#7796=DIRECTION('ref_axis',(1.,1.35276347525425E-48,1.35276347525425E-48));
#7797=DIRECTION('',(-4.0081134544379E-49,0.707106781186546,-0.707106781186549));
#7798=DIRECTION('center_axis',(-4.0081134544379E-49,0.707106781186546,-0.707106781186549));
#7799=DIRECTION('ref_axis',(1.,1.35276347525425E-48,1.35276347525425E-48));
#7800=DIRECTION('',(-4.0081134544379E-49,0.707106781186546,-0.707106781186549));
#7801=DIRECTION('center_axis',(-1.,-1.3684555315672E-48,-1.3684555315672E-48));
#7802=DIRECTION('ref_axis',(1.3684555315672E-48,0.707106781186549,0.707106781186546));
#7803=DIRECTION('center_axis',(1.3684555315672E-48,0.707106781186549,0.707106781186546));
#7804=DIRECTION('ref_axis',(1.,1.3684555315672E-48,1.3684555315672E-48));
#7805=DIRECTION('center_axis',(1.,1.3684555315672E-48,1.3684555315672E-48));
#7806=DIRECTION('ref_axis',(-1.3684555315672E-48,-0.707106781186549,-0.707106781186546));
#7807=DIRECTION('center_axis',(-1.,-1.3684555315672E-48,-1.3684555315672E-48));
#7808=DIRECTION('ref_axis',(1.3684555315672E-48,0.707106781186549,0.707106781186546));
#7809=DIRECTION('center_axis',(3.51753829500596E-16,0.707106781186549,0.707106781186546));
#7810=DIRECTION('ref_axis',(1.,-2.48727518148209E-16,-2.48727518148208E-16));
#7811=DIRECTION('center_axis',(1.,1.3684555315672E-48,1.3684555315672E-48));
#7812=DIRECTION('ref_axis',(-1.3684555315672E-48,-0.707106781186549,-0.707106781186546));
#7813=DIRECTION('center_axis',(1.3684555315672E-48,0.707106781186549,0.707106781186546));
#7814=DIRECTION('ref_axis',(1.,1.3684555315672E-48,1.3684555315672E-48));
#7815=DIRECTION('center_axis',(-1.3684555315672E-48,-0.707106781186549,
-0.707106781186546));
#7816=DIRECTION('ref_axis',(-1.,-1.3684555315672E-48,-1.3684555315672E-48));
#7817=DIRECTION('center_axis',(1.,1.3684555315672E-48,1.3684555315672E-48));
#7818=DIRECTION('ref_axis',(-1.3684555315672E-48,-0.707106781186549,-0.707106781186546));
#7819=DIRECTION('center_axis',(1.,5.52120425031666E-16,5.52120425031663E-16));
#7820=DIRECTION('ref_axis',(7.80816193142977E-16,-0.707106781186549,-0.707106781186546));
#7821=DIRECTION('center_axis',(2.52743389130542E-14,-0.707106781186549,
-0.707106781186546));
#7822=DIRECTION('ref_axis',(-1.,-1.78716564354277E-14,-1.78716564354277E-14));
#7823=DIRECTION('center_axis',(-1.3684555315672E-48,-0.707106781186549,
-0.707106781186546));
#7824=DIRECTION('ref_axis',(-1.,-1.3684555315672E-48,-1.3684555315672E-48));
#7825=DIRECTION('center_axis',(-1.,-1.3684555315672E-48,-1.3684555315672E-48));
#7826=DIRECTION('ref_axis',(1.3684555315672E-48,0.707106781186549,0.707106781186546));
#7827=DIRECTION('center_axis',(1.3684555315672E-48,0.707106781186549,0.707106781186546));
#7828=DIRECTION('ref_axis',(1.,1.3684555315672E-48,1.3684555315672E-48));
#7829=DIRECTION('center_axis',(-1.,-1.3684555315672E-48,-1.3684555315672E-48));
#7830=DIRECTION('ref_axis',(1.3684555315672E-48,0.707106781186549,0.707106781186546));
#7831=DIRECTION('center_axis',(1.3684555315672E-48,0.707106781186549,0.707106781186546));
#7832=DIRECTION('ref_axis',(1.,1.3684555315672E-48,1.3684555315672E-48));
#7833=DIRECTION('center_axis',(1.,5.52120425031647E-16,5.52120425031644E-16));
#7834=DIRECTION('ref_axis',(7.80816193142951E-16,-0.707106781186549,-0.707106781186546));
#7835=DIRECTION('center_axis',(1.64477485129653E-16,0.707106781186549,0.707106781186546));
#7836=DIRECTION('ref_axis',(1.,-1.16303145087687E-16,-1.16303145087687E-16));
#7837=DIRECTION('center_axis',(1.,1.3684555315672E-48,1.3684555315672E-48));
#7838=DIRECTION('ref_axis',(-1.3684555315672E-48,-0.707106781186549,-0.707106781186546));
#7839=DIRECTION('center_axis',(-1.,-1.3684555315672E-48,-1.3684555315672E-48));
#7840=DIRECTION('ref_axis',(1.3684555315672E-48,0.707106781186549,0.707106781186546));
#7841=DIRECTION('center_axis',(2.38437159557116E-16,0.707106781186549,0.707106781186546));
#7842=DIRECTION('ref_axis',(1.,-1.68600532409696E-16,-1.68600532409695E-16));
#7843=DIRECTION('center_axis',(-1.,1.38030106257915E-16,1.38030106257915E-16));
#7844=DIRECTION('ref_axis',(1.95204048285743E-16,0.707106781186549,0.707106781186546));
#7845=DIRECTION('center_axis',(1.,1.10424085006329E-15,1.10424085006328E-15));
#7846=DIRECTION('ref_axis',(1.56163238628589E-15,-0.707106781186549,-0.707106781186546));
#7847=DIRECTION('center_axis',(-6.34413156928661E-16,-0.707106781186549,
-0.707106781186546));
#7848=DIRECTION('ref_axis',(-1.,4.48597845338223E-16,4.48597845338221E-16));
#7849=DIRECTION('center_axis',(-1.,-1.3684555315672E-48,-1.3684555315672E-48));
#7850=DIRECTION('ref_axis',(1.3684555315672E-48,0.707106781186549,0.707106781186546));
#7851=DIRECTION('center_axis',(-1.,-1.3684555315672E-48,-1.3684555315672E-48));
#7852=DIRECTION('ref_axis',(1.3684555315672E-48,0.707106781186549,0.707106781186546));
#7853=CARTESIAN_POINT('',(0.,0.,0.));
#7854=CARTESIAN_POINT('Origin',(443.150318198601,303.332352771887,-0.0653093074617914));
#7855=CARTESIAN_POINT('',(442.650318198601,304.70165916565,1.30399708630113));
#7856=CARTESIAN_POINT('',(442.650318198601,303.768278214484,2.23737803746729));
#7857=CARTESIAN_POINT('',(442.650318198601,304.70165916565,1.30399708630113));
#7858=CARTESIAN_POINT('',(442.650318198606,302.580338822092,3.42531742986162));
#7859=CARTESIAN_POINT('',(442.650318198601,304.70165916565,1.30399708630113));
#7860=CARTESIAN_POINT('',(441.150318198601,301.211032428328,2.05601103609786));
#7861=CARTESIAN_POINT('Origin',(443.150318198601,301.211032428328,2.05601103609786));
#7862=CARTESIAN_POINT('',(441.150318198601,303.332352771887,-0.0653093074617914));
#7863=CARTESIAN_POINT('',(441.150318198601,303.332352771887,-0.0653093074617914));
#7864=CARTESIAN_POINT('Origin',(443.150318198601,303.332352771887,-0.0653093074617914));
#7865=CARTESIAN_POINT('Ctrl Pts',(-256.708851981852,302.610540086338,3.48493050283327));
#7866=CARTESIAN_POINT('Ctrl Pts',(-256.588401918159,302.620432016665,3.47503857250717));
#7867=CARTESIAN_POINT('Ctrl Pts',(-256.467117030503,302.610117475738,3.45509608350794));
#7868=CARTESIAN_POINT('Ctrl Pts',(-256.349681860093,302.580338822091,3.42531742986078));
#7869=CARTESIAN_POINT('Ctrl Pts',(-256.739061792584,302.967800182866,3.12767040630545));
#7870=CARTESIAN_POINT('Ctrl Pts',(-256.608556865145,302.978522922924,3.11694766624822));
#7871=CARTESIAN_POINT('Ctrl Pts',(-256.477039774691,302.968615912535,3.09659764671059));
#7872=CARTESIAN_POINT('Ctrl Pts',(-256.349681860093,302.938837258888,3.06681899306343));
#7873=CARTESIAN_POINT('Ctrl Pts',(-256.814235485309,303.681713890965,2.41375669820698));
#7874=CARTESIAN_POINT('Ctrl Pts',(-256.659059426254,303.694482261361,2.40098832781101));
#7875=CARTESIAN_POINT('Ctrl Pts',(-256.501558594147,303.68561278613,2.37960077311588));
#7876=CARTESIAN_POINT('Ctrl Pts',(-256.349681860093,303.655834132483,2.34982211946872));
#7877=CARTESIAN_POINT('Ctrl Pts',(-256.951379157984,304.393082108559,1.7023884806129));
#7878=CARTESIAN_POINT('Ctrl Pts',(-256.750246427219,304.409691177697,1.6857794114749));
#7879=CARTESIAN_POINT('Ctrl Pts',(-256.547946306388,304.402609659725,1.66260389952116));
#7880=CARTESIAN_POINT('Ctrl Pts',(-256.349681860093,304.372831006077,1.63282524587401));
#7881=CARTESIAN_POINT('Ctrl Pts',(-257.073057562323,304.74656633426,1.34890425491129));
#7882=CARTESIAN_POINT('Ctrl Pts',(-256.833877314477,304.766418770025,1.32905181914652));
#7883=CARTESIAN_POINT('Ctrl Pts',(-256.587883861517,304.761108096522,1.30410546272381));
#7884=CARTESIAN_POINT('Ctrl Pts',(-256.349681860093,304.731329442875,1.27432680907665));
#7885=CARTESIAN_POINT('',(-256.349681860098,302.580338822091,3.42531742986165));
#7886=CARTESIAN_POINT('',(-256.349681860093,303.768278214484,2.23737803746748));
#7887=CARTESIAN_POINT('',(-256.349681860093,306.82297950921,-0.817323257258496));
#7888=CARTESIAN_POINT('',(-256.710099834251,302.625245990701,3.47022459847094));
#7889=CARTESIAN_POINT('Ctrl Pts',(-256.349681860097,302.580338822092,3.42531742986176));
#7890=CARTESIAN_POINT('Ctrl Pts',(-256.469693303372,302.610770754795,3.45574936256518));
#7891=CARTESIAN_POINT('Ctrl Pts',(-256.59235700818,302.625245990701,3.47022459847094));
#7892=CARTESIAN_POINT('Ctrl Pts',(-256.710099834251,302.625245990701,3.47022459847094));
#7893=CARTESIAN_POINT('',(-257.073057562323,304.74656633426,1.34890425491125));
#7894=CARTESIAN_POINT('Ctrl Pts',(-256.71009971145,302.625245995562,3.47022459360967));
#7895=CARTESIAN_POINT('Ctrl Pts',(-256.740096180508,302.977595795611,3.11787479356052));
#7896=CARTESIAN_POINT('Ctrl Pts',(-256.815176371248,303.686594293686,2.40887629548551));
#7897=CARTESIAN_POINT('Ctrl Pts',(-256.951379157984,304.393082108559,1.7023884806129));
#7898=CARTESIAN_POINT('Ctrl Pts',(-257.073057562323,304.74656633426,1.34890425491129));
#7899=CARTESIAN_POINT('',(-256.349681860093,304.70165916565,1.30399708630118));
#7900=CARTESIAN_POINT('Ctrl Pts',(-257.073057562323,304.74656633426,1.3489042549113));
#7901=CARTESIAN_POINT('Ctrl Pts',(-256.835664182378,304.74656633426,1.34890425491131));
#7902=CARTESIAN_POINT('Ctrl Pts',(-256.590034096386,304.732132855827,1.33447077647797));
#7903=CARTESIAN_POINT('Ctrl Pts',(-256.349681860094,304.70165916565,1.30399708630123));
#7904=CARTESIAN_POINT('',(-256.349681860093,306.82297950921,-0.817323257258496));
#7905=CARTESIAN_POINT('Origin',(417.150318169255,282.189662463795,-19.3412377132211));
#7906=CARTESIAN_POINT('',(417.150318169255,283.123043414962,-20.2746186643874));
#7907=CARTESIAN_POINT('',(417.150318169255,281.001723071402,-18.1532983208277));
#7908=CARTESIAN_POINT('',(417.150318169255,207.334288066905,55.5141366836701));
#7909=CARTESIAN_POINT('',(417.150318169255,278.324729841751,-25.0729322375984));
#7910=CARTESIAN_POINT('',(417.150318169255,283.123043414962,-20.2746186643874));
#7911=CARTESIAN_POINT('',(417.150318169255,276.203409498191,-22.9516118940387));
#7912=CARTESIAN_POINT('',(417.150318169255,290.043892154401,-36.7920945502491));
#7913=CARTESIAN_POINT('',(417.150318169255,281.001723071402,-18.1532983208277));
#7914=CARTESIAN_POINT('Origin',(-230.849681830747,282.189662463795,-19.3412377132211));
#7915=CARTESIAN_POINT('',(-230.849681830747,281.001723071402,-18.1532983208277));
#7916=CARTESIAN_POINT('',(-230.849681830747,283.123043414962,-20.2746186643874));
#7917=CARTESIAN_POINT('',(-230.849681830747,203.584288066905,59.2641366836702));
#7918=CARTESIAN_POINT('',(-230.849681830747,276.203409498191,-22.9516118940387));
#7919=CARTESIAN_POINT('',(-230.849681830747,281.001723071402,-18.1532983208277));
#7920=CARTESIAN_POINT('',(-230.849681830747,278.324729841751,-25.0729322375984));
#7921=CARTESIAN_POINT('',(-230.849681830747,286.293892154401,-33.0420945502489));
#7922=CARTESIAN_POINT('',(-230.849681830747,283.123043414962,-20.2746186643874));
#7923=CARTESIAN_POINT('Origin',(-175.849681830747,282.189662463795,-19.3412377132211));
#7924=CARTESIAN_POINT('',(-175.849681830747,283.123043414962,-20.2746186643874));
#7925=CARTESIAN_POINT('',(-175.849681830747,281.001723071402,-18.1532983208277));
#7926=CARTESIAN_POINT('',(-175.849681830747,207.334288066905,55.5141366836701));
#7927=CARTESIAN_POINT('',(-175.849681830747,278.324729841751,-25.0729322375984));
#7928=CARTESIAN_POINT('',(-175.849681830747,283.123043414962,-20.2746186643874));
#7929=CARTESIAN_POINT('',(-175.849681830747,276.203409498191,-22.9516118940387));
#7930=CARTESIAN_POINT('',(-175.849681830747,290.043892154401,-36.7920945502489));
#7931=CARTESIAN_POINT('',(-175.849681830747,281.001723071402,-18.1532983208277));
#7932=CARTESIAN_POINT('Origin',(-61.8496818307462,282.189662463795,-19.3412377132211));
#7933=CARTESIAN_POINT('',(-61.8496818307462,281.001723071402,-18.1532983208277));
#7934=CARTESIAN_POINT('',(-61.8496818307462,283.123043414962,-20.2746186643874));
#7935=CARTESIAN_POINT('',(-61.8496818307462,203.584288066905,59.2641366836702));
#7936=CARTESIAN_POINT('',(-61.8496818307462,276.203409498191,-22.9516118940387));
#7937=CARTESIAN_POINT('',(-61.8496818307462,281.001723071402,-18.1532983208277));
#7938=CARTESIAN_POINT('',(-61.8496818307462,278.324729841751,-25.0729322375984));
#7939=CARTESIAN_POINT('',(-61.8496818307462,286.293892154401,-33.0420945502489));
#7940=CARTESIAN_POINT('',(-61.8496818307462,283.123043414962,-20.2746186643874));
#7941=CARTESIAN_POINT('Origin',(248.150318169254,282.189662463795,-19.3412377132211));
#7942=CARTESIAN_POINT('',(248.150318169254,283.123043414962,-20.2746186643874));
#7943=CARTESIAN_POINT('',(248.150318169254,281.001723071402,-18.1532983208277));
#7944=CARTESIAN_POINT('',(248.150318169254,207.334288066905,55.5141366836701));
#7945=CARTESIAN_POINT('',(248.150318169254,278.324729841751,-25.0729322375984));
#7946=CARTESIAN_POINT('',(248.150318169254,283.123043414962,-20.2746186643874));
#7947=CARTESIAN_POINT('',(248.150318169254,276.203409498191,-22.9516118940387));
#7948=CARTESIAN_POINT('',(248.150318169254,290.043892154401,-36.792094550249));
#7949=CARTESIAN_POINT('',(248.150318169254,281.001723071402,-18.1532983208277));
#7950=CARTESIAN_POINT('Origin',(362.150318169255,282.189662463795,-19.3412377132211));
#7951=CARTESIAN_POINT('',(362.150318169255,281.001723071402,-18.1532983208277));
#7952=CARTESIAN_POINT('',(362.150318169255,283.123043414962,-20.2746186643874));
#7953=CARTESIAN_POINT('',(362.150318169255,203.584288066905,59.2641366836701));
#7954=CARTESIAN_POINT('',(362.150318169255,276.203409498191,-22.9516118940387));
#7955=CARTESIAN_POINT('',(362.150318169255,281.001723071402,-18.1532983208277));
#7956=CARTESIAN_POINT('',(362.150318169255,278.324729841751,-25.0729322375984));
#7957=CARTESIAN_POINT('',(362.150318169255,286.293892154401,-33.042094550249));
#7958=CARTESIAN_POINT('',(362.150318169255,283.123043414962,-20.2746186643874));
#7959=CARTESIAN_POINT('Origin',(58.1503181692538,282.189662463795,-19.3412377132211));
#7960=CARTESIAN_POINT('',(58.1503181692538,283.123043414962,-20.2746186643874));
#7961=CARTESIAN_POINT('',(58.1503181692538,281.001723071402,-18.1532983208277));
#7962=CARTESIAN_POINT('',(58.1503181692538,207.334288066905,55.5141366836701));
#7963=CARTESIAN_POINT('',(58.1503181692538,278.324729841751,-25.0729322375984));
#7964=CARTESIAN_POINT('',(58.1503181692538,283.123043414962,-20.2746186643874));
#7965=CARTESIAN_POINT('',(58.1503181692538,276.203409498191,-22.9516118940387));
#7966=CARTESIAN_POINT('',(58.1503181692538,290.043892154401,-36.7920945502489));
#7967=CARTESIAN_POINT('',(58.1503181692538,281.001723071402,-18.1532983208277));
#7968=CARTESIAN_POINT('Origin',(128.150318169254,282.189662463795,-19.3412377132211));
#7969=CARTESIAN_POINT('',(128.150318169254,281.001723071402,-18.1532983208277));
#7970=CARTESIAN_POINT('',(128.150318169254,283.123043414962,-20.2746186643874));
#7971=CARTESIAN_POINT('',(128.150318169254,203.584288066905,59.2641366836701));
#7972=CARTESIAN_POINT('',(128.150318169254,276.203409498191,-22.9516118940387));
#7973=CARTESIAN_POINT('',(128.150318169254,281.001723071402,-18.1532983208277));
#7974=CARTESIAN_POINT('',(128.150318169254,278.324729841751,-25.0729322375984));
#7975=CARTESIAN_POINT('',(128.150318169254,286.293892154401,-33.0420945502489));
#7976=CARTESIAN_POINT('',(128.150318169254,283.123043414962,-20.2746186643874));
#7977=CARTESIAN_POINT('Origin',(417.150318169255,300.984758258348,-0.546141918668637));
#7978=CARTESIAN_POINT('',(417.150318169255,297.397662079349,-1.7573593128807));
#7979=CARTESIAN_POINT('',(417.150318169255,299.518982422909,-3.87867965644036));
#7980=CARTESIAN_POINT('',(417.150318169255,223.730227074852,71.910075691617));
#7981=CARTESIAN_POINT('',(417.150318169255,299.796818865955,0.641797473724774));
#7982=CARTESIAN_POINT('',(417.150318169255,299.796818865955,0.641797473724766));
#7983=CARTESIAN_POINT('',(417.150318169255,301.918139209514,-1.47952286983488));
#7984=CARTESIAN_POINT('',(417.150318169255,299.796818865955,0.641797473724925));
#7985=CARTESIAN_POINT('',(417.150318169255,301.918139209514,-1.47952286983488));
#7986=CARTESIAN_POINT('Origin',(-230.849681830747,300.984758258348,-0.546141918668637));
#7987=CARTESIAN_POINT('',(-230.849681830747,299.518982422909,-3.87867965644036));
#7988=CARTESIAN_POINT('',(-230.849681830747,297.397662079349,-1.7573593128807));
#7989=CARTESIAN_POINT('',(-230.849681830747,219.980227074852,75.6600756916171));
#7990=CARTESIAN_POINT('',(-230.849681830747,301.918139209514,-1.47952286983488));
#7991=CARTESIAN_POINT('',(-230.849681830747,301.918139209514,-1.47952286983488));
#7992=CARTESIAN_POINT('',(-230.849681830747,299.796818865955,0.641797473724774));
#7993=CARTESIAN_POINT('',(-230.849681830747,299.796818865955,0.641797473724774));
#7994=CARTESIAN_POINT('',(-230.849681830747,299.796818865955,0.641797473724766));
#7995=CARTESIAN_POINT('Origin',(-61.8496818307462,300.984758258348,-0.546141918668637));
#7996=CARTESIAN_POINT('',(-61.8496818307462,299.518982422909,-3.87867965644036));
#7997=CARTESIAN_POINT('',(-61.8496818307462,297.397662079349,-1.7573593128807));
#7998=CARTESIAN_POINT('',(-61.8496818307462,219.980227074852,75.6600756916171));
#7999=CARTESIAN_POINT('',(-61.8496818307462,301.918139209514,-1.47952286983488));
#8000=CARTESIAN_POINT('',(-61.8496818307462,301.918139209514,-1.47952286983488));
#8001=CARTESIAN_POINT('',(-61.8496818307462,299.796818865955,0.641797473724774));
#8002=CARTESIAN_POINT('',(-61.8496818307462,299.796818865955,0.641797473724774));
#8003=CARTESIAN_POINT('',(-61.8496818307462,299.796818865955,0.641797473724766));
#8004=CARTESIAN_POINT('Origin',(-175.849681830747,300.984758258348,-0.546141918668637));
#8005=CARTESIAN_POINT('',(-175.849681830747,297.397662079349,-1.7573593128807));
#8006=CARTESIAN_POINT('',(-175.849681830747,299.518982422909,-3.87867965644036));
#8007=CARTESIAN_POINT('',(-175.849681830747,223.730227074852,71.9100756916171));
#8008=CARTESIAN_POINT('',(-175.849681830747,299.796818865955,0.641797473724774));
#8009=CARTESIAN_POINT('',(-175.849681830747,299.796818865955,0.641797473724766));
#8010=CARTESIAN_POINT('',(-175.849681830747,301.918139209514,-1.47952286983488));
#8011=CARTESIAN_POINT('',(-175.849681830747,299.796818865955,0.641797473724774));
#8012=CARTESIAN_POINT('',(-175.849681830747,301.918139209514,-1.47952286983488));
#8013=CARTESIAN_POINT('Origin',(362.150318169255,300.984758258348,-0.546141918668637));
#8014=CARTESIAN_POINT('',(362.150318169255,299.518982422909,-3.87867965644036));
#8015=CARTESIAN_POINT('',(362.150318169255,297.397662079349,-1.7573593128807));
#8016=CARTESIAN_POINT('',(362.150318169255,219.980227074852,75.660075691617));
#8017=CARTESIAN_POINT('',(362.150318169255,301.918139209514,-1.47952286983488));
#8018=CARTESIAN_POINT('',(362.150318169255,301.918139209514,-1.47952286983488));
#8019=CARTESIAN_POINT('',(362.150318169255,299.796818865955,0.641797473724774));
#8020=CARTESIAN_POINT('',(362.150318169255,299.796818865955,0.6417974737249));
#8021=CARTESIAN_POINT('',(362.150318169255,299.796818865955,0.641797473724766));
#8022=CARTESIAN_POINT('Origin',(248.150318169254,300.984758258348,-0.546141918668637));
#8023=CARTESIAN_POINT('',(248.150318169254,297.397662079349,-1.7573593128807));
#8024=CARTESIAN_POINT('',(248.150318169254,299.518982422909,-3.87867965644036));
#8025=CARTESIAN_POINT('',(248.150318169254,223.730227074852,71.910075691617));
#8026=CARTESIAN_POINT('',(248.150318169254,299.796818865955,0.641797473724774));
#8027=CARTESIAN_POINT('',(248.150318169254,299.796818865955,0.641797473724766));
#8028=CARTESIAN_POINT('',(248.150318169254,301.918139209514,-1.47952286983488));
#8029=CARTESIAN_POINT('',(248.150318169254,299.796818865955,0.64179747372485));
#8030=CARTESIAN_POINT('',(248.150318169254,301.918139209514,-1.47952286983488));
#8031=CARTESIAN_POINT('Origin',(128.150318169254,300.984758258348,-0.546141918668612));
#8032=CARTESIAN_POINT('',(128.150318169254,299.518982422909,-3.87867965644036));
#8033=CARTESIAN_POINT('',(128.150318169254,297.397662079349,-1.7573593128807));
#8034=CARTESIAN_POINT('',(128.150318169254,219.980227074852,75.660075691617));
#8035=CARTESIAN_POINT('',(128.150318169254,301.918139209514,-1.47952286983488));
#8036=CARTESIAN_POINT('',(128.150318169254,301.918139209514,-1.47952286983488));
#8037=CARTESIAN_POINT('',(128.150318169254,299.796818865955,0.641797473724774));
#8038=CARTESIAN_POINT('',(128.150318169254,299.796818865955,0.641797473724799));
#8039=CARTESIAN_POINT('',(128.150318169254,299.796818865955,0.641797473724766));
#8040=CARTESIAN_POINT('Origin',(58.1503181692538,300.984758258348,-0.546141918668637));
#8041=CARTESIAN_POINT('',(58.1503181692538,297.397662079349,-1.7573593128807));
#8042=CARTESIAN_POINT('',(58.1503181692538,299.518982422909,-3.87867965644036));
#8043=CARTESIAN_POINT('',(58.1503181692538,223.730227074852,71.9100756916171));
#8044=CARTESIAN_POINT('',(58.1503181692538,299.796818865955,0.641797473724774));
#8045=CARTESIAN_POINT('',(58.1503181692538,299.796818865955,0.641797473724766));
#8046=CARTESIAN_POINT('',(58.1503181692538,301.918139209514,-1.47952286983488));
#8047=CARTESIAN_POINT('',(58.1503181692538,299.796818865955,0.641797473724774));
#8048=CARTESIAN_POINT('',(58.1503181692538,301.918139209514,-1.47952286983488));
#8049=CARTESIAN_POINT('Ctrl Pts',(442.650318198601,302.580338822091,3.42531742986069));
#8050=CARTESIAN_POINT('Ctrl Pts',(442.767753369011,302.610117475738,3.45509608350785));
#8051=CARTESIAN_POINT('Ctrl Pts',(442.889038256667,302.620432016665,3.47503857250709));
#8052=CARTESIAN_POINT('Ctrl Pts',(443.009488320359,302.610540086338,3.4849305028332));
#8053=CARTESIAN_POINT('Ctrl Pts',(442.650318198601,302.938837258888,3.06681899306332));
#8054=CARTESIAN_POINT('Ctrl Pts',(442.777676113199,302.968615912535,3.09659764671047));
#8055=CARTESIAN_POINT('Ctrl Pts',(442.909193203653,302.978522922924,3.11694766624813));
#8056=CARTESIAN_POINT('Ctrl Pts',(443.039698131091,302.967800182866,3.12767040630536));
#8057=CARTESIAN_POINT('Ctrl Pts',(442.650318198601,303.655834132483,2.34982211946856));
#8058=CARTESIAN_POINT('Ctrl Pts',(442.802194932654,303.68561278613,2.37960077311572));
#8059=CARTESIAN_POINT('Ctrl Pts',(442.959678740974,303.694482974512,2.40098761465996));
#8060=CARTESIAN_POINT('Ctrl Pts',(443.114854800028,303.681714604116,2.41375598505594));
#8061=CARTESIAN_POINT('Ctrl Pts',(442.650318198601,304.372831006077,1.63282524587381));
#8062=CARTESIAN_POINT('Ctrl Pts',(442.848582644896,304.402609659725,1.66260389952097));
#8063=CARTESIAN_POINT('Ctrl Pts',(443.050882765727,304.409691177697,1.68577941147472));
#8064=CARTESIAN_POINT('Ctrl Pts',(443.252015496492,304.393082108559,1.70238848061272));
#8065=CARTESIAN_POINT('Ctrl Pts',(442.650318198601,304.731329442875,1.27432680907644));
#8066=CARTESIAN_POINT('Ctrl Pts',(442.888520200025,304.761108096522,1.3041054627236));
#8067=CARTESIAN_POINT('Ctrl Pts',(443.134513652985,304.766418770025,1.32905181914632));
#8068=CARTESIAN_POINT('Ctrl Pts',(443.37369390083,304.746566334261,1.34890425491109));
#8069=CARTESIAN_POINT('',(443.37369390083,304.746566334261,1.34890425491108));
#8070=CARTESIAN_POINT('Ctrl Pts',(442.650318198602,304.70165916565,1.30399708630114));
#8071=CARTESIAN_POINT('Ctrl Pts',(442.890670434893,304.732132855827,1.33447077647787));
#8072=CARTESIAN_POINT('Ctrl Pts',(443.136300520885,304.74656633426,1.34890425491122));
#8073=CARTESIAN_POINT('Ctrl Pts',(443.37369390083,304.74656633426,1.34890425491123));
#8074=CARTESIAN_POINT('',(443.010736172759,302.625245990701,3.47022459847092));
#8075=CARTESIAN_POINT('Ctrl Pts',(443.37369390083,304.746566334261,1.34890425491109));
#8076=CARTESIAN_POINT('Ctrl Pts',(443.252015496492,304.393082108559,1.70238848061272));
#8077=CARTESIAN_POINT('Ctrl Pts',(443.18343514826,304.037398356337,2.05807223283433));
#8078=CARTESIAN_POINT('Ctrl Pts',(443.13035580691,303.681077874914,2.41439271425749));
#8079=CARTESIAN_POINT('Ctrl Pts',(443.078004776315,303.329646527991,2.76582406118115));
#8080=CARTESIAN_POINT('Ctrl Pts',(443.040732287032,302.977595805329,3.11787478384235));
#8081=CARTESIAN_POINT('Ctrl Pts',(443.010736045194,302.625245995762,3.47022459341013));
#8082=CARTESIAN_POINT('Ctrl Pts',(443.010736172759,302.625245990701,3.47022459847082));
#8083=CARTESIAN_POINT('Ctrl Pts',(442.893011855232,302.625245990701,3.47022459847083));
#8084=CARTESIAN_POINT('Ctrl Pts',(442.770338947085,302.610773114365,3.45575172213501));
#8085=CARTESIAN_POINT('Ctrl Pts',(442.650318198605,302.580338822092,3.42531742986167));
#8086=CARTESIAN_POINT('Origin',(441.150318198601,304.74656633426,1.34890425491135));
#8087=CARTESIAN_POINT('',(441.150318198601,299.796818865955,0.641797473724771));
#8088=CARTESIAN_POINT('',(441.150318198601,340.101905393588,40.946884001358));
#8089=CARTESIAN_POINT('',(441.150318198601,301.918139209514,-1.47952286983488));
#8090=CARTESIAN_POINT('',(441.150318198601,300.857479037734,-0.418862698055054));
#8091=CARTESIAN_POINT('',(441.150318198601,342.223225737148,38.8255636577983));
#8092=CARTESIAN_POINT('Origin',(-256.849681860093,305.453673115447,-2.18662965102139));
#8093=CARTESIAN_POINT('',(-254.849681860094,303.332352771887,-0.0653093074617414));
#8094=CARTESIAN_POINT('Origin',(-256.849681860093,303.332352771887,-0.0653093074617414));
#8095=CARTESIAN_POINT('',(-254.849681860094,301.211032428328,2.05601103609791));
#8096=CARTESIAN_POINT('',(-254.849681860094,305.453673115447,-2.18662965102139));
#8097=CARTESIAN_POINT('Origin',(-256.849681860093,301.211032428328,2.05601103609791));
#8098=CARTESIAN_POINT('Origin',(-256.349681860093,303.813185383094,2.28228520607755));
#8099=CARTESIAN_POINT('',(-263.135521991847,302.625245990701,3.47022459847088));
#8100=CARTESIAN_POINT('',(-263.135521991847,302.625245990701,3.47022459847084));
#8101=CARTESIAN_POINT('',(-263.135521991847,304.74656633426,1.3489042549112));
#8102=CARTESIAN_POINT('',(-263.135521991847,304.279875858677,1.81559473049437));
#8103=CARTESIAN_POINT('',(-263.135521991847,304.74656633426,1.34890425491116));
#8104=CARTESIAN_POINT('Origin',(-228.849681830747,286.293892154401,-33.0420945502489));
#8105=CARTESIAN_POINT('',(-228.849681830747,274.789195935818,-24.3658254564118));
#8106=CARTESIAN_POINT('Origin',(-228.849681830747,276.203409498191,-22.9516118940387));
#8107=CARTESIAN_POINT('',(-228.849681830747,276.910516279377,-26.4871457999715));
#8108=CARTESIAN_POINT('',(-228.849681830747,284.879678592028,-34.4563081126219));
#8109=CARTESIAN_POINT('Origin',(-228.849681830747,278.324729841751,-25.0729322375984));
#8110=CARTESIAN_POINT('Origin',(-203.349681830747,277.831581553172,-27.4082110737657));
#8111=CARTESIAN_POINT('',(-177.849681830747,274.789195935818,-24.3658254564118));
#8112=CARTESIAN_POINT('',(-55.0996818307467,274.789195935818,-24.3658254564118));
#8113=CARTESIAN_POINT('',(-177.849681830747,276.910516279377,-26.4871457999715));
#8114=CARTESIAN_POINT('',(-177.849681830747,288.629678592028,-38.206308112622));
#8115=CARTESIAN_POINT('',(-55.0996818307467,276.910516279377,-26.4871457999715));
#8116=CARTESIAN_POINT('Origin',(-228.849681830747,299.796818865955,0.641797473724774));
#8117=CARTESIAN_POINT('',(-228.849681830747,301.211032428328,2.05601103609783));
#8118=CARTESIAN_POINT('Origin',(-228.849681830747,299.796818865955,0.641797473724771));
#8119=CARTESIAN_POINT('',(-228.849681830747,303.332352771887,-0.0653093074618163));
#8120=CARTESIAN_POINT('Origin',(-228.849681830747,301.918139209514,-1.47952286983488));
#8121=CARTESIAN_POINT('',(-228.849681830747,301.211032428328,2.05601103609786));
#8122=CARTESIAN_POINT('Origin',(-230.849681830747,288.640302766468,-3.5527136788005E-14));
#8123=CARTESIAN_POINT('',(-230.849681830747,293.209126695793,-10.1885353835556));
#8124=CARTESIAN_POINT('',(-230.849681830747,291.087806352234,-8.06721503999591));
#8125=CARTESIAN_POINT('Origin',(-177.849681830747,299.796818865955,0.641797473724774));
#8126=CARTESIAN_POINT('',(-177.849681830747,301.211032428328,2.05601103609783));
#8127=CARTESIAN_POINT('Origin',(-177.849681830747,299.796818865955,0.641797473724771));
#8128=CARTESIAN_POINT('',(-177.849681830747,303.332352771887,-0.0653093074618163));
#8129=CARTESIAN_POINT('',(-177.849681830747,301.211032428328,2.05601103609786));
#8130=CARTESIAN_POINT('Origin',(-177.849681830747,301.918139209514,-1.47952286983488));
#8131=CARTESIAN_POINT('Origin',(-230.849681830747,301.211032428328,2.05601103609786));
#8132=CARTESIAN_POINT('',(-68.8496818307467,303.332352771887,-0.0653093074618163));
#8133=CARTESIAN_POINT('',(-68.8496818307467,301.211032428328,2.05601103609783));
#8134=CARTESIAN_POINT('Origin',(-177.849681830747,290.043892154401,-36.7920945502489));
#8135=CARTESIAN_POINT('Origin',(-177.849681830747,278.324729841751,-25.0729322375984));
#8136=CARTESIAN_POINT('Origin',(-177.849681830747,276.203409498191,-22.9516118940387));
#8137=CARTESIAN_POINT('Origin',(56.1503181692538,299.796818865955,0.641797473724774));
#8138=CARTESIAN_POINT('',(56.1503181692538,301.211032428328,2.05601103609783));
#8139=CARTESIAN_POINT('Origin',(56.1503181692538,299.796818865955,0.641797473724771));
#8140=CARTESIAN_POINT('',(56.1503181692538,303.332352771887,-0.0653093074618163));
#8141=CARTESIAN_POINT('',(56.1503181692538,301.211032428328,2.05601103609786));
#8142=CARTESIAN_POINT('Origin',(56.1503181692538,301.918139209514,-1.47952286983488));
#8143=CARTESIAN_POINT('Origin',(-61.8496818307462,301.211032428328,2.05601103609786));
#8144=CARTESIAN_POINT('',(-59.8496818307463,301.211032428328,2.05601103609783));
#8145=CARTESIAN_POINT('',(15.6503181692538,301.211032428328,2.05601103609783));
#8146=CARTESIAN_POINT('',(-59.8496818307463,303.332352771887,-0.0653093074618163));
#8147=CARTESIAN_POINT('',(-59.8496818307463,301.211032428328,2.05601103609786));
#8148=CARTESIAN_POINT('',(15.6503181692538,303.332352771887,-0.0653093074618163));
#8149=CARTESIAN_POINT('Origin',(56.1503181692537,290.043892154401,-36.7920945502489));
#8150=CARTESIAN_POINT('',(56.1503181692537,276.910516279377,-26.4871457999715));
#8151=CARTESIAN_POINT('Origin',(56.1503181692537,278.324729841751,-25.0729322375984));
#8152=CARTESIAN_POINT('',(56.1503181692537,274.789195935818,-24.3658254564118));
#8153=CARTESIAN_POINT('',(56.1503181692537,288.629678592028,-38.206308112622));
#8154=CARTESIAN_POINT('Origin',(56.1503181692537,276.203409498191,-22.9516118940387));
#8155=CARTESIAN_POINT('Origin',(-1.84968183074625,277.831581553172,-27.4082110737657));
#8156=CARTESIAN_POINT('',(-59.8496818307463,276.910516279377,-26.4871457999715));
#8157=CARTESIAN_POINT('',(45.6503181692538,276.910516279377,-26.4871457999715));
#8158=CARTESIAN_POINT('',(-59.8496818307463,274.789195935818,-24.3658254564118));
#8159=CARTESIAN_POINT('',(-59.8496818307463,284.879678592028,-34.4563081126219));
#8160=CARTESIAN_POINT('',(45.6503181692538,274.789195935818,-24.3658254564118));
#8161=CARTESIAN_POINT('Origin',(-59.8496818307463,286.293892154401,-33.0420945502489));
#8162=CARTESIAN_POINT('Origin',(-59.8496818307463,276.203409498191,-22.9516118940387));
#8163=CARTESIAN_POINT('Origin',(-59.8496818307463,278.324729841751,-25.0729322375984));
#8164=CARTESIAN_POINT('Origin',(-59.8496818307463,299.796818865955,0.641797473724774));
#8165=CARTESIAN_POINT('Origin',(-59.8496818307463,299.796818865955,0.641797473724771));
#8166=CARTESIAN_POINT('Origin',(-59.8496818307463,301.918139209514,-1.47952286983488));
#8167=CARTESIAN_POINT('Origin',(-61.8496818307462,288.640302766468,-3.5527136788005E-14));
#8168=CARTESIAN_POINT('',(-61.8496818307462,293.209126695793,-10.1885353835556));
#8169=CARTESIAN_POINT('',(-61.8496818307462,291.087806352234,-8.06721503999591));
#8170=CARTESIAN_POINT('Origin',(130.150318169254,299.796818865955,0.641797473724799));
#8171=CARTESIAN_POINT('',(130.150318169254,301.211032428328,2.05601103609783));
#8172=CARTESIAN_POINT('Origin',(130.150318169254,299.796818865955,0.641797473724796));
#8173=CARTESIAN_POINT('',(130.150318169254,303.332352771887,-0.0653093074618163));
#8174=CARTESIAN_POINT('Origin',(130.150318169254,301.918139209514,-1.47952286983485));
#8175=CARTESIAN_POINT('',(130.150318169254,301.211032428328,2.05601103609786));
#8176=CARTESIAN_POINT('Origin',(128.150318169254,288.640302766468,-3.5527136788005E-14));
#8177=CARTESIAN_POINT('',(128.150318169254,281.741612274521,-21.6560498048277));
#8178=CARTESIAN_POINT('',(128.150318169254,279.620291930962,-19.534729461268));
#8179=CARTESIAN_POINT('Origin',(130.150318169254,286.293892154401,-33.0420945502489));
#8180=CARTESIAN_POINT('',(130.150318169254,274.789195935818,-24.3658254564118));
#8181=CARTESIAN_POINT('Origin',(130.150318169254,276.203409498191,-22.9516118940388));
#8182=CARTESIAN_POINT('',(130.150318169254,276.910516279377,-26.4871457999715));
#8183=CARTESIAN_POINT('',(130.150318169254,284.879678592028,-34.456308112622));
#8184=CARTESIAN_POINT('Origin',(130.150318169254,278.324729841751,-25.0729322375984));
#8185=CARTESIAN_POINT('Origin',(188.150318169254,277.831581553172,-27.4082110737657));
#8186=CARTESIAN_POINT('',(246.150318169254,274.789195935818,-24.3658254564118));
#8187=CARTESIAN_POINT('',(140.650318169254,274.789195935818,-24.3658254564118));
#8188=CARTESIAN_POINT('',(246.150318169254,276.910516279377,-26.4871457999715));
#8189=CARTESIAN_POINT('',(246.150318169254,288.629678592028,-38.2063081126221));
#8190=CARTESIAN_POINT('',(140.650318169254,276.910516279377,-26.4871457999715));
#8191=CARTESIAN_POINT('Origin',(246.150318169254,299.796818865955,0.64179747372485));
#8192=CARTESIAN_POINT('',(246.150318169254,301.211032428328,2.05601103609791));
#8193=CARTESIAN_POINT('Origin',(246.150318169254,299.796818865955,0.641797473724847));
#8194=CARTESIAN_POINT('',(246.150318169254,303.332352771887,-0.0653093074617414));
#8195=CARTESIAN_POINT('',(246.150318169254,301.211032428328,2.05601103609794));
#8196=CARTESIAN_POINT('Origin',(246.150318169254,301.918139209514,-1.4795228698348));
#8197=CARTESIAN_POINT('Origin',(128.150318169254,301.211032428328,2.05601103609786));
#8198=CARTESIAN_POINT('',(110.650318169254,303.332352771887,-0.0653093074618163));
#8199=CARTESIAN_POINT('',(110.650318169254,301.211032428328,2.05601103609783));
#8200=CARTESIAN_POINT('Origin',(246.150318169254,290.043892154401,-36.792094550249));
#8201=CARTESIAN_POINT('Origin',(246.150318169254,278.324729841751,-25.0729322375984));
#8202=CARTESIAN_POINT('Origin',(246.150318169254,276.203409498191,-22.9516118940387));
#8203=CARTESIAN_POINT('Origin',(415.150318169255,299.796818865955,0.641797473724925));
#8204=CARTESIAN_POINT('',(415.150318169255,301.211032428328,2.05601103609801));
#8205=CARTESIAN_POINT('Origin',(415.150318169255,299.796818865955,0.641797473724922));
#8206=CARTESIAN_POINT('',(415.150318169255,303.332352771887,-0.0653093074616404));
#8207=CARTESIAN_POINT('',(415.150318169255,301.211032428328,2.05601103609801));
#8208=CARTESIAN_POINT('Origin',(415.150318169255,301.918139209514,-1.47952286983473));
#8209=CARTESIAN_POINT('Origin',(362.150318169255,301.211032428328,2.05601103609799));
#8210=CARTESIAN_POINT('',(364.150318169255,301.211032428328,2.05601103609798));
#8211=CARTESIAN_POINT('',(227.650318169254,301.211032428328,2.05601103609793));
#8212=CARTESIAN_POINT('',(364.150318169255,303.332352771887,-0.0653093074616659));
#8213=CARTESIAN_POINT('',(364.150318169255,301.211032428328,2.05601103609799));
#8214=CARTESIAN_POINT('',(227.650318169254,303.332352771887,-0.0653093074617159));
#8215=CARTESIAN_POINT('Origin',(415.150318169255,290.043892154401,-36.7920945502491));
#8216=CARTESIAN_POINT('',(415.150318169255,276.910516279377,-26.4871457999715));
#8217=CARTESIAN_POINT('Origin',(415.150318169255,278.324729841751,-25.0729322375984));
#8218=CARTESIAN_POINT('',(415.150318169255,274.789195935818,-24.3658254564118));
#8219=CARTESIAN_POINT('',(415.150318169255,288.629678592028,-38.2063081126222));
#8220=CARTESIAN_POINT('Origin',(415.150318169255,276.203409498191,-22.9516118940387));
#8221=CARTESIAN_POINT('Origin',(389.650318169255,277.831581553172,-27.4082110737658));
#8222=CARTESIAN_POINT('',(364.150318169255,276.910516279377,-26.4871457999715));
#8223=CARTESIAN_POINT('',(241.400318169254,276.910516279377,-26.4871457999715));
#8224=CARTESIAN_POINT('',(364.150318169255,274.789195935818,-24.3658254564118));
#8225=CARTESIAN_POINT('',(364.150318169255,284.879678592028,-34.4563081126221));
#8226=CARTESIAN_POINT('',(241.400318169254,274.789195935818,-24.3658254564118));
#8227=CARTESIAN_POINT('Origin',(364.150318169255,286.293892154401,-33.042094550249));
#8228=CARTESIAN_POINT('Origin',(364.150318169255,276.203409498191,-22.9516118940387));
#8229=CARTESIAN_POINT('Origin',(364.150318169255,278.324729841751,-25.0729322375984));
#8230=CARTESIAN_POINT('Origin',(364.150318169255,299.796818865955,0.6417974737249));
#8231=CARTESIAN_POINT('Origin',(364.150318169255,299.796818865955,0.641797473724897));
#8232=CARTESIAN_POINT('Origin',(364.150318169255,301.918139209514,-1.47952286983475));
#8233=CARTESIAN_POINT('Origin',(362.150318169255,288.640302766468,-1.0547118733939E-14));
#8234=CARTESIAN_POINT('',(362.150318169255,281.741612274521,-21.6560498048276));
#8235=CARTESIAN_POINT('',(362.150318169255,279.620291930962,-19.534729461268));
#8236=CARTESIAN_POINT('Origin',(455.436158330355,455.360310726996,151.962648647646));
#8237=CARTESIAN_POINT('',(455.436158330355,455.360310726996,156.205289334765));
#8238=CARTESIAN_POINT('',(458.436158330355,453.238990383436,154.083968991205));
#8239=CARTESIAN_POINT('Origin',(455.436158330355,453.238990383436,154.083968991205));
#8240=CARTESIAN_POINT('',(458.436158330355,455.360310726996,151.962648647646));
#8241=CARTESIAN_POINT('',(458.436158330355,455.360310726996,151.962648647646));
#8242=CARTESIAN_POINT('',(455.436158330355,457.481631070555,154.083968991205));
#8243=CARTESIAN_POINT('Origin',(455.436158330355,455.360310726996,151.962648647646));
#8244=CARTESIAN_POINT('',(455.436158330355,457.481631070555,154.083968991205));
#8245=CARTESIAN_POINT('Origin',(458.436158330355,457.481631070555,154.083968991205));
#8246=CARTESIAN_POINT('',(449.436158330355,457.481631070555,154.083968991205));
#8247=CARTESIAN_POINT('',(435.864478066847,457.481631070555,154.083968991205));
#8248=CARTESIAN_POINT('',(449.436158330355,455.360310726996,156.205289334765));
#8249=CARTESIAN_POINT('',(449.436158330355,457.014940594972,154.550659466788));
#8250=CARTESIAN_POINT('',(449.436158330355,455.360310726996,156.205289334765));
#8251=CARTESIAN_POINT('Origin',(93.1503181692537,290.399270968678,-12.9983911106707));
#8252=CARTESIAN_POINT('',(458.436158330355,306.86788667782,3.470224598471));
#8253=CARTESIAN_POINT('',(458.436158330355,457.481631070555,154.083968991205));
#8254=CARTESIAN_POINT('',(455.436158330355,304.746566334261,1.34890425491115));
#8255=CARTESIAN_POINT('Origin',(455.436158330355,306.86788667782,3.47022459847105));
#8256=CARTESIAN_POINT('',(449.436158330355,304.74656633426,1.34890425491125));
#8257=CARTESIAN_POINT('',(435.864478066847,304.74656633426,1.34890425491151));
#8258=CARTESIAN_POINT('',(449.436158330355,381.114098702408,77.7164366230583));
#8259=CARTESIAN_POINT('',(453.042021805545,379.067635140035,75.6699730606853));
#8260=CARTESIAN_POINT('Origin',(453.936158330355,379.699885140035,76.3022230606853));
#8261=CARTESIAN_POINT('',(453.042021805545,449.778313258689,146.38065117934));
#8262=CARTESIAN_POINT('Origin',(453.936158330355,450.410563258689,147.01290117934));
#8263=CARTESIAN_POINT('',(453.042021805545,308.35695702138,4.95929494203044));
#8264=CARTESIAN_POINT('Origin',(453.936158330355,308.98920702138,5.59154494203044));
#8265=CARTESIAN_POINT('Origin',(455.436158330355,306.86788667782,3.47022459847105));
#8266=CARTESIAN_POINT('',(458.436158330355,304.74656633426,5.59154494203068));
#8267=CARTESIAN_POINT('',(455.436158330355,302.625245990701,3.47022459847078));
#8268=CARTESIAN_POINT('Origin',(455.436158330355,304.74656633426,5.59154494203063));
#8269=CARTESIAN_POINT('',(455.436158330355,304.74656633426,1.3489042549114));
#8270=CARTESIAN_POINT('',(458.436158330355,306.86788667782,3.47022459847105));
#8271=CARTESIAN_POINT('Origin',(442.650318198601,304.74656633426,1.34890425491136));
#8272=CARTESIAN_POINT('',(449.436158330355,302.625245990701,3.47022459847088));
#8273=CARTESIAN_POINT('',(435.864478066847,302.625245990701,3.47022459847113));
#8274=CARTESIAN_POINT('',(449.436158330355,304.279875858677,1.8155947304945));
#8275=CARTESIAN_POINT('Origin',(438.150318198601,274.082089154631,-29.3155729247176));
#8276=CARTESIAN_POINT('',(441.150318198601,271.960768811072,-27.1942525811579));
#8277=CARTESIAN_POINT('',(438.150318198601,269.839448467512,-29.3155729247175));
#8278=CARTESIAN_POINT('Origin',(438.150318198601,271.960768811072,-27.1942525811579));
#8279=CARTESIAN_POINT('',(438.150318198601,271.960768811072,-31.4368932682772));
#8280=CARTESIAN_POINT('',(438.150318198601,271.960768811072,-31.4368932682772));
#8281=CARTESIAN_POINT('',(441.150318198601,274.082089154631,-29.3155729247176));
#8282=CARTESIAN_POINT('Origin',(438.150318198601,274.082089154631,-29.3155729247176));
#8283=CARTESIAN_POINT('',(441.150318198601,274.082089154631,-29.3155729247176));
#8284=CARTESIAN_POINT('Origin',(93.1503181692537,290.399270968678,-12.9983911106707));
#8285=CARTESIAN_POINT('',(-251.849681860093,271.960768811072,-31.4368932682772));
#8286=CARTESIAN_POINT('',(441.150318198601,271.960768811072,-31.4368932682772));
#8287=CARTESIAN_POINT('',(-254.849681860093,274.082089154631,-29.3155729247176));
#8288=CARTESIAN_POINT('Origin',(-251.849681860093,274.082089154631,-29.3155729247176));
#8289=CARTESIAN_POINT('',(-254.849681860093,278.324729841751,-25.0729322375984));
#8290=CARTESIAN_POINT('',(-254.849681860093,287.921356988173,-15.4763050911765));
#8291=CARTESIAN_POINT('',(93.1503181692539,278.324729841751,-25.0729322375984));
#8292=CARTESIAN_POINT('',(93.1503181692539,278.324729841751,-25.0729322375984));
#8293=CARTESIAN_POINT('',(93.1503181692539,278.324729841751,-25.0729322375984));
#8294=CARTESIAN_POINT('',(93.1503181692539,278.324729841751,-25.0729322375984));
#8295=CARTESIAN_POINT('',(441.150318198601,278.324729841751,-25.0729322375984));
#8296=CARTESIAN_POINT('',(93.1503181692539,278.324729841751,-25.0729322375984));
#8297=CARTESIAN_POINT('',(441.150318198601,287.921356988173,-15.4763050911765));
#8298=CARTESIAN_POINT('',(426.650318139904,276.036885851221,-27.3607762281274));
#8299=CARTESIAN_POINT('Origin',(426.650318139904,275.142749326411,-28.2549127529378));
#8300=CARTESIAN_POINT('',(93.1503181399057,276.036885851221,-27.3607762281274));
#8301=CARTESIAN_POINT('Origin',(93.1503181399057,275.142749326411,-28.2549127529378));
#8302=CARTESIAN_POINT('',(-240.349681860093,276.036885851221,-27.3607762281274));
#8303=CARTESIAN_POINT('Origin',(-240.349681860093,275.142749326411,-28.2549127529378));
#8304=CARTESIAN_POINT('',(-73.5996818600935,276.036885851221,-27.3607762281274));
#8305=CARTESIAN_POINT('Origin',(-73.5996818600935,275.142749326411,-28.2549127529378));
#8306=CARTESIAN_POINT('',(259.900318139905,276.036885851221,-27.3607762281274));
#8307=CARTESIAN_POINT('Origin',(259.900318139905,275.142749326411,-28.2549127529378));
#8308=CARTESIAN_POINT('Origin',(-254.849681860093,271.960768811072,-31.4368932682772));
#8309=CARTESIAN_POINT('',(-251.849681860093,269.839448467512,-29.3155729247175));
#8310=CARTESIAN_POINT('',(441.150318198601,269.839448467512,-29.3155729247175));
#8311=CARTESIAN_POINT('',(-251.849681860093,271.960768811072,-31.4368932682772));
#8312=CARTESIAN_POINT('Origin',(-269.135521991847,455.360310726996,151.962648647646));
#8313=CARTESIAN_POINT('',(-272.135521991847,453.238990383436,154.083968991205));
#8314=CARTESIAN_POINT('',(-269.135521991847,455.360310726996,156.205289334765));
#8315=CARTESIAN_POINT('Origin',(-269.135521991847,453.238990383436,154.083968991205));
#8316=CARTESIAN_POINT('',(-269.135521991847,457.481631070555,154.083968991205));
#8317=CARTESIAN_POINT('',(-269.135521991847,457.481631070555,154.083968991205));
#8318=CARTESIAN_POINT('',(-272.135521991847,455.360310726996,151.962648647646));
#8319=CARTESIAN_POINT('Origin',(-269.135521991847,455.360310726996,151.962648647646));
#8320=CARTESIAN_POINT('',(-272.135521991847,455.360310726996,151.962648647646));
#8321=CARTESIAN_POINT('Origin',(-272.135521991847,457.481631070555,154.083968991205));
#8322=CARTESIAN_POINT('',(-272.135521991847,306.86788667782,3.47022459847075));
#8323=CARTESIAN_POINT('',(-272.135521991847,304.746566334261,1.3489042549111));
#8324=CARTESIAN_POINT('',(-272.135521991847,304.746566334261,5.5915449420304));
#8325=CARTESIAN_POINT('',(-272.135521991847,306.86788667782,3.47022459847075));
#8326=CARTESIAN_POINT('',(-272.135521991847,302.625245990701,3.47022459847076));
#8327=CARTESIAN_POINT('Origin',(93.1503181692537,290.399270968678,-12.9983911106707));
#8328=CARTESIAN_POINT('',(-263.135521991847,457.481631070555,154.083968991205));
#8329=CARTESIAN_POINT('',(-249.563841728339,457.481631070555,154.083968991205));
#8330=CARTESIAN_POINT('',(-263.135521991847,381.114098702408,77.7164366230582));
#8331=CARTESIAN_POINT('',(-269.135521991847,304.746566334261,1.3489042549111));
#8332=CARTESIAN_POINT('',(-249.563841728339,304.74656633426,1.34890425491138));
#8333=CARTESIAN_POINT('Origin',(-269.135521991847,306.86788667782,3.4702245984708));
#8334=CARTESIAN_POINT('',(-266.741385467041,379.067635140039,75.669973060689));
#8335=CARTESIAN_POINT('Origin',(-267.635521991851,379.699885140039,76.3022230606889));
#8336=CARTESIAN_POINT('',(-266.741385467041,449.778313258695,146.380651179343));
#8337=CARTESIAN_POINT('Origin',(-267.635521991851,450.410563258695,147.012901179343));
#8338=CARTESIAN_POINT('',(-266.741385467041,308.356957021383,4.95929494203514));
#8339=CARTESIAN_POINT('Origin',(-267.635521991851,308.989207021383,5.59154494203509));
#8340=CARTESIAN_POINT('Origin',(-269.135521991847,306.86788667782,3.4702245984708));
#8341=CARTESIAN_POINT('',(-269.135521991847,302.625245990701,3.47022459847081));
#8342=CARTESIAN_POINT('Origin',(-269.135521991847,304.746566334261,5.59154494203045));
#8343=CARTESIAN_POINT('',(-269.135521991847,304.746566334261,1.34890425491115));
#8344=CARTESIAN_POINT('Origin',(-272.135521991847,304.746566334261,1.3489042549111));
#8345=CARTESIAN_POINT('',(-263.135521991847,302.625245990701,3.47022459847088));
#8346=CARTESIAN_POINT('Origin',(-251.849681860093,274.082089154631,-29.3155729247176));
#8347=CARTESIAN_POINT('',(-254.849681860093,271.960768811072,-27.1942525811579));
#8348=CARTESIAN_POINT('Origin',(-251.849681860093,271.960768811072,-27.1942525811578));
#8349=CARTESIAN_POINT('',(-254.849681860093,274.082089154631,-29.3155729247176));
#8350=CARTESIAN_POINT('Origin',(428.543716480802,445.10726239979,145.95224100756));
#8351=CARTESIAN_POINT('',(428.543716480802,449.34990308691,145.95224100756));
#8352=CARTESIAN_POINT('',(430.665036824362,448.72858274335,145.330920664));
#8353=CARTESIAN_POINT('Origin',(428.543716480802,447.22858274335,143.830920664));
#8354=CARTESIAN_POINT('',(430.665036824362,446.60726239979,147.45224100756));
#8355=CARTESIAN_POINT('',(430.665036824362,446.60726239979,147.45224100756));
#8356=CARTESIAN_POINT('',(428.543716480802,447.22858274335,148.073561351119));
#8357=CARTESIAN_POINT('Origin',(428.543716480802,445.10726239979,145.95224100756));
#8358=CARTESIAN_POINT('',(428.543716480802,447.22858274335,148.073561351119));
#8359=CARTESIAN_POINT('Origin',(438.150318198601,441.314369180977,142.159347788747));
#8360=CARTESIAN_POINT('',(437.27163854216,444.057009868097,140.659347788747));
#8361=CARTESIAN_POINT('',(438.150318198601,443.435689524537,140.038027445187));
#8362=CARTESIAN_POINT('',(437.27163854216,441.935689524537,142.780668132306));
#8363=CARTESIAN_POINT('',(437.27163854216,441.935689524537,142.780668132306));
#8364=CARTESIAN_POINT('',(438.150318198601,441.314369180977,142.159347788747));
#8365=CARTESIAN_POINT('Origin',(435.1503181986,440.435689524537,141.280668132306));
#8366=CARTESIAN_POINT('',(438.1503181986,440.435689524537,141.280668132306));
#8367=CARTESIAN_POINT('Origin',(435.1503181986,440.435689524537,141.280668132306));
#8368=CARTESIAN_POINT('',(438.1503181986,442.557009868097,139.159347788747));
#8369=CARTESIAN_POINT('Origin',(435.1503181986,442.557009868097,139.159347788747));
#8370=CARTESIAN_POINT('',(438.1503181986,440.435689524537,141.280668132306));
#8371=CARTESIAN_POINT('Origin',(435.1503181986,389.674758874187,90.5197374819571));
#8372=CARTESIAN_POINT('',(438.1503181986,391.796079217747,88.3984171383974));
#8373=CARTESIAN_POINT('',(437.27163854216,390.296079217747,86.8984171383974));
#8374=CARTESIAN_POINT('Origin',(435.1503181986,391.796079217747,88.3984171383974));
#8375=CARTESIAN_POINT('',(437.27163854216,388.174758874187,89.0197374819571));
#8376=CARTESIAN_POINT('',(437.27163854216,388.174758874187,89.0197374819571));
#8377=CARTESIAN_POINT('',(438.1503181986,389.674758874187,90.5197374819571));
#8378=CARTESIAN_POINT('Origin',(435.1503181986,389.674758874187,90.5197374819571));
#8379=CARTESIAN_POINT('',(438.1503181986,389.674758874187,90.5197374819571));
#8380=CARTESIAN_POINT('Origin',(429.786357167922,382.881865655374,83.7268442631441));
#8381=CARTESIAN_POINT('',(430.665036824362,385.624506342494,82.2268442631442));
#8382=CARTESIAN_POINT('',(438.150318198601,390.917399561307,87.5197374819573));
#8383=CARTESIAN_POINT('',(430.665036824362,383.503185998934,84.3481646067038));
#8384=CARTESIAN_POINT('',(430.665036824362,383.503185998934,84.3481646067038));
#8385=CARTESIAN_POINT('',(438.150318198601,388.796079217747,89.6410578255169));
#8386=CARTESIAN_POINT('Origin',(428.543716480803,385.003185998934,85.8481646067039));
#8387=CARTESIAN_POINT('',(428.543716480803,382.881865655374,83.7268442631443));
#8388=CARTESIAN_POINT('Origin',(428.543716480803,385.003185998934,85.8481646067039));
#8389=CARTESIAN_POINT('',(428.543716480803,385.003185998934,81.6055239195846));
#8390=CARTESIAN_POINT('Origin',(428.543716480803,387.124506342494,83.7268442631442));
#8391=CARTESIAN_POINT('',(428.543716480803,382.881865655374,83.7268442631443));
#8392=CARTESIAN_POINT('Origin',(223.756919916398,385.003185998934,85.8481646067039));
#8393=CARTESIAN_POINT('',(223.756919916398,385.003185998934,81.6055239195846));
#8394=CARTESIAN_POINT('',(221.635599572839,385.624506342494,82.2268442631442));
#8395=CARTESIAN_POINT('Origin',(223.756919916398,387.124506342494,83.7268442631443));
#8396=CARTESIAN_POINT('',(221.635599572839,383.503185998934,84.3481646067039));
#8397=CARTESIAN_POINT('',(221.635599572839,383.503185998934,84.3481646067039));
#8398=CARTESIAN_POINT('',(223.756919916398,382.881865655374,83.7268442631443));
#8399=CARTESIAN_POINT('Origin',(223.756919916398,385.003185998934,85.8481646067039));
#8400=CARTESIAN_POINT('',(223.756919916398,382.881865655374,83.7268442631443));
#8401=CARTESIAN_POINT('Origin',(214.1503181986,388.796079217747,89.6410578255171));
#8402=CARTESIAN_POINT('',(215.028997855041,390.296079217747,86.8984171383977));
#8403=CARTESIAN_POINT('',(214.1503181986,390.917399561307,87.5197374819574));
#8404=CARTESIAN_POINT('',(215.028997855041,388.174758874188,89.0197374819574));
#8405=CARTESIAN_POINT('',(215.028997855041,388.174758874188,89.0197374819574));
#8406=CARTESIAN_POINT('',(214.1503181986,388.796079217747,89.6410578255171));
#8407=CARTESIAN_POINT('Origin',(217.1503181986,389.674758874188,90.5197374819574));
#8408=CARTESIAN_POINT('',(214.1503181986,389.674758874188,90.5197374819574));
#8409=CARTESIAN_POINT('Origin',(217.1503181986,389.674758874188,90.5197374819574));
#8410=CARTESIAN_POINT('',(214.1503181986,391.796079217747,88.3984171383977));
#8411=CARTESIAN_POINT('Origin',(217.1503181986,391.796079217747,88.3984171383977));
#8412=CARTESIAN_POINT('',(214.1503181986,389.674758874188,90.5197374819574));
#8413=CARTESIAN_POINT('Origin',(217.1503181986,440.435689524537,141.280668132306));
#8414=CARTESIAN_POINT('',(214.1503181986,442.557009868096,139.159347788747));
#8415=CARTESIAN_POINT('',(215.028997855041,444.057009868096,140.659347788747));
#8416=CARTESIAN_POINT('Origin',(217.1503181986,442.557009868096,139.159347788747));
#8417=CARTESIAN_POINT('',(215.028997855041,441.935689524537,142.780668132306));
#8418=CARTESIAN_POINT('',(215.028997855041,441.935689524537,142.780668132306));
#8419=CARTESIAN_POINT('',(214.1503181986,440.435689524537,141.280668132306));
#8420=CARTESIAN_POINT('Origin',(217.1503181986,440.435689524537,141.280668132306));
#8421=CARTESIAN_POINT('',(214.1503181986,440.435689524537,141.280668132306));
#8422=CARTESIAN_POINT('Origin',(222.514279229279,447.22858274335,148.07356135112));
#8423=CARTESIAN_POINT('',(221.635599572839,448.72858274335,145.330920664));
#8424=CARTESIAN_POINT('',(214.1503181986,443.435689524537,140.038027445187));
#8425=CARTESIAN_POINT('',(221.635599572839,446.60726239979,147.45224100756));
#8426=CARTESIAN_POINT('',(221.635599572839,446.60726239979,147.45224100756));
#8427=CARTESIAN_POINT('',(214.1503181986,441.314369180977,142.159347788747));
#8428=CARTESIAN_POINT('Origin',(223.756919916398,445.10726239979,145.95224100756));
#8429=CARTESIAN_POINT('',(223.756919916398,447.22858274335,148.07356135112));
#8430=CARTESIAN_POINT('Origin',(223.756919916398,445.10726239979,145.95224100756));
#8431=CARTESIAN_POINT('',(223.756919916398,449.34990308691,145.95224100756));
#8432=CARTESIAN_POINT('Origin',(223.756919916398,447.22858274335,143.830920664));
#8433=CARTESIAN_POINT('',(223.756919916398,447.22858274335,148.07356135112));
#8434=CARTESIAN_POINT('Origin',(188.043716585019,446.167922572377,147.012901180146));
#8435=CARTESIAN_POINT('',(190.165036928578,447.667922572377,148.512901180146));
#8436=CARTESIAN_POINT('',(188.043716585019,448.289242915936,149.134221523706));
#8437=CARTESIAN_POINT('Origin',(188.043716585019,446.167922572377,147.012901180146));
#8438=CARTESIAN_POINT('',(188.043716585019,450.410563259496,147.012901180146));
#8439=CARTESIAN_POINT('',(188.043716585019,448.289242915936,149.134221523706));
#8440=CARTESIAN_POINT('',(190.165036928578,449.789242915936,146.391580836587));
#8441=CARTESIAN_POINT('Origin',(188.043716585019,448.289242915936,144.891580836587));
#8442=CARTESIAN_POINT('',(190.165036928578,447.667922572377,148.512901180146));
#8443=CARTESIAN_POINT('Origin',(189.286357272138,448.289242915936,149.134221523706));
#8444=CARTESIAN_POINT('',(8.25691997488006,448.289242915937,149.134221523706));
#8445=CARTESIAN_POINT('',(7.01427928776054,448.289242915937,149.134221523706));
#8446=CARTESIAN_POINT('',(8.25691997488006,450.410563259496,147.012901180146));
#8447=CARTESIAN_POINT('',(8.25691997488006,448.289242915937,149.134221523706));
#8448=CARTESIAN_POINT('',(7.01427928776054,450.410563259496,147.012901180146));
#8449=CARTESIAN_POINT('Origin',(196.150318303957,440.435689524537,141.280668132306));
#8450=CARTESIAN_POINT('',(199.150318303957,440.435689524537,141.280668132306));
#8451=CARTESIAN_POINT('',(198.271638647517,441.935689524537,142.780668132306));
#8452=CARTESIAN_POINT('Origin',(196.150318303957,440.435689524537,141.280668132306));
#8453=CARTESIAN_POINT('',(198.271638647517,444.057009868097,140.659347788747));
#8454=CARTESIAN_POINT('',(198.271638647517,441.935689524537,142.780668132306));
#8455=CARTESIAN_POINT('',(199.150318303957,442.557009868097,139.159347788747));
#8456=CARTESIAN_POINT('Origin',(196.150318303957,442.557009868097,139.159347788747));
#8457=CARTESIAN_POINT('',(199.150318303957,440.435689524537,141.280668132306));
#8458=CARTESIAN_POINT('Origin',(190.786357273278,447.22858274335,148.07356135112));
#8459=CARTESIAN_POINT('',(199.150318303957,443.435689524537,140.038027445187));
#8460=CARTESIAN_POINT('',(189.286357272138,448.289242915936,149.134221523706));
#8461=CARTESIAN_POINT('Origin',(196.150318303957,389.674758874187,90.5197374819571));
#8462=CARTESIAN_POINT('',(199.150318303957,391.796079217747,88.3984171383975));
#8463=CARTESIAN_POINT('',(198.271638647516,390.296079217747,86.8984171383975));
#8464=CARTESIAN_POINT('Origin',(196.150318303957,391.796079217747,88.3984171383975));
#8465=CARTESIAN_POINT('',(198.271638647516,388.174758874187,89.0197374819571));
#8466=CARTESIAN_POINT('',(198.271638647516,388.174758874187,89.0197374819571));
#8467=CARTESIAN_POINT('',(199.150318303957,389.674758874187,90.5197374819571));
#8468=CARTESIAN_POINT('Origin',(196.150318303957,389.674758874187,90.5197374819571));
#8469=CARTESIAN_POINT('',(199.150318303957,389.674758874187,90.5197374819571));
#8470=CARTESIAN_POINT('Origin',(190.786357273278,382.881865655374,83.7268442631442));
#8471=CARTESIAN_POINT('',(191.665036929719,385.624506342494,82.2268442631443));
#8472=CARTESIAN_POINT('',(199.150318303957,390.917399561307,87.5197374819573));
#8473=CARTESIAN_POINT('',(191.665036929719,383.503185998934,84.348164606704));
#8474=CARTESIAN_POINT('',(191.665036929719,383.503185998934,84.348164606704));
#8475=CARTESIAN_POINT('',(199.150318303957,388.796079217747,89.641057825517));
#8476=CARTESIAN_POINT('Origin',(189.543716586159,385.003185998934,85.848164606704));
#8477=CARTESIAN_POINT('',(189.543716586159,382.881865655374,83.7268442631443));
#8478=CARTESIAN_POINT('Origin',(189.543716586159,385.003185998934,85.848164606704));
#8479=CARTESIAN_POINT('',(189.543716586159,385.003185998934,81.6055239195846));
#8480=CARTESIAN_POINT('Origin',(189.543716586159,387.124506342494,83.7268442631443));
#8481=CARTESIAN_POINT('',(189.543716586159,382.881865655374,83.7268442631443));
#8482=CARTESIAN_POINT('Origin',(6.75691997373947,385.003185998934,85.8481646067039));
#8483=CARTESIAN_POINT('',(6.75691997373946,385.003185998934,81.6055239195847));
#8484=CARTESIAN_POINT('',(4.63559963017982,385.624506342494,82.2268442631443));
#8485=CARTESIAN_POINT('Origin',(6.75691997373947,387.124506342494,83.7268442631443));
#8486=CARTESIAN_POINT('',(4.63559963017982,383.503185998934,84.348164606704));
#8487=CARTESIAN_POINT('',(4.63559963017982,383.503185998934,84.348164606704));
#8488=CARTESIAN_POINT('',(6.75691997373946,382.881865655375,83.7268442631444));
#8489=CARTESIAN_POINT('Origin',(6.75691997373947,385.003185998934,85.8481646067039));
#8490=CARTESIAN_POINT('',(6.75691997373947,382.881865655375,83.7268442631444));
#8491=CARTESIAN_POINT('Origin',(-2.84968174405843,388.796079217747,89.6410578255172));
#8492=CARTESIAN_POINT('',(-1.971002087618,390.296079217747,86.8984171383979));
#8493=CARTESIAN_POINT('',(-2.84968174405843,390.917399561307,87.5197374819576));
#8494=CARTESIAN_POINT('',(-1.971002087618,388.174758874188,89.0197374819575));
#8495=CARTESIAN_POINT('',(-1.97100208761801,388.174758874188,89.0197374819575));
#8496=CARTESIAN_POINT('',(-2.84968174405843,388.796079217747,89.6410578255172));
#8497=CARTESIAN_POINT('Origin',(0.150318255941624,389.674758874188,90.5197374819575));
#8498=CARTESIAN_POINT('',(-2.84968174405838,389.674758874188,90.5197374819575));
#8499=CARTESIAN_POINT('Origin',(0.150318255941624,389.674758874188,90.5197374819575));
#8500=CARTESIAN_POINT('',(-2.84968174405838,391.796079217747,88.3984171383978));
#8501=CARTESIAN_POINT('Origin',(0.150318255941624,391.796079217747,88.3984171383978));
#8502=CARTESIAN_POINT('',(-2.84968174405838,389.674758874188,90.5197374819575));
#8503=CARTESIAN_POINT('Origin',(0.150318255941624,440.435689524536,141.280668132305));
#8504=CARTESIAN_POINT('',(-2.84968174405838,442.557009868096,139.159347788746));
#8505=CARTESIAN_POINT('',(-1.97100208761827,444.057009868095,140.659347788746));
#8506=CARTESIAN_POINT('Origin',(0.150318255941624,442.557009868096,139.159347788746));
#8507=CARTESIAN_POINT('',(-1.97100208761827,441.935689524536,142.780668132305));
#8508=CARTESIAN_POINT('',(-1.97100208761827,441.935689524536,142.780668132305));
#8509=CARTESIAN_POINT('',(-2.84968174405838,440.435689524536,141.280668132305));
#8510=CARTESIAN_POINT('Origin',(0.150318255941624,440.435689524536,141.280668132305));
#8511=CARTESIAN_POINT('',(-2.84968174405838,440.435689524536,141.280668132305));
#8512=CARTESIAN_POINT('Origin',(7.01427928776054,448.289242915937,149.134221523706));
#8513=CARTESIAN_POINT('',(6.1355996313202,449.789242915936,146.391580836587));
#8514=CARTESIAN_POINT('',(5.51427928662036,449.34990308691,145.95224100756));
#8515=CARTESIAN_POINT('',(6.1355996313202,447.667922572377,148.512901180146));
#8516=CARTESIAN_POINT('',(6.13559963132019,447.667922572377,148.512901180146));
#8517=CARTESIAN_POINT('',(5.51427928662036,447.22858274335,148.07356135112));
#8518=CARTESIAN_POINT('Origin',(8.25691997488006,446.167922572377,147.012901180146));
#8519=CARTESIAN_POINT('Origin',(8.25691997488006,446.167922572377,147.012901180146));
#8520=CARTESIAN_POINT('Origin',(8.25691997488006,448.289242915937,144.891580836587));
#8521=CARTESIAN_POINT('Origin',(-27.456283567213,445.107262399791,145.95224100756));
#8522=CARTESIAN_POINT('',(-27.456283567213,449.34990308691,145.95224100756));
#8523=CARTESIAN_POINT('',(-25.3349632236534,448.72858274335,145.330920664));
#8524=CARTESIAN_POINT('Origin',(-27.456283567213,447.22858274335,143.830920664));
#8525=CARTESIAN_POINT('',(-25.3349632236534,446.607262399791,147.45224100756));
#8526=CARTESIAN_POINT('',(-25.3349632236534,446.607262399791,147.45224100756));
#8527=CARTESIAN_POINT('',(-27.456283567213,447.22858274335,148.07356135112));
#8528=CARTESIAN_POINT('Origin',(-27.456283567213,445.107262399791,145.95224100756));
#8529=CARTESIAN_POINT('',(-27.456283567213,447.22858274335,148.07356135112));
#8530=CARTESIAN_POINT('Origin',(-17.8496818494151,441.314369180977,142.159347788747));
#8531=CARTESIAN_POINT('',(-18.7283615058555,444.057009868097,140.659347788747));
#8532=CARTESIAN_POINT('',(-17.8496818494151,443.435689524537,140.038027445187));
#8533=CARTESIAN_POINT('',(-18.7283615058555,441.935689524537,142.780668132307));
#8534=CARTESIAN_POINT('',(-18.7283615058555,441.935689524537,142.780668132307));
#8535=CARTESIAN_POINT('',(-17.8496818494151,441.314369180977,142.159347788747));
#8536=CARTESIAN_POINT('Origin',(-20.8496818494151,440.435689524537,141.280668132307));
#8537=CARTESIAN_POINT('',(-17.8496818494151,440.435689524537,141.280668132307));
#8538=CARTESIAN_POINT('Origin',(-20.8496818494151,440.435689524537,141.280668132307));
#8539=CARTESIAN_POINT('',(-17.8496818494151,442.557009868097,139.159347788747));
#8540=CARTESIAN_POINT('Origin',(-20.8496818494151,442.557009868097,139.159347788747));
#8541=CARTESIAN_POINT('',(-17.8496818494151,440.435689524537,141.280668132307));
#8542=CARTESIAN_POINT('Origin',(-27.4562835672127,385.003185998934,85.848164606704));
#8543=CARTESIAN_POINT('',(-27.4562835672127,382.881865655375,83.7268442631444));
#8544=CARTESIAN_POINT('',(-25.3349632236531,383.503185998934,84.348164606704));
#8545=CARTESIAN_POINT('Origin',(-27.4562835672127,385.003185998934,85.848164606704));
#8546=CARTESIAN_POINT('',(-25.3349632236531,385.624506342494,82.2268442631443));
#8547=CARTESIAN_POINT('',(-25.3349632236531,383.503185998934,84.348164606704));
#8548=CARTESIAN_POINT('',(-27.4562835672127,385.003185998934,81.6055239195847));
#8549=CARTESIAN_POINT('Origin',(-27.4562835672127,387.124506342494,83.7268442631443));
#8550=CARTESIAN_POINT('',(-27.4562835672127,382.881865655375,83.7268442631444));
#8551=CARTESIAN_POINT('Origin',(-26.2136428800935,382.881865655374,83.7268442631442));
#8552=CARTESIAN_POINT('',(-18.7283615058554,388.174758874188,89.0197374819573));
#8553=CARTESIAN_POINT('',(-17.8496818494151,388.796079217747,89.6410578255169));
#8554=CARTESIAN_POINT('',(-18.7283615058554,390.296079217747,86.8984171383977));
#8555=CARTESIAN_POINT('',(-18.7283615058555,388.174758874188,89.0197374819573));
#8556=CARTESIAN_POINT('',(-17.8496818494151,390.917399561307,87.5197374819573));
#8557=CARTESIAN_POINT('Origin',(-20.8496818494151,389.674758874188,90.5197374819573));
#8558=CARTESIAN_POINT('',(-17.8496818494151,391.796079217747,88.3984171383977));
#8559=CARTESIAN_POINT('Origin',(-20.8496818494151,391.796079217747,88.3984171383977));
#8560=CARTESIAN_POINT('',(-17.8496818494151,389.674758874188,90.5197374819573));
#8561=CARTESIAN_POINT('Origin',(-20.8496818494151,389.674758874188,90.5197374819573));
#8562=CARTESIAN_POINT('',(-17.8496818494151,389.674758874188,90.5197374819573));
#8563=CARTESIAN_POINT('Origin',(-238.849681849415,389.674758874188,90.519737481958));
#8564=CARTESIAN_POINT('',(-241.849681849415,389.674758874188,90.519737481958));
#8565=CARTESIAN_POINT('',(-240.971002192975,388.174758874188,89.019737481958));
#8566=CARTESIAN_POINT('Origin',(-238.849681849415,389.674758874188,90.519737481958));
#8567=CARTESIAN_POINT('',(-240.971002192975,390.296079217748,86.8984171383984));
#8568=CARTESIAN_POINT('',(-240.971002192975,388.174758874188,89.019737481958));
#8569=CARTESIAN_POINT('',(-241.849681849415,391.796079217748,88.3984171383983));
#8570=CARTESIAN_POINT('Origin',(-238.849681849415,391.796079217748,88.3984171383983));
#8571=CARTESIAN_POINT('',(-241.849681849415,389.674758874188,90.519737481958));
#8572=CARTESIAN_POINT('Origin',(-241.849681849415,388.796079217748,89.6410578255177));
#8573=CARTESIAN_POINT('',(-234.364400475176,383.503185998934,84.348164606704));
#8574=CARTESIAN_POINT('',(-241.849681849415,388.796079217748,89.6410578255177));
#8575=CARTESIAN_POINT('',(-234.364400475176,385.624506342494,82.2268442631444));
#8576=CARTESIAN_POINT('',(-234.364400475176,383.503185998934,84.348164606704));
#8577=CARTESIAN_POINT('',(-241.849681849415,390.917399561308,87.519737481958));
#8578=CARTESIAN_POINT('Origin',(-232.243080131617,385.003185998934,85.848164606704));
#8579=CARTESIAN_POINT('',(-232.243080131617,385.003185998934,81.6055239195847));
#8580=CARTESIAN_POINT('Origin',(-232.243080131617,387.124506342494,83.7268442631443));
#8581=CARTESIAN_POINT('',(-232.243080131617,382.881865655375,83.7268442631444));
#8582=CARTESIAN_POINT('Origin',(-232.243080131617,385.003185998934,85.848164606704));
#8583=CARTESIAN_POINT('',(-232.243080131617,382.881865655375,83.7268442631444));
#8584=CARTESIAN_POINT('Origin',(-232.243080131617,445.107262399791,145.95224100756));
#8585=CARTESIAN_POINT('',(-232.243080131617,447.22858274335,148.07356135112));
#8586=CARTESIAN_POINT('',(-234.364400475176,446.607262399791,147.45224100756));
#8587=CARTESIAN_POINT('Origin',(-232.243080131617,445.107262399791,145.95224100756));
#8588=CARTESIAN_POINT('',(-234.364400475176,448.72858274335,145.330920664001));
#8589=CARTESIAN_POINT('',(-234.364400475176,446.607262399791,147.45224100756));
#8590=CARTESIAN_POINT('',(-232.243080131617,449.34990308691,145.95224100756));
#8591=CARTESIAN_POINT('Origin',(-232.243080131617,447.22858274335,143.830920664001));
#8592=CARTESIAN_POINT('',(-232.243080131617,447.22858274335,148.07356135112));
#8593=CARTESIAN_POINT('Origin',(-233.485720818736,447.22858274335,148.07356135112));
#8594=CARTESIAN_POINT('',(-240.971002192975,441.935689524537,142.780668132307));
#8595=CARTESIAN_POINT('',(-241.849681849415,441.314369180978,142.159347788747));
#8596=CARTESIAN_POINT('',(-240.971002192975,444.057009868097,140.659347788747));
#8597=CARTESIAN_POINT('',(-240.971002192975,441.935689524537,142.780668132307));
#8598=CARTESIAN_POINT('',(-241.849681849415,443.435689524537,140.038027445187));
#8599=CARTESIAN_POINT('Origin',(-238.849681849415,440.435689524537,141.280668132307));
#8600=CARTESIAN_POINT('',(-241.849681849415,442.557009868097,139.159347788747));
#8601=CARTESIAN_POINT('Origin',(-238.849681849415,442.557009868097,139.159347788747));
#8602=CARTESIAN_POINT('',(-241.849681849415,440.435689524537,141.280668132307));
#8603=CARTESIAN_POINT('Origin',(-238.849681849415,440.435689524537,141.280668132307));
#8604=CARTESIAN_POINT('',(-241.849681849415,440.435689524537,141.280668132307));
#8605=CARTESIAN_POINT('Origin',(361.756919916398,310.04986719316,10.8948458009297));
#8606=CARTESIAN_POINT('',(361.756919916398,310.04986719316,6.65220511381041));
#8607=CARTESIAN_POINT('',(359.635599572838,310.671187536719,7.27352545736991));
#8608=CARTESIAN_POINT('Origin',(361.756919916398,312.171187536719,8.77352545737006));
#8609=CARTESIAN_POINT('',(359.635599572838,308.549867193159,9.39484580092956));
#8610=CARTESIAN_POINT('',(359.635599572838,308.549867193159,9.39484580092959));
#8611=CARTESIAN_POINT('',(361.756919916398,307.9285468496,8.77352545737006));
#8612=CARTESIAN_POINT('Origin',(361.756919916398,310.04986719316,10.8948458009297));
#8613=CARTESIAN_POINT('',(361.756919916398,307.9285468496,8.77352545737006));
#8614=CARTESIAN_POINT('Origin',(352.150318198598,313.842760411973,14.6877390197432));
#8615=CARTESIAN_POINT('',(353.028997855039,315.342760411973,11.9450983326239));
#8616=CARTESIAN_POINT('',(352.150318198598,315.964080755533,12.5664186761835));
#8617=CARTESIAN_POINT('',(353.028997855039,313.221440068413,14.0664186761836));
#8618=CARTESIAN_POINT('',(353.028997855039,313.221440068413,14.0664186761836));
#8619=CARTESIAN_POINT('',(352.150318198598,313.842760411973,14.6877390197432));
#8620=CARTESIAN_POINT('Origin',(355.150318198598,314.721440068414,15.5664186761837));
#8621=CARTESIAN_POINT('',(352.150318198598,314.721440068414,15.5664186761837));
#8622=CARTESIAN_POINT('Origin',(355.150318198598,314.721440068414,15.5664186761837));
#8623=CARTESIAN_POINT('',(352.150318198598,316.842760411973,13.445098332624));
#8624=CARTESIAN_POINT('Origin',(355.150318198598,316.842760411973,13.445098332624));
#8625=CARTESIAN_POINT('',(352.150318198598,314.721440068414,15.5664186761837));
#8626=CARTESIAN_POINT('Origin',(355.150318198598,365.482370718765,66.3273493265346));
#8627=CARTESIAN_POINT('',(352.150318198598,367.603691062324,64.206028982975));
#8628=CARTESIAN_POINT('',(353.028997855039,369.103691062325,65.7060289829752));
#8629=CARTESIAN_POINT('Origin',(355.150318198598,367.603691062324,64.206028982975));
#8630=CARTESIAN_POINT('',(353.028997855039,366.982370718765,67.8273493265349));
#8631=CARTESIAN_POINT('',(353.028997855039,366.982370718765,67.8273493265349));
#8632=CARTESIAN_POINT('',(352.150318198598,365.482370718765,66.3273493265346));
#8633=CARTESIAN_POINT('Origin',(355.150318198598,365.482370718765,66.3273493265346));
#8634=CARTESIAN_POINT('',(352.150318198598,365.482370718765,66.3273493265346));
#8635=CARTESIAN_POINT('Origin',(363.514279229285,374.396584281141,75.2415628889111));
#8636=CARTESIAN_POINT('',(362.635599572845,375.896584281141,72.498922201792));
#8637=CARTESIAN_POINT('',(360.514279229278,374.396584281137,70.9989222017874));
#8638=CARTESIAN_POINT('',(362.635599572845,373.775263937582,74.6202425453517));
#8639=CARTESIAN_POINT('',(362.635599572845,373.775263937582,74.6202425453517));
#8640=CARTESIAN_POINT('',(360.514279229278,372.275263937577,73.120242545347));
#8641=CARTESIAN_POINT('Origin',(364.756919916404,372.275263937582,73.1202425453514));
#8642=CARTESIAN_POINT('',(364.756919916404,374.396584281141,75.2415628889111));
#8643=CARTESIAN_POINT('Origin',(364.756919916404,372.275263937582,73.1202425453514));
#8644=CARTESIAN_POINT('',(364.756919916404,376.517904624701,73.1202425453515));
#8645=CARTESIAN_POINT('Origin',(364.756919916404,374.396584281141,70.9989222017918));
#8646=CARTESIAN_POINT('',(364.756919916404,374.396584281141,75.2415628889111));
#8647=CARTESIAN_POINT('Origin',(428.5437164808,310.04986719316,10.8948458009297));
#8648=CARTESIAN_POINT('',(428.5437164808,307.9285468496,8.77352545737006));
#8649=CARTESIAN_POINT('',(430.66503682436,308.549867193159,9.39484580092961));
#8650=CARTESIAN_POINT('Origin',(428.5437164808,310.04986719316,10.8948458009297));
#8651=CARTESIAN_POINT('',(430.66503682436,310.671187536719,7.27352545736996));
#8652=CARTESIAN_POINT('',(430.66503682436,308.549867193159,9.39484580092961));
#8653=CARTESIAN_POINT('',(428.5437164808,310.04986719316,6.65220511381041));
#8654=CARTESIAN_POINT('Origin',(428.5437164808,312.171187536719,8.77352545737006));
#8655=CARTESIAN_POINT('',(428.5437164808,307.9285468496,8.77352545737006));
#8656=CARTESIAN_POINT('Origin',(429.78635716792,307.9285468496,8.77352545737062));
#8657=CARTESIAN_POINT('',(437.27163854216,313.221440068414,14.0664186761839));
#8658=CARTESIAN_POINT('',(438.1503181986,313.842760411973,14.6877390197435));
#8659=CARTESIAN_POINT('',(437.27163854216,315.342760411973,11.9450983326242));
#8660=CARTESIAN_POINT('',(437.27163854216,313.221440068414,14.0664186761839));
#8661=CARTESIAN_POINT('',(438.1503181986,315.964080755533,12.5664186761839));
#8662=CARTESIAN_POINT('Origin',(435.1503181986,314.721440068414,15.566418676184));
#8663=CARTESIAN_POINT('',(438.1503181986,316.842760411973,13.4450983326243));
#8664=CARTESIAN_POINT('Origin',(435.1503181986,316.842760411973,13.4450983326243));
#8665=CARTESIAN_POINT('',(438.1503181986,314.721440068414,15.566418676184));
#8666=CARTESIAN_POINT('Origin',(435.1503181986,314.721440068414,15.566418676184));
#8667=CARTESIAN_POINT('',(438.1503181986,314.721440068414,15.566418676184));
#8668=CARTESIAN_POINT('Origin',(435.1503181986,365.482370718764,66.3273493265342));
#8669=CARTESIAN_POINT('',(438.1503181986,365.482370718764,66.3273493265342));
#8670=CARTESIAN_POINT('',(437.271638542159,366.982370718765,67.8273493265343));
#8671=CARTESIAN_POINT('Origin',(435.1503181986,365.482370718764,66.3273493265342));
#8672=CARTESIAN_POINT('',(437.271638542159,369.103691062324,65.7060289829747));
#8673=CARTESIAN_POINT('',(437.27163854216,366.982370718765,67.8273493265344));
#8674=CARTESIAN_POINT('',(438.1503181986,367.603691062324,64.2060289829746));
#8675=CARTESIAN_POINT('Origin',(435.1503181986,367.603691062324,64.2060289829746));
#8676=CARTESIAN_POINT('',(438.1503181986,365.482370718764,66.3273493265342));
#8677=CARTESIAN_POINT('Origin',(429.78635716792,372.275263937577,73.1202425453471));
#8678=CARTESIAN_POINT('',(427.665036824354,373.775263937582,74.6202425453515));
#8679=CARTESIAN_POINT('',(438.1503181986,366.361050375205,67.2060289829746));
#8680=CARTESIAN_POINT('',(427.665036824354,375.896584281141,72.4989222017919));
#8681=CARTESIAN_POINT('',(427.665036824354,373.775263937582,74.6202425453515));
#8682=CARTESIAN_POINT('',(438.1503181986,368.482370718764,65.0847086394149));
#8683=CARTESIAN_POINT('Origin',(425.543716480795,372.275263937582,73.1202425453513));
#8684=CARTESIAN_POINT('',(425.543716480795,374.396584281141,75.2415628889109));
#8685=CARTESIAN_POINT('Origin',(425.543716480795,372.275263937582,73.1202425453513));
#8686=CARTESIAN_POINT('',(425.543716480795,376.517904624701,73.1202425453513));
#8687=CARTESIAN_POINT('',(425.543716480795,374.396584281141,75.2415628889109));
#8688=CARTESIAN_POINT('Origin',(425.543716480795,374.396584281141,70.9989222017917));
#8689=CARTESIAN_POINT('Origin',(426.786357167914,374.396584281141,75.2415628889109));
#8690=CARTESIAN_POINT('',(363.514279229285,376.517904624701,73.1202425453515));
#8691=CARTESIAN_POINT('',(363.514279229285,374.396584281141,75.2415628889111));
#8692=CARTESIAN_POINT('Origin',(330.286357167919,371.2146037658,72.0595823735695));
#8693=CARTESIAN_POINT('',(333.286357167919,371.2146037658,72.0595823735695));
#8694=CARTESIAN_POINT('',(330.286357167919,373.335924109359,74.1809027171291));
#8695=CARTESIAN_POINT('Origin',(330.286357167919,371.2146037658,72.0595823735695));
#8696=CARTESIAN_POINT('',(330.286357167919,375.457244452919,72.0595823735695));
#8697=CARTESIAN_POINT('',(330.286357167919,373.335924109359,74.1809027171291));
#8698=CARTESIAN_POINT('',(333.286357167919,373.335924109359,69.9382620300099));
#8699=CARTESIAN_POINT('Origin',(330.286357167919,373.335924109359,69.9382620300099));
#8700=CARTESIAN_POINT('',(333.286357167919,371.2146037658,72.0595823735695));
#8701=CARTESIAN_POINT('Origin',(333.286357167919,373.335924109359,74.1809027171291));
#8702=CARTESIAN_POINT('',(132.256919916401,373.335924109359,74.1809027171291));
#8703=CARTESIAN_POINT('',(327.286357167919,373.335924109359,74.1809027171291));
#8704=CARTESIAN_POINT('',(132.256919916401,375.457244452919,72.0595823735695));
#8705=CARTESIAN_POINT('',(132.256919916401,373.335924109359,74.1809027171291));
#8706=CARTESIAN_POINT('',(327.286357167919,375.457244452919,72.0595823735695));
#8707=CARTESIAN_POINT('Origin',(327.543716480803,310.04986719316,10.8948458009297));
#8708=CARTESIAN_POINT('',(327.543716480803,307.9285468496,8.77352545737006));
#8709=CARTESIAN_POINT('',(329.665036824362,308.54986719316,9.39484580092974));
#8710=CARTESIAN_POINT('Origin',(327.543716480803,310.04986719316,10.8948458009297));
#8711=CARTESIAN_POINT('',(329.665036824362,310.671187536719,7.27352545737009));
#8712=CARTESIAN_POINT('',(329.665036824362,308.54986719316,9.39484580092974));
#8713=CARTESIAN_POINT('',(327.543716480803,310.04986719316,6.65220511381041));
#8714=CARTESIAN_POINT('Origin',(327.543716480803,312.171187536719,8.77352545737008));
#8715=CARTESIAN_POINT('',(327.543716480803,307.9285468496,8.77352545737006));
#8716=CARTESIAN_POINT('Origin',(328.786357167922,307.9285468496,8.77352545737004));
#8717=CARTESIAN_POINT('',(336.27163854216,313.221440068413,14.0664186761835));
#8718=CARTESIAN_POINT('',(337.150318198601,313.842760411973,14.6877390197432));
#8719=CARTESIAN_POINT('',(336.27163854216,315.342760411973,11.9450983326238));
#8720=CARTESIAN_POINT('',(336.27163854216,313.221440068413,14.0664186761835));
#8721=CARTESIAN_POINT('',(337.150318198601,315.964080755533,12.5664186761835));
#8722=CARTESIAN_POINT('Origin',(334.1503181986,314.721440068413,15.5664186761834));
#8723=CARTESIAN_POINT('',(337.1503181986,316.842760411973,13.4450983326238));
#8724=CARTESIAN_POINT('Origin',(334.1503181986,316.842760411973,13.4450983326238));
#8725=CARTESIAN_POINT('',(337.1503181986,314.721440068413,15.5664186761834));
#8726=CARTESIAN_POINT('Origin',(334.1503181986,314.721440068413,15.5664186761834));
#8727=CARTESIAN_POINT('',(337.1503181986,314.721440068413,15.5664186761834));
#8728=CARTESIAN_POINT('Origin',(336.286357167919,369.97196307868,70.8169416864503));
#8729=CARTESIAN_POINT('',(333.286357167919,372.09328342224,68.6956213428906));
#8730=CARTESIAN_POINT('',(334.16503682436,370.59328342224,67.1956213428906));
#8731=CARTESIAN_POINT('Origin',(336.286357167919,372.09328342224,68.6956213428906));
#8732=CARTESIAN_POINT('',(334.16503682436,368.47196307868,69.3169416864502));
#8733=CARTESIAN_POINT('',(334.16503682436,368.47196307868,69.3169416864502));
#8734=CARTESIAN_POINT('',(333.286357167919,369.97196307868,70.8169416864503));
#8735=CARTESIAN_POINT('Origin',(336.286357167919,369.97196307868,70.8169416864503));
#8736=CARTESIAN_POINT('',(333.286357167919,369.97196307868,70.8169416864503));
#8737=CARTESIAN_POINT('Origin',(93.1503181692538,288.277950625119,-10.8770707671111));
#8738=CARTESIAN_POINT('',(451.650318198601,299.796818865955,0.641797473724771));
#8739=CARTESIAN_POINT('',(442.650318198601,455.360310726996,156.205289334765));
#8740=CARTESIAN_POINT('',(442.650318198601,416.469437761735,117.314416369505));
#8741=CARTESIAN_POINT('',(-256.349681860094,455.360310726996,156.205289334765));
#8742=CARTESIAN_POINT('',(-265.349681860093,455.360310726996,156.205289334765));
#8743=CARTESIAN_POINT('',(-256.349681860094,338.687691831215,39.5326704389848));
#8744=CARTESIAN_POINT('',(-254.849681860094,299.796818865955,0.641797473724771));
#8745=CARTESIAN_POINT('',(-254.849681860094,338.687691831215,39.5326704389848));
#8746=CARTESIAN_POINT('',(451.650318198601,299.796818865955,0.641797473724771));
#8747=CARTESIAN_POINT('',(451.650318198601,299.796818865955,0.641797473724771));
#8748=CARTESIAN_POINT('',(451.650318198601,299.796818865955,0.641797473724771));
#8749=CARTESIAN_POINT('',(451.650318198601,299.796818865955,0.641797473724771));
#8750=CARTESIAN_POINT('',(-242.243080142299,372.275263937575,73.1202425453451));
#8751=CARTESIAN_POINT('',(-112.456283519198,372.275263937578,73.1202425453475));
#8752=CARTESIAN_POINT('',(-251.849681860093,372.275263937575,73.120242545345));
#8753=CARTESIAN_POINT('',(-110.334963175639,371.653943594018,72.4989222017879));
#8754=CARTESIAN_POINT('Origin',(-112.456283519198,370.153943594018,70.9989222017878));
#8755=CARTESIAN_POINT('',(-103.72836145784,366.982370718764,67.8273493265341));
#8756=CARTESIAN_POINT('',(-102.8496818014,366.361050375205,67.2060289829745));
#8757=CARTESIAN_POINT('',(-102.8496818014,365.482370718764,66.3273493265341));
#8758=CARTESIAN_POINT('Origin',(-105.8496818014,365.482370718764,66.3273493265341));
#8759=CARTESIAN_POINT('',(-102.8496818014,314.721440068414,15.5664186761836));
#8760=CARTESIAN_POINT('',(-102.8496818014,372.275263937578,73.1202425453476));
#8761=CARTESIAN_POINT('',(-103.72836145784,313.221440068413,14.0664186761836));
#8762=CARTESIAN_POINT('Origin',(-105.8496818014,314.721440068414,15.5664186761836));
#8763=CARTESIAN_POINT('',(-110.334963175639,308.54986719316,9.39484580092966));
#8764=CARTESIAN_POINT('',(-102.8496818014,313.842760411973,14.6877390197433));
#8765=CARTESIAN_POINT('',(-112.456283519198,307.9285468496,8.77352545737006));
#8766=CARTESIAN_POINT('Origin',(-112.456283519198,310.04986719316,10.8948458009297));
#8767=CARTESIAN_POINT('',(-242.243080142296,307.9285468496,8.77352545737009));
#8768=CARTESIAN_POINT('',(-102.8496818014,307.9285468496,8.77352545737006));
#8769=CARTESIAN_POINT('',(-244.364400485856,308.54986719316,9.39484580092974));
#8770=CARTESIAN_POINT('Origin',(-242.243080142296,310.04986719316,10.8948458009298));
#8771=CARTESIAN_POINT('',(-250.971002203653,313.221440068413,14.0664186761826));
#8772=CARTESIAN_POINT('',(-251.849681860094,313.842760411972,14.6877390197425));
#8773=CARTESIAN_POINT('',(-251.849681860093,314.721440068413,15.5664186761827));
#8774=CARTESIAN_POINT('Origin',(-248.849681860093,314.721440068413,15.5664186761827));
#8775=CARTESIAN_POINT('',(-251.849681860093,365.482370718764,66.327349326534));
#8776=CARTESIAN_POINT('',(-251.849681860093,307.9285468496,8.77352545737009));
#8777=CARTESIAN_POINT('',(-250.971002203653,366.982370718764,67.827349326534));
#8778=CARTESIAN_POINT('Origin',(-248.849681860093,365.482370718764,66.327349326534));
#8779=CARTESIAN_POINT('',(-244.364400485858,371.653943594016,72.4989222017855));
#8780=CARTESIAN_POINT('',(-251.849681860094,366.361050375204,67.2060289829742));
#8781=CARTESIAN_POINT('Origin',(-242.243080142299,370.153943594016,70.9989222017855));
#8782=CARTESIAN_POINT('',(-241.849681849415,382.881865655375,83.7268442631444));
#8783=CARTESIAN_POINT('',(-241.849681849415,447.22858274335,148.07356135112));
#8784=CARTESIAN_POINT('',(-17.8496818494151,447.22858274335,148.07356135112));
#8785=CARTESIAN_POINT('',(-17.8496818494151,382.881865655375,83.7268442631444));
#8786=CARTESIAN_POINT('',(199.150318303957,447.22858274335,148.07356135112));
#8787=CARTESIAN_POINT('',(199.150318303957,382.881865655374,83.7268442631443));
#8788=CARTESIAN_POINT('',(-2.84968174405838,382.881865655375,83.7268442631444));
#8789=CARTESIAN_POINT('',(106.1503181986,365.482370718761,66.3273493265304));
#8790=CARTESIAN_POINT('',(106.1503181986,314.721440068417,15.5664186761873));
#8791=CARTESIAN_POINT('',(106.1503181986,372.275263937578,73.1202425453476));
#8792=CARTESIAN_POINT('',(105.27163854216,313.221440068417,14.0664186761872));
#8793=CARTESIAN_POINT('Origin',(103.1503181986,314.721440068417,15.5664186761873));
#8794=CARTESIAN_POINT('',(98.6650368243557,308.54986719316,9.39484580092964));
#8795=CARTESIAN_POINT('',(106.150318198602,313.842760411978,14.687739019748));
#8796=CARTESIAN_POINT('',(96.5437164807962,307.9285468496,8.77352545737006));
#8797=CARTESIAN_POINT('Origin',(96.5437164807962,310.04986719316,10.8948458009297));
#8798=CARTESIAN_POINT('',(-78.2430800836014,307.9285468496,8.77352545737006));
#8799=CARTESIAN_POINT('',(106.1503181986,307.9285468496,8.77352545737006));
#8800=CARTESIAN_POINT('',(-80.364400427161,308.54986719316,9.39484580092969));
#8801=CARTESIAN_POINT('Origin',(-78.2430800836014,310.04986719316,10.8948458009297));
#8802=CARTESIAN_POINT('',(-86.9710021449592,313.221440068413,14.0664186761833));
#8803=CARTESIAN_POINT('',(-87.8496818013997,313.842760411973,14.6877390197431));
#8804=CARTESIAN_POINT('',(-87.8496818013996,314.721440068413,15.5664186761833));
#8805=CARTESIAN_POINT('Origin',(-84.8496818013996,314.721440068413,15.5664186761833));
#8806=CARTESIAN_POINT('',(-87.8496818013997,365.482370718764,66.3273493265342));
#8807=CARTESIAN_POINT('',(-87.8496818013996,307.9285468496,8.77352545737006));
#8808=CARTESIAN_POINT('',(-86.9710021449593,366.982370718764,67.8273493265342));
#8809=CARTESIAN_POINT('Origin',(-84.8496818013997,365.482370718764,66.3273493265342));
#8810=CARTESIAN_POINT('',(-80.3644004271612,371.653943594018,72.498922201788));
#8811=CARTESIAN_POINT('',(-87.8496818013997,366.361050375205,67.2060289829746));
#8812=CARTESIAN_POINT('',(-78.2430800836015,372.275263937578,73.1202425453476));
#8813=CARTESIAN_POINT('Origin',(-78.2430800836015,370.153943594018,70.9989222017879));
#8814=CARTESIAN_POINT('',(96.5437164807962,372.275263937578,73.1202425453476));
#8815=CARTESIAN_POINT('',(-87.8496818013997,372.275263937578,73.1202425453476));
#8816=CARTESIAN_POINT('',(98.6650368243557,371.653943594018,72.498922201788));
#8817=CARTESIAN_POINT('Origin',(96.5437164807961,370.153943594018,70.9989222017879));
#8818=CARTESIAN_POINT('',(105.27163854216,366.982370718761,67.8273493265304));
#8819=CARTESIAN_POINT('',(106.150318198602,366.3610503752,67.2060289829696));
#8820=CARTESIAN_POINT('Origin',(103.1503181986,365.482370718761,66.3273493265304));
#8821=CARTESIAN_POINT('',(438.1503181986,372.275263937577,73.120242545347));
#8822=CARTESIAN_POINT('',(438.1503181986,307.9285468496,8.77352545737006));
#8823=CARTESIAN_POINT('',(352.150318198598,307.9285468496,8.77352545737006));
#8824=CARTESIAN_POINT('',(438.1503181986,447.22858274335,148.073561351119));
#8825=CARTESIAN_POINT('',(438.1503181986,382.881865655374,83.7268442631443));
#8826=CARTESIAN_POINT('',(214.1503181986,382.881865655374,83.7268442631443));
#8827=CARTESIAN_POINT('',(214.1503181986,447.22858274335,148.07356135112));
#8828=CARTESIAN_POINT('',(336.27163854216,366.982370718764,67.8273493265342));
#8829=CARTESIAN_POINT('',(337.150318198601,366.361050375205,67.2060289829745));
#8830=CARTESIAN_POINT('',(337.1503181986,365.482370718764,66.3273493265342));
#8831=CARTESIAN_POINT('Origin',(334.1503181986,365.482370718764,66.3273493265342));
#8832=CARTESIAN_POINT('',(337.1503181986,372.275263937578,73.1202425453476));
#8833=CARTESIAN_POINT('',(130.756919916398,307.9285468496,8.77352545737009));
#8834=CARTESIAN_POINT('',(337.1503181986,307.9285468496,8.77352545737006));
#8835=CARTESIAN_POINT('',(128.635599572839,308.54986719316,9.39484580092979));
#8836=CARTESIAN_POINT('Origin',(130.756919916398,310.04986719316,10.8948458009298));
#8837=CARTESIAN_POINT('',(122.028997855041,313.221440068413,14.0664186761834));
#8838=CARTESIAN_POINT('',(121.1503181986,313.842760411973,14.6877390197431));
#8839=CARTESIAN_POINT('',(121.1503181986,314.721440068413,15.5664186761834));
#8840=CARTESIAN_POINT('Origin',(124.1503181986,314.721440068413,15.5664186761834));
#8841=CARTESIAN_POINT('',(121.1503181986,365.482370718765,66.3273493265347));
#8842=CARTESIAN_POINT('',(121.1503181986,307.9285468496,8.77352545737009));
#8843=CARTESIAN_POINT('',(122.028997855041,366.982370718765,67.8273493265348));
#8844=CARTESIAN_POINT('Origin',(124.1503181986,365.482370718765,66.3273493265347));
#8845=CARTESIAN_POINT('',(130.135599572841,372.7146037658,73.5595823735696));
#8846=CARTESIAN_POINT('',(129.514279229279,372.275263937578,73.1202425453476));
#8847=CARTESIAN_POINT('Origin',(132.256919916401,371.2146037658,72.0595823735695));
#8848=CARTESIAN_POINT('',(333.286357167919,373.335924109359,74.1809027171291));
#8849=CARTESIAN_POINT('',(-20.1141818494151,446.521475962164,147.366454569933));
#8850=CARTESIAN_POINT('Origin',(-18.8496818494151,446.521475962164,147.366454569933));
#8851=CARTESIAN_POINT('',(213.8858181986,446.521475962163,147.366454569933));
#8852=CARTESIAN_POINT('Origin',(215.1503181986,446.521475962163,147.366454569933));
#8853=CARTESIAN_POINT('',(196.885818303957,383.588972472831,84.4339510806013));
#8854=CARTESIAN_POINT('Origin',(198.150318303957,383.588972472831,84.4339510806012));
#8855=CARTESIAN_POINT('',(435.885818198601,446.521475962163,147.366454569933));
#8856=CARTESIAN_POINT('Origin',(437.150318198601,446.521475962163,147.366454569933));
#8857=CARTESIAN_POINT('',(351.885818198598,308.635653630786,9.48063223855659));
#8858=CARTESIAN_POINT('Origin',(353.150318198598,308.635653630786,9.48063223855659));
#8859=CARTESIAN_POINT('',(334.885818198601,371.568157156391,72.4131357641612));
#8860=CARTESIAN_POINT('Origin',(336.150318198601,371.568157156391,72.4131357641611));
#8861=CARTESIAN_POINT('',(435.8858181986,371.568157156391,72.4131357641611));
#8862=CARTESIAN_POINT('Origin',(437.1503181986,371.568157156391,72.4131357641611));
#8863=CARTESIAN_POINT('',(103.8858181986,308.635653630782,9.48063223855169));
#8864=CARTESIAN_POINT('Origin',(105.1503181986,308.635653630782,9.48063223855167));
#8865=CARTESIAN_POINT('',(120.8858181986,371.568157156391,72.4131357641612));
#8866=CARTESIAN_POINT('Origin',(122.1503181986,371.568157156391,72.4131357641611));
#8867=CARTESIAN_POINT('',(103.8858181986,371.568157156396,72.413135764166));
#8868=CARTESIAN_POINT('Origin',(105.1503181986,371.568157156396,72.413135764166));
#8869=CARTESIAN_POINT('',(-88.1141818013996,308.635653630786,9.48063223855659));
#8870=CARTESIAN_POINT('Origin',(-86.8496818013996,308.635653630786,9.48063223855659));
#8871=CARTESIAN_POINT('',(-105.1141818014,371.568157156391,72.4131357641611));
#8872=CARTESIAN_POINT('Origin',(-103.8496818014,371.568157156391,72.4131357641611));
#8873=CARTESIAN_POINT('',(-252.114181860094,308.635653630786,9.48063223855664));
#8874=CARTESIAN_POINT('Origin',(-250.849681860094,308.635653630786,9.48063223855662));
#8875=CARTESIAN_POINT('',(-242.114181849415,383.588972436561,84.4339510443307));
#8876=CARTESIAN_POINT('Origin',(-240.849681849415,383.588972436561,84.4339510443307));
#8877=CARTESIAN_POINT('',(-242.114181849415,446.521475962164,147.366454569934));
#8878=CARTESIAN_POINT('Origin',(-240.849681849415,446.521475962164,147.366454569933));
#8879=CARTESIAN_POINT('',(-252.114181860094,371.568157156389,72.4131357641589));
#8880=CARTESIAN_POINT('Origin',(-250.849681860094,371.568157156389,72.4131357641589));
#8881=CARTESIAN_POINT('',(-105.1141818014,308.635653630786,9.48063223855666));
#8882=CARTESIAN_POINT('Origin',(-103.8496818014,308.635653630786,9.48063223855664));
#8883=CARTESIAN_POINT('',(-88.1141818013996,371.568157156391,72.4131357641611));
#8884=CARTESIAN_POINT('Origin',(-86.8496818013996,371.568157156391,72.4131357641611));
#8885=CARTESIAN_POINT('',(-20.1141818494151,383.588972436561,84.4339510443306));
#8886=CARTESIAN_POINT('Origin',(-18.8496818494151,383.588972436561,84.4339510443306));
#8887=CARTESIAN_POINT('',(-3.11418174405838,383.588972472831,84.4339510806013));
#8888=CARTESIAN_POINT('Origin',(-1.84968174405838,383.588972472831,84.4339510806012));
#8889=CARTESIAN_POINT('',(120.8858181986,308.635653630786,9.48063223855656));
#8890=CARTESIAN_POINT('Origin',(122.1503181986,308.635653630786,9.48063223855654));
#8891=CARTESIAN_POINT('',(435.8858181986,308.635653630786,9.48063223855659));
#8892=CARTESIAN_POINT('Origin',(437.1503181986,308.635653630786,9.48063223855659));
#8893=CARTESIAN_POINT('',(351.885818198598,371.568157156391,72.4131357641611));
#8894=CARTESIAN_POINT('Origin',(353.150318198598,371.568157156391,72.4131357641611));
#8895=CARTESIAN_POINT('',(334.885818198601,308.635653630786,9.48063223855656));
#8896=CARTESIAN_POINT('Origin',(336.150318198601,308.635653630786,9.48063223855654));
#8897=CARTESIAN_POINT('',(435.8858181986,383.588972436561,84.433951044331));
#8898=CARTESIAN_POINT('Origin',(437.1503181986,383.588972436561,84.433951044331));
#8899=CARTESIAN_POINT('',(213.8858181986,383.588972436561,84.433951044331));
#8900=CARTESIAN_POINT('Origin',(215.1503181986,383.588972436561,84.433951044331));
#8901=CARTESIAN_POINT('',(196.885818303957,446.521475925893,147.366454533662));
#8902=CARTESIAN_POINT('Origin',(198.150318303957,446.521475925893,147.366454533662));
#8903=CARTESIAN_POINT('',(-3.11418174405832,446.521475925893,147.366454533663));
#8904=CARTESIAN_POINT('Origin',(-1.84968174405832,446.521475925893,147.366454533663));
#8905=CARTESIAN_POINT('',(435.885818169253,452.531883602246,153.376862210016));
#8906=CARTESIAN_POINT('Origin',(437.150318169253,452.531883602246,153.376862210016));
#8907=CARTESIAN_POINT('',(435.885818169253,302.62524599086,3.47022459862981));
#8908=CARTESIAN_POINT('Origin',(437.150318169253,302.62524599086,3.47022459862981));
#8909=CARTESIAN_POINT('',(343.385818169204,377.578564796519,78.423543404289));
#8910=CARTESIAN_POINT('Origin',(344.650318169204,377.578564796519,78.423543404289));
#8911=CARTESIAN_POINT('',(-96.6141818307472,302.62524599086,3.47022459862981));
#8912=CARTESIAN_POINT('Origin',(-95.3496818307472,302.62524599086,3.47022459862981));
#8913=CARTESIAN_POINT('',(-252.114181830747,377.578564796552,78.4235434043218));
#8914=CARTESIAN_POINT('Origin',(-250.849681830747,377.578564796552,78.4235434043218));
#8915=CARTESIAN_POINT('',(112.385818169278,377.57856479649,78.4235434042595));
#8916=CARTESIAN_POINT('Origin',(113.650318169278,377.57856479649,78.4235434042595));
#8917=CARTESIAN_POINT('',(205.385818139905,377.578564796474,78.4235434042436));
#8918=CARTESIAN_POINT('Origin',(206.650318139905,377.578564796474,78.4235434042436));
#8919=CARTESIAN_POINT('',(-11.6141818787618,452.531883602249,153.376862210019));
#8920=CARTESIAN_POINT('Origin',(-10.3496818787618,452.531883602249,153.376862210019));
#8921=CARTESIAN_POINT('',(-252.114181830747,452.531883602251,153.37686221002));
#8922=CARTESIAN_POINT('Origin',(-250.849681830747,452.531883602251,153.37686221002));
#8923=CARTESIAN_POINT('',(205.385818169253,452.531883602248,153.376862210017));
#8924=CARTESIAN_POINT('Origin',(206.650318169253,452.531883602248,153.376862210017));
#8925=CARTESIAN_POINT('',(-11.6141818787627,377.578564796475,78.4235434042447));
#8926=CARTESIAN_POINT('Origin',(-10.3496818787627,377.578564796475,78.4235434042447));
#8927=CARTESIAN_POINT('',(-96.6141818307216,377.578564796525,78.4235434042952));
#8928=CARTESIAN_POINT('Origin',(-95.3496818307216,377.578564796525,78.4235434042952));
#8929=CARTESIAN_POINT('',(-252.114181830747,302.62524599086,3.47022459862984));
#8930=CARTESIAN_POINT('Origin',(-250.849681830747,302.62524599086,3.47022459862984));
#8931=CARTESIAN_POINT('',(112.385818169253,302.62524599086,3.47022459862981));
#8932=CARTESIAN_POINT('Origin',(113.650318169253,302.62524599086,3.47022459862981));
#8933=CARTESIAN_POINT('',(343.385818169253,302.62524599086,3.47022459862976));
#8934=CARTESIAN_POINT('Origin',(344.650318169253,302.62524599086,3.47022459862976));
#8935=CARTESIAN_POINT('',(435.885818169253,377.57856479655,78.4235434043194));
#8936=CARTESIAN_POINT('Origin',(437.150318169253,377.57856479655,78.4235434043194));
#8937=CARTESIAN_POINT('Origin',(337.150318198601,366.361050375205,67.2060289829746));
#8938=CARTESIAN_POINT('',(336.27163854216,369.103691062324,65.7060289829745));
#8939=CARTESIAN_POINT('',(337.150318198601,368.482370718764,65.0847086394149));
#8940=CARTESIAN_POINT('',(336.27163854216,366.982370718764,67.8273493265342));
#8941=CARTESIAN_POINT('Origin',(334.1503181986,365.482370718764,66.3273493265342));
#8942=CARTESIAN_POINT('',(337.1503181986,367.603691062324,64.2060289829746));
#8943=CARTESIAN_POINT('Origin',(334.1503181986,367.603691062324,64.2060289829746));
#8944=CARTESIAN_POINT('',(337.1503181986,365.482370718764,66.3273493265342));
#8945=CARTESIAN_POINT('Origin',(124.1503181986,314.721440068413,15.5664186761834));
#8946=CARTESIAN_POINT('',(122.028997855041,315.342760411973,11.9450983326238));
#8947=CARTESIAN_POINT('',(122.028997855041,313.221440068413,14.0664186761834));
#8948=CARTESIAN_POINT('',(121.1503181986,316.842760411973,13.4450983326237));
#8949=CARTESIAN_POINT('Origin',(124.1503181986,316.842760411973,13.4450983326237));
#8950=CARTESIAN_POINT('',(121.1503181986,314.721440068413,15.5664186761834));
#8951=CARTESIAN_POINT('Origin',(121.1503181986,313.842760411973,14.6877390197431));
#8952=CARTESIAN_POINT('',(128.635599572839,310.671187536719,7.27352545737014));
#8953=CARTESIAN_POINT('',(128.635599572839,308.54986719316,9.39484580092979));
#8954=CARTESIAN_POINT('',(121.1503181986,315.964080755533,12.5664186761834));
#8955=CARTESIAN_POINT('Origin',(130.756919916398,310.04986719316,10.8948458009298));
#8956=CARTESIAN_POINT('',(130.756919916398,310.04986719316,6.65220511381044));
#8957=CARTESIAN_POINT('Origin',(130.756919916398,312.171187536719,8.77352545737011));
#8958=CARTESIAN_POINT('',(130.756919916398,307.9285468496,8.77352545737009));
#8959=CARTESIAN_POINT('Origin',(124.1503181986,365.482370718765,66.3273493265347));
#8960=CARTESIAN_POINT('',(121.1503181986,367.603691062324,64.206028982975));
#8961=CARTESIAN_POINT('',(122.028997855041,369.103691062325,65.7060289829751));
#8962=CARTESIAN_POINT('Origin',(124.1503181986,367.603691062324,64.206028982975));
#8963=CARTESIAN_POINT('',(122.028997855041,366.982370718765,67.8273493265348));
#8964=CARTESIAN_POINT('',(121.1503181986,365.482370718765,66.3273493265347));
#8965=CARTESIAN_POINT('Origin',(131.014279229282,373.335924109359,74.1809027171291));
#8966=CARTESIAN_POINT('',(130.135599572841,374.835924109359,71.4382620300099));
#8967=CARTESIAN_POINT('',(129.514279229279,374.396584281137,70.998922201788));
#8968=CARTESIAN_POINT('',(130.135599572841,372.7146037658,73.5595823735696));
#8969=CARTESIAN_POINT('Origin',(132.256919916401,371.2146037658,72.0595823735695));
#8970=CARTESIAN_POINT('Origin',(132.256919916401,373.335924109359,69.9382620300099));
#8971=CARTESIAN_POINT('Origin',(96.5437164807962,310.04986719316,10.8948458009297));
#8972=CARTESIAN_POINT('',(98.6650368243557,310.671187536719,7.27352545736999));
#8973=CARTESIAN_POINT('',(98.6650368243557,308.54986719316,9.39484580092964));
#8974=CARTESIAN_POINT('',(96.5437164807962,310.04986719316,6.65220511381041));
#8975=CARTESIAN_POINT('Origin',(96.5437164807962,312.171187536719,8.77352545737006));
#8976=CARTESIAN_POINT('',(96.5437164807962,307.9285468496,8.77352545737006));
#8977=CARTESIAN_POINT('Origin',(97.7863571679218,307.928546849604,8.77352545737461));
#8978=CARTESIAN_POINT('',(105.27163854216,315.342760411977,11.9450983326276));
#8979=CARTESIAN_POINT('',(105.27163854216,313.221440068417,14.0664186761872));
#8980=CARTESIAN_POINT('',(106.150318198602,315.964080755538,12.5664186761884));
#8981=CARTESIAN_POINT('Origin',(96.5437164807961,370.153943594018,70.9989222017879));
#8982=CARTESIAN_POINT('',(96.5437164807962,374.396584281137,70.9989222017879));
#8983=CARTESIAN_POINT('',(98.6650368243557,373.775263937578,70.3776018582284));
#8984=CARTESIAN_POINT('Origin',(96.5437164807961,372.275263937578,68.8776018582283));
#8985=CARTESIAN_POINT('',(98.6650368243557,371.653943594018,72.498922201788));
#8986=CARTESIAN_POINT('',(96.5437164807961,372.275263937578,73.1202425453476));
#8987=CARTESIAN_POINT('Origin',(106.150318198601,366.3610503752,67.2060289829702));
#8988=CARTESIAN_POINT('',(105.27163854216,369.10369106232,65.7060289829708));
#8989=CARTESIAN_POINT('',(106.150318198602,368.482370718759,65.08470863941));
#8990=CARTESIAN_POINT('',(105.27163854216,366.982370718761,67.8273493265304));
#8991=CARTESIAN_POINT('Origin',(103.1503181986,365.482370718761,66.3273493265304));
#8992=CARTESIAN_POINT('',(106.1503181986,367.60369106232,64.2060289829707));
#8993=CARTESIAN_POINT('Origin',(103.1503181986,367.60369106232,64.2060289829707));
#8994=CARTESIAN_POINT('',(106.1503181986,365.482370718761,66.3273493265304));
#8995=CARTESIAN_POINT('Origin',(103.1503181986,314.721440068417,15.5664186761873));
#8996=CARTESIAN_POINT('',(106.1503181986,316.842760411977,13.4450983326276));
#8997=CARTESIAN_POINT('Origin',(103.1503181986,316.842760411977,13.4450983326276));
#8998=CARTESIAN_POINT('',(106.1503181986,314.721440068417,15.5664186761873));
#8999=CARTESIAN_POINT('Origin',(-78.2430800836014,310.04986719316,10.8948458009297));
#9000=CARTESIAN_POINT('',(-78.2430800836014,310.04986719316,6.65220511381041));
#9001=CARTESIAN_POINT('',(-80.364400427161,310.671187536719,7.27352545737004));
#9002=CARTESIAN_POINT('Origin',(-78.2430800836014,312.171187536719,8.77352545737006));
#9003=CARTESIAN_POINT('',(-80.364400427161,308.54986719316,9.39484580092969));
#9004=CARTESIAN_POINT('',(-78.2430800836014,307.9285468496,8.77352545737006));
#9005=CARTESIAN_POINT('Origin',(-87.8496818013996,313.842760411973,14.687739019743));
#9006=CARTESIAN_POINT('',(-86.9710021449592,315.342760411973,11.9450983326237));
#9007=CARTESIAN_POINT('',(-87.8496818013997,315.964080755533,12.5664186761834));
#9008=CARTESIAN_POINT('',(-86.9710021449592,313.221440068413,14.0664186761833));
#9009=CARTESIAN_POINT('Origin',(-84.8496818013996,314.721440068413,15.5664186761833));
#9010=CARTESIAN_POINT('',(-87.8496818013996,316.842760411973,13.4450983326237));
#9011=CARTESIAN_POINT('Origin',(-84.8496818013996,316.842760411973,13.4450983326237));
#9012=CARTESIAN_POINT('',(-87.8496818013996,314.721440068413,15.5664186761833));
#9013=CARTESIAN_POINT('Origin',(-84.8496818013997,365.482370718764,66.3273493265342));
#9014=CARTESIAN_POINT('',(-87.8496818013997,367.603691062324,64.2060289829746));
#9015=CARTESIAN_POINT('',(-86.9710021449593,369.103691062324,65.7060289829746));
#9016=CARTESIAN_POINT('Origin',(-84.8496818013997,367.603691062324,64.2060289829746));
#9017=CARTESIAN_POINT('',(-86.9710021449593,366.982370718764,67.8273493265342));
#9018=CARTESIAN_POINT('',(-87.8496818013997,365.482370718764,66.3273493265342));
#9019=CARTESIAN_POINT('Origin',(-79.4857207707209,372.275263937578,73.1202425453476));
#9020=CARTESIAN_POINT('',(-80.3644004271612,373.775263937578,70.3776018582283));
#9021=CARTESIAN_POINT('',(-87.8496818013997,368.482370718764,65.084708639415));
#9022=CARTESIAN_POINT('',(-80.3644004271612,371.653943594018,72.498922201788));
#9023=CARTESIAN_POINT('Origin',(-78.2430800836015,370.153943594018,70.9989222017879));
#9024=CARTESIAN_POINT('',(-78.2430800836015,374.396584281137,70.9989222017879));
#9025=CARTESIAN_POINT('Origin',(-78.2430800836015,372.275263937578,68.8776018582283));
#9026=CARTESIAN_POINT('',(-78.2430800836015,372.275263937578,73.1202425453476));
#9027=CARTESIAN_POINT('Origin',(-112.456283519198,370.153943594018,70.9989222017878));
#9028=CARTESIAN_POINT('',(-112.456283519198,374.396584281137,70.9989222017878));
#9029=CARTESIAN_POINT('',(-110.334963175639,373.775263937578,70.3776018582283));
#9030=CARTESIAN_POINT('Origin',(-112.456283519198,372.275263937578,68.8776018582282));
#9031=CARTESIAN_POINT('',(-110.334963175639,371.653943594018,72.4989222017879));
#9032=CARTESIAN_POINT('',(-112.456283519198,372.275263937578,73.1202425453475));
#9033=CARTESIAN_POINT('Origin',(-102.8496818014,366.361050375205,67.2060289829745));
#9034=CARTESIAN_POINT('',(-103.72836145784,369.103691062324,65.7060289829745));
#9035=CARTESIAN_POINT('',(-102.8496818014,368.482370718764,65.0847086394149));
#9036=CARTESIAN_POINT('',(-103.72836145784,366.982370718764,67.8273493265341));
#9037=CARTESIAN_POINT('Origin',(-105.8496818014,365.482370718764,66.3273493265341));
#9038=CARTESIAN_POINT('',(-102.8496818014,367.603691062324,64.2060289829744));
#9039=CARTESIAN_POINT('Origin',(-105.8496818014,367.603691062324,64.2060289829744));
#9040=CARTESIAN_POINT('',(-102.8496818014,365.482370718764,66.3273493265341));
#9041=CARTESIAN_POINT('Origin',(-105.8496818014,314.721440068414,15.5664186761836));
#9042=CARTESIAN_POINT('',(-102.8496818014,316.842760411973,13.445098332624));
#9043=CARTESIAN_POINT('',(-103.72836145784,315.342760411973,11.945098332624));
#9044=CARTESIAN_POINT('Origin',(-105.8496818014,316.842760411973,13.445098332624));
#9045=CARTESIAN_POINT('',(-103.72836145784,313.221440068413,14.0664186761836));
#9046=CARTESIAN_POINT('',(-102.8496818014,314.721440068414,15.5664186761836));
#9047=CARTESIAN_POINT('Origin',(-111.213642832079,307.9285468496,8.77352545737006));
#9048=CARTESIAN_POINT('',(-110.334963175639,310.671187536719,7.27352545737001));
#9049=CARTESIAN_POINT('',(-102.8496818014,315.964080755533,12.5664186761836));
#9050=CARTESIAN_POINT('',(-110.334963175639,308.54986719316,9.39484580092966));
#9051=CARTESIAN_POINT('Origin',(-112.456283519198,310.04986719316,10.8948458009297));
#9052=CARTESIAN_POINT('',(-112.456283519198,310.04986719316,6.65220511381041));
#9053=CARTESIAN_POINT('Origin',(-112.456283519198,312.171187536719,8.77352545737008));
#9054=CARTESIAN_POINT('',(-112.456283519198,307.9285468496,8.77352545737006));
#9055=CARTESIAN_POINT('Origin',(-242.243080142296,310.04986719316,10.8948458009298));
#9056=CARTESIAN_POINT('',(-242.243080142296,310.04986719316,6.65220511381044));
#9057=CARTESIAN_POINT('',(-244.364400485856,310.671187536719,7.27352545737009));
#9058=CARTESIAN_POINT('Origin',(-242.243080142296,312.171187536719,8.77352545737011));
#9059=CARTESIAN_POINT('',(-244.364400485856,308.54986719316,9.39484580092974));
#9060=CARTESIAN_POINT('',(-242.243080142296,307.9285468496,8.77352545737009));
#9061=CARTESIAN_POINT('Origin',(-251.849681860093,313.842760411972,14.6877390197424));
#9062=CARTESIAN_POINT('',(-250.971002203653,315.342760411972,11.945098332623));
#9063=CARTESIAN_POINT('',(-251.849681860094,315.964080755532,12.5664186761829));
#9064=CARTESIAN_POINT('',(-250.971002203653,313.221440068413,14.0664186761826));
#9065=CARTESIAN_POINT('Origin',(-248.849681860093,314.721440068413,15.5664186761827));
#9066=CARTESIAN_POINT('',(-251.849681860093,316.842760411972,13.445098332623));
#9067=CARTESIAN_POINT('Origin',(-248.849681860093,316.842760411972,13.445098332623));
#9068=CARTESIAN_POINT('',(-251.849681860093,314.721440068413,15.5664186761827));
#9069=CARTESIAN_POINT('Origin',(-248.849681860093,365.482370718764,66.327349326534));
#9070=CARTESIAN_POINT('',(-251.849681860093,367.603691062324,64.2060289829744));
#9071=CARTESIAN_POINT('',(-250.971002203653,369.103691062324,65.7060289829744));
#9072=CARTESIAN_POINT('Origin',(-248.849681860093,367.603691062324,64.2060289829744));
#9073=CARTESIAN_POINT('',(-250.971002203653,366.982370718764,67.827349326534));
#9074=CARTESIAN_POINT('',(-251.849681860093,365.482370718764,66.327349326534));
#9075=CARTESIAN_POINT('Origin',(-243.485720829416,372.275263937576,73.1202425453462));
#9076=CARTESIAN_POINT('',(-244.364400485858,373.775263937575,70.3776018582259));
#9077=CARTESIAN_POINT('',(-251.849681860094,368.482370718764,65.0847086394146));
#9078=CARTESIAN_POINT('',(-244.364400485858,371.653943594016,72.4989222017855));
#9079=CARTESIAN_POINT('Origin',(-242.243080142299,370.153943594016,70.9989222017855));
#9080=CARTESIAN_POINT('',(-242.243080142299,374.396584281135,70.9989222017855));
#9081=CARTESIAN_POINT('Origin',(-242.243080142299,372.275263937575,68.8776018582259));
#9082=CARTESIAN_POINT('',(-242.243080142299,372.275263937575,73.1202425453451));
#9083=CARTESIAN_POINT('Origin',(417.150318169255,303.640302766469,-2.52575738102223E-14));
#9084=CARTESIAN_POINT('',(417.150318169255,294.837806352234,-4.31721503999588));
#9085=CARTESIAN_POINT('',(417.150318169255,296.959126695794,-6.43853538355549));
#9086=CARTESIAN_POINT('Origin',(58.1503181692538,303.640302766468,-2.77555756156289E-16));
#9087=CARTESIAN_POINT('',(58.1503181692538,294.837806352234,-4.31721503999594));
#9088=CARTESIAN_POINT('',(58.1503181692538,296.959126695793,-6.43853538355559));
#9089=CARTESIAN_POINT('Origin',(-175.849681830747,303.640302766468,-2.77555756156289E-16));
#9090=CARTESIAN_POINT('',(-175.849681830747,294.837806352234,-4.31721503999594));
#9091=CARTESIAN_POINT('',(-175.849681830747,296.959126695793,-6.43853538355559));
#9092=CARTESIAN_POINT('Origin',(93.1503181692538,288.277950625119,-10.8770707671111));
#9093=CARTESIAN_POINT('',(-254.849681860093,281.001723071402,-18.1532983208277));
#9094=CARTESIAN_POINT('',(267.150318183927,281.001723071402,-18.1532983208277));
#9095=CARTESIAN_POINT('',(-254.849681860093,276.203409498191,-22.9516118940387));
#9096=CARTESIAN_POINT('',(-254.849681860093,281.001723071402,-18.1532983208277));
#9097=CARTESIAN_POINT('',(93.1503181692539,276.203409498191,-22.9516118940387));
#9098=CARTESIAN_POINT('Origin',(93.1503181692538,288.277950625119,-10.8770707671111));
#9099=CARTESIAN_POINT('',(93.1503181692539,276.203409498191,-22.9516118940387));
#9100=CARTESIAN_POINT('',(267.150318183927,281.001723071402,-18.1532983208277));
#9101=CARTESIAN_POINT('Origin',(93.1503181692538,288.277950625119,-10.8770707671111));
#9102=CARTESIAN_POINT('',(267.150318183927,281.001723071402,-18.1532983208277));
#9103=CARTESIAN_POINT('',(93.1503181692539,276.203409498191,-22.9516118940387));
#9104=CARTESIAN_POINT('Origin',(93.1503181692538,288.277950625119,-10.8770707671111));
#9105=CARTESIAN_POINT('',(441.150318198601,276.203409498191,-22.9516118940387));
#9106=CARTESIAN_POINT('',(93.1503181692539,276.203409498191,-22.9516118940387));
#9107=CARTESIAN_POINT('',(441.150318198601,281.001723071402,-18.1532983208277));
#9108=CARTESIAN_POINT('',(441.150318198601,276.203409498191,-22.9516118940386));
#9109=CARTESIAN_POINT('',(267.150318183927,281.001723071402,-18.1532983208277));
#9110=CARTESIAN_POINT('Origin',(93.1503181692538,288.277950625119,-10.8770707671111));
#9111=CARTESIAN_POINT('',(267.150318183927,281.001723071402,-18.1532983208277));
#9112=CARTESIAN_POINT('',(93.1503181692539,276.203409498191,-22.9516118940387));
#9113=CARTESIAN_POINT('Origin',(93.1503181692538,288.277950625119,-10.8770707671111));
#9114=CARTESIAN_POINT('',(-254.849681860094,297.397662079349,-1.7573593128807));
#9115=CARTESIAN_POINT('',(93.1503181692537,297.397662079349,-1.7573593128807));
#9116=CARTESIAN_POINT('',(-254.849681860094,306.994289225771,7.8392678335413));
#9117=CARTESIAN_POINT('Origin',(93.1503181692538,288.277950625119,-10.8770707671111));
#9118=CARTESIAN_POINT('',(93.1503181692537,297.397662079349,-1.7573593128807));
#9119=CARTESIAN_POINT('Origin',(93.1503181692538,288.277950625119,-10.8770707671111));
#9120=CARTESIAN_POINT('',(93.1503181692537,297.397662079349,-1.7573593128807));
#9121=CARTESIAN_POINT('Origin',(93.1503181692538,288.277950625119,-10.8770707671111));
#9122=CARTESIAN_POINT('',(441.150318198601,297.397662079349,-1.7573593128807));
#9123=CARTESIAN_POINT('',(441.150318198601,297.397662079349,-1.7573593128807));
#9124=CARTESIAN_POINT('',(93.1503181692537,297.397662079349,-1.7573593128807));
#9125=CARTESIAN_POINT('Origin',(93.1503181692538,288.277950625119,-10.8770707671111));
#9126=CARTESIAN_POINT('',(93.1503181692537,297.397662079349,-1.7573593128807));
#9127=CARTESIAN_POINT('',(248.150318169254,294.837806352234,-4.31721503999591));
#9128=CARTESIAN_POINT('Origin',(248.150318169254,303.640302766468,-2.55351295663786E-14));
#9129=CARTESIAN_POINT('',(248.150318169254,296.959126695793,-6.43853538355554));
#9130=CARTESIAN_POINT('Origin',(93.1503181692537,290.399270968678,-12.9983911106707));
#9131=CARTESIAN_POINT('',(-254.849681860094,283.123043414962,-20.2746186643874));
#9132=CARTESIAN_POINT('',(267.150318183927,283.123043414962,-20.2746186643874));
#9133=CARTESIAN_POINT('',(-254.849681860094,299.518982422909,-3.87867965644038));
#9134=CARTESIAN_POINT('',(-254.849681860094,309.115609569331,5.71794748998167));
#9135=CARTESIAN_POINT('',(93.1503181692537,299.518982422909,-3.87867965644036));
#9136=CARTESIAN_POINT('Origin',(93.1503181692537,290.399270968678,-12.9983911106707));
#9137=CARTESIAN_POINT('',(93.1503181692537,299.518982422909,-3.87867965644036));
#9138=CARTESIAN_POINT('',(267.150318183927,283.123043414962,-20.2746186643874));
#9139=CARTESIAN_POINT('Origin',(93.1503181692537,290.399270968678,-12.9983911106707));
#9140=CARTESIAN_POINT('',(267.150318183927,283.123043414962,-20.2746186643874));
#9141=CARTESIAN_POINT('',(93.1503181692537,299.518982422909,-3.87867965644036));
#9142=CARTESIAN_POINT('Origin',(93.1503181692537,290.399270968678,-12.9983911106707));
#9143=CARTESIAN_POINT('',(441.150318198601,299.518982422909,-3.87867965644038));
#9144=CARTESIAN_POINT('',(93.1503181692537,299.518982422909,-3.87867965644036));
#9145=CARTESIAN_POINT('',(441.150318198601,283.123043414962,-20.2746186643874));
#9146=CARTESIAN_POINT('',(441.150318198601,309.115609569331,5.71794748998167));
#9147=CARTESIAN_POINT('',(267.150318183927,283.123043414962,-20.2746186643874));
#9148=CARTESIAN_POINT('Origin',(93.1503181692537,290.399270968678,-12.9983911106707));
#9149=CARTESIAN_POINT('',(267.150318183927,283.123043414962,-20.2746186643874));
#9150=CARTESIAN_POINT('',(93.1503181692537,299.518982422909,-3.87867965644036));
#9151=CARTESIAN_POINT('Origin',(93.1503181692537,290.399270968678,-12.9983911106707));
#9152=CARTESIAN_POINT('',(-254.849681860093,278.324729841751,-25.0729322375983));
#9153=CARTESIAN_POINT('Origin',(93.1503181692537,290.399270968678,-12.9983911106707));
#9154=CARTESIAN_POINT('Origin',(93.1503181692537,290.399270968678,-12.9983911106707));
#9155=CARTESIAN_POINT('Origin',(93.1503181692537,290.399270968678,-12.9983911106707));
#9156=CARTESIAN_POINT('',(441.150318198601,278.324729841751,-25.0729322375983));
#9157=CARTESIAN_POINT('Origin',(93.1503181692537,290.399270968678,-12.9983911106707));
#9158=CARTESIAN_POINT('Origin',(93.1503181692537,290.399270968678,-12.9983911106707));
#9159=CARTESIAN_POINT('',(451.650318198601,301.918139209514,-1.47952286983488));
#9160=CARTESIAN_POINT('',(451.650318198601,301.918139209514,-1.47952286983488));
#9161=CARTESIAN_POINT('',(451.650318198601,301.918139209514,-1.47952286983488));
#9162=CARTESIAN_POINT('',(-254.849681860094,301.918139209514,-1.47952286983488));
#9163=CARTESIAN_POINT('',(451.650318198601,301.918139209514,-1.47952286983488));
#9164=CARTESIAN_POINT('',(-254.849681860094,340.809012174774,37.4113500954252));
#9165=CARTESIAN_POINT('',(-256.349681860094,457.481631070555,154.083968991205));
#9166=CARTESIAN_POINT('',(-256.349681860094,340.809012174774,37.4113500954252));
#9167=CARTESIAN_POINT('',(442.650318198601,457.481631070555,154.083968991205));
#9168=CARTESIAN_POINT('',(-265.349681860093,457.481631070555,154.083968991205));
#9169=CARTESIAN_POINT('',(442.650318198601,381.114098702408,77.7164366230582));
#9170=CARTESIAN_POINT('',(451.650318198601,301.918139209514,-1.47952286983488));
#9171=CARTESIAN_POINT('',(333.286357167919,375.457244452919,72.0595823735695));
#9172=CARTESIAN_POINT('',(121.1503181986,310.04986719316,6.65220511381044));
#9173=CARTESIAN_POINT('',(337.1503181986,310.04986719316,6.65220511381041));
#9174=CARTESIAN_POINT('',(337.1503181986,374.396584281137,70.998922201788));
#9175=CARTESIAN_POINT('',(-251.849681860093,374.396584281135,70.9989222017853));
#9176=CARTESIAN_POINT('',(-251.849681860093,310.04986719316,6.65220511381044));
#9177=CARTESIAN_POINT('',(-102.8496818014,310.04986719316,6.65220511381041));
#9178=CARTESIAN_POINT('',(-102.8496818014,374.396584281137,70.998922201788));
#9179=CARTESIAN_POINT('',(-241.849681849415,385.003185998934,81.6055239195847));
#9180=CARTESIAN_POINT('',(-17.8496818494151,385.003185998934,81.6055239195847));
#9181=CARTESIAN_POINT('',(-17.8496818494151,449.34990308691,145.95224100756));
#9182=CARTESIAN_POINT('',(-241.849681849415,449.34990308691,145.95224100756));
#9183=CARTESIAN_POINT('',(199.150318303957,449.34990308691,145.95224100756));
#9184=CARTESIAN_POINT('',(-2.84968174405838,385.003185998934,81.6055239195847));
#9185=CARTESIAN_POINT('',(199.150318303957,385.003185998934,81.6055239195846));
#9186=CARTESIAN_POINT('',(106.1503181986,374.396584281137,70.9989222017879));
#9187=CARTESIAN_POINT('',(-87.8496818013997,374.396584281137,70.9989222017879));
#9188=CARTESIAN_POINT('',(-87.8496818013996,310.04986719316,6.65220511381041));
#9189=CARTESIAN_POINT('',(106.1503181986,310.04986719316,6.65220511381041));
#9190=CARTESIAN_POINT('',(352.150318198598,310.04986719316,6.65220511381041));
#9191=CARTESIAN_POINT('',(438.1503181986,310.04986719316,6.65220511381041));
#9192=CARTESIAN_POINT('',(438.1503181986,374.396584281137,70.9989222017873));
#9193=CARTESIAN_POINT('',(438.1503181986,449.34990308691,145.95224100756));
#9194=CARTESIAN_POINT('',(214.1503181986,449.34990308691,145.95224100756));
#9195=CARTESIAN_POINT('',(214.1503181986,385.003185998934,81.6055239195846));
#9196=CARTESIAN_POINT('',(438.1503181986,385.003185998934,81.6055239195846));
#9197=CARTESIAN_POINT('',(-20.1141818494151,448.642796305724,145.245134226374));
#9198=CARTESIAN_POINT('Origin',(-18.8496818494151,448.642796305724,145.245134226374));
#9199=CARTESIAN_POINT('',(213.8858181986,448.642796305723,145.245134226373));
#9200=CARTESIAN_POINT('Origin',(215.1503181986,448.642796305723,145.245134226373));
#9201=CARTESIAN_POINT('',(196.885818303957,385.710292816391,82.3126307370416));
#9202=CARTESIAN_POINT('Origin',(198.150318303957,385.710292816391,82.3126307370416));
#9203=CARTESIAN_POINT('',(435.885818198601,448.642796305723,145.245134226373));
#9204=CARTESIAN_POINT('Origin',(437.150318198601,448.642796305723,145.245134226373));
#9205=CARTESIAN_POINT('',(351.885818198598,310.756973974346,7.35931189499694));
#9206=CARTESIAN_POINT('Origin',(353.150318198598,310.756973974346,7.35931189499694));
#9207=CARTESIAN_POINT('',(334.885818198601,373.689477499951,70.2918154206015));
#9208=CARTESIAN_POINT('Origin',(336.150318198601,373.689477499951,70.2918154206015));
#9209=CARTESIAN_POINT('',(435.8858181986,373.689477499951,70.2918154206014));
#9210=CARTESIAN_POINT('Origin',(437.1503181986,373.689477499951,70.2918154206014));
#9211=CARTESIAN_POINT('',(103.8858181986,310.756973974341,7.35931189499202));
#9212=CARTESIAN_POINT('Origin',(105.1503181986,310.756973974341,7.35931189499202));
#9213=CARTESIAN_POINT('',(120.8858181986,373.689477499951,70.2918154206015));
#9214=CARTESIAN_POINT('Origin',(122.1503181986,373.689477499951,70.2918154206015));
#9215=CARTESIAN_POINT('',(103.8858181986,373.689477499956,70.2918154206063));
#9216=CARTESIAN_POINT('Origin',(105.1503181986,373.689477499956,70.2918154206063));
#9217=CARTESIAN_POINT('',(-88.1141818013996,310.756973974346,7.35931189499694));
#9218=CARTESIAN_POINT('Origin',(-86.8496818013996,310.756973974346,7.35931189499694));
#9219=CARTESIAN_POINT('',(-105.1141818014,373.689477499951,70.2918154206014));
#9220=CARTESIAN_POINT('Origin',(-103.8496818014,373.689477499951,70.2918154206014));
#9221=CARTESIAN_POINT('',(-252.114181860094,310.756973974346,7.35931189499697));
#9222=CARTESIAN_POINT('Origin',(-250.849681860094,310.756973974346,7.35931189499697));
#9223=CARTESIAN_POINT('',(-242.114181849415,385.71029278012,82.312630700771));
#9224=CARTESIAN_POINT('Origin',(-240.849681849415,385.71029278012,82.312630700771));
#9225=CARTESIAN_POINT('',(-242.114181849415,448.642796305724,145.245134226374));
#9226=CARTESIAN_POINT('Origin',(-240.849681849415,448.642796305724,145.245134226374));
#9227=CARTESIAN_POINT('',(-252.114181860094,373.689477499949,70.2918154205992));
#9228=CARTESIAN_POINT('Origin',(-250.849681860094,373.689477499949,70.2918154205992));
#9229=CARTESIAN_POINT('',(-105.1141818014,310.756973974346,7.35931189499699));
#9230=CARTESIAN_POINT('Origin',(-103.8496818014,310.756973974346,7.35931189499699));
#9231=CARTESIAN_POINT('',(-88.1141818013996,373.689477499951,70.2918154206014));
#9232=CARTESIAN_POINT('Origin',(-86.8496818013996,373.689477499951,70.2918154206014));
#9233=CARTESIAN_POINT('',(-20.1141818494151,385.71029278012,82.3126307007709));
#9234=CARTESIAN_POINT('Origin',(-18.8496818494151,385.71029278012,82.3126307007709));
#9235=CARTESIAN_POINT('',(-3.11418174405838,385.710292816391,82.3126307370416));
#9236=CARTESIAN_POINT('Origin',(-1.84968174405838,385.710292816391,82.3126307370416));
#9237=CARTESIAN_POINT('',(120.8858181986,310.756973974346,7.35931189499689));
#9238=CARTESIAN_POINT('Origin',(122.1503181986,310.756973974346,7.35931189499689));
#9239=CARTESIAN_POINT('',(435.8858181986,310.756973974346,7.35931189499694));
#9240=CARTESIAN_POINT('Origin',(437.1503181986,310.756973974346,7.35931189499694));
#9241=CARTESIAN_POINT('',(351.885818198598,373.689477499951,70.2918154206014));
#9242=CARTESIAN_POINT('Origin',(353.150318198598,373.689477499951,70.2918154206014));
#9243=CARTESIAN_POINT('',(334.885818198601,310.756973974346,7.35931189499689));
#9244=CARTESIAN_POINT('Origin',(336.150318198601,310.756973974346,7.35931189499689));
#9245=CARTESIAN_POINT('',(435.8858181986,385.710292780121,82.3126307007713));
#9246=CARTESIAN_POINT('Origin',(437.1503181986,385.710292780121,82.3126307007713));
#9247=CARTESIAN_POINT('',(213.8858181986,385.710292780121,82.3126307007713));
#9248=CARTESIAN_POINT('Origin',(215.1503181986,385.710292780121,82.3126307007713));
#9249=CARTESIAN_POINT('',(196.885818303957,448.642796269453,145.245134190103));
#9250=CARTESIAN_POINT('Origin',(198.150318303957,448.642796269453,145.245134190103));
#9251=CARTESIAN_POINT('',(-3.11418174405833,448.642796269453,145.245134190103));
#9252=CARTESIAN_POINT('Origin',(-1.84968174405832,448.642796269453,145.245134190103));
#9253=CARTESIAN_POINT('',(435.885818169253,454.653203945806,151.255541866456));
#9254=CARTESIAN_POINT('Origin',(437.150318169253,454.653203945806,151.255541866456));
#9255=CARTESIAN_POINT('',(435.885818169253,304.746566334419,1.34890425507016));
#9256=CARTESIAN_POINT('Origin',(437.150318169253,304.746566334419,1.34890425507016));
#9257=CARTESIAN_POINT('',(343.385818169204,379.699885140079,76.3022230607293));
#9258=CARTESIAN_POINT('Origin',(344.650318169204,379.699885140079,76.3022230607293));
#9259=CARTESIAN_POINT('',(-96.6141818307472,304.746566334419,1.34890425507016));
#9260=CARTESIAN_POINT('Origin',(-95.3496818307472,304.746566334419,1.34890425507016));
#9261=CARTESIAN_POINT('',(-252.114181830747,379.699885140112,76.3022230607622));
#9262=CARTESIAN_POINT('Origin',(-250.849681830747,379.699885140112,76.3022230607622));
#9263=CARTESIAN_POINT('',(112.385818169278,379.699885140049,76.3022230606999));
#9264=CARTESIAN_POINT('Origin',(113.650318169278,379.699885140049,76.3022230606999));
#9265=CARTESIAN_POINT('',(205.385818139905,379.699885140033,76.302223060684));
#9266=CARTESIAN_POINT('Origin',(206.650318139905,379.699885140033,76.302223060684));
#9267=CARTESIAN_POINT('',(-11.6141818787618,454.653203945809,151.255541866459));
#9268=CARTESIAN_POINT('Origin',(-10.3496818787618,454.653203945809,151.255541866459));
#9269=CARTESIAN_POINT('',(-252.114181830747,454.65320394581,151.25554186646));
#9270=CARTESIAN_POINT('Origin',(-250.849681830747,454.65320394581,151.25554186646));
#9271=CARTESIAN_POINT('',(205.385818169253,454.653203945808,151.255541866458));
#9272=CARTESIAN_POINT('Origin',(206.650318169253,454.653203945808,151.255541866458));
#9273=CARTESIAN_POINT('',(-11.6141818787627,379.699885140034,76.302223060685));
#9274=CARTESIAN_POINT('Origin',(-10.3496818787627,379.699885140034,76.302223060685));
#9275=CARTESIAN_POINT('',(-96.6141818307216,379.699885140085,76.3022230607356));
#9276=CARTESIAN_POINT('Origin',(-95.3496818307216,379.699885140085,76.3022230607356));
#9277=CARTESIAN_POINT('',(-252.114181830747,304.746566334419,1.34890425507019));
#9278=CARTESIAN_POINT('Origin',(-250.849681830747,304.746566334419,1.34890425507019));
#9279=CARTESIAN_POINT('',(112.385818169253,304.746566334419,1.34890425507016));
#9280=CARTESIAN_POINT('Origin',(113.650318169253,304.746566334419,1.34890425507016));
#9281=CARTESIAN_POINT('',(343.385818169253,304.746566334419,1.34890425507011));
#9282=CARTESIAN_POINT('Origin',(344.650318169253,304.746566334419,1.34890425507011));
#9283=CARTESIAN_POINT('',(435.885818169253,379.699885140109,76.3022230607598));
#9284=CARTESIAN_POINT('Origin',(437.150318169253,379.699885140109,76.3022230607598));
#9285=CARTESIAN_POINT('Origin',(93.1503181692537,290.399270968678,-12.9983911106707));
#9286=CARTESIAN_POINT('',(-254.849681860094,299.518982422909,-3.87867965644039));
#9287=CARTESIAN_POINT('Origin',(93.1503181692537,290.399270968678,-12.9983911106707));
#9288=CARTESIAN_POINT('Origin',(93.1503181692537,290.399270968678,-12.9983911106707));
#9289=CARTESIAN_POINT('Origin',(93.1503181692537,290.399270968678,-12.9983911106707));
#9290=CARTESIAN_POINT('Origin',(93.1503181692538,288.277950625119,-10.8770707671111));
#9291=CARTESIAN_POINT('',(-254.849681860094,299.796818865955,0.641797473724764));
#9292=CARTESIAN_POINT('Origin',(93.1503181692538,288.277950625119,-10.8770707671111));
#9293=CARTESIAN_POINT('Origin',(93.1503181692538,288.277950625119,-10.8770707671111));
#9294=CARTESIAN_POINT('Origin',(93.1503181692538,288.277950625119,-10.8770707671111));
#9295=CARTESIAN_POINT('Origin',(259.900318139905,274.435642545224,-27.5478059717513));
#9296=CARTESIAN_POINT('',(259.900318139905,273.915565507662,-25.2394558845677));
#9297=CARTESIAN_POINT('Origin',(259.900318139905,273.021428982851,-26.1335924093781));
#9298=CARTESIAN_POINT('',(259.900318139905,275.329779070035,-26.6536694469409));
#9299=CARTESIAN_POINT('Origin',(-73.5996818600935,274.435642545224,-27.5478059717513));
#9300=CARTESIAN_POINT('',(-73.5996818600935,273.915565507662,-25.2394558845677));
#9301=CARTESIAN_POINT('Origin',(-73.5996818600935,273.021428982851,-26.1335924093781));
#9302=CARTESIAN_POINT('',(-73.5996818600935,275.329779070035,-26.6536694469409));
#9303=CARTESIAN_POINT('Origin',(-240.349681860093,274.435642545224,-27.5478059717513));
#9304=CARTESIAN_POINT('',(-240.349681860093,273.915565507662,-25.2394558845677));
#9305=CARTESIAN_POINT('Origin',(-240.349681860093,273.021428982851,-26.1335924093781));
#9306=CARTESIAN_POINT('',(-240.349681860093,275.329779070035,-26.6536694469409));
#9307=CARTESIAN_POINT('Origin',(93.1503181399057,274.435642545224,-27.5478059717513));
#9308=CARTESIAN_POINT('',(93.1503181399057,273.915565507662,-25.2394558845677));
#9309=CARTESIAN_POINT('Origin',(93.1503181399057,273.021428982851,-26.1335924093781));
#9310=CARTESIAN_POINT('',(93.1503181399057,275.329779070035,-26.6536694469409));
#9311=CARTESIAN_POINT('Origin',(426.650318139904,274.435642545224,-27.5478059717513));
#9312=CARTESIAN_POINT('',(426.650318139904,273.915565507662,-25.2394558845677));
#9313=CARTESIAN_POINT('Origin',(426.650318139904,273.021428982851,-26.1335924093781));
#9314=CARTESIAN_POINT('',(426.650318139904,275.329779070035,-26.6536694469409));
#9315=CARTESIAN_POINT('Origin',(-254.849681860093,283.123043414962,-20.2746186643874));
#9316=CARTESIAN_POINT('',(-254.849681860093,285.800036644613,-13.3549847476168));
#9317=CARTESIAN_POINT('',(-254.849681860093,277.858039366167,-24.6062417620152));
#9318=CARTESIAN_POINT('Origin',(441.150318198601,282.189662463795,-19.3412377132211));
#9319=CARTESIAN_POINT('',(441.150318198601,277.858039366167,-24.6062417620152));
#9320=CARTESIAN_POINT('',(441.150318198601,283.123043414962,-20.2746186643874));
#9321=CARTESIAN_POINT('Origin',(-254.849681860093,282.189662463795,-19.3412377132211));
#9322=CARTESIAN_POINT('',(-254.849681860094,283.123043414962,-20.2746186643874));
#9323=CARTESIAN_POINT('Origin',(441.150318198601,271.960768811072,-31.4368932682772));
#9324=CARTESIAN_POINT('',(441.150318198601,276.203409498191,-22.9516118940387));
#9325=CARTESIAN_POINT('Origin',(93.1503181692538,288.277950625119,-10.8770707671111));
#9326=CARTESIAN_POINT('Origin',(93.1503181692538,288.277950625119,-10.8770707671111));
#9327=CARTESIAN_POINT('',(441.150318198601,297.397662079349,-1.75735931288073));
#9328=CARTESIAN_POINT('Origin',(-254.849681860094,301.918139209514,-1.47952286983484));
#9329=CARTESIAN_POINT('',(-254.849681860094,299.052291947326,-3.41198918085724));
#9330=CARTESIAN_POINT('Origin',(441.150318198601,300.984758258348,-0.546141918668637));
#9331=CARTESIAN_POINT('',(441.150318198601,299.052291947326,-3.41198918085724));
#9332=CARTESIAN_POINT('',(441.150318198601,299.518982422909,-3.87867965644039));
#9333=CARTESIAN_POINT('Origin',(-254.849681860094,300.984758258348,-0.546141918668637));
#9334=CARTESIAN_POINT('',(-254.849681860094,300.857479037734,-0.418862698055054));
#9335=CARTESIAN_POINT('Origin',(441.150318198601,278.880402727842,-24.5172593515066));
#9336=CARTESIAN_POINT('Origin',(93.1503181692537,290.399270968678,-12.9983911106707));
#9337=CARTESIAN_POINT('Origin',(-267.635521991851,377.932118228634,78.0699899720933));
#9338=CARTESIAN_POINT('',(-266.741385467041,376.946314796479,77.7912934042486));
#9339=CARTESIAN_POINT('Origin',(-267.635521991851,377.578564796479,78.4235434042485));
#9340=CARTESIAN_POINT('',(-266.741385467041,377.299868228634,77.4377399720934));
#9341=CARTESIAN_POINT('Origin',(-267.635521991851,448.64279634729,148.780668090747));
#9342=CARTESIAN_POINT('',(-266.741385467041,447.656992915135,148.501971522902));
#9343=CARTESIAN_POINT('Origin',(-267.635521991851,448.289242915135,149.134221522902));
#9344=CARTESIAN_POINT('',(-266.741385467041,448.01054634729,148.148418090747));
#9345=CARTESIAN_POINT('Origin',(-267.635521991851,307.221440109978,7.35931185343961));
#9346=CARTESIAN_POINT('',(-266.741385467041,306.235636677823,7.08061528559482));
#9347=CARTESIAN_POINT('Origin',(-267.635521991851,306.867886677823,7.71286528559477));
#9348=CARTESIAN_POINT('',(-266.741385467041,306.589190109978,6.72706185343964));
#9349=CARTESIAN_POINT('Origin',(453.936158330355,377.932118187102,78.0699900136174));
#9350=CARTESIAN_POINT('',(453.042021805545,376.946314796475,77.7912934042449));
#9351=CARTESIAN_POINT('Origin',(453.936158330355,377.578564796475,78.4235434042449));
#9352=CARTESIAN_POINT('',(453.042021805545,377.299868187102,77.4377400136174));
#9353=CARTESIAN_POINT('Origin',(453.936158330355,448.642796305757,148.780668132272));
#9354=CARTESIAN_POINT('',(453.042021805545,447.65699291513,148.5019715229));
#9355=CARTESIAN_POINT('Origin',(453.936158330355,448.28924291513,149.1342215229));
#9356=CARTESIAN_POINT('',(453.042021805545,448.010546305757,148.148418132272));
#9357=CARTESIAN_POINT('Origin',(453.936158330355,307.221440068448,7.35931189496265));
#9358=CARTESIAN_POINT('',(453.042021805545,306.23563667782,7.08061528559002));
#9359=CARTESIAN_POINT('Origin',(453.936158330355,306.86788667782,7.71286528559002));
#9360=CARTESIAN_POINT('',(453.042021805545,306.589190068448,6.72706189496265));
#9361=CARTESIAN_POINT('Origin',(93.1503181692538,288.277950625119,-10.8770707671111));
#9362=CARTESIAN_POINT('',(-263.135521991847,455.360310726996,156.205289334765));
#9363=CARTESIAN_POINT('',(-263.135521991847,378.992778358848,79.8377569666179));
#9364=CARTESIAN_POINT('',(-256.349681860093,455.360310726996,156.205289334765));
#9365=CARTESIAN_POINT('Origin',(-256.349681860093,457.481631070555,154.083968991205));
#9366=CARTESIAN_POINT('',(-249.563841728339,455.360310726996,156.205289334765));
#9367=CARTESIAN_POINT('',(-263.135521991847,457.014940594972,154.550659466788));
#9368=CARTESIAN_POINT('Origin',(-256.349681860093,456.548250119389,155.017349942372));
#9369=CARTESIAN_POINT('',(-256.349681860094,456.420970898775,155.144629162985));
#9370=CARTESIAN_POINT('',(-263.135521991847,457.481631070555,154.083968991205));
#9371=CARTESIAN_POINT('Origin',(93.1503181692537,290.399270968678,-12.9983911106707));
#9372=CARTESIAN_POINT('Origin',(93.1503181692538,288.277950625119,-10.8770707671111));
#9373=CARTESIAN_POINT('Origin',(93.1503181692538,288.277950625119,-10.8770707671111));
#9374=CARTESIAN_POINT('',(449.436158330355,378.992778358848,79.8377569666179));
#9375=CARTESIAN_POINT('',(449.436158330355,455.360310726996,156.205289334765));
#9376=CARTESIAN_POINT('',(442.650318198601,302.625245990701,3.47022459847091));
#9377=CARTESIAN_POINT('Origin',(442.650318198601,456.548250119389,155.017349942371));
#9378=CARTESIAN_POINT('',(449.436158330355,457.481631070555,154.083968991205));
#9379=CARTESIAN_POINT('',(442.650318198601,456.420970898775,155.144629162985));
#9380=CARTESIAN_POINT('Origin',(442.650318198601,303.813185383094,2.28228520607745));
#9381=CARTESIAN_POINT('',(449.436158330355,304.74656633426,1.34890425491118));
#9382=CARTESIAN_POINT('Origin',(458.436158330355,304.74656633426,1.34890425491141));
#9383=CARTESIAN_POINT('',(458.436158330355,455.360310726996,156.205289334765));
#9384=CARTESIAN_POINT('Origin',(93.1503181692537,290.399270968678,-12.9983911106707));
#9385=CARTESIAN_POINT('Origin',(93.1503181692538,288.277950625119,-10.8770707671111));
#9386=CARTESIAN_POINT('Origin',(-254.849681860094,301.918139209514,-1.47952286983488));
#9387=CARTESIAN_POINT('Origin',(-262.349681860093,455.360310726996,156.205289334765));
#9388=CARTESIAN_POINT('Origin',(437.150318169253,377.932118187143,78.0699900137261));
#9389=CARTESIAN_POINT('',(435.885818169253,377.932118187143,78.0699900137261));
#9390=CARTESIAN_POINT('Origin',(344.650318169253,302.978799381453,3.11667120803649));
#9391=CARTESIAN_POINT('',(343.385818169253,302.978799381453,3.11667120803649));
#9392=CARTESIAN_POINT('Origin',(113.650318169253,302.978799381453,3.11667120803654));
#9393=CARTESIAN_POINT('',(112.385818169253,302.978799381453,3.11667120803654));
#9394=CARTESIAN_POINT('Origin',(-250.849681830747,302.978799381453,3.11667120803656));
#9395=CARTESIAN_POINT('',(-252.114181830747,302.978799381453,3.11667120803656));
#9396=CARTESIAN_POINT('Origin',(-95.3496818307216,377.932118187119,78.0699900137019));
#9397=CARTESIAN_POINT('',(-96.6141818307216,377.932118187119,78.0699900137019));
#9398=CARTESIAN_POINT('Origin',(-10.3496818787627,377.932118187068,78.0699900136514));
#9399=CARTESIAN_POINT('',(-11.6141818787627,377.932118187068,78.0699900136514));
#9400=CARTESIAN_POINT('Origin',(206.650318169253,452.885436992841,153.023308819424));
#9401=CARTESIAN_POINT('',(205.385818169253,452.885436992841,153.023308819424));
#9402=CARTESIAN_POINT('Origin',(-250.849681830747,452.885436992844,153.023308819427));
#9403=CARTESIAN_POINT('',(-252.114181830747,452.885436992844,153.023308819427));
#9404=CARTESIAN_POINT('Origin',(-10.3496818787618,452.885436992842,153.023308819425));
#9405=CARTESIAN_POINT('',(-11.6141818787618,452.885436992842,153.023308819425));
#9406=CARTESIAN_POINT('Origin',(206.650318139905,377.932118187067,78.0699900136503));
#9407=CARTESIAN_POINT('',(205.385818139905,377.932118187067,78.0699900136503));
#9408=CARTESIAN_POINT('Origin',(113.650318169278,377.932118187083,78.0699900136662));
#9409=CARTESIAN_POINT('',(112.385818169278,377.932118187083,78.0699900136662));
#9410=CARTESIAN_POINT('Origin',(-250.849681830747,377.932118187145,78.0699900137286));
#9411=CARTESIAN_POINT('',(-252.114181830747,377.932118187145,78.0699900137286));
#9412=CARTESIAN_POINT('Origin',(-95.3496818307472,302.978799381453,3.11667120803654));
#9413=CARTESIAN_POINT('',(-96.6141818307472,302.978799381453,3.11667120803654));
#9414=CARTESIAN_POINT('Origin',(344.650318169204,377.932118187112,78.0699900136957));
#9415=CARTESIAN_POINT('',(343.385818169204,377.932118187112,78.0699900136957));
#9416=CARTESIAN_POINT('Origin',(437.150318169253,302.978799381453,3.11667120803654));
#9417=CARTESIAN_POINT('',(435.885818169253,302.978799381453,3.11667120803654));
#9418=CARTESIAN_POINT('Origin',(437.150318169253,452.88543699284,153.023308819423));
#9419=CARTESIAN_POINT('',(435.885818169253,452.88543699284,153.023308819423));
#9420=CARTESIAN_POINT('Origin',(-1.84968174405832,448.28924287886,145.598687580696));
#9421=CARTESIAN_POINT('',(-3.11418174405832,448.28924287886,145.598687580696));
#9422=CARTESIAN_POINT('Origin',(198.150318303957,448.289242878859,145.598687580696));
#9423=CARTESIAN_POINT('',(196.885818303957,448.289242878859,145.598687580696));
#9424=CARTESIAN_POINT('Origin',(215.1503181986,385.356739389528,82.6661840913646));
#9425=CARTESIAN_POINT('',(213.8858181986,385.356739389528,82.6661840913646));
#9426=CARTESIAN_POINT('Origin',(437.1503181986,385.356739389528,82.6661840913646));
#9427=CARTESIAN_POINT('',(435.8858181986,385.356739389528,82.6661840913646));
#9428=CARTESIAN_POINT('Origin',(336.150318198601,310.403420583753,7.71286528559017));
#9429=CARTESIAN_POINT('',(334.885818198601,310.403420583753,7.71286528559017));
#9430=CARTESIAN_POINT('Origin',(353.150318198598,373.335924109358,70.6453688111947));
#9431=CARTESIAN_POINT('',(351.885818198598,373.335924109358,70.6453688111947));
#9432=CARTESIAN_POINT('Origin',(437.1503181986,310.403420583753,7.71286528559022));
#9433=CARTESIAN_POINT('',(435.8858181986,310.403420583753,7.71286528559022));
#9434=CARTESIAN_POINT('Origin',(122.1503181986,310.403420583753,7.71286528559017));
#9435=CARTESIAN_POINT('',(120.8858181986,310.403420583753,7.71286528559017));
#9436=CARTESIAN_POINT('Origin',(-1.84968174405838,385.356739425798,82.6661841276349));
#9437=CARTESIAN_POINT('',(-3.11418174405838,385.356739425798,82.6661841276349));
#9438=CARTESIAN_POINT('Origin',(-18.8496818494151,385.356739389527,82.6661840913642));
#9439=CARTESIAN_POINT('',(-20.1141818494151,385.356739389527,82.6661840913642));
#9440=CARTESIAN_POINT('Origin',(-86.8496818013996,373.335924109358,70.6453688111947));
#9441=CARTESIAN_POINT('',(-88.1141818013996,373.335924109358,70.6453688111947));
#9442=CARTESIAN_POINT('Origin',(-103.8496818014,310.403420583753,7.71286528559027));
#9443=CARTESIAN_POINT('',(-105.1141818014,310.403420583753,7.71286528559027));
#9444=CARTESIAN_POINT('Origin',(-250.849681860094,373.335924109355,70.6453688111925));
#9445=CARTESIAN_POINT('',(-252.114181860094,373.335924109355,70.6453688111925));
#9446=CARTESIAN_POINT('Origin',(-240.849681849415,448.28924291513,145.598687616967));
#9447=CARTESIAN_POINT('',(-242.114181849415,448.28924291513,145.598687616967));
#9448=CARTESIAN_POINT('Origin',(-240.849681849415,385.356739389527,82.6661840913643));
#9449=CARTESIAN_POINT('',(-242.114181849415,385.356739389527,82.6661840913643));
#9450=CARTESIAN_POINT('Origin',(-250.849681860094,310.403420583753,7.71286528559024));
#9451=CARTESIAN_POINT('',(-252.114181860094,310.403420583753,7.71286528559024));
#9452=CARTESIAN_POINT('Origin',(-103.8496818014,373.335924109358,70.6453688111947));
#9453=CARTESIAN_POINT('',(-105.1141818014,373.335924109358,70.6453688111947));
#9454=CARTESIAN_POINT('Origin',(-86.8496818013996,310.403420583753,7.71286528559022));
#9455=CARTESIAN_POINT('',(-88.1141818013996,310.403420583753,7.71286528559022));
#9456=CARTESIAN_POINT('Origin',(105.1503181986,373.335924109363,70.6453688111996));
#9457=CARTESIAN_POINT('',(103.8858181986,373.335924109363,70.6453688111996));
#9458=CARTESIAN_POINT('Origin',(122.1503181986,373.335924109358,70.6453688111947));
#9459=CARTESIAN_POINT('',(120.8858181986,373.335924109358,70.6453688111947));
#9460=CARTESIAN_POINT('Origin',(105.1503181986,310.403420583748,7.71286528558529));
#9461=CARTESIAN_POINT('',(103.8858181986,310.403420583748,7.71286528558529));
#9462=CARTESIAN_POINT('Origin',(437.1503181986,373.335924109358,70.6453688111947));
#9463=CARTESIAN_POINT('',(435.8858181986,373.335924109358,70.6453688111947));
#9464=CARTESIAN_POINT('Origin',(336.150318198601,373.335924109358,70.6453688111947));
#9465=CARTESIAN_POINT('',(334.885818198601,373.335924109358,70.6453688111947));
#9466=CARTESIAN_POINT('Origin',(353.150318198598,310.403420583753,7.71286528559022));
#9467=CARTESIAN_POINT('',(351.885818198598,310.403420583753,7.71286528559022));
#9468=CARTESIAN_POINT('Origin',(437.150318198601,448.289242915129,145.598687616966));
#9469=CARTESIAN_POINT('',(435.885818198601,448.289242915129,145.598687616966));
#9470=CARTESIAN_POINT('Origin',(198.150318303957,385.356739425798,82.6661841276349));
#9471=CARTESIAN_POINT('',(196.885818303957,385.356739425798,82.6661841276349));
#9472=CARTESIAN_POINT('Origin',(215.1503181986,448.28924291513,145.598687616966));
#9473=CARTESIAN_POINT('',(213.8858181986,448.28924291513,145.598687616966));
#9474=CARTESIAN_POINT('Origin',(-18.8496818494151,448.28924291513,145.598687616967));
#9475=CARTESIAN_POINT('',(-20.1141818494151,448.28924291513,145.598687616967));
#9476=CARTESIAN_POINT('Origin',(438.1503181986,382.881865655374,83.7268442631443));
#9477=CARTESIAN_POINT('Origin',(214.1503181986,382.881865655374,83.7268442631443));
#9478=CARTESIAN_POINT('Origin',(214.1503181986,447.22858274335,148.07356135112));
#9479=CARTESIAN_POINT('Origin',(199.150318303957,382.881865655374,83.7268442631443));
#9480=CARTESIAN_POINT('Origin',(-2.84968174405837,382.881865655375,83.7268442631444));
#9481=CARTESIAN_POINT('Origin',(-2.84968174405838,447.22858274335,148.07356135112));
#9482=CARTESIAN_POINT('Origin',(-241.849681849415,382.881865655375,83.7268442631444));
#9483=CARTESIAN_POINT('Origin',(-17.8496818494151,447.22858274335,148.07356135112));
#9484=CARTESIAN_POINT('Origin',(-241.849681849415,447.22858274335,148.07356135112));
#9485=CARTESIAN_POINT('Origin',(-251.849681860093,372.275263937575,73.120242545345));
#9486=CARTESIAN_POINT('Origin',(-102.8496818014,372.275263937578,73.1202425453476));
#9487=CARTESIAN_POINT('Origin',(106.1503181986,372.275263937578,73.1202425453476));
#9488=CARTESIAN_POINT('Origin',(-102.8496818014,307.9285468496,8.77352545737006));
#9489=CARTESIAN_POINT('Origin',(-87.8496818013996,307.9285468496,8.77352545737006));
#9490=CARTESIAN_POINT('Origin',(438.1503181986,307.9285468496,8.77352545737006));
#9491=CARTESIAN_POINT('Origin',(352.150318198598,307.9285468496,8.77352545737006));
#9492=CARTESIAN_POINT('Origin',(352.150318198598,372.275263937577,73.1202425453471));
#9493=CARTESIAN_POINT('Origin',(121.1503181986,307.9285468496,8.77352545737009));
#9494=CARTESIAN_POINT('Origin',(121.1503181986,372.275263937578,73.1202425453476));
#9495=CARTESIAN_POINT('Origin',(106.1503181986,307.9285468496,8.77352545737006));
#9496=CARTESIAN_POINT('Origin',(-251.849681860093,307.9285468496,8.77352545737009));
#9497=CARTESIAN_POINT('Origin',(-17.8496818494151,382.881865655375,83.7268442631444));
#9498=CARTESIAN_POINT('Origin',(-87.8496818013997,372.275263937578,73.1202425453476));
#9499=CARTESIAN_POINT('Origin',(438.1503181986,447.22858274335,148.073561351119));
#9500=CARTESIAN_POINT('Origin',(333.286357167919,372.275263937578,73.1202425453476));
#9501=CARTESIAN_POINT('Origin',(337.1503181986,307.9285468496,8.77352545737006));
#9502=UNCERTAINTY_MEASURE_WITH_UNIT(LENGTH_MEASURE(0.01),#9506,
'DISTANCE_ACCURACY_VALUE',
'Maximum model space distance between geometric entities at asserted c
onnectivities');
#9503=UNCERTAINTY_MEASURE_WITH_UNIT(LENGTH_MEASURE(0.01),#9506,
'DISTANCE_ACCURACY_VALUE',
'Maximum model space distance between geometric entities at asserted c
onnectivities');
#9504=(
GEOMETRIC_REPRESENTATION_CONTEXT(3)
GLOBAL_UNCERTAINTY_ASSIGNED_CONTEXT((#9502))
GLOBAL_UNIT_ASSIGNED_CONTEXT((#9506,#9508,#9509))
REPRESENTATION_CONTEXT('','3D')
);
#9505=(
GEOMETRIC_REPRESENTATION_CONTEXT(3)
GLOBAL_UNCERTAINTY_ASSIGNED_CONTEXT((#9503))
GLOBAL_UNIT_ASSIGNED_CONTEXT((#9506,#9508,#9509))
REPRESENTATION_CONTEXT('','3D')
);
#9506=(
LENGTH_UNIT()
NAMED_UNIT(*)
SI_UNIT(.MILLI.,.METRE.)
);
#9507=(
LENGTH_UNIT()
NAMED_UNIT(*)
SI_UNIT($,.METRE.)
);
#9508=(
NAMED_UNIT(*)
PLANE_ANGLE_UNIT()
SI_UNIT($,.RADIAN.)
);
#9509=(
NAMED_UNIT(*)
SI_UNIT($,.STERADIAN.)
SOLID_ANGLE_UNIT()
);
#9510=SHAPE_DEFINITION_REPRESENTATION(#9511,#9512);
#9511=PRODUCT_DEFINITION_SHAPE('',$,#9514);
#9512=SHAPE_REPRESENTATION('',(#5648),#9504);
#9513=PRODUCT_DEFINITION_CONTEXT('part definition',#9518,'design');
#9514=PRODUCT_DEFINITION('Mounting Plate','Mounting Plate',#9515,#9513);
#9515=PRODUCT_DEFINITION_FORMATION('',$,#9520);
#9516=PRODUCT_RELATED_PRODUCT_CATEGORY('Mounting Plate',
'Mounting Plate',(#9520));
#9517=APPLICATION_PROTOCOL_DEFINITION('international standard',
'automotive_design',2009,#9518);
#9518=APPLICATION_CONTEXT(
'Core Data for Automotive Mechanical Design Process');
#9519=PRODUCT_CONTEXT('part definition',#9518,'mechanical');
#9520=PRODUCT('Mounting Plate','Mounting Plate',$,(#9519));
#9521=PRESENTATION_STYLE_ASSIGNMENT((#9524));
#9522=PRESENTATION_STYLE_ASSIGNMENT((#9525));
#9523=PRESENTATION_STYLE_ASSIGNMENT((#9526));
#9524=SURFACE_STYLE_USAGE(.BOTH.,#9527);
#9525=SURFACE_STYLE_USAGE(.BOTH.,#9528);
#9526=SURFACE_STYLE_USAGE(.BOTH.,#9529);
#9527=SURFACE_SIDE_STYLE('',(#9530));
#9528=SURFACE_SIDE_STYLE('',(#9531));
#9529=SURFACE_SIDE_STYLE('',(#9532));
#9530=SURFACE_STYLE_FILL_AREA(#9533);
#9531=SURFACE_STYLE_FILL_AREA(#9534);
#9532=SURFACE_STYLE_FILL_AREA(#9535);
#9533=FILL_AREA_STYLE('Steel - Satin',(#9536));
#9534=FILL_AREA_STYLE('Aluminum - Satin',(#9537));
#9535=FILL_AREA_STYLE('Plastic - Matte (Black) (1)',(#9538));
#9536=FILL_AREA_STYLE_COLOUR('Steel - Satin',#9539);
#9537=FILL_AREA_STYLE_COLOUR('Aluminum - Satin',#9540);
#9538=FILL_AREA_STYLE_COLOUR('Plastic - Matte (Black) (1)',#9541);
#9539=COLOUR_RGB('Steel - Satin',0.627450980392157,0.627450980392157,0.627450980392157);
#9540=COLOUR_RGB('Aluminum - Satin',0.96078431372549,0.96078431372549,0.964705882352941);
#9541=COLOUR_RGB('Plastic - Matte (Black) (1)',0.47843137254902,0.474509803921569,
0.474509803921569);
ENDSEC;
END-ISO-10303-21;
