ISO-10303-21;
HEADER;
/* Generated by software containing ST-Developer
 * from STEP Tools, Inc. (www.steptools.com) 
 */

FILE_DESCRIPTION(
/* description */ (''),
/* implementation_level */ '2;1');

FILE_NAME(
/* name */ 
'C:/Users/anton/Documents/Kerbal Space Program/Kerbal_Control_Panel/KC
P2/CAD/ForManufacture/casing/Panel_MountingPlate_v96_Folded.step',
/* time_stamp */ '2020-11-16T22:05:40-08:00',
/* author */ (''),
/* organization */ (''),
/* preprocessor_version */ 'ST-DEVELOPER v18.1',
/* originating_system */ 'Autodesk Translation Framework v9.3.0.1241',
/* authorisation */ '');

FILE_SCHEMA (('AUTOMOTIVE_DESIGN { 1 0 10303 214 3 1 1 }'));
ENDSEC;

DATA;
#10=MECHANICAL_DESIGN_GEOMETRIC_PRESENTATION_REPRESENTATION('',(#14,#15),
#9227);
#11=SHAPE_REPRESENTATION_RELATIONSHIP('SRR','None',#9234,#12);
#12=ADVANCED_BREP_SHAPE_REPRESENTATION('',(#13),#9226);
#13=MANIFOLD_SOLID_BREP('Body1',#5415);
#14=STYLED_ITEM('',(#9245),#5244);
#15=STYLED_ITEM('',(#9244),#13);
#16=FACE_BOUND('',#561,.T.);
#17=FACE_BOUND('',#562,.T.);
#18=FACE_BOUND('',#563,.T.);
#19=FACE_BOUND('',#568,.T.);
#20=FACE_BOUND('',#569,.T.);
#21=FACE_BOUND('',#570,.T.);
#22=FACE_BOUND('',#571,.T.);
#23=FACE_BOUND('',#572,.T.);
#24=FACE_BOUND('',#577,.T.);
#25=FACE_BOUND('',#578,.T.);
#26=FACE_BOUND('',#579,.T.);
#27=FACE_BOUND('',#640,.T.);
#28=FACE_BOUND('',#641,.T.);
#29=FACE_BOUND('',#642,.T.);
#30=FACE_BOUND('',#643,.T.);
#31=FACE_BOUND('',#644,.T.);
#32=FACE_BOUND('',#645,.T.);
#33=FACE_BOUND('',#646,.T.);
#34=FACE_BOUND('',#647,.T.);
#35=FACE_BOUND('',#648,.T.);
#36=FACE_BOUND('',#649,.T.);
#37=FACE_BOUND('',#650,.T.);
#38=FACE_BOUND('',#651,.T.);
#39=FACE_BOUND('',#652,.T.);
#40=FACE_BOUND('',#653,.T.);
#41=FACE_BOUND('',#654,.T.);
#42=FACE_BOUND('',#655,.T.);
#43=FACE_BOUND('',#656,.T.);
#44=FACE_BOUND('',#657,.T.);
#45=FACE_BOUND('',#658,.T.);
#46=FACE_BOUND('',#659,.T.);
#47=FACE_BOUND('',#660,.T.);
#48=FACE_BOUND('',#661,.T.);
#49=FACE_BOUND('',#662,.T.);
#50=FACE_BOUND('',#663,.T.);
#51=FACE_BOUND('',#664,.T.);
#52=FACE_BOUND('',#665,.T.);
#53=FACE_BOUND('',#666,.T.);
#54=FACE_BOUND('',#667,.T.);
#55=FACE_BOUND('',#668,.T.);
#56=FACE_BOUND('',#669,.T.);
#57=FACE_BOUND('',#670,.T.);
#58=FACE_BOUND('',#671,.T.);
#59=FACE_BOUND('',#672,.T.);
#60=FACE_BOUND('',#673,.T.);
#61=FACE_BOUND('',#674,.T.);
#62=FACE_BOUND('',#675,.T.);
#63=FACE_BOUND('',#676,.T.);
#64=FACE_BOUND('',#677,.T.);
#65=FACE_BOUND('',#678,.T.);
#66=FACE_BOUND('',#679,.T.);
#67=FACE_BOUND('',#680,.T.);
#68=FACE_BOUND('',#681,.T.);
#69=FACE_BOUND('',#682,.T.);
#70=FACE_BOUND('',#683,.T.);
#71=FACE_BOUND('',#684,.T.);
#72=FACE_BOUND('',#685,.T.);
#73=FACE_BOUND('',#686,.T.);
#74=FACE_BOUND('',#687,.T.);
#75=FACE_BOUND('',#688,.T.);
#76=FACE_BOUND('',#689,.T.);
#77=FACE_BOUND('',#690,.T.);
#78=FACE_BOUND('',#748,.T.);
#79=FACE_BOUND('',#749,.T.);
#80=FACE_BOUND('',#750,.T.);
#81=FACE_BOUND('',#751,.T.);
#82=FACE_BOUND('',#752,.T.);
#83=FACE_BOUND('',#753,.T.);
#84=FACE_BOUND('',#754,.T.);
#85=FACE_BOUND('',#755,.T.);
#86=FACE_BOUND('',#756,.T.);
#87=FACE_BOUND('',#757,.T.);
#88=FACE_BOUND('',#758,.T.);
#89=FACE_BOUND('',#759,.T.);
#90=FACE_BOUND('',#760,.T.);
#91=FACE_BOUND('',#761,.T.);
#92=FACE_BOUND('',#762,.T.);
#93=FACE_BOUND('',#763,.T.);
#94=FACE_BOUND('',#764,.T.);
#95=FACE_BOUND('',#765,.T.);
#96=FACE_BOUND('',#766,.T.);
#97=FACE_BOUND('',#767,.T.);
#98=FACE_BOUND('',#768,.T.);
#99=FACE_BOUND('',#769,.T.);
#100=FACE_BOUND('',#770,.T.);
#101=FACE_BOUND('',#771,.T.);
#102=FACE_BOUND('',#772,.T.);
#103=FACE_BOUND('',#773,.T.);
#104=FACE_BOUND('',#774,.T.);
#105=FACE_BOUND('',#775,.T.);
#106=FACE_BOUND('',#776,.T.);
#107=FACE_BOUND('',#777,.T.);
#108=FACE_BOUND('',#778,.T.);
#109=FACE_BOUND('',#779,.T.);
#110=FACE_BOUND('',#780,.T.);
#111=FACE_BOUND('',#781,.T.);
#112=FACE_BOUND('',#782,.T.);
#113=FACE_BOUND('',#783,.T.);
#114=FACE_BOUND('',#784,.T.);
#115=FACE_BOUND('',#785,.T.);
#116=FACE_BOUND('',#786,.T.);
#117=FACE_BOUND('',#787,.T.);
#118=FACE_BOUND('',#788,.T.);
#119=FACE_BOUND('',#789,.T.);
#120=FACE_BOUND('',#790,.T.);
#121=FACE_BOUND('',#791,.T.);
#122=FACE_BOUND('',#792,.T.);
#123=FACE_BOUND('',#793,.T.);
#124=FACE_BOUND('',#794,.T.);
#125=FACE_BOUND('',#795,.T.);
#126=FACE_BOUND('',#796,.T.);
#127=FACE_BOUND('',#797,.T.);
#128=FACE_BOUND('',#798,.T.);
#129=FACE_BOUND('',#817,.T.);
#130=FACE_BOUND('',#818,.T.);
#131=FACE_BOUND('',#819,.T.);
#132=FACE_BOUND('',#820,.T.);
#133=FACE_BOUND('',#821,.T.);
#134=FACE_BOUND('',#839,.T.);
#135=FACE_BOUND('',#840,.T.);
#136=FACE_BOUND('',#841,.T.);
#137=FACE_BOUND('',#848,.T.);
#138=FACE_BOUND('',#849,.T.);
#139=FACE_BOUND('',#850,.T.);
#140=PLANE('',#5432);
#141=PLANE('',#5436);
#142=PLANE('',#5442);
#143=PLANE('',#5446);
#144=PLANE('',#5454);
#145=PLANE('',#5461);
#146=PLANE('',#5465);
#147=PLANE('',#5472);
#148=PLANE('',#5480);
#149=PLANE('',#5488);
#150=PLANE('',#5492);
#151=PLANE('',#5499);
#152=PLANE('',#5503);
#153=PLANE('',#5510);
#154=PLANE('',#5518);
#155=PLANE('',#5519);
#156=PLANE('',#5526);
#157=PLANE('',#5530);
#158=PLANE('',#5537);
#159=PLANE('',#5541);
#160=PLANE('',#5542);
#161=PLANE('',#5549);
#162=PLANE('',#5555);
#163=PLANE('',#5562);
#164=PLANE('',#5569);
#165=PLANE('',#5576);
#166=PLANE('',#5583);
#167=PLANE('',#5587);
#168=PLANE('',#5591);
#169=PLANE('',#5598);
#170=PLANE('',#5605);
#171=PLANE('',#5612);
#172=PLANE('',#5619);
#173=PLANE('',#5626);
#174=PLANE('',#5633);
#175=PLANE('',#5640);
#176=PLANE('',#5647);
#177=PLANE('',#5654);
#178=PLANE('',#5661);
#179=PLANE('',#5665);
#180=PLANE('',#5669);
#181=PLANE('',#5673);
#182=PLANE('',#5680);
#183=PLANE('',#5746);
#184=PLANE('',#5751);
#185=PLANE('',#5756);
#186=PLANE('',#5761);
#187=PLANE('',#5764);
#188=PLANE('',#5771);
#189=PLANE('',#5776);
#190=PLANE('',#5781);
#191=PLANE('',#5786);
#192=PLANE('',#5791);
#193=PLANE('',#5796);
#194=PLANE('',#5799);
#195=PLANE('',#5804);
#196=PLANE('',#5809);
#197=PLANE('',#5822);
#198=PLANE('',#5823);
#199=PLANE('',#5824);
#200=PLANE('',#5825);
#201=PLANE('',#5826);
#202=PLANE('',#5827);
#203=PLANE('',#5831);
#204=PLANE('',#5832);
#205=PLANE('',#5833);
#206=PLANE('',#5834);
#207=PLANE('',#5835);
#208=PLANE('',#5843);
#209=PLANE('',#5908);
#210=PLANE('',#5909);
#211=PLANE('',#5910);
#212=PLANE('',#5911);
#213=PLANE('',#5912);
#214=PLANE('',#5915);
#215=PLANE('',#5916);
#216=PLANE('',#5918);
#217=PLANE('',#5919);
#218=PLANE('',#5935);
#219=PLANE('',#5936);
#220=PLANE('',#5939);
#221=PLANE('',#5943);
#222=PLANE('',#5945);
#223=PLANE('',#5947);
#224=PLANE('',#5949);
#225=PLANE('',#5950);
#226=PLANE('',#5951);
#227=PLANE('',#5996);
#228=PLANE('',#5997);
#229=PLANE('',#5998);
#230=PLANE('',#5999);
#231=PLANE('',#6000);
#232=PLANE('',#6001);
#233=PLANE('',#6002);
#234=PLANE('',#6003);
#235=PLANE('',#6004);
#236=PLANE('',#6005);
#237=PLANE('',#6006);
#238=PLANE('',#6007);
#239=PLANE('',#6008);
#240=PLANE('',#6009);
#241=PLANE('',#6010);
#242=PLANE('',#6011);
#243=PLANE('',#6012);
#244=PLANE('',#6013);
#245=PLANE('',#6014);
#246=PLANE('',#6015);
#247=PLANE('',#6016);
#248=PLANE('',#6017);
#249=PLANE('',#6018);
#250=PLANE('',#6019);
#251=PLANE('',#6020);
#252=PLANE('',#6021);
#253=FACE_OUTER_BOUND('',#526,.T.);
#254=FACE_OUTER_BOUND('',#527,.T.);
#255=FACE_OUTER_BOUND('',#528,.T.);
#256=FACE_OUTER_BOUND('',#529,.T.);
#257=FACE_OUTER_BOUND('',#530,.T.);
#258=FACE_OUTER_BOUND('',#531,.T.);
#259=FACE_OUTER_BOUND('',#532,.T.);
#260=FACE_OUTER_BOUND('',#533,.T.);
#261=FACE_OUTER_BOUND('',#534,.T.);
#262=FACE_OUTER_BOUND('',#535,.T.);
#263=FACE_OUTER_BOUND('',#536,.T.);
#264=FACE_OUTER_BOUND('',#537,.T.);
#265=FACE_OUTER_BOUND('',#538,.T.);
#266=FACE_OUTER_BOUND('',#539,.T.);
#267=FACE_OUTER_BOUND('',#540,.T.);
#268=FACE_OUTER_BOUND('',#541,.T.);
#269=FACE_OUTER_BOUND('',#542,.T.);
#270=FACE_OUTER_BOUND('',#543,.T.);
#271=FACE_OUTER_BOUND('',#544,.T.);
#272=FACE_OUTER_BOUND('',#545,.T.);
#273=FACE_OUTER_BOUND('',#546,.T.);
#274=FACE_OUTER_BOUND('',#547,.T.);
#275=FACE_OUTER_BOUND('',#548,.T.);
#276=FACE_OUTER_BOUND('',#549,.T.);
#277=FACE_OUTER_BOUND('',#550,.T.);
#278=FACE_OUTER_BOUND('',#551,.T.);
#279=FACE_OUTER_BOUND('',#552,.T.);
#280=FACE_OUTER_BOUND('',#553,.T.);
#281=FACE_OUTER_BOUND('',#554,.T.);
#282=FACE_OUTER_BOUND('',#555,.T.);
#283=FACE_OUTER_BOUND('',#556,.T.);
#284=FACE_OUTER_BOUND('',#557,.T.);
#285=FACE_OUTER_BOUND('',#558,.T.);
#286=FACE_OUTER_BOUND('',#559,.T.);
#287=FACE_OUTER_BOUND('',#560,.T.);
#288=FACE_OUTER_BOUND('',#564,.T.);
#289=FACE_OUTER_BOUND('',#565,.T.);
#290=FACE_OUTER_BOUND('',#566,.T.);
#291=FACE_OUTER_BOUND('',#567,.T.);
#292=FACE_OUTER_BOUND('',#573,.T.);
#293=FACE_OUTER_BOUND('',#574,.T.);
#294=FACE_OUTER_BOUND('',#575,.T.);
#295=FACE_OUTER_BOUND('',#576,.T.);
#296=FACE_OUTER_BOUND('',#580,.T.);
#297=FACE_OUTER_BOUND('',#581,.T.);
#298=FACE_OUTER_BOUND('',#582,.T.);
#299=FACE_OUTER_BOUND('',#583,.T.);
#300=FACE_OUTER_BOUND('',#584,.T.);
#301=FACE_OUTER_BOUND('',#585,.T.);
#302=FACE_OUTER_BOUND('',#586,.T.);
#303=FACE_OUTER_BOUND('',#587,.T.);
#304=FACE_OUTER_BOUND('',#588,.T.);
#305=FACE_OUTER_BOUND('',#589,.T.);
#306=FACE_OUTER_BOUND('',#590,.T.);
#307=FACE_OUTER_BOUND('',#591,.T.);
#308=FACE_OUTER_BOUND('',#592,.T.);
#309=FACE_OUTER_BOUND('',#593,.T.);
#310=FACE_OUTER_BOUND('',#594,.T.);
#311=FACE_OUTER_BOUND('',#595,.T.);
#312=FACE_OUTER_BOUND('',#596,.T.);
#313=FACE_OUTER_BOUND('',#597,.T.);
#314=FACE_OUTER_BOUND('',#598,.T.);
#315=FACE_OUTER_BOUND('',#599,.T.);
#316=FACE_OUTER_BOUND('',#600,.T.);
#317=FACE_OUTER_BOUND('',#601,.T.);
#318=FACE_OUTER_BOUND('',#602,.T.);
#319=FACE_OUTER_BOUND('',#603,.T.);
#320=FACE_OUTER_BOUND('',#604,.T.);
#321=FACE_OUTER_BOUND('',#605,.T.);
#322=FACE_OUTER_BOUND('',#606,.T.);
#323=FACE_OUTER_BOUND('',#607,.T.);
#324=FACE_OUTER_BOUND('',#608,.T.);
#325=FACE_OUTER_BOUND('',#609,.T.);
#326=FACE_OUTER_BOUND('',#610,.T.);
#327=FACE_OUTER_BOUND('',#611,.T.);
#328=FACE_OUTER_BOUND('',#612,.T.);
#329=FACE_OUTER_BOUND('',#613,.T.);
#330=FACE_OUTER_BOUND('',#614,.T.);
#331=FACE_OUTER_BOUND('',#615,.T.);
#332=FACE_OUTER_BOUND('',#616,.T.);
#333=FACE_OUTER_BOUND('',#617,.T.);
#334=FACE_OUTER_BOUND('',#618,.T.);
#335=FACE_OUTER_BOUND('',#619,.T.);
#336=FACE_OUTER_BOUND('',#620,.T.);
#337=FACE_OUTER_BOUND('',#621,.T.);
#338=FACE_OUTER_BOUND('',#622,.T.);
#339=FACE_OUTER_BOUND('',#623,.T.);
#340=FACE_OUTER_BOUND('',#624,.T.);
#341=FACE_OUTER_BOUND('',#625,.T.);
#342=FACE_OUTER_BOUND('',#626,.T.);
#343=FACE_OUTER_BOUND('',#627,.T.);
#344=FACE_OUTER_BOUND('',#628,.T.);
#345=FACE_OUTER_BOUND('',#629,.T.);
#346=FACE_OUTER_BOUND('',#630,.T.);
#347=FACE_OUTER_BOUND('',#631,.T.);
#348=FACE_OUTER_BOUND('',#632,.T.);
#349=FACE_OUTER_BOUND('',#633,.T.);
#350=FACE_OUTER_BOUND('',#634,.T.);
#351=FACE_OUTER_BOUND('',#635,.T.);
#352=FACE_OUTER_BOUND('',#636,.T.);
#353=FACE_OUTER_BOUND('',#637,.T.);
#354=FACE_OUTER_BOUND('',#638,.T.);
#355=FACE_OUTER_BOUND('',#639,.T.);
#356=FACE_OUTER_BOUND('',#691,.T.);
#357=FACE_OUTER_BOUND('',#692,.T.);
#358=FACE_OUTER_BOUND('',#693,.T.);
#359=FACE_OUTER_BOUND('',#694,.T.);
#360=FACE_OUTER_BOUND('',#695,.T.);
#361=FACE_OUTER_BOUND('',#696,.T.);
#362=FACE_OUTER_BOUND('',#697,.T.);
#363=FACE_OUTER_BOUND('',#698,.T.);
#364=FACE_OUTER_BOUND('',#699,.T.);
#365=FACE_OUTER_BOUND('',#700,.T.);
#366=FACE_OUTER_BOUND('',#701,.T.);
#367=FACE_OUTER_BOUND('',#702,.T.);
#368=FACE_OUTER_BOUND('',#703,.T.);
#369=FACE_OUTER_BOUND('',#704,.T.);
#370=FACE_OUTER_BOUND('',#705,.T.);
#371=FACE_OUTER_BOUND('',#706,.T.);
#372=FACE_OUTER_BOUND('',#707,.T.);
#373=FACE_OUTER_BOUND('',#708,.T.);
#374=FACE_OUTER_BOUND('',#709,.T.);
#375=FACE_OUTER_BOUND('',#710,.T.);
#376=FACE_OUTER_BOUND('',#711,.T.);
#377=FACE_OUTER_BOUND('',#712,.T.);
#378=FACE_OUTER_BOUND('',#713,.T.);
#379=FACE_OUTER_BOUND('',#714,.T.);
#380=FACE_OUTER_BOUND('',#715,.T.);
#381=FACE_OUTER_BOUND('',#716,.T.);
#382=FACE_OUTER_BOUND('',#717,.T.);
#383=FACE_OUTER_BOUND('',#718,.T.);
#384=FACE_OUTER_BOUND('',#719,.T.);
#385=FACE_OUTER_BOUND('',#720,.T.);
#386=FACE_OUTER_BOUND('',#721,.T.);
#387=FACE_OUTER_BOUND('',#722,.T.);
#388=FACE_OUTER_BOUND('',#723,.T.);
#389=FACE_OUTER_BOUND('',#724,.T.);
#390=FACE_OUTER_BOUND('',#725,.T.);
#391=FACE_OUTER_BOUND('',#726,.T.);
#392=FACE_OUTER_BOUND('',#727,.T.);
#393=FACE_OUTER_BOUND('',#728,.T.);
#394=FACE_OUTER_BOUND('',#729,.T.);
#395=FACE_OUTER_BOUND('',#730,.T.);
#396=FACE_OUTER_BOUND('',#731,.T.);
#397=FACE_OUTER_BOUND('',#732,.T.);
#398=FACE_OUTER_BOUND('',#733,.T.);
#399=FACE_OUTER_BOUND('',#734,.T.);
#400=FACE_OUTER_BOUND('',#735,.T.);
#401=FACE_OUTER_BOUND('',#736,.T.);
#402=FACE_OUTER_BOUND('',#737,.T.);
#403=FACE_OUTER_BOUND('',#738,.T.);
#404=FACE_OUTER_BOUND('',#739,.T.);
#405=FACE_OUTER_BOUND('',#740,.T.);
#406=FACE_OUTER_BOUND('',#741,.T.);
#407=FACE_OUTER_BOUND('',#742,.T.);
#408=FACE_OUTER_BOUND('',#743,.T.);
#409=FACE_OUTER_BOUND('',#744,.T.);
#410=FACE_OUTER_BOUND('',#745,.T.);
#411=FACE_OUTER_BOUND('',#746,.T.);
#412=FACE_OUTER_BOUND('',#747,.T.);
#413=FACE_OUTER_BOUND('',#799,.T.);
#414=FACE_OUTER_BOUND('',#800,.T.);
#415=FACE_OUTER_BOUND('',#801,.T.);
#416=FACE_OUTER_BOUND('',#802,.T.);
#417=FACE_OUTER_BOUND('',#803,.T.);
#418=FACE_OUTER_BOUND('',#804,.T.);
#419=FACE_OUTER_BOUND('',#805,.T.);
#420=FACE_OUTER_BOUND('',#806,.T.);
#421=FACE_OUTER_BOUND('',#807,.T.);
#422=FACE_OUTER_BOUND('',#808,.T.);
#423=FACE_OUTER_BOUND('',#809,.T.);
#424=FACE_OUTER_BOUND('',#810,.T.);
#425=FACE_OUTER_BOUND('',#811,.T.);
#426=FACE_OUTER_BOUND('',#812,.T.);
#427=FACE_OUTER_BOUND('',#813,.T.);
#428=FACE_OUTER_BOUND('',#814,.T.);
#429=FACE_OUTER_BOUND('',#815,.T.);
#430=FACE_OUTER_BOUND('',#816,.T.);
#431=FACE_OUTER_BOUND('',#822,.T.);
#432=FACE_OUTER_BOUND('',#823,.T.);
#433=FACE_OUTER_BOUND('',#824,.T.);
#434=FACE_OUTER_BOUND('',#825,.T.);
#435=FACE_OUTER_BOUND('',#826,.T.);
#436=FACE_OUTER_BOUND('',#827,.T.);
#437=FACE_OUTER_BOUND('',#828,.T.);
#438=FACE_OUTER_BOUND('',#829,.T.);
#439=FACE_OUTER_BOUND('',#830,.T.);
#440=FACE_OUTER_BOUND('',#831,.T.);
#441=FACE_OUTER_BOUND('',#832,.T.);
#442=FACE_OUTER_BOUND('',#833,.T.);
#443=FACE_OUTER_BOUND('',#834,.T.);
#444=FACE_OUTER_BOUND('',#835,.T.);
#445=FACE_OUTER_BOUND('',#836,.T.);
#446=FACE_OUTER_BOUND('',#837,.T.);
#447=FACE_OUTER_BOUND('',#838,.T.);
#448=FACE_OUTER_BOUND('',#842,.T.);
#449=FACE_OUTER_BOUND('',#843,.T.);
#450=FACE_OUTER_BOUND('',#844,.T.);
#451=FACE_OUTER_BOUND('',#845,.T.);
#452=FACE_OUTER_BOUND('',#846,.T.);
#453=FACE_OUTER_BOUND('',#847,.T.);
#454=FACE_OUTER_BOUND('',#851,.T.);
#455=FACE_OUTER_BOUND('',#852,.T.);
#456=FACE_OUTER_BOUND('',#853,.T.);
#457=FACE_OUTER_BOUND('',#854,.T.);
#458=FACE_OUTER_BOUND('',#855,.T.);
#459=FACE_OUTER_BOUND('',#856,.T.);
#460=FACE_OUTER_BOUND('',#857,.T.);
#461=FACE_OUTER_BOUND('',#858,.T.);
#462=FACE_OUTER_BOUND('',#859,.T.);
#463=FACE_OUTER_BOUND('',#860,.T.);
#464=FACE_OUTER_BOUND('',#861,.T.);
#465=FACE_OUTER_BOUND('',#862,.T.);
#466=FACE_OUTER_BOUND('',#863,.T.);
#467=FACE_OUTER_BOUND('',#864,.T.);
#468=FACE_OUTER_BOUND('',#865,.T.);
#469=FACE_OUTER_BOUND('',#866,.T.);
#470=FACE_OUTER_BOUND('',#867,.T.);
#471=FACE_OUTER_BOUND('',#868,.T.);
#472=FACE_OUTER_BOUND('',#869,.T.);
#473=FACE_OUTER_BOUND('',#870,.T.);
#474=FACE_OUTER_BOUND('',#871,.T.);
#475=FACE_OUTER_BOUND('',#872,.T.);
#476=FACE_OUTER_BOUND('',#873,.T.);
#477=FACE_OUTER_BOUND('',#874,.T.);
#478=FACE_OUTER_BOUND('',#875,.T.);
#479=FACE_OUTER_BOUND('',#876,.T.);
#480=FACE_OUTER_BOUND('',#877,.T.);
#481=FACE_OUTER_BOUND('',#878,.T.);
#482=FACE_OUTER_BOUND('',#879,.T.);
#483=FACE_OUTER_BOUND('',#880,.T.);
#484=FACE_OUTER_BOUND('',#881,.T.);
#485=FACE_OUTER_BOUND('',#882,.T.);
#486=FACE_OUTER_BOUND('',#883,.T.);
#487=FACE_OUTER_BOUND('',#884,.T.);
#488=FACE_OUTER_BOUND('',#885,.T.);
#489=FACE_OUTER_BOUND('',#886,.T.);
#490=FACE_OUTER_BOUND('',#887,.T.);
#491=FACE_OUTER_BOUND('',#888,.T.);
#492=FACE_OUTER_BOUND('',#889,.T.);
#493=FACE_OUTER_BOUND('',#890,.T.);
#494=FACE_OUTER_BOUND('',#891,.T.);
#495=FACE_OUTER_BOUND('',#892,.T.);
#496=FACE_OUTER_BOUND('',#893,.T.);
#497=FACE_OUTER_BOUND('',#894,.T.);
#498=FACE_OUTER_BOUND('',#895,.T.);
#499=FACE_OUTER_BOUND('',#896,.T.);
#500=FACE_OUTER_BOUND('',#897,.T.);
#501=FACE_OUTER_BOUND('',#898,.T.);
#502=FACE_OUTER_BOUND('',#899,.T.);
#503=FACE_OUTER_BOUND('',#900,.T.);
#504=FACE_OUTER_BOUND('',#901,.T.);
#505=FACE_OUTER_BOUND('',#902,.T.);
#506=FACE_OUTER_BOUND('',#903,.T.);
#507=FACE_OUTER_BOUND('',#904,.T.);
#508=FACE_OUTER_BOUND('',#905,.T.);
#509=FACE_OUTER_BOUND('',#906,.T.);
#510=FACE_OUTER_BOUND('',#907,.T.);
#511=FACE_OUTER_BOUND('',#908,.T.);
#512=FACE_OUTER_BOUND('',#909,.T.);
#513=FACE_OUTER_BOUND('',#910,.T.);
#514=FACE_OUTER_BOUND('',#911,.T.);
#515=FACE_OUTER_BOUND('',#912,.T.);
#516=FACE_OUTER_BOUND('',#913,.T.);
#517=FACE_OUTER_BOUND('',#914,.T.);
#518=FACE_OUTER_BOUND('',#915,.T.);
#519=FACE_OUTER_BOUND('',#916,.T.);
#520=FACE_OUTER_BOUND('',#917,.T.);
#521=FACE_OUTER_BOUND('',#918,.T.);
#522=FACE_OUTER_BOUND('',#919,.T.);
#523=FACE_OUTER_BOUND('',#920,.T.);
#524=FACE_OUTER_BOUND('',#921,.T.);
#525=FACE_OUTER_BOUND('',#922,.T.);
#526=EDGE_LOOP('',(#3428,#3429,#3430,#3431,#3432,#3433));
#527=EDGE_LOOP('',(#3434,#3435,#3436,#3437));
#528=EDGE_LOOP('',(#3438,#3439,#3440,#3441,#3442,#3443));
#529=EDGE_LOOP('',(#3444,#3445,#3446,#3447));
#530=EDGE_LOOP('',(#3448,#3449,#3450,#3451));
#531=EDGE_LOOP('',(#3452,#3453,#3454,#3455));
#532=EDGE_LOOP('',(#3456,#3457,#3458,#3459));
#533=EDGE_LOOP('',(#3460,#3461,#3462,#3463,#3464,#3465,#3466,#3467));
#534=EDGE_LOOP('',(#3468,#3469,#3470,#3471));
#535=EDGE_LOOP('',(#3472,#3473,#3474,#3475));
#536=EDGE_LOOP('',(#3476,#3477,#3478,#3479));
#537=EDGE_LOOP('',(#3480,#3481,#3482,#3483));
#538=EDGE_LOOP('',(#3484,#3485,#3486,#3487));
#539=EDGE_LOOP('',(#3488,#3489,#3490,#3491));
#540=EDGE_LOOP('',(#3492,#3493,#3494,#3495));
#541=EDGE_LOOP('',(#3496,#3497,#3498,#3499));
#542=EDGE_LOOP('',(#3500,#3501,#3502,#3503));
#543=EDGE_LOOP('',(#3504,#3505,#3506,#3507,#3508,#3509,#3510,#3511));
#544=EDGE_LOOP('',(#3512,#3513,#3514,#3515));
#545=EDGE_LOOP('',(#3516,#3517,#3518,#3519,#3520,#3521,#3522,#3523));
#546=EDGE_LOOP('',(#3524,#3525,#3526,#3527));
#547=EDGE_LOOP('',(#3528,#3529,#3530,#3531));
#548=EDGE_LOOP('',(#3532,#3533,#3534,#3535));
#549=EDGE_LOOP('',(#3536,#3537,#3538,#3539));
#550=EDGE_LOOP('',(#3540,#3541,#3542,#3543));
#551=EDGE_LOOP('',(#3544,#3545,#3546,#3547));
#552=EDGE_LOOP('',(#3548,#3549,#3550,#3551));
#553=EDGE_LOOP('',(#3552,#3553,#3554,#3555));
#554=EDGE_LOOP('',(#3556,#3557,#3558,#3559));
#555=EDGE_LOOP('',(#3560,#3561,#3562,#3563));
#556=EDGE_LOOP('',(#3564,#3565,#3566,#3567));
#557=EDGE_LOOP('',(#3568,#3569,#3570,#3571,#3572,#3573,#3574,#3575));
#558=EDGE_LOOP('',(#3576,#3577,#3578,#3579));
#559=EDGE_LOOP('',(#3580,#3581,#3582,#3583));
#560=EDGE_LOOP('',(#3584,#3585,#3586,#3587,#3588,#3589));
#561=EDGE_LOOP('',(#3590));
#562=EDGE_LOOP('',(#3591));
#563=EDGE_LOOP('',(#3592));
#564=EDGE_LOOP('',(#3593,#3594,#3595,#3596));
#565=EDGE_LOOP('',(#3597,#3598,#3599,#3600));
#566=EDGE_LOOP('',(#3601,#3602,#3603,#3604));
#567=EDGE_LOOP('',(#3605,#3606,#3607,#3608,#3609,#3610,#3611,#3612,#3613,
#3614,#3615,#3616,#3617,#3618,#3619,#3620,#3621,#3622,#3623,#3624,#3625,
#3626));
#568=EDGE_LOOP('',(#3627));
#569=EDGE_LOOP('',(#3628));
#570=EDGE_LOOP('',(#3629));
#571=EDGE_LOOP('',(#3630));
#572=EDGE_LOOP('',(#3631));
#573=EDGE_LOOP('',(#3632,#3633,#3634,#3635));
#574=EDGE_LOOP('',(#3636,#3637,#3638,#3639));
#575=EDGE_LOOP('',(#3640,#3641,#3642,#3643));
#576=EDGE_LOOP('',(#3644,#3645,#3646,#3647,#3648,#3649));
#577=EDGE_LOOP('',(#3650));
#578=EDGE_LOOP('',(#3651));
#579=EDGE_LOOP('',(#3652));
#580=EDGE_LOOP('',(#3653,#3654,#3655,#3656));
#581=EDGE_LOOP('',(#3657,#3658,#3659,#3660));
#582=EDGE_LOOP('',(#3661,#3662,#3663,#3664));
#583=EDGE_LOOP('',(#3665,#3666,#3667,#3668));
#584=EDGE_LOOP('',(#3669,#3670,#3671,#3672));
#585=EDGE_LOOP('',(#3673,#3674,#3675,#3676));
#586=EDGE_LOOP('',(#3677,#3678,#3679,#3680));
#587=EDGE_LOOP('',(#3681,#3682,#3683,#3684));
#588=EDGE_LOOP('',(#3685,#3686,#3687,#3688));
#589=EDGE_LOOP('',(#3689,#3690,#3691,#3692));
#590=EDGE_LOOP('',(#3693,#3694,#3695,#3696));
#591=EDGE_LOOP('',(#3697,#3698,#3699,#3700));
#592=EDGE_LOOP('',(#3701,#3702,#3703,#3704));
#593=EDGE_LOOP('',(#3705,#3706,#3707,#3708));
#594=EDGE_LOOP('',(#3709,#3710,#3711,#3712));
#595=EDGE_LOOP('',(#3713,#3714,#3715,#3716));
#596=EDGE_LOOP('',(#3717,#3718,#3719,#3720));
#597=EDGE_LOOP('',(#3721,#3722,#3723,#3724));
#598=EDGE_LOOP('',(#3725,#3726,#3727,#3728));
#599=EDGE_LOOP('',(#3729,#3730,#3731,#3732));
#600=EDGE_LOOP('',(#3733,#3734,#3735,#3736));
#601=EDGE_LOOP('',(#3737,#3738,#3739,#3740));
#602=EDGE_LOOP('',(#3741,#3742,#3743,#3744));
#603=EDGE_LOOP('',(#3745,#3746,#3747,#3748));
#604=EDGE_LOOP('',(#3749,#3750,#3751,#3752));
#605=EDGE_LOOP('',(#3753,#3754,#3755,#3756));
#606=EDGE_LOOP('',(#3757,#3758,#3759,#3760));
#607=EDGE_LOOP('',(#3761,#3762,#3763,#3764));
#608=EDGE_LOOP('',(#3765,#3766,#3767,#3768));
#609=EDGE_LOOP('',(#3769,#3770,#3771,#3772));
#610=EDGE_LOOP('',(#3773,#3774,#3775,#3776));
#611=EDGE_LOOP('',(#3777,#3778,#3779,#3780));
#612=EDGE_LOOP('',(#3781,#3782,#3783,#3784));
#613=EDGE_LOOP('',(#3785,#3786,#3787,#3788));
#614=EDGE_LOOP('',(#3789,#3790,#3791,#3792));
#615=EDGE_LOOP('',(#3793,#3794,#3795,#3796));
#616=EDGE_LOOP('',(#3797,#3798,#3799,#3800));
#617=EDGE_LOOP('',(#3801,#3802,#3803,#3804));
#618=EDGE_LOOP('',(#3805,#3806,#3807,#3808));
#619=EDGE_LOOP('',(#3809,#3810,#3811,#3812));
#620=EDGE_LOOP('',(#3813,#3814,#3815,#3816));
#621=EDGE_LOOP('',(#3817,#3818,#3819,#3820));
#622=EDGE_LOOP('',(#3821,#3822,#3823,#3824));
#623=EDGE_LOOP('',(#3825,#3826,#3827,#3828));
#624=EDGE_LOOP('',(#3829,#3830,#3831,#3832));
#625=EDGE_LOOP('',(#3833,#3834,#3835,#3836));
#626=EDGE_LOOP('',(#3837,#3838,#3839,#3840));
#627=EDGE_LOOP('',(#3841,#3842,#3843,#3844));
#628=EDGE_LOOP('',(#3845,#3846,#3847,#3848));
#629=EDGE_LOOP('',(#3849,#3850,#3851,#3852));
#630=EDGE_LOOP('',(#3853,#3854,#3855,#3856));
#631=EDGE_LOOP('',(#3857,#3858,#3859,#3860));
#632=EDGE_LOOP('',(#3861,#3862,#3863,#3864));
#633=EDGE_LOOP('',(#3865,#3866,#3867,#3868));
#634=EDGE_LOOP('',(#3869,#3870,#3871,#3872));
#635=EDGE_LOOP('',(#3873,#3874,#3875,#3876));
#636=EDGE_LOOP('',(#3877,#3878,#3879,#3880));
#637=EDGE_LOOP('',(#3881,#3882,#3883,#3884));
#638=EDGE_LOOP('',(#3885,#3886,#3887,#3888));
#639=EDGE_LOOP('',(#3889,#3890,#3891,#3892,#3893,#3894,#3895,#3896,#3897,
#3898,#3899,#3900,#3901,#3902,#3903,#3904,#3905,#3906,#3907,#3908,#3909,
#3910,#3911,#3912));
#640=EDGE_LOOP('',(#3913,#3914,#3915,#3916,#3917,#3918,#3919,#3920,#3921,
#3922,#3923,#3924,#3925,#3926,#3927,#3928));
#641=EDGE_LOOP('',(#3929,#3930,#3931,#3932,#3933,#3934,#3935,#3936,#3937,
#3938,#3939,#3940,#3941,#3942,#3943,#3944));
#642=EDGE_LOOP('',(#3945,#3946,#3947,#3948,#3949,#3950,#3951,#3952,#3953,
#3954,#3955,#3956,#3957,#3958,#3959,#3960));
#643=EDGE_LOOP('',(#3961,#3962,#3963,#3964,#3965,#3966,#3967,#3968,#3969,
#3970,#3971,#3972,#3973,#3974,#3975,#3976));
#644=EDGE_LOOP('',(#3977,#3978,#3979,#3980,#3981,#3982,#3983,#3984,#3985,
#3986,#3987,#3988,#3989,#3990,#3991,#3992));
#645=EDGE_LOOP('',(#3993,#3994,#3995,#3996,#3997,#3998,#3999,#4000,#4001,
#4002,#4003,#4004,#4005,#4006,#4007,#4008));
#646=EDGE_LOOP('',(#4009,#4010,#4011,#4012,#4013,#4014,#4015,#4016,#4017,
#4018,#4019,#4020,#4021,#4022,#4023,#4024,#4025,#4026));
#647=EDGE_LOOP('',(#4027));
#648=EDGE_LOOP('',(#4028));
#649=EDGE_LOOP('',(#4029));
#650=EDGE_LOOP('',(#4030));
#651=EDGE_LOOP('',(#4031));
#652=EDGE_LOOP('',(#4032));
#653=EDGE_LOOP('',(#4033));
#654=EDGE_LOOP('',(#4034));
#655=EDGE_LOOP('',(#4035));
#656=EDGE_LOOP('',(#4036));
#657=EDGE_LOOP('',(#4037));
#658=EDGE_LOOP('',(#4038));
#659=EDGE_LOOP('',(#4039));
#660=EDGE_LOOP('',(#4040));
#661=EDGE_LOOP('',(#4041));
#662=EDGE_LOOP('',(#4042));
#663=EDGE_LOOP('',(#4043));
#664=EDGE_LOOP('',(#4044));
#665=EDGE_LOOP('',(#4045));
#666=EDGE_LOOP('',(#4046));
#667=EDGE_LOOP('',(#4047));
#668=EDGE_LOOP('',(#4048));
#669=EDGE_LOOP('',(#4049));
#670=EDGE_LOOP('',(#4050));
#671=EDGE_LOOP('',(#4051));
#672=EDGE_LOOP('',(#4052));
#673=EDGE_LOOP('',(#4053));
#674=EDGE_LOOP('',(#4054));
#675=EDGE_LOOP('',(#4055));
#676=EDGE_LOOP('',(#4056));
#677=EDGE_LOOP('',(#4057));
#678=EDGE_LOOP('',(#4058));
#679=EDGE_LOOP('',(#4059));
#680=EDGE_LOOP('',(#4060));
#681=EDGE_LOOP('',(#4061));
#682=EDGE_LOOP('',(#4062));
#683=EDGE_LOOP('',(#4063));
#684=EDGE_LOOP('',(#4064));
#685=EDGE_LOOP('',(#4065));
#686=EDGE_LOOP('',(#4066));
#687=EDGE_LOOP('',(#4067));
#688=EDGE_LOOP('',(#4068));
#689=EDGE_LOOP('',(#4069));
#690=EDGE_LOOP('',(#4070));
#691=EDGE_LOOP('',(#4071,#4072,#4073,#4074));
#692=EDGE_LOOP('',(#4075,#4076,#4077,#4078));
#693=EDGE_LOOP('',(#4079,#4080,#4081,#4082));
#694=EDGE_LOOP('',(#4083,#4084,#4085,#4086));
#695=EDGE_LOOP('',(#4087,#4088,#4089,#4090));
#696=EDGE_LOOP('',(#4091,#4092,#4093,#4094));
#697=EDGE_LOOP('',(#4095,#4096,#4097,#4098));
#698=EDGE_LOOP('',(#4099,#4100,#4101,#4102));
#699=EDGE_LOOP('',(#4103,#4104,#4105,#4106));
#700=EDGE_LOOP('',(#4107,#4108,#4109,#4110));
#701=EDGE_LOOP('',(#4111,#4112,#4113,#4114));
#702=EDGE_LOOP('',(#4115,#4116,#4117,#4118));
#703=EDGE_LOOP('',(#4119,#4120,#4121,#4122));
#704=EDGE_LOOP('',(#4123,#4124,#4125,#4126));
#705=EDGE_LOOP('',(#4127,#4128,#4129,#4130));
#706=EDGE_LOOP('',(#4131,#4132,#4133,#4134));
#707=EDGE_LOOP('',(#4135,#4136,#4137,#4138));
#708=EDGE_LOOP('',(#4139,#4140,#4141,#4142));
#709=EDGE_LOOP('',(#4143,#4144,#4145,#4146));
#710=EDGE_LOOP('',(#4147,#4148,#4149,#4150));
#711=EDGE_LOOP('',(#4151,#4152,#4153,#4154));
#712=EDGE_LOOP('',(#4155,#4156,#4157,#4158));
#713=EDGE_LOOP('',(#4159,#4160,#4161,#4162));
#714=EDGE_LOOP('',(#4163,#4164,#4165,#4166));
#715=EDGE_LOOP('',(#4167,#4168,#4169,#4170));
#716=EDGE_LOOP('',(#4171,#4172,#4173,#4174));
#717=EDGE_LOOP('',(#4175,#4176,#4177,#4178));
#718=EDGE_LOOP('',(#4179,#4180,#4181,#4182));
#719=EDGE_LOOP('',(#4183,#4184,#4185,#4186));
#720=EDGE_LOOP('',(#4187,#4188,#4189,#4190));
#721=EDGE_LOOP('',(#4191,#4192,#4193,#4194));
#722=EDGE_LOOP('',(#4195,#4196,#4197,#4198));
#723=EDGE_LOOP('',(#4199,#4200,#4201,#4202,#4203,#4204,#4205,#4206));
#724=EDGE_LOOP('',(#4207,#4208,#4209,#4210,#4211,#4212,#4213,#4214));
#725=EDGE_LOOP('',(#4215,#4216,#4217,#4218,#4219,#4220,#4221,#4222));
#726=EDGE_LOOP('',(#4223,#4224,#4225,#4226));
#727=EDGE_LOOP('',(#4227,#4228,#4229,#4230));
#728=EDGE_LOOP('',(#4231,#4232,#4233,#4234));
#729=EDGE_LOOP('',(#4235,#4236,#4237,#4238));
#730=EDGE_LOOP('',(#4239,#4240,#4241,#4242));
#731=EDGE_LOOP('',(#4243,#4244,#4245,#4246));
#732=EDGE_LOOP('',(#4247,#4248,#4249,#4250));
#733=EDGE_LOOP('',(#4251,#4252,#4253,#4254));
#734=EDGE_LOOP('',(#4255,#4256,#4257,#4258));
#735=EDGE_LOOP('',(#4259,#4260,#4261,#4262));
#736=EDGE_LOOP('',(#4263,#4264,#4265,#4266,#4267,#4268,#4269,#4270));
#737=EDGE_LOOP('',(#4271,#4272,#4273,#4274));
#738=EDGE_LOOP('',(#4275,#4276,#4277,#4278));
#739=EDGE_LOOP('',(#4279,#4280,#4281,#4282));
#740=EDGE_LOOP('',(#4283,#4284,#4285,#4286));
#741=EDGE_LOOP('',(#4287,#4288,#4289,#4290));
#742=EDGE_LOOP('',(#4291,#4292,#4293,#4294));
#743=EDGE_LOOP('',(#4295,#4296,#4297,#4298));
#744=EDGE_LOOP('',(#4299,#4300,#4301,#4302));
#745=EDGE_LOOP('',(#4303,#4304,#4305,#4306));
#746=EDGE_LOOP('',(#4307,#4308,#4309,#4310));
#747=EDGE_LOOP('',(#4311,#4312,#4313,#4314,#4315,#4316,#4317,#4318,#4319,
#4320,#4321,#4322,#4323,#4324,#4325,#4326,#4327,#4328,#4329,#4330,#4331,
#4332,#4333,#4334));
#748=EDGE_LOOP('',(#4335,#4336,#4337,#4338,#4339,#4340,#4341,#4342,#4343,
#4344,#4345,#4346,#4347,#4348,#4349,#4350,#4351,#4352));
#749=EDGE_LOOP('',(#4353,#4354,#4355,#4356,#4357,#4358,#4359,#4360,#4361,
#4362,#4363,#4364,#4365,#4366,#4367,#4368));
#750=EDGE_LOOP('',(#4369,#4370,#4371,#4372,#4373,#4374,#4375,#4376,#4377,
#4378,#4379,#4380,#4381,#4382,#4383,#4384));
#751=EDGE_LOOP('',(#4385,#4386,#4387,#4388,#4389,#4390,#4391,#4392,#4393,
#4394,#4395,#4396,#4397,#4398,#4399,#4400));
#752=EDGE_LOOP('',(#4401,#4402,#4403,#4404,#4405,#4406,#4407,#4408,#4409,
#4410,#4411,#4412,#4413,#4414,#4415,#4416));
#753=EDGE_LOOP('',(#4417,#4418,#4419,#4420,#4421,#4422,#4423,#4424,#4425,
#4426,#4427,#4428,#4429,#4430,#4431,#4432));
#754=EDGE_LOOP('',(#4433,#4434,#4435,#4436,#4437,#4438,#4439,#4440,#4441,
#4442,#4443,#4444,#4445,#4446,#4447,#4448));
#755=EDGE_LOOP('',(#4449));
#756=EDGE_LOOP('',(#4450));
#757=EDGE_LOOP('',(#4451));
#758=EDGE_LOOP('',(#4452));
#759=EDGE_LOOP('',(#4453));
#760=EDGE_LOOP('',(#4454));
#761=EDGE_LOOP('',(#4455));
#762=EDGE_LOOP('',(#4456));
#763=EDGE_LOOP('',(#4457));
#764=EDGE_LOOP('',(#4458));
#765=EDGE_LOOP('',(#4459));
#766=EDGE_LOOP('',(#4460));
#767=EDGE_LOOP('',(#4461));
#768=EDGE_LOOP('',(#4462));
#769=EDGE_LOOP('',(#4463));
#770=EDGE_LOOP('',(#4464));
#771=EDGE_LOOP('',(#4465));
#772=EDGE_LOOP('',(#4466));
#773=EDGE_LOOP('',(#4467));
#774=EDGE_LOOP('',(#4468));
#775=EDGE_LOOP('',(#4469));
#776=EDGE_LOOP('',(#4470));
#777=EDGE_LOOP('',(#4471));
#778=EDGE_LOOP('',(#4472));
#779=EDGE_LOOP('',(#4473));
#780=EDGE_LOOP('',(#4474));
#781=EDGE_LOOP('',(#4475));
#782=EDGE_LOOP('',(#4476));
#783=EDGE_LOOP('',(#4477));
#784=EDGE_LOOP('',(#4478));
#785=EDGE_LOOP('',(#4479));
#786=EDGE_LOOP('',(#4480));
#787=EDGE_LOOP('',(#4481));
#788=EDGE_LOOP('',(#4482));
#789=EDGE_LOOP('',(#4483));
#790=EDGE_LOOP('',(#4484));
#791=EDGE_LOOP('',(#4485));
#792=EDGE_LOOP('',(#4486));
#793=EDGE_LOOP('',(#4487));
#794=EDGE_LOOP('',(#4488));
#795=EDGE_LOOP('',(#4489));
#796=EDGE_LOOP('',(#4490));
#797=EDGE_LOOP('',(#4491));
#798=EDGE_LOOP('',(#4492));
#799=EDGE_LOOP('',(#4493,#4494,#4495,#4496));
#800=EDGE_LOOP('',(#4497,#4498,#4499,#4500));
#801=EDGE_LOOP('',(#4501,#4502,#4503,#4504));
#802=EDGE_LOOP('',(#4505,#4506,#4507,#4508));
#803=EDGE_LOOP('',(#4509,#4510,#4511,#4512));
#804=EDGE_LOOP('',(#4513,#4514,#4515,#4516));
#805=EDGE_LOOP('',(#4517,#4518,#4519,#4520));
#806=EDGE_LOOP('',(#4521,#4522,#4523,#4524));
#807=EDGE_LOOP('',(#4525,#4526,#4527,#4528));
#808=EDGE_LOOP('',(#4529,#4530,#4531,#4532));
#809=EDGE_LOOP('',(#4533,#4534,#4535,#4536));
#810=EDGE_LOOP('',(#4537,#4538,#4539,#4540));
#811=EDGE_LOOP('',(#4541,#4542,#4543,#4544));
#812=EDGE_LOOP('',(#4545,#4546,#4547,#4548));
#813=EDGE_LOOP('',(#4549,#4550,#4551,#4552));
#814=EDGE_LOOP('',(#4553,#4554,#4555,#4556));
#815=EDGE_LOOP('',(#4557,#4558,#4559,#4560));
#816=EDGE_LOOP('',(#4561,#4562,#4563,#4564,#4565,#4566,#4567,#4568,#4569,
#4570,#4571,#4572,#4573,#4574,#4575,#4576,#4577,#4578,#4579,#4580,#4581,
#4582));
#817=EDGE_LOOP('',(#4583));
#818=EDGE_LOOP('',(#4584));
#819=EDGE_LOOP('',(#4585));
#820=EDGE_LOOP('',(#4586));
#821=EDGE_LOOP('',(#4587));
#822=EDGE_LOOP('',(#4588,#4589,#4590,#4591));
#823=EDGE_LOOP('',(#4592,#4593,#4594,#4595));
#824=EDGE_LOOP('',(#4596,#4597,#4598,#4599));
#825=EDGE_LOOP('',(#4600,#4601,#4602,#4603));
#826=EDGE_LOOP('',(#4604,#4605,#4606,#4607));
#827=EDGE_LOOP('',(#4608,#4609,#4610,#4611));
#828=EDGE_LOOP('',(#4612,#4613,#4614,#4615));
#829=EDGE_LOOP('',(#4616,#4617,#4618,#4619));
#830=EDGE_LOOP('',(#4620,#4621,#4622,#4623));
#831=EDGE_LOOP('',(#4624,#4625,#4626,#4627));
#832=EDGE_LOOP('',(#4628,#4629,#4630,#4631));
#833=EDGE_LOOP('',(#4632,#4633,#4634,#4635));
#834=EDGE_LOOP('',(#4636,#4637,#4638,#4639,#4640));
#835=EDGE_LOOP('',(#4641,#4642,#4643,#4644));
#836=EDGE_LOOP('',(#4645,#4646,#4647,#4648));
#837=EDGE_LOOP('',(#4649,#4650,#4651,#4652,#4653));
#838=EDGE_LOOP('',(#4654,#4655,#4656,#4657,#4658,#4659));
#839=EDGE_LOOP('',(#4660));
#840=EDGE_LOOP('',(#4661));
#841=EDGE_LOOP('',(#4662));
#842=EDGE_LOOP('',(#4663,#4664,#4665,#4666,#4667));
#843=EDGE_LOOP('',(#4668,#4669,#4670,#4671));
#844=EDGE_LOOP('',(#4672,#4673,#4674,#4675));
#845=EDGE_LOOP('',(#4676,#4677,#4678,#4679));
#846=EDGE_LOOP('',(#4680,#4681,#4682,#4683,#4684));
#847=EDGE_LOOP('',(#4685,#4686,#4687,#4688,#4689,#4690));
#848=EDGE_LOOP('',(#4691));
#849=EDGE_LOOP('',(#4692));
#850=EDGE_LOOP('',(#4693));
#851=EDGE_LOOP('',(#4694,#4695,#4696,#4697));
#852=EDGE_LOOP('',(#4698,#4699,#4700,#4701));
#853=EDGE_LOOP('',(#4702,#4703,#4704,#4705));
#854=EDGE_LOOP('',(#4706,#4707,#4708,#4709));
#855=EDGE_LOOP('',(#4710,#4711,#4712,#4713));
#856=EDGE_LOOP('',(#4714,#4715,#4716,#4717));
#857=EDGE_LOOP('',(#4718,#4719,#4720,#4721));
#858=EDGE_LOOP('',(#4722,#4723,#4724,#4725));
#859=EDGE_LOOP('',(#4726,#4727,#4728,#4729));
#860=EDGE_LOOP('',(#4730,#4731,#4732,#4733));
#861=EDGE_LOOP('',(#4734,#4735,#4736,#4737));
#862=EDGE_LOOP('',(#4738,#4739,#4740,#4741));
#863=EDGE_LOOP('',(#4742,#4743,#4744,#4745));
#864=EDGE_LOOP('',(#4746,#4747,#4748,#4749));
#865=EDGE_LOOP('',(#4750,#4751,#4752,#4753));
#866=EDGE_LOOP('',(#4754,#4755,#4756,#4757));
#867=EDGE_LOOP('',(#4758,#4759,#4760,#4761));
#868=EDGE_LOOP('',(#4762,#4763,#4764,#4765));
#869=EDGE_LOOP('',(#4766,#4767,#4768,#4769));
#870=EDGE_LOOP('',(#4770,#4771,#4772,#4773));
#871=EDGE_LOOP('',(#4774,#4775,#4776,#4777));
#872=EDGE_LOOP('',(#4778,#4779,#4780,#4781));
#873=EDGE_LOOP('',(#4782,#4783,#4784,#4785));
#874=EDGE_LOOP('',(#4786,#4787,#4788,#4789));
#875=EDGE_LOOP('',(#4790,#4791,#4792,#4793));
#876=EDGE_LOOP('',(#4794,#4795,#4796,#4797));
#877=EDGE_LOOP('',(#4798,#4799,#4800,#4801));
#878=EDGE_LOOP('',(#4802,#4803,#4804,#4805));
#879=EDGE_LOOP('',(#4806,#4807,#4808,#4809));
#880=EDGE_LOOP('',(#4810,#4811,#4812,#4813));
#881=EDGE_LOOP('',(#4814,#4815,#4816,#4817));
#882=EDGE_LOOP('',(#4818,#4819,#4820,#4821));
#883=EDGE_LOOP('',(#4822,#4823,#4824,#4825));
#884=EDGE_LOOP('',(#4826,#4827,#4828,#4829));
#885=EDGE_LOOP('',(#4830,#4831,#4832,#4833));
#886=EDGE_LOOP('',(#4834,#4835,#4836,#4837));
#887=EDGE_LOOP('',(#4838,#4839,#4840,#4841));
#888=EDGE_LOOP('',(#4842,#4843,#4844,#4845));
#889=EDGE_LOOP('',(#4846,#4847,#4848,#4849));
#890=EDGE_LOOP('',(#4850,#4851,#4852,#4853));
#891=EDGE_LOOP('',(#4854,#4855,#4856,#4857));
#892=EDGE_LOOP('',(#4858,#4859,#4860,#4861));
#893=EDGE_LOOP('',(#4862,#4863,#4864,#4865));
#894=EDGE_LOOP('',(#4866,#4867,#4868,#4869));
#895=EDGE_LOOP('',(#4870,#4871,#4872,#4873));
#896=EDGE_LOOP('',(#4874,#4875,#4876,#4877));
#897=EDGE_LOOP('',(#4878,#4879,#4880,#4881));
#898=EDGE_LOOP('',(#4882,#4883,#4884,#4885));
#899=EDGE_LOOP('',(#4886,#4887,#4888,#4889));
#900=EDGE_LOOP('',(#4890,#4891,#4892,#4893));
#901=EDGE_LOOP('',(#4894,#4895,#4896,#4897));
#902=EDGE_LOOP('',(#4898,#4899,#4900,#4901));
#903=EDGE_LOOP('',(#4902,#4903,#4904,#4905));
#904=EDGE_LOOP('',(#4906,#4907,#4908,#4909));
#905=EDGE_LOOP('',(#4910,#4911,#4912,#4913));
#906=EDGE_LOOP('',(#4914,#4915,#4916,#4917));
#907=EDGE_LOOP('',(#4918,#4919,#4920,#4921));
#908=EDGE_LOOP('',(#4922,#4923,#4924,#4925));
#909=EDGE_LOOP('',(#4926,#4927,#4928,#4929));
#910=EDGE_LOOP('',(#4930,#4931,#4932,#4933));
#911=EDGE_LOOP('',(#4934,#4935,#4936,#4937));
#912=EDGE_LOOP('',(#4938,#4939,#4940,#4941));
#913=EDGE_LOOP('',(#4942,#4943,#4944,#4945));
#914=EDGE_LOOP('',(#4946,#4947,#4948,#4949));
#915=EDGE_LOOP('',(#4950,#4951,#4952,#4953));
#916=EDGE_LOOP('',(#4954,#4955,#4956,#4957));
#917=EDGE_LOOP('',(#4958,#4959,#4960,#4961));
#918=EDGE_LOOP('',(#4962,#4963,#4964,#4965));
#919=EDGE_LOOP('',(#4966,#4967,#4968,#4969));
#920=EDGE_LOOP('',(#4970,#4971,#4972,#4973));
#921=EDGE_LOOP('',(#4974,#4975,#4976,#4977));
#922=EDGE_LOOP('',(#4978,#4979,#4980,#4981));
#923=CIRCLE('',#5430,2.00000000000003);
#924=CIRCLE('',#5431,2.00000000000003);
#925=CIRCLE('',#5434,1.99999999999999);
#926=CIRCLE('',#5435,1.99999999999999);
#927=CIRCLE('',#5437,5.99999999999994);
#928=CIRCLE('',#5438,2.99999999999997);
#929=CIRCLE('',#5440,2.);
#930=CIRCLE('',#5441,2.);
#931=CIRCLE('',#5444,2.);
#932=CIRCLE('',#5445,2.);
#933=CIRCLE('',#5447,2.99999999999994);
#934=CIRCLE('',#5448,2.99999999999999);
#935=CIRCLE('',#5449,5.99999999999999);
#936=CIRCLE('',#5450,5.99999999999998);
#937=CIRCLE('',#5452,2.);
#938=CIRCLE('',#5453,2.);
#939=CIRCLE('',#5456,2.);
#940=CIRCLE('',#5457,2.);
#941=CIRCLE('',#5459,2.);
#942=CIRCLE('',#5460,2.);
#943=CIRCLE('',#5463,2.);
#944=CIRCLE('',#5464,2.);
#945=CIRCLE('',#5467,2.);
#946=CIRCLE('',#5468,2.);
#947=CIRCLE('',#5470,2.);
#948=CIRCLE('',#5471,2.);
#949=CIRCLE('',#5473,2.99999999999994);
#950=CIRCLE('',#5474,2.99999999999999);
#951=CIRCLE('',#5475,5.99999999999999);
#952=CIRCLE('',#5476,5.99999999999998);
#953=CIRCLE('',#5478,2.);
#954=CIRCLE('',#5479,2.);
#955=CIRCLE('',#5481,5.99999999999999);
#956=CIRCLE('',#5482,5.99999999999998);
#957=CIRCLE('',#5483,2.99999999999994);
#958=CIRCLE('',#5484,2.99999999999999);
#959=CIRCLE('',#5486,2.);
#960=CIRCLE('',#5487,2.);
#961=CIRCLE('',#5490,2.);
#962=CIRCLE('',#5491,2.);
#963=CIRCLE('',#5494,2.);
#964=CIRCLE('',#5495,2.);
#965=CIRCLE('',#5497,2.);
#966=CIRCLE('',#5498,2.);
#967=CIRCLE('',#5501,2.);
#968=CIRCLE('',#5502,2.);
#969=CIRCLE('',#5505,2.);
#970=CIRCLE('',#5506,2.);
#971=CIRCLE('',#5508,2.);
#972=CIRCLE('',#5509,2.);
#973=CIRCLE('',#5511,2.99999999999994);
#974=CIRCLE('',#5512,2.99999999999999);
#975=CIRCLE('',#5513,5.99999999999999);
#976=CIRCLE('',#5514,5.99999999999998);
#977=CIRCLE('',#5516,3.);
#978=CIRCLE('',#5517,3.);
#979=CIRCLE('',#5520,3.);
#980=CIRCLE('',#5521,1.2645);
#981=CIRCLE('',#5522,1.2645);
#982=CIRCLE('',#5523,1.2645);
#983=CIRCLE('',#5525,3.);
#984=CIRCLE('',#5528,3.);
#985=CIRCLE('',#5529,3.);
#986=CIRCLE('',#5531,3.);
#987=CIRCLE('',#5532,1.2645);
#988=CIRCLE('',#5533,1.2645);
#989=CIRCLE('',#5534,1.2645);
#990=CIRCLE('',#5535,1.2645);
#991=CIRCLE('',#5536,1.2645);
#992=CIRCLE('',#5539,3.);
#993=CIRCLE('',#5540,3.);
#994=CIRCLE('',#5543,3.);
#995=CIRCLE('',#5544,1.2645);
#996=CIRCLE('',#5545,1.2645);
#997=CIRCLE('',#5546,1.2645);
#998=CIRCLE('',#5548,3.);
#999=CIRCLE('',#5551,3.);
#1000=CIRCLE('',#5553,3.);
#1001=CIRCLE('',#5554,3.);
#1002=CIRCLE('',#5557,3.);
#1003=CIRCLE('',#5558,3.);
#1004=CIRCLE('',#5560,3.);
#1005=CIRCLE('',#5561,3.);
#1006=CIRCLE('',#5564,3.);
#1007=CIRCLE('',#5565,3.);
#1008=CIRCLE('',#5567,3.);
#1009=CIRCLE('',#5568,3.);
#1010=CIRCLE('',#5571,3.);
#1011=CIRCLE('',#5572,3.);
#1012=CIRCLE('',#5574,3.);
#1013=CIRCLE('',#5575,3.);
#1014=CIRCLE('',#5578,3.);
#1015=CIRCLE('',#5579,3.);
#1016=CIRCLE('',#5581,3.);
#1017=CIRCLE('',#5582,3.);
#1018=CIRCLE('',#5585,3.);
#1019=CIRCLE('',#5586,3.);
#1020=CIRCLE('',#5589,3.);
#1021=CIRCLE('',#5590,3.);
#1022=CIRCLE('',#5593,3.);
#1023=CIRCLE('',#5594,3.);
#1024=CIRCLE('',#5596,3.);
#1025=CIRCLE('',#5597,3.);
#1026=CIRCLE('',#5600,3.);
#1027=CIRCLE('',#5601,3.);
#1028=CIRCLE('',#5603,3.);
#1029=CIRCLE('',#5604,3.);
#1030=CIRCLE('',#5607,3.);
#1031=CIRCLE('',#5608,3.);
#1032=CIRCLE('',#5610,3.);
#1033=CIRCLE('',#5611,3.);
#1034=CIRCLE('',#5614,3.);
#1035=CIRCLE('',#5615,3.);
#1036=CIRCLE('',#5617,3.);
#1037=CIRCLE('',#5618,3.);
#1038=CIRCLE('',#5621,3.);
#1039=CIRCLE('',#5622,3.);
#1040=CIRCLE('',#5624,3.);
#1041=CIRCLE('',#5625,3.);
#1042=CIRCLE('',#5628,3.);
#1043=CIRCLE('',#5629,3.);
#1044=CIRCLE('',#5631,3.);
#1045=CIRCLE('',#5632,3.);
#1046=CIRCLE('',#5635,3.);
#1047=CIRCLE('',#5636,3.);
#1048=CIRCLE('',#5638,3.);
#1049=CIRCLE('',#5639,3.);
#1050=CIRCLE('',#5642,3.);
#1051=CIRCLE('',#5643,3.);
#1052=CIRCLE('',#5645,3.);
#1053=CIRCLE('',#5646,3.);
#1054=CIRCLE('',#5649,3.);
#1055=CIRCLE('',#5650,3.);
#1056=CIRCLE('',#5652,3.);
#1057=CIRCLE('',#5653,3.);
#1058=CIRCLE('',#5656,3.);
#1059=CIRCLE('',#5657,3.);
#1060=CIRCLE('',#5659,3.);
#1061=CIRCLE('',#5660,3.);
#1062=CIRCLE('',#5663,3.);
#1063=CIRCLE('',#5664,3.);
#1064=CIRCLE('',#5667,3.);
#1065=CIRCLE('',#5668,3.);
#1066=CIRCLE('',#5671,3.);
#1067=CIRCLE('',#5672,3.);
#1068=CIRCLE('',#5675,3.);
#1069=CIRCLE('',#5676,3.);
#1070=CIRCLE('',#5678,3.);
#1071=CIRCLE('',#5679,3.);
#1072=CIRCLE('',#5681,3.);
#1073=CIRCLE('',#5682,3.);
#1074=CIRCLE('',#5683,3.);
#1075=CIRCLE('',#5684,3.);
#1076=CIRCLE('',#5685,3.);
#1077=CIRCLE('',#5686,3.);
#1078=CIRCLE('',#5687,3.);
#1079=CIRCLE('',#5688,3.);
#1080=CIRCLE('',#5689,3.);
#1081=CIRCLE('',#5690,3.);
#1082=CIRCLE('',#5691,3.);
#1083=CIRCLE('',#5692,3.);
#1084=CIRCLE('',#5693,3.);
#1085=CIRCLE('',#5694,3.);
#1086=CIRCLE('',#5695,3.);
#1087=CIRCLE('',#5696,3.);
#1088=CIRCLE('',#5697,3.);
#1089=CIRCLE('',#5698,3.);
#1090=CIRCLE('',#5699,3.);
#1091=CIRCLE('',#5700,3.);
#1092=CIRCLE('',#5701,3.);
#1093=CIRCLE('',#5702,1.2645);
#1094=CIRCLE('',#5703,1.2645);
#1095=CIRCLE('',#5704,1.2645);
#1096=CIRCLE('',#5705,1.2645);
#1097=CIRCLE('',#5706,1.2645);
#1098=CIRCLE('',#5707,1.2645);
#1099=CIRCLE('',#5708,1.2645);
#1100=CIRCLE('',#5709,1.2645);
#1101=CIRCLE('',#5710,1.2645);
#1102=CIRCLE('',#5711,1.2645);
#1103=CIRCLE('',#5712,1.2645);
#1104=CIRCLE('',#5713,1.2645);
#1105=CIRCLE('',#5714,1.2645);
#1106=CIRCLE('',#5715,1.2645);
#1107=CIRCLE('',#5716,1.2645);
#1108=CIRCLE('',#5717,1.2645);
#1109=CIRCLE('',#5718,1.2645);
#1110=CIRCLE('',#5719,1.2645);
#1111=CIRCLE('',#5720,1.2645);
#1112=CIRCLE('',#5721,1.2645);
#1113=CIRCLE('',#5722,1.2645);
#1114=CIRCLE('',#5723,1.2645);
#1115=CIRCLE('',#5724,1.2645);
#1116=CIRCLE('',#5725,1.2645);
#1117=CIRCLE('',#5726,1.2645);
#1118=CIRCLE('',#5727,1.2645);
#1119=CIRCLE('',#5728,1.2645);
#1120=CIRCLE('',#5729,1.2645);
#1121=CIRCLE('',#5730,1.2645);
#1122=CIRCLE('',#5731,1.2645);
#1123=CIRCLE('',#5732,1.2645);
#1124=CIRCLE('',#5733,1.2645);
#1125=CIRCLE('',#5734,1.2645);
#1126=CIRCLE('',#5735,1.2645);
#1127=CIRCLE('',#5736,1.2645);
#1128=CIRCLE('',#5737,1.2645);
#1129=CIRCLE('',#5738,1.2645);
#1130=CIRCLE('',#5739,1.2645);
#1131=CIRCLE('',#5740,1.2645);
#1132=CIRCLE('',#5741,1.2645);
#1133=CIRCLE('',#5742,1.2645);
#1134=CIRCLE('',#5743,1.2645);
#1135=CIRCLE('',#5744,1.2645);
#1136=CIRCLE('',#5745,1.2645);
#1137=CIRCLE('',#5748,3.);
#1138=CIRCLE('',#5750,3.);
#1139=CIRCLE('',#5753,3.);
#1140=CIRCLE('',#5755,3.);
#1141=CIRCLE('',#5758,3.);
#1142=CIRCLE('',#5760,3.);
#1143=CIRCLE('',#5763,3.);
#1144=CIRCLE('',#5766,3.);
#1145=CIRCLE('',#5768,3.);
#1146=CIRCLE('',#5770,3.);
#1147=CIRCLE('',#5773,3.);
#1148=CIRCLE('',#5775,3.);
#1149=CIRCLE('',#5778,3.);
#1150=CIRCLE('',#5780,3.);
#1151=CIRCLE('',#5783,3.);
#1152=CIRCLE('',#5785,3.);
#1153=CIRCLE('',#5788,3.);
#1154=CIRCLE('',#5790,3.);
#1155=CIRCLE('',#5793,3.);
#1156=CIRCLE('',#5795,3.);
#1157=CIRCLE('',#5798,3.);
#1158=CIRCLE('',#5800,2.99999999999999);
#1159=CIRCLE('',#5801,2.99999999999994);
#1160=CIRCLE('',#5802,5.99999999999998);
#1161=CIRCLE('',#5803,5.99999999999999);
#1162=CIRCLE('',#5805,2.99999999999999);
#1163=CIRCLE('',#5806,2.99999999999994);
#1164=CIRCLE('',#5807,5.99999999999998);
#1165=CIRCLE('',#5808,5.99999999999999);
#1166=CIRCLE('',#5810,2.99999999999999);
#1167=CIRCLE('',#5811,2.99999999999994);
#1168=CIRCLE('',#5812,5.99999999999998);
#1169=CIRCLE('',#5813,5.99999999999999);
#1170=CIRCLE('',#5815,5.99999999999999);
#1171=CIRCLE('',#5819,6.);
#1172=CIRCLE('',#5821,5.99999999999998);
#1173=CIRCLE('',#5828,2.99999999999999);
#1174=CIRCLE('',#5829,2.99999999999994);
#1175=CIRCLE('',#5830,5.99999999999999);
#1176=CIRCLE('',#5837,3.);
#1177=CIRCLE('',#5841,3.);
#1178=CIRCLE('',#5844,1.2645);
#1179=CIRCLE('',#5845,1.2645);
#1180=CIRCLE('',#5846,1.2645);
#1181=CIRCLE('',#5847,1.2645);
#1182=CIRCLE('',#5848,1.2645);
#1183=CIRCLE('',#5849,1.2645);
#1184=CIRCLE('',#5850,1.2645);
#1185=CIRCLE('',#5851,1.2645);
#1186=CIRCLE('',#5852,1.2645);
#1187=CIRCLE('',#5853,1.2645);
#1188=CIRCLE('',#5854,1.2645);
#1189=CIRCLE('',#5855,1.2645);
#1190=CIRCLE('',#5856,1.2645);
#1191=CIRCLE('',#5857,1.2645);
#1192=CIRCLE('',#5858,1.2645);
#1193=CIRCLE('',#5859,1.2645);
#1194=CIRCLE('',#5860,1.2645);
#1195=CIRCLE('',#5861,1.2645);
#1196=CIRCLE('',#5862,1.2645);
#1197=CIRCLE('',#5863,1.2645);
#1198=CIRCLE('',#5864,1.2645);
#1199=CIRCLE('',#5865,1.2645);
#1200=CIRCLE('',#5866,1.2645);
#1201=CIRCLE('',#5867,1.2645);
#1202=CIRCLE('',#5868,1.2645);
#1203=CIRCLE('',#5869,1.2645);
#1204=CIRCLE('',#5870,1.2645);
#1205=CIRCLE('',#5871,1.2645);
#1206=CIRCLE('',#5872,1.2645);
#1207=CIRCLE('',#5873,1.2645);
#1208=CIRCLE('',#5874,1.2645);
#1209=CIRCLE('',#5875,1.2645);
#1210=CIRCLE('',#5876,1.2645);
#1211=CIRCLE('',#5877,1.2645);
#1212=CIRCLE('',#5878,1.2645);
#1213=CIRCLE('',#5879,1.2645);
#1214=CIRCLE('',#5880,1.2645);
#1215=CIRCLE('',#5881,1.2645);
#1216=CIRCLE('',#5882,1.2645);
#1217=CIRCLE('',#5883,1.2645);
#1218=CIRCLE('',#5884,1.2645);
#1219=CIRCLE('',#5885,1.2645);
#1220=CIRCLE('',#5886,1.2645);
#1221=CIRCLE('',#5887,1.2645);
#1222=CIRCLE('',#5889,3.);
#1223=CIRCLE('',#5894,5.99999999999999);
#1224=CIRCLE('',#5899,1.2645);
#1225=CIRCLE('',#5901,1.2645);
#1226=CIRCLE('',#5903,1.2645);
#1227=CIRCLE('',#5905,1.2645);
#1228=CIRCLE('',#5907,1.2645);
#1229=CIRCLE('',#5914,6.);
#1230=CIRCLE('',#5917,3.);
#1231=CIRCLE('',#5922,1.2645);
#1232=CIRCLE('',#5924,1.2645);
#1233=CIRCLE('',#5926,1.2645);
#1234=CIRCLE('',#5928,1.2645);
#1235=CIRCLE('',#5930,1.2645);
#1236=CIRCLE('',#5932,1.2645);
#1237=CIRCLE('',#5934,5.99999999999997);
#1238=CIRCLE('',#5937,2.99999999999997);
#1239=CIRCLE('',#5941,5.99999999999987);
#1240=CIRCLE('',#5942,5.99999999999997);
#1241=CIRCLE('',#5944,2.99999999999976);
#1242=CIRCLE('',#5946,2.99999999999969);
#1243=LINE('',#7672,#1696);
#1244=LINE('',#7681,#1697);
#1245=LINE('',#7685,#1698);
#1246=LINE('',#7687,#1699);
#1247=LINE('',#7688,#1700);
#1248=LINE('',#7694,#1701);
#1249=LINE('',#7703,#1702);
#1250=LINE('',#7712,#1703);
#1251=LINE('',#7719,#1704);
#1252=LINE('',#7722,#1705);
#1253=LINE('',#7725,#1706);
#1254=LINE('',#7727,#1707);
#1255=LINE('',#7728,#1708);
#1256=LINE('',#7734,#1709);
#1257=LINE('',#7737,#1710);
#1258=LINE('',#7742,#1711);
#1259=LINE('',#7747,#1712);
#1260=LINE('',#7754,#1713);
#1261=LINE('',#7757,#1714);
#1262=LINE('',#7759,#1715);
#1263=LINE('',#7760,#1716);
#1264=LINE('',#7766,#1717);
#1265=LINE('',#7772,#1718);
#1266=LINE('',#7775,#1719);
#1267=LINE('',#7778,#1720);
#1268=LINE('',#7780,#1721);
#1269=LINE('',#7781,#1722);
#1270=LINE('',#7787,#1723);
#1271=LINE('',#7790,#1724);
#1272=LINE('',#7793,#1725);
#1273=LINE('',#7795,#1726);
#1274=LINE('',#7796,#1727);
#1275=LINE('',#7802,#1728);
#1276=LINE('',#7807,#1729);
#1277=LINE('',#7813,#1730);
#1278=LINE('',#7818,#1731);
#1279=LINE('',#7825,#1732);
#1280=LINE('',#7828,#1733);
#1281=LINE('',#7833,#1734);
#1282=LINE('',#7837,#1735);
#1283=LINE('',#7841,#1736);
#1284=LINE('',#7847,#1737);
#1285=LINE('',#7851,#1738);
#1286=LINE('',#7853,#1739);
#1287=LINE('',#7854,#1740);
#1288=LINE('',#7860,#1741);
#1289=LINE('',#7863,#1742);
#1290=LINE('',#7865,#1743);
#1291=LINE('',#7866,#1744);
#1292=LINE('',#7872,#1745);
#1293=LINE('',#7878,#1746);
#1294=LINE('',#7881,#1747);
#1295=LINE('',#7884,#1748);
#1296=LINE('',#7886,#1749);
#1297=LINE('',#7887,#1750);
#1298=LINE('',#7893,#1751);
#1299=LINE('',#7896,#1752);
#1300=LINE('',#7899,#1753);
#1301=LINE('',#7901,#1754);
#1302=LINE('',#7902,#1755);
#1303=LINE('',#7908,#1756);
#1304=LINE('',#7913,#1757);
#1305=LINE('',#7919,#1758);
#1306=LINE('',#7924,#1759);
#1307=LINE('',#7931,#1760);
#1308=LINE('',#7934,#1761);
#1309=LINE('',#7937,#1762);
#1310=LINE('',#7939,#1763);
#1311=LINE('',#7940,#1764);
#1312=LINE('',#7943,#1765);
#1313=LINE('',#7947,#1766);
#1314=LINE('',#7948,#1767);
#1315=LINE('',#7959,#1768);
#1316=LINE('',#7960,#1769);
#1317=LINE('',#7963,#1770);
#1318=LINE('',#7964,#1771);
#1319=LINE('',#7970,#1772);
#1320=LINE('',#7973,#1773);
#1321=LINE('',#7976,#1774);
#1322=LINE('',#7980,#1775);
#1323=LINE('',#7981,#1776);
#1324=LINE('',#7982,#1777);
#1325=LINE('',#7983,#1778);
#1326=LINE('',#7984,#1779);
#1327=LINE('',#7986,#1780);
#1328=LINE('',#7987,#1781);
#1329=LINE('',#8000,#1782);
#1330=LINE('',#8001,#1783);
#1331=LINE('',#8007,#1784);
#1332=LINE('',#8010,#1785);
#1333=LINE('',#8013,#1786);
#1334=LINE('',#8015,#1787);
#1335=LINE('',#8016,#1788);
#1336=LINE('',#8019,#1789);
#1337=LINE('',#8020,#1790);
#1338=LINE('',#8022,#1791);
#1339=LINE('',#8033,#1792);
#1340=LINE('',#8035,#1793);
#1341=LINE('',#8039,#1794);
#1342=LINE('',#8045,#1795);
#1343=LINE('',#8048,#1796);
#1344=LINE('',#8051,#1797);
#1345=LINE('',#8053,#1798);
#1346=LINE('',#8054,#1799);
#1347=LINE('',#8060,#1800);
#1348=LINE('',#8066,#1801);
#1349=LINE('',#8069,#1802);
#1350=LINE('',#8072,#1803);
#1351=LINE('',#8074,#1804);
#1352=LINE('',#8075,#1805);
#1353=LINE('',#8081,#1806);
#1354=LINE('',#8087,#1807);
#1355=LINE('',#8090,#1808);
#1356=LINE('',#8093,#1809);
#1357=LINE('',#8095,#1810);
#1358=LINE('',#8096,#1811);
#1359=LINE('',#8102,#1812);
#1360=LINE('',#8108,#1813);
#1361=LINE('',#8111,#1814);
#1362=LINE('',#8114,#1815);
#1363=LINE('',#8116,#1816);
#1364=LINE('',#8117,#1817);
#1365=LINE('',#8123,#1818);
#1366=LINE('',#8129,#1819);
#1367=LINE('',#8132,#1820);
#1368=LINE('',#8135,#1821);
#1369=LINE('',#8137,#1822);
#1370=LINE('',#8138,#1823);
#1371=LINE('',#8144,#1824);
#1372=LINE('',#8147,#1825);
#1373=LINE('',#8149,#1826);
#1374=LINE('',#8150,#1827);
#1375=LINE('',#8156,#1828);
#1376=LINE('',#8159,#1829);
#1377=LINE('',#8162,#1830);
#1378=LINE('',#8164,#1831);
#1379=LINE('',#8165,#1832);
#1380=LINE('',#8171,#1833);
#1381=LINE('',#8177,#1834);
#1382=LINE('',#8180,#1835);
#1383=LINE('',#8183,#1836);
#1384=LINE('',#8185,#1837);
#1385=LINE('',#8186,#1838);
#1386=LINE('',#8192,#1839);
#1387=LINE('',#8198,#1840);
#1388=LINE('',#8201,#1841);
#1389=LINE('',#8204,#1842);
#1390=LINE('',#8206,#1843);
#1391=LINE('',#8207,#1844);
#1392=LINE('',#8216,#1845);
#1393=LINE('',#8219,#1846);
#1394=LINE('',#8222,#1847);
#1395=LINE('',#8224,#1848);
#1396=LINE('',#8225,#1849);
#1397=LINE('',#8231,#1850);
#1398=LINE('',#8237,#1851);
#1399=LINE('',#8240,#1852);
#1400=LINE('',#8243,#1853);
#1401=LINE('',#8245,#1854);
#1402=LINE('',#8246,#1855);
#1403=LINE('',#8252,#1856);
#1404=LINE('',#8258,#1857);
#1405=LINE('',#8261,#1858);
#1406=LINE('',#8264,#1859);
#1407=LINE('',#8266,#1860);
#1408=LINE('',#8267,#1861);
#1409=LINE('',#8273,#1862);
#1410=LINE('',#8279,#1863);
#1411=LINE('',#8282,#1864);
#1412=LINE('',#8285,#1865);
#1413=LINE('',#8287,#1866);
#1414=LINE('',#8288,#1867);
#1415=LINE('',#8294,#1868);
#1416=LINE('',#8300,#1869);
#1417=LINE('',#8303,#1870);
#1418=LINE('',#8306,#1871);
#1419=LINE('',#8308,#1872);
#1420=LINE('',#8309,#1873);
#1421=LINE('',#8315,#1874);
#1422=LINE('',#8321,#1875);
#1423=LINE('',#8324,#1876);
#1424=LINE('',#8327,#1877);
#1425=LINE('',#8329,#1878);
#1426=LINE('',#8330,#1879);
#1427=LINE('',#8336,#1880);
#1428=LINE('',#8342,#1881);
#1429=LINE('',#8345,#1882);
#1430=LINE('',#8348,#1883);
#1431=LINE('',#8350,#1884);
#1432=LINE('',#8351,#1885);
#1433=LINE('',#8357,#1886);
#1434=LINE('',#8363,#1887);
#1435=LINE('',#8366,#1888);
#1436=LINE('',#8369,#1889);
#1437=LINE('',#8371,#1890);
#1438=LINE('',#8372,#1891);
#1439=LINE('',#8377,#1892);
#1440=LINE('',#8380,#1893);
#1441=LINE('',#8381,#1894);
#1442=LINE('',#8387,#1895);
#1443=LINE('',#8390,#1896);
#1444=LINE('',#8393,#1897);
#1445=LINE('',#8395,#1898);
#1446=LINE('',#8396,#1899);
#1447=LINE('',#8402,#1900);
#1448=LINE('',#8405,#1901);
#1449=LINE('',#8408,#1902);
#1450=LINE('',#8410,#1903);
#1451=LINE('',#8411,#1904);
#1452=LINE('',#8417,#1905);
#1453=LINE('',#8423,#1906);
#1454=LINE('',#8426,#1907);
#1455=LINE('',#8428,#1908);
#1456=LINE('',#8430,#1909);
#1457=LINE('',#8432,#1910);
#1458=LINE('',#8433,#1911);
#1459=LINE('',#8435,#1912);
#1460=LINE('',#8436,#1913);
#1461=LINE('',#8437,#1914);
#1462=LINE('',#8438,#1915);
#1463=LINE('',#8439,#1916);
#1464=LINE('',#8442,#1917);
#1465=LINE('',#8446,#1918);
#1466=LINE('',#8450,#1919);
#1467=LINE('',#8454,#1920);
#1468=LINE('',#8458,#1921);
#1469=LINE('',#8462,#1922);
#1470=LINE('',#8466,#1923);
#1471=LINE('',#8470,#1924);
#1472=LINE('',#8472,#1925);
#1473=LINE('',#8473,#1926);
#1474=LINE('',#8474,#1927);
#1475=LINE('',#8475,#1928);
#1476=LINE('',#8476,#1929);
#1477=LINE('',#8477,#1930);
#1478=LINE('',#8478,#1931);
#1479=LINE('',#8481,#1932);
#1480=LINE('',#8485,#1933);
#1481=LINE('',#8489,#1934);
#1482=LINE('',#8493,#1935);
#1483=LINE('',#8497,#1936);
#1484=LINE('',#8501,#1937);
#1485=LINE('',#8505,#1938);
#1486=LINE('',#8509,#1939);
#1487=LINE('',#8511,#1940);
#1488=LINE('',#8512,#1941);
#1489=LINE('',#8513,#1942);
#1490=LINE('',#8514,#1943);
#1491=LINE('',#8515,#1944);
#1492=LINE('',#8516,#1945);
#1493=LINE('',#8517,#1946);
#1494=LINE('',#8519,#1947);
#1495=LINE('',#8522,#1948);
#1496=LINE('',#8524,#1949);
#1497=LINE('',#8528,#1950);
#1498=LINE('',#8532,#1951);
#1499=LINE('',#8536,#1952);
#1500=LINE('',#8538,#1953);
#1501=LINE('',#8629,#1954);
#1502=LINE('',#8630,#1955);
#1503=LINE('',#8634,#1956);
#1504=LINE('',#8637,#1957);
#1505=LINE('',#8640,#1958);
#1506=LINE('',#8643,#1959);
#1507=LINE('',#8644,#1960);
#1508=LINE('',#8648,#1961);
#1509=LINE('',#8653,#1962);
#1510=LINE('',#8654,#1963);
#1511=LINE('',#8657,#1964);
#1512=LINE('',#8658,#1965);
#1513=LINE('',#8663,#1966);
#1514=LINE('',#8666,#1967);
#1515=LINE('',#8669,#1968);
#1516=LINE('',#8670,#1969);
#1517=LINE('',#8675,#1970);
#1518=LINE('',#8676,#1971);
#1519=LINE('',#8679,#1972);
#1520=LINE('',#8680,#1973);
#1521=LINE('',#8684,#1974);
#1522=LINE('',#8688,#1975);
#1523=LINE('',#8693,#1976);
#1524=LINE('',#8694,#1977);
#1525=LINE('',#8697,#1978);
#1526=LINE('',#8698,#1979);
#1527=LINE('',#8702,#1980);
#1528=LINE('',#8707,#1981);
#1529=LINE('',#8708,#1982);
#1530=LINE('',#8711,#1983);
#1531=LINE('',#8712,#1984);
#1532=LINE('',#8716,#1985);
#1533=LINE('',#8721,#1986);
#1534=LINE('',#8722,#1987);
#1535=LINE('',#8725,#1988);
#1536=LINE('',#8726,#1989);
#1537=LINE('',#8730,#1990);
#1538=LINE('',#8735,#1991);
#1539=LINE('',#8736,#1992);
#1540=LINE('',#8739,#1993);
#1541=LINE('',#8740,#1994);
#1542=LINE('',#8744,#1995);
#1543=LINE('',#8749,#1996);
#1544=LINE('',#8750,#1997);
#1545=LINE('',#8753,#1998);
#1546=LINE('',#8754,#1999);
#1547=LINE('',#8758,#2000);
#1548=LINE('',#8763,#2001);
#1549=LINE('',#8764,#2002);
#1550=LINE('',#8767,#2003);
#1551=LINE('',#8768,#2004);
#1552=LINE('',#8772,#2005);
#1553=LINE('',#8777,#2006);
#1554=LINE('',#8782,#2007);
#1555=LINE('',#8788,#2008);
#1556=LINE('',#8793,#2009);
#1557=LINE('',#8799,#2010);
#1558=LINE('',#8804,#2011);
#1559=LINE('',#8808,#2012);
#1560=LINE('',#8811,#2013);
#1561=LINE('',#8813,#2014);
#1562=LINE('',#8814,#2015);
#1563=LINE('',#8816,#2016);
#1564=LINE('',#8817,#2017);
#1565=LINE('',#8820,#2018);
#1566=LINE('',#8823,#2019);
#1567=LINE('',#8826,#2020);
#1568=LINE('',#8828,#2021);
#1569=LINE('',#8831,#2022);
#1570=LINE('',#8832,#2023);
#1571=LINE('',#8834,#2024);
#1572=LINE('',#8836,#2025);
#1573=LINE('',#8839,#2026);
#1574=LINE('',#8840,#2027);
#1575=LINE('',#8843,#2028);
#1576=LINE('',#8844,#2029);
#1577=LINE('',#8849,#2030);
#1578=LINE('',#8854,#2031);
#1579=LINE('',#8856,#2032);
#1580=LINE('',#8857,#2033);
#1581=LINE('',#8859,#2034);
#1582=LINE('',#8860,#2035);
#1583=LINE('',#8862,#2036);
#1584=LINE('',#8863,#2037);
#1585=LINE('',#8866,#2038);
#1586=LINE('',#8868,#2039);
#1587=LINE('',#8869,#2040);
#1588=LINE('',#8871,#2041);
#1589=LINE('',#8872,#2042);
#1590=LINE('',#8881,#2043);
#1591=LINE('',#8882,#2044);
#1592=LINE('',#8883,#2045);
#1593=LINE('',#8885,#2046);
#1594=LINE('',#8886,#2047);
#1595=LINE('',#8888,#2048);
#1596=LINE('',#8890,#2049);
#1597=LINE('',#8891,#2050);
#1598=LINE('',#8892,#2051);
#1599=LINE('',#8893,#2052);
#1600=LINE('',#8894,#2053);
#1601=LINE('',#8895,#2054);
#1602=LINE('',#8896,#2055);
#1603=LINE('',#8897,#2056);
#1604=LINE('',#8898,#2057);
#1605=LINE('',#8899,#2058);
#1606=LINE('',#8900,#2059);
#1607=LINE('',#8901,#2060);
#1608=LINE('',#8902,#2061);
#1609=LINE('',#8903,#2062);
#1610=LINE('',#8904,#2063);
#1611=LINE('',#8905,#2064);
#1612=LINE('',#8906,#2065);
#1613=LINE('',#8907,#2066);
#1614=LINE('',#8908,#2067);
#1615=LINE('',#8909,#2068);
#1616=LINE('',#8910,#2069);
#1617=LINE('',#8911,#2070);
#1618=LINE('',#8912,#2071);
#1619=LINE('',#8913,#2072);
#1620=LINE('',#8914,#2073);
#1621=LINE('',#8915,#2074);
#1622=LINE('',#8916,#2075);
#1623=LINE('',#8917,#2076);
#1624=LINE('',#8918,#2077);
#1625=LINE('',#9020,#2078);
#1626=LINE('',#9024,#2079);
#1627=LINE('',#9028,#2080);
#1628=LINE('',#9032,#2081);
#1629=LINE('',#9036,#2082);
#1630=LINE('',#9038,#2083);
#1631=LINE('',#9039,#2084);
#1632=LINE('',#9041,#2085);
#1633=LINE('',#9042,#2086);
#1634=LINE('',#9044,#2087);
#1635=LINE('',#9046,#2088);
#1636=LINE('',#9051,#2089);
#1637=LINE('',#9053,#2090);
#1638=LINE('',#9056,#2091);
#1639=LINE('',#9062,#2092);
#1640=LINE('',#9066,#2093);
#1641=LINE('',#9070,#2094);
#1642=LINE('',#9074,#2095);
#1643=LINE('',#9078,#2096);
#1644=LINE('',#9082,#2097);
#1645=LINE('',#9085,#2098);
#1646=LINE('',#9088,#2099);
#1647=LINE('',#9089,#2100);
#1648=LINE('',#9091,#2101);
#1649=LINE('',#9096,#2102);
#1650=LINE('',#9101,#2103);
#1651=LINE('',#9105,#2104);
#1652=LINE('',#9111,#2105);
#1653=LINE('',#9113,#2106);
#1654=LINE('',#9115,#2107);
#1655=LINE('',#9117,#2108);
#1656=LINE('',#9119,#2109);
#1657=LINE('',#9121,#2110);
#1658=LINE('',#9123,#2111);
#1659=LINE('',#9125,#2112);
#1660=LINE('',#9127,#2113);
#1661=LINE('',#9129,#2114);
#1662=LINE('',#9131,#2115);
#1663=LINE('',#9133,#2116);
#1664=LINE('',#9135,#2117);
#1665=LINE('',#9137,#2118);
#1666=LINE('',#9139,#2119);
#1667=LINE('',#9141,#2120);
#1668=LINE('',#9143,#2121);
#1669=LINE('',#9145,#2122);
#1670=LINE('',#9147,#2123);
#1671=LINE('',#9149,#2124);
#1672=LINE('',#9151,#2125);
#1673=LINE('',#9153,#2126);
#1674=LINE('',#9155,#2127);
#1675=LINE('',#9157,#2128);
#1676=LINE('',#9159,#2129);
#1677=LINE('',#9161,#2130);
#1678=LINE('',#9163,#2131);
#1679=LINE('',#9165,#2132);
#1680=LINE('',#9167,#2133);
#1681=LINE('',#9169,#2134);
#1682=LINE('',#9171,#2135);
#1683=LINE('',#9173,#2136);
#1684=LINE('',#9175,#2137);
#1685=LINE('',#9177,#2138);
#1686=LINE('',#9179,#2139);
#1687=LINE('',#9181,#2140);
#1688=LINE('',#9183,#2141);
#1689=LINE('',#9185,#2142);
#1690=LINE('',#9187,#2143);
#1691=LINE('',#9189,#2144);
#1692=LINE('',#9191,#2145);
#1693=LINE('',#9193,#2146);
#1694=LINE('',#9195,#2147);
#1695=LINE('',#9197,#2148);
#1696=VECTOR('',#6026,2.);
#1697=VECTOR('',#6029,2.);
#1698=VECTOR('',#6034,10.);
#1699=VECTOR('',#6035,10.);
#1700=VECTOR('',#6036,10.);
#1701=VECTOR('',#6041,2.);
#1702=VECTOR('',#6044,2.);
#1703=VECTOR('',#6049,10.);
#1704=VECTOR('',#6056,10.);
#1705=VECTOR('',#6059,10.);
#1706=VECTOR('',#6062,10.);
#1707=VECTOR('',#6063,10.);
#1708=VECTOR('',#6064,10.);
#1709=VECTOR('',#6069,10.);
#1710=VECTOR('',#6072,10.);
#1711=VECTOR('',#6077,10.);
#1712=VECTOR('',#6082,10.);
#1713=VECTOR('',#6089,10.);
#1714=VECTOR('',#6092,10.);
#1715=VECTOR('',#6095,10.);
#1716=VECTOR('',#6096,10.);
#1717=VECTOR('',#6103,10.);
#1718=VECTOR('',#6108,10.);
#1719=VECTOR('',#6111,10.);
#1720=VECTOR('',#6114,10.);
#1721=VECTOR('',#6115,10.);
#1722=VECTOR('',#6116,10.);
#1723=VECTOR('',#6121,10.);
#1724=VECTOR('',#6124,10.);
#1725=VECTOR('',#6127,10.);
#1726=VECTOR('',#6128,10.);
#1727=VECTOR('',#6129,10.);
#1728=VECTOR('',#6136,10.);
#1729=VECTOR('',#6141,10.);
#1730=VECTOR('',#6148,10.);
#1731=VECTOR('',#6153,10.);
#1732=VECTOR('',#6160,10.);
#1733=VECTOR('',#6163,10.);
#1734=VECTOR('',#6168,10.);
#1735=VECTOR('',#6171,10.);
#1736=VECTOR('',#6174,10.);
#1737=VECTOR('',#6181,10.);
#1738=VECTOR('',#6186,10.);
#1739=VECTOR('',#6187,10.);
#1740=VECTOR('',#6188,10.);
#1741=VECTOR('',#6193,10.);
#1742=VECTOR('',#6196,10.);
#1743=VECTOR('',#6199,10.);
#1744=VECTOR('',#6200,10.);
#1745=VECTOR('',#6207,10.);
#1746=VECTOR('',#6212,10.);
#1747=VECTOR('',#6215,10.);
#1748=VECTOR('',#6218,10.);
#1749=VECTOR('',#6219,10.);
#1750=VECTOR('',#6220,10.);
#1751=VECTOR('',#6225,10.);
#1752=VECTOR('',#6228,10.);
#1753=VECTOR('',#6231,10.);
#1754=VECTOR('',#6232,10.);
#1755=VECTOR('',#6233,10.);
#1756=VECTOR('',#6240,10.);
#1757=VECTOR('',#6245,10.);
#1758=VECTOR('',#6252,10.);
#1759=VECTOR('',#6257,10.);
#1760=VECTOR('',#6264,10.);
#1761=VECTOR('',#6267,10.);
#1762=VECTOR('',#6270,4.31999999999997);
#1763=VECTOR('',#6271,10.);
#1764=VECTOR('',#6272,10.);
#1765=VECTOR('',#6275,10.);
#1766=VECTOR('',#6278,4.31999999999997);
#1767=VECTOR('',#6279,10.);
#1768=VECTOR('',#6290,10.);
#1769=VECTOR('',#6291,10.);
#1770=VECTOR('',#6294,4.31999999999997);
#1771=VECTOR('',#6295,10.);
#1772=VECTOR('',#6300,10.);
#1773=VECTOR('',#6303,10.);
#1774=VECTOR('',#6306,10.);
#1775=VECTOR('',#6309,4.31999999999999);
#1776=VECTOR('',#6310,10.);
#1777=VECTOR('',#6311,10.);
#1778=VECTOR('',#6312,10.);
#1779=VECTOR('',#6313,10.);
#1780=VECTOR('',#6314,10.);
#1781=VECTOR('',#6315,4.31999999999999);
#1782=VECTOR('',#6328,10.);
#1783=VECTOR('',#6329,10.);
#1784=VECTOR('',#6334,10.);
#1785=VECTOR('',#6337,10.);
#1786=VECTOR('',#6340,10.);
#1787=VECTOR('',#6341,10.);
#1788=VECTOR('',#6342,10.);
#1789=VECTOR('',#6345,4.31999999999997);
#1790=VECTOR('',#6346,10.);
#1791=VECTOR('',#6347,4.31999999999997);
#1792=VECTOR('',#6360,10.);
#1793=VECTOR('',#6363,10.);
#1794=VECTOR('',#6368,10.);
#1795=VECTOR('',#6373,10.);
#1796=VECTOR('',#6376,10.);
#1797=VECTOR('',#6379,10.);
#1798=VECTOR('',#6380,10.);
#1799=VECTOR('',#6381,10.);
#1800=VECTOR('',#6388,10.);
#1801=VECTOR('',#6393,10.);
#1802=VECTOR('',#6396,10.);
#1803=VECTOR('',#6399,10.);
#1804=VECTOR('',#6400,10.);
#1805=VECTOR('',#6401,10.);
#1806=VECTOR('',#6408,10.);
#1807=VECTOR('',#6413,10.);
#1808=VECTOR('',#6416,10.);
#1809=VECTOR('',#6419,10.);
#1810=VECTOR('',#6420,10.);
#1811=VECTOR('',#6421,10.);
#1812=VECTOR('',#6428,10.);
#1813=VECTOR('',#6433,10.);
#1814=VECTOR('',#6436,10.);
#1815=VECTOR('',#6439,10.);
#1816=VECTOR('',#6440,10.);
#1817=VECTOR('',#6441,10.);
#1818=VECTOR('',#6448,10.);
#1819=VECTOR('',#6453,10.);
#1820=VECTOR('',#6456,10.);
#1821=VECTOR('',#6459,10.);
#1822=VECTOR('',#6460,10.);
#1823=VECTOR('',#6461,10.);
#1824=VECTOR('',#6466,10.);
#1825=VECTOR('',#6469,10.);
#1826=VECTOR('',#6472,10.);
#1827=VECTOR('',#6473,10.);
#1828=VECTOR('',#6478,10.);
#1829=VECTOR('',#6481,10.);
#1830=VECTOR('',#6484,10.);
#1831=VECTOR('',#6485,10.);
#1832=VECTOR('',#6486,10.);
#1833=VECTOR('',#6493,10.);
#1834=VECTOR('',#6498,10.);
#1835=VECTOR('',#6501,10.);
#1836=VECTOR('',#6504,10.);
#1837=VECTOR('',#6505,10.);
#1838=VECTOR('',#6506,10.);
#1839=VECTOR('',#6513,10.);
#1840=VECTOR('',#6518,10.);
#1841=VECTOR('',#6521,10.);
#1842=VECTOR('',#6524,10.);
#1843=VECTOR('',#6525,10.);
#1844=VECTOR('',#6526,10.);
#1845=VECTOR('',#6537,10.);
#1846=VECTOR('',#6540,10.);
#1847=VECTOR('',#6543,10.);
#1848=VECTOR('',#6544,10.);
#1849=VECTOR('',#6545,10.);
#1850=VECTOR('',#6552,10.);
#1851=VECTOR('',#6557,10.);
#1852=VECTOR('',#6560,10.);
#1853=VECTOR('',#6563,10.);
#1854=VECTOR('',#6564,10.);
#1855=VECTOR('',#6565,10.);
#1856=VECTOR('',#6572,10.);
#1857=VECTOR('',#6577,10.);
#1858=VECTOR('',#6580,10.);
#1859=VECTOR('',#6583,10.);
#1860=VECTOR('',#6584,10.);
#1861=VECTOR('',#6585,10.);
#1862=VECTOR('',#6592,10.);
#1863=VECTOR('',#6597,10.);
#1864=VECTOR('',#6600,10.);
#1865=VECTOR('',#6603,10.);
#1866=VECTOR('',#6604,10.);
#1867=VECTOR('',#6605,10.);
#1868=VECTOR('',#6612,10.);
#1869=VECTOR('',#6617,10.);
#1870=VECTOR('',#6620,10.);
#1871=VECTOR('',#6623,10.);
#1872=VECTOR('',#6624,10.);
#1873=VECTOR('',#6625,10.);
#1874=VECTOR('',#6632,10.);
#1875=VECTOR('',#6637,10.);
#1876=VECTOR('',#6640,10.);
#1877=VECTOR('',#6643,10.);
#1878=VECTOR('',#6644,10.);
#1879=VECTOR('',#6645,10.);
#1880=VECTOR('',#6652,10.);
#1881=VECTOR('',#6657,10.);
#1882=VECTOR('',#6660,10.);
#1883=VECTOR('',#6663,10.);
#1884=VECTOR('',#6664,10.);
#1885=VECTOR('',#6665,10.);
#1886=VECTOR('',#6672,10.);
#1887=VECTOR('',#6677,10.);
#1888=VECTOR('',#6680,10.);
#1889=VECTOR('',#6683,10.);
#1890=VECTOR('',#6684,10.);
#1891=VECTOR('',#6685,10.);
#1892=VECTOR('',#6690,10.);
#1893=VECTOR('',#6695,10.);
#1894=VECTOR('',#6696,10.);
#1895=VECTOR('',#6701,10.);
#1896=VECTOR('',#6704,10.);
#1897=VECTOR('',#6707,10.);
#1898=VECTOR('',#6708,10.);
#1899=VECTOR('',#6709,10.);
#1900=VECTOR('',#6714,10.);
#1901=VECTOR('',#6717,10.);
#1902=VECTOR('',#6720,10.);
#1903=VECTOR('',#6721,10.);
#1904=VECTOR('',#6722,10.);
#1905=VECTOR('',#6729,10.);
#1906=VECTOR('',#6734,10.);
#1907=VECTOR('',#6737,10.);
#1908=VECTOR('',#6740,10.);
#1909=VECTOR('',#6741,10.);
#1910=VECTOR('',#6742,10.);
#1911=VECTOR('',#6743,10.);
#1912=VECTOR('',#6744,10.);
#1913=VECTOR('',#6745,10.);
#1914=VECTOR('',#6746,10.);
#1915=VECTOR('',#6747,10.);
#1916=VECTOR('',#6748,10.);
#1917=VECTOR('',#6749,10.);
#1918=VECTOR('',#6752,10.);
#1919=VECTOR('',#6755,10.);
#1920=VECTOR('',#6758,10.);
#1921=VECTOR('',#6761,10.);
#1922=VECTOR('',#6764,10.);
#1923=VECTOR('',#6767,10.);
#1924=VECTOR('',#6770,10.);
#1925=VECTOR('',#6773,10.);
#1926=VECTOR('',#6774,10.);
#1927=VECTOR('',#6775,10.);
#1928=VECTOR('',#6776,10.);
#1929=VECTOR('',#6777,10.);
#1930=VECTOR('',#6778,10.);
#1931=VECTOR('',#6779,10.);
#1932=VECTOR('',#6780,10.);
#1933=VECTOR('',#6783,10.);
#1934=VECTOR('',#6786,10.);
#1935=VECTOR('',#6789,10.);
#1936=VECTOR('',#6792,10.);
#1937=VECTOR('',#6795,10.);
#1938=VECTOR('',#6798,10.);
#1939=VECTOR('',#6801,10.);
#1940=VECTOR('',#6804,10.);
#1941=VECTOR('',#6805,10.);
#1942=VECTOR('',#6806,10.);
#1943=VECTOR('',#6807,10.);
#1944=VECTOR('',#6808,10.);
#1945=VECTOR('',#6809,10.);
#1946=VECTOR('',#6810,10.);
#1947=VECTOR('',#6811,10.);
#1948=VECTOR('',#6814,10.);
#1949=VECTOR('',#6815,10.);
#1950=VECTOR('',#6818,10.);
#1951=VECTOR('',#6821,10.);
#1952=VECTOR('',#6824,10.);
#1953=VECTOR('',#6827,10.);
#1954=VECTOR('',#6918,10.);
#1955=VECTOR('',#6919,10.);
#1956=VECTOR('',#6924,10.);
#1957=VECTOR('',#6927,10.);
#1958=VECTOR('',#6930,10.);
#1959=VECTOR('',#6933,10.);
#1960=VECTOR('',#6934,10.);
#1961=VECTOR('',#6939,10.);
#1962=VECTOR('',#6944,10.);
#1963=VECTOR('',#6945,10.);
#1964=VECTOR('',#6948,10.);
#1965=VECTOR('',#6949,10.);
#1966=VECTOR('',#6956,10.);
#1967=VECTOR('',#6959,10.);
#1968=VECTOR('',#6962,10.);
#1969=VECTOR('',#6963,10.);
#1970=VECTOR('',#6968,10.);
#1971=VECTOR('',#6969,10.);
#1972=VECTOR('',#6972,10.);
#1973=VECTOR('',#6973,10.);
#1974=VECTOR('',#6978,10.);
#1975=VECTOR('',#6983,10.);
#1976=VECTOR('',#6988,10.);
#1977=VECTOR('',#6989,10.);
#1978=VECTOR('',#6992,10.);
#1979=VECTOR('',#6993,10.);
#1980=VECTOR('',#6998,10.);
#1981=VECTOR('',#7003,10.);
#1982=VECTOR('',#7004,10.);
#1983=VECTOR('',#7007,10.);
#1984=VECTOR('',#7008,10.);
#1985=VECTOR('',#7013,10.);
#1986=VECTOR('',#7018,10.);
#1987=VECTOR('',#7019,10.);
#1988=VECTOR('',#7022,10.);
#1989=VECTOR('',#7023,10.);
#1990=VECTOR('',#7028,10.);
#1991=VECTOR('',#7033,10.);
#1992=VECTOR('',#7034,10.);
#1993=VECTOR('',#7037,10.);
#1994=VECTOR('',#7038,10.);
#1995=VECTOR('',#7043,10.);
#1996=VECTOR('',#7048,10.);
#1997=VECTOR('',#7049,10.);
#1998=VECTOR('',#7052,10.);
#1999=VECTOR('',#7053,10.);
#2000=VECTOR('',#7058,10.);
#2001=VECTOR('',#7063,10.);
#2002=VECTOR('',#7064,10.);
#2003=VECTOR('',#7067,10.);
#2004=VECTOR('',#7068,10.);
#2005=VECTOR('',#7073,10.);
#2006=VECTOR('',#7078,10.);
#2007=VECTOR('',#7083,10.);
#2008=VECTOR('',#7090,10.);
#2009=VECTOR('',#7095,10.);
#2010=VECTOR('',#7102,10.);
#2011=VECTOR('',#7107,10.);
#2012=VECTOR('',#7112,10.);
#2013=VECTOR('',#7115,10.);
#2014=VECTOR('',#7118,10.);
#2015=VECTOR('',#7119,10.);
#2016=VECTOR('',#7122,10.);
#2017=VECTOR('',#7123,10.);
#2018=VECTOR('',#7126,10.);
#2019=VECTOR('',#7129,10.);
#2020=VECTOR('',#7132,10.);
#2021=VECTOR('',#7135,10.);
#2022=VECTOR('',#7138,10.);
#2023=VECTOR('',#7139,4.31999999999999);
#2024=VECTOR('',#7142,10.);
#2025=VECTOR('',#7145,10.);
#2026=VECTOR('',#7148,10.);
#2027=VECTOR('',#7149,10.);
#2028=VECTOR('',#7152,10.);
#2029=VECTOR('',#7153,10.);
#2030=VECTOR('',#7158,10.);
#2031=VECTOR('',#7165,10.);
#2032=VECTOR('',#7166,4.31999999999999);
#2033=VECTOR('',#7167,10.);
#2034=VECTOR('',#7170,10.);
#2035=VECTOR('',#7171,10.);
#2036=VECTOR('',#7174,10.);
#2037=VECTOR('',#7175,10.);
#2038=VECTOR('',#7178,10.);
#2039=VECTOR('',#7179,4.31999999999999);
#2040=VECTOR('',#7180,10.);
#2041=VECTOR('',#7183,10.);
#2042=VECTOR('',#7184,10.);
#2043=VECTOR('',#7201,10.);
#2044=VECTOR('',#7202,10.);
#2045=VECTOR('',#7203,10.);
#2046=VECTOR('',#7204,10.);
#2047=VECTOR('',#7205,10.);
#2048=VECTOR('',#7206,10.);
#2049=VECTOR('',#7207,10.);
#2050=VECTOR('',#7208,10.);
#2051=VECTOR('',#7209,10.);
#2052=VECTOR('',#7210,10.);
#2053=VECTOR('',#7211,10.);
#2054=VECTOR('',#7212,10.);
#2055=VECTOR('',#7213,10.);
#2056=VECTOR('',#7214,10.);
#2057=VECTOR('',#7215,10.);
#2058=VECTOR('',#7216,10.);
#2059=VECTOR('',#7217,10.);
#2060=VECTOR('',#7218,10.);
#2061=VECTOR('',#7219,10.);
#2062=VECTOR('',#7220,10.);
#2063=VECTOR('',#7221,10.);
#2064=VECTOR('',#7222,10.);
#2065=VECTOR('',#7223,10.);
#2066=VECTOR('',#7224,10.);
#2067=VECTOR('',#7225,10.);
#2068=VECTOR('',#7226,10.);
#2069=VECTOR('',#7227,10.);
#2070=VECTOR('',#7228,10.);
#2071=VECTOR('',#7229,10.);
#2072=VECTOR('',#7230,10.);
#2073=VECTOR('',#7231,10.);
#2074=VECTOR('',#7232,10.);
#2075=VECTOR('',#7233,10.);
#2076=VECTOR('',#7234,10.);
#2077=VECTOR('',#7235,10.);
#2078=VECTOR('',#7348,1.2645);
#2079=VECTOR('',#7353,1.2645);
#2080=VECTOR('',#7358,1.2645);
#2081=VECTOR('',#7363,1.2645);
#2082=VECTOR('',#7368,1.2645);
#2083=VECTOR('',#7371,4.31999999999999);
#2084=VECTOR('',#7372,10.);
#2085=VECTOR('',#7375,10.);
#2086=VECTOR('',#7376,10.);
#2087=VECTOR('',#7379,10.);
#2088=VECTOR('',#7382,10.);
#2089=VECTOR('',#7391,10.);
#2090=VECTOR('',#7394,10.);
#2091=VECTOR('',#7399,10.);
#2092=VECTOR('',#7408,1.2645);
#2093=VECTOR('',#7413,1.2645);
#2094=VECTOR('',#7418,1.2645);
#2095=VECTOR('',#7423,1.2645);
#2096=VECTOR('',#7428,1.2645);
#2097=VECTOR('',#7433,1.2645);
#2098=VECTOR('',#7436,10.);
#2099=VECTOR('',#7441,4.31999999999997);
#2100=VECTOR('',#7442,10.);
#2101=VECTOR('',#7445,10.);
#2102=VECTOR('',#7454,10.);
#2103=VECTOR('',#7463,10.);
#2104=VECTOR('',#7470,10.);
#2105=VECTOR('',#7481,1.2645);
#2106=VECTOR('',#7484,1.2645);
#2107=VECTOR('',#7487,1.2645);
#2108=VECTOR('',#7490,1.2645);
#2109=VECTOR('',#7493,1.2645);
#2110=VECTOR('',#7496,1.2645);
#2111=VECTOR('',#7499,1.2645);
#2112=VECTOR('',#7502,1.2645);
#2113=VECTOR('',#7505,1.2645);
#2114=VECTOR('',#7508,1.2645);
#2115=VECTOR('',#7511,1.2645);
#2116=VECTOR('',#7514,1.2645);
#2117=VECTOR('',#7517,1.2645);
#2118=VECTOR('',#7520,1.2645);
#2119=VECTOR('',#7523,1.2645);
#2120=VECTOR('',#7526,1.2645);
#2121=VECTOR('',#7529,1.2645);
#2122=VECTOR('',#7532,1.2645);
#2123=VECTOR('',#7535,1.2645);
#2124=VECTOR('',#7538,1.2645);
#2125=VECTOR('',#7541,1.2645);
#2126=VECTOR('',#7544,1.2645);
#2127=VECTOR('',#7547,1.2645);
#2128=VECTOR('',#7550,1.2645);
#2129=VECTOR('',#7553,1.2645);
#2130=VECTOR('',#7556,1.2645);
#2131=VECTOR('',#7559,1.2645);
#2132=VECTOR('',#7562,1.2645);
#2133=VECTOR('',#7565,1.2645);
#2134=VECTOR('',#7568,1.2645);
#2135=VECTOR('',#7571,1.2645);
#2136=VECTOR('',#7574,1.2645);
#2137=VECTOR('',#7577,1.2645);
#2138=VECTOR('',#7580,1.2645);
#2139=VECTOR('',#7583,1.2645);
#2140=VECTOR('',#7586,1.2645);
#2141=VECTOR('',#7589,1.2645);
#2142=VECTOR('',#7592,1.2645);
#2143=VECTOR('',#7595,1.2645);
#2144=VECTOR('',#7598,1.2645);
#2145=VECTOR('',#7601,1.2645);
#2146=VECTOR('',#7604,1.2645);
#2147=VECTOR('',#7607,1.2645);
#2148=VECTOR('',#7610,1.2645);
#2149=B_SPLINE_CURVE_WITH_KNOTS('',3,(#7667,#7668,#7669,#7670),
 .UNSPECIFIED.,.F.,.F.,(4,4),(0.257003494209765,0.306460448364973),
 .UNSPECIFIED.);
#2150=B_SPLINE_CURVE_WITH_KNOTS('',3,(#7674,#7675,#7676,#7677),
 .UNSPECIFIED.,.F.,.F.,(4,4),(0.91550442772355,0.964556226693065),
 .UNSPECIFIED.);
#2151=B_SPLINE_CURVE_WITH_KNOTS('',3,(#7698,#7699,#7700,#7701),
 .UNSPECIFIED.,.F.,.F.,(4,4),(0.25345167670795,0.302511187571101),
 .UNSPECIFIED.);
#2152=B_SPLINE_CURVE_WITH_KNOTS('',3,(#7704,#7705,#7706,#7707),
 .UNSPECIFIED.,.F.,.F.,(4,4),(0.97196880439392,1.02142575854914),
 .UNSPECIFIED.);
#2153=VERTEX_POINT('',#7665);
#2154=VERTEX_POINT('',#7666);
#2155=VERTEX_POINT('',#7671);
#2156=VERTEX_POINT('',#7673);
#2157=VERTEX_POINT('',#7678);
#2158=VERTEX_POINT('',#7680);
#2159=VERTEX_POINT('',#7684);
#2160=VERTEX_POINT('',#7686);
#2161=VERTEX_POINT('',#7690);
#2162=VERTEX_POINT('',#7691);
#2163=VERTEX_POINT('',#7693);
#2164=VERTEX_POINT('',#7695);
#2165=VERTEX_POINT('',#7697);
#2166=VERTEX_POINT('',#7702);
#2167=VERTEX_POINT('',#7709);
#2168=VERTEX_POINT('',#7711);
#2169=VERTEX_POINT('',#7715);
#2170=VERTEX_POINT('',#7716);
#2171=VERTEX_POINT('',#7718);
#2172=VERTEX_POINT('',#7720);
#2173=VERTEX_POINT('',#7724);
#2174=VERTEX_POINT('',#7726);
#2175=VERTEX_POINT('',#7730);
#2176=VERTEX_POINT('',#7731);
#2177=VERTEX_POINT('',#7733);
#2178=VERTEX_POINT('',#7735);
#2179=VERTEX_POINT('',#7739);
#2180=VERTEX_POINT('',#7741);
#2181=VERTEX_POINT('',#7744);
#2182=VERTEX_POINT('',#7746);
#2183=VERTEX_POINT('',#7750);
#2184=VERTEX_POINT('',#7751);
#2185=VERTEX_POINT('',#7753);
#2186=VERTEX_POINT('',#7755);
#2187=VERTEX_POINT('',#7762);
#2188=VERTEX_POINT('',#7764);
#2189=VERTEX_POINT('',#7768);
#2190=VERTEX_POINT('',#7769);
#2191=VERTEX_POINT('',#7771);
#2192=VERTEX_POINT('',#7773);
#2193=VERTEX_POINT('',#7777);
#2194=VERTEX_POINT('',#7779);
#2195=VERTEX_POINT('',#7783);
#2196=VERTEX_POINT('',#7784);
#2197=VERTEX_POINT('',#7786);
#2198=VERTEX_POINT('',#7788);
#2199=VERTEX_POINT('',#7792);
#2200=VERTEX_POINT('',#7794);
#2201=VERTEX_POINT('',#7798);
#2202=VERTEX_POINT('',#7800);
#2203=VERTEX_POINT('',#7804);
#2204=VERTEX_POINT('',#7806);
#2205=VERTEX_POINT('',#7810);
#2206=VERTEX_POINT('',#7812);
#2207=VERTEX_POINT('',#7815);
#2208=VERTEX_POINT('',#7817);
#2209=VERTEX_POINT('',#7821);
#2210=VERTEX_POINT('',#7822);
#2211=VERTEX_POINT('',#7824);
#2212=VERTEX_POINT('',#7826);
#2213=VERTEX_POINT('',#7830);
#2214=VERTEX_POINT('',#7832);
#2215=VERTEX_POINT('',#7834);
#2216=VERTEX_POINT('',#7836);
#2217=VERTEX_POINT('',#7838);
#2218=VERTEX_POINT('',#7840);
#2219=VERTEX_POINT('',#7844);
#2220=VERTEX_POINT('',#7846);
#2221=VERTEX_POINT('',#7850);
#2222=VERTEX_POINT('',#7852);
#2223=VERTEX_POINT('',#7856);
#2224=VERTEX_POINT('',#7857);
#2225=VERTEX_POINT('',#7859);
#2226=VERTEX_POINT('',#7861);
#2227=VERTEX_POINT('',#7868);
#2228=VERTEX_POINT('',#7870);
#2229=VERTEX_POINT('',#7874);
#2230=VERTEX_POINT('',#7875);
#2231=VERTEX_POINT('',#7877);
#2232=VERTEX_POINT('',#7879);
#2233=VERTEX_POINT('',#7883);
#2234=VERTEX_POINT('',#7885);
#2235=VERTEX_POINT('',#7889);
#2236=VERTEX_POINT('',#7890);
#2237=VERTEX_POINT('',#7892);
#2238=VERTEX_POINT('',#7894);
#2239=VERTEX_POINT('',#7898);
#2240=VERTEX_POINT('',#7900);
#2241=VERTEX_POINT('',#7904);
#2242=VERTEX_POINT('',#7906);
#2243=VERTEX_POINT('',#7910);
#2244=VERTEX_POINT('',#7912);
#2245=VERTEX_POINT('',#7916);
#2246=VERTEX_POINT('',#7918);
#2247=VERTEX_POINT('',#7921);
#2248=VERTEX_POINT('',#7923);
#2249=VERTEX_POINT('',#7927);
#2250=VERTEX_POINT('',#7928);
#2251=VERTEX_POINT('',#7930);
#2252=VERTEX_POINT('',#7932);
#2253=VERTEX_POINT('',#7936);
#2254=VERTEX_POINT('',#7938);
#2255=VERTEX_POINT('',#7942);
#2256=VERTEX_POINT('',#7944);
#2257=VERTEX_POINT('',#7946);
#2258=VERTEX_POINT('',#7949);
#2259=VERTEX_POINT('',#7951);
#2260=VERTEX_POINT('',#7953);
#2261=VERTEX_POINT('',#7956);
#2262=VERTEX_POINT('',#7957);
#2263=VERTEX_POINT('',#7962);
#2264=VERTEX_POINT('',#7966);
#2265=VERTEX_POINT('',#7967);
#2266=VERTEX_POINT('',#7969);
#2267=VERTEX_POINT('',#7971);
#2268=VERTEX_POINT('',#7975);
#2269=VERTEX_POINT('',#7977);
#2270=VERTEX_POINT('',#7979);
#2271=VERTEX_POINT('',#7985);
#2272=VERTEX_POINT('',#7988);
#2273=VERTEX_POINT('',#7990);
#2274=VERTEX_POINT('',#7992);
#2275=VERTEX_POINT('',#7994);
#2276=VERTEX_POINT('',#7996);
#2277=VERTEX_POINT('',#7999);
#2278=VERTEX_POINT('',#8003);
#2279=VERTEX_POINT('',#8004);
#2280=VERTEX_POINT('',#8006);
#2281=VERTEX_POINT('',#8008);
#2282=VERTEX_POINT('',#8012);
#2283=VERTEX_POINT('',#8014);
#2284=VERTEX_POINT('',#8018);
#2285=VERTEX_POINT('',#8021);
#2286=VERTEX_POINT('',#8024);
#2287=VERTEX_POINT('',#8026);
#2288=VERTEX_POINT('',#8028);
#2289=VERTEX_POINT('',#8031);
#2290=VERTEX_POINT('',#8037);
#2291=VERTEX_POINT('',#8041);
#2292=VERTEX_POINT('',#8042);
#2293=VERTEX_POINT('',#8044);
#2294=VERTEX_POINT('',#8046);
#2295=VERTEX_POINT('',#8050);
#2296=VERTEX_POINT('',#8052);
#2297=VERTEX_POINT('',#8056);
#2298=VERTEX_POINT('',#8058);
#2299=VERTEX_POINT('',#8062);
#2300=VERTEX_POINT('',#8063);
#2301=VERTEX_POINT('',#8065);
#2302=VERTEX_POINT('',#8067);
#2303=VERTEX_POINT('',#8071);
#2304=VERTEX_POINT('',#8073);
#2305=VERTEX_POINT('',#8077);
#2306=VERTEX_POINT('',#8079);
#2307=VERTEX_POINT('',#8083);
#2308=VERTEX_POINT('',#8084);
#2309=VERTEX_POINT('',#8086);
#2310=VERTEX_POINT('',#8088);
#2311=VERTEX_POINT('',#8092);
#2312=VERTEX_POINT('',#8094);
#2313=VERTEX_POINT('',#8098);
#2314=VERTEX_POINT('',#8100);
#2315=VERTEX_POINT('',#8104);
#2316=VERTEX_POINT('',#8105);
#2317=VERTEX_POINT('',#8107);
#2318=VERTEX_POINT('',#8109);
#2319=VERTEX_POINT('',#8113);
#2320=VERTEX_POINT('',#8115);
#2321=VERTEX_POINT('',#8119);
#2322=VERTEX_POINT('',#8121);
#2323=VERTEX_POINT('',#8125);
#2324=VERTEX_POINT('',#8126);
#2325=VERTEX_POINT('',#8128);
#2326=VERTEX_POINT('',#8130);
#2327=VERTEX_POINT('',#8134);
#2328=VERTEX_POINT('',#8136);
#2329=VERTEX_POINT('',#8140);
#2330=VERTEX_POINT('',#8141);
#2331=VERTEX_POINT('',#8143);
#2332=VERTEX_POINT('',#8145);
#2333=VERTEX_POINT('',#8152);
#2334=VERTEX_POINT('',#8153);
#2335=VERTEX_POINT('',#8155);
#2336=VERTEX_POINT('',#8157);
#2337=VERTEX_POINT('',#8161);
#2338=VERTEX_POINT('',#8163);
#2339=VERTEX_POINT('',#8167);
#2340=VERTEX_POINT('',#8169);
#2341=VERTEX_POINT('',#8173);
#2342=VERTEX_POINT('',#8174);
#2343=VERTEX_POINT('',#8176);
#2344=VERTEX_POINT('',#8178);
#2345=VERTEX_POINT('',#8182);
#2346=VERTEX_POINT('',#8184);
#2347=VERTEX_POINT('',#8188);
#2348=VERTEX_POINT('',#8190);
#2349=VERTEX_POINT('',#8194);
#2350=VERTEX_POINT('',#8195);
#2351=VERTEX_POINT('',#8197);
#2352=VERTEX_POINT('',#8199);
#2353=VERTEX_POINT('',#8203);
#2354=VERTEX_POINT('',#8205);
#2355=VERTEX_POINT('',#8212);
#2356=VERTEX_POINT('',#8213);
#2357=VERTEX_POINT('',#8215);
#2358=VERTEX_POINT('',#8217);
#2359=VERTEX_POINT('',#8221);
#2360=VERTEX_POINT('',#8223);
#2361=VERTEX_POINT('',#8227);
#2362=VERTEX_POINT('',#8229);
#2363=VERTEX_POINT('',#8233);
#2364=VERTEX_POINT('',#8234);
#2365=VERTEX_POINT('',#8236);
#2366=VERTEX_POINT('',#8238);
#2367=VERTEX_POINT('',#8242);
#2368=VERTEX_POINT('',#8244);
#2369=VERTEX_POINT('',#8248);
#2370=VERTEX_POINT('',#8250);
#2371=VERTEX_POINT('',#8254);
#2372=VERTEX_POINT('',#8255);
#2373=VERTEX_POINT('',#8257);
#2374=VERTEX_POINT('',#8259);
#2375=VERTEX_POINT('',#8263);
#2376=VERTEX_POINT('',#8265);
#2377=VERTEX_POINT('',#8269);
#2378=VERTEX_POINT('',#8271);
#2379=VERTEX_POINT('',#8275);
#2380=VERTEX_POINT('',#8276);
#2381=VERTEX_POINT('',#8278);
#2382=VERTEX_POINT('',#8280);
#2383=VERTEX_POINT('',#8284);
#2384=VERTEX_POINT('',#8286);
#2385=VERTEX_POINT('',#8290);
#2386=VERTEX_POINT('',#8292);
#2387=VERTEX_POINT('',#8296);
#2388=VERTEX_POINT('',#8297);
#2389=VERTEX_POINT('',#8299);
#2390=VERTEX_POINT('',#8301);
#2391=VERTEX_POINT('',#8305);
#2392=VERTEX_POINT('',#8307);
#2393=VERTEX_POINT('',#8311);
#2394=VERTEX_POINT('',#8313);
#2395=VERTEX_POINT('',#8317);
#2396=VERTEX_POINT('',#8318);
#2397=VERTEX_POINT('',#8320);
#2398=VERTEX_POINT('',#8322);
#2399=VERTEX_POINT('',#8326);
#2400=VERTEX_POINT('',#8328);
#2401=VERTEX_POINT('',#8332);
#2402=VERTEX_POINT('',#8334);
#2403=VERTEX_POINT('',#8338);
#2404=VERTEX_POINT('',#8339);
#2405=VERTEX_POINT('',#8341);
#2406=VERTEX_POINT('',#8343);
#2407=VERTEX_POINT('',#8347);
#2408=VERTEX_POINT('',#8349);
#2409=VERTEX_POINT('',#8353);
#2410=VERTEX_POINT('',#8355);
#2411=VERTEX_POINT('',#8359);
#2412=VERTEX_POINT('',#8360);
#2413=VERTEX_POINT('',#8362);
#2414=VERTEX_POINT('',#8364);
#2415=VERTEX_POINT('',#8368);
#2416=VERTEX_POINT('',#8370);
#2417=VERTEX_POINT('',#8374);
#2418=VERTEX_POINT('',#8376);
#2419=VERTEX_POINT('',#8383);
#2420=VERTEX_POINT('',#8384);
#2421=VERTEX_POINT('',#8386);
#2422=VERTEX_POINT('',#8388);
#2423=VERTEX_POINT('',#8392);
#2424=VERTEX_POINT('',#8394);
#2425=VERTEX_POINT('',#8398);
#2426=VERTEX_POINT('',#8399);
#2427=VERTEX_POINT('',#8401);
#2428=VERTEX_POINT('',#8403);
#2429=VERTEX_POINT('',#8407);
#2430=VERTEX_POINT('',#8409);
#2431=VERTEX_POINT('',#8413);
#2432=VERTEX_POINT('',#8415);
#2433=VERTEX_POINT('',#8419);
#2434=VERTEX_POINT('',#8420);
#2435=VERTEX_POINT('',#8422);
#2436=VERTEX_POINT('',#8424);
#2437=VERTEX_POINT('',#8429);
#2438=VERTEX_POINT('',#8431);
#2439=VERTEX_POINT('',#8434);
#2440=VERTEX_POINT('',#8440);
#2441=VERTEX_POINT('',#8441);
#2442=VERTEX_POINT('',#8443);
#2443=VERTEX_POINT('',#8445);
#2444=VERTEX_POINT('',#8447);
#2445=VERTEX_POINT('',#8449);
#2446=VERTEX_POINT('',#8451);
#2447=VERTEX_POINT('',#8453);
#2448=VERTEX_POINT('',#8455);
#2449=VERTEX_POINT('',#8457);
#2450=VERTEX_POINT('',#8459);
#2451=VERTEX_POINT('',#8461);
#2452=VERTEX_POINT('',#8463);
#2453=VERTEX_POINT('',#8465);
#2454=VERTEX_POINT('',#8467);
#2455=VERTEX_POINT('',#8469);
#2456=VERTEX_POINT('',#8479);
#2457=VERTEX_POINT('',#8480);
#2458=VERTEX_POINT('',#8482);
#2459=VERTEX_POINT('',#8484);
#2460=VERTEX_POINT('',#8486);
#2461=VERTEX_POINT('',#8488);
#2462=VERTEX_POINT('',#8490);
#2463=VERTEX_POINT('',#8492);
#2464=VERTEX_POINT('',#8494);
#2465=VERTEX_POINT('',#8496);
#2466=VERTEX_POINT('',#8498);
#2467=VERTEX_POINT('',#8500);
#2468=VERTEX_POINT('',#8502);
#2469=VERTEX_POINT('',#8504);
#2470=VERTEX_POINT('',#8506);
#2471=VERTEX_POINT('',#8508);
#2472=VERTEX_POINT('',#8518);
#2473=VERTEX_POINT('',#8520);
#2474=VERTEX_POINT('',#8523);
#2475=VERTEX_POINT('',#8525);
#2476=VERTEX_POINT('',#8527);
#2477=VERTEX_POINT('',#8529);
#2478=VERTEX_POINT('',#8531);
#2479=VERTEX_POINT('',#8533);
#2480=VERTEX_POINT('',#8535);
#2481=VERTEX_POINT('',#8539);
#2482=VERTEX_POINT('',#8541);
#2483=VERTEX_POINT('',#8543);
#2484=VERTEX_POINT('',#8545);
#2485=VERTEX_POINT('',#8547);
#2486=VERTEX_POINT('',#8549);
#2487=VERTEX_POINT('',#8551);
#2488=VERTEX_POINT('',#8553);
#2489=VERTEX_POINT('',#8555);
#2490=VERTEX_POINT('',#8557);
#2491=VERTEX_POINT('',#8559);
#2492=VERTEX_POINT('',#8561);
#2493=VERTEX_POINT('',#8563);
#2494=VERTEX_POINT('',#8565);
#2495=VERTEX_POINT('',#8567);
#2496=VERTEX_POINT('',#8569);
#2497=VERTEX_POINT('',#8571);
#2498=VERTEX_POINT('',#8573);
#2499=VERTEX_POINT('',#8575);
#2500=VERTEX_POINT('',#8577);
#2501=VERTEX_POINT('',#8579);
#2502=VERTEX_POINT('',#8581);
#2503=VERTEX_POINT('',#8583);
#2504=VERTEX_POINT('',#8585);
#2505=VERTEX_POINT('',#8587);
#2506=VERTEX_POINT('',#8589);
#2507=VERTEX_POINT('',#8591);
#2508=VERTEX_POINT('',#8593);
#2509=VERTEX_POINT('',#8595);
#2510=VERTEX_POINT('',#8597);
#2511=VERTEX_POINT('',#8599);
#2512=VERTEX_POINT('',#8601);
#2513=VERTEX_POINT('',#8603);
#2514=VERTEX_POINT('',#8605);
#2515=VERTEX_POINT('',#8607);
#2516=VERTEX_POINT('',#8609);
#2517=VERTEX_POINT('',#8611);
#2518=VERTEX_POINT('',#8613);
#2519=VERTEX_POINT('',#8615);
#2520=VERTEX_POINT('',#8617);
#2521=VERTEX_POINT('',#8619);
#2522=VERTEX_POINT('',#8621);
#2523=VERTEX_POINT('',#8623);
#2524=VERTEX_POINT('',#8625);
#2525=VERTEX_POINT('',#8628);
#2526=VERTEX_POINT('',#8632);
#2527=VERTEX_POINT('',#8636);
#2528=VERTEX_POINT('',#8638);
#2529=VERTEX_POINT('',#8642);
#2530=VERTEX_POINT('',#8646);
#2531=VERTEX_POINT('',#8650);
#2532=VERTEX_POINT('',#8651);
#2533=VERTEX_POINT('',#8656);
#2534=VERTEX_POINT('',#8662);
#2535=VERTEX_POINT('',#8664);
#2536=VERTEX_POINT('',#8668);
#2537=VERTEX_POINT('',#8672);
#2538=VERTEX_POINT('',#8673);
#2539=VERTEX_POINT('',#8678);
#2540=VERTEX_POINT('',#8682);
#2541=VERTEX_POINT('',#8686);
#2542=VERTEX_POINT('',#8690);
#2543=VERTEX_POINT('',#8691);
#2544=VERTEX_POINT('',#8696);
#2545=VERTEX_POINT('',#8700);
#2546=VERTEX_POINT('',#8704);
#2547=VERTEX_POINT('',#8705);
#2548=VERTEX_POINT('',#8710);
#2549=VERTEX_POINT('',#8714);
#2550=VERTEX_POINT('',#8718);
#2551=VERTEX_POINT('',#8719);
#2552=VERTEX_POINT('',#8724);
#2553=VERTEX_POINT('',#8728);
#2554=VERTEX_POINT('',#8732);
#2555=VERTEX_POINT('',#8733);
#2556=VERTEX_POINT('',#8738);
#2557=VERTEX_POINT('',#8742);
#2558=VERTEX_POINT('',#8746);
#2559=VERTEX_POINT('',#8747);
#2560=VERTEX_POINT('',#8752);
#2561=VERTEX_POINT('',#8756);
#2562=VERTEX_POINT('',#8760);
#2563=VERTEX_POINT('',#8761);
#2564=VERTEX_POINT('',#8766);
#2565=VERTEX_POINT('',#8770);
#2566=VERTEX_POINT('',#8774);
#2567=VERTEX_POINT('',#8776);
#2568=VERTEX_POINT('',#8779);
#2569=VERTEX_POINT('',#8781);
#2570=VERTEX_POINT('',#8785);
#2571=VERTEX_POINT('',#8787);
#2572=VERTEX_POINT('',#8790);
#2573=VERTEX_POINT('',#8792);
#2574=VERTEX_POINT('',#8796);
#2575=VERTEX_POINT('',#8798);
#2576=VERTEX_POINT('',#8801);
#2577=VERTEX_POINT('',#8803);
#2578=VERTEX_POINT('',#8807);
#2579=VERTEX_POINT('',#8809);
#2580=VERTEX_POINT('',#8819);
#2581=VERTEX_POINT('',#8821);
#2582=VERTEX_POINT('',#8825);
#2583=VERTEX_POINT('',#8830);
#2584=VERTEX_POINT('',#8838);
#2585=VERTEX_POINT('',#8842);
#2586=VERTEX_POINT('',#8846);
#2587=VERTEX_POINT('',#8848);
#2588=VERTEX_POINT('',#8853);
#2589=VERTEX_POINT('',#8855);
#2590=VERTEX_POINT('',#8865);
#2591=VERTEX_POINT('',#8867);
#2592=VERTEX_POINT('',#8884);
#2593=VERTEX_POINT('',#8887);
#2594=VERTEX_POINT('',#8889);
#2595=VERTEX_POINT('',#8919);
#2596=VERTEX_POINT('',#8921);
#2597=VERTEX_POINT('',#8923);
#2598=VERTEX_POINT('',#8925);
#2599=VERTEX_POINT('',#8927);
#2600=VERTEX_POINT('',#8929);
#2601=VERTEX_POINT('',#8931);
#2602=VERTEX_POINT('',#8933);
#2603=VERTEX_POINT('',#8935);
#2604=VERTEX_POINT('',#8937);
#2605=VERTEX_POINT('',#8939);
#2606=VERTEX_POINT('',#8941);
#2607=VERTEX_POINT('',#8943);
#2608=VERTEX_POINT('',#8945);
#2609=VERTEX_POINT('',#8947);
#2610=VERTEX_POINT('',#8949);
#2611=VERTEX_POINT('',#8951);
#2612=VERTEX_POINT('',#8953);
#2613=VERTEX_POINT('',#8955);
#2614=VERTEX_POINT('',#8957);
#2615=VERTEX_POINT('',#8959);
#2616=VERTEX_POINT('',#8961);
#2617=VERTEX_POINT('',#8963);
#2618=VERTEX_POINT('',#8965);
#2619=VERTEX_POINT('',#8967);
#2620=VERTEX_POINT('',#8969);
#2621=VERTEX_POINT('',#8971);
#2622=VERTEX_POINT('',#8973);
#2623=VERTEX_POINT('',#8975);
#2624=VERTEX_POINT('',#8977);
#2625=VERTEX_POINT('',#8979);
#2626=VERTEX_POINT('',#8981);
#2627=VERTEX_POINT('',#8983);
#2628=VERTEX_POINT('',#8985);
#2629=VERTEX_POINT('',#8987);
#2630=VERTEX_POINT('',#8989);
#2631=VERTEX_POINT('',#8991);
#2632=VERTEX_POINT('',#8993);
#2633=VERTEX_POINT('',#8995);
#2634=VERTEX_POINT('',#8997);
#2635=VERTEX_POINT('',#8999);
#2636=VERTEX_POINT('',#9001);
#2637=VERTEX_POINT('',#9003);
#2638=VERTEX_POINT('',#9005);
#2639=VERTEX_POINT('',#9018);
#2640=VERTEX_POINT('',#9022);
#2641=VERTEX_POINT('',#9026);
#2642=VERTEX_POINT('',#9030);
#2643=VERTEX_POINT('',#9034);
#2644=VERTEX_POINT('',#9060);
#2645=VERTEX_POINT('',#9064);
#2646=VERTEX_POINT('',#9068);
#2647=VERTEX_POINT('',#9072);
#2648=VERTEX_POINT('',#9076);
#2649=VERTEX_POINT('',#9080);
#2650=VERTEX_POINT('',#9084);
#2651=EDGE_CURVE('',#2153,#2154,#2149,.F.);
#2652=EDGE_CURVE('',#2153,#2155,#1243,.T.);
#2653=EDGE_CURVE('',#2156,#2155,#2150,.F.);
#2654=EDGE_CURVE('',#2157,#2156,#923,.F.);
#2655=EDGE_CURVE('',#2157,#2158,#1244,.T.);
#2656=EDGE_CURVE('',#2154,#2158,#924,.F.);
#2657=EDGE_CURVE('',#2159,#2157,#1245,.T.);
#2658=EDGE_CURVE('',#2160,#2159,#1246,.T.);
#2659=EDGE_CURVE('',#2158,#2160,#1247,.T.);
#2660=EDGE_CURVE('',#2161,#2162,#925,.T.);
#2661=EDGE_CURVE('',#2162,#2163,#1248,.T.);
#2662=EDGE_CURVE('',#2163,#2164,#926,.T.);
#2663=EDGE_CURVE('',#2164,#2165,#2151,.T.);
#2664=EDGE_CURVE('',#2165,#2166,#1249,.T.);
#2665=EDGE_CURVE('',#2166,#2161,#2152,.T.);
#2666=EDGE_CURVE('',#2167,#2165,#927,.T.);
#2667=EDGE_CURVE('',#2168,#2167,#1250,.T.);
#2668=EDGE_CURVE('',#2168,#2166,#928,.T.);
#2669=EDGE_CURVE('',#2169,#2170,#929,.T.);
#2670=EDGE_CURVE('',#2170,#2171,#1251,.T.);
#2671=EDGE_CURVE('',#2171,#2172,#930,.T.);
#2672=EDGE_CURVE('',#2172,#2169,#1252,.T.);
#2673=EDGE_CURVE('',#2173,#2170,#1253,.T.);
#2674=EDGE_CURVE('',#2174,#2173,#1254,.T.);
#2675=EDGE_CURVE('',#2171,#2174,#1255,.T.);
#2676=EDGE_CURVE('',#2175,#2176,#931,.T.);
#2677=EDGE_CURVE('',#2176,#2177,#1256,.T.);
#2678=EDGE_CURVE('',#2177,#2178,#932,.T.);
#2679=EDGE_CURVE('',#2178,#2175,#1257,.T.);
#2680=EDGE_CURVE('',#2179,#2172,#933,.T.);
#2681=EDGE_CURVE('',#2180,#2179,#1258,.T.);
#2682=EDGE_CURVE('',#2177,#2180,#934,.T.);
#2683=EDGE_CURVE('',#2181,#2176,#935,.T.);
#2684=EDGE_CURVE('',#2182,#2181,#1259,.T.);
#2685=EDGE_CURVE('',#2169,#2182,#936,.T.);
#2686=EDGE_CURVE('',#2183,#2184,#937,.T.);
#2687=EDGE_CURVE('',#2184,#2185,#1260,.T.);
#2688=EDGE_CURVE('',#2185,#2186,#938,.T.);
#2689=EDGE_CURVE('',#2186,#2183,#1261,.T.);
#2690=EDGE_CURVE('',#2185,#2178,#1262,.T.);
#2691=EDGE_CURVE('',#2175,#2184,#1263,.T.);
#2692=EDGE_CURVE('',#2187,#2174,#939,.T.);
#2693=EDGE_CURVE('',#2173,#2188,#940,.T.);
#2694=EDGE_CURVE('',#2188,#2187,#1264,.T.);
#2695=EDGE_CURVE('',#2189,#2190,#941,.T.);
#2696=EDGE_CURVE('',#2190,#2191,#1265,.T.);
#2697=EDGE_CURVE('',#2191,#2192,#942,.T.);
#2698=EDGE_CURVE('',#2192,#2189,#1266,.T.);
#2699=EDGE_CURVE('',#2193,#2190,#1267,.T.);
#2700=EDGE_CURVE('',#2194,#2193,#1268,.T.);
#2701=EDGE_CURVE('',#2191,#2194,#1269,.T.);
#2702=EDGE_CURVE('',#2195,#2196,#943,.T.);
#2703=EDGE_CURVE('',#2196,#2197,#1270,.T.);
#2704=EDGE_CURVE('',#2197,#2198,#944,.T.);
#2705=EDGE_CURVE('',#2198,#2195,#1271,.T.);
#2706=EDGE_CURVE('',#2199,#2196,#1272,.T.);
#2707=EDGE_CURVE('',#2200,#2199,#1273,.T.);
#2708=EDGE_CURVE('',#2197,#2200,#1274,.T.);
#2709=EDGE_CURVE('',#2201,#2200,#945,.T.);
#2710=EDGE_CURVE('',#2199,#2202,#946,.T.);
#2711=EDGE_CURVE('',#2202,#2201,#1275,.T.);
#2712=EDGE_CURVE('',#2193,#2203,#947,.T.);
#2713=EDGE_CURVE('',#2203,#2204,#1276,.T.);
#2714=EDGE_CURVE('',#2204,#2194,#948,.T.);
#2715=EDGE_CURVE('',#2205,#2202,#949,.T.);
#2716=EDGE_CURVE('',#2206,#2205,#1277,.T.);
#2717=EDGE_CURVE('',#2204,#2206,#950,.T.);
#2718=EDGE_CURVE('',#2207,#2203,#951,.T.);
#2719=EDGE_CURVE('',#2208,#2207,#1278,.T.);
#2720=EDGE_CURVE('',#2201,#2208,#952,.T.);
#2721=EDGE_CURVE('',#2209,#2210,#953,.T.);
#2722=EDGE_CURVE('',#2210,#2211,#1279,.T.);
#2723=EDGE_CURVE('',#2211,#2212,#954,.T.);
#2724=EDGE_CURVE('',#2212,#2209,#1280,.T.);
#2725=EDGE_CURVE('',#2213,#2210,#955,.T.);
#2726=EDGE_CURVE('',#2214,#2213,#1281,.T.);
#2727=EDGE_CURVE('',#2215,#2214,#956,.T.);
#2728=EDGE_CURVE('',#2216,#2215,#1282,.T.);
#2729=EDGE_CURVE('',#2217,#2216,#957,.T.);
#2730=EDGE_CURVE('',#2218,#2217,#1283,.T.);
#2731=EDGE_CURVE('',#2211,#2218,#958,.T.);
#2732=EDGE_CURVE('',#2215,#2219,#959,.T.);
#2733=EDGE_CURVE('',#2219,#2220,#1284,.T.);
#2734=EDGE_CURVE('',#2220,#2216,#960,.T.);
#2735=EDGE_CURVE('',#2221,#2219,#1285,.T.);
#2736=EDGE_CURVE('',#2222,#2221,#1286,.T.);
#2737=EDGE_CURVE('',#2220,#2222,#1287,.T.);
#2738=EDGE_CURVE('',#2223,#2224,#961,.T.);
#2739=EDGE_CURVE('',#2224,#2225,#1288,.T.);
#2740=EDGE_CURVE('',#2225,#2226,#962,.T.);
#2741=EDGE_CURVE('',#2226,#2223,#1289,.T.);
#2742=EDGE_CURVE('',#2225,#2212,#1290,.T.);
#2743=EDGE_CURVE('',#2209,#2224,#1291,.T.);
#2744=EDGE_CURVE('',#2227,#2222,#963,.T.);
#2745=EDGE_CURVE('',#2221,#2228,#964,.T.);
#2746=EDGE_CURVE('',#2228,#2227,#1292,.T.);
#2747=EDGE_CURVE('',#2229,#2230,#965,.T.);
#2748=EDGE_CURVE('',#2230,#2231,#1293,.T.);
#2749=EDGE_CURVE('',#2231,#2232,#966,.T.);
#2750=EDGE_CURVE('',#2232,#2229,#1294,.T.);
#2751=EDGE_CURVE('',#2233,#2230,#1295,.T.);
#2752=EDGE_CURVE('',#2234,#2233,#1296,.T.);
#2753=EDGE_CURVE('',#2231,#2234,#1297,.T.);
#2754=EDGE_CURVE('',#2235,#2236,#967,.T.);
#2755=EDGE_CURVE('',#2236,#2237,#1298,.T.);
#2756=EDGE_CURVE('',#2237,#2238,#968,.T.);
#2757=EDGE_CURVE('',#2238,#2235,#1299,.T.);
#2758=EDGE_CURVE('',#2239,#2236,#1300,.T.);
#2759=EDGE_CURVE('',#2240,#2239,#1301,.T.);
#2760=EDGE_CURVE('',#2237,#2240,#1302,.T.);
#2761=EDGE_CURVE('',#2241,#2240,#969,.T.);
#2762=EDGE_CURVE('',#2239,#2242,#970,.T.);
#2763=EDGE_CURVE('',#2242,#2241,#1303,.T.);
#2764=EDGE_CURVE('',#2233,#2243,#971,.T.);
#2765=EDGE_CURVE('',#2243,#2244,#1304,.T.);
#2766=EDGE_CURVE('',#2244,#2234,#972,.T.);
#2767=EDGE_CURVE('',#2245,#2242,#973,.T.);
#2768=EDGE_CURVE('',#2246,#2245,#1305,.T.);
#2769=EDGE_CURVE('',#2244,#2246,#974,.T.);
#2770=EDGE_CURVE('',#2247,#2243,#975,.T.);
#2771=EDGE_CURVE('',#2248,#2247,#1306,.T.);
#2772=EDGE_CURVE('',#2241,#2248,#976,.T.);
#2773=EDGE_CURVE('',#2249,#2250,#977,.T.);
#2774=EDGE_CURVE('',#2250,#2251,#1307,.T.);
#2775=EDGE_CURVE('',#2251,#2252,#978,.T.);
#2776=EDGE_CURVE('',#2252,#2249,#1308,.T.);
#2777=EDGE_CURVE('',#2252,#2253,#1309,.T.);
#2778=EDGE_CURVE('',#2253,#2254,#1310,.T.);
#2779=EDGE_CURVE('',#2249,#2254,#1311,.T.);
#2780=EDGE_CURVE('',#2251,#2255,#1312,.T.);
#2781=EDGE_CURVE('',#2256,#2255,#979,.T.);
#2782=EDGE_CURVE('',#2256,#2257,#1313,.T.);
#2783=EDGE_CURVE('',#2257,#2253,#1314,.T.);
#2784=EDGE_CURVE('',#2258,#2258,#980,.T.);
#2785=EDGE_CURVE('',#2259,#2259,#981,.T.);
#2786=EDGE_CURVE('',#2260,#2260,#982,.T.);
#2787=EDGE_CURVE('',#2261,#2262,#983,.T.);
#2788=EDGE_CURVE('',#2262,#2256,#1315,.T.);
#2789=EDGE_CURVE('',#2255,#2261,#1316,.T.);
#2790=EDGE_CURVE('',#2263,#2262,#1317,.T.);
#2791=EDGE_CURVE('',#2263,#2257,#1318,.T.);
#2792=EDGE_CURVE('',#2264,#2265,#984,.T.);
#2793=EDGE_CURVE('',#2265,#2266,#1319,.T.);
#2794=EDGE_CURVE('',#2266,#2267,#985,.T.);
#2795=EDGE_CURVE('',#2267,#2264,#1320,.T.);
#2796=EDGE_CURVE('',#2266,#2268,#1321,.T.);
#2797=EDGE_CURVE('',#2269,#2268,#986,.T.);
#2798=EDGE_CURVE('',#2269,#2270,#1322,.T.);
#2799=EDGE_CURVE('',#2270,#2172,#1323,.T.);
#2800=EDGE_CURVE('',#2187,#2202,#1324,.T.);
#2801=EDGE_CURVE('',#2195,#2216,#1325,.T.);
#2802=EDGE_CURVE('',#2227,#2242,#1326,.T.);
#2803=EDGE_CURVE('',#2235,#2271,#1327,.T.);
#2804=EDGE_CURVE('',#2267,#2271,#1328,.T.);
#2805=EDGE_CURVE('',#2272,#2272,#987,.T.);
#2806=EDGE_CURVE('',#2273,#2273,#988,.T.);
#2807=EDGE_CURVE('',#2274,#2274,#989,.T.);
#2808=EDGE_CURVE('',#2275,#2275,#990,.T.);
#2809=EDGE_CURVE('',#2276,#2276,#991,.T.);
#2810=EDGE_CURVE('',#2277,#2265,#1329,.T.);
#2811=EDGE_CURVE('',#2268,#2277,#1330,.T.);
#2812=EDGE_CURVE('',#2278,#2279,#992,.T.);
#2813=EDGE_CURVE('',#2279,#2280,#1331,.T.);
#2814=EDGE_CURVE('',#2280,#2281,#993,.T.);
#2815=EDGE_CURVE('',#2281,#2278,#1332,.T.);
#2816=EDGE_CURVE('',#2282,#2281,#1333,.T.);
#2817=EDGE_CURVE('',#2283,#2282,#1334,.T.);
#2818=EDGE_CURVE('',#2278,#2283,#1335,.T.);
#2819=EDGE_CURVE('',#2280,#2284,#1336,.T.);
#2820=EDGE_CURVE('',#2284,#2168,#1337,.T.);
#2821=EDGE_CURVE('',#2285,#2168,#1338,.T.);
#2822=EDGE_CURVE('',#2282,#2285,#994,.T.);
#2823=EDGE_CURVE('',#2286,#2286,#995,.T.);
#2824=EDGE_CURVE('',#2287,#2287,#996,.T.);
#2825=EDGE_CURVE('',#2288,#2288,#997,.T.);
#2826=EDGE_CURVE('',#2289,#2283,#998,.T.);
#2827=EDGE_CURVE('',#2285,#2289,#1339,.T.);
#2828=EDGE_CURVE('',#2289,#2167,#1340,.T.);
#2829=EDGE_CURVE('',#2277,#2290,#999,.T.);
#2830=EDGE_CURVE('',#2290,#2269,#1341,.T.);
#2831=EDGE_CURVE('',#2291,#2292,#1000,.T.);
#2832=EDGE_CURVE('',#2292,#2293,#1342,.T.);
#2833=EDGE_CURVE('',#2293,#2294,#1001,.T.);
#2834=EDGE_CURVE('',#2294,#2291,#1343,.T.);
#2835=EDGE_CURVE('',#2295,#2292,#1344,.T.);
#2836=EDGE_CURVE('',#2296,#2295,#1345,.T.);
#2837=EDGE_CURVE('',#2293,#2296,#1346,.T.);
#2838=EDGE_CURVE('',#2297,#2296,#1002,.T.);
#2839=EDGE_CURVE('',#2295,#2298,#1003,.T.);
#2840=EDGE_CURVE('',#2298,#2297,#1347,.T.);
#2841=EDGE_CURVE('',#2299,#2300,#1004,.T.);
#2842=EDGE_CURVE('',#2300,#2301,#1348,.T.);
#2843=EDGE_CURVE('',#2301,#2302,#1005,.T.);
#2844=EDGE_CURVE('',#2302,#2299,#1349,.T.);
#2845=EDGE_CURVE('',#2303,#2300,#1350,.T.);
#2846=EDGE_CURVE('',#2304,#2303,#1351,.T.);
#2847=EDGE_CURVE('',#2301,#2304,#1352,.T.);
#2848=EDGE_CURVE('',#2305,#2304,#1006,.T.);
#2849=EDGE_CURVE('',#2303,#2306,#1007,.T.);
#2850=EDGE_CURVE('',#2306,#2305,#1353,.T.);
#2851=EDGE_CURVE('',#2307,#2308,#1008,.T.);
#2852=EDGE_CURVE('',#2308,#2309,#1354,.T.);
#2853=EDGE_CURVE('',#2309,#2310,#1009,.T.);
#2854=EDGE_CURVE('',#2310,#2307,#1355,.T.);
#2855=EDGE_CURVE('',#2311,#2308,#1356,.T.);
#2856=EDGE_CURVE('',#2312,#2311,#1357,.T.);
#2857=EDGE_CURVE('',#2309,#2312,#1358,.T.);
#2858=EDGE_CURVE('',#2313,#2312,#1010,.T.);
#2859=EDGE_CURVE('',#2311,#2314,#1011,.T.);
#2860=EDGE_CURVE('',#2314,#2313,#1359,.T.);
#2861=EDGE_CURVE('',#2315,#2316,#1012,.T.);
#2862=EDGE_CURVE('',#2316,#2317,#1360,.T.);
#2863=EDGE_CURVE('',#2317,#2318,#1013,.T.);
#2864=EDGE_CURVE('',#2318,#2315,#1361,.T.);
#2865=EDGE_CURVE('',#2319,#2316,#1362,.T.);
#2866=EDGE_CURVE('',#2320,#2319,#1363,.T.);
#2867=EDGE_CURVE('',#2317,#2320,#1364,.T.);
#2868=EDGE_CURVE('',#2321,#2320,#1014,.T.);
#2869=EDGE_CURVE('',#2319,#2322,#1015,.T.);
#2870=EDGE_CURVE('',#2322,#2321,#1365,.T.);
#2871=EDGE_CURVE('',#2323,#2324,#1016,.T.);
#2872=EDGE_CURVE('',#2324,#2325,#1366,.T.);
#2873=EDGE_CURVE('',#2325,#2326,#1017,.T.);
#2874=EDGE_CURVE('',#2326,#2323,#1367,.T.);
#2875=EDGE_CURVE('',#2327,#2324,#1368,.T.);
#2876=EDGE_CURVE('',#2328,#2327,#1369,.T.);
#2877=EDGE_CURVE('',#2325,#2328,#1370,.T.);
#2878=EDGE_CURVE('',#2329,#2330,#1018,.T.);
#2879=EDGE_CURVE('',#2330,#2331,#1371,.T.);
#2880=EDGE_CURVE('',#2331,#2332,#1019,.T.);
#2881=EDGE_CURVE('',#2332,#2329,#1372,.T.);
#2882=EDGE_CURVE('',#2331,#2326,#1373,.T.);
#2883=EDGE_CURVE('',#2323,#2330,#1374,.T.);
#2884=EDGE_CURVE('',#2333,#2334,#1020,.T.);
#2885=EDGE_CURVE('',#2334,#2335,#1375,.T.);
#2886=EDGE_CURVE('',#2335,#2336,#1021,.T.);
#2887=EDGE_CURVE('',#2336,#2333,#1376,.T.);
#2888=EDGE_CURVE('',#2337,#2334,#1377,.T.);
#2889=EDGE_CURVE('',#2338,#2337,#1378,.T.);
#2890=EDGE_CURVE('',#2335,#2338,#1379,.T.);
#2891=EDGE_CURVE('',#2339,#2338,#1022,.T.);
#2892=EDGE_CURVE('',#2337,#2340,#1023,.T.);
#2893=EDGE_CURVE('',#2340,#2339,#1380,.T.);
#2894=EDGE_CURVE('',#2341,#2342,#1024,.T.);
#2895=EDGE_CURVE('',#2342,#2343,#1381,.T.);
#2896=EDGE_CURVE('',#2343,#2344,#1025,.T.);
#2897=EDGE_CURVE('',#2344,#2341,#1382,.T.);
#2898=EDGE_CURVE('',#2345,#2342,#1383,.T.);
#2899=EDGE_CURVE('',#2346,#2345,#1384,.T.);
#2900=EDGE_CURVE('',#2343,#2346,#1385,.T.);
#2901=EDGE_CURVE('',#2347,#2346,#1026,.T.);
#2902=EDGE_CURVE('',#2345,#2348,#1027,.T.);
#2903=EDGE_CURVE('',#2348,#2347,#1386,.T.);
#2904=EDGE_CURVE('',#2349,#2350,#1028,.T.);
#2905=EDGE_CURVE('',#2350,#2351,#1387,.T.);
#2906=EDGE_CURVE('',#2351,#2352,#1029,.T.);
#2907=EDGE_CURVE('',#2352,#2349,#1388,.T.);
#2908=EDGE_CURVE('',#2353,#2350,#1389,.T.);
#2909=EDGE_CURVE('',#2354,#2353,#1390,.T.);
#2910=EDGE_CURVE('',#2351,#2354,#1391,.T.);
#2911=EDGE_CURVE('',#2327,#2354,#1030,.T.);
#2912=EDGE_CURVE('',#2353,#2328,#1031,.T.);
#2913=EDGE_CURVE('',#2355,#2356,#1032,.T.);
#2914=EDGE_CURVE('',#2356,#2357,#1392,.T.);
#2915=EDGE_CURVE('',#2357,#2358,#1033,.T.);
#2916=EDGE_CURVE('',#2358,#2355,#1393,.T.);
#2917=EDGE_CURVE('',#2359,#2356,#1394,.T.);
#2918=EDGE_CURVE('',#2360,#2359,#1395,.T.);
#2919=EDGE_CURVE('',#2357,#2360,#1396,.T.);
#2920=EDGE_CURVE('',#2361,#2360,#1034,.T.);
#2921=EDGE_CURVE('',#2359,#2362,#1035,.T.);
#2922=EDGE_CURVE('',#2362,#2361,#1397,.T.);
#2923=EDGE_CURVE('',#2363,#2364,#1036,.T.);
#2924=EDGE_CURVE('',#2364,#2365,#1398,.T.);
#2925=EDGE_CURVE('',#2365,#2366,#1037,.T.);
#2926=EDGE_CURVE('',#2366,#2363,#1399,.T.);
#2927=EDGE_CURVE('',#2367,#2364,#1400,.T.);
#2928=EDGE_CURVE('',#2368,#2367,#1401,.T.);
#2929=EDGE_CURVE('',#2365,#2368,#1402,.T.);
#2930=EDGE_CURVE('',#2369,#2368,#1038,.T.);
#2931=EDGE_CURVE('',#2367,#2370,#1039,.T.);
#2932=EDGE_CURVE('',#2370,#2369,#1403,.T.);
#2933=EDGE_CURVE('',#2371,#2372,#1040,.T.);
#2934=EDGE_CURVE('',#2372,#2373,#1404,.T.);
#2935=EDGE_CURVE('',#2373,#2374,#1041,.T.);
#2936=EDGE_CURVE('',#2374,#2371,#1405,.T.);
#2937=EDGE_CURVE('',#2375,#2372,#1406,.T.);
#2938=EDGE_CURVE('',#2376,#2375,#1407,.T.);
#2939=EDGE_CURVE('',#2373,#2376,#1408,.T.);
#2940=EDGE_CURVE('',#2377,#2376,#1042,.T.);
#2941=EDGE_CURVE('',#2375,#2378,#1043,.T.);
#2942=EDGE_CURVE('',#2378,#2377,#1409,.T.);
#2943=EDGE_CURVE('',#2379,#2380,#1044,.T.);
#2944=EDGE_CURVE('',#2380,#2381,#1410,.T.);
#2945=EDGE_CURVE('',#2381,#2382,#1045,.T.);
#2946=EDGE_CURVE('',#2382,#2379,#1411,.T.);
#2947=EDGE_CURVE('',#2383,#2380,#1412,.T.);
#2948=EDGE_CURVE('',#2384,#2383,#1413,.T.);
#2949=EDGE_CURVE('',#2381,#2384,#1414,.T.);
#2950=EDGE_CURVE('',#2385,#2384,#1046,.T.);
#2951=EDGE_CURVE('',#2383,#2386,#1047,.T.);
#2952=EDGE_CURVE('',#2386,#2385,#1415,.T.);
#2953=EDGE_CURVE('',#2387,#2388,#1048,.T.);
#2954=EDGE_CURVE('',#2388,#2389,#1416,.T.);
#2955=EDGE_CURVE('',#2389,#2390,#1049,.T.);
#2956=EDGE_CURVE('',#2390,#2387,#1417,.T.);
#2957=EDGE_CURVE('',#2391,#2388,#1418,.T.);
#2958=EDGE_CURVE('',#2392,#2391,#1419,.T.);
#2959=EDGE_CURVE('',#2389,#2392,#1420,.T.);
#2960=EDGE_CURVE('',#2393,#2392,#1050,.T.);
#2961=EDGE_CURVE('',#2391,#2394,#1051,.T.);
#2962=EDGE_CURVE('',#2394,#2393,#1421,.T.);
#2963=EDGE_CURVE('',#2395,#2396,#1052,.T.);
#2964=EDGE_CURVE('',#2396,#2397,#1422,.T.);
#2965=EDGE_CURVE('',#2397,#2398,#1053,.T.);
#2966=EDGE_CURVE('',#2398,#2395,#1423,.T.);
#2967=EDGE_CURVE('',#2399,#2396,#1424,.T.);
#2968=EDGE_CURVE('',#2400,#2399,#1425,.T.);
#2969=EDGE_CURVE('',#2397,#2400,#1426,.T.);
#2970=EDGE_CURVE('',#2401,#2400,#1054,.T.);
#2971=EDGE_CURVE('',#2399,#2402,#1055,.T.);
#2972=EDGE_CURVE('',#2402,#2401,#1427,.T.);
#2973=EDGE_CURVE('',#2403,#2404,#1056,.T.);
#2974=EDGE_CURVE('',#2404,#2405,#1428,.T.);
#2975=EDGE_CURVE('',#2405,#2406,#1057,.T.);
#2976=EDGE_CURVE('',#2406,#2403,#1429,.T.);
#2977=EDGE_CURVE('',#2407,#2404,#1430,.T.);
#2978=EDGE_CURVE('',#2408,#2407,#1431,.T.);
#2979=EDGE_CURVE('',#2405,#2408,#1432,.T.);
#2980=EDGE_CURVE('',#2409,#2408,#1058,.T.);
#2981=EDGE_CURVE('',#2407,#2410,#1059,.T.);
#2982=EDGE_CURVE('',#2410,#2409,#1433,.T.);
#2983=EDGE_CURVE('',#2411,#2412,#1060,.T.);
#2984=EDGE_CURVE('',#2412,#2413,#1434,.T.);
#2985=EDGE_CURVE('',#2413,#2414,#1061,.T.);
#2986=EDGE_CURVE('',#2414,#2411,#1435,.T.);
#2987=EDGE_CURVE('',#2415,#2412,#1436,.T.);
#2988=EDGE_CURVE('',#2416,#2415,#1437,.T.);
#2989=EDGE_CURVE('',#2413,#2416,#1438,.T.);
#2990=EDGE_CURVE('',#2415,#2417,#1062,.T.);
#2991=EDGE_CURVE('',#2417,#2418,#1439,.T.);
#2992=EDGE_CURVE('',#2418,#2416,#1063,.T.);
#2993=EDGE_CURVE('',#2418,#2402,#1440,.T.);
#2994=EDGE_CURVE('',#2401,#2417,#1441,.T.);
#2995=EDGE_CURVE('',#2419,#2420,#1064,.T.);
#2996=EDGE_CURVE('',#2420,#2421,#1442,.T.);
#2997=EDGE_CURVE('',#2421,#2422,#1065,.T.);
#2998=EDGE_CURVE('',#2422,#2419,#1443,.T.);
#2999=EDGE_CURVE('',#2423,#2420,#1444,.T.);
#3000=EDGE_CURVE('',#2424,#2423,#1445,.T.);
#3001=EDGE_CURVE('',#2421,#2424,#1446,.T.);
#3002=EDGE_CURVE('',#2425,#2426,#1066,.T.);
#3003=EDGE_CURVE('',#2426,#2427,#1447,.T.);
#3004=EDGE_CURVE('',#2427,#2428,#1067,.T.);
#3005=EDGE_CURVE('',#2428,#2425,#1448,.T.);
#3006=EDGE_CURVE('',#2429,#2426,#1449,.T.);
#3007=EDGE_CURVE('',#2430,#2429,#1450,.T.);
#3008=EDGE_CURVE('',#2427,#2430,#1451,.T.);
#3009=EDGE_CURVE('',#2431,#2430,#1068,.T.);
#3010=EDGE_CURVE('',#2429,#2432,#1069,.T.);
#3011=EDGE_CURVE('',#2432,#2431,#1452,.T.);
#3012=EDGE_CURVE('',#2433,#2434,#1070,.T.);
#3013=EDGE_CURVE('',#2434,#2435,#1453,.T.);
#3014=EDGE_CURVE('',#2435,#2436,#1071,.T.);
#3015=EDGE_CURVE('',#2436,#2433,#1454,.T.);
#3016=EDGE_CURVE('',#2159,#2229,#1455,.T.);
#3017=EDGE_CURVE('',#2156,#2437,#1456,.T.);
#3018=EDGE_CURVE('',#2438,#2437,#1457,.T.);
#3019=EDGE_CURVE('',#2438,#2164,#1458,.T.);
#3020=EDGE_CURVE('',#2163,#2439,#1459,.T.);
#3021=EDGE_CURVE('',#2176,#2439,#1460,.T.);
#3022=EDGE_CURVE('',#2203,#2183,#1461,.T.);
#3023=EDGE_CURVE('',#2210,#2189,#1462,.T.);
#3024=EDGE_CURVE('',#2243,#2223,#1463,.T.);
#3025=EDGE_CURVE('',#2440,#2441,#1464,.T.);
#3026=EDGE_CURVE('',#2442,#2441,#1072,.T.);
#3027=EDGE_CURVE('',#2442,#2443,#1465,.T.);
#3028=EDGE_CURVE('',#2444,#2443,#1073,.T.);
#3029=EDGE_CURVE('',#2444,#2445,#1466,.T.);
#3030=EDGE_CURVE('',#2446,#2445,#1074,.T.);
#3031=EDGE_CURVE('',#2446,#2447,#1467,.T.);
#3032=EDGE_CURVE('',#2448,#2447,#1075,.T.);
#3033=EDGE_CURVE('',#2448,#2449,#1468,.T.);
#3034=EDGE_CURVE('',#2450,#2449,#1076,.T.);
#3035=EDGE_CURVE('',#2450,#2451,#1469,.T.);
#3036=EDGE_CURVE('',#2452,#2451,#1077,.T.);
#3037=EDGE_CURVE('',#2452,#2453,#1470,.T.);
#3038=EDGE_CURVE('',#2454,#2453,#1078,.T.);
#3039=EDGE_CURVE('',#2454,#2455,#1471,.T.);
#3040=EDGE_CURVE('',#2440,#2455,#1079,.T.);
#3041=EDGE_CURVE('',#2371,#2386,#1472,.T.);
#3042=EDGE_CURVE('',#2379,#2358,#1473,.T.);
#3043=EDGE_CURVE('',#2361,#2370,#1474,.T.);
#3044=EDGE_CURVE('',#2363,#2378,#1475,.T.);
#3045=EDGE_CURVE('',#2329,#2336,#1476,.T.);
#3046=EDGE_CURVE('',#2339,#2344,#1477,.T.);
#3047=EDGE_CURVE('',#2347,#2352,#1478,.T.);
#3048=EDGE_CURVE('',#2456,#2457,#1479,.T.);
#3049=EDGE_CURVE('',#2458,#2457,#1080,.T.);
#3050=EDGE_CURVE('',#2458,#2459,#1480,.T.);
#3051=EDGE_CURVE('',#2460,#2459,#1081,.T.);
#3052=EDGE_CURVE('',#2460,#2461,#1481,.T.);
#3053=EDGE_CURVE('',#2462,#2461,#1082,.T.);
#3054=EDGE_CURVE('',#2462,#2463,#1482,.T.);
#3055=EDGE_CURVE('',#2464,#2463,#1083,.T.);
#3056=EDGE_CURVE('',#2464,#2465,#1483,.T.);
#3057=EDGE_CURVE('',#2466,#2465,#1084,.T.);
#3058=EDGE_CURVE('',#2466,#2467,#1484,.T.);
#3059=EDGE_CURVE('',#2468,#2467,#1085,.T.);
#3060=EDGE_CURVE('',#2468,#2469,#1485,.T.);
#3061=EDGE_CURVE('',#2470,#2469,#1086,.T.);
#3062=EDGE_CURVE('',#2470,#2471,#1486,.T.);
#3063=EDGE_CURVE('',#2456,#2471,#1087,.T.);
#3064=EDGE_CURVE('',#2411,#2410,#1487,.T.);
#3065=EDGE_CURVE('',#2403,#2390,#1488,.T.);
#3066=EDGE_CURVE('',#2393,#2398,#1489,.T.);
#3067=EDGE_CURVE('',#2297,#2302,#1490,.T.);
#3068=EDGE_CURVE('',#2305,#2310,#1491,.T.);
#3069=EDGE_CURVE('',#2313,#2318,#1492,.T.);
#3070=EDGE_CURVE('',#2321,#2294,#1493,.T.);
#3071=EDGE_CURVE('',#2435,#2472,#1494,.T.);
#3072=EDGE_CURVE('',#2473,#2472,#1088,.T.);
#3073=EDGE_CURVE('',#2473,#2432,#1495,.T.);
#3074=EDGE_CURVE('',#2425,#2474,#1496,.T.);
#3075=EDGE_CURVE('',#2475,#2474,#1089,.T.);
#3076=EDGE_CURVE('',#2475,#2476,#1497,.T.);
#3077=EDGE_CURVE('',#2477,#2476,#1090,.T.);
#3078=EDGE_CURVE('',#2477,#2478,#1498,.T.);
#3079=EDGE_CURVE('',#2479,#2478,#1091,.T.);
#3080=EDGE_CURVE('',#2479,#2480,#1499,.T.);
#3081=EDGE_CURVE('',#2423,#2480,#1092,.T.);
#3082=EDGE_CURVE('',#2419,#2436,#1500,.T.);
#3083=EDGE_CURVE('',#2481,#2481,#1093,.T.);
#3084=EDGE_CURVE('',#2482,#2482,#1094,.T.);
#3085=EDGE_CURVE('',#2483,#2483,#1095,.T.);
#3086=EDGE_CURVE('',#2484,#2484,#1096,.T.);
#3087=EDGE_CURVE('',#2485,#2485,#1097,.T.);
#3088=EDGE_CURVE('',#2486,#2486,#1098,.T.);
#3089=EDGE_CURVE('',#2487,#2487,#1099,.T.);
#3090=EDGE_CURVE('',#2488,#2488,#1100,.T.);
#3091=EDGE_CURVE('',#2489,#2489,#1101,.T.);
#3092=EDGE_CURVE('',#2490,#2490,#1102,.T.);
#3093=EDGE_CURVE('',#2491,#2491,#1103,.T.);
#3094=EDGE_CURVE('',#2492,#2492,#1104,.T.);
#3095=EDGE_CURVE('',#2493,#2493,#1105,.T.);
#3096=EDGE_CURVE('',#2494,#2494,#1106,.T.);
#3097=EDGE_CURVE('',#2495,#2495,#1107,.T.);
#3098=EDGE_CURVE('',#2496,#2496,#1108,.T.);
#3099=EDGE_CURVE('',#2497,#2497,#1109,.T.);
#3100=EDGE_CURVE('',#2498,#2498,#1110,.T.);
#3101=EDGE_CURVE('',#2499,#2499,#1111,.T.);
#3102=EDGE_CURVE('',#2500,#2500,#1112,.T.);
#3103=EDGE_CURVE('',#2501,#2501,#1113,.T.);
#3104=EDGE_CURVE('',#2502,#2502,#1114,.T.);
#3105=EDGE_CURVE('',#2503,#2503,#1115,.T.);
#3106=EDGE_CURVE('',#2504,#2504,#1116,.T.);
#3107=EDGE_CURVE('',#2505,#2505,#1117,.T.);
#3108=EDGE_CURVE('',#2506,#2506,#1118,.T.);
#3109=EDGE_CURVE('',#2507,#2507,#1119,.T.);
#3110=EDGE_CURVE('',#2508,#2508,#1120,.T.);
#3111=EDGE_CURVE('',#2509,#2509,#1121,.T.);
#3112=EDGE_CURVE('',#2510,#2510,#1122,.T.);
#3113=EDGE_CURVE('',#2511,#2511,#1123,.T.);
#3114=EDGE_CURVE('',#2512,#2512,#1124,.T.);
#3115=EDGE_CURVE('',#2513,#2513,#1125,.T.);
#3116=EDGE_CURVE('',#2514,#2514,#1126,.T.);
#3117=EDGE_CURVE('',#2515,#2515,#1127,.T.);
#3118=EDGE_CURVE('',#2516,#2516,#1128,.T.);
#3119=EDGE_CURVE('',#2517,#2517,#1129,.T.);
#3120=EDGE_CURVE('',#2518,#2518,#1130,.T.);
#3121=EDGE_CURVE('',#2519,#2519,#1131,.T.);
#3122=EDGE_CURVE('',#2520,#2520,#1132,.T.);
#3123=EDGE_CURVE('',#2521,#2521,#1133,.T.);
#3124=EDGE_CURVE('',#2522,#2522,#1134,.T.);
#3125=EDGE_CURVE('',#2523,#2523,#1135,.T.);
#3126=EDGE_CURVE('',#2524,#2524,#1136,.T.);
#3127=EDGE_CURVE('',#2525,#2434,#1501,.T.);
#3128=EDGE_CURVE('',#2472,#2525,#1502,.T.);
#3129=EDGE_CURVE('',#2525,#2526,#1137,.T.);
#3130=EDGE_CURVE('',#2526,#2473,#1503,.T.);
#3131=EDGE_CURVE('',#2476,#2527,#1504,.T.);
#3132=EDGE_CURVE('',#2527,#2528,#1138,.T.);
#3133=EDGE_CURVE('',#2528,#2477,#1505,.T.);
#3134=EDGE_CURVE('',#2529,#2475,#1506,.T.);
#3135=EDGE_CURVE('',#2527,#2529,#1507,.T.);
#3136=EDGE_CURVE('',#2530,#2529,#1139,.T.);
#3137=EDGE_CURVE('',#2474,#2530,#1508,.T.);
#3138=EDGE_CURVE('',#2531,#2532,#1140,.T.);
#3139=EDGE_CURVE('',#2532,#2479,#1509,.T.);
#3140=EDGE_CURVE('',#2478,#2531,#1510,.T.);
#3141=EDGE_CURVE('',#2533,#2532,#1511,.T.);
#3142=EDGE_CURVE('',#2480,#2533,#1512,.T.);
#3143=EDGE_CURVE('',#2533,#2424,#1141,.T.);
#3144=EDGE_CURVE('',#2459,#2534,#1513,.T.);
#3145=EDGE_CURVE('',#2534,#2535,#1142,.T.);
#3146=EDGE_CURVE('',#2535,#2460,#1514,.T.);
#3147=EDGE_CURVE('',#2536,#2458,#1515,.T.);
#3148=EDGE_CURVE('',#2534,#2536,#1516,.T.);
#3149=EDGE_CURVE('',#2537,#2538,#1143,.T.);
#3150=EDGE_CURVE('',#2538,#2470,#1517,.T.);
#3151=EDGE_CURVE('',#2469,#2537,#1518,.T.);
#3152=EDGE_CURVE('',#2539,#2538,#1519,.T.);
#3153=EDGE_CURVE('',#2471,#2539,#1520,.T.);
#3154=EDGE_CURVE('',#2539,#2540,#1144,.T.);
#3155=EDGE_CURVE('',#2540,#2456,#1521,.T.);
#3156=EDGE_CURVE('',#2541,#2536,#1145,.T.);
#3157=EDGE_CURVE('',#2457,#2541,#1522,.T.);
#3158=EDGE_CURVE('',#2542,#2543,#1146,.T.);
#3159=EDGE_CURVE('',#2543,#2462,#1523,.T.);
#3160=EDGE_CURVE('',#2461,#2542,#1524,.T.);
#3161=EDGE_CURVE('',#2544,#2543,#1525,.T.);
#3162=EDGE_CURVE('',#2463,#2544,#1526,.T.);
#3163=EDGE_CURVE('',#2544,#2545,#1147,.T.);
#3164=EDGE_CURVE('',#2545,#2464,#1527,.T.);
#3165=EDGE_CURVE('',#2546,#2547,#1148,.T.);
#3166=EDGE_CURVE('',#2547,#2466,#1528,.T.);
#3167=EDGE_CURVE('',#2465,#2546,#1529,.T.);
#3168=EDGE_CURVE('',#2548,#2547,#1530,.T.);
#3169=EDGE_CURVE('',#2467,#2548,#1531,.T.);
#3170=EDGE_CURVE('',#2548,#2549,#1149,.T.);
#3171=EDGE_CURVE('',#2549,#2468,#1532,.T.);
#3172=EDGE_CURVE('',#2550,#2551,#1150,.T.);
#3173=EDGE_CURVE('',#2551,#2442,#1533,.T.);
#3174=EDGE_CURVE('',#2441,#2550,#1534,.T.);
#3175=EDGE_CURVE('',#2552,#2551,#1535,.T.);
#3176=EDGE_CURVE('',#2443,#2552,#1536,.T.);
#3177=EDGE_CURVE('',#2552,#2553,#1151,.T.);
#3178=EDGE_CURVE('',#2553,#2444,#1537,.T.);
#3179=EDGE_CURVE('',#2554,#2555,#1152,.T.);
#3180=EDGE_CURVE('',#2555,#2446,#1538,.T.);
#3181=EDGE_CURVE('',#2445,#2554,#1539,.T.);
#3182=EDGE_CURVE('',#2556,#2555,#1540,.T.);
#3183=EDGE_CURVE('',#2447,#2556,#1541,.T.);
#3184=EDGE_CURVE('',#2556,#2557,#1153,.T.);
#3185=EDGE_CURVE('',#2557,#2448,#1542,.T.);
#3186=EDGE_CURVE('',#2558,#2559,#1154,.T.);
#3187=EDGE_CURVE('',#2559,#2450,#1543,.T.);
#3188=EDGE_CURVE('',#2449,#2558,#1544,.T.);
#3189=EDGE_CURVE('',#2560,#2559,#1545,.T.);
#3190=EDGE_CURVE('',#2451,#2560,#1546,.T.);
#3191=EDGE_CURVE('',#2560,#2561,#1155,.T.);
#3192=EDGE_CURVE('',#2561,#2452,#1547,.T.);
#3193=EDGE_CURVE('',#2562,#2563,#1156,.T.);
#3194=EDGE_CURVE('',#2563,#2454,#1548,.T.);
#3195=EDGE_CURVE('',#2453,#2562,#1549,.T.);
#3196=EDGE_CURVE('',#2564,#2563,#1550,.T.);
#3197=EDGE_CURVE('',#2455,#2564,#1551,.T.);
#3198=EDGE_CURVE('',#2564,#2565,#1157,.T.);
#3199=EDGE_CURVE('',#2565,#2440,#1552,.T.);
#3200=EDGE_CURVE('',#2566,#2232,#1158,.T.);
#3201=EDGE_CURVE('',#2567,#2566,#1553,.T.);
#3202=EDGE_CURVE('',#2235,#2567,#1159,.T.);
#3203=EDGE_CURVE('',#2568,#2238,#1160,.T.);
#3204=EDGE_CURVE('',#2569,#2568,#1554,.T.);
#3205=EDGE_CURVE('',#2229,#2569,#1161,.T.);
#3206=EDGE_CURVE('',#2570,#2192,#1162,.T.);
#3207=EDGE_CURVE('',#2571,#2570,#1555,.T.);
#3208=EDGE_CURVE('',#2195,#2571,#1163,.T.);
#3209=EDGE_CURVE('',#2572,#2198,#1164,.T.);
#3210=EDGE_CURVE('',#2573,#2572,#1556,.T.);
#3211=EDGE_CURVE('',#2189,#2573,#1165,.T.);
#3212=EDGE_CURVE('',#2574,#2186,#1166,.T.);
#3213=EDGE_CURVE('',#2575,#2574,#1557,.T.);
#3214=EDGE_CURVE('',#2187,#2575,#1167,.T.);
#3215=EDGE_CURVE('',#2576,#2188,#1168,.T.);
#3216=EDGE_CURVE('',#2577,#2576,#1558,.T.);
#3217=EDGE_CURVE('',#2183,#2577,#1169,.T.);
#3218=EDGE_CURVE('',#2578,#2182,#1559,.T.);
#3219=EDGE_CURVE('',#2578,#2579,#1170,.T.);
#3220=EDGE_CURVE('',#2169,#2579,#1560,.T.);
#3221=EDGE_CURVE('',#2215,#2198,#1561,.T.);
#3222=EDGE_CURVE('',#2572,#2214,#1562,.T.);
#3223=EDGE_CURVE('',#2576,#2208,#1563,.T.);
#3224=EDGE_CURVE('',#2201,#2188,#1564,.T.);
#3225=EDGE_CURVE('',#2580,#2238,#1565,.T.);
#3226=EDGE_CURVE('',#2580,#2581,#1171,.T.);
#3227=EDGE_CURVE('',#2568,#2581,#1566,.T.);
#3228=EDGE_CURVE('',#2582,#2248,#1567,.T.);
#3229=EDGE_CURVE('',#2582,#2228,#1172,.T.);
#3230=EDGE_CURVE('',#2241,#2228,#1568,.T.);
#3231=EDGE_CURVE('',#2181,#2583,#1569,.T.);
#3232=EDGE_CURVE('',#2583,#2578,#1570,.T.);
#3233=EDGE_CURVE('',#2213,#2573,#1571,.T.);
#3234=EDGE_CURVE('',#2207,#2577,#1572,.T.);
#3235=EDGE_CURVE('',#2581,#2584,#1573,.T.);
#3236=EDGE_CURVE('',#2584,#2569,#1574,.T.);
#3237=EDGE_CURVE('',#2247,#2585,#1575,.T.);
#3238=EDGE_CURVE('',#2585,#2582,#1576,.T.);
#3239=EDGE_CURVE('',#2586,#2226,#1173,.T.);
#3240=EDGE_CURVE('',#2587,#2586,#1577,.T.);
#3241=EDGE_CURVE('',#2227,#2587,#1174,.T.);
#3242=EDGE_CURVE('',#2223,#2585,#1175,.T.);
#3243=EDGE_CURVE('',#2179,#2588,#1578,.T.);
#3244=EDGE_CURVE('',#2588,#2589,#1579,.T.);
#3245=EDGE_CURVE('',#2589,#2180,#1580,.T.);
#3246=EDGE_CURVE('',#2570,#2218,#1581,.T.);
#3247=EDGE_CURVE('',#2217,#2571,#1582,.T.);
#3248=EDGE_CURVE('',#2205,#2575,#1583,.T.);
#3249=EDGE_CURVE('',#2574,#2206,#1584,.T.);
#3250=EDGE_CURVE('',#2566,#2590,#1585,.T.);
#3251=EDGE_CURVE('',#2591,#2590,#1586,.T.);
#3252=EDGE_CURVE('',#2591,#2567,#1587,.T.);
#3253=EDGE_CURVE('',#2245,#2587,#1588,.T.);
#3254=EDGE_CURVE('',#2586,#2246,#1589,.T.);
#3255=EDGE_CURVE('',#2270,#2588,#1176,.T.);
#3256=EDGE_CURVE('',#2271,#2591,#1177,.T.);
#3257=EDGE_CURVE('',#2244,#2226,#1590,.T.);
#3258=EDGE_CURVE('',#2211,#2192,#1591,.T.);
#3259=EDGE_CURVE('',#2204,#2186,#1592,.T.);
#3260=EDGE_CURVE('',#2177,#2592,#1593,.T.);
#3261=EDGE_CURVE('',#2592,#2162,#1594,.T.);
#3262=EDGE_CURVE('',#2161,#2593,#1595,.T.);
#3263=EDGE_CURVE('',#2593,#2594,#1596,.T.);
#3264=EDGE_CURVE('',#2154,#2594,#1597,.F.);
#3265=EDGE_CURVE('',#2160,#2232,#1598,.T.);
#3266=EDGE_CURVE('',#2433,#2422,#1599,.T.);
#3267=EDGE_CURVE('',#2531,#2528,#1600,.T.);
#3268=EDGE_CURVE('',#2530,#2428,#1601,.T.);
#3269=EDGE_CURVE('',#2431,#2526,#1602,.T.);
#3270=EDGE_CURVE('',#2550,#2565,#1603,.T.);
#3271=EDGE_CURVE('',#2562,#2561,#1604,.T.);
#3272=EDGE_CURVE('',#2558,#2557,#1605,.T.);
#3273=EDGE_CURVE('',#2554,#2553,#1606,.T.);
#3274=EDGE_CURVE('',#2385,#2374,#1607,.T.);
#3275=EDGE_CURVE('',#2377,#2366,#1608,.T.);
#3276=EDGE_CURVE('',#2369,#2362,#1609,.T.);
#3277=EDGE_CURVE('',#2355,#2382,#1610,.T.);
#3278=EDGE_CURVE('',#2333,#2332,#1611,.T.);
#3279=EDGE_CURVE('',#2349,#2348,#1612,.T.);
#3280=EDGE_CURVE('',#2341,#2340,#1613,.T.);
#3281=EDGE_CURVE('',#2541,#2540,#1614,.T.);
#3282=EDGE_CURVE('',#2537,#2549,#1615,.T.);
#3283=EDGE_CURVE('',#2546,#2545,#1616,.T.);
#3284=EDGE_CURVE('',#2542,#2535,#1617,.T.);
#3285=EDGE_CURVE('',#2395,#2394,#1618,.T.);
#3286=EDGE_CURVE('',#2387,#2406,#1619,.T.);
#3287=EDGE_CURVE('',#2409,#2414,#1620,.T.);
#3288=EDGE_CURVE('',#2299,#2298,#1621,.T.);
#3289=EDGE_CURVE('',#2291,#2322,#1622,.T.);
#3290=EDGE_CURVE('',#2315,#2314,#1623,.T.);
#3291=EDGE_CURVE('',#2307,#2306,#1624,.T.);
#3292=EDGE_CURVE('',#2595,#2595,#1178,.T.);
#3293=EDGE_CURVE('',#2596,#2596,#1179,.T.);
#3294=EDGE_CURVE('',#2597,#2597,#1180,.T.);
#3295=EDGE_CURVE('',#2598,#2598,#1181,.T.);
#3296=EDGE_CURVE('',#2599,#2599,#1182,.T.);
#3297=EDGE_CURVE('',#2600,#2600,#1183,.T.);
#3298=EDGE_CURVE('',#2601,#2601,#1184,.T.);
#3299=EDGE_CURVE('',#2602,#2602,#1185,.T.);
#3300=EDGE_CURVE('',#2603,#2603,#1186,.T.);
#3301=EDGE_CURVE('',#2604,#2604,#1187,.T.);
#3302=EDGE_CURVE('',#2605,#2605,#1188,.T.);
#3303=EDGE_CURVE('',#2606,#2606,#1189,.T.);
#3304=EDGE_CURVE('',#2607,#2607,#1190,.T.);
#3305=EDGE_CURVE('',#2608,#2608,#1191,.T.);
#3306=EDGE_CURVE('',#2609,#2609,#1192,.T.);
#3307=EDGE_CURVE('',#2610,#2610,#1193,.T.);
#3308=EDGE_CURVE('',#2611,#2611,#1194,.T.);
#3309=EDGE_CURVE('',#2612,#2612,#1195,.T.);
#3310=EDGE_CURVE('',#2613,#2613,#1196,.T.);
#3311=EDGE_CURVE('',#2614,#2614,#1197,.T.);
#3312=EDGE_CURVE('',#2615,#2615,#1198,.T.);
#3313=EDGE_CURVE('',#2616,#2616,#1199,.T.);
#3314=EDGE_CURVE('',#2617,#2617,#1200,.T.);
#3315=EDGE_CURVE('',#2618,#2618,#1201,.T.);
#3316=EDGE_CURVE('',#2619,#2619,#1202,.T.);
#3317=EDGE_CURVE('',#2620,#2620,#1203,.T.);
#3318=EDGE_CURVE('',#2621,#2621,#1204,.T.);
#3319=EDGE_CURVE('',#2622,#2622,#1205,.T.);
#3320=EDGE_CURVE('',#2623,#2623,#1206,.T.);
#3321=EDGE_CURVE('',#2624,#2624,#1207,.T.);
#3322=EDGE_CURVE('',#2625,#2625,#1208,.T.);
#3323=EDGE_CURVE('',#2626,#2626,#1209,.T.);
#3324=EDGE_CURVE('',#2627,#2627,#1210,.T.);
#3325=EDGE_CURVE('',#2628,#2628,#1211,.T.);
#3326=EDGE_CURVE('',#2629,#2629,#1212,.T.);
#3327=EDGE_CURVE('',#2630,#2630,#1213,.T.);
#3328=EDGE_CURVE('',#2631,#2631,#1214,.T.);
#3329=EDGE_CURVE('',#2632,#2632,#1215,.T.);
#3330=EDGE_CURVE('',#2633,#2633,#1216,.T.);
#3331=EDGE_CURVE('',#2634,#2634,#1217,.T.);
#3332=EDGE_CURVE('',#2635,#2635,#1218,.T.);
#3333=EDGE_CURVE('',#2636,#2636,#1219,.T.);
#3334=EDGE_CURVE('',#2637,#2637,#1220,.T.);
#3335=EDGE_CURVE('',#2638,#2638,#1221,.T.);
#3336=EDGE_CURVE('',#2589,#2592,#1222,.T.);
#3337=EDGE_CURVE('',#2439,#2583,#1223,.T.);
#3338=EDGE_CURVE('',#2639,#2639,#1224,.T.);
#3339=EDGE_CURVE('',#2639,#2276,#1625,.T.);
#3340=EDGE_CURVE('',#2640,#2640,#1225,.T.);
#3341=EDGE_CURVE('',#2640,#2275,#1626,.T.);
#3342=EDGE_CURVE('',#2641,#2641,#1226,.T.);
#3343=EDGE_CURVE('',#2641,#2274,#1627,.T.);
#3344=EDGE_CURVE('',#2642,#2642,#1227,.T.);
#3345=EDGE_CURVE('',#2642,#2273,#1628,.T.);
#3346=EDGE_CURVE('',#2643,#2643,#1228,.T.);
#3347=EDGE_CURVE('',#2643,#2272,#1629,.T.);
#3348=EDGE_CURVE('',#2579,#2290,#1630,.T.);
#3349=EDGE_CURVE('',#2579,#2270,#1631,.T.);
#3350=EDGE_CURVE('',#2271,#2580,#1632,.T.);
#3351=EDGE_CURVE('',#2581,#2591,#1633,.T.);
#3352=EDGE_CURVE('',#2588,#2578,#1634,.T.);
#3353=EDGE_CURVE('',#2264,#2580,#1635,.T.);
#3354=EDGE_CURVE('',#2584,#2159,#1229,.T.);
#3355=EDGE_CURVE('',#2583,#2589,#1636,.T.);
#3356=EDGE_CURVE('',#2590,#2584,#1637,.T.);
#3357=EDGE_CURVE('',#2590,#2160,#1230,.T.);
#3358=EDGE_CURVE('',#2439,#2592,#1638,.T.);
#3359=EDGE_CURVE('',#2644,#2644,#1231,.T.);
#3360=EDGE_CURVE('',#2644,#2286,#1639,.T.);
#3361=EDGE_CURVE('',#2645,#2645,#1232,.T.);
#3362=EDGE_CURVE('',#2645,#2287,#1640,.T.);
#3363=EDGE_CURVE('',#2646,#2646,#1233,.T.);
#3364=EDGE_CURVE('',#2646,#2288,#1641,.T.);
#3365=EDGE_CURVE('',#2647,#2647,#1234,.T.);
#3366=EDGE_CURVE('',#2647,#2258,#1642,.T.);
#3367=EDGE_CURVE('',#2648,#2648,#1235,.T.);
#3368=EDGE_CURVE('',#2648,#2259,#1643,.T.);
#3369=EDGE_CURVE('',#2649,#2649,#1236,.T.);
#3370=EDGE_CURVE('',#2649,#2260,#1644,.T.);
#3371=EDGE_CURVE('',#2167,#2650,#1645,.T.);
#3372=EDGE_CURVE('',#2438,#2650,#1237,.T.);
#3373=EDGE_CURVE('',#2650,#2279,#1646,.T.);
#3374=EDGE_CURVE('',#2650,#2284,#1647,.T.);
#3375=EDGE_CURVE('',#2593,#2438,#1648,.T.);
#3376=EDGE_CURVE('',#2284,#2593,#1238,.T.);
#3377=EDGE_CURVE('',#2254,#2263,#1649,.T.);
#3378=EDGE_CURVE('',#2254,#2437,#1239,.T.);
#3379=EDGE_CURVE('',#2155,#2263,#1240,.T.);
#3380=EDGE_CURVE('',#2253,#2594,#1241,.T.);
#3381=EDGE_CURVE('',#2437,#2594,#1650,.T.);
#3382=EDGE_CURVE('',#2257,#2153,#1242,.T.);
#3383=EDGE_CURVE('',#2261,#2250,#1651,.T.);
#3384=EDGE_CURVE('',#2524,#2638,#1652,.T.);
#3385=EDGE_CURVE('',#2523,#2637,#1653,.T.);
#3386=EDGE_CURVE('',#2522,#2636,#1654,.T.);
#3387=EDGE_CURVE('',#2521,#2635,#1655,.T.);
#3388=EDGE_CURVE('',#2520,#2634,#1656,.T.);
#3389=EDGE_CURVE('',#2519,#2633,#1657,.T.);
#3390=EDGE_CURVE('',#2518,#2632,#1658,.T.);
#3391=EDGE_CURVE('',#2517,#2631,#1659,.T.);
#3392=EDGE_CURVE('',#2516,#2630,#1660,.T.);
#3393=EDGE_CURVE('',#2515,#2629,#1661,.T.);
#3394=EDGE_CURVE('',#2514,#2628,#1662,.T.);
#3395=EDGE_CURVE('',#2513,#2627,#1663,.T.);
#3396=EDGE_CURVE('',#2512,#2626,#1664,.T.);
#3397=EDGE_CURVE('',#2511,#2625,#1665,.T.);
#3398=EDGE_CURVE('',#2510,#2624,#1666,.T.);
#3399=EDGE_CURVE('',#2509,#2623,#1667,.T.);
#3400=EDGE_CURVE('',#2508,#2622,#1668,.T.);
#3401=EDGE_CURVE('',#2507,#2621,#1669,.T.);
#3402=EDGE_CURVE('',#2506,#2620,#1670,.T.);
#3403=EDGE_CURVE('',#2505,#2619,#1671,.T.);
#3404=EDGE_CURVE('',#2504,#2618,#1672,.T.);
#3405=EDGE_CURVE('',#2503,#2617,#1673,.T.);
#3406=EDGE_CURVE('',#2502,#2616,#1674,.T.);
#3407=EDGE_CURVE('',#2501,#2615,#1675,.T.);
#3408=EDGE_CURVE('',#2500,#2614,#1676,.T.);
#3409=EDGE_CURVE('',#2499,#2613,#1677,.T.);
#3410=EDGE_CURVE('',#2498,#2612,#1678,.T.);
#3411=EDGE_CURVE('',#2497,#2611,#1679,.T.);
#3412=EDGE_CURVE('',#2496,#2610,#1680,.T.);
#3413=EDGE_CURVE('',#2495,#2609,#1681,.T.);
#3414=EDGE_CURVE('',#2494,#2608,#1682,.T.);
#3415=EDGE_CURVE('',#2493,#2607,#1683,.T.);
#3416=EDGE_CURVE('',#2492,#2606,#1684,.T.);
#3417=EDGE_CURVE('',#2491,#2605,#1685,.T.);
#3418=EDGE_CURVE('',#2490,#2604,#1686,.T.);
#3419=EDGE_CURVE('',#2489,#2603,#1687,.T.);
#3420=EDGE_CURVE('',#2488,#2602,#1688,.T.);
#3421=EDGE_CURVE('',#2487,#2601,#1689,.T.);
#3422=EDGE_CURVE('',#2486,#2600,#1690,.T.);
#3423=EDGE_CURVE('',#2485,#2599,#1691,.T.);
#3424=EDGE_CURVE('',#2484,#2598,#1692,.T.);
#3425=EDGE_CURVE('',#2483,#2597,#1693,.T.);
#3426=EDGE_CURVE('',#2482,#2596,#1694,.T.);
#3427=EDGE_CURVE('',#2481,#2595,#1695,.T.);
#3428=ORIENTED_EDGE('',*,*,#2651,.F.);
#3429=ORIENTED_EDGE('',*,*,#2652,.T.);
#3430=ORIENTED_EDGE('',*,*,#2653,.F.);
#3431=ORIENTED_EDGE('',*,*,#2654,.F.);
#3432=ORIENTED_EDGE('',*,*,#2655,.T.);
#3433=ORIENTED_EDGE('',*,*,#2656,.F.);
#3434=ORIENTED_EDGE('',*,*,#2655,.F.);
#3435=ORIENTED_EDGE('',*,*,#2657,.F.);
#3436=ORIENTED_EDGE('',*,*,#2658,.F.);
#3437=ORIENTED_EDGE('',*,*,#2659,.F.);
#3438=ORIENTED_EDGE('',*,*,#2660,.T.);
#3439=ORIENTED_EDGE('',*,*,#2661,.T.);
#3440=ORIENTED_EDGE('',*,*,#2662,.T.);
#3441=ORIENTED_EDGE('',*,*,#2663,.T.);
#3442=ORIENTED_EDGE('',*,*,#2664,.T.);
#3443=ORIENTED_EDGE('',*,*,#2665,.T.);
#3444=ORIENTED_EDGE('',*,*,#2664,.F.);
#3445=ORIENTED_EDGE('',*,*,#2666,.F.);
#3446=ORIENTED_EDGE('',*,*,#2667,.F.);
#3447=ORIENTED_EDGE('',*,*,#2668,.T.);
#3448=ORIENTED_EDGE('',*,*,#2669,.T.);
#3449=ORIENTED_EDGE('',*,*,#2670,.T.);
#3450=ORIENTED_EDGE('',*,*,#2671,.T.);
#3451=ORIENTED_EDGE('',*,*,#2672,.T.);
#3452=ORIENTED_EDGE('',*,*,#2670,.F.);
#3453=ORIENTED_EDGE('',*,*,#2673,.F.);
#3454=ORIENTED_EDGE('',*,*,#2674,.F.);
#3455=ORIENTED_EDGE('',*,*,#2675,.F.);
#3456=ORIENTED_EDGE('',*,*,#2676,.T.);
#3457=ORIENTED_EDGE('',*,*,#2677,.T.);
#3458=ORIENTED_EDGE('',*,*,#2678,.T.);
#3459=ORIENTED_EDGE('',*,*,#2679,.T.);
#3460=ORIENTED_EDGE('',*,*,#2672,.F.);
#3461=ORIENTED_EDGE('',*,*,#2680,.F.);
#3462=ORIENTED_EDGE('',*,*,#2681,.F.);
#3463=ORIENTED_EDGE('',*,*,#2682,.F.);
#3464=ORIENTED_EDGE('',*,*,#2677,.F.);
#3465=ORIENTED_EDGE('',*,*,#2683,.F.);
#3466=ORIENTED_EDGE('',*,*,#2684,.F.);
#3467=ORIENTED_EDGE('',*,*,#2685,.F.);
#3468=ORIENTED_EDGE('',*,*,#2686,.T.);
#3469=ORIENTED_EDGE('',*,*,#2687,.T.);
#3470=ORIENTED_EDGE('',*,*,#2688,.T.);
#3471=ORIENTED_EDGE('',*,*,#2689,.T.);
#3472=ORIENTED_EDGE('',*,*,#2679,.F.);
#3473=ORIENTED_EDGE('',*,*,#2690,.F.);
#3474=ORIENTED_EDGE('',*,*,#2687,.F.);
#3475=ORIENTED_EDGE('',*,*,#2691,.F.);
#3476=ORIENTED_EDGE('',*,*,#2692,.T.);
#3477=ORIENTED_EDGE('',*,*,#2674,.T.);
#3478=ORIENTED_EDGE('',*,*,#2693,.T.);
#3479=ORIENTED_EDGE('',*,*,#2694,.T.);
#3480=ORIENTED_EDGE('',*,*,#2695,.T.);
#3481=ORIENTED_EDGE('',*,*,#2696,.T.);
#3482=ORIENTED_EDGE('',*,*,#2697,.T.);
#3483=ORIENTED_EDGE('',*,*,#2698,.T.);
#3484=ORIENTED_EDGE('',*,*,#2696,.F.);
#3485=ORIENTED_EDGE('',*,*,#2699,.F.);
#3486=ORIENTED_EDGE('',*,*,#2700,.F.);
#3487=ORIENTED_EDGE('',*,*,#2701,.F.);
#3488=ORIENTED_EDGE('',*,*,#2702,.T.);
#3489=ORIENTED_EDGE('',*,*,#2703,.T.);
#3490=ORIENTED_EDGE('',*,*,#2704,.T.);
#3491=ORIENTED_EDGE('',*,*,#2705,.T.);
#3492=ORIENTED_EDGE('',*,*,#2703,.F.);
#3493=ORIENTED_EDGE('',*,*,#2706,.F.);
#3494=ORIENTED_EDGE('',*,*,#2707,.F.);
#3495=ORIENTED_EDGE('',*,*,#2708,.F.);
#3496=ORIENTED_EDGE('',*,*,#2709,.T.);
#3497=ORIENTED_EDGE('',*,*,#2707,.T.);
#3498=ORIENTED_EDGE('',*,*,#2710,.T.);
#3499=ORIENTED_EDGE('',*,*,#2711,.T.);
#3500=ORIENTED_EDGE('',*,*,#2712,.T.);
#3501=ORIENTED_EDGE('',*,*,#2713,.T.);
#3502=ORIENTED_EDGE('',*,*,#2714,.T.);
#3503=ORIENTED_EDGE('',*,*,#2700,.T.);
#3504=ORIENTED_EDGE('',*,*,#2711,.F.);
#3505=ORIENTED_EDGE('',*,*,#2715,.F.);
#3506=ORIENTED_EDGE('',*,*,#2716,.F.);
#3507=ORIENTED_EDGE('',*,*,#2717,.F.);
#3508=ORIENTED_EDGE('',*,*,#2713,.F.);
#3509=ORIENTED_EDGE('',*,*,#2718,.F.);
#3510=ORIENTED_EDGE('',*,*,#2719,.F.);
#3511=ORIENTED_EDGE('',*,*,#2720,.F.);
#3512=ORIENTED_EDGE('',*,*,#2721,.T.);
#3513=ORIENTED_EDGE('',*,*,#2722,.T.);
#3514=ORIENTED_EDGE('',*,*,#2723,.T.);
#3515=ORIENTED_EDGE('',*,*,#2724,.T.);
#3516=ORIENTED_EDGE('',*,*,#2722,.F.);
#3517=ORIENTED_EDGE('',*,*,#2725,.F.);
#3518=ORIENTED_EDGE('',*,*,#2726,.F.);
#3519=ORIENTED_EDGE('',*,*,#2727,.F.);
#3520=ORIENTED_EDGE('',*,*,#2728,.F.);
#3521=ORIENTED_EDGE('',*,*,#2729,.F.);
#3522=ORIENTED_EDGE('',*,*,#2730,.F.);
#3523=ORIENTED_EDGE('',*,*,#2731,.F.);
#3524=ORIENTED_EDGE('',*,*,#2732,.T.);
#3525=ORIENTED_EDGE('',*,*,#2733,.T.);
#3526=ORIENTED_EDGE('',*,*,#2734,.T.);
#3527=ORIENTED_EDGE('',*,*,#2728,.T.);
#3528=ORIENTED_EDGE('',*,*,#2733,.F.);
#3529=ORIENTED_EDGE('',*,*,#2735,.F.);
#3530=ORIENTED_EDGE('',*,*,#2736,.F.);
#3531=ORIENTED_EDGE('',*,*,#2737,.F.);
#3532=ORIENTED_EDGE('',*,*,#2738,.T.);
#3533=ORIENTED_EDGE('',*,*,#2739,.T.);
#3534=ORIENTED_EDGE('',*,*,#2740,.T.);
#3535=ORIENTED_EDGE('',*,*,#2741,.T.);
#3536=ORIENTED_EDGE('',*,*,#2724,.F.);
#3537=ORIENTED_EDGE('',*,*,#2742,.F.);
#3538=ORIENTED_EDGE('',*,*,#2739,.F.);
#3539=ORIENTED_EDGE('',*,*,#2743,.F.);
#3540=ORIENTED_EDGE('',*,*,#2744,.T.);
#3541=ORIENTED_EDGE('',*,*,#2736,.T.);
#3542=ORIENTED_EDGE('',*,*,#2745,.T.);
#3543=ORIENTED_EDGE('',*,*,#2746,.T.);
#3544=ORIENTED_EDGE('',*,*,#2747,.T.);
#3545=ORIENTED_EDGE('',*,*,#2748,.T.);
#3546=ORIENTED_EDGE('',*,*,#2749,.T.);
#3547=ORIENTED_EDGE('',*,*,#2750,.T.);
#3548=ORIENTED_EDGE('',*,*,#2748,.F.);
#3549=ORIENTED_EDGE('',*,*,#2751,.F.);
#3550=ORIENTED_EDGE('',*,*,#2752,.F.);
#3551=ORIENTED_EDGE('',*,*,#2753,.F.);
#3552=ORIENTED_EDGE('',*,*,#2754,.T.);
#3553=ORIENTED_EDGE('',*,*,#2755,.T.);
#3554=ORIENTED_EDGE('',*,*,#2756,.T.);
#3555=ORIENTED_EDGE('',*,*,#2757,.T.);
#3556=ORIENTED_EDGE('',*,*,#2755,.F.);
#3557=ORIENTED_EDGE('',*,*,#2758,.F.);
#3558=ORIENTED_EDGE('',*,*,#2759,.F.);
#3559=ORIENTED_EDGE('',*,*,#2760,.F.);
#3560=ORIENTED_EDGE('',*,*,#2761,.T.);
#3561=ORIENTED_EDGE('',*,*,#2759,.T.);
#3562=ORIENTED_EDGE('',*,*,#2762,.T.);
#3563=ORIENTED_EDGE('',*,*,#2763,.T.);
#3564=ORIENTED_EDGE('',*,*,#2764,.T.);
#3565=ORIENTED_EDGE('',*,*,#2765,.T.);
#3566=ORIENTED_EDGE('',*,*,#2766,.T.);
#3567=ORIENTED_EDGE('',*,*,#2752,.T.);
#3568=ORIENTED_EDGE('',*,*,#2763,.F.);
#3569=ORIENTED_EDGE('',*,*,#2767,.F.);
#3570=ORIENTED_EDGE('',*,*,#2768,.F.);
#3571=ORIENTED_EDGE('',*,*,#2769,.F.);
#3572=ORIENTED_EDGE('',*,*,#2765,.F.);
#3573=ORIENTED_EDGE('',*,*,#2770,.F.);
#3574=ORIENTED_EDGE('',*,*,#2771,.F.);
#3575=ORIENTED_EDGE('',*,*,#2772,.F.);
#3576=ORIENTED_EDGE('',*,*,#2773,.T.);
#3577=ORIENTED_EDGE('',*,*,#2774,.T.);
#3578=ORIENTED_EDGE('',*,*,#2775,.T.);
#3579=ORIENTED_EDGE('',*,*,#2776,.T.);
#3580=ORIENTED_EDGE('',*,*,#2776,.F.);
#3581=ORIENTED_EDGE('',*,*,#2777,.T.);
#3582=ORIENTED_EDGE('',*,*,#2778,.T.);
#3583=ORIENTED_EDGE('',*,*,#2779,.F.);
#3584=ORIENTED_EDGE('',*,*,#2775,.F.);
#3585=ORIENTED_EDGE('',*,*,#2780,.T.);
#3586=ORIENTED_EDGE('',*,*,#2781,.F.);
#3587=ORIENTED_EDGE('',*,*,#2782,.T.);
#3588=ORIENTED_EDGE('',*,*,#2783,.T.);
#3589=ORIENTED_EDGE('',*,*,#2777,.F.);
#3590=ORIENTED_EDGE('',*,*,#2784,.T.);
#3591=ORIENTED_EDGE('',*,*,#2785,.T.);
#3592=ORIENTED_EDGE('',*,*,#2786,.T.);
#3593=ORIENTED_EDGE('',*,*,#2787,.T.);
#3594=ORIENTED_EDGE('',*,*,#2788,.T.);
#3595=ORIENTED_EDGE('',*,*,#2781,.T.);
#3596=ORIENTED_EDGE('',*,*,#2789,.T.);
#3597=ORIENTED_EDGE('',*,*,#2788,.F.);
#3598=ORIENTED_EDGE('',*,*,#2790,.F.);
#3599=ORIENTED_EDGE('',*,*,#2791,.T.);
#3600=ORIENTED_EDGE('',*,*,#2782,.F.);
#3601=ORIENTED_EDGE('',*,*,#2792,.T.);
#3602=ORIENTED_EDGE('',*,*,#2793,.T.);
#3603=ORIENTED_EDGE('',*,*,#2794,.T.);
#3604=ORIENTED_EDGE('',*,*,#2795,.T.);
#3605=ORIENTED_EDGE('',*,*,#2794,.F.);
#3606=ORIENTED_EDGE('',*,*,#2796,.T.);
#3607=ORIENTED_EDGE('',*,*,#2797,.F.);
#3608=ORIENTED_EDGE('',*,*,#2798,.T.);
#3609=ORIENTED_EDGE('',*,*,#2799,.T.);
#3610=ORIENTED_EDGE('',*,*,#2671,.F.);
#3611=ORIENTED_EDGE('',*,*,#2675,.T.);
#3612=ORIENTED_EDGE('',*,*,#2692,.F.);
#3613=ORIENTED_EDGE('',*,*,#2800,.T.);
#3614=ORIENTED_EDGE('',*,*,#2710,.F.);
#3615=ORIENTED_EDGE('',*,*,#2706,.T.);
#3616=ORIENTED_EDGE('',*,*,#2702,.F.);
#3617=ORIENTED_EDGE('',*,*,#2801,.T.);
#3618=ORIENTED_EDGE('',*,*,#2734,.F.);
#3619=ORIENTED_EDGE('',*,*,#2737,.T.);
#3620=ORIENTED_EDGE('',*,*,#2744,.F.);
#3621=ORIENTED_EDGE('',*,*,#2802,.T.);
#3622=ORIENTED_EDGE('',*,*,#2762,.F.);
#3623=ORIENTED_EDGE('',*,*,#2758,.T.);
#3624=ORIENTED_EDGE('',*,*,#2754,.F.);
#3625=ORIENTED_EDGE('',*,*,#2803,.T.);
#3626=ORIENTED_EDGE('',*,*,#2804,.F.);
#3627=ORIENTED_EDGE('',*,*,#2805,.T.);
#3628=ORIENTED_EDGE('',*,*,#2806,.T.);
#3629=ORIENTED_EDGE('',*,*,#2807,.T.);
#3630=ORIENTED_EDGE('',*,*,#2808,.T.);
#3631=ORIENTED_EDGE('',*,*,#2809,.T.);
#3632=ORIENTED_EDGE('',*,*,#2793,.F.);
#3633=ORIENTED_EDGE('',*,*,#2810,.F.);
#3634=ORIENTED_EDGE('',*,*,#2811,.F.);
#3635=ORIENTED_EDGE('',*,*,#2796,.F.);
#3636=ORIENTED_EDGE('',*,*,#2812,.T.);
#3637=ORIENTED_EDGE('',*,*,#2813,.T.);
#3638=ORIENTED_EDGE('',*,*,#2814,.T.);
#3639=ORIENTED_EDGE('',*,*,#2815,.T.);
#3640=ORIENTED_EDGE('',*,*,#2815,.F.);
#3641=ORIENTED_EDGE('',*,*,#2816,.F.);
#3642=ORIENTED_EDGE('',*,*,#2817,.F.);
#3643=ORIENTED_EDGE('',*,*,#2818,.F.);
#3644=ORIENTED_EDGE('',*,*,#2814,.F.);
#3645=ORIENTED_EDGE('',*,*,#2819,.T.);
#3646=ORIENTED_EDGE('',*,*,#2820,.T.);
#3647=ORIENTED_EDGE('',*,*,#2821,.F.);
#3648=ORIENTED_EDGE('',*,*,#2822,.F.);
#3649=ORIENTED_EDGE('',*,*,#2816,.T.);
#3650=ORIENTED_EDGE('',*,*,#2823,.T.);
#3651=ORIENTED_EDGE('',*,*,#2824,.T.);
#3652=ORIENTED_EDGE('',*,*,#2825,.T.);
#3653=ORIENTED_EDGE('',*,*,#2826,.T.);
#3654=ORIENTED_EDGE('',*,*,#2817,.T.);
#3655=ORIENTED_EDGE('',*,*,#2822,.T.);
#3656=ORIENTED_EDGE('',*,*,#2827,.T.);
#3657=ORIENTED_EDGE('',*,*,#2827,.F.);
#3658=ORIENTED_EDGE('',*,*,#2821,.T.);
#3659=ORIENTED_EDGE('',*,*,#2667,.T.);
#3660=ORIENTED_EDGE('',*,*,#2828,.F.);
#3661=ORIENTED_EDGE('',*,*,#2829,.T.);
#3662=ORIENTED_EDGE('',*,*,#2830,.T.);
#3663=ORIENTED_EDGE('',*,*,#2797,.T.);
#3664=ORIENTED_EDGE('',*,*,#2811,.T.);
#3665=ORIENTED_EDGE('',*,*,#2831,.T.);
#3666=ORIENTED_EDGE('',*,*,#2832,.T.);
#3667=ORIENTED_EDGE('',*,*,#2833,.T.);
#3668=ORIENTED_EDGE('',*,*,#2834,.T.);
#3669=ORIENTED_EDGE('',*,*,#2832,.F.);
#3670=ORIENTED_EDGE('',*,*,#2835,.F.);
#3671=ORIENTED_EDGE('',*,*,#2836,.F.);
#3672=ORIENTED_EDGE('',*,*,#2837,.F.);
#3673=ORIENTED_EDGE('',*,*,#2838,.T.);
#3674=ORIENTED_EDGE('',*,*,#2836,.T.);
#3675=ORIENTED_EDGE('',*,*,#2839,.T.);
#3676=ORIENTED_EDGE('',*,*,#2840,.T.);
#3677=ORIENTED_EDGE('',*,*,#2841,.T.);
#3678=ORIENTED_EDGE('',*,*,#2842,.T.);
#3679=ORIENTED_EDGE('',*,*,#2843,.T.);
#3680=ORIENTED_EDGE('',*,*,#2844,.T.);
#3681=ORIENTED_EDGE('',*,*,#2842,.F.);
#3682=ORIENTED_EDGE('',*,*,#2845,.F.);
#3683=ORIENTED_EDGE('',*,*,#2846,.F.);
#3684=ORIENTED_EDGE('',*,*,#2847,.F.);
#3685=ORIENTED_EDGE('',*,*,#2848,.T.);
#3686=ORIENTED_EDGE('',*,*,#2846,.T.);
#3687=ORIENTED_EDGE('',*,*,#2849,.T.);
#3688=ORIENTED_EDGE('',*,*,#2850,.T.);
#3689=ORIENTED_EDGE('',*,*,#2851,.T.);
#3690=ORIENTED_EDGE('',*,*,#2852,.T.);
#3691=ORIENTED_EDGE('',*,*,#2853,.T.);
#3692=ORIENTED_EDGE('',*,*,#2854,.T.);
#3693=ORIENTED_EDGE('',*,*,#2852,.F.);
#3694=ORIENTED_EDGE('',*,*,#2855,.F.);
#3695=ORIENTED_EDGE('',*,*,#2856,.F.);
#3696=ORIENTED_EDGE('',*,*,#2857,.F.);
#3697=ORIENTED_EDGE('',*,*,#2858,.T.);
#3698=ORIENTED_EDGE('',*,*,#2856,.T.);
#3699=ORIENTED_EDGE('',*,*,#2859,.T.);
#3700=ORIENTED_EDGE('',*,*,#2860,.T.);
#3701=ORIENTED_EDGE('',*,*,#2861,.T.);
#3702=ORIENTED_EDGE('',*,*,#2862,.T.);
#3703=ORIENTED_EDGE('',*,*,#2863,.T.);
#3704=ORIENTED_EDGE('',*,*,#2864,.T.);
#3705=ORIENTED_EDGE('',*,*,#2862,.F.);
#3706=ORIENTED_EDGE('',*,*,#2865,.F.);
#3707=ORIENTED_EDGE('',*,*,#2866,.F.);
#3708=ORIENTED_EDGE('',*,*,#2867,.F.);
#3709=ORIENTED_EDGE('',*,*,#2868,.T.);
#3710=ORIENTED_EDGE('',*,*,#2866,.T.);
#3711=ORIENTED_EDGE('',*,*,#2869,.T.);
#3712=ORIENTED_EDGE('',*,*,#2870,.T.);
#3713=ORIENTED_EDGE('',*,*,#2871,.T.);
#3714=ORIENTED_EDGE('',*,*,#2872,.T.);
#3715=ORIENTED_EDGE('',*,*,#2873,.T.);
#3716=ORIENTED_EDGE('',*,*,#2874,.T.);
#3717=ORIENTED_EDGE('',*,*,#2872,.F.);
#3718=ORIENTED_EDGE('',*,*,#2875,.F.);
#3719=ORIENTED_EDGE('',*,*,#2876,.F.);
#3720=ORIENTED_EDGE('',*,*,#2877,.F.);
#3721=ORIENTED_EDGE('',*,*,#2878,.T.);
#3722=ORIENTED_EDGE('',*,*,#2879,.T.);
#3723=ORIENTED_EDGE('',*,*,#2880,.T.);
#3724=ORIENTED_EDGE('',*,*,#2881,.T.);
#3725=ORIENTED_EDGE('',*,*,#2874,.F.);
#3726=ORIENTED_EDGE('',*,*,#2882,.F.);
#3727=ORIENTED_EDGE('',*,*,#2879,.F.);
#3728=ORIENTED_EDGE('',*,*,#2883,.F.);
#3729=ORIENTED_EDGE('',*,*,#2884,.T.);
#3730=ORIENTED_EDGE('',*,*,#2885,.T.);
#3731=ORIENTED_EDGE('',*,*,#2886,.T.);
#3732=ORIENTED_EDGE('',*,*,#2887,.T.);
#3733=ORIENTED_EDGE('',*,*,#2885,.F.);
#3734=ORIENTED_EDGE('',*,*,#2888,.F.);
#3735=ORIENTED_EDGE('',*,*,#2889,.F.);
#3736=ORIENTED_EDGE('',*,*,#2890,.F.);
#3737=ORIENTED_EDGE('',*,*,#2891,.T.);
#3738=ORIENTED_EDGE('',*,*,#2889,.T.);
#3739=ORIENTED_EDGE('',*,*,#2892,.T.);
#3740=ORIENTED_EDGE('',*,*,#2893,.T.);
#3741=ORIENTED_EDGE('',*,*,#2894,.T.);
#3742=ORIENTED_EDGE('',*,*,#2895,.T.);
#3743=ORIENTED_EDGE('',*,*,#2896,.T.);
#3744=ORIENTED_EDGE('',*,*,#2897,.T.);
#3745=ORIENTED_EDGE('',*,*,#2895,.F.);
#3746=ORIENTED_EDGE('',*,*,#2898,.F.);
#3747=ORIENTED_EDGE('',*,*,#2899,.F.);
#3748=ORIENTED_EDGE('',*,*,#2900,.F.);
#3749=ORIENTED_EDGE('',*,*,#2901,.T.);
#3750=ORIENTED_EDGE('',*,*,#2899,.T.);
#3751=ORIENTED_EDGE('',*,*,#2902,.T.);
#3752=ORIENTED_EDGE('',*,*,#2903,.T.);
#3753=ORIENTED_EDGE('',*,*,#2904,.T.);
#3754=ORIENTED_EDGE('',*,*,#2905,.T.);
#3755=ORIENTED_EDGE('',*,*,#2906,.T.);
#3756=ORIENTED_EDGE('',*,*,#2907,.T.);
#3757=ORIENTED_EDGE('',*,*,#2905,.F.);
#3758=ORIENTED_EDGE('',*,*,#2908,.F.);
#3759=ORIENTED_EDGE('',*,*,#2909,.F.);
#3760=ORIENTED_EDGE('',*,*,#2910,.F.);
#3761=ORIENTED_EDGE('',*,*,#2911,.T.);
#3762=ORIENTED_EDGE('',*,*,#2909,.T.);
#3763=ORIENTED_EDGE('',*,*,#2912,.T.);
#3764=ORIENTED_EDGE('',*,*,#2876,.T.);
#3765=ORIENTED_EDGE('',*,*,#2913,.T.);
#3766=ORIENTED_EDGE('',*,*,#2914,.T.);
#3767=ORIENTED_EDGE('',*,*,#2915,.T.);
#3768=ORIENTED_EDGE('',*,*,#2916,.T.);
#3769=ORIENTED_EDGE('',*,*,#2914,.F.);
#3770=ORIENTED_EDGE('',*,*,#2917,.F.);
#3771=ORIENTED_EDGE('',*,*,#2918,.F.);
#3772=ORIENTED_EDGE('',*,*,#2919,.F.);
#3773=ORIENTED_EDGE('',*,*,#2920,.T.);
#3774=ORIENTED_EDGE('',*,*,#2918,.T.);
#3775=ORIENTED_EDGE('',*,*,#2921,.T.);
#3776=ORIENTED_EDGE('',*,*,#2922,.T.);
#3777=ORIENTED_EDGE('',*,*,#2923,.T.);
#3778=ORIENTED_EDGE('',*,*,#2924,.T.);
#3779=ORIENTED_EDGE('',*,*,#2925,.T.);
#3780=ORIENTED_EDGE('',*,*,#2926,.T.);
#3781=ORIENTED_EDGE('',*,*,#2924,.F.);
#3782=ORIENTED_EDGE('',*,*,#2927,.F.);
#3783=ORIENTED_EDGE('',*,*,#2928,.F.);
#3784=ORIENTED_EDGE('',*,*,#2929,.F.);
#3785=ORIENTED_EDGE('',*,*,#2930,.T.);
#3786=ORIENTED_EDGE('',*,*,#2928,.T.);
#3787=ORIENTED_EDGE('',*,*,#2931,.T.);
#3788=ORIENTED_EDGE('',*,*,#2932,.T.);
#3789=ORIENTED_EDGE('',*,*,#2933,.T.);
#3790=ORIENTED_EDGE('',*,*,#2934,.T.);
#3791=ORIENTED_EDGE('',*,*,#2935,.T.);
#3792=ORIENTED_EDGE('',*,*,#2936,.T.);
#3793=ORIENTED_EDGE('',*,*,#2934,.F.);
#3794=ORIENTED_EDGE('',*,*,#2937,.F.);
#3795=ORIENTED_EDGE('',*,*,#2938,.F.);
#3796=ORIENTED_EDGE('',*,*,#2939,.F.);
#3797=ORIENTED_EDGE('',*,*,#2940,.T.);
#3798=ORIENTED_EDGE('',*,*,#2938,.T.);
#3799=ORIENTED_EDGE('',*,*,#2941,.T.);
#3800=ORIENTED_EDGE('',*,*,#2942,.T.);
#3801=ORIENTED_EDGE('',*,*,#2943,.T.);
#3802=ORIENTED_EDGE('',*,*,#2944,.T.);
#3803=ORIENTED_EDGE('',*,*,#2945,.T.);
#3804=ORIENTED_EDGE('',*,*,#2946,.T.);
#3805=ORIENTED_EDGE('',*,*,#2944,.F.);
#3806=ORIENTED_EDGE('',*,*,#2947,.F.);
#3807=ORIENTED_EDGE('',*,*,#2948,.F.);
#3808=ORIENTED_EDGE('',*,*,#2949,.F.);
#3809=ORIENTED_EDGE('',*,*,#2950,.T.);
#3810=ORIENTED_EDGE('',*,*,#2948,.T.);
#3811=ORIENTED_EDGE('',*,*,#2951,.T.);
#3812=ORIENTED_EDGE('',*,*,#2952,.T.);
#3813=ORIENTED_EDGE('',*,*,#2953,.T.);
#3814=ORIENTED_EDGE('',*,*,#2954,.T.);
#3815=ORIENTED_EDGE('',*,*,#2955,.T.);
#3816=ORIENTED_EDGE('',*,*,#2956,.T.);
#3817=ORIENTED_EDGE('',*,*,#2954,.F.);
#3818=ORIENTED_EDGE('',*,*,#2957,.F.);
#3819=ORIENTED_EDGE('',*,*,#2958,.F.);
#3820=ORIENTED_EDGE('',*,*,#2959,.F.);
#3821=ORIENTED_EDGE('',*,*,#2960,.T.);
#3822=ORIENTED_EDGE('',*,*,#2958,.T.);
#3823=ORIENTED_EDGE('',*,*,#2961,.T.);
#3824=ORIENTED_EDGE('',*,*,#2962,.T.);
#3825=ORIENTED_EDGE('',*,*,#2963,.T.);
#3826=ORIENTED_EDGE('',*,*,#2964,.T.);
#3827=ORIENTED_EDGE('',*,*,#2965,.T.);
#3828=ORIENTED_EDGE('',*,*,#2966,.T.);
#3829=ORIENTED_EDGE('',*,*,#2964,.F.);
#3830=ORIENTED_EDGE('',*,*,#2967,.F.);
#3831=ORIENTED_EDGE('',*,*,#2968,.F.);
#3832=ORIENTED_EDGE('',*,*,#2969,.F.);
#3833=ORIENTED_EDGE('',*,*,#2970,.T.);
#3834=ORIENTED_EDGE('',*,*,#2968,.T.);
#3835=ORIENTED_EDGE('',*,*,#2971,.T.);
#3836=ORIENTED_EDGE('',*,*,#2972,.T.);
#3837=ORIENTED_EDGE('',*,*,#2973,.T.);
#3838=ORIENTED_EDGE('',*,*,#2974,.T.);
#3839=ORIENTED_EDGE('',*,*,#2975,.T.);
#3840=ORIENTED_EDGE('',*,*,#2976,.T.);
#3841=ORIENTED_EDGE('',*,*,#2974,.F.);
#3842=ORIENTED_EDGE('',*,*,#2977,.F.);
#3843=ORIENTED_EDGE('',*,*,#2978,.F.);
#3844=ORIENTED_EDGE('',*,*,#2979,.F.);
#3845=ORIENTED_EDGE('',*,*,#2980,.T.);
#3846=ORIENTED_EDGE('',*,*,#2978,.T.);
#3847=ORIENTED_EDGE('',*,*,#2981,.T.);
#3848=ORIENTED_EDGE('',*,*,#2982,.T.);
#3849=ORIENTED_EDGE('',*,*,#2983,.T.);
#3850=ORIENTED_EDGE('',*,*,#2984,.T.);
#3851=ORIENTED_EDGE('',*,*,#2985,.T.);
#3852=ORIENTED_EDGE('',*,*,#2986,.T.);
#3853=ORIENTED_EDGE('',*,*,#2984,.F.);
#3854=ORIENTED_EDGE('',*,*,#2987,.F.);
#3855=ORIENTED_EDGE('',*,*,#2988,.F.);
#3856=ORIENTED_EDGE('',*,*,#2989,.F.);
#3857=ORIENTED_EDGE('',*,*,#2990,.T.);
#3858=ORIENTED_EDGE('',*,*,#2991,.T.);
#3859=ORIENTED_EDGE('',*,*,#2992,.T.);
#3860=ORIENTED_EDGE('',*,*,#2988,.T.);
#3861=ORIENTED_EDGE('',*,*,#2972,.F.);
#3862=ORIENTED_EDGE('',*,*,#2993,.F.);
#3863=ORIENTED_EDGE('',*,*,#2991,.F.);
#3864=ORIENTED_EDGE('',*,*,#2994,.F.);
#3865=ORIENTED_EDGE('',*,*,#2995,.T.);
#3866=ORIENTED_EDGE('',*,*,#2996,.T.);
#3867=ORIENTED_EDGE('',*,*,#2997,.T.);
#3868=ORIENTED_EDGE('',*,*,#2998,.T.);
#3869=ORIENTED_EDGE('',*,*,#2996,.F.);
#3870=ORIENTED_EDGE('',*,*,#2999,.F.);
#3871=ORIENTED_EDGE('',*,*,#3000,.F.);
#3872=ORIENTED_EDGE('',*,*,#3001,.F.);
#3873=ORIENTED_EDGE('',*,*,#3002,.T.);
#3874=ORIENTED_EDGE('',*,*,#3003,.T.);
#3875=ORIENTED_EDGE('',*,*,#3004,.T.);
#3876=ORIENTED_EDGE('',*,*,#3005,.T.);
#3877=ORIENTED_EDGE('',*,*,#3003,.F.);
#3878=ORIENTED_EDGE('',*,*,#3006,.F.);
#3879=ORIENTED_EDGE('',*,*,#3007,.F.);
#3880=ORIENTED_EDGE('',*,*,#3008,.F.);
#3881=ORIENTED_EDGE('',*,*,#3009,.T.);
#3882=ORIENTED_EDGE('',*,*,#3007,.T.);
#3883=ORIENTED_EDGE('',*,*,#3010,.T.);
#3884=ORIENTED_EDGE('',*,*,#3011,.T.);
#3885=ORIENTED_EDGE('',*,*,#3012,.T.);
#3886=ORIENTED_EDGE('',*,*,#3013,.T.);
#3887=ORIENTED_EDGE('',*,*,#3014,.T.);
#3888=ORIENTED_EDGE('',*,*,#3015,.T.);
#3889=ORIENTED_EDGE('',*,*,#3016,.F.);
#3890=ORIENTED_EDGE('',*,*,#2657,.T.);
#3891=ORIENTED_EDGE('',*,*,#2654,.T.);
#3892=ORIENTED_EDGE('',*,*,#3017,.T.);
#3893=ORIENTED_EDGE('',*,*,#3018,.F.);
#3894=ORIENTED_EDGE('',*,*,#3019,.T.);
#3895=ORIENTED_EDGE('',*,*,#2662,.F.);
#3896=ORIENTED_EDGE('',*,*,#3020,.T.);
#3897=ORIENTED_EDGE('',*,*,#3021,.F.);
#3898=ORIENTED_EDGE('',*,*,#2676,.F.);
#3899=ORIENTED_EDGE('',*,*,#2691,.T.);
#3900=ORIENTED_EDGE('',*,*,#2686,.F.);
#3901=ORIENTED_EDGE('',*,*,#3022,.F.);
#3902=ORIENTED_EDGE('',*,*,#2712,.F.);
#3903=ORIENTED_EDGE('',*,*,#2699,.T.);
#3904=ORIENTED_EDGE('',*,*,#2695,.F.);
#3905=ORIENTED_EDGE('',*,*,#3023,.F.);
#3906=ORIENTED_EDGE('',*,*,#2721,.F.);
#3907=ORIENTED_EDGE('',*,*,#2743,.T.);
#3908=ORIENTED_EDGE('',*,*,#2738,.F.);
#3909=ORIENTED_EDGE('',*,*,#3024,.F.);
#3910=ORIENTED_EDGE('',*,*,#2764,.F.);
#3911=ORIENTED_EDGE('',*,*,#2751,.T.);
#3912=ORIENTED_EDGE('',*,*,#2747,.F.);
#3913=ORIENTED_EDGE('',*,*,#3025,.T.);
#3914=ORIENTED_EDGE('',*,*,#3026,.F.);
#3915=ORIENTED_EDGE('',*,*,#3027,.T.);
#3916=ORIENTED_EDGE('',*,*,#3028,.F.);
#3917=ORIENTED_EDGE('',*,*,#3029,.T.);
#3918=ORIENTED_EDGE('',*,*,#3030,.F.);
#3919=ORIENTED_EDGE('',*,*,#3031,.T.);
#3920=ORIENTED_EDGE('',*,*,#3032,.F.);
#3921=ORIENTED_EDGE('',*,*,#3033,.T.);
#3922=ORIENTED_EDGE('',*,*,#3034,.F.);
#3923=ORIENTED_EDGE('',*,*,#3035,.T.);
#3924=ORIENTED_EDGE('',*,*,#3036,.F.);
#3925=ORIENTED_EDGE('',*,*,#3037,.T.);
#3926=ORIENTED_EDGE('',*,*,#3038,.F.);
#3927=ORIENTED_EDGE('',*,*,#3039,.T.);
#3928=ORIENTED_EDGE('',*,*,#3040,.F.);
#3929=ORIENTED_EDGE('',*,*,#3041,.T.);
#3930=ORIENTED_EDGE('',*,*,#2951,.F.);
#3931=ORIENTED_EDGE('',*,*,#2947,.T.);
#3932=ORIENTED_EDGE('',*,*,#2943,.F.);
#3933=ORIENTED_EDGE('',*,*,#3042,.T.);
#3934=ORIENTED_EDGE('',*,*,#2915,.F.);
#3935=ORIENTED_EDGE('',*,*,#2919,.T.);
#3936=ORIENTED_EDGE('',*,*,#2920,.F.);
#3937=ORIENTED_EDGE('',*,*,#3043,.T.);
#3938=ORIENTED_EDGE('',*,*,#2931,.F.);
#3939=ORIENTED_EDGE('',*,*,#2927,.T.);
#3940=ORIENTED_EDGE('',*,*,#2923,.F.);
#3941=ORIENTED_EDGE('',*,*,#3044,.T.);
#3942=ORIENTED_EDGE('',*,*,#2941,.F.);
#3943=ORIENTED_EDGE('',*,*,#2937,.T.);
#3944=ORIENTED_EDGE('',*,*,#2933,.F.);
#3945=ORIENTED_EDGE('',*,*,#3045,.T.);
#3946=ORIENTED_EDGE('',*,*,#2886,.F.);
#3947=ORIENTED_EDGE('',*,*,#2890,.T.);
#3948=ORIENTED_EDGE('',*,*,#2891,.F.);
#3949=ORIENTED_EDGE('',*,*,#3046,.T.);
#3950=ORIENTED_EDGE('',*,*,#2896,.F.);
#3951=ORIENTED_EDGE('',*,*,#2900,.T.);
#3952=ORIENTED_EDGE('',*,*,#2901,.F.);
#3953=ORIENTED_EDGE('',*,*,#3047,.T.);
#3954=ORIENTED_EDGE('',*,*,#2906,.F.);
#3955=ORIENTED_EDGE('',*,*,#2910,.T.);
#3956=ORIENTED_EDGE('',*,*,#2911,.F.);
#3957=ORIENTED_EDGE('',*,*,#2875,.T.);
#3958=ORIENTED_EDGE('',*,*,#2871,.F.);
#3959=ORIENTED_EDGE('',*,*,#2883,.T.);
#3960=ORIENTED_EDGE('',*,*,#2878,.F.);
#3961=ORIENTED_EDGE('',*,*,#3048,.T.);
#3962=ORIENTED_EDGE('',*,*,#3049,.F.);
#3963=ORIENTED_EDGE('',*,*,#3050,.T.);
#3964=ORIENTED_EDGE('',*,*,#3051,.F.);
#3965=ORIENTED_EDGE('',*,*,#3052,.T.);
#3966=ORIENTED_EDGE('',*,*,#3053,.F.);
#3967=ORIENTED_EDGE('',*,*,#3054,.T.);
#3968=ORIENTED_EDGE('',*,*,#3055,.F.);
#3969=ORIENTED_EDGE('',*,*,#3056,.T.);
#3970=ORIENTED_EDGE('',*,*,#3057,.F.);
#3971=ORIENTED_EDGE('',*,*,#3058,.T.);
#3972=ORIENTED_EDGE('',*,*,#3059,.F.);
#3973=ORIENTED_EDGE('',*,*,#3060,.T.);
#3974=ORIENTED_EDGE('',*,*,#3061,.F.);
#3975=ORIENTED_EDGE('',*,*,#3062,.T.);
#3976=ORIENTED_EDGE('',*,*,#3063,.F.);
#3977=ORIENTED_EDGE('',*,*,#3064,.T.);
#3978=ORIENTED_EDGE('',*,*,#2981,.F.);
#3979=ORIENTED_EDGE('',*,*,#2977,.T.);
#3980=ORIENTED_EDGE('',*,*,#2973,.F.);
#3981=ORIENTED_EDGE('',*,*,#3065,.T.);
#3982=ORIENTED_EDGE('',*,*,#2955,.F.);
#3983=ORIENTED_EDGE('',*,*,#2959,.T.);
#3984=ORIENTED_EDGE('',*,*,#2960,.F.);
#3985=ORIENTED_EDGE('',*,*,#3066,.T.);
#3986=ORIENTED_EDGE('',*,*,#2965,.F.);
#3987=ORIENTED_EDGE('',*,*,#2969,.T.);
#3988=ORIENTED_EDGE('',*,*,#2970,.F.);
#3989=ORIENTED_EDGE('',*,*,#2994,.T.);
#3990=ORIENTED_EDGE('',*,*,#2990,.F.);
#3991=ORIENTED_EDGE('',*,*,#2987,.T.);
#3992=ORIENTED_EDGE('',*,*,#2983,.F.);
#3993=ORIENTED_EDGE('',*,*,#3067,.T.);
#3994=ORIENTED_EDGE('',*,*,#2843,.F.);
#3995=ORIENTED_EDGE('',*,*,#2847,.T.);
#3996=ORIENTED_EDGE('',*,*,#2848,.F.);
#3997=ORIENTED_EDGE('',*,*,#3068,.T.);
#3998=ORIENTED_EDGE('',*,*,#2853,.F.);
#3999=ORIENTED_EDGE('',*,*,#2857,.T.);
#4000=ORIENTED_EDGE('',*,*,#2858,.F.);
#4001=ORIENTED_EDGE('',*,*,#3069,.T.);
#4002=ORIENTED_EDGE('',*,*,#2863,.F.);
#4003=ORIENTED_EDGE('',*,*,#2867,.T.);
#4004=ORIENTED_EDGE('',*,*,#2868,.F.);
#4005=ORIENTED_EDGE('',*,*,#3070,.T.);
#4006=ORIENTED_EDGE('',*,*,#2833,.F.);
#4007=ORIENTED_EDGE('',*,*,#2837,.T.);
#4008=ORIENTED_EDGE('',*,*,#2838,.F.);
#4009=ORIENTED_EDGE('',*,*,#3014,.F.);
#4010=ORIENTED_EDGE('',*,*,#3071,.T.);
#4011=ORIENTED_EDGE('',*,*,#3072,.F.);
#4012=ORIENTED_EDGE('',*,*,#3073,.T.);
#4013=ORIENTED_EDGE('',*,*,#3010,.F.);
#4014=ORIENTED_EDGE('',*,*,#3006,.T.);
#4015=ORIENTED_EDGE('',*,*,#3002,.F.);
#4016=ORIENTED_EDGE('',*,*,#3074,.T.);
#4017=ORIENTED_EDGE('',*,*,#3075,.F.);
#4018=ORIENTED_EDGE('',*,*,#3076,.T.);
#4019=ORIENTED_EDGE('',*,*,#3077,.F.);
#4020=ORIENTED_EDGE('',*,*,#3078,.T.);
#4021=ORIENTED_EDGE('',*,*,#3079,.F.);
#4022=ORIENTED_EDGE('',*,*,#3080,.T.);
#4023=ORIENTED_EDGE('',*,*,#3081,.F.);
#4024=ORIENTED_EDGE('',*,*,#2999,.T.);
#4025=ORIENTED_EDGE('',*,*,#2995,.F.);
#4026=ORIENTED_EDGE('',*,*,#3082,.T.);
#4027=ORIENTED_EDGE('',*,*,#3083,.T.);
#4028=ORIENTED_EDGE('',*,*,#3084,.T.);
#4029=ORIENTED_EDGE('',*,*,#3085,.T.);
#4030=ORIENTED_EDGE('',*,*,#3086,.T.);
#4031=ORIENTED_EDGE('',*,*,#3087,.T.);
#4032=ORIENTED_EDGE('',*,*,#3088,.T.);
#4033=ORIENTED_EDGE('',*,*,#3089,.T.);
#4034=ORIENTED_EDGE('',*,*,#3090,.T.);
#4035=ORIENTED_EDGE('',*,*,#3091,.T.);
#4036=ORIENTED_EDGE('',*,*,#3092,.T.);
#4037=ORIENTED_EDGE('',*,*,#3093,.T.);
#4038=ORIENTED_EDGE('',*,*,#3094,.T.);
#4039=ORIENTED_EDGE('',*,*,#3095,.T.);
#4040=ORIENTED_EDGE('',*,*,#3096,.T.);
#4041=ORIENTED_EDGE('',*,*,#3097,.T.);
#4042=ORIENTED_EDGE('',*,*,#3098,.T.);
#4043=ORIENTED_EDGE('',*,*,#3099,.T.);
#4044=ORIENTED_EDGE('',*,*,#3100,.T.);
#4045=ORIENTED_EDGE('',*,*,#3101,.T.);
#4046=ORIENTED_EDGE('',*,*,#3102,.T.);
#4047=ORIENTED_EDGE('',*,*,#3103,.T.);
#4048=ORIENTED_EDGE('',*,*,#3104,.T.);
#4049=ORIENTED_EDGE('',*,*,#3105,.T.);
#4050=ORIENTED_EDGE('',*,*,#3106,.T.);
#4051=ORIENTED_EDGE('',*,*,#3107,.T.);
#4052=ORIENTED_EDGE('',*,*,#3108,.T.);
#4053=ORIENTED_EDGE('',*,*,#3109,.T.);
#4054=ORIENTED_EDGE('',*,*,#3110,.T.);
#4055=ORIENTED_EDGE('',*,*,#3111,.T.);
#4056=ORIENTED_EDGE('',*,*,#3112,.T.);
#4057=ORIENTED_EDGE('',*,*,#3113,.T.);
#4058=ORIENTED_EDGE('',*,*,#3114,.T.);
#4059=ORIENTED_EDGE('',*,*,#3115,.T.);
#4060=ORIENTED_EDGE('',*,*,#3116,.T.);
#4061=ORIENTED_EDGE('',*,*,#3117,.T.);
#4062=ORIENTED_EDGE('',*,*,#3118,.T.);
#4063=ORIENTED_EDGE('',*,*,#3119,.T.);
#4064=ORIENTED_EDGE('',*,*,#3120,.T.);
#4065=ORIENTED_EDGE('',*,*,#3121,.T.);
#4066=ORIENTED_EDGE('',*,*,#3122,.T.);
#4067=ORIENTED_EDGE('',*,*,#3123,.T.);
#4068=ORIENTED_EDGE('',*,*,#3124,.T.);
#4069=ORIENTED_EDGE('',*,*,#3125,.T.);
#4070=ORIENTED_EDGE('',*,*,#3126,.T.);
#4071=ORIENTED_EDGE('',*,*,#3013,.F.);
#4072=ORIENTED_EDGE('',*,*,#3127,.F.);
#4073=ORIENTED_EDGE('',*,*,#3128,.F.);
#4074=ORIENTED_EDGE('',*,*,#3071,.F.);
#4075=ORIENTED_EDGE('',*,*,#3072,.T.);
#4076=ORIENTED_EDGE('',*,*,#3128,.T.);
#4077=ORIENTED_EDGE('',*,*,#3129,.T.);
#4078=ORIENTED_EDGE('',*,*,#3130,.T.);
#4079=ORIENTED_EDGE('',*,*,#3077,.T.);
#4080=ORIENTED_EDGE('',*,*,#3131,.T.);
#4081=ORIENTED_EDGE('',*,*,#3132,.T.);
#4082=ORIENTED_EDGE('',*,*,#3133,.T.);
#4083=ORIENTED_EDGE('',*,*,#3131,.F.);
#4084=ORIENTED_EDGE('',*,*,#3076,.F.);
#4085=ORIENTED_EDGE('',*,*,#3134,.F.);
#4086=ORIENTED_EDGE('',*,*,#3135,.F.);
#4087=ORIENTED_EDGE('',*,*,#3136,.T.);
#4088=ORIENTED_EDGE('',*,*,#3134,.T.);
#4089=ORIENTED_EDGE('',*,*,#3075,.T.);
#4090=ORIENTED_EDGE('',*,*,#3137,.T.);
#4091=ORIENTED_EDGE('',*,*,#3138,.T.);
#4092=ORIENTED_EDGE('',*,*,#3139,.T.);
#4093=ORIENTED_EDGE('',*,*,#3079,.T.);
#4094=ORIENTED_EDGE('',*,*,#3140,.T.);
#4095=ORIENTED_EDGE('',*,*,#3139,.F.);
#4096=ORIENTED_EDGE('',*,*,#3141,.F.);
#4097=ORIENTED_EDGE('',*,*,#3142,.F.);
#4098=ORIENTED_EDGE('',*,*,#3080,.F.);
#4099=ORIENTED_EDGE('',*,*,#3081,.T.);
#4100=ORIENTED_EDGE('',*,*,#3142,.T.);
#4101=ORIENTED_EDGE('',*,*,#3143,.T.);
#4102=ORIENTED_EDGE('',*,*,#3000,.T.);
#4103=ORIENTED_EDGE('',*,*,#3051,.T.);
#4104=ORIENTED_EDGE('',*,*,#3144,.T.);
#4105=ORIENTED_EDGE('',*,*,#3145,.T.);
#4106=ORIENTED_EDGE('',*,*,#3146,.T.);
#4107=ORIENTED_EDGE('',*,*,#3144,.F.);
#4108=ORIENTED_EDGE('',*,*,#3050,.F.);
#4109=ORIENTED_EDGE('',*,*,#3147,.F.);
#4110=ORIENTED_EDGE('',*,*,#3148,.F.);
#4111=ORIENTED_EDGE('',*,*,#3149,.T.);
#4112=ORIENTED_EDGE('',*,*,#3150,.T.);
#4113=ORIENTED_EDGE('',*,*,#3061,.T.);
#4114=ORIENTED_EDGE('',*,*,#3151,.T.);
#4115=ORIENTED_EDGE('',*,*,#3150,.F.);
#4116=ORIENTED_EDGE('',*,*,#3152,.F.);
#4117=ORIENTED_EDGE('',*,*,#3153,.F.);
#4118=ORIENTED_EDGE('',*,*,#3062,.F.);
#4119=ORIENTED_EDGE('',*,*,#3063,.T.);
#4120=ORIENTED_EDGE('',*,*,#3153,.T.);
#4121=ORIENTED_EDGE('',*,*,#3154,.T.);
#4122=ORIENTED_EDGE('',*,*,#3155,.T.);
#4123=ORIENTED_EDGE('',*,*,#3156,.T.);
#4124=ORIENTED_EDGE('',*,*,#3147,.T.);
#4125=ORIENTED_EDGE('',*,*,#3049,.T.);
#4126=ORIENTED_EDGE('',*,*,#3157,.T.);
#4127=ORIENTED_EDGE('',*,*,#3158,.T.);
#4128=ORIENTED_EDGE('',*,*,#3159,.T.);
#4129=ORIENTED_EDGE('',*,*,#3053,.T.);
#4130=ORIENTED_EDGE('',*,*,#3160,.T.);
#4131=ORIENTED_EDGE('',*,*,#3159,.F.);
#4132=ORIENTED_EDGE('',*,*,#3161,.F.);
#4133=ORIENTED_EDGE('',*,*,#3162,.F.);
#4134=ORIENTED_EDGE('',*,*,#3054,.F.);
#4135=ORIENTED_EDGE('',*,*,#3055,.T.);
#4136=ORIENTED_EDGE('',*,*,#3162,.T.);
#4137=ORIENTED_EDGE('',*,*,#3163,.T.);
#4138=ORIENTED_EDGE('',*,*,#3164,.T.);
#4139=ORIENTED_EDGE('',*,*,#3165,.T.);
#4140=ORIENTED_EDGE('',*,*,#3166,.T.);
#4141=ORIENTED_EDGE('',*,*,#3057,.T.);
#4142=ORIENTED_EDGE('',*,*,#3167,.T.);
#4143=ORIENTED_EDGE('',*,*,#3166,.F.);
#4144=ORIENTED_EDGE('',*,*,#3168,.F.);
#4145=ORIENTED_EDGE('',*,*,#3169,.F.);
#4146=ORIENTED_EDGE('',*,*,#3058,.F.);
#4147=ORIENTED_EDGE('',*,*,#3059,.T.);
#4148=ORIENTED_EDGE('',*,*,#3169,.T.);
#4149=ORIENTED_EDGE('',*,*,#3170,.T.);
#4150=ORIENTED_EDGE('',*,*,#3171,.T.);
#4151=ORIENTED_EDGE('',*,*,#3172,.T.);
#4152=ORIENTED_EDGE('',*,*,#3173,.T.);
#4153=ORIENTED_EDGE('',*,*,#3026,.T.);
#4154=ORIENTED_EDGE('',*,*,#3174,.T.);
#4155=ORIENTED_EDGE('',*,*,#3173,.F.);
#4156=ORIENTED_EDGE('',*,*,#3175,.F.);
#4157=ORIENTED_EDGE('',*,*,#3176,.F.);
#4158=ORIENTED_EDGE('',*,*,#3027,.F.);
#4159=ORIENTED_EDGE('',*,*,#3028,.T.);
#4160=ORIENTED_EDGE('',*,*,#3176,.T.);
#4161=ORIENTED_EDGE('',*,*,#3177,.T.);
#4162=ORIENTED_EDGE('',*,*,#3178,.T.);
#4163=ORIENTED_EDGE('',*,*,#3179,.T.);
#4164=ORIENTED_EDGE('',*,*,#3180,.T.);
#4165=ORIENTED_EDGE('',*,*,#3030,.T.);
#4166=ORIENTED_EDGE('',*,*,#3181,.T.);
#4167=ORIENTED_EDGE('',*,*,#3180,.F.);
#4168=ORIENTED_EDGE('',*,*,#3182,.F.);
#4169=ORIENTED_EDGE('',*,*,#3183,.F.);
#4170=ORIENTED_EDGE('',*,*,#3031,.F.);
#4171=ORIENTED_EDGE('',*,*,#3032,.T.);
#4172=ORIENTED_EDGE('',*,*,#3183,.T.);
#4173=ORIENTED_EDGE('',*,*,#3184,.T.);
#4174=ORIENTED_EDGE('',*,*,#3185,.T.);
#4175=ORIENTED_EDGE('',*,*,#3186,.T.);
#4176=ORIENTED_EDGE('',*,*,#3187,.T.);
#4177=ORIENTED_EDGE('',*,*,#3034,.T.);
#4178=ORIENTED_EDGE('',*,*,#3188,.T.);
#4179=ORIENTED_EDGE('',*,*,#3187,.F.);
#4180=ORIENTED_EDGE('',*,*,#3189,.F.);
#4181=ORIENTED_EDGE('',*,*,#3190,.F.);
#4182=ORIENTED_EDGE('',*,*,#3035,.F.);
#4183=ORIENTED_EDGE('',*,*,#3036,.T.);
#4184=ORIENTED_EDGE('',*,*,#3190,.T.);
#4185=ORIENTED_EDGE('',*,*,#3191,.T.);
#4186=ORIENTED_EDGE('',*,*,#3192,.T.);
#4187=ORIENTED_EDGE('',*,*,#3193,.T.);
#4188=ORIENTED_EDGE('',*,*,#3194,.T.);
#4189=ORIENTED_EDGE('',*,*,#3038,.T.);
#4190=ORIENTED_EDGE('',*,*,#3195,.T.);
#4191=ORIENTED_EDGE('',*,*,#3194,.F.);
#4192=ORIENTED_EDGE('',*,*,#3196,.F.);
#4193=ORIENTED_EDGE('',*,*,#3197,.F.);
#4194=ORIENTED_EDGE('',*,*,#3039,.F.);
#4195=ORIENTED_EDGE('',*,*,#3040,.T.);
#4196=ORIENTED_EDGE('',*,*,#3197,.T.);
#4197=ORIENTED_EDGE('',*,*,#3198,.T.);
#4198=ORIENTED_EDGE('',*,*,#3199,.T.);
#4199=ORIENTED_EDGE('',*,*,#2750,.F.);
#4200=ORIENTED_EDGE('',*,*,#3200,.F.);
#4201=ORIENTED_EDGE('',*,*,#3201,.F.);
#4202=ORIENTED_EDGE('',*,*,#3202,.F.);
#4203=ORIENTED_EDGE('',*,*,#2757,.F.);
#4204=ORIENTED_EDGE('',*,*,#3203,.F.);
#4205=ORIENTED_EDGE('',*,*,#3204,.F.);
#4206=ORIENTED_EDGE('',*,*,#3205,.F.);
#4207=ORIENTED_EDGE('',*,*,#2698,.F.);
#4208=ORIENTED_EDGE('',*,*,#3206,.F.);
#4209=ORIENTED_EDGE('',*,*,#3207,.F.);
#4210=ORIENTED_EDGE('',*,*,#3208,.F.);
#4211=ORIENTED_EDGE('',*,*,#2705,.F.);
#4212=ORIENTED_EDGE('',*,*,#3209,.F.);
#4213=ORIENTED_EDGE('',*,*,#3210,.F.);
#4214=ORIENTED_EDGE('',*,*,#3211,.F.);
#4215=ORIENTED_EDGE('',*,*,#2689,.F.);
#4216=ORIENTED_EDGE('',*,*,#3212,.F.);
#4217=ORIENTED_EDGE('',*,*,#3213,.F.);
#4218=ORIENTED_EDGE('',*,*,#3214,.F.);
#4219=ORIENTED_EDGE('',*,*,#2694,.F.);
#4220=ORIENTED_EDGE('',*,*,#3215,.F.);
#4221=ORIENTED_EDGE('',*,*,#3216,.F.);
#4222=ORIENTED_EDGE('',*,*,#3217,.F.);
#4223=ORIENTED_EDGE('',*,*,#2685,.T.);
#4224=ORIENTED_EDGE('',*,*,#3218,.F.);
#4225=ORIENTED_EDGE('',*,*,#3219,.T.);
#4226=ORIENTED_EDGE('',*,*,#3220,.F.);
#4227=ORIENTED_EDGE('',*,*,#3209,.T.);
#4228=ORIENTED_EDGE('',*,*,#3221,.F.);
#4229=ORIENTED_EDGE('',*,*,#2727,.T.);
#4230=ORIENTED_EDGE('',*,*,#3222,.F.);
#4231=ORIENTED_EDGE('',*,*,#2720,.T.);
#4232=ORIENTED_EDGE('',*,*,#3223,.F.);
#4233=ORIENTED_EDGE('',*,*,#3215,.T.);
#4234=ORIENTED_EDGE('',*,*,#3224,.F.);
#4235=ORIENTED_EDGE('',*,*,#3203,.T.);
#4236=ORIENTED_EDGE('',*,*,#3225,.F.);
#4237=ORIENTED_EDGE('',*,*,#3226,.T.);
#4238=ORIENTED_EDGE('',*,*,#3227,.F.);
#4239=ORIENTED_EDGE('',*,*,#2772,.T.);
#4240=ORIENTED_EDGE('',*,*,#3228,.F.);
#4241=ORIENTED_EDGE('',*,*,#3229,.T.);
#4242=ORIENTED_EDGE('',*,*,#3230,.F.);
#4243=ORIENTED_EDGE('',*,*,#2684,.T.);
#4244=ORIENTED_EDGE('',*,*,#3231,.T.);
#4245=ORIENTED_EDGE('',*,*,#3232,.T.);
#4246=ORIENTED_EDGE('',*,*,#3218,.T.);
#4247=ORIENTED_EDGE('',*,*,#3210,.T.);
#4248=ORIENTED_EDGE('',*,*,#3222,.T.);
#4249=ORIENTED_EDGE('',*,*,#2726,.T.);
#4250=ORIENTED_EDGE('',*,*,#3233,.T.);
#4251=ORIENTED_EDGE('',*,*,#2719,.T.);
#4252=ORIENTED_EDGE('',*,*,#3234,.T.);
#4253=ORIENTED_EDGE('',*,*,#3216,.T.);
#4254=ORIENTED_EDGE('',*,*,#3223,.T.);
#4255=ORIENTED_EDGE('',*,*,#3204,.T.);
#4256=ORIENTED_EDGE('',*,*,#3227,.T.);
#4257=ORIENTED_EDGE('',*,*,#3235,.T.);
#4258=ORIENTED_EDGE('',*,*,#3236,.T.);
#4259=ORIENTED_EDGE('',*,*,#2771,.T.);
#4260=ORIENTED_EDGE('',*,*,#3237,.T.);
#4261=ORIENTED_EDGE('',*,*,#3238,.T.);
#4262=ORIENTED_EDGE('',*,*,#3228,.T.);
#4263=ORIENTED_EDGE('',*,*,#2741,.F.);
#4264=ORIENTED_EDGE('',*,*,#3239,.F.);
#4265=ORIENTED_EDGE('',*,*,#3240,.F.);
#4266=ORIENTED_EDGE('',*,*,#3241,.F.);
#4267=ORIENTED_EDGE('',*,*,#2746,.F.);
#4268=ORIENTED_EDGE('',*,*,#3229,.F.);
#4269=ORIENTED_EDGE('',*,*,#3238,.F.);
#4270=ORIENTED_EDGE('',*,*,#3242,.F.);
#4271=ORIENTED_EDGE('',*,*,#2681,.T.);
#4272=ORIENTED_EDGE('',*,*,#3243,.T.);
#4273=ORIENTED_EDGE('',*,*,#3244,.T.);
#4274=ORIENTED_EDGE('',*,*,#3245,.T.);
#4275=ORIENTED_EDGE('',*,*,#3207,.T.);
#4276=ORIENTED_EDGE('',*,*,#3246,.T.);
#4277=ORIENTED_EDGE('',*,*,#2730,.T.);
#4278=ORIENTED_EDGE('',*,*,#3247,.T.);
#4279=ORIENTED_EDGE('',*,*,#2716,.T.);
#4280=ORIENTED_EDGE('',*,*,#3248,.T.);
#4281=ORIENTED_EDGE('',*,*,#3213,.T.);
#4282=ORIENTED_EDGE('',*,*,#3249,.T.);
#4283=ORIENTED_EDGE('',*,*,#3201,.T.);
#4284=ORIENTED_EDGE('',*,*,#3250,.T.);
#4285=ORIENTED_EDGE('',*,*,#3251,.F.);
#4286=ORIENTED_EDGE('',*,*,#3252,.T.);
#4287=ORIENTED_EDGE('',*,*,#2768,.T.);
#4288=ORIENTED_EDGE('',*,*,#3253,.T.);
#4289=ORIENTED_EDGE('',*,*,#3240,.T.);
#4290=ORIENTED_EDGE('',*,*,#3254,.T.);
#4291=ORIENTED_EDGE('',*,*,#2680,.T.);
#4292=ORIENTED_EDGE('',*,*,#2799,.F.);
#4293=ORIENTED_EDGE('',*,*,#3255,.T.);
#4294=ORIENTED_EDGE('',*,*,#3243,.F.);
#4295=ORIENTED_EDGE('',*,*,#3208,.T.);
#4296=ORIENTED_EDGE('',*,*,#3247,.F.);
#4297=ORIENTED_EDGE('',*,*,#2729,.T.);
#4298=ORIENTED_EDGE('',*,*,#2801,.F.);
#4299=ORIENTED_EDGE('',*,*,#2715,.T.);
#4300=ORIENTED_EDGE('',*,*,#2800,.F.);
#4301=ORIENTED_EDGE('',*,*,#3214,.T.);
#4302=ORIENTED_EDGE('',*,*,#3248,.F.);
#4303=ORIENTED_EDGE('',*,*,#3202,.T.);
#4304=ORIENTED_EDGE('',*,*,#3252,.F.);
#4305=ORIENTED_EDGE('',*,*,#3256,.F.);
#4306=ORIENTED_EDGE('',*,*,#2803,.F.);
#4307=ORIENTED_EDGE('',*,*,#2767,.T.);
#4308=ORIENTED_EDGE('',*,*,#2802,.F.);
#4309=ORIENTED_EDGE('',*,*,#3241,.T.);
#4310=ORIENTED_EDGE('',*,*,#3253,.F.);
#4311=ORIENTED_EDGE('',*,*,#2753,.T.);
#4312=ORIENTED_EDGE('',*,*,#2766,.F.);
#4313=ORIENTED_EDGE('',*,*,#3257,.T.);
#4314=ORIENTED_EDGE('',*,*,#2740,.F.);
#4315=ORIENTED_EDGE('',*,*,#2742,.T.);
#4316=ORIENTED_EDGE('',*,*,#2723,.F.);
#4317=ORIENTED_EDGE('',*,*,#3258,.T.);
#4318=ORIENTED_EDGE('',*,*,#2697,.F.);
#4319=ORIENTED_EDGE('',*,*,#2701,.T.);
#4320=ORIENTED_EDGE('',*,*,#2714,.F.);
#4321=ORIENTED_EDGE('',*,*,#3259,.T.);
#4322=ORIENTED_EDGE('',*,*,#2688,.F.);
#4323=ORIENTED_EDGE('',*,*,#2690,.T.);
#4324=ORIENTED_EDGE('',*,*,#2678,.F.);
#4325=ORIENTED_EDGE('',*,*,#3260,.T.);
#4326=ORIENTED_EDGE('',*,*,#3261,.T.);
#4327=ORIENTED_EDGE('',*,*,#2660,.F.);
#4328=ORIENTED_EDGE('',*,*,#3262,.T.);
#4329=ORIENTED_EDGE('',*,*,#3263,.T.);
#4330=ORIENTED_EDGE('',*,*,#3264,.F.);
#4331=ORIENTED_EDGE('',*,*,#2656,.T.);
#4332=ORIENTED_EDGE('',*,*,#2659,.T.);
#4333=ORIENTED_EDGE('',*,*,#3265,.T.);
#4334=ORIENTED_EDGE('',*,*,#2749,.F.);
#4335=ORIENTED_EDGE('',*,*,#3012,.F.);
#4336=ORIENTED_EDGE('',*,*,#3266,.T.);
#4337=ORIENTED_EDGE('',*,*,#2997,.F.);
#4338=ORIENTED_EDGE('',*,*,#3001,.T.);
#4339=ORIENTED_EDGE('',*,*,#3143,.F.);
#4340=ORIENTED_EDGE('',*,*,#3141,.T.);
#4341=ORIENTED_EDGE('',*,*,#3138,.F.);
#4342=ORIENTED_EDGE('',*,*,#3267,.T.);
#4343=ORIENTED_EDGE('',*,*,#3132,.F.);
#4344=ORIENTED_EDGE('',*,*,#3135,.T.);
#4345=ORIENTED_EDGE('',*,*,#3136,.F.);
#4346=ORIENTED_EDGE('',*,*,#3268,.T.);
#4347=ORIENTED_EDGE('',*,*,#3004,.F.);
#4348=ORIENTED_EDGE('',*,*,#3008,.T.);
#4349=ORIENTED_EDGE('',*,*,#3009,.F.);
#4350=ORIENTED_EDGE('',*,*,#3269,.T.);
#4351=ORIENTED_EDGE('',*,*,#3129,.F.);
#4352=ORIENTED_EDGE('',*,*,#3127,.T.);
#4353=ORIENTED_EDGE('',*,*,#3270,.T.);
#4354=ORIENTED_EDGE('',*,*,#3198,.F.);
#4355=ORIENTED_EDGE('',*,*,#3196,.T.);
#4356=ORIENTED_EDGE('',*,*,#3193,.F.);
#4357=ORIENTED_EDGE('',*,*,#3271,.T.);
#4358=ORIENTED_EDGE('',*,*,#3191,.F.);
#4359=ORIENTED_EDGE('',*,*,#3189,.T.);
#4360=ORIENTED_EDGE('',*,*,#3186,.F.);
#4361=ORIENTED_EDGE('',*,*,#3272,.T.);
#4362=ORIENTED_EDGE('',*,*,#3184,.F.);
#4363=ORIENTED_EDGE('',*,*,#3182,.T.);
#4364=ORIENTED_EDGE('',*,*,#3179,.F.);
#4365=ORIENTED_EDGE('',*,*,#3273,.T.);
#4366=ORIENTED_EDGE('',*,*,#3177,.F.);
#4367=ORIENTED_EDGE('',*,*,#3175,.T.);
#4368=ORIENTED_EDGE('',*,*,#3172,.F.);
#4369=ORIENTED_EDGE('',*,*,#3274,.T.);
#4370=ORIENTED_EDGE('',*,*,#2935,.F.);
#4371=ORIENTED_EDGE('',*,*,#2939,.T.);
#4372=ORIENTED_EDGE('',*,*,#2940,.F.);
#4373=ORIENTED_EDGE('',*,*,#3275,.T.);
#4374=ORIENTED_EDGE('',*,*,#2925,.F.);
#4375=ORIENTED_EDGE('',*,*,#2929,.T.);
#4376=ORIENTED_EDGE('',*,*,#2930,.F.);
#4377=ORIENTED_EDGE('',*,*,#3276,.T.);
#4378=ORIENTED_EDGE('',*,*,#2921,.F.);
#4379=ORIENTED_EDGE('',*,*,#2917,.T.);
#4380=ORIENTED_EDGE('',*,*,#2913,.F.);
#4381=ORIENTED_EDGE('',*,*,#3277,.T.);
#4382=ORIENTED_EDGE('',*,*,#2945,.F.);
#4383=ORIENTED_EDGE('',*,*,#2949,.T.);
#4384=ORIENTED_EDGE('',*,*,#2950,.F.);
#4385=ORIENTED_EDGE('',*,*,#3278,.T.);
#4386=ORIENTED_EDGE('',*,*,#2880,.F.);
#4387=ORIENTED_EDGE('',*,*,#2882,.T.);
#4388=ORIENTED_EDGE('',*,*,#2873,.F.);
#4389=ORIENTED_EDGE('',*,*,#2877,.T.);
#4390=ORIENTED_EDGE('',*,*,#2912,.F.);
#4391=ORIENTED_EDGE('',*,*,#2908,.T.);
#4392=ORIENTED_EDGE('',*,*,#2904,.F.);
#4393=ORIENTED_EDGE('',*,*,#3279,.T.);
#4394=ORIENTED_EDGE('',*,*,#2902,.F.);
#4395=ORIENTED_EDGE('',*,*,#2898,.T.);
#4396=ORIENTED_EDGE('',*,*,#2894,.F.);
#4397=ORIENTED_EDGE('',*,*,#3280,.T.);
#4398=ORIENTED_EDGE('',*,*,#2892,.F.);
#4399=ORIENTED_EDGE('',*,*,#2888,.T.);
#4400=ORIENTED_EDGE('',*,*,#2884,.F.);
#4401=ORIENTED_EDGE('',*,*,#3281,.T.);
#4402=ORIENTED_EDGE('',*,*,#3154,.F.);
#4403=ORIENTED_EDGE('',*,*,#3152,.T.);
#4404=ORIENTED_EDGE('',*,*,#3149,.F.);
#4405=ORIENTED_EDGE('',*,*,#3282,.T.);
#4406=ORIENTED_EDGE('',*,*,#3170,.F.);
#4407=ORIENTED_EDGE('',*,*,#3168,.T.);
#4408=ORIENTED_EDGE('',*,*,#3165,.F.);
#4409=ORIENTED_EDGE('',*,*,#3283,.T.);
#4410=ORIENTED_EDGE('',*,*,#3163,.F.);
#4411=ORIENTED_EDGE('',*,*,#3161,.T.);
#4412=ORIENTED_EDGE('',*,*,#3158,.F.);
#4413=ORIENTED_EDGE('',*,*,#3284,.T.);
#4414=ORIENTED_EDGE('',*,*,#3145,.F.);
#4415=ORIENTED_EDGE('',*,*,#3148,.T.);
#4416=ORIENTED_EDGE('',*,*,#3156,.F.);
#4417=ORIENTED_EDGE('',*,*,#2989,.T.);
#4418=ORIENTED_EDGE('',*,*,#2992,.F.);
#4419=ORIENTED_EDGE('',*,*,#2993,.T.);
#4420=ORIENTED_EDGE('',*,*,#2971,.F.);
#4421=ORIENTED_EDGE('',*,*,#2967,.T.);
#4422=ORIENTED_EDGE('',*,*,#2963,.F.);
#4423=ORIENTED_EDGE('',*,*,#3285,.T.);
#4424=ORIENTED_EDGE('',*,*,#2961,.F.);
#4425=ORIENTED_EDGE('',*,*,#2957,.T.);
#4426=ORIENTED_EDGE('',*,*,#2953,.F.);
#4427=ORIENTED_EDGE('',*,*,#3286,.T.);
#4428=ORIENTED_EDGE('',*,*,#2975,.F.);
#4429=ORIENTED_EDGE('',*,*,#2979,.T.);
#4430=ORIENTED_EDGE('',*,*,#2980,.F.);
#4431=ORIENTED_EDGE('',*,*,#3287,.T.);
#4432=ORIENTED_EDGE('',*,*,#2985,.F.);
#4433=ORIENTED_EDGE('',*,*,#3288,.T.);
#4434=ORIENTED_EDGE('',*,*,#2839,.F.);
#4435=ORIENTED_EDGE('',*,*,#2835,.T.);
#4436=ORIENTED_EDGE('',*,*,#2831,.F.);
#4437=ORIENTED_EDGE('',*,*,#3289,.T.);
#4438=ORIENTED_EDGE('',*,*,#2869,.F.);
#4439=ORIENTED_EDGE('',*,*,#2865,.T.);
#4440=ORIENTED_EDGE('',*,*,#2861,.F.);
#4441=ORIENTED_EDGE('',*,*,#3290,.T.);
#4442=ORIENTED_EDGE('',*,*,#2859,.F.);
#4443=ORIENTED_EDGE('',*,*,#2855,.T.);
#4444=ORIENTED_EDGE('',*,*,#2851,.F.);
#4445=ORIENTED_EDGE('',*,*,#3291,.T.);
#4446=ORIENTED_EDGE('',*,*,#2849,.F.);
#4447=ORIENTED_EDGE('',*,*,#2845,.T.);
#4448=ORIENTED_EDGE('',*,*,#2841,.F.);
#4449=ORIENTED_EDGE('',*,*,#3292,.T.);
#4450=ORIENTED_EDGE('',*,*,#3293,.T.);
#4451=ORIENTED_EDGE('',*,*,#3294,.T.);
#4452=ORIENTED_EDGE('',*,*,#3295,.T.);
#4453=ORIENTED_EDGE('',*,*,#3296,.T.);
#4454=ORIENTED_EDGE('',*,*,#3297,.T.);
#4455=ORIENTED_EDGE('',*,*,#3298,.T.);
#4456=ORIENTED_EDGE('',*,*,#3299,.T.);
#4457=ORIENTED_EDGE('',*,*,#3300,.T.);
#4458=ORIENTED_EDGE('',*,*,#3301,.T.);
#4459=ORIENTED_EDGE('',*,*,#3302,.T.);
#4460=ORIENTED_EDGE('',*,*,#3303,.T.);
#4461=ORIENTED_EDGE('',*,*,#3304,.T.);
#4462=ORIENTED_EDGE('',*,*,#3305,.T.);
#4463=ORIENTED_EDGE('',*,*,#3306,.T.);
#4464=ORIENTED_EDGE('',*,*,#3307,.T.);
#4465=ORIENTED_EDGE('',*,*,#3308,.T.);
#4466=ORIENTED_EDGE('',*,*,#3309,.T.);
#4467=ORIENTED_EDGE('',*,*,#3310,.T.);
#4468=ORIENTED_EDGE('',*,*,#3311,.T.);
#4469=ORIENTED_EDGE('',*,*,#3312,.T.);
#4470=ORIENTED_EDGE('',*,*,#3313,.T.);
#4471=ORIENTED_EDGE('',*,*,#3314,.T.);
#4472=ORIENTED_EDGE('',*,*,#3315,.T.);
#4473=ORIENTED_EDGE('',*,*,#3316,.T.);
#4474=ORIENTED_EDGE('',*,*,#3317,.T.);
#4475=ORIENTED_EDGE('',*,*,#3318,.T.);
#4476=ORIENTED_EDGE('',*,*,#3319,.T.);
#4477=ORIENTED_EDGE('',*,*,#3320,.T.);
#4478=ORIENTED_EDGE('',*,*,#3321,.T.);
#4479=ORIENTED_EDGE('',*,*,#3322,.T.);
#4480=ORIENTED_EDGE('',*,*,#3323,.T.);
#4481=ORIENTED_EDGE('',*,*,#3324,.T.);
#4482=ORIENTED_EDGE('',*,*,#3325,.T.);
#4483=ORIENTED_EDGE('',*,*,#3326,.T.);
#4484=ORIENTED_EDGE('',*,*,#3327,.T.);
#4485=ORIENTED_EDGE('',*,*,#3328,.T.);
#4486=ORIENTED_EDGE('',*,*,#3329,.T.);
#4487=ORIENTED_EDGE('',*,*,#3330,.T.);
#4488=ORIENTED_EDGE('',*,*,#3331,.T.);
#4489=ORIENTED_EDGE('',*,*,#3332,.T.);
#4490=ORIENTED_EDGE('',*,*,#3333,.T.);
#4491=ORIENTED_EDGE('',*,*,#3334,.T.);
#4492=ORIENTED_EDGE('',*,*,#3335,.T.);
#4493=ORIENTED_EDGE('',*,*,#2682,.T.);
#4494=ORIENTED_EDGE('',*,*,#3245,.F.);
#4495=ORIENTED_EDGE('',*,*,#3336,.T.);
#4496=ORIENTED_EDGE('',*,*,#3260,.F.);
#4497=ORIENTED_EDGE('',*,*,#2769,.T.);
#4498=ORIENTED_EDGE('',*,*,#3254,.F.);
#4499=ORIENTED_EDGE('',*,*,#3239,.T.);
#4500=ORIENTED_EDGE('',*,*,#3257,.F.);
#4501=ORIENTED_EDGE('',*,*,#2717,.T.);
#4502=ORIENTED_EDGE('',*,*,#3249,.F.);
#4503=ORIENTED_EDGE('',*,*,#3212,.T.);
#4504=ORIENTED_EDGE('',*,*,#3259,.F.);
#4505=ORIENTED_EDGE('',*,*,#3206,.T.);
#4506=ORIENTED_EDGE('',*,*,#3258,.F.);
#4507=ORIENTED_EDGE('',*,*,#2731,.T.);
#4508=ORIENTED_EDGE('',*,*,#3246,.F.);
#4509=ORIENTED_EDGE('',*,*,#2683,.T.);
#4510=ORIENTED_EDGE('',*,*,#3021,.T.);
#4511=ORIENTED_EDGE('',*,*,#3337,.T.);
#4512=ORIENTED_EDGE('',*,*,#3231,.F.);
#4513=ORIENTED_EDGE('',*,*,#2718,.T.);
#4514=ORIENTED_EDGE('',*,*,#3022,.T.);
#4515=ORIENTED_EDGE('',*,*,#3217,.T.);
#4516=ORIENTED_EDGE('',*,*,#3234,.F.);
#4517=ORIENTED_EDGE('',*,*,#3211,.T.);
#4518=ORIENTED_EDGE('',*,*,#3233,.F.);
#4519=ORIENTED_EDGE('',*,*,#2725,.T.);
#4520=ORIENTED_EDGE('',*,*,#3023,.T.);
#4521=ORIENTED_EDGE('',*,*,#2770,.T.);
#4522=ORIENTED_EDGE('',*,*,#3024,.T.);
#4523=ORIENTED_EDGE('',*,*,#3242,.T.);
#4524=ORIENTED_EDGE('',*,*,#3237,.F.);
#4525=ORIENTED_EDGE('',*,*,#3338,.F.);
#4526=ORIENTED_EDGE('',*,*,#3339,.T.);
#4527=ORIENTED_EDGE('',*,*,#2809,.F.);
#4528=ORIENTED_EDGE('',*,*,#3339,.F.);
#4529=ORIENTED_EDGE('',*,*,#3340,.F.);
#4530=ORIENTED_EDGE('',*,*,#3341,.T.);
#4531=ORIENTED_EDGE('',*,*,#2808,.F.);
#4532=ORIENTED_EDGE('',*,*,#3341,.F.);
#4533=ORIENTED_EDGE('',*,*,#3342,.F.);
#4534=ORIENTED_EDGE('',*,*,#3343,.T.);
#4535=ORIENTED_EDGE('',*,*,#2807,.F.);
#4536=ORIENTED_EDGE('',*,*,#3343,.F.);
#4537=ORIENTED_EDGE('',*,*,#3344,.F.);
#4538=ORIENTED_EDGE('',*,*,#3345,.T.);
#4539=ORIENTED_EDGE('',*,*,#2806,.F.);
#4540=ORIENTED_EDGE('',*,*,#3345,.F.);
#4541=ORIENTED_EDGE('',*,*,#3346,.F.);
#4542=ORIENTED_EDGE('',*,*,#3347,.T.);
#4543=ORIENTED_EDGE('',*,*,#2805,.F.);
#4544=ORIENTED_EDGE('',*,*,#3347,.F.);
#4545=ORIENTED_EDGE('',*,*,#2830,.F.);
#4546=ORIENTED_EDGE('',*,*,#3348,.F.);
#4547=ORIENTED_EDGE('',*,*,#3349,.T.);
#4548=ORIENTED_EDGE('',*,*,#2798,.F.);
#4549=ORIENTED_EDGE('',*,*,#3350,.F.);
#4550=ORIENTED_EDGE('',*,*,#3256,.T.);
#4551=ORIENTED_EDGE('',*,*,#3351,.F.);
#4552=ORIENTED_EDGE('',*,*,#3226,.F.);
#4553=ORIENTED_EDGE('',*,*,#3349,.F.);
#4554=ORIENTED_EDGE('',*,*,#3219,.F.);
#4555=ORIENTED_EDGE('',*,*,#3352,.F.);
#4556=ORIENTED_EDGE('',*,*,#3255,.F.);
#4557=ORIENTED_EDGE('',*,*,#2795,.F.);
#4558=ORIENTED_EDGE('',*,*,#2804,.T.);
#4559=ORIENTED_EDGE('',*,*,#3350,.T.);
#4560=ORIENTED_EDGE('',*,*,#3353,.F.);
#4561=ORIENTED_EDGE('',*,*,#2792,.F.);
#4562=ORIENTED_EDGE('',*,*,#3353,.T.);
#4563=ORIENTED_EDGE('',*,*,#3225,.T.);
#4564=ORIENTED_EDGE('',*,*,#2756,.F.);
#4565=ORIENTED_EDGE('',*,*,#2760,.T.);
#4566=ORIENTED_EDGE('',*,*,#2761,.F.);
#4567=ORIENTED_EDGE('',*,*,#3230,.T.);
#4568=ORIENTED_EDGE('',*,*,#2745,.F.);
#4569=ORIENTED_EDGE('',*,*,#2735,.T.);
#4570=ORIENTED_EDGE('',*,*,#2732,.F.);
#4571=ORIENTED_EDGE('',*,*,#3221,.T.);
#4572=ORIENTED_EDGE('',*,*,#2704,.F.);
#4573=ORIENTED_EDGE('',*,*,#2708,.T.);
#4574=ORIENTED_EDGE('',*,*,#2709,.F.);
#4575=ORIENTED_EDGE('',*,*,#3224,.T.);
#4576=ORIENTED_EDGE('',*,*,#2693,.F.);
#4577=ORIENTED_EDGE('',*,*,#2673,.T.);
#4578=ORIENTED_EDGE('',*,*,#2669,.F.);
#4579=ORIENTED_EDGE('',*,*,#3220,.T.);
#4580=ORIENTED_EDGE('',*,*,#3348,.T.);
#4581=ORIENTED_EDGE('',*,*,#2829,.F.);
#4582=ORIENTED_EDGE('',*,*,#2810,.T.);
#4583=ORIENTED_EDGE('',*,*,#3338,.T.);
#4584=ORIENTED_EDGE('',*,*,#3340,.T.);
#4585=ORIENTED_EDGE('',*,*,#3342,.T.);
#4586=ORIENTED_EDGE('',*,*,#3344,.T.);
#4587=ORIENTED_EDGE('',*,*,#3346,.T.);
#4588=ORIENTED_EDGE('',*,*,#3205,.T.);
#4589=ORIENTED_EDGE('',*,*,#3236,.F.);
#4590=ORIENTED_EDGE('',*,*,#3354,.T.);
#4591=ORIENTED_EDGE('',*,*,#3016,.T.);
#4592=ORIENTED_EDGE('',*,*,#3352,.T.);
#4593=ORIENTED_EDGE('',*,*,#3232,.F.);
#4594=ORIENTED_EDGE('',*,*,#3355,.T.);
#4595=ORIENTED_EDGE('',*,*,#3244,.F.);
#4596=ORIENTED_EDGE('',*,*,#3356,.F.);
#4597=ORIENTED_EDGE('',*,*,#3357,.T.);
#4598=ORIENTED_EDGE('',*,*,#2658,.T.);
#4599=ORIENTED_EDGE('',*,*,#3354,.F.);
#4600=ORIENTED_EDGE('',*,*,#3355,.F.);
#4601=ORIENTED_EDGE('',*,*,#3337,.F.);
#4602=ORIENTED_EDGE('',*,*,#3358,.T.);
#4603=ORIENTED_EDGE('',*,*,#3336,.F.);
#4604=ORIENTED_EDGE('',*,*,#3351,.T.);
#4605=ORIENTED_EDGE('',*,*,#3251,.T.);
#4606=ORIENTED_EDGE('',*,*,#3356,.T.);
#4607=ORIENTED_EDGE('',*,*,#3235,.F.);
#4608=ORIENTED_EDGE('',*,*,#3200,.T.);
#4609=ORIENTED_EDGE('',*,*,#3265,.F.);
#4610=ORIENTED_EDGE('',*,*,#3357,.F.);
#4611=ORIENTED_EDGE('',*,*,#3250,.F.);
#4612=ORIENTED_EDGE('',*,*,#3359,.F.);
#4613=ORIENTED_EDGE('',*,*,#3360,.T.);
#4614=ORIENTED_EDGE('',*,*,#2823,.F.);
#4615=ORIENTED_EDGE('',*,*,#3360,.F.);
#4616=ORIENTED_EDGE('',*,*,#3361,.F.);
#4617=ORIENTED_EDGE('',*,*,#3362,.T.);
#4618=ORIENTED_EDGE('',*,*,#2824,.F.);
#4619=ORIENTED_EDGE('',*,*,#3362,.F.);
#4620=ORIENTED_EDGE('',*,*,#3363,.F.);
#4621=ORIENTED_EDGE('',*,*,#3364,.T.);
#4622=ORIENTED_EDGE('',*,*,#2825,.F.);
#4623=ORIENTED_EDGE('',*,*,#3364,.F.);
#4624=ORIENTED_EDGE('',*,*,#3365,.F.);
#4625=ORIENTED_EDGE('',*,*,#3366,.T.);
#4626=ORIENTED_EDGE('',*,*,#2784,.F.);
#4627=ORIENTED_EDGE('',*,*,#3366,.F.);
#4628=ORIENTED_EDGE('',*,*,#3367,.F.);
#4629=ORIENTED_EDGE('',*,*,#3368,.T.);
#4630=ORIENTED_EDGE('',*,*,#2785,.F.);
#4631=ORIENTED_EDGE('',*,*,#3368,.F.);
#4632=ORIENTED_EDGE('',*,*,#3369,.F.);
#4633=ORIENTED_EDGE('',*,*,#3370,.T.);
#4634=ORIENTED_EDGE('',*,*,#2786,.F.);
#4635=ORIENTED_EDGE('',*,*,#3370,.F.);
#4636=ORIENTED_EDGE('',*,*,#3371,.F.);
#4637=ORIENTED_EDGE('',*,*,#2666,.T.);
#4638=ORIENTED_EDGE('',*,*,#2663,.F.);
#4639=ORIENTED_EDGE('',*,*,#3019,.F.);
#4640=ORIENTED_EDGE('',*,*,#3372,.T.);
#4641=ORIENTED_EDGE('',*,*,#2813,.F.);
#4642=ORIENTED_EDGE('',*,*,#3373,.F.);
#4643=ORIENTED_EDGE('',*,*,#3374,.T.);
#4644=ORIENTED_EDGE('',*,*,#2819,.F.);
#4645=ORIENTED_EDGE('',*,*,#3374,.F.);
#4646=ORIENTED_EDGE('',*,*,#3372,.F.);
#4647=ORIENTED_EDGE('',*,*,#3375,.F.);
#4648=ORIENTED_EDGE('',*,*,#3376,.F.);
#4649=ORIENTED_EDGE('',*,*,#2820,.F.);
#4650=ORIENTED_EDGE('',*,*,#3376,.T.);
#4651=ORIENTED_EDGE('',*,*,#3262,.F.);
#4652=ORIENTED_EDGE('',*,*,#2665,.F.);
#4653=ORIENTED_EDGE('',*,*,#2668,.F.);
#4654=ORIENTED_EDGE('',*,*,#2812,.F.);
#4655=ORIENTED_EDGE('',*,*,#2818,.T.);
#4656=ORIENTED_EDGE('',*,*,#2826,.F.);
#4657=ORIENTED_EDGE('',*,*,#2828,.T.);
#4658=ORIENTED_EDGE('',*,*,#3371,.T.);
#4659=ORIENTED_EDGE('',*,*,#3373,.T.);
#4660=ORIENTED_EDGE('',*,*,#3359,.T.);
#4661=ORIENTED_EDGE('',*,*,#3361,.T.);
#4662=ORIENTED_EDGE('',*,*,#3363,.T.);
#4663=ORIENTED_EDGE('',*,*,#3377,.F.);
#4664=ORIENTED_EDGE('',*,*,#3378,.T.);
#4665=ORIENTED_EDGE('',*,*,#3017,.F.);
#4666=ORIENTED_EDGE('',*,*,#2653,.T.);
#4667=ORIENTED_EDGE('',*,*,#3379,.T.);
#4668=ORIENTED_EDGE('',*,*,#2778,.F.);
#4669=ORIENTED_EDGE('',*,*,#3380,.T.);
#4670=ORIENTED_EDGE('',*,*,#3381,.F.);
#4671=ORIENTED_EDGE('',*,*,#3378,.F.);
#4672=ORIENTED_EDGE('',*,*,#2652,.F.);
#4673=ORIENTED_EDGE('',*,*,#3382,.F.);
#4674=ORIENTED_EDGE('',*,*,#2791,.F.);
#4675=ORIENTED_EDGE('',*,*,#3379,.F.);
#4676=ORIENTED_EDGE('',*,*,#2774,.F.);
#4677=ORIENTED_EDGE('',*,*,#3383,.F.);
#4678=ORIENTED_EDGE('',*,*,#2789,.F.);
#4679=ORIENTED_EDGE('',*,*,#2780,.F.);
#4680=ORIENTED_EDGE('',*,*,#2783,.F.);
#4681=ORIENTED_EDGE('',*,*,#3382,.T.);
#4682=ORIENTED_EDGE('',*,*,#2651,.T.);
#4683=ORIENTED_EDGE('',*,*,#3264,.T.);
#4684=ORIENTED_EDGE('',*,*,#3380,.F.);
#4685=ORIENTED_EDGE('',*,*,#2773,.F.);
#4686=ORIENTED_EDGE('',*,*,#2779,.T.);
#4687=ORIENTED_EDGE('',*,*,#3377,.T.);
#4688=ORIENTED_EDGE('',*,*,#2790,.T.);
#4689=ORIENTED_EDGE('',*,*,#2787,.F.);
#4690=ORIENTED_EDGE('',*,*,#3383,.T.);
#4691=ORIENTED_EDGE('',*,*,#3365,.T.);
#4692=ORIENTED_EDGE('',*,*,#3367,.T.);
#4693=ORIENTED_EDGE('',*,*,#3369,.T.);
#4694=ORIENTED_EDGE('',*,*,#2661,.F.);
#4695=ORIENTED_EDGE('',*,*,#3261,.F.);
#4696=ORIENTED_EDGE('',*,*,#3358,.F.);
#4697=ORIENTED_EDGE('',*,*,#3020,.F.);
#4698=ORIENTED_EDGE('',*,*,#3375,.T.);
#4699=ORIENTED_EDGE('',*,*,#3018,.T.);
#4700=ORIENTED_EDGE('',*,*,#3381,.T.);
#4701=ORIENTED_EDGE('',*,*,#3263,.F.);
#4702=ORIENTED_EDGE('',*,*,#3126,.F.);
#4703=ORIENTED_EDGE('',*,*,#3384,.T.);
#4704=ORIENTED_EDGE('',*,*,#3335,.F.);
#4705=ORIENTED_EDGE('',*,*,#3384,.F.);
#4706=ORIENTED_EDGE('',*,*,#3125,.F.);
#4707=ORIENTED_EDGE('',*,*,#3385,.T.);
#4708=ORIENTED_EDGE('',*,*,#3334,.F.);
#4709=ORIENTED_EDGE('',*,*,#3385,.F.);
#4710=ORIENTED_EDGE('',*,*,#3124,.F.);
#4711=ORIENTED_EDGE('',*,*,#3386,.T.);
#4712=ORIENTED_EDGE('',*,*,#3333,.F.);
#4713=ORIENTED_EDGE('',*,*,#3386,.F.);
#4714=ORIENTED_EDGE('',*,*,#3123,.F.);
#4715=ORIENTED_EDGE('',*,*,#3387,.T.);
#4716=ORIENTED_EDGE('',*,*,#3332,.F.);
#4717=ORIENTED_EDGE('',*,*,#3387,.F.);
#4718=ORIENTED_EDGE('',*,*,#3122,.F.);
#4719=ORIENTED_EDGE('',*,*,#3388,.T.);
#4720=ORIENTED_EDGE('',*,*,#3331,.F.);
#4721=ORIENTED_EDGE('',*,*,#3388,.F.);
#4722=ORIENTED_EDGE('',*,*,#3121,.F.);
#4723=ORIENTED_EDGE('',*,*,#3389,.T.);
#4724=ORIENTED_EDGE('',*,*,#3330,.F.);
#4725=ORIENTED_EDGE('',*,*,#3389,.F.);
#4726=ORIENTED_EDGE('',*,*,#3120,.F.);
#4727=ORIENTED_EDGE('',*,*,#3390,.T.);
#4728=ORIENTED_EDGE('',*,*,#3329,.F.);
#4729=ORIENTED_EDGE('',*,*,#3390,.F.);
#4730=ORIENTED_EDGE('',*,*,#3119,.F.);
#4731=ORIENTED_EDGE('',*,*,#3391,.T.);
#4732=ORIENTED_EDGE('',*,*,#3328,.F.);
#4733=ORIENTED_EDGE('',*,*,#3391,.F.);
#4734=ORIENTED_EDGE('',*,*,#3118,.F.);
#4735=ORIENTED_EDGE('',*,*,#3392,.T.);
#4736=ORIENTED_EDGE('',*,*,#3327,.F.);
#4737=ORIENTED_EDGE('',*,*,#3392,.F.);
#4738=ORIENTED_EDGE('',*,*,#3117,.F.);
#4739=ORIENTED_EDGE('',*,*,#3393,.T.);
#4740=ORIENTED_EDGE('',*,*,#3326,.F.);
#4741=ORIENTED_EDGE('',*,*,#3393,.F.);
#4742=ORIENTED_EDGE('',*,*,#3116,.F.);
#4743=ORIENTED_EDGE('',*,*,#3394,.T.);
#4744=ORIENTED_EDGE('',*,*,#3325,.F.);
#4745=ORIENTED_EDGE('',*,*,#3394,.F.);
#4746=ORIENTED_EDGE('',*,*,#3115,.F.);
#4747=ORIENTED_EDGE('',*,*,#3395,.T.);
#4748=ORIENTED_EDGE('',*,*,#3324,.F.);
#4749=ORIENTED_EDGE('',*,*,#3395,.F.);
#4750=ORIENTED_EDGE('',*,*,#3114,.F.);
#4751=ORIENTED_EDGE('',*,*,#3396,.T.);
#4752=ORIENTED_EDGE('',*,*,#3323,.F.);
#4753=ORIENTED_EDGE('',*,*,#3396,.F.);
#4754=ORIENTED_EDGE('',*,*,#3113,.F.);
#4755=ORIENTED_EDGE('',*,*,#3397,.T.);
#4756=ORIENTED_EDGE('',*,*,#3322,.F.);
#4757=ORIENTED_EDGE('',*,*,#3397,.F.);
#4758=ORIENTED_EDGE('',*,*,#3112,.F.);
#4759=ORIENTED_EDGE('',*,*,#3398,.T.);
#4760=ORIENTED_EDGE('',*,*,#3321,.F.);
#4761=ORIENTED_EDGE('',*,*,#3398,.F.);
#4762=ORIENTED_EDGE('',*,*,#3111,.F.);
#4763=ORIENTED_EDGE('',*,*,#3399,.T.);
#4764=ORIENTED_EDGE('',*,*,#3320,.F.);
#4765=ORIENTED_EDGE('',*,*,#3399,.F.);
#4766=ORIENTED_EDGE('',*,*,#3110,.F.);
#4767=ORIENTED_EDGE('',*,*,#3400,.T.);
#4768=ORIENTED_EDGE('',*,*,#3319,.F.);
#4769=ORIENTED_EDGE('',*,*,#3400,.F.);
#4770=ORIENTED_EDGE('',*,*,#3109,.F.);
#4771=ORIENTED_EDGE('',*,*,#3401,.T.);
#4772=ORIENTED_EDGE('',*,*,#3318,.F.);
#4773=ORIENTED_EDGE('',*,*,#3401,.F.);
#4774=ORIENTED_EDGE('',*,*,#3108,.F.);
#4775=ORIENTED_EDGE('',*,*,#3402,.T.);
#4776=ORIENTED_EDGE('',*,*,#3317,.F.);
#4777=ORIENTED_EDGE('',*,*,#3402,.F.);
#4778=ORIENTED_EDGE('',*,*,#3107,.F.);
#4779=ORIENTED_EDGE('',*,*,#3403,.T.);
#4780=ORIENTED_EDGE('',*,*,#3316,.F.);
#4781=ORIENTED_EDGE('',*,*,#3403,.F.);
#4782=ORIENTED_EDGE('',*,*,#3106,.F.);
#4783=ORIENTED_EDGE('',*,*,#3404,.T.);
#4784=ORIENTED_EDGE('',*,*,#3315,.F.);
#4785=ORIENTED_EDGE('',*,*,#3404,.F.);
#4786=ORIENTED_EDGE('',*,*,#3105,.F.);
#4787=ORIENTED_EDGE('',*,*,#3405,.T.);
#4788=ORIENTED_EDGE('',*,*,#3314,.F.);
#4789=ORIENTED_EDGE('',*,*,#3405,.F.);
#4790=ORIENTED_EDGE('',*,*,#3104,.F.);
#4791=ORIENTED_EDGE('',*,*,#3406,.T.);
#4792=ORIENTED_EDGE('',*,*,#3313,.F.);
#4793=ORIENTED_EDGE('',*,*,#3406,.F.);
#4794=ORIENTED_EDGE('',*,*,#3103,.F.);
#4795=ORIENTED_EDGE('',*,*,#3407,.T.);
#4796=ORIENTED_EDGE('',*,*,#3312,.F.);
#4797=ORIENTED_EDGE('',*,*,#3407,.F.);
#4798=ORIENTED_EDGE('',*,*,#3102,.F.);
#4799=ORIENTED_EDGE('',*,*,#3408,.T.);
#4800=ORIENTED_EDGE('',*,*,#3311,.F.);
#4801=ORIENTED_EDGE('',*,*,#3408,.F.);
#4802=ORIENTED_EDGE('',*,*,#3101,.F.);
#4803=ORIENTED_EDGE('',*,*,#3409,.T.);
#4804=ORIENTED_EDGE('',*,*,#3310,.F.);
#4805=ORIENTED_EDGE('',*,*,#3409,.F.);
#4806=ORIENTED_EDGE('',*,*,#3100,.F.);
#4807=ORIENTED_EDGE('',*,*,#3410,.T.);
#4808=ORIENTED_EDGE('',*,*,#3309,.F.);
#4809=ORIENTED_EDGE('',*,*,#3410,.F.);
#4810=ORIENTED_EDGE('',*,*,#3099,.F.);
#4811=ORIENTED_EDGE('',*,*,#3411,.T.);
#4812=ORIENTED_EDGE('',*,*,#3308,.F.);
#4813=ORIENTED_EDGE('',*,*,#3411,.F.);
#4814=ORIENTED_EDGE('',*,*,#3098,.F.);
#4815=ORIENTED_EDGE('',*,*,#3412,.T.);
#4816=ORIENTED_EDGE('',*,*,#3307,.F.);
#4817=ORIENTED_EDGE('',*,*,#3412,.F.);
#4818=ORIENTED_EDGE('',*,*,#3097,.F.);
#4819=ORIENTED_EDGE('',*,*,#3413,.T.);
#4820=ORIENTED_EDGE('',*,*,#3306,.F.);
#4821=ORIENTED_EDGE('',*,*,#3413,.F.);
#4822=ORIENTED_EDGE('',*,*,#3096,.F.);
#4823=ORIENTED_EDGE('',*,*,#3414,.T.);
#4824=ORIENTED_EDGE('',*,*,#3305,.F.);
#4825=ORIENTED_EDGE('',*,*,#3414,.F.);
#4826=ORIENTED_EDGE('',*,*,#3095,.F.);
#4827=ORIENTED_EDGE('',*,*,#3415,.T.);
#4828=ORIENTED_EDGE('',*,*,#3304,.F.);
#4829=ORIENTED_EDGE('',*,*,#3415,.F.);
#4830=ORIENTED_EDGE('',*,*,#3094,.F.);
#4831=ORIENTED_EDGE('',*,*,#3416,.T.);
#4832=ORIENTED_EDGE('',*,*,#3303,.F.);
#4833=ORIENTED_EDGE('',*,*,#3416,.F.);
#4834=ORIENTED_EDGE('',*,*,#3093,.F.);
#4835=ORIENTED_EDGE('',*,*,#3417,.T.);
#4836=ORIENTED_EDGE('',*,*,#3302,.F.);
#4837=ORIENTED_EDGE('',*,*,#3417,.F.);
#4838=ORIENTED_EDGE('',*,*,#3092,.F.);
#4839=ORIENTED_EDGE('',*,*,#3418,.T.);
#4840=ORIENTED_EDGE('',*,*,#3301,.F.);
#4841=ORIENTED_EDGE('',*,*,#3418,.F.);
#4842=ORIENTED_EDGE('',*,*,#3091,.F.);
#4843=ORIENTED_EDGE('',*,*,#3419,.T.);
#4844=ORIENTED_EDGE('',*,*,#3300,.F.);
#4845=ORIENTED_EDGE('',*,*,#3419,.F.);
#4846=ORIENTED_EDGE('',*,*,#3090,.F.);
#4847=ORIENTED_EDGE('',*,*,#3420,.T.);
#4848=ORIENTED_EDGE('',*,*,#3299,.F.);
#4849=ORIENTED_EDGE('',*,*,#3420,.F.);
#4850=ORIENTED_EDGE('',*,*,#3089,.F.);
#4851=ORIENTED_EDGE('',*,*,#3421,.T.);
#4852=ORIENTED_EDGE('',*,*,#3298,.F.);
#4853=ORIENTED_EDGE('',*,*,#3421,.F.);
#4854=ORIENTED_EDGE('',*,*,#3088,.F.);
#4855=ORIENTED_EDGE('',*,*,#3422,.T.);
#4856=ORIENTED_EDGE('',*,*,#3297,.F.);
#4857=ORIENTED_EDGE('',*,*,#3422,.F.);
#4858=ORIENTED_EDGE('',*,*,#3087,.F.);
#4859=ORIENTED_EDGE('',*,*,#3423,.T.);
#4860=ORIENTED_EDGE('',*,*,#3296,.F.);
#4861=ORIENTED_EDGE('',*,*,#3423,.F.);
#4862=ORIENTED_EDGE('',*,*,#3086,.F.);
#4863=ORIENTED_EDGE('',*,*,#3424,.T.);
#4864=ORIENTED_EDGE('',*,*,#3295,.F.);
#4865=ORIENTED_EDGE('',*,*,#3424,.F.);
#4866=ORIENTED_EDGE('',*,*,#3085,.F.);
#4867=ORIENTED_EDGE('',*,*,#3425,.T.);
#4868=ORIENTED_EDGE('',*,*,#3294,.F.);
#4869=ORIENTED_EDGE('',*,*,#3425,.F.);
#4870=ORIENTED_EDGE('',*,*,#3084,.F.);
#4871=ORIENTED_EDGE('',*,*,#3426,.T.);
#4872=ORIENTED_EDGE('',*,*,#3293,.F.);
#4873=ORIENTED_EDGE('',*,*,#3426,.F.);
#4874=ORIENTED_EDGE('',*,*,#3083,.F.);
#4875=ORIENTED_EDGE('',*,*,#3427,.T.);
#4876=ORIENTED_EDGE('',*,*,#3292,.F.);
#4877=ORIENTED_EDGE('',*,*,#3427,.F.);
#4878=ORIENTED_EDGE('',*,*,#2840,.F.);
#4879=ORIENTED_EDGE('',*,*,#3288,.F.);
#4880=ORIENTED_EDGE('',*,*,#2844,.F.);
#4881=ORIENTED_EDGE('',*,*,#3067,.F.);
#4882=ORIENTED_EDGE('',*,*,#2850,.F.);
#4883=ORIENTED_EDGE('',*,*,#3291,.F.);
#4884=ORIENTED_EDGE('',*,*,#2854,.F.);
#4885=ORIENTED_EDGE('',*,*,#3068,.F.);
#4886=ORIENTED_EDGE('',*,*,#2860,.F.);
#4887=ORIENTED_EDGE('',*,*,#3290,.F.);
#4888=ORIENTED_EDGE('',*,*,#2864,.F.);
#4889=ORIENTED_EDGE('',*,*,#3069,.F.);
#4890=ORIENTED_EDGE('',*,*,#2881,.F.);
#4891=ORIENTED_EDGE('',*,*,#3278,.F.);
#4892=ORIENTED_EDGE('',*,*,#2887,.F.);
#4893=ORIENTED_EDGE('',*,*,#3045,.F.);
#4894=ORIENTED_EDGE('',*,*,#2893,.F.);
#4895=ORIENTED_EDGE('',*,*,#3280,.F.);
#4896=ORIENTED_EDGE('',*,*,#2897,.F.);
#4897=ORIENTED_EDGE('',*,*,#3046,.F.);
#4898=ORIENTED_EDGE('',*,*,#2903,.F.);
#4899=ORIENTED_EDGE('',*,*,#3279,.F.);
#4900=ORIENTED_EDGE('',*,*,#2907,.F.);
#4901=ORIENTED_EDGE('',*,*,#3047,.F.);
#4902=ORIENTED_EDGE('',*,*,#2926,.F.);
#4903=ORIENTED_EDGE('',*,*,#3275,.F.);
#4904=ORIENTED_EDGE('',*,*,#2942,.F.);
#4905=ORIENTED_EDGE('',*,*,#3044,.F.);
#4906=ORIENTED_EDGE('',*,*,#2916,.F.);
#4907=ORIENTED_EDGE('',*,*,#3042,.F.);
#4908=ORIENTED_EDGE('',*,*,#2946,.F.);
#4909=ORIENTED_EDGE('',*,*,#3277,.F.);
#4910=ORIENTED_EDGE('',*,*,#2936,.F.);
#4911=ORIENTED_EDGE('',*,*,#3274,.F.);
#4912=ORIENTED_EDGE('',*,*,#2952,.F.);
#4913=ORIENTED_EDGE('',*,*,#3041,.F.);
#4914=ORIENTED_EDGE('',*,*,#3192,.F.);
#4915=ORIENTED_EDGE('',*,*,#3271,.F.);
#4916=ORIENTED_EDGE('',*,*,#3195,.F.);
#4917=ORIENTED_EDGE('',*,*,#3037,.F.);
#4918=ORIENTED_EDGE('',*,*,#3174,.F.);
#4919=ORIENTED_EDGE('',*,*,#3025,.F.);
#4920=ORIENTED_EDGE('',*,*,#3199,.F.);
#4921=ORIENTED_EDGE('',*,*,#3270,.F.);
#4922=ORIENTED_EDGE('',*,*,#3151,.F.);
#4923=ORIENTED_EDGE('',*,*,#3060,.F.);
#4924=ORIENTED_EDGE('',*,*,#3171,.F.);
#4925=ORIENTED_EDGE('',*,*,#3282,.F.);
#4926=ORIENTED_EDGE('',*,*,#3178,.F.);
#4927=ORIENTED_EDGE('',*,*,#3273,.F.);
#4928=ORIENTED_EDGE('',*,*,#3181,.F.);
#4929=ORIENTED_EDGE('',*,*,#3029,.F.);
#4930=ORIENTED_EDGE('',*,*,#3146,.F.);
#4931=ORIENTED_EDGE('',*,*,#3284,.F.);
#4932=ORIENTED_EDGE('',*,*,#3160,.F.);
#4933=ORIENTED_EDGE('',*,*,#3052,.F.);
#4934=ORIENTED_EDGE('',*,*,#2982,.F.);
#4935=ORIENTED_EDGE('',*,*,#3064,.F.);
#4936=ORIENTED_EDGE('',*,*,#2986,.F.);
#4937=ORIENTED_EDGE('',*,*,#3287,.F.);
#4938=ORIENTED_EDGE('',*,*,#2956,.F.);
#4939=ORIENTED_EDGE('',*,*,#3065,.F.);
#4940=ORIENTED_EDGE('',*,*,#2976,.F.);
#4941=ORIENTED_EDGE('',*,*,#3286,.F.);
#4942=ORIENTED_EDGE('',*,*,#2962,.F.);
#4943=ORIENTED_EDGE('',*,*,#3285,.F.);
#4944=ORIENTED_EDGE('',*,*,#2966,.F.);
#4945=ORIENTED_EDGE('',*,*,#3066,.F.);
#4946=ORIENTED_EDGE('',*,*,#3005,.F.);
#4947=ORIENTED_EDGE('',*,*,#3268,.F.);
#4948=ORIENTED_EDGE('',*,*,#3137,.F.);
#4949=ORIENTED_EDGE('',*,*,#3074,.F.);
#4950=ORIENTED_EDGE('',*,*,#3133,.F.);
#4951=ORIENTED_EDGE('',*,*,#3267,.F.);
#4952=ORIENTED_EDGE('',*,*,#3140,.F.);
#4953=ORIENTED_EDGE('',*,*,#3078,.F.);
#4954=ORIENTED_EDGE('',*,*,#3155,.F.);
#4955=ORIENTED_EDGE('',*,*,#3281,.F.);
#4956=ORIENTED_EDGE('',*,*,#3157,.F.);
#4957=ORIENTED_EDGE('',*,*,#3048,.F.);
#4958=ORIENTED_EDGE('',*,*,#3185,.F.);
#4959=ORIENTED_EDGE('',*,*,#3272,.F.);
#4960=ORIENTED_EDGE('',*,*,#3188,.F.);
#4961=ORIENTED_EDGE('',*,*,#3033,.F.);
#4962=ORIENTED_EDGE('',*,*,#2922,.F.);
#4963=ORIENTED_EDGE('',*,*,#3276,.F.);
#4964=ORIENTED_EDGE('',*,*,#2932,.F.);
#4965=ORIENTED_EDGE('',*,*,#3043,.F.);
#4966=ORIENTED_EDGE('',*,*,#3164,.F.);
#4967=ORIENTED_EDGE('',*,*,#3283,.F.);
#4968=ORIENTED_EDGE('',*,*,#3167,.F.);
#4969=ORIENTED_EDGE('',*,*,#3056,.F.);
#4970=ORIENTED_EDGE('',*,*,#2834,.F.);
#4971=ORIENTED_EDGE('',*,*,#3070,.F.);
#4972=ORIENTED_EDGE('',*,*,#2870,.F.);
#4973=ORIENTED_EDGE('',*,*,#3289,.F.);
#4974=ORIENTED_EDGE('',*,*,#2998,.F.);
#4975=ORIENTED_EDGE('',*,*,#3266,.F.);
#4976=ORIENTED_EDGE('',*,*,#3015,.F.);
#4977=ORIENTED_EDGE('',*,*,#3082,.F.);
#4978=ORIENTED_EDGE('',*,*,#3011,.F.);
#4979=ORIENTED_EDGE('',*,*,#3073,.F.);
#4980=ORIENTED_EDGE('',*,*,#3130,.F.);
#4981=ORIENTED_EDGE('',*,*,#3269,.F.);
#4982=CYLINDRICAL_SURFACE('',#5429,2.00000000000003);
#4983=CYLINDRICAL_SURFACE('',#5433,1.99999999999999);
#4984=CYLINDRICAL_SURFACE('',#5439,2.);
#4985=CYLINDRICAL_SURFACE('',#5443,2.);
#4986=CYLINDRICAL_SURFACE('',#5451,2.);
#4987=CYLINDRICAL_SURFACE('',#5455,2.);
#4988=CYLINDRICAL_SURFACE('',#5458,2.);
#4989=CYLINDRICAL_SURFACE('',#5462,2.);
#4990=CYLINDRICAL_SURFACE('',#5466,2.);
#4991=CYLINDRICAL_SURFACE('',#5469,2.);
#4992=CYLINDRICAL_SURFACE('',#5477,2.);
#4993=CYLINDRICAL_SURFACE('',#5485,2.);
#4994=CYLINDRICAL_SURFACE('',#5489,2.);
#4995=CYLINDRICAL_SURFACE('',#5493,2.);
#4996=CYLINDRICAL_SURFACE('',#5496,2.);
#4997=CYLINDRICAL_SURFACE('',#5500,2.);
#4998=CYLINDRICAL_SURFACE('',#5504,2.);
#4999=CYLINDRICAL_SURFACE('',#5507,2.);
#5000=CYLINDRICAL_SURFACE('',#5515,3.);
#5001=CYLINDRICAL_SURFACE('',#5524,3.);
#5002=CYLINDRICAL_SURFACE('',#5527,3.);
#5003=CYLINDRICAL_SURFACE('',#5538,3.);
#5004=CYLINDRICAL_SURFACE('',#5547,3.);
#5005=CYLINDRICAL_SURFACE('',#5550,3.);
#5006=CYLINDRICAL_SURFACE('',#5552,3.);
#5007=CYLINDRICAL_SURFACE('',#5556,3.);
#5008=CYLINDRICAL_SURFACE('',#5559,3.);
#5009=CYLINDRICAL_SURFACE('',#5563,3.);
#5010=CYLINDRICAL_SURFACE('',#5566,3.);
#5011=CYLINDRICAL_SURFACE('',#5570,3.);
#5012=CYLINDRICAL_SURFACE('',#5573,3.);
#5013=CYLINDRICAL_SURFACE('',#5577,3.);
#5014=CYLINDRICAL_SURFACE('',#5580,3.);
#5015=CYLINDRICAL_SURFACE('',#5584,3.);
#5016=CYLINDRICAL_SURFACE('',#5588,3.);
#5017=CYLINDRICAL_SURFACE('',#5592,3.);
#5018=CYLINDRICAL_SURFACE('',#5595,3.);
#5019=CYLINDRICAL_SURFACE('',#5599,3.);
#5020=CYLINDRICAL_SURFACE('',#5602,3.);
#5021=CYLINDRICAL_SURFACE('',#5606,3.);
#5022=CYLINDRICAL_SURFACE('',#5609,3.);
#5023=CYLINDRICAL_SURFACE('',#5613,3.);
#5024=CYLINDRICAL_SURFACE('',#5616,3.);
#5025=CYLINDRICAL_SURFACE('',#5620,3.);
#5026=CYLINDRICAL_SURFACE('',#5623,3.);
#5027=CYLINDRICAL_SURFACE('',#5627,3.);
#5028=CYLINDRICAL_SURFACE('',#5630,3.);
#5029=CYLINDRICAL_SURFACE('',#5634,3.);
#5030=CYLINDRICAL_SURFACE('',#5637,3.);
#5031=CYLINDRICAL_SURFACE('',#5641,3.);
#5032=CYLINDRICAL_SURFACE('',#5644,3.);
#5033=CYLINDRICAL_SURFACE('',#5648,3.);
#5034=CYLINDRICAL_SURFACE('',#5651,3.);
#5035=CYLINDRICAL_SURFACE('',#5655,3.);
#5036=CYLINDRICAL_SURFACE('',#5658,3.);
#5037=CYLINDRICAL_SURFACE('',#5662,3.);
#5038=CYLINDRICAL_SURFACE('',#5666,3.);
#5039=CYLINDRICAL_SURFACE('',#5670,3.);
#5040=CYLINDRICAL_SURFACE('',#5674,3.);
#5041=CYLINDRICAL_SURFACE('',#5677,3.);
#5042=CYLINDRICAL_SURFACE('',#5747,3.);
#5043=CYLINDRICAL_SURFACE('',#5749,3.);
#5044=CYLINDRICAL_SURFACE('',#5752,3.);
#5045=CYLINDRICAL_SURFACE('',#5754,3.);
#5046=CYLINDRICAL_SURFACE('',#5757,3.);
#5047=CYLINDRICAL_SURFACE('',#5759,3.);
#5048=CYLINDRICAL_SURFACE('',#5762,3.);
#5049=CYLINDRICAL_SURFACE('',#5765,3.);
#5050=CYLINDRICAL_SURFACE('',#5767,3.);
#5051=CYLINDRICAL_SURFACE('',#5769,3.);
#5052=CYLINDRICAL_SURFACE('',#5772,3.);
#5053=CYLINDRICAL_SURFACE('',#5774,3.);
#5054=CYLINDRICAL_SURFACE('',#5777,3.);
#5055=CYLINDRICAL_SURFACE('',#5779,3.);
#5056=CYLINDRICAL_SURFACE('',#5782,3.);
#5057=CYLINDRICAL_SURFACE('',#5784,3.);
#5058=CYLINDRICAL_SURFACE('',#5787,3.);
#5059=CYLINDRICAL_SURFACE('',#5789,3.);
#5060=CYLINDRICAL_SURFACE('',#5792,3.);
#5061=CYLINDRICAL_SURFACE('',#5794,3.);
#5062=CYLINDRICAL_SURFACE('',#5797,3.);
#5063=CYLINDRICAL_SURFACE('',#5814,5.99999999999998);
#5064=CYLINDRICAL_SURFACE('',#5816,5.99999999999998);
#5065=CYLINDRICAL_SURFACE('',#5817,5.99999999999998);
#5066=CYLINDRICAL_SURFACE('',#5818,5.99999999999998);
#5067=CYLINDRICAL_SURFACE('',#5820,5.99999999999998);
#5068=CYLINDRICAL_SURFACE('',#5836,2.99999999999994);
#5069=CYLINDRICAL_SURFACE('',#5838,2.99999999999994);
#5070=CYLINDRICAL_SURFACE('',#5839,2.99999999999994);
#5071=CYLINDRICAL_SURFACE('',#5840,2.99999999999994);
#5072=CYLINDRICAL_SURFACE('',#5842,2.99999999999994);
#5073=CYLINDRICAL_SURFACE('',#5888,2.99999999999999);
#5074=CYLINDRICAL_SURFACE('',#5890,2.99999999999999);
#5075=CYLINDRICAL_SURFACE('',#5891,2.99999999999999);
#5076=CYLINDRICAL_SURFACE('',#5892,2.99999999999999);
#5077=CYLINDRICAL_SURFACE('',#5893,5.99999999999999);
#5078=CYLINDRICAL_SURFACE('',#5895,5.99999999999999);
#5079=CYLINDRICAL_SURFACE('',#5896,5.99999999999999);
#5080=CYLINDRICAL_SURFACE('',#5897,5.99999999999999);
#5081=CYLINDRICAL_SURFACE('',#5898,1.2645);
#5082=CYLINDRICAL_SURFACE('',#5900,1.2645);
#5083=CYLINDRICAL_SURFACE('',#5902,1.2645);
#5084=CYLINDRICAL_SURFACE('',#5904,1.2645);
#5085=CYLINDRICAL_SURFACE('',#5906,1.2645);
#5086=CYLINDRICAL_SURFACE('',#5913,5.99999999999999);
#5087=CYLINDRICAL_SURFACE('',#5920,2.99999999999999);
#5088=CYLINDRICAL_SURFACE('',#5921,1.2645);
#5089=CYLINDRICAL_SURFACE('',#5923,1.2645);
#5090=CYLINDRICAL_SURFACE('',#5925,1.2645);
#5091=CYLINDRICAL_SURFACE('',#5927,1.2645);
#5092=CYLINDRICAL_SURFACE('',#5929,1.2645);
#5093=CYLINDRICAL_SURFACE('',#5931,1.2645);
#5094=CYLINDRICAL_SURFACE('',#5933,5.99999999999996);
#5095=CYLINDRICAL_SURFACE('',#5938,2.99999999999996);
#5096=CYLINDRICAL_SURFACE('',#5940,5.99999999999982);
#5097=CYLINDRICAL_SURFACE('',#5948,2.99999999999989);
#5098=CYLINDRICAL_SURFACE('',#5952,1.2645);
#5099=CYLINDRICAL_SURFACE('',#5953,1.2645);
#5100=CYLINDRICAL_SURFACE('',#5954,1.2645);
#5101=CYLINDRICAL_SURFACE('',#5955,1.2645);
#5102=CYLINDRICAL_SURFACE('',#5956,1.2645);
#5103=CYLINDRICAL_SURFACE('',#5957,1.2645);
#5104=CYLINDRICAL_SURFACE('',#5958,1.2645);
#5105=CYLINDRICAL_SURFACE('',#5959,1.2645);
#5106=CYLINDRICAL_SURFACE('',#5960,1.2645);
#5107=CYLINDRICAL_SURFACE('',#5961,1.2645);
#5108=CYLINDRICAL_SURFACE('',#5962,1.2645);
#5109=CYLINDRICAL_SURFACE('',#5963,1.2645);
#5110=CYLINDRICAL_SURFACE('',#5964,1.2645);
#5111=CYLINDRICAL_SURFACE('',#5965,1.2645);
#5112=CYLINDRICAL_SURFACE('',#5966,1.2645);
#5113=CYLINDRICAL_SURFACE('',#5967,1.2645);
#5114=CYLINDRICAL_SURFACE('',#5968,1.2645);
#5115=CYLINDRICAL_SURFACE('',#5969,1.2645);
#5116=CYLINDRICAL_SURFACE('',#5970,1.2645);
#5117=CYLINDRICAL_SURFACE('',#5971,1.2645);
#5118=CYLINDRICAL_SURFACE('',#5972,1.2645);
#5119=CYLINDRICAL_SURFACE('',#5973,1.2645);
#5120=CYLINDRICAL_SURFACE('',#5974,1.2645);
#5121=CYLINDRICAL_SURFACE('',#5975,1.2645);
#5122=CYLINDRICAL_SURFACE('',#5976,1.2645);
#5123=CYLINDRICAL_SURFACE('',#5977,1.2645);
#5124=CYLINDRICAL_SURFACE('',#5978,1.2645);
#5125=CYLINDRICAL_SURFACE('',#5979,1.2645);
#5126=CYLINDRICAL_SURFACE('',#5980,1.2645);
#5127=CYLINDRICAL_SURFACE('',#5981,1.2645);
#5128=CYLINDRICAL_SURFACE('',#5982,1.2645);
#5129=CYLINDRICAL_SURFACE('',#5983,1.2645);
#5130=CYLINDRICAL_SURFACE('',#5984,1.2645);
#5131=CYLINDRICAL_SURFACE('',#5985,1.2645);
#5132=CYLINDRICAL_SURFACE('',#5986,1.2645);
#5133=CYLINDRICAL_SURFACE('',#5987,1.2645);
#5134=CYLINDRICAL_SURFACE('',#5988,1.2645);
#5135=CYLINDRICAL_SURFACE('',#5989,1.2645);
#5136=CYLINDRICAL_SURFACE('',#5990,1.2645);
#5137=CYLINDRICAL_SURFACE('',#5991,1.2645);
#5138=CYLINDRICAL_SURFACE('',#5992,1.2645);
#5139=CYLINDRICAL_SURFACE('',#5993,1.2645);
#5140=CYLINDRICAL_SURFACE('',#5994,1.2645);
#5141=CYLINDRICAL_SURFACE('',#5995,1.2645);
#5142=ADVANCED_FACE('',(#253),#4982,.F.);
#5143=ADVANCED_FACE('',(#254),#140,.F.);
#5144=ADVANCED_FACE('',(#255),#4983,.F.);
#5145=ADVANCED_FACE('',(#256),#141,.T.);
#5146=ADVANCED_FACE('',(#257),#4984,.F.);
#5147=ADVANCED_FACE('',(#258),#142,.F.);
#5148=ADVANCED_FACE('',(#259),#4985,.F.);
#5149=ADVANCED_FACE('',(#260),#143,.F.);
#5150=ADVANCED_FACE('',(#261),#4986,.F.);
#5151=ADVANCED_FACE('',(#262),#144,.F.);
#5152=ADVANCED_FACE('',(#263),#4987,.F.);
#5153=ADVANCED_FACE('',(#264),#4988,.F.);
#5154=ADVANCED_FACE('',(#265),#145,.F.);
#5155=ADVANCED_FACE('',(#266),#4989,.F.);
#5156=ADVANCED_FACE('',(#267),#146,.F.);
#5157=ADVANCED_FACE('',(#268),#4990,.F.);
#5158=ADVANCED_FACE('',(#269),#4991,.F.);
#5159=ADVANCED_FACE('',(#270),#147,.F.);
#5160=ADVANCED_FACE('',(#271),#4992,.F.);
#5161=ADVANCED_FACE('',(#272),#148,.F.);
#5162=ADVANCED_FACE('',(#273),#4993,.F.);
#5163=ADVANCED_FACE('',(#274),#149,.F.);
#5164=ADVANCED_FACE('',(#275),#4994,.F.);
#5165=ADVANCED_FACE('',(#276),#150,.F.);
#5166=ADVANCED_FACE('',(#277),#4995,.F.);
#5167=ADVANCED_FACE('',(#278),#4996,.F.);
#5168=ADVANCED_FACE('',(#279),#151,.F.);
#5169=ADVANCED_FACE('',(#280),#4997,.F.);
#5170=ADVANCED_FACE('',(#281),#152,.F.);
#5171=ADVANCED_FACE('',(#282),#4998,.F.);
#5172=ADVANCED_FACE('',(#283),#4999,.F.);
#5173=ADVANCED_FACE('',(#284),#153,.F.);
#5174=ADVANCED_FACE('',(#285),#5000,.T.);
#5175=ADVANCED_FACE('',(#286),#154,.T.);
#5176=ADVANCED_FACE('',(#287,#16,#17,#18),#155,.F.);
#5177=ADVANCED_FACE('',(#288),#5001,.T.);
#5178=ADVANCED_FACE('',(#289),#156,.T.);
#5179=ADVANCED_FACE('',(#290),#5002,.T.);
#5180=ADVANCED_FACE('',(#291,#19,#20,#21,#22,#23),#157,.T.);
#5181=ADVANCED_FACE('',(#292),#158,.T.);
#5182=ADVANCED_FACE('',(#293),#5003,.T.);
#5183=ADVANCED_FACE('',(#294),#159,.T.);
#5184=ADVANCED_FACE('',(#295,#24,#25,#26),#160,.F.);
#5185=ADVANCED_FACE('',(#296),#5004,.T.);
#5186=ADVANCED_FACE('',(#297),#161,.T.);
#5187=ADVANCED_FACE('',(#298),#5005,.T.);
#5188=ADVANCED_FACE('',(#299),#5006,.F.);
#5189=ADVANCED_FACE('',(#300),#162,.T.);
#5190=ADVANCED_FACE('',(#301),#5007,.F.);
#5191=ADVANCED_FACE('',(#302),#5008,.F.);
#5192=ADVANCED_FACE('',(#303),#163,.T.);
#5193=ADVANCED_FACE('',(#304),#5009,.F.);
#5194=ADVANCED_FACE('',(#305),#5010,.F.);
#5195=ADVANCED_FACE('',(#306),#164,.T.);
#5196=ADVANCED_FACE('',(#307),#5011,.F.);
#5197=ADVANCED_FACE('',(#308),#5012,.F.);
#5198=ADVANCED_FACE('',(#309),#165,.T.);
#5199=ADVANCED_FACE('',(#310),#5013,.F.);
#5200=ADVANCED_FACE('',(#311),#5014,.F.);
#5201=ADVANCED_FACE('',(#312),#166,.T.);
#5202=ADVANCED_FACE('',(#313),#5015,.F.);
#5203=ADVANCED_FACE('',(#314),#167,.T.);
#5204=ADVANCED_FACE('',(#315),#5016,.F.);
#5205=ADVANCED_FACE('',(#316),#168,.T.);
#5206=ADVANCED_FACE('',(#317),#5017,.F.);
#5207=ADVANCED_FACE('',(#318),#5018,.F.);
#5208=ADVANCED_FACE('',(#319),#169,.T.);
#5209=ADVANCED_FACE('',(#320),#5019,.F.);
#5210=ADVANCED_FACE('',(#321),#5020,.F.);
#5211=ADVANCED_FACE('',(#322),#170,.T.);
#5212=ADVANCED_FACE('',(#323),#5021,.F.);
#5213=ADVANCED_FACE('',(#324),#5022,.F.);
#5214=ADVANCED_FACE('',(#325),#171,.T.);
#5215=ADVANCED_FACE('',(#326),#5023,.F.);
#5216=ADVANCED_FACE('',(#327),#5024,.F.);
#5217=ADVANCED_FACE('',(#328),#172,.T.);
#5218=ADVANCED_FACE('',(#329),#5025,.F.);
#5219=ADVANCED_FACE('',(#330),#5026,.F.);
#5220=ADVANCED_FACE('',(#331),#173,.T.);
#5221=ADVANCED_FACE('',(#332),#5027,.F.);
#5222=ADVANCED_FACE('',(#333),#5028,.F.);
#5223=ADVANCED_FACE('',(#334),#174,.T.);
#5224=ADVANCED_FACE('',(#335),#5029,.F.);
#5225=ADVANCED_FACE('',(#336),#5030,.F.);
#5226=ADVANCED_FACE('',(#337),#175,.T.);
#5227=ADVANCED_FACE('',(#338),#5031,.F.);
#5228=ADVANCED_FACE('',(#339),#5032,.F.);
#5229=ADVANCED_FACE('',(#340),#176,.T.);
#5230=ADVANCED_FACE('',(#341),#5033,.F.);
#5231=ADVANCED_FACE('',(#342),#5034,.F.);
#5232=ADVANCED_FACE('',(#343),#177,.T.);
#5233=ADVANCED_FACE('',(#344),#5035,.F.);
#5234=ADVANCED_FACE('',(#345),#5036,.F.);
#5235=ADVANCED_FACE('',(#346),#178,.T.);
#5236=ADVANCED_FACE('',(#347),#5037,.F.);
#5237=ADVANCED_FACE('',(#348),#179,.T.);
#5238=ADVANCED_FACE('',(#349),#5038,.F.);
#5239=ADVANCED_FACE('',(#350),#180,.T.);
#5240=ADVANCED_FACE('',(#351),#5039,.F.);
#5241=ADVANCED_FACE('',(#352),#181,.T.);
#5242=ADVANCED_FACE('',(#353),#5040,.F.);
#5243=ADVANCED_FACE('',(#354),#5041,.T.);
#5244=ADVANCED_FACE('',(#355,#27,#28,#29,#30,#31,#32,#33,#34,#35,#36,#37,
#38,#39,#40,#41,#42,#43,#44,#45,#46,#47,#48,#49,#50,#51,#52,#53,#54,#55,
#56,#57,#58,#59,#60,#61,#62,#63,#64,#65,#66,#67,#68,#69,#70,#71,#72,#73,
#74,#75,#76,#77),#182,.T.);
#5245=ADVANCED_FACE('',(#356),#183,.T.);
#5246=ADVANCED_FACE('',(#357),#5042,.F.);
#5247=ADVANCED_FACE('',(#358),#5043,.F.);
#5248=ADVANCED_FACE('',(#359),#184,.T.);
#5249=ADVANCED_FACE('',(#360),#5044,.F.);
#5250=ADVANCED_FACE('',(#361),#5045,.F.);
#5251=ADVANCED_FACE('',(#362),#185,.T.);
#5252=ADVANCED_FACE('',(#363),#5046,.F.);
#5253=ADVANCED_FACE('',(#364),#5047,.F.);
#5254=ADVANCED_FACE('',(#365),#186,.T.);
#5255=ADVANCED_FACE('',(#366),#5048,.F.);
#5256=ADVANCED_FACE('',(#367),#187,.T.);
#5257=ADVANCED_FACE('',(#368),#5049,.F.);
#5258=ADVANCED_FACE('',(#369),#5050,.F.);
#5259=ADVANCED_FACE('',(#370),#5051,.F.);
#5260=ADVANCED_FACE('',(#371),#188,.T.);
#5261=ADVANCED_FACE('',(#372),#5052,.F.);
#5262=ADVANCED_FACE('',(#373),#5053,.F.);
#5263=ADVANCED_FACE('',(#374),#189,.T.);
#5264=ADVANCED_FACE('',(#375),#5054,.F.);
#5265=ADVANCED_FACE('',(#376),#5055,.F.);
#5266=ADVANCED_FACE('',(#377),#190,.T.);
#5267=ADVANCED_FACE('',(#378),#5056,.F.);
#5268=ADVANCED_FACE('',(#379),#5057,.F.);
#5269=ADVANCED_FACE('',(#380),#191,.T.);
#5270=ADVANCED_FACE('',(#381),#5058,.F.);
#5271=ADVANCED_FACE('',(#382),#5059,.F.);
#5272=ADVANCED_FACE('',(#383),#192,.T.);
#5273=ADVANCED_FACE('',(#384),#5060,.F.);
#5274=ADVANCED_FACE('',(#385),#5061,.F.);
#5275=ADVANCED_FACE('',(#386),#193,.T.);
#5276=ADVANCED_FACE('',(#387),#5062,.F.);
#5277=ADVANCED_FACE('',(#388),#194,.F.);
#5278=ADVANCED_FACE('',(#389),#195,.F.);
#5279=ADVANCED_FACE('',(#390),#196,.F.);
#5280=ADVANCED_FACE('',(#391),#5063,.T.);
#5281=ADVANCED_FACE('',(#392),#5064,.T.);
#5282=ADVANCED_FACE('',(#393),#5065,.T.);
#5283=ADVANCED_FACE('',(#394),#5066,.T.);
#5284=ADVANCED_FACE('',(#395),#5067,.T.);
#5285=ADVANCED_FACE('',(#396),#197,.T.);
#5286=ADVANCED_FACE('',(#397),#198,.T.);
#5287=ADVANCED_FACE('',(#398),#199,.T.);
#5288=ADVANCED_FACE('',(#399),#200,.T.);
#5289=ADVANCED_FACE('',(#400),#201,.T.);
#5290=ADVANCED_FACE('',(#401),#202,.F.);
#5291=ADVANCED_FACE('',(#402),#203,.T.);
#5292=ADVANCED_FACE('',(#403),#204,.T.);
#5293=ADVANCED_FACE('',(#404),#205,.T.);
#5294=ADVANCED_FACE('',(#405),#206,.T.);
#5295=ADVANCED_FACE('',(#406),#207,.T.);
#5296=ADVANCED_FACE('',(#407),#5068,.F.);
#5297=ADVANCED_FACE('',(#408),#5069,.F.);
#5298=ADVANCED_FACE('',(#409),#5070,.F.);
#5299=ADVANCED_FACE('',(#410),#5071,.F.);
#5300=ADVANCED_FACE('',(#411),#5072,.F.);
#5301=ADVANCED_FACE('',(#412,#78,#79,#80,#81,#82,#83,#84,#85,#86,#87,#88,
#89,#90,#91,#92,#93,#94,#95,#96,#97,#98,#99,#100,#101,#102,#103,#104,#105,
#106,#107,#108,#109,#110,#111,#112,#113,#114,#115,#116,#117,#118,#119,#120,
#121,#122,#123,#124,#125,#126,#127,#128),#208,.T.);
#5302=ADVANCED_FACE('',(#413),#5073,.F.);
#5303=ADVANCED_FACE('',(#414),#5074,.F.);
#5304=ADVANCED_FACE('',(#415),#5075,.F.);
#5305=ADVANCED_FACE('',(#416),#5076,.F.);
#5306=ADVANCED_FACE('',(#417),#5077,.T.);
#5307=ADVANCED_FACE('',(#418),#5078,.T.);
#5308=ADVANCED_FACE('',(#419),#5079,.T.);
#5309=ADVANCED_FACE('',(#420),#5080,.T.);
#5310=ADVANCED_FACE('',(#421),#5081,.F.);
#5311=ADVANCED_FACE('',(#422),#5082,.F.);
#5312=ADVANCED_FACE('',(#423),#5083,.F.);
#5313=ADVANCED_FACE('',(#424),#5084,.F.);
#5314=ADVANCED_FACE('',(#425),#5085,.F.);
#5315=ADVANCED_FACE('',(#426),#209,.T.);
#5316=ADVANCED_FACE('',(#427),#210,.T.);
#5317=ADVANCED_FACE('',(#428),#211,.T.);
#5318=ADVANCED_FACE('',(#429),#212,.T.);
#5319=ADVANCED_FACE('',(#430,#129,#130,#131,#132,#133),#213,.T.);
#5320=ADVANCED_FACE('',(#431),#5086,.T.);
#5321=ADVANCED_FACE('',(#432),#214,.T.);
#5322=ADVANCED_FACE('',(#433),#215,.T.);
#5323=ADVANCED_FACE('',(#434),#216,.T.);
#5324=ADVANCED_FACE('',(#435),#217,.T.);
#5325=ADVANCED_FACE('',(#436),#5087,.F.);
#5326=ADVANCED_FACE('',(#437),#5088,.F.);
#5327=ADVANCED_FACE('',(#438),#5089,.F.);
#5328=ADVANCED_FACE('',(#439),#5090,.F.);
#5329=ADVANCED_FACE('',(#440),#5091,.F.);
#5330=ADVANCED_FACE('',(#441),#5092,.F.);
#5331=ADVANCED_FACE('',(#442),#5093,.F.);
#5332=ADVANCED_FACE('',(#443),#5094,.T.);
#5333=ADVANCED_FACE('',(#444),#218,.T.);
#5334=ADVANCED_FACE('',(#445),#219,.T.);
#5335=ADVANCED_FACE('',(#446),#5095,.F.);
#5336=ADVANCED_FACE('',(#447,#134,#135,#136),#220,.T.);
#5337=ADVANCED_FACE('',(#448),#5096,.T.);
#5338=ADVANCED_FACE('',(#449),#221,.T.);
#5339=ADVANCED_FACE('',(#450),#222,.T.);
#5340=ADVANCED_FACE('',(#451),#223,.T.);
#5341=ADVANCED_FACE('',(#452),#5097,.F.);
#5342=ADVANCED_FACE('',(#453,#137,#138,#139),#224,.T.);
#5343=ADVANCED_FACE('',(#454),#225,.F.);
#5344=ADVANCED_FACE('',(#455),#226,.T.);
#5345=ADVANCED_FACE('',(#456),#5098,.F.);
#5346=ADVANCED_FACE('',(#457),#5099,.F.);
#5347=ADVANCED_FACE('',(#458),#5100,.F.);
#5348=ADVANCED_FACE('',(#459),#5101,.F.);
#5349=ADVANCED_FACE('',(#460),#5102,.F.);
#5350=ADVANCED_FACE('',(#461),#5103,.F.);
#5351=ADVANCED_FACE('',(#462),#5104,.F.);
#5352=ADVANCED_FACE('',(#463),#5105,.F.);
#5353=ADVANCED_FACE('',(#464),#5106,.F.);
#5354=ADVANCED_FACE('',(#465),#5107,.F.);
#5355=ADVANCED_FACE('',(#466),#5108,.F.);
#5356=ADVANCED_FACE('',(#467),#5109,.F.);
#5357=ADVANCED_FACE('',(#468),#5110,.F.);
#5358=ADVANCED_FACE('',(#469),#5111,.F.);
#5359=ADVANCED_FACE('',(#470),#5112,.F.);
#5360=ADVANCED_FACE('',(#471),#5113,.F.);
#5361=ADVANCED_FACE('',(#472),#5114,.F.);
#5362=ADVANCED_FACE('',(#473),#5115,.F.);
#5363=ADVANCED_FACE('',(#474),#5116,.F.);
#5364=ADVANCED_FACE('',(#475),#5117,.F.);
#5365=ADVANCED_FACE('',(#476),#5118,.F.);
#5366=ADVANCED_FACE('',(#477),#5119,.F.);
#5367=ADVANCED_FACE('',(#478),#5120,.F.);
#5368=ADVANCED_FACE('',(#479),#5121,.F.);
#5369=ADVANCED_FACE('',(#480),#5122,.F.);
#5370=ADVANCED_FACE('',(#481),#5123,.F.);
#5371=ADVANCED_FACE('',(#482),#5124,.F.);
#5372=ADVANCED_FACE('',(#483),#5125,.F.);
#5373=ADVANCED_FACE('',(#484),#5126,.F.);
#5374=ADVANCED_FACE('',(#485),#5127,.F.);
#5375=ADVANCED_FACE('',(#486),#5128,.F.);
#5376=ADVANCED_FACE('',(#487),#5129,.F.);
#5377=ADVANCED_FACE('',(#488),#5130,.F.);
#5378=ADVANCED_FACE('',(#489),#5131,.F.);
#5379=ADVANCED_FACE('',(#490),#5132,.F.);
#5380=ADVANCED_FACE('',(#491),#5133,.F.);
#5381=ADVANCED_FACE('',(#492),#5134,.F.);
#5382=ADVANCED_FACE('',(#493),#5135,.F.);
#5383=ADVANCED_FACE('',(#494),#5136,.F.);
#5384=ADVANCED_FACE('',(#495),#5137,.F.);
#5385=ADVANCED_FACE('',(#496),#5138,.F.);
#5386=ADVANCED_FACE('',(#497),#5139,.F.);
#5387=ADVANCED_FACE('',(#498),#5140,.F.);
#5388=ADVANCED_FACE('',(#499),#5141,.F.);
#5389=ADVANCED_FACE('',(#500),#227,.T.);
#5390=ADVANCED_FACE('',(#501),#228,.T.);
#5391=ADVANCED_FACE('',(#502),#229,.T.);
#5392=ADVANCED_FACE('',(#503),#230,.T.);
#5393=ADVANCED_FACE('',(#504),#231,.T.);
#5394=ADVANCED_FACE('',(#505),#232,.T.);
#5395=ADVANCED_FACE('',(#506),#233,.T.);
#5396=ADVANCED_FACE('',(#507),#234,.T.);
#5397=ADVANCED_FACE('',(#508),#235,.T.);
#5398=ADVANCED_FACE('',(#509),#236,.T.);
#5399=ADVANCED_FACE('',(#510),#237,.T.);
#5400=ADVANCED_FACE('',(#511),#238,.T.);
#5401=ADVANCED_FACE('',(#512),#239,.T.);
#5402=ADVANCED_FACE('',(#513),#240,.T.);
#5403=ADVANCED_FACE('',(#514),#241,.T.);
#5404=ADVANCED_FACE('',(#515),#242,.T.);
#5405=ADVANCED_FACE('',(#516),#243,.T.);
#5406=ADVANCED_FACE('',(#517),#244,.T.);
#5407=ADVANCED_FACE('',(#518),#245,.T.);
#5408=ADVANCED_FACE('',(#519),#246,.T.);
#5409=ADVANCED_FACE('',(#520),#247,.T.);
#5410=ADVANCED_FACE('',(#521),#248,.T.);
#5411=ADVANCED_FACE('',(#522),#249,.T.);
#5412=ADVANCED_FACE('',(#523),#250,.T.);
#5413=ADVANCED_FACE('',(#524),#251,.T.);
#5414=ADVANCED_FACE('',(#525),#252,.T.);
#5415=CLOSED_SHELL('',(#5142,#5143,#5144,#5145,#5146,#5147,#5148,#5149,
#5150,#5151,#5152,#5153,#5154,#5155,#5156,#5157,#5158,#5159,#5160,#5161,
#5162,#5163,#5164,#5165,#5166,#5167,#5168,#5169,#5170,#5171,#5172,#5173,
#5174,#5175,#5176,#5177,#5178,#5179,#5180,#5181,#5182,#5183,#5184,#5185,
#5186,#5187,#5188,#5189,#5190,#5191,#5192,#5193,#5194,#5195,#5196,#5197,
#5198,#5199,#5200,#5201,#5202,#5203,#5204,#5205,#5206,#5207,#5208,#5209,
#5210,#5211,#5212,#5213,#5214,#5215,#5216,#5217,#5218,#5219,#5220,#5221,
#5222,#5223,#5224,#5225,#5226,#5227,#5228,#5229,#5230,#5231,#5232,#5233,
#5234,#5235,#5236,#5237,#5238,#5239,#5240,#5241,#5242,#5243,#5244,#5245,
#5246,#5247,#5248,#5249,#5250,#5251,#5252,#5253,#5254,#5255,#5256,#5257,
#5258,#5259,#5260,#5261,#5262,#5263,#5264,#5265,#5266,#5267,#5268,#5269,
#5270,#5271,#5272,#5273,#5274,#5275,#5276,#5277,#5278,#5279,#5280,#5281,
#5282,#5283,#5284,#5285,#5286,#5287,#5288,#5289,#5290,#5291,#5292,#5293,
#5294,#5295,#5296,#5297,#5298,#5299,#5300,#5301,#5302,#5303,#5304,#5305,
#5306,#5307,#5308,#5309,#5310,#5311,#5312,#5313,#5314,#5315,#5316,#5317,
#5318,#5319,#5320,#5321,#5322,#5323,#5324,#5325,#5326,#5327,#5328,#5329,
#5330,#5331,#5332,#5333,#5334,#5335,#5336,#5337,#5338,#5339,#5340,#5341,
#5342,#5343,#5344,#5345,#5346,#5347,#5348,#5349,#5350,#5351,#5352,#5353,
#5354,#5355,#5356,#5357,#5358,#5359,#5360,#5361,#5362,#5363,#5364,#5365,
#5366,#5367,#5368,#5369,#5370,#5371,#5372,#5373,#5374,#5375,#5376,#5377,
#5378,#5379,#5380,#5381,#5382,#5383,#5384,#5385,#5386,#5387,#5388,#5389,
#5390,#5391,#5392,#5393,#5394,#5395,#5396,#5397,#5398,#5399,#5400,#5401,
#5402,#5403,#5404,#5405,#5406,#5407,#5408,#5409,#5410,#5411,#5412,#5413,
#5414));
#5416=DERIVED_UNIT_ELEMENT(#5418,1.);
#5417=DERIVED_UNIT_ELEMENT(#9229,3.);
#5418=(
MASS_UNIT()
NAMED_UNIT(*)
SI_UNIT(.KILO.,.GRAM.)
);
#5419=DERIVED_UNIT((#5416,#5417));
#5420=MEASURE_REPRESENTATION_ITEM('density measure',
POSITIVE_RATIO_MEASURE(7850.),#5419);
#5421=PROPERTY_DEFINITION_REPRESENTATION(#5426,#5423);
#5422=PROPERTY_DEFINITION_REPRESENTATION(#5427,#5424);
#5423=REPRESENTATION('material name',(#5425),#9226);
#5424=REPRESENTATION('density',(#5420),#9226);
#5425=DESCRIPTIVE_REPRESENTATION_ITEM('Steel','Steel');
#5426=PROPERTY_DEFINITION('material property','material name',#9236);
#5427=PROPERTY_DEFINITION('material property','density of part',#9236);
#5428=AXIS2_PLACEMENT_3D('placement',#7663,#6022,#6023);
#5429=AXIS2_PLACEMENT_3D('',#7664,#6024,#6025);
#5430=AXIS2_PLACEMENT_3D('',#7679,#6027,#6028);
#5431=AXIS2_PLACEMENT_3D('',#7682,#6030,#6031);
#5432=AXIS2_PLACEMENT_3D('',#7683,#6032,#6033);
#5433=AXIS2_PLACEMENT_3D('',#7689,#6037,#6038);
#5434=AXIS2_PLACEMENT_3D('',#7692,#6039,#6040);
#5435=AXIS2_PLACEMENT_3D('',#7696,#6042,#6043);
#5436=AXIS2_PLACEMENT_3D('',#7708,#6045,#6046);
#5437=AXIS2_PLACEMENT_3D('',#7710,#6047,#6048);
#5438=AXIS2_PLACEMENT_3D('',#7713,#6050,#6051);
#5439=AXIS2_PLACEMENT_3D('',#7714,#6052,#6053);
#5440=AXIS2_PLACEMENT_3D('',#7717,#6054,#6055);
#5441=AXIS2_PLACEMENT_3D('',#7721,#6057,#6058);
#5442=AXIS2_PLACEMENT_3D('',#7723,#6060,#6061);
#5443=AXIS2_PLACEMENT_3D('',#7729,#6065,#6066);
#5444=AXIS2_PLACEMENT_3D('',#7732,#6067,#6068);
#5445=AXIS2_PLACEMENT_3D('',#7736,#6070,#6071);
#5446=AXIS2_PLACEMENT_3D('',#7738,#6073,#6074);
#5447=AXIS2_PLACEMENT_3D('',#7740,#6075,#6076);
#5448=AXIS2_PLACEMENT_3D('',#7743,#6078,#6079);
#5449=AXIS2_PLACEMENT_3D('',#7745,#6080,#6081);
#5450=AXIS2_PLACEMENT_3D('',#7748,#6083,#6084);
#5451=AXIS2_PLACEMENT_3D('',#7749,#6085,#6086);
#5452=AXIS2_PLACEMENT_3D('',#7752,#6087,#6088);
#5453=AXIS2_PLACEMENT_3D('',#7756,#6090,#6091);
#5454=AXIS2_PLACEMENT_3D('',#7758,#6093,#6094);
#5455=AXIS2_PLACEMENT_3D('',#7761,#6097,#6098);
#5456=AXIS2_PLACEMENT_3D('',#7763,#6099,#6100);
#5457=AXIS2_PLACEMENT_3D('',#7765,#6101,#6102);
#5458=AXIS2_PLACEMENT_3D('',#7767,#6104,#6105);
#5459=AXIS2_PLACEMENT_3D('',#7770,#6106,#6107);
#5460=AXIS2_PLACEMENT_3D('',#7774,#6109,#6110);
#5461=AXIS2_PLACEMENT_3D('',#7776,#6112,#6113);
#5462=AXIS2_PLACEMENT_3D('',#7782,#6117,#6118);
#5463=AXIS2_PLACEMENT_3D('',#7785,#6119,#6120);
#5464=AXIS2_PLACEMENT_3D('',#7789,#6122,#6123);
#5465=AXIS2_PLACEMENT_3D('',#7791,#6125,#6126);
#5466=AXIS2_PLACEMENT_3D('',#7797,#6130,#6131);
#5467=AXIS2_PLACEMENT_3D('',#7799,#6132,#6133);
#5468=AXIS2_PLACEMENT_3D('',#7801,#6134,#6135);
#5469=AXIS2_PLACEMENT_3D('',#7803,#6137,#6138);
#5470=AXIS2_PLACEMENT_3D('',#7805,#6139,#6140);
#5471=AXIS2_PLACEMENT_3D('',#7808,#6142,#6143);
#5472=AXIS2_PLACEMENT_3D('',#7809,#6144,#6145);
#5473=AXIS2_PLACEMENT_3D('',#7811,#6146,#6147);
#5474=AXIS2_PLACEMENT_3D('',#7814,#6149,#6150);
#5475=AXIS2_PLACEMENT_3D('',#7816,#6151,#6152);
#5476=AXIS2_PLACEMENT_3D('',#7819,#6154,#6155);
#5477=AXIS2_PLACEMENT_3D('',#7820,#6156,#6157);
#5478=AXIS2_PLACEMENT_3D('',#7823,#6158,#6159);
#5479=AXIS2_PLACEMENT_3D('',#7827,#6161,#6162);
#5480=AXIS2_PLACEMENT_3D('',#7829,#6164,#6165);
#5481=AXIS2_PLACEMENT_3D('',#7831,#6166,#6167);
#5482=AXIS2_PLACEMENT_3D('',#7835,#6169,#6170);
#5483=AXIS2_PLACEMENT_3D('',#7839,#6172,#6173);
#5484=AXIS2_PLACEMENT_3D('',#7842,#6175,#6176);
#5485=AXIS2_PLACEMENT_3D('',#7843,#6177,#6178);
#5486=AXIS2_PLACEMENT_3D('',#7845,#6179,#6180);
#5487=AXIS2_PLACEMENT_3D('',#7848,#6182,#6183);
#5488=AXIS2_PLACEMENT_3D('',#7849,#6184,#6185);
#5489=AXIS2_PLACEMENT_3D('',#7855,#6189,#6190);
#5490=AXIS2_PLACEMENT_3D('',#7858,#6191,#6192);
#5491=AXIS2_PLACEMENT_3D('',#7862,#6194,#6195);
#5492=AXIS2_PLACEMENT_3D('',#7864,#6197,#6198);
#5493=AXIS2_PLACEMENT_3D('',#7867,#6201,#6202);
#5494=AXIS2_PLACEMENT_3D('',#7869,#6203,#6204);
#5495=AXIS2_PLACEMENT_3D('',#7871,#6205,#6206);
#5496=AXIS2_PLACEMENT_3D('',#7873,#6208,#6209);
#5497=AXIS2_PLACEMENT_3D('',#7876,#6210,#6211);
#5498=AXIS2_PLACEMENT_3D('',#7880,#6213,#6214);
#5499=AXIS2_PLACEMENT_3D('',#7882,#6216,#6217);
#5500=AXIS2_PLACEMENT_3D('',#7888,#6221,#6222);
#5501=AXIS2_PLACEMENT_3D('',#7891,#6223,#6224);
#5502=AXIS2_PLACEMENT_3D('',#7895,#6226,#6227);
#5503=AXIS2_PLACEMENT_3D('',#7897,#6229,#6230);
#5504=AXIS2_PLACEMENT_3D('',#7903,#6234,#6235);
#5505=AXIS2_PLACEMENT_3D('',#7905,#6236,#6237);
#5506=AXIS2_PLACEMENT_3D('',#7907,#6238,#6239);
#5507=AXIS2_PLACEMENT_3D('',#7909,#6241,#6242);
#5508=AXIS2_PLACEMENT_3D('',#7911,#6243,#6244);
#5509=AXIS2_PLACEMENT_3D('',#7914,#6246,#6247);
#5510=AXIS2_PLACEMENT_3D('',#7915,#6248,#6249);
#5511=AXIS2_PLACEMENT_3D('',#7917,#6250,#6251);
#5512=AXIS2_PLACEMENT_3D('',#7920,#6253,#6254);
#5513=AXIS2_PLACEMENT_3D('',#7922,#6255,#6256);
#5514=AXIS2_PLACEMENT_3D('',#7925,#6258,#6259);
#5515=AXIS2_PLACEMENT_3D('',#7926,#6260,#6261);
#5516=AXIS2_PLACEMENT_3D('',#7929,#6262,#6263);
#5517=AXIS2_PLACEMENT_3D('',#7933,#6265,#6266);
#5518=AXIS2_PLACEMENT_3D('',#7935,#6268,#6269);
#5519=AXIS2_PLACEMENT_3D('',#7941,#6273,#6274);
#5520=AXIS2_PLACEMENT_3D('',#7945,#6276,#6277);
#5521=AXIS2_PLACEMENT_3D('',#7950,#6280,#6281);
#5522=AXIS2_PLACEMENT_3D('',#7952,#6282,#6283);
#5523=AXIS2_PLACEMENT_3D('',#7954,#6284,#6285);
#5524=AXIS2_PLACEMENT_3D('',#7955,#6286,#6287);
#5525=AXIS2_PLACEMENT_3D('',#7958,#6288,#6289);
#5526=AXIS2_PLACEMENT_3D('',#7961,#6292,#6293);
#5527=AXIS2_PLACEMENT_3D('',#7965,#6296,#6297);
#5528=AXIS2_PLACEMENT_3D('',#7968,#6298,#6299);
#5529=AXIS2_PLACEMENT_3D('',#7972,#6301,#6302);
#5530=AXIS2_PLACEMENT_3D('',#7974,#6304,#6305);
#5531=AXIS2_PLACEMENT_3D('',#7978,#6307,#6308);
#5532=AXIS2_PLACEMENT_3D('',#7989,#6316,#6317);
#5533=AXIS2_PLACEMENT_3D('',#7991,#6318,#6319);
#5534=AXIS2_PLACEMENT_3D('',#7993,#6320,#6321);
#5535=AXIS2_PLACEMENT_3D('',#7995,#6322,#6323);
#5536=AXIS2_PLACEMENT_3D('',#7997,#6324,#6325);
#5537=AXIS2_PLACEMENT_3D('',#7998,#6326,#6327);
#5538=AXIS2_PLACEMENT_3D('',#8002,#6330,#6331);
#5539=AXIS2_PLACEMENT_3D('',#8005,#6332,#6333);
#5540=AXIS2_PLACEMENT_3D('',#8009,#6335,#6336);
#5541=AXIS2_PLACEMENT_3D('',#8011,#6338,#6339);
#5542=AXIS2_PLACEMENT_3D('',#8017,#6343,#6344);
#5543=AXIS2_PLACEMENT_3D('',#8023,#6348,#6349);
#5544=AXIS2_PLACEMENT_3D('',#8025,#6350,#6351);
#5545=AXIS2_PLACEMENT_3D('',#8027,#6352,#6353);
#5546=AXIS2_PLACEMENT_3D('',#8029,#6354,#6355);
#5547=AXIS2_PLACEMENT_3D('',#8030,#6356,#6357);
#5548=AXIS2_PLACEMENT_3D('',#8032,#6358,#6359);
#5549=AXIS2_PLACEMENT_3D('',#8034,#6361,#6362);
#5550=AXIS2_PLACEMENT_3D('',#8036,#6364,#6365);
#5551=AXIS2_PLACEMENT_3D('',#8038,#6366,#6367);
#5552=AXIS2_PLACEMENT_3D('',#8040,#6369,#6370);
#5553=AXIS2_PLACEMENT_3D('',#8043,#6371,#6372);
#5554=AXIS2_PLACEMENT_3D('',#8047,#6374,#6375);
#5555=AXIS2_PLACEMENT_3D('',#8049,#6377,#6378);
#5556=AXIS2_PLACEMENT_3D('',#8055,#6382,#6383);
#5557=AXIS2_PLACEMENT_3D('',#8057,#6384,#6385);
#5558=AXIS2_PLACEMENT_3D('',#8059,#6386,#6387);
#5559=AXIS2_PLACEMENT_3D('',#8061,#6389,#6390);
#5560=AXIS2_PLACEMENT_3D('',#8064,#6391,#6392);
#5561=AXIS2_PLACEMENT_3D('',#8068,#6394,#6395);
#5562=AXIS2_PLACEMENT_3D('',#8070,#6397,#6398);
#5563=AXIS2_PLACEMENT_3D('',#8076,#6402,#6403);
#5564=AXIS2_PLACEMENT_3D('',#8078,#6404,#6405);
#5565=AXIS2_PLACEMENT_3D('',#8080,#6406,#6407);
#5566=AXIS2_PLACEMENT_3D('',#8082,#6409,#6410);
#5567=AXIS2_PLACEMENT_3D('',#8085,#6411,#6412);
#5568=AXIS2_PLACEMENT_3D('',#8089,#6414,#6415);
#5569=AXIS2_PLACEMENT_3D('',#8091,#6417,#6418);
#5570=AXIS2_PLACEMENT_3D('',#8097,#6422,#6423);
#5571=AXIS2_PLACEMENT_3D('',#8099,#6424,#6425);
#5572=AXIS2_PLACEMENT_3D('',#8101,#6426,#6427);
#5573=AXIS2_PLACEMENT_3D('',#8103,#6429,#6430);
#5574=AXIS2_PLACEMENT_3D('',#8106,#6431,#6432);
#5575=AXIS2_PLACEMENT_3D('',#8110,#6434,#6435);
#5576=AXIS2_PLACEMENT_3D('',#8112,#6437,#6438);
#5577=AXIS2_PLACEMENT_3D('',#8118,#6442,#6443);
#5578=AXIS2_PLACEMENT_3D('',#8120,#6444,#6445);
#5579=AXIS2_PLACEMENT_3D('',#8122,#6446,#6447);
#5580=AXIS2_PLACEMENT_3D('',#8124,#6449,#6450);
#5581=AXIS2_PLACEMENT_3D('',#8127,#6451,#6452);
#5582=AXIS2_PLACEMENT_3D('',#8131,#6454,#6455);
#5583=AXIS2_PLACEMENT_3D('',#8133,#6457,#6458);
#5584=AXIS2_PLACEMENT_3D('',#8139,#6462,#6463);
#5585=AXIS2_PLACEMENT_3D('',#8142,#6464,#6465);
#5586=AXIS2_PLACEMENT_3D('',#8146,#6467,#6468);
#5587=AXIS2_PLACEMENT_3D('',#8148,#6470,#6471);
#5588=AXIS2_PLACEMENT_3D('',#8151,#6474,#6475);
#5589=AXIS2_PLACEMENT_3D('',#8154,#6476,#6477);
#5590=AXIS2_PLACEMENT_3D('',#8158,#6479,#6480);
#5591=AXIS2_PLACEMENT_3D('',#8160,#6482,#6483);
#5592=AXIS2_PLACEMENT_3D('',#8166,#6487,#6488);
#5593=AXIS2_PLACEMENT_3D('',#8168,#6489,#6490);
#5594=AXIS2_PLACEMENT_3D('',#8170,#6491,#6492);
#5595=AXIS2_PLACEMENT_3D('',#8172,#6494,#6495);
#5596=AXIS2_PLACEMENT_3D('',#8175,#6496,#6497);
#5597=AXIS2_PLACEMENT_3D('',#8179,#6499,#6500);
#5598=AXIS2_PLACEMENT_3D('',#8181,#6502,#6503);
#5599=AXIS2_PLACEMENT_3D('',#8187,#6507,#6508);
#5600=AXIS2_PLACEMENT_3D('',#8189,#6509,#6510);
#5601=AXIS2_PLACEMENT_3D('',#8191,#6511,#6512);
#5602=AXIS2_PLACEMENT_3D('',#8193,#6514,#6515);
#5603=AXIS2_PLACEMENT_3D('',#8196,#6516,#6517);
#5604=AXIS2_PLACEMENT_3D('',#8200,#6519,#6520);
#5605=AXIS2_PLACEMENT_3D('',#8202,#6522,#6523);
#5606=AXIS2_PLACEMENT_3D('',#8208,#6527,#6528);
#5607=AXIS2_PLACEMENT_3D('',#8209,#6529,#6530);
#5608=AXIS2_PLACEMENT_3D('',#8210,#6531,#6532);
#5609=AXIS2_PLACEMENT_3D('',#8211,#6533,#6534);
#5610=AXIS2_PLACEMENT_3D('',#8214,#6535,#6536);
#5611=AXIS2_PLACEMENT_3D('',#8218,#6538,#6539);
#5612=AXIS2_PLACEMENT_3D('',#8220,#6541,#6542);
#5613=AXIS2_PLACEMENT_3D('',#8226,#6546,#6547);
#5614=AXIS2_PLACEMENT_3D('',#8228,#6548,#6549);
#5615=AXIS2_PLACEMENT_3D('',#8230,#6550,#6551);
#5616=AXIS2_PLACEMENT_3D('',#8232,#6553,#6554);
#5617=AXIS2_PLACEMENT_3D('',#8235,#6555,#6556);
#5618=AXIS2_PLACEMENT_3D('',#8239,#6558,#6559);
#5619=AXIS2_PLACEMENT_3D('',#8241,#6561,#6562);
#5620=AXIS2_PLACEMENT_3D('',#8247,#6566,#6567);
#5621=AXIS2_PLACEMENT_3D('',#8249,#6568,#6569);
#5622=AXIS2_PLACEMENT_3D('',#8251,#6570,#6571);
#5623=AXIS2_PLACEMENT_3D('',#8253,#6573,#6574);
#5624=AXIS2_PLACEMENT_3D('',#8256,#6575,#6576);
#5625=AXIS2_PLACEMENT_3D('',#8260,#6578,#6579);
#5626=AXIS2_PLACEMENT_3D('',#8262,#6581,#6582);
#5627=AXIS2_PLACEMENT_3D('',#8268,#6586,#6587);
#5628=AXIS2_PLACEMENT_3D('',#8270,#6588,#6589);
#5629=AXIS2_PLACEMENT_3D('',#8272,#6590,#6591);
#5630=AXIS2_PLACEMENT_3D('',#8274,#6593,#6594);
#5631=AXIS2_PLACEMENT_3D('',#8277,#6595,#6596);
#5632=AXIS2_PLACEMENT_3D('',#8281,#6598,#6599);
#5633=AXIS2_PLACEMENT_3D('',#8283,#6601,#6602);
#5634=AXIS2_PLACEMENT_3D('',#8289,#6606,#6607);
#5635=AXIS2_PLACEMENT_3D('',#8291,#6608,#6609);
#5636=AXIS2_PLACEMENT_3D('',#8293,#6610,#6611);
#5637=AXIS2_PLACEMENT_3D('',#8295,#6613,#6614);
#5638=AXIS2_PLACEMENT_3D('',#8298,#6615,#6616);
#5639=AXIS2_PLACEMENT_3D('',#8302,#6618,#6619);
#5640=AXIS2_PLACEMENT_3D('',#8304,#6621,#6622);
#5641=AXIS2_PLACEMENT_3D('',#8310,#6626,#6627);
#5642=AXIS2_PLACEMENT_3D('',#8312,#6628,#6629);
#5643=AXIS2_PLACEMENT_3D('',#8314,#6630,#6631);
#5644=AXIS2_PLACEMENT_3D('',#8316,#6633,#6634);
#5645=AXIS2_PLACEMENT_3D('',#8319,#6635,#6636);
#5646=AXIS2_PLACEMENT_3D('',#8323,#6638,#6639);
#5647=AXIS2_PLACEMENT_3D('',#8325,#6641,#6642);
#5648=AXIS2_PLACEMENT_3D('',#8331,#6646,#6647);
#5649=AXIS2_PLACEMENT_3D('',#8333,#6648,#6649);
#5650=AXIS2_PLACEMENT_3D('',#8335,#6650,#6651);
#5651=AXIS2_PLACEMENT_3D('',#8337,#6653,#6654);
#5652=AXIS2_PLACEMENT_3D('',#8340,#6655,#6656);
#5653=AXIS2_PLACEMENT_3D('',#8344,#6658,#6659);
#5654=AXIS2_PLACEMENT_3D('',#8346,#6661,#6662);
#5655=AXIS2_PLACEMENT_3D('',#8352,#6666,#6667);
#5656=AXIS2_PLACEMENT_3D('',#8354,#6668,#6669);
#5657=AXIS2_PLACEMENT_3D('',#8356,#6670,#6671);
#5658=AXIS2_PLACEMENT_3D('',#8358,#6673,#6674);
#5659=AXIS2_PLACEMENT_3D('',#8361,#6675,#6676);
#5660=AXIS2_PLACEMENT_3D('',#8365,#6678,#6679);
#5661=AXIS2_PLACEMENT_3D('',#8367,#6681,#6682);
#5662=AXIS2_PLACEMENT_3D('',#8373,#6686,#6687);
#5663=AXIS2_PLACEMENT_3D('',#8375,#6688,#6689);
#5664=AXIS2_PLACEMENT_3D('',#8378,#6691,#6692);
#5665=AXIS2_PLACEMENT_3D('',#8379,#6693,#6694);
#5666=AXIS2_PLACEMENT_3D('',#8382,#6697,#6698);
#5667=AXIS2_PLACEMENT_3D('',#8385,#6699,#6700);
#5668=AXIS2_PLACEMENT_3D('',#8389,#6702,#6703);
#5669=AXIS2_PLACEMENT_3D('',#8391,#6705,#6706);
#5670=AXIS2_PLACEMENT_3D('',#8397,#6710,#6711);
#5671=AXIS2_PLACEMENT_3D('',#8400,#6712,#6713);
#5672=AXIS2_PLACEMENT_3D('',#8404,#6715,#6716);
#5673=AXIS2_PLACEMENT_3D('',#8406,#6718,#6719);
#5674=AXIS2_PLACEMENT_3D('',#8412,#6723,#6724);
#5675=AXIS2_PLACEMENT_3D('',#8414,#6725,#6726);
#5676=AXIS2_PLACEMENT_3D('',#8416,#6727,#6728);
#5677=AXIS2_PLACEMENT_3D('',#8418,#6730,#6731);
#5678=AXIS2_PLACEMENT_3D('',#8421,#6732,#6733);
#5679=AXIS2_PLACEMENT_3D('',#8425,#6735,#6736);
#5680=AXIS2_PLACEMENT_3D('',#8427,#6738,#6739);
#5681=AXIS2_PLACEMENT_3D('',#8444,#6750,#6751);
#5682=AXIS2_PLACEMENT_3D('',#8448,#6753,#6754);
#5683=AXIS2_PLACEMENT_3D('',#8452,#6756,#6757);
#5684=AXIS2_PLACEMENT_3D('',#8456,#6759,#6760);
#5685=AXIS2_PLACEMENT_3D('',#8460,#6762,#6763);
#5686=AXIS2_PLACEMENT_3D('',#8464,#6765,#6766);
#5687=AXIS2_PLACEMENT_3D('',#8468,#6768,#6769);
#5688=AXIS2_PLACEMENT_3D('',#8471,#6771,#6772);
#5689=AXIS2_PLACEMENT_3D('',#8483,#6781,#6782);
#5690=AXIS2_PLACEMENT_3D('',#8487,#6784,#6785);
#5691=AXIS2_PLACEMENT_3D('',#8491,#6787,#6788);
#5692=AXIS2_PLACEMENT_3D('',#8495,#6790,#6791);
#5693=AXIS2_PLACEMENT_3D('',#8499,#6793,#6794);
#5694=AXIS2_PLACEMENT_3D('',#8503,#6796,#6797);
#5695=AXIS2_PLACEMENT_3D('',#8507,#6799,#6800);
#5696=AXIS2_PLACEMENT_3D('',#8510,#6802,#6803);
#5697=AXIS2_PLACEMENT_3D('',#8521,#6812,#6813);
#5698=AXIS2_PLACEMENT_3D('',#8526,#6816,#6817);
#5699=AXIS2_PLACEMENT_3D('',#8530,#6819,#6820);
#5700=AXIS2_PLACEMENT_3D('',#8534,#6822,#6823);
#5701=AXIS2_PLACEMENT_3D('',#8537,#6825,#6826);
#5702=AXIS2_PLACEMENT_3D('',#8540,#6828,#6829);
#5703=AXIS2_PLACEMENT_3D('',#8542,#6830,#6831);
#5704=AXIS2_PLACEMENT_3D('',#8544,#6832,#6833);
#5705=AXIS2_PLACEMENT_3D('',#8546,#6834,#6835);
#5706=AXIS2_PLACEMENT_3D('',#8548,#6836,#6837);
#5707=AXIS2_PLACEMENT_3D('',#8550,#6838,#6839);
#5708=AXIS2_PLACEMENT_3D('',#8552,#6840,#6841);
#5709=AXIS2_PLACEMENT_3D('',#8554,#6842,#6843);
#5710=AXIS2_PLACEMENT_3D('',#8556,#6844,#6845);
#5711=AXIS2_PLACEMENT_3D('',#8558,#6846,#6847);
#5712=AXIS2_PLACEMENT_3D('',#8560,#6848,#6849);
#5713=AXIS2_PLACEMENT_3D('',#8562,#6850,#6851);
#5714=AXIS2_PLACEMENT_3D('',#8564,#6852,#6853);
#5715=AXIS2_PLACEMENT_3D('',#8566,#6854,#6855);
#5716=AXIS2_PLACEMENT_3D('',#8568,#6856,#6857);
#5717=AXIS2_PLACEMENT_3D('',#8570,#6858,#6859);
#5718=AXIS2_PLACEMENT_3D('',#8572,#6860,#6861);
#5719=AXIS2_PLACEMENT_3D('',#8574,#6862,#6863);
#5720=AXIS2_PLACEMENT_3D('',#8576,#6864,#6865);
#5721=AXIS2_PLACEMENT_3D('',#8578,#6866,#6867);
#5722=AXIS2_PLACEMENT_3D('',#8580,#6868,#6869);
#5723=AXIS2_PLACEMENT_3D('',#8582,#6870,#6871);
#5724=AXIS2_PLACEMENT_3D('',#8584,#6872,#6873);
#5725=AXIS2_PLACEMENT_3D('',#8586,#6874,#6875);
#5726=AXIS2_PLACEMENT_3D('',#8588,#6876,#6877);
#5727=AXIS2_PLACEMENT_3D('',#8590,#6878,#6879);
#5728=AXIS2_PLACEMENT_3D('',#8592,#6880,#6881);
#5729=AXIS2_PLACEMENT_3D('',#8594,#6882,#6883);
#5730=AXIS2_PLACEMENT_3D('',#8596,#6884,#6885);
#5731=AXIS2_PLACEMENT_3D('',#8598,#6886,#6887);
#5732=AXIS2_PLACEMENT_3D('',#8600,#6888,#6889);
#5733=AXIS2_PLACEMENT_3D('',#8602,#6890,#6891);
#5734=AXIS2_PLACEMENT_3D('',#8604,#6892,#6893);
#5735=AXIS2_PLACEMENT_3D('',#8606,#6894,#6895);
#5736=AXIS2_PLACEMENT_3D('',#8608,#6896,#6897);
#5737=AXIS2_PLACEMENT_3D('',#8610,#6898,#6899);
#5738=AXIS2_PLACEMENT_3D('',#8612,#6900,#6901);
#5739=AXIS2_PLACEMENT_3D('',#8614,#6902,#6903);
#5740=AXIS2_PLACEMENT_3D('',#8616,#6904,#6905);
#5741=AXIS2_PLACEMENT_3D('',#8618,#6906,#6907);
#5742=AXIS2_PLACEMENT_3D('',#8620,#6908,#6909);
#5743=AXIS2_PLACEMENT_3D('',#8622,#6910,#6911);
#5744=AXIS2_PLACEMENT_3D('',#8624,#6912,#6913);
#5745=AXIS2_PLACEMENT_3D('',#8626,#6914,#6915);
#5746=AXIS2_PLACEMENT_3D('',#8627,#6916,#6917);
#5747=AXIS2_PLACEMENT_3D('',#8631,#6920,#6921);
#5748=AXIS2_PLACEMENT_3D('',#8633,#6922,#6923);
#5749=AXIS2_PLACEMENT_3D('',#8635,#6925,#6926);
#5750=AXIS2_PLACEMENT_3D('',#8639,#6928,#6929);
#5751=AXIS2_PLACEMENT_3D('',#8641,#6931,#6932);
#5752=AXIS2_PLACEMENT_3D('',#8645,#6935,#6936);
#5753=AXIS2_PLACEMENT_3D('',#8647,#6937,#6938);
#5754=AXIS2_PLACEMENT_3D('',#8649,#6940,#6941);
#5755=AXIS2_PLACEMENT_3D('',#8652,#6942,#6943);
#5756=AXIS2_PLACEMENT_3D('',#8655,#6946,#6947);
#5757=AXIS2_PLACEMENT_3D('',#8659,#6950,#6951);
#5758=AXIS2_PLACEMENT_3D('',#8660,#6952,#6953);
#5759=AXIS2_PLACEMENT_3D('',#8661,#6954,#6955);
#5760=AXIS2_PLACEMENT_3D('',#8665,#6957,#6958);
#5761=AXIS2_PLACEMENT_3D('',#8667,#6960,#6961);
#5762=AXIS2_PLACEMENT_3D('',#8671,#6964,#6965);
#5763=AXIS2_PLACEMENT_3D('',#8674,#6966,#6967);
#5764=AXIS2_PLACEMENT_3D('',#8677,#6970,#6971);
#5765=AXIS2_PLACEMENT_3D('',#8681,#6974,#6975);
#5766=AXIS2_PLACEMENT_3D('',#8683,#6976,#6977);
#5767=AXIS2_PLACEMENT_3D('',#8685,#6979,#6980);
#5768=AXIS2_PLACEMENT_3D('',#8687,#6981,#6982);
#5769=AXIS2_PLACEMENT_3D('',#8689,#6984,#6985);
#5770=AXIS2_PLACEMENT_3D('',#8692,#6986,#6987);
#5771=AXIS2_PLACEMENT_3D('',#8695,#6990,#6991);
#5772=AXIS2_PLACEMENT_3D('',#8699,#6994,#6995);
#5773=AXIS2_PLACEMENT_3D('',#8701,#6996,#6997);
#5774=AXIS2_PLACEMENT_3D('',#8703,#6999,#7000);
#5775=AXIS2_PLACEMENT_3D('',#8706,#7001,#7002);
#5776=AXIS2_PLACEMENT_3D('',#8709,#7005,#7006);
#5777=AXIS2_PLACEMENT_3D('',#8713,#7009,#7010);
#5778=AXIS2_PLACEMENT_3D('',#8715,#7011,#7012);
#5779=AXIS2_PLACEMENT_3D('',#8717,#7014,#7015);
#5780=AXIS2_PLACEMENT_3D('',#8720,#7016,#7017);
#5781=AXIS2_PLACEMENT_3D('',#8723,#7020,#7021);
#5782=AXIS2_PLACEMENT_3D('',#8727,#7024,#7025);
#5783=AXIS2_PLACEMENT_3D('',#8729,#7026,#7027);
#5784=AXIS2_PLACEMENT_3D('',#8731,#7029,#7030);
#5785=AXIS2_PLACEMENT_3D('',#8734,#7031,#7032);
#5786=AXIS2_PLACEMENT_3D('',#8737,#7035,#7036);
#5787=AXIS2_PLACEMENT_3D('',#8741,#7039,#7040);
#5788=AXIS2_PLACEMENT_3D('',#8743,#7041,#7042);
#5789=AXIS2_PLACEMENT_3D('',#8745,#7044,#7045);
#5790=AXIS2_PLACEMENT_3D('',#8748,#7046,#7047);
#5791=AXIS2_PLACEMENT_3D('',#8751,#7050,#7051);
#5792=AXIS2_PLACEMENT_3D('',#8755,#7054,#7055);
#5793=AXIS2_PLACEMENT_3D('',#8757,#7056,#7057);
#5794=AXIS2_PLACEMENT_3D('',#8759,#7059,#7060);
#5795=AXIS2_PLACEMENT_3D('',#8762,#7061,#7062);
#5796=AXIS2_PLACEMENT_3D('',#8765,#7065,#7066);
#5797=AXIS2_PLACEMENT_3D('',#8769,#7069,#7070);
#5798=AXIS2_PLACEMENT_3D('',#8771,#7071,#7072);
#5799=AXIS2_PLACEMENT_3D('',#8773,#7074,#7075);
#5800=AXIS2_PLACEMENT_3D('',#8775,#7076,#7077);
#5801=AXIS2_PLACEMENT_3D('',#8778,#7079,#7080);
#5802=AXIS2_PLACEMENT_3D('',#8780,#7081,#7082);
#5803=AXIS2_PLACEMENT_3D('',#8783,#7084,#7085);
#5804=AXIS2_PLACEMENT_3D('',#8784,#7086,#7087);
#5805=AXIS2_PLACEMENT_3D('',#8786,#7088,#7089);
#5806=AXIS2_PLACEMENT_3D('',#8789,#7091,#7092);
#5807=AXIS2_PLACEMENT_3D('',#8791,#7093,#7094);
#5808=AXIS2_PLACEMENT_3D('',#8794,#7096,#7097);
#5809=AXIS2_PLACEMENT_3D('',#8795,#7098,#7099);
#5810=AXIS2_PLACEMENT_3D('',#8797,#7100,#7101);
#5811=AXIS2_PLACEMENT_3D('',#8800,#7103,#7104);
#5812=AXIS2_PLACEMENT_3D('',#8802,#7105,#7106);
#5813=AXIS2_PLACEMENT_3D('',#8805,#7108,#7109);
#5814=AXIS2_PLACEMENT_3D('',#8806,#7110,#7111);
#5815=AXIS2_PLACEMENT_3D('',#8810,#7113,#7114);
#5816=AXIS2_PLACEMENT_3D('',#8812,#7116,#7117);
#5817=AXIS2_PLACEMENT_3D('',#8815,#7120,#7121);
#5818=AXIS2_PLACEMENT_3D('',#8818,#7124,#7125);
#5819=AXIS2_PLACEMENT_3D('',#8822,#7127,#7128);
#5820=AXIS2_PLACEMENT_3D('',#8824,#7130,#7131);
#5821=AXIS2_PLACEMENT_3D('',#8827,#7133,#7134);
#5822=AXIS2_PLACEMENT_3D('',#8829,#7136,#7137);
#5823=AXIS2_PLACEMENT_3D('',#8833,#7140,#7141);
#5824=AXIS2_PLACEMENT_3D('',#8835,#7143,#7144);
#5825=AXIS2_PLACEMENT_3D('',#8837,#7146,#7147);
#5826=AXIS2_PLACEMENT_3D('',#8841,#7150,#7151);
#5827=AXIS2_PLACEMENT_3D('',#8845,#7154,#7155);
#5828=AXIS2_PLACEMENT_3D('',#8847,#7156,#7157);
#5829=AXIS2_PLACEMENT_3D('',#8850,#7159,#7160);
#5830=AXIS2_PLACEMENT_3D('',#8851,#7161,#7162);
#5831=AXIS2_PLACEMENT_3D('',#8852,#7163,#7164);
#5832=AXIS2_PLACEMENT_3D('',#8858,#7168,#7169);
#5833=AXIS2_PLACEMENT_3D('',#8861,#7172,#7173);
#5834=AXIS2_PLACEMENT_3D('',#8864,#7176,#7177);
#5835=AXIS2_PLACEMENT_3D('',#8870,#7181,#7182);
#5836=AXIS2_PLACEMENT_3D('',#8873,#7185,#7186);
#5837=AXIS2_PLACEMENT_3D('',#8874,#7187,#7188);
#5838=AXIS2_PLACEMENT_3D('',#8875,#7189,#7190);
#5839=AXIS2_PLACEMENT_3D('',#8876,#7191,#7192);
#5840=AXIS2_PLACEMENT_3D('',#8877,#7193,#7194);
#5841=AXIS2_PLACEMENT_3D('',#8878,#7195,#7196);
#5842=AXIS2_PLACEMENT_3D('',#8879,#7197,#7198);
#5843=AXIS2_PLACEMENT_3D('',#8880,#7199,#7200);
#5844=AXIS2_PLACEMENT_3D('',#8920,#7236,#7237);
#5845=AXIS2_PLACEMENT_3D('',#8922,#7238,#7239);
#5846=AXIS2_PLACEMENT_3D('',#8924,#7240,#7241);
#5847=AXIS2_PLACEMENT_3D('',#8926,#7242,#7243);
#5848=AXIS2_PLACEMENT_3D('',#8928,#7244,#7245);
#5849=AXIS2_PLACEMENT_3D('',#8930,#7246,#7247);
#5850=AXIS2_PLACEMENT_3D('',#8932,#7248,#7249);
#5851=AXIS2_PLACEMENT_3D('',#8934,#7250,#7251);
#5852=AXIS2_PLACEMENT_3D('',#8936,#7252,#7253);
#5853=AXIS2_PLACEMENT_3D('',#8938,#7254,#7255);
#5854=AXIS2_PLACEMENT_3D('',#8940,#7256,#7257);
#5855=AXIS2_PLACEMENT_3D('',#8942,#7258,#7259);
#5856=AXIS2_PLACEMENT_3D('',#8944,#7260,#7261);
#5857=AXIS2_PLACEMENT_3D('',#8946,#7262,#7263);
#5858=AXIS2_PLACEMENT_3D('',#8948,#7264,#7265);
#5859=AXIS2_PLACEMENT_3D('',#8950,#7266,#7267);
#5860=AXIS2_PLACEMENT_3D('',#8952,#7268,#7269);
#5861=AXIS2_PLACEMENT_3D('',#8954,#7270,#7271);
#5862=AXIS2_PLACEMENT_3D('',#8956,#7272,#7273);
#5863=AXIS2_PLACEMENT_3D('',#8958,#7274,#7275);
#5864=AXIS2_PLACEMENT_3D('',#8960,#7276,#7277);
#5865=AXIS2_PLACEMENT_3D('',#8962,#7278,#7279);
#5866=AXIS2_PLACEMENT_3D('',#8964,#7280,#7281);
#5867=AXIS2_PLACEMENT_3D('',#8966,#7282,#7283);
#5868=AXIS2_PLACEMENT_3D('',#8968,#7284,#7285);
#5869=AXIS2_PLACEMENT_3D('',#8970,#7286,#7287);
#5870=AXIS2_PLACEMENT_3D('',#8972,#7288,#7289);
#5871=AXIS2_PLACEMENT_3D('',#8974,#7290,#7291);
#5872=AXIS2_PLACEMENT_3D('',#8976,#7292,#7293);
#5873=AXIS2_PLACEMENT_3D('',#8978,#7294,#7295);
#5874=AXIS2_PLACEMENT_3D('',#8980,#7296,#7297);
#5875=AXIS2_PLACEMENT_3D('',#8982,#7298,#7299);
#5876=AXIS2_PLACEMENT_3D('',#8984,#7300,#7301);
#5877=AXIS2_PLACEMENT_3D('',#8986,#7302,#7303);
#5878=AXIS2_PLACEMENT_3D('',#8988,#7304,#7305);
#5879=AXIS2_PLACEMENT_3D('',#8990,#7306,#7307);
#5880=AXIS2_PLACEMENT_3D('',#8992,#7308,#7309);
#5881=AXIS2_PLACEMENT_3D('',#8994,#7310,#7311);
#5882=AXIS2_PLACEMENT_3D('',#8996,#7312,#7313);
#5883=AXIS2_PLACEMENT_3D('',#8998,#7314,#7315);
#5884=AXIS2_PLACEMENT_3D('',#9000,#7316,#7317);
#5885=AXIS2_PLACEMENT_3D('',#9002,#7318,#7319);
#5886=AXIS2_PLACEMENT_3D('',#9004,#7320,#7321);
#5887=AXIS2_PLACEMENT_3D('',#9006,#7322,#7323);
#5888=AXIS2_PLACEMENT_3D('',#9007,#7324,#7325);
#5889=AXIS2_PLACEMENT_3D('',#9008,#7326,#7327);
#5890=AXIS2_PLACEMENT_3D('',#9009,#7328,#7329);
#5891=AXIS2_PLACEMENT_3D('',#9010,#7330,#7331);
#5892=AXIS2_PLACEMENT_3D('',#9011,#7332,#7333);
#5893=AXIS2_PLACEMENT_3D('',#9012,#7334,#7335);
#5894=AXIS2_PLACEMENT_3D('',#9013,#7336,#7337);
#5895=AXIS2_PLACEMENT_3D('',#9014,#7338,#7339);
#5896=AXIS2_PLACEMENT_3D('',#9015,#7340,#7341);
#5897=AXIS2_PLACEMENT_3D('',#9016,#7342,#7343);
#5898=AXIS2_PLACEMENT_3D('',#9017,#7344,#7345);
#5899=AXIS2_PLACEMENT_3D('',#9019,#7346,#7347);
#5900=AXIS2_PLACEMENT_3D('',#9021,#7349,#7350);
#5901=AXIS2_PLACEMENT_3D('',#9023,#7351,#7352);
#5902=AXIS2_PLACEMENT_3D('',#9025,#7354,#7355);
#5903=AXIS2_PLACEMENT_3D('',#9027,#7356,#7357);
#5904=AXIS2_PLACEMENT_3D('',#9029,#7359,#7360);
#5905=AXIS2_PLACEMENT_3D('',#9031,#7361,#7362);
#5906=AXIS2_PLACEMENT_3D('',#9033,#7364,#7365);
#5907=AXIS2_PLACEMENT_3D('',#9035,#7366,#7367);
#5908=AXIS2_PLACEMENT_3D('',#9037,#7369,#7370);
#5909=AXIS2_PLACEMENT_3D('',#9040,#7373,#7374);
#5910=AXIS2_PLACEMENT_3D('',#9043,#7377,#7378);
#5911=AXIS2_PLACEMENT_3D('',#9045,#7380,#7381);
#5912=AXIS2_PLACEMENT_3D('',#9047,#7383,#7384);
#5913=AXIS2_PLACEMENT_3D('',#9048,#7385,#7386);
#5914=AXIS2_PLACEMENT_3D('',#9049,#7387,#7388);
#5915=AXIS2_PLACEMENT_3D('',#9050,#7389,#7390);
#5916=AXIS2_PLACEMENT_3D('',#9052,#7392,#7393);
#5917=AXIS2_PLACEMENT_3D('',#9054,#7395,#7396);
#5918=AXIS2_PLACEMENT_3D('',#9055,#7397,#7398);
#5919=AXIS2_PLACEMENT_3D('',#9057,#7400,#7401);
#5920=AXIS2_PLACEMENT_3D('',#9058,#7402,#7403);
#5921=AXIS2_PLACEMENT_3D('',#9059,#7404,#7405);
#5922=AXIS2_PLACEMENT_3D('',#9061,#7406,#7407);
#5923=AXIS2_PLACEMENT_3D('',#9063,#7409,#7410);
#5924=AXIS2_PLACEMENT_3D('',#9065,#7411,#7412);
#5925=AXIS2_PLACEMENT_3D('',#9067,#7414,#7415);
#5926=AXIS2_PLACEMENT_3D('',#9069,#7416,#7417);
#5927=AXIS2_PLACEMENT_3D('',#9071,#7419,#7420);
#5928=AXIS2_PLACEMENT_3D('',#9073,#7421,#7422);
#5929=AXIS2_PLACEMENT_3D('',#9075,#7424,#7425);
#5930=AXIS2_PLACEMENT_3D('',#9077,#7426,#7427);
#5931=AXIS2_PLACEMENT_3D('',#9079,#7429,#7430);
#5932=AXIS2_PLACEMENT_3D('',#9081,#7431,#7432);
#5933=AXIS2_PLACEMENT_3D('',#9083,#7434,#7435);
#5934=AXIS2_PLACEMENT_3D('',#9086,#7437,#7438);
#5935=AXIS2_PLACEMENT_3D('',#9087,#7439,#7440);
#5936=AXIS2_PLACEMENT_3D('',#9090,#7443,#7444);
#5937=AXIS2_PLACEMENT_3D('',#9092,#7446,#7447);
#5938=AXIS2_PLACEMENT_3D('',#9093,#7448,#7449);
#5939=AXIS2_PLACEMENT_3D('',#9094,#7450,#7451);
#5940=AXIS2_PLACEMENT_3D('',#9095,#7452,#7453);
#5941=AXIS2_PLACEMENT_3D('',#9097,#7455,#7456);
#5942=AXIS2_PLACEMENT_3D('',#9098,#7457,#7458);
#5943=AXIS2_PLACEMENT_3D('',#9099,#7459,#7460);
#5944=AXIS2_PLACEMENT_3D('',#9100,#7461,#7462);
#5945=AXIS2_PLACEMENT_3D('',#9102,#7464,#7465);
#5946=AXIS2_PLACEMENT_3D('',#9103,#7466,#7467);
#5947=AXIS2_PLACEMENT_3D('',#9104,#7468,#7469);
#5948=AXIS2_PLACEMENT_3D('',#9106,#7471,#7472);
#5949=AXIS2_PLACEMENT_3D('',#9107,#7473,#7474);
#5950=AXIS2_PLACEMENT_3D('',#9108,#7475,#7476);
#5951=AXIS2_PLACEMENT_3D('',#9109,#7477,#7478);
#5952=AXIS2_PLACEMENT_3D('',#9110,#7479,#7480);
#5953=AXIS2_PLACEMENT_3D('',#9112,#7482,#7483);
#5954=AXIS2_PLACEMENT_3D('',#9114,#7485,#7486);
#5955=AXIS2_PLACEMENT_3D('',#9116,#7488,#7489);
#5956=AXIS2_PLACEMENT_3D('',#9118,#7491,#7492);
#5957=AXIS2_PLACEMENT_3D('',#9120,#7494,#7495);
#5958=AXIS2_PLACEMENT_3D('',#9122,#7497,#7498);
#5959=AXIS2_PLACEMENT_3D('',#9124,#7500,#7501);
#5960=AXIS2_PLACEMENT_3D('',#9126,#7503,#7504);
#5961=AXIS2_PLACEMENT_3D('',#9128,#7506,#7507);
#5962=AXIS2_PLACEMENT_3D('',#9130,#7509,#7510);
#5963=AXIS2_PLACEMENT_3D('',#9132,#7512,#7513);
#5964=AXIS2_PLACEMENT_3D('',#9134,#7515,#7516);
#5965=AXIS2_PLACEMENT_3D('',#9136,#7518,#7519);
#5966=AXIS2_PLACEMENT_3D('',#9138,#7521,#7522);
#5967=AXIS2_PLACEMENT_3D('',#9140,#7524,#7525);
#5968=AXIS2_PLACEMENT_3D('',#9142,#7527,#7528);
#5969=AXIS2_PLACEMENT_3D('',#9144,#7530,#7531);
#5970=AXIS2_PLACEMENT_3D('',#9146,#7533,#7534);
#5971=AXIS2_PLACEMENT_3D('',#9148,#7536,#7537);
#5972=AXIS2_PLACEMENT_3D('',#9150,#7539,#7540);
#5973=AXIS2_PLACEMENT_3D('',#9152,#7542,#7543);
#5974=AXIS2_PLACEMENT_3D('',#9154,#7545,#7546);
#5975=AXIS2_PLACEMENT_3D('',#9156,#7548,#7549);
#5976=AXIS2_PLACEMENT_3D('',#9158,#7551,#7552);
#5977=AXIS2_PLACEMENT_3D('',#9160,#7554,#7555);
#5978=AXIS2_PLACEMENT_3D('',#9162,#7557,#7558);
#5979=AXIS2_PLACEMENT_3D('',#9164,#7560,#7561);
#5980=AXIS2_PLACEMENT_3D('',#9166,#7563,#7564);
#5981=AXIS2_PLACEMENT_3D('',#9168,#7566,#7567);
#5982=AXIS2_PLACEMENT_3D('',#9170,#7569,#7570);
#5983=AXIS2_PLACEMENT_3D('',#9172,#7572,#7573);
#5984=AXIS2_PLACEMENT_3D('',#9174,#7575,#7576);
#5985=AXIS2_PLACEMENT_3D('',#9176,#7578,#7579);
#5986=AXIS2_PLACEMENT_3D('',#9178,#7581,#7582);
#5987=AXIS2_PLACEMENT_3D('',#9180,#7584,#7585);
#5988=AXIS2_PLACEMENT_3D('',#9182,#7587,#7588);
#5989=AXIS2_PLACEMENT_3D('',#9184,#7590,#7591);
#5990=AXIS2_PLACEMENT_3D('',#9186,#7593,#7594);
#5991=AXIS2_PLACEMENT_3D('',#9188,#7596,#7597);
#5992=AXIS2_PLACEMENT_3D('',#9190,#7599,#7600);
#5993=AXIS2_PLACEMENT_3D('',#9192,#7602,#7603);
#5994=AXIS2_PLACEMENT_3D('',#9194,#7605,#7606);
#5995=AXIS2_PLACEMENT_3D('',#9196,#7608,#7609);
#5996=AXIS2_PLACEMENT_3D('',#9198,#7611,#7612);
#5997=AXIS2_PLACEMENT_3D('',#9199,#7613,#7614);
#5998=AXIS2_PLACEMENT_3D('',#9200,#7615,#7616);
#5999=AXIS2_PLACEMENT_3D('',#9201,#7617,#7618);
#6000=AXIS2_PLACEMENT_3D('',#9202,#7619,#7620);
#6001=AXIS2_PLACEMENT_3D('',#9203,#7621,#7622);
#6002=AXIS2_PLACEMENT_3D('',#9204,#7623,#7624);
#6003=AXIS2_PLACEMENT_3D('',#9205,#7625,#7626);
#6004=AXIS2_PLACEMENT_3D('',#9206,#7627,#7628);
#6005=AXIS2_PLACEMENT_3D('',#9207,#7629,#7630);
#6006=AXIS2_PLACEMENT_3D('',#9208,#7631,#7632);
#6007=AXIS2_PLACEMENT_3D('',#9209,#7633,#7634);
#6008=AXIS2_PLACEMENT_3D('',#9210,#7635,#7636);
#6009=AXIS2_PLACEMENT_3D('',#9211,#7637,#7638);
#6010=AXIS2_PLACEMENT_3D('',#9212,#7639,#7640);
#6011=AXIS2_PLACEMENT_3D('',#9213,#7641,#7642);
#6012=AXIS2_PLACEMENT_3D('',#9214,#7643,#7644);
#6013=AXIS2_PLACEMENT_3D('',#9215,#7645,#7646);
#6014=AXIS2_PLACEMENT_3D('',#9216,#7647,#7648);
#6015=AXIS2_PLACEMENT_3D('',#9217,#7649,#7650);
#6016=AXIS2_PLACEMENT_3D('',#9218,#7651,#7652);
#6017=AXIS2_PLACEMENT_3D('',#9219,#7653,#7654);
#6018=AXIS2_PLACEMENT_3D('',#9220,#7655,#7656);
#6019=AXIS2_PLACEMENT_3D('',#9221,#7657,#7658);
#6020=AXIS2_PLACEMENT_3D('',#9222,#7659,#7660);
#6021=AXIS2_PLACEMENT_3D('',#9223,#7661,#7662);
#6022=DIRECTION('axis',(0.,0.,1.));
#6023=DIRECTION('refdir',(1.,0.,0.));
#6024=DIRECTION('center_axis',(0.,0.,-1.));
#6025=DIRECTION('ref_axis',(-1.,0.,0.));
#6026=DIRECTION('',(0.,0.,1.));
#6027=DIRECTION('center_axis',(0.,0.,1.));
#6028=DIRECTION('ref_axis',(-1.,0.,0.));
#6029=DIRECTION('',(0.,0.,-1.));
#6030=DIRECTION('center_axis',(0.,0.,-1.));
#6031=DIRECTION('ref_axis',(-1.,0.,0.));
#6032=DIRECTION('center_axis',(-1.,0.,0.));
#6033=DIRECTION('ref_axis',(0.,-1.,0.));
#6034=DIRECTION('',(0.,1.,0.));
#6035=DIRECTION('',(0.,0.,1.));
#6036=DIRECTION('',(0.,-1.,0.));
#6037=DIRECTION('center_axis',(0.,0.,-1.));
#6038=DIRECTION('ref_axis',(0.,1.,0.));
#6039=DIRECTION('center_axis',(0.,0.,-1.));
#6040=DIRECTION('ref_axis',(0.,1.,0.));
#6041=DIRECTION('',(0.,0.,1.));
#6042=DIRECTION('center_axis',(0.,0.,1.));
#6043=DIRECTION('ref_axis',(0.,1.,0.));
#6044=DIRECTION('',(0.,0.,-1.));
#6045=DIRECTION('center_axis',(0.,-1.,0.));
#6046=DIRECTION('ref_axis',(0.,0.,-1.));
#6047=DIRECTION('center_axis',(0.,1.,0.));
#6048=DIRECTION('ref_axis',(-1.,0.,-1.66533453693775E-15));
#6049=DIRECTION('',(-1.,0.,-1.71512449944288E-15));
#6050=DIRECTION('center_axis',(0.,1.,0.));
#6051=DIRECTION('ref_axis',(-1.,0.,-1.85037170770861E-15));
#6052=DIRECTION('center_axis',(8.71576399210527E-33,0.707106781186549,0.707106781186546));
#6053=DIRECTION('ref_axis',(-0.707106781186552,0.499999999999995,-0.499999999999998));
#6054=DIRECTION('center_axis',(0.,-0.707106781186553,-0.707106781186542));
#6055=DIRECTION('ref_axis',(-0.707106781186552,0.499999999999995,-0.499999999999998));
#6056=DIRECTION('',(8.71576399210527E-33,0.707106781186549,0.707106781186546));
#6057=DIRECTION('center_axis',(0.,0.707106781186553,0.707106781186542));
#6058=DIRECTION('ref_axis',(-0.707106781186552,0.499999999999995,-0.499999999999998));
#6059=DIRECTION('',(-8.71576399210527E-33,-0.707106781186549,-0.707106781186546));
#6060=DIRECTION('center_axis',(0.,0.707106781186546,-0.707106781186549));
#6061=DIRECTION('ref_axis',(-1.,0.,0.));
#6062=DIRECTION('',(-1.,0.,0.));
#6063=DIRECTION('',(-8.71576399210527E-33,-0.707106781186549,-0.707106781186546));
#6064=DIRECTION('',(1.,0.,0.));
#6065=DIRECTION('center_axis',(0.,0.,-1.));
#6066=DIRECTION('ref_axis',(-0.707106781186535,0.70710678118656,0.));
#6067=DIRECTION('center_axis',(0.,0.,1.));
#6068=DIRECTION('ref_axis',(-0.707106781186535,0.70710678118656,0.));
#6069=DIRECTION('',(0.,0.,-1.));
#6070=DIRECTION('center_axis',(0.,0.,-1.));
#6071=DIRECTION('ref_axis',(-0.707106781186535,0.70710678118656,0.));
#6072=DIRECTION('',(0.,0.,1.));
#6073=DIRECTION('center_axis',(-1.,1.23259516440783E-32,0.));
#6074=DIRECTION('ref_axis',(1.23259516440783E-32,1.,-1.82314900718588E-63));
#6075=DIRECTION('center_axis',(1.,-7.39557098644702E-32,-7.39557098644699E-32));
#6076=DIRECTION('ref_axis',(0.,-0.707106781186546,0.707106781186549));
#6077=DIRECTION('',(-8.71576399210527E-33,-0.707106781186549,-0.707106781186546));
#6078=DIRECTION('center_axis',(1.,-1.23259516440783E-32,0.));
#6079=DIRECTION('ref_axis',(0.,0.,1.));
#6080=DIRECTION('center_axis',(-1.,1.23259516440783E-32,0.));
#6081=DIRECTION('ref_axis',(0.,0.,1.));
#6082=DIRECTION('',(8.71576399210527E-33,0.707106781186549,0.707106781186546));
#6083=DIRECTION('center_axis',(-1.,7.39557098644702E-32,7.39557098644699E-32));
#6084=DIRECTION('ref_axis',(0.,-0.707106781186546,0.707106781186549));
#6085=DIRECTION('center_axis',(0.,0.,-1.));
#6086=DIRECTION('ref_axis',(0.707106781186548,0.707106781186548,0.));
#6087=DIRECTION('center_axis',(0.,0.,1.));
#6088=DIRECTION('ref_axis',(0.707106781186548,0.707106781186548,0.));
#6089=DIRECTION('',(0.,0.,-1.));
#6090=DIRECTION('center_axis',(0.,0.,-1.));
#6091=DIRECTION('ref_axis',(0.707106781186548,0.707106781186548,0.));
#6092=DIRECTION('',(0.,0.,1.));
#6093=DIRECTION('center_axis',(1.23259516440783E-32,1.,0.));
#6094=DIRECTION('ref_axis',(1.,-1.23259516440783E-32,-1.23259516440783E-32));
#6095=DIRECTION('',(-1.,1.23259516440783E-32,0.));
#6096=DIRECTION('',(1.,-1.23259516440783E-32,0.));
#6097=DIRECTION('center_axis',(-8.71576399210527E-33,-0.707106781186549,
-0.707106781186546));
#6098=DIRECTION('ref_axis',(0.707106781186553,0.499999999999996,-0.499999999999997));
#6099=DIRECTION('center_axis',(0.,0.707106781186553,0.707106781186542));
#6100=DIRECTION('ref_axis',(0.707106781186553,0.499999999999996,-0.499999999999997));
#6101=DIRECTION('center_axis',(0.,-0.707106781186553,-0.707106781186542));
#6102=DIRECTION('ref_axis',(0.707106781186553,0.499999999999996,-0.499999999999997));
#6103=DIRECTION('',(8.71576399210527E-33,0.707106781186549,0.707106781186546));
#6104=DIRECTION('center_axis',(0.,0.,-1.));
#6105=DIRECTION('ref_axis',(0.707106781186541,0.707106781186554,0.));
#6106=DIRECTION('center_axis',(0.,0.,1.));
#6107=DIRECTION('ref_axis',(0.707106781186541,0.707106781186554,0.));
#6108=DIRECTION('',(0.,0.,-1.));
#6109=DIRECTION('center_axis',(0.,0.,-1.));
#6110=DIRECTION('ref_axis',(0.707106781186541,0.707106781186554,0.));
#6111=DIRECTION('',(0.,0.,1.));
#6112=DIRECTION('center_axis',(1.23259516440783E-32,1.,0.));
#6113=DIRECTION('ref_axis',(1.,-1.23259516440783E-32,-1.23259516440783E-32));
#6114=DIRECTION('',(1.,-1.23259516440783E-32,0.));
#6115=DIRECTION('',(0.,0.,1.));
#6116=DIRECTION('',(-1.,1.23259516440783E-32,0.));
#6117=DIRECTION('center_axis',(-8.71576399210527E-33,-0.707106781186549,
-0.707106781186546));
#6118=DIRECTION('ref_axis',(0.70710678118655,0.499999999999998,-0.499999999999999));
#6119=DIRECTION('center_axis',(0.,0.707106781186553,0.707106781186542));
#6120=DIRECTION('ref_axis',(0.70710678118655,0.499999999999998,-0.499999999999999));
#6121=DIRECTION('',(-8.71576399210527E-33,-0.707106781186549,-0.707106781186546));
#6122=DIRECTION('center_axis',(0.,-0.707106781186553,-0.707106781186542));
#6123=DIRECTION('ref_axis',(0.70710678118655,0.499999999999998,-0.499999999999999));
#6124=DIRECTION('',(8.71576399210527E-33,0.707106781186549,0.707106781186546));
#6125=DIRECTION('center_axis',(0.,0.707106781186546,-0.707106781186549));
#6126=DIRECTION('ref_axis',(-1.,0.,0.));
#6127=DIRECTION('',(1.,0.,0.));
#6128=DIRECTION('',(8.71576399210527E-33,0.707106781186549,0.707106781186546));
#6129=DIRECTION('',(-1.,0.,0.));
#6130=DIRECTION('center_axis',(8.71576399210527E-33,0.707106781186549,0.707106781186546));
#6131=DIRECTION('ref_axis',(-0.707106781186549,0.499999999999997,-0.5));
#6132=DIRECTION('center_axis',(0.,-0.707106781186553,-0.707106781186542));
#6133=DIRECTION('ref_axis',(-0.707106781186549,0.499999999999997,-0.5));
#6134=DIRECTION('center_axis',(0.,0.707106781186553,0.707106781186542));
#6135=DIRECTION('ref_axis',(-0.707106781186549,0.499999999999997,-0.5));
#6136=DIRECTION('',(-8.71576399210527E-33,-0.707106781186549,-0.707106781186546));
#6137=DIRECTION('center_axis',(0.,0.,-1.));
#6138=DIRECTION('ref_axis',(-0.707106781186544,0.707106781186551,0.));
#6139=DIRECTION('center_axis',(0.,0.,1.));
#6140=DIRECTION('ref_axis',(-0.707106781186544,0.707106781186551,0.));
#6141=DIRECTION('',(0.,0.,-1.));
#6142=DIRECTION('center_axis',(0.,0.,-1.));
#6143=DIRECTION('ref_axis',(-0.707106781186544,0.707106781186551,0.));
#6144=DIRECTION('center_axis',(-1.,1.23259516440783E-32,0.));
#6145=DIRECTION('ref_axis',(1.23259516440783E-32,1.,-1.82314900718588E-63));
#6146=DIRECTION('center_axis',(1.,-7.39557098644702E-32,-7.39557098644698E-32));
#6147=DIRECTION('ref_axis',(0.,-0.707106781186546,0.707106781186549));
#6148=DIRECTION('',(-8.71576399210527E-33,-0.707106781186549,-0.707106781186546));
#6149=DIRECTION('center_axis',(1.,-1.23259516440783E-32,0.));
#6150=DIRECTION('ref_axis',(0.,0.,1.));
#6151=DIRECTION('center_axis',(-1.,1.23259516440783E-32,0.));
#6152=DIRECTION('ref_axis',(0.,0.,1.));
#6153=DIRECTION('',(8.71576399210527E-33,0.707106781186549,0.707106781186546));
#6154=DIRECTION('center_axis',(-1.,7.39557098644702E-32,7.39557098644698E-32));
#6155=DIRECTION('ref_axis',(0.,-0.707106781186546,0.707106781186549));
#6156=DIRECTION('center_axis',(0.,0.,-1.));
#6157=DIRECTION('ref_axis',(-0.707106781186554,0.707106781186541,0.));
#6158=DIRECTION('center_axis',(0.,0.,1.));
#6159=DIRECTION('ref_axis',(-0.707106781186554,0.707106781186541,0.));
#6160=DIRECTION('',(0.,0.,-1.));
#6161=DIRECTION('center_axis',(0.,0.,-1.));
#6162=DIRECTION('ref_axis',(-0.707106781186554,0.707106781186541,0.));
#6163=DIRECTION('',(0.,0.,1.));
#6164=DIRECTION('center_axis',(-1.,-1.1842378929335E-15,0.));
#6165=DIRECTION('ref_axis',(-1.1842378929335E-15,1.,1.45968590033835E-47));
#6166=DIRECTION('center_axis',(-1.,-1.1842378929335E-15,0.));
#6167=DIRECTION('ref_axis',(0.,0.,1.));
#6168=DIRECTION('',(1.04589167905263E-31,0.707106781186549,0.707106781186546));
#6169=DIRECTION('center_axis',(-1.,7.39557098644702E-32,7.39557098644699E-32));
#6170=DIRECTION('ref_axis',(0.,-0.707106781186546,0.707106781186549));
#6171=DIRECTION('',(8.37382644631348E-16,-0.707106781186549,-0.707106781186546));
#6172=DIRECTION('center_axis',(1.,-7.39557098644702E-32,-7.39557098644699E-32));
#6173=DIRECTION('ref_axis',(0.,-0.707106781186546,0.707106781186549));
#6174=DIRECTION('',(-1.04589167905263E-31,-0.707106781186549,-0.707106781186546));
#6175=DIRECTION('center_axis',(1.,1.1842378929335E-15,0.));
#6176=DIRECTION('ref_axis',(0.,0.,1.));
#6177=DIRECTION('center_axis',(-8.37382644631349E-16,0.707106781186549,
0.707106781186546));
#6178=DIRECTION('ref_axis',(-0.707106781186553,0.499999999999996,-0.499999999999997));
#6179=DIRECTION('center_axis',(0.,-0.707106781186553,-0.707106781186542));
#6180=DIRECTION('ref_axis',(-0.707106781186553,0.499999999999996,-0.499999999999997));
#6181=DIRECTION('',(-8.37382644631348E-16,0.707106781186549,0.707106781186546));
#6182=DIRECTION('center_axis',(0.,0.707106781186553,0.707106781186542));
#6183=DIRECTION('ref_axis',(-0.707106781186553,0.499999999999996,-0.499999999999997));
#6184=DIRECTION('center_axis',(0.,0.707106781186546,-0.707106781186549));
#6185=DIRECTION('ref_axis',(-1.,0.,0.));
#6186=DIRECTION('',(-1.,0.,0.));
#6187=DIRECTION('',(-8.71576399210527E-33,-0.707106781186549,-0.707106781186546));
#6188=DIRECTION('',(1.,0.,0.));
#6189=DIRECTION('center_axis',(0.,0.,-1.));
#6190=DIRECTION('ref_axis',(0.70710678118656,0.707106781186535,0.));
#6191=DIRECTION('center_axis',(0.,0.,1.));
#6192=DIRECTION('ref_axis',(0.70710678118656,0.707106781186535,0.));
#6193=DIRECTION('',(0.,0.,-1.));
#6194=DIRECTION('center_axis',(0.,0.,-1.));
#6195=DIRECTION('ref_axis',(0.70710678118656,0.707106781186535,0.));
#6196=DIRECTION('',(0.,0.,1.));
#6197=DIRECTION('center_axis',(-8.88178419700125E-16,1.,0.));
#6198=DIRECTION('ref_axis',(1.,8.88178419700125E-16,-1.23259516440783E-32));
#6199=DIRECTION('',(-1.,-8.88178419700125E-16,0.));
#6200=DIRECTION('',(1.,8.88178419700125E-16,0.));
#6201=DIRECTION('center_axis',(-8.71576399210527E-33,-0.707106781186549,
-0.707106781186546));
#6202=DIRECTION('ref_axis',(0.707106781186552,0.499999999999995,-0.499999999999998));
#6203=DIRECTION('center_axis',(0.,0.707106781186553,0.707106781186542));
#6204=DIRECTION('ref_axis',(0.707106781186552,0.499999999999995,-0.499999999999998));
#6205=DIRECTION('center_axis',(0.,-0.707106781186553,-0.707106781186542));
#6206=DIRECTION('ref_axis',(0.707106781186552,0.499999999999995,-0.499999999999998));
#6207=DIRECTION('',(8.71576399210527E-33,0.707106781186549,0.707106781186546));
#6208=DIRECTION('center_axis',(0.,0.,-1.));
#6209=DIRECTION('ref_axis',(0.707106781186548,0.707106781186548,0.));
#6210=DIRECTION('center_axis',(0.,0.,1.));
#6211=DIRECTION('ref_axis',(0.707106781186548,0.707106781186548,0.));
#6212=DIRECTION('',(0.,0.,-1.));
#6213=DIRECTION('center_axis',(0.,0.,-1.));
#6214=DIRECTION('ref_axis',(0.707106781186548,0.707106781186548,0.));
#6215=DIRECTION('',(0.,0.,1.));
#6216=DIRECTION('center_axis',(-6.45947941600091E-16,1.,0.));
#6217=DIRECTION('ref_axis',(1.,6.45947941600091E-16,-1.23259516440783E-32));
#6218=DIRECTION('',(1.,6.45947941600091E-16,0.));
#6219=DIRECTION('',(0.,0.,1.));
#6220=DIRECTION('',(-1.,-6.45947941600091E-16,0.));
#6221=DIRECTION('center_axis',(-8.71576399210527E-33,-0.707106781186549,
-0.707106781186546));
#6222=DIRECTION('ref_axis',(0.707106781186553,0.499999999999996,-0.499999999999997));
#6223=DIRECTION('center_axis',(0.,0.707106781186553,0.707106781186542));
#6224=DIRECTION('ref_axis',(0.707106781186553,0.499999999999996,-0.499999999999997));
#6225=DIRECTION('',(-8.71576399210527E-33,-0.707106781186549,-0.707106781186546));
#6226=DIRECTION('center_axis',(0.,-0.707106781186553,-0.707106781186542));
#6227=DIRECTION('ref_axis',(0.707106781186553,0.499999999999996,-0.499999999999997));
#6228=DIRECTION('',(8.71576399210527E-33,0.707106781186549,0.707106781186546));
#6229=DIRECTION('center_axis',(0.,0.707106781186546,-0.707106781186549));
#6230=DIRECTION('ref_axis',(-1.,0.,0.));
#6231=DIRECTION('',(1.,0.,0.));
#6232=DIRECTION('',(8.71576399210527E-33,0.707106781186549,0.707106781186546));
#6233=DIRECTION('',(-1.,0.,0.));
#6234=DIRECTION('center_axis',(8.71576399210527E-33,0.707106781186549,0.707106781186546));
#6235=DIRECTION('ref_axis',(-0.707106781186553,0.499999999999996,-0.499999999999997));
#6236=DIRECTION('center_axis',(0.,-0.707106781186553,-0.707106781186542));
#6237=DIRECTION('ref_axis',(-0.707106781186553,0.499999999999996,-0.499999999999997));
#6238=DIRECTION('center_axis',(0.,0.707106781186553,0.707106781186542));
#6239=DIRECTION('ref_axis',(-0.707106781186553,0.499999999999996,-0.499999999999997));
#6240=DIRECTION('',(-8.71576399210527E-33,-0.707106781186549,-0.707106781186546));
#6241=DIRECTION('center_axis',(0.,0.,-1.));
#6242=DIRECTION('ref_axis',(-0.70710678118656,0.707106781186535,0.));
#6243=DIRECTION('center_axis',(0.,0.,1.));
#6244=DIRECTION('ref_axis',(-0.70710678118656,0.707106781186535,0.));
#6245=DIRECTION('',(0.,0.,-1.));
#6246=DIRECTION('center_axis',(0.,0.,-1.));
#6247=DIRECTION('ref_axis',(-0.70710678118656,0.707106781186535,0.));
#6248=DIRECTION('center_axis',(-1.,1.23259516440783E-32,0.));
#6249=DIRECTION('ref_axis',(1.23259516440783E-32,1.,-1.82314900718588E-63));
#6250=DIRECTION('center_axis',(1.,-7.39557098644702E-32,-7.39557098644699E-32));
#6251=DIRECTION('ref_axis',(0.,-0.707106781186546,0.707106781186549));
#6252=DIRECTION('',(-1.04589167905263E-31,-0.707106781186549,-0.707106781186546));
#6253=DIRECTION('center_axis',(1.,-1.23259516440783E-32,0.));
#6254=DIRECTION('ref_axis',(0.,0.,1.));
#6255=DIRECTION('center_axis',(-1.,1.23259516440783E-32,0.));
#6256=DIRECTION('ref_axis',(0.,0.,1.));
#6257=DIRECTION('',(1.04589167905263E-31,0.707106781186549,0.707106781186546));
#6258=DIRECTION('center_axis',(-1.,7.39557098644702E-32,7.39557098644699E-32));
#6259=DIRECTION('ref_axis',(0.,-0.707106781186546,0.707106781186549));
#6260=DIRECTION('center_axis',(1.,-3.22973970800046E-16,5.39030285815812E-15));
#6261=DIRECTION('ref_axis',(0.,0.707106781186544,-0.707106781186551));
#6262=DIRECTION('center_axis',(-1.,3.22973970800046E-16,-5.39030285815812E-15));
#6263=DIRECTION('ref_axis',(0.,0.707106781186544,-0.707106781186551));
#6264=DIRECTION('',(-1.,3.22973970800046E-16,-5.39030285815812E-15));
#6265=DIRECTION('center_axis',(1.,-3.22973970800059E-16,-1.1088061824786E-14));
#6266=DIRECTION('ref_axis',(0.,0.707106781186544,-0.707106781186551));
#6267=DIRECTION('',(1.,-3.22973970800046E-16,5.39030285815812E-15));
#6268=DIRECTION('center_axis',(3.22973970800046E-16,1.,0.));
#6269=DIRECTION('ref_axis',(-5.39030285815812E-15,1.72563323017096E-30,
1.));
#6270=DIRECTION('',(2.756642650773E-14,3.22973970800037E-16,1.));
#6271=DIRECTION('',(1.,-3.22973970800046E-16,5.39030285815812E-15));
#6272=DIRECTION('',(-5.39030285815812E-15,1.72563323017096E-30,1.));
#6273=DIRECTION('center_axis',(1.,-3.22973970800059E-16,-1.1088061824786E-14));
#6274=DIRECTION('ref_axis',(-1.1088061824786E-14,3.22973970800049E-16,-1.));
#6275=DIRECTION('',(-3.22973970800047E-16,-1.,3.34935969718566E-16));
#6276=DIRECTION('center_axis',(1.,-3.22973970800059E-16,-1.1088061824786E-14));
#6277=DIRECTION('ref_axis',(0.,-0.707106781186553,-0.707106781186542));
#6278=DIRECTION('',(2.756642650773E-14,3.22973970800037E-16,1.));
#6279=DIRECTION('',(3.22973970800059E-16,1.,6.99261189089829E-44));
#6280=DIRECTION('center_axis',(1.,-3.22973970800059E-16,-1.1088061824786E-14));
#6281=DIRECTION('ref_axis',(7.19406815307269E-18,0.70710678118654,-0.707106781186555));
#6282=DIRECTION('center_axis',(1.,-3.22973970800059E-16,-1.1088061824786E-14));
#6283=DIRECTION('ref_axis',(7.19406815307269E-18,0.70710678118654,-0.707106781186555));
#6284=DIRECTION('center_axis',(1.,-3.22973970800059E-16,-1.1088061824786E-14));
#6285=DIRECTION('ref_axis',(7.19406815307269E-18,0.70710678118654,-0.707106781186555));
#6286=DIRECTION('center_axis',(1.,-3.22973970800046E-16,5.39030285815812E-15));
#6287=DIRECTION('ref_axis',(0.,-0.707106781186553,-0.707106781186542));
#6288=DIRECTION('center_axis',(-1.,3.22973970800046E-16,-5.39030285815812E-15));
#6289=DIRECTION('ref_axis',(0.,-0.707106781186553,-0.707106781186542));
#6290=DIRECTION('',(-1.,3.22973970800046E-16,-5.39030285815812E-15));
#6291=DIRECTION('',(1.,-3.22973970800046E-16,5.39030285815812E-15));
#6292=DIRECTION('center_axis',(-3.22973970800047E-16,-1.,3.22973970800046E-16));
#6293=DIRECTION('ref_axis',(-2.756642650773E-14,-3.22973970800037E-16,-1.));
#6294=DIRECTION('',(-2.756642650773E-14,-3.22973970800037E-16,-1.));
#6295=DIRECTION('',(-1.,3.22973970800046E-16,-5.39030285815812E-15));
#6296=DIRECTION('center_axis',(0.,-0.707106781186553,-0.707106781186542));
#6297=DIRECTION('ref_axis',(0.707106781186547,0.499999999999995,-0.500000000000006));
#6298=DIRECTION('center_axis',(0.,0.707106781186553,0.707106781186542));
#6299=DIRECTION('ref_axis',(0.707106781186547,0.499999999999995,-0.500000000000006));
#6300=DIRECTION('',(0.,0.707106781186553,0.707106781186542));
#6301=DIRECTION('center_axis',(0.,-0.707106781186553,-0.707106781186542));
#6302=DIRECTION('ref_axis',(0.707106781186547,0.499999999999995,-0.500000000000006));
#6303=DIRECTION('',(0.,-0.707106781186553,-0.707106781186542));
#6304=DIRECTION('center_axis',(0.,0.707106781186553,0.707106781186542));
#6305=DIRECTION('ref_axis',(-1.,0.,0.));
#6306=DIRECTION('',(-1.,0.,0.));
#6307=DIRECTION('center_axis',(0.,-0.707106781186553,-0.707106781186542));
#6308=DIRECTION('ref_axis',(-0.707106781186554,0.499999999999988,-0.500000000000003));
#6309=DIRECTION('',(0.,-0.707106781186543,0.707106781186552));
#6310=DIRECTION('',(1.,0.,0.));
#6311=DIRECTION('',(1.,0.,0.));
#6312=DIRECTION('',(1.,0.,0.));
#6313=DIRECTION('',(1.,0.,0.));
#6314=DIRECTION('',(1.,0.,0.));
#6315=DIRECTION('',(0.,-0.707106781186543,0.707106781186552));
#6316=DIRECTION('center_axis',(0.,-0.707106781186553,-0.707106781186542));
#6317=DIRECTION('ref_axis',(0.,0.707106781186542,-0.707106781186553));
#6318=DIRECTION('center_axis',(0.,-0.707106781186553,-0.707106781186542));
#6319=DIRECTION('ref_axis',(0.,0.707106781186542,-0.707106781186553));
#6320=DIRECTION('center_axis',(0.,-0.707106781186553,-0.707106781186542));
#6321=DIRECTION('ref_axis',(0.,0.707106781186542,-0.707106781186553));
#6322=DIRECTION('center_axis',(0.,-0.707106781186553,-0.707106781186542));
#6323=DIRECTION('ref_axis',(0.,0.707106781186542,-0.707106781186553));
#6324=DIRECTION('center_axis',(0.,-0.707106781186553,-0.707106781186542));
#6325=DIRECTION('ref_axis',(0.,0.707106781186542,-0.707106781186553));
#6326=DIRECTION('center_axis',(0.,0.707106781186542,-0.707106781186553));
#6327=DIRECTION('ref_axis',(1.,0.,0.));
#6328=DIRECTION('',(1.,0.,0.));
#6329=DIRECTION('',(0.,-0.707106781186553,-0.707106781186542));
#6330=DIRECTION('center_axis',(-1.,0.,-1.71512449944288E-15));
#6331=DIRECTION('ref_axis',(0.,0.707106781186544,-0.707106781186551));
#6332=DIRECTION('center_axis',(1.,0.,1.71512449944288E-15));
#6333=DIRECTION('ref_axis',(0.,0.707106781186544,-0.707106781186551));
#6334=DIRECTION('',(1.,0.,1.71512449944288E-15));
#6335=DIRECTION('center_axis',(-1.,2.71926214689378E-32,-1.74574066942157E-15));
#6336=DIRECTION('ref_axis',(0.,0.707106781186544,-0.707106781186551));
#6337=DIRECTION('',(-1.,0.,-1.71512449944288E-15));
#6338=DIRECTION('center_axis',(1.71512449944288E-15,3.28954970259305E-16,
-1.));
#6339=DIRECTION('ref_axis',(5.6419872870524E-31,-1.,-3.28954970259305E-16));
#6340=DIRECTION('',(-5.6419872870524E-31,1.,3.28954970259305E-16));
#6341=DIRECTION('',(1.,0.,1.71512449944288E-15));
#6342=DIRECTION('',(5.6419872870524E-31,-1.,-3.28954970259305E-16));
#6343=DIRECTION('center_axis',(-1.,2.71926214689378E-32,-1.74574066942157E-15));
#6344=DIRECTION('ref_axis',(-1.74574066942157E-15,0.,1.));
#6345=DIRECTION('',(-1.77635683940025E-15,-3.22973970800046E-16,1.));
#6346=DIRECTION('',(-2.71926214689378E-32,-1.,-4.66387312854518E-47));
#6347=DIRECTION('',(-1.77635683940025E-15,-3.22973970800046E-16,1.));
#6348=DIRECTION('center_axis',(-1.,2.71926214689378E-32,-1.74574066942157E-15));
#6349=DIRECTION('ref_axis',(0.,-0.707106781186552,-0.707106781186543));
#6350=DIRECTION('center_axis',(-1.,2.71926214689378E-32,-1.74574066942157E-15));
#6351=DIRECTION('ref_axis',(1.83263850995722E-14,0.70710678118654,-0.707106781186555));
#6352=DIRECTION('center_axis',(-1.,2.71926214689378E-32,-1.74574066942157E-15));
#6353=DIRECTION('ref_axis',(1.83263850995722E-14,0.70710678118654,-0.707106781186555));
#6354=DIRECTION('center_axis',(-1.,2.71926214689378E-32,-1.74574066942157E-15));
#6355=DIRECTION('ref_axis',(1.83263850995722E-14,0.70710678118654,-0.707106781186555));
#6356=DIRECTION('center_axis',(-1.,0.,-1.71512449944288E-15));
#6357=DIRECTION('ref_axis',(0.,-0.707106781186552,-0.707106781186543));
#6358=DIRECTION('center_axis',(1.,0.,1.71512449944288E-15));
#6359=DIRECTION('ref_axis',(0.,-0.707106781186552,-0.707106781186543));
#6360=DIRECTION('',(-1.,0.,-1.71512449944288E-15));
#6361=DIRECTION('center_axis',(0.,-1.,0.));
#6362=DIRECTION('ref_axis',(-1.71512449944288E-15,0.,1.));
#6363=DIRECTION('',(-1.71512449944288E-15,0.,1.));
#6364=DIRECTION('center_axis',(0.,-0.707106781186553,-0.707106781186542));
#6365=DIRECTION('ref_axis',(-0.707106781186554,0.499999999999988,-0.500000000000003));
#6366=DIRECTION('center_axis',(0.,0.707106781186553,0.707106781186542));
#6367=DIRECTION('ref_axis',(-0.707106781186554,0.499999999999988,-0.500000000000003));
#6368=DIRECTION('',(0.,0.707106781186553,0.707106781186542));
#6369=DIRECTION('center_axis',(0.,0.,1.));
#6370=DIRECTION('ref_axis',(0.382683432365088,0.923879532511287,0.));
#6371=DIRECTION('center_axis',(0.,0.,-1.));
#6372=DIRECTION('ref_axis',(0.382683432365088,0.923879532511287,0.));
#6373=DIRECTION('',(0.,0.,1.));
#6374=DIRECTION('center_axis',(0.,0.,1.));
#6375=DIRECTION('ref_axis',(0.382683432365088,0.923879532511287,0.));
#6376=DIRECTION('',(0.,0.,-1.));
#6377=DIRECTION('center_axis',(-0.707106781186532,-0.707106781186563,0.));
#6378=DIRECTION('ref_axis',(-0.707106781186563,0.707106781186532,0.));
#6379=DIRECTION('',(-0.707106781186563,0.707106781186532,0.));
#6380=DIRECTION('',(0.,0.,-1.));
#6381=DIRECTION('',(0.707106781186563,-0.707106781186532,0.));
#6382=DIRECTION('center_axis',(0.,0.,-1.));
#6383=DIRECTION('ref_axis',(0.923879532511287,0.382683432365088,0.));
#6384=DIRECTION('center_axis',(0.,0.,1.));
#6385=DIRECTION('ref_axis',(0.923879532511287,0.382683432365088,0.));
#6386=DIRECTION('center_axis',(0.,0.,-1.));
#6387=DIRECTION('ref_axis',(0.923879532511287,0.382683432365088,0.));
#6388=DIRECTION('',(0.,0.,1.));
#6389=DIRECTION('center_axis',(0.,0.,1.));
#6390=DIRECTION('ref_axis',(0.923879532511291,-0.382683432365079,0.));
#6391=DIRECTION('center_axis',(0.,0.,-1.));
#6392=DIRECTION('ref_axis',(0.923879532511291,-0.382683432365079,0.));
#6393=DIRECTION('',(0.,0.,1.));
#6394=DIRECTION('center_axis',(0.,0.,1.));
#6395=DIRECTION('ref_axis',(0.923879532511291,-0.382683432365079,0.));
#6396=DIRECTION('',(0.,0.,-1.));
#6397=DIRECTION('center_axis',(-0.707106781186533,0.707106781186563,0.));
#6398=DIRECTION('ref_axis',(0.707106781186562,0.707106781186532,0.));
#6399=DIRECTION('',(0.707106781186562,0.707106781186532,0.));
#6400=DIRECTION('',(0.,0.,-1.));
#6401=DIRECTION('',(-0.707106781186562,-0.707106781186532,0.));
#6402=DIRECTION('center_axis',(0.,0.,-1.));
#6403=DIRECTION('ref_axis',(0.382683432365088,-0.923879532511287,0.));
#6404=DIRECTION('center_axis',(0.,0.,1.));
#6405=DIRECTION('ref_axis',(0.382683432365088,-0.923879532511287,0.));
#6406=DIRECTION('center_axis',(0.,0.,-1.));
#6407=DIRECTION('ref_axis',(0.382683432365088,-0.923879532511287,0.));
#6408=DIRECTION('',(0.,0.,1.));
#6409=DIRECTION('center_axis',(0.,0.,1.));
#6410=DIRECTION('ref_axis',(-0.382683432365088,-0.923879532511287,0.));
#6411=DIRECTION('center_axis',(0.,0.,-1.));
#6412=DIRECTION('ref_axis',(-0.382683432365088,-0.923879532511287,0.));
#6413=DIRECTION('',(0.,0.,1.));
#6414=DIRECTION('center_axis',(0.,0.,1.));
#6415=DIRECTION('ref_axis',(-0.382683432365088,-0.923879532511287,0.));
#6416=DIRECTION('',(0.,0.,-1.));
#6417=DIRECTION('center_axis',(0.707106781186537,0.707106781186558,0.));
#6418=DIRECTION('ref_axis',(0.707106781186558,-0.707106781186537,0.));
#6419=DIRECTION('',(0.707106781186558,-0.707106781186537,0.));
#6420=DIRECTION('',(0.,0.,-1.));
#6421=DIRECTION('',(-0.707106781186558,0.707106781186537,0.));
#6422=DIRECTION('center_axis',(0.,0.,-1.));
#6423=DIRECTION('ref_axis',(-0.923879532511289,-0.382683432365084,0.));
#6424=DIRECTION('center_axis',(0.,0.,1.));
#6425=DIRECTION('ref_axis',(-0.923879532511289,-0.382683432365084,0.));
#6426=DIRECTION('center_axis',(0.,0.,-1.));
#6427=DIRECTION('ref_axis',(-0.923879532511289,-0.382683432365084,0.));
#6428=DIRECTION('',(0.,0.,1.));
#6429=DIRECTION('center_axis',(0.,0.,1.));
#6430=DIRECTION('ref_axis',(-0.92387953251128,0.382683432365105,0.));
#6431=DIRECTION('center_axis',(0.,0.,-1.));
#6432=DIRECTION('ref_axis',(-0.92387953251128,0.382683432365105,0.));
#6433=DIRECTION('',(0.,0.,1.));
#6434=DIRECTION('center_axis',(0.,0.,1.));
#6435=DIRECTION('ref_axis',(-0.92387953251128,0.382683432365105,0.));
#6436=DIRECTION('',(0.,0.,-1.));
#6437=DIRECTION('center_axis',(0.707106781186545,-0.707106781186551,0.));
#6438=DIRECTION('ref_axis',(-0.707106781186551,-0.707106781186545,0.));
#6439=DIRECTION('',(-0.70710678118655,-0.707106781186544,0.));
#6440=DIRECTION('',(0.,0.,-1.));
#6441=DIRECTION('',(0.70710678118655,0.707106781186544,0.));
#6442=DIRECTION('center_axis',(0.,0.,-1.));
#6443=DIRECTION('ref_axis',(-0.382683432365079,0.923879532511291,0.));
#6444=DIRECTION('center_axis',(0.,0.,1.));
#6445=DIRECTION('ref_axis',(-0.382683432365079,0.923879532511291,0.));
#6446=DIRECTION('center_axis',(0.,0.,-1.));
#6447=DIRECTION('ref_axis',(-0.382683432365079,0.923879532511291,0.));
#6448=DIRECTION('',(0.,0.,1.));
#6449=DIRECTION('center_axis',(0.,0.,-1.));
#6450=DIRECTION('ref_axis',(0.382683432365099,0.923879532511283,0.));
#6451=DIRECTION('center_axis',(0.,0.,1.));
#6452=DIRECTION('ref_axis',(0.382683432365099,0.923879532511283,0.));
#6453=DIRECTION('',(0.,0.,-1.));
#6454=DIRECTION('center_axis',(0.,0.,-1.));
#6455=DIRECTION('ref_axis',(0.382683432365099,0.923879532511283,0.));
#6456=DIRECTION('',(0.,0.,1.));
#6457=DIRECTION('center_axis',(-1.55930133373692E-15,-1.,0.));
#6458=DIRECTION('ref_axis',(-1.,1.55930133373692E-15,0.));
#6459=DIRECTION('',(1.,-1.55930133373692E-15,0.));
#6460=DIRECTION('',(0.,0.,1.));
#6461=DIRECTION('',(-1.,1.55930133373692E-15,0.));
#6462=DIRECTION('center_axis',(0.,0.,-1.));
#6463=DIRECTION('ref_axis',(0.923879532511282,0.382683432365101,0.));
#6464=DIRECTION('center_axis',(0.,0.,1.));
#6465=DIRECTION('ref_axis',(0.923879532511282,0.382683432365101,0.));
#6466=DIRECTION('',(0.,0.,-1.));
#6467=DIRECTION('center_axis',(0.,0.,-1.));
#6468=DIRECTION('ref_axis',(0.923879532511282,0.382683432365101,0.));
#6469=DIRECTION('',(0.,0.,1.));
#6470=DIRECTION('center_axis',(-0.707106781186548,-0.707106781186548,0.));
#6471=DIRECTION('ref_axis',(-0.707106781186548,0.707106781186548,0.));
#6472=DIRECTION('',(-0.707106781186555,0.70710678118654,0.));
#6473=DIRECTION('',(0.707106781186548,-0.707106781186548,0.));
#6474=DIRECTION('center_axis',(0.,0.,1.));
#6475=DIRECTION('ref_axis',(0.923879532511278,-0.38268343236511,0.));
#6476=DIRECTION('center_axis',(0.,0.,-1.));
#6477=DIRECTION('ref_axis',(0.923879532511278,-0.38268343236511,0.));
#6478=DIRECTION('',(0.,0.,1.));
#6479=DIRECTION('center_axis',(0.,0.,1.));
#6480=DIRECTION('ref_axis',(0.923879532511278,-0.38268343236511,0.));
#6481=DIRECTION('',(0.,0.,-1.));
#6482=DIRECTION('center_axis',(-0.707106781186536,0.70710678118656,0.));
#6483=DIRECTION('ref_axis',(0.70710678118656,0.707106781186536,0.));
#6484=DIRECTION('',(0.70710678118656,0.707106781186536,0.));
#6485=DIRECTION('',(0.,0.,-1.));
#6486=DIRECTION('',(-0.70710678118656,-0.707106781186536,0.));
#6487=DIRECTION('center_axis',(0.,0.,-1.));
#6488=DIRECTION('ref_axis',(0.382683432365079,-0.923879532511291,0.));
#6489=DIRECTION('center_axis',(0.,0.,1.));
#6490=DIRECTION('ref_axis',(0.382683432365079,-0.923879532511291,0.));
#6491=DIRECTION('center_axis',(0.,0.,-1.));
#6492=DIRECTION('ref_axis',(0.382683432365079,-0.923879532511291,0.));
#6493=DIRECTION('',(0.,0.,1.));
#6494=DIRECTION('center_axis',(0.,0.,1.));
#6495=DIRECTION('ref_axis',(-0.382683432365095,-0.923879532511285,0.));
#6496=DIRECTION('center_axis',(0.,0.,-1.));
#6497=DIRECTION('ref_axis',(-0.382683432365095,-0.923879532511285,0.));
#6498=DIRECTION('',(0.,0.,1.));
#6499=DIRECTION('center_axis',(0.,0.,1.));
#6500=DIRECTION('ref_axis',(-0.382683432365095,-0.923879532511285,0.));
#6501=DIRECTION('',(0.,0.,-1.));
#6502=DIRECTION('center_axis',(0.707106781186552,0.707106781186543,0.));
#6503=DIRECTION('ref_axis',(0.707106781186543,-0.707106781186552,0.));
#6504=DIRECTION('',(0.707106781186543,-0.707106781186552,0.));
#6505=DIRECTION('',(0.,0.,-1.));
#6506=DIRECTION('',(-0.707106781186543,0.707106781186552,0.));
#6507=DIRECTION('center_axis',(0.,0.,-1.));
#6508=DIRECTION('ref_axis',(-0.923879532511289,-0.382683432365085,0.));
#6509=DIRECTION('center_axis',(0.,0.,1.));
#6510=DIRECTION('ref_axis',(-0.923879532511289,-0.382683432365085,0.));
#6511=DIRECTION('center_axis',(0.,0.,-1.));
#6512=DIRECTION('ref_axis',(-0.923879532511289,-0.382683432365085,0.));
#6513=DIRECTION('',(0.,0.,1.));
#6514=DIRECTION('center_axis',(0.,0.,1.));
#6515=DIRECTION('ref_axis',(-0.923879532511305,0.382683432365046,0.));
#6516=DIRECTION('center_axis',(0.,0.,-1.));
#6517=DIRECTION('ref_axis',(-0.923879532511305,0.382683432365046,0.));
#6518=DIRECTION('',(0.,0.,1.));
#6519=DIRECTION('center_axis',(0.,0.,1.));
#6520=DIRECTION('ref_axis',(-0.923879532511305,0.382683432365046,0.));
#6521=DIRECTION('',(0.,0.,-1.));
#6522=DIRECTION('center_axis',(0.70710678118662,-0.707106781186475,0.));
#6523=DIRECTION('ref_axis',(-0.707106781186475,-0.70710678118662,0.));
#6524=DIRECTION('',(-0.707106781186475,-0.70710678118662,0.));
#6525=DIRECTION('',(0.,0.,-1.));
#6526=DIRECTION('',(0.707106781186475,0.70710678118662,0.));
#6527=DIRECTION('center_axis',(0.,0.,-1.));
#6528=DIRECTION('ref_axis',(-0.382683432365138,0.923879532511267,0.));
#6529=DIRECTION('center_axis',(0.,0.,1.));
#6530=DIRECTION('ref_axis',(-0.382683432365138,0.923879532511267,0.));
#6531=DIRECTION('center_axis',(0.,0.,-1.));
#6532=DIRECTION('ref_axis',(-0.382683432365138,0.923879532511267,0.));
#6533=DIRECTION('center_axis',(0.,0.,1.));
#6534=DIRECTION('ref_axis',(0.382683432365084,0.923879532511289,0.));
#6535=DIRECTION('center_axis',(0.,0.,-1.));
#6536=DIRECTION('ref_axis',(0.382683432365084,0.923879532511289,0.));
#6537=DIRECTION('',(0.,0.,1.));
#6538=DIRECTION('center_axis',(0.,0.,1.));
#6539=DIRECTION('ref_axis',(0.382683432365084,0.923879532511289,0.));
#6540=DIRECTION('',(0.,0.,-1.));
#6541=DIRECTION('center_axis',(-0.707106781186542,-0.707106781186553,0.));
#6542=DIRECTION('ref_axis',(-0.707106781186553,0.707106781186542,0.));
#6543=DIRECTION('',(-0.707106781186553,0.707106781186542,0.));
#6544=DIRECTION('',(0.,0.,-1.));
#6545=DIRECTION('',(0.707106781186553,-0.707106781186542,0.));
#6546=DIRECTION('center_axis',(0.,0.,-1.));
#6547=DIRECTION('ref_axis',(0.923879532511289,0.382683432365084,0.));
#6548=DIRECTION('center_axis',(0.,0.,1.));
#6549=DIRECTION('ref_axis',(0.923879532511289,0.382683432365084,0.));
#6550=DIRECTION('center_axis',(0.,0.,-1.));
#6551=DIRECTION('ref_axis',(0.923879532511289,0.382683432365084,0.));
#6552=DIRECTION('',(0.,0.,1.));
#6553=DIRECTION('center_axis',(0.,0.,-1.));
#6554=DIRECTION('ref_axis',(0.382683432365084,-0.923879532511289,0.));
#6555=DIRECTION('center_axis',(0.,0.,1.));
#6556=DIRECTION('ref_axis',(0.382683432365084,-0.923879532511289,0.));
#6557=DIRECTION('',(0.,0.,-1.));
#6558=DIRECTION('center_axis',(0.,0.,-1.));
#6559=DIRECTION('ref_axis',(0.382683432365084,-0.923879532511289,0.));
#6560=DIRECTION('',(0.,0.,1.));
#6561=DIRECTION('center_axis',(-0.707106781186545,0.70710678118655,0.));
#6562=DIRECTION('ref_axis',(0.70710678118655,0.707106781186545,0.));
#6563=DIRECTION('',(-0.70710678118655,-0.707106781186545,0.));
#6564=DIRECTION('',(0.,0.,1.));
#6565=DIRECTION('',(0.70710678118655,0.707106781186545,0.));
#6566=DIRECTION('center_axis',(0.,0.,1.));
#6567=DIRECTION('ref_axis',(0.923879532511281,-0.382683432365105,0.));
#6568=DIRECTION('center_axis',(0.,0.,-1.));
#6569=DIRECTION('ref_axis',(0.923879532511281,-0.382683432365105,0.));
#6570=DIRECTION('center_axis',(0.,0.,1.));
#6571=DIRECTION('ref_axis',(0.923879532511281,-0.382683432365105,0.));
#6572=DIRECTION('',(0.,0.,-1.));
#6573=DIRECTION('center_axis',(0.,0.,-1.));
#6574=DIRECTION('ref_axis',(-0.923879532511291,-0.382683432365079,0.));
#6575=DIRECTION('center_axis',(0.,0.,1.));
#6576=DIRECTION('ref_axis',(-0.923879532511291,-0.382683432365079,0.));
#6577=DIRECTION('',(0.,0.,-1.));
#6578=DIRECTION('center_axis',(0.,0.,-1.));
#6579=DIRECTION('ref_axis',(-0.923879532511291,-0.382683432365079,0.));
#6580=DIRECTION('',(0.,0.,1.));
#6581=DIRECTION('center_axis',(0.707106781186555,0.70710678118654,0.));
#6582=DIRECTION('ref_axis',(0.70710678118654,-0.707106781186555,0.));
#6583=DIRECTION('',(-0.70710678118654,0.707106781186555,0.));
#6584=DIRECTION('',(0.,0.,1.));
#6585=DIRECTION('',(0.70710678118654,-0.707106781186555,0.));
#6586=DIRECTION('center_axis',(0.,0.,1.));
#6587=DIRECTION('ref_axis',(-0.382683432365099,-0.923879532511283,0.));
#6588=DIRECTION('center_axis',(0.,0.,-1.));
#6589=DIRECTION('ref_axis',(-0.382683432365099,-0.923879532511283,0.));
#6590=DIRECTION('center_axis',(0.,0.,1.));
#6591=DIRECTION('ref_axis',(-0.382683432365099,-0.923879532511283,0.));
#6592=DIRECTION('',(0.,0.,-1.));
#6593=DIRECTION('center_axis',(0.,0.,-1.));
#6594=DIRECTION('ref_axis',(-0.382683432365079,0.923879532511291,0.));
#6595=DIRECTION('center_axis',(0.,0.,1.));
#6596=DIRECTION('ref_axis',(-0.382683432365079,0.923879532511291,0.));
#6597=DIRECTION('',(0.,0.,-1.));
#6598=DIRECTION('center_axis',(0.,0.,-1.));
#6599=DIRECTION('ref_axis',(-0.382683432365079,0.923879532511291,0.));
#6600=DIRECTION('',(0.,0.,1.));
#6601=DIRECTION('center_axis',(0.707106781186517,-0.707106781186578,0.));
#6602=DIRECTION('ref_axis',(-0.707106781186578,-0.707106781186517,0.));
#6603=DIRECTION('',(0.707106781186578,0.707106781186517,0.));
#6604=DIRECTION('',(0.,0.,1.));
#6605=DIRECTION('',(-0.707106781186578,-0.707106781186517,0.));
#6606=DIRECTION('center_axis',(0.,0.,1.));
#6607=DIRECTION('ref_axis',(-0.923879532511278,0.38268343236511,0.));
#6608=DIRECTION('center_axis',(0.,0.,-1.));
#6609=DIRECTION('ref_axis',(-0.923879532511278,0.38268343236511,0.));
#6610=DIRECTION('center_axis',(0.,0.,1.));
#6611=DIRECTION('ref_axis',(-0.923879532511278,0.38268343236511,0.));
#6612=DIRECTION('',(0.,0.,-1.));
#6613=DIRECTION('center_axis',(0.,0.,1.));
#6614=DIRECTION('ref_axis',(-0.382683432365048,-0.923879532511304,0.));
#6615=DIRECTION('center_axis',(0.,0.,-1.));
#6616=DIRECTION('ref_axis',(-0.382683432365048,-0.923879532511304,0.));
#6617=DIRECTION('',(0.,0.,1.));
#6618=DIRECTION('center_axis',(0.,0.,1.));
#6619=DIRECTION('ref_axis',(-0.382683432365048,-0.923879532511304,0.));
#6620=DIRECTION('',(0.,0.,-1.));
#6621=DIRECTION('center_axis',(0.707106781186489,0.707106781186606,0.));
#6622=DIRECTION('ref_axis',(0.707106781186606,-0.707106781186489,0.));
#6623=DIRECTION('',(0.707106781186606,-0.707106781186489,0.));
#6624=DIRECTION('',(0.,0.,-1.));
#6625=DIRECTION('',(-0.707106781186606,0.707106781186489,0.));
#6626=DIRECTION('center_axis',(0.,0.,-1.));
#6627=DIRECTION('ref_axis',(-0.923879532511266,-0.382683432365141,0.));
#6628=DIRECTION('center_axis',(0.,0.,1.));
#6629=DIRECTION('ref_axis',(-0.923879532511266,-0.382683432365141,0.));
#6630=DIRECTION('center_axis',(0.,0.,-1.));
#6631=DIRECTION('ref_axis',(-0.923879532511266,-0.382683432365141,0.));
#6632=DIRECTION('',(0.,0.,1.));
#6633=DIRECTION('center_axis',(0.,0.,1.));
#6634=DIRECTION('ref_axis',(-0.923879532511262,0.38268343236515,0.));
#6635=DIRECTION('center_axis',(0.,0.,-1.));
#6636=DIRECTION('ref_axis',(-0.923879532511262,0.38268343236515,0.));
#6637=DIRECTION('',(0.,0.,1.));
#6638=DIRECTION('center_axis',(0.,0.,1.));
#6639=DIRECTION('ref_axis',(-0.923879532511262,0.38268343236515,0.));
#6640=DIRECTION('',(0.,0.,-1.));
#6641=DIRECTION('center_axis',(0.707106781186447,-0.707106781186648,0.));
#6642=DIRECTION('ref_axis',(-0.707106781186648,-0.707106781186447,0.));
#6643=DIRECTION('',(-0.707106781186648,-0.707106781186447,0.));
#6644=DIRECTION('',(0.,0.,-1.));
#6645=DIRECTION('',(0.707106781186648,0.707106781186447,0.));
#6646=DIRECTION('center_axis',(0.,0.,-1.));
#6647=DIRECTION('ref_axis',(-0.382683432365017,0.923879532511317,0.));
#6648=DIRECTION('center_axis',(0.,0.,1.));
#6649=DIRECTION('ref_axis',(-0.382683432365017,0.923879532511317,0.));
#6650=DIRECTION('center_axis',(0.,0.,-1.));
#6651=DIRECTION('ref_axis',(-0.382683432365017,0.923879532511317,0.));
#6652=DIRECTION('',(0.,0.,1.));
#6653=DIRECTION('center_axis',(0.,0.,-1.));
#6654=DIRECTION('ref_axis',(0.382683432365074,-0.923879532511293,0.));
#6655=DIRECTION('center_axis',(0.,0.,1.));
#6656=DIRECTION('ref_axis',(0.382683432365074,-0.923879532511293,0.));
#6657=DIRECTION('',(0.,0.,-1.));
#6658=DIRECTION('center_axis',(0.,0.,-1.));
#6659=DIRECTION('ref_axis',(0.382683432365074,-0.923879532511293,0.));
#6660=DIRECTION('',(0.,0.,1.));
#6661=DIRECTION('center_axis',(-0.707106781186507,0.707106781186588,0.));
#6662=DIRECTION('ref_axis',(0.707106781186588,0.707106781186507,0.));
#6663=DIRECTION('',(-0.707106781186588,-0.707106781186507,0.));
#6664=DIRECTION('',(0.,0.,1.));
#6665=DIRECTION('',(0.707106781186588,0.707106781186507,0.));
#6666=DIRECTION('center_axis',(0.,0.,1.));
#6667=DIRECTION('ref_axis',(0.923879532511266,-0.382683432365141,0.));
#6668=DIRECTION('center_axis',(0.,0.,-1.));
#6669=DIRECTION('ref_axis',(0.923879532511266,-0.382683432365141,0.));
#6670=DIRECTION('center_axis',(0.,0.,1.));
#6671=DIRECTION('ref_axis',(0.923879532511266,-0.382683432365141,0.));
#6672=DIRECTION('',(0.,0.,-1.));
#6673=DIRECTION('center_axis',(0.,0.,-1.));
#6674=DIRECTION('ref_axis',(0.923879532511266,0.382683432365141,0.));
#6675=DIRECTION('center_axis',(0.,0.,1.));
#6676=DIRECTION('ref_axis',(0.923879532511266,0.382683432365141,0.));
#6677=DIRECTION('',(0.,0.,-1.));
#6678=DIRECTION('center_axis',(0.,0.,-1.));
#6679=DIRECTION('ref_axis',(0.923879532511266,0.382683432365141,0.));
#6680=DIRECTION('',(0.,0.,1.));
#6681=DIRECTION('center_axis',(-0.707106781186472,-0.707106781186623,0.));
#6682=DIRECTION('ref_axis',(-0.707106781186623,0.707106781186472,0.));
#6683=DIRECTION('',(0.707106781186611,-0.707106781186484,0.));
#6684=DIRECTION('',(0.,0.,1.));
#6685=DIRECTION('',(-0.707106781186611,0.707106781186484,0.));
#6686=DIRECTION('center_axis',(0.,0.,-1.));
#6687=DIRECTION('ref_axis',(0.382683432365048,0.923879532511304,0.));
#6688=DIRECTION('center_axis',(0.,0.,1.));
#6689=DIRECTION('ref_axis',(0.382683432365048,0.923879532511304,0.));
#6690=DIRECTION('',(0.,0.,-1.));
#6691=DIRECTION('center_axis',(0.,0.,-1.));
#6692=DIRECTION('ref_axis',(0.382683432365048,0.923879532511304,0.));
#6693=DIRECTION('center_axis',(-3.36898720055929E-15,-1.,0.));
#6694=DIRECTION('ref_axis',(-1.,3.36898720055929E-15,0.));
#6695=DIRECTION('',(-1.,3.36898720055929E-15,0.));
#6696=DIRECTION('',(1.,-3.36898720055929E-15,0.));
#6697=DIRECTION('center_axis',(0.,0.,-1.));
#6698=DIRECTION('ref_axis',(0.707106781186548,0.707106781186548,0.));
#6699=DIRECTION('center_axis',(0.,0.,1.));
#6700=DIRECTION('ref_axis',(0.707106781186548,0.707106781186548,0.));
#6701=DIRECTION('',(0.,0.,-1.));
#6702=DIRECTION('center_axis',(0.,0.,-1.));
#6703=DIRECTION('ref_axis',(0.707106781186548,0.707106781186548,0.));
#6704=DIRECTION('',(0.,0.,1.));
#6705=DIRECTION('center_axis',(0.,-1.,0.));
#6706=DIRECTION('ref_axis',(-1.,0.,0.));
#6707=DIRECTION('',(1.,0.,0.));
#6708=DIRECTION('',(0.,0.,1.));
#6709=DIRECTION('',(-1.,0.,0.));
#6710=DIRECTION('center_axis',(0.,0.,-1.));
#6711=DIRECTION('ref_axis',(0.382683432365084,-0.923879532511289,0.));
#6712=DIRECTION('center_axis',(0.,0.,1.));
#6713=DIRECTION('ref_axis',(0.382683432365084,-0.923879532511289,0.));
#6714=DIRECTION('',(0.,0.,-1.));
#6715=DIRECTION('center_axis',(0.,0.,-1.));
#6716=DIRECTION('ref_axis',(0.382683432365084,-0.923879532511289,0.));
#6717=DIRECTION('',(0.,0.,1.));
#6718=DIRECTION('center_axis',(-0.707106781186555,0.70710678118654,0.));
#6719=DIRECTION('ref_axis',(0.70710678118654,0.707106781186555,0.));
#6720=DIRECTION('',(-0.70710678118654,-0.707106781186555,0.));
#6721=DIRECTION('',(0.,0.,1.));
#6722=DIRECTION('',(0.70710678118654,0.707106781186555,0.));
#6723=DIRECTION('center_axis',(0.,0.,1.));
#6724=DIRECTION('ref_axis',(0.923879532511291,-0.382683432365079,0.));
#6725=DIRECTION('center_axis',(0.,0.,-1.));
#6726=DIRECTION('ref_axis',(0.923879532511291,-0.382683432365079,0.));
#6727=DIRECTION('center_axis',(0.,0.,1.));
#6728=DIRECTION('ref_axis',(0.923879532511291,-0.382683432365079,0.));
#6729=DIRECTION('',(0.,0.,-1.));
#6730=DIRECTION('center_axis',(0.,0.,-1.));
#6731=DIRECTION('ref_axis',(-0.923879532511278,-0.38268343236511,0.));
#6732=DIRECTION('center_axis',(0.,0.,1.));
#6733=DIRECTION('ref_axis',(-0.923879532511278,-0.38268343236511,0.));
#6734=DIRECTION('',(0.,0.,1.));
#6735=DIRECTION('center_axis',(0.,0.,-1.));
#6736=DIRECTION('ref_axis',(-0.923879532511278,-0.38268343236511,0.));
#6737=DIRECTION('',(0.,0.,-1.));
#6738=DIRECTION('center_axis',(0.,0.,1.));
#6739=DIRECTION('ref_axis',(1.,0.,0.));
#6740=DIRECTION('',(-1.,0.,0.));
#6741=DIRECTION('',(0.,1.,0.));
#6742=DIRECTION('',(1.,-1.98198810516579E-16,0.));
#6743=DIRECTION('',(0.,-1.,0.));
#6744=DIRECTION('',(0.,-1.,0.));
#6745=DIRECTION('',(-1.,0.,0.));
#6746=DIRECTION('',(-1.,0.,0.));
#6747=DIRECTION('',(-1.,0.,0.));
#6748=DIRECTION('',(-1.,0.,0.));
#6749=DIRECTION('',(1.,2.52743389130542E-14,0.));
#6750=DIRECTION('center_axis',(0.,0.,1.));
#6751=DIRECTION('ref_axis',(0.382683432365063,0.923879532511298,0.));
#6752=DIRECTION('',(0.707106781186578,-0.707106781186517,0.));
#6753=DIRECTION('center_axis',(0.,0.,1.));
#6754=DIRECTION('ref_axis',(0.923879532511278,0.382683432365112,0.));
#6755=DIRECTION('',(0.,-1.,0.));
#6756=DIRECTION('center_axis',(0.,0.,1.));
#6757=DIRECTION('ref_axis',(0.923879532511278,-0.382683432365112,0.));
#6758=DIRECTION('',(-0.707106781186573,-0.707106781186522,0.));
#6759=DIRECTION('center_axis',(0.,0.,1.));
#6760=DIRECTION('ref_axis',(0.382683432365069,-0.923879532511295,0.));
#6761=DIRECTION('',(-1.,2.38437159557116E-16,0.));
#6762=DIRECTION('center_axis',(0.,0.,1.));
#6763=DIRECTION('ref_axis',(-0.38268343236509,-0.923879532511287,0.));
#6764=DIRECTION('',(-0.70710678118655,0.707106781186544,0.));
#6765=DIRECTION('center_axis',(0.,0.,1.));
#6766=DIRECTION('ref_axis',(-0.923879532511289,-0.382683432365084,0.));
#6767=DIRECTION('',(-7.80816193142977E-16,1.,0.));
#6768=DIRECTION('center_axis',(0.,0.,1.));
#6769=DIRECTION('ref_axis',(-0.923879532511289,0.382683432365084,0.));
#6770=DIRECTION('',(0.707106781186535,0.70710678118656,0.));
#6771=DIRECTION('center_axis',(0.,0.,1.));
#6772=DIRECTION('ref_axis',(-0.382683432365119,0.923879532511275,0.));
#6773=DIRECTION('',(0.,1.,0.));
#6774=DIRECTION('',(1.,0.,0.));
#6775=DIRECTION('',(-1.95204048285743E-16,-1.,0.));
#6776=DIRECTION('',(-1.,0.,0.));
#6777=DIRECTION('',(0.,-1.,0.));
#6778=DIRECTION('',(-1.,3.51753829500596E-16,0.));
#6779=DIRECTION('',(0.,1.,0.));
#6780=DIRECTION('',(0.,-1.,0.));
#6781=DIRECTION('center_axis',(0.,0.,1.));
#6782=DIRECTION('ref_axis',(0.923879532511278,-0.38268343236511,0.));
#6783=DIRECTION('',(-0.707106781186584,-0.707106781186511,0.));
#6784=DIRECTION('center_axis',(0.,0.,1.));
#6785=DIRECTION('ref_axis',(0.382683432365068,-0.923879532511296,0.));
#6786=DIRECTION('',(-1.,0.,0.));
#6787=DIRECTION('center_axis',(0.,0.,1.));
#6788=DIRECTION('ref_axis',(-0.382683432365079,-0.923879532511291,0.));
#6789=DIRECTION('',(-0.707106781186559,0.707106781186536,0.));
#6790=DIRECTION('center_axis',(0.,0.,1.));
#6791=DIRECTION('ref_axis',(-0.923879532511279,-0.382683432365108,0.));
#6792=DIRECTION('',(-1.56163238628589E-15,1.,0.));
#6793=DIRECTION('center_axis',(0.,0.,1.));
#6794=DIRECTION('ref_axis',(-0.923879532511289,0.382683432365084,0.));
#6795=DIRECTION('',(0.707106781186549,0.707106781186546,0.));
#6796=DIRECTION('center_axis',(0.,0.,1.));
#6797=DIRECTION('ref_axis',(-0.382683432365087,0.923879532511288,0.));
#6798=DIRECTION('',(1.,0.,0.));
#6799=DIRECTION('center_axis',(0.,0.,1.));
#6800=DIRECTION('ref_axis',(0.382683432365068,0.923879532511296,0.));
#6801=DIRECTION('',(0.707106781186584,-0.707106781186511,0.));
#6802=DIRECTION('center_axis',(0.,0.,1.));
#6803=DIRECTION('ref_axis',(0.923879532511278,0.382683432365112,0.));
#6804=DIRECTION('',(0.,-1.,0.));
#6805=DIRECTION('',(-1.,0.,0.));
#6806=DIRECTION('',(-7.80816193142951E-16,1.,0.));
#6807=DIRECTION('',(0.,-1.,0.));
#6808=DIRECTION('',(-1.,0.,0.));
#6809=DIRECTION('',(0.,1.,0.));
#6810=DIRECTION('',(1.,-6.34413156928661E-16,0.));
#6811=DIRECTION('',(0.707106781186541,-0.707106781186553,0.));
#6812=DIRECTION('center_axis',(0.,0.,1.));
#6813=DIRECTION('ref_axis',(0.923879532511291,0.382683432365079,0.));
#6814=DIRECTION('',(0.,-1.,0.));
#6815=DIRECTION('',(-1.,1.64477485129653E-16,0.));
#6816=DIRECTION('center_axis',(0.,0.,1.));
#6817=DIRECTION('ref_axis',(-0.382683432365089,-0.923879532511287,0.));
#6818=DIRECTION('',(-0.707106781186543,0.707106781186552,0.));
#6819=DIRECTION('center_axis',(0.,0.,1.));
#6820=DIRECTION('ref_axis',(-0.92387953251129,-0.382683432365081,0.));
#6821=DIRECTION('',(0.,1.,0.));
#6822=DIRECTION('center_axis',(0.,0.,1.));
#6823=DIRECTION('ref_axis',(-0.923879532511279,0.382683432365108,0.));
#6824=DIRECTION('',(0.707106781186573,0.707106781186522,0.));
#6825=DIRECTION('center_axis',(0.,0.,1.));
#6826=DIRECTION('ref_axis',(-0.382683432365073,0.923879532511294,0.));
#6827=DIRECTION('',(0.,-1.,0.));
#6828=DIRECTION('center_axis',(0.,0.,-1.));
#6829=DIRECTION('ref_axis',(1.,0.,0.));
#6830=DIRECTION('center_axis',(0.,0.,-1.));
#6831=DIRECTION('ref_axis',(1.,0.,0.));
#6832=DIRECTION('center_axis',(0.,0.,-1.));
#6833=DIRECTION('ref_axis',(1.,0.,0.));
#6834=DIRECTION('center_axis',(0.,0.,-1.));
#6835=DIRECTION('ref_axis',(1.,0.,0.));
#6836=DIRECTION('center_axis',(0.,0.,-1.));
#6837=DIRECTION('ref_axis',(1.,0.,0.));
#6838=DIRECTION('center_axis',(0.,0.,-1.));
#6839=DIRECTION('ref_axis',(1.,0.,0.));
#6840=DIRECTION('center_axis',(0.,0.,-1.));
#6841=DIRECTION('ref_axis',(1.,0.,0.));
#6842=DIRECTION('center_axis',(0.,0.,-1.));
#6843=DIRECTION('ref_axis',(1.,0.,0.));
#6844=DIRECTION('center_axis',(0.,0.,-1.));
#6845=DIRECTION('ref_axis',(1.,0.,0.));
#6846=DIRECTION('center_axis',(0.,0.,-1.));
#6847=DIRECTION('ref_axis',(1.,0.,0.));
#6848=DIRECTION('center_axis',(0.,0.,-1.));
#6849=DIRECTION('ref_axis',(1.,0.,0.));
#6850=DIRECTION('center_axis',(0.,0.,-1.));
#6851=DIRECTION('ref_axis',(1.,0.,0.));
#6852=DIRECTION('center_axis',(0.,0.,-1.));
#6853=DIRECTION('ref_axis',(1.,0.,0.));
#6854=DIRECTION('center_axis',(0.,0.,-1.));
#6855=DIRECTION('ref_axis',(1.,0.,0.));
#6856=DIRECTION('center_axis',(0.,0.,-1.));
#6857=DIRECTION('ref_axis',(1.,0.,0.));
#6858=DIRECTION('center_axis',(0.,0.,-1.));
#6859=DIRECTION('ref_axis',(1.,0.,0.));
#6860=DIRECTION('center_axis',(0.,0.,-1.));
#6861=DIRECTION('ref_axis',(1.,0.,0.));
#6862=DIRECTION('center_axis',(0.,0.,-1.));
#6863=DIRECTION('ref_axis',(1.,0.,0.));
#6864=DIRECTION('center_axis',(0.,0.,-1.));
#6865=DIRECTION('ref_axis',(1.,0.,0.));
#6866=DIRECTION('center_axis',(0.,0.,-1.));
#6867=DIRECTION('ref_axis',(1.,0.,0.));
#6868=DIRECTION('center_axis',(0.,0.,-1.));
#6869=DIRECTION('ref_axis',(1.,0.,0.));
#6870=DIRECTION('center_axis',(0.,0.,-1.));
#6871=DIRECTION('ref_axis',(1.,0.,0.));
#6872=DIRECTION('center_axis',(0.,0.,-1.));
#6873=DIRECTION('ref_axis',(1.,0.,0.));
#6874=DIRECTION('center_axis',(0.,0.,-1.));
#6875=DIRECTION('ref_axis',(1.,0.,0.));
#6876=DIRECTION('center_axis',(0.,0.,-1.));
#6877=DIRECTION('ref_axis',(1.,0.,0.));
#6878=DIRECTION('center_axis',(0.,0.,-1.));
#6879=DIRECTION('ref_axis',(1.,0.,0.));
#6880=DIRECTION('center_axis',(0.,0.,-1.));
#6881=DIRECTION('ref_axis',(1.,0.,0.));
#6882=DIRECTION('center_axis',(0.,0.,-1.));
#6883=DIRECTION('ref_axis',(1.,0.,0.));
#6884=DIRECTION('center_axis',(0.,0.,-1.));
#6885=DIRECTION('ref_axis',(1.,-5.12222664186653E-17,0.));
#6886=DIRECTION('center_axis',(0.,0.,-1.));
#6887=DIRECTION('ref_axis',(1.,-5.12222664186653E-17,0.));
#6888=DIRECTION('center_axis',(0.,0.,-1.));
#6889=DIRECTION('ref_axis',(1.,-5.12222664186653E-17,0.));
#6890=DIRECTION('center_axis',(0.,0.,-1.));
#6891=DIRECTION('ref_axis',(1.,-5.12222664186653E-17,0.));
#6892=DIRECTION('center_axis',(0.,0.,-1.));
#6893=DIRECTION('ref_axis',(1.,-5.12222664186653E-17,0.));
#6894=DIRECTION('center_axis',(0.,0.,-1.));
#6895=DIRECTION('ref_axis',(1.,-5.12222664186653E-17,0.));
#6896=DIRECTION('center_axis',(0.,0.,-1.));
#6897=DIRECTION('ref_axis',(1.,-5.12222664186653E-17,0.));
#6898=DIRECTION('center_axis',(0.,0.,-1.));
#6899=DIRECTION('ref_axis',(1.,-5.12222664186653E-17,0.));
#6900=DIRECTION('center_axis',(0.,0.,-1.));
#6901=DIRECTION('ref_axis',(1.,-5.12222664186653E-17,0.));
#6902=DIRECTION('center_axis',(0.,0.,-1.));
#6903=DIRECTION('ref_axis',(1.,-5.12222664186653E-17,0.));
#6904=DIRECTION('center_axis',(0.,0.,-1.));
#6905=DIRECTION('ref_axis',(1.,-5.12222664186653E-17,0.));
#6906=DIRECTION('center_axis',(0.,0.,-1.));
#6907=DIRECTION('ref_axis',(1.,-5.12222664186653E-17,0.));
#6908=DIRECTION('center_axis',(0.,0.,-1.));
#6909=DIRECTION('ref_axis',(1.,-5.12222664186653E-17,0.));
#6910=DIRECTION('center_axis',(0.,0.,-1.));
#6911=DIRECTION('ref_axis',(1.,-5.12222664186653E-17,0.));
#6912=DIRECTION('center_axis',(0.,0.,-1.));
#6913=DIRECTION('ref_axis',(1.,-5.12222664186653E-17,0.));
#6914=DIRECTION('center_axis',(0.,0.,-1.));
#6915=DIRECTION('ref_axis',(1.,-5.12222664186653E-17,0.));
#6916=DIRECTION('center_axis',(-0.707106781186554,-0.707106781186542,0.));
#6917=DIRECTION('ref_axis',(-0.707106781186541,0.707106781186553,0.));
#6918=DIRECTION('',(-0.707106781186541,0.707106781186553,0.));
#6919=DIRECTION('',(0.,0.,-1.));
#6920=DIRECTION('center_axis',(0.,0.,-1.));
#6921=DIRECTION('ref_axis',(0.923879532511291,0.382683432365079,0.));
#6922=DIRECTION('center_axis',(0.,0.,-1.));
#6923=DIRECTION('ref_axis',(0.923879532511291,0.382683432365079,0.));
#6924=DIRECTION('',(0.,0.,1.));
#6925=DIRECTION('center_axis',(0.,0.,-1.));
#6926=DIRECTION('ref_axis',(-0.92387953251129,-0.382683432365081,0.));
#6927=DIRECTION('',(0.,0.,-1.));
#6928=DIRECTION('center_axis',(0.,0.,-1.));
#6929=DIRECTION('ref_axis',(-0.92387953251129,-0.382683432365081,0.));
#6930=DIRECTION('',(0.,0.,1.));
#6931=DIRECTION('center_axis',(0.707106781186552,0.707106781186543,0.));
#6932=DIRECTION('ref_axis',(0.707106781186543,-0.707106781186552,0.));
#6933=DIRECTION('',(0.,0.,1.));
#6934=DIRECTION('',(0.707106781186543,-0.707106781186552,0.));
#6935=DIRECTION('center_axis',(0.,0.,1.));
#6936=DIRECTION('ref_axis',(-0.382683432365089,-0.923879532511287,0.));
#6937=DIRECTION('center_axis',(0.,0.,-1.));
#6938=DIRECTION('ref_axis',(-0.382683432365089,-0.923879532511287,0.));
#6939=DIRECTION('',(0.,0.,-1.));
#6940=DIRECTION('center_axis',(0.,0.,1.));
#6941=DIRECTION('ref_axis',(-0.923879532511279,0.382683432365108,0.));
#6942=DIRECTION('center_axis',(0.,0.,-1.));
#6943=DIRECTION('ref_axis',(-0.923879532511279,0.382683432365108,0.));
#6944=DIRECTION('',(0.,0.,1.));
#6945=DIRECTION('',(0.,0.,-1.));
#6946=DIRECTION('center_axis',(0.707106781186522,-0.707106781186573,0.));
#6947=DIRECTION('ref_axis',(-0.707106781186573,-0.707106781186522,0.));
#6948=DIRECTION('',(-0.707106781186573,-0.707106781186522,0.));
#6949=DIRECTION('',(0.,0.,-1.));
#6950=DIRECTION('center_axis',(0.,0.,-1.));
#6951=DIRECTION('ref_axis',(-0.382683432365073,0.923879532511294,0.));
#6952=DIRECTION('center_axis',(0.,0.,-1.));
#6953=DIRECTION('ref_axis',(-0.382683432365073,0.923879532511294,0.));
#6954=DIRECTION('center_axis',(0.,0.,-1.));
#6955=DIRECTION('ref_axis',(0.382683432365068,-0.923879532511296,0.));
#6956=DIRECTION('',(0.,0.,-1.));
#6957=DIRECTION('center_axis',(0.,0.,-1.));
#6958=DIRECTION('ref_axis',(0.382683432365068,-0.923879532511296,0.));
#6959=DIRECTION('',(0.,0.,1.));
#6960=DIRECTION('center_axis',(-0.707106781186511,0.707106781186584,0.));
#6961=DIRECTION('ref_axis',(0.707106781186584,0.707106781186511,0.));
#6962=DIRECTION('',(0.,0.,1.));
#6963=DIRECTION('',(0.707106781186584,0.707106781186511,0.));
#6964=DIRECTION('center_axis',(0.,0.,1.));
#6965=DIRECTION('ref_axis',(0.382683432365068,0.923879532511296,0.));
#6966=DIRECTION('center_axis',(0.,0.,-1.));
#6967=DIRECTION('ref_axis',(0.382683432365068,0.923879532511296,0.));
#6968=DIRECTION('',(0.,0.,1.));
#6969=DIRECTION('',(0.,0.,-1.));
#6970=DIRECTION('center_axis',(-0.707106781186511,-0.707106781186584,0.));
#6971=DIRECTION('ref_axis',(-0.707106781186584,0.707106781186511,0.));
#6972=DIRECTION('',(-0.707106781186584,0.707106781186511,0.));
#6973=DIRECTION('',(0.,0.,-1.));
#6974=DIRECTION('center_axis',(0.,0.,-1.));
#6975=DIRECTION('ref_axis',(0.923879532511278,0.382683432365112,0.));
#6976=DIRECTION('center_axis',(0.,0.,-1.));
#6977=DIRECTION('ref_axis',(0.923879532511278,0.382683432365112,0.));
#6978=DIRECTION('',(0.,0.,1.));
#6979=DIRECTION('center_axis',(0.,0.,1.));
#6980=DIRECTION('ref_axis',(0.923879532511278,-0.38268343236511,0.));
#6981=DIRECTION('center_axis',(0.,0.,-1.));
#6982=DIRECTION('ref_axis',(0.923879532511278,-0.38268343236511,0.));
#6983=DIRECTION('',(0.,0.,-1.));
#6984=DIRECTION('center_axis',(0.,0.,1.));
#6985=DIRECTION('ref_axis',(-0.382683432365079,-0.923879532511291,0.));
#6986=DIRECTION('center_axis',(0.,0.,-1.));
#6987=DIRECTION('ref_axis',(-0.382683432365079,-0.923879532511291,0.));
#6988=DIRECTION('',(0.,0.,1.));
#6989=DIRECTION('',(0.,0.,-1.));
#6990=DIRECTION('center_axis',(0.707106781186536,0.707106781186559,0.));
#6991=DIRECTION('ref_axis',(0.707106781186559,-0.707106781186536,0.));
#6992=DIRECTION('',(0.707106781186559,-0.707106781186536,0.));
#6993=DIRECTION('',(0.,0.,-1.));
#6994=DIRECTION('center_axis',(0.,0.,-1.));
#6995=DIRECTION('ref_axis',(-0.923879532511279,-0.382683432365108,0.));
#6996=DIRECTION('center_axis',(0.,0.,-1.));
#6997=DIRECTION('ref_axis',(-0.923879532511279,-0.382683432365108,0.));
#6998=DIRECTION('',(0.,0.,1.));
#6999=DIRECTION('center_axis',(0.,0.,1.));
#7000=DIRECTION('ref_axis',(-0.923879532511289,0.382683432365084,0.));
#7001=DIRECTION('center_axis',(0.,0.,-1.));
#7002=DIRECTION('ref_axis',(-0.923879532511289,0.382683432365084,0.));
#7003=DIRECTION('',(0.,0.,1.));
#7004=DIRECTION('',(0.,0.,-1.));
#7005=DIRECTION('center_axis',(0.707106781186546,-0.707106781186549,0.));
#7006=DIRECTION('ref_axis',(-0.707106781186549,-0.707106781186546,0.));
#7007=DIRECTION('',(-0.707106781186549,-0.707106781186546,0.));
#7008=DIRECTION('',(0.,0.,-1.));
#7009=DIRECTION('center_axis',(0.,0.,-1.));
#7010=DIRECTION('ref_axis',(-0.382683432365087,0.923879532511288,0.));
#7011=DIRECTION('center_axis',(0.,0.,-1.));
#7012=DIRECTION('ref_axis',(-0.382683432365087,0.923879532511288,0.));
#7013=DIRECTION('',(0.,0.,1.));
#7014=DIRECTION('center_axis',(0.,0.,1.));
#7015=DIRECTION('ref_axis',(0.382683432365063,0.923879532511298,0.));
#7016=DIRECTION('center_axis',(0.,0.,-1.));
#7017=DIRECTION('ref_axis',(0.382683432365063,0.923879532511298,0.));
#7018=DIRECTION('',(0.,0.,1.));
#7019=DIRECTION('',(0.,0.,-1.));
#7020=DIRECTION('center_axis',(-0.707106781186517,-0.707106781186578,0.));
#7021=DIRECTION('ref_axis',(-0.707106781186578,0.707106781186517,0.));
#7022=DIRECTION('',(-0.707106781186578,0.707106781186517,0.));
#7023=DIRECTION('',(0.,0.,-1.));
#7024=DIRECTION('center_axis',(0.,0.,-1.));
#7025=DIRECTION('ref_axis',(0.923879532511278,0.382683432365112,0.));
#7026=DIRECTION('center_axis',(0.,0.,-1.));
#7027=DIRECTION('ref_axis',(0.923879532511278,0.382683432365112,0.));
#7028=DIRECTION('',(0.,0.,1.));
#7029=DIRECTION('center_axis',(0.,0.,1.));
#7030=DIRECTION('ref_axis',(0.923879532511278,-0.382683432365112,0.));
#7031=DIRECTION('center_axis',(0.,0.,-1.));
#7032=DIRECTION('ref_axis',(0.923879532511278,-0.382683432365112,0.));
#7033=DIRECTION('',(0.,0.,1.));
#7034=DIRECTION('',(0.,0.,-1.));
#7035=DIRECTION('center_axis',(-0.707106781186522,0.707106781186573,0.));
#7036=DIRECTION('ref_axis',(0.707106781186573,0.707106781186522,0.));
#7037=DIRECTION('',(0.707106781186573,0.707106781186522,0.));
#7038=DIRECTION('',(0.,0.,-1.));
#7039=DIRECTION('center_axis',(0.,0.,-1.));
#7040=DIRECTION('ref_axis',(0.382683432365069,-0.923879532511295,0.));
#7041=DIRECTION('center_axis',(0.,0.,-1.));
#7042=DIRECTION('ref_axis',(0.382683432365069,-0.923879532511295,0.));
#7043=DIRECTION('',(0.,0.,1.));
#7044=DIRECTION('center_axis',(0.,0.,1.));
#7045=DIRECTION('ref_axis',(-0.38268343236509,-0.923879532511287,0.));
#7046=DIRECTION('center_axis',(0.,0.,-1.));
#7047=DIRECTION('ref_axis',(-0.38268343236509,-0.923879532511287,0.));
#7048=DIRECTION('',(0.,0.,1.));
#7049=DIRECTION('',(0.,0.,-1.));
#7050=DIRECTION('center_axis',(0.707106781186545,0.707106781186551,0.));
#7051=DIRECTION('ref_axis',(0.707106781186551,-0.707106781186545,0.));
#7052=DIRECTION('',(0.70710678118655,-0.707106781186544,0.));
#7053=DIRECTION('',(0.,0.,-1.));
#7054=DIRECTION('center_axis',(0.,0.,-1.));
#7055=DIRECTION('ref_axis',(-0.923879532511289,-0.382683432365084,0.));
#7056=DIRECTION('center_axis',(0.,0.,-1.));
#7057=DIRECTION('ref_axis',(-0.923879532511289,-0.382683432365084,0.));
#7058=DIRECTION('',(0.,0.,1.));
#7059=DIRECTION('center_axis',(0.,0.,1.));
#7060=DIRECTION('ref_axis',(-0.923879532511289,0.382683432365084,0.));
#7061=DIRECTION('center_axis',(0.,0.,-1.));
#7062=DIRECTION('ref_axis',(-0.923879532511289,0.382683432365084,0.));
#7063=DIRECTION('',(0.,0.,1.));
#7064=DIRECTION('',(0.,0.,-1.));
#7065=DIRECTION('center_axis',(0.70710678118656,-0.707106781186535,0.));
#7066=DIRECTION('ref_axis',(-0.707106781186535,-0.70710678118656,0.));
#7067=DIRECTION('',(-0.707106781186535,-0.70710678118656,0.));
#7068=DIRECTION('',(0.,0.,-1.));
#7069=DIRECTION('center_axis',(0.,0.,-1.));
#7070=DIRECTION('ref_axis',(-0.382683432365119,0.923879532511275,0.));
#7071=DIRECTION('center_axis',(0.,0.,-1.));
#7072=DIRECTION('ref_axis',(-0.382683432365119,0.923879532511275,0.));
#7073=DIRECTION('',(0.,0.,1.));
#7074=DIRECTION('center_axis',(1.,-1.23259516440783E-32,0.));
#7075=DIRECTION('ref_axis',(-1.23259516440783E-32,-1.,1.82314900718588E-63));
#7076=DIRECTION('center_axis',(-1.,1.23259516440783E-32,0.));
#7077=DIRECTION('ref_axis',(0.,0.,1.));
#7078=DIRECTION('',(8.71576399210527E-33,0.707106781186549,0.707106781186546));
#7079=DIRECTION('center_axis',(-1.,-4.01943669423047E-15,-4.01943669423045E-15));
#7080=DIRECTION('ref_axis',(0.,-0.707106781186546,0.707106781186549));
#7081=DIRECTION('center_axis',(1.,4.01943669423047E-15,4.01943669423045E-15));
#7082=DIRECTION('ref_axis',(0.,-0.707106781186546,0.707106781186549));
#7083=DIRECTION('',(-8.71576399210527E-33,-0.707106781186549,-0.707106781186546));
#7084=DIRECTION('center_axis',(1.,-1.23259516440783E-32,0.));
#7085=DIRECTION('ref_axis',(0.,0.,1.));
#7086=DIRECTION('center_axis',(1.,-1.23259516440783E-32,0.));
#7087=DIRECTION('ref_axis',(-1.23259516440783E-32,-1.,1.82314900718588E-63));
#7088=DIRECTION('center_axis',(-1.,1.23259516440783E-32,0.));
#7089=DIRECTION('ref_axis',(0.,0.,1.));
#7090=DIRECTION('',(8.71576399210527E-33,0.707106781186549,0.707106781186546));
#7091=DIRECTION('center_axis',(-1.,7.39557098644702E-32,7.39557098644699E-32));
#7092=DIRECTION('ref_axis',(0.,-0.707106781186546,0.707106781186549));
#7093=DIRECTION('center_axis',(1.,-7.39557098644702E-32,-7.39557098644699E-32));
#7094=DIRECTION('ref_axis',(0.,-0.707106781186546,0.707106781186549));
#7095=DIRECTION('',(-8.71576399210527E-33,-0.707106781186549,-0.707106781186546));
#7096=DIRECTION('center_axis',(1.,-1.23259516440783E-32,0.));
#7097=DIRECTION('ref_axis',(0.,0.,1.));
#7098=DIRECTION('center_axis',(1.,-1.23259516440783E-32,0.));
#7099=DIRECTION('ref_axis',(-1.23259516440783E-32,-1.,1.82314900718588E-63));
#7100=DIRECTION('center_axis',(-1.,1.23259516440783E-32,0.));
#7101=DIRECTION('ref_axis',(0.,0.,1.));
#7102=DIRECTION('',(8.71576399210527E-33,0.707106781186549,0.707106781186546));
#7103=DIRECTION('center_axis',(-1.,7.39557098644702E-32,7.39557098644699E-32));
#7104=DIRECTION('ref_axis',(0.,-0.707106781186546,0.707106781186549));
#7105=DIRECTION('center_axis',(1.,-7.39557098644702E-32,-7.39557098644699E-32));
#7106=DIRECTION('ref_axis',(0.,-0.707106781186546,0.707106781186549));
#7107=DIRECTION('',(-8.71576399210527E-33,-0.707106781186549,-0.707106781186546));
#7108=DIRECTION('center_axis',(1.,-1.23259516440783E-32,0.));
#7109=DIRECTION('ref_axis',(0.,0.,1.));
#7110=DIRECTION('center_axis',(1.,0.,0.));
#7111=DIRECTION('ref_axis',(0.,-0.707106781186546,0.707106781186549));
#7112=DIRECTION('',(1.,0.,0.));
#7113=DIRECTION('center_axis',(1.,0.,0.));
#7114=DIRECTION('ref_axis',(0.,-0.707106781186542,0.707106781186553));
#7115=DIRECTION('',(-1.,0.,0.));
#7116=DIRECTION('center_axis',(1.,0.,0.));
#7117=DIRECTION('ref_axis',(0.,-0.707106781186546,0.707106781186549));
#7118=DIRECTION('',(-1.,0.,0.));
#7119=DIRECTION('',(1.,0.,0.));
#7120=DIRECTION('center_axis',(1.,0.,0.));
#7121=DIRECTION('ref_axis',(0.,-0.707106781186546,0.707106781186549));
#7122=DIRECTION('',(1.,0.,0.));
#7123=DIRECTION('',(-1.,0.,0.));
#7124=DIRECTION('center_axis',(1.,0.,0.));
#7125=DIRECTION('ref_axis',(0.,-0.707106781186546,0.707106781186549));
#7126=DIRECTION('',(-1.,0.,0.));
#7127=DIRECTION('center_axis',(-1.,0.,0.));
#7128=DIRECTION('ref_axis',(0.,-0.707106781186552,-0.707106781186543));
#7129=DIRECTION('',(1.,0.,0.));
#7130=DIRECTION('center_axis',(1.,0.,0.));
#7131=DIRECTION('ref_axis',(0.,-0.707106781186546,0.707106781186549));
#7132=DIRECTION('',(1.,0.,0.));
#7133=DIRECTION('center_axis',(1.,-7.39557098644702E-32,-7.39557098644699E-32));
#7134=DIRECTION('ref_axis',(0.,-0.707106781186546,0.707106781186549));
#7135=DIRECTION('',(-1.,0.,0.));
#7136=DIRECTION('center_axis',(0.,-0.707106781186546,0.707106781186549));
#7137=DIRECTION('ref_axis',(1.,0.,0.));
#7138=DIRECTION('',(-1.,0.,0.));
#7139=DIRECTION('',(0.,-0.707106781186549,-0.707106781186546));
#7140=DIRECTION('center_axis',(0.,-0.707106781186546,0.707106781186549));
#7141=DIRECTION('ref_axis',(1.,0.,0.));
#7142=DIRECTION('',(-1.,0.,0.));
#7143=DIRECTION('center_axis',(0.,-0.707106781186546,0.707106781186549));
#7144=DIRECTION('ref_axis',(1.,0.,0.));
#7145=DIRECTION('',(-1.,0.,0.));
#7146=DIRECTION('center_axis',(0.,-0.707106781186546,0.707106781186549));
#7147=DIRECTION('ref_axis',(1.,0.,0.));
#7148=DIRECTION('',(0.,0.707106781186549,0.707106781186546));
#7149=DIRECTION('',(-1.,0.,0.));
#7150=DIRECTION('center_axis',(0.,-0.707106781186546,0.707106781186549));
#7151=DIRECTION('ref_axis',(1.,0.,0.));
#7152=DIRECTION('',(-1.,0.,0.));
#7153=DIRECTION('',(-8.71576399210527E-33,-0.707106781186549,-0.707106781186546));
#7154=DIRECTION('center_axis',(1.,-1.23259516440783E-32,0.));
#7155=DIRECTION('ref_axis',(-1.23259516440783E-32,-1.,1.82314900718588E-63));
#7156=DIRECTION('center_axis',(-1.,1.23259516440783E-32,0.));
#7157=DIRECTION('ref_axis',(0.,0.,1.));
#7158=DIRECTION('',(8.71576399210527E-33,0.707106781186549,0.707106781186546));
#7159=DIRECTION('center_axis',(-1.,7.39557098644702E-32,7.39557098644699E-32));
#7160=DIRECTION('ref_axis',(0.,-0.707106781186546,0.707106781186549));
#7161=DIRECTION('center_axis',(1.,-1.23259516440783E-32,0.));
#7162=DIRECTION('ref_axis',(0.,0.,1.));
#7163=DIRECTION('center_axis',(0.,0.707106781186546,-0.707106781186549));
#7164=DIRECTION('ref_axis',(-1.,0.,0.));
#7165=DIRECTION('',(-1.,0.,0.));
#7166=DIRECTION('',(0.,0.707106781186549,0.707106781186546));
#7167=DIRECTION('',(1.,0.,0.));
#7168=DIRECTION('center_axis',(0.,0.707106781186546,-0.707106781186549));
#7169=DIRECTION('ref_axis',(-1.,0.,0.));
#7170=DIRECTION('',(1.,0.,0.));
#7171=DIRECTION('',(-1.,0.,0.));
#7172=DIRECTION('center_axis',(0.,0.707106781186546,-0.707106781186549));
#7173=DIRECTION('ref_axis',(-1.,0.,0.));
#7174=DIRECTION('',(-1.,0.,0.));
#7175=DIRECTION('',(1.,0.,0.));
#7176=DIRECTION('center_axis',(0.,0.707106781186546,-0.707106781186549));
#7177=DIRECTION('ref_axis',(-1.,0.,0.));
#7178=DIRECTION('',(1.,0.,0.));
#7179=DIRECTION('',(0.,0.707106781186549,0.707106781186546));
#7180=DIRECTION('',(-1.,0.,0.));
#7181=DIRECTION('center_axis',(0.,0.707106781186546,-0.707106781186549));
#7182=DIRECTION('ref_axis',(-1.,0.,0.));
#7183=DIRECTION('',(-1.,0.,0.));
#7184=DIRECTION('',(1.,0.,0.));
#7185=DIRECTION('center_axis',(1.,0.,0.));
#7186=DIRECTION('ref_axis',(0.,-0.707106781186546,0.707106781186549));
#7187=DIRECTION('center_axis',(-1.,0.,0.));
#7188=DIRECTION('ref_axis',(0.,-0.707106781186546,-0.707106781186549));
#7189=DIRECTION('center_axis',(1.,0.,0.));
#7190=DIRECTION('ref_axis',(0.,-0.707106781186546,0.707106781186549));
#7191=DIRECTION('center_axis',(1.,0.,0.));
#7192=DIRECTION('ref_axis',(0.,-0.707106781186546,0.707106781186549));
#7193=DIRECTION('center_axis',(1.,0.,0.));
#7194=DIRECTION('ref_axis',(0.,-0.707106781186546,0.707106781186549));
#7195=DIRECTION('center_axis',(-1.,0.,0.));
#7196=DIRECTION('ref_axis',(0.,-0.707106781186546,-0.707106781186549));
#7197=DIRECTION('center_axis',(1.,0.,0.));
#7198=DIRECTION('ref_axis',(0.,-0.707106781186546,0.707106781186549));
#7199=DIRECTION('center_axis',(0.,0.,-1.));
#7200=DIRECTION('ref_axis',(-1.,0.,0.));
#7201=DIRECTION('',(-1.,0.,0.));
#7202=DIRECTION('',(-1.,0.,0.));
#7203=DIRECTION('',(-1.,0.,0.));
#7204=DIRECTION('',(-1.,0.,0.));
#7205=DIRECTION('',(0.,1.,0.));
#7206=DIRECTION('',(0.,1.,0.));
#7207=DIRECTION('',(1.,-1.98198810516579E-16,0.));
#7208=DIRECTION('',(-3.22973970800046E-16,-1.,0.));
#7209=DIRECTION('',(-1.,0.,0.));
#7210=DIRECTION('',(0.,1.,0.));
#7211=DIRECTION('',(0.,-1.,0.));
#7212=DIRECTION('',(1.,-1.64477485129653E-16,0.));
#7213=DIRECTION('',(0.,1.,0.));
#7214=DIRECTION('',(-1.,-2.52743389130542E-14,0.));
#7215=DIRECTION('',(7.80816193142977E-16,-1.,0.));
#7216=DIRECTION('',(1.,-2.38437159557116E-16,0.));
#7217=DIRECTION('',(0.,1.,0.));
#7218=DIRECTION('',(0.,-1.,0.));
#7219=DIRECTION('',(1.,0.,0.));
#7220=DIRECTION('',(1.95204048285743E-16,1.,0.));
#7221=DIRECTION('',(-1.,0.,0.));
#7222=DIRECTION('',(0.,1.,0.));
#7223=DIRECTION('',(0.,-1.,0.));
#7224=DIRECTION('',(1.,-3.51753829500596E-16,0.));
#7225=DIRECTION('',(0.,1.,0.));
#7226=DIRECTION('',(-1.,0.,0.));
#7227=DIRECTION('',(1.56163238628589E-15,-1.,0.));
#7228=DIRECTION('',(1.,0.,0.));
#7229=DIRECTION('',(7.80816193142951E-16,-1.,0.));
#7230=DIRECTION('',(1.,0.,0.));
#7231=DIRECTION('',(0.,1.,0.));
#7232=DIRECTION('',(0.,1.,0.));
#7233=DIRECTION('',(-1.,6.34413156928661E-16,0.));
#7234=DIRECTION('',(0.,-1.,0.));
#7235=DIRECTION('',(1.,0.,0.));
#7236=DIRECTION('center_axis',(0.,0.,1.));
#7237=DIRECTION('ref_axis',(1.,0.,0.));
#7238=DIRECTION('center_axis',(0.,0.,1.));
#7239=DIRECTION('ref_axis',(1.,0.,0.));
#7240=DIRECTION('center_axis',(0.,0.,1.));
#7241=DIRECTION('ref_axis',(1.,0.,0.));
#7242=DIRECTION('center_axis',(0.,0.,1.));
#7243=DIRECTION('ref_axis',(1.,0.,0.));
#7244=DIRECTION('center_axis',(0.,0.,1.));
#7245=DIRECTION('ref_axis',(1.,0.,0.));
#7246=DIRECTION('center_axis',(0.,0.,1.));
#7247=DIRECTION('ref_axis',(1.,0.,0.));
#7248=DIRECTION('center_axis',(0.,0.,1.));
#7249=DIRECTION('ref_axis',(1.,0.,0.));
#7250=DIRECTION('center_axis',(0.,0.,1.));
#7251=DIRECTION('ref_axis',(1.,0.,0.));
#7252=DIRECTION('center_axis',(0.,0.,1.));
#7253=DIRECTION('ref_axis',(1.,0.,0.));
#7254=DIRECTION('center_axis',(0.,0.,1.));
#7255=DIRECTION('ref_axis',(1.,0.,0.));
#7256=DIRECTION('center_axis',(0.,0.,1.));
#7257=DIRECTION('ref_axis',(1.,0.,0.));
#7258=DIRECTION('center_axis',(0.,0.,1.));
#7259=DIRECTION('ref_axis',(1.,0.,0.));
#7260=DIRECTION('center_axis',(0.,0.,1.));
#7261=DIRECTION('ref_axis',(1.,0.,0.));
#7262=DIRECTION('center_axis',(0.,0.,1.));
#7263=DIRECTION('ref_axis',(1.,0.,0.));
#7264=DIRECTION('center_axis',(0.,0.,1.));
#7265=DIRECTION('ref_axis',(1.,0.,0.));
#7266=DIRECTION('center_axis',(0.,0.,1.));
#7267=DIRECTION('ref_axis',(1.,0.,0.));
#7268=DIRECTION('center_axis',(0.,0.,1.));
#7269=DIRECTION('ref_axis',(1.,0.,0.));
#7270=DIRECTION('center_axis',(0.,0.,1.));
#7271=DIRECTION('ref_axis',(1.,0.,0.));
#7272=DIRECTION('center_axis',(0.,0.,1.));
#7273=DIRECTION('ref_axis',(1.,0.,0.));
#7274=DIRECTION('center_axis',(0.,0.,1.));
#7275=DIRECTION('ref_axis',(1.,0.,0.));
#7276=DIRECTION('center_axis',(0.,0.,1.));
#7277=DIRECTION('ref_axis',(1.,0.,0.));
#7278=DIRECTION('center_axis',(0.,0.,1.));
#7279=DIRECTION('ref_axis',(1.,0.,0.));
#7280=DIRECTION('center_axis',(0.,0.,1.));
#7281=DIRECTION('ref_axis',(1.,0.,0.));
#7282=DIRECTION('center_axis',(0.,0.,1.));
#7283=DIRECTION('ref_axis',(1.,0.,0.));
#7284=DIRECTION('center_axis',(0.,0.,1.));
#7285=DIRECTION('ref_axis',(1.,0.,0.));
#7286=DIRECTION('center_axis',(0.,0.,1.));
#7287=DIRECTION('ref_axis',(1.,0.,0.));
#7288=DIRECTION('center_axis',(0.,0.,1.));
#7289=DIRECTION('ref_axis',(1.,0.,0.));
#7290=DIRECTION('center_axis',(0.,0.,1.));
#7291=DIRECTION('ref_axis',(1.,0.,0.));
#7292=DIRECTION('center_axis',(0.,0.,1.));
#7293=DIRECTION('ref_axis',(1.,-5.12222664186653E-17,0.));
#7294=DIRECTION('center_axis',(0.,0.,1.));
#7295=DIRECTION('ref_axis',(1.,-5.12222664186653E-17,0.));
#7296=DIRECTION('center_axis',(0.,0.,1.));
#7297=DIRECTION('ref_axis',(1.,-5.12222664186653E-17,0.));
#7298=DIRECTION('center_axis',(0.,0.,1.));
#7299=DIRECTION('ref_axis',(1.,-5.12222664186653E-17,0.));
#7300=DIRECTION('center_axis',(0.,0.,1.));
#7301=DIRECTION('ref_axis',(1.,-5.12222664186653E-17,0.));
#7302=DIRECTION('center_axis',(0.,0.,1.));
#7303=DIRECTION('ref_axis',(1.,-5.12222664186653E-17,0.));
#7304=DIRECTION('center_axis',(0.,0.,1.));
#7305=DIRECTION('ref_axis',(1.,-5.12222664186653E-17,0.));
#7306=DIRECTION('center_axis',(0.,0.,1.));
#7307=DIRECTION('ref_axis',(1.,-5.12222664186653E-17,0.));
#7308=DIRECTION('center_axis',(0.,0.,1.));
#7309=DIRECTION('ref_axis',(1.,-5.12222664186653E-17,0.));
#7310=DIRECTION('center_axis',(0.,0.,1.));
#7311=DIRECTION('ref_axis',(1.,-5.12222664186653E-17,0.));
#7312=DIRECTION('center_axis',(0.,0.,1.));
#7313=DIRECTION('ref_axis',(1.,-5.12222664186653E-17,0.));
#7314=DIRECTION('center_axis',(0.,0.,1.));
#7315=DIRECTION('ref_axis',(1.,-5.12222664186653E-17,0.));
#7316=DIRECTION('center_axis',(0.,0.,1.));
#7317=DIRECTION('ref_axis',(1.,-5.12222664186653E-17,0.));
#7318=DIRECTION('center_axis',(0.,0.,1.));
#7319=DIRECTION('ref_axis',(1.,-5.12222664186653E-17,0.));
#7320=DIRECTION('center_axis',(0.,0.,1.));
#7321=DIRECTION('ref_axis',(1.,-5.12222664186653E-17,0.));
#7322=DIRECTION('center_axis',(0.,0.,1.));
#7323=DIRECTION('ref_axis',(1.,-5.12222664186653E-17,0.));
#7324=DIRECTION('center_axis',(1.,0.,0.));
#7325=DIRECTION('ref_axis',(0.,0.,1.));
#7326=DIRECTION('center_axis',(-1.,0.,0.));
#7327=DIRECTION('ref_axis',(0.,-0.707106781186547,0.707106781186548));
#7328=DIRECTION('center_axis',(1.,0.,0.));
#7329=DIRECTION('ref_axis',(0.,0.,1.));
#7330=DIRECTION('center_axis',(1.,0.,0.));
#7331=DIRECTION('ref_axis',(0.,0.,1.));
#7332=DIRECTION('center_axis',(1.,0.,0.));
#7333=DIRECTION('ref_axis',(0.,0.,1.));
#7334=DIRECTION('center_axis',(1.,0.,0.));
#7335=DIRECTION('ref_axis',(0.,0.,1.));
#7336=DIRECTION('center_axis',(1.,0.,0.));
#7337=DIRECTION('ref_axis',(0.,0.,1.));
#7338=DIRECTION('center_axis',(1.,0.,0.));
#7339=DIRECTION('ref_axis',(0.,0.,1.));
#7340=DIRECTION('center_axis',(1.,0.,0.));
#7341=DIRECTION('ref_axis',(0.,0.,1.));
#7342=DIRECTION('center_axis',(1.,0.,0.));
#7343=DIRECTION('ref_axis',(0.,0.,1.));
#7344=DIRECTION('center_axis',(1.23259516440783E-32,0.707106781186553,0.707106781186542));
#7345=DIRECTION('ref_axis',(0.,0.707106781186542,-0.707106781186553));
#7346=DIRECTION('center_axis',(0.,0.707106781186553,0.707106781186542));
#7347=DIRECTION('ref_axis',(0.,0.707106781186542,-0.707106781186553));
#7348=DIRECTION('',(1.23259516440783E-32,0.707106781186553,0.707106781186542));
#7349=DIRECTION('center_axis',(1.23259516440783E-32,0.707106781186553,0.707106781186542));
#7350=DIRECTION('ref_axis',(0.,0.707106781186542,-0.707106781186553));
#7351=DIRECTION('center_axis',(0.,0.707106781186553,0.707106781186542));
#7352=DIRECTION('ref_axis',(0.,0.707106781186542,-0.707106781186553));
#7353=DIRECTION('',(1.23259516440783E-32,0.707106781186553,0.707106781186542));
#7354=DIRECTION('center_axis',(1.23259516440783E-32,0.707106781186553,0.707106781186542));
#7355=DIRECTION('ref_axis',(0.,0.707106781186542,-0.707106781186553));
#7356=DIRECTION('center_axis',(0.,0.707106781186553,0.707106781186542));
#7357=DIRECTION('ref_axis',(0.,0.707106781186542,-0.707106781186553));
#7358=DIRECTION('',(1.23259516440783E-32,0.707106781186553,0.707106781186542));
#7359=DIRECTION('center_axis',(1.23259516440783E-32,0.707106781186553,0.707106781186542));
#7360=DIRECTION('ref_axis',(0.,0.707106781186542,-0.707106781186553));
#7361=DIRECTION('center_axis',(0.,0.707106781186553,0.707106781186542));
#7362=DIRECTION('ref_axis',(0.,0.707106781186542,-0.707106781186553));
#7363=DIRECTION('',(1.23259516440783E-32,0.707106781186553,0.707106781186542));
#7364=DIRECTION('center_axis',(1.23259516440783E-32,0.707106781186553,0.707106781186542));
#7365=DIRECTION('ref_axis',(0.,0.707106781186542,-0.707106781186553));
#7366=DIRECTION('center_axis',(0.,0.707106781186553,0.707106781186542));
#7367=DIRECTION('ref_axis',(0.,0.707106781186542,-0.707106781186553));
#7368=DIRECTION('',(1.23259516440783E-32,0.707106781186553,0.707106781186542));
#7369=DIRECTION('center_axis',(-1.,0.,0.));
#7370=DIRECTION('ref_axis',(0.,0.707106781186543,-0.707106781186552));
#7371=DIRECTION('',(0.,0.707106781186543,-0.707106781186552));
#7372=DIRECTION('',(0.,0.707106781186553,0.707106781186542));
#7373=DIRECTION('center_axis',(1.,0.,0.));
#7374=DIRECTION('ref_axis',(0.,0.,-1.));
#7375=DIRECTION('',(0.,-0.707106781186553,-0.707106781186542));
#7376=DIRECTION('',(0.,0.707106781186546,-0.707106781186549));
#7377=DIRECTION('center_axis',(-1.,0.,0.));
#7378=DIRECTION('ref_axis',(0.,0.,1.));
#7379=DIRECTION('',(0.,-0.707106781186546,0.707106781186549));
#7380=DIRECTION('center_axis',(1.,0.,0.));
#7381=DIRECTION('ref_axis',(0.,-0.707106781186542,0.707106781186553));
#7382=DIRECTION('',(0.,-0.707106781186542,0.707106781186553));
#7383=DIRECTION('center_axis',(0.,-0.707106781186553,-0.707106781186542));
#7384=DIRECTION('ref_axis',(1.,0.,0.));
#7385=DIRECTION('center_axis',(1.,0.,0.));
#7386=DIRECTION('ref_axis',(0.,0.,1.));
#7387=DIRECTION('center_axis',(-1.,0.,0.));
#7388=DIRECTION('ref_axis',(0.,-0.707106781186546,0.707106781186549));
#7389=DIRECTION('center_axis',(-1.,0.,0.));
#7390=DIRECTION('ref_axis',(0.,-0.707106781186549,-0.707106781186546));
#7391=DIRECTION('',(0.,0.707106781186546,-0.707106781186549));
#7392=DIRECTION('center_axis',(1.,0.,0.));
#7393=DIRECTION('ref_axis',(0.,0.,-1.));
#7394=DIRECTION('',(0.,-0.707106781186546,0.707106781186549));
#7395=DIRECTION('center_axis',(-1.,0.,0.));
#7396=DIRECTION('ref_axis',(0.,-0.707106781186547,0.707106781186548));
#7397=DIRECTION('center_axis',(-1.,0.,0.));
#7398=DIRECTION('ref_axis',(0.,0.,1.));
#7399=DIRECTION('',(0.,0.,-1.));
#7400=DIRECTION('center_axis',(1.,0.,0.));
#7401=DIRECTION('ref_axis',(0.,0.707106781186549,0.707106781186546));
#7402=DIRECTION('center_axis',(1.,0.,0.));
#7403=DIRECTION('ref_axis',(0.,0.,1.));
#7404=DIRECTION('center_axis',(-1.,1.15621524325821E-14,-1.43552699245051E-14));
#7405=DIRECTION('ref_axis',(1.83263850995722E-14,0.70710678118654,-0.707106781186555));
#7406=DIRECTION('center_axis',(1.,0.,1.71512449944288E-15));
#7407=DIRECTION('ref_axis',(1.83263850995722E-14,0.70710678118654,-0.707106781186555));
#7408=DIRECTION('',(1.,-1.15621524325821E-14,1.43552699245051E-14));
#7409=DIRECTION('center_axis',(-1.,1.15621524325821E-14,-1.43552699245051E-14));
#7410=DIRECTION('ref_axis',(1.83263850995722E-14,0.70710678118654,-0.707106781186555));
#7411=DIRECTION('center_axis',(1.,0.,1.71512449944288E-15));
#7412=DIRECTION('ref_axis',(1.83263850995722E-14,0.70710678118654,-0.707106781186555));
#7413=DIRECTION('',(1.,-1.15621524325821E-14,1.43552699245051E-14));
#7414=DIRECTION('center_axis',(-1.,1.15621524325821E-14,-1.43552699245051E-14));
#7415=DIRECTION('ref_axis',(1.83263850995722E-14,0.70710678118654,-0.707106781186555));
#7416=DIRECTION('center_axis',(1.,0.,1.71512449944288E-15));
#7417=DIRECTION('ref_axis',(1.83263850995722E-14,0.70710678118654,-0.707106781186555));
#7418=DIRECTION('',(1.,-1.15621524325821E-14,1.43552699245051E-14));
#7419=DIRECTION('center_axis',(-1.,3.80601530744922E-15,3.79584135869843E-15));
#7420=DIRECTION('ref_axis',(7.19406815307269E-18,0.70710678118654,-0.707106781186555));
#7421=DIRECTION('center_axis',(-1.,3.22973970800046E-16,-5.39030285815812E-15));
#7422=DIRECTION('ref_axis',(7.19406815307269E-18,0.70710678118654,-0.707106781186555));
#7423=DIRECTION('',(-1.,3.80601530744922E-15,3.79584135869843E-15));
#7424=DIRECTION('center_axis',(-1.,3.80601530744922E-15,3.79584135869843E-15));
#7425=DIRECTION('ref_axis',(7.19406815307269E-18,0.70710678118654,-0.707106781186555));
#7426=DIRECTION('center_axis',(-1.,3.22973970800046E-16,-5.39030285815812E-15));
#7427=DIRECTION('ref_axis',(7.19406815307269E-18,0.70710678118654,-0.707106781186555));
#7428=DIRECTION('',(-1.,3.80601530744922E-15,3.79584135869843E-15));
#7429=DIRECTION('center_axis',(-1.,3.80601530744922E-15,3.79584135869843E-15));
#7430=DIRECTION('ref_axis',(7.19406815307269E-18,0.70710678118654,-0.707106781186555));
#7431=DIRECTION('center_axis',(-1.,3.22973970800046E-16,-5.39030285815812E-15));
#7432=DIRECTION('ref_axis',(7.19406815307269E-18,0.70710678118654,-0.707106781186555));
#7433=DIRECTION('',(-1.,3.80601530744922E-15,3.79584135869843E-15));
#7434=DIRECTION('center_axis',(0.,-1.,0.));
#7435=DIRECTION('ref_axis',(0.,0.,1.));
#7436=DIRECTION('',(0.,1.,0.));
#7437=DIRECTION('center_axis',(0.,-1.,0.));
#7438=DIRECTION('ref_axis',(1.18423789293351E-14,0.,1.));
#7439=DIRECTION('center_axis',(-5.53940570001509E-31,1.,3.22973970800046E-16));
#7440=DIRECTION('ref_axis',(1.77635683940025E-15,3.22973970800046E-16,-1.));
#7441=DIRECTION('',(1.77635683940025E-15,3.22973970800046E-16,-1.));
#7442=DIRECTION('',(1.,0.,1.71512449944288E-15));
#7443=DIRECTION('center_axis',(0.,1.,0.));
#7444=DIRECTION('ref_axis',(0.,0.,1.));
#7445=DIRECTION('',(0.,0.,1.));
#7446=DIRECTION('center_axis',(0.,1.,0.));
#7447=DIRECTION('ref_axis',(-1.,0.,-1.85037170770861E-15));
#7448=DIRECTION('center_axis',(0.,-1.,0.));
#7449=DIRECTION('ref_axis',(0.,0.,1.));
#7450=DIRECTION('center_axis',(-1.,0.,-1.71512449944288E-15));
#7451=DIRECTION('ref_axis',(-1.71512449944288E-15,0.,1.));
#7452=DIRECTION('center_axis',(3.22973970800046E-16,1.,0.));
#7453=DIRECTION('ref_axis',(0.,0.,1.));
#7454=DIRECTION('',(-3.22973970800046E-16,-1.,0.));
#7455=DIRECTION('center_axis',(-3.22973970800046E-16,-1.,0.));
#7456=DIRECTION('ref_axis',(1.,0.,1.96139401017115E-14));
#7457=DIRECTION('center_axis',(3.22973970800046E-16,1.,0.));
#7458=DIRECTION('ref_axis',(-3.55271367880052E-14,0.,1.));
#7459=DIRECTION('center_axis',(3.22973970800046E-16,1.,0.));
#7460=DIRECTION('ref_axis',(0.,0.,1.));
#7461=DIRECTION('center_axis',(-3.22973970800046E-16,-1.,0.));
#7462=DIRECTION('ref_axis',(1.,0.,1.96139401017127E-14));
#7463=DIRECTION('',(0.,0.,-1.));
#7464=DIRECTION('center_axis',(-3.22973970800046E-16,-1.,0.));
#7465=DIRECTION('ref_axis',(0.,0.,-1.));
#7466=DIRECTION('center_axis',(-3.22973970800046E-16,-1.,0.));
#7467=DIRECTION('ref_axis',(1.,0.,5.55111512312636E-15));
#7468=DIRECTION('center_axis',(5.39030285815812E-15,-3.34935969718567E-16,
-1.));
#7469=DIRECTION('ref_axis',(3.22973970800047E-16,1.,-3.34935969718566E-16));
#7470=DIRECTION('',(3.22973970800047E-16,1.,-3.34935969718566E-16));
#7471=DIRECTION('center_axis',(3.22973970800046E-16,1.,0.));
#7472=DIRECTION('ref_axis',(0.,0.,1.));
#7473=DIRECTION('center_axis',(1.,-3.22973970800046E-16,5.39030285815812E-15));
#7474=DIRECTION('ref_axis',(5.39030285815812E-15,3.22973970800044E-16,-1.));
#7475=DIRECTION('center_axis',(1.,0.,0.));
#7476=DIRECTION('ref_axis',(0.,1.,0.));
#7477=DIRECTION('center_axis',(1.98198810516579E-16,1.,0.));
#7478=DIRECTION('ref_axis',(1.,-1.98198810516579E-16,0.));
#7479=DIRECTION('center_axis',(0.,0.,-1.));
#7480=DIRECTION('ref_axis',(1.,-5.12222664186653E-17,0.));
#7481=DIRECTION('',(0.,0.,-1.));
#7482=DIRECTION('center_axis',(0.,0.,-1.));
#7483=DIRECTION('ref_axis',(1.,-5.12222664186653E-17,0.));
#7484=DIRECTION('',(0.,0.,-1.));
#7485=DIRECTION('center_axis',(0.,0.,-1.));
#7486=DIRECTION('ref_axis',(1.,-5.12222664186653E-17,0.));
#7487=DIRECTION('',(0.,0.,-1.));
#7488=DIRECTION('center_axis',(0.,0.,-1.));
#7489=DIRECTION('ref_axis',(1.,-5.12222664186653E-17,0.));
#7490=DIRECTION('',(0.,0.,-1.));
#7491=DIRECTION('center_axis',(0.,0.,-1.));
#7492=DIRECTION('ref_axis',(1.,-5.12222664186653E-17,0.));
#7493=DIRECTION('',(0.,0.,-1.));
#7494=DIRECTION('center_axis',(0.,0.,-1.));
#7495=DIRECTION('ref_axis',(1.,-5.12222664186653E-17,0.));
#7496=DIRECTION('',(0.,0.,-1.));
#7497=DIRECTION('center_axis',(0.,0.,-1.));
#7498=DIRECTION('ref_axis',(1.,-5.12222664186653E-17,0.));
#7499=DIRECTION('',(0.,0.,-1.));
#7500=DIRECTION('center_axis',(0.,0.,-1.));
#7501=DIRECTION('ref_axis',(1.,-5.12222664186653E-17,0.));
#7502=DIRECTION('',(0.,0.,-1.));
#7503=DIRECTION('center_axis',(0.,0.,-1.));
#7504=DIRECTION('ref_axis',(1.,-5.12222664186653E-17,0.));
#7505=DIRECTION('',(0.,0.,-1.));
#7506=DIRECTION('center_axis',(0.,0.,-1.));
#7507=DIRECTION('ref_axis',(1.,-5.12222664186653E-17,0.));
#7508=DIRECTION('',(0.,0.,-1.));
#7509=DIRECTION('center_axis',(0.,0.,-1.));
#7510=DIRECTION('ref_axis',(1.,-5.12222664186653E-17,0.));
#7511=DIRECTION('',(0.,0.,-1.));
#7512=DIRECTION('center_axis',(0.,0.,-1.));
#7513=DIRECTION('ref_axis',(1.,-5.12222664186653E-17,0.));
#7514=DIRECTION('',(0.,0.,-1.));
#7515=DIRECTION('center_axis',(0.,0.,-1.));
#7516=DIRECTION('ref_axis',(1.,-5.12222664186653E-17,0.));
#7517=DIRECTION('',(0.,0.,-1.));
#7518=DIRECTION('center_axis',(0.,0.,-1.));
#7519=DIRECTION('ref_axis',(1.,-5.12222664186653E-17,0.));
#7520=DIRECTION('',(0.,0.,-1.));
#7521=DIRECTION('center_axis',(0.,0.,-1.));
#7522=DIRECTION('ref_axis',(1.,-5.12222664186653E-17,0.));
#7523=DIRECTION('',(0.,0.,-1.));
#7524=DIRECTION('center_axis',(0.,0.,-1.));
#7525=DIRECTION('ref_axis',(1.,-5.12222664186653E-17,0.));
#7526=DIRECTION('',(0.,0.,-1.));
#7527=DIRECTION('center_axis',(0.,0.,-1.));
#7528=DIRECTION('ref_axis',(1.,0.,0.));
#7529=DIRECTION('',(0.,0.,-1.));
#7530=DIRECTION('center_axis',(0.,0.,-1.));
#7531=DIRECTION('ref_axis',(1.,0.,0.));
#7532=DIRECTION('',(0.,0.,-1.));
#7533=DIRECTION('center_axis',(0.,0.,-1.));
#7534=DIRECTION('ref_axis',(1.,0.,0.));
#7535=DIRECTION('',(0.,0.,-1.));
#7536=DIRECTION('center_axis',(0.,0.,-1.));
#7537=DIRECTION('ref_axis',(1.,0.,0.));
#7538=DIRECTION('',(0.,0.,-1.));
#7539=DIRECTION('center_axis',(0.,0.,-1.));
#7540=DIRECTION('ref_axis',(1.,0.,0.));
#7541=DIRECTION('',(0.,0.,-1.));
#7542=DIRECTION('center_axis',(0.,0.,-1.));
#7543=DIRECTION('ref_axis',(1.,0.,0.));
#7544=DIRECTION('',(0.,0.,-1.));
#7545=DIRECTION('center_axis',(0.,0.,-1.));
#7546=DIRECTION('ref_axis',(1.,0.,0.));
#7547=DIRECTION('',(0.,0.,-1.));
#7548=DIRECTION('center_axis',(0.,0.,-1.));
#7549=DIRECTION('ref_axis',(1.,0.,0.));
#7550=DIRECTION('',(0.,0.,-1.));
#7551=DIRECTION('center_axis',(0.,0.,-1.));
#7552=DIRECTION('ref_axis',(1.,0.,0.));
#7553=DIRECTION('',(0.,0.,-1.));
#7554=DIRECTION('center_axis',(0.,0.,-1.));
#7555=DIRECTION('ref_axis',(1.,0.,0.));
#7556=DIRECTION('',(0.,0.,-1.));
#7557=DIRECTION('center_axis',(0.,0.,-1.));
#7558=DIRECTION('ref_axis',(1.,0.,0.));
#7559=DIRECTION('',(0.,0.,-1.));
#7560=DIRECTION('center_axis',(0.,0.,-1.));
#7561=DIRECTION('ref_axis',(1.,0.,0.));
#7562=DIRECTION('',(0.,0.,-1.));
#7563=DIRECTION('center_axis',(0.,0.,-1.));
#7564=DIRECTION('ref_axis',(1.,0.,0.));
#7565=DIRECTION('',(0.,0.,-1.));
#7566=DIRECTION('center_axis',(0.,0.,-1.));
#7567=DIRECTION('ref_axis',(1.,0.,0.));
#7568=DIRECTION('',(0.,0.,-1.));
#7569=DIRECTION('center_axis',(0.,0.,-1.));
#7570=DIRECTION('ref_axis',(1.,0.,0.));
#7571=DIRECTION('',(0.,0.,-1.));
#7572=DIRECTION('center_axis',(0.,0.,-1.));
#7573=DIRECTION('ref_axis',(1.,0.,0.));
#7574=DIRECTION('',(0.,0.,-1.));
#7575=DIRECTION('center_axis',(0.,0.,-1.));
#7576=DIRECTION('ref_axis',(1.,0.,0.));
#7577=DIRECTION('',(0.,0.,-1.));
#7578=DIRECTION('center_axis',(0.,0.,-1.));
#7579=DIRECTION('ref_axis',(1.,0.,0.));
#7580=DIRECTION('',(0.,0.,-1.));
#7581=DIRECTION('center_axis',(0.,0.,-1.));
#7582=DIRECTION('ref_axis',(1.,0.,0.));
#7583=DIRECTION('',(0.,0.,-1.));
#7584=DIRECTION('center_axis',(0.,0.,-1.));
#7585=DIRECTION('ref_axis',(1.,0.,0.));
#7586=DIRECTION('',(0.,0.,-1.));
#7587=DIRECTION('center_axis',(0.,0.,-1.));
#7588=DIRECTION('ref_axis',(1.,0.,0.));
#7589=DIRECTION('',(0.,0.,-1.));
#7590=DIRECTION('center_axis',(0.,0.,-1.));
#7591=DIRECTION('ref_axis',(1.,0.,0.));
#7592=DIRECTION('',(0.,0.,-1.));
#7593=DIRECTION('center_axis',(0.,0.,-1.));
#7594=DIRECTION('ref_axis',(1.,0.,0.));
#7595=DIRECTION('',(0.,0.,-1.));
#7596=DIRECTION('center_axis',(0.,0.,-1.));
#7597=DIRECTION('ref_axis',(1.,0.,0.));
#7598=DIRECTION('',(0.,0.,-1.));
#7599=DIRECTION('center_axis',(0.,0.,-1.));
#7600=DIRECTION('ref_axis',(1.,0.,0.));
#7601=DIRECTION('',(0.,0.,-1.));
#7602=DIRECTION('center_axis',(0.,0.,-1.));
#7603=DIRECTION('ref_axis',(1.,0.,0.));
#7604=DIRECTION('',(0.,0.,-1.));
#7605=DIRECTION('center_axis',(0.,0.,-1.));
#7606=DIRECTION('ref_axis',(1.,0.,0.));
#7607=DIRECTION('',(0.,0.,-1.));
#7608=DIRECTION('center_axis',(0.,0.,-1.));
#7609=DIRECTION('ref_axis',(1.,0.,0.));
#7610=DIRECTION('',(0.,0.,-1.));
#7611=DIRECTION('center_axis',(-1.,0.,0.));
#7612=DIRECTION('ref_axis',(0.,1.,0.));
#7613=DIRECTION('center_axis',(0.,1.,0.));
#7614=DIRECTION('ref_axis',(1.,0.,0.));
#7615=DIRECTION('center_axis',(1.,0.,0.));
#7616=DIRECTION('ref_axis',(0.,-1.,0.));
#7617=DIRECTION('center_axis',(-1.,0.,0.));
#7618=DIRECTION('ref_axis',(0.,1.,0.));
#7619=DIRECTION('center_axis',(3.51753829500596E-16,1.,0.));
#7620=DIRECTION('ref_axis',(1.,-3.51753829500596E-16,0.));
#7621=DIRECTION('center_axis',(1.,0.,0.));
#7622=DIRECTION('ref_axis',(0.,-1.,0.));
#7623=DIRECTION('center_axis',(0.,1.,0.));
#7624=DIRECTION('ref_axis',(1.,0.,0.));
#7625=DIRECTION('center_axis',(0.,-1.,0.));
#7626=DIRECTION('ref_axis',(-1.,0.,0.));
#7627=DIRECTION('center_axis',(1.,0.,0.));
#7628=DIRECTION('ref_axis',(0.,-1.,0.));
#7629=DIRECTION('center_axis',(1.,7.80816193142977E-16,0.));
#7630=DIRECTION('ref_axis',(7.80816193142977E-16,-1.,0.));
#7631=DIRECTION('center_axis',(2.52743389130542E-14,-1.,0.));
#7632=DIRECTION('ref_axis',(-1.,-2.52743389130542E-14,0.));
#7633=DIRECTION('center_axis',(0.,-1.,0.));
#7634=DIRECTION('ref_axis',(-1.,0.,0.));
#7635=DIRECTION('center_axis',(-1.,0.,0.));
#7636=DIRECTION('ref_axis',(0.,1.,0.));
#7637=DIRECTION('center_axis',(0.,1.,0.));
#7638=DIRECTION('ref_axis',(1.,0.,0.));
#7639=DIRECTION('center_axis',(-1.,0.,0.));
#7640=DIRECTION('ref_axis',(0.,1.,0.));
#7641=DIRECTION('center_axis',(0.,1.,0.));
#7642=DIRECTION('ref_axis',(1.,0.,0.));
#7643=DIRECTION('center_axis',(1.,7.80816193142951E-16,0.));
#7644=DIRECTION('ref_axis',(7.80816193142951E-16,-1.,0.));
#7645=DIRECTION('center_axis',(1.64477485129653E-16,1.,0.));
#7646=DIRECTION('ref_axis',(1.,-1.64477485129653E-16,0.));
#7647=DIRECTION('center_axis',(1.,0.,0.));
#7648=DIRECTION('ref_axis',(0.,-1.,0.));
#7649=DIRECTION('center_axis',(-1.,0.,0.));
#7650=DIRECTION('ref_axis',(0.,1.,0.));
#7651=DIRECTION('center_axis',(2.38437159557116E-16,1.,0.));
#7652=DIRECTION('ref_axis',(1.,-2.38437159557116E-16,0.));
#7653=DIRECTION('center_axis',(-1.,1.95204048285743E-16,0.));
#7654=DIRECTION('ref_axis',(1.95204048285743E-16,1.,0.));
#7655=DIRECTION('center_axis',(1.,1.56163238628589E-15,0.));
#7656=DIRECTION('ref_axis',(1.56163238628589E-15,-1.,0.));
#7657=DIRECTION('center_axis',(-6.34413156928661E-16,-1.,0.));
#7658=DIRECTION('ref_axis',(-1.,6.34413156928661E-16,0.));
#7659=DIRECTION('center_axis',(-1.,0.,0.));
#7660=DIRECTION('ref_axis',(0.,1.,0.));
#7661=DIRECTION('center_axis',(-1.,0.,0.));
#7662=DIRECTION('ref_axis',(0.,1.,0.));
#7663=CARTESIAN_POINT('',(0.,0.,0.));
#7664=CARTESIAN_POINT('Origin',(443.150318198601,303.640302766468,-3.));
#7665=CARTESIAN_POINT('',(443.150318198601,305.640302766468,-3.04196010845051));
#7666=CARTESIAN_POINT('',(442.650318198601,305.576794439572,-3.));
#7667=CARTESIAN_POINT('Ctrl Pts',(442.650318198602,305.576794439572,-3.00000000000011));
#7668=CARTESIAN_POINT('Ctrl Pts',(442.81716673404,305.619874546178,-3.00000000000014));
#7669=CARTESIAN_POINT('Ctrl Pts',(442.987767483817,305.640302766468,-3.01448402280852));
#7670=CARTESIAN_POINT('Ctrl Pts',(443.150318198601,305.640302766468,-3.0419601084503));
#7671=CARTESIAN_POINT('',(443.150318198601,305.640302766468,-0.020869628449327));
#7672=CARTESIAN_POINT('',(443.150318198601,305.640302766468,-3.));
#7673=CARTESIAN_POINT('',(442.650318198606,305.576794439573,-9.15798470044193E-14));
#7674=CARTESIAN_POINT('Ctrl Pts',(443.150318198601,305.640302766468,-0.0208696284494891));
#7675=CARTESIAN_POINT('Ctrl Pts',(442.987380920269,305.640302766468,-0.00724412873573031));
#7676=CARTESIAN_POINT('Ctrl Pts',(442.817013682607,305.619835028468,-3.38783637372242E-13));
#7677=CARTESIAN_POINT('Ctrl Pts',(442.650318198607,305.576794439574,-1.81867325019236E-13));
#7678=CARTESIAN_POINT('',(441.150318198601,303.640302766468,0.));
#7679=CARTESIAN_POINT('Origin',(443.150318198601,303.640302766468,0.));
#7680=CARTESIAN_POINT('',(441.150318198601,303.640302766468,-3.));
#7681=CARTESIAN_POINT('',(441.150318198601,303.640302766468,-3.));
#7682=CARTESIAN_POINT('Origin',(443.150318198601,303.640302766468,-3.));
#7683=CARTESIAN_POINT('Origin',(441.150318198601,305.640302766468,-3.));
#7684=CARTESIAN_POINT('',(441.150318198601,301.640302766468,0.));
#7685=CARTESIAN_POINT('',(441.150318198601,358.640302766468,0.));
#7686=CARTESIAN_POINT('',(441.150318198601,301.640302766468,-3.));
#7687=CARTESIAN_POINT('',(441.150318198601,301.640302766468,-1.5));
#7688=CARTESIAN_POINT('',(441.150318198601,358.640302766468,-3.));
#7689=CARTESIAN_POINT('Origin',(-256.849681860094,303.640302766468,-6.00000000000001));
#7690=CARTESIAN_POINT('',(-256.349681860093,305.576794439572,-3.));
#7691=CARTESIAN_POINT('',(-254.849681860094,303.640302766468,-3.));
#7692=CARTESIAN_POINT('Origin',(-256.849681860094,303.640302766468,-3.));
#7693=CARTESIAN_POINT('',(-254.849681860094,303.640302766468,0.));
#7694=CARTESIAN_POINT('',(-254.849681860094,303.640302766468,-6.00000000000001));
#7695=CARTESIAN_POINT('',(-256.349681860098,305.576794439573,-2.11175478145864E-14));
#7696=CARTESIAN_POINT('Origin',(-256.849681860094,303.640302766468,0.));
#7697=CARTESIAN_POINT('',(-256.849681860094,305.640302766468,-0.0208696284493681));
#7698=CARTESIAN_POINT('Ctrl Pts',(-256.349681860099,305.576794439574,-4.32846033321388E-14));
#7699=CARTESIAN_POINT('Ctrl Pts',(-256.516364420202,305.619831691532,-1.98304489543589E-13));
#7700=CARTESIAN_POINT('Ctrl Pts',(-256.686718964863,305.640302766468,-0.00724198654291404));
#7701=CARTESIAN_POINT('Ctrl Pts',(-256.849681860093,305.640302766468,-0.0208696284493487));
#7702=CARTESIAN_POINT('',(-256.849681860094,305.640302766468,-3.04196010845024));
#7703=CARTESIAN_POINT('',(-256.849681860094,305.640302766468,-6.00000000000001));
#7704=CARTESIAN_POINT('Ctrl Pts',(-256.849681860094,305.640302766468,-3.04196010845025));
#7705=CARTESIAN_POINT('Ctrl Pts',(-256.687131145309,305.640302766468,-3.01448402280845));
#7706=CARTESIAN_POINT('Ctrl Pts',(-256.516530395532,305.619874546178,-3.00000000000008));
#7707=CARTESIAN_POINT('Ctrl Pts',(-256.349681860094,305.576794439572,-3.00000000000004));
#7708=CARTESIAN_POINT('Origin',(-259.349681860093,305.640302766468,-6.00000000000001));
#7709=CARTESIAN_POINT('',(-262.349681860093,305.640302766468,-6.00000000000001));
#7710=CARTESIAN_POINT('Origin',(-256.349681860093,305.640302766468,-6.));
#7711=CARTESIAN_POINT('',(-259.349681860093,305.640302766468,-6.00000000000001));
#7712=CARTESIAN_POINT('',(-260.009681860093,305.640302766468,-6.00000000000001));
#7713=CARTESIAN_POINT('Origin',(-256.349681860093,305.640302766468,-6.));
#7714=CARTESIAN_POINT('Origin',(-228.849681830747,291.092205727612,-16.5480970388563));
#7715=CARTESIAN_POINT('',(-230.849681830747,281.001723071402,-26.6385796950663));
#7716=CARTESIAN_POINT('',(-228.849681830747,282.415936633775,-28.0527932574394));
#7717=CARTESIAN_POINT('Origin',(-228.849681830747,281.001723071402,-26.6385796950663));
#7718=CARTESIAN_POINT('',(-228.849681830747,284.537256977335,-25.9314729138798));
#7719=CARTESIAN_POINT('',(-228.849681830747,292.506419289985,-17.9623106012294));
#7720=CARTESIAN_POINT('',(-230.849681830747,283.123043414962,-24.5172593515066));
#7721=CARTESIAN_POINT('Origin',(-228.849681830747,283.123043414962,-24.5172593515067));
#7722=CARTESIAN_POINT('',(-230.849681830747,291.092205727612,-16.5480970388563));
#7723=CARTESIAN_POINT('Origin',(-203.349681830747,285.458322251129,-25.0104076400856));
#7724=CARTESIAN_POINT('',(-177.849681830747,282.415936633775,-28.0527932574394));
#7725=CARTESIAN_POINT('',(-55.0996818307467,282.415936633775,-28.0527932574394));
#7726=CARTESIAN_POINT('',(-177.849681830747,284.537256977335,-25.9314729138798));
#7727=CARTESIAN_POINT('',(-177.849681830747,296.256419289985,-14.2123106012294));
#7728=CARTESIAN_POINT('',(-55.0996818307467,284.537256977335,-25.9314729138798));
#7729=CARTESIAN_POINT('Origin',(-228.849681830747,301.640302766468,4.44089209850063E-15));
#7730=CARTESIAN_POINT('',(-228.849681830747,303.640302766468,0.));
#7731=CARTESIAN_POINT('',(-230.849681830747,301.640302766468,4.44089209850063E-15));
#7732=CARTESIAN_POINT('Origin',(-228.849681830747,301.640302766468,0.));
#7733=CARTESIAN_POINT('',(-230.849681830747,301.640302766468,-3.));
#7734=CARTESIAN_POINT('',(-230.849681830747,301.640302766468,4.44089209850063E-15));
#7735=CARTESIAN_POINT('',(-228.849681830747,303.640302766468,-3.));
#7736=CARTESIAN_POINT('Origin',(-228.849681830747,301.640302766468,-3.));
#7737=CARTESIAN_POINT('',(-228.849681830747,303.640302766468,4.44089209850063E-15));
#7738=CARTESIAN_POINT('Origin',(-230.849681830747,288.640302766468,4.44089209850063E-15));
#7739=CARTESIAN_POINT('',(-230.849681830747,283.123043414962,-20.2746186643873));
#7740=CARTESIAN_POINT('Origin',(-230.849681830747,285.244363758521,-22.395939007947));
#7741=CARTESIAN_POINT('',(-230.849681830747,299.518982422909,-3.87867965644034));
#7742=CARTESIAN_POINT('',(-230.849681830747,293.209126695793,-10.1885353835556));
#7743=CARTESIAN_POINT('Origin',(-230.849681830747,301.640302766468,-6.));
#7744=CARTESIAN_POINT('',(-230.849681830747,297.397662079349,-1.7573593128807));
#7745=CARTESIAN_POINT('Origin',(-230.849681830747,301.640302766468,-6.));
#7746=CARTESIAN_POINT('',(-230.849681830747,281.001723071402,-18.1532983208277));
#7747=CARTESIAN_POINT('',(-230.849681830747,291.087806352234,-8.0672150399959));
#7748=CARTESIAN_POINT('Origin',(-230.849681830747,285.244363758521,-22.395939007947));
#7749=CARTESIAN_POINT('Origin',(-177.849681830747,301.640302766468,4.44089209850063E-15));
#7750=CARTESIAN_POINT('',(-175.849681830747,301.640302766468,4.44089209850063E-15));
#7751=CARTESIAN_POINT('',(-177.849681830747,303.640302766468,0.));
#7752=CARTESIAN_POINT('Origin',(-177.849681830747,301.640302766468,0.));
#7753=CARTESIAN_POINT('',(-177.849681830747,303.640302766468,-3.));
#7754=CARTESIAN_POINT('',(-177.849681830747,303.640302766468,4.44089209850063E-15));
#7755=CARTESIAN_POINT('',(-175.849681830747,301.640302766468,-3.));
#7756=CARTESIAN_POINT('Origin',(-177.849681830747,301.640302766468,-3.));
#7757=CARTESIAN_POINT('',(-175.849681830747,301.640302766468,4.44089209850063E-15));
#7758=CARTESIAN_POINT('Origin',(-230.849681830747,303.640302766468,4.44089209850063E-15));
#7759=CARTESIAN_POINT('',(-68.8496818307467,303.640302766468,-3.));
#7760=CARTESIAN_POINT('',(-68.8496818307467,303.640302766468,0.));
#7761=CARTESIAN_POINT('Origin',(-177.849681830747,294.842205727612,-12.7980970388563));
#7762=CARTESIAN_POINT('',(-175.849681830747,283.123043414962,-24.5172593515066));
#7763=CARTESIAN_POINT('Origin',(-177.849681830747,283.123043414962,-24.5172593515067));
#7764=CARTESIAN_POINT('',(-175.849681830747,281.001723071402,-26.6385796950663));
#7765=CARTESIAN_POINT('Origin',(-177.849681830747,281.001723071402,-26.6385796950663));
#7766=CARTESIAN_POINT('',(-175.849681830747,294.842205727612,-12.7980970388563));
#7767=CARTESIAN_POINT('Origin',(56.1503181692538,301.640302766468,4.44089209850063E-15));
#7768=CARTESIAN_POINT('',(58.1503181692538,301.640302766468,4.44089209850063E-15));
#7769=CARTESIAN_POINT('',(56.1503181692538,303.640302766468,0.));
#7770=CARTESIAN_POINT('Origin',(56.1503181692538,301.640302766468,0.));
#7771=CARTESIAN_POINT('',(56.1503181692538,303.640302766468,-3.));
#7772=CARTESIAN_POINT('',(56.1503181692538,303.640302766468,4.44089209850063E-15));
#7773=CARTESIAN_POINT('',(58.1503181692538,301.640302766468,-3.));
#7774=CARTESIAN_POINT('Origin',(56.1503181692538,301.640302766468,-3.));
#7775=CARTESIAN_POINT('',(58.1503181692538,301.640302766468,4.44089209850063E-15));
#7776=CARTESIAN_POINT('Origin',(-61.8496818307462,303.640302766468,4.44089209850063E-15));
#7777=CARTESIAN_POINT('',(-59.8496818307462,303.640302766468,0.));
#7778=CARTESIAN_POINT('',(15.6503181692538,303.640302766468,0.));
#7779=CARTESIAN_POINT('',(-59.8496818307462,303.640302766468,-3.));
#7780=CARTESIAN_POINT('',(-59.8496818307462,303.640302766468,4.44089209850063E-15));
#7781=CARTESIAN_POINT('',(15.6503181692538,303.640302766468,-3.));
#7782=CARTESIAN_POINT('Origin',(56.1503181692537,294.842205727612,-12.7980970388563));
#7783=CARTESIAN_POINT('',(58.1503181692538,283.123043414962,-24.5172593515066));
#7784=CARTESIAN_POINT('',(56.1503181692537,284.537256977335,-25.9314729138798));
#7785=CARTESIAN_POINT('Origin',(56.1503181692537,283.123043414962,-24.5172593515067));
#7786=CARTESIAN_POINT('',(56.1503181692537,282.415936633775,-28.0527932574394));
#7787=CARTESIAN_POINT('',(56.1503181692537,296.256419289985,-14.2123106012294));
#7788=CARTESIAN_POINT('',(58.1503181692538,281.001723071402,-26.6385796950663));
#7789=CARTESIAN_POINT('Origin',(56.1503181692537,281.001723071402,-26.6385796950663));
#7790=CARTESIAN_POINT('',(58.1503181692538,294.842205727612,-12.7980970388563));
#7791=CARTESIAN_POINT('Origin',(-1.84968183074625,285.458322251129,-25.0104076400856));
#7792=CARTESIAN_POINT('',(-59.8496818307462,284.537256977335,-25.9314729138798));
#7793=CARTESIAN_POINT('',(45.6503181692538,284.537256977335,-25.9314729138798));
#7794=CARTESIAN_POINT('',(-59.8496818307462,282.415936633775,-28.0527932574394));
#7795=CARTESIAN_POINT('',(-59.8496818307462,292.506419289985,-17.9623106012294));
#7796=CARTESIAN_POINT('',(45.6503181692538,282.415936633775,-28.0527932574394));
#7797=CARTESIAN_POINT('Origin',(-59.8496818307462,291.092205727612,-16.5480970388563));
#7798=CARTESIAN_POINT('',(-61.8496818307462,281.001723071402,-26.6385796950663));
#7799=CARTESIAN_POINT('Origin',(-59.8496818307462,281.001723071402,-26.6385796950663));
#7800=CARTESIAN_POINT('',(-61.8496818307462,283.123043414962,-24.5172593515066));
#7801=CARTESIAN_POINT('Origin',(-59.8496818307462,283.123043414962,-24.5172593515067));
#7802=CARTESIAN_POINT('',(-61.8496818307462,291.092205727612,-16.5480970388563));
#7803=CARTESIAN_POINT('Origin',(-59.8496818307462,301.640302766468,4.44089209850063E-15));
#7804=CARTESIAN_POINT('',(-61.8496818307462,301.640302766468,4.44089209850063E-15));
#7805=CARTESIAN_POINT('Origin',(-59.8496818307462,301.640302766468,0.));
#7806=CARTESIAN_POINT('',(-61.8496818307462,301.640302766468,-3.));
#7807=CARTESIAN_POINT('',(-61.8496818307462,301.640302766468,4.44089209850063E-15));
#7808=CARTESIAN_POINT('Origin',(-59.8496818307462,301.640302766468,-3.));
#7809=CARTESIAN_POINT('Origin',(-61.8496818307462,288.640302766468,4.44089209850063E-15));
#7810=CARTESIAN_POINT('',(-61.8496818307462,283.123043414962,-20.2746186643873));
#7811=CARTESIAN_POINT('Origin',(-61.8496818307462,285.244363758521,-22.395939007947));
#7812=CARTESIAN_POINT('',(-61.8496818307462,299.518982422909,-3.87867965644034));
#7813=CARTESIAN_POINT('',(-61.8496818307462,293.209126695793,-10.1885353835556));
#7814=CARTESIAN_POINT('Origin',(-61.8496818307462,301.640302766468,-6.));
#7815=CARTESIAN_POINT('',(-61.8496818307462,297.397662079349,-1.7573593128807));
#7816=CARTESIAN_POINT('Origin',(-61.8496818307462,301.640302766468,-6.));
#7817=CARTESIAN_POINT('',(-61.8496818307462,281.001723071402,-18.1532983208277));
#7818=CARTESIAN_POINT('',(-61.8496818307462,291.087806352234,-8.0672150399959));
#7819=CARTESIAN_POINT('Origin',(-61.8496818307462,285.244363758521,-22.395939007947));
#7820=CARTESIAN_POINT('Origin',(130.150318169254,301.640302766468,4.44089209850062E-15));
#7821=CARTESIAN_POINT('',(130.150318169254,303.640302766468,0.));
#7822=CARTESIAN_POINT('',(128.150318169254,301.640302766468,4.44089209850063E-15));
#7823=CARTESIAN_POINT('Origin',(130.150318169254,301.640302766468,0.));
#7824=CARTESIAN_POINT('',(128.150318169254,301.640302766468,-3.));
#7825=CARTESIAN_POINT('',(128.150318169254,301.640302766468,4.44089209850062E-15));
#7826=CARTESIAN_POINT('',(130.150318169254,303.640302766468,-3.));
#7827=CARTESIAN_POINT('Origin',(130.150318169254,301.640302766468,-3.));
#7828=CARTESIAN_POINT('',(130.150318169254,303.640302766468,4.44089209850062E-15));
#7829=CARTESIAN_POINT('Origin',(128.150318169254,288.640302766468,4.44089209850062E-15));
#7830=CARTESIAN_POINT('',(128.150318169254,297.397662079349,-1.7573593128807));
#7831=CARTESIAN_POINT('Origin',(128.150318169254,301.640302766468,-6.));
#7832=CARTESIAN_POINT('',(128.150318169254,281.001723071402,-18.1532983208277));
#7833=CARTESIAN_POINT('',(128.150318169254,279.620291930962,-19.534729461268));
#7834=CARTESIAN_POINT('',(128.150318169254,281.001723071402,-26.6385796950663));
#7835=CARTESIAN_POINT('Origin',(128.150318169254,285.244363758521,-22.395939007947));
#7836=CARTESIAN_POINT('',(128.150318169254,283.123043414962,-24.5172593515066));
#7837=CARTESIAN_POINT('',(128.150318169254,291.092205727612,-16.5480970388563));
#7838=CARTESIAN_POINT('',(128.150318169254,283.123043414962,-20.2746186643873));
#7839=CARTESIAN_POINT('Origin',(128.150318169254,285.244363758521,-22.395939007947));
#7840=CARTESIAN_POINT('',(128.150318169254,299.518982422909,-3.87867965644034));
#7841=CARTESIAN_POINT('',(128.150318169254,281.741612274521,-21.6560498048277));
#7842=CARTESIAN_POINT('Origin',(128.150318169254,301.640302766468,-6.));
#7843=CARTESIAN_POINT('Origin',(130.150318169254,291.092205727612,-16.5480970388563));
#7844=CARTESIAN_POINT('',(130.150318169254,282.415936633775,-28.0527932574395));
#7845=CARTESIAN_POINT('Origin',(130.150318169254,281.001723071402,-26.6385796950663));
#7846=CARTESIAN_POINT('',(130.150318169254,284.537256977335,-25.9314729138798));
#7847=CARTESIAN_POINT('',(130.150318169254,292.506419289985,-17.9623106012294));
#7848=CARTESIAN_POINT('Origin',(130.150318169254,283.123043414962,-24.5172593515067));
#7849=CARTESIAN_POINT('Origin',(188.150318169254,285.458322251129,-25.0104076400856));
#7850=CARTESIAN_POINT('',(246.150318169254,282.415936633775,-28.0527932574395));
#7851=CARTESIAN_POINT('',(140.650318169254,282.415936633775,-28.0527932574395));
#7852=CARTESIAN_POINT('',(246.150318169254,284.537256977335,-25.9314729138798));
#7853=CARTESIAN_POINT('',(246.150318169254,296.256419289985,-14.2123106012294));
#7854=CARTESIAN_POINT('',(140.650318169254,284.537256977335,-25.9314729138798));
#7855=CARTESIAN_POINT('Origin',(246.150318169254,301.640302766468,4.44089209850062E-15));
#7856=CARTESIAN_POINT('',(248.150318169254,301.640302766468,4.44089209850063E-15));
#7857=CARTESIAN_POINT('',(246.150318169254,303.640302766468,0.));
#7858=CARTESIAN_POINT('Origin',(246.150318169254,301.640302766468,0.));
#7859=CARTESIAN_POINT('',(246.150318169254,303.640302766468,-3.));
#7860=CARTESIAN_POINT('',(246.150318169254,303.640302766468,4.44089209850062E-15));
#7861=CARTESIAN_POINT('',(248.150318169254,301.640302766468,-3.));
#7862=CARTESIAN_POINT('Origin',(246.150318169254,301.640302766468,-3.));
#7863=CARTESIAN_POINT('',(248.150318169254,301.640302766468,4.44089209850062E-15));
#7864=CARTESIAN_POINT('Origin',(128.150318169254,303.640302766468,4.44089209850062E-15));
#7865=CARTESIAN_POINT('',(110.650318169254,303.640302766468,-3.));
#7866=CARTESIAN_POINT('',(110.650318169254,303.640302766468,0.));
#7867=CARTESIAN_POINT('Origin',(246.150318169254,294.842205727612,-12.7980970388563));
#7868=CARTESIAN_POINT('',(248.150318169254,283.123043414962,-24.5172593515066));
#7869=CARTESIAN_POINT('Origin',(246.150318169254,283.123043414962,-24.5172593515067));
#7870=CARTESIAN_POINT('',(248.150318169254,281.001723071402,-26.6385796950663));
#7871=CARTESIAN_POINT('Origin',(246.150318169254,281.001723071402,-26.6385796950663));
#7872=CARTESIAN_POINT('',(248.150318169254,294.842205727612,-12.7980970388563));
#7873=CARTESIAN_POINT('Origin',(415.150318169255,301.640302766469,4.44089209850062E-15));
#7874=CARTESIAN_POINT('',(417.150318169255,301.640302766468,4.44089209850063E-15));
#7875=CARTESIAN_POINT('',(415.150318169255,303.640302766469,0.));
#7876=CARTESIAN_POINT('Origin',(415.150318169255,301.640302766469,0.));
#7877=CARTESIAN_POINT('',(415.150318169255,303.640302766469,-3.));
#7878=CARTESIAN_POINT('',(415.150318169255,303.640302766469,4.44089209850062E-15));
#7879=CARTESIAN_POINT('',(417.150318169255,301.640302766468,-3.));
#7880=CARTESIAN_POINT('Origin',(415.150318169255,301.640302766469,-3.));
#7881=CARTESIAN_POINT('',(417.150318169255,301.640302766469,4.44089209850062E-15));
#7882=CARTESIAN_POINT('Origin',(362.150318169255,303.640302766468,4.44089209850062E-15));
#7883=CARTESIAN_POINT('',(364.150318169255,303.640302766468,0.));
#7884=CARTESIAN_POINT('',(227.650318169254,303.640302766468,0.));
#7885=CARTESIAN_POINT('',(364.150318169255,303.640302766468,-3.));
#7886=CARTESIAN_POINT('',(364.150318169255,303.640302766468,4.44089209850062E-15));
#7887=CARTESIAN_POINT('',(227.650318169254,303.640302766468,-3.));
#7888=CARTESIAN_POINT('Origin',(415.150318169255,294.842205727612,-12.7980970388561));
#7889=CARTESIAN_POINT('',(417.150318169255,283.123043414962,-24.5172593515066));
#7890=CARTESIAN_POINT('',(415.150318169255,284.537256977335,-25.9314729138798));
#7891=CARTESIAN_POINT('Origin',(415.150318169255,283.123043414962,-24.5172593515067));
#7892=CARTESIAN_POINT('',(415.150318169255,282.415936633775,-28.0527932574394));
#7893=CARTESIAN_POINT('',(415.150318169255,296.256419289985,-14.2123106012292));
#7894=CARTESIAN_POINT('',(417.150318169255,281.001723071402,-26.6385796950663));
#7895=CARTESIAN_POINT('Origin',(415.150318169255,281.001723071402,-26.6385796950663));
#7896=CARTESIAN_POINT('',(417.150318169255,294.842205727612,-12.7980970388561));
#7897=CARTESIAN_POINT('Origin',(389.650318169255,285.458322251129,-25.0104076400855));
#7898=CARTESIAN_POINT('',(364.150318169255,284.537256977335,-25.9314729138798));
#7899=CARTESIAN_POINT('',(241.400318169254,284.537256977335,-25.9314729138798));
#7900=CARTESIAN_POINT('',(364.150318169255,282.415936633775,-28.0527932574394));
#7901=CARTESIAN_POINT('',(364.150318169255,292.506419289985,-17.9623106012293));
#7902=CARTESIAN_POINT('',(241.400318169254,282.415936633775,-28.0527932574394));
#7903=CARTESIAN_POINT('Origin',(364.150318169255,291.092205727612,-16.5480970388562));
#7904=CARTESIAN_POINT('',(362.150318169255,281.001723071402,-26.6385796950663));
#7905=CARTESIAN_POINT('Origin',(364.150318169255,281.001723071402,-26.6385796950663));
#7906=CARTESIAN_POINT('',(362.150318169255,283.123043414962,-24.5172593515066));
#7907=CARTESIAN_POINT('Origin',(364.150318169255,283.123043414962,-24.5172593515067));
#7908=CARTESIAN_POINT('',(362.150318169255,291.092205727612,-16.5480970388562));
#7909=CARTESIAN_POINT('Origin',(364.150318169255,301.640302766468,4.44089209850062E-15));
#7910=CARTESIAN_POINT('',(362.150318169255,301.640302766468,4.44089209850063E-15));
#7911=CARTESIAN_POINT('Origin',(364.150318169255,301.640302766468,0.));
#7912=CARTESIAN_POINT('',(362.150318169255,301.640302766468,-3.));
#7913=CARTESIAN_POINT('',(362.150318169255,301.640302766468,4.44089209850062E-15));
#7914=CARTESIAN_POINT('Origin',(364.150318169255,301.640302766468,-3.));
#7915=CARTESIAN_POINT('Origin',(362.150318169255,288.640302766468,4.44089209850062E-15));
#7916=CARTESIAN_POINT('',(362.150318169255,283.123043414962,-20.2746186643873));
#7917=CARTESIAN_POINT('Origin',(362.150318169255,285.244363758521,-22.395939007947));
#7918=CARTESIAN_POINT('',(362.150318169255,299.518982422909,-3.87867965644034));
#7919=CARTESIAN_POINT('',(362.150318169255,281.741612274521,-21.6560498048276));
#7920=CARTESIAN_POINT('Origin',(362.150318169255,301.640302766468,-6.));
#7921=CARTESIAN_POINT('',(362.150318169255,297.397662079349,-1.7573593128807));
#7922=CARTESIAN_POINT('Origin',(362.150318169255,301.640302766468,-6.));
#7923=CARTESIAN_POINT('',(362.150318169255,281.001723071402,-18.1532983208277));
#7924=CARTESIAN_POINT('',(362.150318169255,279.620291930962,-19.5347294612679));
#7925=CARTESIAN_POINT('Origin',(362.150318169255,285.244363758521,-22.395939007947));
#7926=CARTESIAN_POINT('Origin',(445.650318198601,518.640302766468,-11.9999999999999));
#7927=CARTESIAN_POINT('',(448.650318198601,521.640302766468,-11.9999999999999));
#7928=CARTESIAN_POINT('',(448.650318198601,518.640302766468,-14.9999999999999));
#7929=CARTESIAN_POINT('Origin',(448.650318198601,518.640302766468,-11.9999999999999));
#7930=CARTESIAN_POINT('',(445.650318198601,518.640302766468,-14.9999999999999));
#7931=CARTESIAN_POINT('',(445.650318198601,518.640302766468,-14.9999999999999));
#7932=CARTESIAN_POINT('',(445.650318198601,521.640302766468,-11.9999999999999));
#7933=CARTESIAN_POINT('Origin',(445.650318198601,518.640302766468,-11.9999999999999));
#7934=CARTESIAN_POINT('',(445.650318198601,521.640302766468,-11.9999999999999));
#7935=CARTESIAN_POINT('Origin',(445.650318198601,521.640302766468,-14.9999999999999));
#7936=CARTESIAN_POINT('',(445.650318198601,521.640302766468,-5.99999999999994));
#7937=CARTESIAN_POINT('',(445.650318198601,521.640302766468,7.57168026350783));
#7938=CARTESIAN_POINT('',(448.650318198601,521.640302766468,-5.99999999999994));
#7939=CARTESIAN_POINT('',(446.310318198601,521.640302766468,-6.00000000000001));
#7940=CARTESIAN_POINT('',(448.650318198601,521.640302766468,-5.99999999999994));
#7941=CARTESIAN_POINT('Origin',(445.650318198601,413.640302766468,-7.10707993412292));
#7942=CARTESIAN_POINT('',(445.650318198601,308.640302766468,-14.9999999999999));
#7943=CARTESIAN_POINT('',(445.650318198601,521.640302766468,-14.9999999999999));
#7944=CARTESIAN_POINT('',(445.650318198601,305.640302766468,-11.9999999999999));
#7945=CARTESIAN_POINT('Origin',(445.650318198601,308.640302766468,-11.9999999999999));
#7946=CARTESIAN_POINT('',(445.650318198601,305.640302766468,-6.00000000000001));
#7947=CARTESIAN_POINT('',(445.650318198601,305.640302766468,7.5716802635079));
#7948=CARTESIAN_POINT('',(445.650318198601,413.640302766468,-5.99999999999994));
#7949=CARTESIAN_POINT('',(445.650318198601,410.746166241658,-9.60586347518992));
#7950=CARTESIAN_POINT('Origin',(445.650318198601,411.640302766468,-10.5000000000003));
#7951=CARTESIAN_POINT('',(445.650318198601,510.746166241658,-9.60586347519001));
#7952=CARTESIAN_POINT('Origin',(445.650318198601,511.640302766468,-10.5000000000004));
#7953=CARTESIAN_POINT('',(445.650318198601,310.746166241658,-9.60586347518982));
#7954=CARTESIAN_POINT('Origin',(445.650318198601,311.640302766468,-10.5000000000002));
#7955=CARTESIAN_POINT('Origin',(445.650318198601,308.640302766468,-11.9999999999999));
#7956=CARTESIAN_POINT('',(448.650318198601,308.640302766468,-14.9999999999999));
#7957=CARTESIAN_POINT('',(448.650318198601,305.640302766468,-11.9999999999998));
#7958=CARTESIAN_POINT('Origin',(448.650318198601,308.640302766468,-11.9999999999998));
#7959=CARTESIAN_POINT('',(445.650318198601,305.640302766468,-11.9999999999999));
#7960=CARTESIAN_POINT('',(445.650318198601,308.640302766468,-14.9999999999999));
#7961=CARTESIAN_POINT('Origin',(445.650318198601,305.640302766468,0.785840131754014));
#7962=CARTESIAN_POINT('',(448.650318198601,305.640302766468,-6.00000000000001));
#7963=CARTESIAN_POINT('',(448.650318198601,305.640302766468,7.5716802635079));
#7964=CARTESIAN_POINT('',(446.310318198601,305.640302766468,-6.00000000000001));
#7965=CARTESIAN_POINT('Origin',(438.150318198601,287.365684102081,-28.759900038626));
#7966=CARTESIAN_POINT('',(441.150318198601,285.244363758521,-30.8812203821856));
#7967=CARTESIAN_POINT('',(438.150318198601,287.365684102081,-33.0025407257452));
#7968=CARTESIAN_POINT('Origin',(438.150318198601,285.244363758521,-30.8812203821856));
#7969=CARTESIAN_POINT('',(438.150318198601,289.48700444564,-30.8812203821856));
#7970=CARTESIAN_POINT('',(438.150318198601,289.48700444564,-30.8812203821856));
#7971=CARTESIAN_POINT('',(441.150318198601,287.365684102081,-28.7599000386259));
#7972=CARTESIAN_POINT('Origin',(438.150318198601,287.365684102081,-28.7599000386259));
#7973=CARTESIAN_POINT('',(441.150318198601,287.365684102081,-28.759900038626));
#7974=CARTESIAN_POINT('Origin',(93.1503181692539,283.905867143696,-25.3000830802405));
#7975=CARTESIAN_POINT('',(-251.849681860093,289.48700444564,-30.8812203821856));
#7976=CARTESIAN_POINT('',(441.150318198601,289.48700444564,-30.8812203821856));
#7977=CARTESIAN_POINT('',(-254.849681860093,287.365684102081,-28.7599000386259));
#7978=CARTESIAN_POINT('Origin',(-251.849681860093,287.365684102081,-28.7599000386259));
#7979=CARTESIAN_POINT('',(-254.849681860093,283.123043414962,-24.5172593515067));
#7980=CARTESIAN_POINT('',(-254.849681860093,273.52641626854,-14.9206322050845));
#7981=CARTESIAN_POINT('',(93.1503181692539,283.123043414962,-24.5172593515066));
#7982=CARTESIAN_POINT('',(93.1503181692539,283.123043414962,-24.5172593515066));
#7983=CARTESIAN_POINT('',(93.1503181692539,283.123043414962,-24.5172593515066));
#7984=CARTESIAN_POINT('',(93.1503181692539,283.123043414962,-24.5172593515066));
#7985=CARTESIAN_POINT('',(441.150318198601,283.123043414962,-24.5172593515067));
#7986=CARTESIAN_POINT('',(93.1503181692539,283.123043414962,-24.5172593515066));
#7987=CARTESIAN_POINT('',(441.150318198601,273.52641626854,-14.9206322050845));
#7988=CARTESIAN_POINT('',(426.650318139904,285.410887405491,-26.8051033420357));
#7989=CARTESIAN_POINT('Origin',(426.650318139904,286.305023930301,-27.6992398668461));
#7990=CARTESIAN_POINT('',(93.1503181399057,285.410887405491,-26.8051033420357));
#7991=CARTESIAN_POINT('Origin',(93.1503181399057,286.305023930301,-27.6992398668461));
#7992=CARTESIAN_POINT('',(-240.349681860093,285.410887405491,-26.8051033420357));
#7993=CARTESIAN_POINT('Origin',(-240.349681860093,286.305023930301,-27.6992398668461));
#7994=CARTESIAN_POINT('',(-73.5996818600935,285.410887405491,-26.8051033420357));
#7995=CARTESIAN_POINT('Origin',(-73.5996818600935,286.305023930301,-27.6992398668461));
#7996=CARTESIAN_POINT('',(259.900318139905,285.410887405491,-26.8051033420357));
#7997=CARTESIAN_POINT('Origin',(259.900318139905,286.305023930301,-27.6992398668461));
#7998=CARTESIAN_POINT('Origin',(-254.849681860093,289.48700444564,-30.8812203821856));
#7999=CARTESIAN_POINT('',(-251.849681860093,287.365684102081,-33.0025407257452));
#8000=CARTESIAN_POINT('',(441.150318198601,287.365684102081,-33.0025407257452));
#8001=CARTESIAN_POINT('',(-251.849681860093,289.48700444564,-30.8812203821856));
#8002=CARTESIAN_POINT('Origin',(-259.349681860093,518.640302766469,-11.9999999999999));
#8003=CARTESIAN_POINT('',(-262.349681860093,518.640302766469,-14.9999999999999));
#8004=CARTESIAN_POINT('',(-262.349681860093,521.640302766468,-11.9999999999999));
#8005=CARTESIAN_POINT('Origin',(-262.349681860093,518.640302766469,-11.9999999999999));
#8006=CARTESIAN_POINT('',(-259.349681860093,521.640302766468,-11.9999999999999));
#8007=CARTESIAN_POINT('',(-259.349681860093,521.640302766468,-11.9999999999999));
#8008=CARTESIAN_POINT('',(-259.349681860093,518.640302766469,-14.9999999999999));
#8009=CARTESIAN_POINT('Origin',(-259.349681860093,518.640302766469,-11.9999999999999));
#8010=CARTESIAN_POINT('',(-259.349681860093,518.640302766469,-14.9999999999999));
#8011=CARTESIAN_POINT('Origin',(-259.349681860093,521.640302766468,-14.9999999999999));
#8012=CARTESIAN_POINT('',(-259.349681860093,308.640302766468,-15.));
#8013=CARTESIAN_POINT('',(-259.349681860093,305.640302766468,-15.));
#8014=CARTESIAN_POINT('',(-262.349681860093,308.640302766468,-15.));
#8015=CARTESIAN_POINT('',(-259.349681860093,308.640302766468,-15.));
#8016=CARTESIAN_POINT('',(-262.349681860093,305.640302766468,-15.));
#8017=CARTESIAN_POINT('Origin',(-259.349681860093,413.640302766468,-7.10707993412306));
#8018=CARTESIAN_POINT('',(-259.349681860093,521.640302766468,-6.00000000000001));
#8019=CARTESIAN_POINT('',(-259.349681860093,521.640302766468,7.5716802635079));
#8020=CARTESIAN_POINT('',(-259.349681860093,413.640302766468,-6.00000000000001));
#8021=CARTESIAN_POINT('',(-259.349681860093,305.640302766468,-12.));
#8022=CARTESIAN_POINT('',(-259.349681860093,305.640302766468,7.57168026350783));
#8023=CARTESIAN_POINT('Origin',(-259.349681860093,308.640302766468,-12.));
#8024=CARTESIAN_POINT('',(-259.349681860093,410.746166241664,-9.60586347519364));
#8025=CARTESIAN_POINT('Origin',(-259.349681860093,411.640302766474,-10.500000000004));
#8026=CARTESIAN_POINT('',(-259.349681860092,510.746166241664,-9.60586347519373));
#8027=CARTESIAN_POINT('Origin',(-259.349681860092,511.640302766474,-10.5000000000041));
#8028=CARTESIAN_POINT('',(-259.349681860095,310.746166241663,-9.60586347519354));
#8029=CARTESIAN_POINT('Origin',(-259.349681860095,311.640302766474,-10.5000000000039));
#8030=CARTESIAN_POINT('Origin',(-259.349681860093,308.640302766468,-12.));
#8031=CARTESIAN_POINT('',(-262.349681860093,305.640302766468,-12.));
#8032=CARTESIAN_POINT('Origin',(-262.349681860093,308.640302766468,-12.));
#8033=CARTESIAN_POINT('',(-259.349681860093,305.640302766468,-12.));
#8034=CARTESIAN_POINT('Origin',(-259.349681860093,305.640302766468,-15.));
#8035=CARTESIAN_POINT('',(-262.349681860093,305.640302766468,-6.00000000000001));
#8036=CARTESIAN_POINT('Origin',(-251.849681860093,287.365684102081,-28.7599000386259));
#8037=CARTESIAN_POINT('',(-254.849681860093,285.244363758521,-30.8812203821855));
#8038=CARTESIAN_POINT('Origin',(-251.849681860093,285.244363758521,-30.8812203821856));
#8039=CARTESIAN_POINT('',(-254.849681860093,287.365684102081,-28.7599000386259));
#8040=CARTESIAN_POINT('Origin',(428.543716480802,507.140302766468,0.));
#8041=CARTESIAN_POINT('',(428.543716480802,510.140302766468,-3.));
#8042=CARTESIAN_POINT('',(430.665036824362,509.261623110028,-3.));
#8043=CARTESIAN_POINT('Origin',(428.543716480802,507.140302766468,-3.));
#8044=CARTESIAN_POINT('',(430.665036824362,509.261623110028,0.));
#8045=CARTESIAN_POINT('',(430.665036824362,509.261623110028,0.));
#8046=CARTESIAN_POINT('',(428.543716480802,510.140302766468,0.));
#8047=CARTESIAN_POINT('Origin',(428.543716480802,507.140302766468,0.));
#8048=CARTESIAN_POINT('',(428.543716480802,510.140302766468,0.));
#8049=CARTESIAN_POINT('Origin',(438.150318198601,501.77634173579,0.));
#8050=CARTESIAN_POINT('',(437.27163854216,502.65502139223,-3.));
#8051=CARTESIAN_POINT('',(438.150318198601,501.77634173579,-3.));
#8052=CARTESIAN_POINT('',(437.27163854216,502.65502139223,0.));
#8053=CARTESIAN_POINT('',(437.27163854216,502.65502139223,0.));
#8054=CARTESIAN_POINT('',(438.150318198601,501.77634173579,0.));
#8055=CARTESIAN_POINT('Origin',(435.1503181986,500.53370104867,0.));
#8056=CARTESIAN_POINT('',(438.1503181986,500.53370104867,0.));
#8057=CARTESIAN_POINT('Origin',(435.1503181986,500.53370104867,0.));
#8058=CARTESIAN_POINT('',(438.1503181986,500.53370104867,-3.));
#8059=CARTESIAN_POINT('Origin',(435.1503181986,500.53370104867,-3.));
#8060=CARTESIAN_POINT('',(438.1503181986,500.53370104867,0.));
#8061=CARTESIAN_POINT('Origin',(435.1503181986,428.746904484266,0.));
#8062=CARTESIAN_POINT('',(438.1503181986,428.746904484266,-3.));
#8063=CARTESIAN_POINT('',(437.27163854216,426.625584140707,-3.));
#8064=CARTESIAN_POINT('Origin',(435.1503181986,428.746904484266,-3.));
#8065=CARTESIAN_POINT('',(437.27163854216,426.625584140707,0.));
#8066=CARTESIAN_POINT('',(437.27163854216,426.625584140707,0.));
#8067=CARTESIAN_POINT('',(438.1503181986,428.746904484266,0.));
#8068=CARTESIAN_POINT('Origin',(435.1503181986,428.746904484266,0.));
#8069=CARTESIAN_POINT('',(438.1503181986,428.746904484266,0.));
#8070=CARTESIAN_POINT('Origin',(429.786357167922,419.140302766469,0.));
#8071=CARTESIAN_POINT('',(430.665036824362,420.018982422909,-3.));
#8072=CARTESIAN_POINT('',(438.150318198601,427.504263797147,-3.));
#8073=CARTESIAN_POINT('',(430.665036824362,420.018982422909,0.));
#8074=CARTESIAN_POINT('',(430.665036824362,420.018982422909,0.));
#8075=CARTESIAN_POINT('',(438.150318198601,427.504263797147,0.));
#8076=CARTESIAN_POINT('Origin',(428.543716480803,422.140302766469,0.));
#8077=CARTESIAN_POINT('',(428.543716480803,419.140302766469,0.));
#8078=CARTESIAN_POINT('Origin',(428.543716480803,422.140302766469,0.));
#8079=CARTESIAN_POINT('',(428.543716480803,419.140302766469,-3.));
#8080=CARTESIAN_POINT('Origin',(428.543716480803,422.140302766469,-3.));
#8081=CARTESIAN_POINT('',(428.543716480803,419.140302766469,0.));
#8082=CARTESIAN_POINT('Origin',(223.756919916398,422.140302766469,0.));
#8083=CARTESIAN_POINT('',(223.756919916398,419.140302766469,-3.));
#8084=CARTESIAN_POINT('',(221.635599572839,420.018982422909,-3.));
#8085=CARTESIAN_POINT('Origin',(223.756919916398,422.140302766469,-3.));
#8086=CARTESIAN_POINT('',(221.635599572839,420.018982422909,0.));
#8087=CARTESIAN_POINT('',(221.635599572839,420.018982422909,0.));
#8088=CARTESIAN_POINT('',(223.756919916398,419.140302766469,0.));
#8089=CARTESIAN_POINT('Origin',(223.756919916398,422.140302766469,0.));
#8090=CARTESIAN_POINT('',(223.756919916398,419.140302766469,0.));
#8091=CARTESIAN_POINT('Origin',(214.1503181986,427.504263797147,0.));
#8092=CARTESIAN_POINT('',(215.028997855041,426.625584140707,-3.));
#8093=CARTESIAN_POINT('',(214.1503181986,427.504263797147,-3.));
#8094=CARTESIAN_POINT('',(215.028997855041,426.625584140707,0.));
#8095=CARTESIAN_POINT('',(215.028997855041,426.625584140707,0.));
#8096=CARTESIAN_POINT('',(214.1503181986,427.504263797147,0.));
#8097=CARTESIAN_POINT('Origin',(217.1503181986,428.746904484267,0.));
#8098=CARTESIAN_POINT('',(214.1503181986,428.746904484267,0.));
#8099=CARTESIAN_POINT('Origin',(217.1503181986,428.746904484267,0.));
#8100=CARTESIAN_POINT('',(214.1503181986,428.746904484267,-3.));
#8101=CARTESIAN_POINT('Origin',(217.1503181986,428.746904484267,-3.));
#8102=CARTESIAN_POINT('',(214.1503181986,428.746904484267,0.));
#8103=CARTESIAN_POINT('Origin',(217.1503181986,500.53370104867,0.));
#8104=CARTESIAN_POINT('',(214.1503181986,500.53370104867,-3.));
#8105=CARTESIAN_POINT('',(215.028997855041,502.65502139223,-3.));
#8106=CARTESIAN_POINT('Origin',(217.1503181986,500.53370104867,-3.));
#8107=CARTESIAN_POINT('',(215.028997855041,502.65502139223,0.));
#8108=CARTESIAN_POINT('',(215.028997855041,502.65502139223,0.));
#8109=CARTESIAN_POINT('',(214.1503181986,500.53370104867,0.));
#8110=CARTESIAN_POINT('Origin',(217.1503181986,500.53370104867,0.));
#8111=CARTESIAN_POINT('',(214.1503181986,500.53370104867,0.));
#8112=CARTESIAN_POINT('Origin',(222.514279229279,510.140302766468,0.));
#8113=CARTESIAN_POINT('',(221.635599572839,509.261623110028,-3.));
#8114=CARTESIAN_POINT('',(214.1503181986,501.77634173579,-3.));
#8115=CARTESIAN_POINT('',(221.635599572839,509.261623110028,0.));
#8116=CARTESIAN_POINT('',(221.635599572839,509.261623110028,0.));
#8117=CARTESIAN_POINT('',(214.1503181986,501.77634173579,0.));
#8118=CARTESIAN_POINT('Origin',(223.756919916398,507.140302766468,0.));
#8119=CARTESIAN_POINT('',(223.756919916398,510.140302766468,0.));
#8120=CARTESIAN_POINT('Origin',(223.756919916398,507.140302766468,0.));
#8121=CARTESIAN_POINT('',(223.756919916398,510.140302766468,-3.));
#8122=CARTESIAN_POINT('Origin',(223.756919916398,507.140302766468,-3.));
#8123=CARTESIAN_POINT('',(223.756919916398,510.140302766468,0.));
#8124=CARTESIAN_POINT('Origin',(188.043716585019,508.640302767609,0.));
#8125=CARTESIAN_POINT('',(190.165036928578,510.761623111168,0.));
#8126=CARTESIAN_POINT('',(188.043716585019,511.640302767609,0.));
#8127=CARTESIAN_POINT('Origin',(188.043716585019,508.640302767609,0.));
#8128=CARTESIAN_POINT('',(188.043716585019,511.640302767609,-3.));
#8129=CARTESIAN_POINT('',(188.043716585019,511.640302767609,0.));
#8130=CARTESIAN_POINT('',(190.165036928578,510.761623111168,-3.));
#8131=CARTESIAN_POINT('Origin',(188.043716585019,508.640302767609,-3.));
#8132=CARTESIAN_POINT('',(190.165036928578,510.761623111168,0.));
#8133=CARTESIAN_POINT('Origin',(189.286357272138,511.640302767609,0.));
#8134=CARTESIAN_POINT('',(8.25691997488006,511.640302767609,0.));
#8135=CARTESIAN_POINT('',(7.01427928776054,511.640302767609,0.));
#8136=CARTESIAN_POINT('',(8.25691997488006,511.640302767609,-3.));
#8137=CARTESIAN_POINT('',(8.25691997488006,511.640302767609,0.));
#8138=CARTESIAN_POINT('',(7.01427928776054,511.640302767609,-3.));
#8139=CARTESIAN_POINT('Origin',(196.150318303957,500.53370104867,0.));
#8140=CARTESIAN_POINT('',(199.150318303957,500.53370104867,0.));
#8141=CARTESIAN_POINT('',(198.271638647517,502.65502139223,0.));
#8142=CARTESIAN_POINT('Origin',(196.150318303957,500.53370104867,0.));
#8143=CARTESIAN_POINT('',(198.271638647517,502.65502139223,-3.));
#8144=CARTESIAN_POINT('',(198.271638647517,502.65502139223,0.));
#8145=CARTESIAN_POINT('',(199.150318303957,500.53370104867,-3.));
#8146=CARTESIAN_POINT('Origin',(196.150318303957,500.53370104867,-3.));
#8147=CARTESIAN_POINT('',(199.150318303957,500.53370104867,0.));
#8148=CARTESIAN_POINT('Origin',(190.786357273278,510.140302766469,0.));
#8149=CARTESIAN_POINT('',(199.150318303957,501.77634173579,-3.));
#8150=CARTESIAN_POINT('',(189.286357272138,511.640302767609,0.));
#8151=CARTESIAN_POINT('Origin',(196.150318303957,428.746904484266,0.));
#8152=CARTESIAN_POINT('',(199.150318303957,428.746904484266,-3.));
#8153=CARTESIAN_POINT('',(198.271638647516,426.625584140707,-3.));
#8154=CARTESIAN_POINT('Origin',(196.150318303957,428.746904484266,-3.));
#8155=CARTESIAN_POINT('',(198.271638647516,426.625584140707,0.));
#8156=CARTESIAN_POINT('',(198.271638647516,426.625584140707,0.));
#8157=CARTESIAN_POINT('',(199.150318303957,428.746904484266,0.));
#8158=CARTESIAN_POINT('Origin',(196.150318303957,428.746904484266,0.));
#8159=CARTESIAN_POINT('',(199.150318303957,428.746904484266,0.));
#8160=CARTESIAN_POINT('Origin',(190.786357273278,419.140302766469,0.));
#8161=CARTESIAN_POINT('',(191.665036929719,420.018982422909,-3.));
#8162=CARTESIAN_POINT('',(199.150318303957,427.504263797147,-3.));
#8163=CARTESIAN_POINT('',(191.665036929719,420.018982422909,0.));
#8164=CARTESIAN_POINT('',(191.665036929719,420.018982422909,0.));
#8165=CARTESIAN_POINT('',(199.150318303957,427.504263797147,0.));
#8166=CARTESIAN_POINT('Origin',(189.543716586159,422.140302766469,0.));
#8167=CARTESIAN_POINT('',(189.543716586159,419.140302766469,0.));
#8168=CARTESIAN_POINT('Origin',(189.543716586159,422.140302766469,0.));
#8169=CARTESIAN_POINT('',(189.543716586159,419.140302766469,-3.));
#8170=CARTESIAN_POINT('Origin',(189.543716586159,422.140302766469,-3.));
#8171=CARTESIAN_POINT('',(189.543716586159,419.140302766469,0.));
#8172=CARTESIAN_POINT('Origin',(6.75691997373947,422.140302766469,0.));
#8173=CARTESIAN_POINT('',(6.75691997373946,419.140302766469,-3.));
#8174=CARTESIAN_POINT('',(4.63559963017982,420.018982422909,-3.));
#8175=CARTESIAN_POINT('Origin',(6.75691997373947,422.140302766469,-3.));
#8176=CARTESIAN_POINT('',(4.63559963017982,420.018982422909,0.));
#8177=CARTESIAN_POINT('',(4.63559963017982,420.018982422909,0.));
#8178=CARTESIAN_POINT('',(6.75691997373946,419.140302766469,0.));
#8179=CARTESIAN_POINT('Origin',(6.75691997373947,422.140302766469,0.));
#8180=CARTESIAN_POINT('',(6.75691997373947,419.140302766469,0.));
#8181=CARTESIAN_POINT('Origin',(-2.84968174405843,427.504263797148,0.));
#8182=CARTESIAN_POINT('',(-1.971002087618,426.625584140707,-3.));
#8183=CARTESIAN_POINT('',(-2.84968174405843,427.504263797148,-3.));
#8184=CARTESIAN_POINT('',(-1.971002087618,426.625584140707,0.));
#8185=CARTESIAN_POINT('',(-1.971002087618,426.625584140707,0.));
#8186=CARTESIAN_POINT('',(-2.84968174405843,427.504263797148,0.));
#8187=CARTESIAN_POINT('Origin',(0.150318255941622,428.746904484267,0.));
#8188=CARTESIAN_POINT('',(-2.84968174405838,428.746904484267,0.));
#8189=CARTESIAN_POINT('Origin',(0.150318255941622,428.746904484267,0.));
#8190=CARTESIAN_POINT('',(-2.84968174405838,428.746904484267,-3.));
#8191=CARTESIAN_POINT('Origin',(0.150318255941622,428.746904484267,-3.));
#8192=CARTESIAN_POINT('',(-2.84968174405838,428.746904484267,0.));
#8193=CARTESIAN_POINT('Origin',(0.150318255941622,500.533701048669,0.));
#8194=CARTESIAN_POINT('',(-2.84968174405838,500.533701048669,-3.));
#8195=CARTESIAN_POINT('',(-1.97100208761827,502.655021392228,-3.));
#8196=CARTESIAN_POINT('Origin',(0.150318255941622,500.533701048669,-3.));
#8197=CARTESIAN_POINT('',(-1.97100208761827,502.655021392228,0.));
#8198=CARTESIAN_POINT('',(-1.97100208761827,502.655021392228,0.));
#8199=CARTESIAN_POINT('',(-2.84968174405838,500.533701048669,0.));
#8200=CARTESIAN_POINT('Origin',(0.150318255941622,500.533701048669,0.));
#8201=CARTESIAN_POINT('',(-2.84968174405838,500.533701048669,0.));
#8202=CARTESIAN_POINT('Origin',(7.01427928776054,511.640302767609,0.));
#8203=CARTESIAN_POINT('',(6.1355996313202,510.761623111169,-3.));
#8204=CARTESIAN_POINT('',(5.51427928662037,510.140302766469,-3.));
#8205=CARTESIAN_POINT('',(6.1355996313202,510.761623111169,0.));
#8206=CARTESIAN_POINT('',(6.13559963132019,510.761623111169,0.));
#8207=CARTESIAN_POINT('',(5.51427928662037,510.140302766469,0.));
#8208=CARTESIAN_POINT('Origin',(8.25691997488006,508.640302767609,0.));
#8209=CARTESIAN_POINT('Origin',(8.25691997488006,508.640302767609,0.));
#8210=CARTESIAN_POINT('Origin',(8.25691997488006,508.640302767609,-3.));
#8211=CARTESIAN_POINT('Origin',(-27.456283567213,507.140302766468,0.));
#8212=CARTESIAN_POINT('',(-27.456283567213,510.140302766469,-3.));
#8213=CARTESIAN_POINT('',(-25.3349632236534,509.261623110028,-3.));
#8214=CARTESIAN_POINT('Origin',(-27.456283567213,507.140302766468,-3.));
#8215=CARTESIAN_POINT('',(-25.3349632236534,509.261623110028,0.));
#8216=CARTESIAN_POINT('',(-25.3349632236534,509.261623110028,0.));
#8217=CARTESIAN_POINT('',(-27.456283567213,510.140302766469,0.));
#8218=CARTESIAN_POINT('Origin',(-27.456283567213,507.140302766468,0.));
#8219=CARTESIAN_POINT('',(-27.456283567213,510.140302766469,0.));
#8220=CARTESIAN_POINT('Origin',(-17.8496818494151,501.77634173579,0.));
#8221=CARTESIAN_POINT('',(-18.7283615058555,502.65502139223,-3.));
#8222=CARTESIAN_POINT('',(-17.8496818494151,501.77634173579,-3.));
#8223=CARTESIAN_POINT('',(-18.7283615058555,502.65502139223,0.));
#8224=CARTESIAN_POINT('',(-18.7283615058554,502.65502139223,0.));
#8225=CARTESIAN_POINT('',(-17.8496818494151,501.77634173579,0.));
#8226=CARTESIAN_POINT('Origin',(-20.8496818494151,500.533701048671,0.));
#8227=CARTESIAN_POINT('',(-17.8496818494151,500.533701048671,0.));
#8228=CARTESIAN_POINT('Origin',(-20.8496818494151,500.533701048671,0.));
#8229=CARTESIAN_POINT('',(-17.8496818494151,500.533701048671,-3.));
#8230=CARTESIAN_POINT('Origin',(-20.8496818494151,500.533701048671,-3.));
#8231=CARTESIAN_POINT('',(-17.8496818494151,500.533701048671,0.));
#8232=CARTESIAN_POINT('Origin',(-27.4562835672127,422.140302766469,0.));
#8233=CARTESIAN_POINT('',(-27.4562835672127,419.140302766469,0.));
#8234=CARTESIAN_POINT('',(-25.3349632236531,420.018982422909,0.));
#8235=CARTESIAN_POINT('Origin',(-27.4562835672127,422.140302766469,0.));
#8236=CARTESIAN_POINT('',(-25.3349632236531,420.018982422909,-3.));
#8237=CARTESIAN_POINT('',(-25.3349632236531,420.018982422909,0.));
#8238=CARTESIAN_POINT('',(-27.4562835672127,419.140302766469,-3.));
#8239=CARTESIAN_POINT('Origin',(-27.4562835672127,422.140302766469,-3.));
#8240=CARTESIAN_POINT('',(-27.4562835672127,419.140302766469,0.));
#8241=CARTESIAN_POINT('Origin',(-26.2136428800936,419.140302766469,0.));
#8242=CARTESIAN_POINT('',(-18.7283615058554,426.625584140707,0.));
#8243=CARTESIAN_POINT('',(-17.8496818494151,427.504263797147,0.));
#8244=CARTESIAN_POINT('',(-18.7283615058554,426.625584140707,-3.));
#8245=CARTESIAN_POINT('',(-18.7283615058554,426.625584140707,0.));
#8246=CARTESIAN_POINT('',(-17.8496818494151,427.504263797147,-3.));
#8247=CARTESIAN_POINT('Origin',(-20.8496818494151,428.746904484267,0.));
#8248=CARTESIAN_POINT('',(-17.8496818494151,428.746904484267,-3.));
#8249=CARTESIAN_POINT('Origin',(-20.8496818494151,428.746904484267,-3.));
#8250=CARTESIAN_POINT('',(-17.8496818494151,428.746904484267,0.));
#8251=CARTESIAN_POINT('Origin',(-20.8496818494151,428.746904484267,0.));
#8252=CARTESIAN_POINT('',(-17.8496818494151,428.746904484267,0.));
#8253=CARTESIAN_POINT('Origin',(-238.849681849415,428.746904484267,0.));
#8254=CARTESIAN_POINT('',(-241.849681849415,428.746904484267,0.));
#8255=CARTESIAN_POINT('',(-240.971002192975,426.625584140708,0.));
#8256=CARTESIAN_POINT('Origin',(-238.849681849415,428.746904484267,0.));
#8257=CARTESIAN_POINT('',(-240.971002192975,426.625584140708,-3.));
#8258=CARTESIAN_POINT('',(-240.971002192975,426.625584140708,0.));
#8259=CARTESIAN_POINT('',(-241.849681849415,428.746904484267,-3.));
#8260=CARTESIAN_POINT('Origin',(-238.849681849415,428.746904484267,-3.));
#8261=CARTESIAN_POINT('',(-241.849681849415,428.746904484267,0.));
#8262=CARTESIAN_POINT('Origin',(-241.849681849415,427.504263797148,0.));
#8263=CARTESIAN_POINT('',(-234.364400475176,420.018982422909,0.));
#8264=CARTESIAN_POINT('',(-241.849681849415,427.504263797148,0.));
#8265=CARTESIAN_POINT('',(-234.364400475176,420.018982422909,-3.));
#8266=CARTESIAN_POINT('',(-234.364400475176,420.018982422909,0.));
#8267=CARTESIAN_POINT('',(-241.849681849415,427.504263797148,-3.));
#8268=CARTESIAN_POINT('Origin',(-232.243080131617,422.140302766469,0.));
#8269=CARTESIAN_POINT('',(-232.243080131617,419.140302766469,-3.));
#8270=CARTESIAN_POINT('Origin',(-232.243080131617,422.140302766469,-3.));
#8271=CARTESIAN_POINT('',(-232.243080131617,419.140302766469,0.));
#8272=CARTESIAN_POINT('Origin',(-232.243080131617,422.140302766469,0.));
#8273=CARTESIAN_POINT('',(-232.243080131617,419.140302766469,0.));
#8274=CARTESIAN_POINT('Origin',(-232.243080131617,507.140302766469,0.));
#8275=CARTESIAN_POINT('',(-232.243080131617,510.140302766469,0.));
#8276=CARTESIAN_POINT('',(-234.364400475176,509.261623110028,0.));
#8277=CARTESIAN_POINT('Origin',(-232.243080131617,507.140302766469,0.));
#8278=CARTESIAN_POINT('',(-234.364400475176,509.261623110028,-3.));
#8279=CARTESIAN_POINT('',(-234.364400475176,509.261623110028,0.));
#8280=CARTESIAN_POINT('',(-232.243080131617,510.140302766469,-3.));
#8281=CARTESIAN_POINT('Origin',(-232.243080131617,507.140302766469,-3.));
#8282=CARTESIAN_POINT('',(-232.243080131617,510.140302766469,0.));
#8283=CARTESIAN_POINT('Origin',(-233.485720818736,510.140302766469,0.));
#8284=CARTESIAN_POINT('',(-240.971002192975,502.65502139223,0.));
#8285=CARTESIAN_POINT('',(-241.849681849415,501.77634173579,0.));
#8286=CARTESIAN_POINT('',(-240.971002192975,502.65502139223,-3.));
#8287=CARTESIAN_POINT('',(-240.971002192975,502.65502139223,0.));
#8288=CARTESIAN_POINT('',(-241.849681849415,501.77634173579,-3.));
#8289=CARTESIAN_POINT('Origin',(-238.849681849415,500.533701048671,0.));
#8290=CARTESIAN_POINT('',(-241.849681849415,500.533701048671,-3.));
#8291=CARTESIAN_POINT('Origin',(-238.849681849415,500.533701048671,-3.));
#8292=CARTESIAN_POINT('',(-241.849681849415,500.533701048671,0.));
#8293=CARTESIAN_POINT('Origin',(-238.849681849415,500.533701048671,0.));
#8294=CARTESIAN_POINT('',(-241.849681849415,500.533701048671,0.));
#8295=CARTESIAN_POINT('Origin',(361.756919916398,316.140302766468,0.));
#8296=CARTESIAN_POINT('',(361.756919916398,313.140302766468,-3.));
#8297=CARTESIAN_POINT('',(359.635599572838,314.018982422908,-3.));
#8298=CARTESIAN_POINT('Origin',(361.756919916398,316.140302766468,-3.));
#8299=CARTESIAN_POINT('',(359.635599572838,314.018982422908,0.));
#8300=CARTESIAN_POINT('',(359.635599572838,314.018982422909,0.));
#8301=CARTESIAN_POINT('',(361.756919916398,313.140302766468,0.));
#8302=CARTESIAN_POINT('Origin',(361.756919916398,316.140302766468,0.));
#8303=CARTESIAN_POINT('',(361.756919916398,313.140302766468,0.));
#8304=CARTESIAN_POINT('Origin',(352.150318198598,321.504263797147,0.));
#8305=CARTESIAN_POINT('',(353.028997855039,320.625584140707,-3.));
#8306=CARTESIAN_POINT('',(352.150318198598,321.504263797147,-3.));
#8307=CARTESIAN_POINT('',(353.028997855039,320.625584140707,0.));
#8308=CARTESIAN_POINT('',(353.028997855039,320.625584140707,0.));
#8309=CARTESIAN_POINT('',(352.150318198598,321.504263797147,0.));
#8310=CARTESIAN_POINT('Origin',(355.150318198598,322.746904484267,0.));
#8311=CARTESIAN_POINT('',(352.150318198598,322.746904484267,0.));
#8312=CARTESIAN_POINT('Origin',(355.150318198598,322.746904484267,0.));
#8313=CARTESIAN_POINT('',(352.150318198598,322.746904484267,-3.));
#8314=CARTESIAN_POINT('Origin',(355.150318198598,322.746904484267,-3.));
#8315=CARTESIAN_POINT('',(352.150318198598,322.746904484267,0.));
#8316=CARTESIAN_POINT('Origin',(355.150318198598,394.533701048673,0.));
#8317=CARTESIAN_POINT('',(352.150318198598,394.533701048673,-3.));
#8318=CARTESIAN_POINT('',(353.028997855039,396.655021392233,-3.));
#8319=CARTESIAN_POINT('Origin',(355.150318198598,394.533701048673,-3.));
#8320=CARTESIAN_POINT('',(353.028997855039,396.655021392233,0.));
#8321=CARTESIAN_POINT('',(353.028997855039,396.655021392233,0.));
#8322=CARTESIAN_POINT('',(352.150318198598,394.533701048673,0.));
#8323=CARTESIAN_POINT('Origin',(355.150318198598,394.533701048673,0.));
#8324=CARTESIAN_POINT('',(352.150318198598,394.533701048673,0.));
#8325=CARTESIAN_POINT('Origin',(363.514279229285,407.140302766476,0.));
#8326=CARTESIAN_POINT('',(362.635599572845,406.261623110036,-3.));
#8327=CARTESIAN_POINT('',(360.514279229278,404.14030276647,-3.));
#8328=CARTESIAN_POINT('',(362.635599572845,406.261623110036,0.));
#8329=CARTESIAN_POINT('',(362.635599572845,406.261623110036,0.));
#8330=CARTESIAN_POINT('',(360.514279229278,404.14030276647,0.));
#8331=CARTESIAN_POINT('Origin',(364.756919916404,404.140302766476,0.));
#8332=CARTESIAN_POINT('',(364.756919916404,407.140302766476,0.));
#8333=CARTESIAN_POINT('Origin',(364.756919916404,404.140302766476,0.));
#8334=CARTESIAN_POINT('',(364.756919916404,407.140302766476,-3.));
#8335=CARTESIAN_POINT('Origin',(364.756919916404,404.140302766476,-3.));
#8336=CARTESIAN_POINT('',(364.756919916404,407.140302766476,0.));
#8337=CARTESIAN_POINT('Origin',(428.5437164808,316.140302766468,0.));
#8338=CARTESIAN_POINT('',(428.5437164808,313.140302766468,0.));
#8339=CARTESIAN_POINT('',(430.66503682436,314.018982422909,0.));
#8340=CARTESIAN_POINT('Origin',(428.5437164808,316.140302766468,0.));
#8341=CARTESIAN_POINT('',(430.66503682436,314.018982422909,-3.));
#8342=CARTESIAN_POINT('',(430.66503682436,314.018982422909,0.));
#8343=CARTESIAN_POINT('',(428.5437164808,313.140302766468,-3.));
#8344=CARTESIAN_POINT('Origin',(428.5437164808,316.140302766468,-3.));
#8345=CARTESIAN_POINT('',(428.5437164808,313.140302766468,0.));
#8346=CARTESIAN_POINT('Origin',(429.78635716792,313.140302766469,0.));
#8347=CARTESIAN_POINT('',(437.27163854216,320.625584140707,0.));
#8348=CARTESIAN_POINT('',(438.1503181986,321.504263797148,0.));
#8349=CARTESIAN_POINT('',(437.27163854216,320.625584140707,-3.));
#8350=CARTESIAN_POINT('',(437.27163854216,320.625584140707,0.));
#8351=CARTESIAN_POINT('',(438.1503181986,321.504263797148,-3.));
#8352=CARTESIAN_POINT('Origin',(435.1503181986,322.746904484267,0.));
#8353=CARTESIAN_POINT('',(438.1503181986,322.746904484267,-3.));
#8354=CARTESIAN_POINT('Origin',(435.1503181986,322.746904484267,-3.));
#8355=CARTESIAN_POINT('',(438.1503181986,322.746904484267,0.));
#8356=CARTESIAN_POINT('Origin',(435.1503181986,322.746904484267,0.));
#8357=CARTESIAN_POINT('',(438.1503181986,322.746904484267,0.));
#8358=CARTESIAN_POINT('Origin',(435.1503181986,394.533701048673,0.));
#8359=CARTESIAN_POINT('',(438.1503181986,394.533701048673,0.));
#8360=CARTESIAN_POINT('',(437.271638542159,396.655021392233,0.));
#8361=CARTESIAN_POINT('Origin',(435.1503181986,394.533701048673,0.));
#8362=CARTESIAN_POINT('',(437.271638542159,396.655021392233,-3.));
#8363=CARTESIAN_POINT('',(437.27163854216,396.655021392233,0.));
#8364=CARTESIAN_POINT('',(438.1503181986,394.533701048673,-3.));
#8365=CARTESIAN_POINT('Origin',(435.1503181986,394.533701048673,-3.));
#8366=CARTESIAN_POINT('',(438.1503181986,394.533701048673,0.));
#8367=CARTESIAN_POINT('Origin',(429.78635716792,404.14030276647,0.));
#8368=CARTESIAN_POINT('',(427.665036824354,406.261623110036,0.));
#8369=CARTESIAN_POINT('',(438.1503181986,395.776341735792,0.));
#8370=CARTESIAN_POINT('',(427.665036824354,406.261623110036,-3.));
#8371=CARTESIAN_POINT('',(427.665036824354,406.261623110036,0.));
#8372=CARTESIAN_POINT('',(438.1503181986,395.776341735792,-3.));
#8373=CARTESIAN_POINT('Origin',(425.543716480795,404.140302766476,0.));
#8374=CARTESIAN_POINT('',(425.543716480795,407.140302766476,0.));
#8375=CARTESIAN_POINT('Origin',(425.543716480795,404.140302766476,0.));
#8376=CARTESIAN_POINT('',(425.543716480795,407.140302766476,-3.));
#8377=CARTESIAN_POINT('',(425.543716480795,407.140302766476,0.));
#8378=CARTESIAN_POINT('Origin',(425.543716480795,404.140302766476,-3.));
#8379=CARTESIAN_POINT('Origin',(426.786357167914,407.140302766476,0.));
#8380=CARTESIAN_POINT('',(363.514279229285,407.140302766476,-3.));
#8381=CARTESIAN_POINT('',(363.514279229285,407.140302766476,0.));
#8382=CARTESIAN_POINT('Origin',(330.286357167919,402.640302766473,0.));
#8383=CARTESIAN_POINT('',(333.286357167919,402.640302766473,0.));
#8384=CARTESIAN_POINT('',(330.286357167919,405.640302766473,0.));
#8385=CARTESIAN_POINT('Origin',(330.286357167919,402.640302766473,0.));
#8386=CARTESIAN_POINT('',(330.286357167919,405.640302766473,-3.));
#8387=CARTESIAN_POINT('',(330.286357167919,405.640302766473,0.));
#8388=CARTESIAN_POINT('',(333.286357167919,402.640302766473,-3.));
#8389=CARTESIAN_POINT('Origin',(330.286357167919,402.640302766473,-3.));
#8390=CARTESIAN_POINT('',(333.286357167919,402.640302766473,0.));
#8391=CARTESIAN_POINT('Origin',(333.286357167919,405.640302766473,0.));
#8392=CARTESIAN_POINT('',(132.256919916401,405.640302766473,0.));
#8393=CARTESIAN_POINT('',(327.286357167919,405.640302766473,0.));
#8394=CARTESIAN_POINT('',(132.256919916401,405.640302766473,-3.));
#8395=CARTESIAN_POINT('',(132.256919916401,405.640302766473,0.));
#8396=CARTESIAN_POINT('',(327.286357167919,405.640302766473,-3.));
#8397=CARTESIAN_POINT('Origin',(327.543716480803,316.140302766468,0.));
#8398=CARTESIAN_POINT('',(327.543716480803,313.140302766468,0.));
#8399=CARTESIAN_POINT('',(329.665036824362,314.018982422909,0.));
#8400=CARTESIAN_POINT('Origin',(327.543716480803,316.140302766468,0.));
#8401=CARTESIAN_POINT('',(329.665036824362,314.018982422909,-3.));
#8402=CARTESIAN_POINT('',(329.665036824362,314.018982422909,0.));
#8403=CARTESIAN_POINT('',(327.543716480803,313.140302766468,-3.));
#8404=CARTESIAN_POINT('Origin',(327.543716480803,316.140302766468,-3.));
#8405=CARTESIAN_POINT('',(327.543716480803,313.140302766468,0.));
#8406=CARTESIAN_POINT('Origin',(328.786357167922,313.140302766468,0.));
#8407=CARTESIAN_POINT('',(336.27163854216,320.625584140707,0.));
#8408=CARTESIAN_POINT('',(337.150318198601,321.504263797147,0.));
#8409=CARTESIAN_POINT('',(336.27163854216,320.625584140707,-3.));
#8410=CARTESIAN_POINT('',(336.27163854216,320.625584140707,0.));
#8411=CARTESIAN_POINT('',(337.150318198601,321.504263797147,-3.));
#8412=CARTESIAN_POINT('Origin',(334.1503181986,322.746904484266,0.));
#8413=CARTESIAN_POINT('',(337.1503181986,322.746904484266,-3.));
#8414=CARTESIAN_POINT('Origin',(334.1503181986,322.746904484266,-3.));
#8415=CARTESIAN_POINT('',(337.1503181986,322.746904484266,0.));
#8416=CARTESIAN_POINT('Origin',(334.1503181986,322.746904484266,0.));
#8417=CARTESIAN_POINT('',(337.1503181986,322.746904484266,0.));
#8418=CARTESIAN_POINT('Origin',(336.286357167919,400.882943453593,0.));
#8419=CARTESIAN_POINT('',(333.286357167919,400.882943453593,-3.));
#8420=CARTESIAN_POINT('',(334.16503682436,398.761623110033,-3.));
#8421=CARTESIAN_POINT('Origin',(336.286357167919,400.882943453593,-3.));
#8422=CARTESIAN_POINT('',(334.16503682436,398.761623110033,0.));
#8423=CARTESIAN_POINT('',(334.16503682436,398.761623110033,0.));
#8424=CARTESIAN_POINT('',(333.286357167919,400.882943453593,0.));
#8425=CARTESIAN_POINT('Origin',(336.286357167919,400.882943453593,0.));
#8426=CARTESIAN_POINT('',(333.286357167919,400.882943453593,0.));
#8427=CARTESIAN_POINT('Origin',(93.1503181692538,411.640302766468,0.));
#8428=CARTESIAN_POINT('',(451.650318198601,301.640302766468,0.));
#8429=CARTESIAN_POINT('',(442.650318198601,521.640302766468,0.));
#8430=CARTESIAN_POINT('',(442.650318198601,466.640302766468,0.));
#8431=CARTESIAN_POINT('',(-256.349681860094,521.640302766468,0.));
#8432=CARTESIAN_POINT('',(-265.349681860093,521.640302766468,0.));
#8433=CARTESIAN_POINT('',(-256.349681860094,356.640302766468,0.));
#8434=CARTESIAN_POINT('',(-254.849681860094,301.640302766468,0.));
#8435=CARTESIAN_POINT('',(-254.849681860094,356.640302766468,0.));
#8436=CARTESIAN_POINT('',(451.650318198601,301.640302766468,0.));
#8437=CARTESIAN_POINT('',(451.650318198601,301.640302766468,0.));
#8438=CARTESIAN_POINT('',(451.650318198601,301.640302766468,0.));
#8439=CARTESIAN_POINT('',(451.650318198601,301.640302766468,0.));
#8440=CARTESIAN_POINT('',(-242.243080142299,404.140302766467,0.));
#8441=CARTESIAN_POINT('',(-112.456283519198,404.140302766471,0.));
#8442=CARTESIAN_POINT('',(-251.849681860093,404.140302766467,0.));
#8443=CARTESIAN_POINT('',(-110.334963175639,403.261623110031,0.));
#8444=CARTESIAN_POINT('Origin',(-112.456283519198,401.140302766471,0.));
#8445=CARTESIAN_POINT('',(-103.72836145784,396.655021392232,0.));
#8446=CARTESIAN_POINT('',(-102.8496818014,395.776341735792,0.));
#8447=CARTESIAN_POINT('',(-102.8496818014,394.533701048673,0.));
#8448=CARTESIAN_POINT('Origin',(-105.8496818014,394.533701048673,0.));
#8449=CARTESIAN_POINT('',(-102.8496818014,322.746904484267,0.));
#8450=CARTESIAN_POINT('',(-102.8496818014,404.140302766471,0.));
#8451=CARTESIAN_POINT('',(-103.72836145784,320.625584140707,0.));
#8452=CARTESIAN_POINT('Origin',(-105.8496818014,322.746904484267,0.));
#8453=CARTESIAN_POINT('',(-110.334963175639,314.018982422909,0.));
#8454=CARTESIAN_POINT('',(-102.8496818014,321.504263797147,0.));
#8455=CARTESIAN_POINT('',(-112.456283519198,313.140302766468,0.));
#8456=CARTESIAN_POINT('Origin',(-112.456283519198,316.140302766468,0.));
#8457=CARTESIAN_POINT('',(-242.243080142296,313.140302766468,0.));
#8458=CARTESIAN_POINT('',(-102.8496818014,313.140302766468,0.));
#8459=CARTESIAN_POINT('',(-244.364400485856,314.018982422909,0.));
#8460=CARTESIAN_POINT('Origin',(-242.243080142296,316.140302766468,0.));
#8461=CARTESIAN_POINT('',(-250.971002203653,320.625584140706,0.));
#8462=CARTESIAN_POINT('',(-251.849681860094,321.504263797146,0.));
#8463=CARTESIAN_POINT('',(-251.849681860093,322.746904484265,0.));
#8464=CARTESIAN_POINT('Origin',(-248.849681860093,322.746904484265,0.));
#8465=CARTESIAN_POINT('',(-251.849681860093,394.533701048673,0.));
#8466=CARTESIAN_POINT('',(-251.849681860093,313.140302766468,0.));
#8467=CARTESIAN_POINT('',(-250.971002203653,396.655021392232,0.));
#8468=CARTESIAN_POINT('Origin',(-248.849681860093,394.533701048673,0.));
#8469=CARTESIAN_POINT('',(-244.364400485858,403.261623110027,0.));
#8470=CARTESIAN_POINT('',(-251.849681860094,395.776341735792,0.));
#8471=CARTESIAN_POINT('Origin',(-242.243080142299,401.140302766468,0.));
#8472=CARTESIAN_POINT('',(-241.849681849415,419.140302766469,0.));
#8473=CARTESIAN_POINT('',(-241.849681849415,510.140302766469,0.));
#8474=CARTESIAN_POINT('',(-17.8496818494151,510.140302766469,0.));
#8475=CARTESIAN_POINT('',(-17.8496818494151,419.140302766469,0.));
#8476=CARTESIAN_POINT('',(199.150318303957,510.140302766468,0.));
#8477=CARTESIAN_POINT('',(199.150318303957,419.140302766469,0.));
#8478=CARTESIAN_POINT('',(-2.84968174405838,419.140302766469,0.));
#8479=CARTESIAN_POINT('',(106.1503181986,394.533701048667,0.));
#8480=CARTESIAN_POINT('',(106.1503181986,322.746904484272,0.));
#8481=CARTESIAN_POINT('',(106.1503181986,404.140302766471,0.));
#8482=CARTESIAN_POINT('',(105.27163854216,320.625584140712,0.));
#8483=CARTESIAN_POINT('Origin',(103.1503181986,322.746904484272,0.));
#8484=CARTESIAN_POINT('',(98.6650368243557,314.018982422909,0.));
#8485=CARTESIAN_POINT('',(106.150318198602,321.504263797154,0.));
#8486=CARTESIAN_POINT('',(96.5437164807962,313.140302766468,0.));
#8487=CARTESIAN_POINT('Origin',(96.5437164807962,316.140302766468,0.));
#8488=CARTESIAN_POINT('',(-78.2430800836014,313.140302766468,0.));
#8489=CARTESIAN_POINT('',(106.1503181986,313.140302766468,0.));
#8490=CARTESIAN_POINT('',(-80.364400427161,314.018982422909,0.));
#8491=CARTESIAN_POINT('Origin',(-78.2430800836014,316.140302766468,0.));
#8492=CARTESIAN_POINT('',(-86.9710021449592,320.625584140707,0.));
#8493=CARTESIAN_POINT('',(-87.8496818013997,321.504263797147,0.));
#8494=CARTESIAN_POINT('',(-87.8496818013996,322.746904484266,0.));
#8495=CARTESIAN_POINT('Origin',(-84.8496818013996,322.746904484266,0.));
#8496=CARTESIAN_POINT('',(-87.8496818013997,394.533701048673,0.));
#8497=CARTESIAN_POINT('',(-87.8496818013996,313.140302766468,0.));
#8498=CARTESIAN_POINT('',(-86.9710021449593,396.655021392233,0.));
#8499=CARTESIAN_POINT('Origin',(-84.8496818013997,394.533701048673,0.));
#8500=CARTESIAN_POINT('',(-80.3644004271612,403.261623110031,0.));
#8501=CARTESIAN_POINT('',(-87.8496818013997,395.776341735792,0.));
#8502=CARTESIAN_POINT('',(-78.2430800836015,404.140302766471,0.));
#8503=CARTESIAN_POINT('Origin',(-78.2430800836015,401.140302766471,0.));
#8504=CARTESIAN_POINT('',(96.5437164807962,404.140302766471,0.));
#8505=CARTESIAN_POINT('',(-87.8496818013997,404.140302766471,0.));
#8506=CARTESIAN_POINT('',(98.6650368243557,403.261623110031,0.));
#8507=CARTESIAN_POINT('Origin',(96.5437164807961,401.140302766471,0.));
#8508=CARTESIAN_POINT('',(105.27163854216,396.655021392227,0.));
#8509=CARTESIAN_POINT('',(106.150318198602,395.776341735785,0.));
#8510=CARTESIAN_POINT('Origin',(103.1503181986,394.533701048667,0.));
#8511=CARTESIAN_POINT('',(438.1503181986,404.14030276647,0.));
#8512=CARTESIAN_POINT('',(438.1503181986,313.140302766468,0.));
#8513=CARTESIAN_POINT('',(352.150318198598,313.140302766468,0.));
#8514=CARTESIAN_POINT('',(438.1503181986,510.140302766468,0.));
#8515=CARTESIAN_POINT('',(438.1503181986,419.140302766469,0.));
#8516=CARTESIAN_POINT('',(214.1503181986,419.140302766469,0.));
#8517=CARTESIAN_POINT('',(214.1503181986,510.140302766468,0.));
#8518=CARTESIAN_POINT('',(336.27163854216,396.655021392232,0.));
#8519=CARTESIAN_POINT('',(337.150318198601,395.776341735792,0.));
#8520=CARTESIAN_POINT('',(337.1503181986,394.533701048673,0.));
#8521=CARTESIAN_POINT('Origin',(334.1503181986,394.533701048673,0.));
#8522=CARTESIAN_POINT('',(337.1503181986,404.140302766471,0.));
#8523=CARTESIAN_POINT('',(130.756919916398,313.140302766468,0.));
#8524=CARTESIAN_POINT('',(337.1503181986,313.140302766468,0.));
#8525=CARTESIAN_POINT('',(128.635599572839,314.018982422909,0.));
#8526=CARTESIAN_POINT('Origin',(130.756919916398,316.140302766468,0.));
#8527=CARTESIAN_POINT('',(122.028997855041,320.625584140707,0.));
#8528=CARTESIAN_POINT('',(121.1503181986,321.504263797147,0.));
#8529=CARTESIAN_POINT('',(121.1503181986,322.746904484266,0.));
#8530=CARTESIAN_POINT('Origin',(124.1503181986,322.746904484266,0.));
#8531=CARTESIAN_POINT('',(121.1503181986,394.533701048674,0.));
#8532=CARTESIAN_POINT('',(121.1503181986,313.140302766468,0.));
#8533=CARTESIAN_POINT('',(122.028997855041,396.655021392233,0.));
#8534=CARTESIAN_POINT('Origin',(124.1503181986,394.533701048674,0.));
#8535=CARTESIAN_POINT('',(130.135599572841,404.761623110033,0.));
#8536=CARTESIAN_POINT('',(129.514279229279,404.140302766471,0.));
#8537=CARTESIAN_POINT('Origin',(132.256919916401,402.640302766473,0.));
#8538=CARTESIAN_POINT('',(333.286357167919,405.640302766473,0.));
#8539=CARTESIAN_POINT('',(-20.1141818494151,509.140302766469,0.));
#8540=CARTESIAN_POINT('Origin',(-18.8496818494151,509.140302766469,0.));
#8541=CARTESIAN_POINT('',(213.8858181986,509.140302766468,0.));
#8542=CARTESIAN_POINT('Origin',(215.1503181986,509.140302766468,0.));
#8543=CARTESIAN_POINT('',(196.885818303957,420.140302817763,0.));
#8544=CARTESIAN_POINT('Origin',(198.150318303957,420.140302817763,0.));
#8545=CARTESIAN_POINT('',(435.885818198601,509.140302766468,0.));
#8546=CARTESIAN_POINT('Origin',(437.150318198601,509.140302766468,0.));
#8547=CARTESIAN_POINT('',(351.885818198598,314.140302766468,0.));
#8548=CARTESIAN_POINT('Origin',(353.150318198598,314.140302766468,0.));
#8549=CARTESIAN_POINT('',(334.885818198601,403.140302766471,0.));
#8550=CARTESIAN_POINT('Origin',(336.150318198601,403.140302766471,0.));
#8551=CARTESIAN_POINT('',(435.8858181986,403.140302766471,0.));
#8552=CARTESIAN_POINT('Origin',(437.1503181986,403.140302766471,0.));
#8553=CARTESIAN_POINT('',(103.8858181986,314.140302766461,0.));
#8554=CARTESIAN_POINT('Origin',(105.1503181986,314.140302766461,0.));
#8555=CARTESIAN_POINT('',(120.8858181986,403.140302766471,0.));
#8556=CARTESIAN_POINT('Origin',(122.1503181986,403.140302766471,0.));
#8557=CARTESIAN_POINT('',(103.8858181986,403.140302766478,0.));
#8558=CARTESIAN_POINT('Origin',(105.1503181986,403.140302766478,0.));
#8559=CARTESIAN_POINT('',(-88.1141818013996,314.140302766468,0.));
#8560=CARTESIAN_POINT('Origin',(-86.8496818013996,314.140302766468,0.));
#8561=CARTESIAN_POINT('',(-105.1141818014,403.140302766471,0.));
#8562=CARTESIAN_POINT('Origin',(-103.8496818014,403.140302766471,0.));
#8563=CARTESIAN_POINT('',(-252.114181860094,314.140302766468,0.));
#8564=CARTESIAN_POINT('Origin',(-250.849681860094,314.140302766468,0.));
#8565=CARTESIAN_POINT('',(-242.114181849415,420.140302766469,0.));
#8566=CARTESIAN_POINT('Origin',(-240.849681849415,420.140302766469,0.));
#8567=CARTESIAN_POINT('',(-242.114181849415,509.140302766469,0.));
#8568=CARTESIAN_POINT('Origin',(-240.849681849415,509.140302766469,0.));
#8569=CARTESIAN_POINT('',(-252.114181860094,403.140302766468,0.));
#8570=CARTESIAN_POINT('Origin',(-250.849681860094,403.140302766468,0.));
#8571=CARTESIAN_POINT('',(-105.1141818014,314.140302766468,0.));
#8572=CARTESIAN_POINT('Origin',(-103.8496818014,314.140302766468,0.));
#8573=CARTESIAN_POINT('',(-88.1141818013996,403.140302766471,0.));
#8574=CARTESIAN_POINT('Origin',(-86.8496818013996,403.140302766471,0.));
#8575=CARTESIAN_POINT('',(-20.1141818494151,420.140302766469,0.));
#8576=CARTESIAN_POINT('Origin',(-18.8496818494151,420.140302766469,0.));
#8577=CARTESIAN_POINT('',(-3.11418174405838,420.140302817763,0.));
#8578=CARTESIAN_POINT('Origin',(-1.84968174405838,420.140302817763,0.));
#8579=CARTESIAN_POINT('',(120.8858181986,314.140302766468,0.));
#8580=CARTESIAN_POINT('Origin',(122.1503181986,314.140302766468,0.));
#8581=CARTESIAN_POINT('',(435.8858181986,314.140302766468,0.));
#8582=CARTESIAN_POINT('Origin',(437.1503181986,314.140302766468,0.));
#8583=CARTESIAN_POINT('',(351.885818198598,403.140302766471,0.));
#8584=CARTESIAN_POINT('Origin',(353.150318198598,403.140302766471,0.));
#8585=CARTESIAN_POINT('',(334.885818198601,314.140302766468,0.));
#8586=CARTESIAN_POINT('Origin',(336.150318198601,314.140302766468,0.));
#8587=CARTESIAN_POINT('',(435.8858181986,420.140302766469,0.));
#8588=CARTESIAN_POINT('Origin',(437.1503181986,420.140302766469,0.));
#8589=CARTESIAN_POINT('',(213.8858181986,420.140302766469,0.));
#8590=CARTESIAN_POINT('Origin',(215.1503181986,420.140302766469,0.));
#8591=CARTESIAN_POINT('',(196.885818303957,509.140302715174,0.));
#8592=CARTESIAN_POINT('Origin',(198.150318303957,509.140302715174,0.));
#8593=CARTESIAN_POINT('',(-3.11418174405832,509.140302715174,0.));
#8594=CARTESIAN_POINT('Origin',(-1.84968174405832,509.140302715174,0.));
#8595=CARTESIAN_POINT('',(435.885818169253,517.640302766464,0.));
#8596=CARTESIAN_POINT('Origin',(437.150318169253,517.640302766464,0.));
#8597=CARTESIAN_POINT('',(435.885818169253,305.640302766693,0.));
#8598=CARTESIAN_POINT('Origin',(437.150318169253,305.640302766693,0.));
#8599=CARTESIAN_POINT('',(343.385818169204,411.640302766531,0.));
#8600=CARTESIAN_POINT('Origin',(344.650318169204,411.640302766531,0.));
#8601=CARTESIAN_POINT('',(-96.6141818307472,305.640302766693,0.));
#8602=CARTESIAN_POINT('Origin',(-95.3496818307472,305.640302766693,0.));
#8603=CARTESIAN_POINT('',(-252.114181830747,411.640302766577,0.));
#8604=CARTESIAN_POINT('Origin',(-250.849681830747,411.640302766577,0.));
#8605=CARTESIAN_POINT('',(112.385818169278,411.640302766489,0.));
#8606=CARTESIAN_POINT('Origin',(113.650318169278,411.640302766489,0.));
#8607=CARTESIAN_POINT('',(205.385818139905,411.640302766467,0.));
#8608=CARTESIAN_POINT('Origin',(206.650318139905,411.640302766467,0.));
#8609=CARTESIAN_POINT('',(-11.6141818787618,517.640302766468,0.));
#8610=CARTESIAN_POINT('Origin',(-10.3496818787618,517.640302766468,0.));
#8611=CARTESIAN_POINT('',(-252.114181830747,517.64030276647,0.));
#8612=CARTESIAN_POINT('Origin',(-250.849681830747,517.64030276647,0.));
#8613=CARTESIAN_POINT('',(205.385818169253,517.640302766466,0.));
#8614=CARTESIAN_POINT('Origin',(206.650318169253,517.640302766466,0.));
#8615=CARTESIAN_POINT('',(-11.6141818787627,411.640302766468,0.));
#8616=CARTESIAN_POINT('Origin',(-10.3496818787627,411.640302766468,0.));
#8617=CARTESIAN_POINT('',(-96.6141818307216,411.64030276654,0.));
#8618=CARTESIAN_POINT('Origin',(-95.3496818307216,411.64030276654,0.));
#8619=CARTESIAN_POINT('',(-252.114181830747,305.640302766693,0.));
#8620=CARTESIAN_POINT('Origin',(-250.849681830747,305.640302766693,0.));
#8621=CARTESIAN_POINT('',(112.385818169253,305.640302766693,0.));
#8622=CARTESIAN_POINT('Origin',(113.650318169253,305.640302766693,0.));
#8623=CARTESIAN_POINT('',(343.385818169253,305.640302766693,0.));
#8624=CARTESIAN_POINT('Origin',(344.650318169253,305.640302766693,0.));
#8625=CARTESIAN_POINT('',(435.885818169253,411.640302766574,0.));
#8626=CARTESIAN_POINT('Origin',(437.150318169253,411.640302766574,0.));
#8627=CARTESIAN_POINT('Origin',(337.150318198601,395.776341735792,0.));
#8628=CARTESIAN_POINT('',(336.27163854216,396.655021392232,-3.));
#8629=CARTESIAN_POINT('',(337.150318198601,395.776341735792,-3.));
#8630=CARTESIAN_POINT('',(336.27163854216,396.655021392232,0.));
#8631=CARTESIAN_POINT('Origin',(334.1503181986,394.533701048673,0.));
#8632=CARTESIAN_POINT('',(337.1503181986,394.533701048673,-3.));
#8633=CARTESIAN_POINT('Origin',(334.1503181986,394.533701048673,-3.));
#8634=CARTESIAN_POINT('',(337.1503181986,394.533701048673,0.));
#8635=CARTESIAN_POINT('Origin',(124.1503181986,322.746904484266,0.));
#8636=CARTESIAN_POINT('',(122.028997855041,320.625584140707,-3.));
#8637=CARTESIAN_POINT('',(122.028997855041,320.625584140707,0.));
#8638=CARTESIAN_POINT('',(121.1503181986,322.746904484266,-3.));
#8639=CARTESIAN_POINT('Origin',(124.1503181986,322.746904484266,-3.));
#8640=CARTESIAN_POINT('',(121.1503181986,322.746904484266,0.));
#8641=CARTESIAN_POINT('Origin',(121.1503181986,321.504263797147,0.));
#8642=CARTESIAN_POINT('',(128.635599572839,314.018982422909,-3.));
#8643=CARTESIAN_POINT('',(128.635599572839,314.018982422909,0.));
#8644=CARTESIAN_POINT('',(121.1503181986,321.504263797147,-3.));
#8645=CARTESIAN_POINT('Origin',(130.756919916398,316.140302766468,0.));
#8646=CARTESIAN_POINT('',(130.756919916398,313.140302766468,-3.));
#8647=CARTESIAN_POINT('Origin',(130.756919916398,316.140302766468,-3.));
#8648=CARTESIAN_POINT('',(130.756919916398,313.140302766468,0.));
#8649=CARTESIAN_POINT('Origin',(124.1503181986,394.533701048674,0.));
#8650=CARTESIAN_POINT('',(121.1503181986,394.533701048674,-3.));
#8651=CARTESIAN_POINT('',(122.028997855041,396.655021392233,-3.));
#8652=CARTESIAN_POINT('Origin',(124.1503181986,394.533701048674,-3.));
#8653=CARTESIAN_POINT('',(122.028997855041,396.655021392233,0.));
#8654=CARTESIAN_POINT('',(121.1503181986,394.533701048674,0.));
#8655=CARTESIAN_POINT('Origin',(131.014279229282,405.640302766473,0.));
#8656=CARTESIAN_POINT('',(130.135599572841,404.761623110033,-3.));
#8657=CARTESIAN_POINT('',(129.514279229279,404.140302766471,-3.));
#8658=CARTESIAN_POINT('',(130.135599572841,404.761623110033,0.));
#8659=CARTESIAN_POINT('Origin',(132.256919916401,402.640302766473,0.));
#8660=CARTESIAN_POINT('Origin',(132.256919916401,402.640302766473,-3.));
#8661=CARTESIAN_POINT('Origin',(96.5437164807962,316.140302766468,0.));
#8662=CARTESIAN_POINT('',(98.6650368243557,314.018982422909,-3.));
#8663=CARTESIAN_POINT('',(98.6650368243557,314.018982422909,0.));
#8664=CARTESIAN_POINT('',(96.5437164807962,313.140302766468,-3.));
#8665=CARTESIAN_POINT('Origin',(96.5437164807962,316.140302766468,-3.));
#8666=CARTESIAN_POINT('',(96.5437164807962,313.140302766468,0.));
#8667=CARTESIAN_POINT('Origin',(97.7863571679218,313.140302766475,0.));
#8668=CARTESIAN_POINT('',(105.27163854216,320.625584140712,-3.));
#8669=CARTESIAN_POINT('',(105.27163854216,320.625584140712,0.));
#8670=CARTESIAN_POINT('',(106.150318198602,321.504263797154,-3.));
#8671=CARTESIAN_POINT('Origin',(96.5437164807961,401.140302766471,0.));
#8672=CARTESIAN_POINT('',(96.5437164807962,404.140302766471,-3.));
#8673=CARTESIAN_POINT('',(98.6650368243557,403.261623110031,-3.));
#8674=CARTESIAN_POINT('Origin',(96.5437164807961,401.140302766471,-3.));
#8675=CARTESIAN_POINT('',(98.6650368243557,403.261623110031,0.));
#8676=CARTESIAN_POINT('',(96.5437164807961,404.140302766471,0.));
#8677=CARTESIAN_POINT('Origin',(106.150318198601,395.776341735786,0.));
#8678=CARTESIAN_POINT('',(105.27163854216,396.655021392227,-3.));
#8679=CARTESIAN_POINT('',(106.150318198602,395.776341735785,-3.));
#8680=CARTESIAN_POINT('',(105.27163854216,396.655021392227,0.));
#8681=CARTESIAN_POINT('Origin',(103.1503181986,394.533701048667,0.));
#8682=CARTESIAN_POINT('',(106.1503181986,394.533701048667,-3.));
#8683=CARTESIAN_POINT('Origin',(103.1503181986,394.533701048667,-3.));
#8684=CARTESIAN_POINT('',(106.1503181986,394.533701048667,0.));
#8685=CARTESIAN_POINT('Origin',(103.1503181986,322.746904484272,0.));
#8686=CARTESIAN_POINT('',(106.1503181986,322.746904484272,-3.));
#8687=CARTESIAN_POINT('Origin',(103.1503181986,322.746904484272,-3.));
#8688=CARTESIAN_POINT('',(106.1503181986,322.746904484272,0.));
#8689=CARTESIAN_POINT('Origin',(-78.2430800836014,316.140302766468,0.));
#8690=CARTESIAN_POINT('',(-78.2430800836014,313.140302766468,-3.));
#8691=CARTESIAN_POINT('',(-80.364400427161,314.018982422909,-3.));
#8692=CARTESIAN_POINT('Origin',(-78.2430800836014,316.140302766468,-3.));
#8693=CARTESIAN_POINT('',(-80.364400427161,314.018982422909,0.));
#8694=CARTESIAN_POINT('',(-78.2430800836014,313.140302766468,0.));
#8695=CARTESIAN_POINT('Origin',(-87.8496818013996,321.504263797147,0.));
#8696=CARTESIAN_POINT('',(-86.9710021449592,320.625584140707,-3.));
#8697=CARTESIAN_POINT('',(-87.8496818013997,321.504263797147,-3.));
#8698=CARTESIAN_POINT('',(-86.9710021449592,320.625584140707,0.));
#8699=CARTESIAN_POINT('Origin',(-84.8496818013996,322.746904484266,0.));
#8700=CARTESIAN_POINT('',(-87.8496818013996,322.746904484266,-3.));
#8701=CARTESIAN_POINT('Origin',(-84.8496818013996,322.746904484266,-3.));
#8702=CARTESIAN_POINT('',(-87.8496818013996,322.746904484266,0.));
#8703=CARTESIAN_POINT('Origin',(-84.8496818013997,394.533701048673,0.));
#8704=CARTESIAN_POINT('',(-87.8496818013997,394.533701048673,-3.));
#8705=CARTESIAN_POINT('',(-86.9710021449593,396.655021392233,-3.));
#8706=CARTESIAN_POINT('Origin',(-84.8496818013997,394.533701048673,-3.));
#8707=CARTESIAN_POINT('',(-86.9710021449593,396.655021392233,0.));
#8708=CARTESIAN_POINT('',(-87.8496818013997,394.533701048673,0.));
#8709=CARTESIAN_POINT('Origin',(-79.4857207707209,404.140302766471,0.));
#8710=CARTESIAN_POINT('',(-80.3644004271612,403.261623110031,-3.));
#8711=CARTESIAN_POINT('',(-87.8496818013997,395.776341735792,-3.));
#8712=CARTESIAN_POINT('',(-80.3644004271612,403.261623110031,0.));
#8713=CARTESIAN_POINT('Origin',(-78.2430800836015,401.140302766471,0.));
#8714=CARTESIAN_POINT('',(-78.2430800836015,404.140302766471,-3.));
#8715=CARTESIAN_POINT('Origin',(-78.2430800836015,401.140302766471,-3.));
#8716=CARTESIAN_POINT('',(-78.2430800836015,404.140302766471,0.));
#8717=CARTESIAN_POINT('Origin',(-112.456283519198,401.140302766471,0.));
#8718=CARTESIAN_POINT('',(-112.456283519198,404.140302766471,-3.));
#8719=CARTESIAN_POINT('',(-110.334963175639,403.261623110031,-3.));
#8720=CARTESIAN_POINT('Origin',(-112.456283519198,401.140302766471,-3.));
#8721=CARTESIAN_POINT('',(-110.334963175639,403.261623110031,0.));
#8722=CARTESIAN_POINT('',(-112.456283519198,404.140302766471,0.));
#8723=CARTESIAN_POINT('Origin',(-102.8496818014,395.776341735792,0.));
#8724=CARTESIAN_POINT('',(-103.72836145784,396.655021392232,-3.));
#8725=CARTESIAN_POINT('',(-102.8496818014,395.776341735792,-3.));
#8726=CARTESIAN_POINT('',(-103.72836145784,396.655021392232,0.));
#8727=CARTESIAN_POINT('Origin',(-105.8496818014,394.533701048673,0.));
#8728=CARTESIAN_POINT('',(-102.8496818014,394.533701048673,-3.));
#8729=CARTESIAN_POINT('Origin',(-105.8496818014,394.533701048673,-3.));
#8730=CARTESIAN_POINT('',(-102.8496818014,394.533701048673,0.));
#8731=CARTESIAN_POINT('Origin',(-105.8496818014,322.746904484267,0.));
#8732=CARTESIAN_POINT('',(-102.8496818014,322.746904484267,-3.));
#8733=CARTESIAN_POINT('',(-103.72836145784,320.625584140707,-3.));
#8734=CARTESIAN_POINT('Origin',(-105.8496818014,322.746904484267,-3.));
#8735=CARTESIAN_POINT('',(-103.72836145784,320.625584140707,0.));
#8736=CARTESIAN_POINT('',(-102.8496818014,322.746904484267,0.));
#8737=CARTESIAN_POINT('Origin',(-111.213642832079,313.140302766468,0.));
#8738=CARTESIAN_POINT('',(-110.334963175639,314.018982422909,-3.));
#8739=CARTESIAN_POINT('',(-102.8496818014,321.504263797147,-3.));
#8740=CARTESIAN_POINT('',(-110.334963175639,314.018982422909,0.));
#8741=CARTESIAN_POINT('Origin',(-112.456283519198,316.140302766468,0.));
#8742=CARTESIAN_POINT('',(-112.456283519198,313.140302766468,-3.));
#8743=CARTESIAN_POINT('Origin',(-112.456283519198,316.140302766468,-3.));
#8744=CARTESIAN_POINT('',(-112.456283519198,313.140302766468,0.));
#8745=CARTESIAN_POINT('Origin',(-242.243080142296,316.140302766468,0.));
#8746=CARTESIAN_POINT('',(-242.243080142296,313.140302766468,-3.));
#8747=CARTESIAN_POINT('',(-244.364400485856,314.018982422909,-3.));
#8748=CARTESIAN_POINT('Origin',(-242.243080142296,316.140302766468,-3.));
#8749=CARTESIAN_POINT('',(-244.364400485856,314.018982422909,0.));
#8750=CARTESIAN_POINT('',(-242.243080142296,313.140302766468,0.));
#8751=CARTESIAN_POINT('Origin',(-251.849681860093,321.504263797146,0.));
#8752=CARTESIAN_POINT('',(-250.971002203653,320.625584140706,-3.));
#8753=CARTESIAN_POINT('',(-251.849681860094,321.504263797146,-3.));
#8754=CARTESIAN_POINT('',(-250.971002203653,320.625584140706,0.));
#8755=CARTESIAN_POINT('Origin',(-248.849681860093,322.746904484265,0.));
#8756=CARTESIAN_POINT('',(-251.849681860093,322.746904484265,-3.));
#8757=CARTESIAN_POINT('Origin',(-248.849681860093,322.746904484265,-3.));
#8758=CARTESIAN_POINT('',(-251.849681860093,322.746904484265,0.));
#8759=CARTESIAN_POINT('Origin',(-248.849681860093,394.533701048673,0.));
#8760=CARTESIAN_POINT('',(-251.849681860093,394.533701048673,-3.));
#8761=CARTESIAN_POINT('',(-250.971002203653,396.655021392232,-3.));
#8762=CARTESIAN_POINT('Origin',(-248.849681860093,394.533701048673,-3.));
#8763=CARTESIAN_POINT('',(-250.971002203653,396.655021392232,0.));
#8764=CARTESIAN_POINT('',(-251.849681860093,394.533701048673,0.));
#8765=CARTESIAN_POINT('Origin',(-243.485720829417,404.140302766469,0.));
#8766=CARTESIAN_POINT('',(-244.364400485858,403.261623110027,-3.));
#8767=CARTESIAN_POINT('',(-251.849681860094,395.776341735792,-3.));
#8768=CARTESIAN_POINT('',(-244.364400485858,403.261623110027,0.));
#8769=CARTESIAN_POINT('Origin',(-242.243080142299,401.140302766468,0.));
#8770=CARTESIAN_POINT('',(-242.243080142299,404.140302766467,-3.));
#8771=CARTESIAN_POINT('Origin',(-242.243080142299,401.140302766468,-3.));
#8772=CARTESIAN_POINT('',(-242.243080142299,404.140302766467,0.));
#8773=CARTESIAN_POINT('Origin',(417.150318169255,303.640302766469,4.44089209850062E-15));
#8774=CARTESIAN_POINT('',(417.150318169255,299.518982422909,-3.87867965644034));
#8775=CARTESIAN_POINT('Origin',(417.150318169255,301.640302766468,-6.));
#8776=CARTESIAN_POINT('',(417.150318169255,283.123043414962,-20.2746186643873));
#8777=CARTESIAN_POINT('',(417.150318169255,296.959126695794,-6.43853538355548));
#8778=CARTESIAN_POINT('Origin',(417.150318169255,285.244363758521,-22.395939007947));
#8779=CARTESIAN_POINT('',(417.150318169255,281.001723071402,-18.1532983208277));
#8780=CARTESIAN_POINT('Origin',(417.150318169255,285.244363758521,-22.395939007947));
#8781=CARTESIAN_POINT('',(417.150318169255,297.397662079349,-1.7573593128807));
#8782=CARTESIAN_POINT('',(417.150318169255,294.837806352234,-4.31721503999585));
#8783=CARTESIAN_POINT('Origin',(417.150318169255,301.640302766468,-6.));
#8784=CARTESIAN_POINT('Origin',(58.1503181692538,303.640302766468,4.44089209850063E-15));
#8785=CARTESIAN_POINT('',(58.1503181692538,299.518982422909,-3.87867965644034));
#8786=CARTESIAN_POINT('Origin',(58.1503181692538,301.640302766468,-6.));
#8787=CARTESIAN_POINT('',(58.1503181692538,283.123043414962,-20.2746186643873));
#8788=CARTESIAN_POINT('',(58.1503181692538,296.959126695793,-6.43853538355556));
#8789=CARTESIAN_POINT('Origin',(58.1503181692538,285.244363758521,-22.395939007947));
#8790=CARTESIAN_POINT('',(58.1503181692538,281.001723071402,-18.1532983208277));
#8791=CARTESIAN_POINT('Origin',(58.1503181692538,285.244363758521,-22.395939007947));
#8792=CARTESIAN_POINT('',(58.1503181692538,297.397662079349,-1.7573593128807));
#8793=CARTESIAN_POINT('',(58.1503181692538,294.837806352234,-4.31721503999591));
#8794=CARTESIAN_POINT('Origin',(58.1503181692538,301.640302766468,-6.));
#8795=CARTESIAN_POINT('Origin',(-175.849681830747,303.640302766468,4.44089209850063E-15));
#8796=CARTESIAN_POINT('',(-175.849681830747,299.518982422909,-3.87867965644034));
#8797=CARTESIAN_POINT('Origin',(-175.849681830747,301.640302766468,-6.));
#8798=CARTESIAN_POINT('',(-175.849681830747,283.123043414962,-20.2746186643873));
#8799=CARTESIAN_POINT('',(-175.849681830747,296.959126695793,-6.43853538355556));
#8800=CARTESIAN_POINT('Origin',(-175.849681830747,285.244363758521,-22.395939007947));
#8801=CARTESIAN_POINT('',(-175.849681830747,281.001723071402,-18.1532983208277));
#8802=CARTESIAN_POINT('Origin',(-175.849681830747,285.244363758521,-22.395939007947));
#8803=CARTESIAN_POINT('',(-175.849681830747,297.397662079349,-1.7573593128807));
#8804=CARTESIAN_POINT('',(-175.849681830747,294.837806352234,-4.31721503999591));
#8805=CARTESIAN_POINT('Origin',(-175.849681830747,301.640302766468,-6.));
#8806=CARTESIAN_POINT('Origin',(93.150318169254,285.244363758521,-22.395939007947));
#8807=CARTESIAN_POINT('',(-254.849681860093,281.001723071402,-18.1532983208277));
#8808=CARTESIAN_POINT('',(267.150318183927,281.001723071402,-18.1532983208277));
#8809=CARTESIAN_POINT('',(-254.849681860093,281.001723071402,-26.6385796950662));
#8810=CARTESIAN_POINT('Origin',(-254.849681860093,285.244363758521,-22.395939007947));
#8811=CARTESIAN_POINT('',(93.1503181692539,281.001723071402,-26.6385796950663));
#8812=CARTESIAN_POINT('Origin',(93.150318169254,285.244363758521,-22.395939007947));
#8813=CARTESIAN_POINT('',(93.1503181692539,281.001723071402,-26.6385796950663));
#8814=CARTESIAN_POINT('',(267.150318183927,281.001723071402,-18.1532983208277));
#8815=CARTESIAN_POINT('Origin',(93.150318169254,285.244363758521,-22.395939007947));
#8816=CARTESIAN_POINT('',(267.150318183927,281.001723071402,-18.1532983208277));
#8817=CARTESIAN_POINT('',(93.1503181692539,281.001723071402,-26.6385796950663));
#8818=CARTESIAN_POINT('Origin',(93.150318169254,285.244363758521,-22.395939007947));
#8819=CARTESIAN_POINT('',(441.150318198601,281.001723071402,-26.6385796950663));
#8820=CARTESIAN_POINT('',(93.1503181692539,281.001723071402,-26.6385796950663));
#8821=CARTESIAN_POINT('',(441.150318198601,281.001723071402,-18.1532983208277));
#8822=CARTESIAN_POINT('Origin',(441.150318198601,285.244363758521,-22.395939007947));
#8823=CARTESIAN_POINT('',(267.150318183927,281.001723071402,-18.1532983208277));
#8824=CARTESIAN_POINT('Origin',(93.150318169254,285.244363758521,-22.395939007947));
#8825=CARTESIAN_POINT('',(248.150318169254,281.001723071402,-18.1532983208277));
#8826=CARTESIAN_POINT('',(267.150318183927,281.001723071402,-18.1532983208277));
#8827=CARTESIAN_POINT('Origin',(248.150318169254,285.244363758521,-22.395939007947));
#8828=CARTESIAN_POINT('',(93.1503181692539,281.001723071402,-26.6385796950663));
#8829=CARTESIAN_POINT('Origin',(93.1503181692538,288.277950625119,-10.8770707671111));
#8830=CARTESIAN_POINT('',(-254.849681860094,297.397662079349,-1.7573593128807));
#8831=CARTESIAN_POINT('',(93.1503181692537,297.397662079349,-1.7573593128807));
#8832=CARTESIAN_POINT('',(-254.849681860094,306.994289225771,7.83926783354133));
#8833=CARTESIAN_POINT('Origin',(93.1503181692538,288.277950625119,-10.8770707671111));
#8834=CARTESIAN_POINT('',(93.1503181692537,297.397662079349,-1.7573593128807));
#8835=CARTESIAN_POINT('Origin',(93.1503181692538,288.277950625119,-10.8770707671111));
#8836=CARTESIAN_POINT('',(93.1503181692537,297.397662079349,-1.7573593128807));
#8837=CARTESIAN_POINT('Origin',(93.1503181692538,288.277950625119,-10.8770707671111));
#8838=CARTESIAN_POINT('',(441.150318198601,297.397662079349,-1.7573593128807));
#8839=CARTESIAN_POINT('',(441.150318198601,297.397662079349,-1.7573593128807));
#8840=CARTESIAN_POINT('',(93.1503181692537,297.397662079349,-1.7573593128807));
#8841=CARTESIAN_POINT('Origin',(93.1503181692538,288.277950625119,-10.8770707671111));
#8842=CARTESIAN_POINT('',(248.150318169254,297.397662079349,-1.7573593128807));
#8843=CARTESIAN_POINT('',(93.1503181692537,297.397662079349,-1.7573593128807));
#8844=CARTESIAN_POINT('',(248.150318169254,294.837806352234,-4.31721503999587));
#8845=CARTESIAN_POINT('Origin',(248.150318169254,303.640302766468,4.44089209850062E-15));
#8846=CARTESIAN_POINT('',(248.150318169254,299.518982422909,-3.87867965644034));
#8847=CARTESIAN_POINT('Origin',(248.150318169254,301.640302766468,-6.));
#8848=CARTESIAN_POINT('',(248.150318169254,283.123043414962,-20.2746186643873));
#8849=CARTESIAN_POINT('',(248.150318169254,296.959126695793,-6.43853538355552));
#8850=CARTESIAN_POINT('Origin',(248.150318169254,285.244363758521,-22.395939007947));
#8851=CARTESIAN_POINT('Origin',(248.150318169254,301.640302766468,-6.));
#8852=CARTESIAN_POINT('Origin',(93.1503181692537,290.399270968678,-12.9983911106707));
#8853=CARTESIAN_POINT('',(-254.849681860094,283.123043414962,-20.2746186643873));
#8854=CARTESIAN_POINT('',(267.150318183927,283.123043414962,-20.2746186643873));
#8855=CARTESIAN_POINT('',(-254.849681860094,299.518982422909,-3.87867965644038));
#8856=CARTESIAN_POINT('',(-254.849681860094,309.115609569331,5.71794748998169));
#8857=CARTESIAN_POINT('',(93.1503181692537,299.518982422909,-3.87867965644034));
#8858=CARTESIAN_POINT('Origin',(93.1503181692537,290.399270968678,-12.9983911106707));
#8859=CARTESIAN_POINT('',(93.1503181692537,299.518982422909,-3.87867965644034));
#8860=CARTESIAN_POINT('',(267.150318183927,283.123043414962,-20.2746186643873));
#8861=CARTESIAN_POINT('Origin',(93.1503181692537,290.399270968678,-12.9983911106707));
#8862=CARTESIAN_POINT('',(267.150318183927,283.123043414962,-20.2746186643873));
#8863=CARTESIAN_POINT('',(93.1503181692537,299.518982422909,-3.87867965644034));
#8864=CARTESIAN_POINT('Origin',(93.1503181692537,290.399270968678,-12.9983911106707));
#8865=CARTESIAN_POINT('',(441.150318198601,299.518982422909,-3.87867965644038));
#8866=CARTESIAN_POINT('',(93.1503181692537,299.518982422909,-3.87867965644034));
#8867=CARTESIAN_POINT('',(441.150318198601,283.123043414962,-20.2746186643873));
#8868=CARTESIAN_POINT('',(441.150318198601,309.115609569331,5.71794748998169));
#8869=CARTESIAN_POINT('',(267.150318183927,283.123043414962,-20.2746186643873));
#8870=CARTESIAN_POINT('Origin',(93.1503181692537,290.399270968678,-12.9983911106707));
#8871=CARTESIAN_POINT('',(267.150318183927,283.123043414962,-20.2746186643873));
#8872=CARTESIAN_POINT('',(93.1503181692537,299.518982422909,-3.87867965644034));
#8873=CARTESIAN_POINT('Origin',(93.150318169254,285.244363758521,-22.395939007947));
#8874=CARTESIAN_POINT('Origin',(-254.849681860093,285.244363758521,-22.395939007947));
#8875=CARTESIAN_POINT('Origin',(93.150318169254,285.244363758521,-22.395939007947));
#8876=CARTESIAN_POINT('Origin',(93.150318169254,285.244363758521,-22.395939007947));
#8877=CARTESIAN_POINT('Origin',(93.150318169254,285.244363758521,-22.395939007947));
#8878=CARTESIAN_POINT('Origin',(441.150318198601,285.244363758521,-22.395939007947));
#8879=CARTESIAN_POINT('Origin',(93.150318169254,285.244363758521,-22.395939007947));
#8880=CARTESIAN_POINT('Origin',(93.1503181692538,411.640302766468,-3.));
#8881=CARTESIAN_POINT('',(451.650318198601,301.640302766468,-3.));
#8882=CARTESIAN_POINT('',(451.650318198601,301.640302766468,-3.));
#8883=CARTESIAN_POINT('',(451.650318198601,301.640302766468,-3.));
#8884=CARTESIAN_POINT('',(-254.849681860094,301.640302766468,-3.));
#8885=CARTESIAN_POINT('',(451.650318198601,301.640302766468,-3.));
#8886=CARTESIAN_POINT('',(-254.849681860094,356.640302766468,-3.));
#8887=CARTESIAN_POINT('',(-256.349681860094,521.640302766468,-3.));
#8888=CARTESIAN_POINT('',(-256.349681860094,356.640302766468,-3.));
#8889=CARTESIAN_POINT('',(442.650318198601,521.640302766468,-3.));
#8890=CARTESIAN_POINT('',(-265.349681860093,521.640302766468,-3.));
#8891=CARTESIAN_POINT('',(442.650318198601,413.640302766468,-3.));
#8892=CARTESIAN_POINT('',(451.650318198601,301.640302766468,-3.));
#8893=CARTESIAN_POINT('',(333.286357167919,405.640302766473,-3.));
#8894=CARTESIAN_POINT('',(121.1503181986,313.140302766468,-3.));
#8895=CARTESIAN_POINT('',(337.1503181986,313.140302766468,-3.));
#8896=CARTESIAN_POINT('',(337.1503181986,404.140302766471,-3.));
#8897=CARTESIAN_POINT('',(-251.849681860093,404.140302766467,-3.));
#8898=CARTESIAN_POINT('',(-251.849681860093,313.140302766468,-3.));
#8899=CARTESIAN_POINT('',(-102.8496818014,313.140302766468,-3.));
#8900=CARTESIAN_POINT('',(-102.8496818014,404.140302766471,-3.));
#8901=CARTESIAN_POINT('',(-241.849681849415,419.140302766469,-3.));
#8902=CARTESIAN_POINT('',(-17.8496818494151,419.140302766469,-3.));
#8903=CARTESIAN_POINT('',(-17.8496818494151,510.140302766469,-3.));
#8904=CARTESIAN_POINT('',(-241.849681849415,510.140302766469,-3.));
#8905=CARTESIAN_POINT('',(199.150318303957,510.140302766468,-3.));
#8906=CARTESIAN_POINT('',(-2.84968174405838,419.140302766469,-3.));
#8907=CARTESIAN_POINT('',(199.150318303957,419.140302766469,-3.));
#8908=CARTESIAN_POINT('',(106.1503181986,404.140302766471,-3.));
#8909=CARTESIAN_POINT('',(-87.8496818013997,404.140302766471,-3.));
#8910=CARTESIAN_POINT('',(-87.8496818013996,313.140302766468,-3.));
#8911=CARTESIAN_POINT('',(106.1503181986,313.140302766468,-3.));
#8912=CARTESIAN_POINT('',(352.150318198598,313.140302766468,-3.));
#8913=CARTESIAN_POINT('',(438.1503181986,313.140302766468,-3.));
#8914=CARTESIAN_POINT('',(438.1503181986,404.14030276647,-3.));
#8915=CARTESIAN_POINT('',(438.1503181986,510.140302766468,-3.));
#8916=CARTESIAN_POINT('',(214.1503181986,510.140302766468,-3.));
#8917=CARTESIAN_POINT('',(214.1503181986,419.140302766469,-3.));
#8918=CARTESIAN_POINT('',(438.1503181986,419.140302766469,-3.));
#8919=CARTESIAN_POINT('',(-20.1141818494151,509.140302766469,-3.));
#8920=CARTESIAN_POINT('Origin',(-18.8496818494151,509.140302766469,-3.));
#8921=CARTESIAN_POINT('',(213.8858181986,509.140302766468,-3.));
#8922=CARTESIAN_POINT('Origin',(215.1503181986,509.140302766468,-3.));
#8923=CARTESIAN_POINT('',(196.885818303957,420.140302817763,-3.));
#8924=CARTESIAN_POINT('Origin',(198.150318303957,420.140302817763,-3.));
#8925=CARTESIAN_POINT('',(435.885818198601,509.140302766468,-3.));
#8926=CARTESIAN_POINT('Origin',(437.150318198601,509.140302766468,-3.));
#8927=CARTESIAN_POINT('',(351.885818198598,314.140302766468,-3.));
#8928=CARTESIAN_POINT('Origin',(353.150318198598,314.140302766468,-3.));
#8929=CARTESIAN_POINT('',(334.885818198601,403.140302766471,-3.));
#8930=CARTESIAN_POINT('Origin',(336.150318198601,403.140302766471,-3.));
#8931=CARTESIAN_POINT('',(435.8858181986,403.140302766471,-3.));
#8932=CARTESIAN_POINT('Origin',(437.1503181986,403.140302766471,-3.));
#8933=CARTESIAN_POINT('',(103.8858181986,314.140302766461,-3.));
#8934=CARTESIAN_POINT('Origin',(105.1503181986,314.140302766461,-3.));
#8935=CARTESIAN_POINT('',(120.8858181986,403.140302766471,-3.));
#8936=CARTESIAN_POINT('Origin',(122.1503181986,403.140302766471,-3.));
#8937=CARTESIAN_POINT('',(103.8858181986,403.140302766478,-3.));
#8938=CARTESIAN_POINT('Origin',(105.1503181986,403.140302766478,-3.));
#8939=CARTESIAN_POINT('',(-88.1141818013996,314.140302766468,-3.));
#8940=CARTESIAN_POINT('Origin',(-86.8496818013996,314.140302766468,-3.));
#8941=CARTESIAN_POINT('',(-105.1141818014,403.140302766471,-3.));
#8942=CARTESIAN_POINT('Origin',(-103.8496818014,403.140302766471,-3.));
#8943=CARTESIAN_POINT('',(-252.114181860094,314.140302766468,-3.));
#8944=CARTESIAN_POINT('Origin',(-250.849681860094,314.140302766468,-3.));
#8945=CARTESIAN_POINT('',(-242.114181849415,420.140302766469,-3.));
#8946=CARTESIAN_POINT('Origin',(-240.849681849415,420.140302766469,-3.));
#8947=CARTESIAN_POINT('',(-242.114181849415,509.140302766469,-3.));
#8948=CARTESIAN_POINT('Origin',(-240.849681849415,509.140302766469,-3.));
#8949=CARTESIAN_POINT('',(-252.114181860094,403.140302766468,-3.));
#8950=CARTESIAN_POINT('Origin',(-250.849681860094,403.140302766468,-3.));
#8951=CARTESIAN_POINT('',(-105.1141818014,314.140302766468,-3.));
#8952=CARTESIAN_POINT('Origin',(-103.8496818014,314.140302766468,-3.));
#8953=CARTESIAN_POINT('',(-88.1141818013996,403.140302766471,-3.));
#8954=CARTESIAN_POINT('Origin',(-86.8496818013996,403.140302766471,-3.));
#8955=CARTESIAN_POINT('',(-20.1141818494151,420.140302766469,-3.));
#8956=CARTESIAN_POINT('Origin',(-18.8496818494151,420.140302766469,-3.));
#8957=CARTESIAN_POINT('',(-3.11418174405838,420.140302817763,-3.));
#8958=CARTESIAN_POINT('Origin',(-1.84968174405838,420.140302817763,-3.));
#8959=CARTESIAN_POINT('',(120.8858181986,314.140302766468,-3.));
#8960=CARTESIAN_POINT('Origin',(122.1503181986,314.140302766468,-3.));
#8961=CARTESIAN_POINT('',(435.8858181986,314.140302766468,-3.));
#8962=CARTESIAN_POINT('Origin',(437.1503181986,314.140302766468,-3.));
#8963=CARTESIAN_POINT('',(351.885818198598,403.140302766471,-3.));
#8964=CARTESIAN_POINT('Origin',(353.150318198598,403.140302766471,-3.));
#8965=CARTESIAN_POINT('',(334.885818198601,314.140302766468,-3.));
#8966=CARTESIAN_POINT('Origin',(336.150318198601,314.140302766468,-3.));
#8967=CARTESIAN_POINT('',(435.8858181986,420.140302766469,-3.));
#8968=CARTESIAN_POINT('Origin',(437.1503181986,420.140302766469,-3.));
#8969=CARTESIAN_POINT('',(213.8858181986,420.140302766469,-3.));
#8970=CARTESIAN_POINT('Origin',(215.1503181986,420.140302766469,-3.));
#8971=CARTESIAN_POINT('',(196.885818303957,509.140302715174,-3.));
#8972=CARTESIAN_POINT('Origin',(198.150318303957,509.140302715174,-3.));
#8973=CARTESIAN_POINT('',(-3.11418174405832,509.140302715174,-3.));
#8974=CARTESIAN_POINT('Origin',(-1.84968174405832,509.140302715174,-3.));
#8975=CARTESIAN_POINT('',(435.885818169253,517.640302766464,-3.));
#8976=CARTESIAN_POINT('Origin',(437.150318169253,517.640302766464,-3.));
#8977=CARTESIAN_POINT('',(435.885818169253,305.640302766693,-3.));
#8978=CARTESIAN_POINT('Origin',(437.150318169253,305.640302766693,-3.));
#8979=CARTESIAN_POINT('',(343.385818169204,411.640302766531,-3.));
#8980=CARTESIAN_POINT('Origin',(344.650318169204,411.640302766531,-3.));
#8981=CARTESIAN_POINT('',(-96.6141818307472,305.640302766693,-3.));
#8982=CARTESIAN_POINT('Origin',(-95.3496818307472,305.640302766693,-3.));
#8983=CARTESIAN_POINT('',(-252.114181830747,411.640302766577,-3.));
#8984=CARTESIAN_POINT('Origin',(-250.849681830747,411.640302766577,-3.));
#8985=CARTESIAN_POINT('',(112.385818169278,411.640302766489,-3.));
#8986=CARTESIAN_POINT('Origin',(113.650318169278,411.640302766489,-3.));
#8987=CARTESIAN_POINT('',(205.385818139905,411.640302766467,-3.));
#8988=CARTESIAN_POINT('Origin',(206.650318139905,411.640302766467,-3.));
#8989=CARTESIAN_POINT('',(-11.6141818787618,517.640302766468,-3.));
#8990=CARTESIAN_POINT('Origin',(-10.3496818787618,517.640302766468,-3.));
#8991=CARTESIAN_POINT('',(-252.114181830747,517.64030276647,-3.));
#8992=CARTESIAN_POINT('Origin',(-250.849681830747,517.64030276647,-3.));
#8993=CARTESIAN_POINT('',(205.385818169253,517.640302766466,-3.));
#8994=CARTESIAN_POINT('Origin',(206.650318169253,517.640302766466,-3.));
#8995=CARTESIAN_POINT('',(-11.6141818787627,411.640302766468,-3.));
#8996=CARTESIAN_POINT('Origin',(-10.3496818787627,411.640302766468,-3.));
#8997=CARTESIAN_POINT('',(-96.6141818307216,411.64030276654,-3.));
#8998=CARTESIAN_POINT('Origin',(-95.3496818307216,411.64030276654,-3.));
#8999=CARTESIAN_POINT('',(-252.114181830747,305.640302766693,-3.));
#9000=CARTESIAN_POINT('Origin',(-250.849681830747,305.640302766693,-3.));
#9001=CARTESIAN_POINT('',(112.385818169253,305.640302766693,-3.));
#9002=CARTESIAN_POINT('Origin',(113.650318169253,305.640302766693,-3.));
#9003=CARTESIAN_POINT('',(343.385818169253,305.640302766693,-3.));
#9004=CARTESIAN_POINT('Origin',(344.650318169253,305.640302766693,-3.));
#9005=CARTESIAN_POINT('',(435.885818169253,411.640302766574,-3.));
#9006=CARTESIAN_POINT('Origin',(437.150318169253,411.640302766574,-3.));
#9007=CARTESIAN_POINT('Origin',(93.1503181692537,301.640302766468,-6.));
#9008=CARTESIAN_POINT('Origin',(-254.849681860094,301.640302766468,-6.));
#9009=CARTESIAN_POINT('Origin',(93.1503181692537,301.640302766468,-6.));
#9010=CARTESIAN_POINT('Origin',(93.1503181692537,301.640302766468,-6.));
#9011=CARTESIAN_POINT('Origin',(93.1503181692537,301.640302766468,-6.));
#9012=CARTESIAN_POINT('Origin',(93.1503181692537,301.640302766468,-6.));
#9013=CARTESIAN_POINT('Origin',(-254.849681860094,301.640302766468,-6.));
#9014=CARTESIAN_POINT('Origin',(93.1503181692537,301.640302766468,-6.));
#9015=CARTESIAN_POINT('Origin',(93.1503181692537,301.640302766468,-6.));
#9016=CARTESIAN_POINT('Origin',(93.1503181692537,301.640302766468,-6.));
#9017=CARTESIAN_POINT('Origin',(259.900318139905,285.597917149115,-28.4063466480327));
#9018=CARTESIAN_POINT('',(259.900318139905,283.289567061931,-28.9264236855954));
#9019=CARTESIAN_POINT('Origin',(259.900318139905,284.183703586741,-29.8205602104058));
#9020=CARTESIAN_POINT('',(259.900318139905,284.703780624304,-27.5122101232223));
#9021=CARTESIAN_POINT('Origin',(-73.5996818600935,285.597917149115,-28.4063466480327));
#9022=CARTESIAN_POINT('',(-73.5996818600935,283.289567061931,-28.9264236855954));
#9023=CARTESIAN_POINT('Origin',(-73.5996818600935,284.183703586741,-29.8205602104058));
#9024=CARTESIAN_POINT('',(-73.5996818600935,284.703780624304,-27.5122101232223));
#9025=CARTESIAN_POINT('Origin',(-240.349681860093,285.597917149115,-28.4063466480327));
#9026=CARTESIAN_POINT('',(-240.349681860093,283.289567061931,-28.9264236855954));
#9027=CARTESIAN_POINT('Origin',(-240.349681860093,284.183703586741,-29.8205602104058));
#9028=CARTESIAN_POINT('',(-240.349681860093,284.703780624304,-27.5122101232223));
#9029=CARTESIAN_POINT('Origin',(93.1503181399057,285.597917149115,-28.4063466480327));
#9030=CARTESIAN_POINT('',(93.1503181399057,283.289567061931,-28.9264236855954));
#9031=CARTESIAN_POINT('Origin',(93.1503181399057,284.183703586741,-29.8205602104058));
#9032=CARTESIAN_POINT('',(93.1503181399057,284.703780624304,-27.5122101232223));
#9033=CARTESIAN_POINT('Origin',(426.650318139904,285.597917149115,-28.4063466480327));
#9034=CARTESIAN_POINT('',(426.650318139904,283.289567061931,-28.9264236855954));
#9035=CARTESIAN_POINT('Origin',(426.650318139904,284.183703586741,-29.8205602104058));
#9036=CARTESIAN_POINT('',(426.650318139904,284.703780624304,-27.5122101232223));
#9037=CARTESIAN_POINT('Origin',(-254.849681860093,278.324729841751,-19.7189457782956));
#9038=CARTESIAN_POINT('',(-254.849681860093,271.40509592498,-17.0419525486441));
#9039=CARTESIAN_POINT('',(-254.849681860093,282.656352939379,-24.9839498270898));
#9040=CARTESIAN_POINT('Origin',(441.150318198601,283.123043414962,-24.5172593515066));
#9041=CARTESIAN_POINT('',(441.150318198601,282.656352939379,-24.9839498270898));
#9042=CARTESIAN_POINT('',(441.150318198601,283.123043414962,-20.2746186643873));
#9043=CARTESIAN_POINT('Origin',(-254.849681860093,281.001723071402,-26.6385796950662));
#9044=CARTESIAN_POINT('',(-254.849681860094,283.123043414962,-20.2746186643873));
#9045=CARTESIAN_POINT('Origin',(441.150318198601,289.48700444564,-30.8812203821856));
#9046=CARTESIAN_POINT('',(441.150318198601,281.001723071402,-26.6385796950662));
#9047=CARTESIAN_POINT('Origin',(93.1503181692539,281.784546800136,-27.4214034238002));
#9048=CARTESIAN_POINT('Origin',(93.1503181692537,301.640302766468,-6.));
#9049=CARTESIAN_POINT('Origin',(441.150318198601,301.640302766468,-6.));
#9050=CARTESIAN_POINT('Origin',(-254.849681860094,301.918139209514,-1.47952286983482));
#9051=CARTESIAN_POINT('',(-254.849681860094,299.052291947326,-3.41198918085723));
#9052=CARTESIAN_POINT('Origin',(441.150318198601,299.518982422909,-3.87867965644036));
#9053=CARTESIAN_POINT('',(441.150318198601,299.052291947326,-3.41198918085723));
#9054=CARTESIAN_POINT('Origin',(441.150318198601,301.640302766468,-6.));
#9055=CARTESIAN_POINT('Origin',(-254.849681860094,297.397662079349,-1.75735931288071));
#9056=CARTESIAN_POINT('',(-254.849681860094,301.640302766468,-1.5));
#9057=CARTESIAN_POINT('Origin',(441.150318198601,278.880402727842,-24.5172593515066));
#9058=CARTESIAN_POINT('Origin',(93.1503181692537,301.640302766468,-6.));
#9059=CARTESIAN_POINT('Origin',(-261.849681801316,411.640302766474,-10.5000000000041));
#9060=CARTESIAN_POINT('',(-262.349681860093,410.746166241664,-9.60586347519368));
#9061=CARTESIAN_POINT('Origin',(-262.349681860093,411.640302766474,-10.5000000000041));
#9062=CARTESIAN_POINT('',(-261.849681801316,410.746166241664,-9.60586347519367));
#9063=CARTESIAN_POINT('Origin',(-261.849681801315,511.640302766474,-10.5000000000042));
#9064=CARTESIAN_POINT('',(-262.349681860092,510.746166241664,-9.60586347519377));
#9065=CARTESIAN_POINT('Origin',(-262.349681860092,511.640302766474,-10.5000000000042));
#9066=CARTESIAN_POINT('',(-261.849681801315,510.746166241664,-9.60586347519376));
#9067=CARTESIAN_POINT('Origin',(-261.849681801317,311.640302766474,-10.500000000004));
#9068=CARTESIAN_POINT('',(-262.349681860095,310.746166241664,-9.60586347519358));
#9069=CARTESIAN_POINT('Origin',(-262.349681860095,311.640302766474,-10.500000000004));
#9070=CARTESIAN_POINT('',(-261.849681801317,310.746166241664,-9.60586347519357));
#9071=CARTESIAN_POINT('Origin',(448.150318198553,411.640302766468,-10.5000000000003));
#9072=CARTESIAN_POINT('',(448.650318198601,410.746166241658,-9.60586347518993));
#9073=CARTESIAN_POINT('Origin',(448.650318198601,411.640302766468,-10.5000000000003));
#9074=CARTESIAN_POINT('',(448.150318198553,410.746166241658,-9.60586347518993));
#9075=CARTESIAN_POINT('Origin',(448.150318198553,511.640302766468,-10.5000000000004));
#9076=CARTESIAN_POINT('',(448.650318198601,510.746166241658,-9.60586347519002));
#9077=CARTESIAN_POINT('Origin',(448.650318198601,511.640302766468,-10.5000000000004));
#9078=CARTESIAN_POINT('',(448.150318198553,510.746166241658,-9.60586347519002));
#9079=CARTESIAN_POINT('Origin',(448.150318198552,311.640302766468,-10.5000000000002));
#9080=CARTESIAN_POINT('',(448.6503181986,310.746166241658,-9.60586347518983));
#9081=CARTESIAN_POINT('Origin',(448.6503181986,311.640302766468,-10.5000000000002));
#9082=CARTESIAN_POINT('',(448.150318198552,310.746166241658,-9.60586347518983));
#9083=CARTESIAN_POINT('Origin',(-256.349681860093,413.640302766468,-6.));
#9084=CARTESIAN_POINT('',(-262.349681860093,521.640302766468,-6.00000000000001));
#9085=CARTESIAN_POINT('',(-262.349681860093,413.640302766468,-6.00000000000001));
#9086=CARTESIAN_POINT('Origin',(-256.349681860093,521.640302766468,-6.));
#9087=CARTESIAN_POINT('Origin',(-259.349681860093,521.640302766468,0.785840131753979));
#9088=CARTESIAN_POINT('',(-262.349681860093,521.640302766468,7.5716802635079));
#9089=CARTESIAN_POINT('',(-260.009681860093,521.640302766468,-6.00000000000001));
#9090=CARTESIAN_POINT('Origin',(-262.349681860093,521.640302766468,-6.00000000000001));
#9091=CARTESIAN_POINT('',(-256.349681860094,521.640302766468,-1.5));
#9092=CARTESIAN_POINT('Origin',(-256.349681860093,521.640302766468,-6.));
#9093=CARTESIAN_POINT('Origin',(-256.349681860093,413.640302766468,-6.));
#9094=CARTESIAN_POINT('Origin',(-262.349681860093,413.640302766468,-7.10707993412306));
#9095=CARTESIAN_POINT('Origin',(442.650318198601,413.640302766468,-6.));
#9096=CARTESIAN_POINT('',(448.650318198601,413.640302766468,-5.99999999999994));
#9097=CARTESIAN_POINT('Origin',(442.650318198601,521.640302766468,-6.));
#9098=CARTESIAN_POINT('Origin',(442.650318198601,305.640302766468,-6.));
#9099=CARTESIAN_POINT('Origin',(445.650318198601,521.640302766468,-5.99999999999994));
#9100=CARTESIAN_POINT('Origin',(442.650318198601,521.640302766468,-6.));
#9101=CARTESIAN_POINT('',(442.650318198601,521.640302766468,-1.5));
#9102=CARTESIAN_POINT('Origin',(448.650318198601,305.640302766468,-5.99999999999997));
#9103=CARTESIAN_POINT('Origin',(442.650318198601,305.640302766468,-6.));
#9104=CARTESIAN_POINT('Origin',(445.650318198601,305.640302766468,-14.9999999999999));
#9105=CARTESIAN_POINT('',(448.650318198601,521.640302766468,-14.9999999999999));
#9106=CARTESIAN_POINT('Origin',(442.650318198601,413.640302766468,-6.));
#9107=CARTESIAN_POINT('Origin',(448.650318198601,413.640302766468,-7.10707993412292));
#9108=CARTESIAN_POINT('Origin',(-254.849681860094,301.640302766468,-3.));
#9109=CARTESIAN_POINT('Origin',(-262.349681860093,521.640302766468,0.));
#9110=CARTESIAN_POINT('Origin',(437.150318169253,411.640302766574,-0.5));
#9111=CARTESIAN_POINT('',(435.885818169253,411.640302766574,-0.5));
#9112=CARTESIAN_POINT('Origin',(344.650318169253,305.640302766693,-0.5));
#9113=CARTESIAN_POINT('',(343.385818169253,305.640302766693,-0.5));
#9114=CARTESIAN_POINT('Origin',(113.650318169253,305.640302766693,-0.5));
#9115=CARTESIAN_POINT('',(112.385818169253,305.640302766693,-0.5));
#9116=CARTESIAN_POINT('Origin',(-250.849681830747,305.640302766693,-0.5));
#9117=CARTESIAN_POINT('',(-252.114181830747,305.640302766693,-0.5));
#9118=CARTESIAN_POINT('Origin',(-95.3496818307216,411.64030276654,-0.5));
#9119=CARTESIAN_POINT('',(-96.6141818307216,411.64030276654,-0.5));
#9120=CARTESIAN_POINT('Origin',(-10.3496818787627,411.640302766468,-0.5));
#9121=CARTESIAN_POINT('',(-11.6141818787627,411.640302766468,-0.5));
#9122=CARTESIAN_POINT('Origin',(206.650318169253,517.640302766466,-0.5));
#9123=CARTESIAN_POINT('',(205.385818169253,517.640302766466,-0.5));
#9124=CARTESIAN_POINT('Origin',(-250.849681830747,517.64030276647,-0.5));
#9125=CARTESIAN_POINT('',(-252.114181830747,517.64030276647,-0.5));
#9126=CARTESIAN_POINT('Origin',(-10.3496818787618,517.640302766468,-0.5));
#9127=CARTESIAN_POINT('',(-11.6141818787618,517.640302766468,-0.5));
#9128=CARTESIAN_POINT('Origin',(206.650318139905,411.640302766467,-0.5));
#9129=CARTESIAN_POINT('',(205.385818139905,411.640302766467,-0.5));
#9130=CARTESIAN_POINT('Origin',(113.650318169278,411.640302766489,-0.5));
#9131=CARTESIAN_POINT('',(112.385818169278,411.640302766489,-0.5));
#9132=CARTESIAN_POINT('Origin',(-250.849681830747,411.640302766577,-0.5));
#9133=CARTESIAN_POINT('',(-252.114181830747,411.640302766577,-0.5));
#9134=CARTESIAN_POINT('Origin',(-95.3496818307472,305.640302766693,-0.5));
#9135=CARTESIAN_POINT('',(-96.6141818307472,305.640302766693,-0.5));
#9136=CARTESIAN_POINT('Origin',(344.650318169204,411.640302766531,-0.5));
#9137=CARTESIAN_POINT('',(343.385818169204,411.640302766531,-0.5));
#9138=CARTESIAN_POINT('Origin',(437.150318169253,305.640302766693,-0.5));
#9139=CARTESIAN_POINT('',(435.885818169253,305.640302766693,-0.5));
#9140=CARTESIAN_POINT('Origin',(437.150318169253,517.640302766464,-0.5));
#9141=CARTESIAN_POINT('',(435.885818169253,517.640302766464,-0.5));
#9142=CARTESIAN_POINT('Origin',(-1.84968174405832,509.140302715174,-2.5));
#9143=CARTESIAN_POINT('',(-3.11418174405832,509.140302715174,-2.5));
#9144=CARTESIAN_POINT('Origin',(198.150318303957,509.140302715174,-2.5));
#9145=CARTESIAN_POINT('',(196.885818303957,509.140302715174,-2.5));
#9146=CARTESIAN_POINT('Origin',(215.1503181986,420.140302766469,-2.5));
#9147=CARTESIAN_POINT('',(213.8858181986,420.140302766469,-2.5));
#9148=CARTESIAN_POINT('Origin',(437.1503181986,420.140302766469,-2.5));
#9149=CARTESIAN_POINT('',(435.8858181986,420.140302766469,-2.5));
#9150=CARTESIAN_POINT('Origin',(336.150318198601,314.140302766468,-2.5));
#9151=CARTESIAN_POINT('',(334.885818198601,314.140302766468,-2.5));
#9152=CARTESIAN_POINT('Origin',(353.150318198598,403.140302766471,-2.5));
#9153=CARTESIAN_POINT('',(351.885818198598,403.140302766471,-2.5));
#9154=CARTESIAN_POINT('Origin',(437.1503181986,314.140302766468,-2.5));
#9155=CARTESIAN_POINT('',(435.8858181986,314.140302766468,-2.5));
#9156=CARTESIAN_POINT('Origin',(122.1503181986,314.140302766468,-2.5));
#9157=CARTESIAN_POINT('',(120.8858181986,314.140302766468,-2.5));
#9158=CARTESIAN_POINT('Origin',(-1.84968174405838,420.140302817763,-2.5));
#9159=CARTESIAN_POINT('',(-3.11418174405838,420.140302817763,-2.5));
#9160=CARTESIAN_POINT('Origin',(-18.8496818494151,420.140302766469,-2.5));
#9161=CARTESIAN_POINT('',(-20.1141818494151,420.140302766469,-2.5));
#9162=CARTESIAN_POINT('Origin',(-86.8496818013996,403.140302766471,-2.5));
#9163=CARTESIAN_POINT('',(-88.1141818013996,403.140302766471,-2.5));
#9164=CARTESIAN_POINT('Origin',(-103.8496818014,314.140302766468,-2.5));
#9165=CARTESIAN_POINT('',(-105.1141818014,314.140302766468,-2.5));
#9166=CARTESIAN_POINT('Origin',(-250.849681860094,403.140302766468,-2.5));
#9167=CARTESIAN_POINT('',(-252.114181860094,403.140302766468,-2.5));
#9168=CARTESIAN_POINT('Origin',(-240.849681849415,509.140302766469,-2.5));
#9169=CARTESIAN_POINT('',(-242.114181849415,509.140302766469,-2.5));
#9170=CARTESIAN_POINT('Origin',(-240.849681849415,420.140302766469,-2.5));
#9171=CARTESIAN_POINT('',(-242.114181849415,420.140302766469,-2.5));
#9172=CARTESIAN_POINT('Origin',(-250.849681860094,314.140302766468,-2.5));
#9173=CARTESIAN_POINT('',(-252.114181860094,314.140302766468,-2.5));
#9174=CARTESIAN_POINT('Origin',(-103.8496818014,403.140302766471,-2.5));
#9175=CARTESIAN_POINT('',(-105.1141818014,403.140302766471,-2.5));
#9176=CARTESIAN_POINT('Origin',(-86.8496818013996,314.140302766468,-2.5));
#9177=CARTESIAN_POINT('',(-88.1141818013996,314.140302766468,-2.5));
#9178=CARTESIAN_POINT('Origin',(105.1503181986,403.140302766478,-2.5));
#9179=CARTESIAN_POINT('',(103.8858181986,403.140302766478,-2.5));
#9180=CARTESIAN_POINT('Origin',(122.1503181986,403.140302766471,-2.5));
#9181=CARTESIAN_POINT('',(120.8858181986,403.140302766471,-2.5));
#9182=CARTESIAN_POINT('Origin',(105.1503181986,314.140302766461,-2.5));
#9183=CARTESIAN_POINT('',(103.8858181986,314.140302766461,-2.5));
#9184=CARTESIAN_POINT('Origin',(437.1503181986,403.140302766471,-2.5));
#9185=CARTESIAN_POINT('',(435.8858181986,403.140302766471,-2.5));
#9186=CARTESIAN_POINT('Origin',(336.150318198601,403.140302766471,-2.5));
#9187=CARTESIAN_POINT('',(334.885818198601,403.140302766471,-2.5));
#9188=CARTESIAN_POINT('Origin',(353.150318198598,314.140302766468,-2.5));
#9189=CARTESIAN_POINT('',(351.885818198598,314.140302766468,-2.5));
#9190=CARTESIAN_POINT('Origin',(437.150318198601,509.140302766468,-2.5));
#9191=CARTESIAN_POINT('',(435.885818198601,509.140302766468,-2.5));
#9192=CARTESIAN_POINT('Origin',(198.150318303957,420.140302817763,-2.5));
#9193=CARTESIAN_POINT('',(196.885818303957,420.140302817763,-2.5));
#9194=CARTESIAN_POINT('Origin',(215.1503181986,509.140302766468,-2.5));
#9195=CARTESIAN_POINT('',(213.8858181986,509.140302766468,-2.5));
#9196=CARTESIAN_POINT('Origin',(-18.8496818494151,509.140302766469,-2.5));
#9197=CARTESIAN_POINT('',(-20.1141818494151,509.140302766469,-2.5));
#9198=CARTESIAN_POINT('Origin',(438.1503181986,419.140302766469,0.));
#9199=CARTESIAN_POINT('Origin',(214.1503181986,419.140302766469,0.));
#9200=CARTESIAN_POINT('Origin',(214.1503181986,510.140302766468,0.));
#9201=CARTESIAN_POINT('Origin',(199.150318303957,419.140302766469,0.));
#9202=CARTESIAN_POINT('Origin',(-2.84968174405837,419.140302766469,0.));
#9203=CARTESIAN_POINT('Origin',(-2.84968174405838,510.140302766469,0.));
#9204=CARTESIAN_POINT('Origin',(-241.849681849415,419.140302766469,0.));
#9205=CARTESIAN_POINT('Origin',(-17.8496818494151,510.140302766469,0.));
#9206=CARTESIAN_POINT('Origin',(-241.849681849415,510.140302766469,0.));
#9207=CARTESIAN_POINT('Origin',(-251.849681860093,404.140302766467,0.));
#9208=CARTESIAN_POINT('Origin',(-102.8496818014,404.140302766471,0.));
#9209=CARTESIAN_POINT('Origin',(106.1503181986,404.140302766471,0.));
#9210=CARTESIAN_POINT('Origin',(-102.8496818014,313.140302766468,0.));
#9211=CARTESIAN_POINT('Origin',(-87.8496818013996,313.140302766468,0.));
#9212=CARTESIAN_POINT('Origin',(438.1503181986,313.140302766468,0.));
#9213=CARTESIAN_POINT('Origin',(352.150318198598,313.140302766468,0.));
#9214=CARTESIAN_POINT('Origin',(352.150318198598,404.14030276647,0.));
#9215=CARTESIAN_POINT('Origin',(121.1503181986,313.140302766468,0.));
#9216=CARTESIAN_POINT('Origin',(121.1503181986,404.140302766471,0.));
#9217=CARTESIAN_POINT('Origin',(106.1503181986,313.140302766468,0.));
#9218=CARTESIAN_POINT('Origin',(-251.849681860093,313.140302766468,0.));
#9219=CARTESIAN_POINT('Origin',(-17.8496818494151,419.140302766469,0.));
#9220=CARTESIAN_POINT('Origin',(-87.8496818013997,404.140302766471,0.));
#9221=CARTESIAN_POINT('Origin',(438.1503181986,510.140302766468,0.));
#9222=CARTESIAN_POINT('Origin',(333.286357167919,404.140302766471,0.));
#9223=CARTESIAN_POINT('Origin',(337.1503181986,313.140302766468,0.));
#9224=UNCERTAINTY_MEASURE_WITH_UNIT(LENGTH_MEASURE(0.01),#9228,
'DISTANCE_ACCURACY_VALUE',
'Maximum model space distance between geometric entities at asserted c
onnectivities');
#9225=UNCERTAINTY_MEASURE_WITH_UNIT(LENGTH_MEASURE(0.01),#9228,
'DISTANCE_ACCURACY_VALUE',
'Maximum model space distance between geometric entities at asserted c
onnectivities');
#9226=(
GEOMETRIC_REPRESENTATION_CONTEXT(3)
GLOBAL_UNCERTAINTY_ASSIGNED_CONTEXT((#9224))
GLOBAL_UNIT_ASSIGNED_CONTEXT((#9228,#9230,#9231))
REPRESENTATION_CONTEXT('','3D')
);
#9227=(
GEOMETRIC_REPRESENTATION_CONTEXT(3)
GLOBAL_UNCERTAINTY_ASSIGNED_CONTEXT((#9225))
GLOBAL_UNIT_ASSIGNED_CONTEXT((#9228,#9230,#9231))
REPRESENTATION_CONTEXT('','3D')
);
#9228=(
LENGTH_UNIT()
NAMED_UNIT(*)
SI_UNIT(.MILLI.,.METRE.)
);
#9229=(
LENGTH_UNIT()
NAMED_UNIT(*)
SI_UNIT($,.METRE.)
);
#9230=(
NAMED_UNIT(*)
PLANE_ANGLE_UNIT()
SI_UNIT($,.RADIAN.)
);
#9231=(
NAMED_UNIT(*)
SI_UNIT($,.STERADIAN.)
SOLID_ANGLE_UNIT()
);
#9232=SHAPE_DEFINITION_REPRESENTATION(#9233,#9234);
#9233=PRODUCT_DEFINITION_SHAPE('',$,#9236);
#9234=SHAPE_REPRESENTATION('',(#5428),#9226);
#9235=PRODUCT_DEFINITION_CONTEXT('part definition',#9240,'design');
#9236=PRODUCT_DEFINITION('Mounting Plate','Mounting Plate',#9237,#9235);
#9237=PRODUCT_DEFINITION_FORMATION('',$,#9242);
#9238=PRODUCT_RELATED_PRODUCT_CATEGORY('Mounting Plate',
'Mounting Plate',(#9242));
#9239=APPLICATION_PROTOCOL_DEFINITION('international standard',
'automotive_design',2009,#9240);
#9240=APPLICATION_CONTEXT(
'Core Data for Automotive Mechanical Design Process');
#9241=PRODUCT_CONTEXT('part definition',#9240,'mechanical');
#9242=PRODUCT('Mounting Plate','Mounting Plate',$,(#9241));
#9243=PRESENTATION_STYLE_ASSIGNMENT((#9246));
#9244=PRESENTATION_STYLE_ASSIGNMENT((#9247));
#9245=PRESENTATION_STYLE_ASSIGNMENT((#9248));
#9246=SURFACE_STYLE_USAGE(.BOTH.,#9249);
#9247=SURFACE_STYLE_USAGE(.BOTH.,#9250);
#9248=SURFACE_STYLE_USAGE(.BOTH.,#9251);
#9249=SURFACE_SIDE_STYLE('',(#9252));
#9250=SURFACE_SIDE_STYLE('',(#9253));
#9251=SURFACE_SIDE_STYLE('',(#9254));
#9252=SURFACE_STYLE_FILL_AREA(#9255);
#9253=SURFACE_STYLE_FILL_AREA(#9256);
#9254=SURFACE_STYLE_FILL_AREA(#9257);
#9255=FILL_AREA_STYLE('Steel - Satin',(#9258));
#9256=FILL_AREA_STYLE('Aluminum - Satin',(#9259));
#9257=FILL_AREA_STYLE('Plastic - Matte (Black) (1)',(#9260));
#9258=FILL_AREA_STYLE_COLOUR('Steel - Satin',#9261);
#9259=FILL_AREA_STYLE_COLOUR('Aluminum - Satin',#9262);
#9260=FILL_AREA_STYLE_COLOUR('Plastic - Matte (Black) (1)',#9263);
#9261=COLOUR_RGB('Steel - Satin',0.627450980392157,0.627450980392157,0.627450980392157);
#9262=COLOUR_RGB('Aluminum - Satin',0.96078431372549,0.96078431372549,0.964705882352941);
#9263=COLOUR_RGB('Plastic - Matte (Black) (1)',0.47843137254902,0.474509803921569,
0.474509803921569);
ENDSEC;
END-ISO-10303-21;
