ISO-10303-21;
HEADER;
/* Generated by software containing ST-Developer
 * from STEP Tools, Inc. (www.steptools.com) 
 */

FILE_DESCRIPTION(
/* description */ (''),
/* implementation_level */ '2;1');

FILE_NAME(
/* name */ 
'C:/Users/anton/Documents/Kerbal Space Program/Kerbal_Control_Panel/KC
P2/CAD/STEPs/ModuleC_v4.step',
/* time_stamp */ '2020-11-12T07:52:00-08:00',
/* author */ (''),
/* organization */ (''),
/* preprocessor_version */ 'ST-DEVELOPER v18.1',
/* originating_system */ 'Autodesk Translation Framework v9.3.0.1241',
/* authorisation */ '');

FILE_SCHEMA (('AUTOMOTIVE_DESIGN { 1 0 10303 214 3 1 1 }'));
ENDSEC;

DATA;
#10=MECHANICAL_DESIGN_GEOMETRIC_PRESENTATION_REPRESENTATION('',(#220,#221,
#222,#223,#224,#225,#226,#227,#228,#229,#230),#8903);
#11=SHAPE_REPRESENTATION_RELATIONSHIP('SRR','None',#8910,#12);
#12=ADVANCED_BREP_SHAPE_REPRESENTATION('',(#217,#218,#219),#8902);
#13=B_SPLINE_CURVE_WITH_KNOTS('',3,(#6884,#6885,#6886,#6887,#6888,#6889,
#6890),.UNSPECIFIED.,.F.,.F.,(4,3,4),(0.,0.0856047851175715,0.156411804270644),
 .UNSPECIFIED.);
#14=B_SPLINE_CURVE_WITH_KNOTS('',3,(#6894,#6895,#6896,#6897,#6898),
 .UNSPECIFIED.,.F.,.F.,(4,1,4),(-0.152554928954262,-0.0834939023474136,
0.),.UNSPECIFIED.);
#15=B_SPLINE_CURVE_WITH_KNOTS('',3,(#6911,#6912,#6913,#6914,#6915,#6916,
#6917),.UNSPECIFIED.,.F.,.F.,(4,3,4),(0.,0.0631170352206585,0.136093919234708),
 .UNSPECIFIED.);
#16=B_SPLINE_CURVE_WITH_KNOTS('',3,(#6920,#6921,#6922,#6923,#6924),
 .UNSPECIFIED.,.F.,.F.,(4,1,4),(-0.123146426909197,-0.057112304563155,0.),
 .UNSPECIFIED.);
#17=B_SPLINE_CURVE_WITH_KNOTS('',3,(#6936,#6937,#6938,#6939,#6940,#6941,
#6942),.UNSPECIFIED.,.F.,.F.,(4,3,4),(0.,0.0690508970031948,0.139141938199287),
 .UNSPECIFIED.);
#18=B_SPLINE_CURVE_WITH_KNOTS('',3,(#6945,#6946,#6947,#6948,#6949),
 .UNSPECIFIED.,.F.,.F.,(4,1,4),(-0.135219634728993,-0.0671044056976434,
0.),.UNSPECIFIED.);
#19=B_SPLINE_CURVE_WITH_KNOTS('',3,(#6961,#6962,#6963,#6964,#6965,#6966,
#6967),.UNSPECIFIED.,.F.,.F.,(4,3,4),(0.,0.0750300148953742,0.145338586422548),
 .UNSPECIFIED.);
#20=B_SPLINE_CURVE_WITH_KNOTS('',3,(#6970,#6971,#6972,#6973,#6974),
 .UNSPECIFIED.,.F.,.F.,(4,1,4),(-0.143746253122576,-0.0742079841177527,
0.),.UNSPECIFIED.);
#21=B_SPLINE_CURVE_WITH_KNOTS('',3,(#6986,#6987,#6988,#6989,#6990,#6991,
#6992),.UNSPECIFIED.,.F.,.F.,(4,3,4),(0.,0.0700102924507099,0.142173469917524),
 .UNSPECIFIED.);
#22=B_SPLINE_CURVE_WITH_KNOTS('',3,(#6995,#6996,#6997,#6998,#6999),
 .UNSPECIFIED.,.F.,.F.,(4,1,4),(-0.137252826982647,-0.067587226803398,0.),
 .UNSPECIFIED.);
#23=B_SPLINE_CURVE_WITH_KNOTS('',3,(#7011,#7012,#7013,#7014,#7015,#7016,
#7017),.UNSPECIFIED.,.F.,.F.,(4,3,4),(0.,0.066307358073817,0.133100084348076),
 .UNSPECIFIED.);
#24=B_SPLINE_CURVE_WITH_KNOTS('',3,(#7020,#7021,#7022,#7023,#7024),
 .UNSPECIFIED.,.F.,.F.,(4,1,4),(-0.130209455362434,-0.0648673141238204,
0.),.UNSPECIFIED.);
#25=B_SPLINE_CURVE_WITH_KNOTS('',3,(#7036,#7037,#7038,#7039,#7040,#7041,
#7042),.UNSPECIFIED.,.F.,.F.,(4,3,4),(0.,0.0748021262872793,0.143648490644568),
 .UNSPECIFIED.);
#26=B_SPLINE_CURVE_WITH_KNOTS('',3,(#7045,#7046,#7047,#7048,#7049),
 .UNSPECIFIED.,.F.,.F.,(4,1,4),(-0.141865545308283,-0.0738736925696007,
0.),.UNSPECIFIED.);
#27=B_SPLINE_CURVE_WITH_KNOTS('',3,(#7061,#7062,#7063,#7064,#7065,#7066,
#7067),.UNSPECIFIED.,.F.,.F.,(4,3,4),(0.,0.0634188384803349,0.125391350980176),
 .UNSPECIFIED.);
#28=B_SPLINE_CURVE_WITH_KNOTS('',3,(#7070,#7071,#7072,#7073,#7074),
 .UNSPECIFIED.,.F.,.F.,(4,1,4),(-0.12469088750489,-0.0630645669962707,0.),
 .UNSPECIFIED.);
#29=B_SPLINE_CURVE_WITH_KNOTS('',3,(#7086,#7087,#7088,#7089,#7090,#7091,
#7092),.UNSPECIFIED.,.F.,.F.,(4,3,4),(0.,0.0540586013433537,0.119697760871039),
 .UNSPECIFIED.);
#30=B_SPLINE_CURVE_WITH_KNOTS('',3,(#7095,#7096,#7097,#7098,#7099),
 .UNSPECIFIED.,.F.,.F.,(4,1,4),(-0.107143761715462,-0.0483888909771982,
0.),.UNSPECIFIED.);
#31=B_SPLINE_CURVE_WITH_KNOTS('',3,(#7129,#7130,#7131,#7132,#7133,#7134,
#7135),.UNSPECIFIED.,.F.,.F.,(4,3,4),(0.,0.0670656047275104,0.137017309996021),
 .UNSPECIFIED.);
#32=B_SPLINE_CURVE_WITH_KNOTS('',3,(#7137,#7138,#7139,#7140,#7141),
 .UNSPECIFIED.,.F.,.F.,(4,1,4),(-0.129436513702802,-0.0633550466401011,
0.),.UNSPECIFIED.);
#33=B_SPLINE_CURVE_WITH_KNOTS('',3,(#7160,#7161,#7162,#7163,#7164,#7165,
#7166),.UNSPECIFIED.,.F.,.F.,(4,3,4),(0.,0.0369616684480455,0.0727559447605981),
 .UNSPECIFIED.);
#34=B_SPLINE_CURVE_WITH_KNOTS('',3,(#7168,#7169,#7170,#7171,#7172),
 .UNSPECIFIED.,.F.,.F.,(4,1,4),(-0.0714538086809591,-0.0363001538156918,
0.),.UNSPECIFIED.);
#35=B_SPLINE_CURVE_WITH_KNOTS('',3,(#7185,#7186,#7187,#7188,#7189,#7190,
#7191),.UNSPECIFIED.,.F.,.F.,(4,3,4),(0.,0.039854451175794,0.0839814968394765),
 .UNSPECIFIED.);
#36=B_SPLINE_CURVE_WITH_KNOTS('',3,(#7193,#7194,#7195,#7196,#7197),
 .UNSPECIFIED.,.F.,.F.,(4,1,4),(-0.0768607514912626,-0.0364752139807473,
0.),.UNSPECIFIED.);
#37=B_SPLINE_CURVE_WITH_KNOTS('',3,(#7210,#7211,#7212,#7213,#7214,#7215,
#7216),.UNSPECIFIED.,.F.,.F.,(4,3,4),(0.,0.0621502467169141,0.119440663282003),
 .UNSPECIFIED.);
#38=B_SPLINE_CURVE_WITH_KNOTS('',3,(#7218,#7219,#7220,#7221,#7222),
 .UNSPECIFIED.,.F.,.F.,(4,1,4),(-0.115897816247645,-0.0603067470978124,
0.),.UNSPECIFIED.);
#39=B_SPLINE_CURVE_WITH_KNOTS('',3,(#7235,#7236,#7237,#7238,#7239,#7240,
#7241),.UNSPECIFIED.,.F.,.F.,(4,3,4),(0.,0.0677895410124634,0.150642057554603),
 .UNSPECIFIED.);
#40=B_SPLINE_CURVE_WITH_KNOTS('',3,(#7243,#7244,#7245,#7246,#7247),
 .UNSPECIFIED.,.F.,.F.,(4,1,4),(-0.132812316940164,-0.059766084932238,0.),
 .UNSPECIFIED.);
#41=B_SPLINE_CURVE_WITH_KNOTS('',3,(#7260,#7261,#7262,#7263,#7264,#7265,
#7266),.UNSPECIFIED.,.F.,.F.,(4,3,4),(0.,0.081100401078807,0.146230012989023),
 .UNSPECIFIED.);
#42=B_SPLINE_CURVE_WITH_KNOTS('',3,(#7268,#7269,#7270,#7271,#7272),
 .UNSPECIFIED.,.F.,.F.,(4,1,4),(-0.141570243500596,-0.078516053538097,0.),
 .UNSPECIFIED.);
#43=B_SPLINE_CURVE_WITH_KNOTS('',3,(#7285,#7286,#7287,#7288,#7289,#7290,
#7291),.UNSPECIFIED.,.F.,.F.,(4,3,4),(0.,0.0604125598324754,0.123433243718804),
 .UNSPECIFIED.);
#44=B_SPLINE_CURVE_WITH_KNOTS('',3,(#7293,#7294,#7295,#7296,#7297),
 .UNSPECIFIED.,.F.,.F.,(4,1,4),(-0.1156345923156,-0.0565956262389452,0.),
 .UNSPECIFIED.);
#45=B_SPLINE_CURVE_WITH_KNOTS('',3,(#7310,#7311,#7312,#7313,#7314,#7315,
#7316),.UNSPECIFIED.,.F.,.F.,(4,3,4),(0.,0.0332106020062807,0.0677463783181324),
 .UNSPECIFIED.);
#46=B_SPLINE_CURVE_WITH_KNOTS('',3,(#7318,#7319,#7320,#7321,#7322),
 .UNSPECIFIED.,.F.,.F.,(4,1,4),(-0.0651009432488623,-0.0319137579033175,
0.),.UNSPECIFIED.);
#47=B_SPLINE_CURVE_WITH_KNOTS('',3,(#7335,#7336,#7337,#7338,#7339,#7340,
#7341),.UNSPECIFIED.,.F.,.F.,(4,3,4),(0.,0.0328392842890454,0.062990868167661),
 .UNSPECIFIED.);
#48=B_SPLINE_CURVE_WITH_KNOTS('',3,(#7343,#7344,#7345,#7346,#7347),
 .UNSPECIFIED.,.F.,.F.,(4,1,4),(-0.0626729174103258,-0.0326735257336584,
0.),.UNSPECIFIED.);
#49=B_SPLINE_CURVE_WITH_KNOTS('',3,(#7432,#7433,#7434,#7435,#7436,#7437,
#7438),.UNSPECIFIED.,.F.,.F.,(4,3,4),(0.,0.0700129562049184,0.157167832109447),
 .UNSPECIFIED.);
#50=B_SPLINE_CURVE_WITH_KNOTS('',3,(#7442,#7443,#7444,#7445,#7446),
 .UNSPECIFIED.,.F.,.F.,(4,1,4),(-0.138337497397589,-0.061624678643215,0.),
 .UNSPECIFIED.);
#51=B_SPLINE_CURVE_WITH_KNOTS('',3,(#7459,#7460,#7461,#7462,#7463,#7464,
#7465),.UNSPECIFIED.,.F.,.F.,(4,3,4),(0.,0.0576971778643666,0.114211283829682),
 .UNSPECIFIED.);
#52=B_SPLINE_CURVE_WITH_KNOTS('',3,(#7468,#7469,#7470,#7471,#7472),
 .UNSPECIFIED.,.F.,.F.,(4,1,4),(-0.110889000123607,-0.0560188288652333,
0.),.UNSPECIFIED.);
#53=B_SPLINE_CURVE_WITH_KNOTS('',3,(#7484,#7485,#7486,#7487,#7488,#7489,
#7490),.UNSPECIFIED.,.F.,.F.,(4,3,4),(0.,0.057751738007872,0.116370072953959),
 .UNSPECIFIED.);
#54=B_SPLINE_CURVE_WITH_KNOTS('',3,(#7493,#7494,#7495,#7496,#7497),
 .UNSPECIFIED.,.F.,.F.,(4,1,4),(-0.111491726725314,-0.0553307291852698,
0.),.UNSPECIFIED.);
#55=B_SPLINE_CURVE_WITH_KNOTS('',3,(#7509,#7510,#7511,#7512,#7513,#7514,
#7515),.UNSPECIFIED.,.F.,.F.,(4,3,4),(0.,0.0776776299692909,0.141210763146686),
 .UNSPECIFIED.);
#56=B_SPLINE_CURVE_WITH_KNOTS('',3,(#7518,#7519,#7520,#7521,#7522),
 .UNSPECIFIED.,.F.,.F.,(4,1,4),(-0.136873296227813,-0.0752916634691435,
0.),.UNSPECIFIED.);
#57=B_SPLINE_CURVE_WITH_KNOTS('',3,(#7535,#7536,#7537,#7538,#7539,#7540,
#7541),.UNSPECIFIED.,.F.,.F.,(4,3,4),(0.,0.103876702296869,0.199493911332439),
 .UNSPECIFIED.);
#58=B_SPLINE_CURVE_WITH_KNOTS('',3,(#7545,#7546,#7547,#7548,#7549),
 .UNSPECIFIED.,.F.,.F.,(4,1,4),(-0.19383195963385,-0.100928517727799,0.),
 .UNSPECIFIED.);
#59=B_SPLINE_CURVE_WITH_KNOTS('',3,(#7562,#7563,#7564,#7565,#7566,#7567,
#7568),.UNSPECIFIED.,.F.,.F.,(4,3,4),(0.,0.0566055484586964,0.118858646774757),
 .UNSPECIFIED.);
#60=B_SPLINE_CURVE_WITH_KNOTS('',3,(#7571,#7572,#7573,#7574,#7575),
 .UNSPECIFIED.,.F.,.F.,(4,1,4),(-0.110130679342266,-0.0524489187405233,
0.),.UNSPECIFIED.);
#61=B_SPLINE_CURVE_WITH_KNOTS('',3,(#7587,#7588,#7589,#7590,#7591,#7592,
#7593),.UNSPECIFIED.,.F.,.F.,(4,3,4),(0.,0.0409695684644442,0.0797596303688095),
 .UNSPECIFIED.);
#62=B_SPLINE_CURVE_WITH_KNOTS('',3,(#7596,#7597,#7598,#7599,#7600),
 .UNSPECIFIED.,.F.,.F.,(4,1,4),(-0.0791764056454377,-0.0406699875220069,
0.),.UNSPECIFIED.);
#63=B_SPLINE_CURVE_WITH_KNOTS('',3,(#7612,#7613,#7614,#7615,#7616,#7617,
#7618),.UNSPECIFIED.,.F.,.F.,(4,3,4),(0.,0.0419196335552741,0.0840931240539813),
 .UNSPECIFIED.);
#64=B_SPLINE_CURVE_WITH_KNOTS('',3,(#7621,#7622,#7623,#7624,#7625),
 .UNSPECIFIED.,.F.,.F.,(4,1,4),(-0.0831930068104257,-0.0414709335523771,
0.),.UNSPECIFIED.);
#65=B_SPLINE_CURVE_WITH_KNOTS('',3,(#7637,#7638,#7639,#7640,#7641,#7642,
#7643),.UNSPECIFIED.,.F.,.F.,(4,3,4),(0.,0.0713608434364284,0.132567717286682),
 .UNSPECIFIED.);
#66=B_SPLINE_CURVE_WITH_KNOTS('',3,(#7646,#7647,#7648,#7649,#7650),
 .UNSPECIFIED.,.F.,.F.,(4,1,4),(-0.13095185969491,-0.0704910316679071,0.),
 .UNSPECIFIED.);
#67=B_SPLINE_CURVE_WITH_KNOTS('',3,(#7662,#7663,#7664,#7665,#7666,#7667,
#7668),.UNSPECIFIED.,.F.,.F.,(4,3,4),(0.,0.0781682881437765,0.140443825651309),
 .UNSPECIFIED.);
#68=B_SPLINE_CURVE_WITH_KNOTS('',3,(#7670,#7671,#7672,#7673,#7674),
 .UNSPECIFIED.,.F.,.F.,(4,1,4),(-0.135871397576889,-0.0756233640534482,
0.),.UNSPECIFIED.);
#69=B_SPLINE_CURVE_WITH_KNOTS('',3,(#7687,#7688,#7689,#7690,#7691,#7692,
#7693),.UNSPECIFIED.,.F.,.F.,(4,3,4),(0.,0.0583170382181017,0.11995547504236),
 .UNSPECIFIED.);
#70=B_SPLINE_CURVE_WITH_KNOTS('',3,(#7695,#7696,#7697,#7698,#7699),
 .UNSPECIFIED.,.F.,.F.,(4,1,4),(-0.111353337548244,-0.0541350600230704,
0.),.UNSPECIFIED.);
#71=B_SPLINE_CURVE_WITH_KNOTS('',3,(#7712,#7713,#7714,#7715,#7716,#7717,
#7718),.UNSPECIFIED.,.F.,.F.,(4,3,4),(0.,0.0591311641928686,0.115482645712918),
 .UNSPECIFIED.);
#72=B_SPLINE_CURVE_WITH_KNOTS('',3,(#7720,#7721,#7722,#7723,#7724),
 .UNSPECIFIED.,.F.,.F.,(4,1,4),(-0.11203884834671,-0.0573678191789828,0.),
 .UNSPECIFIED.);
#73=B_SPLINE_CURVE_WITH_KNOTS('',3,(#7736,#7737,#7738,#7739,#7740,#7741,
#7742),.UNSPECIFIED.,.F.,.F.,(4,3,4),(0.,0.069161172801005,0.155575204897085),
 .UNSPECIFIED.);
#74=B_SPLINE_CURVE_WITH_KNOTS('',3,(#7743,#7744,#7745,#7746,#7747),
 .UNSPECIFIED.,.F.,.F.,(4,1,4),(-0.136862314590396,-0.0608423314987335,
0.),.UNSPECIFIED.);
#75=B_SPLINE_CURVE_WITH_KNOTS('',3,(#7759,#7760,#7761,#7762,#7763,#7764,
#7765),.UNSPECIFIED.,.F.,.F.,(4,3,4),(0.,0.107081182330532,0.229923109594308),
 .UNSPECIFIED.);
#76=B_SPLINE_CURVE_WITH_KNOTS('',3,(#7767,#7768,#7769,#7770,#7771),
 .UNSPECIFIED.,.F.,.F.,(4,1,4),(-0.205834341029178,-0.0958624152244681,
0.),.UNSPECIFIED.);
#77=B_SPLINE_CURVE_WITH_KNOTS('',3,(#7784,#7785,#7786,#7787,#7788,#7789,
#7790),.UNSPECIFIED.,.F.,.F.,(4,3,4),(0.,0.11238003831627,0.210535049800919),
 .UNSPECIFIED.);
#78=B_SPLINE_CURVE_WITH_KNOTS('',3,(#7792,#7793,#7794,#7795,#7796),
 .UNSPECIFIED.,.F.,.F.,(4,1,4),(-0.204487195004567,-0.10915179601463,0.),
 .UNSPECIFIED.);
#79=B_SPLINE_CURVE_WITH_KNOTS('',3,(#7809,#7810,#7811,#7812,#7813,#7814,
#7815),.UNSPECIFIED.,.F.,.F.,(4,3,4),(0.,0.101065974580244,0.210988710326462),
 .UNSPECIFIED.);
#80=B_SPLINE_CURVE_WITH_KNOTS('',3,(#7817,#7818,#7819,#7820,#7821),
 .UNSPECIFIED.,.F.,.F.,(4,1,4),(-0.192985447939337,-0.0924422086168269,
0.),.UNSPECIFIED.);
#81=B_SPLINE_CURVE_WITH_KNOTS('',3,(#7834,#7835,#7836,#7837,#7838,#7839,
#7840),.UNSPECIFIED.,.F.,.F.,(4,3,4),(0.,0.104551630022986,0.199884835370023),
 .UNSPECIFIED.);
#82=B_SPLINE_CURVE_WITH_KNOTS('',3,(#7842,#7843,#7844,#7845,#7846),
 .UNSPECIFIED.,.F.,.F.,(4,1,4),(-0.194122268495839,-0.101537465598271,0.),
 .UNSPECIFIED.);
#83=B_SPLINE_CURVE_WITH_KNOTS('',3,(#7858,#7859,#7860,#7861,#7862,#7863,
#7864),.UNSPECIFIED.,.F.,.F.,(4,3,4),(0.,0.105521738064144,0.225577561913566),
 .UNSPECIFIED.);
#84=B_SPLINE_CURVE_WITH_KNOTS('',3,(#7865,#7866,#7867,#7868,#7869),
 .UNSPECIFIED.,.F.,.F.,(4,1,4),(-0.202555810377345,-0.0947525143223179,
0.),.UNSPECIFIED.);
#85=B_SPLINE_CURVE_WITH_KNOTS('',3,(#7886,#7887,#7888,#7889,#7890,#7891,
#7892),.UNSPECIFIED.,.F.,.F.,(4,3,4),(0.,0.0712449698098125,0.12096745559018),
 .UNSPECIFIED.);
#86=B_SPLINE_CURVE_WITH_KNOTS('',3,(#7894,#7895,#7896,#7897,#7898,#7899,
#7900),.UNSPECIFIED.,.F.,.F.,(4,3,4),(0.,0.0392973953390486,0.0797020549631322),
 .UNSPECIFIED.);
#87=B_SPLINE_CURVE_WITH_KNOTS('',3,(#7902,#7903,#7904,#7905,#7906,#7907,
#7908),.UNSPECIFIED.,.F.,.F.,(4,3,4),(0.,0.042493977424754,0.0869162422307303),
 .UNSPECIFIED.);
#88=B_SPLINE_CURVE_WITH_KNOTS('',3,(#7910,#7911,#7912,#7913,#7914,#7915,
#7916),.UNSPECIFIED.,.F.,.F.,(4,3,4),(0.,0.0532866064320557,0.102861186680561),
 .UNSPECIFIED.);
#89=B_SPLINE_CURVE_WITH_KNOTS('',3,(#7918,#7919,#7920,#7921,#7922,#7923,
#7924),.UNSPECIFIED.,.F.,.F.,(4,3,4),(0.,0.0571210105883053,0.124280430859428),
 .UNSPECIFIED.);
#90=B_SPLINE_CURVE_WITH_KNOTS('',3,(#7926,#7927,#7928,#7929,#7930,#7931,
#7932),.UNSPECIFIED.,.F.,.F.,(4,3,4),(0.,0.0361863027619949,0.0689991185311584),
 .UNSPECIFIED.);
#91=B_SPLINE_CURVE_WITH_KNOTS('',3,(#7934,#7935,#7936,#7937,#7938,#7939,
#7940),.UNSPECIFIED.,.F.,.F.,(4,3,4),(0.,0.0451812325530629,0.111323513634853),
 .UNSPECIFIED.);
#92=B_SPLINE_CURVE_WITH_KNOTS('',3,(#7948,#7949,#7950,#7951,#7952,#7953,
#7954),.UNSPECIFIED.,.F.,.F.,(4,3,4),(0.,0.0605334789230717,0.0952031161780198),
 .UNSPECIFIED.);
#93=B_SPLINE_CURVE_WITH_KNOTS('',3,(#7956,#7957,#7958,#7959,#7960,#7961,
#7962),.UNSPECIFIED.,.F.,.F.,(4,3,4),(0.,0.0197597222072348,0.0375133525735644),
 .UNSPECIFIED.);
#94=B_SPLINE_CURVE_WITH_KNOTS('',3,(#7964,#7965,#7966,#7967,#7968,#7969,
#7970),.UNSPECIFIED.,.F.,.F.,(4,3,4),(0.,0.0237578579101759,0.0576125123908707),
 .UNSPECIFIED.);
#95=B_SPLINE_CURVE_WITH_KNOTS('',3,(#8012,#8013,#8014,#8015,#8016,#8017,
#8018),.UNSPECIFIED.,.F.,.F.,(4,3,4),(0.,0.0791056412914947,0.148014390047328),
 .UNSPECIFIED.);
#96=B_SPLINE_CURVE_WITH_KNOTS('',3,(#8020,#8021,#8022,#8023,#8024,#8025,
#8026),.UNSPECIFIED.,.F.,.F.,(4,3,4),(0.,0.0729214003504715,0.154271490190278),
 .UNSPECIFIED.);
#97=B_SPLINE_CURVE_WITH_KNOTS('',3,(#8028,#8029,#8030,#8031,#8032,#8033,
#8034),.UNSPECIFIED.,.F.,.F.,(4,3,4),(0.,0.0949164894730264,0.186495620028541),
 .UNSPECIFIED.);
#98=B_SPLINE_CURVE_WITH_KNOTS('',3,(#8036,#8037,#8038,#8039,#8040,#8041,
#8042),.UNSPECIFIED.,.F.,.F.,(4,3,4),(0.,0.104383680194193,0.223153943363874),
 .UNSPECIFIED.);
#99=B_SPLINE_CURVE_WITH_KNOTS('',3,(#8044,#8045,#8046,#8047,#8048,#8049,
#8050),.UNSPECIFIED.,.F.,.F.,(4,3,4),(0.,0.11538275543117,0.214296390204989),
 .UNSPECIFIED.);
#100=B_SPLINE_CURVE_WITH_KNOTS('',3,(#8052,#8053,#8054,#8055,#8056,#8057,
#8058),.UNSPECIFIED.,.F.,.F.,(4,3,4),(0.,0.097997722147916,0.202072535486139),
 .UNSPECIFIED.);
#101=B_SPLINE_CURVE_WITH_KNOTS('',3,(#8060,#8061,#8062,#8063,#8064,#8065,
#8066),.UNSPECIFIED.,.F.,.F.,(4,3,4),(0.,0.0864368781807278,0.165913442928102),
 .UNSPECIFIED.);
#102=B_SPLINE_CURVE_WITH_KNOTS('',3,(#8068,#8069,#8070,#8071,#8072,#8073,
#8074),.UNSPECIFIED.,.F.,.F.,(4,3,4),(0.,0.0545439505810779,0.117976633496678),
 .UNSPECIFIED.);
#103=B_SPLINE_CURVE_WITH_KNOTS('',3,(#8078,#8079,#8080,#8081,#8082,#8083,
#8084),.UNSPECIFIED.,.F.,.F.,(4,3,4),(0.,0.0381153229606667,0.0741851507085658),
 .UNSPECIFIED.);
#104=B_SPLINE_CURVE_WITH_KNOTS('',3,(#8086,#8087,#8088,#8089,#8090,#8091,
#8092),.UNSPECIFIED.,.F.,.F.,(4,3,4),(0.,0.0379089260050908,0.0781685575054615),
 .UNSPECIFIED.);
#105=B_SPLINE_CURVE_WITH_KNOTS('',3,(#8094,#8095,#8096,#8097,#8098,#8099,
#8100),.UNSPECIFIED.,.F.,.F.,(4,3,4),(0.,0.0529286895812362,0.104329033939172),
 .UNSPECIFIED.);
#106=B_SPLINE_CURVE_WITH_KNOTS('',3,(#8102,#8103,#8104,#8105,#8106,#8107,
#8108),.UNSPECIFIED.,.F.,.F.,(4,3,4),(0.,0.0665430945360718,0.154885200588657),
 .UNSPECIFIED.);
#107=B_SPLINE_CURVE_WITH_KNOTS('',3,(#8110,#8111,#8112,#8113,#8114,#8115,
#8116),.UNSPECIFIED.,.F.,.F.,(4,3,4),(0.,0.0848637942260922,0.146885701051174),
 .UNSPECIFIED.);
#108=B_SPLINE_CURVE_WITH_KNOTS('',3,(#8118,#8119,#8120,#8121,#8122,#8123),
 .UNSPECIFIED.,.F.,.F.,(4,2,4),(0.,0.0524852170579995,0.104960636320552),
 .UNSPECIFIED.);
#109=B_SPLINE_CURVE_WITH_KNOTS('',3,(#8125,#8126,#8127,#8128,#8129,#8130),
 .UNSPECIFIED.,.F.,.F.,(4,2,4),(0.,0.0383699362433833,0.0767490657145314),
 .UNSPECIFIED.);
#110=B_SPLINE_CURVE_WITH_KNOTS('',3,(#8131,#8132,#8133,#8134,#8135,#8136,
#8137),.UNSPECIFIED.,.F.,.F.,(4,3,4),(0.,0.0465207304809229,0.10336621274261),
 .UNSPECIFIED.);
#111=B_SPLINE_CURVE_WITH_KNOTS('',3,(#8151,#8152,#8153,#8154,#8155),
 .UNSPECIFIED.,.F.,.F.,(4,1,4),(-0.106308340324898,-0.0491493670329294,
0.),.UNSPECIFIED.);
#112=B_SPLINE_CURVE_WITH_KNOTS('',3,(#8169,#8170,#8171,#8172,#8173),
 .UNSPECIFIED.,.F.,.F.,(4,1,4),(-0.161681930126567,-0.0842323626810108,
0.),.UNSPECIFIED.);
#113=B_SPLINE_CURVE_WITH_KNOTS('',3,(#8186,#8187,#8188,#8189,#8190),
 .UNSPECIFIED.,.F.,.F.,(4,1,4),(-0.187285653579466,-0.0908266301386133,
0.),.UNSPECIFIED.);
#114=B_SPLINE_CURVE_WITH_KNOTS('',3,(#8203,#8204,#8205,#8206,#8207),
 .UNSPECIFIED.,.F.,.F.,(4,1,4),(-0.208112811791912,-0.112053355831657,0.),
 .UNSPECIFIED.);
#115=B_SPLINE_CURVE_WITH_KNOTS('',3,(#8220,#8221,#8222,#8223,#8224),
 .UNSPECIFIED.,.F.,.F.,(4,1,4),(-0.20052690525594,-0.0937995360200117,0.),
 .UNSPECIFIED.);
#116=B_SPLINE_CURVE_WITH_KNOTS('',3,(#8237,#8238,#8239,#8240,#8241),
 .UNSPECIFIED.,.F.,.F.,(4,1,4),(-0.1813625271647,-0.0923040144202597,0.),
 .UNSPECIFIED.);
#117=B_SPLINE_CURVE_WITH_KNOTS('',3,(#8254,#8255,#8256,#8257,#8258),
 .UNSPECIFIED.,.F.,.F.,(4,1,4),(-0.14057059910529,-0.0664452318585856,0.),
 .UNSPECIFIED.);
#118=B_SPLINE_CURVE_WITH_KNOTS('',3,(#8271,#8272,#8273,#8274,#8275),
 .UNSPECIFIED.,.F.,.F.,(4,1,4),(-0.144759325325432,-0.077365986233709,0.),
 .UNSPECIFIED.);
#119=B_SPLINE_CURVE_WITH_KNOTS('',3,(#8295,#8296,#8297,#8298,#8299),
 .UNSPECIFIED.,.F.,.F.,(4,1,4),(-0.0727607355823906,-0.037383477813145,
0.),.UNSPECIFIED.);
#120=B_SPLINE_CURVE_WITH_KNOTS('',3,(#8312,#8313,#8314,#8315,#8316),
 .UNSPECIFIED.,.F.,.F.,(4,1,4),(-0.0730853972285867,-0.0354437769354716,
0.),.UNSPECIFIED.);
#121=B_SPLINE_CURVE_WITH_KNOTS('',3,(#8329,#8330,#8331,#8332,#8333),
 .UNSPECIFIED.,.F.,.F.,(4,1,4),(-0.101174902701041,-0.0513285210864446,
0.),.UNSPECIFIED.);
#122=B_SPLINE_CURVE_WITH_KNOTS('',3,(#8346,#8347,#8348,#8349,#8350),
 .UNSPECIFIED.,.F.,.F.,(4,1,4),(-0.135841416619419,-0.0583613424243573,
0.),.UNSPECIFIED.);
#123=B_SPLINE_CURVE_WITH_KNOTS('',3,(#8363,#8364,#8365,#8366,#8367),
 .UNSPECIFIED.,.F.,.F.,(4,1,4),(-0.141270923627382,-0.0816198343817509,
0.),.UNSPECIFIED.);
#124=B_SPLINE_CURVE_WITH_KNOTS('',3,(#8380,#8381,#8382,#8383,#8384),
 .UNSPECIFIED.,.F.,.F.,(4,1,4),(-0.0999594485141806,-0.0494921270471404,
0.),.UNSPECIFIED.);
#125=B_SPLINE_CURVE_WITH_KNOTS('',3,(#8397,#8398,#8399,#8400,#8401),
 .UNSPECIFIED.,.F.,.F.,(4,1,4),(-0.0751168829479694,-0.0379740499323554,
0.),.UNSPECIFIED.);
#126=B_SPLINE_CURVE_WITH_KNOTS('',3,(#8413,#8414,#8415,#8416,#8417),
 .UNSPECIFIED.,.F.,.F.,(4,1,4),(-0.0916972660721121,-0.0412690345093754,
0.),.UNSPECIFIED.);
#127=B_SPLINE_CURVE_WITH_KNOTS('',3,(#8472,#8473,#8474,#8475,#8476,#8477,
#8478),.UNSPECIFIED.,.F.,.F.,(4,3,4),(0.,0.0236277811064512,0.0447357715095403),
 .UNSPECIFIED.);
#128=B_SPLINE_CURVE_WITH_KNOTS('',3,(#8482,#8483,#8484,#8485,#8486),
 .UNSPECIFIED.,.F.,.F.,(4,1,4),(-0.0436531497881464,-0.0230559803262024,
0.),.UNSPECIFIED.);
#129=B_SPLINE_CURVE_WITH_KNOTS('',3,(#8499,#8500,#8501,#8502,#8503,#8504,
#8505),.UNSPECIFIED.,.F.,.F.,(4,3,4),(0.,0.0203490096557692,0.0431639645133206),
 .UNSPECIFIED.);
#130=B_SPLINE_CURVE_WITH_KNOTS('',3,(#8508,#8509,#8510,#8511,#8512),
 .UNSPECIFIED.,.F.,.F.,(4,1,4),(-0.0393372780443502,-0.0185449751843145,
0.),.UNSPECIFIED.);
#131=B_SPLINE_CURVE_WITH_KNOTS('',3,(#8524,#8525,#8526,#8527,#8528,#8529,
#8530),.UNSPECIFIED.,.F.,.F.,(4,3,4),(0.,0.0184663874776945,0.036442075693879),
 .UNSPECIFIED.);
#132=B_SPLINE_CURVE_WITH_KNOTS('',3,(#8533,#8534,#8535,#8536,#8537),
 .UNSPECIFIED.,.F.,.F.,(4,1,4),(-0.0358235682271999,-0.0181529695858739,
0.),.UNSPECIFIED.);
#133=B_SPLINE_CURVE_WITH_KNOTS('',3,(#8549,#8550,#8551,#8552,#8553,#8554,
#8555),.UNSPECIFIED.,.F.,.F.,(4,3,4),(0.,0.0624615629074,0.0963792489575507),
 .UNSPECIFIED.);
#134=B_SPLINE_CURVE_WITH_KNOTS('',3,(#8558,#8559,#8560,#8561,#8562),
 .UNSPECIFIED.,.F.,.F.,(4,1,4),(-0.091075440523274,-0.0590242652759121,
0.),.UNSPECIFIED.);
#135=B_SPLINE_CURVE_WITH_KNOTS('',3,(#8582,#8583,#8584,#8585,#8586),
 .UNSPECIFIED.,.F.,.F.,(4,1,4),(-0.0995490397488919,-0.0404025005003134,
0.),.UNSPECIFIED.);
#136=B_SPLINE_CURVE_WITH_KNOTS('',3,(#8600,#8601,#8602,#8603,#8604),
 .UNSPECIFIED.,.F.,.F.,(4,1,4),(-0.0686087485281545,-0.0359815748260645,
0.),.UNSPECIFIED.);
#137=B_SPLINE_CURVE_WITH_KNOTS('',3,(#8617,#8618,#8619,#8620,#8621),
 .UNSPECIFIED.,.F.,.F.,(4,1,4),(-0.110861876526354,-0.0509536568155599,
0.),.UNSPECIFIED.);
#138=B_SPLINE_CURVE_WITH_KNOTS('',3,(#8634,#8635,#8636,#8637,#8638),
 .UNSPECIFIED.,.F.,.F.,(4,1,4),(-0.100443772612425,-0.0520342799113428,
0.),.UNSPECIFIED.);
#139=B_SPLINE_CURVE_WITH_KNOTS('',3,(#8651,#8652,#8653,#8654,#8655),
 .UNSPECIFIED.,.F.,.F.,(4,1,4),(-0.0826068919487147,-0.0403871050048304,
0.),.UNSPECIFIED.);
#140=B_SPLINE_CURVE_WITH_KNOTS('',3,(#8668,#8669,#8670,#8671,#8672),
 .UNSPECIFIED.,.F.,.F.,(4,1,4),(-0.0764149152547821,-0.0376766588509685,
0.),.UNSPECIFIED.);
#141=B_SPLINE_CURVE_WITH_KNOTS('',3,(#8685,#8686,#8687,#8688,#8689),
 .UNSPECIFIED.,.F.,.F.,(4,1,4),(-0.117622705709414,-0.0692750465514131,
0.),.UNSPECIFIED.);
#142=B_SPLINE_CURVE_WITH_KNOTS('',3,(#8709,#8710,#8711,#8712,#8713,#8714,
#8715),.UNSPECIFIED.,.F.,.F.,(4,3,4),(0.,0.0226013824479134,0.0476961483528643),
 .UNSPECIFIED.);
#143=B_SPLINE_CURVE_WITH_KNOTS('',3,(#8717,#8718,#8719,#8720,#8721),
 .UNSPECIFIED.,.F.,.F.,(4,1,4),(-0.0434623716814537,-0.0205951574370031,
0.),.UNSPECIFIED.);
#144=B_SPLINE_CURVE_WITH_KNOTS('',3,(#8734,#8735,#8736,#8737,#8738,#8739,
#8740),.UNSPECIFIED.,.F.,.F.,(4,3,4),(0.,0.025381346549214,0.0760779746339232),
 .UNSPECIFIED.);
#145=B_SPLINE_CURVE_WITH_KNOTS('',3,(#8742,#8743,#8744,#8745,#8746),
 .UNSPECIFIED.,.F.,.F.,(4,1,4),(-0.0737050460608865,-0.0245896834859084,
0.),.UNSPECIFIED.);
#146=B_SPLINE_CURVE_WITH_KNOTS('',3,(#8780,#8781,#8782,#8783,#8784),
 .UNSPECIFIED.,.F.,.F.,(4,1,4),(-0.0907795103473815,-0.0577207952519594,
0.),.UNSPECIFIED.);
#147=B_SPLINE_CURVE_WITH_KNOTS('',3,(#8797,#8798,#8799,#8800,#8801),
 .UNSPECIFIED.,.F.,.F.,(4,1,4),(-0.0370654933473367,-0.0195238175681906,
0.),.UNSPECIFIED.);
#148=B_SPLINE_CURVE_WITH_KNOTS('',3,(#8814,#8815,#8816,#8817,#8818),
 .UNSPECIFIED.,.F.,.F.,(4,1,4),(-0.051277064649448,-0.021145288851967,0.),
 .UNSPECIFIED.);
#149=B_SPLINE_SURFACE_WITH_KNOTS('',3,1,((#6872,#6873),(#6874,#6875),(#6876,
#6877),(#6878,#6879),(#6880,#6881)),.UNSPECIFIED.,.F.,.F.,.F.,(4,1,4),(2,
2),(-0.152554928954262,-0.0834939023474136,0.),(0.,0.002),.UNSPECIFIED.);
#150=B_SPLINE_SURFACE_WITH_KNOTS('',3,1,((#6900,#6901),(#6902,#6903),(#6904,
#6905),(#6906,#6907),(#6908,#6909)),.UNSPECIFIED.,.F.,.F.,.F.,(4,1,4),(2,
2),(-0.123146426909197,-0.057112304563155,0.),(0.,0.002),.UNSPECIFIED.);
#151=B_SPLINE_SURFACE_WITH_KNOTS('',3,1,((#6925,#6926),(#6927,#6928),(#6929,
#6930),(#6931,#6932),(#6933,#6934)),.UNSPECIFIED.,.F.,.F.,.F.,(4,1,4),(2,
2),(-0.135219634728993,-0.0671044056976434,0.),(0.,0.002),.UNSPECIFIED.);
#152=B_SPLINE_SURFACE_WITH_KNOTS('',3,1,((#6950,#6951),(#6952,#6953),(#6954,
#6955),(#6956,#6957),(#6958,#6959)),.UNSPECIFIED.,.F.,.F.,.F.,(4,1,4),(2,
2),(-0.143746253122576,-0.0742079841177527,0.),(0.,0.002),.UNSPECIFIED.);
#153=B_SPLINE_SURFACE_WITH_KNOTS('',3,1,((#6975,#6976),(#6977,#6978),(#6979,
#6980),(#6981,#6982),(#6983,#6984)),.UNSPECIFIED.,.F.,.F.,.F.,(4,1,4),(2,
2),(-0.137252826982647,-0.067587226803398,0.),(0.,0.002),.UNSPECIFIED.);
#154=B_SPLINE_SURFACE_WITH_KNOTS('',3,1,((#7000,#7001),(#7002,#7003),(#7004,
#7005),(#7006,#7007),(#7008,#7009)),.UNSPECIFIED.,.F.,.F.,.F.,(4,1,4),(2,
2),(-0.130209455362434,-0.0648673141238204,0.),(0.,0.002),.UNSPECIFIED.);
#155=B_SPLINE_SURFACE_WITH_KNOTS('',3,1,((#7025,#7026),(#7027,#7028),(#7029,
#7030),(#7031,#7032),(#7033,#7034)),.UNSPECIFIED.,.F.,.F.,.F.,(4,1,4),(2,
2),(-0.141865545308283,-0.0738736925696007,0.),(0.,0.002),.UNSPECIFIED.);
#156=B_SPLINE_SURFACE_WITH_KNOTS('',3,1,((#7050,#7051),(#7052,#7053),(#7054,
#7055),(#7056,#7057),(#7058,#7059)),.UNSPECIFIED.,.F.,.F.,.F.,(4,1,4),(2,
2),(-0.12469088750489,-0.0630645669962707,0.),(0.,0.002),.UNSPECIFIED.);
#157=B_SPLINE_SURFACE_WITH_KNOTS('',3,1,((#7075,#7076),(#7077,#7078),(#7079,
#7080),(#7081,#7082),(#7083,#7084)),.UNSPECIFIED.,.F.,.F.,.F.,(4,1,4),(2,
2),(-0.107143761715462,-0.0483888909771982,0.),(0.,0.002),.UNSPECIFIED.);
#158=B_SPLINE_SURFACE_WITH_KNOTS('',3,1,((#7118,#7119),(#7120,#7121),(#7122,
#7123),(#7124,#7125),(#7126,#7127)),.UNSPECIFIED.,.F.,.F.,.F.,(4,1,4),(2,
2),(-0.129436513702802,-0.0633550466401011,0.),(0.,0.002),.UNSPECIFIED.);
#159=B_SPLINE_SURFACE_WITH_KNOTS('',3,1,((#7149,#7150),(#7151,#7152),(#7153,
#7154),(#7155,#7156),(#7157,#7158)),.UNSPECIFIED.,.F.,.F.,.F.,(4,1,4),(2,
2),(-0.0714538086809591,-0.0363001538156918,0.),(0.,0.002),
 .UNSPECIFIED.);
#160=B_SPLINE_SURFACE_WITH_KNOTS('',3,1,((#7174,#7175),(#7176,#7177),(#7178,
#7179),(#7180,#7181),(#7182,#7183)),.UNSPECIFIED.,.F.,.F.,.F.,(4,1,4),(2,
2),(-0.0768607514912626,-0.0364752139807473,0.),(0.,0.002),
 .UNSPECIFIED.);
#161=B_SPLINE_SURFACE_WITH_KNOTS('',3,1,((#7199,#7200),(#7201,#7202),(#7203,
#7204),(#7205,#7206),(#7207,#7208)),.UNSPECIFIED.,.F.,.F.,.F.,(4,1,4),(2,
2),(-0.115897816247645,-0.0603067470978124,0.),(0.,0.002),.UNSPECIFIED.);
#162=B_SPLINE_SURFACE_WITH_KNOTS('',3,1,((#7224,#7225),(#7226,#7227),(#7228,
#7229),(#7230,#7231),(#7232,#7233)),.UNSPECIFIED.,.F.,.F.,.F.,(4,1,4),(2,
2),(-0.132812316940164,-0.059766084932238,0.),(0.,0.002),.UNSPECIFIED.);
#163=B_SPLINE_SURFACE_WITH_KNOTS('',3,1,((#7249,#7250),(#7251,#7252),(#7253,
#7254),(#7255,#7256),(#7257,#7258)),.UNSPECIFIED.,.F.,.F.,.F.,(4,1,4),(2,
2),(-0.141570243500596,-0.078516053538097,0.),(0.,0.002),.UNSPECIFIED.);
#164=B_SPLINE_SURFACE_WITH_KNOTS('',3,1,((#7274,#7275),(#7276,#7277),(#7278,
#7279),(#7280,#7281),(#7282,#7283)),.UNSPECIFIED.,.F.,.F.,.F.,(4,1,4),(2,
2),(-0.1156345923156,-0.0565956262389452,0.),(0.,0.002),.UNSPECIFIED.);
#165=B_SPLINE_SURFACE_WITH_KNOTS('',3,1,((#7299,#7300),(#7301,#7302),(#7303,
#7304),(#7305,#7306),(#7307,#7308)),.UNSPECIFIED.,.F.,.F.,.F.,(4,1,4),(2,
2),(-0.0651009432488623,-0.0319137579033175,0.),(0.,0.002),
 .UNSPECIFIED.);
#166=B_SPLINE_SURFACE_WITH_KNOTS('',3,1,((#7324,#7325),(#7326,#7327),(#7328,
#7329),(#7330,#7331),(#7332,#7333)),.UNSPECIFIED.,.F.,.F.,.F.,(4,1,4),(2,
2),(-0.0626729174103258,-0.0326735257336584,0.),(0.,0.002),
 .UNSPECIFIED.);
#167=B_SPLINE_SURFACE_WITH_KNOTS('',3,1,((#7420,#7421),(#7422,#7423),(#7424,
#7425),(#7426,#7427),(#7428,#7429)),.UNSPECIFIED.,.F.,.F.,.F.,(4,1,4),(2,
2),(-0.138337497397589,-0.061624678643215,0.),(0.,0.002),.UNSPECIFIED.);
#168=B_SPLINE_SURFACE_WITH_KNOTS('',3,1,((#7448,#7449),(#7450,#7451),(#7452,
#7453),(#7454,#7455),(#7456,#7457)),.UNSPECIFIED.,.F.,.F.,.F.,(4,1,4),(2,
2),(-0.110889000123607,-0.0560188288652333,0.),(0.,0.002),.UNSPECIFIED.);
#169=B_SPLINE_SURFACE_WITH_KNOTS('',3,1,((#7473,#7474),(#7475,#7476),(#7477,
#7478),(#7479,#7480),(#7481,#7482)),.UNSPECIFIED.,.F.,.F.,.F.,(4,1,4),(2,
2),(-0.111491726725314,-0.0553307291852698,0.),(0.,0.002),.UNSPECIFIED.);
#170=B_SPLINE_SURFACE_WITH_KNOTS('',3,1,((#7498,#7499),(#7500,#7501),(#7502,
#7503),(#7504,#7505),(#7506,#7507)),.UNSPECIFIED.,.F.,.F.,.F.,(4,1,4),(2,
2),(-0.136873296227813,-0.0752916634691435,0.),(0.,0.002),.UNSPECIFIED.);
#171=B_SPLINE_SURFACE_WITH_KNOTS('',3,1,((#7523,#7524),(#7525,#7526),(#7527,
#7528),(#7529,#7530),(#7531,#7532)),.UNSPECIFIED.,.F.,.F.,.F.,(4,1,4),(2,
2),(-0.19383195963385,-0.100928517727799,0.),(0.,0.002),.UNSPECIFIED.);
#172=B_SPLINE_SURFACE_WITH_KNOTS('',3,1,((#7551,#7552),(#7553,#7554),(#7555,
#7556),(#7557,#7558),(#7559,#7560)),.UNSPECIFIED.,.F.,.F.,.F.,(4,1,4),(2,
2),(-0.110130679342266,-0.0524489187405233,0.),(0.,0.002),.UNSPECIFIED.);
#173=B_SPLINE_SURFACE_WITH_KNOTS('',3,1,((#7576,#7577),(#7578,#7579),(#7580,
#7581),(#7582,#7583),(#7584,#7585)),.UNSPECIFIED.,.F.,.F.,.F.,(4,1,4),(2,
2),(-0.0791764056454377,-0.0406699875220069,0.),(0.,0.002),
 .UNSPECIFIED.);
#174=B_SPLINE_SURFACE_WITH_KNOTS('',3,1,((#7601,#7602),(#7603,#7604),(#7605,
#7606),(#7607,#7608),(#7609,#7610)),.UNSPECIFIED.,.F.,.F.,.F.,(4,1,4),(2,
2),(-0.0831930068104257,-0.0414709335523771,0.),(0.,0.002),
 .UNSPECIFIED.);
#175=B_SPLINE_SURFACE_WITH_KNOTS('',3,1,((#7626,#7627),(#7628,#7629),(#7630,
#7631),(#7632,#7633),(#7634,#7635)),.UNSPECIFIED.,.F.,.F.,.F.,(4,1,4),(2,
2),(-0.13095185969491,-0.0704910316679071,0.),(0.,0.002),.UNSPECIFIED.);
#176=B_SPLINE_SURFACE_WITH_KNOTS('',3,1,((#7651,#7652),(#7653,#7654),(#7655,
#7656),(#7657,#7658),(#7659,#7660)),.UNSPECIFIED.,.F.,.F.,.F.,(4,1,4),(2,
2),(-0.135871397576889,-0.0756233640534482,0.),(0.,0.002),.UNSPECIFIED.);
#177=B_SPLINE_SURFACE_WITH_KNOTS('',3,1,((#7676,#7677),(#7678,#7679),(#7680,
#7681),(#7682,#7683),(#7684,#7685)),.UNSPECIFIED.,.F.,.F.,.F.,(4,1,4),(2,
2),(-0.111353337548244,-0.0541350600230704,0.),(0.,0.002),.UNSPECIFIED.);
#178=B_SPLINE_SURFACE_WITH_KNOTS('',3,1,((#7701,#7702),(#7703,#7704),(#7705,
#7706),(#7707,#7708),(#7709,#7710)),.UNSPECIFIED.,.F.,.F.,.F.,(4,1,4),(2,
2),(-0.11203884834671,-0.0573678191789828,0.),(0.,0.002),.UNSPECIFIED.);
#179=B_SPLINE_SURFACE_WITH_KNOTS('',3,1,((#7726,#7727),(#7728,#7729),(#7730,
#7731),(#7732,#7733),(#7734,#7735)),.UNSPECIFIED.,.F.,.F.,.F.,(4,1,4),(2,
2),(-0.136862314590396,-0.0608423314987335,0.),(0.,0.002),.UNSPECIFIED.);
#180=B_SPLINE_SURFACE_WITH_KNOTS('',3,1,((#7748,#7749),(#7750,#7751),(#7752,
#7753),(#7754,#7755),(#7756,#7757)),.UNSPECIFIED.,.F.,.F.,.F.,(4,1,4),(2,
2),(-0.205834341029178,-0.0958624152244681,0.),(0.,0.002),.UNSPECIFIED.);
#181=B_SPLINE_SURFACE_WITH_KNOTS('',3,1,((#7773,#7774),(#7775,#7776),(#7777,
#7778),(#7779,#7780),(#7781,#7782)),.UNSPECIFIED.,.F.,.F.,.F.,(4,1,4),(2,
2),(-0.204487195004567,-0.10915179601463,0.),(0.,0.002),.UNSPECIFIED.);
#182=B_SPLINE_SURFACE_WITH_KNOTS('',3,1,((#7798,#7799),(#7800,#7801),(#7802,
#7803),(#7804,#7805),(#7806,#7807)),.UNSPECIFIED.,.F.,.F.,.F.,(4,1,4),(2,
2),(-0.192985447939337,-0.0924422086168269,0.),(0.,0.002),.UNSPECIFIED.);
#183=B_SPLINE_SURFACE_WITH_KNOTS('',3,1,((#7823,#7824),(#7825,#7826),(#7827,
#7828),(#7829,#7830),(#7831,#7832)),.UNSPECIFIED.,.F.,.F.,.F.,(4,1,4),(2,
2),(-0.194122268495839,-0.101537465598271,0.),(0.,0.002),.UNSPECIFIED.);
#184=B_SPLINE_SURFACE_WITH_KNOTS('',3,1,((#7848,#7849),(#7850,#7851),(#7852,
#7853),(#7854,#7855),(#7856,#7857)),.UNSPECIFIED.,.F.,.F.,.F.,(4,1,4),(2,
2),(-0.202555810377345,-0.0947525143223179,0.),(0.,0.002),.UNSPECIFIED.);
#185=B_SPLINE_SURFACE_WITH_KNOTS('',3,1,((#8138,#8139),(#8140,#8141),(#8142,
#8143),(#8144,#8145),(#8146,#8147)),.UNSPECIFIED.,.F.,.F.,.F.,(4,1,4),(2,
2),(-0.106308340324898,-0.0491493670329294,0.),(0.,0.002),.UNSPECIFIED.);
#186=B_SPLINE_SURFACE_WITH_KNOTS('',3,1,((#8157,#8158),(#8159,#8160),(#8161,
#8162),(#8163,#8164),(#8165,#8166)),.UNSPECIFIED.,.F.,.F.,.F.,(4,1,4),(2,
2),(-0.161681930126567,-0.0842323626810108,0.),(0.,0.002),.UNSPECIFIED.);
#187=B_SPLINE_SURFACE_WITH_KNOTS('',3,1,((#8174,#8175),(#8176,#8177),(#8178,
#8179),(#8180,#8181),(#8182,#8183)),.UNSPECIFIED.,.F.,.F.,.F.,(4,1,4),(2,
2),(-0.187285653579466,-0.0908266301386133,0.),(0.,0.002),.UNSPECIFIED.);
#188=B_SPLINE_SURFACE_WITH_KNOTS('',3,1,((#8191,#8192),(#8193,#8194),(#8195,
#8196),(#8197,#8198),(#8199,#8200)),.UNSPECIFIED.,.F.,.F.,.F.,(4,1,4),(2,
2),(-0.208112811791912,-0.112053355831657,0.),(0.,0.002),.UNSPECIFIED.);
#189=B_SPLINE_SURFACE_WITH_KNOTS('',3,1,((#8208,#8209),(#8210,#8211),(#8212,
#8213),(#8214,#8215),(#8216,#8217)),.UNSPECIFIED.,.F.,.F.,.F.,(4,1,4),(2,
2),(-0.20052690525594,-0.0937995360200117,0.),(0.,0.002),.UNSPECIFIED.);
#190=B_SPLINE_SURFACE_WITH_KNOTS('',3,1,((#8225,#8226),(#8227,#8228),(#8229,
#8230),(#8231,#8232),(#8233,#8234)),.UNSPECIFIED.,.F.,.F.,.F.,(4,1,4),(2,
2),(-0.1813625271647,-0.0923040144202597,0.),(0.,0.002),.UNSPECIFIED.);
#191=B_SPLINE_SURFACE_WITH_KNOTS('',3,1,((#8242,#8243),(#8244,#8245),(#8246,
#8247),(#8248,#8249),(#8250,#8251)),.UNSPECIFIED.,.F.,.F.,.F.,(4,1,4),(2,
2),(-0.14057059910529,-0.0664452318585856,0.),(0.,0.002),.UNSPECIFIED.);
#192=B_SPLINE_SURFACE_WITH_KNOTS('',3,1,((#8259,#8260),(#8261,#8262),(#8263,
#8264),(#8265,#8266),(#8267,#8268)),.UNSPECIFIED.,.F.,.F.,.F.,(4,1,4),(2,
2),(-0.144759325325432,-0.077365986233709,0.),(0.,0.002),.UNSPECIFIED.);
#193=B_SPLINE_SURFACE_WITH_KNOTS('',3,1,((#8284,#8285),(#8286,#8287),(#8288,
#8289),(#8290,#8291),(#8292,#8293)),.UNSPECIFIED.,.F.,.F.,.F.,(4,1,4),(2,
2),(-0.0727607355823906,-0.037383477813145,0.),(0.,0.002),.UNSPECIFIED.);
#194=B_SPLINE_SURFACE_WITH_KNOTS('',3,1,((#8301,#8302),(#8303,#8304),(#8305,
#8306),(#8307,#8308),(#8309,#8310)),.UNSPECIFIED.,.F.,.F.,.F.,(4,1,4),(2,
2),(-0.0730853972285867,-0.0354437769354716,0.),(0.,0.002),
 .UNSPECIFIED.);
#195=B_SPLINE_SURFACE_WITH_KNOTS('',3,1,((#8318,#8319),(#8320,#8321),(#8322,
#8323),(#8324,#8325),(#8326,#8327)),.UNSPECIFIED.,.F.,.F.,.F.,(4,1,4),(2,
2),(-0.101174902701041,-0.0513285210864446,0.),(0.,0.002),.UNSPECIFIED.);
#196=B_SPLINE_SURFACE_WITH_KNOTS('',3,1,((#8335,#8336),(#8337,#8338),(#8339,
#8340),(#8341,#8342),(#8343,#8344)),.UNSPECIFIED.,.F.,.F.,.F.,(4,1,4),(2,
2),(-0.135841416619419,-0.0583613424243573,0.),(0.,0.002),.UNSPECIFIED.);
#197=B_SPLINE_SURFACE_WITH_KNOTS('',3,1,((#8352,#8353),(#8354,#8355),(#8356,
#8357),(#8358,#8359),(#8360,#8361)),.UNSPECIFIED.,.F.,.F.,.F.,(4,1,4),(2,
2),(-0.141270923627382,-0.0816198343817509,0.),(0.,0.002),.UNSPECIFIED.);
#198=B_SPLINE_SURFACE_WITH_KNOTS('',3,1,((#8369,#8370),(#8371,#8372),(#8373,
#8374),(#8375,#8376),(#8377,#8378)),.UNSPECIFIED.,.F.,.F.,.F.,(4,1,4),(2,
2),(-0.0999594485141806,-0.0494921270471404,0.),(0.,0.002),
 .UNSPECIFIED.);
#199=B_SPLINE_SURFACE_WITH_KNOTS('',3,1,((#8386,#8387),(#8388,#8389),(#8390,
#8391),(#8392,#8393),(#8394,#8395)),.UNSPECIFIED.,.F.,.F.,.F.,(4,1,4),(2,
2),(-0.0751168829479694,-0.0379740499323554,0.),(0.,0.002),
 .UNSPECIFIED.);
#200=B_SPLINE_SURFACE_WITH_KNOTS('',3,1,((#8403,#8404),(#8405,#8406),(#8407,
#8408),(#8409,#8410),(#8411,#8412)),.UNSPECIFIED.,.F.,.F.,.F.,(4,1,4),(2,
2),(-0.0916972660721121,-0.0412690345093754,0.),(0.,0.002),
 .UNSPECIFIED.);
#201=B_SPLINE_SURFACE_WITH_KNOTS('',3,1,((#8460,#8461),(#8462,#8463),(#8464,
#8465),(#8466,#8467),(#8468,#8469)),.UNSPECIFIED.,.F.,.F.,.F.,(4,1,4),(2,
2),(-0.0436531497881464,-0.0230559803262024,0.),(0.,0.002),
 .UNSPECIFIED.);
#202=B_SPLINE_SURFACE_WITH_KNOTS('',3,1,((#8488,#8489),(#8490,#8491),(#8492,
#8493),(#8494,#8495),(#8496,#8497)),.UNSPECIFIED.,.F.,.F.,.F.,(4,1,4),(2,
2),(-0.0393372780443502,-0.0185449751843145,0.),(0.,0.002),
 .UNSPECIFIED.);
#203=B_SPLINE_SURFACE_WITH_KNOTS('',3,1,((#8513,#8514),(#8515,#8516),(#8517,
#8518),(#8519,#8520),(#8521,#8522)),.UNSPECIFIED.,.F.,.F.,.F.,(4,1,4),(2,
2),(-0.0358235682271999,-0.0181529695858739,0.),(0.,0.002),
 .UNSPECIFIED.);
#204=B_SPLINE_SURFACE_WITH_KNOTS('',3,1,((#8538,#8539),(#8540,#8541),(#8542,
#8543),(#8544,#8545),(#8546,#8547)),.UNSPECIFIED.,.F.,.F.,.F.,(4,1,4),(2,
2),(-0.091075440523274,-0.0590242652759121,0.),(0.,0.002),.UNSPECIFIED.);
#205=B_SPLINE_SURFACE_WITH_KNOTS('',3,1,((#8569,#8570),(#8571,#8572),(#8573,
#8574),(#8575,#8576),(#8577,#8578)),.UNSPECIFIED.,.F.,.F.,.F.,(4,1,4),(2,
2),(-0.0995490397488919,-0.0404025005003134,0.),(0.,0.002),
 .UNSPECIFIED.);
#206=B_SPLINE_SURFACE_WITH_KNOTS('',3,1,((#8588,#8589),(#8590,#8591),(#8592,
#8593),(#8594,#8595),(#8596,#8597)),.UNSPECIFIED.,.F.,.F.,.F.,(4,1,4),(2,
2),(-0.0686087485281545,-0.0359815748260645,0.),(0.,0.002),
 .UNSPECIFIED.);
#207=B_SPLINE_SURFACE_WITH_KNOTS('',3,1,((#8605,#8606),(#8607,#8608),(#8609,
#8610),(#8611,#8612),(#8613,#8614)),.UNSPECIFIED.,.F.,.F.,.F.,(4,1,4),(2,
2),(-0.110861876526354,-0.0509536568155599,0.),(0.,0.002),.UNSPECIFIED.);
#208=B_SPLINE_SURFACE_WITH_KNOTS('',3,1,((#8622,#8623),(#8624,#8625),(#8626,
#8627),(#8628,#8629),(#8630,#8631)),.UNSPECIFIED.,.F.,.F.,.F.,(4,1,4),(2,
2),(-0.100443772612425,-0.0520342799113428,0.),(0.,0.002),.UNSPECIFIED.);
#209=B_SPLINE_SURFACE_WITH_KNOTS('',3,1,((#8639,#8640),(#8641,#8642),(#8643,
#8644),(#8645,#8646),(#8647,#8648)),.UNSPECIFIED.,.F.,.F.,.F.,(4,1,4),(2,
2),(-0.0826068919487147,-0.0403871050048304,0.),(0.,0.002),
 .UNSPECIFIED.);
#210=B_SPLINE_SURFACE_WITH_KNOTS('',3,1,((#8656,#8657),(#8658,#8659),(#8660,
#8661),(#8662,#8663),(#8664,#8665)),.UNSPECIFIED.,.F.,.F.,.F.,(4,1,4),(2,
2),(-0.0764149152547821,-0.0376766588509685,0.),(0.,0.002),
 .UNSPECIFIED.);
#211=B_SPLINE_SURFACE_WITH_KNOTS('',3,1,((#8673,#8674),(#8675,#8676),(#8677,
#8678),(#8679,#8680),(#8681,#8682)),.UNSPECIFIED.,.F.,.F.,.F.,(4,1,4),(2,
2),(-0.117622705709414,-0.0692750465514131,0.),(0.,0.002),.UNSPECIFIED.);
#212=B_SPLINE_SURFACE_WITH_KNOTS('',3,1,((#8698,#8699),(#8700,#8701),(#8702,
#8703),(#8704,#8705),(#8706,#8707)),.UNSPECIFIED.,.F.,.F.,.F.,(4,1,4),(2,
2),(-0.0434623716814537,-0.0205951574370031,0.),(0.,0.002),
 .UNSPECIFIED.);
#213=B_SPLINE_SURFACE_WITH_KNOTS('',3,1,((#8723,#8724),(#8725,#8726),(#8727,
#8728),(#8729,#8730),(#8731,#8732)),.UNSPECIFIED.,.F.,.F.,.F.,(4,1,4),(2,
2),(-0.0737050460608865,-0.0245896834859084,0.),(0.,0.002),
 .UNSPECIFIED.);
#214=B_SPLINE_SURFACE_WITH_KNOTS('',3,1,((#8769,#8770),(#8771,#8772),(#8773,
#8774),(#8775,#8776),(#8777,#8778)),.UNSPECIFIED.,.F.,.F.,.F.,(4,1,4),(2,
2),(-0.0907795103473815,-0.0577207952519594,0.),(0.,0.002),
 .UNSPECIFIED.);
#215=B_SPLINE_SURFACE_WITH_KNOTS('',3,1,((#8786,#8787),(#8788,#8789),(#8790,
#8791),(#8792,#8793),(#8794,#8795)),.UNSPECIFIED.,.F.,.F.,.F.,(4,1,4),(2,
2),(-0.0370654933473367,-0.0195238175681906,0.),(0.,0.002),
 .UNSPECIFIED.);
#216=B_SPLINE_SURFACE_WITH_KNOTS('',3,1,((#8803,#8804),(#8805,#8806),(#8807,
#8808),(#8809,#8810),(#8811,#8812)),.UNSPECIFIED.,.F.,.F.,.F.,(4,1,4),(2,
2),(-0.051277064649448,-0.021145288851967,0.),(0.,0.002),.UNSPECIFIED.);
#217=MANIFOLD_SOLID_BREP('Plate',#4947);
#218=MANIFOLD_SOLID_BREP('HEAT/LIFE',#4948);
#219=MANIFOLD_SOLID_BREP('G-FORCE',#4949);
#220=STYLED_ITEM('',(#8920),#4703);
#221=STYLED_ITEM('',(#8920),#4707);
#222=STYLED_ITEM('',(#8919),#217);
#223=STYLED_ITEM('',(#8919),#4763);
#224=STYLED_ITEM('',(#8919),#4777);
#225=STYLED_ITEM('',(#8921),#4813);
#226=STYLED_ITEM('',(#8920),#218);
#227=STYLED_ITEM('',(#8922),#4869);
#228=STYLED_ITEM('',(#8922),#4926);
#229=STYLED_ITEM('',(#8922),#4945);
#230=STYLED_ITEM('',(#8920),#219);
#231=FACE_BOUND('',#741,.T.);
#232=FACE_BOUND('',#742,.T.);
#233=FACE_BOUND('',#743,.T.);
#234=FACE_BOUND('',#744,.T.);
#235=FACE_BOUND('',#745,.T.);
#236=FACE_BOUND('',#746,.T.);
#237=FACE_BOUND('',#747,.T.);
#238=FACE_BOUND('',#748,.T.);
#239=FACE_BOUND('',#749,.T.);
#240=FACE_BOUND('',#750,.T.);
#241=FACE_BOUND('',#751,.T.);
#242=FACE_BOUND('',#752,.T.);
#243=FACE_BOUND('',#753,.T.);
#244=FACE_BOUND('',#754,.T.);
#245=FACE_BOUND('',#772,.T.);
#246=FACE_BOUND('',#773,.T.);
#247=FACE_BOUND('',#774,.T.);
#248=FACE_BOUND('',#775,.T.);
#249=FACE_BOUND('',#776,.T.);
#250=FACE_BOUND('',#777,.T.);
#251=FACE_BOUND('',#778,.T.);
#252=FACE_BOUND('',#779,.T.);
#253=FACE_BOUND('',#780,.T.);
#254=FACE_BOUND('',#781,.T.);
#255=FACE_BOUND('',#782,.T.);
#256=FACE_BOUND('',#783,.T.);
#257=FACE_BOUND('',#784,.T.);
#258=FACE_BOUND('',#785,.T.);
#259=FACE_BOUND('',#835,.T.);
#260=FACE_BOUND('',#837,.T.);
#261=FACE_BOUND('',#838,.T.);
#262=FACE_BOUND('',#839,.T.);
#263=FACE_BOUND('',#840,.T.);
#264=FACE_BOUND('',#854,.T.);
#265=FACE_BOUND('',#855,.T.);
#266=FACE_BOUND('',#893,.T.);
#267=FACE_BOUND('',#894,.T.);
#268=FACE_BOUND('',#895,.T.);
#269=FACE_BOUND('',#896,.T.);
#270=FACE_BOUND('',#952,.T.);
#271=FACE_BOUND('',#954,.T.);
#272=FACE_BOUND('',#955,.T.);
#273=FACE_BOUND('',#956,.T.);
#274=FACE_BOUND('',#957,.T.);
#275=FACE_BOUND('',#958,.T.);
#276=FACE_BOUND('',#959,.T.);
#277=FACE_BOUND('',#960,.T.);
#278=FACE_BOUND('',#989,.T.);
#279=FACE_BOUND('',#1018,.T.);
#280=PLANE('',#4986);
#281=PLANE('',#4987);
#282=PLANE('',#5003);
#283=PLANE('',#5006);
#284=PLANE('',#5029);
#285=PLANE('',#5030);
#286=PLANE('',#5031);
#287=PLANE('',#5032);
#288=PLANE('',#5033);
#289=PLANE('',#5034);
#290=PLANE('',#5035);
#291=PLANE('',#5036);
#292=PLANE('',#5037);
#293=PLANE('',#5038);
#294=PLANE('',#5039);
#295=PLANE('',#5040);
#296=PLANE('',#5041);
#297=PLANE('',#5042);
#298=PLANE('',#5043);
#299=PLANE('',#5044);
#300=PLANE('',#5045);
#301=PLANE('',#5046);
#302=PLANE('',#5047);
#303=PLANE('',#5048);
#304=PLANE('',#5049);
#305=PLANE('',#5050);
#306=PLANE('',#5051);
#307=PLANE('',#5052);
#308=PLANE('',#5053);
#309=PLANE('',#5054);
#310=PLANE('',#5055);
#311=PLANE('',#5056);
#312=PLANE('',#5057);
#313=PLANE('',#5058);
#314=PLANE('',#5059);
#315=PLANE('',#5060);
#316=PLANE('',#5061);
#317=PLANE('',#5062);
#318=PLANE('',#5063);
#319=PLANE('',#5064);
#320=PLANE('',#5065);
#321=PLANE('',#5066);
#322=PLANE('',#5067);
#323=PLANE('',#5068);
#324=PLANE('',#5069);
#325=PLANE('',#5070);
#326=PLANE('',#5071);
#327=PLANE('',#5072);
#328=PLANE('',#5073);
#329=PLANE('',#5074);
#330=PLANE('',#5075);
#331=PLANE('',#5076);
#332=PLANE('',#5077);
#333=PLANE('',#5078);
#334=PLANE('',#5079);
#335=PLANE('',#5080);
#336=PLANE('',#5081);
#337=PLANE('',#5082);
#338=PLANE('',#5083);
#339=PLANE('',#5084);
#340=PLANE('',#5085);
#341=PLANE('',#5086);
#342=PLANE('',#5087);
#343=PLANE('',#5088);
#344=PLANE('',#5089);
#345=PLANE('',#5090);
#346=PLANE('',#5091);
#347=PLANE('',#5092);
#348=PLANE('',#5093);
#349=PLANE('',#5094);
#350=PLANE('',#5095);
#351=PLANE('',#5096);
#352=PLANE('',#5097);
#353=PLANE('',#5098);
#354=PLANE('',#5099);
#355=PLANE('',#5100);
#356=PLANE('',#5101);
#357=PLANE('',#5102);
#358=PLANE('',#5103);
#359=PLANE('',#5104);
#360=PLANE('',#5105);
#361=PLANE('',#5106);
#362=PLANE('',#5107);
#363=PLANE('',#5108);
#364=PLANE('',#5109);
#365=PLANE('',#5110);
#366=PLANE('',#5111);
#367=PLANE('',#5112);
#368=PLANE('',#5113);
#369=PLANE('',#5114);
#370=PLANE('',#5115);
#371=PLANE('',#5116);
#372=PLANE('',#5117);
#373=PLANE('',#5118);
#374=PLANE('',#5119);
#375=PLANE('',#5120);
#376=PLANE('',#5121);
#377=PLANE('',#5122);
#378=PLANE('',#5123);
#379=PLANE('',#5124);
#380=PLANE('',#5125);
#381=PLANE('',#5126);
#382=PLANE('',#5127);
#383=PLANE('',#5128);
#384=PLANE('',#5129);
#385=PLANE('',#5130);
#386=PLANE('',#5131);
#387=PLANE('',#5132);
#388=PLANE('',#5133);
#389=PLANE('',#5134);
#390=PLANE('',#5135);
#391=PLANE('',#5136);
#392=PLANE('',#5137);
#393=PLANE('',#5138);
#394=PLANE('',#5139);
#395=PLANE('',#5140);
#396=PLANE('',#5141);
#397=PLANE('',#5142);
#398=PLANE('',#5143);
#399=PLANE('',#5144);
#400=PLANE('',#5145);
#401=PLANE('',#5146);
#402=PLANE('',#5147);
#403=PLANE('',#5148);
#404=PLANE('',#5149);
#405=PLANE('',#5150);
#406=PLANE('',#5151);
#407=PLANE('',#5152);
#408=PLANE('',#5153);
#409=PLANE('',#5154);
#410=PLANE('',#5155);
#411=PLANE('',#5156);
#412=PLANE('',#5157);
#413=PLANE('',#5158);
#414=PLANE('',#5159);
#415=PLANE('',#5160);
#416=PLANE('',#5161);
#417=PLANE('',#5162);
#418=PLANE('',#5163);
#419=PLANE('',#5164);
#420=PLANE('',#5165);
#421=PLANE('',#5166);
#422=PLANE('',#5167);
#423=PLANE('',#5168);
#424=PLANE('',#5169);
#425=PLANE('',#5170);
#426=PLANE('',#5171);
#427=PLANE('',#5172);
#428=PLANE('',#5173);
#429=PLANE('',#5174);
#430=PLANE('',#5175);
#431=PLANE('',#5176);
#432=PLANE('',#5177);
#433=PLANE('',#5178);
#434=PLANE('',#5179);
#435=PLANE('',#5180);
#436=PLANE('',#5181);
#437=PLANE('',#5182);
#438=PLANE('',#5183);
#439=PLANE('',#5184);
#440=PLANE('',#5185);
#441=PLANE('',#5186);
#442=PLANE('',#5187);
#443=PLANE('',#5188);
#444=PLANE('',#5189);
#445=PLANE('',#5190);
#446=PLANE('',#5191);
#447=PLANE('',#5192);
#448=PLANE('',#5193);
#449=PLANE('',#5194);
#450=PLANE('',#5195);
#451=CYLINDRICAL_SURFACE('',#4966,1.7);
#452=CYLINDRICAL_SURFACE('',#4971,1.7);
#453=CYLINDRICAL_SURFACE('',#4976,1.7);
#454=CYLINDRICAL_SURFACE('',#4981,1.7);
#455=CYLINDRICAL_SURFACE('',#4983,4.);
#456=CYLINDRICAL_SURFACE('',#5001,4.);
#457=CYLINDRICAL_SURFACE('',#5004,4.);
#458=CYLINDRICAL_SURFACE('',#5007,4.);
#459=CYLINDRICAL_SURFACE('',#5009,1.5);
#460=CYLINDRICAL_SURFACE('',#5011,32.);
#461=CYLINDRICAL_SURFACE('',#5013,1.5);
#462=CYLINDRICAL_SURFACE('',#5015,1.5);
#463=CYLINDRICAL_SURFACE('',#5017,1.5);
#464=CYLINDRICAL_SURFACE('',#5019,32.);
#465=CYLINDRICAL_SURFACE('',#5021,1.5);
#466=CYLINDRICAL_SURFACE('',#5023,1.5);
#467=CYLINDRICAL_SURFACE('',#5025,1.5);
#468=CYLINDRICAL_SURFACE('',#5027,1.5);
#469=FACE_OUTER_BOUND('',#730,.T.);
#470=FACE_OUTER_BOUND('',#731,.T.);
#471=FACE_OUTER_BOUND('',#732,.T.);
#472=FACE_OUTER_BOUND('',#733,.T.);
#473=FACE_OUTER_BOUND('',#734,.T.);
#474=FACE_OUTER_BOUND('',#735,.T.);
#475=FACE_OUTER_BOUND('',#736,.T.);
#476=FACE_OUTER_BOUND('',#737,.T.);
#477=FACE_OUTER_BOUND('',#738,.T.);
#478=FACE_OUTER_BOUND('',#739,.T.);
#479=FACE_OUTER_BOUND('',#740,.T.);
#480=FACE_OUTER_BOUND('',#755,.T.);
#481=FACE_OUTER_BOUND('',#756,.T.);
#482=FACE_OUTER_BOUND('',#757,.T.);
#483=FACE_OUTER_BOUND('',#758,.T.);
#484=FACE_OUTER_BOUND('',#759,.T.);
#485=FACE_OUTER_BOUND('',#760,.T.);
#486=FACE_OUTER_BOUND('',#761,.T.);
#487=FACE_OUTER_BOUND('',#762,.T.);
#488=FACE_OUTER_BOUND('',#763,.T.);
#489=FACE_OUTER_BOUND('',#764,.T.);
#490=FACE_OUTER_BOUND('',#765,.T.);
#491=FACE_OUTER_BOUND('',#766,.T.);
#492=FACE_OUTER_BOUND('',#767,.T.);
#493=FACE_OUTER_BOUND('',#768,.T.);
#494=FACE_OUTER_BOUND('',#769,.T.);
#495=FACE_OUTER_BOUND('',#770,.T.);
#496=FACE_OUTER_BOUND('',#771,.T.);
#497=FACE_OUTER_BOUND('',#786,.T.);
#498=FACE_OUTER_BOUND('',#787,.T.);
#499=FACE_OUTER_BOUND('',#788,.T.);
#500=FACE_OUTER_BOUND('',#789,.T.);
#501=FACE_OUTER_BOUND('',#790,.T.);
#502=FACE_OUTER_BOUND('',#791,.T.);
#503=FACE_OUTER_BOUND('',#792,.T.);
#504=FACE_OUTER_BOUND('',#793,.T.);
#505=FACE_OUTER_BOUND('',#794,.T.);
#506=FACE_OUTER_BOUND('',#795,.T.);
#507=FACE_OUTER_BOUND('',#796,.T.);
#508=FACE_OUTER_BOUND('',#797,.T.);
#509=FACE_OUTER_BOUND('',#798,.T.);
#510=FACE_OUTER_BOUND('',#799,.T.);
#511=FACE_OUTER_BOUND('',#800,.T.);
#512=FACE_OUTER_BOUND('',#801,.T.);
#513=FACE_OUTER_BOUND('',#802,.T.);
#514=FACE_OUTER_BOUND('',#803,.T.);
#515=FACE_OUTER_BOUND('',#804,.T.);
#516=FACE_OUTER_BOUND('',#805,.T.);
#517=FACE_OUTER_BOUND('',#806,.T.);
#518=FACE_OUTER_BOUND('',#807,.T.);
#519=FACE_OUTER_BOUND('',#808,.T.);
#520=FACE_OUTER_BOUND('',#809,.T.);
#521=FACE_OUTER_BOUND('',#810,.T.);
#522=FACE_OUTER_BOUND('',#811,.T.);
#523=FACE_OUTER_BOUND('',#812,.T.);
#524=FACE_OUTER_BOUND('',#813,.T.);
#525=FACE_OUTER_BOUND('',#814,.T.);
#526=FACE_OUTER_BOUND('',#815,.T.);
#527=FACE_OUTER_BOUND('',#816,.T.);
#528=FACE_OUTER_BOUND('',#817,.T.);
#529=FACE_OUTER_BOUND('',#818,.T.);
#530=FACE_OUTER_BOUND('',#819,.T.);
#531=FACE_OUTER_BOUND('',#820,.T.);
#532=FACE_OUTER_BOUND('',#821,.T.);
#533=FACE_OUTER_BOUND('',#822,.T.);
#534=FACE_OUTER_BOUND('',#823,.T.);
#535=FACE_OUTER_BOUND('',#824,.T.);
#536=FACE_OUTER_BOUND('',#825,.T.);
#537=FACE_OUTER_BOUND('',#826,.T.);
#538=FACE_OUTER_BOUND('',#827,.T.);
#539=FACE_OUTER_BOUND('',#828,.T.);
#540=FACE_OUTER_BOUND('',#829,.T.);
#541=FACE_OUTER_BOUND('',#830,.T.);
#542=FACE_OUTER_BOUND('',#831,.T.);
#543=FACE_OUTER_BOUND('',#832,.T.);
#544=FACE_OUTER_BOUND('',#833,.T.);
#545=FACE_OUTER_BOUND('',#834,.T.);
#546=FACE_OUTER_BOUND('',#836,.T.);
#547=FACE_OUTER_BOUND('',#841,.T.);
#548=FACE_OUTER_BOUND('',#842,.T.);
#549=FACE_OUTER_BOUND('',#843,.T.);
#550=FACE_OUTER_BOUND('',#844,.T.);
#551=FACE_OUTER_BOUND('',#845,.T.);
#552=FACE_OUTER_BOUND('',#846,.T.);
#553=FACE_OUTER_BOUND('',#847,.T.);
#554=FACE_OUTER_BOUND('',#848,.T.);
#555=FACE_OUTER_BOUND('',#849,.T.);
#556=FACE_OUTER_BOUND('',#850,.T.);
#557=FACE_OUTER_BOUND('',#851,.T.);
#558=FACE_OUTER_BOUND('',#852,.T.);
#559=FACE_OUTER_BOUND('',#853,.T.);
#560=FACE_OUTER_BOUND('',#856,.T.);
#561=FACE_OUTER_BOUND('',#857,.T.);
#562=FACE_OUTER_BOUND('',#858,.T.);
#563=FACE_OUTER_BOUND('',#859,.T.);
#564=FACE_OUTER_BOUND('',#860,.T.);
#565=FACE_OUTER_BOUND('',#861,.T.);
#566=FACE_OUTER_BOUND('',#862,.T.);
#567=FACE_OUTER_BOUND('',#863,.T.);
#568=FACE_OUTER_BOUND('',#864,.T.);
#569=FACE_OUTER_BOUND('',#865,.T.);
#570=FACE_OUTER_BOUND('',#866,.T.);
#571=FACE_OUTER_BOUND('',#867,.T.);
#572=FACE_OUTER_BOUND('',#868,.T.);
#573=FACE_OUTER_BOUND('',#869,.T.);
#574=FACE_OUTER_BOUND('',#870,.T.);
#575=FACE_OUTER_BOUND('',#871,.T.);
#576=FACE_OUTER_BOUND('',#872,.T.);
#577=FACE_OUTER_BOUND('',#873,.T.);
#578=FACE_OUTER_BOUND('',#874,.T.);
#579=FACE_OUTER_BOUND('',#875,.T.);
#580=FACE_OUTER_BOUND('',#876,.T.);
#581=FACE_OUTER_BOUND('',#877,.T.);
#582=FACE_OUTER_BOUND('',#878,.T.);
#583=FACE_OUTER_BOUND('',#879,.T.);
#584=FACE_OUTER_BOUND('',#880,.T.);
#585=FACE_OUTER_BOUND('',#881,.T.);
#586=FACE_OUTER_BOUND('',#882,.T.);
#587=FACE_OUTER_BOUND('',#883,.T.);
#588=FACE_OUTER_BOUND('',#884,.T.);
#589=FACE_OUTER_BOUND('',#885,.T.);
#590=FACE_OUTER_BOUND('',#886,.T.);
#591=FACE_OUTER_BOUND('',#887,.T.);
#592=FACE_OUTER_BOUND('',#888,.T.);
#593=FACE_OUTER_BOUND('',#889,.T.);
#594=FACE_OUTER_BOUND('',#890,.T.);
#595=FACE_OUTER_BOUND('',#891,.T.);
#596=FACE_OUTER_BOUND('',#892,.T.);
#597=FACE_OUTER_BOUND('',#897,.T.);
#598=FACE_OUTER_BOUND('',#898,.T.);
#599=FACE_OUTER_BOUND('',#899,.T.);
#600=FACE_OUTER_BOUND('',#900,.T.);
#601=FACE_OUTER_BOUND('',#901,.T.);
#602=FACE_OUTER_BOUND('',#902,.T.);
#603=FACE_OUTER_BOUND('',#903,.T.);
#604=FACE_OUTER_BOUND('',#904,.T.);
#605=FACE_OUTER_BOUND('',#905,.T.);
#606=FACE_OUTER_BOUND('',#906,.T.);
#607=FACE_OUTER_BOUND('',#907,.T.);
#608=FACE_OUTER_BOUND('',#908,.T.);
#609=FACE_OUTER_BOUND('',#909,.T.);
#610=FACE_OUTER_BOUND('',#910,.T.);
#611=FACE_OUTER_BOUND('',#911,.T.);
#612=FACE_OUTER_BOUND('',#912,.T.);
#613=FACE_OUTER_BOUND('',#913,.T.);
#614=FACE_OUTER_BOUND('',#914,.T.);
#615=FACE_OUTER_BOUND('',#915,.T.);
#616=FACE_OUTER_BOUND('',#916,.T.);
#617=FACE_OUTER_BOUND('',#917,.T.);
#618=FACE_OUTER_BOUND('',#918,.T.);
#619=FACE_OUTER_BOUND('',#919,.T.);
#620=FACE_OUTER_BOUND('',#920,.T.);
#621=FACE_OUTER_BOUND('',#921,.T.);
#622=FACE_OUTER_BOUND('',#922,.T.);
#623=FACE_OUTER_BOUND('',#923,.T.);
#624=FACE_OUTER_BOUND('',#924,.T.);
#625=FACE_OUTER_BOUND('',#925,.T.);
#626=FACE_OUTER_BOUND('',#926,.T.);
#627=FACE_OUTER_BOUND('',#927,.T.);
#628=FACE_OUTER_BOUND('',#928,.T.);
#629=FACE_OUTER_BOUND('',#929,.T.);
#630=FACE_OUTER_BOUND('',#930,.T.);
#631=FACE_OUTER_BOUND('',#931,.T.);
#632=FACE_OUTER_BOUND('',#932,.T.);
#633=FACE_OUTER_BOUND('',#933,.T.);
#634=FACE_OUTER_BOUND('',#934,.T.);
#635=FACE_OUTER_BOUND('',#935,.T.);
#636=FACE_OUTER_BOUND('',#936,.T.);
#637=FACE_OUTER_BOUND('',#937,.T.);
#638=FACE_OUTER_BOUND('',#938,.T.);
#639=FACE_OUTER_BOUND('',#939,.T.);
#640=FACE_OUTER_BOUND('',#940,.T.);
#641=FACE_OUTER_BOUND('',#941,.T.);
#642=FACE_OUTER_BOUND('',#942,.T.);
#643=FACE_OUTER_BOUND('',#943,.T.);
#644=FACE_OUTER_BOUND('',#944,.T.);
#645=FACE_OUTER_BOUND('',#945,.T.);
#646=FACE_OUTER_BOUND('',#946,.T.);
#647=FACE_OUTER_BOUND('',#947,.T.);
#648=FACE_OUTER_BOUND('',#948,.T.);
#649=FACE_OUTER_BOUND('',#949,.T.);
#650=FACE_OUTER_BOUND('',#950,.T.);
#651=FACE_OUTER_BOUND('',#951,.T.);
#652=FACE_OUTER_BOUND('',#953,.T.);
#653=FACE_OUTER_BOUND('',#961,.T.);
#654=FACE_OUTER_BOUND('',#962,.T.);
#655=FACE_OUTER_BOUND('',#963,.T.);
#656=FACE_OUTER_BOUND('',#964,.T.);
#657=FACE_OUTER_BOUND('',#965,.T.);
#658=FACE_OUTER_BOUND('',#966,.T.);
#659=FACE_OUTER_BOUND('',#967,.T.);
#660=FACE_OUTER_BOUND('',#968,.T.);
#661=FACE_OUTER_BOUND('',#969,.T.);
#662=FACE_OUTER_BOUND('',#970,.T.);
#663=FACE_OUTER_BOUND('',#971,.T.);
#664=FACE_OUTER_BOUND('',#972,.T.);
#665=FACE_OUTER_BOUND('',#973,.T.);
#666=FACE_OUTER_BOUND('',#974,.T.);
#667=FACE_OUTER_BOUND('',#975,.T.);
#668=FACE_OUTER_BOUND('',#976,.T.);
#669=FACE_OUTER_BOUND('',#977,.T.);
#670=FACE_OUTER_BOUND('',#978,.T.);
#671=FACE_OUTER_BOUND('',#979,.T.);
#672=FACE_OUTER_BOUND('',#980,.T.);
#673=FACE_OUTER_BOUND('',#981,.T.);
#674=FACE_OUTER_BOUND('',#982,.T.);
#675=FACE_OUTER_BOUND('',#983,.T.);
#676=FACE_OUTER_BOUND('',#984,.T.);
#677=FACE_OUTER_BOUND('',#985,.T.);
#678=FACE_OUTER_BOUND('',#986,.T.);
#679=FACE_OUTER_BOUND('',#987,.T.);
#680=FACE_OUTER_BOUND('',#988,.T.);
#681=FACE_OUTER_BOUND('',#990,.T.);
#682=FACE_OUTER_BOUND('',#991,.T.);
#683=FACE_OUTER_BOUND('',#992,.T.);
#684=FACE_OUTER_BOUND('',#993,.T.);
#685=FACE_OUTER_BOUND('',#994,.T.);
#686=FACE_OUTER_BOUND('',#995,.T.);
#687=FACE_OUTER_BOUND('',#996,.T.);
#688=FACE_OUTER_BOUND('',#997,.T.);
#689=FACE_OUTER_BOUND('',#998,.T.);
#690=FACE_OUTER_BOUND('',#999,.T.);
#691=FACE_OUTER_BOUND('',#1000,.T.);
#692=FACE_OUTER_BOUND('',#1001,.T.);
#693=FACE_OUTER_BOUND('',#1002,.T.);
#694=FACE_OUTER_BOUND('',#1003,.T.);
#695=FACE_OUTER_BOUND('',#1004,.T.);
#696=FACE_OUTER_BOUND('',#1005,.T.);
#697=FACE_OUTER_BOUND('',#1006,.T.);
#698=FACE_OUTER_BOUND('',#1007,.T.);
#699=FACE_OUTER_BOUND('',#1008,.T.);
#700=FACE_OUTER_BOUND('',#1009,.T.);
#701=FACE_OUTER_BOUND('',#1010,.T.);
#702=FACE_OUTER_BOUND('',#1011,.T.);
#703=FACE_OUTER_BOUND('',#1012,.T.);
#704=FACE_OUTER_BOUND('',#1013,.T.);
#705=FACE_OUTER_BOUND('',#1014,.T.);
#706=FACE_OUTER_BOUND('',#1015,.T.);
#707=FACE_OUTER_BOUND('',#1016,.T.);
#708=FACE_OUTER_BOUND('',#1017,.T.);
#709=FACE_OUTER_BOUND('',#1019,.T.);
#710=FACE_OUTER_BOUND('',#1020,.T.);
#711=FACE_OUTER_BOUND('',#1021,.T.);
#712=FACE_OUTER_BOUND('',#1022,.T.);
#713=FACE_OUTER_BOUND('',#1023,.T.);
#714=FACE_OUTER_BOUND('',#1024,.T.);
#715=FACE_OUTER_BOUND('',#1025,.T.);
#716=FACE_OUTER_BOUND('',#1026,.T.);
#717=FACE_OUTER_BOUND('',#1027,.T.);
#718=FACE_OUTER_BOUND('',#1028,.T.);
#719=FACE_OUTER_BOUND('',#1029,.T.);
#720=FACE_OUTER_BOUND('',#1030,.T.);
#721=FACE_OUTER_BOUND('',#1031,.T.);
#722=FACE_OUTER_BOUND('',#1032,.T.);
#723=FACE_OUTER_BOUND('',#1033,.T.);
#724=FACE_OUTER_BOUND('',#1034,.T.);
#725=FACE_OUTER_BOUND('',#1035,.T.);
#726=FACE_OUTER_BOUND('',#1036,.T.);
#727=FACE_OUTER_BOUND('',#1037,.T.);
#728=FACE_OUTER_BOUND('',#1038,.T.);
#729=FACE_OUTER_BOUND('',#1039,.T.);
#730=EDGE_LOOP('',(#3286,#3287,#3288,#3289));
#731=EDGE_LOOP('',(#3290,#3291,#3292,#3293));
#732=EDGE_LOOP('',(#3294,#3295,#3296,#3297));
#733=EDGE_LOOP('',(#3298,#3299,#3300,#3301));
#734=EDGE_LOOP('',(#3302,#3303,#3304,#3305));
#735=EDGE_LOOP('',(#3306,#3307,#3308,#3309));
#736=EDGE_LOOP('',(#3310,#3311,#3312,#3313));
#737=EDGE_LOOP('',(#3314,#3315,#3316,#3317));
#738=EDGE_LOOP('',(#3318,#3319,#3320,#3321));
#739=EDGE_LOOP('',(#3322,#3323,#3324,#3325));
#740=EDGE_LOOP('',(#3326,#3327,#3328,#3329,#3330,#3331,#3332,#3333));
#741=EDGE_LOOP('',(#3334));
#742=EDGE_LOOP('',(#3335));
#743=EDGE_LOOP('',(#3336));
#744=EDGE_LOOP('',(#3337));
#745=EDGE_LOOP('',(#3338));
#746=EDGE_LOOP('',(#3339));
#747=EDGE_LOOP('',(#3340));
#748=EDGE_LOOP('',(#3341));
#749=EDGE_LOOP('',(#3342));
#750=EDGE_LOOP('',(#3343));
#751=EDGE_LOOP('',(#3344));
#752=EDGE_LOOP('',(#3345));
#753=EDGE_LOOP('',(#3346));
#754=EDGE_LOOP('',(#3347));
#755=EDGE_LOOP('',(#3348,#3349,#3350,#3351));
#756=EDGE_LOOP('',(#3352,#3353,#3354,#3355));
#757=EDGE_LOOP('',(#3356,#3357,#3358,#3359));
#758=EDGE_LOOP('',(#3360,#3361,#3362,#3363));
#759=EDGE_LOOP('',(#3364,#3365,#3366,#3367));
#760=EDGE_LOOP('',(#3368,#3369,#3370,#3371));
#761=EDGE_LOOP('',(#3372,#3373,#3374,#3375));
#762=EDGE_LOOP('',(#3376,#3377,#3378,#3379));
#763=EDGE_LOOP('',(#3380,#3381,#3382,#3383));
#764=EDGE_LOOP('',(#3384,#3385,#3386,#3387));
#765=EDGE_LOOP('',(#3388,#3389,#3390,#3391));
#766=EDGE_LOOP('',(#3392,#3393,#3394,#3395));
#767=EDGE_LOOP('',(#3396,#3397,#3398,#3399));
#768=EDGE_LOOP('',(#3400,#3401,#3402,#3403));
#769=EDGE_LOOP('',(#3404,#3405,#3406,#3407));
#770=EDGE_LOOP('',(#3408,#3409,#3410,#3411));
#771=EDGE_LOOP('',(#3412,#3413,#3414,#3415,#3416,#3417,#3418,#3419));
#772=EDGE_LOOP('',(#3420));
#773=EDGE_LOOP('',(#3421));
#774=EDGE_LOOP('',(#3422));
#775=EDGE_LOOP('',(#3423));
#776=EDGE_LOOP('',(#3424));
#777=EDGE_LOOP('',(#3425));
#778=EDGE_LOOP('',(#3426));
#779=EDGE_LOOP('',(#3427));
#780=EDGE_LOOP('',(#3428));
#781=EDGE_LOOP('',(#3429));
#782=EDGE_LOOP('',(#3430));
#783=EDGE_LOOP('',(#3431));
#784=EDGE_LOOP('',(#3432));
#785=EDGE_LOOP('',(#3433));
#786=EDGE_LOOP('',(#3434,#3435,#3436,#3437));
#787=EDGE_LOOP('',(#3438,#3439,#3440,#3441));
#788=EDGE_LOOP('',(#3442,#3443,#3444,#3445));
#789=EDGE_LOOP('',(#3446,#3447,#3448,#3449));
#790=EDGE_LOOP('',(#3450,#3451,#3452,#3453));
#791=EDGE_LOOP('',(#3454,#3455,#3456,#3457));
#792=EDGE_LOOP('',(#3458,#3459,#3460,#3461));
#793=EDGE_LOOP('',(#3462,#3463,#3464,#3465));
#794=EDGE_LOOP('',(#3466,#3467,#3468,#3469));
#795=EDGE_LOOP('',(#3470,#3471,#3472,#3473));
#796=EDGE_LOOP('',(#3474,#3475,#3476,#3477,#3478,#3479,#3480,#3481,#3482,
#3483));
#797=EDGE_LOOP('',(#3484,#3485,#3486,#3487));
#798=EDGE_LOOP('',(#3488,#3489,#3490,#3491));
#799=EDGE_LOOP('',(#3492,#3493,#3494,#3495));
#800=EDGE_LOOP('',(#3496,#3497,#3498,#3499));
#801=EDGE_LOOP('',(#3500,#3501,#3502,#3503));
#802=EDGE_LOOP('',(#3504,#3505,#3506,#3507));
#803=EDGE_LOOP('',(#3508,#3509,#3510,#3511));
#804=EDGE_LOOP('',(#3512,#3513,#3514,#3515));
#805=EDGE_LOOP('',(#3516,#3517,#3518,#3519));
#806=EDGE_LOOP('',(#3520,#3521,#3522,#3523));
#807=EDGE_LOOP('',(#3524,#3525,#3526,#3527));
#808=EDGE_LOOP('',(#3528,#3529,#3530,#3531));
#809=EDGE_LOOP('',(#3532,#3533,#3534,#3535,#3536,#3537,#3538,#3539,#3540,
#3541,#3542,#3543));
#810=EDGE_LOOP('',(#3544,#3545,#3546,#3547));
#811=EDGE_LOOP('',(#3548,#3549,#3550,#3551));
#812=EDGE_LOOP('',(#3552,#3553,#3554,#3555));
#813=EDGE_LOOP('',(#3556,#3557,#3558,#3559));
#814=EDGE_LOOP('',(#3560,#3561,#3562,#3563));
#815=EDGE_LOOP('',(#3564,#3565,#3566,#3567));
#816=EDGE_LOOP('',(#3568,#3569,#3570,#3571));
#817=EDGE_LOOP('',(#3572,#3573,#3574,#3575));
#818=EDGE_LOOP('',(#3576,#3577,#3578,#3579));
#819=EDGE_LOOP('',(#3580,#3581,#3582,#3583));
#820=EDGE_LOOP('',(#3584,#3585,#3586,#3587));
#821=EDGE_LOOP('',(#3588,#3589,#3590,#3591));
#822=EDGE_LOOP('',(#3592,#3593,#3594,#3595,#3596,#3597,#3598,#3599,#3600,
#3601,#3602,#3603));
#823=EDGE_LOOP('',(#3604,#3605,#3606,#3607));
#824=EDGE_LOOP('',(#3608,#3609,#3610,#3611));
#825=EDGE_LOOP('',(#3612,#3613,#3614,#3615));
#826=EDGE_LOOP('',(#3616,#3617,#3618,#3619));
#827=EDGE_LOOP('',(#3620,#3621,#3622,#3623));
#828=EDGE_LOOP('',(#3624,#3625,#3626,#3627));
#829=EDGE_LOOP('',(#3628,#3629,#3630,#3631));
#830=EDGE_LOOP('',(#3632,#3633,#3634,#3635));
#831=EDGE_LOOP('',(#3636,#3637,#3638,#3639));
#832=EDGE_LOOP('',(#3640,#3641,#3642,#3643));
#833=EDGE_LOOP('',(#3644,#3645,#3646,#3647));
#834=EDGE_LOOP('',(#3648,#3649,#3650,#3651,#3652,#3653,#3654,#3655));
#835=EDGE_LOOP('',(#3656,#3657,#3658));
#836=EDGE_LOOP('',(#3659,#3660,#3661,#3662));
#837=EDGE_LOOP('',(#3663,#3664,#3665,#3666,#3667,#3668,#3669,#3670,#3671,
#3672,#3673,#3674));
#838=EDGE_LOOP('',(#3675,#3676,#3677,#3678,#3679,#3680,#3681,#3682,#3683,
#3684,#3685,#3686));
#839=EDGE_LOOP('',(#3687,#3688,#3689,#3690,#3691,#3692,#3693,#3694));
#840=EDGE_LOOP('',(#3695,#3696,#3697,#3698,#3699,#3700,#3701,#3702));
#841=EDGE_LOOP('',(#3703,#3704,#3705,#3706));
#842=EDGE_LOOP('',(#3707,#3708,#3709,#3710));
#843=EDGE_LOOP('',(#3711,#3712,#3713,#3714));
#844=EDGE_LOOP('',(#3715,#3716,#3717,#3718));
#845=EDGE_LOOP('',(#3719,#3720,#3721,#3722));
#846=EDGE_LOOP('',(#3723,#3724,#3725,#3726));
#847=EDGE_LOOP('',(#3727,#3728,#3729,#3730));
#848=EDGE_LOOP('',(#3731,#3732,#3733,#3734));
#849=EDGE_LOOP('',(#3735,#3736,#3737,#3738));
#850=EDGE_LOOP('',(#3739,#3740,#3741,#3742));
#851=EDGE_LOOP('',(#3743,#3744,#3745,#3746));
#852=EDGE_LOOP('',(#3747,#3748,#3749,#3750));
#853=EDGE_LOOP('',(#3751,#3752,#3753,#3754));
#854=EDGE_LOOP('',(#3755,#3756,#3757,#3758));
#855=EDGE_LOOP('',(#3759,#3760,#3761,#3762));
#856=EDGE_LOOP('',(#3763,#3764,#3765));
#857=EDGE_LOOP('',(#3766,#3767,#3768,#3769));
#858=EDGE_LOOP('',(#3770,#3771,#3772,#3773));
#859=EDGE_LOOP('',(#3774,#3775,#3776,#3777));
#860=EDGE_LOOP('',(#3778,#3779,#3780,#3781));
#861=EDGE_LOOP('',(#3782,#3783,#3784,#3785));
#862=EDGE_LOOP('',(#3786,#3787,#3788,#3789));
#863=EDGE_LOOP('',(#3790,#3791,#3792,#3793));
#864=EDGE_LOOP('',(#3794,#3795,#3796,#3797));
#865=EDGE_LOOP('',(#3798,#3799,#3800,#3801));
#866=EDGE_LOOP('',(#3802,#3803,#3804,#3805,#3806,#3807,#3808,#3809));
#867=EDGE_LOOP('',(#3810,#3811,#3812,#3813));
#868=EDGE_LOOP('',(#3814,#3815,#3816,#3817));
#869=EDGE_LOOP('',(#3818,#3819,#3820,#3821));
#870=EDGE_LOOP('',(#3822,#3823,#3824,#3825));
#871=EDGE_LOOP('',(#3826,#3827,#3828,#3829));
#872=EDGE_LOOP('',(#3830,#3831,#3832,#3833));
#873=EDGE_LOOP('',(#3834,#3835,#3836,#3837));
#874=EDGE_LOOP('',(#3838,#3839,#3840,#3841));
#875=EDGE_LOOP('',(#3842,#3843,#3844,#3845));
#876=EDGE_LOOP('',(#3846,#3847,#3848,#3849));
#877=EDGE_LOOP('',(#3850,#3851,#3852,#3853));
#878=EDGE_LOOP('',(#3854,#3855,#3856,#3857));
#879=EDGE_LOOP('',(#3858,#3859,#3860,#3861,#3862,#3863,#3864,#3865,#3866,
#3867,#3868,#3869));
#880=EDGE_LOOP('',(#3870,#3871,#3872,#3873));
#881=EDGE_LOOP('',(#3874,#3875,#3876,#3877));
#882=EDGE_LOOP('',(#3878,#3879,#3880,#3881));
#883=EDGE_LOOP('',(#3882,#3883,#3884,#3885));
#884=EDGE_LOOP('',(#3886,#3887,#3888,#3889));
#885=EDGE_LOOP('',(#3890,#3891,#3892,#3893));
#886=EDGE_LOOP('',(#3894,#3895,#3896,#3897));
#887=EDGE_LOOP('',(#3898,#3899,#3900,#3901));
#888=EDGE_LOOP('',(#3902,#3903,#3904,#3905));
#889=EDGE_LOOP('',(#3906,#3907,#3908,#3909));
#890=EDGE_LOOP('',(#3910,#3911,#3912,#3913));
#891=EDGE_LOOP('',(#3914,#3915,#3916,#3917,#3918,#3919));
#892=EDGE_LOOP('',(#3920,#3921,#3922,#3923));
#893=EDGE_LOOP('',(#3924,#3925,#3926,#3927,#3928,#3929,#3930,#3931,#3932,
#3933));
#894=EDGE_LOOP('',(#3934,#3935,#3936,#3937,#3938,#3939,#3940,#3941,#3942,
#3943,#3944,#3945));
#895=EDGE_LOOP('',(#3946,#3947,#3948,#3949));
#896=EDGE_LOOP('',(#3950,#3951,#3952,#3953,#3954,#3955));
#897=EDGE_LOOP('',(#3956,#3957,#3958,#3959));
#898=EDGE_LOOP('',(#3960,#3961,#3962,#3963));
#899=EDGE_LOOP('',(#3964,#3965,#3966,#3967));
#900=EDGE_LOOP('',(#3968,#3969,#3970,#3971));
#901=EDGE_LOOP('',(#3972,#3973,#3974,#3975));
#902=EDGE_LOOP('',(#3976,#3977,#3978,#3979));
#903=EDGE_LOOP('',(#3980,#3981,#3982,#3983));
#904=EDGE_LOOP('',(#3984,#3985,#3986,#3987));
#905=EDGE_LOOP('',(#3988,#3989,#3990,#3991));
#906=EDGE_LOOP('',(#3992,#3993,#3994,#3995));
#907=EDGE_LOOP('',(#3996,#3997,#3998,#3999));
#908=EDGE_LOOP('',(#4000,#4001,#4002,#4003));
#909=EDGE_LOOP('',(#4004,#4005,#4006,#4007));
#910=EDGE_LOOP('',(#4008,#4009,#4010,#4011));
#911=EDGE_LOOP('',(#4012,#4013,#4014,#4015));
#912=EDGE_LOOP('',(#4016,#4017,#4018,#4019));
#913=EDGE_LOOP('',(#4020,#4021,#4022,#4023));
#914=EDGE_LOOP('',(#4024,#4025,#4026,#4027));
#915=EDGE_LOOP('',(#4028,#4029,#4030,#4031));
#916=EDGE_LOOP('',(#4032,#4033,#4034,#4035));
#917=EDGE_LOOP('',(#4036,#4037,#4038,#4039));
#918=EDGE_LOOP('',(#4040,#4041,#4042,#4043));
#919=EDGE_LOOP('',(#4044,#4045,#4046,#4047));
#920=EDGE_LOOP('',(#4048,#4049,#4050,#4051));
#921=EDGE_LOOP('',(#4052,#4053,#4054,#4055,#4056,#4057,#4058,#4059,#4060,
#4061,#4062,#4063,#4064,#4065,#4066,#4067,#4068,#4069,#4070,#4071,#4072,
#4073,#4074,#4075));
#922=EDGE_LOOP('',(#4076,#4077,#4078,#4079));
#923=EDGE_LOOP('',(#4080,#4081,#4082,#4083));
#924=EDGE_LOOP('',(#4084,#4085,#4086,#4087));
#925=EDGE_LOOP('',(#4088,#4089,#4090,#4091));
#926=EDGE_LOOP('',(#4092,#4093,#4094,#4095));
#927=EDGE_LOOP('',(#4096,#4097,#4098,#4099));
#928=EDGE_LOOP('',(#4100,#4101,#4102,#4103));
#929=EDGE_LOOP('',(#4104,#4105,#4106,#4107));
#930=EDGE_LOOP('',(#4108,#4109,#4110,#4111));
#931=EDGE_LOOP('',(#4112,#4113,#4114,#4115));
#932=EDGE_LOOP('',(#4116,#4117,#4118,#4119,#4120,#4121,#4122,#4123,#4124,
#4125));
#933=EDGE_LOOP('',(#4126,#4127,#4128,#4129));
#934=EDGE_LOOP('',(#4130,#4131,#4132,#4133));
#935=EDGE_LOOP('',(#4134,#4135,#4136,#4137));
#936=EDGE_LOOP('',(#4138,#4139,#4140,#4141));
#937=EDGE_LOOP('',(#4142,#4143,#4144,#4145));
#938=EDGE_LOOP('',(#4146,#4147,#4148,#4149));
#939=EDGE_LOOP('',(#4150,#4151,#4152,#4153));
#940=EDGE_LOOP('',(#4154,#4155,#4156,#4157));
#941=EDGE_LOOP('',(#4158,#4159,#4160,#4161));
#942=EDGE_LOOP('',(#4162,#4163,#4164,#4165));
#943=EDGE_LOOP('',(#4166,#4167,#4168,#4169));
#944=EDGE_LOOP('',(#4170,#4171,#4172,#4173));
#945=EDGE_LOOP('',(#4174,#4175,#4176,#4177));
#946=EDGE_LOOP('',(#4178,#4179,#4180,#4181));
#947=EDGE_LOOP('',(#4182,#4183,#4184,#4185));
#948=EDGE_LOOP('',(#4186,#4187,#4188,#4189));
#949=EDGE_LOOP('',(#4190,#4191,#4192,#4193));
#950=EDGE_LOOP('',(#4194,#4195,#4196,#4197));
#951=EDGE_LOOP('',(#4198,#4199,#4200,#4201,#4202,#4203,#4204,#4205,#4206,
#4207));
#952=EDGE_LOOP('',(#4208,#4209,#4210,#4211,#4212,#4213,#4214,#4215));
#953=EDGE_LOOP('',(#4216,#4217,#4218,#4219));
#954=EDGE_LOOP('',(#4220,#4221,#4222,#4223,#4224,#4225,#4226,#4227,#4228,
#4229,#4230,#4231,#4232,#4233,#4234,#4235,#4236,#4237,#4238,#4239,#4240,
#4241,#4242,#4243));
#955=EDGE_LOOP('',(#4244,#4245,#4246,#4247,#4248,#4249,#4250,#4251,#4252,
#4253));
#956=EDGE_LOOP('',(#4254,#4255,#4256,#4257,#4258,#4259,#4260,#4261,#4262,
#4263,#4264,#4265,#4266,#4267,#4268,#4269,#4270,#4271));
#957=EDGE_LOOP('',(#4272,#4273,#4274,#4275,#4276,#4277,#4278,#4279,#4280,
#4281,#4282,#4283));
#958=EDGE_LOOP('',(#4284,#4285,#4286,#4287));
#959=EDGE_LOOP('',(#4288,#4289,#4290,#4291,#4292,#4293,#4294,#4295,#4296,
#4297,#4298,#4299,#4300,#4301,#4302,#4303,#4304,#4305));
#960=EDGE_LOOP('',(#4306,#4307,#4308,#4309,#4310,#4311,#4312,#4313,#4314,
#4315));
#961=EDGE_LOOP('',(#4316,#4317,#4318,#4319));
#962=EDGE_LOOP('',(#4320,#4321,#4322,#4323));
#963=EDGE_LOOP('',(#4324,#4325,#4326,#4327));
#964=EDGE_LOOP('',(#4328,#4329,#4330,#4331));
#965=EDGE_LOOP('',(#4332,#4333,#4334,#4335));
#966=EDGE_LOOP('',(#4336,#4337,#4338,#4339));
#967=EDGE_LOOP('',(#4340,#4341,#4342,#4343));
#968=EDGE_LOOP('',(#4344,#4345,#4346,#4347));
#969=EDGE_LOOP('',(#4348,#4349,#4350,#4351));
#970=EDGE_LOOP('',(#4352,#4353,#4354,#4355));
#971=EDGE_LOOP('',(#4356,#4357,#4358,#4359));
#972=EDGE_LOOP('',(#4360,#4361,#4362,#4363));
#973=EDGE_LOOP('',(#4364,#4365,#4366,#4367));
#974=EDGE_LOOP('',(#4368,#4369,#4370,#4371));
#975=EDGE_LOOP('',(#4372,#4373,#4374,#4375));
#976=EDGE_LOOP('',(#4376,#4377,#4378,#4379));
#977=EDGE_LOOP('',(#4380,#4381,#4382,#4383));
#978=EDGE_LOOP('',(#4384,#4385,#4386,#4387));
#979=EDGE_LOOP('',(#4388,#4389,#4390,#4391,#4392,#4393,#4394,#4395,#4396,
#4397,#4398,#4399,#4400,#4401,#4402,#4403,#4404,#4405));
#980=EDGE_LOOP('',(#4406,#4407,#4408,#4409));
#981=EDGE_LOOP('',(#4410,#4411,#4412,#4413));
#982=EDGE_LOOP('',(#4414,#4415,#4416,#4417));
#983=EDGE_LOOP('',(#4418,#4419,#4420,#4421));
#984=EDGE_LOOP('',(#4422,#4423,#4424,#4425));
#985=EDGE_LOOP('',(#4426,#4427,#4428,#4429));
#986=EDGE_LOOP('',(#4430,#4431,#4432,#4433));
#987=EDGE_LOOP('',(#4434,#4435,#4436,#4437));
#988=EDGE_LOOP('',(#4438,#4439,#4440,#4441));
#989=EDGE_LOOP('',(#4442,#4443,#4444,#4445));
#990=EDGE_LOOP('',(#4446,#4447,#4448,#4449));
#991=EDGE_LOOP('',(#4450,#4451,#4452,#4453));
#992=EDGE_LOOP('',(#4454,#4455,#4456,#4457));
#993=EDGE_LOOP('',(#4458,#4459,#4460,#4461));
#994=EDGE_LOOP('',(#4462,#4463,#4464,#4465));
#995=EDGE_LOOP('',(#4466,#4467,#4468,#4469));
#996=EDGE_LOOP('',(#4470,#4471,#4472,#4473));
#997=EDGE_LOOP('',(#4474,#4475,#4476,#4477));
#998=EDGE_LOOP('',(#4478,#4479,#4480,#4481));
#999=EDGE_LOOP('',(#4482,#4483,#4484,#4485));
#1000=EDGE_LOOP('',(#4486,#4487,#4488,#4489));
#1001=EDGE_LOOP('',(#4490,#4491,#4492,#4493));
#1002=EDGE_LOOP('',(#4494,#4495,#4496,#4497));
#1003=EDGE_LOOP('',(#4498,#4499,#4500,#4501));
#1004=EDGE_LOOP('',(#4502,#4503,#4504,#4505));
#1005=EDGE_LOOP('',(#4506,#4507,#4508,#4509));
#1006=EDGE_LOOP('',(#4510,#4511,#4512,#4513));
#1007=EDGE_LOOP('',(#4514,#4515,#4516,#4517));
#1008=EDGE_LOOP('',(#4518,#4519,#4520,#4521));
#1009=EDGE_LOOP('',(#4522,#4523,#4524,#4525));
#1010=EDGE_LOOP('',(#4526,#4527,#4528,#4529));
#1011=EDGE_LOOP('',(#4530,#4531,#4532,#4533));
#1012=EDGE_LOOP('',(#4534,#4535,#4536,#4537));
#1013=EDGE_LOOP('',(#4538,#4539,#4540,#4541));
#1014=EDGE_LOOP('',(#4542,#4543,#4544,#4545));
#1015=EDGE_LOOP('',(#4546,#4547,#4548,#4549));
#1016=EDGE_LOOP('',(#4550,#4551,#4552,#4553));
#1017=EDGE_LOOP('',(#4554,#4555,#4556,#4557,#4558,#4559,#4560,#4561,#4562,
#4563,#4564,#4565,#4566,#4567,#4568,#4569,#4570,#4571));
#1018=EDGE_LOOP('',(#4572,#4573,#4574,#4575,#4576,#4577,#4578,#4579,#4580));
#1019=EDGE_LOOP('',(#4581,#4582,#4583,#4584,#4585,#4586,#4587,#4588));
#1020=EDGE_LOOP('',(#4589,#4590,#4591,#4592));
#1021=EDGE_LOOP('',(#4593,#4594,#4595,#4596));
#1022=EDGE_LOOP('',(#4597,#4598,#4599,#4600));
#1023=EDGE_LOOP('',(#4601,#4602,#4603,#4604));
#1024=EDGE_LOOP('',(#4605,#4606,#4607,#4608));
#1025=EDGE_LOOP('',(#4609,#4610,#4611,#4612));
#1026=EDGE_LOOP('',(#4613,#4614,#4615,#4616));
#1027=EDGE_LOOP('',(#4617,#4618,#4619,#4620));
#1028=EDGE_LOOP('',(#4621,#4622,#4623,#4624));
#1029=EDGE_LOOP('',(#4625,#4626,#4627,#4628));
#1030=EDGE_LOOP('',(#4629,#4630,#4631,#4632));
#1031=EDGE_LOOP('',(#4633,#4634,#4635,#4636));
#1032=EDGE_LOOP('',(#4637,#4638,#4639,#4640,#4641,#4642,#4643,#4644,#4645,
#4646,#4647,#4648));
#1033=EDGE_LOOP('',(#4649,#4650,#4651,#4652));
#1034=EDGE_LOOP('',(#4653,#4654,#4655,#4656));
#1035=EDGE_LOOP('',(#4657,#4658,#4659,#4660));
#1036=EDGE_LOOP('',(#4661,#4662,#4663,#4664));
#1037=EDGE_LOOP('',(#4665,#4666,#4667,#4668));
#1038=EDGE_LOOP('',(#4669,#4670,#4671,#4672,#4673,#4674,#4675,#4676,#4677));
#1039=EDGE_LOOP('',(#4678,#4679,#4680,#4681));
#1040=LINE('',#6191,#1562);
#1041=LINE('',#6195,#1563);
#1042=LINE('',#6201,#1564);
#1043=LINE('',#6205,#1565);
#1044=LINE('',#6211,#1566);
#1045=LINE('',#6215,#1567);
#1046=LINE('',#6221,#1568);
#1047=LINE('',#6225,#1569);
#1048=LINE('',#6232,#1570);
#1049=LINE('',#6235,#1571);
#1050=LINE('',#6238,#1572);
#1051=LINE('',#6240,#1573);
#1052=LINE('',#6241,#1574);
#1053=LINE('',#6244,#1575);
#1054=LINE('',#6248,#1576);
#1055=LINE('',#6252,#1577);
#1056=LINE('',#6277,#1578);
#1057=LINE('',#6280,#1579);
#1058=LINE('',#6281,#1580);
#1059=LINE('',#6285,#1581);
#1060=LINE('',#6288,#1582);
#1061=LINE('',#6289,#1583);
#1062=LINE('',#6293,#1584);
#1063=LINE('',#6297,#1585);
#1064=LINE('',#6301,#1586);
#1065=LINE('',#6305,#1587);
#1066=LINE('',#6309,#1588);
#1067=LINE('',#6313,#1589);
#1068=LINE('',#6317,#1590);
#1069=LINE('',#6321,#1591);
#1070=LINE('',#6325,#1592);
#1071=LINE('',#6329,#1593);
#1072=LINE('',#6333,#1594);
#1073=LINE('',#6335,#1595);
#1074=LINE('',#6340,#1596);
#1075=LINE('',#6342,#1597);
#1076=LINE('',#6344,#1598);
#1077=LINE('',#6345,#1599);
#1078=LINE('',#6348,#1600);
#1079=LINE('',#6350,#1601);
#1080=LINE('',#6351,#1602);
#1081=LINE('',#6354,#1603);
#1082=LINE('',#6356,#1604);
#1083=LINE('',#6357,#1605);
#1084=LINE('',#6360,#1606);
#1085=LINE('',#6362,#1607);
#1086=LINE('',#6363,#1608);
#1087=LINE('',#6366,#1609);
#1088=LINE('',#6368,#1610);
#1089=LINE('',#6369,#1611);
#1090=LINE('',#6372,#1612);
#1091=LINE('',#6374,#1613);
#1092=LINE('',#6375,#1614);
#1093=LINE('',#6378,#1615);
#1094=LINE('',#6380,#1616);
#1095=LINE('',#6381,#1617);
#1096=LINE('',#6384,#1618);
#1097=LINE('',#6386,#1619);
#1098=LINE('',#6387,#1620);
#1099=LINE('',#6390,#1621);
#1100=LINE('',#6392,#1622);
#1101=LINE('',#6393,#1623);
#1102=LINE('',#6395,#1624);
#1103=LINE('',#6396,#1625);
#1104=LINE('',#6401,#1626);
#1105=LINE('',#6403,#1627);
#1106=LINE('',#6405,#1628);
#1107=LINE('',#6406,#1629);
#1108=LINE('',#6409,#1630);
#1109=LINE('',#6411,#1631);
#1110=LINE('',#6412,#1632);
#1111=LINE('',#6415,#1633);
#1112=LINE('',#6417,#1634);
#1113=LINE('',#6418,#1635);
#1114=LINE('',#6421,#1636);
#1115=LINE('',#6423,#1637);
#1116=LINE('',#6424,#1638);
#1117=LINE('',#6427,#1639);
#1118=LINE('',#6429,#1640);
#1119=LINE('',#6430,#1641);
#1120=LINE('',#6433,#1642);
#1121=LINE('',#6435,#1643);
#1122=LINE('',#6436,#1644);
#1123=LINE('',#6439,#1645);
#1124=LINE('',#6441,#1646);
#1125=LINE('',#6442,#1647);
#1126=LINE('',#6445,#1648);
#1127=LINE('',#6447,#1649);
#1128=LINE('',#6448,#1650);
#1129=LINE('',#6451,#1651);
#1130=LINE('',#6453,#1652);
#1131=LINE('',#6454,#1653);
#1132=LINE('',#6457,#1654);
#1133=LINE('',#6459,#1655);
#1134=LINE('',#6460,#1656);
#1135=LINE('',#6463,#1657);
#1136=LINE('',#6465,#1658);
#1137=LINE('',#6466,#1659);
#1138=LINE('',#6468,#1660);
#1139=LINE('',#6469,#1661);
#1140=LINE('',#6474,#1662);
#1141=LINE('',#6476,#1663);
#1142=LINE('',#6478,#1664);
#1143=LINE('',#6479,#1665);
#1144=LINE('',#6482,#1666);
#1145=LINE('',#6484,#1667);
#1146=LINE('',#6485,#1668);
#1147=LINE('',#6488,#1669);
#1148=LINE('',#6490,#1670);
#1149=LINE('',#6491,#1671);
#1150=LINE('',#6494,#1672);
#1151=LINE('',#6496,#1673);
#1152=LINE('',#6497,#1674);
#1153=LINE('',#6500,#1675);
#1154=LINE('',#6502,#1676);
#1155=LINE('',#6503,#1677);
#1156=LINE('',#6506,#1678);
#1157=LINE('',#6508,#1679);
#1158=LINE('',#6509,#1680);
#1159=LINE('',#6512,#1681);
#1160=LINE('',#6514,#1682);
#1161=LINE('',#6515,#1683);
#1162=LINE('',#6518,#1684);
#1163=LINE('',#6520,#1685);
#1164=LINE('',#6521,#1686);
#1165=LINE('',#6524,#1687);
#1166=LINE('',#6526,#1688);
#1167=LINE('',#6527,#1689);
#1168=LINE('',#6530,#1690);
#1169=LINE('',#6532,#1691);
#1170=LINE('',#6533,#1692);
#1171=LINE('',#6536,#1693);
#1172=LINE('',#6538,#1694);
#1173=LINE('',#6539,#1695);
#1174=LINE('',#6541,#1696);
#1175=LINE('',#6542,#1697);
#1176=LINE('',#6547,#1698);
#1177=LINE('',#6549,#1699);
#1178=LINE('',#6551,#1700);
#1179=LINE('',#6552,#1701);
#1180=LINE('',#6555,#1702);
#1181=LINE('',#6557,#1703);
#1182=LINE('',#6558,#1704);
#1183=LINE('',#6562,#1705);
#1184=LINE('',#6564,#1706);
#1185=LINE('',#6566,#1707);
#1186=LINE('',#6567,#1708);
#1187=LINE('',#6570,#1709);
#1188=LINE('',#6572,#1710);
#1189=LINE('',#6573,#1711);
#1190=LINE('',#6576,#1712);
#1191=LINE('',#6578,#1713);
#1192=LINE('',#6579,#1714);
#1193=LINE('',#6582,#1715);
#1194=LINE('',#6584,#1716);
#1195=LINE('',#6585,#1717);
#1196=LINE('',#6587,#1718);
#1197=LINE('',#6588,#1719);
#1198=LINE('',#6591,#1720);
#1199=LINE('',#6593,#1721);
#1200=LINE('',#6594,#1722);
#1201=LINE('',#6597,#1723);
#1202=LINE('',#6599,#1724);
#1203=LINE('',#6600,#1725);
#1204=LINE('',#6603,#1726);
#1205=LINE('',#6605,#1727);
#1206=LINE('',#6606,#1728);
#1207=LINE('',#6608,#1729);
#1208=LINE('',#6609,#1730);
#1209=LINE('',#6614,#1731);
#1210=LINE('',#6616,#1732);
#1211=LINE('',#6618,#1733);
#1212=LINE('',#6619,#1734);
#1213=LINE('',#6622,#1735);
#1214=LINE('',#6624,#1736);
#1215=LINE('',#6626,#1737);
#1216=LINE('',#6628,#1738);
#1217=LINE('',#6630,#1739);
#1218=LINE('',#6632,#1740);
#1219=LINE('',#6634,#1741);
#1220=LINE('',#6636,#1742);
#1221=LINE('',#6638,#1743);
#1222=LINE('',#6640,#1744);
#1223=LINE('',#6642,#1745);
#1224=LINE('',#6643,#1746);
#1225=LINE('',#6646,#1747);
#1226=LINE('',#6648,#1748);
#1227=LINE('',#6650,#1749);
#1228=LINE('',#6652,#1750);
#1229=LINE('',#6654,#1751);
#1230=LINE('',#6656,#1752);
#1231=LINE('',#6658,#1753);
#1232=LINE('',#6659,#1754);
#1233=LINE('',#6663,#1755);
#1234=LINE('',#6665,#1756);
#1235=LINE('',#6667,#1757);
#1236=LINE('',#6668,#1758);
#1237=LINE('',#6671,#1759);
#1238=LINE('',#6673,#1760);
#1239=LINE('',#6674,#1761);
#1240=LINE('',#6677,#1762);
#1241=LINE('',#6679,#1763);
#1242=LINE('',#6680,#1764);
#1243=LINE('',#6683,#1765);
#1244=LINE('',#6685,#1766);
#1245=LINE('',#6686,#1767);
#1246=LINE('',#6689,#1768);
#1247=LINE('',#6690,#1769);
#1248=LINE('',#6692,#1770);
#1249=LINE('',#6693,#1771);
#1250=LINE('',#6696,#1772);
#1251=LINE('',#6697,#1773);
#1252=LINE('',#6699,#1774);
#1253=LINE('',#6703,#1775);
#1254=LINE('',#6705,#1776);
#1255=LINE('',#6707,#1777);
#1256=LINE('',#6708,#1778);
#1257=LINE('',#6711,#1779);
#1258=LINE('',#6713,#1780);
#1259=LINE('',#6714,#1781);
#1260=LINE('',#6717,#1782);
#1261=LINE('',#6719,#1783);
#1262=LINE('',#6720,#1784);
#1263=LINE('',#6722,#1785);
#1264=LINE('',#6723,#1786);
#1265=LINE('',#6729,#1787);
#1266=LINE('',#6731,#1788);
#1267=LINE('',#6732,#1789);
#1268=LINE('',#6735,#1790);
#1269=LINE('',#6736,#1791);
#1270=LINE('',#6739,#1792);
#1271=LINE('',#6740,#1793);
#1272=LINE('',#6743,#1794);
#1273=LINE('',#6744,#1795);
#1274=LINE('',#6747,#1796);
#1275=LINE('',#6748,#1797);
#1276=LINE('',#6751,#1798);
#1277=LINE('',#6752,#1799);
#1278=LINE('',#6755,#1800);
#1279=LINE('',#6756,#1801);
#1280=LINE('',#6758,#1802);
#1281=LINE('',#6762,#1803);
#1282=LINE('',#6764,#1804);
#1283=LINE('',#6765,#1805);
#1284=LINE('',#6768,#1806);
#1285=LINE('',#6769,#1807);
#1286=LINE('',#6772,#1808);
#1287=LINE('',#6773,#1809);
#1288=LINE('',#6776,#1810);
#1289=LINE('',#6777,#1811);
#1290=LINE('',#6780,#1812);
#1291=LINE('',#6781,#1813);
#1292=LINE('',#6784,#1814);
#1293=LINE('',#6785,#1815);
#1294=LINE('',#6788,#1816);
#1295=LINE('',#6789,#1817);
#1296=LINE('',#6792,#1818);
#1297=LINE('',#6793,#1819);
#1298=LINE('',#6796,#1820);
#1299=LINE('',#6797,#1821);
#1300=LINE('',#6800,#1822);
#1301=LINE('',#6801,#1823);
#1302=LINE('',#6804,#1824);
#1303=LINE('',#6805,#1825);
#1304=LINE('',#6807,#1826);
#1305=LINE('',#6812,#1827);
#1306=LINE('',#6814,#1828);
#1307=LINE('',#6816,#1829);
#1308=LINE('',#6817,#1830);
#1309=LINE('',#6820,#1831);
#1310=LINE('',#6822,#1832);
#1311=LINE('',#6823,#1833);
#1312=LINE('',#6826,#1834);
#1313=LINE('',#6828,#1835);
#1314=LINE('',#6829,#1836);
#1315=LINE('',#6831,#1837);
#1316=LINE('',#6832,#1838);
#1317=LINE('',#6837,#1839);
#1318=LINE('',#6839,#1840);
#1319=LINE('',#6841,#1841);
#1320=LINE('',#6842,#1842);
#1321=LINE('',#6845,#1843);
#1322=LINE('',#6847,#1844);
#1323=LINE('',#6848,#1845);
#1324=LINE('',#6851,#1846);
#1325=LINE('',#6853,#1847);
#1326=LINE('',#6854,#1848);
#1327=LINE('',#6857,#1849);
#1328=LINE('',#6859,#1850);
#1329=LINE('',#6860,#1851);
#1330=LINE('',#6863,#1852);
#1331=LINE('',#6865,#1853);
#1332=LINE('',#6866,#1854);
#1333=LINE('',#6868,#1855);
#1334=LINE('',#6869,#1856);
#1335=LINE('',#6892,#1857);
#1336=LINE('',#6899,#1858);
#1337=LINE('',#6919,#1859);
#1338=LINE('',#6944,#1860);
#1339=LINE('',#6969,#1861);
#1340=LINE('',#6994,#1862);
#1341=LINE('',#7019,#1863);
#1342=LINE('',#7044,#1864);
#1343=LINE('',#7069,#1865);
#1344=LINE('',#7094,#1866);
#1345=LINE('',#7102,#1867);
#1346=LINE('',#7104,#1868);
#1347=LINE('',#7105,#1869);
#1348=LINE('',#7108,#1870);
#1349=LINE('',#7110,#1871);
#1350=LINE('',#7111,#1872);
#1351=LINE('',#7114,#1873);
#1352=LINE('',#7116,#1874);
#1353=LINE('',#7117,#1875);
#1354=LINE('',#7142,#1876);
#1355=LINE('',#7145,#1877);
#1356=LINE('',#7147,#1878);
#1357=LINE('',#7148,#1879);
#1358=LINE('',#7173,#1880);
#1359=LINE('',#7198,#1881);
#1360=LINE('',#7223,#1882);
#1361=LINE('',#7248,#1883);
#1362=LINE('',#7273,#1884);
#1363=LINE('',#7298,#1885);
#1364=LINE('',#7323,#1886);
#1365=LINE('',#7348,#1887);
#1366=LINE('',#7351,#1888);
#1367=LINE('',#7353,#1889);
#1368=LINE('',#7354,#1890);
#1369=LINE('',#7356,#1891);
#1370=LINE('',#7357,#1892);
#1371=LINE('',#7362,#1893);
#1372=LINE('',#7364,#1894);
#1373=LINE('',#7366,#1895);
#1374=LINE('',#7367,#1896);
#1375=LINE('',#7370,#1897);
#1376=LINE('',#7372,#1898);
#1377=LINE('',#7373,#1899);
#1378=LINE('',#7376,#1900);
#1379=LINE('',#7378,#1901);
#1380=LINE('',#7379,#1902);
#1381=LINE('',#7382,#1903);
#1382=LINE('',#7384,#1904);
#1383=LINE('',#7385,#1905);
#1384=LINE('',#7388,#1906);
#1385=LINE('',#7390,#1907);
#1386=LINE('',#7391,#1908);
#1387=LINE('',#7394,#1909);
#1388=LINE('',#7396,#1910);
#1389=LINE('',#7397,#1911);
#1390=LINE('',#7400,#1912);
#1391=LINE('',#7402,#1913);
#1392=LINE('',#7403,#1914);
#1393=LINE('',#7406,#1915);
#1394=LINE('',#7408,#1916);
#1395=LINE('',#7409,#1917);
#1396=LINE('',#7412,#1918);
#1397=LINE('',#7414,#1919);
#1398=LINE('',#7415,#1920);
#1399=LINE('',#7417,#1921);
#1400=LINE('',#7418,#1922);
#1401=LINE('',#7440,#1923);
#1402=LINE('',#7447,#1924);
#1403=LINE('',#7467,#1925);
#1404=LINE('',#7492,#1926);
#1405=LINE('',#7517,#1927);
#1406=LINE('',#7543,#1928);
#1407=LINE('',#7550,#1929);
#1408=LINE('',#7570,#1930);
#1409=LINE('',#7595,#1931);
#1410=LINE('',#7620,#1932);
#1411=LINE('',#7645,#1933);
#1412=LINE('',#7675,#1934);
#1413=LINE('',#7700,#1935);
#1414=LINE('',#7725,#1936);
#1415=LINE('',#7772,#1937);
#1416=LINE('',#7797,#1938);
#1417=LINE('',#7822,#1939);
#1418=LINE('',#7847,#1940);
#1419=LINE('',#7874,#1941);
#1420=LINE('',#7876,#1942);
#1421=LINE('',#7878,#1943);
#1422=LINE('',#7879,#1944);
#1423=LINE('',#7882,#1945);
#1424=LINE('',#7884,#1946);
#1425=LINE('',#7942,#1947);
#1426=LINE('',#7944,#1948);
#1427=LINE('',#7946,#1949);
#1428=LINE('',#7972,#1950);
#1429=LINE('',#7974,#1951);
#1430=LINE('',#7975,#1952);
#1431=LINE('',#7978,#1953);
#1432=LINE('',#7980,#1954);
#1433=LINE('',#7982,#1955);
#1434=LINE('',#7984,#1956);
#1435=LINE('',#7986,#1957);
#1436=LINE('',#7988,#1958);
#1437=LINE('',#7990,#1959);
#1438=LINE('',#7992,#1960);
#1439=LINE('',#7994,#1961);
#1440=LINE('',#7996,#1962);
#1441=LINE('',#7998,#1963);
#1442=LINE('',#7999,#1964);
#1443=LINE('',#8002,#1965);
#1444=LINE('',#8004,#1966);
#1445=LINE('',#8006,#1967);
#1446=LINE('',#8007,#1968);
#1447=LINE('',#8010,#1969);
#1448=LINE('',#8076,#1970);
#1449=LINE('',#8149,#1971);
#1450=LINE('',#8156,#1972);
#1451=LINE('',#8168,#1973);
#1452=LINE('',#8185,#1974);
#1453=LINE('',#8202,#1975);
#1454=LINE('',#8219,#1976);
#1455=LINE('',#8236,#1977);
#1456=LINE('',#8253,#1978);
#1457=LINE('',#8270,#1979);
#1458=LINE('',#8278,#1980);
#1459=LINE('',#8279,#1981);
#1460=LINE('',#8282,#1982);
#1461=LINE('',#8283,#1983);
#1462=LINE('',#8300,#1984);
#1463=LINE('',#8317,#1985);
#1464=LINE('',#8334,#1986);
#1465=LINE('',#8351,#1987);
#1466=LINE('',#8368,#1988);
#1467=LINE('',#8385,#1989);
#1468=LINE('',#8402,#1990);
#1469=LINE('',#8421,#1991);
#1470=LINE('',#8423,#1992);
#1471=LINE('',#8424,#1993);
#1472=LINE('',#8427,#1994);
#1473=LINE('',#8428,#1995);
#1474=LINE('',#8431,#1996);
#1475=LINE('',#8432,#1997);
#1476=LINE('',#8434,#1998);
#1477=LINE('',#8438,#1999);
#1478=LINE('',#8440,#2000);
#1479=LINE('',#8442,#2001);
#1480=LINE('',#8443,#2002);
#1481=LINE('',#8446,#2003);
#1482=LINE('',#8448,#2004);
#1483=LINE('',#8449,#2005);
#1484=LINE('',#8452,#2006);
#1485=LINE('',#8454,#2007);
#1486=LINE('',#8455,#2008);
#1487=LINE('',#8457,#2009);
#1488=LINE('',#8458,#2010);
#1489=LINE('',#8480,#2011);
#1490=LINE('',#8487,#2012);
#1491=LINE('',#8507,#2013);
#1492=LINE('',#8532,#2014);
#1493=LINE('',#8557,#2015);
#1494=LINE('',#8565,#2016);
#1495=LINE('',#8567,#2017);
#1496=LINE('',#8568,#2018);
#1497=LINE('',#8580,#2019);
#1498=LINE('',#8587,#2020);
#1499=LINE('',#8599,#2021);
#1500=LINE('',#8616,#2022);
#1501=LINE('',#8633,#2023);
#1502=LINE('',#8650,#2024);
#1503=LINE('',#8667,#2025);
#1504=LINE('',#8684,#2026);
#1505=LINE('',#8692,#2027);
#1506=LINE('',#8693,#2028);
#1507=LINE('',#8696,#2029);
#1508=LINE('',#8697,#2030);
#1509=LINE('',#8722,#2031);
#1510=LINE('',#8747,#2032);
#1511=LINE('',#8750,#2033);
#1512=LINE('',#8752,#2034);
#1513=LINE('',#8753,#2035);
#1514=LINE('',#8755,#2036);
#1515=LINE('',#8756,#2037);
#1516=LINE('',#8759,#2038);
#1517=LINE('',#8760,#2039);
#1518=LINE('',#8763,#2040);
#1519=LINE('',#8764,#2041);
#1520=LINE('',#8767,#2042);
#1521=LINE('',#8768,#2043);
#1522=LINE('',#8785,#2044);
#1523=LINE('',#8802,#2045);
#1524=LINE('',#8819,#2046);
#1525=LINE('',#8822,#2047);
#1526=LINE('',#8823,#2048);
#1527=LINE('',#8826,#2049);
#1528=LINE('',#8827,#2050);
#1529=LINE('',#8829,#2051);
#1530=LINE('',#8834,#2052);
#1531=LINE('',#8836,#2053);
#1532=LINE('',#8837,#2054);
#1533=LINE('',#8840,#2055);
#1534=LINE('',#8841,#2056);
#1535=LINE('',#8844,#2057);
#1536=LINE('',#8845,#2058);
#1537=LINE('',#8848,#2059);
#1538=LINE('',#8849,#2060);
#1539=LINE('',#8852,#2061);
#1540=LINE('',#8853,#2062);
#1541=LINE('',#8856,#2063);
#1542=LINE('',#8857,#2064);
#1543=LINE('',#8860,#2065);
#1544=LINE('',#8861,#2066);
#1545=LINE('',#8864,#2067);
#1546=LINE('',#8865,#2068);
#1547=LINE('',#8868,#2069);
#1548=LINE('',#8869,#2070);
#1549=LINE('',#8872,#2071);
#1550=LINE('',#8873,#2072);
#1551=LINE('',#8876,#2073);
#1552=LINE('',#8877,#2074);
#1553=LINE('',#8879,#2075);
#1554=LINE('',#8883,#2076);
#1555=LINE('',#8885,#2077);
#1556=LINE('',#8886,#2078);
#1557=LINE('',#8889,#2079);
#1558=LINE('',#8890,#2080);
#1559=LINE('',#8893,#2081);
#1560=LINE('',#8894,#2082);
#1561=LINE('',#8896,#2083);
#1562=VECTOR('',#5202,2.425);
#1563=VECTOR('',#5207,1.7);
#1564=VECTOR('',#5214,2.425);
#1565=VECTOR('',#5219,1.7);
#1566=VECTOR('',#5226,2.425);
#1567=VECTOR('',#5231,1.7);
#1568=VECTOR('',#5238,2.425);
#1569=VECTOR('',#5243,1.7);
#1570=VECTOR('',#5250,10.);
#1571=VECTOR('',#5253,10.);
#1572=VECTOR('',#5256,10.);
#1573=VECTOR('',#5257,10.);
#1574=VECTOR('',#5258,10.);
#1575=VECTOR('',#5261,10.);
#1576=VECTOR('',#5264,10.);
#1577=VECTOR('',#5267,10.);
#1578=VECTOR('',#5294,10.);
#1579=VECTOR('',#5297,10.);
#1580=VECTOR('',#5298,10.);
#1581=VECTOR('',#5303,10.);
#1582=VECTOR('',#5306,10.);
#1583=VECTOR('',#5307,10.);
#1584=VECTOR('',#5312,10.);
#1585=VECTOR('',#5317,1.5);
#1586=VECTOR('',#5322,32.);
#1587=VECTOR('',#5327,1.5);
#1588=VECTOR('',#5332,1.5);
#1589=VECTOR('',#5337,1.5);
#1590=VECTOR('',#5342,32.);
#1591=VECTOR('',#5347,1.5);
#1592=VECTOR('',#5352,1.5);
#1593=VECTOR('',#5357,1.5);
#1594=VECTOR('',#5362,1.5);
#1595=VECTOR('',#5365,10.);
#1596=VECTOR('',#5370,10.);
#1597=VECTOR('',#5371,10.);
#1598=VECTOR('',#5372,10.);
#1599=VECTOR('',#5373,10.);
#1600=VECTOR('',#5376,10.);
#1601=VECTOR('',#5377,10.);
#1602=VECTOR('',#5378,10.);
#1603=VECTOR('',#5381,10.);
#1604=VECTOR('',#5382,10.);
#1605=VECTOR('',#5383,10.);
#1606=VECTOR('',#5386,10.);
#1607=VECTOR('',#5387,10.);
#1608=VECTOR('',#5388,10.);
#1609=VECTOR('',#5391,10.);
#1610=VECTOR('',#5392,10.);
#1611=VECTOR('',#5393,10.);
#1612=VECTOR('',#5396,10.);
#1613=VECTOR('',#5397,10.);
#1614=VECTOR('',#5398,10.);
#1615=VECTOR('',#5401,10.);
#1616=VECTOR('',#5402,10.);
#1617=VECTOR('',#5403,10.);
#1618=VECTOR('',#5406,10.);
#1619=VECTOR('',#5407,10.);
#1620=VECTOR('',#5408,10.);
#1621=VECTOR('',#5411,10.);
#1622=VECTOR('',#5412,10.);
#1623=VECTOR('',#5413,10.);
#1624=VECTOR('',#5416,10.);
#1625=VECTOR('',#5417,10.);
#1626=VECTOR('',#5422,10.);
#1627=VECTOR('',#5423,10.);
#1628=VECTOR('',#5424,10.);
#1629=VECTOR('',#5425,10.);
#1630=VECTOR('',#5428,10.);
#1631=VECTOR('',#5429,10.);
#1632=VECTOR('',#5430,10.);
#1633=VECTOR('',#5433,10.);
#1634=VECTOR('',#5434,10.);
#1635=VECTOR('',#5435,10.);
#1636=VECTOR('',#5438,10.);
#1637=VECTOR('',#5439,10.);
#1638=VECTOR('',#5440,10.);
#1639=VECTOR('',#5443,10.);
#1640=VECTOR('',#5444,10.);
#1641=VECTOR('',#5445,10.);
#1642=VECTOR('',#5448,10.);
#1643=VECTOR('',#5449,10.);
#1644=VECTOR('',#5450,10.);
#1645=VECTOR('',#5453,10.);
#1646=VECTOR('',#5454,10.);
#1647=VECTOR('',#5455,10.);
#1648=VECTOR('',#5458,10.);
#1649=VECTOR('',#5459,10.);
#1650=VECTOR('',#5460,10.);
#1651=VECTOR('',#5463,10.);
#1652=VECTOR('',#5464,10.);
#1653=VECTOR('',#5465,10.);
#1654=VECTOR('',#5468,10.);
#1655=VECTOR('',#5469,10.);
#1656=VECTOR('',#5470,10.);
#1657=VECTOR('',#5473,10.);
#1658=VECTOR('',#5474,10.);
#1659=VECTOR('',#5475,10.);
#1660=VECTOR('',#5478,10.);
#1661=VECTOR('',#5479,10.);
#1662=VECTOR('',#5484,10.);
#1663=VECTOR('',#5485,10.);
#1664=VECTOR('',#5486,10.);
#1665=VECTOR('',#5487,10.);
#1666=VECTOR('',#5490,10.);
#1667=VECTOR('',#5491,10.);
#1668=VECTOR('',#5492,10.);
#1669=VECTOR('',#5495,10.);
#1670=VECTOR('',#5496,10.);
#1671=VECTOR('',#5497,10.);
#1672=VECTOR('',#5500,10.);
#1673=VECTOR('',#5501,10.);
#1674=VECTOR('',#5502,10.);
#1675=VECTOR('',#5505,10.);
#1676=VECTOR('',#5506,10.);
#1677=VECTOR('',#5507,10.);
#1678=VECTOR('',#5510,10.);
#1679=VECTOR('',#5511,10.);
#1680=VECTOR('',#5512,10.);
#1681=VECTOR('',#5515,10.);
#1682=VECTOR('',#5516,10.);
#1683=VECTOR('',#5517,10.);
#1684=VECTOR('',#5520,10.);
#1685=VECTOR('',#5521,10.);
#1686=VECTOR('',#5522,10.);
#1687=VECTOR('',#5525,10.);
#1688=VECTOR('',#5526,10.);
#1689=VECTOR('',#5527,10.);
#1690=VECTOR('',#5530,10.);
#1691=VECTOR('',#5531,10.);
#1692=VECTOR('',#5532,10.);
#1693=VECTOR('',#5535,10.);
#1694=VECTOR('',#5536,10.);
#1695=VECTOR('',#5537,10.);
#1696=VECTOR('',#5540,10.);
#1697=VECTOR('',#5541,10.);
#1698=VECTOR('',#5546,10.);
#1699=VECTOR('',#5547,10.);
#1700=VECTOR('',#5548,10.);
#1701=VECTOR('',#5549,10.);
#1702=VECTOR('',#5552,10.);
#1703=VECTOR('',#5553,10.);
#1704=VECTOR('',#5554,10.);
#1705=VECTOR('',#5557,10.);
#1706=VECTOR('',#5558,10.);
#1707=VECTOR('',#5559,10.);
#1708=VECTOR('',#5560,10.);
#1709=VECTOR('',#5563,10.);
#1710=VECTOR('',#5564,10.);
#1711=VECTOR('',#5565,10.);
#1712=VECTOR('',#5568,10.);
#1713=VECTOR('',#5569,10.);
#1714=VECTOR('',#5570,10.);
#1715=VECTOR('',#5573,10.);
#1716=VECTOR('',#5574,10.);
#1717=VECTOR('',#5575,10.);
#1718=VECTOR('',#5578,10.);
#1719=VECTOR('',#5579,10.);
#1720=VECTOR('',#5582,10.);
#1721=VECTOR('',#5583,10.);
#1722=VECTOR('',#5584,10.);
#1723=VECTOR('',#5587,10.);
#1724=VECTOR('',#5588,10.);
#1725=VECTOR('',#5589,10.);
#1726=VECTOR('',#5592,10.);
#1727=VECTOR('',#5593,10.);
#1728=VECTOR('',#5594,10.);
#1729=VECTOR('',#5597,10.);
#1730=VECTOR('',#5598,10.);
#1731=VECTOR('',#5603,10.);
#1732=VECTOR('',#5604,10.);
#1733=VECTOR('',#5605,10.);
#1734=VECTOR('',#5606,10.);
#1735=VECTOR('',#5607,10.);
#1736=VECTOR('',#5608,10.);
#1737=VECTOR('',#5609,10.);
#1738=VECTOR('',#5610,10.);
#1739=VECTOR('',#5611,10.);
#1740=VECTOR('',#5612,10.);
#1741=VECTOR('',#5613,10.);
#1742=VECTOR('',#5614,10.);
#1743=VECTOR('',#5615,10.);
#1744=VECTOR('',#5616,10.);
#1745=VECTOR('',#5617,10.);
#1746=VECTOR('',#5618,10.);
#1747=VECTOR('',#5619,10.);
#1748=VECTOR('',#5620,10.);
#1749=VECTOR('',#5621,10.);
#1750=VECTOR('',#5622,10.);
#1751=VECTOR('',#5623,10.);
#1752=VECTOR('',#5624,10.);
#1753=VECTOR('',#5625,10.);
#1754=VECTOR('',#5626,10.);
#1755=VECTOR('',#5629,10.);
#1756=VECTOR('',#5630,10.);
#1757=VECTOR('',#5631,10.);
#1758=VECTOR('',#5632,10.);
#1759=VECTOR('',#5635,10.);
#1760=VECTOR('',#5636,10.);
#1761=VECTOR('',#5637,10.);
#1762=VECTOR('',#5640,10.);
#1763=VECTOR('',#5641,10.);
#1764=VECTOR('',#5642,10.);
#1765=VECTOR('',#5645,10.);
#1766=VECTOR('',#5646,10.);
#1767=VECTOR('',#5647,10.);
#1768=VECTOR('',#5650,10.);
#1769=VECTOR('',#5651,10.);
#1770=VECTOR('',#5654,10.);
#1771=VECTOR('',#5655,10.);
#1772=VECTOR('',#5658,10.);
#1773=VECTOR('',#5659,10.);
#1774=VECTOR('',#5662,10.);
#1775=VECTOR('',#5665,10.);
#1776=VECTOR('',#5666,10.);
#1777=VECTOR('',#5667,10.);
#1778=VECTOR('',#5668,10.);
#1779=VECTOR('',#5671,10.);
#1780=VECTOR('',#5672,10.);
#1781=VECTOR('',#5673,10.);
#1782=VECTOR('',#5676,10.);
#1783=VECTOR('',#5677,10.);
#1784=VECTOR('',#5678,10.);
#1785=VECTOR('',#5681,10.);
#1786=VECTOR('',#5682,10.);
#1787=VECTOR('',#5691,10.);
#1788=VECTOR('',#5692,10.);
#1789=VECTOR('',#5693,10.);
#1790=VECTOR('',#5696,10.);
#1791=VECTOR('',#5697,10.);
#1792=VECTOR('',#5700,10.);
#1793=VECTOR('',#5701,10.);
#1794=VECTOR('',#5704,10.);
#1795=VECTOR('',#5705,10.);
#1796=VECTOR('',#5708,10.);
#1797=VECTOR('',#5709,10.);
#1798=VECTOR('',#5712,10.);
#1799=VECTOR('',#5713,10.);
#1800=VECTOR('',#5716,10.);
#1801=VECTOR('',#5717,10.);
#1802=VECTOR('',#5720,10.);
#1803=VECTOR('',#5725,10.);
#1804=VECTOR('',#5726,10.);
#1805=VECTOR('',#5727,10.);
#1806=VECTOR('',#5730,10.);
#1807=VECTOR('',#5731,10.);
#1808=VECTOR('',#5734,10.);
#1809=VECTOR('',#5735,10.);
#1810=VECTOR('',#5738,10.);
#1811=VECTOR('',#5739,10.);
#1812=VECTOR('',#5742,10.);
#1813=VECTOR('',#5743,10.);
#1814=VECTOR('',#5746,10.);
#1815=VECTOR('',#5747,10.);
#1816=VECTOR('',#5750,10.);
#1817=VECTOR('',#5751,10.);
#1818=VECTOR('',#5754,10.);
#1819=VECTOR('',#5755,10.);
#1820=VECTOR('',#5758,10.);
#1821=VECTOR('',#5759,10.);
#1822=VECTOR('',#5762,10.);
#1823=VECTOR('',#5763,10.);
#1824=VECTOR('',#5766,10.);
#1825=VECTOR('',#5767,10.);
#1826=VECTOR('',#5770,10.);
#1827=VECTOR('',#5775,10.);
#1828=VECTOR('',#5776,10.);
#1829=VECTOR('',#5777,10.);
#1830=VECTOR('',#5778,10.);
#1831=VECTOR('',#5781,10.);
#1832=VECTOR('',#5782,10.);
#1833=VECTOR('',#5783,10.);
#1834=VECTOR('',#5786,10.);
#1835=VECTOR('',#5787,10.);
#1836=VECTOR('',#5788,10.);
#1837=VECTOR('',#5791,10.);
#1838=VECTOR('',#5792,10.);
#1839=VECTOR('',#5797,10.);
#1840=VECTOR('',#5798,10.);
#1841=VECTOR('',#5799,10.);
#1842=VECTOR('',#5800,10.);
#1843=VECTOR('',#5803,10.);
#1844=VECTOR('',#5804,10.);
#1845=VECTOR('',#5805,10.);
#1846=VECTOR('',#5808,10.);
#1847=VECTOR('',#5809,10.);
#1848=VECTOR('',#5810,10.);
#1849=VECTOR('',#5813,10.);
#1850=VECTOR('',#5814,10.);
#1851=VECTOR('',#5815,10.);
#1852=VECTOR('',#5818,10.);
#1853=VECTOR('',#5819,10.);
#1854=VECTOR('',#5820,10.);
#1855=VECTOR('',#5823,10.);
#1856=VECTOR('',#5824,10.);
#1857=VECTOR('',#5829,10.);
#1858=VECTOR('',#5830,10.);
#1859=VECTOR('',#5831,10.);
#1860=VECTOR('',#5832,10.);
#1861=VECTOR('',#5833,10.);
#1862=VECTOR('',#5834,10.);
#1863=VECTOR('',#5835,10.);
#1864=VECTOR('',#5836,10.);
#1865=VECTOR('',#5837,10.);
#1866=VECTOR('',#5838,10.);
#1867=VECTOR('',#5841,10.);
#1868=VECTOR('',#5842,10.);
#1869=VECTOR('',#5843,10.);
#1870=VECTOR('',#5846,10.);
#1871=VECTOR('',#5847,10.);
#1872=VECTOR('',#5848,10.);
#1873=VECTOR('',#5851,10.);
#1874=VECTOR('',#5852,10.);
#1875=VECTOR('',#5853,10.);
#1876=VECTOR('',#5854,10.);
#1877=VECTOR('',#5857,10.);
#1878=VECTOR('',#5858,10.);
#1879=VECTOR('',#5859,10.);
#1880=VECTOR('',#5860,10.);
#1881=VECTOR('',#5861,10.);
#1882=VECTOR('',#5862,10.);
#1883=VECTOR('',#5863,10.);
#1884=VECTOR('',#5864,10.);
#1885=VECTOR('',#5865,10.);
#1886=VECTOR('',#5866,10.);
#1887=VECTOR('',#5867,10.);
#1888=VECTOR('',#5870,10.);
#1889=VECTOR('',#5871,10.);
#1890=VECTOR('',#5872,10.);
#1891=VECTOR('',#5875,10.);
#1892=VECTOR('',#5876,10.);
#1893=VECTOR('',#5881,10.);
#1894=VECTOR('',#5882,10.);
#1895=VECTOR('',#5883,10.);
#1896=VECTOR('',#5884,10.);
#1897=VECTOR('',#5887,10.);
#1898=VECTOR('',#5888,10.);
#1899=VECTOR('',#5889,10.);
#1900=VECTOR('',#5892,10.);
#1901=VECTOR('',#5893,10.);
#1902=VECTOR('',#5894,10.);
#1903=VECTOR('',#5897,10.);
#1904=VECTOR('',#5898,10.);
#1905=VECTOR('',#5899,10.);
#1906=VECTOR('',#5902,10.);
#1907=VECTOR('',#5903,10.);
#1908=VECTOR('',#5904,10.);
#1909=VECTOR('',#5907,10.);
#1910=VECTOR('',#5908,10.);
#1911=VECTOR('',#5909,10.);
#1912=VECTOR('',#5912,10.);
#1913=VECTOR('',#5913,10.);
#1914=VECTOR('',#5914,10.);
#1915=VECTOR('',#5917,10.);
#1916=VECTOR('',#5918,10.);
#1917=VECTOR('',#5919,10.);
#1918=VECTOR('',#5922,10.);
#1919=VECTOR('',#5923,10.);
#1920=VECTOR('',#5924,10.);
#1921=VECTOR('',#5927,10.);
#1922=VECTOR('',#5928,10.);
#1923=VECTOR('',#5931,10.);
#1924=VECTOR('',#5932,10.);
#1925=VECTOR('',#5933,10.);
#1926=VECTOR('',#5934,10.);
#1927=VECTOR('',#5935,10.);
#1928=VECTOR('',#5936,10.);
#1929=VECTOR('',#5937,10.);
#1930=VECTOR('',#5938,10.);
#1931=VECTOR('',#5939,10.);
#1932=VECTOR('',#5940,10.);
#1933=VECTOR('',#5941,10.);
#1934=VECTOR('',#5942,10.);
#1935=VECTOR('',#5943,10.);
#1936=VECTOR('',#5944,10.);
#1937=VECTOR('',#5945,10.);
#1938=VECTOR('',#5946,10.);
#1939=VECTOR('',#5947,10.);
#1940=VECTOR('',#5948,10.);
#1941=VECTOR('',#5953,10.);
#1942=VECTOR('',#5954,10.);
#1943=VECTOR('',#5955,10.);
#1944=VECTOR('',#5956,10.);
#1945=VECTOR('',#5957,10.);
#1946=VECTOR('',#5958,10.);
#1947=VECTOR('',#5959,10.);
#1948=VECTOR('',#5960,10.);
#1949=VECTOR('',#5961,10.);
#1950=VECTOR('',#5962,10.);
#1951=VECTOR('',#5963,10.);
#1952=VECTOR('',#5964,10.);
#1953=VECTOR('',#5965,10.);
#1954=VECTOR('',#5966,10.);
#1955=VECTOR('',#5967,10.);
#1956=VECTOR('',#5968,10.);
#1957=VECTOR('',#5969,10.);
#1958=VECTOR('',#5970,10.);
#1959=VECTOR('',#5971,10.);
#1960=VECTOR('',#5972,10.);
#1961=VECTOR('',#5973,10.);
#1962=VECTOR('',#5974,10.);
#1963=VECTOR('',#5975,10.);
#1964=VECTOR('',#5976,10.);
#1965=VECTOR('',#5977,10.);
#1966=VECTOR('',#5978,10.);
#1967=VECTOR('',#5979,10.);
#1968=VECTOR('',#5980,10.);
#1969=VECTOR('',#5981,10.);
#1970=VECTOR('',#5982,10.);
#1971=VECTOR('',#5983,10.);
#1972=VECTOR('',#5984,10.);
#1973=VECTOR('',#5985,10.);
#1974=VECTOR('',#5986,10.);
#1975=VECTOR('',#5987,10.);
#1976=VECTOR('',#5988,10.);
#1977=VECTOR('',#5989,10.);
#1978=VECTOR('',#5990,10.);
#1979=VECTOR('',#5991,10.);
#1980=VECTOR('',#5994,10.);
#1981=VECTOR('',#5995,10.);
#1982=VECTOR('',#5998,10.);
#1983=VECTOR('',#5999,10.);
#1984=VECTOR('',#6000,10.);
#1985=VECTOR('',#6001,10.);
#1986=VECTOR('',#6002,10.);
#1987=VECTOR('',#6003,10.);
#1988=VECTOR('',#6004,10.);
#1989=VECTOR('',#6005,10.);
#1990=VECTOR('',#6006,10.);
#1991=VECTOR('',#6011,10.);
#1992=VECTOR('',#6012,10.);
#1993=VECTOR('',#6013,10.);
#1994=VECTOR('',#6016,10.);
#1995=VECTOR('',#6017,10.);
#1996=VECTOR('',#6020,10.);
#1997=VECTOR('',#6021,10.);
#1998=VECTOR('',#6024,10.);
#1999=VECTOR('',#6027,10.);
#2000=VECTOR('',#6028,10.);
#2001=VECTOR('',#6029,10.);
#2002=VECTOR('',#6030,10.);
#2003=VECTOR('',#6033,10.);
#2004=VECTOR('',#6034,10.);
#2005=VECTOR('',#6035,10.);
#2006=VECTOR('',#6038,10.);
#2007=VECTOR('',#6039,10.);
#2008=VECTOR('',#6040,10.);
#2009=VECTOR('',#6043,10.);
#2010=VECTOR('',#6044,10.);
#2011=VECTOR('',#6047,10.);
#2012=VECTOR('',#6048,10.);
#2013=VECTOR('',#6049,10.);
#2014=VECTOR('',#6050,10.);
#2015=VECTOR('',#6051,10.);
#2016=VECTOR('',#6054,10.);
#2017=VECTOR('',#6055,10.);
#2018=VECTOR('',#6056,10.);
#2019=VECTOR('',#6057,10.);
#2020=VECTOR('',#6058,10.);
#2021=VECTOR('',#6059,10.);
#2022=VECTOR('',#6060,10.);
#2023=VECTOR('',#6061,10.);
#2024=VECTOR('',#6062,10.);
#2025=VECTOR('',#6063,10.);
#2026=VECTOR('',#6064,10.);
#2027=VECTOR('',#6067,10.);
#2028=VECTOR('',#6068,10.);
#2029=VECTOR('',#6071,10.);
#2030=VECTOR('',#6072,10.);
#2031=VECTOR('',#6073,10.);
#2032=VECTOR('',#6074,10.);
#2033=VECTOR('',#6077,10.);
#2034=VECTOR('',#6078,10.);
#2035=VECTOR('',#6079,10.);
#2036=VECTOR('',#6082,10.);
#2037=VECTOR('',#6083,10.);
#2038=VECTOR('',#6086,10.);
#2039=VECTOR('',#6087,10.);
#2040=VECTOR('',#6090,10.);
#2041=VECTOR('',#6091,10.);
#2042=VECTOR('',#6094,10.);
#2043=VECTOR('',#6095,10.);
#2044=VECTOR('',#6096,10.);
#2045=VECTOR('',#6097,10.);
#2046=VECTOR('',#6098,10.);
#2047=VECTOR('',#6101,10.);
#2048=VECTOR('',#6102,10.);
#2049=VECTOR('',#6105,10.);
#2050=VECTOR('',#6106,10.);
#2051=VECTOR('',#6109,10.);
#2052=VECTOR('',#6116,10.);
#2053=VECTOR('',#6117,10.);
#2054=VECTOR('',#6118,10.);
#2055=VECTOR('',#6121,10.);
#2056=VECTOR('',#6122,10.);
#2057=VECTOR('',#6125,10.);
#2058=VECTOR('',#6126,10.);
#2059=VECTOR('',#6129,10.);
#2060=VECTOR('',#6130,10.);
#2061=VECTOR('',#6133,10.);
#2062=VECTOR('',#6134,10.);
#2063=VECTOR('',#6137,10.);
#2064=VECTOR('',#6138,10.);
#2065=VECTOR('',#6141,10.);
#2066=VECTOR('',#6142,10.);
#2067=VECTOR('',#6145,10.);
#2068=VECTOR('',#6146,10.);
#2069=VECTOR('',#6149,10.);
#2070=VECTOR('',#6150,10.);
#2071=VECTOR('',#6153,10.);
#2072=VECTOR('',#6154,10.);
#2073=VECTOR('',#6157,10.);
#2074=VECTOR('',#6158,10.);
#2075=VECTOR('',#6161,10.);
#2076=VECTOR('',#6166,10.);
#2077=VECTOR('',#6167,10.);
#2078=VECTOR('',#6168,10.);
#2079=VECTOR('',#6171,10.);
#2080=VECTOR('',#6172,10.);
#2081=VECTOR('',#6175,10.);
#2082=VECTOR('',#6176,10.);
#2083=VECTOR('',#6179,10.);
#2084=CIRCLE('',#4964,3.15);
#2085=CIRCLE('',#4965,1.7);
#2086=CIRCLE('',#4967,1.7);
#2087=CIRCLE('',#4969,3.15);
#2088=CIRCLE('',#4970,1.7);
#2089=CIRCLE('',#4972,1.7);
#2090=CIRCLE('',#4974,3.15);
#2091=CIRCLE('',#4975,1.7);
#2092=CIRCLE('',#4977,1.7);
#2093=CIRCLE('',#4979,3.15);
#2094=CIRCLE('',#4980,1.7);
#2095=CIRCLE('',#4982,1.7);
#2096=CIRCLE('',#4984,4.);
#2097=CIRCLE('',#4985,4.);
#2098=CIRCLE('',#4988,4.);
#2099=CIRCLE('',#4989,4.);
#2100=CIRCLE('',#4990,4.);
#2101=CIRCLE('',#4991,1.5);
#2102=CIRCLE('',#4992,1.5);
#2103=CIRCLE('',#4993,1.5);
#2104=CIRCLE('',#4994,1.5);
#2105=CIRCLE('',#4995,32.);
#2106=CIRCLE('',#4996,1.5);
#2107=CIRCLE('',#4997,1.5);
#2108=CIRCLE('',#4998,1.5);
#2109=CIRCLE('',#4999,32.);
#2110=CIRCLE('',#5000,1.5);
#2111=CIRCLE('',#5002,4.);
#2112=CIRCLE('',#5005,4.);
#2113=CIRCLE('',#5008,4.);
#2114=CIRCLE('',#5010,1.5);
#2115=CIRCLE('',#5012,32.);
#2116=CIRCLE('',#5014,1.5);
#2117=CIRCLE('',#5016,1.5);
#2118=CIRCLE('',#5018,1.5);
#2119=CIRCLE('',#5020,32.);
#2120=CIRCLE('',#5022,1.5);
#2121=CIRCLE('',#5024,1.5);
#2122=CIRCLE('',#5026,1.5);
#2123=CIRCLE('',#5028,1.5);
#2124=VERTEX_POINT('',#6188);
#2125=VERTEX_POINT('',#6190);
#2126=VERTEX_POINT('',#6194);
#2127=VERTEX_POINT('',#6198);
#2128=VERTEX_POINT('',#6200);
#2129=VERTEX_POINT('',#6204);
#2130=VERTEX_POINT('',#6208);
#2131=VERTEX_POINT('',#6210);
#2132=VERTEX_POINT('',#6214);
#2133=VERTEX_POINT('',#6218);
#2134=VERTEX_POINT('',#6220);
#2135=VERTEX_POINT('',#6224);
#2136=VERTEX_POINT('',#6228);
#2137=VERTEX_POINT('',#6229);
#2138=VERTEX_POINT('',#6231);
#2139=VERTEX_POINT('',#6233);
#2140=VERTEX_POINT('',#6237);
#2141=VERTEX_POINT('',#6239);
#2142=VERTEX_POINT('',#6243);
#2143=VERTEX_POINT('',#6245);
#2144=VERTEX_POINT('',#6247);
#2145=VERTEX_POINT('',#6249);
#2146=VERTEX_POINT('',#6251);
#2147=VERTEX_POINT('',#6254);
#2148=VERTEX_POINT('',#6256);
#2149=VERTEX_POINT('',#6258);
#2150=VERTEX_POINT('',#6260);
#2151=VERTEX_POINT('',#6262);
#2152=VERTEX_POINT('',#6264);
#2153=VERTEX_POINT('',#6266);
#2154=VERTEX_POINT('',#6268);
#2155=VERTEX_POINT('',#6270);
#2156=VERTEX_POINT('',#6272);
#2157=VERTEX_POINT('',#6275);
#2158=VERTEX_POINT('',#6279);
#2159=VERTEX_POINT('',#6283);
#2160=VERTEX_POINT('',#6287);
#2161=VERTEX_POINT('',#6291);
#2162=VERTEX_POINT('',#6295);
#2163=VERTEX_POINT('',#6299);
#2164=VERTEX_POINT('',#6303);
#2165=VERTEX_POINT('',#6307);
#2166=VERTEX_POINT('',#6311);
#2167=VERTEX_POINT('',#6315);
#2168=VERTEX_POINT('',#6319);
#2169=VERTEX_POINT('',#6323);
#2170=VERTEX_POINT('',#6327);
#2171=VERTEX_POINT('',#6331);
#2172=VERTEX_POINT('',#6338);
#2173=VERTEX_POINT('',#6339);
#2174=VERTEX_POINT('',#6341);
#2175=VERTEX_POINT('',#6343);
#2176=VERTEX_POINT('',#6347);
#2177=VERTEX_POINT('',#6349);
#2178=VERTEX_POINT('',#6353);
#2179=VERTEX_POINT('',#6355);
#2180=VERTEX_POINT('',#6359);
#2181=VERTEX_POINT('',#6361);
#2182=VERTEX_POINT('',#6365);
#2183=VERTEX_POINT('',#6367);
#2184=VERTEX_POINT('',#6371);
#2185=VERTEX_POINT('',#6373);
#2186=VERTEX_POINT('',#6377);
#2187=VERTEX_POINT('',#6379);
#2188=VERTEX_POINT('',#6383);
#2189=VERTEX_POINT('',#6385);
#2190=VERTEX_POINT('',#6389);
#2191=VERTEX_POINT('',#6391);
#2192=VERTEX_POINT('',#6399);
#2193=VERTEX_POINT('',#6400);
#2194=VERTEX_POINT('',#6402);
#2195=VERTEX_POINT('',#6404);
#2196=VERTEX_POINT('',#6408);
#2197=VERTEX_POINT('',#6410);
#2198=VERTEX_POINT('',#6414);
#2199=VERTEX_POINT('',#6416);
#2200=VERTEX_POINT('',#6420);
#2201=VERTEX_POINT('',#6422);
#2202=VERTEX_POINT('',#6426);
#2203=VERTEX_POINT('',#6428);
#2204=VERTEX_POINT('',#6432);
#2205=VERTEX_POINT('',#6434);
#2206=VERTEX_POINT('',#6438);
#2207=VERTEX_POINT('',#6440);
#2208=VERTEX_POINT('',#6444);
#2209=VERTEX_POINT('',#6446);
#2210=VERTEX_POINT('',#6450);
#2211=VERTEX_POINT('',#6452);
#2212=VERTEX_POINT('',#6456);
#2213=VERTEX_POINT('',#6458);
#2214=VERTEX_POINT('',#6462);
#2215=VERTEX_POINT('',#6464);
#2216=VERTEX_POINT('',#6472);
#2217=VERTEX_POINT('',#6473);
#2218=VERTEX_POINT('',#6475);
#2219=VERTEX_POINT('',#6477);
#2220=VERTEX_POINT('',#6481);
#2221=VERTEX_POINT('',#6483);
#2222=VERTEX_POINT('',#6487);
#2223=VERTEX_POINT('',#6489);
#2224=VERTEX_POINT('',#6493);
#2225=VERTEX_POINT('',#6495);
#2226=VERTEX_POINT('',#6499);
#2227=VERTEX_POINT('',#6501);
#2228=VERTEX_POINT('',#6505);
#2229=VERTEX_POINT('',#6507);
#2230=VERTEX_POINT('',#6511);
#2231=VERTEX_POINT('',#6513);
#2232=VERTEX_POINT('',#6517);
#2233=VERTEX_POINT('',#6519);
#2234=VERTEX_POINT('',#6523);
#2235=VERTEX_POINT('',#6525);
#2236=VERTEX_POINT('',#6529);
#2237=VERTEX_POINT('',#6531);
#2238=VERTEX_POINT('',#6535);
#2239=VERTEX_POINT('',#6537);
#2240=VERTEX_POINT('',#6545);
#2241=VERTEX_POINT('',#6546);
#2242=VERTEX_POINT('',#6548);
#2243=VERTEX_POINT('',#6550);
#2244=VERTEX_POINT('',#6554);
#2245=VERTEX_POINT('',#6556);
#2246=VERTEX_POINT('',#6560);
#2247=VERTEX_POINT('',#6561);
#2248=VERTEX_POINT('',#6563);
#2249=VERTEX_POINT('',#6565);
#2250=VERTEX_POINT('',#6569);
#2251=VERTEX_POINT('',#6571);
#2252=VERTEX_POINT('',#6575);
#2253=VERTEX_POINT('',#6577);
#2254=VERTEX_POINT('',#6581);
#2255=VERTEX_POINT('',#6583);
#2256=VERTEX_POINT('',#6590);
#2257=VERTEX_POINT('',#6592);
#2258=VERTEX_POINT('',#6596);
#2259=VERTEX_POINT('',#6598);
#2260=VERTEX_POINT('',#6602);
#2261=VERTEX_POINT('',#6604);
#2262=VERTEX_POINT('',#6612);
#2263=VERTEX_POINT('',#6613);
#2264=VERTEX_POINT('',#6615);
#2265=VERTEX_POINT('',#6617);
#2266=VERTEX_POINT('',#6620);
#2267=VERTEX_POINT('',#6621);
#2268=VERTEX_POINT('',#6623);
#2269=VERTEX_POINT('',#6625);
#2270=VERTEX_POINT('',#6627);
#2271=VERTEX_POINT('',#6629);
#2272=VERTEX_POINT('',#6631);
#2273=VERTEX_POINT('',#6633);
#2274=VERTEX_POINT('',#6635);
#2275=VERTEX_POINT('',#6637);
#2276=VERTEX_POINT('',#6639);
#2277=VERTEX_POINT('',#6641);
#2278=VERTEX_POINT('',#6644);
#2279=VERTEX_POINT('',#6645);
#2280=VERTEX_POINT('',#6647);
#2281=VERTEX_POINT('',#6649);
#2282=VERTEX_POINT('',#6651);
#2283=VERTEX_POINT('',#6653);
#2284=VERTEX_POINT('',#6655);
#2285=VERTEX_POINT('',#6657);
#2286=VERTEX_POINT('',#6661);
#2287=VERTEX_POINT('',#6662);
#2288=VERTEX_POINT('',#6664);
#2289=VERTEX_POINT('',#6666);
#2290=VERTEX_POINT('',#6670);
#2291=VERTEX_POINT('',#6672);
#2292=VERTEX_POINT('',#6676);
#2293=VERTEX_POINT('',#6678);
#2294=VERTEX_POINT('',#6682);
#2295=VERTEX_POINT('',#6684);
#2296=VERTEX_POINT('',#6688);
#2297=VERTEX_POINT('',#6695);
#2298=VERTEX_POINT('',#6701);
#2299=VERTEX_POINT('',#6702);
#2300=VERTEX_POINT('',#6704);
#2301=VERTEX_POINT('',#6706);
#2302=VERTEX_POINT('',#6710);
#2303=VERTEX_POINT('',#6712);
#2304=VERTEX_POINT('',#6716);
#2305=VERTEX_POINT('',#6718);
#2306=VERTEX_POINT('',#6728);
#2307=VERTEX_POINT('',#6730);
#2308=VERTEX_POINT('',#6734);
#2309=VERTEX_POINT('',#6738);
#2310=VERTEX_POINT('',#6742);
#2311=VERTEX_POINT('',#6746);
#2312=VERTEX_POINT('',#6750);
#2313=VERTEX_POINT('',#6754);
#2314=VERTEX_POINT('',#6761);
#2315=VERTEX_POINT('',#6763);
#2316=VERTEX_POINT('',#6767);
#2317=VERTEX_POINT('',#6771);
#2318=VERTEX_POINT('',#6775);
#2319=VERTEX_POINT('',#6779);
#2320=VERTEX_POINT('',#6783);
#2321=VERTEX_POINT('',#6787);
#2322=VERTEX_POINT('',#6791);
#2323=VERTEX_POINT('',#6795);
#2324=VERTEX_POINT('',#6799);
#2325=VERTEX_POINT('',#6803);
#2326=VERTEX_POINT('',#6810);
#2327=VERTEX_POINT('',#6811);
#2328=VERTEX_POINT('',#6813);
#2329=VERTEX_POINT('',#6815);
#2330=VERTEX_POINT('',#6819);
#2331=VERTEX_POINT('',#6821);
#2332=VERTEX_POINT('',#6825);
#2333=VERTEX_POINT('',#6827);
#2334=VERTEX_POINT('',#6835);
#2335=VERTEX_POINT('',#6836);
#2336=VERTEX_POINT('',#6838);
#2337=VERTEX_POINT('',#6840);
#2338=VERTEX_POINT('',#6844);
#2339=VERTEX_POINT('',#6846);
#2340=VERTEX_POINT('',#6850);
#2341=VERTEX_POINT('',#6852);
#2342=VERTEX_POINT('',#6856);
#2343=VERTEX_POINT('',#6858);
#2344=VERTEX_POINT('',#6862);
#2345=VERTEX_POINT('',#6864);
#2346=VERTEX_POINT('',#6882);
#2347=VERTEX_POINT('',#6883);
#2348=VERTEX_POINT('',#6891);
#2349=VERTEX_POINT('',#6893);
#2350=VERTEX_POINT('',#6910);
#2351=VERTEX_POINT('',#6918);
#2352=VERTEX_POINT('',#6935);
#2353=VERTEX_POINT('',#6943);
#2354=VERTEX_POINT('',#6960);
#2355=VERTEX_POINT('',#6968);
#2356=VERTEX_POINT('',#6985);
#2357=VERTEX_POINT('',#6993);
#2358=VERTEX_POINT('',#7010);
#2359=VERTEX_POINT('',#7018);
#2360=VERTEX_POINT('',#7035);
#2361=VERTEX_POINT('',#7043);
#2362=VERTEX_POINT('',#7060);
#2363=VERTEX_POINT('',#7068);
#2364=VERTEX_POINT('',#7085);
#2365=VERTEX_POINT('',#7093);
#2366=VERTEX_POINT('',#7101);
#2367=VERTEX_POINT('',#7103);
#2368=VERTEX_POINT('',#7107);
#2369=VERTEX_POINT('',#7109);
#2370=VERTEX_POINT('',#7113);
#2371=VERTEX_POINT('',#7115);
#2372=VERTEX_POINT('',#7128);
#2373=VERTEX_POINT('',#7136);
#2374=VERTEX_POINT('',#7144);
#2375=VERTEX_POINT('',#7146);
#2376=VERTEX_POINT('',#7159);
#2377=VERTEX_POINT('',#7167);
#2378=VERTEX_POINT('',#7184);
#2379=VERTEX_POINT('',#7192);
#2380=VERTEX_POINT('',#7209);
#2381=VERTEX_POINT('',#7217);
#2382=VERTEX_POINT('',#7234);
#2383=VERTEX_POINT('',#7242);
#2384=VERTEX_POINT('',#7259);
#2385=VERTEX_POINT('',#7267);
#2386=VERTEX_POINT('',#7284);
#2387=VERTEX_POINT('',#7292);
#2388=VERTEX_POINT('',#7309);
#2389=VERTEX_POINT('',#7317);
#2390=VERTEX_POINT('',#7334);
#2391=VERTEX_POINT('',#7342);
#2392=VERTEX_POINT('',#7350);
#2393=VERTEX_POINT('',#7352);
#2394=VERTEX_POINT('',#7360);
#2395=VERTEX_POINT('',#7361);
#2396=VERTEX_POINT('',#7363);
#2397=VERTEX_POINT('',#7365);
#2398=VERTEX_POINT('',#7369);
#2399=VERTEX_POINT('',#7371);
#2400=VERTEX_POINT('',#7375);
#2401=VERTEX_POINT('',#7377);
#2402=VERTEX_POINT('',#7381);
#2403=VERTEX_POINT('',#7383);
#2404=VERTEX_POINT('',#7387);
#2405=VERTEX_POINT('',#7389);
#2406=VERTEX_POINT('',#7393);
#2407=VERTEX_POINT('',#7395);
#2408=VERTEX_POINT('',#7399);
#2409=VERTEX_POINT('',#7401);
#2410=VERTEX_POINT('',#7405);
#2411=VERTEX_POINT('',#7407);
#2412=VERTEX_POINT('',#7411);
#2413=VERTEX_POINT('',#7413);
#2414=VERTEX_POINT('',#7430);
#2415=VERTEX_POINT('',#7431);
#2416=VERTEX_POINT('',#7439);
#2417=VERTEX_POINT('',#7441);
#2418=VERTEX_POINT('',#7458);
#2419=VERTEX_POINT('',#7466);
#2420=VERTEX_POINT('',#7483);
#2421=VERTEX_POINT('',#7491);
#2422=VERTEX_POINT('',#7508);
#2423=VERTEX_POINT('',#7516);
#2424=VERTEX_POINT('',#7533);
#2425=VERTEX_POINT('',#7534);
#2426=VERTEX_POINT('',#7542);
#2427=VERTEX_POINT('',#7544);
#2428=VERTEX_POINT('',#7561);
#2429=VERTEX_POINT('',#7569);
#2430=VERTEX_POINT('',#7586);
#2431=VERTEX_POINT('',#7594);
#2432=VERTEX_POINT('',#7611);
#2433=VERTEX_POINT('',#7619);
#2434=VERTEX_POINT('',#7636);
#2435=VERTEX_POINT('',#7644);
#2436=VERTEX_POINT('',#7661);
#2437=VERTEX_POINT('',#7669);
#2438=VERTEX_POINT('',#7686);
#2439=VERTEX_POINT('',#7694);
#2440=VERTEX_POINT('',#7711);
#2441=VERTEX_POINT('',#7719);
#2442=VERTEX_POINT('',#7758);
#2443=VERTEX_POINT('',#7766);
#2444=VERTEX_POINT('',#7783);
#2445=VERTEX_POINT('',#7791);
#2446=VERTEX_POINT('',#7808);
#2447=VERTEX_POINT('',#7816);
#2448=VERTEX_POINT('',#7833);
#2449=VERTEX_POINT('',#7841);
#2450=VERTEX_POINT('',#7872);
#2451=VERTEX_POINT('',#7873);
#2452=VERTEX_POINT('',#7875);
#2453=VERTEX_POINT('',#7877);
#2454=VERTEX_POINT('',#7880);
#2455=VERTEX_POINT('',#7881);
#2456=VERTEX_POINT('',#7883);
#2457=VERTEX_POINT('',#7885);
#2458=VERTEX_POINT('',#7893);
#2459=VERTEX_POINT('',#7901);
#2460=VERTEX_POINT('',#7909);
#2461=VERTEX_POINT('',#7917);
#2462=VERTEX_POINT('',#7925);
#2463=VERTEX_POINT('',#7933);
#2464=VERTEX_POINT('',#7941);
#2465=VERTEX_POINT('',#7943);
#2466=VERTEX_POINT('',#7945);
#2467=VERTEX_POINT('',#7947);
#2468=VERTEX_POINT('',#7955);
#2469=VERTEX_POINT('',#7963);
#2470=VERTEX_POINT('',#7971);
#2471=VERTEX_POINT('',#7973);
#2472=VERTEX_POINT('',#7976);
#2473=VERTEX_POINT('',#7977);
#2474=VERTEX_POINT('',#7979);
#2475=VERTEX_POINT('',#7981);
#2476=VERTEX_POINT('',#7983);
#2477=VERTEX_POINT('',#7985);
#2478=VERTEX_POINT('',#7987);
#2479=VERTEX_POINT('',#7989);
#2480=VERTEX_POINT('',#7991);
#2481=VERTEX_POINT('',#7993);
#2482=VERTEX_POINT('',#7995);
#2483=VERTEX_POINT('',#7997);
#2484=VERTEX_POINT('',#8000);
#2485=VERTEX_POINT('',#8001);
#2486=VERTEX_POINT('',#8003);
#2487=VERTEX_POINT('',#8005);
#2488=VERTEX_POINT('',#8008);
#2489=VERTEX_POINT('',#8009);
#2490=VERTEX_POINT('',#8011);
#2491=VERTEX_POINT('',#8019);
#2492=VERTEX_POINT('',#8027);
#2493=VERTEX_POINT('',#8035);
#2494=VERTEX_POINT('',#8043);
#2495=VERTEX_POINT('',#8051);
#2496=VERTEX_POINT('',#8059);
#2497=VERTEX_POINT('',#8067);
#2498=VERTEX_POINT('',#8075);
#2499=VERTEX_POINT('',#8077);
#2500=VERTEX_POINT('',#8085);
#2501=VERTEX_POINT('',#8093);
#2502=VERTEX_POINT('',#8101);
#2503=VERTEX_POINT('',#8109);
#2504=VERTEX_POINT('',#8117);
#2505=VERTEX_POINT('',#8124);
#2506=VERTEX_POINT('',#8148);
#2507=VERTEX_POINT('',#8150);
#2508=VERTEX_POINT('',#8167);
#2509=VERTEX_POINT('',#8184);
#2510=VERTEX_POINT('',#8201);
#2511=VERTEX_POINT('',#8218);
#2512=VERTEX_POINT('',#8235);
#2513=VERTEX_POINT('',#8252);
#2514=VERTEX_POINT('',#8269);
#2515=VERTEX_POINT('',#8277);
#2516=VERTEX_POINT('',#8281);
#2517=VERTEX_POINT('',#8294);
#2518=VERTEX_POINT('',#8311);
#2519=VERTEX_POINT('',#8328);
#2520=VERTEX_POINT('',#8345);
#2521=VERTEX_POINT('',#8362);
#2522=VERTEX_POINT('',#8379);
#2523=VERTEX_POINT('',#8396);
#2524=VERTEX_POINT('',#8420);
#2525=VERTEX_POINT('',#8422);
#2526=VERTEX_POINT('',#8426);
#2527=VERTEX_POINT('',#8430);
#2528=VERTEX_POINT('',#8436);
#2529=VERTEX_POINT('',#8437);
#2530=VERTEX_POINT('',#8439);
#2531=VERTEX_POINT('',#8441);
#2532=VERTEX_POINT('',#8445);
#2533=VERTEX_POINT('',#8447);
#2534=VERTEX_POINT('',#8451);
#2535=VERTEX_POINT('',#8453);
#2536=VERTEX_POINT('',#8470);
#2537=VERTEX_POINT('',#8471);
#2538=VERTEX_POINT('',#8479);
#2539=VERTEX_POINT('',#8481);
#2540=VERTEX_POINT('',#8498);
#2541=VERTEX_POINT('',#8506);
#2542=VERTEX_POINT('',#8523);
#2543=VERTEX_POINT('',#8531);
#2544=VERTEX_POINT('',#8548);
#2545=VERTEX_POINT('',#8556);
#2546=VERTEX_POINT('',#8564);
#2547=VERTEX_POINT('',#8566);
#2548=VERTEX_POINT('',#8579);
#2549=VERTEX_POINT('',#8581);
#2550=VERTEX_POINT('',#8598);
#2551=VERTEX_POINT('',#8615);
#2552=VERTEX_POINT('',#8632);
#2553=VERTEX_POINT('',#8649);
#2554=VERTEX_POINT('',#8666);
#2555=VERTEX_POINT('',#8683);
#2556=VERTEX_POINT('',#8691);
#2557=VERTEX_POINT('',#8695);
#2558=VERTEX_POINT('',#8708);
#2559=VERTEX_POINT('',#8716);
#2560=VERTEX_POINT('',#8733);
#2561=VERTEX_POINT('',#8741);
#2562=VERTEX_POINT('',#8749);
#2563=VERTEX_POINT('',#8751);
#2564=VERTEX_POINT('',#8758);
#2565=VERTEX_POINT('',#8762);
#2566=VERTEX_POINT('',#8766);
#2567=VERTEX_POINT('',#8779);
#2568=VERTEX_POINT('',#8796);
#2569=VERTEX_POINT('',#8813);
#2570=VERTEX_POINT('',#8821);
#2571=VERTEX_POINT('',#8825);
#2572=VERTEX_POINT('',#8833);
#2573=VERTEX_POINT('',#8835);
#2574=VERTEX_POINT('',#8839);
#2575=VERTEX_POINT('',#8843);
#2576=VERTEX_POINT('',#8847);
#2577=VERTEX_POINT('',#8851);
#2578=VERTEX_POINT('',#8855);
#2579=VERTEX_POINT('',#8859);
#2580=VERTEX_POINT('',#8863);
#2581=VERTEX_POINT('',#8867);
#2582=VERTEX_POINT('',#8871);
#2583=VERTEX_POINT('',#8875);
#2584=VERTEX_POINT('',#8882);
#2585=VERTEX_POINT('',#8884);
#2586=VERTEX_POINT('',#8888);
#2587=VERTEX_POINT('',#8892);
#2588=EDGE_CURVE('',#2124,#2124,#2084,.T.);
#2589=EDGE_CURVE('',#2124,#2125,#1040,.T.);
#2590=EDGE_CURVE('',#2125,#2125,#2085,.T.);
#2591=EDGE_CURVE('',#2125,#2126,#1041,.T.);
#2592=EDGE_CURVE('',#2126,#2126,#2086,.T.);
#2593=EDGE_CURVE('',#2127,#2127,#2087,.T.);
#2594=EDGE_CURVE('',#2127,#2128,#1042,.T.);
#2595=EDGE_CURVE('',#2128,#2128,#2088,.T.);
#2596=EDGE_CURVE('',#2128,#2129,#1043,.T.);
#2597=EDGE_CURVE('',#2129,#2129,#2089,.T.);
#2598=EDGE_CURVE('',#2130,#2130,#2090,.T.);
#2599=EDGE_CURVE('',#2130,#2131,#1044,.T.);
#2600=EDGE_CURVE('',#2131,#2131,#2091,.T.);
#2601=EDGE_CURVE('',#2131,#2132,#1045,.T.);
#2602=EDGE_CURVE('',#2132,#2132,#2092,.T.);
#2603=EDGE_CURVE('',#2133,#2133,#2093,.T.);
#2604=EDGE_CURVE('',#2133,#2134,#1046,.T.);
#2605=EDGE_CURVE('',#2134,#2134,#2094,.T.);
#2606=EDGE_CURVE('',#2134,#2135,#1047,.T.);
#2607=EDGE_CURVE('',#2135,#2135,#2095,.T.);
#2608=EDGE_CURVE('',#2136,#2137,#2096,.T.);
#2609=EDGE_CURVE('',#2137,#2138,#1048,.T.);
#2610=EDGE_CURVE('',#2138,#2139,#2097,.T.);
#2611=EDGE_CURVE('',#2139,#2136,#1049,.T.);
#2612=EDGE_CURVE('',#2139,#2140,#1050,.T.);
#2613=EDGE_CURVE('',#2141,#2140,#1051,.T.);
#2614=EDGE_CURVE('',#2136,#2141,#1052,.T.);
#2615=EDGE_CURVE('',#2142,#2138,#1053,.T.);
#2616=EDGE_CURVE('',#2143,#2142,#2098,.T.);
#2617=EDGE_CURVE('',#2144,#2143,#1054,.T.);
#2618=EDGE_CURVE('',#2145,#2144,#2099,.T.);
#2619=EDGE_CURVE('',#2146,#2145,#1055,.T.);
#2620=EDGE_CURVE('',#2140,#2146,#2100,.T.);
#2621=EDGE_CURVE('',#2147,#2147,#2101,.T.);
#2622=EDGE_CURVE('',#2148,#2148,#2102,.T.);
#2623=EDGE_CURVE('',#2149,#2149,#2103,.T.);
#2624=EDGE_CURVE('',#2150,#2150,#2104,.T.);
#2625=EDGE_CURVE('',#2151,#2151,#2105,.T.);
#2626=EDGE_CURVE('',#2152,#2152,#2106,.T.);
#2627=EDGE_CURVE('',#2153,#2153,#2107,.T.);
#2628=EDGE_CURVE('',#2154,#2154,#2108,.T.);
#2629=EDGE_CURVE('',#2155,#2155,#2109,.T.);
#2630=EDGE_CURVE('',#2156,#2156,#2110,.T.);
#2631=EDGE_CURVE('',#2157,#2141,#2111,.T.);
#2632=EDGE_CURVE('',#2146,#2157,#1056,.T.);
#2633=EDGE_CURVE('',#2158,#2145,#1057,.T.);
#2634=EDGE_CURVE('',#2157,#2158,#1058,.T.);
#2635=EDGE_CURVE('',#2159,#2158,#2112,.T.);
#2636=EDGE_CURVE('',#2144,#2159,#1059,.T.);
#2637=EDGE_CURVE('',#2160,#2143,#1060,.T.);
#2638=EDGE_CURVE('',#2159,#2160,#1061,.T.);
#2639=EDGE_CURVE('',#2161,#2160,#2113,.T.);
#2640=EDGE_CURVE('',#2142,#2161,#1062,.T.);
#2641=EDGE_CURVE('',#2162,#2162,#2114,.T.);
#2642=EDGE_CURVE('',#2162,#2156,#1063,.T.);
#2643=EDGE_CURVE('',#2163,#2163,#2115,.T.);
#2644=EDGE_CURVE('',#2163,#2155,#1064,.T.);
#2645=EDGE_CURVE('',#2164,#2164,#2116,.T.);
#2646=EDGE_CURVE('',#2164,#2154,#1065,.T.);
#2647=EDGE_CURVE('',#2165,#2165,#2117,.T.);
#2648=EDGE_CURVE('',#2165,#2153,#1066,.T.);
#2649=EDGE_CURVE('',#2166,#2166,#2118,.T.);
#2650=EDGE_CURVE('',#2166,#2152,#1067,.T.);
#2651=EDGE_CURVE('',#2167,#2167,#2119,.T.);
#2652=EDGE_CURVE('',#2167,#2151,#1068,.T.);
#2653=EDGE_CURVE('',#2168,#2168,#2120,.T.);
#2654=EDGE_CURVE('',#2168,#2150,#1069,.T.);
#2655=EDGE_CURVE('',#2169,#2169,#2121,.T.);
#2656=EDGE_CURVE('',#2169,#2149,#1070,.T.);
#2657=EDGE_CURVE('',#2170,#2170,#2122,.T.);
#2658=EDGE_CURVE('',#2170,#2148,#1071,.T.);
#2659=EDGE_CURVE('',#2171,#2171,#2123,.T.);
#2660=EDGE_CURVE('',#2171,#2147,#1072,.T.);
#2661=EDGE_CURVE('',#2161,#2137,#1073,.T.);
#2662=EDGE_CURVE('',#2172,#2173,#1074,.T.);
#2663=EDGE_CURVE('',#2172,#2174,#1075,.T.);
#2664=EDGE_CURVE('',#2175,#2174,#1076,.T.);
#2665=EDGE_CURVE('',#2173,#2175,#1077,.T.);
#2666=EDGE_CURVE('',#2176,#2172,#1078,.T.);
#2667=EDGE_CURVE('',#2176,#2177,#1079,.T.);
#2668=EDGE_CURVE('',#2174,#2177,#1080,.T.);
#2669=EDGE_CURVE('',#2178,#2176,#1081,.T.);
#2670=EDGE_CURVE('',#2178,#2179,#1082,.T.);
#2671=EDGE_CURVE('',#2177,#2179,#1083,.T.);
#2672=EDGE_CURVE('',#2180,#2178,#1084,.T.);
#2673=EDGE_CURVE('',#2180,#2181,#1085,.T.);
#2674=EDGE_CURVE('',#2179,#2181,#1086,.T.);
#2675=EDGE_CURVE('',#2182,#2180,#1087,.T.);
#2676=EDGE_CURVE('',#2182,#2183,#1088,.T.);
#2677=EDGE_CURVE('',#2181,#2183,#1089,.T.);
#2678=EDGE_CURVE('',#2173,#2184,#1090,.T.);
#2679=EDGE_CURVE('',#2185,#2175,#1091,.T.);
#2680=EDGE_CURVE('',#2184,#2185,#1092,.T.);
#2681=EDGE_CURVE('',#2184,#2186,#1093,.T.);
#2682=EDGE_CURVE('',#2187,#2185,#1094,.T.);
#2683=EDGE_CURVE('',#2186,#2187,#1095,.T.);
#2684=EDGE_CURVE('',#2186,#2188,#1096,.T.);
#2685=EDGE_CURVE('',#2189,#2187,#1097,.T.);
#2686=EDGE_CURVE('',#2188,#2189,#1098,.T.);
#2687=EDGE_CURVE('',#2188,#2190,#1099,.T.);
#2688=EDGE_CURVE('',#2191,#2189,#1100,.T.);
#2689=EDGE_CURVE('',#2190,#2191,#1101,.T.);
#2690=EDGE_CURVE('',#2190,#2182,#1102,.T.);
#2691=EDGE_CURVE('',#2183,#2191,#1103,.T.);
#2692=EDGE_CURVE('',#2192,#2193,#1104,.T.);
#2693=EDGE_CURVE('',#2192,#2194,#1105,.T.);
#2694=EDGE_CURVE('',#2195,#2194,#1106,.T.);
#2695=EDGE_CURVE('',#2193,#2195,#1107,.T.);
#2696=EDGE_CURVE('',#2196,#2192,#1108,.T.);
#2697=EDGE_CURVE('',#2196,#2197,#1109,.T.);
#2698=EDGE_CURVE('',#2194,#2197,#1110,.T.);
#2699=EDGE_CURVE('',#2198,#2196,#1111,.T.);
#2700=EDGE_CURVE('',#2198,#2199,#1112,.T.);
#2701=EDGE_CURVE('',#2197,#2199,#1113,.T.);
#2702=EDGE_CURVE('',#2200,#2198,#1114,.T.);
#2703=EDGE_CURVE('',#2200,#2201,#1115,.T.);
#2704=EDGE_CURVE('',#2199,#2201,#1116,.T.);
#2705=EDGE_CURVE('',#2202,#2200,#1117,.T.);
#2706=EDGE_CURVE('',#2202,#2203,#1118,.T.);
#2707=EDGE_CURVE('',#2201,#2203,#1119,.T.);
#2708=EDGE_CURVE('',#2204,#2202,#1120,.T.);
#2709=EDGE_CURVE('',#2204,#2205,#1121,.T.);
#2710=EDGE_CURVE('',#2203,#2205,#1122,.T.);
#2711=EDGE_CURVE('',#2193,#2206,#1123,.T.);
#2712=EDGE_CURVE('',#2207,#2195,#1124,.T.);
#2713=EDGE_CURVE('',#2206,#2207,#1125,.T.);
#2714=EDGE_CURVE('',#2206,#2208,#1126,.T.);
#2715=EDGE_CURVE('',#2209,#2207,#1127,.T.);
#2716=EDGE_CURVE('',#2208,#2209,#1128,.T.);
#2717=EDGE_CURVE('',#2208,#2210,#1129,.T.);
#2718=EDGE_CURVE('',#2211,#2209,#1130,.T.);
#2719=EDGE_CURVE('',#2210,#2211,#1131,.T.);
#2720=EDGE_CURVE('',#2210,#2212,#1132,.T.);
#2721=EDGE_CURVE('',#2213,#2211,#1133,.T.);
#2722=EDGE_CURVE('',#2212,#2213,#1134,.T.);
#2723=EDGE_CURVE('',#2212,#2214,#1135,.T.);
#2724=EDGE_CURVE('',#2215,#2213,#1136,.T.);
#2725=EDGE_CURVE('',#2214,#2215,#1137,.T.);
#2726=EDGE_CURVE('',#2214,#2204,#1138,.T.);
#2727=EDGE_CURVE('',#2205,#2215,#1139,.T.);
#2728=EDGE_CURVE('',#2216,#2217,#1140,.T.);
#2729=EDGE_CURVE('',#2216,#2218,#1141,.T.);
#2730=EDGE_CURVE('',#2219,#2218,#1142,.T.);
#2731=EDGE_CURVE('',#2217,#2219,#1143,.T.);
#2732=EDGE_CURVE('',#2220,#2216,#1144,.T.);
#2733=EDGE_CURVE('',#2220,#2221,#1145,.T.);
#2734=EDGE_CURVE('',#2218,#2221,#1146,.T.);
#2735=EDGE_CURVE('',#2222,#2220,#1147,.T.);
#2736=EDGE_CURVE('',#2222,#2223,#1148,.T.);
#2737=EDGE_CURVE('',#2221,#2223,#1149,.T.);
#2738=EDGE_CURVE('',#2224,#2222,#1150,.T.);
#2739=EDGE_CURVE('',#2224,#2225,#1151,.T.);
#2740=EDGE_CURVE('',#2223,#2225,#1152,.T.);
#2741=EDGE_CURVE('',#2226,#2224,#1153,.T.);
#2742=EDGE_CURVE('',#2226,#2227,#1154,.T.);
#2743=EDGE_CURVE('',#2225,#2227,#1155,.T.);
#2744=EDGE_CURVE('',#2228,#2226,#1156,.T.);
#2745=EDGE_CURVE('',#2228,#2229,#1157,.T.);
#2746=EDGE_CURVE('',#2227,#2229,#1158,.T.);
#2747=EDGE_CURVE('',#2217,#2230,#1159,.T.);
#2748=EDGE_CURVE('',#2231,#2219,#1160,.T.);
#2749=EDGE_CURVE('',#2230,#2231,#1161,.T.);
#2750=EDGE_CURVE('',#2230,#2232,#1162,.T.);
#2751=EDGE_CURVE('',#2233,#2231,#1163,.T.);
#2752=EDGE_CURVE('',#2232,#2233,#1164,.T.);
#2753=EDGE_CURVE('',#2232,#2234,#1165,.T.);
#2754=EDGE_CURVE('',#2235,#2233,#1166,.T.);
#2755=EDGE_CURVE('',#2234,#2235,#1167,.T.);
#2756=EDGE_CURVE('',#2234,#2236,#1168,.T.);
#2757=EDGE_CURVE('',#2237,#2235,#1169,.T.);
#2758=EDGE_CURVE('',#2236,#2237,#1170,.T.);
#2759=EDGE_CURVE('',#2236,#2238,#1171,.T.);
#2760=EDGE_CURVE('',#2239,#2237,#1172,.T.);
#2761=EDGE_CURVE('',#2238,#2239,#1173,.T.);
#2762=EDGE_CURVE('',#2238,#2228,#1174,.T.);
#2763=EDGE_CURVE('',#2229,#2239,#1175,.T.);
#2764=EDGE_CURVE('',#2240,#2241,#1176,.T.);
#2765=EDGE_CURVE('',#2240,#2242,#1177,.T.);
#2766=EDGE_CURVE('',#2243,#2242,#1178,.T.);
#2767=EDGE_CURVE('',#2241,#2243,#1179,.T.);
#2768=EDGE_CURVE('',#2244,#2240,#1180,.T.);
#2769=EDGE_CURVE('',#2244,#2245,#1181,.T.);
#2770=EDGE_CURVE('',#2242,#2245,#1182,.T.);
#2771=EDGE_CURVE('',#2246,#2247,#1183,.T.);
#2772=EDGE_CURVE('',#2246,#2248,#1184,.T.);
#2773=EDGE_CURVE('',#2249,#2248,#1185,.T.);
#2774=EDGE_CURVE('',#2247,#2249,#1186,.T.);
#2775=EDGE_CURVE('',#2250,#2246,#1187,.T.);
#2776=EDGE_CURVE('',#2250,#2251,#1188,.T.);
#2777=EDGE_CURVE('',#2248,#2251,#1189,.T.);
#2778=EDGE_CURVE('',#2252,#2250,#1190,.T.);
#2779=EDGE_CURVE('',#2252,#2253,#1191,.T.);
#2780=EDGE_CURVE('',#2251,#2253,#1192,.T.);
#2781=EDGE_CURVE('',#2254,#2252,#1193,.T.);
#2782=EDGE_CURVE('',#2254,#2255,#1194,.T.);
#2783=EDGE_CURVE('',#2253,#2255,#1195,.T.);
#2784=EDGE_CURVE('',#2241,#2244,#1196,.T.);
#2785=EDGE_CURVE('',#2245,#2243,#1197,.T.);
#2786=EDGE_CURVE('',#2247,#2256,#1198,.T.);
#2787=EDGE_CURVE('',#2257,#2249,#1199,.T.);
#2788=EDGE_CURVE('',#2256,#2257,#1200,.T.);
#2789=EDGE_CURVE('',#2256,#2258,#1201,.T.);
#2790=EDGE_CURVE('',#2259,#2257,#1202,.T.);
#2791=EDGE_CURVE('',#2258,#2259,#1203,.T.);
#2792=EDGE_CURVE('',#2258,#2260,#1204,.T.);
#2793=EDGE_CURVE('',#2261,#2259,#1205,.T.);
#2794=EDGE_CURVE('',#2260,#2261,#1206,.T.);
#2795=EDGE_CURVE('',#2260,#2254,#1207,.T.);
#2796=EDGE_CURVE('',#2255,#2261,#1208,.T.);
#2797=EDGE_CURVE('',#2262,#2263,#1209,.T.);
#2798=EDGE_CURVE('',#2263,#2264,#1210,.T.);
#2799=EDGE_CURVE('',#2264,#2265,#1211,.T.);
#2800=EDGE_CURVE('',#2265,#2262,#1212,.T.);
#2801=EDGE_CURVE('',#2266,#2267,#1213,.T.);
#2802=EDGE_CURVE('',#2267,#2268,#1214,.T.);
#2803=EDGE_CURVE('',#2268,#2269,#1215,.T.);
#2804=EDGE_CURVE('',#2269,#2270,#1216,.T.);
#2805=EDGE_CURVE('',#2270,#2271,#1217,.T.);
#2806=EDGE_CURVE('',#2271,#2272,#1218,.T.);
#2807=EDGE_CURVE('',#2272,#2273,#1219,.T.);
#2808=EDGE_CURVE('',#2273,#2274,#1220,.T.);
#2809=EDGE_CURVE('',#2274,#2275,#1221,.T.);
#2810=EDGE_CURVE('',#2275,#2276,#1222,.T.);
#2811=EDGE_CURVE('',#2276,#2277,#1223,.T.);
#2812=EDGE_CURVE('',#2277,#2266,#1224,.T.);
#2813=EDGE_CURVE('',#2278,#2279,#1225,.T.);
#2814=EDGE_CURVE('',#2279,#2280,#1226,.T.);
#2815=EDGE_CURVE('',#2280,#2281,#1227,.T.);
#2816=EDGE_CURVE('',#2281,#2282,#1228,.T.);
#2817=EDGE_CURVE('',#2282,#2283,#1229,.T.);
#2818=EDGE_CURVE('',#2283,#2284,#1230,.T.);
#2819=EDGE_CURVE('',#2284,#2285,#1231,.T.);
#2820=EDGE_CURVE('',#2285,#2278,#1232,.T.);
#2821=EDGE_CURVE('',#2286,#2287,#1233,.T.);
#2822=EDGE_CURVE('',#2286,#2288,#1234,.T.);
#2823=EDGE_CURVE('',#2289,#2288,#1235,.T.);
#2824=EDGE_CURVE('',#2287,#2289,#1236,.T.);
#2825=EDGE_CURVE('',#2290,#2286,#1237,.T.);
#2826=EDGE_CURVE('',#2290,#2291,#1238,.T.);
#2827=EDGE_CURVE('',#2288,#2291,#1239,.T.);
#2828=EDGE_CURVE('',#2292,#2290,#1240,.T.);
#2829=EDGE_CURVE('',#2292,#2293,#1241,.T.);
#2830=EDGE_CURVE('',#2291,#2293,#1242,.T.);
#2831=EDGE_CURVE('',#2265,#2294,#1243,.T.);
#2832=EDGE_CURVE('',#2295,#2294,#1244,.T.);
#2833=EDGE_CURVE('',#2262,#2295,#1245,.T.);
#2834=EDGE_CURVE('',#2264,#2296,#1246,.T.);
#2835=EDGE_CURVE('',#2294,#2296,#1247,.T.);
#2836=EDGE_CURVE('',#2287,#2292,#1248,.T.);
#2837=EDGE_CURVE('',#2293,#2289,#1249,.T.);
#2838=EDGE_CURVE('',#2297,#2295,#1250,.T.);
#2839=EDGE_CURVE('',#2263,#2297,#1251,.T.);
#2840=EDGE_CURVE('',#2296,#2297,#1252,.T.);
#2841=EDGE_CURVE('',#2298,#2299,#1253,.T.);
#2842=EDGE_CURVE('',#2298,#2300,#1254,.T.);
#2843=EDGE_CURVE('',#2301,#2300,#1255,.T.);
#2844=EDGE_CURVE('',#2299,#2301,#1256,.T.);
#2845=EDGE_CURVE('',#2299,#2302,#1257,.T.);
#2846=EDGE_CURVE('',#2303,#2301,#1258,.T.);
#2847=EDGE_CURVE('',#2302,#2303,#1259,.T.);
#2848=EDGE_CURVE('',#2302,#2304,#1260,.T.);
#2849=EDGE_CURVE('',#2305,#2303,#1261,.T.);
#2850=EDGE_CURVE('',#2304,#2305,#1262,.T.);
#2851=EDGE_CURVE('',#2304,#2298,#1263,.T.);
#2852=EDGE_CURVE('',#2300,#2305,#1264,.T.);
#2853=EDGE_CURVE('',#2281,#2306,#1265,.T.);
#2854=EDGE_CURVE('',#2307,#2306,#1266,.T.);
#2855=EDGE_CURVE('',#2282,#2307,#1267,.T.);
#2856=EDGE_CURVE('',#2280,#2308,#1268,.T.);
#2857=EDGE_CURVE('',#2306,#2308,#1269,.T.);
#2858=EDGE_CURVE('',#2279,#2309,#1270,.T.);
#2859=EDGE_CURVE('',#2308,#2309,#1271,.T.);
#2860=EDGE_CURVE('',#2278,#2310,#1272,.T.);
#2861=EDGE_CURVE('',#2309,#2310,#1273,.T.);
#2862=EDGE_CURVE('',#2311,#2307,#1274,.T.);
#2863=EDGE_CURVE('',#2283,#2311,#1275,.T.);
#2864=EDGE_CURVE('',#2312,#2311,#1276,.T.);
#2865=EDGE_CURVE('',#2284,#2312,#1277,.T.);
#2866=EDGE_CURVE('',#2313,#2312,#1278,.T.);
#2867=EDGE_CURVE('',#2285,#2313,#1279,.T.);
#2868=EDGE_CURVE('',#2310,#2313,#1280,.T.);
#2869=EDGE_CURVE('',#2271,#2314,#1281,.T.);
#2870=EDGE_CURVE('',#2315,#2314,#1282,.T.);
#2871=EDGE_CURVE('',#2272,#2315,#1283,.T.);
#2872=EDGE_CURVE('',#2270,#2316,#1284,.T.);
#2873=EDGE_CURVE('',#2314,#2316,#1285,.T.);
#2874=EDGE_CURVE('',#2269,#2317,#1286,.T.);
#2875=EDGE_CURVE('',#2316,#2317,#1287,.T.);
#2876=EDGE_CURVE('',#2268,#2318,#1288,.T.);
#2877=EDGE_CURVE('',#2317,#2318,#1289,.T.);
#2878=EDGE_CURVE('',#2267,#2319,#1290,.T.);
#2879=EDGE_CURVE('',#2318,#2319,#1291,.T.);
#2880=EDGE_CURVE('',#2266,#2320,#1292,.T.);
#2881=EDGE_CURVE('',#2319,#2320,#1293,.T.);
#2882=EDGE_CURVE('',#2321,#2315,#1294,.T.);
#2883=EDGE_CURVE('',#2273,#2321,#1295,.T.);
#2884=EDGE_CURVE('',#2322,#2321,#1296,.T.);
#2885=EDGE_CURVE('',#2274,#2322,#1297,.T.);
#2886=EDGE_CURVE('',#2323,#2322,#1298,.T.);
#2887=EDGE_CURVE('',#2275,#2323,#1299,.T.);
#2888=EDGE_CURVE('',#2324,#2323,#1300,.T.);
#2889=EDGE_CURVE('',#2276,#2324,#1301,.T.);
#2890=EDGE_CURVE('',#2325,#2324,#1302,.T.);
#2891=EDGE_CURVE('',#2277,#2325,#1303,.T.);
#2892=EDGE_CURVE('',#2320,#2325,#1304,.T.);
#2893=EDGE_CURVE('',#2326,#2327,#1305,.T.);
#2894=EDGE_CURVE('',#2326,#2328,#1306,.T.);
#2895=EDGE_CURVE('',#2329,#2328,#1307,.T.);
#2896=EDGE_CURVE('',#2327,#2329,#1308,.T.);
#2897=EDGE_CURVE('',#2330,#2326,#1309,.T.);
#2898=EDGE_CURVE('',#2330,#2331,#1310,.T.);
#2899=EDGE_CURVE('',#2328,#2331,#1311,.T.);
#2900=EDGE_CURVE('',#2327,#2332,#1312,.T.);
#2901=EDGE_CURVE('',#2333,#2329,#1313,.T.);
#2902=EDGE_CURVE('',#2332,#2333,#1314,.T.);
#2903=EDGE_CURVE('',#2332,#2330,#1315,.T.);
#2904=EDGE_CURVE('',#2331,#2333,#1316,.T.);
#2905=EDGE_CURVE('',#2334,#2335,#1317,.T.);
#2906=EDGE_CURVE('',#2334,#2336,#1318,.T.);
#2907=EDGE_CURVE('',#2337,#2336,#1319,.T.);
#2908=EDGE_CURVE('',#2335,#2337,#1320,.T.);
#2909=EDGE_CURVE('',#2338,#2334,#1321,.T.);
#2910=EDGE_CURVE('',#2338,#2339,#1322,.T.);
#2911=EDGE_CURVE('',#2336,#2339,#1323,.T.);
#2912=EDGE_CURVE('',#2340,#2338,#1324,.T.);
#2913=EDGE_CURVE('',#2340,#2341,#1325,.T.);
#2914=EDGE_CURVE('',#2339,#2341,#1326,.T.);
#2915=EDGE_CURVE('',#2335,#2342,#1327,.T.);
#2916=EDGE_CURVE('',#2343,#2337,#1328,.T.);
#2917=EDGE_CURVE('',#2342,#2343,#1329,.T.);
#2918=EDGE_CURVE('',#2342,#2344,#1330,.T.);
#2919=EDGE_CURVE('',#2345,#2343,#1331,.T.);
#2920=EDGE_CURVE('',#2344,#2345,#1332,.T.);
#2921=EDGE_CURVE('',#2344,#2340,#1333,.T.);
#2922=EDGE_CURVE('',#2341,#2345,#1334,.T.);
#2923=EDGE_CURVE('',#2346,#2347,#13,.T.);
#2924=EDGE_CURVE('',#2346,#2348,#1335,.T.);
#2925=EDGE_CURVE('',#2349,#2348,#14,.T.);
#2926=EDGE_CURVE('',#2347,#2349,#1336,.T.);
#2927=EDGE_CURVE('',#2350,#2346,#15,.T.);
#2928=EDGE_CURVE('',#2350,#2351,#1337,.T.);
#2929=EDGE_CURVE('',#2348,#2351,#16,.T.);
#2930=EDGE_CURVE('',#2352,#2350,#17,.T.);
#2931=EDGE_CURVE('',#2352,#2353,#1338,.T.);
#2932=EDGE_CURVE('',#2351,#2353,#18,.T.);
#2933=EDGE_CURVE('',#2354,#2352,#19,.T.);
#2934=EDGE_CURVE('',#2354,#2355,#1339,.T.);
#2935=EDGE_CURVE('',#2353,#2355,#20,.T.);
#2936=EDGE_CURVE('',#2356,#2354,#21,.T.);
#2937=EDGE_CURVE('',#2356,#2357,#1340,.T.);
#2938=EDGE_CURVE('',#2355,#2357,#22,.T.);
#2939=EDGE_CURVE('',#2358,#2356,#23,.T.);
#2940=EDGE_CURVE('',#2358,#2359,#1341,.T.);
#2941=EDGE_CURVE('',#2357,#2359,#24,.T.);
#2942=EDGE_CURVE('',#2360,#2358,#25,.T.);
#2943=EDGE_CURVE('',#2360,#2361,#1342,.T.);
#2944=EDGE_CURVE('',#2359,#2361,#26,.T.);
#2945=EDGE_CURVE('',#2362,#2360,#27,.T.);
#2946=EDGE_CURVE('',#2362,#2363,#1343,.T.);
#2947=EDGE_CURVE('',#2361,#2363,#28,.T.);
#2948=EDGE_CURVE('',#2364,#2362,#29,.T.);
#2949=EDGE_CURVE('',#2364,#2365,#1344,.T.);
#2950=EDGE_CURVE('',#2363,#2365,#30,.T.);
#2951=EDGE_CURVE('',#2366,#2364,#1345,.T.);
#2952=EDGE_CURVE('',#2366,#2367,#1346,.T.);
#2953=EDGE_CURVE('',#2365,#2367,#1347,.T.);
#2954=EDGE_CURVE('',#2368,#2366,#1348,.T.);
#2955=EDGE_CURVE('',#2368,#2369,#1349,.T.);
#2956=EDGE_CURVE('',#2367,#2369,#1350,.T.);
#2957=EDGE_CURVE('',#2370,#2368,#1351,.T.);
#2958=EDGE_CURVE('',#2370,#2371,#1352,.T.);
#2959=EDGE_CURVE('',#2369,#2371,#1353,.T.);
#2960=EDGE_CURVE('',#2347,#2372,#31,.T.);
#2961=EDGE_CURVE('',#2373,#2349,#32,.T.);
#2962=EDGE_CURVE('',#2372,#2373,#1354,.T.);
#2963=EDGE_CURVE('',#2372,#2374,#1355,.T.);
#2964=EDGE_CURVE('',#2375,#2373,#1356,.T.);
#2965=EDGE_CURVE('',#2374,#2375,#1357,.T.);
#2966=EDGE_CURVE('',#2374,#2376,#33,.T.);
#2967=EDGE_CURVE('',#2377,#2375,#34,.T.);
#2968=EDGE_CURVE('',#2376,#2377,#1358,.T.);
#2969=EDGE_CURVE('',#2376,#2378,#35,.T.);
#2970=EDGE_CURVE('',#2379,#2377,#36,.T.);
#2971=EDGE_CURVE('',#2378,#2379,#1359,.T.);
#2972=EDGE_CURVE('',#2378,#2380,#37,.T.);
#2973=EDGE_CURVE('',#2381,#2379,#38,.T.);
#2974=EDGE_CURVE('',#2380,#2381,#1360,.T.);
#2975=EDGE_CURVE('',#2380,#2382,#39,.T.);
#2976=EDGE_CURVE('',#2383,#2381,#40,.T.);
#2977=EDGE_CURVE('',#2382,#2383,#1361,.T.);
#2978=EDGE_CURVE('',#2382,#2384,#41,.T.);
#2979=EDGE_CURVE('',#2385,#2383,#42,.T.);
#2980=EDGE_CURVE('',#2384,#2385,#1362,.T.);
#2981=EDGE_CURVE('',#2384,#2386,#43,.T.);
#2982=EDGE_CURVE('',#2387,#2385,#44,.T.);
#2983=EDGE_CURVE('',#2386,#2387,#1363,.T.);
#2984=EDGE_CURVE('',#2386,#2388,#45,.T.);
#2985=EDGE_CURVE('',#2389,#2387,#46,.T.);
#2986=EDGE_CURVE('',#2388,#2389,#1364,.T.);
#2987=EDGE_CURVE('',#2388,#2390,#47,.T.);
#2988=EDGE_CURVE('',#2391,#2389,#48,.T.);
#2989=EDGE_CURVE('',#2390,#2391,#1365,.T.);
#2990=EDGE_CURVE('',#2390,#2392,#1366,.T.);
#2991=EDGE_CURVE('',#2393,#2391,#1367,.T.);
#2992=EDGE_CURVE('',#2392,#2393,#1368,.T.);
#2993=EDGE_CURVE('',#2392,#2370,#1369,.T.);
#2994=EDGE_CURVE('',#2371,#2393,#1370,.T.);
#2995=EDGE_CURVE('',#2394,#2395,#1371,.T.);
#2996=EDGE_CURVE('',#2394,#2396,#1372,.T.);
#2997=EDGE_CURVE('',#2397,#2396,#1373,.T.);
#2998=EDGE_CURVE('',#2395,#2397,#1374,.T.);
#2999=EDGE_CURVE('',#2398,#2394,#1375,.T.);
#3000=EDGE_CURVE('',#2398,#2399,#1376,.T.);
#3001=EDGE_CURVE('',#2396,#2399,#1377,.T.);
#3002=EDGE_CURVE('',#2400,#2398,#1378,.T.);
#3003=EDGE_CURVE('',#2400,#2401,#1379,.T.);
#3004=EDGE_CURVE('',#2399,#2401,#1380,.T.);
#3005=EDGE_CURVE('',#2402,#2400,#1381,.T.);
#3006=EDGE_CURVE('',#2402,#2403,#1382,.T.);
#3007=EDGE_CURVE('',#2401,#2403,#1383,.T.);
#3008=EDGE_CURVE('',#2404,#2402,#1384,.T.);
#3009=EDGE_CURVE('',#2404,#2405,#1385,.T.);
#3010=EDGE_CURVE('',#2403,#2405,#1386,.T.);
#3011=EDGE_CURVE('',#2395,#2406,#1387,.T.);
#3012=EDGE_CURVE('',#2407,#2397,#1388,.T.);
#3013=EDGE_CURVE('',#2406,#2407,#1389,.T.);
#3014=EDGE_CURVE('',#2406,#2408,#1390,.T.);
#3015=EDGE_CURVE('',#2409,#2407,#1391,.T.);
#3016=EDGE_CURVE('',#2408,#2409,#1392,.T.);
#3017=EDGE_CURVE('',#2408,#2410,#1393,.T.);
#3018=EDGE_CURVE('',#2411,#2409,#1394,.T.);
#3019=EDGE_CURVE('',#2410,#2411,#1395,.T.);
#3020=EDGE_CURVE('',#2410,#2412,#1396,.T.);
#3021=EDGE_CURVE('',#2413,#2411,#1397,.T.);
#3022=EDGE_CURVE('',#2412,#2413,#1398,.T.);
#3023=EDGE_CURVE('',#2412,#2404,#1399,.T.);
#3024=EDGE_CURVE('',#2405,#2413,#1400,.T.);
#3025=EDGE_CURVE('',#2414,#2415,#49,.T.);
#3026=EDGE_CURVE('',#2414,#2416,#1401,.T.);
#3027=EDGE_CURVE('',#2417,#2416,#50,.T.);
#3028=EDGE_CURVE('',#2415,#2417,#1402,.T.);
#3029=EDGE_CURVE('',#2418,#2414,#51,.T.);
#3030=EDGE_CURVE('',#2418,#2419,#1403,.T.);
#3031=EDGE_CURVE('',#2416,#2419,#52,.T.);
#3032=EDGE_CURVE('',#2420,#2418,#53,.T.);
#3033=EDGE_CURVE('',#2420,#2421,#1404,.T.);
#3034=EDGE_CURVE('',#2419,#2421,#54,.T.);
#3035=EDGE_CURVE('',#2422,#2420,#55,.T.);
#3036=EDGE_CURVE('',#2422,#2423,#1405,.T.);
#3037=EDGE_CURVE('',#2421,#2423,#56,.T.);
#3038=EDGE_CURVE('',#2424,#2425,#57,.T.);
#3039=EDGE_CURVE('',#2424,#2426,#1406,.T.);
#3040=EDGE_CURVE('',#2427,#2426,#58,.T.);
#3041=EDGE_CURVE('',#2425,#2427,#1407,.T.);
#3042=EDGE_CURVE('',#2428,#2424,#59,.T.);
#3043=EDGE_CURVE('',#2428,#2429,#1408,.T.);
#3044=EDGE_CURVE('',#2426,#2429,#60,.T.);
#3045=EDGE_CURVE('',#2430,#2428,#61,.T.);
#3046=EDGE_CURVE('',#2430,#2431,#1409,.T.);
#3047=EDGE_CURVE('',#2429,#2431,#62,.T.);
#3048=EDGE_CURVE('',#2432,#2430,#63,.T.);
#3049=EDGE_CURVE('',#2432,#2433,#1410,.T.);
#3050=EDGE_CURVE('',#2431,#2433,#64,.T.);
#3051=EDGE_CURVE('',#2434,#2432,#65,.T.);
#3052=EDGE_CURVE('',#2434,#2435,#1411,.T.);
#3053=EDGE_CURVE('',#2433,#2435,#66,.T.);
#3054=EDGE_CURVE('',#2415,#2436,#67,.T.);
#3055=EDGE_CURVE('',#2437,#2417,#68,.T.);
#3056=EDGE_CURVE('',#2436,#2437,#1412,.T.);
#3057=EDGE_CURVE('',#2436,#2438,#69,.T.);
#3058=EDGE_CURVE('',#2439,#2437,#70,.T.);
#3059=EDGE_CURVE('',#2438,#2439,#1413,.T.);
#3060=EDGE_CURVE('',#2438,#2440,#71,.T.);
#3061=EDGE_CURVE('',#2441,#2439,#72,.T.);
#3062=EDGE_CURVE('',#2440,#2441,#1414,.T.);
#3063=EDGE_CURVE('',#2440,#2422,#73,.T.);
#3064=EDGE_CURVE('',#2423,#2441,#74,.T.);
#3065=EDGE_CURVE('',#2425,#2442,#75,.T.);
#3066=EDGE_CURVE('',#2443,#2427,#76,.T.);
#3067=EDGE_CURVE('',#2442,#2443,#1415,.T.);
#3068=EDGE_CURVE('',#2442,#2444,#77,.T.);
#3069=EDGE_CURVE('',#2445,#2443,#78,.T.);
#3070=EDGE_CURVE('',#2444,#2445,#1416,.T.);
#3071=EDGE_CURVE('',#2444,#2446,#79,.T.);
#3072=EDGE_CURVE('',#2447,#2445,#80,.T.);
#3073=EDGE_CURVE('',#2446,#2447,#1417,.T.);
#3074=EDGE_CURVE('',#2446,#2448,#81,.T.);
#3075=EDGE_CURVE('',#2449,#2447,#82,.T.);
#3076=EDGE_CURVE('',#2448,#2449,#1418,.T.);
#3077=EDGE_CURVE('',#2448,#2434,#83,.T.);
#3078=EDGE_CURVE('',#2435,#2449,#84,.T.);
#3079=EDGE_CURVE('',#2450,#2451,#1419,.T.);
#3080=EDGE_CURVE('',#2451,#2452,#1420,.T.);
#3081=EDGE_CURVE('',#2452,#2453,#1421,.T.);
#3082=EDGE_CURVE('',#2453,#2450,#1422,.T.);
#3083=EDGE_CURVE('',#2454,#2455,#1423,.T.);
#3084=EDGE_CURVE('',#2455,#2456,#1424,.T.);
#3085=EDGE_CURVE('',#2456,#2457,#85,.T.);
#3086=EDGE_CURVE('',#2457,#2458,#86,.T.);
#3087=EDGE_CURVE('',#2458,#2459,#87,.T.);
#3088=EDGE_CURVE('',#2459,#2460,#88,.T.);
#3089=EDGE_CURVE('',#2460,#2461,#89,.T.);
#3090=EDGE_CURVE('',#2461,#2462,#90,.T.);
#3091=EDGE_CURVE('',#2462,#2463,#91,.T.);
#3092=EDGE_CURVE('',#2463,#2464,#1425,.T.);
#3093=EDGE_CURVE('',#2464,#2465,#1426,.T.);
#3094=EDGE_CURVE('',#2465,#2466,#1427,.T.);
#3095=EDGE_CURVE('',#2466,#2467,#92,.T.);
#3096=EDGE_CURVE('',#2467,#2468,#93,.T.);
#3097=EDGE_CURVE('',#2468,#2469,#94,.T.);
#3098=EDGE_CURVE('',#2469,#2470,#1428,.T.);
#3099=EDGE_CURVE('',#2470,#2471,#1429,.T.);
#3100=EDGE_CURVE('',#2471,#2454,#1430,.T.);
#3101=EDGE_CURVE('',#2472,#2473,#1431,.T.);
#3102=EDGE_CURVE('',#2473,#2474,#1432,.T.);
#3103=EDGE_CURVE('',#2474,#2475,#1433,.T.);
#3104=EDGE_CURVE('',#2475,#2476,#1434,.T.);
#3105=EDGE_CURVE('',#2476,#2477,#1435,.T.);
#3106=EDGE_CURVE('',#2477,#2478,#1436,.T.);
#3107=EDGE_CURVE('',#2478,#2479,#1437,.T.);
#3108=EDGE_CURVE('',#2479,#2480,#1438,.T.);
#3109=EDGE_CURVE('',#2480,#2481,#1439,.T.);
#3110=EDGE_CURVE('',#2481,#2482,#1440,.T.);
#3111=EDGE_CURVE('',#2482,#2483,#1441,.T.);
#3112=EDGE_CURVE('',#2483,#2472,#1442,.T.);
#3113=EDGE_CURVE('',#2484,#2485,#1443,.T.);
#3114=EDGE_CURVE('',#2485,#2486,#1444,.T.);
#3115=EDGE_CURVE('',#2486,#2487,#1445,.T.);
#3116=EDGE_CURVE('',#2487,#2484,#1446,.T.);
#3117=EDGE_CURVE('',#2488,#2489,#1447,.T.);
#3118=EDGE_CURVE('',#2489,#2490,#95,.T.);
#3119=EDGE_CURVE('',#2490,#2491,#96,.T.);
#3120=EDGE_CURVE('',#2491,#2492,#97,.T.);
#3121=EDGE_CURVE('',#2492,#2493,#98,.T.);
#3122=EDGE_CURVE('',#2493,#2494,#99,.T.);
#3123=EDGE_CURVE('',#2494,#2495,#100,.T.);
#3124=EDGE_CURVE('',#2495,#2496,#101,.T.);
#3125=EDGE_CURVE('',#2496,#2497,#102,.T.);
#3126=EDGE_CURVE('',#2497,#2498,#1448,.T.);
#3127=EDGE_CURVE('',#2498,#2499,#103,.T.);
#3128=EDGE_CURVE('',#2499,#2500,#104,.T.);
#3129=EDGE_CURVE('',#2500,#2501,#105,.T.);
#3130=EDGE_CURVE('',#2501,#2502,#106,.T.);
#3131=EDGE_CURVE('',#2502,#2503,#107,.T.);
#3132=EDGE_CURVE('',#2503,#2504,#108,.T.);
#3133=EDGE_CURVE('',#2504,#2505,#109,.T.);
#3134=EDGE_CURVE('',#2505,#2488,#110,.T.);
#3135=EDGE_CURVE('',#2496,#2506,#1449,.T.);
#3136=EDGE_CURVE('',#2507,#2506,#111,.T.);
#3137=EDGE_CURVE('',#2497,#2507,#1450,.T.);
#3138=EDGE_CURVE('',#2495,#2508,#1451,.T.);
#3139=EDGE_CURVE('',#2506,#2508,#112,.T.);
#3140=EDGE_CURVE('',#2494,#2509,#1452,.T.);
#3141=EDGE_CURVE('',#2508,#2509,#113,.T.);
#3142=EDGE_CURVE('',#2493,#2510,#1453,.T.);
#3143=EDGE_CURVE('',#2509,#2510,#114,.T.);
#3144=EDGE_CURVE('',#2492,#2511,#1454,.T.);
#3145=EDGE_CURVE('',#2510,#2511,#115,.T.);
#3146=EDGE_CURVE('',#2491,#2512,#1455,.T.);
#3147=EDGE_CURVE('',#2511,#2512,#116,.T.);
#3148=EDGE_CURVE('',#2490,#2513,#1456,.T.);
#3149=EDGE_CURVE('',#2512,#2513,#117,.T.);
#3150=EDGE_CURVE('',#2489,#2514,#1457,.T.);
#3151=EDGE_CURVE('',#2513,#2514,#118,.T.);
#3152=EDGE_CURVE('',#2488,#2515,#1458,.T.);
#3153=EDGE_CURVE('',#2514,#2515,#1459,.T.);
#3154=EDGE_CURVE('',#2516,#2507,#1460,.T.);
#3155=EDGE_CURVE('',#2498,#2516,#1461,.T.);
#3156=EDGE_CURVE('',#2517,#2516,#119,.T.);
#3157=EDGE_CURVE('',#2499,#2517,#1462,.T.);
#3158=EDGE_CURVE('',#2518,#2517,#120,.T.);
#3159=EDGE_CURVE('',#2500,#2518,#1463,.T.);
#3160=EDGE_CURVE('',#2519,#2518,#121,.T.);
#3161=EDGE_CURVE('',#2501,#2519,#1464,.T.);
#3162=EDGE_CURVE('',#2520,#2519,#122,.T.);
#3163=EDGE_CURVE('',#2502,#2520,#1465,.T.);
#3164=EDGE_CURVE('',#2521,#2520,#123,.T.);
#3165=EDGE_CURVE('',#2503,#2521,#1466,.T.);
#3166=EDGE_CURVE('',#2522,#2521,#124,.T.);
#3167=EDGE_CURVE('',#2504,#2522,#1467,.T.);
#3168=EDGE_CURVE('',#2523,#2522,#125,.T.);
#3169=EDGE_CURVE('',#2505,#2523,#1468,.T.);
#3170=EDGE_CURVE('',#2515,#2523,#126,.T.);
#3171=EDGE_CURVE('',#2452,#2524,#1469,.T.);
#3172=EDGE_CURVE('',#2525,#2524,#1470,.T.);
#3173=EDGE_CURVE('',#2453,#2525,#1471,.T.);
#3174=EDGE_CURVE('',#2451,#2526,#1472,.T.);
#3175=EDGE_CURVE('',#2524,#2526,#1473,.T.);
#3176=EDGE_CURVE('',#2527,#2525,#1474,.T.);
#3177=EDGE_CURVE('',#2450,#2527,#1475,.T.);
#3178=EDGE_CURVE('',#2526,#2527,#1476,.T.);
#3179=EDGE_CURVE('',#2528,#2529,#1477,.T.);
#3180=EDGE_CURVE('',#2528,#2530,#1478,.T.);
#3181=EDGE_CURVE('',#2531,#2530,#1479,.T.);
#3182=EDGE_CURVE('',#2529,#2531,#1480,.T.);
#3183=EDGE_CURVE('',#2529,#2532,#1481,.T.);
#3184=EDGE_CURVE('',#2533,#2531,#1482,.T.);
#3185=EDGE_CURVE('',#2532,#2533,#1483,.T.);
#3186=EDGE_CURVE('',#2532,#2534,#1484,.T.);
#3187=EDGE_CURVE('',#2535,#2533,#1485,.T.);
#3188=EDGE_CURVE('',#2534,#2535,#1486,.T.);
#3189=EDGE_CURVE('',#2534,#2528,#1487,.T.);
#3190=EDGE_CURVE('',#2530,#2535,#1488,.T.);
#3191=EDGE_CURVE('',#2536,#2537,#127,.T.);
#3192=EDGE_CURVE('',#2536,#2538,#1489,.T.);
#3193=EDGE_CURVE('',#2539,#2538,#128,.T.);
#3194=EDGE_CURVE('',#2537,#2539,#1490,.T.);
#3195=EDGE_CURVE('',#2540,#2536,#129,.T.);
#3196=EDGE_CURVE('',#2540,#2541,#1491,.T.);
#3197=EDGE_CURVE('',#2538,#2541,#130,.T.);
#3198=EDGE_CURVE('',#2542,#2540,#131,.T.);
#3199=EDGE_CURVE('',#2542,#2543,#1492,.T.);
#3200=EDGE_CURVE('',#2541,#2543,#132,.T.);
#3201=EDGE_CURVE('',#2544,#2542,#133,.T.);
#3202=EDGE_CURVE('',#2544,#2545,#1493,.T.);
#3203=EDGE_CURVE('',#2543,#2545,#134,.T.);
#3204=EDGE_CURVE('',#2546,#2544,#1494,.T.);
#3205=EDGE_CURVE('',#2546,#2547,#1495,.T.);
#3206=EDGE_CURVE('',#2545,#2547,#1496,.T.);
#3207=EDGE_CURVE('',#2462,#2548,#1497,.T.);
#3208=EDGE_CURVE('',#2549,#2548,#135,.T.);
#3209=EDGE_CURVE('',#2463,#2549,#1498,.T.);
#3210=EDGE_CURVE('',#2461,#2550,#1499,.T.);
#3211=EDGE_CURVE('',#2548,#2550,#136,.T.);
#3212=EDGE_CURVE('',#2460,#2551,#1500,.T.);
#3213=EDGE_CURVE('',#2550,#2551,#137,.T.);
#3214=EDGE_CURVE('',#2459,#2552,#1501,.T.);
#3215=EDGE_CURVE('',#2551,#2552,#138,.T.);
#3216=EDGE_CURVE('',#2458,#2553,#1502,.T.);
#3217=EDGE_CURVE('',#2552,#2553,#139,.T.);
#3218=EDGE_CURVE('',#2457,#2554,#1503,.T.);
#3219=EDGE_CURVE('',#2553,#2554,#140,.T.);
#3220=EDGE_CURVE('',#2456,#2555,#1504,.T.);
#3221=EDGE_CURVE('',#2554,#2555,#141,.T.);
#3222=EDGE_CURVE('',#2455,#2556,#1505,.T.);
#3223=EDGE_CURVE('',#2555,#2556,#1506,.T.);
#3224=EDGE_CURVE('',#2454,#2557,#1507,.T.);
#3225=EDGE_CURVE('',#2556,#2557,#1508,.T.);
#3226=EDGE_CURVE('',#2537,#2558,#142,.T.);
#3227=EDGE_CURVE('',#2559,#2539,#143,.T.);
#3228=EDGE_CURVE('',#2558,#2559,#1509,.T.);
#3229=EDGE_CURVE('',#2558,#2560,#144,.T.);
#3230=EDGE_CURVE('',#2561,#2559,#145,.T.);
#3231=EDGE_CURVE('',#2560,#2561,#1510,.T.);
#3232=EDGE_CURVE('',#2560,#2562,#1511,.T.);
#3233=EDGE_CURVE('',#2563,#2561,#1512,.T.);
#3234=EDGE_CURVE('',#2562,#2563,#1513,.T.);
#3235=EDGE_CURVE('',#2562,#2546,#1514,.T.);
#3236=EDGE_CURVE('',#2547,#2563,#1515,.T.);
#3237=EDGE_CURVE('',#2564,#2549,#1516,.T.);
#3238=EDGE_CURVE('',#2464,#2564,#1517,.T.);
#3239=EDGE_CURVE('',#2565,#2564,#1518,.T.);
#3240=EDGE_CURVE('',#2465,#2565,#1519,.T.);
#3241=EDGE_CURVE('',#2566,#2565,#1520,.T.);
#3242=EDGE_CURVE('',#2466,#2566,#1521,.T.);
#3243=EDGE_CURVE('',#2567,#2566,#146,.T.);
#3244=EDGE_CURVE('',#2467,#2567,#1522,.T.);
#3245=EDGE_CURVE('',#2568,#2567,#147,.T.);
#3246=EDGE_CURVE('',#2468,#2568,#1523,.T.);
#3247=EDGE_CURVE('',#2569,#2568,#148,.T.);
#3248=EDGE_CURVE('',#2469,#2569,#1524,.T.);
#3249=EDGE_CURVE('',#2570,#2569,#1525,.T.);
#3250=EDGE_CURVE('',#2470,#2570,#1526,.T.);
#3251=EDGE_CURVE('',#2571,#2570,#1527,.T.);
#3252=EDGE_CURVE('',#2471,#2571,#1528,.T.);
#3253=EDGE_CURVE('',#2557,#2571,#1529,.T.);
#3254=EDGE_CURVE('',#2477,#2572,#1530,.T.);
#3255=EDGE_CURVE('',#2573,#2572,#1531,.T.);
#3256=EDGE_CURVE('',#2478,#2573,#1532,.T.);
#3257=EDGE_CURVE('',#2476,#2574,#1533,.T.);
#3258=EDGE_CURVE('',#2572,#2574,#1534,.T.);
#3259=EDGE_CURVE('',#2475,#2575,#1535,.T.);
#3260=EDGE_CURVE('',#2574,#2575,#1536,.T.);
#3261=EDGE_CURVE('',#2474,#2576,#1537,.T.);
#3262=EDGE_CURVE('',#2575,#2576,#1538,.T.);
#3263=EDGE_CURVE('',#2473,#2577,#1539,.T.);
#3264=EDGE_CURVE('',#2576,#2577,#1540,.T.);
#3265=EDGE_CURVE('',#2472,#2578,#1541,.T.);
#3266=EDGE_CURVE('',#2577,#2578,#1542,.T.);
#3267=EDGE_CURVE('',#2579,#2573,#1543,.T.);
#3268=EDGE_CURVE('',#2479,#2579,#1544,.T.);
#3269=EDGE_CURVE('',#2580,#2579,#1545,.T.);
#3270=EDGE_CURVE('',#2480,#2580,#1546,.T.);
#3271=EDGE_CURVE('',#2581,#2580,#1547,.T.);
#3272=EDGE_CURVE('',#2481,#2581,#1548,.T.);
#3273=EDGE_CURVE('',#2582,#2581,#1549,.T.);
#3274=EDGE_CURVE('',#2482,#2582,#1550,.T.);
#3275=EDGE_CURVE('',#2583,#2582,#1551,.T.);
#3276=EDGE_CURVE('',#2483,#2583,#1552,.T.);
#3277=EDGE_CURVE('',#2578,#2583,#1553,.T.);
#3278=EDGE_CURVE('',#2485,#2584,#1554,.T.);
#3279=EDGE_CURVE('',#2585,#2584,#1555,.T.);
#3280=EDGE_CURVE('',#2486,#2585,#1556,.T.);
#3281=EDGE_CURVE('',#2484,#2586,#1557,.T.);
#3282=EDGE_CURVE('',#2584,#2586,#1558,.T.);
#3283=EDGE_CURVE('',#2587,#2585,#1559,.T.);
#3284=EDGE_CURVE('',#2487,#2587,#1560,.T.);
#3285=EDGE_CURVE('',#2586,#2587,#1561,.T.);
#3286=ORIENTED_EDGE('',*,*,#2588,.F.);
#3287=ORIENTED_EDGE('',*,*,#2589,.T.);
#3288=ORIENTED_EDGE('',*,*,#2590,.T.);
#3289=ORIENTED_EDGE('',*,*,#2589,.F.);
#3290=ORIENTED_EDGE('',*,*,#2590,.F.);
#3291=ORIENTED_EDGE('',*,*,#2591,.T.);
#3292=ORIENTED_EDGE('',*,*,#2592,.F.);
#3293=ORIENTED_EDGE('',*,*,#2591,.F.);
#3294=ORIENTED_EDGE('',*,*,#2593,.F.);
#3295=ORIENTED_EDGE('',*,*,#2594,.T.);
#3296=ORIENTED_EDGE('',*,*,#2595,.T.);
#3297=ORIENTED_EDGE('',*,*,#2594,.F.);
#3298=ORIENTED_EDGE('',*,*,#2595,.F.);
#3299=ORIENTED_EDGE('',*,*,#2596,.T.);
#3300=ORIENTED_EDGE('',*,*,#2597,.F.);
#3301=ORIENTED_EDGE('',*,*,#2596,.F.);
#3302=ORIENTED_EDGE('',*,*,#2598,.F.);
#3303=ORIENTED_EDGE('',*,*,#2599,.T.);
#3304=ORIENTED_EDGE('',*,*,#2600,.T.);
#3305=ORIENTED_EDGE('',*,*,#2599,.F.);
#3306=ORIENTED_EDGE('',*,*,#2600,.F.);
#3307=ORIENTED_EDGE('',*,*,#2601,.T.);
#3308=ORIENTED_EDGE('',*,*,#2602,.F.);
#3309=ORIENTED_EDGE('',*,*,#2601,.F.);
#3310=ORIENTED_EDGE('',*,*,#2603,.F.);
#3311=ORIENTED_EDGE('',*,*,#2604,.T.);
#3312=ORIENTED_EDGE('',*,*,#2605,.T.);
#3313=ORIENTED_EDGE('',*,*,#2604,.F.);
#3314=ORIENTED_EDGE('',*,*,#2605,.F.);
#3315=ORIENTED_EDGE('',*,*,#2606,.T.);
#3316=ORIENTED_EDGE('',*,*,#2607,.F.);
#3317=ORIENTED_EDGE('',*,*,#2606,.F.);
#3318=ORIENTED_EDGE('',*,*,#2608,.T.);
#3319=ORIENTED_EDGE('',*,*,#2609,.T.);
#3320=ORIENTED_EDGE('',*,*,#2610,.T.);
#3321=ORIENTED_EDGE('',*,*,#2611,.T.);
#3322=ORIENTED_EDGE('',*,*,#2611,.F.);
#3323=ORIENTED_EDGE('',*,*,#2612,.T.);
#3324=ORIENTED_EDGE('',*,*,#2613,.F.);
#3325=ORIENTED_EDGE('',*,*,#2614,.F.);
#3326=ORIENTED_EDGE('',*,*,#2610,.F.);
#3327=ORIENTED_EDGE('',*,*,#2615,.F.);
#3328=ORIENTED_EDGE('',*,*,#2616,.F.);
#3329=ORIENTED_EDGE('',*,*,#2617,.F.);
#3330=ORIENTED_EDGE('',*,*,#2618,.F.);
#3331=ORIENTED_EDGE('',*,*,#2619,.F.);
#3332=ORIENTED_EDGE('',*,*,#2620,.F.);
#3333=ORIENTED_EDGE('',*,*,#2612,.F.);
#3334=ORIENTED_EDGE('',*,*,#2588,.T.);
#3335=ORIENTED_EDGE('',*,*,#2593,.T.);
#3336=ORIENTED_EDGE('',*,*,#2598,.T.);
#3337=ORIENTED_EDGE('',*,*,#2603,.T.);
#3338=ORIENTED_EDGE('',*,*,#2621,.T.);
#3339=ORIENTED_EDGE('',*,*,#2622,.T.);
#3340=ORIENTED_EDGE('',*,*,#2623,.T.);
#3341=ORIENTED_EDGE('',*,*,#2624,.T.);
#3342=ORIENTED_EDGE('',*,*,#2625,.T.);
#3343=ORIENTED_EDGE('',*,*,#2626,.T.);
#3344=ORIENTED_EDGE('',*,*,#2627,.T.);
#3345=ORIENTED_EDGE('',*,*,#2628,.T.);
#3346=ORIENTED_EDGE('',*,*,#2629,.T.);
#3347=ORIENTED_EDGE('',*,*,#2630,.T.);
#3348=ORIENTED_EDGE('',*,*,#2631,.T.);
#3349=ORIENTED_EDGE('',*,*,#2613,.T.);
#3350=ORIENTED_EDGE('',*,*,#2620,.T.);
#3351=ORIENTED_EDGE('',*,*,#2632,.T.);
#3352=ORIENTED_EDGE('',*,*,#2632,.F.);
#3353=ORIENTED_EDGE('',*,*,#2619,.T.);
#3354=ORIENTED_EDGE('',*,*,#2633,.F.);
#3355=ORIENTED_EDGE('',*,*,#2634,.F.);
#3356=ORIENTED_EDGE('',*,*,#2635,.T.);
#3357=ORIENTED_EDGE('',*,*,#2633,.T.);
#3358=ORIENTED_EDGE('',*,*,#2618,.T.);
#3359=ORIENTED_EDGE('',*,*,#2636,.T.);
#3360=ORIENTED_EDGE('',*,*,#2636,.F.);
#3361=ORIENTED_EDGE('',*,*,#2617,.T.);
#3362=ORIENTED_EDGE('',*,*,#2637,.F.);
#3363=ORIENTED_EDGE('',*,*,#2638,.F.);
#3364=ORIENTED_EDGE('',*,*,#2639,.T.);
#3365=ORIENTED_EDGE('',*,*,#2637,.T.);
#3366=ORIENTED_EDGE('',*,*,#2616,.T.);
#3367=ORIENTED_EDGE('',*,*,#2640,.T.);
#3368=ORIENTED_EDGE('',*,*,#2641,.F.);
#3369=ORIENTED_EDGE('',*,*,#2642,.T.);
#3370=ORIENTED_EDGE('',*,*,#2630,.F.);
#3371=ORIENTED_EDGE('',*,*,#2642,.F.);
#3372=ORIENTED_EDGE('',*,*,#2643,.F.);
#3373=ORIENTED_EDGE('',*,*,#2644,.T.);
#3374=ORIENTED_EDGE('',*,*,#2629,.F.);
#3375=ORIENTED_EDGE('',*,*,#2644,.F.);
#3376=ORIENTED_EDGE('',*,*,#2645,.F.);
#3377=ORIENTED_EDGE('',*,*,#2646,.T.);
#3378=ORIENTED_EDGE('',*,*,#2628,.F.);
#3379=ORIENTED_EDGE('',*,*,#2646,.F.);
#3380=ORIENTED_EDGE('',*,*,#2647,.F.);
#3381=ORIENTED_EDGE('',*,*,#2648,.T.);
#3382=ORIENTED_EDGE('',*,*,#2627,.F.);
#3383=ORIENTED_EDGE('',*,*,#2648,.F.);
#3384=ORIENTED_EDGE('',*,*,#2649,.F.);
#3385=ORIENTED_EDGE('',*,*,#2650,.T.);
#3386=ORIENTED_EDGE('',*,*,#2626,.F.);
#3387=ORIENTED_EDGE('',*,*,#2650,.F.);
#3388=ORIENTED_EDGE('',*,*,#2651,.F.);
#3389=ORIENTED_EDGE('',*,*,#2652,.T.);
#3390=ORIENTED_EDGE('',*,*,#2625,.F.);
#3391=ORIENTED_EDGE('',*,*,#2652,.F.);
#3392=ORIENTED_EDGE('',*,*,#2653,.F.);
#3393=ORIENTED_EDGE('',*,*,#2654,.T.);
#3394=ORIENTED_EDGE('',*,*,#2624,.F.);
#3395=ORIENTED_EDGE('',*,*,#2654,.F.);
#3396=ORIENTED_EDGE('',*,*,#2655,.F.);
#3397=ORIENTED_EDGE('',*,*,#2656,.T.);
#3398=ORIENTED_EDGE('',*,*,#2623,.F.);
#3399=ORIENTED_EDGE('',*,*,#2656,.F.);
#3400=ORIENTED_EDGE('',*,*,#2657,.F.);
#3401=ORIENTED_EDGE('',*,*,#2658,.T.);
#3402=ORIENTED_EDGE('',*,*,#2622,.F.);
#3403=ORIENTED_EDGE('',*,*,#2658,.F.);
#3404=ORIENTED_EDGE('',*,*,#2659,.F.);
#3405=ORIENTED_EDGE('',*,*,#2660,.T.);
#3406=ORIENTED_EDGE('',*,*,#2621,.F.);
#3407=ORIENTED_EDGE('',*,*,#2660,.F.);
#3408=ORIENTED_EDGE('',*,*,#2609,.F.);
#3409=ORIENTED_EDGE('',*,*,#2661,.F.);
#3410=ORIENTED_EDGE('',*,*,#2640,.F.);
#3411=ORIENTED_EDGE('',*,*,#2615,.T.);
#3412=ORIENTED_EDGE('',*,*,#2608,.F.);
#3413=ORIENTED_EDGE('',*,*,#2614,.T.);
#3414=ORIENTED_EDGE('',*,*,#2631,.F.);
#3415=ORIENTED_EDGE('',*,*,#2634,.T.);
#3416=ORIENTED_EDGE('',*,*,#2635,.F.);
#3417=ORIENTED_EDGE('',*,*,#2638,.T.);
#3418=ORIENTED_EDGE('',*,*,#2639,.F.);
#3419=ORIENTED_EDGE('',*,*,#2661,.T.);
#3420=ORIENTED_EDGE('',*,*,#2592,.T.);
#3421=ORIENTED_EDGE('',*,*,#2597,.T.);
#3422=ORIENTED_EDGE('',*,*,#2602,.T.);
#3423=ORIENTED_EDGE('',*,*,#2607,.T.);
#3424=ORIENTED_EDGE('',*,*,#2659,.T.);
#3425=ORIENTED_EDGE('',*,*,#2657,.T.);
#3426=ORIENTED_EDGE('',*,*,#2655,.T.);
#3427=ORIENTED_EDGE('',*,*,#2653,.T.);
#3428=ORIENTED_EDGE('',*,*,#2651,.T.);
#3429=ORIENTED_EDGE('',*,*,#2649,.T.);
#3430=ORIENTED_EDGE('',*,*,#2647,.T.);
#3431=ORIENTED_EDGE('',*,*,#2645,.T.);
#3432=ORIENTED_EDGE('',*,*,#2643,.T.);
#3433=ORIENTED_EDGE('',*,*,#2641,.T.);
#3434=ORIENTED_EDGE('',*,*,#2662,.F.);
#3435=ORIENTED_EDGE('',*,*,#2663,.T.);
#3436=ORIENTED_EDGE('',*,*,#2664,.F.);
#3437=ORIENTED_EDGE('',*,*,#2665,.F.);
#3438=ORIENTED_EDGE('',*,*,#2666,.F.);
#3439=ORIENTED_EDGE('',*,*,#2667,.T.);
#3440=ORIENTED_EDGE('',*,*,#2668,.F.);
#3441=ORIENTED_EDGE('',*,*,#2663,.F.);
#3442=ORIENTED_EDGE('',*,*,#2669,.F.);
#3443=ORIENTED_EDGE('',*,*,#2670,.T.);
#3444=ORIENTED_EDGE('',*,*,#2671,.F.);
#3445=ORIENTED_EDGE('',*,*,#2667,.F.);
#3446=ORIENTED_EDGE('',*,*,#2672,.F.);
#3447=ORIENTED_EDGE('',*,*,#2673,.T.);
#3448=ORIENTED_EDGE('',*,*,#2674,.F.);
#3449=ORIENTED_EDGE('',*,*,#2670,.F.);
#3450=ORIENTED_EDGE('',*,*,#2675,.F.);
#3451=ORIENTED_EDGE('',*,*,#2676,.T.);
#3452=ORIENTED_EDGE('',*,*,#2677,.F.);
#3453=ORIENTED_EDGE('',*,*,#2673,.F.);
#3454=ORIENTED_EDGE('',*,*,#2678,.F.);
#3455=ORIENTED_EDGE('',*,*,#2665,.T.);
#3456=ORIENTED_EDGE('',*,*,#2679,.F.);
#3457=ORIENTED_EDGE('',*,*,#2680,.F.);
#3458=ORIENTED_EDGE('',*,*,#2681,.F.);
#3459=ORIENTED_EDGE('',*,*,#2680,.T.);
#3460=ORIENTED_EDGE('',*,*,#2682,.F.);
#3461=ORIENTED_EDGE('',*,*,#2683,.F.);
#3462=ORIENTED_EDGE('',*,*,#2684,.F.);
#3463=ORIENTED_EDGE('',*,*,#2683,.T.);
#3464=ORIENTED_EDGE('',*,*,#2685,.F.);
#3465=ORIENTED_EDGE('',*,*,#2686,.F.);
#3466=ORIENTED_EDGE('',*,*,#2687,.F.);
#3467=ORIENTED_EDGE('',*,*,#2686,.T.);
#3468=ORIENTED_EDGE('',*,*,#2688,.F.);
#3469=ORIENTED_EDGE('',*,*,#2689,.F.);
#3470=ORIENTED_EDGE('',*,*,#2690,.F.);
#3471=ORIENTED_EDGE('',*,*,#2689,.T.);
#3472=ORIENTED_EDGE('',*,*,#2691,.F.);
#3473=ORIENTED_EDGE('',*,*,#2676,.F.);
#3474=ORIENTED_EDGE('',*,*,#2691,.T.);
#3475=ORIENTED_EDGE('',*,*,#2688,.T.);
#3476=ORIENTED_EDGE('',*,*,#2685,.T.);
#3477=ORIENTED_EDGE('',*,*,#2682,.T.);
#3478=ORIENTED_EDGE('',*,*,#2679,.T.);
#3479=ORIENTED_EDGE('',*,*,#2664,.T.);
#3480=ORIENTED_EDGE('',*,*,#2668,.T.);
#3481=ORIENTED_EDGE('',*,*,#2671,.T.);
#3482=ORIENTED_EDGE('',*,*,#2674,.T.);
#3483=ORIENTED_EDGE('',*,*,#2677,.T.);
#3484=ORIENTED_EDGE('',*,*,#2692,.F.);
#3485=ORIENTED_EDGE('',*,*,#2693,.T.);
#3486=ORIENTED_EDGE('',*,*,#2694,.F.);
#3487=ORIENTED_EDGE('',*,*,#2695,.F.);
#3488=ORIENTED_EDGE('',*,*,#2696,.F.);
#3489=ORIENTED_EDGE('',*,*,#2697,.T.);
#3490=ORIENTED_EDGE('',*,*,#2698,.F.);
#3491=ORIENTED_EDGE('',*,*,#2693,.F.);
#3492=ORIENTED_EDGE('',*,*,#2699,.F.);
#3493=ORIENTED_EDGE('',*,*,#2700,.T.);
#3494=ORIENTED_EDGE('',*,*,#2701,.F.);
#3495=ORIENTED_EDGE('',*,*,#2697,.F.);
#3496=ORIENTED_EDGE('',*,*,#2702,.F.);
#3497=ORIENTED_EDGE('',*,*,#2703,.T.);
#3498=ORIENTED_EDGE('',*,*,#2704,.F.);
#3499=ORIENTED_EDGE('',*,*,#2700,.F.);
#3500=ORIENTED_EDGE('',*,*,#2705,.F.);
#3501=ORIENTED_EDGE('',*,*,#2706,.T.);
#3502=ORIENTED_EDGE('',*,*,#2707,.F.);
#3503=ORIENTED_EDGE('',*,*,#2703,.F.);
#3504=ORIENTED_EDGE('',*,*,#2708,.F.);
#3505=ORIENTED_EDGE('',*,*,#2709,.T.);
#3506=ORIENTED_EDGE('',*,*,#2710,.F.);
#3507=ORIENTED_EDGE('',*,*,#2706,.F.);
#3508=ORIENTED_EDGE('',*,*,#2711,.F.);
#3509=ORIENTED_EDGE('',*,*,#2695,.T.);
#3510=ORIENTED_EDGE('',*,*,#2712,.F.);
#3511=ORIENTED_EDGE('',*,*,#2713,.F.);
#3512=ORIENTED_EDGE('',*,*,#2714,.F.);
#3513=ORIENTED_EDGE('',*,*,#2713,.T.);
#3514=ORIENTED_EDGE('',*,*,#2715,.F.);
#3515=ORIENTED_EDGE('',*,*,#2716,.F.);
#3516=ORIENTED_EDGE('',*,*,#2717,.F.);
#3517=ORIENTED_EDGE('',*,*,#2716,.T.);
#3518=ORIENTED_EDGE('',*,*,#2718,.F.);
#3519=ORIENTED_EDGE('',*,*,#2719,.F.);
#3520=ORIENTED_EDGE('',*,*,#2720,.F.);
#3521=ORIENTED_EDGE('',*,*,#2719,.T.);
#3522=ORIENTED_EDGE('',*,*,#2721,.F.);
#3523=ORIENTED_EDGE('',*,*,#2722,.F.);
#3524=ORIENTED_EDGE('',*,*,#2723,.F.);
#3525=ORIENTED_EDGE('',*,*,#2722,.T.);
#3526=ORIENTED_EDGE('',*,*,#2724,.F.);
#3527=ORIENTED_EDGE('',*,*,#2725,.F.);
#3528=ORIENTED_EDGE('',*,*,#2726,.F.);
#3529=ORIENTED_EDGE('',*,*,#2725,.T.);
#3530=ORIENTED_EDGE('',*,*,#2727,.F.);
#3531=ORIENTED_EDGE('',*,*,#2709,.F.);
#3532=ORIENTED_EDGE('',*,*,#2727,.T.);
#3533=ORIENTED_EDGE('',*,*,#2724,.T.);
#3534=ORIENTED_EDGE('',*,*,#2721,.T.);
#3535=ORIENTED_EDGE('',*,*,#2718,.T.);
#3536=ORIENTED_EDGE('',*,*,#2715,.T.);
#3537=ORIENTED_EDGE('',*,*,#2712,.T.);
#3538=ORIENTED_EDGE('',*,*,#2694,.T.);
#3539=ORIENTED_EDGE('',*,*,#2698,.T.);
#3540=ORIENTED_EDGE('',*,*,#2701,.T.);
#3541=ORIENTED_EDGE('',*,*,#2704,.T.);
#3542=ORIENTED_EDGE('',*,*,#2707,.T.);
#3543=ORIENTED_EDGE('',*,*,#2710,.T.);
#3544=ORIENTED_EDGE('',*,*,#2728,.F.);
#3545=ORIENTED_EDGE('',*,*,#2729,.T.);
#3546=ORIENTED_EDGE('',*,*,#2730,.F.);
#3547=ORIENTED_EDGE('',*,*,#2731,.F.);
#3548=ORIENTED_EDGE('',*,*,#2732,.F.);
#3549=ORIENTED_EDGE('',*,*,#2733,.T.);
#3550=ORIENTED_EDGE('',*,*,#2734,.F.);
#3551=ORIENTED_EDGE('',*,*,#2729,.F.);
#3552=ORIENTED_EDGE('',*,*,#2735,.F.);
#3553=ORIENTED_EDGE('',*,*,#2736,.T.);
#3554=ORIENTED_EDGE('',*,*,#2737,.F.);
#3555=ORIENTED_EDGE('',*,*,#2733,.F.);
#3556=ORIENTED_EDGE('',*,*,#2738,.F.);
#3557=ORIENTED_EDGE('',*,*,#2739,.T.);
#3558=ORIENTED_EDGE('',*,*,#2740,.F.);
#3559=ORIENTED_EDGE('',*,*,#2736,.F.);
#3560=ORIENTED_EDGE('',*,*,#2741,.F.);
#3561=ORIENTED_EDGE('',*,*,#2742,.T.);
#3562=ORIENTED_EDGE('',*,*,#2743,.F.);
#3563=ORIENTED_EDGE('',*,*,#2739,.F.);
#3564=ORIENTED_EDGE('',*,*,#2744,.F.);
#3565=ORIENTED_EDGE('',*,*,#2745,.T.);
#3566=ORIENTED_EDGE('',*,*,#2746,.F.);
#3567=ORIENTED_EDGE('',*,*,#2742,.F.);
#3568=ORIENTED_EDGE('',*,*,#2747,.F.);
#3569=ORIENTED_EDGE('',*,*,#2731,.T.);
#3570=ORIENTED_EDGE('',*,*,#2748,.F.);
#3571=ORIENTED_EDGE('',*,*,#2749,.F.);
#3572=ORIENTED_EDGE('',*,*,#2750,.F.);
#3573=ORIENTED_EDGE('',*,*,#2749,.T.);
#3574=ORIENTED_EDGE('',*,*,#2751,.F.);
#3575=ORIENTED_EDGE('',*,*,#2752,.F.);
#3576=ORIENTED_EDGE('',*,*,#2753,.F.);
#3577=ORIENTED_EDGE('',*,*,#2752,.T.);
#3578=ORIENTED_EDGE('',*,*,#2754,.F.);
#3579=ORIENTED_EDGE('',*,*,#2755,.F.);
#3580=ORIENTED_EDGE('',*,*,#2756,.F.);
#3581=ORIENTED_EDGE('',*,*,#2755,.T.);
#3582=ORIENTED_EDGE('',*,*,#2757,.F.);
#3583=ORIENTED_EDGE('',*,*,#2758,.F.);
#3584=ORIENTED_EDGE('',*,*,#2759,.F.);
#3585=ORIENTED_EDGE('',*,*,#2758,.T.);
#3586=ORIENTED_EDGE('',*,*,#2760,.F.);
#3587=ORIENTED_EDGE('',*,*,#2761,.F.);
#3588=ORIENTED_EDGE('',*,*,#2762,.F.);
#3589=ORIENTED_EDGE('',*,*,#2761,.T.);
#3590=ORIENTED_EDGE('',*,*,#2763,.F.);
#3591=ORIENTED_EDGE('',*,*,#2745,.F.);
#3592=ORIENTED_EDGE('',*,*,#2763,.T.);
#3593=ORIENTED_EDGE('',*,*,#2760,.T.);
#3594=ORIENTED_EDGE('',*,*,#2757,.T.);
#3595=ORIENTED_EDGE('',*,*,#2754,.T.);
#3596=ORIENTED_EDGE('',*,*,#2751,.T.);
#3597=ORIENTED_EDGE('',*,*,#2748,.T.);
#3598=ORIENTED_EDGE('',*,*,#2730,.T.);
#3599=ORIENTED_EDGE('',*,*,#2734,.T.);
#3600=ORIENTED_EDGE('',*,*,#2737,.T.);
#3601=ORIENTED_EDGE('',*,*,#2740,.T.);
#3602=ORIENTED_EDGE('',*,*,#2743,.T.);
#3603=ORIENTED_EDGE('',*,*,#2746,.T.);
#3604=ORIENTED_EDGE('',*,*,#2764,.F.);
#3605=ORIENTED_EDGE('',*,*,#2765,.T.);
#3606=ORIENTED_EDGE('',*,*,#2766,.F.);
#3607=ORIENTED_EDGE('',*,*,#2767,.F.);
#3608=ORIENTED_EDGE('',*,*,#2768,.F.);
#3609=ORIENTED_EDGE('',*,*,#2769,.T.);
#3610=ORIENTED_EDGE('',*,*,#2770,.F.);
#3611=ORIENTED_EDGE('',*,*,#2765,.F.);
#3612=ORIENTED_EDGE('',*,*,#2771,.F.);
#3613=ORIENTED_EDGE('',*,*,#2772,.T.);
#3614=ORIENTED_EDGE('',*,*,#2773,.F.);
#3615=ORIENTED_EDGE('',*,*,#2774,.F.);
#3616=ORIENTED_EDGE('',*,*,#2775,.F.);
#3617=ORIENTED_EDGE('',*,*,#2776,.T.);
#3618=ORIENTED_EDGE('',*,*,#2777,.F.);
#3619=ORIENTED_EDGE('',*,*,#2772,.F.);
#3620=ORIENTED_EDGE('',*,*,#2778,.F.);
#3621=ORIENTED_EDGE('',*,*,#2779,.T.);
#3622=ORIENTED_EDGE('',*,*,#2780,.F.);
#3623=ORIENTED_EDGE('',*,*,#2776,.F.);
#3624=ORIENTED_EDGE('',*,*,#2781,.F.);
#3625=ORIENTED_EDGE('',*,*,#2782,.T.);
#3626=ORIENTED_EDGE('',*,*,#2783,.F.);
#3627=ORIENTED_EDGE('',*,*,#2779,.F.);
#3628=ORIENTED_EDGE('',*,*,#2784,.F.);
#3629=ORIENTED_EDGE('',*,*,#2767,.T.);
#3630=ORIENTED_EDGE('',*,*,#2785,.F.);
#3631=ORIENTED_EDGE('',*,*,#2769,.F.);
#3632=ORIENTED_EDGE('',*,*,#2786,.F.);
#3633=ORIENTED_EDGE('',*,*,#2774,.T.);
#3634=ORIENTED_EDGE('',*,*,#2787,.F.);
#3635=ORIENTED_EDGE('',*,*,#2788,.F.);
#3636=ORIENTED_EDGE('',*,*,#2789,.F.);
#3637=ORIENTED_EDGE('',*,*,#2788,.T.);
#3638=ORIENTED_EDGE('',*,*,#2790,.F.);
#3639=ORIENTED_EDGE('',*,*,#2791,.F.);
#3640=ORIENTED_EDGE('',*,*,#2792,.F.);
#3641=ORIENTED_EDGE('',*,*,#2791,.T.);
#3642=ORIENTED_EDGE('',*,*,#2793,.F.);
#3643=ORIENTED_EDGE('',*,*,#2794,.F.);
#3644=ORIENTED_EDGE('',*,*,#2795,.F.);
#3645=ORIENTED_EDGE('',*,*,#2794,.T.);
#3646=ORIENTED_EDGE('',*,*,#2796,.F.);
#3647=ORIENTED_EDGE('',*,*,#2782,.F.);
#3648=ORIENTED_EDGE('',*,*,#2796,.T.);
#3649=ORIENTED_EDGE('',*,*,#2793,.T.);
#3650=ORIENTED_EDGE('',*,*,#2790,.T.);
#3651=ORIENTED_EDGE('',*,*,#2787,.T.);
#3652=ORIENTED_EDGE('',*,*,#2773,.T.);
#3653=ORIENTED_EDGE('',*,*,#2777,.T.);
#3654=ORIENTED_EDGE('',*,*,#2780,.T.);
#3655=ORIENTED_EDGE('',*,*,#2783,.T.);
#3656=ORIENTED_EDGE('',*,*,#2785,.T.);
#3657=ORIENTED_EDGE('',*,*,#2766,.T.);
#3658=ORIENTED_EDGE('',*,*,#2770,.T.);
#3659=ORIENTED_EDGE('',*,*,#2797,.T.);
#3660=ORIENTED_EDGE('',*,*,#2798,.T.);
#3661=ORIENTED_EDGE('',*,*,#2799,.T.);
#3662=ORIENTED_EDGE('',*,*,#2800,.T.);
#3663=ORIENTED_EDGE('',*,*,#2744,.T.);
#3664=ORIENTED_EDGE('',*,*,#2741,.T.);
#3665=ORIENTED_EDGE('',*,*,#2738,.T.);
#3666=ORIENTED_EDGE('',*,*,#2735,.T.);
#3667=ORIENTED_EDGE('',*,*,#2732,.T.);
#3668=ORIENTED_EDGE('',*,*,#2728,.T.);
#3669=ORIENTED_EDGE('',*,*,#2747,.T.);
#3670=ORIENTED_EDGE('',*,*,#2750,.T.);
#3671=ORIENTED_EDGE('',*,*,#2753,.T.);
#3672=ORIENTED_EDGE('',*,*,#2756,.T.);
#3673=ORIENTED_EDGE('',*,*,#2759,.T.);
#3674=ORIENTED_EDGE('',*,*,#2762,.T.);
#3675=ORIENTED_EDGE('',*,*,#2801,.T.);
#3676=ORIENTED_EDGE('',*,*,#2802,.T.);
#3677=ORIENTED_EDGE('',*,*,#2803,.T.);
#3678=ORIENTED_EDGE('',*,*,#2804,.T.);
#3679=ORIENTED_EDGE('',*,*,#2805,.T.);
#3680=ORIENTED_EDGE('',*,*,#2806,.T.);
#3681=ORIENTED_EDGE('',*,*,#2807,.T.);
#3682=ORIENTED_EDGE('',*,*,#2808,.T.);
#3683=ORIENTED_EDGE('',*,*,#2809,.T.);
#3684=ORIENTED_EDGE('',*,*,#2810,.T.);
#3685=ORIENTED_EDGE('',*,*,#2811,.T.);
#3686=ORIENTED_EDGE('',*,*,#2812,.T.);
#3687=ORIENTED_EDGE('',*,*,#2813,.T.);
#3688=ORIENTED_EDGE('',*,*,#2814,.T.);
#3689=ORIENTED_EDGE('',*,*,#2815,.T.);
#3690=ORIENTED_EDGE('',*,*,#2816,.T.);
#3691=ORIENTED_EDGE('',*,*,#2817,.T.);
#3692=ORIENTED_EDGE('',*,*,#2818,.T.);
#3693=ORIENTED_EDGE('',*,*,#2819,.T.);
#3694=ORIENTED_EDGE('',*,*,#2820,.T.);
#3695=ORIENTED_EDGE('',*,*,#2781,.T.);
#3696=ORIENTED_EDGE('',*,*,#2778,.T.);
#3697=ORIENTED_EDGE('',*,*,#2775,.T.);
#3698=ORIENTED_EDGE('',*,*,#2771,.T.);
#3699=ORIENTED_EDGE('',*,*,#2786,.T.);
#3700=ORIENTED_EDGE('',*,*,#2789,.T.);
#3701=ORIENTED_EDGE('',*,*,#2792,.T.);
#3702=ORIENTED_EDGE('',*,*,#2795,.T.);
#3703=ORIENTED_EDGE('',*,*,#2821,.F.);
#3704=ORIENTED_EDGE('',*,*,#2822,.T.);
#3705=ORIENTED_EDGE('',*,*,#2823,.F.);
#3706=ORIENTED_EDGE('',*,*,#2824,.F.);
#3707=ORIENTED_EDGE('',*,*,#2825,.F.);
#3708=ORIENTED_EDGE('',*,*,#2826,.T.);
#3709=ORIENTED_EDGE('',*,*,#2827,.F.);
#3710=ORIENTED_EDGE('',*,*,#2822,.F.);
#3711=ORIENTED_EDGE('',*,*,#2828,.F.);
#3712=ORIENTED_EDGE('',*,*,#2829,.T.);
#3713=ORIENTED_EDGE('',*,*,#2830,.F.);
#3714=ORIENTED_EDGE('',*,*,#2826,.F.);
#3715=ORIENTED_EDGE('',*,*,#2800,.F.);
#3716=ORIENTED_EDGE('',*,*,#2831,.T.);
#3717=ORIENTED_EDGE('',*,*,#2832,.F.);
#3718=ORIENTED_EDGE('',*,*,#2833,.F.);
#3719=ORIENTED_EDGE('',*,*,#2799,.F.);
#3720=ORIENTED_EDGE('',*,*,#2834,.T.);
#3721=ORIENTED_EDGE('',*,*,#2835,.F.);
#3722=ORIENTED_EDGE('',*,*,#2831,.F.);
#3723=ORIENTED_EDGE('',*,*,#2836,.F.);
#3724=ORIENTED_EDGE('',*,*,#2824,.T.);
#3725=ORIENTED_EDGE('',*,*,#2837,.F.);
#3726=ORIENTED_EDGE('',*,*,#2829,.F.);
#3727=ORIENTED_EDGE('',*,*,#2797,.F.);
#3728=ORIENTED_EDGE('',*,*,#2833,.T.);
#3729=ORIENTED_EDGE('',*,*,#2838,.F.);
#3730=ORIENTED_EDGE('',*,*,#2839,.F.);
#3731=ORIENTED_EDGE('',*,*,#2798,.F.);
#3732=ORIENTED_EDGE('',*,*,#2839,.T.);
#3733=ORIENTED_EDGE('',*,*,#2840,.F.);
#3734=ORIENTED_EDGE('',*,*,#2834,.F.);
#3735=ORIENTED_EDGE('',*,*,#2841,.F.);
#3736=ORIENTED_EDGE('',*,*,#2842,.T.);
#3737=ORIENTED_EDGE('',*,*,#2843,.F.);
#3738=ORIENTED_EDGE('',*,*,#2844,.F.);
#3739=ORIENTED_EDGE('',*,*,#2845,.F.);
#3740=ORIENTED_EDGE('',*,*,#2844,.T.);
#3741=ORIENTED_EDGE('',*,*,#2846,.F.);
#3742=ORIENTED_EDGE('',*,*,#2847,.F.);
#3743=ORIENTED_EDGE('',*,*,#2848,.F.);
#3744=ORIENTED_EDGE('',*,*,#2847,.T.);
#3745=ORIENTED_EDGE('',*,*,#2849,.F.);
#3746=ORIENTED_EDGE('',*,*,#2850,.F.);
#3747=ORIENTED_EDGE('',*,*,#2851,.F.);
#3748=ORIENTED_EDGE('',*,*,#2850,.T.);
#3749=ORIENTED_EDGE('',*,*,#2852,.F.);
#3750=ORIENTED_EDGE('',*,*,#2842,.F.);
#3751=ORIENTED_EDGE('',*,*,#2852,.T.);
#3752=ORIENTED_EDGE('',*,*,#2849,.T.);
#3753=ORIENTED_EDGE('',*,*,#2846,.T.);
#3754=ORIENTED_EDGE('',*,*,#2843,.T.);
#3755=ORIENTED_EDGE('',*,*,#2835,.T.);
#3756=ORIENTED_EDGE('',*,*,#2840,.T.);
#3757=ORIENTED_EDGE('',*,*,#2838,.T.);
#3758=ORIENTED_EDGE('',*,*,#2832,.T.);
#3759=ORIENTED_EDGE('',*,*,#2827,.T.);
#3760=ORIENTED_EDGE('',*,*,#2830,.T.);
#3761=ORIENTED_EDGE('',*,*,#2837,.T.);
#3762=ORIENTED_EDGE('',*,*,#2823,.T.);
#3763=ORIENTED_EDGE('',*,*,#2768,.T.);
#3764=ORIENTED_EDGE('',*,*,#2764,.T.);
#3765=ORIENTED_EDGE('',*,*,#2784,.T.);
#3766=ORIENTED_EDGE('',*,*,#2851,.T.);
#3767=ORIENTED_EDGE('',*,*,#2841,.T.);
#3768=ORIENTED_EDGE('',*,*,#2845,.T.);
#3769=ORIENTED_EDGE('',*,*,#2848,.T.);
#3770=ORIENTED_EDGE('',*,*,#2816,.F.);
#3771=ORIENTED_EDGE('',*,*,#2853,.T.);
#3772=ORIENTED_EDGE('',*,*,#2854,.F.);
#3773=ORIENTED_EDGE('',*,*,#2855,.F.);
#3774=ORIENTED_EDGE('',*,*,#2815,.F.);
#3775=ORIENTED_EDGE('',*,*,#2856,.T.);
#3776=ORIENTED_EDGE('',*,*,#2857,.F.);
#3777=ORIENTED_EDGE('',*,*,#2853,.F.);
#3778=ORIENTED_EDGE('',*,*,#2814,.F.);
#3779=ORIENTED_EDGE('',*,*,#2858,.T.);
#3780=ORIENTED_EDGE('',*,*,#2859,.F.);
#3781=ORIENTED_EDGE('',*,*,#2856,.F.);
#3782=ORIENTED_EDGE('',*,*,#2813,.F.);
#3783=ORIENTED_EDGE('',*,*,#2860,.T.);
#3784=ORIENTED_EDGE('',*,*,#2861,.F.);
#3785=ORIENTED_EDGE('',*,*,#2858,.F.);
#3786=ORIENTED_EDGE('',*,*,#2817,.F.);
#3787=ORIENTED_EDGE('',*,*,#2855,.T.);
#3788=ORIENTED_EDGE('',*,*,#2862,.F.);
#3789=ORIENTED_EDGE('',*,*,#2863,.F.);
#3790=ORIENTED_EDGE('',*,*,#2818,.F.);
#3791=ORIENTED_EDGE('',*,*,#2863,.T.);
#3792=ORIENTED_EDGE('',*,*,#2864,.F.);
#3793=ORIENTED_EDGE('',*,*,#2865,.F.);
#3794=ORIENTED_EDGE('',*,*,#2819,.F.);
#3795=ORIENTED_EDGE('',*,*,#2865,.T.);
#3796=ORIENTED_EDGE('',*,*,#2866,.F.);
#3797=ORIENTED_EDGE('',*,*,#2867,.F.);
#3798=ORIENTED_EDGE('',*,*,#2820,.F.);
#3799=ORIENTED_EDGE('',*,*,#2867,.T.);
#3800=ORIENTED_EDGE('',*,*,#2868,.F.);
#3801=ORIENTED_EDGE('',*,*,#2860,.F.);
#3802=ORIENTED_EDGE('',*,*,#2868,.T.);
#3803=ORIENTED_EDGE('',*,*,#2866,.T.);
#3804=ORIENTED_EDGE('',*,*,#2864,.T.);
#3805=ORIENTED_EDGE('',*,*,#2862,.T.);
#3806=ORIENTED_EDGE('',*,*,#2854,.T.);
#3807=ORIENTED_EDGE('',*,*,#2857,.T.);
#3808=ORIENTED_EDGE('',*,*,#2859,.T.);
#3809=ORIENTED_EDGE('',*,*,#2861,.T.);
#3810=ORIENTED_EDGE('',*,*,#2806,.F.);
#3811=ORIENTED_EDGE('',*,*,#2869,.T.);
#3812=ORIENTED_EDGE('',*,*,#2870,.F.);
#3813=ORIENTED_EDGE('',*,*,#2871,.F.);
#3814=ORIENTED_EDGE('',*,*,#2805,.F.);
#3815=ORIENTED_EDGE('',*,*,#2872,.T.);
#3816=ORIENTED_EDGE('',*,*,#2873,.F.);
#3817=ORIENTED_EDGE('',*,*,#2869,.F.);
#3818=ORIENTED_EDGE('',*,*,#2804,.F.);
#3819=ORIENTED_EDGE('',*,*,#2874,.T.);
#3820=ORIENTED_EDGE('',*,*,#2875,.F.);
#3821=ORIENTED_EDGE('',*,*,#2872,.F.);
#3822=ORIENTED_EDGE('',*,*,#2803,.F.);
#3823=ORIENTED_EDGE('',*,*,#2876,.T.);
#3824=ORIENTED_EDGE('',*,*,#2877,.F.);
#3825=ORIENTED_EDGE('',*,*,#2874,.F.);
#3826=ORIENTED_EDGE('',*,*,#2802,.F.);
#3827=ORIENTED_EDGE('',*,*,#2878,.T.);
#3828=ORIENTED_EDGE('',*,*,#2879,.F.);
#3829=ORIENTED_EDGE('',*,*,#2876,.F.);
#3830=ORIENTED_EDGE('',*,*,#2801,.F.);
#3831=ORIENTED_EDGE('',*,*,#2880,.T.);
#3832=ORIENTED_EDGE('',*,*,#2881,.F.);
#3833=ORIENTED_EDGE('',*,*,#2878,.F.);
#3834=ORIENTED_EDGE('',*,*,#2807,.F.);
#3835=ORIENTED_EDGE('',*,*,#2871,.T.);
#3836=ORIENTED_EDGE('',*,*,#2882,.F.);
#3837=ORIENTED_EDGE('',*,*,#2883,.F.);
#3838=ORIENTED_EDGE('',*,*,#2808,.F.);
#3839=ORIENTED_EDGE('',*,*,#2883,.T.);
#3840=ORIENTED_EDGE('',*,*,#2884,.F.);
#3841=ORIENTED_EDGE('',*,*,#2885,.F.);
#3842=ORIENTED_EDGE('',*,*,#2809,.F.);
#3843=ORIENTED_EDGE('',*,*,#2885,.T.);
#3844=ORIENTED_EDGE('',*,*,#2886,.F.);
#3845=ORIENTED_EDGE('',*,*,#2887,.F.);
#3846=ORIENTED_EDGE('',*,*,#2810,.F.);
#3847=ORIENTED_EDGE('',*,*,#2887,.T.);
#3848=ORIENTED_EDGE('',*,*,#2888,.F.);
#3849=ORIENTED_EDGE('',*,*,#2889,.F.);
#3850=ORIENTED_EDGE('',*,*,#2811,.F.);
#3851=ORIENTED_EDGE('',*,*,#2889,.T.);
#3852=ORIENTED_EDGE('',*,*,#2890,.F.);
#3853=ORIENTED_EDGE('',*,*,#2891,.F.);
#3854=ORIENTED_EDGE('',*,*,#2812,.F.);
#3855=ORIENTED_EDGE('',*,*,#2891,.T.);
#3856=ORIENTED_EDGE('',*,*,#2892,.F.);
#3857=ORIENTED_EDGE('',*,*,#2880,.F.);
#3858=ORIENTED_EDGE('',*,*,#2892,.T.);
#3859=ORIENTED_EDGE('',*,*,#2890,.T.);
#3860=ORIENTED_EDGE('',*,*,#2888,.T.);
#3861=ORIENTED_EDGE('',*,*,#2886,.T.);
#3862=ORIENTED_EDGE('',*,*,#2884,.T.);
#3863=ORIENTED_EDGE('',*,*,#2882,.T.);
#3864=ORIENTED_EDGE('',*,*,#2870,.T.);
#3865=ORIENTED_EDGE('',*,*,#2873,.T.);
#3866=ORIENTED_EDGE('',*,*,#2875,.T.);
#3867=ORIENTED_EDGE('',*,*,#2877,.T.);
#3868=ORIENTED_EDGE('',*,*,#2879,.T.);
#3869=ORIENTED_EDGE('',*,*,#2881,.T.);
#3870=ORIENTED_EDGE('',*,*,#2893,.F.);
#3871=ORIENTED_EDGE('',*,*,#2894,.T.);
#3872=ORIENTED_EDGE('',*,*,#2895,.F.);
#3873=ORIENTED_EDGE('',*,*,#2896,.F.);
#3874=ORIENTED_EDGE('',*,*,#2897,.F.);
#3875=ORIENTED_EDGE('',*,*,#2898,.T.);
#3876=ORIENTED_EDGE('',*,*,#2899,.F.);
#3877=ORIENTED_EDGE('',*,*,#2894,.F.);
#3878=ORIENTED_EDGE('',*,*,#2900,.F.);
#3879=ORIENTED_EDGE('',*,*,#2896,.T.);
#3880=ORIENTED_EDGE('',*,*,#2901,.F.);
#3881=ORIENTED_EDGE('',*,*,#2902,.F.);
#3882=ORIENTED_EDGE('',*,*,#2903,.F.);
#3883=ORIENTED_EDGE('',*,*,#2902,.T.);
#3884=ORIENTED_EDGE('',*,*,#2904,.F.);
#3885=ORIENTED_EDGE('',*,*,#2898,.F.);
#3886=ORIENTED_EDGE('',*,*,#2904,.T.);
#3887=ORIENTED_EDGE('',*,*,#2901,.T.);
#3888=ORIENTED_EDGE('',*,*,#2895,.T.);
#3889=ORIENTED_EDGE('',*,*,#2899,.T.);
#3890=ORIENTED_EDGE('',*,*,#2905,.F.);
#3891=ORIENTED_EDGE('',*,*,#2906,.T.);
#3892=ORIENTED_EDGE('',*,*,#2907,.F.);
#3893=ORIENTED_EDGE('',*,*,#2908,.F.);
#3894=ORIENTED_EDGE('',*,*,#2909,.F.);
#3895=ORIENTED_EDGE('',*,*,#2910,.T.);
#3896=ORIENTED_EDGE('',*,*,#2911,.F.);
#3897=ORIENTED_EDGE('',*,*,#2906,.F.);
#3898=ORIENTED_EDGE('',*,*,#2912,.F.);
#3899=ORIENTED_EDGE('',*,*,#2913,.T.);
#3900=ORIENTED_EDGE('',*,*,#2914,.F.);
#3901=ORIENTED_EDGE('',*,*,#2910,.F.);
#3902=ORIENTED_EDGE('',*,*,#2915,.F.);
#3903=ORIENTED_EDGE('',*,*,#2908,.T.);
#3904=ORIENTED_EDGE('',*,*,#2916,.F.);
#3905=ORIENTED_EDGE('',*,*,#2917,.F.);
#3906=ORIENTED_EDGE('',*,*,#2918,.F.);
#3907=ORIENTED_EDGE('',*,*,#2917,.T.);
#3908=ORIENTED_EDGE('',*,*,#2919,.F.);
#3909=ORIENTED_EDGE('',*,*,#2920,.F.);
#3910=ORIENTED_EDGE('',*,*,#2921,.F.);
#3911=ORIENTED_EDGE('',*,*,#2920,.T.);
#3912=ORIENTED_EDGE('',*,*,#2922,.F.);
#3913=ORIENTED_EDGE('',*,*,#2913,.F.);
#3914=ORIENTED_EDGE('',*,*,#2922,.T.);
#3915=ORIENTED_EDGE('',*,*,#2919,.T.);
#3916=ORIENTED_EDGE('',*,*,#2916,.T.);
#3917=ORIENTED_EDGE('',*,*,#2907,.T.);
#3918=ORIENTED_EDGE('',*,*,#2911,.T.);
#3919=ORIENTED_EDGE('',*,*,#2914,.T.);
#3920=ORIENTED_EDGE('',*,*,#2825,.T.);
#3921=ORIENTED_EDGE('',*,*,#2821,.T.);
#3922=ORIENTED_EDGE('',*,*,#2836,.T.);
#3923=ORIENTED_EDGE('',*,*,#2828,.T.);
#3924=ORIENTED_EDGE('',*,*,#2675,.T.);
#3925=ORIENTED_EDGE('',*,*,#2672,.T.);
#3926=ORIENTED_EDGE('',*,*,#2669,.T.);
#3927=ORIENTED_EDGE('',*,*,#2666,.T.);
#3928=ORIENTED_EDGE('',*,*,#2662,.T.);
#3929=ORIENTED_EDGE('',*,*,#2678,.T.);
#3930=ORIENTED_EDGE('',*,*,#2681,.T.);
#3931=ORIENTED_EDGE('',*,*,#2684,.T.);
#3932=ORIENTED_EDGE('',*,*,#2687,.T.);
#3933=ORIENTED_EDGE('',*,*,#2690,.T.);
#3934=ORIENTED_EDGE('',*,*,#2708,.T.);
#3935=ORIENTED_EDGE('',*,*,#2705,.T.);
#3936=ORIENTED_EDGE('',*,*,#2702,.T.);
#3937=ORIENTED_EDGE('',*,*,#2699,.T.);
#3938=ORIENTED_EDGE('',*,*,#2696,.T.);
#3939=ORIENTED_EDGE('',*,*,#2692,.T.);
#3940=ORIENTED_EDGE('',*,*,#2711,.T.);
#3941=ORIENTED_EDGE('',*,*,#2714,.T.);
#3942=ORIENTED_EDGE('',*,*,#2717,.T.);
#3943=ORIENTED_EDGE('',*,*,#2720,.T.);
#3944=ORIENTED_EDGE('',*,*,#2723,.T.);
#3945=ORIENTED_EDGE('',*,*,#2726,.T.);
#3946=ORIENTED_EDGE('',*,*,#2897,.T.);
#3947=ORIENTED_EDGE('',*,*,#2893,.T.);
#3948=ORIENTED_EDGE('',*,*,#2900,.T.);
#3949=ORIENTED_EDGE('',*,*,#2903,.T.);
#3950=ORIENTED_EDGE('',*,*,#2912,.T.);
#3951=ORIENTED_EDGE('',*,*,#2909,.T.);
#3952=ORIENTED_EDGE('',*,*,#2905,.T.);
#3953=ORIENTED_EDGE('',*,*,#2915,.T.);
#3954=ORIENTED_EDGE('',*,*,#2918,.T.);
#3955=ORIENTED_EDGE('',*,*,#2921,.T.);
#3956=ORIENTED_EDGE('',*,*,#2923,.F.);
#3957=ORIENTED_EDGE('',*,*,#2924,.T.);
#3958=ORIENTED_EDGE('',*,*,#2925,.F.);
#3959=ORIENTED_EDGE('',*,*,#2926,.F.);
#3960=ORIENTED_EDGE('',*,*,#2927,.F.);
#3961=ORIENTED_EDGE('',*,*,#2928,.T.);
#3962=ORIENTED_EDGE('',*,*,#2929,.F.);
#3963=ORIENTED_EDGE('',*,*,#2924,.F.);
#3964=ORIENTED_EDGE('',*,*,#2930,.F.);
#3965=ORIENTED_EDGE('',*,*,#2931,.T.);
#3966=ORIENTED_EDGE('',*,*,#2932,.F.);
#3967=ORIENTED_EDGE('',*,*,#2928,.F.);
#3968=ORIENTED_EDGE('',*,*,#2933,.F.);
#3969=ORIENTED_EDGE('',*,*,#2934,.T.);
#3970=ORIENTED_EDGE('',*,*,#2935,.F.);
#3971=ORIENTED_EDGE('',*,*,#2931,.F.);
#3972=ORIENTED_EDGE('',*,*,#2936,.F.);
#3973=ORIENTED_EDGE('',*,*,#2937,.T.);
#3974=ORIENTED_EDGE('',*,*,#2938,.F.);
#3975=ORIENTED_EDGE('',*,*,#2934,.F.);
#3976=ORIENTED_EDGE('',*,*,#2939,.F.);
#3977=ORIENTED_EDGE('',*,*,#2940,.T.);
#3978=ORIENTED_EDGE('',*,*,#2941,.F.);
#3979=ORIENTED_EDGE('',*,*,#2937,.F.);
#3980=ORIENTED_EDGE('',*,*,#2942,.F.);
#3981=ORIENTED_EDGE('',*,*,#2943,.T.);
#3982=ORIENTED_EDGE('',*,*,#2944,.F.);
#3983=ORIENTED_EDGE('',*,*,#2940,.F.);
#3984=ORIENTED_EDGE('',*,*,#2945,.F.);
#3985=ORIENTED_EDGE('',*,*,#2946,.T.);
#3986=ORIENTED_EDGE('',*,*,#2947,.F.);
#3987=ORIENTED_EDGE('',*,*,#2943,.F.);
#3988=ORIENTED_EDGE('',*,*,#2948,.F.);
#3989=ORIENTED_EDGE('',*,*,#2949,.T.);
#3990=ORIENTED_EDGE('',*,*,#2950,.F.);
#3991=ORIENTED_EDGE('',*,*,#2946,.F.);
#3992=ORIENTED_EDGE('',*,*,#2951,.F.);
#3993=ORIENTED_EDGE('',*,*,#2952,.T.);
#3994=ORIENTED_EDGE('',*,*,#2953,.F.);
#3995=ORIENTED_EDGE('',*,*,#2949,.F.);
#3996=ORIENTED_EDGE('',*,*,#2954,.F.);
#3997=ORIENTED_EDGE('',*,*,#2955,.T.);
#3998=ORIENTED_EDGE('',*,*,#2956,.F.);
#3999=ORIENTED_EDGE('',*,*,#2952,.F.);
#4000=ORIENTED_EDGE('',*,*,#2957,.F.);
#4001=ORIENTED_EDGE('',*,*,#2958,.T.);
#4002=ORIENTED_EDGE('',*,*,#2959,.F.);
#4003=ORIENTED_EDGE('',*,*,#2955,.F.);
#4004=ORIENTED_EDGE('',*,*,#2960,.F.);
#4005=ORIENTED_EDGE('',*,*,#2926,.T.);
#4006=ORIENTED_EDGE('',*,*,#2961,.F.);
#4007=ORIENTED_EDGE('',*,*,#2962,.F.);
#4008=ORIENTED_EDGE('',*,*,#2963,.F.);
#4009=ORIENTED_EDGE('',*,*,#2962,.T.);
#4010=ORIENTED_EDGE('',*,*,#2964,.F.);
#4011=ORIENTED_EDGE('',*,*,#2965,.F.);
#4012=ORIENTED_EDGE('',*,*,#2966,.F.);
#4013=ORIENTED_EDGE('',*,*,#2965,.T.);
#4014=ORIENTED_EDGE('',*,*,#2967,.F.);
#4015=ORIENTED_EDGE('',*,*,#2968,.F.);
#4016=ORIENTED_EDGE('',*,*,#2969,.F.);
#4017=ORIENTED_EDGE('',*,*,#2968,.T.);
#4018=ORIENTED_EDGE('',*,*,#2970,.F.);
#4019=ORIENTED_EDGE('',*,*,#2971,.F.);
#4020=ORIENTED_EDGE('',*,*,#2972,.F.);
#4021=ORIENTED_EDGE('',*,*,#2971,.T.);
#4022=ORIENTED_EDGE('',*,*,#2973,.F.);
#4023=ORIENTED_EDGE('',*,*,#2974,.F.);
#4024=ORIENTED_EDGE('',*,*,#2975,.F.);
#4025=ORIENTED_EDGE('',*,*,#2974,.T.);
#4026=ORIENTED_EDGE('',*,*,#2976,.F.);
#4027=ORIENTED_EDGE('',*,*,#2977,.F.);
#4028=ORIENTED_EDGE('',*,*,#2978,.F.);
#4029=ORIENTED_EDGE('',*,*,#2977,.T.);
#4030=ORIENTED_EDGE('',*,*,#2979,.F.);
#4031=ORIENTED_EDGE('',*,*,#2980,.F.);
#4032=ORIENTED_EDGE('',*,*,#2981,.F.);
#4033=ORIENTED_EDGE('',*,*,#2980,.T.);
#4034=ORIENTED_EDGE('',*,*,#2982,.F.);
#4035=ORIENTED_EDGE('',*,*,#2983,.F.);
#4036=ORIENTED_EDGE('',*,*,#2984,.F.);
#4037=ORIENTED_EDGE('',*,*,#2983,.T.);
#4038=ORIENTED_EDGE('',*,*,#2985,.F.);
#4039=ORIENTED_EDGE('',*,*,#2986,.F.);
#4040=ORIENTED_EDGE('',*,*,#2987,.F.);
#4041=ORIENTED_EDGE('',*,*,#2986,.T.);
#4042=ORIENTED_EDGE('',*,*,#2988,.F.);
#4043=ORIENTED_EDGE('',*,*,#2989,.F.);
#4044=ORIENTED_EDGE('',*,*,#2990,.F.);
#4045=ORIENTED_EDGE('',*,*,#2989,.T.);
#4046=ORIENTED_EDGE('',*,*,#2991,.F.);
#4047=ORIENTED_EDGE('',*,*,#2992,.F.);
#4048=ORIENTED_EDGE('',*,*,#2993,.F.);
#4049=ORIENTED_EDGE('',*,*,#2992,.T.);
#4050=ORIENTED_EDGE('',*,*,#2994,.F.);
#4051=ORIENTED_EDGE('',*,*,#2958,.F.);
#4052=ORIENTED_EDGE('',*,*,#2994,.T.);
#4053=ORIENTED_EDGE('',*,*,#2991,.T.);
#4054=ORIENTED_EDGE('',*,*,#2988,.T.);
#4055=ORIENTED_EDGE('',*,*,#2985,.T.);
#4056=ORIENTED_EDGE('',*,*,#2982,.T.);
#4057=ORIENTED_EDGE('',*,*,#2979,.T.);
#4058=ORIENTED_EDGE('',*,*,#2976,.T.);
#4059=ORIENTED_EDGE('',*,*,#2973,.T.);
#4060=ORIENTED_EDGE('',*,*,#2970,.T.);
#4061=ORIENTED_EDGE('',*,*,#2967,.T.);
#4062=ORIENTED_EDGE('',*,*,#2964,.T.);
#4063=ORIENTED_EDGE('',*,*,#2961,.T.);
#4064=ORIENTED_EDGE('',*,*,#2925,.T.);
#4065=ORIENTED_EDGE('',*,*,#2929,.T.);
#4066=ORIENTED_EDGE('',*,*,#2932,.T.);
#4067=ORIENTED_EDGE('',*,*,#2935,.T.);
#4068=ORIENTED_EDGE('',*,*,#2938,.T.);
#4069=ORIENTED_EDGE('',*,*,#2941,.T.);
#4070=ORIENTED_EDGE('',*,*,#2944,.T.);
#4071=ORIENTED_EDGE('',*,*,#2947,.T.);
#4072=ORIENTED_EDGE('',*,*,#2950,.T.);
#4073=ORIENTED_EDGE('',*,*,#2953,.T.);
#4074=ORIENTED_EDGE('',*,*,#2956,.T.);
#4075=ORIENTED_EDGE('',*,*,#2959,.T.);
#4076=ORIENTED_EDGE('',*,*,#2995,.F.);
#4077=ORIENTED_EDGE('',*,*,#2996,.T.);
#4078=ORIENTED_EDGE('',*,*,#2997,.F.);
#4079=ORIENTED_EDGE('',*,*,#2998,.F.);
#4080=ORIENTED_EDGE('',*,*,#2999,.F.);
#4081=ORIENTED_EDGE('',*,*,#3000,.T.);
#4082=ORIENTED_EDGE('',*,*,#3001,.F.);
#4083=ORIENTED_EDGE('',*,*,#2996,.F.);
#4084=ORIENTED_EDGE('',*,*,#3002,.F.);
#4085=ORIENTED_EDGE('',*,*,#3003,.T.);
#4086=ORIENTED_EDGE('',*,*,#3004,.F.);
#4087=ORIENTED_EDGE('',*,*,#3000,.F.);
#4088=ORIENTED_EDGE('',*,*,#3005,.F.);
#4089=ORIENTED_EDGE('',*,*,#3006,.T.);
#4090=ORIENTED_EDGE('',*,*,#3007,.F.);
#4091=ORIENTED_EDGE('',*,*,#3003,.F.);
#4092=ORIENTED_EDGE('',*,*,#3008,.F.);
#4093=ORIENTED_EDGE('',*,*,#3009,.T.);
#4094=ORIENTED_EDGE('',*,*,#3010,.F.);
#4095=ORIENTED_EDGE('',*,*,#3006,.F.);
#4096=ORIENTED_EDGE('',*,*,#3011,.F.);
#4097=ORIENTED_EDGE('',*,*,#2998,.T.);
#4098=ORIENTED_EDGE('',*,*,#3012,.F.);
#4099=ORIENTED_EDGE('',*,*,#3013,.F.);
#4100=ORIENTED_EDGE('',*,*,#3014,.F.);
#4101=ORIENTED_EDGE('',*,*,#3013,.T.);
#4102=ORIENTED_EDGE('',*,*,#3015,.F.);
#4103=ORIENTED_EDGE('',*,*,#3016,.F.);
#4104=ORIENTED_EDGE('',*,*,#3017,.F.);
#4105=ORIENTED_EDGE('',*,*,#3016,.T.);
#4106=ORIENTED_EDGE('',*,*,#3018,.F.);
#4107=ORIENTED_EDGE('',*,*,#3019,.F.);
#4108=ORIENTED_EDGE('',*,*,#3020,.F.);
#4109=ORIENTED_EDGE('',*,*,#3019,.T.);
#4110=ORIENTED_EDGE('',*,*,#3021,.F.);
#4111=ORIENTED_EDGE('',*,*,#3022,.F.);
#4112=ORIENTED_EDGE('',*,*,#3023,.F.);
#4113=ORIENTED_EDGE('',*,*,#3022,.T.);
#4114=ORIENTED_EDGE('',*,*,#3024,.F.);
#4115=ORIENTED_EDGE('',*,*,#3009,.F.);
#4116=ORIENTED_EDGE('',*,*,#3024,.T.);
#4117=ORIENTED_EDGE('',*,*,#3021,.T.);
#4118=ORIENTED_EDGE('',*,*,#3018,.T.);
#4119=ORIENTED_EDGE('',*,*,#3015,.T.);
#4120=ORIENTED_EDGE('',*,*,#3012,.T.);
#4121=ORIENTED_EDGE('',*,*,#2997,.T.);
#4122=ORIENTED_EDGE('',*,*,#3001,.T.);
#4123=ORIENTED_EDGE('',*,*,#3004,.T.);
#4124=ORIENTED_EDGE('',*,*,#3007,.T.);
#4125=ORIENTED_EDGE('',*,*,#3010,.T.);
#4126=ORIENTED_EDGE('',*,*,#3025,.F.);
#4127=ORIENTED_EDGE('',*,*,#3026,.T.);
#4128=ORIENTED_EDGE('',*,*,#3027,.F.);
#4129=ORIENTED_EDGE('',*,*,#3028,.F.);
#4130=ORIENTED_EDGE('',*,*,#3029,.F.);
#4131=ORIENTED_EDGE('',*,*,#3030,.T.);
#4132=ORIENTED_EDGE('',*,*,#3031,.F.);
#4133=ORIENTED_EDGE('',*,*,#3026,.F.);
#4134=ORIENTED_EDGE('',*,*,#3032,.F.);
#4135=ORIENTED_EDGE('',*,*,#3033,.T.);
#4136=ORIENTED_EDGE('',*,*,#3034,.F.);
#4137=ORIENTED_EDGE('',*,*,#3030,.F.);
#4138=ORIENTED_EDGE('',*,*,#3035,.F.);
#4139=ORIENTED_EDGE('',*,*,#3036,.T.);
#4140=ORIENTED_EDGE('',*,*,#3037,.F.);
#4141=ORIENTED_EDGE('',*,*,#3033,.F.);
#4142=ORIENTED_EDGE('',*,*,#3038,.F.);
#4143=ORIENTED_EDGE('',*,*,#3039,.T.);
#4144=ORIENTED_EDGE('',*,*,#3040,.F.);
#4145=ORIENTED_EDGE('',*,*,#3041,.F.);
#4146=ORIENTED_EDGE('',*,*,#3042,.F.);
#4147=ORIENTED_EDGE('',*,*,#3043,.T.);
#4148=ORIENTED_EDGE('',*,*,#3044,.F.);
#4149=ORIENTED_EDGE('',*,*,#3039,.F.);
#4150=ORIENTED_EDGE('',*,*,#3045,.F.);
#4151=ORIENTED_EDGE('',*,*,#3046,.T.);
#4152=ORIENTED_EDGE('',*,*,#3047,.F.);
#4153=ORIENTED_EDGE('',*,*,#3043,.F.);
#4154=ORIENTED_EDGE('',*,*,#3048,.F.);
#4155=ORIENTED_EDGE('',*,*,#3049,.T.);
#4156=ORIENTED_EDGE('',*,*,#3050,.F.);
#4157=ORIENTED_EDGE('',*,*,#3046,.F.);
#4158=ORIENTED_EDGE('',*,*,#3051,.F.);
#4159=ORIENTED_EDGE('',*,*,#3052,.T.);
#4160=ORIENTED_EDGE('',*,*,#3053,.F.);
#4161=ORIENTED_EDGE('',*,*,#3049,.F.);
#4162=ORIENTED_EDGE('',*,*,#3054,.F.);
#4163=ORIENTED_EDGE('',*,*,#3028,.T.);
#4164=ORIENTED_EDGE('',*,*,#3055,.F.);
#4165=ORIENTED_EDGE('',*,*,#3056,.F.);
#4166=ORIENTED_EDGE('',*,*,#3057,.F.);
#4167=ORIENTED_EDGE('',*,*,#3056,.T.);
#4168=ORIENTED_EDGE('',*,*,#3058,.F.);
#4169=ORIENTED_EDGE('',*,*,#3059,.F.);
#4170=ORIENTED_EDGE('',*,*,#3060,.F.);
#4171=ORIENTED_EDGE('',*,*,#3059,.T.);
#4172=ORIENTED_EDGE('',*,*,#3061,.F.);
#4173=ORIENTED_EDGE('',*,*,#3062,.F.);
#4174=ORIENTED_EDGE('',*,*,#3063,.F.);
#4175=ORIENTED_EDGE('',*,*,#3062,.T.);
#4176=ORIENTED_EDGE('',*,*,#3064,.F.);
#4177=ORIENTED_EDGE('',*,*,#3036,.F.);
#4178=ORIENTED_EDGE('',*,*,#3065,.F.);
#4179=ORIENTED_EDGE('',*,*,#3041,.T.);
#4180=ORIENTED_EDGE('',*,*,#3066,.F.);
#4181=ORIENTED_EDGE('',*,*,#3067,.F.);
#4182=ORIENTED_EDGE('',*,*,#3068,.F.);
#4183=ORIENTED_EDGE('',*,*,#3067,.T.);
#4184=ORIENTED_EDGE('',*,*,#3069,.F.);
#4185=ORIENTED_EDGE('',*,*,#3070,.F.);
#4186=ORIENTED_EDGE('',*,*,#3071,.F.);
#4187=ORIENTED_EDGE('',*,*,#3070,.T.);
#4188=ORIENTED_EDGE('',*,*,#3072,.F.);
#4189=ORIENTED_EDGE('',*,*,#3073,.F.);
#4190=ORIENTED_EDGE('',*,*,#3074,.F.);
#4191=ORIENTED_EDGE('',*,*,#3073,.T.);
#4192=ORIENTED_EDGE('',*,*,#3075,.F.);
#4193=ORIENTED_EDGE('',*,*,#3076,.F.);
#4194=ORIENTED_EDGE('',*,*,#3077,.F.);
#4195=ORIENTED_EDGE('',*,*,#3076,.T.);
#4196=ORIENTED_EDGE('',*,*,#3078,.F.);
#4197=ORIENTED_EDGE('',*,*,#3052,.F.);
#4198=ORIENTED_EDGE('',*,*,#3078,.T.);
#4199=ORIENTED_EDGE('',*,*,#3075,.T.);
#4200=ORIENTED_EDGE('',*,*,#3072,.T.);
#4201=ORIENTED_EDGE('',*,*,#3069,.T.);
#4202=ORIENTED_EDGE('',*,*,#3066,.T.);
#4203=ORIENTED_EDGE('',*,*,#3040,.T.);
#4204=ORIENTED_EDGE('',*,*,#3044,.T.);
#4205=ORIENTED_EDGE('',*,*,#3047,.T.);
#4206=ORIENTED_EDGE('',*,*,#3050,.T.);
#4207=ORIENTED_EDGE('',*,*,#3053,.T.);
#4208=ORIENTED_EDGE('',*,*,#3064,.T.);
#4209=ORIENTED_EDGE('',*,*,#3061,.T.);
#4210=ORIENTED_EDGE('',*,*,#3058,.T.);
#4211=ORIENTED_EDGE('',*,*,#3055,.T.);
#4212=ORIENTED_EDGE('',*,*,#3027,.T.);
#4213=ORIENTED_EDGE('',*,*,#3031,.T.);
#4214=ORIENTED_EDGE('',*,*,#3034,.T.);
#4215=ORIENTED_EDGE('',*,*,#3037,.T.);
#4216=ORIENTED_EDGE('',*,*,#3079,.T.);
#4217=ORIENTED_EDGE('',*,*,#3080,.T.);
#4218=ORIENTED_EDGE('',*,*,#3081,.T.);
#4219=ORIENTED_EDGE('',*,*,#3082,.T.);
#4220=ORIENTED_EDGE('',*,*,#2957,.T.);
#4221=ORIENTED_EDGE('',*,*,#2954,.T.);
#4222=ORIENTED_EDGE('',*,*,#2951,.T.);
#4223=ORIENTED_EDGE('',*,*,#2948,.T.);
#4224=ORIENTED_EDGE('',*,*,#2945,.T.);
#4225=ORIENTED_EDGE('',*,*,#2942,.T.);
#4226=ORIENTED_EDGE('',*,*,#2939,.T.);
#4227=ORIENTED_EDGE('',*,*,#2936,.T.);
#4228=ORIENTED_EDGE('',*,*,#2933,.T.);
#4229=ORIENTED_EDGE('',*,*,#2930,.T.);
#4230=ORIENTED_EDGE('',*,*,#2927,.T.);
#4231=ORIENTED_EDGE('',*,*,#2923,.T.);
#4232=ORIENTED_EDGE('',*,*,#2960,.T.);
#4233=ORIENTED_EDGE('',*,*,#2963,.T.);
#4234=ORIENTED_EDGE('',*,*,#2966,.T.);
#4235=ORIENTED_EDGE('',*,*,#2969,.T.);
#4236=ORIENTED_EDGE('',*,*,#2972,.T.);
#4237=ORIENTED_EDGE('',*,*,#2975,.T.);
#4238=ORIENTED_EDGE('',*,*,#2978,.T.);
#4239=ORIENTED_EDGE('',*,*,#2981,.T.);
#4240=ORIENTED_EDGE('',*,*,#2984,.T.);
#4241=ORIENTED_EDGE('',*,*,#2987,.T.);
#4242=ORIENTED_EDGE('',*,*,#2990,.T.);
#4243=ORIENTED_EDGE('',*,*,#2993,.T.);
#4244=ORIENTED_EDGE('',*,*,#3008,.T.);
#4245=ORIENTED_EDGE('',*,*,#3005,.T.);
#4246=ORIENTED_EDGE('',*,*,#3002,.T.);
#4247=ORIENTED_EDGE('',*,*,#2999,.T.);
#4248=ORIENTED_EDGE('',*,*,#2995,.T.);
#4249=ORIENTED_EDGE('',*,*,#3011,.T.);
#4250=ORIENTED_EDGE('',*,*,#3014,.T.);
#4251=ORIENTED_EDGE('',*,*,#3017,.T.);
#4252=ORIENTED_EDGE('',*,*,#3020,.T.);
#4253=ORIENTED_EDGE('',*,*,#3023,.T.);
#4254=ORIENTED_EDGE('',*,*,#3083,.T.);
#4255=ORIENTED_EDGE('',*,*,#3084,.T.);
#4256=ORIENTED_EDGE('',*,*,#3085,.T.);
#4257=ORIENTED_EDGE('',*,*,#3086,.T.);
#4258=ORIENTED_EDGE('',*,*,#3087,.T.);
#4259=ORIENTED_EDGE('',*,*,#3088,.T.);
#4260=ORIENTED_EDGE('',*,*,#3089,.T.);
#4261=ORIENTED_EDGE('',*,*,#3090,.T.);
#4262=ORIENTED_EDGE('',*,*,#3091,.T.);
#4263=ORIENTED_EDGE('',*,*,#3092,.T.);
#4264=ORIENTED_EDGE('',*,*,#3093,.T.);
#4265=ORIENTED_EDGE('',*,*,#3094,.T.);
#4266=ORIENTED_EDGE('',*,*,#3095,.T.);
#4267=ORIENTED_EDGE('',*,*,#3096,.T.);
#4268=ORIENTED_EDGE('',*,*,#3097,.T.);
#4269=ORIENTED_EDGE('',*,*,#3098,.T.);
#4270=ORIENTED_EDGE('',*,*,#3099,.T.);
#4271=ORIENTED_EDGE('',*,*,#3100,.T.);
#4272=ORIENTED_EDGE('',*,*,#3101,.T.);
#4273=ORIENTED_EDGE('',*,*,#3102,.T.);
#4274=ORIENTED_EDGE('',*,*,#3103,.T.);
#4275=ORIENTED_EDGE('',*,*,#3104,.T.);
#4276=ORIENTED_EDGE('',*,*,#3105,.T.);
#4277=ORIENTED_EDGE('',*,*,#3106,.T.);
#4278=ORIENTED_EDGE('',*,*,#3107,.T.);
#4279=ORIENTED_EDGE('',*,*,#3108,.T.);
#4280=ORIENTED_EDGE('',*,*,#3109,.T.);
#4281=ORIENTED_EDGE('',*,*,#3110,.T.);
#4282=ORIENTED_EDGE('',*,*,#3111,.T.);
#4283=ORIENTED_EDGE('',*,*,#3112,.T.);
#4284=ORIENTED_EDGE('',*,*,#3113,.T.);
#4285=ORIENTED_EDGE('',*,*,#3114,.T.);
#4286=ORIENTED_EDGE('',*,*,#3115,.T.);
#4287=ORIENTED_EDGE('',*,*,#3116,.T.);
#4288=ORIENTED_EDGE('',*,*,#3117,.T.);
#4289=ORIENTED_EDGE('',*,*,#3118,.T.);
#4290=ORIENTED_EDGE('',*,*,#3119,.T.);
#4291=ORIENTED_EDGE('',*,*,#3120,.T.);
#4292=ORIENTED_EDGE('',*,*,#3121,.T.);
#4293=ORIENTED_EDGE('',*,*,#3122,.T.);
#4294=ORIENTED_EDGE('',*,*,#3123,.T.);
#4295=ORIENTED_EDGE('',*,*,#3124,.T.);
#4296=ORIENTED_EDGE('',*,*,#3125,.T.);
#4297=ORIENTED_EDGE('',*,*,#3126,.T.);
#4298=ORIENTED_EDGE('',*,*,#3127,.T.);
#4299=ORIENTED_EDGE('',*,*,#3128,.T.);
#4300=ORIENTED_EDGE('',*,*,#3129,.T.);
#4301=ORIENTED_EDGE('',*,*,#3130,.T.);
#4302=ORIENTED_EDGE('',*,*,#3131,.T.);
#4303=ORIENTED_EDGE('',*,*,#3132,.T.);
#4304=ORIENTED_EDGE('',*,*,#3133,.T.);
#4305=ORIENTED_EDGE('',*,*,#3134,.T.);
#4306=ORIENTED_EDGE('',*,*,#3051,.T.);
#4307=ORIENTED_EDGE('',*,*,#3048,.T.);
#4308=ORIENTED_EDGE('',*,*,#3045,.T.);
#4309=ORIENTED_EDGE('',*,*,#3042,.T.);
#4310=ORIENTED_EDGE('',*,*,#3038,.T.);
#4311=ORIENTED_EDGE('',*,*,#3065,.T.);
#4312=ORIENTED_EDGE('',*,*,#3068,.T.);
#4313=ORIENTED_EDGE('',*,*,#3071,.T.);
#4314=ORIENTED_EDGE('',*,*,#3074,.T.);
#4315=ORIENTED_EDGE('',*,*,#3077,.T.);
#4316=ORIENTED_EDGE('',*,*,#3125,.F.);
#4317=ORIENTED_EDGE('',*,*,#3135,.T.);
#4318=ORIENTED_EDGE('',*,*,#3136,.F.);
#4319=ORIENTED_EDGE('',*,*,#3137,.F.);
#4320=ORIENTED_EDGE('',*,*,#3124,.F.);
#4321=ORIENTED_EDGE('',*,*,#3138,.T.);
#4322=ORIENTED_EDGE('',*,*,#3139,.F.);
#4323=ORIENTED_EDGE('',*,*,#3135,.F.);
#4324=ORIENTED_EDGE('',*,*,#3123,.F.);
#4325=ORIENTED_EDGE('',*,*,#3140,.T.);
#4326=ORIENTED_EDGE('',*,*,#3141,.F.);
#4327=ORIENTED_EDGE('',*,*,#3138,.F.);
#4328=ORIENTED_EDGE('',*,*,#3122,.F.);
#4329=ORIENTED_EDGE('',*,*,#3142,.T.);
#4330=ORIENTED_EDGE('',*,*,#3143,.F.);
#4331=ORIENTED_EDGE('',*,*,#3140,.F.);
#4332=ORIENTED_EDGE('',*,*,#3121,.F.);
#4333=ORIENTED_EDGE('',*,*,#3144,.T.);
#4334=ORIENTED_EDGE('',*,*,#3145,.F.);
#4335=ORIENTED_EDGE('',*,*,#3142,.F.);
#4336=ORIENTED_EDGE('',*,*,#3120,.F.);
#4337=ORIENTED_EDGE('',*,*,#3146,.T.);
#4338=ORIENTED_EDGE('',*,*,#3147,.F.);
#4339=ORIENTED_EDGE('',*,*,#3144,.F.);
#4340=ORIENTED_EDGE('',*,*,#3119,.F.);
#4341=ORIENTED_EDGE('',*,*,#3148,.T.);
#4342=ORIENTED_EDGE('',*,*,#3149,.F.);
#4343=ORIENTED_EDGE('',*,*,#3146,.F.);
#4344=ORIENTED_EDGE('',*,*,#3118,.F.);
#4345=ORIENTED_EDGE('',*,*,#3150,.T.);
#4346=ORIENTED_EDGE('',*,*,#3151,.F.);
#4347=ORIENTED_EDGE('',*,*,#3148,.F.);
#4348=ORIENTED_EDGE('',*,*,#3117,.F.);
#4349=ORIENTED_EDGE('',*,*,#3152,.T.);
#4350=ORIENTED_EDGE('',*,*,#3153,.F.);
#4351=ORIENTED_EDGE('',*,*,#3150,.F.);
#4352=ORIENTED_EDGE('',*,*,#3126,.F.);
#4353=ORIENTED_EDGE('',*,*,#3137,.T.);
#4354=ORIENTED_EDGE('',*,*,#3154,.F.);
#4355=ORIENTED_EDGE('',*,*,#3155,.F.);
#4356=ORIENTED_EDGE('',*,*,#3127,.F.);
#4357=ORIENTED_EDGE('',*,*,#3155,.T.);
#4358=ORIENTED_EDGE('',*,*,#3156,.F.);
#4359=ORIENTED_EDGE('',*,*,#3157,.F.);
#4360=ORIENTED_EDGE('',*,*,#3128,.F.);
#4361=ORIENTED_EDGE('',*,*,#3157,.T.);
#4362=ORIENTED_EDGE('',*,*,#3158,.F.);
#4363=ORIENTED_EDGE('',*,*,#3159,.F.);
#4364=ORIENTED_EDGE('',*,*,#3129,.F.);
#4365=ORIENTED_EDGE('',*,*,#3159,.T.);
#4366=ORIENTED_EDGE('',*,*,#3160,.F.);
#4367=ORIENTED_EDGE('',*,*,#3161,.F.);
#4368=ORIENTED_EDGE('',*,*,#3130,.F.);
#4369=ORIENTED_EDGE('',*,*,#3161,.T.);
#4370=ORIENTED_EDGE('',*,*,#3162,.F.);
#4371=ORIENTED_EDGE('',*,*,#3163,.F.);
#4372=ORIENTED_EDGE('',*,*,#3131,.F.);
#4373=ORIENTED_EDGE('',*,*,#3163,.T.);
#4374=ORIENTED_EDGE('',*,*,#3164,.F.);
#4375=ORIENTED_EDGE('',*,*,#3165,.F.);
#4376=ORIENTED_EDGE('',*,*,#3132,.F.);
#4377=ORIENTED_EDGE('',*,*,#3165,.T.);
#4378=ORIENTED_EDGE('',*,*,#3166,.F.);
#4379=ORIENTED_EDGE('',*,*,#3167,.F.);
#4380=ORIENTED_EDGE('',*,*,#3133,.F.);
#4381=ORIENTED_EDGE('',*,*,#3167,.T.);
#4382=ORIENTED_EDGE('',*,*,#3168,.F.);
#4383=ORIENTED_EDGE('',*,*,#3169,.F.);
#4384=ORIENTED_EDGE('',*,*,#3134,.F.);
#4385=ORIENTED_EDGE('',*,*,#3169,.T.);
#4386=ORIENTED_EDGE('',*,*,#3170,.F.);
#4387=ORIENTED_EDGE('',*,*,#3152,.F.);
#4388=ORIENTED_EDGE('',*,*,#3170,.T.);
#4389=ORIENTED_EDGE('',*,*,#3168,.T.);
#4390=ORIENTED_EDGE('',*,*,#3166,.T.);
#4391=ORIENTED_EDGE('',*,*,#3164,.T.);
#4392=ORIENTED_EDGE('',*,*,#3162,.T.);
#4393=ORIENTED_EDGE('',*,*,#3160,.T.);
#4394=ORIENTED_EDGE('',*,*,#3158,.T.);
#4395=ORIENTED_EDGE('',*,*,#3156,.T.);
#4396=ORIENTED_EDGE('',*,*,#3154,.T.);
#4397=ORIENTED_EDGE('',*,*,#3136,.T.);
#4398=ORIENTED_EDGE('',*,*,#3139,.T.);
#4399=ORIENTED_EDGE('',*,*,#3141,.T.);
#4400=ORIENTED_EDGE('',*,*,#3143,.T.);
#4401=ORIENTED_EDGE('',*,*,#3145,.T.);
#4402=ORIENTED_EDGE('',*,*,#3147,.T.);
#4403=ORIENTED_EDGE('',*,*,#3149,.T.);
#4404=ORIENTED_EDGE('',*,*,#3151,.T.);
#4405=ORIENTED_EDGE('',*,*,#3153,.T.);
#4406=ORIENTED_EDGE('',*,*,#3081,.F.);
#4407=ORIENTED_EDGE('',*,*,#3171,.T.);
#4408=ORIENTED_EDGE('',*,*,#3172,.F.);
#4409=ORIENTED_EDGE('',*,*,#3173,.F.);
#4410=ORIENTED_EDGE('',*,*,#3080,.F.);
#4411=ORIENTED_EDGE('',*,*,#3174,.T.);
#4412=ORIENTED_EDGE('',*,*,#3175,.F.);
#4413=ORIENTED_EDGE('',*,*,#3171,.F.);
#4414=ORIENTED_EDGE('',*,*,#3082,.F.);
#4415=ORIENTED_EDGE('',*,*,#3173,.T.);
#4416=ORIENTED_EDGE('',*,*,#3176,.F.);
#4417=ORIENTED_EDGE('',*,*,#3177,.F.);
#4418=ORIENTED_EDGE('',*,*,#3079,.F.);
#4419=ORIENTED_EDGE('',*,*,#3177,.T.);
#4420=ORIENTED_EDGE('',*,*,#3178,.F.);
#4421=ORIENTED_EDGE('',*,*,#3174,.F.);
#4422=ORIENTED_EDGE('',*,*,#3179,.F.);
#4423=ORIENTED_EDGE('',*,*,#3180,.T.);
#4424=ORIENTED_EDGE('',*,*,#3181,.F.);
#4425=ORIENTED_EDGE('',*,*,#3182,.F.);
#4426=ORIENTED_EDGE('',*,*,#3183,.F.);
#4427=ORIENTED_EDGE('',*,*,#3182,.T.);
#4428=ORIENTED_EDGE('',*,*,#3184,.F.);
#4429=ORIENTED_EDGE('',*,*,#3185,.F.);
#4430=ORIENTED_EDGE('',*,*,#3186,.F.);
#4431=ORIENTED_EDGE('',*,*,#3185,.T.);
#4432=ORIENTED_EDGE('',*,*,#3187,.F.);
#4433=ORIENTED_EDGE('',*,*,#3188,.F.);
#4434=ORIENTED_EDGE('',*,*,#3189,.F.);
#4435=ORIENTED_EDGE('',*,*,#3188,.T.);
#4436=ORIENTED_EDGE('',*,*,#3190,.F.);
#4437=ORIENTED_EDGE('',*,*,#3180,.F.);
#4438=ORIENTED_EDGE('',*,*,#3190,.T.);
#4439=ORIENTED_EDGE('',*,*,#3187,.T.);
#4440=ORIENTED_EDGE('',*,*,#3184,.T.);
#4441=ORIENTED_EDGE('',*,*,#3181,.T.);
#4442=ORIENTED_EDGE('',*,*,#3178,.T.);
#4443=ORIENTED_EDGE('',*,*,#3176,.T.);
#4444=ORIENTED_EDGE('',*,*,#3172,.T.);
#4445=ORIENTED_EDGE('',*,*,#3175,.T.);
#4446=ORIENTED_EDGE('',*,*,#3191,.F.);
#4447=ORIENTED_EDGE('',*,*,#3192,.T.);
#4448=ORIENTED_EDGE('',*,*,#3193,.F.);
#4449=ORIENTED_EDGE('',*,*,#3194,.F.);
#4450=ORIENTED_EDGE('',*,*,#3195,.F.);
#4451=ORIENTED_EDGE('',*,*,#3196,.T.);
#4452=ORIENTED_EDGE('',*,*,#3197,.F.);
#4453=ORIENTED_EDGE('',*,*,#3192,.F.);
#4454=ORIENTED_EDGE('',*,*,#3198,.F.);
#4455=ORIENTED_EDGE('',*,*,#3199,.T.);
#4456=ORIENTED_EDGE('',*,*,#3200,.F.);
#4457=ORIENTED_EDGE('',*,*,#3196,.F.);
#4458=ORIENTED_EDGE('',*,*,#3201,.F.);
#4459=ORIENTED_EDGE('',*,*,#3202,.T.);
#4460=ORIENTED_EDGE('',*,*,#3203,.F.);
#4461=ORIENTED_EDGE('',*,*,#3199,.F.);
#4462=ORIENTED_EDGE('',*,*,#3204,.F.);
#4463=ORIENTED_EDGE('',*,*,#3205,.T.);
#4464=ORIENTED_EDGE('',*,*,#3206,.F.);
#4465=ORIENTED_EDGE('',*,*,#3202,.F.);
#4466=ORIENTED_EDGE('',*,*,#3091,.F.);
#4467=ORIENTED_EDGE('',*,*,#3207,.T.);
#4468=ORIENTED_EDGE('',*,*,#3208,.F.);
#4469=ORIENTED_EDGE('',*,*,#3209,.F.);
#4470=ORIENTED_EDGE('',*,*,#3090,.F.);
#4471=ORIENTED_EDGE('',*,*,#3210,.T.);
#4472=ORIENTED_EDGE('',*,*,#3211,.F.);
#4473=ORIENTED_EDGE('',*,*,#3207,.F.);
#4474=ORIENTED_EDGE('',*,*,#3089,.F.);
#4475=ORIENTED_EDGE('',*,*,#3212,.T.);
#4476=ORIENTED_EDGE('',*,*,#3213,.F.);
#4477=ORIENTED_EDGE('',*,*,#3210,.F.);
#4478=ORIENTED_EDGE('',*,*,#3088,.F.);
#4479=ORIENTED_EDGE('',*,*,#3214,.T.);
#4480=ORIENTED_EDGE('',*,*,#3215,.F.);
#4481=ORIENTED_EDGE('',*,*,#3212,.F.);
#4482=ORIENTED_EDGE('',*,*,#3087,.F.);
#4483=ORIENTED_EDGE('',*,*,#3216,.T.);
#4484=ORIENTED_EDGE('',*,*,#3217,.F.);
#4485=ORIENTED_EDGE('',*,*,#3214,.F.);
#4486=ORIENTED_EDGE('',*,*,#3086,.F.);
#4487=ORIENTED_EDGE('',*,*,#3218,.T.);
#4488=ORIENTED_EDGE('',*,*,#3219,.F.);
#4489=ORIENTED_EDGE('',*,*,#3216,.F.);
#4490=ORIENTED_EDGE('',*,*,#3085,.F.);
#4491=ORIENTED_EDGE('',*,*,#3220,.T.);
#4492=ORIENTED_EDGE('',*,*,#3221,.F.);
#4493=ORIENTED_EDGE('',*,*,#3218,.F.);
#4494=ORIENTED_EDGE('',*,*,#3084,.F.);
#4495=ORIENTED_EDGE('',*,*,#3222,.T.);
#4496=ORIENTED_EDGE('',*,*,#3223,.F.);
#4497=ORIENTED_EDGE('',*,*,#3220,.F.);
#4498=ORIENTED_EDGE('',*,*,#3083,.F.);
#4499=ORIENTED_EDGE('',*,*,#3224,.T.);
#4500=ORIENTED_EDGE('',*,*,#3225,.F.);
#4501=ORIENTED_EDGE('',*,*,#3222,.F.);
#4502=ORIENTED_EDGE('',*,*,#3226,.F.);
#4503=ORIENTED_EDGE('',*,*,#3194,.T.);
#4504=ORIENTED_EDGE('',*,*,#3227,.F.);
#4505=ORIENTED_EDGE('',*,*,#3228,.F.);
#4506=ORIENTED_EDGE('',*,*,#3229,.F.);
#4507=ORIENTED_EDGE('',*,*,#3228,.T.);
#4508=ORIENTED_EDGE('',*,*,#3230,.F.);
#4509=ORIENTED_EDGE('',*,*,#3231,.F.);
#4510=ORIENTED_EDGE('',*,*,#3232,.F.);
#4511=ORIENTED_EDGE('',*,*,#3231,.T.);
#4512=ORIENTED_EDGE('',*,*,#3233,.F.);
#4513=ORIENTED_EDGE('',*,*,#3234,.F.);
#4514=ORIENTED_EDGE('',*,*,#3235,.F.);
#4515=ORIENTED_EDGE('',*,*,#3234,.T.);
#4516=ORIENTED_EDGE('',*,*,#3236,.F.);
#4517=ORIENTED_EDGE('',*,*,#3205,.F.);
#4518=ORIENTED_EDGE('',*,*,#3092,.F.);
#4519=ORIENTED_EDGE('',*,*,#3209,.T.);
#4520=ORIENTED_EDGE('',*,*,#3237,.F.);
#4521=ORIENTED_EDGE('',*,*,#3238,.F.);
#4522=ORIENTED_EDGE('',*,*,#3093,.F.);
#4523=ORIENTED_EDGE('',*,*,#3238,.T.);
#4524=ORIENTED_EDGE('',*,*,#3239,.F.);
#4525=ORIENTED_EDGE('',*,*,#3240,.F.);
#4526=ORIENTED_EDGE('',*,*,#3094,.F.);
#4527=ORIENTED_EDGE('',*,*,#3240,.T.);
#4528=ORIENTED_EDGE('',*,*,#3241,.F.);
#4529=ORIENTED_EDGE('',*,*,#3242,.F.);
#4530=ORIENTED_EDGE('',*,*,#3095,.F.);
#4531=ORIENTED_EDGE('',*,*,#3242,.T.);
#4532=ORIENTED_EDGE('',*,*,#3243,.F.);
#4533=ORIENTED_EDGE('',*,*,#3244,.F.);
#4534=ORIENTED_EDGE('',*,*,#3096,.F.);
#4535=ORIENTED_EDGE('',*,*,#3244,.T.);
#4536=ORIENTED_EDGE('',*,*,#3245,.F.);
#4537=ORIENTED_EDGE('',*,*,#3246,.F.);
#4538=ORIENTED_EDGE('',*,*,#3097,.F.);
#4539=ORIENTED_EDGE('',*,*,#3246,.T.);
#4540=ORIENTED_EDGE('',*,*,#3247,.F.);
#4541=ORIENTED_EDGE('',*,*,#3248,.F.);
#4542=ORIENTED_EDGE('',*,*,#3098,.F.);
#4543=ORIENTED_EDGE('',*,*,#3248,.T.);
#4544=ORIENTED_EDGE('',*,*,#3249,.F.);
#4545=ORIENTED_EDGE('',*,*,#3250,.F.);
#4546=ORIENTED_EDGE('',*,*,#3099,.F.);
#4547=ORIENTED_EDGE('',*,*,#3250,.T.);
#4548=ORIENTED_EDGE('',*,*,#3251,.F.);
#4549=ORIENTED_EDGE('',*,*,#3252,.F.);
#4550=ORIENTED_EDGE('',*,*,#3100,.F.);
#4551=ORIENTED_EDGE('',*,*,#3252,.T.);
#4552=ORIENTED_EDGE('',*,*,#3253,.F.);
#4553=ORIENTED_EDGE('',*,*,#3224,.F.);
#4554=ORIENTED_EDGE('',*,*,#3253,.T.);
#4555=ORIENTED_EDGE('',*,*,#3251,.T.);
#4556=ORIENTED_EDGE('',*,*,#3249,.T.);
#4557=ORIENTED_EDGE('',*,*,#3247,.T.);
#4558=ORIENTED_EDGE('',*,*,#3245,.T.);
#4559=ORIENTED_EDGE('',*,*,#3243,.T.);
#4560=ORIENTED_EDGE('',*,*,#3241,.T.);
#4561=ORIENTED_EDGE('',*,*,#3239,.T.);
#4562=ORIENTED_EDGE('',*,*,#3237,.T.);
#4563=ORIENTED_EDGE('',*,*,#3208,.T.);
#4564=ORIENTED_EDGE('',*,*,#3211,.T.);
#4565=ORIENTED_EDGE('',*,*,#3213,.T.);
#4566=ORIENTED_EDGE('',*,*,#3215,.T.);
#4567=ORIENTED_EDGE('',*,*,#3217,.T.);
#4568=ORIENTED_EDGE('',*,*,#3219,.T.);
#4569=ORIENTED_EDGE('',*,*,#3221,.T.);
#4570=ORIENTED_EDGE('',*,*,#3223,.T.);
#4571=ORIENTED_EDGE('',*,*,#3225,.T.);
#4572=ORIENTED_EDGE('',*,*,#3236,.T.);
#4573=ORIENTED_EDGE('',*,*,#3233,.T.);
#4574=ORIENTED_EDGE('',*,*,#3230,.T.);
#4575=ORIENTED_EDGE('',*,*,#3227,.T.);
#4576=ORIENTED_EDGE('',*,*,#3193,.T.);
#4577=ORIENTED_EDGE('',*,*,#3197,.T.);
#4578=ORIENTED_EDGE('',*,*,#3200,.T.);
#4579=ORIENTED_EDGE('',*,*,#3203,.T.);
#4580=ORIENTED_EDGE('',*,*,#3206,.T.);
#4581=ORIENTED_EDGE('',*,*,#3035,.T.);
#4582=ORIENTED_EDGE('',*,*,#3032,.T.);
#4583=ORIENTED_EDGE('',*,*,#3029,.T.);
#4584=ORIENTED_EDGE('',*,*,#3025,.T.);
#4585=ORIENTED_EDGE('',*,*,#3054,.T.);
#4586=ORIENTED_EDGE('',*,*,#3057,.T.);
#4587=ORIENTED_EDGE('',*,*,#3060,.T.);
#4588=ORIENTED_EDGE('',*,*,#3063,.T.);
#4589=ORIENTED_EDGE('',*,*,#3106,.F.);
#4590=ORIENTED_EDGE('',*,*,#3254,.T.);
#4591=ORIENTED_EDGE('',*,*,#3255,.F.);
#4592=ORIENTED_EDGE('',*,*,#3256,.F.);
#4593=ORIENTED_EDGE('',*,*,#3105,.F.);
#4594=ORIENTED_EDGE('',*,*,#3257,.T.);
#4595=ORIENTED_EDGE('',*,*,#3258,.F.);
#4596=ORIENTED_EDGE('',*,*,#3254,.F.);
#4597=ORIENTED_EDGE('',*,*,#3104,.F.);
#4598=ORIENTED_EDGE('',*,*,#3259,.T.);
#4599=ORIENTED_EDGE('',*,*,#3260,.F.);
#4600=ORIENTED_EDGE('',*,*,#3257,.F.);
#4601=ORIENTED_EDGE('',*,*,#3103,.F.);
#4602=ORIENTED_EDGE('',*,*,#3261,.T.);
#4603=ORIENTED_EDGE('',*,*,#3262,.F.);
#4604=ORIENTED_EDGE('',*,*,#3259,.F.);
#4605=ORIENTED_EDGE('',*,*,#3102,.F.);
#4606=ORIENTED_EDGE('',*,*,#3263,.T.);
#4607=ORIENTED_EDGE('',*,*,#3264,.F.);
#4608=ORIENTED_EDGE('',*,*,#3261,.F.);
#4609=ORIENTED_EDGE('',*,*,#3101,.F.);
#4610=ORIENTED_EDGE('',*,*,#3265,.T.);
#4611=ORIENTED_EDGE('',*,*,#3266,.F.);
#4612=ORIENTED_EDGE('',*,*,#3263,.F.);
#4613=ORIENTED_EDGE('',*,*,#3107,.F.);
#4614=ORIENTED_EDGE('',*,*,#3256,.T.);
#4615=ORIENTED_EDGE('',*,*,#3267,.F.);
#4616=ORIENTED_EDGE('',*,*,#3268,.F.);
#4617=ORIENTED_EDGE('',*,*,#3108,.F.);
#4618=ORIENTED_EDGE('',*,*,#3268,.T.);
#4619=ORIENTED_EDGE('',*,*,#3269,.F.);
#4620=ORIENTED_EDGE('',*,*,#3270,.F.);
#4621=ORIENTED_EDGE('',*,*,#3109,.F.);
#4622=ORIENTED_EDGE('',*,*,#3270,.T.);
#4623=ORIENTED_EDGE('',*,*,#3271,.F.);
#4624=ORIENTED_EDGE('',*,*,#3272,.F.);
#4625=ORIENTED_EDGE('',*,*,#3110,.F.);
#4626=ORIENTED_EDGE('',*,*,#3272,.T.);
#4627=ORIENTED_EDGE('',*,*,#3273,.F.);
#4628=ORIENTED_EDGE('',*,*,#3274,.F.);
#4629=ORIENTED_EDGE('',*,*,#3111,.F.);
#4630=ORIENTED_EDGE('',*,*,#3274,.T.);
#4631=ORIENTED_EDGE('',*,*,#3275,.F.);
#4632=ORIENTED_EDGE('',*,*,#3276,.F.);
#4633=ORIENTED_EDGE('',*,*,#3112,.F.);
#4634=ORIENTED_EDGE('',*,*,#3276,.T.);
#4635=ORIENTED_EDGE('',*,*,#3277,.F.);
#4636=ORIENTED_EDGE('',*,*,#3265,.F.);
#4637=ORIENTED_EDGE('',*,*,#3277,.T.);
#4638=ORIENTED_EDGE('',*,*,#3275,.T.);
#4639=ORIENTED_EDGE('',*,*,#3273,.T.);
#4640=ORIENTED_EDGE('',*,*,#3271,.T.);
#4641=ORIENTED_EDGE('',*,*,#3269,.T.);
#4642=ORIENTED_EDGE('',*,*,#3267,.T.);
#4643=ORIENTED_EDGE('',*,*,#3255,.T.);
#4644=ORIENTED_EDGE('',*,*,#3258,.T.);
#4645=ORIENTED_EDGE('',*,*,#3260,.T.);
#4646=ORIENTED_EDGE('',*,*,#3262,.T.);
#4647=ORIENTED_EDGE('',*,*,#3264,.T.);
#4648=ORIENTED_EDGE('',*,*,#3266,.T.);
#4649=ORIENTED_EDGE('',*,*,#3114,.F.);
#4650=ORIENTED_EDGE('',*,*,#3278,.T.);
#4651=ORIENTED_EDGE('',*,*,#3279,.F.);
#4652=ORIENTED_EDGE('',*,*,#3280,.F.);
#4653=ORIENTED_EDGE('',*,*,#3113,.F.);
#4654=ORIENTED_EDGE('',*,*,#3281,.T.);
#4655=ORIENTED_EDGE('',*,*,#3282,.F.);
#4656=ORIENTED_EDGE('',*,*,#3278,.F.);
#4657=ORIENTED_EDGE('',*,*,#3115,.F.);
#4658=ORIENTED_EDGE('',*,*,#3280,.T.);
#4659=ORIENTED_EDGE('',*,*,#3283,.F.);
#4660=ORIENTED_EDGE('',*,*,#3284,.F.);
#4661=ORIENTED_EDGE('',*,*,#3116,.F.);
#4662=ORIENTED_EDGE('',*,*,#3284,.T.);
#4663=ORIENTED_EDGE('',*,*,#3285,.F.);
#4664=ORIENTED_EDGE('',*,*,#3281,.F.);
#4665=ORIENTED_EDGE('',*,*,#3285,.T.);
#4666=ORIENTED_EDGE('',*,*,#3283,.T.);
#4667=ORIENTED_EDGE('',*,*,#3279,.T.);
#4668=ORIENTED_EDGE('',*,*,#3282,.T.);
#4669=ORIENTED_EDGE('',*,*,#3204,.T.);
#4670=ORIENTED_EDGE('',*,*,#3201,.T.);
#4671=ORIENTED_EDGE('',*,*,#3198,.T.);
#4672=ORIENTED_EDGE('',*,*,#3195,.T.);
#4673=ORIENTED_EDGE('',*,*,#3191,.T.);
#4674=ORIENTED_EDGE('',*,*,#3226,.T.);
#4675=ORIENTED_EDGE('',*,*,#3229,.T.);
#4676=ORIENTED_EDGE('',*,*,#3232,.T.);
#4677=ORIENTED_EDGE('',*,*,#3235,.T.);
#4678=ORIENTED_EDGE('',*,*,#3189,.T.);
#4679=ORIENTED_EDGE('',*,*,#3179,.T.);
#4680=ORIENTED_EDGE('',*,*,#3183,.T.);
#4681=ORIENTED_EDGE('',*,*,#3186,.T.);
#4682=CONICAL_SURFACE('',#4963,2.425,0.785398163397448);
#4683=CONICAL_SURFACE('',#4968,2.425,0.785398163397448);
#4684=CONICAL_SURFACE('',#4973,2.425,0.785398163397448);
#4685=CONICAL_SURFACE('',#4978,2.425,0.785398163397448);
#4686=ADVANCED_FACE('',(#469),#4682,.F.);
#4687=ADVANCED_FACE('',(#470),#451,.F.);
#4688=ADVANCED_FACE('',(#471),#4683,.F.);
#4689=ADVANCED_FACE('',(#472),#452,.F.);
#4690=ADVANCED_FACE('',(#473),#4684,.F.);
#4691=ADVANCED_FACE('',(#474),#453,.F.);
#4692=ADVANCED_FACE('',(#475),#4685,.F.);
#4693=ADVANCED_FACE('',(#476),#454,.F.);
#4694=ADVANCED_FACE('',(#477),#455,.T.);
#4695=ADVANCED_FACE('',(#478),#280,.T.);
#4696=ADVANCED_FACE('',(#479,#231,#232,#233,#234,#235,#236,#237,#238,#239,
#240,#241,#242,#243,#244),#281,.T.);
#4697=ADVANCED_FACE('',(#480),#456,.T.);
#4698=ADVANCED_FACE('',(#481),#282,.T.);
#4699=ADVANCED_FACE('',(#482),#457,.T.);
#4700=ADVANCED_FACE('',(#483),#283,.T.);
#4701=ADVANCED_FACE('',(#484),#458,.T.);
#4702=ADVANCED_FACE('',(#485),#459,.F.);
#4703=ADVANCED_FACE('',(#486),#460,.F.);
#4704=ADVANCED_FACE('',(#487),#461,.F.);
#4705=ADVANCED_FACE('',(#488),#462,.F.);
#4706=ADVANCED_FACE('',(#489),#463,.F.);
#4707=ADVANCED_FACE('',(#490),#464,.F.);
#4708=ADVANCED_FACE('',(#491),#465,.F.);
#4709=ADVANCED_FACE('',(#492),#466,.F.);
#4710=ADVANCED_FACE('',(#493),#467,.F.);
#4711=ADVANCED_FACE('',(#494),#468,.F.);
#4712=ADVANCED_FACE('',(#495),#284,.T.);
#4713=ADVANCED_FACE('',(#496,#245,#246,#247,#248,#249,#250,#251,#252,#253,
#254,#255,#256,#257,#258),#285,.F.);
#4714=ADVANCED_FACE('',(#497),#286,.T.);
#4715=ADVANCED_FACE('',(#498),#287,.T.);
#4716=ADVANCED_FACE('',(#499),#288,.T.);
#4717=ADVANCED_FACE('',(#500),#289,.T.);
#4718=ADVANCED_FACE('',(#501),#290,.T.);
#4719=ADVANCED_FACE('',(#502),#291,.T.);
#4720=ADVANCED_FACE('',(#503),#292,.T.);
#4721=ADVANCED_FACE('',(#504),#293,.T.);
#4722=ADVANCED_FACE('',(#505),#294,.T.);
#4723=ADVANCED_FACE('',(#506),#295,.T.);
#4724=ADVANCED_FACE('',(#507),#296,.T.);
#4725=ADVANCED_FACE('',(#508),#297,.T.);
#4726=ADVANCED_FACE('',(#509),#298,.T.);
#4727=ADVANCED_FACE('',(#510),#299,.T.);
#4728=ADVANCED_FACE('',(#511),#300,.T.);
#4729=ADVANCED_FACE('',(#512),#301,.T.);
#4730=ADVANCED_FACE('',(#513),#302,.T.);
#4731=ADVANCED_FACE('',(#514),#303,.T.);
#4732=ADVANCED_FACE('',(#515),#304,.T.);
#4733=ADVANCED_FACE('',(#516),#305,.T.);
#4734=ADVANCED_FACE('',(#517),#306,.T.);
#4735=ADVANCED_FACE('',(#518),#307,.T.);
#4736=ADVANCED_FACE('',(#519),#308,.T.);
#4737=ADVANCED_FACE('',(#520),#309,.T.);
#4738=ADVANCED_FACE('',(#521),#310,.T.);
#4739=ADVANCED_FACE('',(#522),#311,.T.);
#4740=ADVANCED_FACE('',(#523),#312,.T.);
#4741=ADVANCED_FACE('',(#524),#313,.T.);
#4742=ADVANCED_FACE('',(#525),#314,.T.);
#4743=ADVANCED_FACE('',(#526),#315,.T.);
#4744=ADVANCED_FACE('',(#527),#316,.T.);
#4745=ADVANCED_FACE('',(#528),#317,.T.);
#4746=ADVANCED_FACE('',(#529),#318,.T.);
#4747=ADVANCED_FACE('',(#530),#319,.T.);
#4748=ADVANCED_FACE('',(#531),#320,.T.);
#4749=ADVANCED_FACE('',(#532),#321,.T.);
#4750=ADVANCED_FACE('',(#533),#322,.T.);
#4751=ADVANCED_FACE('',(#534),#323,.T.);
#4752=ADVANCED_FACE('',(#535),#324,.T.);
#4753=ADVANCED_FACE('',(#536),#325,.T.);
#4754=ADVANCED_FACE('',(#537),#326,.T.);
#4755=ADVANCED_FACE('',(#538),#327,.T.);
#4756=ADVANCED_FACE('',(#539),#328,.T.);
#4757=ADVANCED_FACE('',(#540),#329,.T.);
#4758=ADVANCED_FACE('',(#541),#330,.T.);
#4759=ADVANCED_FACE('',(#542),#331,.T.);
#4760=ADVANCED_FACE('',(#543),#332,.T.);
#4761=ADVANCED_FACE('',(#544),#333,.T.);
#4762=ADVANCED_FACE('',(#545,#259),#334,.T.);
#4763=ADVANCED_FACE('',(#546,#260,#261,#262,#263),#335,.T.);
#4764=ADVANCED_FACE('',(#547),#336,.T.);
#4765=ADVANCED_FACE('',(#548),#337,.T.);
#4766=ADVANCED_FACE('',(#549),#338,.T.);
#4767=ADVANCED_FACE('',(#550),#339,.T.);
#4768=ADVANCED_FACE('',(#551),#340,.T.);
#4769=ADVANCED_FACE('',(#552),#341,.T.);
#4770=ADVANCED_FACE('',(#553),#342,.T.);
#4771=ADVANCED_FACE('',(#554),#343,.T.);
#4772=ADVANCED_FACE('',(#555),#344,.T.);
#4773=ADVANCED_FACE('',(#556),#345,.T.);
#4774=ADVANCED_FACE('',(#557),#346,.T.);
#4775=ADVANCED_FACE('',(#558),#347,.T.);
#4776=ADVANCED_FACE('',(#559,#264,#265),#348,.T.);
#4777=ADVANCED_FACE('',(#560),#349,.T.);
#4778=ADVANCED_FACE('',(#561),#350,.F.);
#4779=ADVANCED_FACE('',(#562),#351,.T.);
#4780=ADVANCED_FACE('',(#563),#352,.T.);
#4781=ADVANCED_FACE('',(#564),#353,.T.);
#4782=ADVANCED_FACE('',(#565),#354,.T.);
#4783=ADVANCED_FACE('',(#566),#355,.T.);
#4784=ADVANCED_FACE('',(#567),#356,.T.);
#4785=ADVANCED_FACE('',(#568),#357,.T.);
#4786=ADVANCED_FACE('',(#569),#358,.T.);
#4787=ADVANCED_FACE('',(#570),#359,.T.);
#4788=ADVANCED_FACE('',(#571),#360,.T.);
#4789=ADVANCED_FACE('',(#572),#361,.T.);
#4790=ADVANCED_FACE('',(#573),#362,.T.);
#4791=ADVANCED_FACE('',(#574),#363,.T.);
#4792=ADVANCED_FACE('',(#575),#364,.T.);
#4793=ADVANCED_FACE('',(#576),#365,.T.);
#4794=ADVANCED_FACE('',(#577),#366,.T.);
#4795=ADVANCED_FACE('',(#578),#367,.T.);
#4796=ADVANCED_FACE('',(#579),#368,.T.);
#4797=ADVANCED_FACE('',(#580),#369,.T.);
#4798=ADVANCED_FACE('',(#581),#370,.T.);
#4799=ADVANCED_FACE('',(#582),#371,.T.);
#4800=ADVANCED_FACE('',(#583),#372,.T.);
#4801=ADVANCED_FACE('',(#584),#373,.T.);
#4802=ADVANCED_FACE('',(#585),#374,.T.);
#4803=ADVANCED_FACE('',(#586),#375,.T.);
#4804=ADVANCED_FACE('',(#587),#376,.T.);
#4805=ADVANCED_FACE('',(#588),#377,.T.);
#4806=ADVANCED_FACE('',(#589),#378,.T.);
#4807=ADVANCED_FACE('',(#590),#379,.T.);
#4808=ADVANCED_FACE('',(#591),#380,.T.);
#4809=ADVANCED_FACE('',(#592),#381,.T.);
#4810=ADVANCED_FACE('',(#593),#382,.T.);
#4811=ADVANCED_FACE('',(#594),#383,.T.);
#4812=ADVANCED_FACE('',(#595),#384,.T.);
#4813=ADVANCED_FACE('',(#596,#266,#267,#268,#269),#385,.T.);
#4814=ADVANCED_FACE('',(#597),#149,.T.);
#4815=ADVANCED_FACE('',(#598),#150,.T.);
#4816=ADVANCED_FACE('',(#599),#151,.T.);
#4817=ADVANCED_FACE('',(#600),#152,.T.);
#4818=ADVANCED_FACE('',(#601),#153,.T.);
#4819=ADVANCED_FACE('',(#602),#154,.T.);
#4820=ADVANCED_FACE('',(#603),#155,.T.);
#4821=ADVANCED_FACE('',(#604),#156,.T.);
#4822=ADVANCED_FACE('',(#605),#157,.T.);
#4823=ADVANCED_FACE('',(#606),#386,.T.);
#4824=ADVANCED_FACE('',(#607),#387,.T.);
#4825=ADVANCED_FACE('',(#608),#388,.T.);
#4826=ADVANCED_FACE('',(#609),#158,.T.);
#4827=ADVANCED_FACE('',(#610),#389,.T.);
#4828=ADVANCED_FACE('',(#611),#159,.T.);
#4829=ADVANCED_FACE('',(#612),#160,.T.);
#4830=ADVANCED_FACE('',(#613),#161,.T.);
#4831=ADVANCED_FACE('',(#614),#162,.T.);
#4832=ADVANCED_FACE('',(#615),#163,.T.);
#4833=ADVANCED_FACE('',(#616),#164,.T.);
#4834=ADVANCED_FACE('',(#617),#165,.T.);
#4835=ADVANCED_FACE('',(#618),#166,.T.);
#4836=ADVANCED_FACE('',(#619),#390,.T.);
#4837=ADVANCED_FACE('',(#620),#391,.T.);
#4838=ADVANCED_FACE('',(#621),#392,.T.);
#4839=ADVANCED_FACE('',(#622),#393,.T.);
#4840=ADVANCED_FACE('',(#623),#394,.T.);
#4841=ADVANCED_FACE('',(#624),#395,.T.);
#4842=ADVANCED_FACE('',(#625),#396,.T.);
#4843=ADVANCED_FACE('',(#626),#397,.T.);
#4844=ADVANCED_FACE('',(#627),#398,.T.);
#4845=ADVANCED_FACE('',(#628),#399,.T.);
#4846=ADVANCED_FACE('',(#629),#400,.T.);
#4847=ADVANCED_FACE('',(#630),#401,.T.);
#4848=ADVANCED_FACE('',(#631),#402,.T.);
#4849=ADVANCED_FACE('',(#632),#403,.T.);
#4850=ADVANCED_FACE('',(#633),#167,.T.);
#4851=ADVANCED_FACE('',(#634),#168,.T.);
#4852=ADVANCED_FACE('',(#635),#169,.T.);
#4853=ADVANCED_FACE('',(#636),#170,.T.);
#4854=ADVANCED_FACE('',(#637),#171,.T.);
#4855=ADVANCED_FACE('',(#638),#172,.T.);
#4856=ADVANCED_FACE('',(#639),#173,.T.);
#4857=ADVANCED_FACE('',(#640),#174,.T.);
#4858=ADVANCED_FACE('',(#641),#175,.T.);
#4859=ADVANCED_FACE('',(#642),#176,.T.);
#4860=ADVANCED_FACE('',(#643),#177,.T.);
#4861=ADVANCED_FACE('',(#644),#178,.T.);
#4862=ADVANCED_FACE('',(#645),#179,.T.);
#4863=ADVANCED_FACE('',(#646),#180,.T.);
#4864=ADVANCED_FACE('',(#647),#181,.T.);
#4865=ADVANCED_FACE('',(#648),#182,.T.);
#4866=ADVANCED_FACE('',(#649),#183,.T.);
#4867=ADVANCED_FACE('',(#650),#184,.T.);
#4868=ADVANCED_FACE('',(#651,#270),#404,.T.);
#4869=ADVANCED_FACE('',(#652,#271,#272,#273,#274,#275,#276,#277),#405,.T.);
#4870=ADVANCED_FACE('',(#653),#185,.T.);
#4871=ADVANCED_FACE('',(#654),#186,.T.);
#4872=ADVANCED_FACE('',(#655),#187,.T.);
#4873=ADVANCED_FACE('',(#656),#188,.T.);
#4874=ADVANCED_FACE('',(#657),#189,.T.);
#4875=ADVANCED_FACE('',(#658),#190,.T.);
#4876=ADVANCED_FACE('',(#659),#191,.T.);
#4877=ADVANCED_FACE('',(#660),#192,.T.);
#4878=ADVANCED_FACE('',(#661),#406,.T.);
#4879=ADVANCED_FACE('',(#662),#407,.T.);
#4880=ADVANCED_FACE('',(#663),#193,.T.);
#4881=ADVANCED_FACE('',(#664),#194,.T.);
#4882=ADVANCED_FACE('',(#665),#195,.T.);
#4883=ADVANCED_FACE('',(#666),#196,.T.);
#4884=ADVANCED_FACE('',(#667),#197,.T.);
#4885=ADVANCED_FACE('',(#668),#198,.T.);
#4886=ADVANCED_FACE('',(#669),#199,.T.);
#4887=ADVANCED_FACE('',(#670),#200,.T.);
#4888=ADVANCED_FACE('',(#671),#408,.T.);
#4889=ADVANCED_FACE('',(#672),#409,.T.);
#4890=ADVANCED_FACE('',(#673),#410,.T.);
#4891=ADVANCED_FACE('',(#674),#411,.T.);
#4892=ADVANCED_FACE('',(#675),#412,.T.);
#4893=ADVANCED_FACE('',(#676),#413,.T.);
#4894=ADVANCED_FACE('',(#677),#414,.T.);
#4895=ADVANCED_FACE('',(#678),#415,.T.);
#4896=ADVANCED_FACE('',(#679),#416,.T.);
#4897=ADVANCED_FACE('',(#680,#278),#417,.T.);
#4898=ADVANCED_FACE('',(#681),#201,.T.);
#4899=ADVANCED_FACE('',(#682),#202,.T.);
#4900=ADVANCED_FACE('',(#683),#203,.T.);
#4901=ADVANCED_FACE('',(#684),#204,.T.);
#4902=ADVANCED_FACE('',(#685),#418,.T.);
#4903=ADVANCED_FACE('',(#686),#205,.T.);
#4904=ADVANCED_FACE('',(#687),#206,.T.);
#4905=ADVANCED_FACE('',(#688),#207,.T.);
#4906=ADVANCED_FACE('',(#689),#208,.T.);
#4907=ADVANCED_FACE('',(#690),#209,.T.);
#4908=ADVANCED_FACE('',(#691),#210,.T.);
#4909=ADVANCED_FACE('',(#692),#211,.T.);
#4910=ADVANCED_FACE('',(#693),#419,.T.);
#4911=ADVANCED_FACE('',(#694),#420,.T.);
#4912=ADVANCED_FACE('',(#695),#212,.T.);
#4913=ADVANCED_FACE('',(#696),#213,.T.);
#4914=ADVANCED_FACE('',(#697),#421,.T.);
#4915=ADVANCED_FACE('',(#698),#422,.T.);
#4916=ADVANCED_FACE('',(#699),#423,.T.);
#4917=ADVANCED_FACE('',(#700),#424,.T.);
#4918=ADVANCED_FACE('',(#701),#425,.T.);
#4919=ADVANCED_FACE('',(#702),#214,.T.);
#4920=ADVANCED_FACE('',(#703),#215,.T.);
#4921=ADVANCED_FACE('',(#704),#216,.T.);
#4922=ADVANCED_FACE('',(#705),#426,.T.);
#4923=ADVANCED_FACE('',(#706),#427,.T.);
#4924=ADVANCED_FACE('',(#707),#428,.T.);
#4925=ADVANCED_FACE('',(#708,#279),#429,.T.);
#4926=ADVANCED_FACE('',(#709),#430,.T.);
#4927=ADVANCED_FACE('',(#710),#431,.T.);
#4928=ADVANCED_FACE('',(#711),#432,.T.);
#4929=ADVANCED_FACE('',(#712),#433,.T.);
#4930=ADVANCED_FACE('',(#713),#434,.T.);
#4931=ADVANCED_FACE('',(#714),#435,.T.);
#4932=ADVANCED_FACE('',(#715),#436,.T.);
#4933=ADVANCED_FACE('',(#716),#437,.T.);
#4934=ADVANCED_FACE('',(#717),#438,.T.);
#4935=ADVANCED_FACE('',(#718),#439,.T.);
#4936=ADVANCED_FACE('',(#719),#440,.T.);
#4937=ADVANCED_FACE('',(#720),#441,.T.);
#4938=ADVANCED_FACE('',(#721),#442,.T.);
#4939=ADVANCED_FACE('',(#722),#443,.T.);
#4940=ADVANCED_FACE('',(#723),#444,.T.);
#4941=ADVANCED_FACE('',(#724),#445,.T.);
#4942=ADVANCED_FACE('',(#725),#446,.T.);
#4943=ADVANCED_FACE('',(#726),#447,.T.);
#4944=ADVANCED_FACE('',(#727),#448,.T.);
#4945=ADVANCED_FACE('',(#728),#449,.T.);
#4946=ADVANCED_FACE('',(#729),#450,.F.);
#4947=CLOSED_SHELL('',(#4686,#4687,#4688,#4689,#4690,#4691,#4692,#4693,
#4694,#4695,#4696,#4697,#4698,#4699,#4700,#4701,#4702,#4703,#4704,#4705,
#4706,#4707,#4708,#4709,#4710,#4711,#4712,#4713));
#4948=CLOSED_SHELL('',(#4714,#4715,#4716,#4717,#4718,#4719,#4720,#4721,
#4722,#4723,#4724,#4725,#4726,#4727,#4728,#4729,#4730,#4731,#4732,#4733,
#4734,#4735,#4736,#4737,#4738,#4739,#4740,#4741,#4742,#4743,#4744,#4745,
#4746,#4747,#4748,#4749,#4750,#4751,#4752,#4753,#4754,#4755,#4756,#4757,
#4758,#4759,#4760,#4761,#4762,#4763,#4764,#4765,#4766,#4767,#4768,#4769,
#4770,#4771,#4772,#4773,#4774,#4775,#4776,#4777,#4778,#4779,#4780,#4781,
#4782,#4783,#4784,#4785,#4786,#4787,#4788,#4789,#4790,#4791,#4792,#4793,
#4794,#4795,#4796,#4797,#4798,#4799,#4800,#4801,#4802,#4803,#4804,#4805,
#4806,#4807,#4808,#4809,#4810,#4811,#4812,#4813));
#4949=CLOSED_SHELL('',(#4814,#4815,#4816,#4817,#4818,#4819,#4820,#4821,
#4822,#4823,#4824,#4825,#4826,#4827,#4828,#4829,#4830,#4831,#4832,#4833,
#4834,#4835,#4836,#4837,#4838,#4839,#4840,#4841,#4842,#4843,#4844,#4845,
#4846,#4847,#4848,#4849,#4850,#4851,#4852,#4853,#4854,#4855,#4856,#4857,
#4858,#4859,#4860,#4861,#4862,#4863,#4864,#4865,#4866,#4867,#4868,#4869,
#4870,#4871,#4872,#4873,#4874,#4875,#4876,#4877,#4878,#4879,#4880,#4881,
#4882,#4883,#4884,#4885,#4886,#4887,#4888,#4889,#4890,#4891,#4892,#4893,
#4894,#4895,#4896,#4897,#4898,#4899,#4900,#4901,#4902,#4903,#4904,#4905,
#4906,#4907,#4908,#4909,#4910,#4911,#4912,#4913,#4914,#4915,#4916,#4917,
#4918,#4919,#4920,#4921,#4922,#4923,#4924,#4925,#4926,#4927,#4928,#4929,
#4930,#4931,#4932,#4933,#4934,#4935,#4936,#4937,#4938,#4939,#4940,#4941,
#4942,#4943,#4944,#4945,#4946));
#4950=DERIVED_UNIT_ELEMENT(#4952,1.);
#4951=DERIVED_UNIT_ELEMENT(#8905,3.);
#4952=(
MASS_UNIT()
NAMED_UNIT(*)
SI_UNIT(.KILO.,.GRAM.)
);
#4953=DERIVED_UNIT((#4950,#4951));
#4954=MEASURE_REPRESENTATION_ITEM('density measure',
POSITIVE_RATIO_MEASURE(7850.),#4953);
#4955=PROPERTY_DEFINITION_REPRESENTATION(#4960,#4957);
#4956=PROPERTY_DEFINITION_REPRESENTATION(#4961,#4958);
#4957=REPRESENTATION('material name',(#4959),#8902);
#4958=REPRESENTATION('density',(#4954),#8902);
#4959=DESCRIPTIVE_REPRESENTATION_ITEM('Steel','Steel');
#4960=PROPERTY_DEFINITION('material property','material name',#8912);
#4961=PROPERTY_DEFINITION('material property','density of part',#8912);
#4962=AXIS2_PLACEMENT_3D('placement',#6186,#5196,#5197);
#4963=AXIS2_PLACEMENT_3D('',#6187,#5198,#5199);
#4964=AXIS2_PLACEMENT_3D('',#6189,#5200,#5201);
#4965=AXIS2_PLACEMENT_3D('',#6192,#5203,#5204);
#4966=AXIS2_PLACEMENT_3D('',#6193,#5205,#5206);
#4967=AXIS2_PLACEMENT_3D('',#6196,#5208,#5209);
#4968=AXIS2_PLACEMENT_3D('',#6197,#5210,#5211);
#4969=AXIS2_PLACEMENT_3D('',#6199,#5212,#5213);
#4970=AXIS2_PLACEMENT_3D('',#6202,#5215,#5216);
#4971=AXIS2_PLACEMENT_3D('',#6203,#5217,#5218);
#4972=AXIS2_PLACEMENT_3D('',#6206,#5220,#5221);
#4973=AXIS2_PLACEMENT_3D('',#6207,#5222,#5223);
#4974=AXIS2_PLACEMENT_3D('',#6209,#5224,#5225);
#4975=AXIS2_PLACEMENT_3D('',#6212,#5227,#5228);
#4976=AXIS2_PLACEMENT_3D('',#6213,#5229,#5230);
#4977=AXIS2_PLACEMENT_3D('',#6216,#5232,#5233);
#4978=AXIS2_PLACEMENT_3D('',#6217,#5234,#5235);
#4979=AXIS2_PLACEMENT_3D('',#6219,#5236,#5237);
#4980=AXIS2_PLACEMENT_3D('',#6222,#5239,#5240);
#4981=AXIS2_PLACEMENT_3D('',#6223,#5241,#5242);
#4982=AXIS2_PLACEMENT_3D('',#6226,#5244,#5245);
#4983=AXIS2_PLACEMENT_3D('',#6227,#5246,#5247);
#4984=AXIS2_PLACEMENT_3D('',#6230,#5248,#5249);
#4985=AXIS2_PLACEMENT_3D('',#6234,#5251,#5252);
#4986=AXIS2_PLACEMENT_3D('',#6236,#5254,#5255);
#4987=AXIS2_PLACEMENT_3D('',#6242,#5259,#5260);
#4988=AXIS2_PLACEMENT_3D('',#6246,#5262,#5263);
#4989=AXIS2_PLACEMENT_3D('',#6250,#5265,#5266);
#4990=AXIS2_PLACEMENT_3D('',#6253,#5268,#5269);
#4991=AXIS2_PLACEMENT_3D('',#6255,#5270,#5271);
#4992=AXIS2_PLACEMENT_3D('',#6257,#5272,#5273);
#4993=AXIS2_PLACEMENT_3D('',#6259,#5274,#5275);
#4994=AXIS2_PLACEMENT_3D('',#6261,#5276,#5277);
#4995=AXIS2_PLACEMENT_3D('',#6263,#5278,#5279);
#4996=AXIS2_PLACEMENT_3D('',#6265,#5280,#5281);
#4997=AXIS2_PLACEMENT_3D('',#6267,#5282,#5283);
#4998=AXIS2_PLACEMENT_3D('',#6269,#5284,#5285);
#4999=AXIS2_PLACEMENT_3D('',#6271,#5286,#5287);
#5000=AXIS2_PLACEMENT_3D('',#6273,#5288,#5289);
#5001=AXIS2_PLACEMENT_3D('',#6274,#5290,#5291);
#5002=AXIS2_PLACEMENT_3D('',#6276,#5292,#5293);
#5003=AXIS2_PLACEMENT_3D('',#6278,#5295,#5296);
#5004=AXIS2_PLACEMENT_3D('',#6282,#5299,#5300);
#5005=AXIS2_PLACEMENT_3D('',#6284,#5301,#5302);
#5006=AXIS2_PLACEMENT_3D('',#6286,#5304,#5305);
#5007=AXIS2_PLACEMENT_3D('',#6290,#5308,#5309);
#5008=AXIS2_PLACEMENT_3D('',#6292,#5310,#5311);
#5009=AXIS2_PLACEMENT_3D('',#6294,#5313,#5314);
#5010=AXIS2_PLACEMENT_3D('',#6296,#5315,#5316);
#5011=AXIS2_PLACEMENT_3D('',#6298,#5318,#5319);
#5012=AXIS2_PLACEMENT_3D('',#6300,#5320,#5321);
#5013=AXIS2_PLACEMENT_3D('',#6302,#5323,#5324);
#5014=AXIS2_PLACEMENT_3D('',#6304,#5325,#5326);
#5015=AXIS2_PLACEMENT_3D('',#6306,#5328,#5329);
#5016=AXIS2_PLACEMENT_3D('',#6308,#5330,#5331);
#5017=AXIS2_PLACEMENT_3D('',#6310,#5333,#5334);
#5018=AXIS2_PLACEMENT_3D('',#6312,#5335,#5336);
#5019=AXIS2_PLACEMENT_3D('',#6314,#5338,#5339);
#5020=AXIS2_PLACEMENT_3D('',#6316,#5340,#5341);
#5021=AXIS2_PLACEMENT_3D('',#6318,#5343,#5344);
#5022=AXIS2_PLACEMENT_3D('',#6320,#5345,#5346);
#5023=AXIS2_PLACEMENT_3D('',#6322,#5348,#5349);
#5024=AXIS2_PLACEMENT_3D('',#6324,#5350,#5351);
#5025=AXIS2_PLACEMENT_3D('',#6326,#5353,#5354);
#5026=AXIS2_PLACEMENT_3D('',#6328,#5355,#5356);
#5027=AXIS2_PLACEMENT_3D('',#6330,#5358,#5359);
#5028=AXIS2_PLACEMENT_3D('',#6332,#5360,#5361);
#5029=AXIS2_PLACEMENT_3D('',#6334,#5363,#5364);
#5030=AXIS2_PLACEMENT_3D('',#6336,#5366,#5367);
#5031=AXIS2_PLACEMENT_3D('',#6337,#5368,#5369);
#5032=AXIS2_PLACEMENT_3D('',#6346,#5374,#5375);
#5033=AXIS2_PLACEMENT_3D('',#6352,#5379,#5380);
#5034=AXIS2_PLACEMENT_3D('',#6358,#5384,#5385);
#5035=AXIS2_PLACEMENT_3D('',#6364,#5389,#5390);
#5036=AXIS2_PLACEMENT_3D('',#6370,#5394,#5395);
#5037=AXIS2_PLACEMENT_3D('',#6376,#5399,#5400);
#5038=AXIS2_PLACEMENT_3D('',#6382,#5404,#5405);
#5039=AXIS2_PLACEMENT_3D('',#6388,#5409,#5410);
#5040=AXIS2_PLACEMENT_3D('',#6394,#5414,#5415);
#5041=AXIS2_PLACEMENT_3D('',#6397,#5418,#5419);
#5042=AXIS2_PLACEMENT_3D('',#6398,#5420,#5421);
#5043=AXIS2_PLACEMENT_3D('',#6407,#5426,#5427);
#5044=AXIS2_PLACEMENT_3D('',#6413,#5431,#5432);
#5045=AXIS2_PLACEMENT_3D('',#6419,#5436,#5437);
#5046=AXIS2_PLACEMENT_3D('',#6425,#5441,#5442);
#5047=AXIS2_PLACEMENT_3D('',#6431,#5446,#5447);
#5048=AXIS2_PLACEMENT_3D('',#6437,#5451,#5452);
#5049=AXIS2_PLACEMENT_3D('',#6443,#5456,#5457);
#5050=AXIS2_PLACEMENT_3D('',#6449,#5461,#5462);
#5051=AXIS2_PLACEMENT_3D('',#6455,#5466,#5467);
#5052=AXIS2_PLACEMENT_3D('',#6461,#5471,#5472);
#5053=AXIS2_PLACEMENT_3D('',#6467,#5476,#5477);
#5054=AXIS2_PLACEMENT_3D('',#6470,#5480,#5481);
#5055=AXIS2_PLACEMENT_3D('',#6471,#5482,#5483);
#5056=AXIS2_PLACEMENT_3D('',#6480,#5488,#5489);
#5057=AXIS2_PLACEMENT_3D('',#6486,#5493,#5494);
#5058=AXIS2_PLACEMENT_3D('',#6492,#5498,#5499);
#5059=AXIS2_PLACEMENT_3D('',#6498,#5503,#5504);
#5060=AXIS2_PLACEMENT_3D('',#6504,#5508,#5509);
#5061=AXIS2_PLACEMENT_3D('',#6510,#5513,#5514);
#5062=AXIS2_PLACEMENT_3D('',#6516,#5518,#5519);
#5063=AXIS2_PLACEMENT_3D('',#6522,#5523,#5524);
#5064=AXIS2_PLACEMENT_3D('',#6528,#5528,#5529);
#5065=AXIS2_PLACEMENT_3D('',#6534,#5533,#5534);
#5066=AXIS2_PLACEMENT_3D('',#6540,#5538,#5539);
#5067=AXIS2_PLACEMENT_3D('',#6543,#5542,#5543);
#5068=AXIS2_PLACEMENT_3D('',#6544,#5544,#5545);
#5069=AXIS2_PLACEMENT_3D('',#6553,#5550,#5551);
#5070=AXIS2_PLACEMENT_3D('',#6559,#5555,#5556);
#5071=AXIS2_PLACEMENT_3D('',#6568,#5561,#5562);
#5072=AXIS2_PLACEMENT_3D('',#6574,#5566,#5567);
#5073=AXIS2_PLACEMENT_3D('',#6580,#5571,#5572);
#5074=AXIS2_PLACEMENT_3D('',#6586,#5576,#5577);
#5075=AXIS2_PLACEMENT_3D('',#6589,#5580,#5581);
#5076=AXIS2_PLACEMENT_3D('',#6595,#5585,#5586);
#5077=AXIS2_PLACEMENT_3D('',#6601,#5590,#5591);
#5078=AXIS2_PLACEMENT_3D('',#6607,#5595,#5596);
#5079=AXIS2_PLACEMENT_3D('',#6610,#5599,#5600);
#5080=AXIS2_PLACEMENT_3D('',#6611,#5601,#5602);
#5081=AXIS2_PLACEMENT_3D('',#6660,#5627,#5628);
#5082=AXIS2_PLACEMENT_3D('',#6669,#5633,#5634);
#5083=AXIS2_PLACEMENT_3D('',#6675,#5638,#5639);
#5084=AXIS2_PLACEMENT_3D('',#6681,#5643,#5644);
#5085=AXIS2_PLACEMENT_3D('',#6687,#5648,#5649);
#5086=AXIS2_PLACEMENT_3D('',#6691,#5652,#5653);
#5087=AXIS2_PLACEMENT_3D('',#6694,#5656,#5657);
#5088=AXIS2_PLACEMENT_3D('',#6698,#5660,#5661);
#5089=AXIS2_PLACEMENT_3D('',#6700,#5663,#5664);
#5090=AXIS2_PLACEMENT_3D('',#6709,#5669,#5670);
#5091=AXIS2_PLACEMENT_3D('',#6715,#5674,#5675);
#5092=AXIS2_PLACEMENT_3D('',#6721,#5679,#5680);
#5093=AXIS2_PLACEMENT_3D('',#6724,#5683,#5684);
#5094=AXIS2_PLACEMENT_3D('',#6725,#5685,#5686);
#5095=AXIS2_PLACEMENT_3D('',#6726,#5687,#5688);
#5096=AXIS2_PLACEMENT_3D('',#6727,#5689,#5690);
#5097=AXIS2_PLACEMENT_3D('',#6733,#5694,#5695);
#5098=AXIS2_PLACEMENT_3D('',#6737,#5698,#5699);
#5099=AXIS2_PLACEMENT_3D('',#6741,#5702,#5703);
#5100=AXIS2_PLACEMENT_3D('',#6745,#5706,#5707);
#5101=AXIS2_PLACEMENT_3D('',#6749,#5710,#5711);
#5102=AXIS2_PLACEMENT_3D('',#6753,#5714,#5715);
#5103=AXIS2_PLACEMENT_3D('',#6757,#5718,#5719);
#5104=AXIS2_PLACEMENT_3D('',#6759,#5721,#5722);
#5105=AXIS2_PLACEMENT_3D('',#6760,#5723,#5724);
#5106=AXIS2_PLACEMENT_3D('',#6766,#5728,#5729);
#5107=AXIS2_PLACEMENT_3D('',#6770,#5732,#5733);
#5108=AXIS2_PLACEMENT_3D('',#6774,#5736,#5737);
#5109=AXIS2_PLACEMENT_3D('',#6778,#5740,#5741);
#5110=AXIS2_PLACEMENT_3D('',#6782,#5744,#5745);
#5111=AXIS2_PLACEMENT_3D('',#6786,#5748,#5749);
#5112=AXIS2_PLACEMENT_3D('',#6790,#5752,#5753);
#5113=AXIS2_PLACEMENT_3D('',#6794,#5756,#5757);
#5114=AXIS2_PLACEMENT_3D('',#6798,#5760,#5761);
#5115=AXIS2_PLACEMENT_3D('',#6802,#5764,#5765);
#5116=AXIS2_PLACEMENT_3D('',#6806,#5768,#5769);
#5117=AXIS2_PLACEMENT_3D('',#6808,#5771,#5772);
#5118=AXIS2_PLACEMENT_3D('',#6809,#5773,#5774);
#5119=AXIS2_PLACEMENT_3D('',#6818,#5779,#5780);
#5120=AXIS2_PLACEMENT_3D('',#6824,#5784,#5785);
#5121=AXIS2_PLACEMENT_3D('',#6830,#5789,#5790);
#5122=AXIS2_PLACEMENT_3D('',#6833,#5793,#5794);
#5123=AXIS2_PLACEMENT_3D('',#6834,#5795,#5796);
#5124=AXIS2_PLACEMENT_3D('',#6843,#5801,#5802);
#5125=AXIS2_PLACEMENT_3D('',#6849,#5806,#5807);
#5126=AXIS2_PLACEMENT_3D('',#6855,#5811,#5812);
#5127=AXIS2_PLACEMENT_3D('',#6861,#5816,#5817);
#5128=AXIS2_PLACEMENT_3D('',#6867,#5821,#5822);
#5129=AXIS2_PLACEMENT_3D('',#6870,#5825,#5826);
#5130=AXIS2_PLACEMENT_3D('',#6871,#5827,#5828);
#5131=AXIS2_PLACEMENT_3D('',#7100,#5839,#5840);
#5132=AXIS2_PLACEMENT_3D('',#7106,#5844,#5845);
#5133=AXIS2_PLACEMENT_3D('',#7112,#5849,#5850);
#5134=AXIS2_PLACEMENT_3D('',#7143,#5855,#5856);
#5135=AXIS2_PLACEMENT_3D('',#7349,#5868,#5869);
#5136=AXIS2_PLACEMENT_3D('',#7355,#5873,#5874);
#5137=AXIS2_PLACEMENT_3D('',#7358,#5877,#5878);
#5138=AXIS2_PLACEMENT_3D('',#7359,#5879,#5880);
#5139=AXIS2_PLACEMENT_3D('',#7368,#5885,#5886);
#5140=AXIS2_PLACEMENT_3D('',#7374,#5890,#5891);
#5141=AXIS2_PLACEMENT_3D('',#7380,#5895,#5896);
#5142=AXIS2_PLACEMENT_3D('',#7386,#5900,#5901);
#5143=AXIS2_PLACEMENT_3D('',#7392,#5905,#5906);
#5144=AXIS2_PLACEMENT_3D('',#7398,#5910,#5911);
#5145=AXIS2_PLACEMENT_3D('',#7404,#5915,#5916);
#5146=AXIS2_PLACEMENT_3D('',#7410,#5920,#5921);
#5147=AXIS2_PLACEMENT_3D('',#7416,#5925,#5926);
#5148=AXIS2_PLACEMENT_3D('',#7419,#5929,#5930);
#5149=AXIS2_PLACEMENT_3D('',#7870,#5949,#5950);
#5150=AXIS2_PLACEMENT_3D('',#7871,#5951,#5952);
#5151=AXIS2_PLACEMENT_3D('',#8276,#5992,#5993);
#5152=AXIS2_PLACEMENT_3D('',#8280,#5996,#5997);
#5153=AXIS2_PLACEMENT_3D('',#8418,#6007,#6008);
#5154=AXIS2_PLACEMENT_3D('',#8419,#6009,#6010);
#5155=AXIS2_PLACEMENT_3D('',#8425,#6014,#6015);
#5156=AXIS2_PLACEMENT_3D('',#8429,#6018,#6019);
#5157=AXIS2_PLACEMENT_3D('',#8433,#6022,#6023);
#5158=AXIS2_PLACEMENT_3D('',#8435,#6025,#6026);
#5159=AXIS2_PLACEMENT_3D('',#8444,#6031,#6032);
#5160=AXIS2_PLACEMENT_3D('',#8450,#6036,#6037);
#5161=AXIS2_PLACEMENT_3D('',#8456,#6041,#6042);
#5162=AXIS2_PLACEMENT_3D('',#8459,#6045,#6046);
#5163=AXIS2_PLACEMENT_3D('',#8563,#6052,#6053);
#5164=AXIS2_PLACEMENT_3D('',#8690,#6065,#6066);
#5165=AXIS2_PLACEMENT_3D('',#8694,#6069,#6070);
#5166=AXIS2_PLACEMENT_3D('',#8748,#6075,#6076);
#5167=AXIS2_PLACEMENT_3D('',#8754,#6080,#6081);
#5168=AXIS2_PLACEMENT_3D('',#8757,#6084,#6085);
#5169=AXIS2_PLACEMENT_3D('',#8761,#6088,#6089);
#5170=AXIS2_PLACEMENT_3D('',#8765,#6092,#6093);
#5171=AXIS2_PLACEMENT_3D('',#8820,#6099,#6100);
#5172=AXIS2_PLACEMENT_3D('',#8824,#6103,#6104);
#5173=AXIS2_PLACEMENT_3D('',#8828,#6107,#6108);
#5174=AXIS2_PLACEMENT_3D('',#8830,#6110,#6111);
#5175=AXIS2_PLACEMENT_3D('',#8831,#6112,#6113);
#5176=AXIS2_PLACEMENT_3D('',#8832,#6114,#6115);
#5177=AXIS2_PLACEMENT_3D('',#8838,#6119,#6120);
#5178=AXIS2_PLACEMENT_3D('',#8842,#6123,#6124);
#5179=AXIS2_PLACEMENT_3D('',#8846,#6127,#6128);
#5180=AXIS2_PLACEMENT_3D('',#8850,#6131,#6132);
#5181=AXIS2_PLACEMENT_3D('',#8854,#6135,#6136);
#5182=AXIS2_PLACEMENT_3D('',#8858,#6139,#6140);
#5183=AXIS2_PLACEMENT_3D('',#8862,#6143,#6144);
#5184=AXIS2_PLACEMENT_3D('',#8866,#6147,#6148);
#5185=AXIS2_PLACEMENT_3D('',#8870,#6151,#6152);
#5186=AXIS2_PLACEMENT_3D('',#8874,#6155,#6156);
#5187=AXIS2_PLACEMENT_3D('',#8878,#6159,#6160);
#5188=AXIS2_PLACEMENT_3D('',#8880,#6162,#6163);
#5189=AXIS2_PLACEMENT_3D('',#8881,#6164,#6165);
#5190=AXIS2_PLACEMENT_3D('',#8887,#6169,#6170);
#5191=AXIS2_PLACEMENT_3D('',#8891,#6173,#6174);
#5192=AXIS2_PLACEMENT_3D('',#8895,#6177,#6178);
#5193=AXIS2_PLACEMENT_3D('',#8897,#6180,#6181);
#5194=AXIS2_PLACEMENT_3D('',#8898,#6182,#6183);
#5195=AXIS2_PLACEMENT_3D('',#8899,#6184,#6185);
#5196=DIRECTION('axis',(0.,0.,1.));
#5197=DIRECTION('refdir',(1.,0.,0.));
#5198=DIRECTION('center_axis',(0.,0.,1.));
#5199=DIRECTION('ref_axis',(1.,0.,0.));
#5200=DIRECTION('center_axis',(0.,0.,-1.));
#5201=DIRECTION('ref_axis',(1.,0.,0.));
#5202=DIRECTION('',(0.707106781186547,-8.65956056235493E-17,-0.707106781186548));
#5203=DIRECTION('center_axis',(0.,0.,-1.));
#5204=DIRECTION('ref_axis',(1.,0.,0.));
#5205=DIRECTION('center_axis',(0.,0.,-1.));
#5206=DIRECTION('ref_axis',(1.,0.,0.));
#5207=DIRECTION('',(0.,0.,-1.));
#5208=DIRECTION('center_axis',(0.,0.,1.));
#5209=DIRECTION('ref_axis',(1.,0.,0.));
#5210=DIRECTION('center_axis',(0.,0.,1.));
#5211=DIRECTION('ref_axis',(1.,0.,0.));
#5212=DIRECTION('center_axis',(0.,0.,-1.));
#5213=DIRECTION('ref_axis',(1.,0.,0.));
#5214=DIRECTION('',(0.707106781186547,-8.65956056235493E-17,-0.707106781186548));
#5215=DIRECTION('center_axis',(0.,0.,-1.));
#5216=DIRECTION('ref_axis',(1.,0.,0.));
#5217=DIRECTION('center_axis',(0.,0.,-1.));
#5218=DIRECTION('ref_axis',(1.,0.,0.));
#5219=DIRECTION('',(0.,0.,-1.));
#5220=DIRECTION('center_axis',(0.,0.,1.));
#5221=DIRECTION('ref_axis',(1.,0.,0.));
#5222=DIRECTION('center_axis',(0.,0.,1.));
#5223=DIRECTION('ref_axis',(1.,0.,0.));
#5224=DIRECTION('center_axis',(0.,0.,-1.));
#5225=DIRECTION('ref_axis',(1.,0.,0.));
#5226=DIRECTION('',(0.707106781186547,-8.65956056235493E-17,-0.707106781186548));
#5227=DIRECTION('center_axis',(0.,0.,-1.));
#5228=DIRECTION('ref_axis',(1.,0.,0.));
#5229=DIRECTION('center_axis',(0.,0.,-1.));
#5230=DIRECTION('ref_axis',(1.,0.,0.));
#5231=DIRECTION('',(0.,0.,-1.));
#5232=DIRECTION('center_axis',(0.,0.,1.));
#5233=DIRECTION('ref_axis',(1.,0.,0.));
#5234=DIRECTION('center_axis',(0.,0.,1.));
#5235=DIRECTION('ref_axis',(1.,0.,0.));
#5236=DIRECTION('center_axis',(0.,0.,-1.));
#5237=DIRECTION('ref_axis',(1.,0.,0.));
#5238=DIRECTION('',(0.707106781186547,-8.65956056235493E-17,-0.707106781186548));
#5239=DIRECTION('center_axis',(0.,0.,-1.));
#5240=DIRECTION('ref_axis',(1.,0.,0.));
#5241=DIRECTION('center_axis',(0.,0.,-1.));
#5242=DIRECTION('ref_axis',(1.,0.,0.));
#5243=DIRECTION('',(0.,0.,-1.));
#5244=DIRECTION('center_axis',(0.,0.,1.));
#5245=DIRECTION('ref_axis',(1.,0.,0.));
#5246=DIRECTION('center_axis',(0.,0.,-1.));
#5247=DIRECTION('ref_axis',(-0.707106781186548,0.707106781186547,0.));
#5248=DIRECTION('center_axis',(0.,0.,1.));
#5249=DIRECTION('ref_axis',(-0.707106781186548,0.707106781186547,0.));
#5250=DIRECTION('',(0.,0.,1.));
#5251=DIRECTION('center_axis',(0.,0.,-1.));
#5252=DIRECTION('ref_axis',(-0.707106781186548,0.707106781186547,0.));
#5253=DIRECTION('',(0.,0.,-1.));
#5254=DIRECTION('center_axis',(0.,1.,0.));
#5255=DIRECTION('ref_axis',(1.,0.,0.));
#5256=DIRECTION('',(1.,0.,0.));
#5257=DIRECTION('',(0.,0.,1.));
#5258=DIRECTION('',(1.,0.,0.));
#5259=DIRECTION('center_axis',(0.,0.,1.));
#5260=DIRECTION('ref_axis',(1.,0.,0.));
#5261=DIRECTION('',(0.,1.,0.));
#5262=DIRECTION('center_axis',(0.,0.,-1.));
#5263=DIRECTION('ref_axis',(-0.707106781186548,-0.707106781186548,0.));
#5264=DIRECTION('',(-1.,0.,0.));
#5265=DIRECTION('center_axis',(0.,0.,-1.));
#5266=DIRECTION('ref_axis',(0.707106781186546,-0.707106781186549,0.));
#5267=DIRECTION('',(0.,-1.,0.));
#5268=DIRECTION('center_axis',(0.,0.,-1.));
#5269=DIRECTION('ref_axis',(0.707106781186549,0.707106781186546,0.));
#5270=DIRECTION('center_axis',(0.,0.,-1.));
#5271=DIRECTION('ref_axis',(1.,0.,0.));
#5272=DIRECTION('center_axis',(0.,0.,-1.));
#5273=DIRECTION('ref_axis',(1.,0.,0.));
#5274=DIRECTION('center_axis',(0.,0.,-1.));
#5275=DIRECTION('ref_axis',(1.,0.,0.));
#5276=DIRECTION('center_axis',(0.,0.,-1.));
#5277=DIRECTION('ref_axis',(1.,0.,0.));
#5278=DIRECTION('center_axis',(0.,0.,-1.));
#5279=DIRECTION('ref_axis',(1.,0.,0.));
#5280=DIRECTION('center_axis',(0.,0.,-1.));
#5281=DIRECTION('ref_axis',(1.,0.,0.));
#5282=DIRECTION('center_axis',(0.,0.,-1.));
#5283=DIRECTION('ref_axis',(1.,0.,0.));
#5284=DIRECTION('center_axis',(0.,0.,-1.));
#5285=DIRECTION('ref_axis',(1.,0.,0.));
#5286=DIRECTION('center_axis',(0.,0.,-1.));
#5287=DIRECTION('ref_axis',(1.,0.,0.));
#5288=DIRECTION('center_axis',(0.,0.,-1.));
#5289=DIRECTION('ref_axis',(1.,0.,0.));
#5290=DIRECTION('center_axis',(0.,0.,-1.));
#5291=DIRECTION('ref_axis',(0.707106781186549,0.707106781186546,0.));
#5292=DIRECTION('center_axis',(0.,0.,1.));
#5293=DIRECTION('ref_axis',(0.707106781186549,0.707106781186546,0.));
#5294=DIRECTION('',(0.,0.,-1.));
#5295=DIRECTION('center_axis',(1.,0.,0.));
#5296=DIRECTION('ref_axis',(0.,-1.,0.));
#5297=DIRECTION('',(0.,0.,1.));
#5298=DIRECTION('',(0.,-1.,0.));
#5299=DIRECTION('center_axis',(0.,0.,-1.));
#5300=DIRECTION('ref_axis',(0.707106781186546,-0.707106781186549,0.));
#5301=DIRECTION('center_axis',(0.,0.,1.));
#5302=DIRECTION('ref_axis',(0.707106781186546,-0.707106781186549,0.));
#5303=DIRECTION('',(0.,0.,-1.));
#5304=DIRECTION('center_axis',(0.,-1.,0.));
#5305=DIRECTION('ref_axis',(-1.,0.,0.));
#5306=DIRECTION('',(0.,0.,1.));
#5307=DIRECTION('',(-1.,0.,0.));
#5308=DIRECTION('center_axis',(0.,0.,-1.));
#5309=DIRECTION('ref_axis',(-0.707106781186548,-0.707106781186548,0.));
#5310=DIRECTION('center_axis',(0.,0.,1.));
#5311=DIRECTION('ref_axis',(-0.707106781186548,-0.707106781186548,0.));
#5312=DIRECTION('',(0.,0.,-1.));
#5313=DIRECTION('center_axis',(0.,0.,-1.));
#5314=DIRECTION('ref_axis',(1.,0.,0.));
#5315=DIRECTION('center_axis',(0.,0.,1.));
#5316=DIRECTION('ref_axis',(1.,0.,0.));
#5317=DIRECTION('',(0.,0.,1.));
#5318=DIRECTION('center_axis',(0.,0.,-1.));
#5319=DIRECTION('ref_axis',(1.,0.,0.));
#5320=DIRECTION('center_axis',(0.,0.,1.));
#5321=DIRECTION('ref_axis',(1.,0.,0.));
#5322=DIRECTION('',(0.,0.,1.));
#5323=DIRECTION('center_axis',(0.,0.,-1.));
#5324=DIRECTION('ref_axis',(1.,0.,0.));
#5325=DIRECTION('center_axis',(0.,0.,1.));
#5326=DIRECTION('ref_axis',(1.,0.,0.));
#5327=DIRECTION('',(0.,0.,1.));
#5328=DIRECTION('center_axis',(0.,0.,-1.));
#5329=DIRECTION('ref_axis',(1.,0.,0.));
#5330=DIRECTION('center_axis',(0.,0.,1.));
#5331=DIRECTION('ref_axis',(1.,0.,0.));
#5332=DIRECTION('',(0.,0.,1.));
#5333=DIRECTION('center_axis',(0.,0.,-1.));
#5334=DIRECTION('ref_axis',(1.,0.,0.));
#5335=DIRECTION('center_axis',(0.,0.,1.));
#5336=DIRECTION('ref_axis',(1.,0.,0.));
#5337=DIRECTION('',(0.,0.,1.));
#5338=DIRECTION('center_axis',(0.,0.,-1.));
#5339=DIRECTION('ref_axis',(1.,0.,0.));
#5340=DIRECTION('center_axis',(0.,0.,1.));
#5341=DIRECTION('ref_axis',(1.,0.,0.));
#5342=DIRECTION('',(0.,0.,1.));
#5343=DIRECTION('center_axis',(0.,0.,-1.));
#5344=DIRECTION('ref_axis',(1.,0.,0.));
#5345=DIRECTION('center_axis',(0.,0.,1.));
#5346=DIRECTION('ref_axis',(1.,0.,0.));
#5347=DIRECTION('',(0.,0.,1.));
#5348=DIRECTION('center_axis',(0.,0.,-1.));
#5349=DIRECTION('ref_axis',(1.,0.,0.));
#5350=DIRECTION('center_axis',(0.,0.,1.));
#5351=DIRECTION('ref_axis',(1.,0.,0.));
#5352=DIRECTION('',(0.,0.,1.));
#5353=DIRECTION('center_axis',(0.,0.,-1.));
#5354=DIRECTION('ref_axis',(1.,0.,0.));
#5355=DIRECTION('center_axis',(0.,0.,1.));
#5356=DIRECTION('ref_axis',(1.,0.,0.));
#5357=DIRECTION('',(0.,0.,1.));
#5358=DIRECTION('center_axis',(0.,0.,-1.));
#5359=DIRECTION('ref_axis',(1.,0.,0.));
#5360=DIRECTION('center_axis',(0.,0.,1.));
#5361=DIRECTION('ref_axis',(1.,0.,0.));
#5362=DIRECTION('',(0.,0.,1.));
#5363=DIRECTION('center_axis',(-1.,0.,0.));
#5364=DIRECTION('ref_axis',(0.,1.,0.));
#5365=DIRECTION('',(0.,1.,0.));
#5366=DIRECTION('center_axis',(0.,0.,1.));
#5367=DIRECTION('ref_axis',(1.,0.,0.));
#5368=DIRECTION('center_axis',(1.,0.,0.));
#5369=DIRECTION('ref_axis',(0.,1.,0.));
#5370=DIRECTION('',(0.,-1.,0.));
#5371=DIRECTION('',(0.,0.,1.));
#5372=DIRECTION('',(0.,1.,0.));
#5373=DIRECTION('',(0.,0.,1.));
#5374=DIRECTION('center_axis',(0.,-1.,0.));
#5375=DIRECTION('ref_axis',(1.,0.,0.));
#5376=DIRECTION('',(-1.,0.,0.));
#5377=DIRECTION('',(0.,0.,1.));
#5378=DIRECTION('',(1.,0.,0.));
#5379=DIRECTION('center_axis',(1.,0.,0.));
#5380=DIRECTION('ref_axis',(0.,1.,0.));
#5381=DIRECTION('',(0.,-1.,0.));
#5382=DIRECTION('',(0.,0.,1.));
#5383=DIRECTION('',(0.,1.,0.));
#5384=DIRECTION('center_axis',(0.,1.,0.));
#5385=DIRECTION('ref_axis',(-1.,0.,0.));
#5386=DIRECTION('',(1.,0.,0.));
#5387=DIRECTION('',(0.,0.,1.));
#5388=DIRECTION('',(-1.,0.,0.));
#5389=DIRECTION('center_axis',(-1.,0.,0.));
#5390=DIRECTION('ref_axis',(0.,-1.,0.));
#5391=DIRECTION('',(0.,1.,0.));
#5392=DIRECTION('',(0.,0.,1.));
#5393=DIRECTION('',(0.,-1.,0.));
#5394=DIRECTION('center_axis',(0.,1.,0.));
#5395=DIRECTION('ref_axis',(-1.,0.,0.));
#5396=DIRECTION('',(1.,0.,0.));
#5397=DIRECTION('',(-1.,0.,0.));
#5398=DIRECTION('',(0.,0.,1.));
#5399=DIRECTION('center_axis',(1.,0.,0.));
#5400=DIRECTION('ref_axis',(0.,1.,0.));
#5401=DIRECTION('',(0.,-1.,0.));
#5402=DIRECTION('',(0.,1.,0.));
#5403=DIRECTION('',(0.,0.,1.));
#5404=DIRECTION('center_axis',(0.,-1.,0.));
#5405=DIRECTION('ref_axis',(1.,0.,0.));
#5406=DIRECTION('',(-1.,0.,0.));
#5407=DIRECTION('',(1.,0.,0.));
#5408=DIRECTION('',(0.,0.,1.));
#5409=DIRECTION('center_axis',(1.,0.,0.));
#5410=DIRECTION('ref_axis',(0.,1.,0.));
#5411=DIRECTION('',(0.,-1.,0.));
#5412=DIRECTION('',(0.,1.,0.));
#5413=DIRECTION('',(0.,0.,1.));
#5414=DIRECTION('center_axis',(0.,-1.,0.));
#5415=DIRECTION('ref_axis',(1.,0.,0.));
#5416=DIRECTION('',(-1.,0.,0.));
#5417=DIRECTION('',(1.,0.,0.));
#5418=DIRECTION('center_axis',(0.,0.,1.));
#5419=DIRECTION('ref_axis',(1.,0.,0.));
#5420=DIRECTION('center_axis',(0.,1.,0.));
#5421=DIRECTION('ref_axis',(-1.,0.,0.));
#5422=DIRECTION('',(1.,0.,0.));
#5423=DIRECTION('',(0.,0.,1.));
#5424=DIRECTION('',(-1.,0.,0.));
#5425=DIRECTION('',(0.,0.,1.));
#5426=DIRECTION('center_axis',(1.,0.,0.));
#5427=DIRECTION('ref_axis',(0.,1.,0.));
#5428=DIRECTION('',(0.,-1.,0.));
#5429=DIRECTION('',(0.,0.,1.));
#5430=DIRECTION('',(0.,1.,0.));
#5431=DIRECTION('center_axis',(0.,-1.,0.));
#5432=DIRECTION('ref_axis',(1.,0.,0.));
#5433=DIRECTION('',(-1.,0.,0.));
#5434=DIRECTION('',(0.,0.,1.));
#5435=DIRECTION('',(1.,0.,0.));
#5436=DIRECTION('center_axis',(1.,0.,0.));
#5437=DIRECTION('ref_axis',(0.,1.,0.));
#5438=DIRECTION('',(0.,-1.,0.));
#5439=DIRECTION('',(0.,0.,1.));
#5440=DIRECTION('',(0.,1.,0.));
#5441=DIRECTION('center_axis',(0.,1.,0.));
#5442=DIRECTION('ref_axis',(-1.,0.,0.));
#5443=DIRECTION('',(1.,0.,0.));
#5444=DIRECTION('',(0.,0.,1.));
#5445=DIRECTION('',(-1.,0.,0.));
#5446=DIRECTION('center_axis',(-1.,0.,0.));
#5447=DIRECTION('ref_axis',(0.,-1.,0.));
#5448=DIRECTION('',(0.,1.,0.));
#5449=DIRECTION('',(0.,0.,1.));
#5450=DIRECTION('',(0.,-1.,0.));
#5451=DIRECTION('center_axis',(1.,0.,0.));
#5452=DIRECTION('ref_axis',(0.,1.,0.));
#5453=DIRECTION('',(0.,-1.,0.));
#5454=DIRECTION('',(0.,1.,0.));
#5455=DIRECTION('',(0.,0.,1.));
#5456=DIRECTION('center_axis',(0.,-1.,0.));
#5457=DIRECTION('ref_axis',(1.,0.,0.));
#5458=DIRECTION('',(-1.,0.,0.));
#5459=DIRECTION('',(1.,0.,0.));
#5460=DIRECTION('',(0.,0.,1.));
#5461=DIRECTION('center_axis',(1.,0.,0.));
#5462=DIRECTION('ref_axis',(0.,1.,0.));
#5463=DIRECTION('',(0.,-1.,0.));
#5464=DIRECTION('',(0.,1.,0.));
#5465=DIRECTION('',(0.,0.,1.));
#5466=DIRECTION('center_axis',(0.,1.,0.));
#5467=DIRECTION('ref_axis',(-1.,0.,0.));
#5468=DIRECTION('',(1.,0.,0.));
#5469=DIRECTION('',(-1.,0.,0.));
#5470=DIRECTION('',(0.,0.,1.));
#5471=DIRECTION('center_axis',(1.,0.,0.));
#5472=DIRECTION('ref_axis',(0.,1.,0.));
#5473=DIRECTION('',(0.,-1.,0.));
#5474=DIRECTION('',(0.,1.,0.));
#5475=DIRECTION('',(0.,0.,1.));
#5476=DIRECTION('center_axis',(0.,-1.,0.));
#5477=DIRECTION('ref_axis',(1.,0.,0.));
#5478=DIRECTION('',(-1.,0.,0.));
#5479=DIRECTION('',(1.,0.,0.));
#5480=DIRECTION('center_axis',(0.,0.,1.));
#5481=DIRECTION('ref_axis',(1.,0.,0.));
#5482=DIRECTION('center_axis',(0.,1.,0.));
#5483=DIRECTION('ref_axis',(-1.,0.,0.));
#5484=DIRECTION('',(1.,0.,0.));
#5485=DIRECTION('',(0.,0.,1.));
#5486=DIRECTION('',(-1.,0.,0.));
#5487=DIRECTION('',(0.,0.,1.));
#5488=DIRECTION('center_axis',(1.,0.,0.));
#5489=DIRECTION('ref_axis',(0.,1.,0.));
#5490=DIRECTION('',(0.,-1.,0.));
#5491=DIRECTION('',(0.,0.,1.));
#5492=DIRECTION('',(0.,1.,0.));
#5493=DIRECTION('center_axis',(0.,-1.,0.));
#5494=DIRECTION('ref_axis',(1.,0.,0.));
#5495=DIRECTION('',(-1.,0.,0.));
#5496=DIRECTION('',(0.,0.,1.));
#5497=DIRECTION('',(1.,0.,0.));
#5498=DIRECTION('center_axis',(1.,0.,0.));
#5499=DIRECTION('ref_axis',(0.,1.,0.));
#5500=DIRECTION('',(0.,-1.,0.));
#5501=DIRECTION('',(0.,0.,1.));
#5502=DIRECTION('',(0.,1.,0.));
#5503=DIRECTION('center_axis',(0.,1.,0.));
#5504=DIRECTION('ref_axis',(-1.,0.,0.));
#5505=DIRECTION('',(1.,0.,0.));
#5506=DIRECTION('',(0.,0.,1.));
#5507=DIRECTION('',(-1.,0.,0.));
#5508=DIRECTION('center_axis',(-1.,8.88178419700125E-16,0.));
#5509=DIRECTION('ref_axis',(-8.88178419700125E-16,-1.,0.));
#5510=DIRECTION('',(8.88178419700125E-16,1.,0.));
#5511=DIRECTION('',(0.,0.,1.));
#5512=DIRECTION('',(-8.88178419700125E-16,-1.,0.));
#5513=DIRECTION('center_axis',(1.,0.,0.));
#5514=DIRECTION('ref_axis',(0.,1.,0.));
#5515=DIRECTION('',(0.,-1.,0.));
#5516=DIRECTION('',(0.,1.,0.));
#5517=DIRECTION('',(0.,0.,1.));
#5518=DIRECTION('center_axis',(0.,-1.,0.));
#5519=DIRECTION('ref_axis',(1.,0.,0.));
#5520=DIRECTION('',(-1.,0.,0.));
#5521=DIRECTION('',(1.,0.,0.));
#5522=DIRECTION('',(0.,0.,1.));
#5523=DIRECTION('center_axis',(1.,-1.63166573232952E-15,0.));
#5524=DIRECTION('ref_axis',(1.63166573232952E-15,1.,0.));
#5525=DIRECTION('',(-1.63166573232952E-15,-1.,0.));
#5526=DIRECTION('',(1.63166573232952E-15,1.,0.));
#5527=DIRECTION('',(0.,0.,1.));
#5528=DIRECTION('center_axis',(0.,1.,0.));
#5529=DIRECTION('ref_axis',(-1.,0.,0.));
#5530=DIRECTION('',(1.,0.,0.));
#5531=DIRECTION('',(-1.,0.,0.));
#5532=DIRECTION('',(0.,0.,1.));
#5533=DIRECTION('center_axis',(1.,0.,0.));
#5534=DIRECTION('ref_axis',(0.,1.,0.));
#5535=DIRECTION('',(0.,-1.,0.));
#5536=DIRECTION('',(0.,1.,0.));
#5537=DIRECTION('',(0.,0.,1.));
#5538=DIRECTION('center_axis',(0.,-1.,0.));
#5539=DIRECTION('ref_axis',(1.,0.,0.));
#5540=DIRECTION('',(-1.,0.,0.));
#5541=DIRECTION('',(1.,0.,0.));
#5542=DIRECTION('center_axis',(0.,0.,1.));
#5543=DIRECTION('ref_axis',(1.,0.,0.));
#5544=DIRECTION('center_axis',(0.939692621605733,-0.342020141073218,0.));
#5545=DIRECTION('ref_axis',(0.342020141073218,0.939692621605733,0.));
#5546=DIRECTION('',(-0.342020141073218,-0.939692621605733,0.));
#5547=DIRECTION('',(0.,0.,1.));
#5548=DIRECTION('',(0.342020141073218,0.939692621605733,0.));
#5549=DIRECTION('',(0.,0.,1.));
#5550=DIRECTION('center_axis',(-0.937457363774202,-0.34810011649743,0.));
#5551=DIRECTION('ref_axis',(0.34810011649743,-0.937457363774202,0.));
#5552=DIRECTION('',(-0.34810011649743,0.937457363774202,0.));
#5553=DIRECTION('',(0.,0.,1.));
#5554=DIRECTION('',(0.34810011649743,-0.937457363774202,0.));
#5555=DIRECTION('center_axis',(0.93987565797143,-0.341516833483757,0.));
#5556=DIRECTION('ref_axis',(0.341516833483757,0.93987565797143,0.));
#5557=DIRECTION('',(-0.341516833483757,-0.93987565797143,0.));
#5558=DIRECTION('',(0.,0.,1.));
#5559=DIRECTION('',(0.341516833483757,0.93987565797143,0.));
#5560=DIRECTION('',(0.,0.,1.));
#5561=DIRECTION('center_axis',(0.,-1.,0.));
#5562=DIRECTION('ref_axis',(1.,0.,0.));
#5563=DIRECTION('',(-1.,0.,0.));
#5564=DIRECTION('',(0.,0.,1.));
#5565=DIRECTION('',(1.,0.,0.));
#5566=DIRECTION('center_axis',(-0.933417804424238,-0.358791307564487,0.));
#5567=DIRECTION('ref_axis',(0.358791307564487,-0.933417804424238,0.));
#5568=DIRECTION('',(-0.358791307564487,0.933417804424238,0.));
#5569=DIRECTION('',(0.,0.,1.));
#5570=DIRECTION('',(0.358791307564487,-0.933417804424238,0.));
#5571=DIRECTION('center_axis',(0.,-1.,0.));
#5572=DIRECTION('ref_axis',(1.,0.,0.));
#5573=DIRECTION('',(-1.,0.,0.));
#5574=DIRECTION('',(0.,0.,1.));
#5575=DIRECTION('',(1.,0.,0.));
#5576=DIRECTION('center_axis',(0.,1.,0.));
#5577=DIRECTION('ref_axis',(-1.,0.,0.));
#5578=DIRECTION('',(1.,0.,0.));
#5579=DIRECTION('',(-1.,0.,0.));
#5580=DIRECTION('center_axis',(0.,-1.,0.));
#5581=DIRECTION('ref_axis',(1.,0.,0.));
#5582=DIRECTION('',(-1.,0.,0.));
#5583=DIRECTION('',(1.,0.,0.));
#5584=DIRECTION('',(0.,0.,1.));
#5585=DIRECTION('center_axis',(-0.931813640456464,0.362937101243828,0.));
#5586=DIRECTION('ref_axis',(-0.362937101243828,-0.931813640456464,0.));
#5587=DIRECTION('',(0.362937101243828,0.931813640456464,0.));
#5588=DIRECTION('',(-0.362937101243828,-0.931813640456464,0.));
#5589=DIRECTION('',(0.,0.,1.));
#5590=DIRECTION('center_axis',(0.,1.,0.));
#5591=DIRECTION('ref_axis',(-1.,0.,0.));
#5592=DIRECTION('',(1.,0.,0.));
#5593=DIRECTION('',(-1.,0.,0.));
#5594=DIRECTION('',(0.,0.,1.));
#5595=DIRECTION('center_axis',(0.928345633425881,0.371718152501462,0.));
#5596=DIRECTION('ref_axis',(-0.371718152501462,0.928345633425881,0.));
#5597=DIRECTION('',(0.371718152501462,-0.928345633425881,0.));
#5598=DIRECTION('',(-0.371718152501462,0.928345633425881,0.));
#5599=DIRECTION('center_axis',(0.,0.,1.));
#5600=DIRECTION('ref_axis',(1.,0.,0.));
#5601=DIRECTION('center_axis',(0.,0.,1.));
#5602=DIRECTION('ref_axis',(1.,0.,0.));
#5603=DIRECTION('',(0.,1.,0.));
#5604=DIRECTION('',(-1.,0.,0.));
#5605=DIRECTION('',(0.,-1.,0.));
#5606=DIRECTION('',(1.,0.,0.));
#5607=DIRECTION('',(8.88178419700125E-16,1.,0.));
#5608=DIRECTION('',(1.,0.,0.));
#5609=DIRECTION('',(-1.12830964172582E-15,-1.,0.));
#5610=DIRECTION('',(1.,0.,0.));
#5611=DIRECTION('',(1.12830964172582E-15,1.,0.));
#5612=DIRECTION('',(1.,0.,0.));
#5613=DIRECTION('',(-8.88178419700125E-16,-1.,0.));
#5614=DIRECTION('',(-1.,0.,0.));
#5615=DIRECTION('',(1.01565494373081E-15,1.,0.));
#5616=DIRECTION('',(-1.,0.,0.));
#5617=DIRECTION('',(-1.01565494373081E-15,-1.,0.));
#5618=DIRECTION('',(-1.,0.,0.));
#5619=DIRECTION('',(8.01766927577696E-16,1.,0.));
#5620=DIRECTION('',(-1.,0.,0.));
#5621=DIRECTION('',(1.31257048516644E-15,1.,0.));
#5622=DIRECTION('',(1.,0.,0.));
#5623=DIRECTION('',(-6.56285242583218E-16,-1.,0.));
#5624=DIRECTION('',(-1.,0.,0.));
#5625=DIRECTION('',(-9.35394748840646E-16,-1.,0.));
#5626=DIRECTION('',(-1.,0.,0.));
#5627=DIRECTION('center_axis',(0.,1.,0.));
#5628=DIRECTION('ref_axis',(-1.,0.,0.));
#5629=DIRECTION('',(1.,0.,0.));
#5630=DIRECTION('',(0.,0.,1.));
#5631=DIRECTION('',(-1.,0.,0.));
#5632=DIRECTION('',(0.,0.,1.));
#5633=DIRECTION('center_axis',(1.,0.,0.));
#5634=DIRECTION('ref_axis',(0.,1.,0.));
#5635=DIRECTION('',(0.,-1.,0.));
#5636=DIRECTION('',(0.,0.,1.));
#5637=DIRECTION('',(0.,1.,0.));
#5638=DIRECTION('center_axis',(0.,-1.,0.));
#5639=DIRECTION('ref_axis',(1.,0.,0.));
#5640=DIRECTION('',(-1.,0.,0.));
#5641=DIRECTION('',(0.,0.,1.));
#5642=DIRECTION('',(1.,0.,0.));
#5643=DIRECTION('center_axis',(0.,1.,0.));
#5644=DIRECTION('ref_axis',(-1.,0.,0.));
#5645=DIRECTION('',(0.,0.,1.));
#5646=DIRECTION('',(-1.,0.,0.));
#5647=DIRECTION('',(0.,0.,1.));
#5648=DIRECTION('center_axis',(1.,0.,0.));
#5649=DIRECTION('ref_axis',(0.,1.,0.));
#5650=DIRECTION('',(0.,0.,1.));
#5651=DIRECTION('',(0.,1.,0.));
#5652=DIRECTION('center_axis',(-1.,0.,0.));
#5653=DIRECTION('ref_axis',(0.,-1.,0.));
#5654=DIRECTION('',(0.,1.,0.));
#5655=DIRECTION('',(0.,-1.,0.));
#5656=DIRECTION('center_axis',(-1.,0.,0.));
#5657=DIRECTION('ref_axis',(0.,-1.,0.));
#5658=DIRECTION('',(0.,-1.,0.));
#5659=DIRECTION('',(0.,0.,1.));
#5660=DIRECTION('center_axis',(0.,-1.,0.));
#5661=DIRECTION('ref_axis',(1.,0.,0.));
#5662=DIRECTION('',(1.,0.,0.));
#5663=DIRECTION('center_axis',(1.,0.,0.));
#5664=DIRECTION('ref_axis',(0.,1.,0.));
#5665=DIRECTION('',(0.,-1.,0.));
#5666=DIRECTION('',(0.,0.,1.));
#5667=DIRECTION('',(0.,1.,0.));
#5668=DIRECTION('',(0.,0.,1.));
#5669=DIRECTION('center_axis',(0.,-1.,0.));
#5670=DIRECTION('ref_axis',(1.,0.,0.));
#5671=DIRECTION('',(-1.,0.,0.));
#5672=DIRECTION('',(1.,0.,0.));
#5673=DIRECTION('',(0.,0.,1.));
#5674=DIRECTION('center_axis',(-1.,0.,0.));
#5675=DIRECTION('ref_axis',(0.,-1.,0.));
#5676=DIRECTION('',(0.,1.,0.));
#5677=DIRECTION('',(0.,-1.,0.));
#5678=DIRECTION('',(0.,0.,1.));
#5679=DIRECTION('center_axis',(0.,1.,0.));
#5680=DIRECTION('ref_axis',(-1.,0.,0.));
#5681=DIRECTION('',(1.,0.,0.));
#5682=DIRECTION('',(-1.,0.,0.));
#5683=DIRECTION('center_axis',(0.,0.,1.));
#5684=DIRECTION('ref_axis',(1.,0.,0.));
#5685=DIRECTION('center_axis',(0.,0.,1.));
#5686=DIRECTION('ref_axis',(1.,0.,0.));
#5687=DIRECTION('center_axis',(0.,0.,1.));
#5688=DIRECTION('ref_axis',(1.,0.,0.));
#5689=DIRECTION('center_axis',(0.,1.,0.));
#5690=DIRECTION('ref_axis',(-1.,0.,0.));
#5691=DIRECTION('',(0.,0.,1.));
#5692=DIRECTION('',(-1.,0.,0.));
#5693=DIRECTION('',(0.,0.,1.));
#5694=DIRECTION('center_axis',(-1.,1.31257048516644E-15,0.));
#5695=DIRECTION('ref_axis',(-1.31257048516644E-15,-1.,0.));
#5696=DIRECTION('',(0.,0.,1.));
#5697=DIRECTION('',(-1.31257048516644E-15,-1.,0.));
#5698=DIRECTION('center_axis',(0.,-1.,0.));
#5699=DIRECTION('ref_axis',(1.,0.,0.));
#5700=DIRECTION('',(0.,0.,1.));
#5701=DIRECTION('',(1.,0.,0.));
#5702=DIRECTION('center_axis',(-1.,8.01766927577696E-16,0.));
#5703=DIRECTION('ref_axis',(-8.01766927577696E-16,-1.,0.));
#5704=DIRECTION('',(0.,0.,1.));
#5705=DIRECTION('',(-8.01766927577696E-16,-1.,0.));
#5706=DIRECTION('center_axis',(1.,-6.56285242583218E-16,0.));
#5707=DIRECTION('ref_axis',(6.56285242583218E-16,1.,0.));
#5708=DIRECTION('',(6.56285242583218E-16,1.,0.));
#5709=DIRECTION('',(0.,0.,1.));
#5710=DIRECTION('center_axis',(0.,-1.,0.));
#5711=DIRECTION('ref_axis',(1.,0.,0.));
#5712=DIRECTION('',(1.,0.,0.));
#5713=DIRECTION('',(0.,0.,1.));
#5714=DIRECTION('center_axis',(1.,-9.35394748840646E-16,0.));
#5715=DIRECTION('ref_axis',(9.35394748840646E-16,1.,0.));
#5716=DIRECTION('',(9.35394748840646E-16,1.,0.));
#5717=DIRECTION('',(0.,0.,1.));
#5718=DIRECTION('center_axis',(0.,-1.,0.));
#5719=DIRECTION('ref_axis',(1.,0.,0.));
#5720=DIRECTION('',(1.,0.,0.));
#5721=DIRECTION('center_axis',(0.,0.,1.));
#5722=DIRECTION('ref_axis',(1.,0.,0.));
#5723=DIRECTION('center_axis',(0.,1.,0.));
#5724=DIRECTION('ref_axis',(-1.,0.,0.));
#5725=DIRECTION('',(0.,0.,1.));
#5726=DIRECTION('',(-1.,0.,0.));
#5727=DIRECTION('',(0.,0.,1.));
#5728=DIRECTION('center_axis',(-1.,1.12830964172582E-15,0.));
#5729=DIRECTION('ref_axis',(-1.12830964172582E-15,-1.,0.));
#5730=DIRECTION('',(0.,0.,1.));
#5731=DIRECTION('',(-1.12830964172582E-15,-1.,0.));
#5732=DIRECTION('center_axis',(0.,1.,0.));
#5733=DIRECTION('ref_axis',(-1.,0.,0.));
#5734=DIRECTION('',(0.,0.,1.));
#5735=DIRECTION('',(-1.,0.,0.));
#5736=DIRECTION('center_axis',(1.,-1.12830964172582E-15,0.));
#5737=DIRECTION('ref_axis',(1.12830964172582E-15,1.,0.));
#5738=DIRECTION('',(0.,0.,1.));
#5739=DIRECTION('',(1.12830964172582E-15,1.,0.));
#5740=DIRECTION('center_axis',(0.,1.,0.));
#5741=DIRECTION('ref_axis',(-1.,0.,0.));
#5742=DIRECTION('',(0.,0.,1.));
#5743=DIRECTION('',(-1.,0.,0.));
#5744=DIRECTION('center_axis',(-1.,8.88178419700125E-16,0.));
#5745=DIRECTION('ref_axis',(-8.88178419700125E-16,-1.,0.));
#5746=DIRECTION('',(0.,0.,1.));
#5747=DIRECTION('',(-8.88178419700125E-16,-1.,0.));
#5748=DIRECTION('center_axis',(1.,-8.88178419700125E-16,0.));
#5749=DIRECTION('ref_axis',(8.88178419700125E-16,1.,0.));
#5750=DIRECTION('',(8.88178419700125E-16,1.,0.));
#5751=DIRECTION('',(0.,0.,1.));
#5752=DIRECTION('center_axis',(0.,-1.,0.));
#5753=DIRECTION('ref_axis',(1.,0.,0.));
#5754=DIRECTION('',(1.,0.,0.));
#5755=DIRECTION('',(0.,0.,1.));
#5756=DIRECTION('center_axis',(-1.,1.01565494373081E-15,0.));
#5757=DIRECTION('ref_axis',(-1.01565494373081E-15,-1.,0.));
#5758=DIRECTION('',(-1.01565494373081E-15,-1.,0.));
#5759=DIRECTION('',(0.,0.,1.));
#5760=DIRECTION('center_axis',(0.,-1.,0.));
#5761=DIRECTION('ref_axis',(1.,0.,0.));
#5762=DIRECTION('',(1.,0.,0.));
#5763=DIRECTION('',(0.,0.,1.));
#5764=DIRECTION('center_axis',(1.,-1.01565494373081E-15,0.));
#5765=DIRECTION('ref_axis',(1.01565494373081E-15,1.,0.));
#5766=DIRECTION('',(1.01565494373081E-15,1.,0.));
#5767=DIRECTION('',(0.,0.,1.));
#5768=DIRECTION('center_axis',(0.,-1.,0.));
#5769=DIRECTION('ref_axis',(1.,0.,0.));
#5770=DIRECTION('',(1.,0.,0.));
#5771=DIRECTION('center_axis',(0.,0.,1.));
#5772=DIRECTION('ref_axis',(1.,0.,0.));
#5773=DIRECTION('center_axis',(0.,1.,0.));
#5774=DIRECTION('ref_axis',(-1.,0.,0.));
#5775=DIRECTION('',(1.,0.,0.));
#5776=DIRECTION('',(0.,0.,1.));
#5777=DIRECTION('',(-1.,0.,0.));
#5778=DIRECTION('',(0.,0.,1.));
#5779=DIRECTION('center_axis',(-1.,0.,0.));
#5780=DIRECTION('ref_axis',(0.,-1.,0.));
#5781=DIRECTION('',(0.,1.,0.));
#5782=DIRECTION('',(0.,0.,1.));
#5783=DIRECTION('',(0.,-1.,0.));
#5784=DIRECTION('center_axis',(1.,0.,0.));
#5785=DIRECTION('ref_axis',(0.,1.,0.));
#5786=DIRECTION('',(0.,-1.,0.));
#5787=DIRECTION('',(0.,1.,0.));
#5788=DIRECTION('',(0.,0.,1.));
#5789=DIRECTION('center_axis',(0.,-1.,0.));
#5790=DIRECTION('ref_axis',(1.,0.,0.));
#5791=DIRECTION('',(-1.,0.,0.));
#5792=DIRECTION('',(1.,0.,0.));
#5793=DIRECTION('center_axis',(0.,0.,1.));
#5794=DIRECTION('ref_axis',(1.,0.,0.));
#5795=DIRECTION('center_axis',(1.,0.,0.));
#5796=DIRECTION('ref_axis',(0.,1.,0.));
#5797=DIRECTION('',(0.,-1.,0.));
#5798=DIRECTION('',(0.,0.,1.));
#5799=DIRECTION('',(0.,1.,0.));
#5800=DIRECTION('',(0.,0.,1.));
#5801=DIRECTION('center_axis',(0.,1.,0.));
#5802=DIRECTION('ref_axis',(-1.,0.,0.));
#5803=DIRECTION('',(1.,0.,0.));
#5804=DIRECTION('',(0.,0.,1.));
#5805=DIRECTION('',(-1.,0.,0.));
#5806=DIRECTION('center_axis',(-1.,0.,0.));
#5807=DIRECTION('ref_axis',(0.,-1.,0.));
#5808=DIRECTION('',(0.,1.,0.));
#5809=DIRECTION('',(0.,0.,1.));
#5810=DIRECTION('',(0.,-1.,0.));
#5811=DIRECTION('center_axis',(0.,1.,0.));
#5812=DIRECTION('ref_axis',(-1.,0.,0.));
#5813=DIRECTION('',(1.,0.,0.));
#5814=DIRECTION('',(-1.,0.,0.));
#5815=DIRECTION('',(0.,0.,1.));
#5816=DIRECTION('center_axis',(1.,0.,0.));
#5817=DIRECTION('ref_axis',(0.,1.,0.));
#5818=DIRECTION('',(0.,-1.,0.));
#5819=DIRECTION('',(0.,1.,0.));
#5820=DIRECTION('',(0.,0.,1.));
#5821=DIRECTION('center_axis',(0.,-1.,0.));
#5822=DIRECTION('ref_axis',(1.,0.,0.));
#5823=DIRECTION('',(-1.,0.,0.));
#5824=DIRECTION('',(1.,0.,0.));
#5825=DIRECTION('center_axis',(0.,0.,1.));
#5826=DIRECTION('ref_axis',(1.,0.,0.));
#5827=DIRECTION('center_axis',(0.,0.,1.));
#5828=DIRECTION('ref_axis',(1.,0.,0.));
#5829=DIRECTION('',(0.,0.,1.));
#5830=DIRECTION('',(0.,0.,1.));
#5831=DIRECTION('',(0.,0.,1.));
#5832=DIRECTION('',(0.,0.,1.));
#5833=DIRECTION('',(0.,0.,1.));
#5834=DIRECTION('',(0.,0.,1.));
#5835=DIRECTION('',(0.,0.,1.));
#5836=DIRECTION('',(0.,0.,1.));
#5837=DIRECTION('',(0.,0.,1.));
#5838=DIRECTION('',(0.,0.,1.));
#5839=DIRECTION('center_axis',(1.,0.,0.));
#5840=DIRECTION('ref_axis',(0.,1.,0.));
#5841=DIRECTION('',(0.,-1.,0.));
#5842=DIRECTION('',(0.,0.,1.));
#5843=DIRECTION('',(0.,1.,0.));
#5844=DIRECTION('center_axis',(0.,1.,0.));
#5845=DIRECTION('ref_axis',(-1.,0.,0.));
#5846=DIRECTION('',(1.,0.,0.));
#5847=DIRECTION('',(0.,0.,1.));
#5848=DIRECTION('',(-1.,0.,0.));
#5849=DIRECTION('center_axis',(-1.,0.,0.));
#5850=DIRECTION('ref_axis',(0.,-1.,0.));
#5851=DIRECTION('',(0.,1.,0.));
#5852=DIRECTION('',(0.,0.,1.));
#5853=DIRECTION('',(0.,-1.,0.));
#5854=DIRECTION('',(0.,0.,1.));
#5855=DIRECTION('center_axis',(0.183884800708548,-0.982947801293832,0.));
#5856=DIRECTION('ref_axis',(0.982947801293832,0.183884800708548,0.));
#5857=DIRECTION('',(-0.982947801293832,-0.183884800708548,0.));
#5858=DIRECTION('',(0.982947801293832,0.183884800708548,0.));
#5859=DIRECTION('',(0.,0.,1.));
#5860=DIRECTION('',(0.,0.,1.));
#5861=DIRECTION('',(0.,0.,1.));
#5862=DIRECTION('',(0.,0.,1.));
#5863=DIRECTION('',(0.,0.,1.));
#5864=DIRECTION('',(0.,0.,1.));
#5865=DIRECTION('',(0.,0.,1.));
#5866=DIRECTION('',(0.,0.,1.));
#5867=DIRECTION('',(0.,0.,1.));
#5868=DIRECTION('center_axis',(-1.,0.,0.));
#5869=DIRECTION('ref_axis',(0.,-1.,0.));
#5870=DIRECTION('',(0.,1.,0.));
#5871=DIRECTION('',(0.,-1.,0.));
#5872=DIRECTION('',(0.,0.,1.));
#5873=DIRECTION('center_axis',(0.,-1.,0.));
#5874=DIRECTION('ref_axis',(1.,0.,0.));
#5875=DIRECTION('',(-1.,0.,0.));
#5876=DIRECTION('',(1.,0.,0.));
#5877=DIRECTION('center_axis',(0.,0.,1.));
#5878=DIRECTION('ref_axis',(1.,0.,0.));
#5879=DIRECTION('center_axis',(1.,0.,0.));
#5880=DIRECTION('ref_axis',(0.,1.,0.));
#5881=DIRECTION('',(0.,-1.,0.));
#5882=DIRECTION('',(0.,0.,1.));
#5883=DIRECTION('',(0.,1.,0.));
#5884=DIRECTION('',(0.,0.,1.));
#5885=DIRECTION('center_axis',(0.,-1.,0.));
#5886=DIRECTION('ref_axis',(1.,0.,0.));
#5887=DIRECTION('',(-1.,0.,0.));
#5888=DIRECTION('',(0.,0.,1.));
#5889=DIRECTION('',(1.,0.,0.));
#5890=DIRECTION('center_axis',(1.,0.,0.));
#5891=DIRECTION('ref_axis',(0.,1.,0.));
#5892=DIRECTION('',(0.,-1.,0.));
#5893=DIRECTION('',(0.,0.,1.));
#5894=DIRECTION('',(0.,1.,0.));
#5895=DIRECTION('center_axis',(0.,1.,0.));
#5896=DIRECTION('ref_axis',(-1.,0.,0.));
#5897=DIRECTION('',(1.,0.,0.));
#5898=DIRECTION('',(0.,0.,1.));
#5899=DIRECTION('',(-1.,0.,0.));
#5900=DIRECTION('center_axis',(-1.,1.77635683940025E-15,0.));
#5901=DIRECTION('ref_axis',(-1.77635683940025E-15,-1.,0.));
#5902=DIRECTION('',(1.77635683940025E-15,1.,0.));
#5903=DIRECTION('',(0.,0.,1.));
#5904=DIRECTION('',(-1.77635683940025E-15,-1.,0.));
#5905=DIRECTION('center_axis',(0.,1.,0.));
#5906=DIRECTION('ref_axis',(-1.,0.,0.));
#5907=DIRECTION('',(1.,0.,0.));
#5908=DIRECTION('',(-1.,0.,0.));
#5909=DIRECTION('',(0.,0.,1.));
#5910=DIRECTION('center_axis',(1.,0.,0.));
#5911=DIRECTION('ref_axis',(0.,1.,0.));
#5912=DIRECTION('',(0.,-1.,0.));
#5913=DIRECTION('',(0.,1.,0.));
#5914=DIRECTION('',(0.,0.,1.));
#5915=DIRECTION('center_axis',(0.,-1.,0.));
#5916=DIRECTION('ref_axis',(1.,0.,0.));
#5917=DIRECTION('',(-1.,0.,0.));
#5918=DIRECTION('',(1.,0.,0.));
#5919=DIRECTION('',(0.,0.,1.));
#5920=DIRECTION('center_axis',(1.,0.,0.));
#5921=DIRECTION('ref_axis',(0.,1.,0.));
#5922=DIRECTION('',(0.,-1.,0.));
#5923=DIRECTION('',(0.,1.,0.));
#5924=DIRECTION('',(0.,0.,1.));
#5925=DIRECTION('center_axis',(0.,-1.,0.));
#5926=DIRECTION('ref_axis',(1.,0.,0.));
#5927=DIRECTION('',(-1.,0.,0.));
#5928=DIRECTION('',(1.,0.,0.));
#5929=DIRECTION('center_axis',(0.,0.,1.));
#5930=DIRECTION('ref_axis',(1.,0.,0.));
#5931=DIRECTION('',(0.,0.,1.));
#5932=DIRECTION('',(0.,0.,1.));
#5933=DIRECTION('',(0.,0.,1.));
#5934=DIRECTION('',(0.,0.,1.));
#5935=DIRECTION('',(0.,0.,1.));
#5936=DIRECTION('',(0.,0.,1.));
#5937=DIRECTION('',(0.,0.,1.));
#5938=DIRECTION('',(0.,0.,1.));
#5939=DIRECTION('',(0.,0.,1.));
#5940=DIRECTION('',(0.,0.,1.));
#5941=DIRECTION('',(0.,0.,1.));
#5942=DIRECTION('',(0.,0.,1.));
#5943=DIRECTION('',(0.,0.,1.));
#5944=DIRECTION('',(0.,0.,1.));
#5945=DIRECTION('',(0.,0.,1.));
#5946=DIRECTION('',(0.,0.,1.));
#5947=DIRECTION('',(0.,0.,1.));
#5948=DIRECTION('',(0.,0.,1.));
#5949=DIRECTION('center_axis',(0.,0.,1.));
#5950=DIRECTION('ref_axis',(1.,0.,0.));
#5951=DIRECTION('center_axis',(0.,0.,1.));
#5952=DIRECTION('ref_axis',(1.,0.,0.));
#5953=DIRECTION('',(1.,0.,0.));
#5954=DIRECTION('',(0.,1.,0.));
#5955=DIRECTION('',(-1.,0.,0.));
#5956=DIRECTION('',(0.,-1.,0.));
#5957=DIRECTION('',(1.77635683940025E-15,1.,0.));
#5958=DIRECTION('',(1.,0.,0.));
#5959=DIRECTION('',(0.53053435339617,-0.847663435489881,0.));
#5960=DIRECTION('',(-1.,0.,0.));
#5961=DIRECTION('',(-0.557100024910566,0.830445399917807,0.));
#5962=DIRECTION('',(-1.,0.,0.));
#5963=DIRECTION('',(0.,-1.,0.));
#5964=DIRECTION('',(-1.,0.,0.));
#5965=DIRECTION('',(0.,1.,0.));
#5966=DIRECTION('',(1.,0.,0.));
#5967=DIRECTION('',(0.,-1.,0.));
#5968=DIRECTION('',(-1.,0.,0.));
#5969=DIRECTION('',(0.,-1.,0.));
#5970=DIRECTION('',(1.,0.,0.));
#5971=DIRECTION('',(0.,-1.,0.));
#5972=DIRECTION('',(-1.,0.,0.));
#5973=DIRECTION('',(0.,-1.,0.));
#5974=DIRECTION('',(1.,0.,0.));
#5975=DIRECTION('',(0.,-1.,0.));
#5976=DIRECTION('',(-1.,0.,0.));
#5977=DIRECTION('',(0.,1.,0.));
#5978=DIRECTION('',(1.,0.,0.));
#5979=DIRECTION('',(0.,-1.,0.));
#5980=DIRECTION('',(-1.,0.,0.));
#5981=DIRECTION('',(0.953230344024967,-0.302244786936092,0.));
#5982=DIRECTION('',(-0.972627992789041,-0.232367785295554,0.));
#5983=DIRECTION('',(0.,0.,1.));
#5984=DIRECTION('',(0.,0.,1.));
#5985=DIRECTION('',(0.,0.,1.));
#5986=DIRECTION('',(0.,0.,1.));
#5987=DIRECTION('',(0.,0.,1.));
#5988=DIRECTION('',(0.,0.,1.));
#5989=DIRECTION('',(0.,0.,1.));
#5990=DIRECTION('',(0.,0.,1.));
#5991=DIRECTION('',(0.,0.,1.));
#5992=DIRECTION('center_axis',(0.302244786936092,0.953230344024967,0.));
#5993=DIRECTION('ref_axis',(-0.953230344024967,0.302244786936092,0.));
#5994=DIRECTION('',(0.,0.,1.));
#5995=DIRECTION('',(-0.953230344024967,0.302244786936092,0.));
#5996=DIRECTION('center_axis',(0.232367785295554,-0.972627992789041,0.));
#5997=DIRECTION('ref_axis',(0.972627992789041,0.232367785295554,0.));
#5998=DIRECTION('',(0.972627992789041,0.232367785295554,0.));
#5999=DIRECTION('',(0.,0.,1.));
#6000=DIRECTION('',(0.,0.,1.));
#6001=DIRECTION('',(0.,0.,1.));
#6002=DIRECTION('',(0.,0.,1.));
#6003=DIRECTION('',(0.,0.,1.));
#6004=DIRECTION('',(0.,0.,1.));
#6005=DIRECTION('',(0.,0.,1.));
#6006=DIRECTION('',(0.,0.,1.));
#6007=DIRECTION('center_axis',(0.,0.,1.));
#6008=DIRECTION('ref_axis',(1.,0.,0.));
#6009=DIRECTION('center_axis',(0.,-1.,0.));
#6010=DIRECTION('ref_axis',(1.,0.,0.));
#6011=DIRECTION('',(0.,0.,1.));
#6012=DIRECTION('',(1.,0.,0.));
#6013=DIRECTION('',(0.,0.,1.));
#6014=DIRECTION('center_axis',(-1.,0.,0.));
#6015=DIRECTION('ref_axis',(0.,-1.,0.));
#6016=DIRECTION('',(0.,0.,1.));
#6017=DIRECTION('',(0.,-1.,0.));
#6018=DIRECTION('center_axis',(1.,0.,0.));
#6019=DIRECTION('ref_axis',(0.,1.,0.));
#6020=DIRECTION('',(0.,1.,0.));
#6021=DIRECTION('',(0.,0.,1.));
#6022=DIRECTION('center_axis',(0.,1.,0.));
#6023=DIRECTION('ref_axis',(-1.,0.,0.));
#6024=DIRECTION('',(-1.,0.,0.));
#6025=DIRECTION('center_axis',(-1.,0.,0.));
#6026=DIRECTION('ref_axis',(0.,-1.,0.));
#6027=DIRECTION('',(0.,1.,0.));
#6028=DIRECTION('',(0.,0.,1.));
#6029=DIRECTION('',(0.,-1.,0.));
#6030=DIRECTION('',(0.,0.,1.));
#6031=DIRECTION('center_axis',(0.,1.,0.));
#6032=DIRECTION('ref_axis',(-1.,0.,0.));
#6033=DIRECTION('',(1.,0.,0.));
#6034=DIRECTION('',(-1.,0.,0.));
#6035=DIRECTION('',(0.,0.,1.));
#6036=DIRECTION('center_axis',(1.,0.,0.));
#6037=DIRECTION('ref_axis',(0.,1.,0.));
#6038=DIRECTION('',(0.,-1.,0.));
#6039=DIRECTION('',(0.,1.,0.));
#6040=DIRECTION('',(0.,0.,1.));
#6041=DIRECTION('center_axis',(0.,-1.,0.));
#6042=DIRECTION('ref_axis',(1.,0.,0.));
#6043=DIRECTION('',(-1.,0.,0.));
#6044=DIRECTION('',(1.,0.,0.));
#6045=DIRECTION('center_axis',(0.,0.,1.));
#6046=DIRECTION('ref_axis',(1.,0.,0.));
#6047=DIRECTION('',(0.,0.,1.));
#6048=DIRECTION('',(0.,0.,1.));
#6049=DIRECTION('',(0.,0.,1.));
#6050=DIRECTION('',(0.,0.,1.));
#6051=DIRECTION('',(0.,0.,1.));
#6052=DIRECTION('center_axis',(0.,1.,0.));
#6053=DIRECTION('ref_axis',(-1.,0.,0.));
#6054=DIRECTION('',(1.,0.,0.));
#6055=DIRECTION('',(0.,0.,1.));
#6056=DIRECTION('',(-1.,0.,0.));
#6057=DIRECTION('',(0.,0.,1.));
#6058=DIRECTION('',(0.,0.,1.));
#6059=DIRECTION('',(0.,0.,1.));
#6060=DIRECTION('',(0.,0.,1.));
#6061=DIRECTION('',(0.,0.,1.));
#6062=DIRECTION('',(0.,0.,1.));
#6063=DIRECTION('',(0.,0.,1.));
#6064=DIRECTION('',(0.,0.,1.));
#6065=DIRECTION('center_axis',(0.,1.,0.));
#6066=DIRECTION('ref_axis',(-1.,0.,0.));
#6067=DIRECTION('',(0.,0.,1.));
#6068=DIRECTION('',(-1.,0.,0.));
#6069=DIRECTION('center_axis',(-1.,1.77635683940025E-15,0.));
#6070=DIRECTION('ref_axis',(-1.77635683940025E-15,-1.,0.));
#6071=DIRECTION('',(0.,0.,1.));
#6072=DIRECTION('',(-1.77635683940025E-15,-1.,0.));
#6073=DIRECTION('',(0.,0.,1.));
#6074=DIRECTION('',(0.,0.,1.));
#6075=DIRECTION('center_axis',(0.,-1.,0.));
#6076=DIRECTION('ref_axis',(1.,0.,0.));
#6077=DIRECTION('',(-1.,0.,0.));
#6078=DIRECTION('',(1.,0.,0.));
#6079=DIRECTION('',(0.,0.,1.));
#6080=DIRECTION('center_axis',(1.,0.,0.));
#6081=DIRECTION('ref_axis',(0.,1.,0.));
#6082=DIRECTION('',(0.,-1.,0.));
#6083=DIRECTION('',(0.,1.,0.));
#6084=DIRECTION('center_axis',(0.847663435489881,0.53053435339617,0.));
#6085=DIRECTION('ref_axis',(-0.53053435339617,0.847663435489881,0.));
#6086=DIRECTION('',(-0.53053435339617,0.847663435489881,0.));
#6087=DIRECTION('',(0.,0.,1.));
#6088=DIRECTION('center_axis',(0.,-1.,0.));
#6089=DIRECTION('ref_axis',(1.,0.,0.));
#6090=DIRECTION('',(1.,0.,0.));
#6091=DIRECTION('',(0.,0.,1.));
#6092=DIRECTION('center_axis',(-0.830445399917807,-0.557100024910566,0.));
#6093=DIRECTION('ref_axis',(0.557100024910566,-0.830445399917807,0.));
#6094=DIRECTION('',(0.557100024910566,-0.830445399917807,0.));
#6095=DIRECTION('',(0.,0.,1.));
#6096=DIRECTION('',(0.,0.,1.));
#6097=DIRECTION('',(0.,0.,1.));
#6098=DIRECTION('',(0.,0.,1.));
#6099=DIRECTION('center_axis',(0.,-1.,0.));
#6100=DIRECTION('ref_axis',(1.,0.,0.));
#6101=DIRECTION('',(1.,0.,0.));
#6102=DIRECTION('',(0.,0.,1.));
#6103=DIRECTION('center_axis',(1.,0.,0.));
#6104=DIRECTION('ref_axis',(0.,1.,0.));
#6105=DIRECTION('',(0.,1.,0.));
#6106=DIRECTION('',(0.,0.,1.));
#6107=DIRECTION('center_axis',(0.,-1.,0.));
#6108=DIRECTION('ref_axis',(1.,0.,0.));
#6109=DIRECTION('',(1.,0.,0.));
#6110=DIRECTION('center_axis',(0.,0.,1.));
#6111=DIRECTION('ref_axis',(1.,0.,0.));
#6112=DIRECTION('center_axis',(0.,0.,1.));
#6113=DIRECTION('ref_axis',(1.,0.,0.));
#6114=DIRECTION('center_axis',(0.,1.,0.));
#6115=DIRECTION('ref_axis',(-1.,0.,0.));
#6116=DIRECTION('',(0.,0.,1.));
#6117=DIRECTION('',(-1.,0.,0.));
#6118=DIRECTION('',(0.,0.,1.));
#6119=DIRECTION('center_axis',(1.,0.,0.));
#6120=DIRECTION('ref_axis',(0.,1.,0.));
#6121=DIRECTION('',(0.,0.,1.));
#6122=DIRECTION('',(0.,1.,0.));
#6123=DIRECTION('center_axis',(0.,-1.,0.));
#6124=DIRECTION('ref_axis',(1.,0.,0.));
#6125=DIRECTION('',(0.,0.,1.));
#6126=DIRECTION('',(1.,0.,0.));
#6127=DIRECTION('center_axis',(1.,0.,0.));
#6128=DIRECTION('ref_axis',(0.,1.,0.));
#6129=DIRECTION('',(0.,0.,1.));
#6130=DIRECTION('',(0.,1.,0.));
#6131=DIRECTION('center_axis',(0.,1.,0.));
#6132=DIRECTION('ref_axis',(-1.,0.,0.));
#6133=DIRECTION('',(0.,0.,1.));
#6134=DIRECTION('',(-1.,0.,0.));
#6135=DIRECTION('center_axis',(-1.,0.,0.));
#6136=DIRECTION('ref_axis',(0.,-1.,0.));
#6137=DIRECTION('',(0.,0.,1.));
#6138=DIRECTION('',(0.,-1.,0.));
#6139=DIRECTION('center_axis',(1.,0.,0.));
#6140=DIRECTION('ref_axis',(0.,1.,0.));
#6141=DIRECTION('',(0.,1.,0.));
#6142=DIRECTION('',(0.,0.,1.));
#6143=DIRECTION('center_axis',(0.,-1.,0.));
#6144=DIRECTION('ref_axis',(1.,0.,0.));
#6145=DIRECTION('',(1.,0.,0.));
#6146=DIRECTION('',(0.,0.,1.));
#6147=DIRECTION('center_axis',(1.,0.,0.));
#6148=DIRECTION('ref_axis',(0.,1.,0.));
#6149=DIRECTION('',(0.,1.,0.));
#6150=DIRECTION('',(0.,0.,1.));
#6151=DIRECTION('center_axis',(0.,1.,0.));
#6152=DIRECTION('ref_axis',(-1.,0.,0.));
#6153=DIRECTION('',(-1.,0.,0.));
#6154=DIRECTION('',(0.,0.,1.));
#6155=DIRECTION('center_axis',(1.,0.,0.));
#6156=DIRECTION('ref_axis',(0.,1.,0.));
#6157=DIRECTION('',(0.,1.,0.));
#6158=DIRECTION('',(0.,0.,1.));
#6159=DIRECTION('center_axis',(0.,-1.,0.));
#6160=DIRECTION('ref_axis',(1.,0.,0.));
#6161=DIRECTION('',(1.,0.,0.));
#6162=DIRECTION('center_axis',(0.,0.,1.));
#6163=DIRECTION('ref_axis',(1.,0.,0.));
#6164=DIRECTION('center_axis',(0.,1.,0.));
#6165=DIRECTION('ref_axis',(-1.,0.,0.));
#6166=DIRECTION('',(0.,0.,1.));
#6167=DIRECTION('',(-1.,0.,0.));
#6168=DIRECTION('',(0.,0.,1.));
#6169=DIRECTION('center_axis',(-1.,0.,0.));
#6170=DIRECTION('ref_axis',(0.,-1.,0.));
#6171=DIRECTION('',(0.,0.,1.));
#6172=DIRECTION('',(0.,-1.,0.));
#6173=DIRECTION('center_axis',(1.,0.,0.));
#6174=DIRECTION('ref_axis',(0.,1.,0.));
#6175=DIRECTION('',(0.,1.,0.));
#6176=DIRECTION('',(0.,0.,1.));
#6177=DIRECTION('center_axis',(0.,-1.,0.));
#6178=DIRECTION('ref_axis',(1.,0.,0.));
#6179=DIRECTION('',(1.,0.,0.));
#6180=DIRECTION('center_axis',(0.,0.,1.));
#6181=DIRECTION('ref_axis',(1.,0.,0.));
#6182=DIRECTION('center_axis',(0.,0.,1.));
#6183=DIRECTION('ref_axis',(1.,0.,0.));
#6184=DIRECTION('center_axis',(0.,0.,1.));
#6185=DIRECTION('ref_axis',(1.,0.,0.));
#6186=CARTESIAN_POINT('',(0.,0.,0.));
#6187=CARTESIAN_POINT('Origin',(111.,-53.,-0.725));
#6188=CARTESIAN_POINT('',(107.85,-53.,3.46944695195361E-15));
#6189=CARTESIAN_POINT('Origin',(111.,-53.,0.));
#6190=CARTESIAN_POINT('',(109.3,-53.,-1.45));
#6191=CARTESIAN_POINT('',(108.575,-53.,-0.725));
#6192=CARTESIAN_POINT('Origin',(111.,-53.,-1.45));
#6193=CARTESIAN_POINT('Origin',(111.,-53.,-6.));
#6194=CARTESIAN_POINT('',(109.3,-53.,-3.));
#6195=CARTESIAN_POINT('',(109.3,-53.,-6.));
#6196=CARTESIAN_POINT('Origin',(111.,-53.,-3.));
#6197=CARTESIAN_POINT('Origin',(-36.,36.,-0.725));
#6198=CARTESIAN_POINT('',(-39.15,36.,-2.77555756156289E-16));
#6199=CARTESIAN_POINT('Origin',(-36.,36.,0.));
#6200=CARTESIAN_POINT('',(-37.7,36.,-1.45));
#6201=CARTESIAN_POINT('',(-38.425,36.,-0.725));
#6202=CARTESIAN_POINT('Origin',(-36.,36.,-1.45));
#6203=CARTESIAN_POINT('Origin',(-36.,36.,-6.));
#6204=CARTESIAN_POINT('',(-37.7,36.,-3.));
#6205=CARTESIAN_POINT('',(-37.7,36.,-6.));
#6206=CARTESIAN_POINT('Origin',(-36.,36.,-3.));
#6207=CARTESIAN_POINT('Origin',(-36.,-53.,-0.725));
#6208=CARTESIAN_POINT('',(-39.15,-53.,-2.77555756156289E-16));
#6209=CARTESIAN_POINT('Origin',(-36.,-53.,0.));
#6210=CARTESIAN_POINT('',(-37.7,-53.,-1.45));
#6211=CARTESIAN_POINT('',(-38.425,-53.,-0.725));
#6212=CARTESIAN_POINT('Origin',(-36.,-53.,-1.45));
#6213=CARTESIAN_POINT('Origin',(-36.,-53.,-6.));
#6214=CARTESIAN_POINT('',(-37.7,-53.,-3.));
#6215=CARTESIAN_POINT('',(-37.7,-53.,-6.));
#6216=CARTESIAN_POINT('Origin',(-36.,-53.,-3.));
#6217=CARTESIAN_POINT('Origin',(111.,36.,-0.725));
#6218=CARTESIAN_POINT('',(107.85,36.,-8.32667268468867E-16));
#6219=CARTESIAN_POINT('Origin',(111.,36.,0.));
#6220=CARTESIAN_POINT('',(109.3,36.,-1.45));
#6221=CARTESIAN_POINT('',(108.575,36.,-0.725));
#6222=CARTESIAN_POINT('Origin',(111.,36.,-1.45));
#6223=CARTESIAN_POINT('Origin',(111.,36.,-6.));
#6224=CARTESIAN_POINT('',(109.3,36.,-3.));
#6225=CARTESIAN_POINT('',(109.3,36.,-6.));
#6226=CARTESIAN_POINT('Origin',(111.,36.,-3.));
#6227=CARTESIAN_POINT('Origin',(-36.,36.,0.));
#6228=CARTESIAN_POINT('',(-36.,40.,-3.));
#6229=CARTESIAN_POINT('',(-40.,36.,-3.));
#6230=CARTESIAN_POINT('Origin',(-36.,36.,-3.));
#6231=CARTESIAN_POINT('',(-40.,36.,0.));
#6232=CARTESIAN_POINT('',(-40.,36.,0.));
#6233=CARTESIAN_POINT('',(-36.,40.,0.));
#6234=CARTESIAN_POINT('Origin',(-36.,36.,0.));
#6235=CARTESIAN_POINT('',(-36.,40.,0.));
#6236=CARTESIAN_POINT('Origin',(-40.,40.,0.));
#6237=CARTESIAN_POINT('',(111.,40.,0.));
#6238=CARTESIAN_POINT('',(-40.,40.,0.));
#6239=CARTESIAN_POINT('',(111.,40.,-3.));
#6240=CARTESIAN_POINT('',(111.,40.,0.));
#6241=CARTESIAN_POINT('',(-40.,40.,-3.));
#6242=CARTESIAN_POINT('Origin',(37.5,-8.50000000000001,0.));
#6243=CARTESIAN_POINT('',(-40.,-53.,0.));
#6244=CARTESIAN_POINT('',(-40.,-57.,0.));
#6245=CARTESIAN_POINT('',(-36.,-57.,0.));
#6246=CARTESIAN_POINT('Origin',(-36.,-53.,0.));
#6247=CARTESIAN_POINT('',(111.,-57.,0.));
#6248=CARTESIAN_POINT('',(115.,-57.,0.));
#6249=CARTESIAN_POINT('',(115.,-53.,0.));
#6250=CARTESIAN_POINT('Origin',(111.,-53.,0.));
#6251=CARTESIAN_POINT('',(115.,36.,0.));
#6252=CARTESIAN_POINT('',(115.,40.,0.));
#6253=CARTESIAN_POINT('Origin',(111.,36.,0.));
#6254=CARTESIAN_POINT('',(-29.253941161572,-27.753941161572,0.));
#6255=CARTESIAN_POINT('Origin',(-27.753941161572,-27.753941161572,0.));
#6256=CARTESIAN_POINT('',(45.746058838428,-27.753941161572,0.));
#6257=CARTESIAN_POINT('Origin',(47.246058838428,-27.753941161572,0.));
#6258=CARTESIAN_POINT('',(101.253941161572,27.753941161572,0.));
#6259=CARTESIAN_POINT('Origin',(102.753941161572,27.753941161572,0.));
#6260=CARTESIAN_POINT('',(101.253941161572,-27.753941161572,0.));
#6261=CARTESIAN_POINT('Origin',(102.753941161572,-27.753941161572,0.));
#6262=CARTESIAN_POINT('',(43.,-3.91886975727153E-15,0.));
#6263=CARTESIAN_POINT('Origin',(75.,0.,0.));
#6264=CARTESIAN_POINT('',(26.253941161572,-27.753941161572,0.));
#6265=CARTESIAN_POINT('Origin',(27.753941161572,-27.753941161572,0.));
#6266=CARTESIAN_POINT('',(45.746058838428,27.753941161572,0.));
#6267=CARTESIAN_POINT('Origin',(47.246058838428,27.753941161572,0.));
#6268=CARTESIAN_POINT('',(-29.253941161572,27.753941161572,0.));
#6269=CARTESIAN_POINT('Origin',(-27.753941161572,27.753941161572,0.));
#6270=CARTESIAN_POINT('',(-32.,-3.91886975727153E-15,0.));
#6271=CARTESIAN_POINT('Origin',(0.,0.,0.));
#6272=CARTESIAN_POINT('',(26.253941161572,27.753941161572,0.));
#6273=CARTESIAN_POINT('Origin',(27.753941161572,27.753941161572,0.));
#6274=CARTESIAN_POINT('Origin',(111.,36.,0.));
#6275=CARTESIAN_POINT('',(115.,36.,-3.));
#6276=CARTESIAN_POINT('Origin',(111.,36.,-3.));
#6277=CARTESIAN_POINT('',(115.,36.,0.));
#6278=CARTESIAN_POINT('Origin',(115.,40.,0.));
#6279=CARTESIAN_POINT('',(115.,-53.,-3.));
#6280=CARTESIAN_POINT('',(115.,-53.,0.));
#6281=CARTESIAN_POINT('',(115.,40.,-3.));
#6282=CARTESIAN_POINT('Origin',(111.,-53.,0.));
#6283=CARTESIAN_POINT('',(111.,-57.,-3.));
#6284=CARTESIAN_POINT('Origin',(111.,-53.,-3.));
#6285=CARTESIAN_POINT('',(111.,-57.,0.));
#6286=CARTESIAN_POINT('Origin',(115.,-57.,0.));
#6287=CARTESIAN_POINT('',(-36.,-57.,-3.));
#6288=CARTESIAN_POINT('',(-36.,-57.,0.));
#6289=CARTESIAN_POINT('',(115.,-57.,-3.));
#6290=CARTESIAN_POINT('Origin',(-36.,-53.,0.));
#6291=CARTESIAN_POINT('',(-40.,-53.,-3.));
#6292=CARTESIAN_POINT('Origin',(-36.,-53.,-3.));
#6293=CARTESIAN_POINT('',(-40.,-53.,0.));
#6294=CARTESIAN_POINT('Origin',(27.753941161572,27.753941161572,0.));
#6295=CARTESIAN_POINT('',(26.253941161572,27.753941161572,-3.));
#6296=CARTESIAN_POINT('Origin',(27.753941161572,27.753941161572,-3.));
#6297=CARTESIAN_POINT('',(26.253941161572,27.753941161572,0.));
#6298=CARTESIAN_POINT('Origin',(0.,0.,0.));
#6299=CARTESIAN_POINT('',(-32.,-4.44089209850063E-15,-3.));
#6300=CARTESIAN_POINT('Origin',(0.,0.,-3.));
#6301=CARTESIAN_POINT('',(-32.,3.91886975727153E-15,0.));
#6302=CARTESIAN_POINT('Origin',(-27.753941161572,27.753941161572,0.));
#6303=CARTESIAN_POINT('',(-29.253941161572,27.753941161572,-3.));
#6304=CARTESIAN_POINT('Origin',(-27.753941161572,27.753941161572,-3.));
#6305=CARTESIAN_POINT('',(-29.253941161572,27.753941161572,0.));
#6306=CARTESIAN_POINT('Origin',(47.246058838428,27.753941161572,0.));
#6307=CARTESIAN_POINT('',(45.746058838428,27.753941161572,-3.));
#6308=CARTESIAN_POINT('Origin',(47.246058838428,27.753941161572,-3.));
#6309=CARTESIAN_POINT('',(45.746058838428,27.753941161572,0.));
#6310=CARTESIAN_POINT('Origin',(27.753941161572,-27.753941161572,0.));
#6311=CARTESIAN_POINT('',(26.253941161572,-27.753941161572,-3.));
#6312=CARTESIAN_POINT('Origin',(27.753941161572,-27.753941161572,-3.));
#6313=CARTESIAN_POINT('',(26.253941161572,-27.753941161572,0.));
#6314=CARTESIAN_POINT('Origin',(75.,0.,0.));
#6315=CARTESIAN_POINT('',(43.,-4.44089209850063E-15,-3.));
#6316=CARTESIAN_POINT('Origin',(75.,0.,-3.));
#6317=CARTESIAN_POINT('',(43.,3.91886975727153E-15,0.));
#6318=CARTESIAN_POINT('Origin',(102.753941161572,-27.753941161572,0.));
#6319=CARTESIAN_POINT('',(101.253941161572,-27.753941161572,-3.));
#6320=CARTESIAN_POINT('Origin',(102.753941161572,-27.753941161572,-3.));
#6321=CARTESIAN_POINT('',(101.253941161572,-27.753941161572,0.));
#6322=CARTESIAN_POINT('Origin',(102.753941161572,27.753941161572,0.));
#6323=CARTESIAN_POINT('',(101.253941161572,27.753941161572,-3.));
#6324=CARTESIAN_POINT('Origin',(102.753941161572,27.753941161572,-3.));
#6325=CARTESIAN_POINT('',(101.253941161572,27.753941161572,0.));
#6326=CARTESIAN_POINT('Origin',(47.246058838428,-27.753941161572,0.));
#6327=CARTESIAN_POINT('',(45.746058838428,-27.753941161572,-3.));
#6328=CARTESIAN_POINT('Origin',(47.246058838428,-27.753941161572,-3.));
#6329=CARTESIAN_POINT('',(45.746058838428,-27.753941161572,0.));
#6330=CARTESIAN_POINT('Origin',(-27.753941161572,-27.753941161572,0.));
#6331=CARTESIAN_POINT('',(-29.253941161572,-27.753941161572,-3.));
#6332=CARTESIAN_POINT('Origin',(-27.753941161572,-27.753941161572,-3.));
#6333=CARTESIAN_POINT('',(-29.253941161572,-27.753941161572,0.));
#6334=CARTESIAN_POINT('Origin',(-40.,-57.,0.));
#6335=CARTESIAN_POINT('',(-40.,-57.,-3.));
#6336=CARTESIAN_POINT('Origin',(37.5,-8.50000000000001,-3.));
#6337=CARTESIAN_POINT('Origin',(11.5716250613332,-45.5293315649033,0.));
#6338=CARTESIAN_POINT('',(11.5716250613332,-44.3458384275437,0.01));
#6339=CARTESIAN_POINT('',(11.5716250613332,-45.5293315649033,0.01));
#6340=CARTESIAN_POINT('',(11.5716250613332,-45.7646657824516,0.01));
#6341=CARTESIAN_POINT('',(11.5716250613332,-44.3458384275437,0.02));
#6342=CARTESIAN_POINT('',(11.5716250613332,-44.3458384275437,0.));
#6343=CARTESIAN_POINT('',(11.5716250613332,-45.5293315649033,0.02));
#6344=CARTESIAN_POINT('',(11.5716250613332,-44.3458384275437,0.02));
#6345=CARTESIAN_POINT('',(11.5716250613332,-45.5293315649033,0.));
#6346=CARTESIAN_POINT('Origin',(11.5716250613332,-44.3458384275437,0.));
#6347=CARTESIAN_POINT('',(13.9897688105702,-44.3458384275437,0.01));
#6348=CARTESIAN_POINT('',(5.78581253066659,-44.3458384275437,0.01));
#6349=CARTESIAN_POINT('',(13.9897688105702,-44.3458384275437,0.02));
#6350=CARTESIAN_POINT('',(13.9897688105702,-44.3458384275437,0.));
#6351=CARTESIAN_POINT('',(13.9897688105702,-44.3458384275437,0.02));
#6352=CARTESIAN_POINT('Origin',(13.9897688105702,-44.3458384275437,0.));
#6353=CARTESIAN_POINT('',(13.9897688105702,-43.4999996423721,0.01));
#6354=CARTESIAN_POINT('',(13.9897688105702,-45.1729192137718,0.01));
#6355=CARTESIAN_POINT('',(13.9897688105702,-43.4999996423721,0.02));
#6356=CARTESIAN_POINT('',(13.9897688105702,-43.4999996423721,0.));
#6357=CARTESIAN_POINT('',(13.9897688105702,-43.4999996423721,0.02));
#6358=CARTESIAN_POINT('Origin',(13.9897688105702,-43.4999996423721,0.));
#6359=CARTESIAN_POINT('',(10.5620749667287,-43.4999996423721,0.01));
#6360=CARTESIAN_POINT('',(6.99488440528512,-43.4999996423721,0.01));
#6361=CARTESIAN_POINT('',(10.5620749667287,-43.4999996423721,0.02));
#6362=CARTESIAN_POINT('',(10.5620749667287,-43.4999996423721,0.));
#6363=CARTESIAN_POINT('',(10.5620749667287,-43.4999996423721,0.02));
#6364=CARTESIAN_POINT('Origin',(10.5620749667287,-43.4999996423721,0.));
#6365=CARTESIAN_POINT('',(10.5620749667287,-48.4999996423721,0.01));
#6366=CARTESIAN_POINT('',(10.5620749667287,-44.7499998211861,0.01));
#6367=CARTESIAN_POINT('',(10.5620749667287,-48.4999996423721,0.02));
#6368=CARTESIAN_POINT('',(10.5620749667287,-48.4999996423721,0.));
#6369=CARTESIAN_POINT('',(10.5620749667287,-48.4999996423721,0.02));
#6370=CARTESIAN_POINT('Origin',(13.6589368060231,-45.5293315649033,0.));
#6371=CARTESIAN_POINT('',(13.6589368060231,-45.5293315649033,0.01));
#6372=CARTESIAN_POINT('',(6.82946840301156,-45.5293315649033,0.01));
#6373=CARTESIAN_POINT('',(13.6589368060231,-45.5293315649033,0.02));
#6374=CARTESIAN_POINT('',(11.5716250613332,-45.5293315649033,0.02));
#6375=CARTESIAN_POINT('',(13.6589368060231,-45.5293315649033,0.));
#6376=CARTESIAN_POINT('Origin',(13.6589368060231,-46.3751703500748,0.));
#6377=CARTESIAN_POINT('',(13.6589368060231,-46.3751703500748,0.01));
#6378=CARTESIAN_POINT('',(13.6589368060231,-46.1875851750374,0.01));
#6379=CARTESIAN_POINT('',(13.6589368060231,-46.3751703500748,0.02));
#6380=CARTESIAN_POINT('',(13.6589368060231,-45.5293315649033,0.02));
#6381=CARTESIAN_POINT('',(13.6589368060231,-46.3751703500748,0.));
#6382=CARTESIAN_POINT('Origin',(11.5716250613332,-46.3751703500748,0.));
#6383=CARTESIAN_POINT('',(11.5716250613332,-46.3751703500748,0.01));
#6384=CARTESIAN_POINT('',(5.78581253066659,-46.3751703500748,0.01));
#6385=CARTESIAN_POINT('',(11.5716250613332,-46.3751703500748,0.02));
#6386=CARTESIAN_POINT('',(13.6589368060231,-46.3751703500748,0.02));
#6387=CARTESIAN_POINT('',(11.5716250613332,-46.3751703500748,0.));
#6388=CARTESIAN_POINT('Origin',(11.5716250613332,-48.4999996423721,0.));
#6389=CARTESIAN_POINT('',(11.5716250613332,-48.4999996423721,0.01));
#6390=CARTESIAN_POINT('',(11.5716250613332,-47.2499998211861,0.01));
#6391=CARTESIAN_POINT('',(11.5716250613332,-48.4999996423721,0.02));
#6392=CARTESIAN_POINT('',(11.5716250613332,-46.3751703500748,0.02));
#6393=CARTESIAN_POINT('',(11.5716250613332,-48.4999996423721,0.));
#6394=CARTESIAN_POINT('Origin',(10.5620749667287,-48.4999996423721,0.));
#6395=CARTESIAN_POINT('',(5.28103748336434,-48.4999996423721,0.01));
#6396=CARTESIAN_POINT('',(11.5716250613332,-48.4999996423721,0.02));
#6397=CARTESIAN_POINT('Origin',(11.4999997988343,-45.9999996423721,0.02));
#6398=CARTESIAN_POINT('Origin',(18.3417471125722,-45.4542970657349,0.));
#6399=CARTESIAN_POINT('',(15.8315141871572,-45.4542970657349,0.01));
#6400=CARTESIAN_POINT('',(18.3417471125722,-45.4542970657349,0.01));
#6401=CARTESIAN_POINT('',(9.17087355628609,-45.4542970657349,0.01));
#6402=CARTESIAN_POINT('',(15.8315141871572,-45.4542970657349,0.02));
#6403=CARTESIAN_POINT('',(15.8315141871572,-45.4542970657349,0.));
#6404=CARTESIAN_POINT('',(18.3417471125722,-45.4542970657349,0.02));
#6405=CARTESIAN_POINT('',(15.8315141871572,-45.4542970657349,0.02));
#6406=CARTESIAN_POINT('',(18.3417471125722,-45.4542970657349,0.));
#6407=CARTESIAN_POINT('Origin',(15.8315141871572,-45.4542970657349,0.));
#6408=CARTESIAN_POINT('',(15.8315141871572,-44.3458384275437,0.01));
#6409=CARTESIAN_POINT('',(15.8315141871572,-45.7271485328674,0.01));
#6410=CARTESIAN_POINT('',(15.8315141871572,-44.3458384275437,0.02));
#6411=CARTESIAN_POINT('',(15.8315141871572,-44.3458384275437,0.));
#6412=CARTESIAN_POINT('',(15.8315141871572,-44.3458384275437,0.02));
#6413=CARTESIAN_POINT('Origin',(15.8315141871572,-44.3458384275437,0.));
#6414=CARTESIAN_POINT('',(18.5293324664235,-44.3458384275437,0.01));
#6415=CARTESIAN_POINT('',(7.91575709357858,-44.3458384275437,0.01));
#6416=CARTESIAN_POINT('',(18.5293324664235,-44.3458384275437,0.02));
#6417=CARTESIAN_POINT('',(18.5293324664235,-44.3458384275437,0.));
#6418=CARTESIAN_POINT('',(18.5293324664235,-44.3458384275437,0.02));
#6419=CARTESIAN_POINT('Origin',(18.5293324664235,-44.3458384275437,0.));
#6420=CARTESIAN_POINT('',(18.5293324664235,-43.4999996423721,0.01));
#6421=CARTESIAN_POINT('',(18.5293324664235,-45.1729192137718,0.01));
#6422=CARTESIAN_POINT('',(18.5293324664235,-43.4999996423721,0.02));
#6423=CARTESIAN_POINT('',(18.5293324664235,-43.4999996423721,0.));
#6424=CARTESIAN_POINT('',(18.5293324664235,-43.4999996423722,0.02));
#6425=CARTESIAN_POINT('Origin',(18.5293324664235,-43.4999996423721,0.));
#6426=CARTESIAN_POINT('',(14.8219640925527,-43.4999996423721,0.01));
#6427=CARTESIAN_POINT('',(9.26466623321175,-43.4999996423721,0.01));
#6428=CARTESIAN_POINT('',(14.8219640925527,-43.4999996423721,0.02));
#6429=CARTESIAN_POINT('',(14.8219640925527,-43.4999996423721,0.));
#6430=CARTESIAN_POINT('',(14.8219640925527,-43.4999996423721,0.02));
#6431=CARTESIAN_POINT('Origin',(14.8219640925527,-43.4999996423721,0.));
#6432=CARTESIAN_POINT('',(14.8219640925527,-48.4999996423721,0.01));
#6433=CARTESIAN_POINT('',(14.8219640925527,-44.7499998211861,0.01));
#6434=CARTESIAN_POINT('',(14.8219640925527,-48.4999996423721,0.02));
#6435=CARTESIAN_POINT('',(14.8219640925527,-48.4999996423721,0.));
#6436=CARTESIAN_POINT('',(14.8219640925527,-48.4999996423721,0.02));
#6437=CARTESIAN_POINT('Origin',(18.3417471125722,-46.2967252731324,0.));
#6438=CARTESIAN_POINT('',(18.3417471125722,-46.2967252731324,0.01));
#6439=CARTESIAN_POINT('',(18.3417471125722,-46.1483626365662,0.01));
#6440=CARTESIAN_POINT('',(18.3417471125722,-46.2967252731324,0.02));
#6441=CARTESIAN_POINT('',(18.3417471125722,-45.4542970657349,0.02));
#6442=CARTESIAN_POINT('',(18.3417471125722,-46.2967252731324,0.));
#6443=CARTESIAN_POINT('Origin',(15.8315141871572,-46.2967252731324,0.));
#6444=CARTESIAN_POINT('',(15.8315141871572,-46.2967252731324,0.01));
#6445=CARTESIAN_POINT('',(7.91575709357858,-46.2967252731323,0.01));
#6446=CARTESIAN_POINT('',(15.8315141871572,-46.2967252731324,0.02));
#6447=CARTESIAN_POINT('',(18.3417471125722,-46.2967252731324,0.02));
#6448=CARTESIAN_POINT('',(15.8315141871572,-46.2967252731324,0.));
#6449=CARTESIAN_POINT('Origin',(15.8315141871572,-47.6575714349747,0.));
#6450=CARTESIAN_POINT('',(15.8315141871572,-47.6575714349747,0.01));
#6451=CARTESIAN_POINT('',(15.8315141871572,-46.8287857174873,0.01));
#6452=CARTESIAN_POINT('',(15.8315141871572,-47.6575714349747,0.02));
#6453=CARTESIAN_POINT('',(15.8315141871572,-46.2967252731323,0.02));
#6454=CARTESIAN_POINT('',(15.8315141871572,-47.6575714349747,0.));
#6455=CARTESIAN_POINT('Origin',(18.6248286440968,-47.6575714349747,0.));
#6456=CARTESIAN_POINT('',(18.6248286440968,-47.6575714349747,0.01));
#6457=CARTESIAN_POINT('',(9.31241432204842,-47.6575714349747,0.01));
#6458=CARTESIAN_POINT('',(18.6248286440968,-47.6575714349747,0.02));
#6459=CARTESIAN_POINT('',(15.8315141871572,-47.6575714349747,0.02));
#6460=CARTESIAN_POINT('',(18.6248286440968,-47.6575714349747,0.));
#6461=CARTESIAN_POINT('Origin',(18.6248286440968,-48.4999996423722,0.));
#6462=CARTESIAN_POINT('',(18.6248286440968,-48.4999996423722,0.01));
#6463=CARTESIAN_POINT('',(18.6248286440968,-47.2499998211861,0.01));
#6464=CARTESIAN_POINT('',(18.6248286440968,-48.4999996423722,0.02));
#6465=CARTESIAN_POINT('',(18.6248286440968,-47.6575714349747,0.02));
#6466=CARTESIAN_POINT('',(18.6248286440968,-48.4999996423722,0.));
#6467=CARTESIAN_POINT('Origin',(14.8219640925527,-48.4999996423722,0.));
#6468=CARTESIAN_POINT('',(7.41098204627633,-48.4999996423721,0.01));
#6469=CARTESIAN_POINT('',(18.6248286440968,-48.4999996423722,0.02));
#6470=CARTESIAN_POINT('Origin',(11.4999997988343,-45.9999996423721,0.02));
#6471=CARTESIAN_POINT('Origin',(-11.8598227128387,-45.4542970657349,0.));
#6472=CARTESIAN_POINT('',(-14.3700556382537,-45.4542970657349,0.01));
#6473=CARTESIAN_POINT('',(-11.8598227128387,-45.4542970657349,0.01));
#6474=CARTESIAN_POINT('',(-5.92991135641933,-45.4542970657349,0.01));
#6475=CARTESIAN_POINT('',(-14.3700556382537,-45.4542970657349,0.02));
#6476=CARTESIAN_POINT('',(-14.3700556382537,-45.4542970657349,0.));
#6477=CARTESIAN_POINT('',(-11.8598227128387,-45.4542970657349,0.02));
#6478=CARTESIAN_POINT('',(-14.3700556382537,-45.4542970657349,0.02));
#6479=CARTESIAN_POINT('',(-11.8598227128387,-45.4542970657349,0.));
#6480=CARTESIAN_POINT('Origin',(-14.3700556382537,-45.4542970657349,0.));
#6481=CARTESIAN_POINT('',(-14.3700556382537,-44.3458384275437,0.01));
#6482=CARTESIAN_POINT('',(-14.3700556382537,-45.7271485328674,0.01));
#6483=CARTESIAN_POINT('',(-14.3700556382537,-44.3458384275437,0.02));
#6484=CARTESIAN_POINT('',(-14.3700556382537,-44.3458384275437,0.));
#6485=CARTESIAN_POINT('',(-14.3700556382537,-44.3458384275437,0.02));
#6486=CARTESIAN_POINT('Origin',(-14.3700556382537,-44.3458384275437,0.));
#6487=CARTESIAN_POINT('',(-11.6722385510802,-44.3458384275437,0.01));
#6488=CARTESIAN_POINT('',(-7.18502781912685,-44.3458384275437,0.01));
#6489=CARTESIAN_POINT('',(-11.6722385510802,-44.3458384275437,0.02));
#6490=CARTESIAN_POINT('',(-11.6722385510802,-44.3458384275437,0.));
#6491=CARTESIAN_POINT('',(-11.6722385510802,-44.3458384275437,0.02));
#6492=CARTESIAN_POINT('Origin',(-11.6722385510802,-44.3458384275437,0.));
#6493=CARTESIAN_POINT('',(-11.6722385510802,-43.4999996423722,0.01));
#6494=CARTESIAN_POINT('',(-11.6722385510802,-45.1729192137718,0.01));
#6495=CARTESIAN_POINT('',(-11.6722385510802,-43.4999996423722,0.02));
#6496=CARTESIAN_POINT('',(-11.6722385510802,-43.4999996423722,0.));
#6497=CARTESIAN_POINT('',(-11.6722385510802,-43.4999996423722,0.02));
#6498=CARTESIAN_POINT('Origin',(-11.6722385510802,-43.4999996423722,0.));
#6499=CARTESIAN_POINT('',(-15.3796051368117,-43.4999996423722,0.01));
#6500=CARTESIAN_POINT('',(-5.83611927554012,-43.4999996423721,0.01));
#6501=CARTESIAN_POINT('',(-15.3796051368117,-43.4999996423722,0.02));
#6502=CARTESIAN_POINT('',(-15.3796051368117,-43.4999996423722,0.));
#6503=CARTESIAN_POINT('',(-15.3796051368117,-43.4999996423722,0.02));
#6504=CARTESIAN_POINT('Origin',(-15.3796051368117,-43.4999996423722,0.));
#6505=CARTESIAN_POINT('',(-15.3796051368117,-48.4999996423722,0.01));
#6506=CARTESIAN_POINT('',(-15.3796051368117,-44.7499998211861,0.01));
#6507=CARTESIAN_POINT('',(-15.3796051368117,-48.4999996423722,0.02));
#6508=CARTESIAN_POINT('',(-15.3796051368117,-48.4999996423722,0.));
#6509=CARTESIAN_POINT('',(-15.3796051368117,-48.4999996423722,0.02));
#6510=CARTESIAN_POINT('Origin',(-11.8598227128387,-46.2967252731324,0.));
#6511=CARTESIAN_POINT('',(-11.8598227128387,-46.2967252731324,0.01));
#6512=CARTESIAN_POINT('',(-11.8598227128387,-46.1483626365662,0.01));
#6513=CARTESIAN_POINT('',(-11.8598227128387,-46.2967252731324,0.02));
#6514=CARTESIAN_POINT('',(-11.8598227128387,-45.4542970657349,0.02));
#6515=CARTESIAN_POINT('',(-11.8598227128387,-46.2967252731324,0.));
#6516=CARTESIAN_POINT('Origin',(-14.3700556382537,-46.2967252731324,0.));
#6517=CARTESIAN_POINT('',(-14.3700556382537,-46.2967252731324,0.01));
#6518=CARTESIAN_POINT('',(-7.18502781912685,-46.2967252731323,0.01));
#6519=CARTESIAN_POINT('',(-14.3700556382537,-46.2967252731324,0.02));
#6520=CARTESIAN_POINT('',(-11.8598227128387,-46.2967252731324,0.02));
#6521=CARTESIAN_POINT('',(-14.3700556382537,-46.2967252731324,0.));
#6522=CARTESIAN_POINT('Origin',(-14.3700556382537,-47.6575714349747,0.));
#6523=CARTESIAN_POINT('',(-14.3700556382537,-47.6575714349747,0.01));
#6524=CARTESIAN_POINT('',(-14.3700556382537,-46.8287857174873,0.01));
#6525=CARTESIAN_POINT('',(-14.3700556382537,-47.6575714349747,0.02));
#6526=CARTESIAN_POINT('',(-14.3700556382537,-46.2967252731324,0.02));
#6527=CARTESIAN_POINT('',(-14.3700556382537,-47.6575714349747,0.));
#6528=CARTESIAN_POINT('Origin',(-11.5767399892211,-47.6575714349747,0.));
#6529=CARTESIAN_POINT('',(-11.5767399892211,-47.6575714349747,0.01));
#6530=CARTESIAN_POINT('',(-5.78836999461055,-47.6575714349747,0.01));
#6531=CARTESIAN_POINT('',(-11.5767399892211,-47.6575714349747,0.02));
#6532=CARTESIAN_POINT('',(-14.3700556382537,-47.6575714349747,0.02));
#6533=CARTESIAN_POINT('',(-11.5767399892211,-47.6575714349747,0.));
#6534=CARTESIAN_POINT('Origin',(-11.5767399892211,-48.4999996423722,0.));
#6535=CARTESIAN_POINT('',(-11.5767399892211,-48.4999996423722,0.01));
#6536=CARTESIAN_POINT('',(-11.5767399892211,-47.2499998211861,0.01));
#6537=CARTESIAN_POINT('',(-11.5767399892211,-48.4999996423722,0.02));
#6538=CARTESIAN_POINT('',(-11.5767399892211,-47.6575714349747,0.02));
#6539=CARTESIAN_POINT('',(-11.5767399892211,-48.4999996423722,0.));
#6540=CARTESIAN_POINT('Origin',(-15.3796051368117,-48.4999996423722,0.));
#6541=CARTESIAN_POINT('',(-7.68980256840587,-48.4999996423721,0.01));
#6542=CARTESIAN_POINT('',(-11.5767399892211,-48.4999996423722,0.02));
#6543=CARTESIAN_POINT('Origin',(-11.5000013932586,-45.9999996423722,0.02));
#6544=CARTESIAN_POINT('Origin',(-9.43485661596061,-46.5218275785446,0.));
#6545=CARTESIAN_POINT('',(-8.75955029577018,-44.6664386987686,0.01));
#6546=CARTESIAN_POINT('',(-9.43485661596061,-46.5218275785446,0.01));
#6547=CARTESIAN_POINT('',(-8.79916626481794,-44.775282679989,0.01));
#6548=CARTESIAN_POINT('',(-8.75955029577018,-44.6664386987686,0.02));
#6549=CARTESIAN_POINT('',(-8.75955029577018,-44.6664386987686,0.));
#6550=CARTESIAN_POINT('',(-9.43485661596061,-46.5218275785446,0.02));
#6551=CARTESIAN_POINT('',(-8.75955029577018,-44.6664386987686,0.02));
#6552=CARTESIAN_POINT('',(-9.43485661596061,-46.5218275785446,0.));
#6553=CARTESIAN_POINT('Origin',(-8.75955029577018,-44.6664386987686,0.));
#6554=CARTESIAN_POINT('',(-8.07060047239066,-46.5218275785446,0.01));
#6555=CARTESIAN_POINT('',(-8.01124690025782,-46.6816707978521,0.01));
#6556=CARTESIAN_POINT('',(-8.07060047239066,-46.5218275785446,0.02));
#6557=CARTESIAN_POINT('',(-8.07060047239066,-46.5218275785446,0.));
#6558=CARTESIAN_POINT('',(-8.07060047239066,-46.5218275785446,0.02));
#6559=CARTESIAN_POINT('Origin',(-10.1579134091735,-48.4999996423722,0.));
#6560=CARTESIAN_POINT('',(-9.74522515386344,-47.3642557859421,0.01));
#6561=CARTESIAN_POINT('',(-10.1579134091735,-48.4999996423722,0.01));
#6562=CARTESIAN_POINT('',(-9.16430651423198,-45.7655314036564,0.01));
#6563=CARTESIAN_POINT('',(-9.74522515386344,-47.3642557859421,0.02));
#6564=CARTESIAN_POINT('',(-9.74522515386344,-47.3642557859421,0.));
#6565=CARTESIAN_POINT('',(-10.1579134091735,-48.4999996423722,0.02));
#6566=CARTESIAN_POINT('',(-9.74522515386344,-47.3642557859421,0.02));
#6567=CARTESIAN_POINT('',(-10.1579134091735,-48.4999996423722,0.));
#6568=CARTESIAN_POINT('Origin',(-9.74522515386344,-47.3642557859421,0.));
#6569=CARTESIAN_POINT('',(-7.74658962339164,-47.3642557859421,0.01));
#6570=CARTESIAN_POINT('',(-4.87261257693172,-47.3642557859421,0.01));
#6571=CARTESIAN_POINT('',(-7.74658962339164,-47.3642557859421,0.02));
#6572=CARTESIAN_POINT('',(-7.74658962339164,-47.3642557859421,0.));
#6573=CARTESIAN_POINT('',(-7.74658962339164,-47.3642557859421,0.02));
#6574=CARTESIAN_POINT('Origin',(-7.74658962339164,-47.3642557859421,0.));
#6575=CARTESIAN_POINT('',(-7.31002732366325,-48.4999996423722,0.01));
#6576=CARTESIAN_POINT('',(-7.47642185341702,-48.0671139694018,0.01));
#6577=CARTESIAN_POINT('',(-7.31002732366325,-48.4999996423722,0.02));
#6578=CARTESIAN_POINT('',(-7.31002732366325,-48.4999996423722,0.));
#6579=CARTESIAN_POINT('',(-7.31002732366325,-48.4999996423722,0.02));
#6580=CARTESIAN_POINT('Origin',(-7.31002732366325,-48.4999996423722,0.));
#6581=CARTESIAN_POINT('',(-6.21180101484061,-48.4999996423722,0.01));
#6582=CARTESIAN_POINT('',(-3.65501366183162,-48.4999996423722,0.01));
#6583=CARTESIAN_POINT('',(-6.21180101484061,-48.4999996423722,0.02));
#6584=CARTESIAN_POINT('',(-6.21180101484061,-48.4999996423722,0.));
#6585=CARTESIAN_POINT('',(-6.21180101484061,-48.4999996423722,0.02));
#6586=CARTESIAN_POINT('Origin',(-8.07060047239066,-46.5218275785446,0.));
#6587=CARTESIAN_POINT('',(-4.03530023619533,-46.5218275785446,0.01));
#6588=CARTESIAN_POINT('',(-9.43485661596061,-46.5218275785446,0.02));
#6589=CARTESIAN_POINT('Origin',(-11.2288550958037,-48.4999996423722,0.));
#6590=CARTESIAN_POINT('',(-11.2288550958037,-48.4999996423722,0.01));
#6591=CARTESIAN_POINT('',(-5.61442754790187,-48.4999996423721,0.01));
#6592=CARTESIAN_POINT('',(-11.2288550958037,-48.4999996423722,0.02));
#6593=CARTESIAN_POINT('',(-10.1579134091735,-48.4999996423722,0.02));
#6594=CARTESIAN_POINT('',(-11.2288550958037,-48.4999996423722,0.));
#6595=CARTESIAN_POINT('Origin',(-9.28137823194266,-43.4999996423722,0.));
#6596=CARTESIAN_POINT('',(-9.28137823194266,-43.4999996423722,0.01));
#6597=CARTESIAN_POINT('',(-9.09282840162606,-43.0159121704861,0.01));
#6598=CARTESIAN_POINT('',(-9.28137823194266,-43.4999996423722,0.02));
#6599=CARTESIAN_POINT('',(-11.2288550958037,-48.4999996423722,0.02));
#6600=CARTESIAN_POINT('',(-9.28137823194266,-43.4999996423722,0.));
#6601=CARTESIAN_POINT('Origin',(-8.21384712308646,-43.4999996423722,0.));
#6602=CARTESIAN_POINT('',(-8.21384712308646,-43.4999996423722,0.01));
#6603=CARTESIAN_POINT('',(-4.10692356154323,-43.4999996423721,0.01));
#6604=CARTESIAN_POINT('',(-8.21384712308646,-43.4999996423722,0.02));
#6605=CARTESIAN_POINT('',(-9.28137823194266,-43.4999996423722,0.02));
#6606=CARTESIAN_POINT('',(-8.21384712308646,-43.4999996423722,0.));
#6607=CARTESIAN_POINT('Origin',(-6.21180101484061,-48.4999996423722,0.));
#6608=CARTESIAN_POINT('',(-6.21399871563922,-48.4945110055482,0.01));
#6609=CARTESIAN_POINT('',(-8.21384712308646,-43.4999996423722,0.02));
#6610=CARTESIAN_POINT('Origin',(-11.5000013932586,-45.9999996423722,0.02));
#6611=CARTESIAN_POINT('Origin',(0.,-46.,0.01));
#6612=CARTESIAN_POINT('',(-0.5,-51.5,0.01));
#6613=CARTESIAN_POINT('',(-0.499999999999998,-40.5,0.01));
#6614=CARTESIAN_POINT('',(-0.5,-43.25,0.01));
#6615=CARTESIAN_POINT('',(-22.5,-40.5,0.01));
#6616=CARTESIAN_POINT('',(-22.5,-40.5,0.01));
#6617=CARTESIAN_POINT('',(-22.5,-51.5,0.01));
#6618=CARTESIAN_POINT('',(-22.5,-51.5,0.01));
#6619=CARTESIAN_POINT('',(22.5,-51.5,0.01));
#6620=CARTESIAN_POINT('',(-20.4205326661468,-48.4999996423721,0.01));
#6621=CARTESIAN_POINT('',(-20.4205326661468,-43.4999996423721,0.01));
#6622=CARTESIAN_POINT('',(-20.4205326661468,-44.7499998211861,0.01));
#6623=CARTESIAN_POINT('',(-19.4109828695655,-43.4999996423721,0.01));
#6624=CARTESIAN_POINT('',(-9.70549143478275,-43.4999996423721,0.01));
#6625=CARTESIAN_POINT('',(-19.4109828695655,-45.4679399728775,0.01));
#6626=CARTESIAN_POINT('',(-19.4109828695655,-45.7339699864388,0.01));
#6627=CARTESIAN_POINT('',(-17.4328111037612,-45.4679399728775,0.01));
#6628=CARTESIAN_POINT('',(-8.7164055518806,-45.4679399728775,0.01));
#6629=CARTESIAN_POINT('',(-17.4328111037612,-43.4999996423721,0.01));
#6630=CARTESIAN_POINT('',(-17.4328111037612,-44.7499998211861,0.01));
#6631=CARTESIAN_POINT('',(-16.4232610091567,-43.4999996423721,0.01));
#6632=CARTESIAN_POINT('',(-8.21163050457836,-43.4999996423721,0.01));
#6633=CARTESIAN_POINT('',(-16.4232610091567,-48.4999996423722,0.01));
#6634=CARTESIAN_POINT('',(-16.4232610091567,-47.2499998211861,0.01));
#6635=CARTESIAN_POINT('',(-17.4328111037612,-48.4999996423722,0.01));
#6636=CARTESIAN_POINT('',(-8.7164055518806,-48.4999996423721,0.01));
#6637=CARTESIAN_POINT('',(-17.4328111037612,-46.313778758049,0.01));
#6638=CARTESIAN_POINT('',(-17.4328111037612,-46.1568893790245,0.01));
#6639=CARTESIAN_POINT('',(-19.4109828695655,-46.313778758049,0.01));
#6640=CARTESIAN_POINT('',(-9.70549143478275,-46.313778758049,0.01));
#6641=CARTESIAN_POINT('',(-19.4109828695655,-48.4999996423721,0.01));
#6642=CARTESIAN_POINT('',(-19.4109828695655,-47.2499998211861,0.01));
#6643=CARTESIAN_POINT('',(-10.2102663330734,-48.4999996423721,0.01));
#6644=CARTESIAN_POINT('',(-5.06923719495536,-48.4999996423722,0.01));
#6645=CARTESIAN_POINT('',(-5.06923719495536,-44.3458384275437,0.01));
#6646=CARTESIAN_POINT('',(-5.06923719495536,-45.1729192137718,0.01));
#6647=CARTESIAN_POINT('',(-6.55286594480277,-44.3458384275437,0.01));
#6648=CARTESIAN_POINT('',(-3.27643297240138,-44.3458384275437,0.01));
#6649=CARTESIAN_POINT('',(-6.55286594480277,-43.4999996423722,0.01));
#6650=CARTESIAN_POINT('',(-6.55286594480277,-44.7499998211861,0.01));
#6651=CARTESIAN_POINT('',(-2.5794701203704,-43.4999996423722,0.01));
#6652=CARTESIAN_POINT('',(-1.2897350601852,-43.4999996423722,0.01));
#6653=CARTESIAN_POINT('',(-2.5794701203704,-44.3458384275437,0.01));
#6654=CARTESIAN_POINT('',(-2.5794701203704,-45.1729192137718,0.01));
#6655=CARTESIAN_POINT('',(-4.05968710035086,-44.3458384275437,0.01));
#6656=CARTESIAN_POINT('',(-2.02984355017543,-44.3458384275437,0.01));
#6657=CARTESIAN_POINT('',(-4.05968710035087,-48.4999996423722,0.01));
#6658=CARTESIAN_POINT('',(-4.05968710035087,-47.2499998211861,0.01));
#6659=CARTESIAN_POINT('',(-2.53461859747768,-48.4999996423722,0.01));
#6660=CARTESIAN_POINT('Origin',(22.5,-51.5,0.));
#6661=CARTESIAN_POINT('',(0.5,-51.5,0.01));
#6662=CARTESIAN_POINT('',(22.5,-51.5,0.01));
#6663=CARTESIAN_POINT('',(22.5,-51.5,0.01));
#6664=CARTESIAN_POINT('',(0.499999999999998,-51.5,0.02));
#6665=CARTESIAN_POINT('',(0.5,-51.5,0.));
#6666=CARTESIAN_POINT('',(22.5,-51.5,0.02));
#6667=CARTESIAN_POINT('',(22.5,-51.5,0.02));
#6668=CARTESIAN_POINT('',(22.5,-51.5,0.));
#6669=CARTESIAN_POINT('Origin',(0.5,-51.5,0.));
#6670=CARTESIAN_POINT('',(0.5,-40.5,0.01));
#6671=CARTESIAN_POINT('',(0.5,-48.75,0.01));
#6672=CARTESIAN_POINT('',(0.499999999999998,-40.5,0.02));
#6673=CARTESIAN_POINT('',(0.5,-40.5,0.));
#6674=CARTESIAN_POINT('',(0.5,-40.,0.02));
#6675=CARTESIAN_POINT('Origin',(0.499999999999998,-40.5,0.));
#6676=CARTESIAN_POINT('',(22.5,-40.5,0.01));
#6677=CARTESIAN_POINT('',(-22.5,-40.5,0.01));
#6678=CARTESIAN_POINT('',(22.5,-40.5,0.02));
#6679=CARTESIAN_POINT('',(22.5,-40.5,0.));
#6680=CARTESIAN_POINT('',(-22.5,-40.5,0.02));
#6681=CARTESIAN_POINT('Origin',(-0.499999999999998,-51.5,0.));
#6682=CARTESIAN_POINT('',(-22.5,-51.5,0.02));
#6683=CARTESIAN_POINT('',(-22.5,-51.5,0.));
#6684=CARTESIAN_POINT('',(-0.499999999999998,-51.5,0.02));
#6685=CARTESIAN_POINT('',(22.5,-51.5,0.02));
#6686=CARTESIAN_POINT('',(-0.5,-51.5,0.));
#6687=CARTESIAN_POINT('Origin',(-22.5,-51.5,0.));
#6688=CARTESIAN_POINT('',(-22.5,-40.5,0.02));
#6689=CARTESIAN_POINT('',(-22.5,-40.5,0.));
#6690=CARTESIAN_POINT('',(-22.5,-51.5,0.02));
#6691=CARTESIAN_POINT('Origin',(22.5,-40.5,0.));
#6692=CARTESIAN_POINT('',(22.5,-40.5,0.01));
#6693=CARTESIAN_POINT('',(22.5,-40.5,0.02));
#6694=CARTESIAN_POINT('Origin',(-0.5,-40.5,0.));
#6695=CARTESIAN_POINT('',(-0.499999999999998,-40.5,0.02));
#6696=CARTESIAN_POINT('',(-0.5,-40.,0.02));
#6697=CARTESIAN_POINT('',(-0.5,-40.5,0.));
#6698=CARTESIAN_POINT('Origin',(-22.5,-40.5,0.));
#6699=CARTESIAN_POINT('',(-22.5,-40.5,0.02));
#6700=CARTESIAN_POINT('Origin',(23.5,-52.5,0.));
#6701=CARTESIAN_POINT('',(23.5,-39.5,0.));
#6702=CARTESIAN_POINT('',(23.5,-52.5,0.));
#6703=CARTESIAN_POINT('',(23.5,-39.5,0.));
#6704=CARTESIAN_POINT('',(23.5,-39.5,0.02));
#6705=CARTESIAN_POINT('',(23.5,-39.5,0.));
#6706=CARTESIAN_POINT('',(23.5,-52.5,0.02));
#6707=CARTESIAN_POINT('',(23.5,-39.5,0.02));
#6708=CARTESIAN_POINT('',(23.5,-52.5,0.));
#6709=CARTESIAN_POINT('Origin',(-23.5,-52.5,0.));
#6710=CARTESIAN_POINT('',(-23.5,-52.5,0.));
#6711=CARTESIAN_POINT('',(23.5,-52.5,0.));
#6712=CARTESIAN_POINT('',(-23.5,-52.5,0.02));
#6713=CARTESIAN_POINT('',(23.5,-52.5,0.02));
#6714=CARTESIAN_POINT('',(-23.5,-52.5,0.));
#6715=CARTESIAN_POINT('Origin',(-23.5,-39.5,0.));
#6716=CARTESIAN_POINT('',(-23.5,-39.5,0.));
#6717=CARTESIAN_POINT('',(-23.5,-52.5,0.));
#6718=CARTESIAN_POINT('',(-23.5,-39.5,0.02));
#6719=CARTESIAN_POINT('',(-23.5,-52.5,0.02));
#6720=CARTESIAN_POINT('',(-23.5,-39.5,0.));
#6721=CARTESIAN_POINT('Origin',(23.5,-39.5,0.));
#6722=CARTESIAN_POINT('',(-23.5,-39.5,0.));
#6723=CARTESIAN_POINT('',(-23.5,-39.5,0.02));
#6724=CARTESIAN_POINT('Origin',(0.,-46.,0.02));
#6725=CARTESIAN_POINT('Origin',(0.,-46.,0.01));
#6726=CARTESIAN_POINT('Origin',(0.,-46.,0.));
#6727=CARTESIAN_POINT('Origin',(-2.5794701203704,-43.4999996423722,0.));
#6728=CARTESIAN_POINT('',(-6.55286594480277,-43.4999996423722,0.02));
#6729=CARTESIAN_POINT('',(-6.55286594480277,-43.4999996423722,0.));
#6730=CARTESIAN_POINT('',(-2.5794701203704,-43.4999996423722,0.02));
#6731=CARTESIAN_POINT('',(-6.55286594480277,-43.4999996423722,0.02));
#6732=CARTESIAN_POINT('',(-2.5794701203704,-43.4999996423722,0.));
#6733=CARTESIAN_POINT('Origin',(-6.55286594480277,-43.4999996423722,0.));
#6734=CARTESIAN_POINT('',(-6.55286594480277,-44.3458384275437,0.02));
#6735=CARTESIAN_POINT('',(-6.55286594480277,-44.3458384275437,0.));
#6736=CARTESIAN_POINT('',(-6.55286594480277,-44.3458384275437,0.02));
#6737=CARTESIAN_POINT('Origin',(-6.55286594480277,-44.3458384275437,0.));
#6738=CARTESIAN_POINT('',(-5.06923719495536,-44.3458384275437,0.02));
#6739=CARTESIAN_POINT('',(-5.06923719495536,-44.3458384275437,0.));
#6740=CARTESIAN_POINT('',(-5.06923719495536,-44.3458384275437,0.02));
#6741=CARTESIAN_POINT('Origin',(-5.06923719495536,-44.3458384275437,0.));
#6742=CARTESIAN_POINT('',(-5.06923719495536,-48.4999996423722,0.02));
#6743=CARTESIAN_POINT('',(-5.06923719495536,-48.4999996423722,0.));
#6744=CARTESIAN_POINT('',(-5.06923719495536,-48.4999996423722,0.02));
#6745=CARTESIAN_POINT('Origin',(-2.5794701203704,-44.3458384275437,0.));
#6746=CARTESIAN_POINT('',(-2.5794701203704,-44.3458384275437,0.02));
#6747=CARTESIAN_POINT('',(-2.5794701203704,-43.4999996423722,0.02));
#6748=CARTESIAN_POINT('',(-2.5794701203704,-44.3458384275437,0.));
#6749=CARTESIAN_POINT('Origin',(-4.05968710035086,-44.3458384275437,0.));
#6750=CARTESIAN_POINT('',(-4.05968710035086,-44.3458384275437,0.02));
#6751=CARTESIAN_POINT('',(-2.5794701203704,-44.3458384275437,0.02));
#6752=CARTESIAN_POINT('',(-4.05968710035086,-44.3458384275437,0.));
#6753=CARTESIAN_POINT('Origin',(-4.05968710035087,-48.4999996423722,0.));
#6754=CARTESIAN_POINT('',(-4.05968710035087,-48.4999996423722,0.02));
#6755=CARTESIAN_POINT('',(-4.05968710035086,-44.3458384275437,0.02));
#6756=CARTESIAN_POINT('',(-4.05968710035087,-48.4999996423722,0.));
#6757=CARTESIAN_POINT('Origin',(-5.06923719495536,-48.4999996423722,0.));
#6758=CARTESIAN_POINT('',(-4.05968710035087,-48.4999996423722,0.02));
#6759=CARTESIAN_POINT('Origin',(-11.5000013932586,-45.9999996423722,0.02));
#6760=CARTESIAN_POINT('Origin',(-16.4232610091567,-43.4999996423721,0.));
#6761=CARTESIAN_POINT('',(-17.4328111037612,-43.4999996423721,0.02));
#6762=CARTESIAN_POINT('',(-17.4328111037612,-43.4999996423721,0.));
#6763=CARTESIAN_POINT('',(-16.4232610091567,-43.4999996423721,0.02));
#6764=CARTESIAN_POINT('',(-17.4328111037612,-43.4999996423721,0.02));
#6765=CARTESIAN_POINT('',(-16.4232610091567,-43.4999996423721,0.));
#6766=CARTESIAN_POINT('Origin',(-17.4328111037612,-43.4999996423721,0.));
#6767=CARTESIAN_POINT('',(-17.4328111037612,-45.4679399728775,0.02));
#6768=CARTESIAN_POINT('',(-17.4328111037612,-45.4679399728775,0.));
#6769=CARTESIAN_POINT('',(-17.4328111037612,-45.4679399728775,0.02));
#6770=CARTESIAN_POINT('Origin',(-17.4328111037612,-45.4679399728775,0.));
#6771=CARTESIAN_POINT('',(-19.4109828695655,-45.4679399728775,0.02));
#6772=CARTESIAN_POINT('',(-19.4109828695655,-45.4679399728775,0.));
#6773=CARTESIAN_POINT('',(-19.4109828695655,-45.4679399728775,0.02));
#6774=CARTESIAN_POINT('Origin',(-19.4109828695655,-45.4679399728775,0.));
#6775=CARTESIAN_POINT('',(-19.4109828695655,-43.4999996423721,0.02));
#6776=CARTESIAN_POINT('',(-19.4109828695655,-43.4999996423721,0.));
#6777=CARTESIAN_POINT('',(-19.4109828695655,-43.4999996423721,0.02));
#6778=CARTESIAN_POINT('Origin',(-19.4109828695655,-43.4999996423721,0.));
#6779=CARTESIAN_POINT('',(-20.4205326661468,-43.4999996423721,0.02));
#6780=CARTESIAN_POINT('',(-20.4205326661468,-43.4999996423721,0.));
#6781=CARTESIAN_POINT('',(-20.4205326661468,-43.4999996423721,0.02));
#6782=CARTESIAN_POINT('Origin',(-20.4205326661468,-43.4999996423721,0.));
#6783=CARTESIAN_POINT('',(-20.4205326661468,-48.4999996423721,0.02));
#6784=CARTESIAN_POINT('',(-20.4205326661468,-48.4999996423721,0.));
#6785=CARTESIAN_POINT('',(-20.4205326661468,-48.4999996423721,0.02));
#6786=CARTESIAN_POINT('Origin',(-16.4232610091567,-48.4999996423722,0.));
#6787=CARTESIAN_POINT('',(-16.4232610091567,-48.4999996423722,0.02));
#6788=CARTESIAN_POINT('',(-16.4232610091567,-43.4999996423722,0.02));
#6789=CARTESIAN_POINT('',(-16.4232610091567,-48.4999996423722,0.));
#6790=CARTESIAN_POINT('Origin',(-17.4328111037612,-48.4999996423722,0.));
#6791=CARTESIAN_POINT('',(-17.4328111037612,-48.4999996423722,0.02));
#6792=CARTESIAN_POINT('',(-16.4232610091567,-48.4999996423722,0.02));
#6793=CARTESIAN_POINT('',(-17.4328111037612,-48.4999996423722,0.));
#6794=CARTESIAN_POINT('Origin',(-17.4328111037612,-46.313778758049,0.));
#6795=CARTESIAN_POINT('',(-17.4328111037612,-46.313778758049,0.02));
#6796=CARTESIAN_POINT('',(-17.4328111037612,-48.4999996423721,0.02));
#6797=CARTESIAN_POINT('',(-17.4328111037612,-46.313778758049,0.));
#6798=CARTESIAN_POINT('Origin',(-19.4109828695655,-46.313778758049,0.));
#6799=CARTESIAN_POINT('',(-19.4109828695655,-46.313778758049,0.02));
#6800=CARTESIAN_POINT('',(-17.4328111037612,-46.313778758049,0.02));
#6801=CARTESIAN_POINT('',(-19.4109828695655,-46.313778758049,0.));
#6802=CARTESIAN_POINT('Origin',(-19.4109828695655,-48.4999996423721,0.));
#6803=CARTESIAN_POINT('',(-19.4109828695655,-48.4999996423721,0.02));
#6804=CARTESIAN_POINT('',(-19.4109828695655,-46.313778758049,0.02));
#6805=CARTESIAN_POINT('',(-19.4109828695655,-48.4999996423721,0.));
#6806=CARTESIAN_POINT('Origin',(-20.4205326661468,-48.4999996423721,0.));
#6807=CARTESIAN_POINT('',(-19.4109828695655,-48.4999996423721,0.02));
#6808=CARTESIAN_POINT('Origin',(-11.5000013932586,-45.9999996423722,0.02));
#6809=CARTESIAN_POINT('Origin',(9.59345180541277,-43.4999996423721,0.));
#6810=CARTESIAN_POINT('',(8.58390230685472,-43.4999996423721,0.01));
#6811=CARTESIAN_POINT('',(9.59345180541277,-43.4999996423721,0.01));
#6812=CARTESIAN_POINT('',(4.79672590270638,-43.4999996423721,0.01));
#6813=CARTESIAN_POINT('',(8.58390230685472,-43.4999996423721,0.02));
#6814=CARTESIAN_POINT('',(8.58390230685472,-43.4999996423721,0.));
#6815=CARTESIAN_POINT('',(9.59345180541277,-43.4999996423721,0.02));
#6816=CARTESIAN_POINT('',(8.58390230685472,-43.4999996423721,0.02));
#6817=CARTESIAN_POINT('',(9.59345180541277,-43.4999996423721,0.));
#6818=CARTESIAN_POINT('Origin',(8.58390230685472,-43.4999996423721,0.));
#6819=CARTESIAN_POINT('',(8.58390230685472,-48.4999996423721,0.01));
#6820=CARTESIAN_POINT('',(8.58390230685472,-44.7499998211861,0.01));
#6821=CARTESIAN_POINT('',(8.58390230685472,-48.4999996423721,0.02));
#6822=CARTESIAN_POINT('',(8.58390230685472,-48.4999996423721,0.));
#6823=CARTESIAN_POINT('',(8.58390230685472,-48.4999996423721,0.02));
#6824=CARTESIAN_POINT('Origin',(9.59345180541277,-48.4999996423721,0.));
#6825=CARTESIAN_POINT('',(9.59345180541277,-48.4999996423721,0.01));
#6826=CARTESIAN_POINT('',(9.59345180541277,-47.2499998211861,0.01));
#6827=CARTESIAN_POINT('',(9.59345180541277,-48.4999996423721,0.02));
#6828=CARTESIAN_POINT('',(9.59345180541277,-43.4999996423721,0.02));
#6829=CARTESIAN_POINT('',(9.59345180541277,-48.4999996423721,0.));
#6830=CARTESIAN_POINT('Origin',(8.58390230685472,-48.4999996423721,0.));
#6831=CARTESIAN_POINT('',(4.29195115342736,-48.4999996423721,0.01));
#6832=CARTESIAN_POINT('',(9.59345180541277,-48.4999996423721,0.02));
#6833=CARTESIAN_POINT('Origin',(11.4999997988343,-45.9999996423721,0.02));
#6834=CARTESIAN_POINT('Origin',(5.38472075015306,-47.6575714349747,0.));
#6835=CARTESIAN_POINT('',(5.38472075015306,-43.5409271717072,0.01));
#6836=CARTESIAN_POINT('',(5.38472075015306,-47.6575714349747,0.01));
#6837=CARTESIAN_POINT('',(5.38472075015306,-46.8287857174873,0.01));
#6838=CARTESIAN_POINT('',(5.38472075015306,-43.5409271717072,0.02));
#6839=CARTESIAN_POINT('',(5.38472075015306,-43.5409271717072,0.));
#6840=CARTESIAN_POINT('',(5.38472075015306,-47.6575714349747,0.02));
#6841=CARTESIAN_POINT('',(5.38472075015306,-43.5409271717072,0.02));
#6842=CARTESIAN_POINT('',(5.38472075015306,-47.6575714349747,0.));
#6843=CARTESIAN_POINT('Origin',(5.38472075015306,-43.5409271717072,0.));
#6844=CARTESIAN_POINT('',(4.37517095357179,-43.5409271717072,0.01));
#6845=CARTESIAN_POINT('',(2.69236037507653,-43.5409271717072,0.01));
#6846=CARTESIAN_POINT('',(4.37517095357179,-43.5409271717072,0.02));
#6847=CARTESIAN_POINT('',(4.37517095357179,-43.5409271717072,0.));
#6848=CARTESIAN_POINT('',(4.37517095357179,-43.5409271717072,0.02));
#6849=CARTESIAN_POINT('Origin',(4.37517095357179,-43.5409271717072,0.));
#6850=CARTESIAN_POINT('',(4.37517095357179,-48.4999996423721,0.01));
#6851=CARTESIAN_POINT('',(4.37517095357179,-44.7704635858536,0.01));
#6852=CARTESIAN_POINT('',(4.37517095357179,-48.4999996423721,0.02));
#6853=CARTESIAN_POINT('',(4.37517095357179,-48.4999996423721,0.));
#6854=CARTESIAN_POINT('',(4.37517095357179,-48.4999996423721,0.02));
#6855=CARTESIAN_POINT('Origin',(7.89495307952165,-47.6575714349747,0.));
#6856=CARTESIAN_POINT('',(7.89495307952165,-47.6575714349747,0.01));
#6857=CARTESIAN_POINT('',(3.94747653976083,-47.6575714349747,0.01));
#6858=CARTESIAN_POINT('',(7.89495307952165,-47.6575714349747,0.02));
#6859=CARTESIAN_POINT('',(5.38472075015306,-47.6575714349747,0.02));
#6860=CARTESIAN_POINT('',(7.89495307952165,-47.6575714349747,0.));
#6861=CARTESIAN_POINT('Origin',(7.89495307952165,-48.4999996423721,0.));
#6862=CARTESIAN_POINT('',(7.89495307952165,-48.4999996423721,0.01));
#6863=CARTESIAN_POINT('',(7.89495307952165,-47.2499998211861,0.01));
#6864=CARTESIAN_POINT('',(7.89495307952165,-48.4999996423721,0.02));
#6865=CARTESIAN_POINT('',(7.89495307952165,-47.6575714349747,0.02));
#6866=CARTESIAN_POINT('',(7.89495307952165,-48.4999996423721,0.));
#6867=CARTESIAN_POINT('Origin',(4.37517095357179,-48.4999996423721,0.));
#6868=CARTESIAN_POINT('',(2.1875854767859,-48.4999996423721,0.01));
#6869=CARTESIAN_POINT('',(7.89495307952165,-48.4999996423721,0.02));
#6870=CARTESIAN_POINT('Origin',(11.4999997988343,-45.9999996423721,0.02));
#6871=CARTESIAN_POINT('Origin',(0.,-46.,0.01));
#6872=CARTESIAN_POINT('Ctrl Pts',(63.1753067746758,-43.8052523136139,0.));
#6873=CARTESIAN_POINT('Ctrl Pts',(63.1753067746758,-43.8052523136139,0.02));
#6874=CARTESIAN_POINT('Ctrl Pts',(62.9713917981366,-43.691617176468,0.));
#6875=CARTESIAN_POINT('Ctrl Pts',(62.9713917981366,-43.691617176468,0.02));
#6876=CARTESIAN_POINT('Ctrl Pts',(62.5209462098347,-43.4405986045507,0.));
#6877=CARTESIAN_POINT('Ctrl Pts',(62.5209462098347,-43.4405986045507,0.02));
#6878=CARTESIAN_POINT('Ctrl Pts',(62.0037383777963,-43.423882690375,0.));
#6879=CARTESIAN_POINT('Ctrl Pts',(62.0037383777963,-43.423882690375,0.02));
#6880=CARTESIAN_POINT('Ctrl Pts',(61.7206685319543,-43.4147340059281,0.));
#6881=CARTESIAN_POINT('Ctrl Pts',(61.7206685319543,-43.4147340059281,0.02));
#6882=CARTESIAN_POINT('',(61.7206685319543,-43.4147340059281,0.01));
#6883=CARTESIAN_POINT('',(63.1753067746758,-43.8052523136139,0.01));
#6884=CARTESIAN_POINT('Ctrl Pts',(61.7206685319543,-43.4147340059281,0.01));
#6885=CARTESIAN_POINT('Ctrl Pts',(62.0037383777963,-43.423882690375,0.01));
#6886=CARTESIAN_POINT('Ctrl Pts',(62.2868082236384,-43.433031374822,0.01));
#6887=CARTESIAN_POINT('Ctrl Pts',(62.5498800054193,-43.5123634338379,0.01));
#6888=CARTESIAN_POINT('Ctrl Pts',(62.7674768215973,-43.5779820393222,0.01));
#6889=CARTESIAN_POINT('Ctrl Pts',(62.9713917981366,-43.691617176468,0.01));
#6890=CARTESIAN_POINT('Ctrl Pts',(63.1753067746758,-43.8052523136139,0.01));
#6891=CARTESIAN_POINT('',(61.7206685319543,-43.4147340059281,0.02));
#6892=CARTESIAN_POINT('',(61.7206685319543,-43.4147340059281,0.));
#6893=CARTESIAN_POINT('',(63.1753067746758,-43.8052523136139,0.02));
#6894=CARTESIAN_POINT('Ctrl Pts',(63.1753067746758,-43.8052523136139,0.02));
#6895=CARTESIAN_POINT('Ctrl Pts',(62.9713917981366,-43.691617176468,0.02));
#6896=CARTESIAN_POINT('Ctrl Pts',(62.5209462098347,-43.4405986045507,0.02));
#6897=CARTESIAN_POINT('Ctrl Pts',(62.0037383777963,-43.423882690375,0.02));
#6898=CARTESIAN_POINT('Ctrl Pts',(61.7206685319543,-43.4147340059281,0.02));
#6899=CARTESIAN_POINT('',(63.1753067746758,-43.8052523136139,0.));
#6900=CARTESIAN_POINT('Ctrl Pts',(61.7206685319543,-43.4147340059281,0.));
#6901=CARTESIAN_POINT('Ctrl Pts',(61.7206685319543,-43.4147340059281,0.02));
#6902=CARTESIAN_POINT('Ctrl Pts',(61.4985540881732,-43.4217494985933,0.));
#6903=CARTESIAN_POINT('Ctrl Pts',(61.4985540881732,-43.4217494985933,0.02));
#6904=CARTESIAN_POINT('Ctrl Pts',(61.0843349065624,-43.434832626286,0.));
#6905=CARTESIAN_POINT('Ctrl Pts',(61.0843349065624,-43.434832626286,0.02));
#6906=CARTESIAN_POINT('Ctrl Pts',(60.7012152277019,-43.5911940466396,0.));
#6907=CARTESIAN_POINT('Ctrl Pts',(60.7012152277019,-43.5911940466396,0.02));
#6908=CARTESIAN_POINT('Ctrl Pts',(60.5235336795449,-43.6637106537819,0.));
#6909=CARTESIAN_POINT('Ctrl Pts',(60.5235336795449,-43.6637106537819,0.02));
#6910=CARTESIAN_POINT('',(60.5235336795449,-43.6637106537819,0.01));
#6911=CARTESIAN_POINT('Ctrl Pts',(60.5235336795449,-43.6637106537819,0.01));
#6912=CARTESIAN_POINT('Ctrl Pts',(60.7012152277019,-43.5911940466396,0.01));
#6913=CARTESIAN_POINT('Ctrl Pts',(60.8788967758588,-43.5186774394972,0.01));
#6914=CARTESIAN_POINT('Ctrl Pts',(61.0632674470544,-43.4769782423973,0.01));
#6915=CARTESIAN_POINT('Ctrl Pts',(61.2764396443921,-43.4287649912585,0.01));
#6916=CARTESIAN_POINT('Ctrl Pts',(61.4985540881732,-43.4217494985933,0.01));
#6917=CARTESIAN_POINT('Ctrl Pts',(61.7206685319543,-43.4147340059281,0.01));
#6918=CARTESIAN_POINT('',(60.5235336795449,-43.6637106537819,0.02));
#6919=CARTESIAN_POINT('',(60.5235336795449,-43.6637106537819,0.));
#6920=CARTESIAN_POINT('Ctrl Pts',(61.7206685319543,-43.4147340059281,0.02));
#6921=CARTESIAN_POINT('Ctrl Pts',(61.4985540881732,-43.4217494985933,0.02));
#6922=CARTESIAN_POINT('Ctrl Pts',(61.0843349065624,-43.434832626286,0.02));
#6923=CARTESIAN_POINT('Ctrl Pts',(60.7012152277019,-43.5911940466396,0.02));
#6924=CARTESIAN_POINT('Ctrl Pts',(60.5235336795449,-43.6637106537819,0.02));
#6925=CARTESIAN_POINT('Ctrl Pts',(60.5235336795449,-43.6637106537819,0.));
#6926=CARTESIAN_POINT('Ctrl Pts',(60.5235336795449,-43.6637106537819,0.02));
#6927=CARTESIAN_POINT('Ctrl Pts',(60.3262740552458,-43.7827429129787,0.));
#6928=CARTESIAN_POINT('Ctrl Pts',(60.3262740552458,-43.7827429129787,0.02));
#6929=CARTESIAN_POINT('Ctrl Pts',(59.9346821201701,-44.0190410042933,0.));
#6930=CARTESIAN_POINT('Ctrl Pts',(59.9346821201701,-44.0190410042933,0.02));
#6931=CARTESIAN_POINT('Ctrl Pts',(59.6877075898438,-44.4038494517499,0.));
#6932=CARTESIAN_POINT('Ctrl Pts',(59.6877075898438,-44.4038494517499,0.02));
#6933=CARTESIAN_POINT('Ctrl Pts',(59.565143443644,-44.5948153734208,0.));
#6934=CARTESIAN_POINT('Ctrl Pts',(59.565143443644,-44.5948153734208,0.02));
#6935=CARTESIAN_POINT('',(59.565143443644,-44.5948153734208,0.01));
#6936=CARTESIAN_POINT('Ctrl Pts',(59.565143443644,-44.5948153734208,0.01));
#6937=CARTESIAN_POINT('Ctrl Pts',(59.6877075898438,-44.4038494517499,0.01));
#6938=CARTESIAN_POINT('Ctrl Pts',(59.8102717360435,-44.2128835300792,0.01));
#6939=CARTESIAN_POINT('Ctrl Pts',(59.9684517160058,-44.0584921836853,0.01));
#6940=CARTESIAN_POINT('Ctrl Pts',(60.1290144309466,-43.9017751721756,0.01));
#6941=CARTESIAN_POINT('Ctrl Pts',(60.3262740552458,-43.7827429129787,0.01));
#6942=CARTESIAN_POINT('Ctrl Pts',(60.5235336795449,-43.6637106537819,0.01));
#6943=CARTESIAN_POINT('',(59.565143443644,-44.5948153734208,0.02));
#6944=CARTESIAN_POINT('',(59.565143443644,-44.5948153734208,0.));
#6945=CARTESIAN_POINT('Ctrl Pts',(60.5235336795449,-43.6637106537819,0.02));
#6946=CARTESIAN_POINT('Ctrl Pts',(60.3262740552458,-43.7827429129787,0.02));
#6947=CARTESIAN_POINT('Ctrl Pts',(59.9346821201701,-44.0190410042933,0.02));
#6948=CARTESIAN_POINT('Ctrl Pts',(59.6877075898438,-44.4038494517499,0.02));
#6949=CARTESIAN_POINT('Ctrl Pts',(59.565143443644,-44.5948153734208,0.02));
#6950=CARTESIAN_POINT('Ctrl Pts',(59.565143443644,-44.5948153734208,0.));
#6951=CARTESIAN_POINT('Ctrl Pts',(59.565143443644,-44.5948153734208,0.02));
#6952=CARTESIAN_POINT('Ctrl Pts',(59.4696733154252,-44.8084052059624,0.));
#6953=CARTESIAN_POINT('Ctrl Pts',(59.4696733154252,-44.8084052059624,0.02));
#6954=CARTESIAN_POINT('Ctrl Pts',(59.2723219373567,-45.2499281051133,0.));
#6955=CARTESIAN_POINT('Ctrl Pts',(59.2723219373567,-45.2499281051133,0.02));
#6956=CARTESIAN_POINT('Ctrl Pts',(59.2495020341028,-45.7333721780939,0.));
#6957=CARTESIAN_POINT('Ctrl Pts',(59.2495020341028,-45.7333721780939,0.02));
#6958=CARTESIAN_POINT('Ctrl Pts',(59.2377214208245,-45.9829467535019,0.));
#6959=CARTESIAN_POINT('Ctrl Pts',(59.2377214208245,-45.9829467535019,0.02));
#6960=CARTESIAN_POINT('',(59.2377214208245,-45.9829467535019,0.01));
#6961=CARTESIAN_POINT('Ctrl Pts',(59.2377214208245,-45.9829467535019,0.01));
#6962=CARTESIAN_POINT('Ctrl Pts',(59.2495020341028,-45.7333721780939,0.01));
#6963=CARTESIAN_POINT('Ctrl Pts',(59.2612826473811,-45.4837976026858,0.01));
#6964=CARTESIAN_POINT('Ctrl Pts',(59.319577075541,-45.2453953027726,0.01));
#6965=CARTESIAN_POINT('Ctrl Pts',(59.3742031872063,-45.0219950385041,0.01));
#6966=CARTESIAN_POINT('Ctrl Pts',(59.4696733154252,-44.8084052059624,0.01));
#6967=CARTESIAN_POINT('Ctrl Pts',(59.565143443644,-44.5948153734208,0.01));
#6968=CARTESIAN_POINT('',(59.2377214208245,-45.9829467535019,0.02));
#6969=CARTESIAN_POINT('',(59.2377214208245,-45.9829467535019,0.));
#6970=CARTESIAN_POINT('Ctrl Pts',(59.565143443644,-44.5948153734208,0.02));
#6971=CARTESIAN_POINT('Ctrl Pts',(59.4696733154252,-44.8084052059624,0.02));
#6972=CARTESIAN_POINT('Ctrl Pts',(59.2723219373567,-45.2499281051133,0.02));
#6973=CARTESIAN_POINT('Ctrl Pts',(59.2495020341028,-45.7333721780939,0.02));
#6974=CARTESIAN_POINT('Ctrl Pts',(59.2377214208245,-45.9829467535019,0.02));
#6975=CARTESIAN_POINT('Ctrl Pts',(59.2377214208245,-45.9829467535019,0.));
#6976=CARTESIAN_POINT('Ctrl Pts',(59.2377214208245,-45.9829467535019,0.02));
#6977=CARTESIAN_POINT('Ctrl Pts',(59.2491857205097,-46.2167571405694,0.));
#6978=CARTESIAN_POINT('Ctrl Pts',(59.2491857205097,-46.2167571405694,0.02));
#6979=CARTESIAN_POINT('Ctrl Pts',(59.2717722989232,-46.6774025167715,0.));
#6980=CARTESIAN_POINT('Ctrl Pts',(59.2717722989232,-46.6774025167715,0.02));
#6981=CARTESIAN_POINT('Ctrl Pts',(59.4454923409266,-47.1044911334433,0.));
#6982=CARTESIAN_POINT('Ctrl Pts',(59.4454923409266,-47.1044911334433,0.02));
#6983=CARTESIAN_POINT('Ctrl Pts',(59.5310370698571,-47.314801812172,0.));
#6984=CARTESIAN_POINT('Ctrl Pts',(59.5310370698571,-47.314801812172,0.02));
#6985=CARTESIAN_POINT('',(59.5310370698571,-47.314801812172,0.01));
#6986=CARTESIAN_POINT('Ctrl Pts',(59.5310370698571,-47.314801812172,0.01));
#6987=CARTESIAN_POINT('Ctrl Pts',(59.4454923409266,-47.1044911334433,0.01));
#6988=CARTESIAN_POINT('Ctrl Pts',(59.3599476119961,-46.8941804547147,0.01));
#6989=CARTESIAN_POINT('Ctrl Pts',(59.3110506311059,-46.6757327318192,0.01));
#6990=CARTESIAN_POINT('Ctrl Pts',(59.260650020195,-46.4505675276369,0.01));
#6991=CARTESIAN_POINT('Ctrl Pts',(59.2491857205097,-46.2167571405694,0.01));
#6992=CARTESIAN_POINT('Ctrl Pts',(59.2377214208245,-45.9829467535019,0.01));
#6993=CARTESIAN_POINT('',(59.5310370698571,-47.314801812172,0.02));
#6994=CARTESIAN_POINT('',(59.5310370698571,-47.314801812172,0.));
#6995=CARTESIAN_POINT('Ctrl Pts',(59.2377214208245,-45.9829467535019,0.02));
#6996=CARTESIAN_POINT('Ctrl Pts',(59.2491857205097,-46.2167571405694,0.02));
#6997=CARTESIAN_POINT('Ctrl Pts',(59.2717722989232,-46.6774025167715,0.02));
#6998=CARTESIAN_POINT('Ctrl Pts',(59.4454923409266,-47.1044911334433,0.02));
#6999=CARTESIAN_POINT('Ctrl Pts',(59.5310370698571,-47.314801812172,0.02));
#7000=CARTESIAN_POINT('Ctrl Pts',(59.5310370698571,-47.314801812172,0.));
#7001=CARTESIAN_POINT('Ctrl Pts',(59.5310370698571,-47.314801812172,0.02));
#7002=CARTESIAN_POINT('Ctrl Pts',(59.6405314444116,-47.506874797355,0.));
#7003=CARTESIAN_POINT('Ctrl Pts',(59.6405314444116,-47.506874797355,0.02));
#7004=CARTESIAN_POINT('Ctrl Pts',(59.8587245217385,-47.8896250151538,0.));
#7005=CARTESIAN_POINT('Ctrl Pts',(59.8587245217385,-47.8896250151538,0.02));
#7006=CARTESIAN_POINT('Ctrl Pts',(60.2250679155315,-48.1342647515715,0.));
#7007=CARTESIAN_POINT('Ctrl Pts',(60.2250679155315,-48.1342647515715,0.02));
#7008=CARTESIAN_POINT('Ctrl Pts',(60.4075716510415,-48.2561385631562,0.));
#7009=CARTESIAN_POINT('Ctrl Pts',(60.4075716510415,-48.2561385631562,0.02));
#7010=CARTESIAN_POINT('',(60.4075716510415,-48.2561385631562,0.01));
#7011=CARTESIAN_POINT('Ctrl Pts',(60.4075716510415,-48.2561385631562,0.01));
#7012=CARTESIAN_POINT('Ctrl Pts',(60.2250679155315,-48.1342647515715,0.01));
#7013=CARTESIAN_POINT('Ctrl Pts',(60.0425641800216,-48.0123909399869,0.01));
#7014=CARTESIAN_POINT('Ctrl Pts',(59.8968283906579,-47.8562408685685,0.01));
#7015=CARTESIAN_POINT('Ctrl Pts',(59.750025818966,-47.698947782538,0.01));
#7016=CARTESIAN_POINT('Ctrl Pts',(59.6405314444116,-47.506874797355,0.01));
#7017=CARTESIAN_POINT('Ctrl Pts',(59.5310370698571,-47.314801812172,0.01));
#7018=CARTESIAN_POINT('',(60.4075716510415,-48.2561385631562,0.02));
#7019=CARTESIAN_POINT('',(60.4075716510415,-48.2561385631562,0.));
#7020=CARTESIAN_POINT('Ctrl Pts',(59.5310370698571,-47.314801812172,0.02));
#7021=CARTESIAN_POINT('Ctrl Pts',(59.6405314444116,-47.506874797355,0.02));
#7022=CARTESIAN_POINT('Ctrl Pts',(59.8587245217385,-47.8896250151538,0.02));
#7023=CARTESIAN_POINT('Ctrl Pts',(60.2250679155315,-48.1342647515715,0.02));
#7024=CARTESIAN_POINT('Ctrl Pts',(60.4075716510415,-48.2561385631562,0.02));
#7025=CARTESIAN_POINT('Ctrl Pts',(60.4075716510415,-48.2561385631562,0.));
#7026=CARTESIAN_POINT('Ctrl Pts',(60.4075716510415,-48.2561385631562,0.02));
#7027=CARTESIAN_POINT('Ctrl Pts',(60.6153795971596,-48.3520887588793,0.));
#7028=CARTESIAN_POINT('Ctrl Pts',(60.6153795971596,-48.3520887588793,0.02));
#7029=CARTESIAN_POINT('Ctrl Pts',(61.0489725411369,-48.5522896107522,0.));
#7030=CARTESIAN_POINT('Ctrl Pts',(61.0489725411369,-48.5522896107522,0.02));
#7031=CARTESIAN_POINT('Ctrl Pts',(61.5265499339227,-48.5739741023462,0.));
#7032=CARTESIAN_POINT('Ctrl Pts',(61.5265499339227,-48.5739741023462,0.02));
#7033=CARTESIAN_POINT('Ctrl Pts',(61.7752389684319,-48.5852658748627,0.));
#7034=CARTESIAN_POINT('Ctrl Pts',(61.7752389684319,-48.5852658748627,0.02));
#7035=CARTESIAN_POINT('',(61.7752389684319,-48.5852658748627,0.01));
#7036=CARTESIAN_POINT('Ctrl Pts',(61.7752389684319,-48.5852658748627,0.01));
#7037=CARTESIAN_POINT('Ctrl Pts',(61.5265499339227,-48.5739741023462,0.01));
#7038=CARTESIAN_POINT('Ctrl Pts',(61.2778608994134,-48.5626823298298,0.01));
#7039=CARTESIAN_POINT('Ctrl Pts',(61.0410986915231,-48.5029840469361,0.01));
#7040=CARTESIAN_POINT('Ctrl Pts',(60.8231875432777,-48.4480389546025,0.01));
#7041=CARTESIAN_POINT('Ctrl Pts',(60.6153795971596,-48.3520887588793,0.01));
#7042=CARTESIAN_POINT('Ctrl Pts',(60.4075716510415,-48.2561385631562,0.01));
#7043=CARTESIAN_POINT('',(61.7752389684319,-48.5852658748627,0.02));
#7044=CARTESIAN_POINT('',(61.7752389684319,-48.5852658748627,0.));
#7045=CARTESIAN_POINT('Ctrl Pts',(60.4075716510415,-48.2561385631562,0.02));
#7046=CARTESIAN_POINT('Ctrl Pts',(60.6153795971596,-48.3520887588793,0.02));
#7047=CARTESIAN_POINT('Ctrl Pts',(61.0489725411369,-48.5522896107522,0.02));
#7048=CARTESIAN_POINT('Ctrl Pts',(61.5265499339227,-48.5739741023462,0.02));
#7049=CARTESIAN_POINT('Ctrl Pts',(61.7752389684319,-48.5852658748627,0.02));
#7050=CARTESIAN_POINT('Ctrl Pts',(61.7752389684319,-48.5852658748627,0.));
#7051=CARTESIAN_POINT('Ctrl Pts',(61.7752389684319,-48.5852658748627,0.02));
#7052=CARTESIAN_POINT('Ctrl Pts',(61.9815055999032,-48.575089942118,0.));
#7053=CARTESIAN_POINT('Ctrl Pts',(61.9815055999032,-48.575089942118,0.02));
#7054=CARTESIAN_POINT('Ctrl Pts',(62.3988527517132,-48.5545005888245,0.));
#7055=CARTESIAN_POINT('Ctrl Pts',(62.3988527517132,-48.5545005888245,0.02));
#7056=CARTESIAN_POINT('Ctrl Pts',(62.7944582648087,-48.4197758761207,0.));
#7057=CARTESIAN_POINT('Ctrl Pts',(62.7944582648087,-48.4197758761207,0.02));
#7058=CARTESIAN_POINT('Ctrl Pts',(62.9945425763726,-48.3516365289688,0.));
#7059=CARTESIAN_POINT('Ctrl Pts',(62.9945425763726,-48.3516365289688,0.02));
#7060=CARTESIAN_POINT('',(62.9945425763726,-48.3516365289688,0.01));
#7061=CARTESIAN_POINT('Ctrl Pts',(62.9945425763726,-48.3516365289688,0.01));
#7062=CARTESIAN_POINT('Ctrl Pts',(62.7944582648087,-48.4197758761207,0.01));
#7063=CARTESIAN_POINT('Ctrl Pts',(62.5943739532448,-48.4879152232725,0.01));
#7064=CARTESIAN_POINT('Ctrl Pts',(62.3887281194329,-48.5268586874009,0.01));
#7065=CARTESIAN_POINT('Ctrl Pts',(62.1877722313745,-48.5649140093732,0.01));
#7066=CARTESIAN_POINT('Ctrl Pts',(61.9815055999032,-48.575089942118,0.01));
#7067=CARTESIAN_POINT('Ctrl Pts',(61.7752389684319,-48.5852658748627,0.01));
#7068=CARTESIAN_POINT('',(62.9945425763726,-48.3516365289688,0.02));
#7069=CARTESIAN_POINT('',(62.9945425763726,-48.3516365289688,0.));
#7070=CARTESIAN_POINT('Ctrl Pts',(61.7752389684319,-48.5852658748627,0.02));
#7071=CARTESIAN_POINT('Ctrl Pts',(61.9815055999032,-48.575089942118,0.02));
#7072=CARTESIAN_POINT('Ctrl Pts',(62.3988527517132,-48.5545005888245,0.02));
#7073=CARTESIAN_POINT('Ctrl Pts',(62.7944582648087,-48.4197758761207,0.02));
#7074=CARTESIAN_POINT('Ctrl Pts',(62.9945425763726,-48.3516365289688,0.02));
#7075=CARTESIAN_POINT('Ctrl Pts',(62.9945425763726,-48.3516365289688,0.));
#7076=CARTESIAN_POINT('Ctrl Pts',(62.9945425763726,-48.3516365289688,0.02));
#7077=CARTESIAN_POINT('Ctrl Pts',(63.1768799473032,-48.2766515926939,0.));
#7078=CARTESIAN_POINT('Ctrl Pts',(63.1768799473032,-48.2766515926939,0.02));
#7079=CARTESIAN_POINT('Ctrl Pts',(63.5093853477464,-48.1399111311196,0.));
#7080=CARTESIAN_POINT('Ctrl Pts',(63.5093853477464,-48.1399111311196,0.02));
#7081=CARTESIAN_POINT('Ctrl Pts',(63.78791802056,-47.9133646562072,0.));
#7082=CARTESIAN_POINT('Ctrl Pts',(63.78791802056,-47.9133646562072,0.02));
#7083=CARTESIAN_POINT('Ctrl Pts',(63.9137105718255,-47.8110504150391,0.));
#7084=CARTESIAN_POINT('Ctrl Pts',(63.9137105718255,-47.8110504150391,0.02));
#7085=CARTESIAN_POINT('',(63.9137105718255,-47.8110504150391,0.01));
#7086=CARTESIAN_POINT('Ctrl Pts',(63.9137105718255,-47.8110504150391,0.01));
#7087=CARTESIAN_POINT('Ctrl Pts',(63.78791802056,-47.9133646562072,0.01));
#7088=CARTESIAN_POINT('Ctrl Pts',(63.6621254692946,-48.0156788973752,0.01));
#7089=CARTESIAN_POINT('Ctrl Pts',(63.5253243222833,-48.0996757745743,0.01));
#7090=CARTESIAN_POINT('Ctrl Pts',(63.3592173182338,-48.201666656419,0.01));
#7091=CARTESIAN_POINT('Ctrl Pts',(63.1768799473032,-48.2766515926939,0.01));
#7092=CARTESIAN_POINT('Ctrl Pts',(62.9945425763726,-48.3516365289688,0.01));
#7093=CARTESIAN_POINT('',(63.9137105718255,-47.8110504150391,0.02));
#7094=CARTESIAN_POINT('',(63.9137105718255,-47.8110504150391,0.));
#7095=CARTESIAN_POINT('Ctrl Pts',(62.9945425763726,-48.3516365289688,0.02));
#7096=CARTESIAN_POINT('Ctrl Pts',(63.1768799473032,-48.2766515926939,0.02));
#7097=CARTESIAN_POINT('Ctrl Pts',(63.5093853477464,-48.1399111311196,0.02));
#7098=CARTESIAN_POINT('Ctrl Pts',(63.78791802056,-47.9133646562072,0.02));
#7099=CARTESIAN_POINT('Ctrl Pts',(63.9137105718255,-47.8110504150391,0.02));
#7100=CARTESIAN_POINT('Origin',(63.9137105718255,-47.8110504150391,0.));
#7101=CARTESIAN_POINT('',(63.9137105718255,-45.8192354440689,0.01));
#7102=CARTESIAN_POINT('',(63.9137105718255,-46.9055252075195,0.01));
#7103=CARTESIAN_POINT('',(63.9137105718255,-45.8192354440689,0.02));
#7104=CARTESIAN_POINT('',(63.9137105718255,-45.8192354440689,0.));
#7105=CARTESIAN_POINT('',(63.9137105718255,-45.8192354440689,0.02));
#7106=CARTESIAN_POINT('Origin',(63.9137105718255,-45.8192354440689,0.));
#7107=CARTESIAN_POINT('',(61.7377214208245,-45.8192354440689,0.01));
#7108=CARTESIAN_POINT('',(69.4568552859128,-45.8192354440689,0.01));
#7109=CARTESIAN_POINT('',(61.7377214208245,-45.8192354440689,0.02));
#7110=CARTESIAN_POINT('',(61.7377214208245,-45.8192354440689,0.));
#7111=CARTESIAN_POINT('',(61.7377214208245,-45.8192354440689,0.02));
#7112=CARTESIAN_POINT('Origin',(61.7377214208245,-45.8192354440689,0.));
#7113=CARTESIAN_POINT('',(61.7377214208245,-46.6616642475129,0.01));
#7114=CARTESIAN_POINT('',(61.7377214208245,-45.9096177220345,0.01));
#7115=CARTESIAN_POINT('',(61.7377214208245,-46.6616642475129,0.02));
#7116=CARTESIAN_POINT('',(61.7377214208245,-46.6616642475129,0.));
#7117=CARTESIAN_POINT('',(61.7377214208245,-46.6616642475129,0.02));
#7118=CARTESIAN_POINT('Ctrl Pts',(63.8489084020257,-44.8847204446793,0.));
#7119=CARTESIAN_POINT('Ctrl Pts',(63.8489084020257,-44.8847204446793,0.02));
#7120=CARTESIAN_POINT('Ctrl Pts',(63.7852273340937,-44.6689466106819,0.));
#7121=CARTESIAN_POINT('Ctrl Pts',(63.7852273340937,-44.6689466106819,0.02));
#7122=CARTESIAN_POINT('Ctrl Pts',(63.6604925818496,-44.2463014415845,0.));
#7123=CARTESIAN_POINT('Ctrl Pts',(63.6604925818496,-44.2463014415845,0.02));
#7124=CARTESIAN_POINT('Ctrl Pts',(63.3347482429016,-43.950189612858,0.));
#7125=CARTESIAN_POINT('Ctrl Pts',(63.3347482429016,-43.950189612858,0.02));
#7126=CARTESIAN_POINT('Ctrl Pts',(63.1753067746758,-43.8052523136139,0.));
#7127=CARTESIAN_POINT('Ctrl Pts',(63.1753067746758,-43.8052523136139,0.02));
#7128=CARTESIAN_POINT('',(63.8489084020257,-44.8847204446793,0.01));
#7129=CARTESIAN_POINT('Ctrl Pts',(63.1753067746758,-43.8052523136139,0.01));
#7130=CARTESIAN_POINT('Ctrl Pts',(63.3347482429016,-43.950189612858,0.01));
#7131=CARTESIAN_POINT('Ctrl Pts',(63.4941897111274,-44.0951269121021,0.01));
#7132=CARTESIAN_POINT('Ctrl Pts',(63.6054734960198,-44.270378947258,0.01));
#7133=CARTESIAN_POINT('Ctrl Pts',(63.7215462661617,-44.4531727766844,0.01));
#7134=CARTESIAN_POINT('Ctrl Pts',(63.7852273340937,-44.6689466106819,0.01));
#7135=CARTESIAN_POINT('Ctrl Pts',(63.8489084020257,-44.8847204446793,0.01));
#7136=CARTESIAN_POINT('',(63.8489084020257,-44.8847204446793,0.02));
#7137=CARTESIAN_POINT('Ctrl Pts',(63.8489084020257,-44.8847204446793,0.02));
#7138=CARTESIAN_POINT('Ctrl Pts',(63.7852273340937,-44.6689466106819,0.02));
#7139=CARTESIAN_POINT('Ctrl Pts',(63.6604925818496,-44.2463014415845,0.02));
#7140=CARTESIAN_POINT('Ctrl Pts',(63.3347482429016,-43.950189612858,0.02));
#7141=CARTESIAN_POINT('Ctrl Pts',(63.1753067746758,-43.8052523136139,0.02));
#7142=CARTESIAN_POINT('',(63.8489084020257,-44.8847204446793,0.));
#7143=CARTESIAN_POINT('Origin',(62.8461794629693,-45.0723057985306,0.));
#7144=CARTESIAN_POINT('',(62.8461794629693,-45.0723057985306,0.01));
#7145=CARTESIAN_POINT('',(68.6337674232262,-43.9895937183427,0.01));
#7146=CARTESIAN_POINT('',(62.8461794629693,-45.0723057985306,0.02));
#7147=CARTESIAN_POINT('',(63.8489084020257,-44.8847204446793,0.02));
#7148=CARTESIAN_POINT('',(62.8461794629693,-45.0723057985306,0.));
#7149=CARTESIAN_POINT('Ctrl Pts',(62.4488405957818,-44.4907909631729,0.));
#7150=CARTESIAN_POINT('Ctrl Pts',(62.4488405957818,-44.4907909631729,0.02));
#7151=CARTESIAN_POINT('Ctrl Pts',(62.5385687106735,-44.5692692814815,0.));
#7152=CARTESIAN_POINT('Ctrl Pts',(62.5385687106735,-44.5692692814815,0.02));
#7153=CARTESIAN_POINT('Ctrl Pts',(62.7209513271992,-44.7287854047272,0.));
#7154=CARTESIAN_POINT('Ctrl Pts',(62.7209513271992,-44.7287854047272,0.02));
#7155=CARTESIAN_POINT('Ctrl Pts',(62.8039926098348,-44.9565806516779,0.));
#7156=CARTESIAN_POINT('Ctrl Pts',(62.8039926098348,-44.9565806516779,0.02));
#7157=CARTESIAN_POINT('Ctrl Pts',(62.8461794629693,-45.0723057985306,0.));
#7158=CARTESIAN_POINT('Ctrl Pts',(62.8461794629693,-45.0723057985306,0.02));
#7159=CARTESIAN_POINT('',(62.4488405957818,-44.4907909631729,0.01));
#7160=CARTESIAN_POINT('Ctrl Pts',(62.8461794629693,-45.0723057985306,0.01));
#7161=CARTESIAN_POINT('Ctrl Pts',(62.8039926098348,-44.9565806516779,0.01));
#7162=CARTESIAN_POINT('Ctrl Pts',(62.7618057567003,-44.8408555048251,0.01));
#7163=CARTESIAN_POINT('Ctrl Pts',(62.6939801946282,-44.7427523136139,0.01));
#7164=CARTESIAN_POINT('Ctrl Pts',(62.6282968255651,-44.6477475997901,0.01));
#7165=CARTESIAN_POINT('Ctrl Pts',(62.5385687106735,-44.5692692814815,0.01));
#7166=CARTESIAN_POINT('Ctrl Pts',(62.4488405957818,-44.4907909631729,0.01));
#7167=CARTESIAN_POINT('',(62.4488405957818,-44.4907909631729,0.02));
#7168=CARTESIAN_POINT('Ctrl Pts',(62.4488405957818,-44.4907909631729,0.02));
#7169=CARTESIAN_POINT('Ctrl Pts',(62.5385687106735,-44.5692692814815,0.02));
#7170=CARTESIAN_POINT('Ctrl Pts',(62.7209513271992,-44.7287854047272,0.02));
#7171=CARTESIAN_POINT('Ctrl Pts',(62.8039926098348,-44.9565806516779,0.02));
#7172=CARTESIAN_POINT('Ctrl Pts',(62.8461794629693,-45.0723057985306,0.02));
#7173=CARTESIAN_POINT('',(62.4488405957818,-44.4907909631729,0.));
#7174=CARTESIAN_POINT('Ctrl Pts',(61.7206685319543,-44.2776256799698,0.));
#7175=CARTESIAN_POINT('Ctrl Pts',(61.7206685319543,-44.2776256799698,0.02));
#7176=CARTESIAN_POINT('Ctrl Pts',(61.8573788076049,-44.2845547596127,0.));
#7177=CARTESIAN_POINT('Ctrl Pts',(61.8573788076049,-44.2845547596127,0.02));
#7178=CARTESIAN_POINT('Ctrl Pts',(62.1175624072498,-44.2977420118155,0.));
#7179=CARTESIAN_POINT('Ctrl Pts',(62.1175624072498,-44.2977420118155,0.02));
#7180=CARTESIAN_POINT('Ctrl Pts',(62.3422244588518,-44.4286615077949,0.));
#7181=CARTESIAN_POINT('Ctrl Pts',(62.3422244588518,-44.4286615077949,0.02));
#7182=CARTESIAN_POINT('Ctrl Pts',(62.4488405957818,-44.4907909631729,0.));
#7183=CARTESIAN_POINT('Ctrl Pts',(62.4488405957818,-44.4907909631729,0.02));
#7184=CARTESIAN_POINT('',(61.7206685319543,-44.2776256799698,0.01));
#7185=CARTESIAN_POINT('Ctrl Pts',(62.4488405957818,-44.4907909631729,0.01));
#7186=CARTESIAN_POINT('Ctrl Pts',(62.3422244588518,-44.4286615077949,0.01));
#7187=CARTESIAN_POINT('Ctrl Pts',(62.2356083219218,-44.3665320524168,0.01));
#7188=CARTESIAN_POINT('Ctrl Pts',(62.1209923997521,-44.3309170007706,0.01));
#7189=CARTESIAN_POINT('Ctrl Pts',(61.9940890832554,-44.2914838392556,0.01));
#7190=CARTESIAN_POINT('Ctrl Pts',(61.8573788076049,-44.2845547596127,0.01));
#7191=CARTESIAN_POINT('Ctrl Pts',(61.7206685319543,-44.2776256799698,0.01));
#7192=CARTESIAN_POINT('',(61.7206685319543,-44.2776256799698,0.02));
#7193=CARTESIAN_POINT('Ctrl Pts',(61.7206685319543,-44.2776256799698,0.02));
#7194=CARTESIAN_POINT('Ctrl Pts',(61.8573788076049,-44.2845547596127,0.02));
#7195=CARTESIAN_POINT('Ctrl Pts',(62.1175624072498,-44.2977420118155,0.02));
#7196=CARTESIAN_POINT('Ctrl Pts',(62.3422244588518,-44.4286615077949,0.02));
#7197=CARTESIAN_POINT('Ctrl Pts',(62.4488405957818,-44.4907909631729,0.02));
#7198=CARTESIAN_POINT('',(61.7206685319543,-44.2776256799698,0.));
#7199=CARTESIAN_POINT('Ctrl Pts',(60.6684856191278,-44.697135090828,0.));
#7200=CARTESIAN_POINT('Ctrl Pts',(60.6684856191278,-44.697135090828,0.02));
#7201=CARTESIAN_POINT('Ctrl Pts',(60.8141282304135,-44.5748337924892,0.));
#7202=CARTESIAN_POINT('Ctrl Pts',(60.8141282304135,-44.5748337924892,0.02));
#7203=CARTESIAN_POINT('Ctrl Pts',(61.1177680210988,-44.3198566240612,0.));
#7204=CARTESIAN_POINT('Ctrl Pts',(61.1177680210988,-44.3198566240612,0.02));
#7205=CARTESIAN_POINT('Ctrl Pts',(61.5143233162403,-44.2920793968127,0.));
#7206=CARTESIAN_POINT('Ctrl Pts',(61.5143233162403,-44.2920793968127,0.02));
#7207=CARTESIAN_POINT('Ctrl Pts',(61.7206685319543,-44.2776256799698,0.));
#7208=CARTESIAN_POINT('Ctrl Pts',(61.7206685319543,-44.2776256799698,0.02));
#7209=CARTESIAN_POINT('',(60.6684856191278,-44.697135090828,0.01));
#7210=CARTESIAN_POINT('Ctrl Pts',(61.7206685319543,-44.2776256799698,0.01));
#7211=CARTESIAN_POINT('Ctrl Pts',(61.5143233162403,-44.2920793968127,0.01));
#7212=CARTESIAN_POINT('Ctrl Pts',(61.3079781005263,-44.3065331136556,0.01));
#7213=CARTESIAN_POINT('Ctrl Pts',(61.1267905011773,-44.3825030326844,0.01));
#7214=CARTESIAN_POINT('Ctrl Pts',(60.9597708416993,-44.4525324941505,0.01));
#7215=CARTESIAN_POINT('Ctrl Pts',(60.8141282304135,-44.5748337924892,0.01));
#7216=CARTESIAN_POINT('Ctrl Pts',(60.6684856191278,-44.697135090828,0.01));
#7217=CARTESIAN_POINT('',(60.6684856191278,-44.697135090828,0.02));
#7218=CARTESIAN_POINT('Ctrl Pts',(60.6684856191278,-44.697135090828,0.02));
#7219=CARTESIAN_POINT('Ctrl Pts',(60.8141282304135,-44.5748337924892,0.02));
#7220=CARTESIAN_POINT('Ctrl Pts',(61.1177680210988,-44.3198566240612,0.02));
#7221=CARTESIAN_POINT('Ctrl Pts',(61.5143233162403,-44.2920793968127,0.02));
#7222=CARTESIAN_POINT('Ctrl Pts',(61.7206685319543,-44.2776256799698,0.02));
#7223=CARTESIAN_POINT('',(60.6684856191278,-44.697135090828,0.));
#7224=CARTESIAN_POINT('Ctrl Pts',(60.2779673114419,-45.9420186281205,0.));
#7225=CARTESIAN_POINT('Ctrl Pts',(60.2779673114419,-45.9420186281205,0.02));
#7226=CARTESIAN_POINT('Ctrl Pts',(60.2866464546724,-45.6927250881264,0.));
#7227=CARTESIAN_POINT('Ctrl Pts',(60.2866464546724,-45.6927250881264,0.02));
#7228=CARTESIAN_POINT('Ctrl Pts',(60.3024268322471,-45.239460741223,0.));
#7229=CARTESIAN_POINT('Ctrl Pts',(60.3024268322471,-45.239460741223,0.02));
#7230=CARTESIAN_POINT('Ctrl Pts',(60.5548804571044,-44.8654441045455,0.));
#7231=CARTESIAN_POINT('Ctrl Pts',(60.5548804571044,-44.8654441045455,0.02));
#7232=CARTESIAN_POINT('Ctrl Pts',(60.6684856191278,-44.697135090828,0.));
#7233=CARTESIAN_POINT('Ctrl Pts',(60.6684856191278,-44.697135090828,0.02));
#7234=CARTESIAN_POINT('',(60.2779673114419,-45.9420186281205,0.01));
#7235=CARTESIAN_POINT('Ctrl Pts',(60.6684856191278,-44.697135090828,0.01));
#7236=CARTESIAN_POINT('Ctrl Pts',(60.5548804571044,-44.8654441045455,0.01));
#7237=CARTESIAN_POINT('Ctrl Pts',(60.4412752950811,-45.033753118263,0.01));
#7238=CARTESIAN_POINT('Ctrl Pts',(60.3755973353982,-45.2181100845337,0.01));
#7239=CARTESIAN_POINT('Ctrl Pts',(60.2953255979028,-45.4434315481323,0.01));
#7240=CARTESIAN_POINT('Ctrl Pts',(60.2866464546724,-45.6927250881264,0.01));
#7241=CARTESIAN_POINT('Ctrl Pts',(60.2779673114419,-45.9420186281205,0.01));
#7242=CARTESIAN_POINT('',(60.2779673114419,-45.9420186281205,0.02));
#7243=CARTESIAN_POINT('Ctrl Pts',(60.2779673114419,-45.9420186281205,0.02));
#7244=CARTESIAN_POINT('Ctrl Pts',(60.2866464546724,-45.6927250881264,0.02));
#7245=CARTESIAN_POINT('Ctrl Pts',(60.3024268322471,-45.239460741223,0.02));
#7246=CARTESIAN_POINT('Ctrl Pts',(60.5548804571044,-44.8654441045455,0.02));
#7247=CARTESIAN_POINT('Ctrl Pts',(60.6684856191278,-44.697135090828,0.02));
#7248=CARTESIAN_POINT('',(60.2779673114419,-45.9420186281205,0.));
#7249=CARTESIAN_POINT('Ctrl Pts',(60.6736014857888,-47.277284860611,0.));
#7250=CARTESIAN_POINT('Ctrl Pts',(60.6736014857888,-47.277284860611,0.02));
#7251=CARTESIAN_POINT('Ctrl Pts',(60.5585627335493,-47.0969651244912,0.));
#7252=CARTESIAN_POINT('Ctrl Pts',(60.5585627335493,-47.0969651244912,0.02));
#7253=CARTESIAN_POINT('Ctrl Pts',(60.3002759460062,-46.6921084612682,0.));
#7254=CARTESIAN_POINT('Ctrl Pts',(60.3002759460062,-46.6921084612682,0.02));
#7255=CARTESIAN_POINT('Ctrl Pts',(60.2859259438937,-46.2096140863123,0.));
#7256=CARTESIAN_POINT('Ctrl Pts',(60.2859259438937,-46.2096140863123,0.02));
#7257=CARTESIAN_POINT('Ctrl Pts',(60.2779673114419,-45.9420186281205,0.));
#7258=CARTESIAN_POINT('Ctrl Pts',(60.2779673114419,-45.9420186281205,0.02));
#7259=CARTESIAN_POINT('',(60.6736014857888,-47.277284860611,0.01));
#7260=CARTESIAN_POINT('Ctrl Pts',(60.2779673114419,-45.9420186281205,0.01));
#7261=CARTESIAN_POINT('Ctrl Pts',(60.2859259438937,-46.2096140863123,0.01));
#7262=CARTESIAN_POINT('Ctrl Pts',(60.2938845763456,-46.4772095445041,0.01));
#7263=CARTESIAN_POINT('Ctrl Pts',(60.3768758550286,-46.7209243774414,0.01));
#7264=CARTESIAN_POINT('Ctrl Pts',(60.4435239813099,-46.9166453883714,0.01));
#7265=CARTESIAN_POINT('Ctrl Pts',(60.5585627335493,-47.0969651244912,0.01));
#7266=CARTESIAN_POINT('Ctrl Pts',(60.6736014857888,-47.277284860611,0.01));
#7267=CARTESIAN_POINT('',(60.6736014857888,-47.277284860611,0.02));
#7268=CARTESIAN_POINT('Ctrl Pts',(60.6736014857888,-47.277284860611,0.02));
#7269=CARTESIAN_POINT('Ctrl Pts',(60.5585627335493,-47.0969651244912,0.02));
#7270=CARTESIAN_POINT('Ctrl Pts',(60.3002759460062,-46.6921084612682,0.02));
#7271=CARTESIAN_POINT('Ctrl Pts',(60.2859259438937,-46.2096140863123,0.02));
#7272=CARTESIAN_POINT('Ctrl Pts',(60.2779673114419,-45.9420186281205,0.02));
#7273=CARTESIAN_POINT('',(60.6736014857888,-47.277284860611,0.));
#7274=CARTESIAN_POINT('Ctrl Pts',(61.7104367986321,-47.7223736047745,0.));
#7275=CARTESIAN_POINT('Ctrl Pts',(61.7104367986321,-47.7223736047745,0.02));
#7276=CARTESIAN_POINT('Ctrl Pts',(61.508398034467,-47.7054463588656,0.));
#7277=CARTESIAN_POINT('Ctrl Pts',(61.508398034467,-47.7054463588656,0.02));
#7278=CARTESIAN_POINT('Ctrl Pts',(61.1126819222328,-47.6722924046253,0.));
#7279=CARTESIAN_POINT('Ctrl Pts',(61.1126819222328,-47.6722924046253,0.02));
#7280=CARTESIAN_POINT('Ctrl Pts',(60.8178852965996,-47.4070861202867,0.));
#7281=CARTESIAN_POINT('Ctrl Pts',(60.8178852965996,-47.4070861202867,0.02));
#7282=CARTESIAN_POINT('Ctrl Pts',(60.6736014857888,-47.277284860611,0.));
#7283=CARTESIAN_POINT('Ctrl Pts',(60.6736014857888,-47.277284860611,0.02));
#7284=CARTESIAN_POINT('',(61.7104367986321,-47.7223736047745,0.01));
#7285=CARTESIAN_POINT('Ctrl Pts',(60.6736014857888,-47.277284860611,0.01));
#7286=CARTESIAN_POINT('Ctrl Pts',(60.8178852965996,-47.4070861202867,0.01));
#7287=CARTESIAN_POINT('Ctrl Pts',(60.9621691074103,-47.5368873799624,0.01));
#7288=CARTESIAN_POINT('Ctrl Pts',(61.130627848208,-47.611101269722,0.01));
#7289=CARTESIAN_POINT('Ctrl Pts',(61.3063592703019,-47.6885191129567,0.01));
#7290=CARTESIAN_POINT('Ctrl Pts',(61.508398034467,-47.7054463588656,0.01));
#7291=CARTESIAN_POINT('Ctrl Pts',(61.7104367986321,-47.7223736047745,0.01));
#7292=CARTESIAN_POINT('',(61.7104367986321,-47.7223736047745,0.02));
#7293=CARTESIAN_POINT('Ctrl Pts',(61.7104367986321,-47.7223736047745,0.02));
#7294=CARTESIAN_POINT('Ctrl Pts',(61.508398034467,-47.7054463588656,0.02));
#7295=CARTESIAN_POINT('Ctrl Pts',(61.1126819222328,-47.6722924046253,0.02));
#7296=CARTESIAN_POINT('Ctrl Pts',(60.8178852965996,-47.4070861202867,0.02));
#7297=CARTESIAN_POINT('Ctrl Pts',(60.6736014857888,-47.277284860611,0.02));
#7298=CARTESIAN_POINT('',(61.7104367986321,-47.7223736047745,0.));
#7299=CARTESIAN_POINT('Ctrl Pts',(62.3465208783746,-47.597885131836,0.));
#7300=CARTESIAN_POINT('Ctrl Pts',(62.3465208783746,-47.597885131836,0.02));
#7301=CARTESIAN_POINT('Ctrl Pts',(62.2413694794072,-47.6341902967085,0.));
#7302=CARTESIAN_POINT('Ctrl Pts',(62.2413694794072,-47.6341902967085,0.02));
#7303=CARTESIAN_POINT('Ctrl Pts',(62.0351014519912,-47.7054075588354,0.));
#7304=CARTESIAN_POINT('Ctrl Pts',(62.0351014519912,-47.7054075588354,0.02));
#7305=CARTESIAN_POINT('Ctrl Pts',(61.8172378197559,-47.7167924889617,0.));
#7306=CARTESIAN_POINT('Ctrl Pts',(61.8172378197559,-47.7167924889617,0.02));
#7307=CARTESIAN_POINT('Ctrl Pts',(61.7104367986321,-47.7223736047745,0.));
#7308=CARTESIAN_POINT('Ctrl Pts',(61.7104367986321,-47.7223736047745,0.02));
#7309=CARTESIAN_POINT('',(62.3465208783746,-47.597885131836,0.01));
#7310=CARTESIAN_POINT('Ctrl Pts',(61.7104367986321,-47.7223736047745,0.01));
#7311=CARTESIAN_POINT('Ctrl Pts',(61.8172378197559,-47.7167924889617,0.01));
#7312=CARTESIAN_POINT('Ctrl Pts',(61.9240388408796,-47.7112113731488,0.01));
#7313=CARTESIAN_POINT('Ctrl Pts',(62.0280532613397,-47.6912516355515,0.01));
#7314=CARTESIAN_POINT('Ctrl Pts',(62.1362180804398,-47.670495461581,0.01));
#7315=CARTESIAN_POINT('Ctrl Pts',(62.2413694794072,-47.6341902967085,0.01));
#7316=CARTESIAN_POINT('Ctrl Pts',(62.3465208783746,-47.597885131836,0.01));
#7317=CARTESIAN_POINT('',(62.3465208783746,-47.597885131836,0.02));
#7318=CARTESIAN_POINT('Ctrl Pts',(62.3465208783746,-47.597885131836,0.02));
#7319=CARTESIAN_POINT('Ctrl Pts',(62.2413694794072,-47.6341902967085,0.02));
#7320=CARTESIAN_POINT('Ctrl Pts',(62.0351014519912,-47.7054075588354,0.02));
#7321=CARTESIAN_POINT('Ctrl Pts',(61.8172378197559,-47.7167924889617,0.02));
#7322=CARTESIAN_POINT('Ctrl Pts',(61.7104367986321,-47.7223736047745,0.02));
#7323=CARTESIAN_POINT('',(62.3465208783746,-47.597885131836,0.));
#7324=CARTESIAN_POINT('Ctrl Pts',(62.8939287438989,-47.2960436344147,0.));
#7325=CARTESIAN_POINT('Ctrl Pts',(62.8939287438989,-47.2960436344147,0.02));
#7326=CARTESIAN_POINT('Ctrl Pts',(62.8118965411365,-47.3537637535402,0.));
#7327=CARTESIAN_POINT('Ctrl Pts',(62.8118965411365,-47.3537637535402,0.02));
#7328=CARTESIAN_POINT('Ctrl Pts',(62.6405198170975,-47.4743491406658,0.));
#7329=CARTESIAN_POINT('Ctrl Pts',(62.6405198170975,-47.4743491406658,0.02));
#7330=CARTESIAN_POINT('Ctrl Pts',(62.4472690717343,-47.5555515507035,0.));
#7331=CARTESIAN_POINT('Ctrl Pts',(62.4472690717343,-47.5555515507035,0.02));
#7332=CARTESIAN_POINT('Ctrl Pts',(62.3465208783746,-47.597885131836,0.));
#7333=CARTESIAN_POINT('Ctrl Pts',(62.3465208783746,-47.597885131836,0.02));
#7334=CARTESIAN_POINT('',(62.8939287438989,-47.2960436344147,0.01));
#7335=CARTESIAN_POINT('Ctrl Pts',(62.3465208783746,-47.597885131836,0.01));
#7336=CARTESIAN_POINT('Ctrl Pts',(62.4472690717343,-47.5555515507035,0.01));
#7337=CARTESIAN_POINT('Ctrl Pts',(62.548017265094,-47.5132179695709,0.01));
#7338=CARTESIAN_POINT('Ctrl Pts',(62.6428203359246,-47.4601805210114,0.01));
#7339=CARTESIAN_POINT('Ctrl Pts',(62.7298643383742,-47.4114838726656,0.01));
#7340=CARTESIAN_POINT('Ctrl Pts',(62.8118965411365,-47.3537637535402,0.01));
#7341=CARTESIAN_POINT('Ctrl Pts',(62.8939287438989,-47.2960436344147,0.01));
#7342=CARTESIAN_POINT('',(62.8939287438989,-47.2960436344147,0.02));
#7343=CARTESIAN_POINT('Ctrl Pts',(62.8939287438989,-47.2960436344147,0.02));
#7344=CARTESIAN_POINT('Ctrl Pts',(62.8118965411365,-47.3537637535402,0.02));
#7345=CARTESIAN_POINT('Ctrl Pts',(62.6405198170975,-47.4743491406658,0.02));
#7346=CARTESIAN_POINT('Ctrl Pts',(62.4472690717343,-47.5555515507035,0.02));
#7347=CARTESIAN_POINT('Ctrl Pts',(62.3465208783746,-47.597885131836,0.02));
#7348=CARTESIAN_POINT('',(62.8939287438989,-47.2960436344147,0.));
#7349=CARTESIAN_POINT('Origin',(62.8939287438989,-46.6616642475129,0.));
#7350=CARTESIAN_POINT('',(62.8939287438989,-46.6616642475129,0.01));
#7351=CARTESIAN_POINT('',(62.8939287438989,-46.3308321237564,0.01));
#7352=CARTESIAN_POINT('',(62.8939287438989,-46.6616642475129,0.02));
#7353=CARTESIAN_POINT('',(62.8939287438989,-47.2960436344147,0.02));
#7354=CARTESIAN_POINT('',(62.8939287438989,-46.6616642475129,0.));
#7355=CARTESIAN_POINT('Origin',(61.7377214208245,-46.6616642475129,0.));
#7356=CARTESIAN_POINT('',(68.3688607104123,-46.6616642475129,0.01));
#7357=CARTESIAN_POINT('',(62.8939287438989,-46.6616642475129,0.02));
#7358=CARTESIAN_POINT('Origin',(74.9999980702996,-45.9999999403954,0.02));
#7359=CARTESIAN_POINT('Origin',(68.1872443929315,-45.5293315649033,0.));
#7360=CARTESIAN_POINT('',(68.1872443929315,-44.3458384275437,0.01));
#7361=CARTESIAN_POINT('',(68.1872443929315,-45.5293315649033,0.01));
#7362=CARTESIAN_POINT('',(68.1872443929315,-45.7646657824516,0.01));
#7363=CARTESIAN_POINT('',(68.1872443929315,-44.3458384275437,0.02));
#7364=CARTESIAN_POINT('',(68.1872443929315,-44.3458384275437,0.));
#7365=CARTESIAN_POINT('',(68.1872443929315,-45.5293315649033,0.02));
#7366=CARTESIAN_POINT('',(68.1872443929315,-44.3458384275437,0.02));
#7367=CARTESIAN_POINT('',(68.1872443929315,-45.5293315649033,0.));
#7368=CARTESIAN_POINT('Origin',(68.1872443929315,-44.3458384275437,0.));
#7369=CARTESIAN_POINT('',(70.6053893342614,-44.3458384275437,0.01));
#7370=CARTESIAN_POINT('',(71.5936221964657,-44.3458384275437,0.01));
#7371=CARTESIAN_POINT('',(70.6053893342614,-44.3458384275437,0.02));
#7372=CARTESIAN_POINT('',(70.6053893342614,-44.3458384275437,0.));
#7373=CARTESIAN_POINT('',(70.6053893342614,-44.3458384275437,0.02));
#7374=CARTESIAN_POINT('Origin',(70.6053893342614,-44.3458384275437,0.));
#7375=CARTESIAN_POINT('',(70.6053893342614,-43.4999996423722,0.01));
#7376=CARTESIAN_POINT('',(70.6053893342614,-45.1729192137718,0.01));
#7377=CARTESIAN_POINT('',(70.6053893342614,-43.4999996423722,0.02));
#7378=CARTESIAN_POINT('',(70.6053893342614,-43.4999996423722,0.));
#7379=CARTESIAN_POINT('',(70.6053893342614,-43.4999996423722,0.02));
#7380=CARTESIAN_POINT('Origin',(70.6053893342614,-43.4999996423722,0.));
#7381=CARTESIAN_POINT('',(67.177694298327,-43.4999996423722,0.01));
#7382=CARTESIAN_POINT('',(72.8026946671307,-43.4999996423722,0.01));
#7383=CARTESIAN_POINT('',(67.177694298327,-43.4999996423722,0.02));
#7384=CARTESIAN_POINT('',(67.177694298327,-43.4999996423722,0.));
#7385=CARTESIAN_POINT('',(67.177694298327,-43.4999996423722,0.02));
#7386=CARTESIAN_POINT('Origin',(67.177694298327,-43.4999996423722,0.));
#7387=CARTESIAN_POINT('',(67.177694298327,-48.4999996423722,0.01));
#7388=CARTESIAN_POINT('',(67.177694298327,-44.7499998211861,0.01));
#7389=CARTESIAN_POINT('',(67.177694298327,-48.4999996423722,0.02));
#7390=CARTESIAN_POINT('',(67.177694298327,-48.4999996423722,0.));
#7391=CARTESIAN_POINT('',(67.177694298327,-48.4999996423722,0.02));
#7392=CARTESIAN_POINT('Origin',(70.2745561376214,-45.5293315649033,0.));
#7393=CARTESIAN_POINT('',(70.2745561376214,-45.5293315649033,0.01));
#7394=CARTESIAN_POINT('',(72.6372780688107,-45.5293315649033,0.01));
#7395=CARTESIAN_POINT('',(70.2745561376214,-45.5293315649033,0.02));
#7396=CARTESIAN_POINT('',(68.1872443929315,-45.5293315649033,0.02));
#7397=CARTESIAN_POINT('',(70.2745561376214,-45.5293315649033,0.));
#7398=CARTESIAN_POINT('Origin',(70.2745561376214,-46.3751703500748,0.));
#7399=CARTESIAN_POINT('',(70.2745561376214,-46.3751703500748,0.01));
#7400=CARTESIAN_POINT('',(70.2745561376214,-46.1875851750374,0.01));
#7401=CARTESIAN_POINT('',(70.2745561376214,-46.3751703500748,0.02));
#7402=CARTESIAN_POINT('',(70.2745561376214,-45.5293315649033,0.02));
#7403=CARTESIAN_POINT('',(70.2745561376214,-46.3751703500748,0.));
#7404=CARTESIAN_POINT('Origin',(68.1872443929315,-46.3751703500748,0.));
#7405=CARTESIAN_POINT('',(68.1872443929315,-46.3751703500748,0.01));
#7406=CARTESIAN_POINT('',(71.5936221964657,-46.3751703500748,0.01));
#7407=CARTESIAN_POINT('',(68.1872443929315,-46.3751703500748,0.02));
#7408=CARTESIAN_POINT('',(70.2745561376214,-46.3751703500748,0.02));
#7409=CARTESIAN_POINT('',(68.1872443929315,-46.3751703500748,0.));
#7410=CARTESIAN_POINT('Origin',(68.1872443929315,-48.4999996423722,0.));
#7411=CARTESIAN_POINT('',(68.1872443929315,-48.4999996423722,0.01));
#7412=CARTESIAN_POINT('',(68.1872443929315,-47.2499998211861,0.01));
#7413=CARTESIAN_POINT('',(68.1872443929315,-48.4999996423722,0.02));
#7414=CARTESIAN_POINT('',(68.1872443929315,-46.3751703500748,0.02));
#7415=CARTESIAN_POINT('',(68.1872443929315,-48.4999996423722,0.));
#7416=CARTESIAN_POINT('Origin',(67.177694298327,-48.4999996423722,0.));
#7417=CARTESIAN_POINT('',(71.0888471491635,-48.4999996423722,0.01));
#7418=CARTESIAN_POINT('',(68.1872443929315,-48.4999996423722,0.02));
#7419=CARTESIAN_POINT('Origin',(74.9999980702996,-45.9999999403954,0.02));
#7420=CARTESIAN_POINT('Ctrl Pts',(75.0392226949334,-45.9829467535019,0.));
#7421=CARTESIAN_POINT('Ctrl Pts',(75.0392226949334,-45.9829467535019,0.02));
#7422=CARTESIAN_POINT('Ctrl Pts',(75.0314222284583,-46.244408220874,0.));
#7423=CARTESIAN_POINT('Ctrl Pts',(75.0314222284583,-46.244408220874,0.02));
#7424=CARTESIAN_POINT('Ctrl Pts',(75.017355517989,-46.7159060181061,0.));
#7425=CARTESIAN_POINT('Ctrl Pts',(75.017355517989,-46.7159060181061,0.02));
#7426=CARTESIAN_POINT('Ctrl Pts',(74.7646766480182,-47.1113566883857,0.));
#7427=CARTESIAN_POINT('Ctrl Pts',(74.7646766480182,-47.1113566883857,0.02));
#7428=CARTESIAN_POINT('Ctrl Pts',(74.652116753161,-47.2875165939331,0.));
#7429=CARTESIAN_POINT('Ctrl Pts',(74.652116753161,-47.2875165939331,0.02));
#7430=CARTESIAN_POINT('',(74.652116753161,-47.2875165939331,0.01));
#7431=CARTESIAN_POINT('',(75.0392226949334,-45.9829467535019,0.01));
#7432=CARTESIAN_POINT('Ctrl Pts',(74.652116753161,-47.2875165939331,0.01));
#7433=CARTESIAN_POINT('Ctrl Pts',(74.7646766480182,-47.1113566883857,0.01));
#7434=CARTESIAN_POINT('Ctrl Pts',(74.8772365428754,-46.9351967828383,0.01));
#7435=CARTESIAN_POINT('Ctrl Pts',(74.9424462094903,-46.7439460754395,0.01));
#7436=CARTESIAN_POINT('Ctrl Pts',(75.0236217619832,-46.5058696882461,0.01));
#7437=CARTESIAN_POINT('Ctrl Pts',(75.0314222284583,-46.244408220874,0.01));
#7438=CARTESIAN_POINT('Ctrl Pts',(75.0392226949334,-45.9829467535019,0.01));
#7439=CARTESIAN_POINT('',(74.652116753161,-47.2875165939331,0.02));
#7440=CARTESIAN_POINT('',(74.652116753161,-47.2875165939331,0.));
#7441=CARTESIAN_POINT('',(75.0392226949334,-45.9829467535019,0.02));
#7442=CARTESIAN_POINT('Ctrl Pts',(75.0392226949334,-45.9829467535019,0.02));
#7443=CARTESIAN_POINT('Ctrl Pts',(75.0314222284583,-46.244408220874,0.02));
#7444=CARTESIAN_POINT('Ctrl Pts',(75.017355517989,-46.7159060181061,0.02));
#7445=CARTESIAN_POINT('Ctrl Pts',(74.7646766480182,-47.1113566883857,0.02));
#7446=CARTESIAN_POINT('Ctrl Pts',(74.652116753161,-47.2875165939331,0.02));
#7447=CARTESIAN_POINT('',(75.0392226949334,-45.9829467535019,0.));
#7448=CARTESIAN_POINT('Ctrl Pts',(74.652116753161,-47.2875165939331,0.));
#7449=CARTESIAN_POINT('Ctrl Pts',(74.652116753161,-47.2875165939331,0.02));
#7450=CARTESIAN_POINT('Ctrl Pts',(74.5130333408835,-47.4143461142368,0.));
#7451=CARTESIAN_POINT('Ctrl Pts',(74.5130333408835,-47.4143461142368,0.02));
#7452=CARTESIAN_POINT('Ctrl Pts',(74.2319549303824,-47.6706602166006,0.));
#7453=CARTESIAN_POINT('Ctrl Pts',(74.2319549303824,-47.6706602166006,0.02));
#7454=CARTESIAN_POINT('Ctrl Pts',(73.8528442867411,-47.7050171784181,0.));
#7455=CARTESIAN_POINT('Ctrl Pts',(73.8528442867411,-47.7050171784181,0.02));
#7456=CARTESIAN_POINT('Ctrl Pts',(73.6613254323602,-47.7223736047745,0.));
#7457=CARTESIAN_POINT('Ctrl Pts',(73.6613254323602,-47.7223736047745,0.02));
#7458=CARTESIAN_POINT('',(73.6613254323602,-47.7223736047745,0.01));
#7459=CARTESIAN_POINT('Ctrl Pts',(73.6613254323602,-47.7223736047745,0.01));
#7460=CARTESIAN_POINT('Ctrl Pts',(73.8528442867411,-47.7050171784181,0.01));
#7461=CARTESIAN_POINT('Ctrl Pts',(74.0443631411221,-47.6876607520616,0.01));
#7462=CARTESIAN_POINT('Ctrl Pts',(74.2108635678887,-47.6136595010758,0.01));
#7463=CARTESIAN_POINT('Ctrl Pts',(74.373949928606,-47.5411756345405,0.01));
#7464=CARTESIAN_POINT('Ctrl Pts',(74.5130333408835,-47.4143461142368,0.01));
#7465=CARTESIAN_POINT('Ctrl Pts',(74.652116753161,-47.2875165939331,0.01));
#7466=CARTESIAN_POINT('',(73.6613254323602,-47.7223736047745,0.02));
#7467=CARTESIAN_POINT('',(73.6613254323602,-47.7223736047745,0.));
#7468=CARTESIAN_POINT('Ctrl Pts',(74.652116753161,-47.2875165939331,0.02));
#7469=CARTESIAN_POINT('Ctrl Pts',(74.5130333408835,-47.4143461142368,0.02));
#7470=CARTESIAN_POINT('Ctrl Pts',(74.2319549303824,-47.6706602166006,0.02));
#7471=CARTESIAN_POINT('Ctrl Pts',(73.8528442867411,-47.7050171784181,0.02));
#7472=CARTESIAN_POINT('Ctrl Pts',(73.6613254323602,-47.7223736047745,0.02));
#7473=CARTESIAN_POINT('Ctrl Pts',(73.6613254323602,-47.7223736047745,0.));
#7474=CARTESIAN_POINT('Ctrl Pts',(73.6613254323602,-47.7223736047745,0.02));
#7475=CARTESIAN_POINT('Ctrl Pts',(73.4694036255753,-47.704662757879,0.));
#7476=CARTESIAN_POINT('Ctrl Pts',(73.4694036255753,-47.704662757879,0.02));
#7477=CARTESIAN_POINT('Ctrl Pts',(73.0883973298907,-47.6695028962554,0.));
#7478=CARTESIAN_POINT('Ctrl Pts',(73.0883973298907,-47.6695028962554,0.02));
#7479=CARTESIAN_POINT('Ctrl Pts',(72.8057091584972,-47.4119322748307,0.));
#7480=CARTESIAN_POINT('Ctrl Pts',(72.8057091584972,-47.4119322748307,0.02));
#7481=CARTESIAN_POINT('Ctrl Pts',(72.6654176488519,-47.2841060161591,0.));
#7482=CARTESIAN_POINT('Ctrl Pts',(72.6654176488519,-47.2841060161591,0.02));
#7483=CARTESIAN_POINT('',(72.6654176488519,-47.2841060161591,0.01));
#7484=CARTESIAN_POINT('Ctrl Pts',(72.6654176488519,-47.2841060161591,0.01));
#7485=CARTESIAN_POINT('Ctrl Pts',(72.8057091584972,-47.4119322748307,0.01));
#7486=CARTESIAN_POINT('Ctrl Pts',(72.9460006681425,-47.5397585335023,0.01));
#7487=CARTESIAN_POINT('Ctrl Pts',(73.1105069890618,-47.6128071546555,0.01));
#7488=CARTESIAN_POINT('Ctrl Pts',(73.2774818187905,-47.6869519109835,0.01));
#7489=CARTESIAN_POINT('Ctrl Pts',(73.4694036255753,-47.704662757879,0.01));
#7490=CARTESIAN_POINT('Ctrl Pts',(73.6613254323602,-47.7223736047745,0.01));
#7491=CARTESIAN_POINT('',(72.6654176488519,-47.2841060161591,0.02));
#7492=CARTESIAN_POINT('',(72.6654176488519,-47.2841060161591,0.));
#7493=CARTESIAN_POINT('Ctrl Pts',(73.6613254323602,-47.7223736047745,0.02));
#7494=CARTESIAN_POINT('Ctrl Pts',(73.4694036255753,-47.704662757879,0.02));
#7495=CARTESIAN_POINT('Ctrl Pts',(73.0883973298907,-47.6695028962554,0.02));
#7496=CARTESIAN_POINT('Ctrl Pts',(72.8057091584972,-47.4119322748307,0.02));
#7497=CARTESIAN_POINT('Ctrl Pts',(72.6654176488519,-47.2841060161591,0.02));
#7498=CARTESIAN_POINT('Ctrl Pts',(72.6654176488519,-47.2841060161591,0.));
#7499=CARTESIAN_POINT('Ctrl Pts',(72.6654176488519,-47.2841060161591,0.02));
#7500=CARTESIAN_POINT('Ctrl Pts',(72.5513171135982,-47.1089843188137,0.));
#7501=CARTESIAN_POINT('Ctrl Pts',(72.5513171135982,-47.1089843188137,0.02));
#7502=CARTESIAN_POINT('Ctrl Pts',(72.2977136337632,-46.7197532626867,0.));
#7503=CARTESIAN_POINT('Ctrl Pts',(72.2977136337632,-46.7197532626867,0.02));
#7504=CARTESIAN_POINT('Ctrl Pts',(72.2818946261837,-46.2532206757425,0.));
#7505=CARTESIAN_POINT('Ctrl Pts',(72.2818946261837,-46.2532206757425,0.02));
#7506=CARTESIAN_POINT('Ctrl Pts',(72.2731928601861,-45.9965890645981,0.));
#7507=CARTESIAN_POINT('Ctrl Pts',(72.2731928601861,-45.9965890645981,0.02));
#7508=CARTESIAN_POINT('',(72.2731928601861,-45.9965890645981,0.01));
#7509=CARTESIAN_POINT('Ctrl Pts',(72.2731928601861,-45.9965890645981,0.01));
#7510=CARTESIAN_POINT('Ctrl Pts',(72.2818946261837,-46.2532206757425,0.01));
#7511=CARTESIAN_POINT('Ctrl Pts',(72.2905963921813,-46.5098522868869,0.01));
#7512=CARTESIAN_POINT('Ctrl Pts',(72.371249653399,-46.7430931329728,0.01));
#7513=CARTESIAN_POINT('Ctrl Pts',(72.4372165783446,-46.9338626214682,0.01));
#7514=CARTESIAN_POINT('Ctrl Pts',(72.5513171135982,-47.1089843188137,0.01));
#7515=CARTESIAN_POINT('Ctrl Pts',(72.6654176488519,-47.2841060161591,0.01));
#7516=CARTESIAN_POINT('',(72.2731928601861,-45.9965890645981,0.02));
#7517=CARTESIAN_POINT('',(72.2731928601861,-45.9965890645981,0.));
#7518=CARTESIAN_POINT('Ctrl Pts',(72.6654176488519,-47.2841060161591,0.02));
#7519=CARTESIAN_POINT('Ctrl Pts',(72.5513171135982,-47.1089843188137,0.02));
#7520=CARTESIAN_POINT('Ctrl Pts',(72.2977136337632,-46.7197532626867,0.02));
#7521=CARTESIAN_POINT('Ctrl Pts',(72.2818946261837,-46.2532206757425,0.02));
#7522=CARTESIAN_POINT('Ctrl Pts',(72.2731928601861,-45.9965890645981,0.02));
#7523=CARTESIAN_POINT('Ctrl Pts',(75.4195098653436,-44.1002726554871,0.));
#7524=CARTESIAN_POINT('Ctrl Pts',(75.4195098653436,-44.1002726554871,0.02));
#7525=CARTESIAN_POINT('Ctrl Pts',(75.1729035247126,-43.9004179881042,0.));
#7526=CARTESIAN_POINT('Ctrl Pts',(75.1729035247126,-43.9004179881042,0.02));
#7527=CARTESIAN_POINT('Ctrl Pts',(74.6583887846563,-43.483445042581,0.));
#7528=CARTESIAN_POINT('Ctrl Pts',(74.6583887846563,-43.483445042581,0.02));
#7529=CARTESIAN_POINT('Ctrl Pts',(73.9959993992534,-43.4382612547065,0.));
#7530=CARTESIAN_POINT('Ctrl Pts',(73.9959993992534,-43.4382612547065,0.02));
#7531=CARTESIAN_POINT('Ctrl Pts',(73.6510925069451,-43.4147340059281,0.));
#7532=CARTESIAN_POINT('Ctrl Pts',(73.6510925069451,-43.4147340059281,0.02));
#7533=CARTESIAN_POINT('',(73.6510925069451,-43.4147340059281,0.01));
#7534=CARTESIAN_POINT('',(75.4195098653436,-44.1002726554871,0.01));
#7535=CARTESIAN_POINT('Ctrl Pts',(73.6510925069451,-43.4147340059281,0.01));
#7536=CARTESIAN_POINT('Ctrl Pts',(73.9959993992534,-43.4382612547065,0.01));
#7537=CARTESIAN_POINT('Ctrl Pts',(74.3409062915617,-43.4617885034848,0.01));
#7538=CARTESIAN_POINT('Ctrl Pts',(74.6457199826837,-43.5861188173294,0.01));
#7539=CARTESIAN_POINT('Ctrl Pts',(74.9262971840817,-43.7005633207212,0.01));
#7540=CARTESIAN_POINT('Ctrl Pts',(75.1729035247126,-43.9004179881042,0.01));
#7541=CARTESIAN_POINT('Ctrl Pts',(75.4195098653436,-44.1002726554871,0.01));
#7542=CARTESIAN_POINT('',(73.6510925069451,-43.4147340059281,0.02));
#7543=CARTESIAN_POINT('',(73.6510925069451,-43.4147340059281,0.));
#7544=CARTESIAN_POINT('',(75.4195098653436,-44.1002726554871,0.02));
#7545=CARTESIAN_POINT('Ctrl Pts',(75.4195098653436,-44.1002726554871,0.02));
#7546=CARTESIAN_POINT('Ctrl Pts',(75.1729035247126,-43.9004179881042,0.02));
#7547=CARTESIAN_POINT('Ctrl Pts',(74.6583887846563,-43.483445042581,0.02));
#7548=CARTESIAN_POINT('Ctrl Pts',(73.9959993992534,-43.4382612547065,0.02));
#7549=CARTESIAN_POINT('Ctrl Pts',(73.6510925069451,-43.4147340059281,0.02));
#7550=CARTESIAN_POINT('',(75.4195098653436,-44.1002726554871,0.));
#7551=CARTESIAN_POINT('Ctrl Pts',(73.6510925069451,-43.4147340059281,0.));
#7552=CARTESIAN_POINT('Ctrl Pts',(73.6510925069451,-43.4147340059281,0.02));
#7553=CARTESIAN_POINT('Ctrl Pts',(73.4576568680396,-43.4212926226123,0.));
#7554=CARTESIAN_POINT('Ctrl Pts',(73.4576568680396,-43.4212926226123,0.02));
#7555=CARTESIAN_POINT('Ctrl Pts',(73.088333912231,-43.4338148636717,0.));
#7556=CARTESIAN_POINT('Ctrl Pts',(73.088333912231,-43.4338148636717,0.02));
#7557=CARTESIAN_POINT('Ctrl Pts',(72.7394731878829,-43.55488997151,0.));
#7558=CARTESIAN_POINT('Ctrl Pts',(72.7394731878829,-43.55488997151,0.02));
#7559=CARTESIAN_POINT('Ctrl Pts',(72.5733308568597,-43.6125510931015,0.));
#7560=CARTESIAN_POINT('Ctrl Pts',(72.5733308568597,-43.6125510931015,0.02));
#7561=CARTESIAN_POINT('',(72.5733308568597,-43.6125510931015,0.01));
#7562=CARTESIAN_POINT('Ctrl Pts',(72.5733308568597,-43.6125510931015,0.01));
#7563=CARTESIAN_POINT('Ctrl Pts',(72.7394731878829,-43.55488997151,0.01));
#7564=CARTESIAN_POINT('Ctrl Pts',(72.9056155189061,-43.4972288499185,0.01));
#7565=CARTESIAN_POINT('Ctrl Pts',(73.0763988271356,-43.4641882777214,0.01));
#7566=CARTESIAN_POINT('Ctrl Pts',(73.264221229134,-43.4278512392966,0.01));
#7567=CARTESIAN_POINT('Ctrl Pts',(73.4576568680396,-43.4212926226123,0.01));
#7568=CARTESIAN_POINT('Ctrl Pts',(73.6510925069451,-43.4147340059281,0.01));
#7569=CARTESIAN_POINT('',(72.5733308568597,-43.6125510931015,0.02));
#7570=CARTESIAN_POINT('',(72.5733308568597,-43.6125510931015,0.));
#7571=CARTESIAN_POINT('Ctrl Pts',(73.6510925069451,-43.4147340059281,0.02));
#7572=CARTESIAN_POINT('Ctrl Pts',(73.4576568680396,-43.4212926226123,0.02));
#7573=CARTESIAN_POINT('Ctrl Pts',(73.088333912231,-43.4338148636717,0.02));
#7574=CARTESIAN_POINT('Ctrl Pts',(72.7394731878829,-43.55488997151,0.02));
#7575=CARTESIAN_POINT('Ctrl Pts',(72.5733308568597,-43.6125510931015,0.02));
#7576=CARTESIAN_POINT('Ctrl Pts',(72.5733308568597,-43.6125510931015,0.));
#7577=CARTESIAN_POINT('Ctrl Pts',(72.5733308568597,-43.6125510931015,0.02));
#7578=CARTESIAN_POINT('Ctrl Pts',(72.4573076821923,-43.669292190959,0.));
#7579=CARTESIAN_POINT('Ctrl Pts',(72.4573076821923,-43.669292190959,0.02));
#7580=CARTESIAN_POINT('Ctrl Pts',(72.2187423107705,-43.7859625124188,0.));
#7581=CARTESIAN_POINT('Ctrl Pts',(72.2187423107705,-43.7859625124188,0.02));
#7582=CARTESIAN_POINT('Ctrl Pts',(72.0260106066758,-43.9688256710961,0.));
#7583=CARTESIAN_POINT('Ctrl Pts',(72.0260106066758,-43.9688256710961,0.02));
#7584=CARTESIAN_POINT('Ctrl Pts',(71.9270114675164,-44.0627557039261,0.));
#7585=CARTESIAN_POINT('Ctrl Pts',(71.9270114675164,-44.0627557039261,0.02));
#7586=CARTESIAN_POINT('',(71.9270114675164,-44.0627557039261,0.01));
#7587=CARTESIAN_POINT('Ctrl Pts',(71.9270114675164,-44.0627557039261,0.01));
#7588=CARTESIAN_POINT('Ctrl Pts',(72.0260106066758,-43.9688256710961,0.01));
#7589=CARTESIAN_POINT('Ctrl Pts',(72.1250097458351,-43.874895638266,0.01));
#7590=CARTESIAN_POINT('Ctrl Pts',(72.2361020818353,-43.7984305620194,0.01));
#7591=CARTESIAN_POINT('Ctrl Pts',(72.3412845075249,-43.7260332888164,0.01));
#7592=CARTESIAN_POINT('Ctrl Pts',(72.4573076821923,-43.669292190959,0.01));
#7593=CARTESIAN_POINT('Ctrl Pts',(72.5733308568597,-43.6125510931015,0.01));
#7594=CARTESIAN_POINT('',(71.9270114675164,-44.0627557039261,0.02));
#7595=CARTESIAN_POINT('',(71.9270114675164,-44.0627557039261,0.));
#7596=CARTESIAN_POINT('Ctrl Pts',(72.5733308568597,-43.6125510931015,0.02));
#7597=CARTESIAN_POINT('Ctrl Pts',(72.4573076821923,-43.669292190959,0.02));
#7598=CARTESIAN_POINT('Ctrl Pts',(72.2187423107705,-43.7859625124188,0.02));
#7599=CARTESIAN_POINT('Ctrl Pts',(72.0260106066758,-43.9688256710961,0.02));
#7600=CARTESIAN_POINT('Ctrl Pts',(71.9270114675164,-44.0627557039261,0.02));
#7601=CARTESIAN_POINT('Ctrl Pts',(71.9270114675164,-44.0627557039261,0.));
#7602=CARTESIAN_POINT('Ctrl Pts',(71.9270114675164,-44.0627557039261,0.02));
#7603=CARTESIAN_POINT('Ctrl Pts',(71.8339451590232,-44.1670133903532,0.));
#7604=CARTESIAN_POINT('Ctrl Pts',(71.8339451590232,-44.1670133903532,0.02));
#7605=CARTESIAN_POINT('Ctrl Pts',(71.6483727405957,-44.3749011998426,0.));
#7606=CARTESIAN_POINT('Ctrl Pts',(71.6483727405957,-44.3749011998426,0.02));
#7607=CARTESIAN_POINT('Ctrl Pts',(71.5236394301289,-44.624081104396,0.));
#7608=CARTESIAN_POINT('Ctrl Pts',(71.5236394301289,-44.624081104396,0.02));
#7609=CARTESIAN_POINT('Ctrl Pts',(71.461461044848,-44.7482949495316,0.));
#7610=CARTESIAN_POINT('Ctrl Pts',(71.461461044848,-44.7482949495316,0.02));
#7611=CARTESIAN_POINT('',(71.461461044848,-44.7482949495316,0.01));
#7612=CARTESIAN_POINT('Ctrl Pts',(71.461461044848,-44.7482949495316,0.01));
#7613=CARTESIAN_POINT('Ctrl Pts',(71.5236394301289,-44.624081104396,0.01));
#7614=CARTESIAN_POINT('Ctrl Pts',(71.5858178154098,-44.4998672592603,0.01));
#7615=CARTESIAN_POINT('Ctrl Pts',(71.6631142869592,-44.3859142065049,0.01));
#7616=CARTESIAN_POINT('Ctrl Pts',(71.7408788505299,-44.2712710767804,0.01));
#7617=CARTESIAN_POINT('Ctrl Pts',(71.8339451590232,-44.1670133903532,0.01));
#7618=CARTESIAN_POINT('Ctrl Pts',(71.9270114675164,-44.0627557039261,0.01));
#7619=CARTESIAN_POINT('',(71.461461044848,-44.7482949495316,0.02));
#7620=CARTESIAN_POINT('',(71.461461044848,-44.7482949495316,0.));
#7621=CARTESIAN_POINT('Ctrl Pts',(71.9270114675164,-44.0627557039261,0.02));
#7622=CARTESIAN_POINT('Ctrl Pts',(71.8339451590232,-44.1670133903532,0.02));
#7623=CARTESIAN_POINT('Ctrl Pts',(71.6483727405957,-44.3749011998426,0.02));
#7624=CARTESIAN_POINT('Ctrl Pts',(71.5236394301289,-44.624081104396,0.02));
#7625=CARTESIAN_POINT('Ctrl Pts',(71.461461044848,-44.7482949495316,0.02));
#7626=CARTESIAN_POINT('Ctrl Pts',(71.461461044848,-44.7482949495316,0.));
#7627=CARTESIAN_POINT('Ctrl Pts',(71.461461044848,-44.7482949495316,0.02));
#7628=CARTESIAN_POINT('Ctrl Pts',(71.3949151926676,-44.939809322048,0.));
#7629=CARTESIAN_POINT('Ctrl Pts',(71.3949151926676,-44.939809322048,0.02));
#7630=CARTESIAN_POINT('Ctrl Pts',(71.2507838040913,-45.3546095167811,0.));
#7631=CARTESIAN_POINT('Ctrl Pts',(71.2507838040913,-45.3546095167811,0.02));
#7632=CARTESIAN_POINT('Ctrl Pts',(71.2391890112316,-45.7941122867653,0.));
#7633=CARTESIAN_POINT('Ctrl Pts',(71.2391890112316,-45.7941122867653,0.02));
#7634=CARTESIAN_POINT('Ctrl Pts',(71.2329475656152,-46.0306954383851,0.));
#7635=CARTESIAN_POINT('Ctrl Pts',(71.2329475656152,-46.0306954383851,0.02));
#7636=CARTESIAN_POINT('',(71.2329475656152,-46.0306954383851,0.01));
#7637=CARTESIAN_POINT('Ctrl Pts',(71.2329475656152,-46.0306954383851,0.01));
#7638=CARTESIAN_POINT('Ctrl Pts',(71.2391890112316,-45.7941122867653,0.01));
#7639=CARTESIAN_POINT('Ctrl Pts',(71.245430456848,-45.5575291351455,0.01));
#7640=CARTESIAN_POINT('Ctrl Pts',(71.2900762334466,-45.3281038999558,0.01));
#7641=CARTESIAN_POINT('Ctrl Pts',(71.3283693404872,-45.1313236945644,0.01));
#7642=CARTESIAN_POINT('Ctrl Pts',(71.3949151926676,-44.939809322048,0.01));
#7643=CARTESIAN_POINT('Ctrl Pts',(71.461461044848,-44.7482949495316,0.01));
#7644=CARTESIAN_POINT('',(71.2329475656152,-46.0306954383851,0.02));
#7645=CARTESIAN_POINT('',(71.2329475656152,-46.0306954383851,0.));
#7646=CARTESIAN_POINT('Ctrl Pts',(71.461461044848,-44.7482949495316,0.02));
#7647=CARTESIAN_POINT('Ctrl Pts',(71.3949151926676,-44.939809322048,0.02));
#7648=CARTESIAN_POINT('Ctrl Pts',(71.2507838040913,-45.3546095167811,0.02));
#7649=CARTESIAN_POINT('Ctrl Pts',(71.2391890112316,-45.7941122867653,0.02));
#7650=CARTESIAN_POINT('Ctrl Pts',(71.2329475656152,-46.0306954383851,0.02));
#7651=CARTESIAN_POINT('Ctrl Pts',(74.6623472943902,-44.700545668602,0.));
#7652=CARTESIAN_POINT('Ctrl Pts',(74.6623472943902,-44.700545668602,0.02));
#7653=CARTESIAN_POINT('Ctrl Pts',(74.7719082777892,-44.8730414955217,0.));
#7654=CARTESIAN_POINT('Ctrl Pts',(74.7719082777892,-44.8730414955217,0.02));
#7655=CARTESIAN_POINT('Ctrl Pts',(75.0189902664242,-45.2620541770831,0.));
#7656=CARTESIAN_POINT('Ctrl Pts',(75.0189902664242,-45.2620541770831,0.02));
#7657=CARTESIAN_POINT('Ctrl Pts',(75.0319882637114,-45.7251799826859,0.));
#7658=CARTESIAN_POINT('Ctrl Pts',(75.0319882637114,-45.7251799826859,0.02));
#7659=CARTESIAN_POINT('Ctrl Pts',(75.0392226949334,-45.9829467535019,0.));
#7660=CARTESIAN_POINT('Ctrl Pts',(75.0392226949334,-45.9829467535019,0.02));
#7661=CARTESIAN_POINT('',(74.6623472943902,-44.700545668602,0.01));
#7662=CARTESIAN_POINT('Ctrl Pts',(75.0392226949334,-45.9829467535019,0.01));
#7663=CARTESIAN_POINT('Ctrl Pts',(75.0319882637114,-45.7251799826859,0.01));
#7664=CARTESIAN_POINT('Ctrl Pts',(75.0247538324893,-45.4674132118699,0.01));
#7665=CARTESIAN_POINT('Ctrl Pts',(74.9450044408441,-45.2326053380967,0.01));
#7666=CARTESIAN_POINT('Ctrl Pts',(74.8814692611882,-45.0455373224413,0.01));
#7667=CARTESIAN_POINT('Ctrl Pts',(74.7719082777892,-44.8730414955217,0.01));
#7668=CARTESIAN_POINT('Ctrl Pts',(74.6623472943902,-44.700545668602,0.01));
#7669=CARTESIAN_POINT('',(74.6623472943902,-44.700545668602,0.02));
#7670=CARTESIAN_POINT('Ctrl Pts',(74.6623472943902,-44.700545668602,0.02));
#7671=CARTESIAN_POINT('Ctrl Pts',(74.7719082777892,-44.8730414955217,0.02));
#7672=CARTESIAN_POINT('Ctrl Pts',(75.0189902664242,-45.2620541770831,0.02));
#7673=CARTESIAN_POINT('Ctrl Pts',(75.0319882637114,-45.7251799826859,0.02));
#7674=CARTESIAN_POINT('Ctrl Pts',(75.0392226949334,-45.9829467535019,0.02));
#7675=CARTESIAN_POINT('',(74.6623472943902,-44.700545668602,0.));
#7676=CARTESIAN_POINT('Ctrl Pts',(73.6613254323602,-44.2776256799698,0.));
#7677=CARTESIAN_POINT('Ctrl Pts',(73.6613254323602,-44.2776256799698,0.02));
#7678=CARTESIAN_POINT('Ctrl Pts',(73.8572171021229,-44.2932124541674,0.));
#7679=CARTESIAN_POINT('Ctrl Pts',(73.8572171021229,-44.2932124541674,0.02));
#7680=CARTESIAN_POINT('Ctrl Pts',(74.2384447826726,-44.3235461063424,0.));
#7681=CARTESIAN_POINT('Ctrl Pts',(74.2384447826726,-44.3235461063424,0.02));
#7682=CARTESIAN_POINT('Ctrl Pts',(74.5236790357537,-44.5772204432019,0.));
#7683=CARTESIAN_POINT('Ctrl Pts',(74.5236790357537,-44.5772204432019,0.02));
#7684=CARTESIAN_POINT('Ctrl Pts',(74.6623472943902,-44.700545668602,0.));
#7685=CARTESIAN_POINT('Ctrl Pts',(74.6623472943902,-44.700545668602,0.02));
#7686=CARTESIAN_POINT('',(73.6613254323602,-44.2776256799698,0.01));
#7687=CARTESIAN_POINT('Ctrl Pts',(74.6623472943902,-44.700545668602,0.01));
#7688=CARTESIAN_POINT('Ctrl Pts',(74.5236790357537,-44.5772204432019,0.01));
#7689=CARTESIAN_POINT('Ctrl Pts',(74.3850107771172,-44.4538952178017,0.01));
#7690=CARTESIAN_POINT('Ctrl Pts',(74.2236547246575,-44.3833559751511,0.01));
#7691=CARTESIAN_POINT('Ctrl Pts',(74.0531087718856,-44.3087992283649,0.01));
#7692=CARTESIAN_POINT('Ctrl Pts',(73.8572171021229,-44.2932124541674,0.01));
#7693=CARTESIAN_POINT('Ctrl Pts',(73.6613254323602,-44.2776256799698,0.01));
#7694=CARTESIAN_POINT('',(73.6613254323602,-44.2776256799698,0.02));
#7695=CARTESIAN_POINT('Ctrl Pts',(73.6613254323602,-44.2776256799698,0.02));
#7696=CARTESIAN_POINT('Ctrl Pts',(73.8572171021229,-44.2932124541674,0.02));
#7697=CARTESIAN_POINT('Ctrl Pts',(74.2384447826726,-44.3235461063424,0.02));
#7698=CARTESIAN_POINT('Ctrl Pts',(74.5236790357537,-44.5772204432019,0.02));
#7699=CARTESIAN_POINT('Ctrl Pts',(74.6623472943902,-44.700545668602,0.02));
#7700=CARTESIAN_POINT('',(73.6613254323602,-44.2776256799698,0.));
#7701=CARTESIAN_POINT('Ctrl Pts',(72.6551847234368,-44.7056615352631,0.));
#7702=CARTESIAN_POINT('Ctrl Pts',(72.6551847234368,-44.7056615352631,0.02));
#7703=CARTESIAN_POINT('Ctrl Pts',(72.7950028217263,-44.5808378510314,0.));
#7704=CARTESIAN_POINT('Ctrl Pts',(72.7950028217263,-44.5808378510314,0.02));
#7705=CARTESIAN_POINT('Ctrl Pts',(73.0815359078754,-44.3250332312791,0.));
#7706=CARTESIAN_POINT('Ctrl Pts',(73.0815359078754,-44.3250332312791,0.02));
#7707=CARTESIAN_POINT('Ctrl Pts',(73.4649856950386,-44.2936797578344,0.));
#7708=CARTESIAN_POINT('Ctrl Pts',(73.4649856950386,-44.2936797578344,0.02));
#7709=CARTESIAN_POINT('Ctrl Pts',(73.6613254323602,-44.2776256799698,0.));
#7710=CARTESIAN_POINT('Ctrl Pts',(73.6613254323602,-44.2776256799698,0.02));
#7711=CARTESIAN_POINT('',(72.6551847234368,-44.7056615352631,0.01));
#7712=CARTESIAN_POINT('Ctrl Pts',(73.6613254323602,-44.2776256799698,0.01));
#7713=CARTESIAN_POINT('Ctrl Pts',(73.4649856950386,-44.2936797578344,0.01));
#7714=CARTESIAN_POINT('Ctrl Pts',(73.2686459577171,-44.3097338356989,0.01));
#7715=CARTESIAN_POINT('Ctrl Pts',(73.097715832293,-44.3846344947815,0.01));
#7716=CARTESIAN_POINT('Ctrl Pts',(72.9348209200157,-44.4560141667996,0.01));
#7717=CARTESIAN_POINT('Ctrl Pts',(72.7950028217263,-44.5808378510314,0.01));
#7718=CARTESIAN_POINT('Ctrl Pts',(72.6551847234368,-44.7056615352631,0.01));
#7719=CARTESIAN_POINT('',(72.6551847234368,-44.7056615352631,0.02));
#7720=CARTESIAN_POINT('Ctrl Pts',(72.6551847234368,-44.7056615352631,0.02));
#7721=CARTESIAN_POINT('Ctrl Pts',(72.7950028217263,-44.5808378510314,0.02));
#7722=CARTESIAN_POINT('Ctrl Pts',(73.0815359078754,-44.3250332312791,0.02));
#7723=CARTESIAN_POINT('Ctrl Pts',(73.4649856950386,-44.2936797578344,0.02));
#7724=CARTESIAN_POINT('Ctrl Pts',(73.6613254323602,-44.2776256799698,0.02));
#7725=CARTESIAN_POINT('',(72.6551847234368,-44.7056615352631,0.));
#7726=CARTESIAN_POINT('Ctrl Pts',(72.2731928601861,-45.9965890645981,0.));
#7727=CARTESIAN_POINT('Ctrl Pts',(72.2731928601861,-45.9965890645981,0.02));
#7728=CARTESIAN_POINT('Ctrl Pts',(72.2807282626231,-45.7374637113611,0.));
#7729=CARTESIAN_POINT('Ctrl Pts',(72.2807282626231,-45.7374637113611,0.02));
#7730=CARTESIAN_POINT('Ctrl Pts',(72.2942945984333,-45.2709482746199,0.));
#7731=CARTESIAN_POINT('Ctrl Pts',(72.2942945984333,-45.2709482746199,0.02));
#7732=CARTESIAN_POINT('Ctrl Pts',(72.5441231118135,-44.8796248885182,0.));
#7733=CARTESIAN_POINT('Ctrl Pts',(72.5441231118135,-44.8796248885182,0.02));
#7734=CARTESIAN_POINT('Ctrl Pts',(72.6551847234368,-44.7056615352631,0.));
#7735=CARTESIAN_POINT('Ctrl Pts',(72.6551847234368,-44.7056615352631,0.02));
#7736=CARTESIAN_POINT('Ctrl Pts',(72.6551847234368,-44.7056615352631,0.01));
#7737=CARTESIAN_POINT('Ctrl Pts',(72.5441231118135,-44.8796248885182,0.01));
#7738=CARTESIAN_POINT('Ctrl Pts',(72.4330615001901,-45.0535882417734,0.01));
#7739=CARTESIAN_POINT('Ctrl Pts',(72.3686914220452,-45.2424114942551,0.01));
#7740=CARTESIAN_POINT('Ctrl Pts',(72.2882636650602,-45.4783383581241,0.01));
#7741=CARTESIAN_POINT('Ctrl Pts',(72.2807282626231,-45.7374637113611,0.01));
#7742=CARTESIAN_POINT('Ctrl Pts',(72.2731928601861,-45.9965890645981,0.01));
#7743=CARTESIAN_POINT('Ctrl Pts',(72.2731928601861,-45.9965890645981,0.02));
#7744=CARTESIAN_POINT('Ctrl Pts',(72.2807282626231,-45.7374637113611,0.02));
#7745=CARTESIAN_POINT('Ctrl Pts',(72.2942945984333,-45.2709482746199,0.02));
#7746=CARTESIAN_POINT('Ctrl Pts',(72.5441231118135,-44.8796248885182,0.02));
#7747=CARTESIAN_POINT('Ctrl Pts',(72.6551847234368,-44.7056615352631,0.02));
#7748=CARTESIAN_POINT('Ctrl Pts',(76.0828809514642,-46.0068213939667,0.));
#7749=CARTESIAN_POINT('Ctrl Pts',(76.0828809514642,-46.0068213939667,0.02));
#7750=CARTESIAN_POINT('Ctrl Pts',(76.0636552583728,-45.6313392418376,0.));
#7751=CARTESIAN_POINT('Ctrl Pts',(76.0636552583728,-45.6313392418376,0.02));
#7752=CARTESIAN_POINT('Ctrl Pts',(76.0276705482812,-44.9285496818098,0.));
#7753=CARTESIAN_POINT('Ctrl Pts',(76.0276705482812,-44.9285496818098,0.02));
#7754=CARTESIAN_POINT('Ctrl Pts',(75.6127494368753,-44.3634529336054,0.));
#7755=CARTESIAN_POINT('Ctrl Pts',(75.6127494368753,-44.3634529336054,0.02));
#7756=CARTESIAN_POINT('Ctrl Pts',(75.4195098653436,-44.1002726554871,0.));
#7757=CARTESIAN_POINT('Ctrl Pts',(75.4195098653436,-44.1002726554871,0.02));
#7758=CARTESIAN_POINT('',(76.0828809514642,-46.0068213939667,0.01));
#7759=CARTESIAN_POINT('Ctrl Pts',(75.4195098653436,-44.1002726554871,0.01));
#7760=CARTESIAN_POINT('Ctrl Pts',(75.6127494368753,-44.3634529336054,0.01));
#7761=CARTESIAN_POINT('Ctrl Pts',(75.805989008407,-44.6266332117237,0.01));
#7762=CARTESIAN_POINT('Ctrl Pts',(75.9170369878411,-44.9196791648865,0.01));
#7763=CARTESIAN_POINT('Ctrl Pts',(76.0444295652814,-45.2558570897085,0.01));
#7764=CARTESIAN_POINT('Ctrl Pts',(76.0636552583728,-45.6313392418376,0.01));
#7765=CARTESIAN_POINT('Ctrl Pts',(76.0828809514642,-46.0068213939667,0.01));
#7766=CARTESIAN_POINT('',(76.0828809514642,-46.0068213939667,0.02));
#7767=CARTESIAN_POINT('Ctrl Pts',(76.0828809514642,-46.0068213939667,0.02));
#7768=CARTESIAN_POINT('Ctrl Pts',(76.0636552583728,-45.6313392418376,0.02));
#7769=CARTESIAN_POINT('Ctrl Pts',(76.0276705482812,-44.9285496818098,0.02));
#7770=CARTESIAN_POINT('Ctrl Pts',(75.6127494368753,-44.3634529336054,0.02));
#7771=CARTESIAN_POINT('Ctrl Pts',(75.4195098653436,-44.1002726554871,0.02));
#7772=CARTESIAN_POINT('',(76.0828809514642,-46.0068213939667,0.));
#7773=CARTESIAN_POINT('Ctrl Pts',(75.4246263280511,-47.9014319181443,0.));
#7774=CARTESIAN_POINT('Ctrl Pts',(75.4246263280511,-47.9014319181443,0.02));
#7775=CARTESIAN_POINT('Ctrl Pts',(75.6163826883601,-47.6394350491566,0.));
#7776=CARTESIAN_POINT('Ctrl Pts',(75.6163826883601,-47.6394350491566,0.02));
#7777=CARTESIAN_POINT('Ctrl Pts',(76.0276855271724,-47.0774716503888,0.));
#7778=CARTESIAN_POINT('Ctrl Pts',(76.0276855271724,-47.0774716503888,0.02));
#7779=CARTESIAN_POINT('Ctrl Pts',(76.0636719887212,-46.3794262094976,0.));
#7780=CARTESIAN_POINT('Ctrl Pts',(76.0636719887212,-46.3794262094976,0.02));
#7781=CARTESIAN_POINT('Ctrl Pts',(76.0828809514642,-46.0068213939667,0.));
#7782=CARTESIAN_POINT('Ctrl Pts',(76.0828809514642,-46.0068213939667,0.02));
#7783=CARTESIAN_POINT('',(75.4246263280511,-47.9014319181443,0.01));
#7784=CARTESIAN_POINT('Ctrl Pts',(76.0828809514642,-46.0068213939667,0.01));
#7785=CARTESIAN_POINT('Ctrl Pts',(76.0636719887212,-46.3794262094976,0.01));
#7786=CARTESIAN_POINT('Ctrl Pts',(76.0444630259782,-46.7520310250285,0.01));
#7787=CARTESIAN_POINT('Ctrl Pts',(75.9183172956109,-47.0858627557755,0.01));
#7788=CARTESIAN_POINT('Ctrl Pts',(75.8081390486691,-47.3774381801689,0.01));
#7789=CARTESIAN_POINT('Ctrl Pts',(75.6163826883601,-47.6394350491566,0.01));
#7790=CARTESIAN_POINT('Ctrl Pts',(75.4246263280511,-47.9014319181443,0.01));
#7791=CARTESIAN_POINT('',(75.4246263280511,-47.9014319181443,0.02));
#7792=CARTESIAN_POINT('Ctrl Pts',(75.4246263280511,-47.9014319181443,0.02));
#7793=CARTESIAN_POINT('Ctrl Pts',(75.6163826883601,-47.6394350491566,0.02));
#7794=CARTESIAN_POINT('Ctrl Pts',(76.0276855271724,-47.0774716503888,0.02));
#7795=CARTESIAN_POINT('Ctrl Pts',(76.0636719887212,-46.3794262094976,0.02));
#7796=CARTESIAN_POINT('Ctrl Pts',(76.0828809514642,-46.0068213939667,0.02));
#7797=CARTESIAN_POINT('',(75.4246263280511,-47.9014319181443,0.));
#7798=CARTESIAN_POINT('Ctrl Pts',(73.6647348180413,-48.5852658748627,0.));
#7799=CARTESIAN_POINT('Ctrl Pts',(73.6647348180413,-48.5852658748627,0.02));
#7800=CARTESIAN_POINT('Ctrl Pts',(74.0083960090495,-48.5618714267637,0.));
#7801=CARTESIAN_POINT('Ctrl Pts',(74.0083960090495,-48.5618714267637,0.02));
#7802=CARTESIAN_POINT('Ctrl Pts',(74.6680287136747,-48.5169674821912,0.));
#7803=CARTESIAN_POINT('Ctrl Pts',(74.6680287136747,-48.5169674821912,0.02));
#7804=CARTESIAN_POINT('Ctrl Pts',(75.1795850613741,-48.1007870461975,0.));
#7805=CARTESIAN_POINT('Ctrl Pts',(75.1795850613741,-48.1007870461975,0.02));
#7806=CARTESIAN_POINT('Ctrl Pts',(75.4246263280511,-47.9014319181443,0.));
#7807=CARTESIAN_POINT('Ctrl Pts',(75.4246263280511,-47.9014319181443,0.02));
#7808=CARTESIAN_POINT('',(73.6647348180413,-48.5852658748627,0.01));
#7809=CARTESIAN_POINT('Ctrl Pts',(75.4246263280511,-47.9014319181443,0.01));
#7810=CARTESIAN_POINT('Ctrl Pts',(75.1795850613741,-48.1007870461975,0.01));
#7811=CARTESIAN_POINT('Ctrl Pts',(74.934543794697,-48.3001421742508,0.01));
#7812=CARTESIAN_POINT('Ctrl Pts',(74.6555261388421,-48.4143072366715,0.01));
#7813=CARTESIAN_POINT('Ctrl Pts',(74.3520572000577,-48.5384769786647,0.01));
#7814=CARTESIAN_POINT('Ctrl Pts',(74.0083960090495,-48.5618714267637,0.01));
#7815=CARTESIAN_POINT('Ctrl Pts',(73.6647348180413,-48.5852658748627,0.01));
#7816=CARTESIAN_POINT('',(73.6647348180413,-48.5852658748627,0.02));
#7817=CARTESIAN_POINT('Ctrl Pts',(73.6647348180413,-48.5852658748627,0.02));
#7818=CARTESIAN_POINT('Ctrl Pts',(74.0083960090495,-48.5618714267637,0.02));
#7819=CARTESIAN_POINT('Ctrl Pts',(74.6680287136747,-48.5169674821912,0.02));
#7820=CARTESIAN_POINT('Ctrl Pts',(75.1795850613741,-48.1007870461975,0.02));
#7821=CARTESIAN_POINT('Ctrl Pts',(75.4246263280511,-47.9014319181443,0.02));
#7822=CARTESIAN_POINT('',(73.6647348180413,-48.5852658748627,0.));
#7823=CARTESIAN_POINT('Ctrl Pts',(71.8912009969354,-47.9048424959183,0.));
#7824=CARTESIAN_POINT('Ctrl Pts',(71.8912009969354,-47.9048424959183,0.02));
#7825=CARTESIAN_POINT('Ctrl Pts',(72.1375554355576,-48.1031838133732,0.));
#7826=CARTESIAN_POINT('Ctrl Pts',(72.1375554355576,-48.1031838133732,0.02));
#7827=CARTESIAN_POINT('Ctrl Pts',(72.6540860213847,-48.5190454372663,0.));
#7828=CARTESIAN_POINT('Ctrl Pts',(72.6540860213847,-48.5190454372663,0.02));
#7829=CARTESIAN_POINT('Ctrl Pts',(73.3176509726984,-48.5625240042967,0.));
#7830=CARTESIAN_POINT('Ctrl Pts',(73.3176509726984,-48.5625240042967,0.02));
#7831=CARTESIAN_POINT('Ctrl Pts',(73.6647348180413,-48.5852658748627,0.));
#7832=CARTESIAN_POINT('Ctrl Pts',(73.6647348180413,-48.5852658748627,0.02));
#7833=CARTESIAN_POINT('',(71.8912009969354,-47.9048424959183,0.01));
#7834=CARTESIAN_POINT('Ctrl Pts',(73.6647348180413,-48.5852658748627,0.01));
#7835=CARTESIAN_POINT('Ctrl Pts',(73.3176509726984,-48.5625240042967,0.01));
#7836=CARTESIAN_POINT('Ctrl Pts',(72.9705671273555,-48.5397821337307,0.01));
#7837=CARTESIAN_POINT('Ctrl Pts',(72.6637105718255,-48.4151595830918,0.01));
#7838=CARTESIAN_POINT('Ctrl Pts',(72.3839098741799,-48.3015251308282,0.01));
#7839=CARTESIAN_POINT('Ctrl Pts',(72.1375554355576,-48.1031838133732,0.01));
#7840=CARTESIAN_POINT('Ctrl Pts',(71.8912009969354,-47.9048424959183,0.01));
#7841=CARTESIAN_POINT('',(71.8912009969354,-47.9048424959183,0.02));
#7842=CARTESIAN_POINT('Ctrl Pts',(71.8912009969354,-47.9048424959183,0.02));
#7843=CARTESIAN_POINT('Ctrl Pts',(72.1375554355576,-48.1031838133732,0.02));
#7844=CARTESIAN_POINT('Ctrl Pts',(72.6540860213847,-48.5190454372663,0.02));
#7845=CARTESIAN_POINT('Ctrl Pts',(73.3176509726984,-48.5625240042967,0.02));
#7846=CARTESIAN_POINT('Ctrl Pts',(73.6647348180413,-48.5852658748627,0.02));
#7847=CARTESIAN_POINT('',(71.8912009969354,-47.9048424959183,0.));
#7848=CARTESIAN_POINT('Ctrl Pts',(71.2329475656152,-46.0306954383851,0.));
#7849=CARTESIAN_POINT('Ctrl Pts',(71.2329475656152,-46.0306954383851,0.02));
#7850=CARTESIAN_POINT('Ctrl Pts',(71.2525761447756,-46.398712876678,0.));
#7851=CARTESIAN_POINT('Ctrl Pts',(71.2525761447756,-46.398712876678,0.02));
#7852=CARTESIAN_POINT('Ctrl Pts',(71.2894570464168,-47.0901951705809,0.));
#7853=CARTESIAN_POINT('Ctrl Pts',(71.2894570464168,-47.0901951705809,0.02));
#7854=CARTESIAN_POINT('Ctrl Pts',(71.6994244890038,-47.6452134309076,0.));
#7855=CARTESIAN_POINT('Ctrl Pts',(71.6994244890038,-47.6452134309076,0.02));
#7856=CARTESIAN_POINT('Ctrl Pts',(71.8912009969354,-47.9048424959183,0.));
#7857=CARTESIAN_POINT('Ctrl Pts',(71.8912009969354,-47.9048424959183,0.02));
#7858=CARTESIAN_POINT('Ctrl Pts',(71.8912009969354,-47.9048424959183,0.01));
#7859=CARTESIAN_POINT('Ctrl Pts',(71.6994244890038,-47.6452134309076,0.01));
#7860=CARTESIAN_POINT('Ctrl Pts',(71.5076479810723,-47.3855843658969,0.01));
#7861=CARTESIAN_POINT('Ctrl Pts',(71.3975112214684,-47.0960938930512,0.01));
#7862=CARTESIAN_POINT('Ctrl Pts',(71.2722047239361,-46.766730314971,0.01));
#7863=CARTESIAN_POINT('Ctrl Pts',(71.2525761447756,-46.398712876678,0.01));
#7864=CARTESIAN_POINT('Ctrl Pts',(71.2329475656152,-46.0306954383851,0.01));
#7865=CARTESIAN_POINT('Ctrl Pts',(71.2329475656152,-46.0306954383851,0.02));
#7866=CARTESIAN_POINT('Ctrl Pts',(71.2525761447756,-46.398712876678,0.02));
#7867=CARTESIAN_POINT('Ctrl Pts',(71.2894570464168,-47.0901951705809,0.02));
#7868=CARTESIAN_POINT('Ctrl Pts',(71.6994244890038,-47.6452134309076,0.02));
#7869=CARTESIAN_POINT('Ctrl Pts',(71.8912009969354,-47.9048424959183,0.02));
#7870=CARTESIAN_POINT('Origin',(74.9999980702996,-45.9999999403954,0.02));
#7871=CARTESIAN_POINT('Origin',(75.,-46.,0.01));
#7872=CARTESIAN_POINT('',(52.5,-51.5,0.01));
#7873=CARTESIAN_POINT('',(97.5,-51.5,0.01));
#7874=CARTESIAN_POINT('',(97.5,-51.5,0.01));
#7875=CARTESIAN_POINT('',(97.5,-40.5,0.01));
#7876=CARTESIAN_POINT('',(97.5,-40.5,0.01));
#7877=CARTESIAN_POINT('',(52.5,-40.5,0.01));
#7878=CARTESIAN_POINT('',(52.5,-40.5,0.01));
#7879=CARTESIAN_POINT('',(52.5,-51.5,0.01));
#7880=CARTESIAN_POINT('',(76.8741469159722,-48.4999996423722,0.01));
#7881=CARTESIAN_POINT('',(76.8741469159722,-43.4999996423722,0.01));
#7882=CARTESIAN_POINT('',(76.8741469159722,-44.7499998211861,0.01));
#7883=CARTESIAN_POINT('',(78.9989785924554,-43.4999996423722,0.01));
#7884=CARTESIAN_POINT('',(76.9994892962277,-43.4999996423722,0.01));
#7885=CARTESIAN_POINT('',(80.1637105718255,-43.6347198486329,0.01));
#7886=CARTESIAN_POINT('Ctrl Pts',(78.9989785924554,-43.4999996423722,0.01));
#7887=CARTESIAN_POINT('Ctrl Pts',(79.2310434733347,-43.5003212758283,0.01));
#7888=CARTESIAN_POINT('Ctrl Pts',(79.463108354214,-43.5006429092845,0.01));
#7889=CARTESIAN_POINT('Ctrl Pts',(79.6909098401666,-43.533679842949,0.01));
#7890=CARTESIAN_POINT('Ctrl Pts',(79.8498944839423,-43.556736607079,0.01));
#7891=CARTESIAN_POINT('Ctrl Pts',(80.0068025278839,-43.5957282278559,0.01));
#7892=CARTESIAN_POINT('Ctrl Pts',(80.1637105718255,-43.6347198486329,0.01));
#7893=CARTESIAN_POINT('',(80.7452230229974,-44.1139149665833,0.01));
#7894=CARTESIAN_POINT('Ctrl Pts',(80.1637105718255,-43.6347198486329,0.01));
#7895=CARTESIAN_POINT('Ctrl Pts',(80.2792371984639,-43.6891452907602,0.01));
#7896=CARTESIAN_POINT('Ctrl Pts',(80.3947638251023,-43.7435707328876,0.01));
#7897=CARTESIAN_POINT('Ctrl Pts',(80.4907040372491,-43.8218784332276,0.01));
#7898=CARTESIAN_POINT('Ctrl Pts',(80.5893475117748,-43.9023925729278,0.01));
#7899=CARTESIAN_POINT('Ctrl Pts',(80.6672852673861,-44.0081537697555,0.01));
#7900=CARTESIAN_POINT('Ctrl Pts',(80.7452230229974,-44.1139149665833,0.01));
#7901=CARTESIAN_POINT('',(80.963504768908,-44.9017733335496,0.01));
#7902=CARTESIAN_POINT('Ctrl Pts',(80.7452230229974,-44.1139149665833,0.01));
#7903=CARTESIAN_POINT('Ctrl Pts',(80.8088803607738,-44.2344333095849,0.01));
#7904=CARTESIAN_POINT('Ctrl Pts',(80.8725376985502,-44.3549516525865,0.01));
#7905=CARTESIAN_POINT('Ctrl Pts',(80.9089355245233,-44.4831168651581,0.01));
#7906=CARTESIAN_POINT('Ctrl Pts',(80.9469850073376,-44.6170979456972,0.01));
#7907=CARTESIAN_POINT('Ctrl Pts',(80.9552448881228,-44.7594356396234,0.01));
#7908=CARTESIAN_POINT('Ctrl Pts',(80.963504768908,-44.9017733335496,0.01));
#7909=CARTESIAN_POINT('',(80.6326751485467,-45.8311730623246,0.01));
#7910=CARTESIAN_POINT('Ctrl Pts',(80.963504768908,-44.9017733335496,0.01));
#7911=CARTESIAN_POINT('Ctrl Pts',(80.9518217605316,-45.0787947601678,0.01));
#7912=CARTESIAN_POINT('Ctrl Pts',(80.9401387521551,-45.255816186786,0.01));
#7913=CARTESIAN_POINT('Ctrl Pts',(80.8807973638177,-45.4155009984971,0.01));
#7914=CARTESIAN_POINT('Ctrl Pts',(80.8255897869955,-45.5640619229525,0.01));
#7915=CARTESIAN_POINT('Ctrl Pts',(80.7291324677711,-45.6976174926385,0.01));
#7916=CARTESIAN_POINT('Ctrl Pts',(80.6326751485467,-45.8311730623246,0.01));
#7917=CARTESIAN_POINT('',(79.6435861364007,-46.2933146953583,0.01));
#7918=CARTESIAN_POINT('Ctrl Pts',(80.6326751485467,-45.8311730623246,0.01));
#7919=CARTESIAN_POINT('Ctrl Pts',(80.50105344987,-45.9430471312892,0.01));
#7920=CARTESIAN_POINT('Ctrl Pts',(80.3694317511933,-46.0549212002538,0.01));
#7921=CARTESIAN_POINT('Ctrl Pts',(80.2199868932367,-46.1300307512284,0.01));
#7922=CARTESIAN_POINT('Ctrl Pts',(80.0442786920074,-46.21834000641,0.01));
#7923=CARTESIAN_POINT('Ctrl Pts',(79.843932414204,-46.2558273508842,0.01));
#7924=CARTESIAN_POINT('Ctrl Pts',(79.6435861364007,-46.2933146953583,0.01));
#7925=CARTESIAN_POINT('',(80.1841764226556,-46.71282351017,0.01));
#7926=CARTESIAN_POINT('Ctrl Pts',(79.6435861364007,-46.2933146953583,0.01));
#7927=CARTESIAN_POINT('Ctrl Pts',(79.7460274668276,-46.3564973341367,0.01));
#7928=CARTESIAN_POINT('Ctrl Pts',(79.8484687972546,-46.4196799729151,0.01));
#7929=CARTESIAN_POINT('Ctrl Pts',(79.9424462094903,-46.4936894178391,0.01));
#7930=CARTESIAN_POINT('Ctrl Pts',(80.0276625283399,-46.5607992935687,0.01));
#7931=CARTESIAN_POINT('Ctrl Pts',(80.1059194754977,-46.6368114018693,0.01));
#7932=CARTESIAN_POINT('Ctrl Pts',(80.1841764226556,-46.71282351017,0.01));
#7933=CARTESIAN_POINT('',(80.7588653340936,-47.5245565176011,0.01));
#7934=CARTESIAN_POINT('Ctrl Pts',(80.1841764226556,-46.71282351017,0.01));
#7935=CARTESIAN_POINT('Ctrl Pts',(80.2695312399601,-46.8171580330028,0.01));
#7936=CARTESIAN_POINT('Ctrl Pts',(80.3548860572645,-46.9214925558355,0.01));
#7937=CARTESIAN_POINT('Ctrl Pts',(80.4344301000238,-47.030013203621,0.01));
#7938=CARTESIAN_POINT('Ctrl Pts',(80.5508772205928,-47.1888801221047,0.01));
#7939=CARTESIAN_POINT('Ctrl Pts',(80.6548712773432,-47.3567183198529,0.01));
#7940=CARTESIAN_POINT('Ctrl Pts',(80.7588653340936,-47.5245565176011,0.01));
#7941=CARTESIAN_POINT('',(81.3693742528558,-48.4999996423722,0.01));
#7942=CARTESIAN_POINT('',(79.9108477410312,-46.1696329359526,0.01));
#7943=CARTESIAN_POINT('',(80.1620034947991,-48.4999996423722,0.01));
#7944=CARTESIAN_POINT('',(77.5810017473996,-48.4999996423722,0.01));
#7945=CARTESIAN_POINT('',(79.4321279302239,-47.4120050668717,0.01));
#7946=CARTESIAN_POINT('',(78.4177235218416,-45.8998754008702,0.01));
#7947=CARTESIAN_POINT('',(78.9000682607293,-46.6770118474961,0.01));
#7948=CARTESIAN_POINT('Ctrl Pts',(79.4321279302239,-47.4120050668717,0.01));
#7949=CARTESIAN_POINT('Ctrl Pts',(79.3261545165641,-47.2512176807882,0.01));
#7950=CARTESIAN_POINT('Ctrl Pts',(79.2201811029043,-47.0904302947046,0.01));
#7951=CARTESIAN_POINT('Ctrl Pts',(79.1047076955438,-46.9366472959519,0.01));
#7952=CARTESIAN_POINT('Ctrl Pts',(79.038572042728,-46.8485704023455,0.01));
#7953=CARTESIAN_POINT('Ctrl Pts',(78.9693201517287,-46.7627911249208,0.01));
#7954=CARTESIAN_POINT('Ctrl Pts',(78.9000682607293,-46.6770118474961,0.01));
#7955=CARTESIAN_POINT('',(78.5965208783746,-46.4689630270005,0.01));
#7956=CARTESIAN_POINT('Ctrl Pts',(78.9000682607293,-46.6770118474961,0.01));
#7957=CARTESIAN_POINT('Ctrl Pts',(78.853193736283,-46.6309820119785,0.01));
#7958=CARTESIAN_POINT('Ctrl Pts',(78.8063192118366,-46.584952176461,0.01));
#7959=CARTESIAN_POINT('Ctrl Pts',(78.7525563016534,-46.5491127967835,0.01));
#7960=CARTESIAN_POINT('Ctrl Pts',(78.7042516329541,-46.5169119848146,0.01));
#7961=CARTESIAN_POINT('Ctrl Pts',(78.6503862556643,-46.4929375059075,0.01));
#7962=CARTESIAN_POINT('Ctrl Pts',(78.5965208783746,-46.4689630270005,0.01));
#7963=CARTESIAN_POINT('',(78.0883340612054,-46.4126873016358,0.01));
#7964=CARTESIAN_POINT('Ctrl Pts',(78.5965208783746,-46.4689630270005,0.01));
#7965=CARTESIAN_POINT('Ctrl Pts',(78.5277315971736,-46.4526716305306,0.01));
#7966=CARTESIAN_POINT('Ctrl Pts',(78.4589423159725,-46.4363802340608,0.01));
#7967=CARTESIAN_POINT('Ctrl Pts',(78.3893232122063,-46.4267557859421,0.01));
#7968=CARTESIAN_POINT('Ctrl Pts',(78.2901168480564,-46.4130410660858,0.01));
#7969=CARTESIAN_POINT('Ctrl Pts',(78.1892254546309,-46.4128641838608,0.01));
#7970=CARTESIAN_POINT('Ctrl Pts',(78.0883340612054,-46.4126873016358,0.01));
#7971=CARTESIAN_POINT('',(77.8836970105767,-46.4126873016358,0.01));
#7972=CARTESIAN_POINT('',(76.4418485052884,-46.4126873016358,0.01));
#7973=CARTESIAN_POINT('',(77.8836970105767,-48.4999996423722,0.01));
#7974=CARTESIAN_POINT('',(77.8836970105767,-47.2499998211861,0.01));
#7975=CARTESIAN_POINT('',(75.9370734579861,-48.4999996423722,0.01));
#7976=CARTESIAN_POINT('',(86.9594125524163,-48.4999996423722,0.01));
#7977=CARTESIAN_POINT('',(86.9594125524163,-43.4999996423722,0.01));
#7978=CARTESIAN_POINT('',(86.9594125524163,-44.7499998211861,0.01));
#7979=CARTESIAN_POINT('',(90.6667785421014,-43.4999996423722,0.01));
#7980=CARTESIAN_POINT('',(82.8333892710507,-43.4999996423722,0.01));
#7981=CARTESIAN_POINT('',(90.6667785421014,-44.3458384275437,0.01));
#7982=CARTESIAN_POINT('',(90.6667785421014,-45.1729192137718,0.01));
#7983=CARTESIAN_POINT('',(87.9689626470208,-44.3458384275437,0.01));
#7984=CARTESIAN_POINT('',(81.4844813235104,-44.3458384275437,0.01));
#7985=CARTESIAN_POINT('',(87.9689626470208,-45.4542970657349,0.01));
#7986=CARTESIAN_POINT('',(87.9689626470208,-45.7271485328675,0.01));
#7987=CARTESIAN_POINT('',(90.4791908040643,-45.4542970657349,0.01));
#7988=CARTESIAN_POINT('',(82.7395954020321,-45.4542970657349,0.01));
#7989=CARTESIAN_POINT('',(90.4791908040643,-46.2967252731324,0.01));
#7990=CARTESIAN_POINT('',(90.4791908040643,-46.1483626365662,0.01));
#7991=CARTESIAN_POINT('',(87.9689626470208,-46.2967252731324,0.01));
#7992=CARTESIAN_POINT('',(81.4844813235104,-46.2967252731324,0.01));
#7993=CARTESIAN_POINT('',(87.9689626470208,-47.6575714349747,0.01));
#7994=CARTESIAN_POINT('',(87.9689626470208,-46.8287857174874,0.01));
#7995=CARTESIAN_POINT('',(90.7622747197747,-47.6575714349747,0.01));
#7996=CARTESIAN_POINT('',(82.8811373598874,-47.6575714349747,0.01));
#7997=CARTESIAN_POINT('',(90.7622747197747,-48.4999996423722,0.01));
#7998=CARTESIAN_POINT('',(90.7622747197747,-47.2499998211861,0.01));
#7999=CARTESIAN_POINT('',(80.9797062762082,-48.4999996423722,0.01));
#8000=CARTESIAN_POINT('',(64.7288541570306,-47.1664386987687,0.01));
#8001=CARTESIAN_POINT('',(64.7288541570306,-46.2080484628678,0.01));
#8002=CARTESIAN_POINT('',(64.7288541570306,-46.1040242314339,0.01));
#8003=CARTESIAN_POINT('',(66.6115288510919,-46.2080484628678,0.01));
#8004=CARTESIAN_POINT('',(70.8057644255459,-46.2080484628678,0.01));
#8005=CARTESIAN_POINT('',(66.6115288510919,-47.1664386987687,0.01));
#8006=CARTESIAN_POINT('',(66.6115288510919,-46.5832193493843,0.01));
#8007=CARTESIAN_POINT('',(69.8644270785153,-47.1664386987687,0.01));
#8008=CARTESIAN_POINT('',(85.1142577901483,-46.6616642475129,0.01));
#8009=CARTESIAN_POINT('',(86.0931091085076,-46.9720327854157,0.01));
#8010=CARTESIAN_POINT('',(80.9132172641574,-45.3296225152632,0.01));
#8011=CARTESIAN_POINT('',(85.3444747701287,-48.1879258155823,0.01));
#8012=CARTESIAN_POINT('Ctrl Pts',(86.0931091085076,-46.9720327854157,0.01));
#8013=CARTESIAN_POINT('Ctrl Pts',(86.0124160271064,-47.2219171708822,0.01));
#8014=CARTESIAN_POINT('Ctrl Pts',(85.9317229457051,-47.4718015563487,0.01));
#8015=CARTESIAN_POINT('Ctrl Pts',(85.7934026494622,-47.6852828264237,0.01));
#8016=CARTESIAN_POINT('Ctrl Pts',(85.6729121460541,-47.8712458875088,0.01));
#8017=CARTESIAN_POINT('Ctrl Pts',(85.5086934580914,-48.0295858515456,0.01));
#8018=CARTESIAN_POINT('Ctrl Pts',(85.3444747701287,-48.1879258155823,0.01));
#8019=CARTESIAN_POINT('',(84.0160302892327,-48.5852658748627,0.01));
#8020=CARTESIAN_POINT('Ctrl Pts',(85.3444747701287,-48.1879258155823,0.01));
#8021=CARTESIAN_POINT('Ctrl Pts',(85.1516036333975,-48.3037230911006,0.01));
#8022=CARTESIAN_POINT('Ctrl Pts',(84.9587324966662,-48.4195203666189,0.01));
#8023=CARTESIAN_POINT('Ctrl Pts',(84.7505979314446,-48.4859311580658,0.01));
#8024=CARTESIAN_POINT('Ctrl Pts',(84.5184059343332,-48.5600181040731,0.01));
#8025=CARTESIAN_POINT('Ctrl Pts',(84.267218111783,-48.5726419894679,0.01));
#8026=CARTESIAN_POINT('Ctrl Pts',(84.0160302892327,-48.5852658748627,0.01));
#8027=CARTESIAN_POINT('',(82.3789243474603,-47.9048424959183,0.01));
#8028=CARTESIAN_POINT('Ctrl Pts',(84.0160302892327,-48.5852658748627,0.01));
#8029=CARTESIAN_POINT('Ctrl Pts',(83.7008323107788,-48.5589995156656,0.01));
#8030=CARTESIAN_POINT('Ctrl Pts',(83.3856343323248,-48.5327331564685,0.01));
#8031=CARTESIAN_POINT('Ctrl Pts',(83.1087999120355,-48.4151595830918,0.01));
#8032=CARTESIAN_POINT('Ctrl Pts',(82.8416992674721,-48.3017200144149,0.01));
#8033=CARTESIAN_POINT('Ctrl Pts',(82.6103118074662,-48.1032812551666,0.01));
#8034=CARTESIAN_POINT('Ctrl Pts',(82.3789243474603,-47.9048424959183,0.01));
#8035=CARTESIAN_POINT('',(81.7377214208245,-46.0443383455277,0.01));
#8036=CARTESIAN_POINT('Ctrl Pts',(82.3789243474603,-47.9048424959183,0.01));
#8037=CARTESIAN_POINT('Ctrl Pts',(82.192115462246,-47.645909276912,0.01));
#8038=CARTESIAN_POINT('Ctrl Pts',(82.0053065770317,-47.3869760579056,0.01));
#8039=CARTESIAN_POINT('Ctrl Pts',(81.8980221524835,-47.0995050668717,0.01));
#8040=CARTESIAN_POINT('Ctrl Pts',(81.7759513525855,-46.772413655693,0.01));
#8041=CARTESIAN_POINT('Ctrl Pts',(81.756836386705,-46.4083760006103,0.01));
#8042=CARTESIAN_POINT('Ctrl Pts',(81.7377214208245,-46.0443383455277,0.01));
#8043=CARTESIAN_POINT('',(82.3823337331414,-44.1053885221482,0.01));
#8044=CARTESIAN_POINT('Ctrl Pts',(81.7377214208245,-46.0443383455277,0.01));
#8045=CARTESIAN_POINT('Ctrl Pts',(81.755291959661,-45.6620917046102,0.01));
#8046=CARTESIAN_POINT('Ctrl Pts',(81.7728624984974,-45.2798450636926,0.01));
#8047=CARTESIAN_POINT('Ctrl Pts',(81.8988733068109,-44.9354535341263,0.01));
#8048=CARTESIAN_POINT('Ctrl Pts',(82.0068980027413,-44.6402186192777,0.01));
#8049=CARTESIAN_POINT('Ctrl Pts',(82.1946158679414,-44.372803570713,0.01));
#8050=CARTESIAN_POINT('Ctrl Pts',(82.3823337331414,-44.1053885221482,0.01));
#8051=CARTESIAN_POINT('',(84.0774230733514,-43.4147340059281,0.01));
#8052=CARTESIAN_POINT('Ctrl Pts',(82.3823337331414,-44.1053885221482,0.01));
#8053=CARTESIAN_POINT('Ctrl Pts',(82.6191030887827,-43.9039981561092,0.01));
#8054=CARTESIAN_POINT('Ctrl Pts',(82.855872444424,-43.7026077900701,0.01));
#8055=CARTESIAN_POINT('Ctrl Pts',(83.1284122243524,-43.5873976349831,0.01));
#8056=CARTESIAN_POINT('Ctrl Pts',(83.4178528980904,-43.4650430014004,0.01));
#8057=CARTESIAN_POINT('Ctrl Pts',(83.7476379857209,-43.4398885036642,0.01));
#8058=CARTESIAN_POINT('Ctrl Pts',(84.0774230733514,-43.4147340059281,0.01));
#8059=CARTESIAN_POINT('',(85.5678729787469,-43.9570254087449,0.01));
#8060=CARTESIAN_POINT('Ctrl Pts',(84.0774230733514,-43.4147340059281,0.01));
#8061=CARTESIAN_POINT('Ctrl Pts',(84.3644798890651,-43.4332887810739,0.01));
#8062=CARTESIAN_POINT('Ctrl Pts',(84.6515367047789,-43.4518435562198,0.01));
#8063=CARTESIAN_POINT('Ctrl Pts',(84.9087648168206,-43.5503068566323,0.01));
#8064=CARTESIAN_POINT('Ctrl Pts',(85.1452796832968,-43.6408414182127,0.01));
#8065=CARTESIAN_POINT('Ctrl Pts',(85.3565763310218,-43.7989334134788,0.01));
#8066=CARTESIAN_POINT('Ctrl Pts',(85.5678729787469,-43.9570254087449,0.01));
#8067=CARTESIAN_POINT('',(86.0794667974114,-44.8778992891312,0.01));
#8068=CARTESIAN_POINT('Ctrl Pts',(85.5678729787469,-43.9570254087449,0.01));
#8069=CARTESIAN_POINT('Ctrl Pts',(85.6762218984852,-44.0821498906601,0.01));
#8070=CARTESIAN_POINT('Ctrl Pts',(85.7845708182236,-44.2072743725754,0.01));
#8071=CARTESIAN_POINT('Ctrl Pts',(85.8663038983941,-44.3475443124772,0.01));
#8072=CARTESIAN_POINT('Ctrl Pts',(85.961356576151,-44.5106732850871,0.01));
#8073=CARTESIAN_POINT('Ctrl Pts',(86.0204116867812,-44.6942862871092,0.01));
#8074=CARTESIAN_POINT('Ctrl Pts',(86.0794667974114,-44.8778992891312,0.01));
#8075=CARTESIAN_POINT('',(85.080149628222,-45.1166433095933,0.01));
#8076=CARTESIAN_POINT('',(80.2123900034033,-46.279585906101,0.01));
#8077=CARTESIAN_POINT('',(84.7100953832269,-44.5027285814286,0.01));
#8078=CARTESIAN_POINT('Ctrl Pts',(85.080149628222,-45.1166433095933,0.01));
#8079=CARTESIAN_POINT('Ctrl Pts',(85.0439151833453,-44.9949642041739,0.01));
#8080=CARTESIAN_POINT('Ctrl Pts',(85.0076807384687,-44.8732850987545,0.01));
#8081=CARTESIAN_POINT('Ctrl Pts',(84.9432973638177,-44.7687584161759,0.01));
#8082=CARTESIAN_POINT('Ctrl Pts',(84.8823691844635,-44.6698412578571,0.01));
#8083=CARTESIAN_POINT('Ctrl Pts',(84.7962322838452,-44.5862849196429,0.01));
#8084=CARTESIAN_POINT('Ctrl Pts',(84.7100953832269,-44.5027285814286,0.01));
#8085=CARTESIAN_POINT('',(84.0262632146478,-44.2776256799698,0.01));
#8086=CARTESIAN_POINT('Ctrl Pts',(84.7100953832269,-44.5027285814286,0.01));
#8087=CARTESIAN_POINT('Ctrl Pts',(84.6093499615487,-44.4370900373959,0.01));
#8088=CARTESIAN_POINT('Ctrl Pts',(84.5086045398706,-44.3714514933633,0.01));
#8089=CARTESIAN_POINT('Ctrl Pts',(84.3984489217401,-44.3339014053345,0.01));
#8090=CARTESIAN_POINT('Ctrl Pts',(84.2814626322041,-44.2940228630978,0.01));
#8091=CARTESIAN_POINT('Ctrl Pts',(84.1538629234259,-44.2858242715338,0.01));
#8092=CARTESIAN_POINT('Ctrl Pts',(84.0262632146478,-44.2776256799698,0.01));
#8093=CARTESIAN_POINT('',(83.124149300158,-44.6766710281373,0.01));
#8094=CARTESIAN_POINT('Ctrl Pts',(84.0262632146478,-44.2776256799698,0.01));
#8095=CARTESIAN_POINT('Ctrl Pts',(83.850564957211,-44.293256629675,0.01));
#8096=CARTESIAN_POINT('Ctrl Pts',(83.6748666997744,-44.3088875793802,0.01));
#8097=CARTESIAN_POINT('Ctrl Pts',(83.5227660909295,-44.3773871660233,0.01));
#8098=CARTESIAN_POINT('Ctrl Pts',(83.3750574713976,-44.4439087891673,0.01));
#8099=CARTESIAN_POINT('Ctrl Pts',(83.2496033857778,-44.5602899086523,0.01));
#8100=CARTESIAN_POINT('Ctrl Pts',(83.124149300158,-44.6766710281373,0.01));
#8101=CARTESIAN_POINT('',(82.7779702916741,-45.9693038463593,0.01));
#8102=CARTESIAN_POINT('Ctrl Pts',(83.124149300158,-44.6766710281373,0.01));
#8103=CARTESIAN_POINT('Ctrl Pts',(83.023681909366,-44.8467964521102,0.01));
#8104=CARTESIAN_POINT('Ctrl Pts',(82.9232145185741,-45.0169218760832,0.01));
#8105=CARTESIAN_POINT('Ctrl Pts',(82.864516235888,-45.1993519067765,0.01));
#8106=CARTESIAN_POINT('Ctrl Pts',(82.7865888423649,-45.4415446276146,0.01));
#8107=CARTESIAN_POINT('Ctrl Pts',(82.7822795670195,-45.705424236987,0.01));
#8108=CARTESIAN_POINT('Ctrl Pts',(82.7779702916741,-45.9693038463593,0.01));
#8109=CARTESIAN_POINT('',(83.1190328374505,-47.3199176788331,0.01));
#8110=CARTESIAN_POINT('Ctrl Pts',(82.7779702916741,-45.9693038463593,0.01));
#8111=CARTESIAN_POINT('Ctrl Pts',(82.7808999276794,-46.2470442860151,0.01));
#8112=CARTESIAN_POINT('Ctrl Pts',(82.7838295636846,-46.5247847256709,0.01));
#8113=CARTESIAN_POINT('Ctrl Pts',(82.8632359281182,-46.7810362577439,0.01));
#8114=CARTESIAN_POINT('Ctrl Pts',(82.9212693236449,-46.9683152828093,0.01));
#8115=CARTESIAN_POINT('Ctrl Pts',(83.0201510805477,-47.1441164808212,0.01));
#8116=CARTESIAN_POINT('Ctrl Pts',(83.1190328374505,-47.3199176788331,0.01));
#8117=CARTESIAN_POINT('',(84.0057973638177,-47.7223736047745,0.01));
#8118=CARTESIAN_POINT('Ctrl Pts',(83.1190328374505,-47.3199176788331,0.01));
#8119=CARTESIAN_POINT('Ctrl Pts',(83.2456415371508,-47.4406570378785,0.01));
#8120=CARTESIAN_POINT('Ctrl Pts',(83.3676067633684,-47.5569681861187,0.01));
#8121=CARTESIAN_POINT('Ctrl Pts',(83.6635227828164,-47.6904750742093,0.01));
#8122=CARTESIAN_POINT('Ctrl Pts',(83.834660073317,-47.7064243394919,0.01));
#8123=CARTESIAN_POINT('Ctrl Pts',(84.0057973638177,-47.7223736047745,0.01));
#8124=CARTESIAN_POINT('',(84.698160149157,-47.4665755033494,0.01));
#8125=CARTESIAN_POINT('Ctrl Pts',(84.0057973638177,-47.7223736047745,0.01));
#8126=CARTESIAN_POINT('Ctrl Pts',(84.1333003466329,-47.7123065788922,0.01));
#8127=CARTESIAN_POINT('Ctrl Pts',(84.2608033294481,-47.7022395530099,0.01));
#8128=CARTESIAN_POINT('Ctrl Pts',(84.4917949722441,-47.6174377080269,0.01));
#8129=CARTESIAN_POINT('Ctrl Pts',(84.5928039202532,-47.5435956343943,0.01));
#8130=CARTESIAN_POINT('Ctrl Pts',(84.698160149157,-47.4665755033494,0.01));
#8131=CARTESIAN_POINT('Ctrl Pts',(84.698160149157,-47.4665755033494,0.01));
#8132=CARTESIAN_POINT('Ctrl Pts',(84.7895687363966,-47.3613853139589,0.01));
#8133=CARTESIAN_POINT('Ctrl Pts',(84.8809773236362,-47.2561951245684,0.01));
#8134=CARTESIAN_POINT('Ctrl Pts',(84.9471359029412,-47.1374487876893,0.01));
#8135=CARTESIAN_POINT('Ctrl Pts',(85.0279776332292,-46.9923480397664,0.01));
#8136=CARTESIAN_POINT('Ctrl Pts',(85.0711177116888,-46.8270061436396,0.01));
#8137=CARTESIAN_POINT('Ctrl Pts',(85.1142577901483,-46.6616642475129,0.01));
#8138=CARTESIAN_POINT('Ctrl Pts',(86.0794667974114,-44.8778992891312,0.));
#8139=CARTESIAN_POINT('Ctrl Pts',(86.0794667974114,-44.8778992891312,0.02));
#8140=CARTESIAN_POINT('Ctrl Pts',(86.0204116867812,-44.6942862871092,0.));
#8141=CARTESIAN_POINT('Ctrl Pts',(86.0204116867812,-44.6942862871092,0.02));
#8142=CARTESIAN_POINT('Ctrl Pts',(85.9105767748291,-44.3527897139057,0.));
#8143=CARTESIAN_POINT('Ctrl Pts',(85.9105767748291,-44.3527897139057,0.02));
#8144=CARTESIAN_POINT('Ctrl Pts',(85.6762218984852,-44.0821498906601,0.));
#8145=CARTESIAN_POINT('Ctrl Pts',(85.6762218984852,-44.0821498906601,0.02));
#8146=CARTESIAN_POINT('Ctrl Pts',(85.5678729787469,-43.9570254087449,0.));
#8147=CARTESIAN_POINT('Ctrl Pts',(85.5678729787469,-43.9570254087449,0.02));
#8148=CARTESIAN_POINT('',(85.5678729787469,-43.9570254087449,0.02));
#8149=CARTESIAN_POINT('',(85.5678729787469,-43.9570254087449,0.));
#8150=CARTESIAN_POINT('',(86.0794667974114,-44.8778992891312,0.02));
#8151=CARTESIAN_POINT('Ctrl Pts',(86.0794667974114,-44.8778992891312,0.02));
#8152=CARTESIAN_POINT('Ctrl Pts',(86.0204116867812,-44.6942862871092,0.02));
#8153=CARTESIAN_POINT('Ctrl Pts',(85.9105767748291,-44.3527897139057,0.02));
#8154=CARTESIAN_POINT('Ctrl Pts',(85.6762218984852,-44.0821498906601,0.02));
#8155=CARTESIAN_POINT('Ctrl Pts',(85.5678729787469,-43.9570254087449,0.02));
#8156=CARTESIAN_POINT('',(86.0794667974114,-44.8778992891312,0.));
#8157=CARTESIAN_POINT('Ctrl Pts',(85.5678729787469,-43.9570254087449,0.));
#8158=CARTESIAN_POINT('Ctrl Pts',(85.5678729787469,-43.9570254087449,0.02));
#8159=CARTESIAN_POINT('Ctrl Pts',(85.3565763310218,-43.7989334134788,0.));
#8160=CARTESIAN_POINT('Ctrl Pts',(85.3565763310218,-43.7989334134788,0.02));
#8161=CARTESIAN_POINT('Ctrl Pts',(84.9154783241482,-43.4689042115707,0.));
#8162=CARTESIAN_POINT('Ctrl Pts',(84.9154783241482,-43.4689042115707,0.02));
#8163=CARTESIAN_POINT('Ctrl Pts',(84.3644798890651,-43.4332887810739,0.));
#8164=CARTESIAN_POINT('Ctrl Pts',(84.3644798890651,-43.4332887810739,0.02));
#8165=CARTESIAN_POINT('Ctrl Pts',(84.0774230733514,-43.4147340059281,0.));
#8166=CARTESIAN_POINT('Ctrl Pts',(84.0774230733514,-43.4147340059281,0.02));
#8167=CARTESIAN_POINT('',(84.0774230733514,-43.4147340059281,0.02));
#8168=CARTESIAN_POINT('',(84.0774230733514,-43.4147340059281,0.));
#8169=CARTESIAN_POINT('Ctrl Pts',(85.5678729787469,-43.9570254087449,0.02));
#8170=CARTESIAN_POINT('Ctrl Pts',(85.3565763310218,-43.7989334134788,0.02));
#8171=CARTESIAN_POINT('Ctrl Pts',(84.9154783241482,-43.4689042115707,0.02));
#8172=CARTESIAN_POINT('Ctrl Pts',(84.3644798890651,-43.4332887810739,0.02));
#8173=CARTESIAN_POINT('Ctrl Pts',(84.0774230733514,-43.4147340059281,0.02));
#8174=CARTESIAN_POINT('Ctrl Pts',(84.0774230733514,-43.4147340059281,0.));
#8175=CARTESIAN_POINT('Ctrl Pts',(84.0774230733514,-43.4147340059281,0.02));
#8176=CARTESIAN_POINT('Ctrl Pts',(83.7476379857209,-43.4398885036642,0.));
#8177=CARTESIAN_POINT('Ctrl Pts',(83.7476379857209,-43.4398885036642,0.02));
#8178=CARTESIAN_POINT('Ctrl Pts',(83.1073244777211,-43.488728688656,0.));
#8179=CARTESIAN_POINT('Ctrl Pts',(83.1073244777211,-43.488728688656,0.02));
#8180=CARTESIAN_POINT('Ctrl Pts',(82.6191030887827,-43.9039981561092,0.));
#8181=CARTESIAN_POINT('Ctrl Pts',(82.6191030887827,-43.9039981561092,0.02));
#8182=CARTESIAN_POINT('Ctrl Pts',(82.3823337331414,-44.1053885221482,0.));
#8183=CARTESIAN_POINT('Ctrl Pts',(82.3823337331414,-44.1053885221482,0.02));
#8184=CARTESIAN_POINT('',(82.3823337331414,-44.1053885221482,0.02));
#8185=CARTESIAN_POINT('',(82.3823337331414,-44.1053885221482,0.));
#8186=CARTESIAN_POINT('Ctrl Pts',(84.0774230733514,-43.4147340059281,0.02));
#8187=CARTESIAN_POINT('Ctrl Pts',(83.7476379857209,-43.4398885036642,0.02));
#8188=CARTESIAN_POINT('Ctrl Pts',(83.1073244777211,-43.488728688656,0.02));
#8189=CARTESIAN_POINT('Ctrl Pts',(82.6191030887827,-43.9039981561092,0.02));
#8190=CARTESIAN_POINT('Ctrl Pts',(82.3823337331414,-44.1053885221482,0.02));
#8191=CARTESIAN_POINT('Ctrl Pts',(82.3823337331414,-44.1053885221482,0.));
#8192=CARTESIAN_POINT('Ctrl Pts',(82.3823337331414,-44.1053885221482,0.02));
#8193=CARTESIAN_POINT('Ctrl Pts',(82.1946158679414,-44.372803570713,0.));
#8194=CARTESIAN_POINT('Ctrl Pts',(82.1946158679414,-44.372803570713,0.02));
#8195=CARTESIAN_POINT('Ctrl Pts',(81.7879251120982,-44.9521582746925,0.));
#8196=CARTESIAN_POINT('Ctrl Pts',(81.7879251120982,-44.9521582746925,0.02));
#8197=CARTESIAN_POINT('Ctrl Pts',(81.755291959661,-45.6620917046102,0.));
#8198=CARTESIAN_POINT('Ctrl Pts',(81.755291959661,-45.6620917046102,0.02));
#8199=CARTESIAN_POINT('Ctrl Pts',(81.7377214208245,-46.0443383455277,0.));
#8200=CARTESIAN_POINT('Ctrl Pts',(81.7377214208245,-46.0443383455277,0.02));
#8201=CARTESIAN_POINT('',(81.7377214208245,-46.0443383455277,0.02));
#8202=CARTESIAN_POINT('',(81.7377214208245,-46.0443383455277,0.));
#8203=CARTESIAN_POINT('Ctrl Pts',(82.3823337331414,-44.1053885221482,0.02));
#8204=CARTESIAN_POINT('Ctrl Pts',(82.1946158679414,-44.372803570713,0.02));
#8205=CARTESIAN_POINT('Ctrl Pts',(81.7879251120982,-44.9521582746925,0.02));
#8206=CARTESIAN_POINT('Ctrl Pts',(81.755291959661,-45.6620917046102,0.02));
#8207=CARTESIAN_POINT('Ctrl Pts',(81.7377214208245,-46.0443383455277,0.02));
#8208=CARTESIAN_POINT('Ctrl Pts',(81.7377214208245,-46.0443383455277,0.));
#8209=CARTESIAN_POINT('Ctrl Pts',(81.7377214208245,-46.0443383455277,0.02));
#8210=CARTESIAN_POINT('Ctrl Pts',(81.756836386705,-46.4083760006103,0.));
#8211=CARTESIAN_POINT('Ctrl Pts',(81.756836386705,-46.4083760006103,0.02));
#8212=CARTESIAN_POINT('Ctrl Pts',(81.7927509321448,-47.0923556104607,0.));
#8213=CARTESIAN_POINT('Ctrl Pts',(81.7927509321448,-47.0923556104607,0.02));
#8214=CARTESIAN_POINT('Ctrl Pts',(82.192115462246,-47.645909276912,0.));
#8215=CARTESIAN_POINT('Ctrl Pts',(82.192115462246,-47.645909276912,0.02));
#8216=CARTESIAN_POINT('Ctrl Pts',(82.3789243474603,-47.9048424959183,0.));
#8217=CARTESIAN_POINT('Ctrl Pts',(82.3789243474603,-47.9048424959183,0.02));
#8218=CARTESIAN_POINT('',(82.3789243474603,-47.9048424959183,0.02));
#8219=CARTESIAN_POINT('',(82.3789243474603,-47.9048424959183,0.));
#8220=CARTESIAN_POINT('Ctrl Pts',(81.7377214208245,-46.0443383455277,0.02));
#8221=CARTESIAN_POINT('Ctrl Pts',(81.756836386705,-46.4083760006103,0.02));
#8222=CARTESIAN_POINT('Ctrl Pts',(81.7927509321448,-47.0923556104607,0.02));
#8223=CARTESIAN_POINT('Ctrl Pts',(82.192115462246,-47.645909276912,0.02));
#8224=CARTESIAN_POINT('Ctrl Pts',(82.3789243474603,-47.9048424959183,0.02));
#8225=CARTESIAN_POINT('Ctrl Pts',(82.3789243474603,-47.9048424959183,0.));
#8226=CARTESIAN_POINT('Ctrl Pts',(82.3789243474603,-47.9048424959183,0.02));
#8227=CARTESIAN_POINT('Ctrl Pts',(82.6103118074662,-48.1032812551666,0.));
#8228=CARTESIAN_POINT('Ctrl Pts',(82.6103118074662,-48.1032812551666,0.02));
#8229=CARTESIAN_POINT('Ctrl Pts',(83.0815190307589,-48.5073903487911,0.));
#8230=CARTESIAN_POINT('Ctrl Pts',(83.0815190307589,-48.5073903487911,0.02));
#8231=CARTESIAN_POINT('Ctrl Pts',(83.7008323107788,-48.5589995156656,0.));
#8232=CARTESIAN_POINT('Ctrl Pts',(83.7008323107788,-48.5589995156656,0.02));
#8233=CARTESIAN_POINT('Ctrl Pts',(84.0160302892327,-48.5852658748627,0.));
#8234=CARTESIAN_POINT('Ctrl Pts',(84.0160302892327,-48.5852658748627,0.02));
#8235=CARTESIAN_POINT('',(84.0160302892327,-48.5852658748627,0.02));
#8236=CARTESIAN_POINT('',(84.0160302892327,-48.5852658748627,0.));
#8237=CARTESIAN_POINT('Ctrl Pts',(82.3789243474603,-47.9048424959183,0.02));
#8238=CARTESIAN_POINT('Ctrl Pts',(82.6103118074662,-48.1032812551666,0.02));
#8239=CARTESIAN_POINT('Ctrl Pts',(83.0815190307589,-48.5073903487911,0.02));
#8240=CARTESIAN_POINT('Ctrl Pts',(83.7008323107788,-48.5589995156656,0.02));
#8241=CARTESIAN_POINT('Ctrl Pts',(84.0160302892327,-48.5852658748627,0.02));
#8242=CARTESIAN_POINT('Ctrl Pts',(84.0160302892327,-48.5852658748627,0.));
#8243=CARTESIAN_POINT('Ctrl Pts',(84.0160302892327,-48.5852658748627,0.02));
#8244=CARTESIAN_POINT('Ctrl Pts',(84.267218111783,-48.5726419894679,0.));
#8245=CARTESIAN_POINT('Ctrl Pts',(84.267218111783,-48.5726419894679,0.02));
#8246=CARTESIAN_POINT('Ctrl Pts',(84.7435681659597,-48.5487021804808,0.));
#8247=CARTESIAN_POINT('Ctrl Pts',(84.7435681659597,-48.5487021804808,0.02));
#8248=CARTESIAN_POINT('Ctrl Pts',(85.1516036333975,-48.3037230911006,0.));
#8249=CARTESIAN_POINT('Ctrl Pts',(85.1516036333975,-48.3037230911006,0.02));
#8250=CARTESIAN_POINT('Ctrl Pts',(85.3444747701287,-48.1879258155823,0.));
#8251=CARTESIAN_POINT('Ctrl Pts',(85.3444747701287,-48.1879258155823,0.02));
#8252=CARTESIAN_POINT('',(85.3444747701287,-48.1879258155823,0.02));
#8253=CARTESIAN_POINT('',(85.3444747701287,-48.1879258155823,0.));
#8254=CARTESIAN_POINT('Ctrl Pts',(84.0160302892327,-48.5852658748627,0.02));
#8255=CARTESIAN_POINT('Ctrl Pts',(84.267218111783,-48.5726419894679,0.02));
#8256=CARTESIAN_POINT('Ctrl Pts',(84.7435681659597,-48.5487021804808,0.02));
#8257=CARTESIAN_POINT('Ctrl Pts',(85.1516036333975,-48.3037230911006,0.02));
#8258=CARTESIAN_POINT('Ctrl Pts',(85.3444747701287,-48.1879258155823,0.02));
#8259=CARTESIAN_POINT('Ctrl Pts',(85.3444747701287,-48.1879258155823,0.));
#8260=CARTESIAN_POINT('Ctrl Pts',(85.3444747701287,-48.1879258155823,0.02));
#8261=CARTESIAN_POINT('Ctrl Pts',(85.5086934580914,-48.0295858515456,0.));
#8262=CARTESIAN_POINT('Ctrl Pts',(85.5086934580914,-48.0295858515456,0.02));
#8263=CARTESIAN_POINT('Ctrl Pts',(85.861431381389,-47.6894752905476,0.));
#8264=CARTESIAN_POINT('Ctrl Pts',(85.861431381389,-47.6894752905476,0.02));
#8265=CARTESIAN_POINT('Ctrl Pts',(86.0124160271064,-47.2219171708822,0.));
#8266=CARTESIAN_POINT('Ctrl Pts',(86.0124160271064,-47.2219171708822,0.02));
#8267=CARTESIAN_POINT('Ctrl Pts',(86.0931091085076,-46.9720327854157,0.));
#8268=CARTESIAN_POINT('Ctrl Pts',(86.0931091085076,-46.9720327854157,0.02));
#8269=CARTESIAN_POINT('',(86.0931091085076,-46.9720327854157,0.02));
#8270=CARTESIAN_POINT('',(86.0931091085076,-46.9720327854157,0.));
#8271=CARTESIAN_POINT('Ctrl Pts',(85.3444747701287,-48.1879258155823,0.02));
#8272=CARTESIAN_POINT('Ctrl Pts',(85.5086934580914,-48.0295858515456,0.02));
#8273=CARTESIAN_POINT('Ctrl Pts',(85.861431381389,-47.6894752905476,0.02));
#8274=CARTESIAN_POINT('Ctrl Pts',(86.0124160271064,-47.2219171708822,0.02));
#8275=CARTESIAN_POINT('Ctrl Pts',(86.0931091085076,-46.9720327854157,0.02));
#8276=CARTESIAN_POINT('Origin',(86.0931091085076,-46.9720327854157,0.));
#8277=CARTESIAN_POINT('',(85.1142577901483,-46.6616642475129,0.02));
#8278=CARTESIAN_POINT('',(85.1142577901483,-46.6616642475129,0.));
#8279=CARTESIAN_POINT('',(85.1142577901483,-46.6616642475129,0.02));
#8280=CARTESIAN_POINT('Origin',(85.080149628222,-45.1166433095933,0.));
#8281=CARTESIAN_POINT('',(85.080149628222,-45.1166433095933,0.02));
#8282=CARTESIAN_POINT('',(86.0794667974114,-44.8778992891312,0.02));
#8283=CARTESIAN_POINT('',(85.080149628222,-45.1166433095933,0.));
#8284=CARTESIAN_POINT('Ctrl Pts',(84.7100953832269,-44.5027285814286,0.));
#8285=CARTESIAN_POINT('Ctrl Pts',(84.7100953832269,-44.5027285814286,0.02));
#8286=CARTESIAN_POINT('Ctrl Pts',(84.7962322838452,-44.5862849196429,0.));
#8287=CARTESIAN_POINT('Ctrl Pts',(84.7962322838452,-44.5862849196429,0.02));
#8288=CARTESIAN_POINT('Ctrl Pts',(84.9733908496859,-44.75813601875,0.));
#8289=CARTESIAN_POINT('Ctrl Pts',(84.9733908496859,-44.75813601875,0.02));
#8290=CARTESIAN_POINT('Ctrl Pts',(85.0439151833453,-44.9949642041739,0.));
#8291=CARTESIAN_POINT('Ctrl Pts',(85.0439151833453,-44.9949642041739,0.02));
#8292=CARTESIAN_POINT('Ctrl Pts',(85.080149628222,-45.1166433095933,0.));
#8293=CARTESIAN_POINT('Ctrl Pts',(85.080149628222,-45.1166433095933,0.02));
#8294=CARTESIAN_POINT('',(84.7100953832269,-44.5027285814286,0.02));
#8295=CARTESIAN_POINT('Ctrl Pts',(84.7100953832269,-44.5027285814286,0.02));
#8296=CARTESIAN_POINT('Ctrl Pts',(84.7962322838452,-44.5862849196429,0.02));
#8297=CARTESIAN_POINT('Ctrl Pts',(84.9733908496859,-44.75813601875,0.02));
#8298=CARTESIAN_POINT('Ctrl Pts',(85.0439151833453,-44.9949642041739,0.02));
#8299=CARTESIAN_POINT('Ctrl Pts',(85.080149628222,-45.1166433095933,0.02));
#8300=CARTESIAN_POINT('',(84.7100953832269,-44.5027285814286,0.));
#8301=CARTESIAN_POINT('Ctrl Pts',(84.0262632146478,-44.2776256799698,0.));
#8302=CARTESIAN_POINT('Ctrl Pts',(84.0262632146478,-44.2776256799698,0.02));
#8303=CARTESIAN_POINT('Ctrl Pts',(84.1538629234259,-44.2858242715338,0.));
#8304=CARTESIAN_POINT('Ctrl Pts',(84.1538629234259,-44.2858242715338,0.02));
#8305=CARTESIAN_POINT('Ctrl Pts',(84.4016119663652,-44.301742749976,0.));
#8306=CARTESIAN_POINT('Ctrl Pts',(84.4016119663652,-44.301742749976,0.02));
#8307=CARTESIAN_POINT('Ctrl Pts',(84.6093499615487,-44.4370900373959,0.));
#8308=CARTESIAN_POINT('Ctrl Pts',(84.6093499615487,-44.4370900373959,0.02));
#8309=CARTESIAN_POINT('Ctrl Pts',(84.7100953832269,-44.5027285814286,0.));
#8310=CARTESIAN_POINT('Ctrl Pts',(84.7100953832269,-44.5027285814286,0.02));
#8311=CARTESIAN_POINT('',(84.0262632146478,-44.2776256799698,0.02));
#8312=CARTESIAN_POINT('Ctrl Pts',(84.0262632146478,-44.2776256799698,0.02));
#8313=CARTESIAN_POINT('Ctrl Pts',(84.1538629234259,-44.2858242715338,0.02));
#8314=CARTESIAN_POINT('Ctrl Pts',(84.4016119663652,-44.301742749976,0.02));
#8315=CARTESIAN_POINT('Ctrl Pts',(84.6093499615487,-44.4370900373959,0.02));
#8316=CARTESIAN_POINT('Ctrl Pts',(84.7100953832269,-44.5027285814286,0.02));
#8317=CARTESIAN_POINT('',(84.0262632146478,-44.2776256799698,0.));
#8318=CARTESIAN_POINT('Ctrl Pts',(83.124149300158,-44.6766710281373,0.));
#8319=CARTESIAN_POINT('Ctrl Pts',(83.124149300158,-44.6766710281373,0.02));
#8320=CARTESIAN_POINT('Ctrl Pts',(83.2496033857778,-44.5602899086523,0.));
#8321=CARTESIAN_POINT('Ctrl Pts',(83.2496033857778,-44.5602899086523,0.02));
#8322=CARTESIAN_POINT('Ctrl Pts',(83.5042418268219,-44.3240671767563,0.));
#8323=CARTESIAN_POINT('Ctrl Pts',(83.5042418268219,-44.3240671767563,0.02));
#8324=CARTESIAN_POINT('Ctrl Pts',(83.850564957211,-44.293256629675,0.));
#8325=CARTESIAN_POINT('Ctrl Pts',(83.850564957211,-44.293256629675,0.02));
#8326=CARTESIAN_POINT('Ctrl Pts',(84.0262632146478,-44.2776256799698,0.));
#8327=CARTESIAN_POINT('Ctrl Pts',(84.0262632146478,-44.2776256799698,0.02));
#8328=CARTESIAN_POINT('',(83.124149300158,-44.6766710281373,0.02));
#8329=CARTESIAN_POINT('Ctrl Pts',(83.124149300158,-44.6766710281373,0.02));
#8330=CARTESIAN_POINT('Ctrl Pts',(83.2496033857778,-44.5602899086523,0.02));
#8331=CARTESIAN_POINT('Ctrl Pts',(83.5042418268219,-44.3240671767563,0.02));
#8332=CARTESIAN_POINT('Ctrl Pts',(83.850564957211,-44.293256629675,0.02));
#8333=CARTESIAN_POINT('Ctrl Pts',(84.0262632146478,-44.2776256799698,0.02));
#8334=CARTESIAN_POINT('',(83.124149300158,-44.6766710281373,0.));
#8335=CARTESIAN_POINT('Ctrl Pts',(82.7779702916741,-45.9693038463593,0.));
#8336=CARTESIAN_POINT('Ctrl Pts',(82.7779702916741,-45.9693038463593,0.02));
#8337=CARTESIAN_POINT('Ctrl Pts',(82.7822795670195,-45.705424236987,0.));
#8338=CARTESIAN_POINT('Ctrl Pts',(82.7822795670195,-45.705424236987,0.02));
#8339=CARTESIAN_POINT('Ctrl Pts',(82.7898347749049,-45.2427790946518,0.));
#8340=CARTESIAN_POINT('Ctrl Pts',(82.7898347749049,-45.2427790946518,0.02));
#8341=CARTESIAN_POINT('Ctrl Pts',(83.023681909366,-44.8467964521102,0.));
#8342=CARTESIAN_POINT('Ctrl Pts',(83.023681909366,-44.8467964521102,0.02));
#8343=CARTESIAN_POINT('Ctrl Pts',(83.124149300158,-44.6766710281373,0.));
#8344=CARTESIAN_POINT('Ctrl Pts',(83.124149300158,-44.6766710281373,0.02));
#8345=CARTESIAN_POINT('',(82.7779702916741,-45.9693038463593,0.02));
#8346=CARTESIAN_POINT('Ctrl Pts',(82.7779702916741,-45.9693038463593,0.02));
#8347=CARTESIAN_POINT('Ctrl Pts',(82.7822795670195,-45.705424236987,0.02));
#8348=CARTESIAN_POINT('Ctrl Pts',(82.7898347749049,-45.2427790946518,0.02));
#8349=CARTESIAN_POINT('Ctrl Pts',(83.023681909366,-44.8467964521102,0.02));
#8350=CARTESIAN_POINT('Ctrl Pts',(83.124149300158,-44.6766710281373,0.02));
#8351=CARTESIAN_POINT('',(82.7779702916741,-45.9693038463593,0.));
#8352=CARTESIAN_POINT('Ctrl Pts',(83.1190328374505,-47.3199176788331,0.));
#8353=CARTESIAN_POINT('Ctrl Pts',(83.1190328374505,-47.3199176788331,0.02));
#8354=CARTESIAN_POINT('Ctrl Pts',(83.0201510805477,-47.1441164808212,0.));
#8355=CARTESIAN_POINT('Ctrl Pts',(83.0201510805477,-47.1441164808212,0.02));
#8356=CARTESIAN_POINT('Ctrl Pts',(82.785970660639,-46.7277687169829,0.));
#8357=CARTESIAN_POINT('Ctrl Pts',(82.785970660639,-46.7277687169829,0.02));
#8358=CARTESIAN_POINT('Ctrl Pts',(82.7808999276794,-46.2470442860151,0.));
#8359=CARTESIAN_POINT('Ctrl Pts',(82.7808999276794,-46.2470442860151,0.02));
#8360=CARTESIAN_POINT('Ctrl Pts',(82.7779702916741,-45.9693038463593,0.));
#8361=CARTESIAN_POINT('Ctrl Pts',(82.7779702916741,-45.9693038463593,0.02));
#8362=CARTESIAN_POINT('',(83.1190328374505,-47.3199176788331,0.02));
#8363=CARTESIAN_POINT('Ctrl Pts',(83.1190328374505,-47.3199176788331,0.02));
#8364=CARTESIAN_POINT('Ctrl Pts',(83.0201510805477,-47.1441164808212,0.02));
#8365=CARTESIAN_POINT('Ctrl Pts',(82.785970660639,-46.7277687169829,0.02));
#8366=CARTESIAN_POINT('Ctrl Pts',(82.7808999276794,-46.2470442860151,0.02));
#8367=CARTESIAN_POINT('Ctrl Pts',(82.7779702916741,-45.9693038463593,0.02));
#8368=CARTESIAN_POINT('',(83.1190328374505,-47.3199176788331,0.));
#8369=CARTESIAN_POINT('Ctrl Pts',(84.0057973638177,-47.7223736047745,0.));
#8370=CARTESIAN_POINT('Ctrl Pts',(84.0057973638177,-47.7223736047745,0.02));
#8371=CARTESIAN_POINT('Ctrl Pts',(83.8329904749628,-47.706268740049,0.));
#8372=CARTESIAN_POINT('Ctrl Pts',(83.8329904749628,-47.706268740049,0.02));
#8373=CARTESIAN_POINT('Ctrl Pts',(83.4907158939615,-47.6743702094838,0.));
#8374=CARTESIAN_POINT('Ctrl Pts',(83.4907158939615,-47.6743702094838,0.02));
#8375=CARTESIAN_POINT('Ctrl Pts',(83.2421187599978,-47.4372975700337,0.));
#8376=CARTESIAN_POINT('Ctrl Pts',(83.2421187599978,-47.4372975700337,0.02));
#8377=CARTESIAN_POINT('Ctrl Pts',(83.1190328374505,-47.3199176788331,0.));
#8378=CARTESIAN_POINT('Ctrl Pts',(83.1190328374505,-47.3199176788331,0.02));
#8379=CARTESIAN_POINT('',(84.0057973638177,-47.7223736047745,0.02));
#8380=CARTESIAN_POINT('Ctrl Pts',(84.0057973638177,-47.7223736047745,0.02));
#8381=CARTESIAN_POINT('Ctrl Pts',(83.8329904749628,-47.706268740049,0.02));
#8382=CARTESIAN_POINT('Ctrl Pts',(83.4907158939615,-47.6743702094838,0.02));
#8383=CARTESIAN_POINT('Ctrl Pts',(83.2421187599978,-47.4372975700337,0.02));
#8384=CARTESIAN_POINT('Ctrl Pts',(83.1190328374505,-47.3199176788331,0.02));
#8385=CARTESIAN_POINT('',(84.0057973638177,-47.7223736047745,0.));
#8386=CARTESIAN_POINT('Ctrl Pts',(84.698160149157,-47.4665755033494,0.));
#8387=CARTESIAN_POINT('Ctrl Pts',(84.698160149157,-47.4665755033494,0.02));
#8388=CARTESIAN_POINT('Ctrl Pts',(84.5961071171343,-47.5411808492478,0.));
#8389=CARTESIAN_POINT('Ctrl Pts',(84.5961071171343,-47.5411808492478,0.02));
#8390=CARTESIAN_POINT('Ctrl Pts',(84.3897172152732,-47.692061128972,0.));
#8391=CARTESIAN_POINT('Ctrl Pts',(84.3897172152732,-47.692061128972,0.02));
#8392=CARTESIAN_POINT('Ctrl Pts',(84.1347112496429,-47.7121951807366,0.));
#8393=CARTESIAN_POINT('Ctrl Pts',(84.1347112496429,-47.7121951807366,0.02));
#8394=CARTESIAN_POINT('Ctrl Pts',(84.0057973638177,-47.7223736047745,0.));
#8395=CARTESIAN_POINT('Ctrl Pts',(84.0057973638177,-47.7223736047745,0.02));
#8396=CARTESIAN_POINT('',(84.698160149157,-47.4665755033494,0.02));
#8397=CARTESIAN_POINT('Ctrl Pts',(84.698160149157,-47.4665755033494,0.02));
#8398=CARTESIAN_POINT('Ctrl Pts',(84.5961071171343,-47.5411808492478,0.02));
#8399=CARTESIAN_POINT('Ctrl Pts',(84.3897172152732,-47.692061128972,0.02));
#8400=CARTESIAN_POINT('Ctrl Pts',(84.1347112496429,-47.7121951807366,0.02));
#8401=CARTESIAN_POINT('Ctrl Pts',(84.0057973638177,-47.7223736047745,0.02));
#8402=CARTESIAN_POINT('',(84.698160149157,-47.4665755033494,0.));
#8403=CARTESIAN_POINT('Ctrl Pts',(85.1142577901483,-46.6616642475129,0.));
#8404=CARTESIAN_POINT('Ctrl Pts',(85.1142577901483,-46.6616642475129,0.02));
#8405=CARTESIAN_POINT('Ctrl Pts',(85.0711177116888,-46.8270061436396,0.));
#8406=CARTESIAN_POINT('Ctrl Pts',(85.0711177116888,-46.8270061436396,0.02));
#8407=CARTESIAN_POINT('Ctrl Pts',(84.9926730165193,-47.1276591582737,0.));
#8408=CARTESIAN_POINT('Ctrl Pts',(84.9926730165193,-47.1276591582737,0.02));
#8409=CARTESIAN_POINT('Ctrl Pts',(84.7895687363966,-47.3613853139589,0.));
#8410=CARTESIAN_POINT('Ctrl Pts',(84.7895687363966,-47.3613853139589,0.02));
#8411=CARTESIAN_POINT('Ctrl Pts',(84.698160149157,-47.4665755033494,0.));
#8412=CARTESIAN_POINT('Ctrl Pts',(84.698160149157,-47.4665755033494,0.02));
#8413=CARTESIAN_POINT('Ctrl Pts',(85.1142577901483,-46.6616642475129,0.02));
#8414=CARTESIAN_POINT('Ctrl Pts',(85.0711177116888,-46.8270061436396,0.02));
#8415=CARTESIAN_POINT('Ctrl Pts',(84.9926730165193,-47.1276591582737,0.02));
#8416=CARTESIAN_POINT('Ctrl Pts',(84.7895687363966,-47.3613853139589,0.02));
#8417=CARTESIAN_POINT('Ctrl Pts',(84.698160149157,-47.4665755033494,0.02));
#8418=CARTESIAN_POINT('Origin',(74.9999980702996,-45.9999999403954,0.02));
#8419=CARTESIAN_POINT('Origin',(52.5,-40.5,0.));
#8420=CARTESIAN_POINT('',(97.5,-40.5,0.02));
#8421=CARTESIAN_POINT('',(97.5,-40.5,0.));
#8422=CARTESIAN_POINT('',(52.5,-40.5,0.02));
#8423=CARTESIAN_POINT('',(52.5,-40.5,0.02));
#8424=CARTESIAN_POINT('',(52.5,-40.5,0.));
#8425=CARTESIAN_POINT('Origin',(97.5,-40.5,0.));
#8426=CARTESIAN_POINT('',(97.5,-51.5,0.02));
#8427=CARTESIAN_POINT('',(97.5,-51.5,0.));
#8428=CARTESIAN_POINT('',(97.5,-40.5,0.02));
#8429=CARTESIAN_POINT('Origin',(52.5,-51.5,0.));
#8430=CARTESIAN_POINT('',(52.5,-51.5,0.02));
#8431=CARTESIAN_POINT('',(52.5,-51.5,0.02));
#8432=CARTESIAN_POINT('',(52.5,-51.5,0.));
#8433=CARTESIAN_POINT('Origin',(97.5,-51.5,0.));
#8434=CARTESIAN_POINT('',(97.5,-51.5,0.02));
#8435=CARTESIAN_POINT('Origin',(51.5,-39.5,0.));
#8436=CARTESIAN_POINT('',(51.5,-52.5,0.));
#8437=CARTESIAN_POINT('',(51.5,-39.5,0.));
#8438=CARTESIAN_POINT('',(51.5,-52.5,0.));
#8439=CARTESIAN_POINT('',(51.5,-52.5,0.02));
#8440=CARTESIAN_POINT('',(51.5,-52.5,0.));
#8441=CARTESIAN_POINT('',(51.5,-39.5,0.02));
#8442=CARTESIAN_POINT('',(51.5,-52.5,0.02));
#8443=CARTESIAN_POINT('',(51.5,-39.5,0.));
#8444=CARTESIAN_POINT('Origin',(98.5,-39.5,0.));
#8445=CARTESIAN_POINT('',(98.5,-39.5,0.));
#8446=CARTESIAN_POINT('',(51.5,-39.5,0.));
#8447=CARTESIAN_POINT('',(98.5,-39.5,0.02));
#8448=CARTESIAN_POINT('',(51.5,-39.5,0.02));
#8449=CARTESIAN_POINT('',(98.5,-39.5,0.));
#8450=CARTESIAN_POINT('Origin',(98.5,-52.5,0.));
#8451=CARTESIAN_POINT('',(98.5,-52.5,0.));
#8452=CARTESIAN_POINT('',(98.5,-39.5,0.));
#8453=CARTESIAN_POINT('',(98.5,-52.5,0.02));
#8454=CARTESIAN_POINT('',(98.5,-39.5,0.02));
#8455=CARTESIAN_POINT('',(98.5,-52.5,0.));
#8456=CARTESIAN_POINT('Origin',(51.5,-52.5,0.));
#8457=CARTESIAN_POINT('',(98.5,-52.5,0.));
#8458=CARTESIAN_POINT('',(98.5,-52.5,0.02));
#8459=CARTESIAN_POINT('Origin',(75.,-46.,0.02));
#8460=CARTESIAN_POINT('Ctrl Pts',(79.7885398641229,-44.5590037107468,0.));
#8461=CARTESIAN_POINT('Ctrl Pts',(79.7885398641229,-44.5590037107468,0.02));
#8462=CARTESIAN_POINT('Ctrl Pts',(79.8278002873359,-44.6169229200128,0.));
#8463=CARTESIAN_POINT('Ctrl Pts',(79.8278002873359,-44.6169229200128,0.02));
#8464=CARTESIAN_POINT('Ctrl Pts',(79.9110078920715,-44.7396755109633,0.));
#8465=CARTESIAN_POINT('Ctrl Pts',(79.9110078920715,-44.7396755109633,0.02));
#8466=CARTESIAN_POINT('Ctrl Pts',(79.9190258679239,-44.8881544273812,0.));
#8467=CARTESIAN_POINT('Ctrl Pts',(79.9190258679239,-44.8881544273812,0.02));
#8468=CARTESIAN_POINT('Ctrl Pts',(79.92326066643,-44.9665755033494,0.));
#8469=CARTESIAN_POINT('Ctrl Pts',(79.92326066643,-44.9665755033494,0.02));
#8470=CARTESIAN_POINT('',(79.92326066643,-44.9665755033494,0.01));
#8471=CARTESIAN_POINT('',(79.7885398641229,-44.5590037107468,0.01));
#8472=CARTESIAN_POINT('Ctrl Pts',(79.92326066643,-44.9665755033494,0.01));
#8473=CARTESIAN_POINT('Ctrl Pts',(79.9190258679239,-44.8881544273812,0.01));
#8474=CARTESIAN_POINT('Ctrl Pts',(79.9147910694178,-44.809733351413,0.01));
#8475=CARTESIAN_POINT('Ctrl Pts',(79.8895816579461,-44.7384887933732,0.01));
#8476=CARTESIAN_POINT('Ctrl Pts',(79.8670607105488,-44.6748421292788,0.01));
#8477=CARTESIAN_POINT('Ctrl Pts',(79.8278002873359,-44.6169229200128,0.01));
#8478=CARTESIAN_POINT('Ctrl Pts',(79.7885398641229,-44.5590037107468,0.01));
#8479=CARTESIAN_POINT('',(79.92326066643,-44.9665755033494,0.02));
#8480=CARTESIAN_POINT('',(79.92326066643,-44.9665755033494,0.));
#8481=CARTESIAN_POINT('',(79.7885398641229,-44.5590037107468,0.02));
#8482=CARTESIAN_POINT('Ctrl Pts',(79.7885398641229,-44.5590037107468,0.02));
#8483=CARTESIAN_POINT('Ctrl Pts',(79.8278002873359,-44.6169229200128,0.02));
#8484=CARTESIAN_POINT('Ctrl Pts',(79.9110078920715,-44.7396755109633,0.02));
#8485=CARTESIAN_POINT('Ctrl Pts',(79.9190258679239,-44.8881544273812,0.02));
#8486=CARTESIAN_POINT('Ctrl Pts',(79.92326066643,-44.9665755033494,0.02));
#8487=CARTESIAN_POINT('',(79.7885398641229,-44.5590037107468,0.));
#8488=CARTESIAN_POINT('Ctrl Pts',(79.92326066643,-44.9665755033494,0.));
#8489=CARTESIAN_POINT('Ctrl Pts',(79.92326066643,-44.9665755033494,0.02));
#8490=CARTESIAN_POINT('Ctrl Pts',(79.9200601408746,-45.0368593415688,0.));
#8491=CARTESIAN_POINT('Ctrl Pts',(79.9200601408746,-45.0368593415688,0.02));
#8492=CARTESIAN_POINT('Ctrl Pts',(79.9140050172786,-45.1698304176769,0.));
#8493=CARTESIAN_POINT('Ctrl Pts',(79.9140050172786,-45.1698304176769,0.02));
#8494=CARTESIAN_POINT('Ctrl Pts',(79.850757874593,-45.28666587219,0.));
#8495=CARTESIAN_POINT('Ctrl Pts',(79.850757874593,-45.28666587219,0.02));
#8496=CARTESIAN_POINT('Ctrl Pts',(79.8209409490228,-45.341746211052,0.));
#8497=CARTESIAN_POINT('Ctrl Pts',(79.8209409490228,-45.341746211052,0.02));
#8498=CARTESIAN_POINT('',(79.8209409490228,-45.341746211052,0.01));
#8499=CARTESIAN_POINT('Ctrl Pts',(79.8209409490228,-45.341746211052,0.01));
#8500=CARTESIAN_POINT('Ctrl Pts',(79.850757874593,-45.28666587219,0.01));
#8501=CARTESIAN_POINT('Ctrl Pts',(79.8805748001632,-45.231585533328,0.01));
#8502=CARTESIAN_POINT('Ctrl Pts',(79.8976807370782,-45.1729190349579,0.01));
#8503=CARTESIAN_POINT('Ctrl Pts',(79.9168596153191,-45.1071431797883,0.01));
#8504=CARTESIAN_POINT('Ctrl Pts',(79.9200601408746,-45.0368593415688,0.01));
#8505=CARTESIAN_POINT('Ctrl Pts',(79.92326066643,-44.9665755033494,0.01));
#8506=CARTESIAN_POINT('',(79.8209409490228,-45.341746211052,0.02));
#8507=CARTESIAN_POINT('',(79.8209409490228,-45.341746211052,0.));
#8508=CARTESIAN_POINT('Ctrl Pts',(79.92326066643,-44.9665755033494,0.02));
#8509=CARTESIAN_POINT('Ctrl Pts',(79.9200601408746,-45.0368593415688,0.02));
#8510=CARTESIAN_POINT('Ctrl Pts',(79.9140050172786,-45.1698304176769,0.02));
#8511=CARTESIAN_POINT('Ctrl Pts',(79.850757874593,-45.28666587219,0.02));
#8512=CARTESIAN_POINT('Ctrl Pts',(79.8209409490228,-45.341746211052,0.02));
#8513=CARTESIAN_POINT('Ctrl Pts',(79.8209409490228,-45.341746211052,0.));
#8514=CARTESIAN_POINT('Ctrl Pts',(79.8209409490228,-45.341746211052,0.02));
#8515=CARTESIAN_POINT('Ctrl Pts',(79.783170386961,-45.3882069103529,0.));
#8516=CARTESIAN_POINT('Ctrl Pts',(79.783170386961,-45.3882069103529,0.02));
#8517=CARTESIAN_POINT('Ctrl Pts',(79.7065982042939,-45.4823965903448,0.));
#8518=CARTESIAN_POINT('Ctrl Pts',(79.7065982042939,-45.4823965903448,0.02));
#8519=CARTESIAN_POINT('Ctrl Pts',(79.5946067521498,-45.5293916705258,0.));
#8520=CARTESIAN_POINT('Ctrl Pts',(79.5946067521498,-45.5293916705258,0.02));
#8521=CARTESIAN_POINT('Ctrl Pts',(79.5378570333123,-45.5532056093216,0.));
#8522=CARTESIAN_POINT('Ctrl Pts',(79.5378570333123,-45.5532056093216,0.02));
#8523=CARTESIAN_POINT('',(79.5378570333123,-45.5532056093216,0.01));
#8524=CARTESIAN_POINT('Ctrl Pts',(79.5378570333123,-45.5532056093216,0.01));
#8525=CARTESIAN_POINT('Ctrl Pts',(79.5946067521498,-45.5293916705258,0.01));
#8526=CARTESIAN_POINT('Ctrl Pts',(79.6513564709873,-45.50557773173,0.01));
#8527=CARTESIAN_POINT('Ctrl Pts',(79.6990113034844,-45.4696452617646,0.01));
#8528=CARTESIAN_POINT('Ctrl Pts',(79.7453998248992,-45.4346676096539,0.01));
#8529=CARTESIAN_POINT('Ctrl Pts',(79.783170386961,-45.3882069103529,0.01));
#8530=CARTESIAN_POINT('Ctrl Pts',(79.8209409490228,-45.341746211052,0.01));
#8531=CARTESIAN_POINT('',(79.5378570333123,-45.5532056093216,0.02));
#8532=CARTESIAN_POINT('',(79.5378570333123,-45.5532056093216,0.));
#8533=CARTESIAN_POINT('Ctrl Pts',(79.8209409490228,-45.341746211052,0.02));
#8534=CARTESIAN_POINT('Ctrl Pts',(79.783170386961,-45.3882069103529,0.02));
#8535=CARTESIAN_POINT('Ctrl Pts',(79.7065982042939,-45.4823965903448,0.02));
#8536=CARTESIAN_POINT('Ctrl Pts',(79.5946067521498,-45.5293916705258,0.02));
#8537=CARTESIAN_POINT('Ctrl Pts',(79.5378570333123,-45.5532056093216,0.02));
#8538=CARTESIAN_POINT('Ctrl Pts',(79.5378570333123,-45.5532056093216,0.));
#8539=CARTESIAN_POINT('Ctrl Pts',(79.5378570333123,-45.5532056093216,0.02));
#8540=CARTESIAN_POINT('Ctrl Pts',(79.4323165626202,-45.5707651639172,0.));
#8541=CARTESIAN_POINT('Ctrl Pts',(79.4323165626202,-45.5707651639172,0.02));
#8542=CARTESIAN_POINT('Ctrl Pts',(79.132416643596,-45.6206617482965,0.));
#8543=CARTESIAN_POINT('Ctrl Pts',(79.132416643596,-45.6206617482965,0.02));
#8544=CARTESIAN_POINT('Ctrl Pts',(78.8279473981923,-45.6169819856879,0.));
#8545=CARTESIAN_POINT('Ctrl Pts',(78.8279473981923,-45.6169819856879,0.02));
#8546=CARTESIAN_POINT('Ctrl Pts',(78.6306266561151,-45.6145972013474,0.));
#8547=CARTESIAN_POINT('Ctrl Pts',(78.6306266561151,-45.6145972013474,0.02));
#8548=CARTESIAN_POINT('',(78.6306266561151,-45.6145972013474,0.01));
#8549=CARTESIAN_POINT('Ctrl Pts',(78.6306266561151,-45.6145972013474,0.01));
#8550=CARTESIAN_POINT('Ctrl Pts',(78.8279473981923,-45.6169819856879,0.01));
#8551=CARTESIAN_POINT('Ctrl Pts',(79.0252681402695,-45.6193667700283,0.01));
#8552=CARTESIAN_POINT('Ctrl Pts',(79.2206697240472,-45.5992490053177,0.01));
#8553=CARTESIAN_POINT('Ctrl Pts',(79.3267760919282,-45.5883247185128,0.01));
#8554=CARTESIAN_POINT('Ctrl Pts',(79.4323165626202,-45.5707651639172,0.01));
#8555=CARTESIAN_POINT('Ctrl Pts',(79.5378570333123,-45.5532056093216,0.01));
#8556=CARTESIAN_POINT('',(78.6306266561151,-45.6145972013474,0.02));
#8557=CARTESIAN_POINT('',(78.6306266561151,-45.6145972013474,0.));
#8558=CARTESIAN_POINT('Ctrl Pts',(79.5378570333123,-45.5532056093216,0.02));
#8559=CARTESIAN_POINT('Ctrl Pts',(79.4323165626202,-45.5707651639172,0.02));
#8560=CARTESIAN_POINT('Ctrl Pts',(79.132416643596,-45.6206617482965,0.02));
#8561=CARTESIAN_POINT('Ctrl Pts',(78.8279473981923,-45.6169819856879,0.02));
#8562=CARTESIAN_POINT('Ctrl Pts',(78.6306266561151,-45.6145972013474,0.02));
#8563=CARTESIAN_POINT('Origin',(78.6306266561151,-45.6145972013474,0.));
#8564=CARTESIAN_POINT('',(77.8836970105767,-45.6145972013474,0.01));
#8565=CARTESIAN_POINT('',(76.8153133280575,-45.6145972013474,0.01));
#8566=CARTESIAN_POINT('',(77.8836970105767,-45.6145972013474,0.02));
#8567=CARTESIAN_POINT('',(77.8836970105767,-45.6145972013474,0.));
#8568=CARTESIAN_POINT('',(77.8836970105767,-45.6145972013474,0.02));
#8569=CARTESIAN_POINT('Ctrl Pts',(80.7588653340936,-47.5245565176011,0.));
#8570=CARTESIAN_POINT('Ctrl Pts',(80.7588653340936,-47.5245565176011,0.02));
#8571=CARTESIAN_POINT('Ctrl Pts',(80.6548712773432,-47.3567183198529,0.));
#8572=CARTESIAN_POINT('Ctrl Pts',(80.6548712773432,-47.3567183198529,0.02));
#8573=CARTESIAN_POINT('Ctrl Pts',(80.4798397603581,-47.074231269363,0.));
#8574=CARTESIAN_POINT('Ctrl Pts',(80.4798397603581,-47.074231269363,0.02));
#8575=CARTESIAN_POINT('Ctrl Pts',(80.2695312399601,-46.8171580330028,0.));
#8576=CARTESIAN_POINT('Ctrl Pts',(80.2695312399601,-46.8171580330028,0.02));
#8577=CARTESIAN_POINT('Ctrl Pts',(80.1841764226556,-46.71282351017,0.));
#8578=CARTESIAN_POINT('Ctrl Pts',(80.1841764226556,-46.71282351017,0.02));
#8579=CARTESIAN_POINT('',(80.1841764226556,-46.71282351017,0.02));
#8580=CARTESIAN_POINT('',(80.1841764226556,-46.71282351017,0.));
#8581=CARTESIAN_POINT('',(80.7588653340936,-47.5245565176011,0.02));
#8582=CARTESIAN_POINT('Ctrl Pts',(80.7588653340936,-47.5245565176011,0.02));
#8583=CARTESIAN_POINT('Ctrl Pts',(80.6548712773432,-47.3567183198529,0.02));
#8584=CARTESIAN_POINT('Ctrl Pts',(80.4798397603581,-47.074231269363,0.02));
#8585=CARTESIAN_POINT('Ctrl Pts',(80.2695312399601,-46.8171580330028,0.02));
#8586=CARTESIAN_POINT('Ctrl Pts',(80.1841764226556,-46.71282351017,0.02));
#8587=CARTESIAN_POINT('',(80.7588653340936,-47.5245565176011,0.));
#8588=CARTESIAN_POINT('Ctrl Pts',(80.1841764226556,-46.71282351017,0.));
#8589=CARTESIAN_POINT('Ctrl Pts',(80.1841764226556,-46.71282351017,0.02));
#8590=CARTESIAN_POINT('Ctrl Pts',(80.1059194754977,-46.6368114018693,0.));
#8591=CARTESIAN_POINT('Ctrl Pts',(80.1059194754977,-46.6368114018693,0.02));
#8592=CARTESIAN_POINT('Ctrl Pts',(79.9413599810972,-46.4769723771621,0.));
#8593=CARTESIAN_POINT('Ctrl Pts',(79.9413599810972,-46.4769723771621,0.02));
#8594=CARTESIAN_POINT('Ctrl Pts',(79.7460274668276,-46.3564973341367,0.));
#8595=CARTESIAN_POINT('Ctrl Pts',(79.7460274668276,-46.3564973341367,0.02));
#8596=CARTESIAN_POINT('Ctrl Pts',(79.6435861364007,-46.2933146953583,0.));
#8597=CARTESIAN_POINT('Ctrl Pts',(79.6435861364007,-46.2933146953583,0.02));
#8598=CARTESIAN_POINT('',(79.6435861364007,-46.2933146953583,0.02));
#8599=CARTESIAN_POINT('',(79.6435861364007,-46.2933146953583,0.));
#8600=CARTESIAN_POINT('Ctrl Pts',(80.1841764226556,-46.71282351017,0.02));
#8601=CARTESIAN_POINT('Ctrl Pts',(80.1059194754977,-46.6368114018693,0.02));
#8602=CARTESIAN_POINT('Ctrl Pts',(79.9413599810972,-46.4769723771621,0.02));
#8603=CARTESIAN_POINT('Ctrl Pts',(79.7460274668276,-46.3564973341367,0.02));
#8604=CARTESIAN_POINT('Ctrl Pts',(79.6435861364007,-46.2933146953583,0.02));
#8605=CARTESIAN_POINT('Ctrl Pts',(79.6435861364007,-46.2933146953583,0.));
#8606=CARTESIAN_POINT('Ctrl Pts',(79.6435861364007,-46.2933146953583,0.02));
#8607=CARTESIAN_POINT('Ctrl Pts',(79.843932414204,-46.2558273508842,0.));
#8608=CARTESIAN_POINT('Ctrl Pts',(79.843932414204,-46.2558273508842,0.02));
#8609=CARTESIAN_POINT('Ctrl Pts',(80.2146789397989,-46.1864559461845,0.));
#8610=CARTESIAN_POINT('Ctrl Pts',(80.2146789397989,-46.1864559461845,0.02));
#8611=CARTESIAN_POINT('Ctrl Pts',(80.50105344987,-45.9430471312892,0.));
#8612=CARTESIAN_POINT('Ctrl Pts',(80.50105344987,-45.9430471312892,0.02));
#8613=CARTESIAN_POINT('Ctrl Pts',(80.6326751485467,-45.8311730623246,0.));
#8614=CARTESIAN_POINT('Ctrl Pts',(80.6326751485467,-45.8311730623246,0.02));
#8615=CARTESIAN_POINT('',(80.6326751485467,-45.8311730623246,0.02));
#8616=CARTESIAN_POINT('',(80.6326751485467,-45.8311730623246,0.));
#8617=CARTESIAN_POINT('Ctrl Pts',(79.6435861364007,-46.2933146953583,0.02));
#8618=CARTESIAN_POINT('Ctrl Pts',(79.843932414204,-46.2558273508842,0.02));
#8619=CARTESIAN_POINT('Ctrl Pts',(80.2146789397989,-46.1864559461845,0.02));
#8620=CARTESIAN_POINT('Ctrl Pts',(80.50105344987,-45.9430471312892,0.02));
#8621=CARTESIAN_POINT('Ctrl Pts',(80.6326751485467,-45.8311730623246,0.02));
#8622=CARTESIAN_POINT('Ctrl Pts',(80.6326751485467,-45.8311730623246,0.));
#8623=CARTESIAN_POINT('Ctrl Pts',(80.6326751485467,-45.8311730623246,0.02));
#8624=CARTESIAN_POINT('Ctrl Pts',(80.7291324677711,-45.6976174926385,0.));
#8625=CARTESIAN_POINT('Ctrl Pts',(80.7291324677711,-45.6976174926385,0.02));
#8626=CARTESIAN_POINT('Ctrl Pts',(80.9292695999407,-45.4205060311427,0.));
#8627=CARTESIAN_POINT('Ctrl Pts',(80.9292695999407,-45.4205060311427,0.02));
#8628=CARTESIAN_POINT('Ctrl Pts',(80.9518217605316,-45.0787947601678,0.));
#8629=CARTESIAN_POINT('Ctrl Pts',(80.9518217605316,-45.0787947601678,0.02));
#8630=CARTESIAN_POINT('Ctrl Pts',(80.963504768908,-44.9017733335496,0.));
#8631=CARTESIAN_POINT('Ctrl Pts',(80.963504768908,-44.9017733335496,0.02));
#8632=CARTESIAN_POINT('',(80.963504768908,-44.9017733335496,0.02));
#8633=CARTESIAN_POINT('',(80.963504768908,-44.9017733335496,0.));
#8634=CARTESIAN_POINT('Ctrl Pts',(80.6326751485467,-45.8311730623246,0.02));
#8635=CARTESIAN_POINT('Ctrl Pts',(80.7291324677711,-45.6976174926385,0.02));
#8636=CARTESIAN_POINT('Ctrl Pts',(80.9292695999407,-45.4205060311427,0.02));
#8637=CARTESIAN_POINT('Ctrl Pts',(80.9518217605316,-45.0787947601678,0.02));
#8638=CARTESIAN_POINT('Ctrl Pts',(80.963504768908,-44.9017733335496,0.02));
#8639=CARTESIAN_POINT('Ctrl Pts',(80.963504768908,-44.9017733335496,0.));
#8640=CARTESIAN_POINT('Ctrl Pts',(80.963504768908,-44.9017733335496,0.02));
#8641=CARTESIAN_POINT('Ctrl Pts',(80.9552448881228,-44.7594356396234,0.));
#8642=CARTESIAN_POINT('Ctrl Pts',(80.9552448881228,-44.7594356396234,0.02));
#8643=CARTESIAN_POINT('Ctrl Pts',(80.9390836725193,-44.4809388646867,0.));
#8644=CARTESIAN_POINT('Ctrl Pts',(80.9390836725193,-44.4809388646867,0.02));
#8645=CARTESIAN_POINT('Ctrl Pts',(80.8088803607738,-44.2344333095849,0.));
#8646=CARTESIAN_POINT('Ctrl Pts',(80.8088803607738,-44.2344333095849,0.02));
#8647=CARTESIAN_POINT('Ctrl Pts',(80.7452230229974,-44.1139149665833,0.));
#8648=CARTESIAN_POINT('Ctrl Pts',(80.7452230229974,-44.1139149665833,0.02));
#8649=CARTESIAN_POINT('',(80.7452230229974,-44.1139149665833,0.02));
#8650=CARTESIAN_POINT('',(80.7452230229974,-44.1139149665833,0.));
#8651=CARTESIAN_POINT('Ctrl Pts',(80.963504768908,-44.9017733335496,0.02));
#8652=CARTESIAN_POINT('Ctrl Pts',(80.9552448881228,-44.7594356396234,0.02));
#8653=CARTESIAN_POINT('Ctrl Pts',(80.9390836725193,-44.4809388646867,0.02));
#8654=CARTESIAN_POINT('Ctrl Pts',(80.8088803607738,-44.2344333095849,0.02));
#8655=CARTESIAN_POINT('Ctrl Pts',(80.7452230229974,-44.1139149665833,0.02));
#8656=CARTESIAN_POINT('Ctrl Pts',(80.7452230229974,-44.1139149665833,0.));
#8657=CARTESIAN_POINT('Ctrl Pts',(80.7452230229974,-44.1139149665833,0.02));
#8658=CARTESIAN_POINT('Ctrl Pts',(80.6672852673861,-44.0081537697555,0.));
#8659=CARTESIAN_POINT('Ctrl Pts',(80.6672852673861,-44.0081537697555,0.02));
#8660=CARTESIAN_POINT('Ctrl Pts',(80.5135455913382,-43.799529695182,0.));
#8661=CARTESIAN_POINT('Ctrl Pts',(80.5135455913382,-43.799529695182,0.02));
#8662=CARTESIAN_POINT('Ctrl Pts',(80.2792371984639,-43.6891452907602,0.));
#8663=CARTESIAN_POINT('Ctrl Pts',(80.2792371984639,-43.6891452907602,0.02));
#8664=CARTESIAN_POINT('Ctrl Pts',(80.1637105718255,-43.6347198486329,0.));
#8665=CARTESIAN_POINT('Ctrl Pts',(80.1637105718255,-43.6347198486329,0.02));
#8666=CARTESIAN_POINT('',(80.1637105718255,-43.6347198486329,0.02));
#8667=CARTESIAN_POINT('',(80.1637105718255,-43.6347198486329,0.));
#8668=CARTESIAN_POINT('Ctrl Pts',(80.7452230229974,-44.1139149665833,0.02));
#8669=CARTESIAN_POINT('Ctrl Pts',(80.6672852673861,-44.0081537697555,0.02));
#8670=CARTESIAN_POINT('Ctrl Pts',(80.5135455913382,-43.799529695182,0.02));
#8671=CARTESIAN_POINT('Ctrl Pts',(80.2792371984639,-43.6891452907602,0.02));
#8672=CARTESIAN_POINT('Ctrl Pts',(80.1637105718255,-43.6347198486329,0.02));
#8673=CARTESIAN_POINT('Ctrl Pts',(80.1637105718255,-43.6347198486329,0.));
#8674=CARTESIAN_POINT('Ctrl Pts',(80.1637105718255,-43.6347198486329,0.02));
#8675=CARTESIAN_POINT('Ctrl Pts',(80.0068025278839,-43.5957282278559,0.));
#8676=CARTESIAN_POINT('Ctrl Pts',(80.0068025278839,-43.5957282278559,0.02));
#8677=CARTESIAN_POINT('Ctrl Pts',(79.6250684584914,-43.5008673800786,0.));
#8678=CARTESIAN_POINT('Ctrl Pts',(79.6250684584914,-43.5008673800786,0.02));
#8679=CARTESIAN_POINT('Ctrl Pts',(79.2310434733347,-43.5003212758283,0.));
#8680=CARTESIAN_POINT('Ctrl Pts',(79.2310434733347,-43.5003212758283,0.02));
#8681=CARTESIAN_POINT('Ctrl Pts',(78.9989785924554,-43.4999996423722,0.));
#8682=CARTESIAN_POINT('Ctrl Pts',(78.9989785924554,-43.4999996423722,0.02));
#8683=CARTESIAN_POINT('',(78.9989785924554,-43.4999996423722,0.02));
#8684=CARTESIAN_POINT('',(78.9989785924554,-43.4999996423722,0.));
#8685=CARTESIAN_POINT('Ctrl Pts',(80.1637105718255,-43.6347198486329,0.02));
#8686=CARTESIAN_POINT('Ctrl Pts',(80.0068025278839,-43.5957282278559,0.02));
#8687=CARTESIAN_POINT('Ctrl Pts',(79.6250684584914,-43.5008673800786,0.02));
#8688=CARTESIAN_POINT('Ctrl Pts',(79.2310434733347,-43.5003212758283,0.02));
#8689=CARTESIAN_POINT('Ctrl Pts',(78.9989785924554,-43.4999996423722,0.02));
#8690=CARTESIAN_POINT('Origin',(78.9989785924554,-43.4999996423722,0.));
#8691=CARTESIAN_POINT('',(76.8741469159722,-43.4999996423722,0.02));
#8692=CARTESIAN_POINT('',(76.8741469159722,-43.4999996423722,0.));
#8693=CARTESIAN_POINT('',(76.8741469159722,-43.4999996423722,0.02));
#8694=CARTESIAN_POINT('Origin',(76.8741469159722,-43.4999996423722,0.));
#8695=CARTESIAN_POINT('',(76.8741469159722,-48.4999996423722,0.02));
#8696=CARTESIAN_POINT('',(76.8741469159722,-48.4999996423722,0.));
#8697=CARTESIAN_POINT('',(76.8741469159722,-48.4999996423722,0.02));
#8698=CARTESIAN_POINT('Ctrl Pts',(79.4082526937127,-44.3628919124604,0.));
#8699=CARTESIAN_POINT('Ctrl Pts',(79.4082526937127,-44.3628919124604,0.02));
#8700=CARTESIAN_POINT('Ctrl Pts',(79.4841609057997,-44.3798214117561,0.));
#8701=CARTESIAN_POINT('Ctrl Pts',(79.4841609057997,-44.3798214117561,0.02));
#8702=CARTESIAN_POINT('Ctrl Pts',(79.628435188278,-44.4119983172114,0.));
#8703=CARTESIAN_POINT('Ctrl Pts',(79.628435188278,-44.4119983172114,0.02));
#8704=CARTESIAN_POINT('Ctrl Pts',(79.7370645566796,-44.5117399579044,0.));
#8705=CARTESIAN_POINT('Ctrl Pts',(79.7370645566796,-44.5117399579044,0.02));
#8706=CARTESIAN_POINT('Ctrl Pts',(79.7885398641229,-44.5590037107468,0.));
#8707=CARTESIAN_POINT('Ctrl Pts',(79.7885398641229,-44.5590037107468,0.02));
#8708=CARTESIAN_POINT('',(79.4082526937127,-44.3628919124604,0.01));
#8709=CARTESIAN_POINT('Ctrl Pts',(79.7885398641229,-44.5590037107468,0.01));
#8710=CARTESIAN_POINT('Ctrl Pts',(79.7370645566796,-44.5117399579044,0.01));
#8711=CARTESIAN_POINT('Ctrl Pts',(79.6855892492364,-44.464476205062,0.01));
#8712=CARTESIAN_POINT('Ctrl Pts',(79.6261100545526,-44.4323837757111,0.01));
#8713=CARTESIAN_POINT('Ctrl Pts',(79.5600691178866,-44.3967509110517,0.01));
#8714=CARTESIAN_POINT('Ctrl Pts',(79.4841609057997,-44.3798214117561,0.01));
#8715=CARTESIAN_POINT('Ctrl Pts',(79.4082526937127,-44.3628919124604,0.01));
#8716=CARTESIAN_POINT('',(79.4082526937127,-44.3628919124604,0.02));
#8717=CARTESIAN_POINT('Ctrl Pts',(79.4082526937127,-44.3628919124604,0.02));
#8718=CARTESIAN_POINT('Ctrl Pts',(79.4841609057997,-44.3798214117561,0.02));
#8719=CARTESIAN_POINT('Ctrl Pts',(79.628435188278,-44.4119983172114,0.02));
#8720=CARTESIAN_POINT('Ctrl Pts',(79.7370645566796,-44.5117399579044,0.02));
#8721=CARTESIAN_POINT('Ctrl Pts',(79.7885398641229,-44.5590037107468,0.02));
#8722=CARTESIAN_POINT('',(79.4082526937127,-44.3628919124604,0.));
#8723=CARTESIAN_POINT('Ctrl Pts',(78.6715535894036,-44.3458384275437,0.));
#8724=CARTESIAN_POINT('Ctrl Pts',(78.6715535894036,-44.3458384275437,0.02));
#8725=CARTESIAN_POINT('Ctrl Pts',(78.8353370794806,-44.3448958368259,0.));
#8726=CARTESIAN_POINT('Ctrl Pts',(78.8353370794806,-44.3448958368259,0.02));
#8727=CARTESIAN_POINT('Ctrl Pts',(79.0811190313436,-44.3434813365833,0.));
#8728=CARTESIAN_POINT('Ctrl Pts',(79.0811190313436,-44.3434813365833,0.02));
#8729=CARTESIAN_POINT('Ctrl Pts',(79.3264160250293,-44.3580361087027,0.));
#8730=CARTESIAN_POINT('Ctrl Pts',(79.3264160250293,-44.3580361087027,0.02));
#8731=CARTESIAN_POINT('Ctrl Pts',(79.4082526937127,-44.3628919124604,0.));
#8732=CARTESIAN_POINT('Ctrl Pts',(79.4082526937127,-44.3628919124604,0.02));
#8733=CARTESIAN_POINT('',(78.6715535894036,-44.3458384275437,0.01));
#8734=CARTESIAN_POINT('Ctrl Pts',(79.4082526937127,-44.3628919124604,0.01));
#8735=CARTESIAN_POINT('Ctrl Pts',(79.3264160250293,-44.3580361087027,0.01));
#8736=CARTESIAN_POINT('Ctrl Pts',(79.244579356346,-44.353180304945,0.01));
#8737=CARTESIAN_POINT('Ctrl Pts',(79.1626887097955,-44.3501019477845,0.01));
#8738=CARTESIAN_POINT('Ctrl Pts',(78.9991205695576,-44.343953246108,0.01));
#8739=CARTESIAN_POINT('Ctrl Pts',(78.8353370794806,-44.3448958368259,0.01));
#8740=CARTESIAN_POINT('Ctrl Pts',(78.6715535894036,-44.3458384275437,0.01));
#8741=CARTESIAN_POINT('',(78.6715535894036,-44.3458384275437,0.02));
#8742=CARTESIAN_POINT('Ctrl Pts',(78.6715535894036,-44.3458384275437,0.02));
#8743=CARTESIAN_POINT('Ctrl Pts',(78.8353370794806,-44.3448958368259,0.02));
#8744=CARTESIAN_POINT('Ctrl Pts',(79.0811190313436,-44.3434813365833,0.02));
#8745=CARTESIAN_POINT('Ctrl Pts',(79.3264160250293,-44.3580361087027,0.02));
#8746=CARTESIAN_POINT('Ctrl Pts',(79.4082526937127,-44.3628919124604,0.02));
#8747=CARTESIAN_POINT('',(78.6715535894036,-44.3458384275437,0.));
#8748=CARTESIAN_POINT('Origin',(77.8836970105767,-44.3458384275437,0.));
#8749=CARTESIAN_POINT('',(77.8836970105767,-44.3458384275437,0.01));
#8750=CARTESIAN_POINT('',(76.4418485052884,-44.3458384275437,0.01));
#8751=CARTESIAN_POINT('',(77.8836970105767,-44.3458384275437,0.02));
#8752=CARTESIAN_POINT('',(78.6715535894036,-44.3458384275437,0.02));
#8753=CARTESIAN_POINT('',(77.8836970105767,-44.3458384275437,0.));
#8754=CARTESIAN_POINT('Origin',(77.8836970105767,-45.6145972013474,0.));
#8755=CARTESIAN_POINT('',(77.8836970105767,-45.8072986006737,0.01));
#8756=CARTESIAN_POINT('',(77.8836970105767,-44.3458384275437,0.02));
#8757=CARTESIAN_POINT('Origin',(81.3693742528558,-48.4999996423722,0.));
#8758=CARTESIAN_POINT('',(81.3693742528558,-48.4999996423722,0.02));
#8759=CARTESIAN_POINT('',(80.7588653340936,-47.5245565176011,0.02));
#8760=CARTESIAN_POINT('',(81.3693742528558,-48.4999996423722,0.));
#8761=CARTESIAN_POINT('Origin',(80.1620034947991,-48.4999996423722,0.));
#8762=CARTESIAN_POINT('',(80.1620034947991,-48.4999996423722,0.02));
#8763=CARTESIAN_POINT('',(81.3693742528558,-48.4999996423722,0.02));
#8764=CARTESIAN_POINT('',(80.1620034947991,-48.4999996423722,0.));
#8765=CARTESIAN_POINT('Origin',(79.4321279302239,-47.4120050668717,0.));
#8766=CARTESIAN_POINT('',(79.4321279302239,-47.4120050668717,0.02));
#8767=CARTESIAN_POINT('',(80.1620034947991,-48.4999996423722,0.02));
#8768=CARTESIAN_POINT('',(79.4321279302239,-47.4120050668717,0.));
#8769=CARTESIAN_POINT('Ctrl Pts',(78.9000682607293,-46.6770118474961,0.));
#8770=CARTESIAN_POINT('Ctrl Pts',(78.9000682607293,-46.6770118474961,0.02));
#8771=CARTESIAN_POINT('Ctrl Pts',(78.9693201517287,-46.7627911249208,0.));
#8772=CARTESIAN_POINT('Ctrl Pts',(78.9693201517287,-46.7627911249208,0.02));
#8773=CARTESIAN_POINT('Ctrl Pts',(79.1594864282281,-46.9983417438752,0.));
#8774=CARTESIAN_POINT('Ctrl Pts',(79.1594864282281,-46.9983417438752,0.02));
#8775=CARTESIAN_POINT('Ctrl Pts',(79.3261545165641,-47.2512176807882,0.));
#8776=CARTESIAN_POINT('Ctrl Pts',(79.3261545165641,-47.2512176807882,0.02));
#8777=CARTESIAN_POINT('Ctrl Pts',(79.4321279302239,-47.4120050668717,0.));
#8778=CARTESIAN_POINT('Ctrl Pts',(79.4321279302239,-47.4120050668717,0.02));
#8779=CARTESIAN_POINT('',(78.9000682607293,-46.6770118474961,0.02));
#8780=CARTESIAN_POINT('Ctrl Pts',(78.9000682607293,-46.6770118474961,0.02));
#8781=CARTESIAN_POINT('Ctrl Pts',(78.9693201517287,-46.7627911249208,0.02));
#8782=CARTESIAN_POINT('Ctrl Pts',(79.1594864282281,-46.9983417438752,0.02));
#8783=CARTESIAN_POINT('Ctrl Pts',(79.3261545165641,-47.2512176807882,0.02));
#8784=CARTESIAN_POINT('Ctrl Pts',(79.4321279302239,-47.4120050668717,0.02));
#8785=CARTESIAN_POINT('',(78.9000682607293,-46.6770118474961,0.));
#8786=CARTESIAN_POINT('Ctrl Pts',(78.5965208783746,-46.4689630270005,0.));
#8787=CARTESIAN_POINT('Ctrl Pts',(78.5965208783746,-46.4689630270005,0.02));
#8788=CARTESIAN_POINT('Ctrl Pts',(78.6503862556643,-46.4929375059075,0.));
#8789=CARTESIAN_POINT('Ctrl Pts',(78.6503862556643,-46.4929375059075,0.02));
#8790=CARTESIAN_POINT('Ctrl Pts',(78.7642035903775,-46.5435954874837,0.));
#8791=CARTESIAN_POINT('Ctrl Pts',(78.7642035903775,-46.5435954874837,0.02));
#8792=CARTESIAN_POINT('Ctrl Pts',(78.853193736283,-46.6309820119785,0.));
#8793=CARTESIAN_POINT('Ctrl Pts',(78.853193736283,-46.6309820119785,0.02));
#8794=CARTESIAN_POINT('Ctrl Pts',(78.9000682607293,-46.6770118474961,0.));
#8795=CARTESIAN_POINT('Ctrl Pts',(78.9000682607293,-46.6770118474961,0.02));
#8796=CARTESIAN_POINT('',(78.5965208783746,-46.4689630270005,0.02));
#8797=CARTESIAN_POINT('Ctrl Pts',(78.5965208783746,-46.4689630270005,0.02));
#8798=CARTESIAN_POINT('Ctrl Pts',(78.6503862556643,-46.4929375059075,0.02));
#8799=CARTESIAN_POINT('Ctrl Pts',(78.7642035903775,-46.5435954874837,0.02));
#8800=CARTESIAN_POINT('Ctrl Pts',(78.853193736283,-46.6309820119785,0.02));
#8801=CARTESIAN_POINT('Ctrl Pts',(78.9000682607293,-46.6770118474961,0.02));
#8802=CARTESIAN_POINT('',(78.5965208783746,-46.4689630270005,0.));
#8803=CARTESIAN_POINT('Ctrl Pts',(78.0883340612054,-46.4126873016358,0.));
#8804=CARTESIAN_POINT('Ctrl Pts',(78.0883340612054,-46.4126873016358,0.02));
#8805=CARTESIAN_POINT('Ctrl Pts',(78.1892254546309,-46.4128641838608,0.));
#8806=CARTESIAN_POINT('Ctrl Pts',(78.1892254546309,-46.4128641838608,0.02));
#8807=CARTESIAN_POINT('Ctrl Pts',(78.3609184387425,-46.4131651950375,0.));
#8808=CARTESIAN_POINT('Ctrl Pts',(78.3609184387425,-46.4131651950375,0.02));
#8809=CARTESIAN_POINT('Ctrl Pts',(78.5277315971736,-46.4526716305306,0.));
#8810=CARTESIAN_POINT('Ctrl Pts',(78.5277315971736,-46.4526716305306,0.02));
#8811=CARTESIAN_POINT('Ctrl Pts',(78.5965208783746,-46.4689630270005,0.));
#8812=CARTESIAN_POINT('Ctrl Pts',(78.5965208783746,-46.4689630270005,0.02));
#8813=CARTESIAN_POINT('',(78.0883340612054,-46.4126873016358,0.02));
#8814=CARTESIAN_POINT('Ctrl Pts',(78.0883340612054,-46.4126873016358,0.02));
#8815=CARTESIAN_POINT('Ctrl Pts',(78.1892254546309,-46.4128641838608,0.02));
#8816=CARTESIAN_POINT('Ctrl Pts',(78.3609184387425,-46.4131651950375,0.02));
#8817=CARTESIAN_POINT('Ctrl Pts',(78.5277315971736,-46.4526716305306,0.02));
#8818=CARTESIAN_POINT('Ctrl Pts',(78.5965208783746,-46.4689630270005,0.02));
#8819=CARTESIAN_POINT('',(78.0883340612054,-46.4126873016358,0.));
#8820=CARTESIAN_POINT('Origin',(77.8836970105767,-46.4126873016358,0.));
#8821=CARTESIAN_POINT('',(77.8836970105767,-46.4126873016358,0.02));
#8822=CARTESIAN_POINT('',(78.0883340612054,-46.4126873016358,0.02));
#8823=CARTESIAN_POINT('',(77.8836970105767,-46.4126873016358,0.));
#8824=CARTESIAN_POINT('Origin',(77.8836970105767,-48.4999996423722,0.));
#8825=CARTESIAN_POINT('',(77.8836970105767,-48.4999996423722,0.02));
#8826=CARTESIAN_POINT('',(77.8836970105767,-46.4126873016358,0.02));
#8827=CARTESIAN_POINT('',(77.8836970105767,-48.4999996423722,0.));
#8828=CARTESIAN_POINT('Origin',(76.8741469159722,-48.4999996423722,0.));
#8829=CARTESIAN_POINT('',(77.8836970105767,-48.4999996423722,0.02));
#8830=CARTESIAN_POINT('Origin',(74.9999980702996,-45.9999999403954,0.02));
#8831=CARTESIAN_POINT('Origin',(75.,-46.,0.01));
#8832=CARTESIAN_POINT('Origin',(90.4791908040643,-45.4542970657349,0.));
#8833=CARTESIAN_POINT('',(87.9689626470208,-45.4542970657349,0.02));
#8834=CARTESIAN_POINT('',(87.9689626470208,-45.4542970657349,0.));
#8835=CARTESIAN_POINT('',(90.4791908040643,-45.4542970657349,0.02));
#8836=CARTESIAN_POINT('',(87.9689626470208,-45.4542970657349,0.02));
#8837=CARTESIAN_POINT('',(90.4791908040643,-45.4542970657349,0.));
#8838=CARTESIAN_POINT('Origin',(87.9689626470208,-45.4542970657349,0.));
#8839=CARTESIAN_POINT('',(87.9689626470208,-44.3458384275437,0.02));
#8840=CARTESIAN_POINT('',(87.9689626470208,-44.3458384275437,0.));
#8841=CARTESIAN_POINT('',(87.9689626470208,-44.3458384275437,0.02));
#8842=CARTESIAN_POINT('Origin',(87.9689626470208,-44.3458384275437,0.));
#8843=CARTESIAN_POINT('',(90.6667785421014,-44.3458384275437,0.02));
#8844=CARTESIAN_POINT('',(90.6667785421014,-44.3458384275437,0.));
#8845=CARTESIAN_POINT('',(90.6667785421014,-44.3458384275437,0.02));
#8846=CARTESIAN_POINT('Origin',(90.6667785421014,-44.3458384275437,0.));
#8847=CARTESIAN_POINT('',(90.6667785421014,-43.4999996423722,0.02));
#8848=CARTESIAN_POINT('',(90.6667785421014,-43.4999996423722,0.));
#8849=CARTESIAN_POINT('',(90.6667785421014,-43.4999996423722,0.02));
#8850=CARTESIAN_POINT('Origin',(90.6667785421014,-43.4999996423722,0.));
#8851=CARTESIAN_POINT('',(86.9594125524163,-43.4999996423722,0.02));
#8852=CARTESIAN_POINT('',(86.9594125524163,-43.4999996423722,0.));
#8853=CARTESIAN_POINT('',(86.9594125524163,-43.4999996423722,0.02));
#8854=CARTESIAN_POINT('Origin',(86.9594125524163,-43.4999996423722,0.));
#8855=CARTESIAN_POINT('',(86.9594125524163,-48.4999996423722,0.02));
#8856=CARTESIAN_POINT('',(86.9594125524163,-48.4999996423722,0.));
#8857=CARTESIAN_POINT('',(86.9594125524163,-48.4999996423722,0.02));
#8858=CARTESIAN_POINT('Origin',(90.4791908040643,-46.2967252731324,0.));
#8859=CARTESIAN_POINT('',(90.4791908040643,-46.2967252731324,0.02));
#8860=CARTESIAN_POINT('',(90.4791908040643,-45.4542970657349,0.02));
#8861=CARTESIAN_POINT('',(90.4791908040643,-46.2967252731324,0.));
#8862=CARTESIAN_POINT('Origin',(87.9689626470208,-46.2967252731324,0.));
#8863=CARTESIAN_POINT('',(87.9689626470208,-46.2967252731324,0.02));
#8864=CARTESIAN_POINT('',(90.4791908040643,-46.2967252731324,0.02));
#8865=CARTESIAN_POINT('',(87.9689626470208,-46.2967252731324,0.));
#8866=CARTESIAN_POINT('Origin',(87.9689626470208,-47.6575714349747,0.));
#8867=CARTESIAN_POINT('',(87.9689626470208,-47.6575714349747,0.02));
#8868=CARTESIAN_POINT('',(87.9689626470208,-46.2967252731324,0.02));
#8869=CARTESIAN_POINT('',(87.9689626470208,-47.6575714349747,0.));
#8870=CARTESIAN_POINT('Origin',(90.7622747197747,-47.6575714349747,0.));
#8871=CARTESIAN_POINT('',(90.7622747197747,-47.6575714349747,0.02));
#8872=CARTESIAN_POINT('',(87.9689626470208,-47.6575714349747,0.02));
#8873=CARTESIAN_POINT('',(90.7622747197747,-47.6575714349747,0.));
#8874=CARTESIAN_POINT('Origin',(90.7622747197747,-48.4999996423722,0.));
#8875=CARTESIAN_POINT('',(90.7622747197747,-48.4999996423722,0.02));
#8876=CARTESIAN_POINT('',(90.7622747197747,-47.6575714349747,0.02));
#8877=CARTESIAN_POINT('',(90.7622747197747,-48.4999996423722,0.));
#8878=CARTESIAN_POINT('Origin',(86.9594125524163,-48.4999996423722,0.));
#8879=CARTESIAN_POINT('',(90.7622747197747,-48.4999996423722,0.02));
#8880=CARTESIAN_POINT('Origin',(74.9999980702996,-45.9999999403954,0.02));
#8881=CARTESIAN_POINT('Origin',(66.6115288510919,-46.2080484628678,0.));
#8882=CARTESIAN_POINT('',(64.7288541570306,-46.2080484628678,0.02));
#8883=CARTESIAN_POINT('',(64.7288541570306,-46.2080484628678,0.));
#8884=CARTESIAN_POINT('',(66.6115288510919,-46.2080484628678,0.02));
#8885=CARTESIAN_POINT('',(64.7288541570306,-46.2080484628678,0.02));
#8886=CARTESIAN_POINT('',(66.6115288510919,-46.2080484628678,0.));
#8887=CARTESIAN_POINT('Origin',(64.7288541570306,-46.2080484628678,0.));
#8888=CARTESIAN_POINT('',(64.7288541570306,-47.1664386987687,0.02));
#8889=CARTESIAN_POINT('',(64.7288541570306,-47.1664386987687,0.));
#8890=CARTESIAN_POINT('',(64.7288541570306,-47.1664386987687,0.02));
#8891=CARTESIAN_POINT('Origin',(66.6115288510919,-47.1664386987687,0.));
#8892=CARTESIAN_POINT('',(66.6115288510919,-47.1664386987687,0.02));
#8893=CARTESIAN_POINT('',(66.6115288510919,-46.2080484628678,0.02));
#8894=CARTESIAN_POINT('',(66.6115288510919,-47.1664386987687,0.));
#8895=CARTESIAN_POINT('Origin',(64.7288541570306,-47.1664386987687,0.));
#8896=CARTESIAN_POINT('',(66.6115288510919,-47.1664386987687,0.02));
#8897=CARTESIAN_POINT('Origin',(74.9999980702996,-45.9999999403954,0.02));
#8898=CARTESIAN_POINT('Origin',(75.,-46.,0.01));
#8899=CARTESIAN_POINT('Origin',(75.,-46.,0.));
#8900=UNCERTAINTY_MEASURE_WITH_UNIT(LENGTH_MEASURE(0.01),#8904,
'DISTANCE_ACCURACY_VALUE',
'Maximum model space distance between geometric entities at asserted c
onnectivities');
#8901=UNCERTAINTY_MEASURE_WITH_UNIT(LENGTH_MEASURE(0.01),#8904,
'DISTANCE_ACCURACY_VALUE',
'Maximum model space distance between geometric entities at asserted c
onnectivities');
#8902=(
GEOMETRIC_REPRESENTATION_CONTEXT(3)
GLOBAL_UNCERTAINTY_ASSIGNED_CONTEXT((#8900))
GLOBAL_UNIT_ASSIGNED_CONTEXT((#8904,#8906,#8907))
REPRESENTATION_CONTEXT('','3D')
);
#8903=(
GEOMETRIC_REPRESENTATION_CONTEXT(3)
GLOBAL_UNCERTAINTY_ASSIGNED_CONTEXT((#8901))
GLOBAL_UNIT_ASSIGNED_CONTEXT((#8904,#8906,#8907))
REPRESENTATION_CONTEXT('','3D')
);
#8904=(
LENGTH_UNIT()
NAMED_UNIT(*)
SI_UNIT(.MILLI.,.METRE.)
);
#8905=(
LENGTH_UNIT()
NAMED_UNIT(*)
SI_UNIT($,.METRE.)
);
#8906=(
NAMED_UNIT(*)
PLANE_ANGLE_UNIT()
SI_UNIT($,.RADIAN.)
);
#8907=(
NAMED_UNIT(*)
SI_UNIT($,.STERADIAN.)
SOLID_ANGLE_UNIT()
);
#8908=SHAPE_DEFINITION_REPRESENTATION(#8909,#8910);
#8909=PRODUCT_DEFINITION_SHAPE('',$,#8912);
#8910=SHAPE_REPRESENTATION('',(#4962),#8902);
#8911=PRODUCT_DEFINITION_CONTEXT('part definition',#8916,'design');
#8912=PRODUCT_DEFINITION('C-Plate','C-Plate v4',#8913,#8911);
#8913=PRODUCT_DEFINITION_FORMATION('',$,#8918);
#8914=PRODUCT_RELATED_PRODUCT_CATEGORY('C-Plate v4','C-Plate v4',(#8918));
#8915=APPLICATION_PROTOCOL_DEFINITION('international standard',
'automotive_design',2009,#8916);
#8916=APPLICATION_CONTEXT(
'Core Data for Automotive Mechanical Design Process');
#8917=PRODUCT_CONTEXT('part definition',#8916,'mechanical');
#8918=PRODUCT('C-Plate','C-Plate v4',$,(#8917));
#8919=PRESENTATION_STYLE_ASSIGNMENT((#8923));
#8920=PRESENTATION_STYLE_ASSIGNMENT((#8924));
#8921=PRESENTATION_STYLE_ASSIGNMENT((#8925));
#8922=PRESENTATION_STYLE_ASSIGNMENT((#8926));
#8923=SURFACE_STYLE_USAGE(.BOTH.,#8927);
#8924=SURFACE_STYLE_USAGE(.BOTH.,#8928);
#8925=SURFACE_STYLE_USAGE(.BOTH.,#8929);
#8926=SURFACE_STYLE_USAGE(.BOTH.,#8930);
#8927=SURFACE_SIDE_STYLE('',(#8931));
#8928=SURFACE_SIDE_STYLE('',(#8932));
#8929=SURFACE_SIDE_STYLE('',(#8933));
#8930=SURFACE_SIDE_STYLE('',(#8934));
#8931=SURFACE_STYLE_FILL_AREA(#8935);
#8932=SURFACE_STYLE_FILL_AREA(#8936);
#8933=SURFACE_STYLE_FILL_AREA(#8937);
#8934=SURFACE_STYLE_FILL_AREA(#8938);
#8935=FILL_AREA_STYLE('Plastic - Matte (Black) (1)',(#8939));
#8936=FILL_AREA_STYLE('Plastic - Matte (Black)',(#8940));
#8937=FILL_AREA_STYLE('Plastic - Translucent Glossy (Red) (1)',(#8941));
#8938=FILL_AREA_STYLE('Plastic - Translucent Glossy (Amber)',(#8942));
#8939=FILL_AREA_STYLE_COLOUR('Plastic - Matte (Black) (1)',#8943);
#8940=FILL_AREA_STYLE_COLOUR('Plastic - Matte (Black)',#8944);
#8941=FILL_AREA_STYLE_COLOUR('Plastic - Translucent Glossy (Red) (1)',#8945);
#8942=FILL_AREA_STYLE_COLOUR('Plastic - Translucent Glossy (Amber)',#8946);
#8943=COLOUR_RGB('Plastic - Matte (Black) (1)',0.47843137254902,0.474509803921569,
0.474509803921569);
#8944=COLOUR_RGB('Plastic - Matte (Black)',0.0980392156862745,0.0980392156862745,
0.0980392156862745);
#8945=COLOUR_RGB('Plastic - Translucent Glossy (Red) (1)',0.145098039215686,
0.764705882352941,0.176470588235294);
#8946=COLOUR_RGB('Plastic - Translucent Glossy (Amber)',0.913725490196078,
0.733333333333333,0.133333333333333);
ENDSEC;
END-ISO-10303-21;
